scene,condition,cycle,epoch_ns,legacy_fixed_shadow_valid,valid,reason,status,iterations,vx,vy,forward,progress_input,progress_end,progress_rate,nominal_cost,solved_cost,solver_ms,elapsed_ms,used_warm,current_clearance,minimum_clearance,plateau_stages,raw_measured_wz,raw_history_wz,history_age_ms,seed_reset,model_x,model_y,velocity_frame,path_revision,reset_warm,seed_vx,seed_vy,seed_stamp_ns
S1,observed,82,1202000000,1,0,"missing_original_output_receipt_proxy","not_run",0,0,0,0,2.9064954036150814e-20,0,0,0,0,0,0,0,1000000000,1000000000,0,0,0,-1,0,0,0,map,1,0,0,0,0
S1,no_observed_dynamic,82,1202000000,1,0,"missing_original_output_receipt_proxy","not_run",0,0,0,0,2.9064954036150814e-20,0,0,0,0,0,0,0,1000000000,1000000000,0,0,0,-1,0,0,0,map,1,0,0,0,0
S1,observed,83,1252000000,1,0,"missing_original_output_receipt_proxy","not_run",0,0,0,0,2.9064954036150814e-20,0,0,0,0,0,0,0,1000000000,1000000000,0,0,0,-1,0,0,0,map,1,0,0,0,0
S1,no_observed_dynamic,83,1252000000,1,0,"missing_original_output_receipt_proxy","not_run",0,0,0,0,2.9064954036150814e-20,0,0,0,0,0,0,0,1000000000,1000000000,0,0,0,-1,0,0,0,map,1,0,0,0,0
S1,observed,84,1302000000,1,0,"missing_original_output_receipt_proxy","not_run",0,0,0,0,2.9064954036150814e-20,0,0,0,0,0,0,0,1000000000,1000000000,0,0,0,-1,0,0,0,map,1,0,0,0,0
S1,no_observed_dynamic,84,1302000000,1,0,"missing_original_output_receipt_proxy","not_run",0,0,0,0,2.9064954036150814e-20,0,0,0,0,0,0,0,1000000000,1000000000,0,0,0,-1,0,0,0,map,1,0,0,0,0
S1,observed,85,1352000000,1,0,"missing_original_output_receipt_proxy","not_run",0,0,0,0,2.9064954036150814e-20,0,0,0,0,0,0,0,1000000000,1000000000,0,0,0,-1,0,0,0,map,1,0,0,0,0
S1,no_observed_dynamic,85,1352000000,1,0,"missing_original_output_receipt_proxy","not_run",0,0,0,0,2.9064954036150814e-20,0,0,0,0,0,0,0,1000000000,1000000000,0,0,0,-1,0,0,0,map,1,0,0,0,0
S1,observed,86,1401000000,1,0,"missing_original_output_receipt_proxy","not_run",0,0,0,0,2.9064954036150814e-20,0,0,0,0,0,0,0,1000000000,1000000000,0,0,0,-1,0,0,0,map,1,0,0,0,0
S1,no_observed_dynamic,86,1401000000,1,0,"missing_original_output_receipt_proxy","not_run",0,0,0,0,2.9064954036150814e-20,0,0,0,0,0,0,0,1000000000,1000000000,0,0,0,-1,0,0,0,map,1,0,0,0,0
S1,observed,87,1451000000,0,1,"solved_soft_dynamic","solved",80,0.04469167115711517,4.0904238839050676e-05,0.044691686936076024,1.9969816657847142e-06,0.51657316265575337,0.17196104621427338,0,0,0.86895500000000003,4.4251129999999996,0,1000000000,1000000000,0,0.00019998806237708777,0.10000000000000001,13,1,4.1990311712900008e-06,-4.1990311722296433e-06,map,1,1,0,0,1451000000
S1,no_observed_dynamic,87,1451000000,0,1,"solved_soft_dynamic","solved",80,0.04469167115711517,4.0904238839050676e-05,0.044691686936076024,1.9969816657847142e-06,0.51657316265575337,0.17196104621427338,0,0,0.76378299999999999,1.1425339999999999,0,1000000000,1000000000,0,0.00019998806237708777,0.10000000000000001,13,1,4.1990311712900008e-06,-4.1990311722296433e-06,map,1,1,0,0,1451000000
S1,observed,88,1501000000,0,1,"solved_soft_dynamic","solved",90,0.083219091782527815,0.00022532435805524973,0.08321931178349054,0.0014497964290722607,0.51867052745191333,0.19611223355431384,0,0,0.75061900000000004,1.184839,1,1000000000,1000000000,0,0.072999869735212997,0.14523378014564514,13,0,0.0025003822284868867,-0.00041502561891161474,map,1,0,0.04469167115711517,4.0904238839050676e-05,1451000000
S1,no_observed_dynamic,88,1501000000,0,1,"solved_soft_dynamic","solved",90,0.083219091782527815,0.00022532435805524973,0.08321931178349054,0.0014497964290722607,0.51867052745191333,0.19611223355431384,0,0,0.76904499999999998,1.1428499999999999,1,1000000000,1000000000,0,0.072999869735212997,0.14523378014564514,13,0,0.0025003822284868867,-0.00041502561891161474,map,1,0,0.04469167115711517,4.0904238839050676e-05,1451000000
S1,observed,89,1552000000,0,1,"solved_soft_dynamic","solved",90,0.11626448328194372,0.00049644941693618777,0.11626502278805248,0.0064033634585373153,0.52149716123898993,0.21540632678115543,0,0,0.77007499999999995,1.1941899999999999,1,1000000000,1000000000,0,0.14543374854838476,0.24523378014564515,14,0,0.0076073495305455071,-0.00073243536453274452,map,1,0,0.083219091782527815,0.00022532435805524973,1501000000
S1,no_observed_dynamic,89,1552000000,0,1,"solved_soft_dynamic","solved",90,0.11626448328194372,0.00049644941693618777,0.11626502278805248,0.0064033634585373153,0.52149716123898993,0.21540632678115543,0,0,0.75601200000000002,1.1422019999999999,1,1000000000,1000000000,0,0.14543374854838476,0.24523378014564515,14,0,0.0076073495305455071,-0.00073243536453274452,map,1,0,0.083219091782527815,0.00022532435805524973,1501000000
S1,observed,90,1602000000,0,1,"solved_soft_dynamic","solved",90,0.14421934548447482,0.0013371232178517856,0.14422093652002266,0.011864970196586477,0.52423158989827323,0.23360489223525355,0,0,0.747533,1.1775310000000001,1,1000000000,1000000000,0,0.21823363058501855,0.27369028329849243,14,0,0.015178815524850394,-0.0024257709239035724,map,1,0,0.11626448328194372,0.00049644941693618777,1552000000
S1,no_observed_dynamic,90,1602000000,0,1,"solved_soft_dynamic","solved",90,0.14421934548447482,0.0013371232178517856,0.14422093652002266,0.011864970196586477,0.52423158989827323,0.23360489223525355,0,0,0.75594300000000003,1.1734070000000001,1,1000000000,1000000000,0,0.21823363058501855,0.27369028329849243,14,0,0.015178815524850394,-0.0024257709239035724,map,1,0,0.11626448328194372,0.00049644941693618777,1552000000
S1,observed,91,1652000000,0,1,"solved_soft_dynamic","solved",90,0.16778317115848931,0.0025215908961319484,0.16778625666816746,0.022909500852961309,0.52832553060909182,0.24501975794432096,0,0,0.76927699999999999,1.2027809999999999,1,1000000000,1000000000,0,0.27389022870920599,0.29343655705451965,15,0,0.025327899722916547,-0.0037622465082975021,map,1,0,0.14421934548447482,0.0013371232178517856,1602000000
S1,no_observed_dynamic,91,1652000000,0,1,"solved_soft_dynamic","solved",90,0.16778317115848931,0.0025215908961319484,0.16778625666816746,0.022909500852961309,0.52832553060909182,0.24501975794432096,0,0,0.74458299999999999,1.123432,1,1000000000,1000000000,0,0.27389022870920599,0.29343655705451965,15,0,0.025327899722916547,-0.0037622465082975021,map,1,0,0.14421934548447482,0.0013371232178517856,1602000000
S1,observed,92,1701000000,0,1,"solved_soft_dynamic","solved",90,0.18707963639199904,0.0046987922079605284,0.18708288840941587,0.032453499695301917,0.53180175168236254,0.25812306797478235,0,0,0.78047500000000003,1.2099219999999999,1,1000000000,1000000000,0,0.29343651840463281,0.29343655705451965,14,0,0.037772635888206355,-0.0070569287939920254,map,1,0,0.16778317115848931,0.0025215908961319484,1652000000
S1,no_observed_dynamic,92,1701000000,0,1,"solved_soft_dynamic","solved",90,0.18707963639199904,0.0046987922079605284,0.18708288840941587,0.032453499695301917,0.53180175168236254,0.25812306797478235,0,0,0.75772399999999995,1.1393410000000002,1,1000000000,1000000000,0,0.29343651840463281,0.29343655705451965,14,0,0.037772635888206355,-0.0070569287939920254,map,1,0,0.16778317115848931,0.0025215908961319484,1652000000
S1,observed,93,1752000000,0,1,"solved_soft_dynamic","solved",90,0.20656258802918206,0.0075924802922743805,0.20656786633887117,0.049619871055610415,0.57361065000474554,0.27372808720789477,0,0,0.75414700000000001,1.1797549999999999,1,1000000000,1000000000,0,0.29323653143364936,0.25613826513290405,14,0,0.053278183201611991,-0.010012336684322162,map,1,0,0.18707963639199904,0.0046987922079605284,1701000000
S1,no_observed_dynamic,93,1752000000,0,1,"solved_soft_dynamic","solved",90,0.20656258802918206,0.0075924802922743805,0.20656786633887117,0.049619871055610415,0.57361065000474554,0.27372808720789477,0,0,0.76784699999999995,1.1420379999999999,1,1000000000,1000000000,0,0.29323653143364936,0.25613826513290405,14,0,0.053278183201611991,-0.010012336684322162,map,1,0,0.18707963639199904,0.0046987922079605284,1701000000
S1,observed,94,1802000000,0,1,"solved_soft_dynamic","solved",90,0.22180303276390875,0.01170162850124421,0.22181417909305828,0.06332323049469106,0.57805206319399427,0.28506305982936619,0,0,0.73706499999999997,1.161791,1,1000000000,1000000000,0,0.25613824254833162,0.25613826513290405,15,0,0.071201666513153086,-0.014731747292142968,map,1,0,0.20656258802918206,0.0075924802922743805,1752000000
S1,no_observed_dynamic,94,1802000000,0,1,"solved_soft_dynamic","solved",90,0.22180303276390875,0.01170162850124421,0.22181417909305828,0.06332323049469106,0.57805206319399427,0.28506305982936619,0,0,0.73738400000000004,1.151869,1,1000000000,1000000000,0,0.25613824254833162,0.25613826513290405,15,0,0.071201666513153086,-0.014731747292142968,map,1,0,0.20656258802918206,0.0075924802922743805,1752000000
S1,observed,95,1852000000,0,1,"solved_soft_dynamic","solved",90,0.23748271946109437,0.016626939743694981,0.23750234038854884,0.086754800469171833,0.6214292333365401,0.29593350441126332,0,0,0.75549099999999991,1.179961,1,1000000000,1000000000,0,0.25593825266696513,0.15613826513290405,14,0,0.091683408572309166,-0.018856770895197598,map,1,0,0.22180303276390875,0.01170162850124421,1802000000
S1,no_observed_dynamic,95,1852000000,0,1,"solved_soft_dynamic","solved",90,0.23748271946109437,0.016626939743694981,0.23750234038854884,0.086754800469171833,0.6214292333365401,0.29593350441126332,0,0,0.754911,1.1398429999999999,1,1000000000,1000000000,0,0.25593825266696513,0.15613826513290405,14,0,0.091683408572309166,-0.018856770895197598,map,1,0,0.22180303276390875,0.01170162850124421,1802000000
S1,observed,96,1902000000,0,1,"solved_soft_dynamic","solved",90,0.24838212025539735,0.022373406847807292,0.24840857282038134,0.095410799136038754,0.6242455194911628,0.31554162241641753,0,0,0.76746099999999995,1.189041,1,1000000000,1000000000,0,0.22313835070235655,0.12969969213008881,14,0,0.11404774504608878,-0.023445872338316305,map,1,0,0.23748271946109437,0.016626939743694981,1852000000
S1,no_observed_dynamic,96,1902000000,0,1,"solved_soft_dynamic","solved",90,0.24838212025539735,0.022373406847807292,0.24840857282038134,0.095410799136038754,0.6242455194911628,0.31554162241641753,0,0,0.74427200000000004,1.1216469999999998,1,1000000000,1000000000,0,0.22313835070235655,0.12969969213008881,14,0,0.11404774504608878,-0.023445872338316305,map,1,0,0.23748271946109437,0.016626939743694981,1852000000
S1,observed,97,1951000000,0,1,"solved_soft_dynamic","solved",90,0.2568480884863964,0.028485725908554048,0.25689981674683143,0.13417071916534956,0.635378000473382,0.30032917289713762,0,0,0.74035200000000001,1.1849779999999999,1,1000000000,1000000000,0,0.12949968950124457,0.029699692130088801,13,0,0.13984057582634277,-0.027124343880879465,map,1,0,0.24838212025539735,0.022373406847807292,1902000000
S1,no_observed_dynamic,97,1951000000,0,1,"solved_soft_dynamic","solved",90,0.2568480884863964,0.028485725908554048,0.25689981674683143,0.13417071916534956,0.635378000473382,0.30032917289713762,0,0,0.78329500000000007,1.1554040000000001,1,1000000000,1000000000,0,0.12949968950124457,0.029699692130088801,13,0,0.13984057582634277,-0.027124343880879465,map,1,0,0.24838212025539735,0.022373406847807292,1902000000
S1,observed,98,2001000000,0,1,"solved_soft_dynamic","solved",90,0.26478746375681578,0.034550886459124713,0.26485028432990865,0.14466261196601105,0.67475942861836269,0.32878262304328409,0,0,0.73732300000000006,1.158555,1,1000000000,1000000000,0,0.096699794084997848,-0.0058181490749120712,13,0,0.16633681112572035,-0.029779153620215618,map,1,0,0.2568480884863964,0.028485725908554048,1951000000
S1,no_observed_dynamic,98,2001000000,0,1,"solved_soft_dynamic","solved",90,0.26478746375681578,0.034550886459124713,0.26485028432990865,0.14466261196601105,0.67475942861836269,0.32878262304328409,0,0,0.75942700000000007,1.1358360000000001,1,1000000000,1000000000,0,0.096699794084997848,-0.0058181490749120712,13,0,0.16633681112572035,-0.029779153620215618,map,1,0,0.2568480884863964,0.028485725908554048,1951000000
S1,observed,99,2051000000,0,1,"solved_soft_dynamic","solved",90,0.27463202101186585,0.040625986492695207,0.27473830705292113,0.18682582189510349,0.72310928731380453,0.31935151217594859,0,0,0.73439399999999999,1.160758,1,1000000000,1000000000,0,-0.0060181379467394436,-0.10581814907491208,13,0,0.19271067120003815,-0.032509568233566544,map,1,0,0.26478746375681578,0.034550886459124713,2001000000
S1,no_observed_dynamic,99,2051000000,0,1,"solved_soft_dynamic","solved",90,0.27463202101186585,0.040625986492695207,0.27473830705292113,0.18682582189510349,0.72310928731380453,0.31935151217594859,0,0,0.74671399999999999,1.13503,1,1000000000,1000000000,0,-0.0060181379467394436,-0.10581814907491208,13,0,0.19271067120003815,-0.032509568233566544,map,1,0,0.26478746375681578,0.034550886459124713,2001000000
S1,observed,100,2101000000,0,1,"solved_soft_dynamic","solved",90,0.28026551441450254,0.04618163046536012,0.28038644640148891,0.19687120437359074,0.72607205752295334,0.33623295125058872,0,0,0.748332,1.172256,1,1000000000,1000000000,0,-0.038818027860543225,-0.12315069139003754,13,0,0.21711193235739557,-0.03389646821219916,map,1,0,0.27463202101186585,0.040625986492695207,2051000000
S1,no_observed_dynamic,100,2101000000,0,1,"solved_soft_dynamic","solved",90,0.28026551441450254,0.04618163046536012,0.28038644640148891,0.19687120437359074,0.72607205752295334,0.33623295125058872,0,0,0.72790200000000005,1.1077649999999999,1,1000000000,1000000000,0,-0.038818027860543225,-0.12315069139003754,13,0,0.21711193235739557,-0.03389646821219916,map,1,0,0.27463202101186585,0.040625986492695207,2051000000
S1,observed,101,2152000000,0,1,"solved_soft_dynamic","solved",90,0.28823586199134438,0.051516382080185295,0.28841796565508493,0.23469853634272497,0.77313499549279674,0.32783131237367208,0,0,0.76834899999999995,1.1866620000000001,1,1000000000,1000000000,0,-0.12335066421655938,-0.20351551473140717,14,0,0.24049165498960462,-0.035708309022393442,map,1,0,0.28026551441450254,0.04618163046536012,2101000000
S1,no_observed_dynamic,101,2152000000,0,1,"solved_soft_dynamic","solved",90,0.28823586199134438,0.051516382080185295,0.28841796565508493,0.23469853634272497,0.77313499549279674,0.32783131237367208,0,0,0.73630400000000007,1.1157550000000001,1,1000000000,1000000000,0,-0.12335066421655938,-0.20351551473140717,14,0,0.24049165498960462,-0.035708309022393442,map,1,0,0.28026551441450254,0.04618163046536012,2101000000
S1,observed,102,2201000000,0,1,"solved_soft_dynamic","solved",90,0.29262227399349133,0.056038394020900918,0.29282049569343321,0.24367730836927523,0.7757562729782812,0.34205174893275886,0,0,0.73928899999999997,1.1755530000000001,1,1000000000,1000000000,0,-0.1561505559948273,-0.20351551473140717,13,0,0.26183896228371062,-0.035922076053533869,map,1,0,0.28823586199134438,0.051516382080185295,2152000000
S1,no_observed_dynamic,102,2201000000,0,1,"solved_soft_dynamic","solved",90,0.29262227399349133,0.056038394020900918,0.29282049569343321,0.24367730836927523,0.7757562729782812,0.34205174893275886,0,0,0.74956699999999998,1.1201099999999999,1,1000000000,1000000000,0,-0.1561505559948273,-0.20351551473140717,13,0,0.26183896228371062,-0.035922076053533869,map,1,0,0.28823586199134438,0.051516382080185295,2152000000
S1,observed,103,2252000000,0,1,"solved_soft_dynamic","solved",90,0.29582666303368982,0.040532384355802926,0.29573413467575771,0.028788640042478289,0.53598516027518295,0.32466045497547946,0,0,0.79052199999999995,2.6424780000000001,0,1000000000,1000000000,0,-0.20371547871036455,-0.22577583789825439,14,0,0.28406915791807053,-0.036290901325461283,map,2,1,0.29262227399349133,0.056038394020900918,2201000000
S1,no_observed_dynamic,103,2252000000,0,1,"solved_soft_dynamic","solved",90,0.29582666303368982,0.040532384355802926,0.29573413467575771,0.028788640042478289,0.53598516027518295,0.32466045497547946,0,0,0.75565099999999996,1.1334500000000001,0,1000000000,1000000000,0,-0.20371547871036455,-0.22577583789825439,14,0,0.28406915791807053,-0.036290901325461283,map,2,0,0.29262227399349133,0.056038394020900918,2201000000
S1,observed,104,2301000000,0,1,"solved_soft_dynamic","solved",90,0.29604621331923414,0.027471408369147882,0.29598325599515185,0.037375325074331771,0.53824519611349464,0.33619157180963666,0,0,0.781918,1.23455,1,1000000000,1000000000,0,-0.22577581403311342,-0.22577583789825439,13,0,0.30497418685465849,-0.035172091404767306,map,2,0,0.29582666303368982,0.040532384355802926,2252000000
S1,no_observed_dynamic,104,2301000000,0,1,"solved_soft_dynamic","solved",90,0.29604621331923414,0.027471408369147882,0.29598325599515185,0.037375325074331771,0.53824519611349464,0.33619157180963666,0,0,0.76975499999999997,1.143945,1,1000000000,1000000000,0,-0.22577581403311342,-0.22577583789825439,13,0,0.30497418685465849,-0.035172091404767306,map,2,0,0.29582666303368982,0.040532384355802926,2252000000
S1,observed,105,2351000000,0,1,"solved_soft_dynamic","solved",100,0.29935199720695105,0.01615477935631069,0.2993119224276824,0.071631605998312406,0.58426469559258898,0.32733390760205633,0,0,0.78946300000000003,1.225384,1,1000000000,1000000000,0,-0.22597579081775621,-0.23479403555393219,13,0,0.32638466780893194,-0.03413177639788402,map,2,0,0.29604621331923414,0.027471408369147882,2301000000
S1,no_observed_dynamic,105,2351000000,0,1,"solved_soft_dynamic","solved",100,0.29935199720695105,0.01615477935631069,0.2993119224276824,0.071631605998312406,0.58426469559258898,0.32733390760205633,0,0,0.82479199999999997,1.197864,1,1000000000,1000000000,0,-0.22597579081775621,-0.23479403555393219,13,0,0.32638466780893194,-0.03413177639788402,map,2,0,0.29604621331923414,0.027471408369147882,2301000000
S1,observed,106,2402000000,0,1,"solved_soft_dynamic","solved",90,0.29948809518031122,0.0063175460864801861,0.29947188650877415,0.080467958950523111,0.58673979840912849,0.34070944647814261,0,0,0.76199899999999998,1.1894799999999999,1,1000000000,1000000000,0,-0.23479400260839611,-0.23479403555393219,14,0,0.34915220423659682,-0.033028049883916791,map,2,0,0.29935199720695105,0.01615477935631069,2351000000
S1,no_observed_dynamic,106,2402000000,0,1,"solved_soft_dynamic","solved",90,0.29948809518031122,0.0063175460864801861,0.29947188650877415,0.080467958950523111,0.58673979840912849,0.34070944647814261,0,0,0.77893799999999991,1.24047,1,1000000000,1000000000,0,-0.23479400260839611,-0.23479403555393219,14,0,0.34915220423659682,-0.033028049883916791,map,2,0,0.29935199720695105,0.01615477935631069,2351000000
S1,observed,107,2451000000,0,1,"solved_soft_dynamic","solved",100,0.30274953699338442,-0.0020106602455877889,0.30275421317176693,0.11598399841270016,0.63303501538118279,0.33068082919864772,0,0,0.82372499999999993,1.2585230000000001,1,1000000000,1000000000,0,-0.23459401418222114,-0.15951591730117798,13,0,0.37092553848219312,-0.032447369424059638,map,2,0,0.29948809518031122,0.0063175460864801861,2402000000
S1,no_observed_dynamic,107,2451000000,0,1,"solved_soft_dynamic","solved",100,0.30274953699338442,-0.0020106602455877889,0.30275421317176693,0.11598399841270016,0.63303501538118279,0.33068082919864772,0,0,0.80505700000000002,1.1807449999999999,1,1000000000,1000000000,0,-0.23459401418222114,-0.15951591730117798,13,0,0.37092553848219312,-0.032447369424059638,map,2,0,0.29948809518031122,0.0063175460864801861,2402000000
S1,observed,108,2502000000,0,1,"solved_soft_dynamic","solved",100,0.3027864023542714,-0.0092810006108653229,0.30281935561677287,0.12502903787809008,0.63553164062731082,0.34420014655276826,0,0,0.80842399999999992,1.2351110000000001,1,1000000000,1000000000,0,-0.20179412531433627,-0.15951591730117798,14,0,0.39414664819021272,-0.031517937678999783,map,2,0,0.30274953699338442,-0.0020106602455877889,2451000000
S1,no_observed_dynamic,108,2502000000,0,1,"solved_soft_dynamic","solved",100,0.3027864023542714,-0.0092810006108653229,0.30281935561677287,0.12502903787809008,0.63553164062731082,0.34420014655276826,0,0,0.81790200000000002,1.1912739999999999,1,1000000000,1000000000,0,-0.20179412531433627,-0.15951591730117798,14,0,0.39414664819021272,-0.031517937678999783,map,2,0,0.30274953699338442,-0.0020106602455877889,2451000000
S1,observed,109,2552000000,0,1,"solved_soft_dynamic","solved",110,0.30517498036336294,-0.01526065406642757,0.30524100504957491,0.1522297495205375,0.67938102235587794,0.34477387562980255,0,0,0.82956200000000002,1.2613139999999998,1,1000000000,1000000000,0,-0.15951589739415795,-0.082960337400436401,14,0,0.41683415431117937,-0.0309535353102765,map,2,0,0.3027864023542714,-0.0092810006108653229,2502000000
S1,no_observed_dynamic,109,2552000000,0,1,"solved_soft_dynamic","solved",110,0.30517498036336294,-0.01526065406642757,0.30524100504957491,0.1522297495205375,0.67938102235587794,0.34477387562980255,0,0,0.84282400000000002,1.2189130000000001,1,1000000000,1000000000,0,-0.15951589739415795,-0.082960337400436401,14,0,0.41683415431117937,-0.0309535353102765,map,2,0,0.3027864023542714,-0.0092810006108653229,2502000000
S1,observed,110,2602000000,0,1,"solved_soft_dynamic","solved",100,0.30512922012550503,-0.020257253322354667,0.30523560935759053,0.17061691909010282,0.68447825819689656,0.34725953401911314,0,0,0.81221900000000002,1.2371190000000001,1,1000000000,1000000000,0,-0.12651601864490658,-0.082960337400436401,14,0,0.44038592428663664,-0.030676294782581156,map,2,0,0.30517498036336294,-0.01526065406642757,2552000000
S1,no_observed_dynamic,110,2602000000,0,1,"solved_soft_dynamic","solved",100,0.30512922012550503,-0.020257253322354667,0.30523560935759053,0.17061691909010282,0.68447825819689656,0.34725953401911314,0,0,0.78893000000000002,1.1807779999999999,1,1000000000,1000000000,0,-0.12651601864490658,-0.082960337400436401,14,0,0.44038592428663664,-0.030676294782581156,map,2,0,0.30517498036336294,-0.01526065406642757,2552000000
S1,observed,111,2652000000,0,1,"solved_soft_dynamic","solved",110,0.30740689197583781,-0.02396643798906084,0.30755350262267467,0.19868739827863205,0.7285531042663973,0.34748248554103761,0,4.8123333524148483e-06,0.84491099999999997,1.2783390000000001,1,1000000000,0.39732287863329108,0,-0.082960323197767138,-0.00659156683832407,14,0,0.46379606642083177,-0.030485912472115861,map,2,0,0.30512922012550503,-0.020257253322354667,2602000000
S1,no_observed_dynamic,111,2652000000,0,1,"solved_soft_dynamic","solved",110,0.30740689197583781,-0.02396643798906084,0.30755350262267467,0.19868739827863205,0.7285531042663973,0.34748248554103761,0,0,0.80915499999999996,1.1814799999999999,1,1000000000,1000000000,0,-0.082960323197767138,-0.00659156683832407,14,0,0.46379606642083177,-0.030485912472115861,map,2,0,0.30512922012550503,-0.020257253322354667,2602000000
S1,observed,112,2702000000,0,1,"solved_soft_dynamic","solved",110,0.30722396147567027,-0.026742509893382872,0.30738828229288467,0.2175248844940513,0.73373161170207957,0.34943766331676385,1.6149858406462971e-05,5.3017418793734081e-06,0.86069399999999996,1.2885340000000001,1,1000000000,0.39429621138006554,0,-0.049960448450292461,-0.00659156683832407,14,0,0.48754683337449761,-0.030650454612763181,map,2,0,0.30740689197583781,-0.02396643798906084,2652000000
S1,no_observed_dynamic,112,2702000000,0,1,"solved_soft_dynamic","solved",110,0.30722536481081392,-0.026741603474398197,0.30738967981812615,0.2175248844940513,0.73373285413308731,0.34944056453658168,0,0,0.85788599999999993,1.239266,1,1000000000,1000000000,0,-0.049960448450292461,-0.00659156683832407,14,0,0.48754683337449761,-0.030650454612763181,map,2,0,0.30740689197583781,-0.02396643798906084,2652000000
S1,observed,113,2751000000,0,1,"solved_soft_dynamic","solved",60,0.30949711617567705,-0.028261570903345086,0.30972691761329518,0.24590240870871893,0.77785856156741351,0.34932496229289239,5.7464001659181179e-05,0.00013643959563876382,0.64756099999999994,1.070065,1,1000000000,0.31762758253738321,0,-0.0065915651703107869,0.058638304471969604,13,0,0.51075727284821459,-0.030758915028813297,map,2,0,0.30722396147567027,-0.026742509893382872,2702000000
S1,no_observed_dynamic,113,2751000000,0,1,"solved_soft_dynamic","solved",60,0.30951336900082393,-0.028255348522480787,0.3097431167726985,0.24590240870871893,0.77787589327103601,0.34935609692802894,0,0,0.67072100000000001,1.0466690000000001,1,1000000000,1000000000,0,-0.0065915651703107869,0.058638304471969604,13,0,0.51075727284821459,-0.030758915028813297,map,2,0,0.30722536481081392,-0.026741603474398197,2702000000
S1,observed,114,2801000000,0,1,"solved_soft_dynamic","solved",100,0.30927479355337684,-0.028956089936684363,0.30951052705724941,0.26489657625056706,0.78302732137292685,0.35109480575923663,0.00031548452759993422,0.00016626102206424384,0.80168899999999998,1.224396,1,1000000000,0.31348905511266822,0,0.026408310986880679,0.058638304471969604,14,0,0.5345773285622808,-0.031196864868922383,map,2,0,0.30949711617567705,-0.028261570903345086,2751000000
S1,no_observed_dynamic,114,2801000000,0,1,"solved_soft_dynamic","solved",110,0.30933749543674638,-0.028936377974530966,0.30957305852425104,0.26489657625056706,0.78308566898763954,0.35120003031516883,0,0,0.82535199999999997,1.2158550000000001,1,1000000000,1000000000,0,0.026408310986880679,0.058638304471969604,14,0,0.5345773285622808,-0.031196864868922383,map,2,0,0.30951336900082393,-0.028255348522480787,2751000000
S1,observed,115,2851000000,0,1,"solved_soft_dynamic","solved",90,0.31107402924286653,-0.028475961994023472,0.31136848838248471,0.29340261140273866,0.82670732147352122,0.3507589142634544,0.0012097265994670332,0.0026294805258261352,0.79471200000000009,1.212296,1,1000000000,0.22799895585370156,0,0.058638295740820467,0.15863830447196961,13,0,0.55837264843772227,-0.031475301868863652,map,2,0,0.30927479355337684,-0.028956089936684363,2801000000
S1,no_observed_dynamic,115,2851000000,0,1,"solved_soft_dynamic","solved",90,0.31156629240617867,-0.028419697395949586,0.31186010274381054,0.29340261140273866,0.82727216868997888,0.35164544769026923,0,0,0.80284900000000003,1.1811400000000001,1,1000000000,1000000000,0,0.058638295740820467,0.15863830447196961,13,0,0.55837264843772227,-0.031475301868863652,map,2,0,0.30933749543674638,-0.028936377974530966,2801000000
S1,observed,116,2902000000,0,1,"solved_soft_dynamic","solved",80,0.31057343427988715,-0.027865064477983349,0.31086120276797963,0.31234981428505854,0.83201860640549952,0.35298607421122724,0.0018969346615194827,0.00097151474646887904,0.73429599999999995,1.1643840000000001,1,1000000000,0.2611176791816443,0,0.091638170852093026,0.16623517870903015,14,0,0.58237801545006262,-0.030352732201872124,map,2,0,0.31107402924286653,-0.028475961994023472,2851000000
S1,no_observed_dynamic,116,2902000000,0,1,"solved_soft_dynamic","solved",110,0.31133779741026324,-0.027790739353784458,0.31162470193097136,0.31234981428505854,0.83247393235895184,0.35390023853914093,0,0,0.83765599999999996,1.208674,1,1000000000,1000000000,0,0.091638170852093026,0.16623517870903015,14,0,0.58237801545006262,-0.030352732201872124,map,2,0,0.31156629240617867,-0.028419697395949586,2851000000
S1,observed,117,2951000000,0,1,"solved_soft_dynamic","solved",80,0.30871872605808942,-0.02710040568110406,0.30903080179263487,0.34059633368521303,0.83969679546907117,0.34175353354850979,0.0020132670814878551,0.0010997372248031793,0.70613999999999999,1.139178,1,1000000000,0.25904009151931873,0,0.16623515693936497,0.21694095432758331,14,0,0.60547694613724434,-0.029188099230049624,map,2,0,0.31057343427988715,-0.027865064477983349,2902000000
S1,no_observed_dynamic,117,2951000000,0,1,"solved_soft_dynamic","solved",100,0.30984597768241856,-0.026941930471460526,0.31015600339243338,0.34059633368521303,0.8402129461703145,0.34341926118342636,0,0,0.80636200000000002,1.1801999999999999,1,1000000000,1000000000,0,0.16623515693936497,0.21694095432758331,14,0,0.60547694613724434,-0.029188099230049624,map,2,0,0.31133779741026324,-0.027790739353784458,2902000000
S1,observed,118,3002000000,0,1,"solved_soft_dynamic","solved",50,0.30883302252983125,-0.025745816412139098,0.30918927746628783,0.37908292171490526,0.88500256329648241,0.32704836468925796,0.0043438611080143155,0.0088811268063657134,0.574909,1.00206,1,1000000000,0.1904248700775466,0,0.21694092720281333,0.21694095432758331,14,0,0.6304123022581738,-0.02829421785442587,map,2,0,0.30871872605808942,-0.02710040568110406,2951000000
S1,no_observed_dynamic,118,3002000000,0,1,"solved_soft_dynamic","solved",110,0.31144562187406671,-0.025534015240211157,0.31179834847256838,0.37908292171490526,0.88714274499733303,0.33079635509299887,0,0,0.835341,1.216221,1,1000000000,1000000000,0,0.21694092720281333,0.21694095432758331,14,0,0.6304123022581738,-0.02829421785442587,map,2,0,0.30984597768241856,-0.026941930471460526,2951000000
S1,observed,119,3052000000,0,1,"solved_soft_dynamic","solved",40,0.3028392028727222,-0.024677217183013994,0.30317987982347644,0.38879933897452745,0.86721445827926358,0.33123528063612778,0.038939299237232952,0.0086478591519173961,0.539331,0.96658299999999997,1,1000000000,0.19272640249713435,0,0.21694092720281333,0.31694095432758329,15,0,0.65472145521237468,-0.027151996642320278,map,2,0,0.30883302252983125,-0.025745816412139098,3002000000
S1,no_observed_dynamic,119,3052000000,0,1,"solved_soft_dynamic","solved",120,0.31365374246171812,-0.024061163132892811,0.31398378388153297,0.38879933897452745,0.92608434677010854,0.35438917959605876,0,0,0.91826399999999997,1.293784,1,1000000000,1000000000,0,0.21694092720281333,0.31694095432758329,15,0,0.65472145521237468,-0.027151996642320278,map,2,0,0.31144562187406671,-0.025534015240211157,3002000000
S1,observed,120,3102000000,0,1,"solved_soft_dynamic","solved",30,0.29944636868837132,-0.023404862199802253,0.29381923611873106,0.43237815193312923,0.91026853026363441,0.30791801630549293,0.0084950405165902,0.012016288790014392,0.50114599999999998,0.92310500000000006,1,1000000000,0.19876575262143203,0,0.32994079228956252,0.37910574674606323,14,0,0.68007242780548194,-0.025065791426173586,map,2,0,0.3028392028727222,-0.024677217183013994,3052000000
S1,no_observed_dynamic,120,3102000000,0,1,"solved_soft_dynamic","solved",90,0.3149823824797951,-0.023074713523577199,0.30926514673406597,0.43237815193312923,0.93832181945020765,0.32744071637856736,0,0,0.75831999999999999,1.1524479999999999,1,1000000000,1000000000,0,0.32994079228956252,0.37910574674606323,14,0,0.68007242780548194,-0.025065791426173586,map,2,0,0.31365374246171812,-0.024061163132892811,3052000000
S1,observed,121,3151000000,0,1,"solved_soft_dynamic","solved",50,0.29207774645810647,-0.022689608296130762,0.2866072912709719,0.44247573715348343,0.90730272150014335,0.31506871439211886,0.021120969526891041,0.0084959528963418803,0.58320300000000003,1.0095559999999999,1,1000000000,0.21513415652934842,0,0.36994078545831144,0.47910574674606321,13,0,0.70473607241315361,-0.022850872978033815,map,2,0,0.29944636868837132,-0.023404862199802253,3102000000
S1,no_observed_dynamic,121,3151000000,0,1,"solved_soft_dynamic","solved",120,0.31696408320907504,-0.022498252042050779,0.31130518914717931,0.44247573715348343,0.97734723925958789,0.35092841314654971,0,0,0.884911,1.255325,1,1000000000,1000000000,0,0.36994078545831144,0.47910574674606321,13,0,0.70473607241315361,-0.022850872978033815,map,2,0,0.3149823824797951,-0.023074713523577199,3102000000
S1,observed,122,3201000000,0,1,"solved_soft_dynamic","solved",60,0.29054525216545857,-0.023022333806493028,0.28667414864990315,0.47264624016279516,0.97906912668081492,0.31995242310417166,0.0050351704098090828,0.019311599268618217,0.62910199999999994,1.0672030000000001,1,1000000000,0.20486375447254634,0,0.45210557291284204,0.52994704246520996,13,0,0.73051583432261902,-0.019360000614681842,map,2,0,0.29207774645810647,-0.022689608296130762,3151000000
S1,no_observed_dynamic,122,3201000000,0,1,"solved_soft_dynamic","solved",110,0.31706071419980103,-0.022957467866859201,0.31305755808091695,0.47264624016279516,0.9857749369492097,0.34167923643705123,0,0,0.84551299999999996,1.2231989999999999,1,1000000000,1000000000,0,0.45210557291284204,0.52994704246520996,13,0,0.73051583432261902,-0.019360000614681842,map,2,0,0.31696408320907504,-0.022498252042050779,3151000000
S1,observed,123,3252000000,0,1,"solved_soft_dynamic","solved",40,0.28360458153165657,0.010036568437150065,0.27536064955909906,0,0.54093263271511494,0.31307500016531781,0.21817702612833889,0.029407481762962616,0.56319799999999998,2.3683869999999998,0,1000000000,0.18164507392283546,0,0.52841042052023113,0.62994704246520994,14,0,0.75662329187109922,-0.015369870872407669,map,3,1,0.29054525216545857,-0.023022333806493028,3201000000
S1,no_observed_dynamic,123,3252000000,0,1,"solved_soft_dynamic","solved",100,0.31508785391392058,0.016540917661387464,0.30481115994146002,0,0.62626160230879702,0.35218411038333308,0,0,0.83433599999999997,1.246194,0,1000000000,1000000000,0,0.52841042052023113,0.62994704246520994,14,0,0.75662329187109922,-0.015369870872407669,map,3,0,0.31706071419980103,-0.022957467866859201,3201000000
S1,observed,124,3301000000,0,1,"solved_soft_dynamic","solved",40,0.27035889085660575,0.037021578965284643,0.25680775638189735,0.022984931381811177,0.52605868291096303,0.28907471555725067,0.050234273578791087,0.010292228787477476,0.52860499999999999,0.96595000000000009,1,1000000000,0.22244726177626084,0,0.60294686118140817,0.65991801023483276,13,0,0.78158630114286609,-0.010078623930561057,map,3,0,0.28360458153165657,0.010036568437150065,3252000000
S1,no_observed_dynamic,124,3301000000,0,1,"solved_soft_dynamic","solved",80,0.31194164586714296,0.052600923147976708,0.294256679897202,0.022984931381811177,0.64536822082483458,0.34632469321196641,0,0,0.6948399999999999,1.067447,1,1000000000,1000000000,0,0.60294686118140817,0.65991801023483276,13,0,0.78158630114286609,-0.010078623930561057,map,3,0,0.31508785391392058,0.016540917661387464,3252000000
S1,observed,125,3352000000,0,1,"solved_soft_dynamic","solved",90,0.26805700616859718,0.069682765015214448,0.25350403829094104,0.037386460418272011,0.64201434531841572,0.33303154987984668,0.00069093981549605166,0.0070337970446928194,0.862016,1.3026929999999999,1,1000000000,0.24734678063935733,0,0.65991794690489769,0.74787706136703491,14,0,0.8074101520797129,-0.004032878798539025,map,3,0,0.27035889085660575,0.037021578965284643,3301000000
S1,no_observed_dynamic,125,3352000000,0,1,"solved_soft_dynamic","solved",80,0.30612592954580381,0.084910125470896977,0.29281214098841796,0.037386460418272011,0.65465129563346014,0.36292329357832664,0,0,0.71096999999999999,1.086481,1,1000000000,1000000000,0,0.65991794690489769,0.74787706136703491,14,0,0.8074101520797129,-0.004032878798539025,map,3,0,0.31194164586714296,0.052600923147976708,3301000000
S1,observed,126,3402000000,0,1,"solved_soft_dynamic","solved",30,0.26100712175416763,0.096401146603140003,0.26971026588583852,0.067753927790356508,0.65069280039732036,0.32902738246505442,0.010561183694164216,0.004411088482992433,0.67390400000000006,1.1276999999999999,1,1000000000,0.26462275760675547,0,0.73291783919557929,0.74787706136703491,14,0,0.8315714202649761,0.0053764170308683822,map,3,0,0.26805700616859718,0.069682765015214448,3352000000
S1,no_observed_dynamic,126,3402000000,0,1,"solved_soft_dynamic","solved",60,0.30237185398999061,0.11601500722873975,0.31490999572926748,0.067753927790356508,0.7088681308546867,0.37290696472112067,0,0,0.64223399999999997,1.0289439999999999,1,1000000000,1000000000,0,0.73291783919557929,0.74787706136703491,14,0,0.8315714202649761,0.0053764170308683822,map,3,0,0.30612592954580381,0.084910125470896977,3352000000
S1,observed,127,3452000000,0,1,"solved_soft_dynamic","solved",40,0.25888900923545183,0.12375983215976236,0.28310704067085368,0.087927866695286933,0.70931695523605853,0.35372698418547177,0.0014257123722790442,0.0026375190807128514,0.55822800000000006,1.0077659999999999,1,1000000000,0.27899601891679737,0,0.74787699850276113,0.72853827476501465,14,0,0.85537370033976567,0.015986303384847401,map,3,0,0.26100712175416763,0.096401146603140003,3402000000
S1,no_observed_dynamic,127,3452000000,0,1,"solved_soft_dynamic","solved",70,0.29753540757047225,0.1429208220193468,0.32576172896894995,0.087927866695286933,0.72343267627584518,0.3840509462192318,0,0,0.66251599999999999,1.0385170000000001,1,1000000000,1000000000,0,0.74787699850276113,0.72853827476501465,14,0,0.85537370033976567,0.015986303384847401,map,3,0,0.30237185398999061,0.11601500722873975,3402000000
S1,observed,128,3501000000,0,1,"solved_soft_dynamic","solved",30,0.25970352759790294,0.14974324251075152,0.29817827692868953,0.11843233252826385,0.7555471851357658,0.36284505057102762,0.00059315104285029654,0.00071306612271941085,0.50434299999999999,0.934091,1,1000000000,0.31861193712724789,0,0.72853820165619254,0.72853827476501465,13,0,0.87734819314755863,0.029285295011658309,map,3,0,0.25888900923545183,0.12375983215976236,3452000000
S1,no_observed_dynamic,128,3501000000,0,1,"solved_soft_dynamic","solved",30,0.29378033791002461,0.16779597805444837,0.33636793639845414,0.11843233252826385,0.7592882465179851,0.38783208034506406,0,0,0.53086199999999995,0.90020200000000006,1,1000000000,1000000000,0,0.72853820165619254,0.72853827476501465,13,0,0.87734819314755863,0.029285295011658309,map,3,0,0.29753540757047225,0.1429208220193468,3452000000
S1,observed,129,3552000000,0,1,"solved_soft_dynamic","solved",50,0.25925510393504558,0.17218025831007108,0.31091434311891875,0.13920716528897617,0.76987685007763007,0.37711522767751193,0.00044663590737678799,0.00039200915093837315,0.55830999999999997,0.997506,1,0.3842110973637699,0.33403390187970405,0,0.72853820165619254,0.67604780197143555,14,0,0.8999119598101073,0.043625643057333373,map,3,0,0.25970352759790294,0.14974324251075152,3501000000
S1,no_observed_dynamic,129,3552000000,0,1,"solved_soft_dynamic","solved",60,0.28908493480183833,0.18839079112358748,0.34456474485236277,0.13920716528897617,0.77262813714505318,0.39769598626384739,0,0,0.60930999999999991,0.98247499999999999,1,1000000000,1000000000,0,0.72853820165619254,0.67604780197143555,14,0,0.8999119598101073,0.043625643057333373,map,3,0,0.29378033791002461,0.16779597805444837,3501000000
S1,observed,130,3602000000,0,1,"solved_soft_dynamic","solved",50,0.25854232759464235,0.19043448966131937,0.32110619824567022,0.17105120494352505,0.78619301356928561,0.37550750135312921,0.00054818437921533476,0.00049507237737775127,0.57469300000000001,1.0126189999999999,1,0.36301891341551396,0.32522948428046661,0,0.67604775540530682,0.67604780197143555,14,0,0.92067077831371025,0.061095360005386894,map,3,0,0.25925510393504558,0.17218025831007108,3552000000
S1,no_observed_dynamic,130,3602000000,0,1,"solved_soft_dynamic","solved",60,0.28484125269664534,0.20504121325562863,0.35094948433738044,0.17105120494352505,0.78924204420530519,0.39357319149950198,0,0,0.649586,1.023363,1,1000000000,1000000000,0,0.67604775540530682,0.67604780197143555,14,0,0.92067077831371025,0.061095360005386894,map,3,0,0.28908493480183833,0.18839079112358748,3552000000
S1,observed,131,3652000000,0,1,"solved_soft_dynamic","solved",50,0.25795698894194369,0.20611251598809655,0.32973305673134018,0.1930110069796637,0.82182168586639059,0.38927623102217418,0.00047159072338470953,0.00046162063456459042,0.57142599999999999,1.002899,1,0.34723123479669804,0.32401300352768969,0,0.67604775540530682,0.61247539520263672,14,0,0.94083295965754732,0.079281241755942949,map,3,0,0.25854232759464235,0.19043448966131937,3602000000
S1,no_observed_dynamic,131,3652000000,0,1,"solved_soft_dynamic","solved",50,0.28085822533382337,0.21920721748488087,0.35597599127577917,0.1930110069796637,0.82356200814986136,0.40512360800660507,0,0,0.57774300000000001,0.95344799999999996,1,1000000000,1000000000,0,0.67604775540530682,0.61247539520263672,14,0,0.94083295965754732,0.079281241755942949,map,3,0,0.28484125269664534,0.20504121325562863,3602000000
S1,observed,132,3701000000,0,1,"solved_soft_dynamic","solved",60,0.25867770051408684,0.21852089596943353,0.33798449177526402,0.22491553604211367,0.84309658354985162,0.38820041300369623,0.00031078366440352208,0.00030663577637282934,0.60479499999999997,1.03651,1,0.34921798014472227,0.33407533833077563,0,0.61247533885762095,0.61247539520263672,13,0,0.95885818033257619,0.099479653311765462,map,3,0,0.25795698894194369,0.20611251598809655,3652000000
S1,no_observed_dynamic,132,3701000000,0,1,"solved_soft_dynamic","solved",60,0.27869572557210598,0.23031547027242039,0.36108446805113514,0.22491553604211367,0.84857115073788336,0.40183107741254526,0,0,0.61613899999999999,0.99129499999999993,1,1000000000,1000000000,0,0.61247533885762095,0.61247539520263672,13,0,0.95885818033257619,0.099479653311765462,map,3,0,0.28085822533382337,0.21920721748488087,3652000000
S1,observed,133,3752000000,0,1,"solved_soft_dynamic","solved",30,0.26013390455196889,0.22885881299953414,0.34502689017403054,0.24671498551134202,0.88768629083831097,0.40223764408352974,0.00037700938076141267,0.00037640920610771582,0.49569999999999997,0.92745100000000003,1,0.33486981930912607,0.32543038895671861,0,0.61247532721608877,0.51247539520263674,14,0,0.97724343187929275,0.12078231123557209,map,3,0,0.25867770051408684,0.21852089596943353,3701000000
S1,no_observed_dynamic,133,3752000000,0,1,"solved_soft_dynamic","solved",80,0.27751400794056746,0.23947838194394705,0.36532692535450151,0.24671498551134202,0.89006522216100237,0.41483147088861538,0,0,0.797628,1.168704,1,1000000000,1000000000,0,0.61247532721608877,0.51247539520263674,14,0,0.97724343187929275,0.12078231123557209,map,3,0,0.27869572557210598,0.23031547027242039,3701000000
S1,observed,134,3802000000,0,1,"solved_soft_dynamic","solved",70,0.26267101676971377,0.23620234671741086,0.35186815667704063,0.27878364314913312,0.9102809207613789,0.40126353001981707,0.00044760883142727165,0.00044214979555404839,0.67188100000000006,1.102862,1,0.32325174758978392,0.318163162306072,0,0.53947545820847154,0.50514906644821167,14,0,0.99393874409447402,0.14338815643142874,map,3,0,0.26013390455196889,0.22885881299953414,3752000000
S1,no_observed_dynamic,134,3802000000,0,1,"solved_soft_dynamic","solved",50,0.27763158396955151,0.24625928393417368,0.36987047644152937,0.27878364314913312,0.90854855640840504,0.41377662721867348,0,0,0.55875699999999995,0.93379599999999996,1,1000000000,1000000000,0,0.53947545820847154,0.50514906644821167,14,0,0.99393874409447402,0.14338815643142874,map,3,0,0.27751400794056746,0.23947838194394705,3752000000
S1,observed,135,3852000000,0,1,"solved_soft_dynamic","solved",30,0.26580914304930775,0.24165064237738929,0.35764842057427998,0.30023505630736508,0.94788171111280195,0.4149553367712589,0.00044470404659915539,0.00044296360086038266,0.50328700000000004,0.92917000000000005,1,0.31664270322699317,0.31454238946786539,0,0.50514901522547007,0.45660918951034546,14,0,1.0102696393903328,0.16615154044249805,map,3,0,0.26267101676971377,0.23620234671741086,3802000000
S1,no_observed_dynamic,135,3852000000,0,1,"solved_soft_dynamic","solved",30,0.27901352149364661,0.25079431301099919,0.37369793202984247,0.30023505630736508,0.95121148662154531,0.42525452629875432,0,0,0.50488,0.87914700000000001,1,1000000000,1000000000,0,0.50514901522547007,0.45660918951034546,14,0,1.0102696393903328,0.16615154044249805,map,3,0,0.27763158396955151,0.24625928393417368,3802000000
S1,observed,136,3901000000,0,1,"solved_soft_dynamic","solved",60,0.26943209087159242,0.2447104203091251,0.36261433256363462,0.331595052616176,0.95758771311104041,0.41138480598624072,0.00050925931917073387,0.00050337739539421179,0.59417599999999993,1.0255509999999999,1,0.31048862203740779,0.30895147281535851,0,0.45660912292078137,0.45660918951034546,13,0,1.0244960364684308,0.1888013775876981,map,3,0,0.26580914304930775,0.24165064237738929,3852000000
S1,no_observed_dynamic,136,3901000000,0,1,"solved_soft_dynamic","solved",60,0.28110904606306852,0.25299755616098762,0.37692500166439868,0.331595052616176,0.95821692569210604,0.42067277850443713,0,0,0.61425600000000002,0.991116,1,1000000000,1000000000,0,0.45660912292078137,0.45660918951034546,13,0,1.0244960364684308,0.1888013775876981,map,3,0,0.27901352149364661,0.25079431301099919,3852000000
S1,observed,137,3951000000,0,1,"solved_soft_dynamic","solved",30,0.27287862688660797,0.24573132044136117,0.36721120532893325,0.35314555056578351,0.98564691911399249,0.42098006680907168,0.00051185203147617901,0.0005059554176312217,0.49600800000000006,0.96339799999999998,1,0.30480171106636422,0.30480171106636422,0,0.45660912292078137,0.37098044157028198,13,0,1.0388043188546394,0.2121561535396656,map,3,0,0.26943209087159242,0.2447104203091251,3901000000
S1,no_observed_dynamic,137,3951000000,0,1,"solved_soft_dynamic","solved",30,0.28352036583909707,0.25319618176294423,0.38012116183871969,0.35314555056578351,0.98915004889962721,0.4281512437062267,0,0,0.49923000000000001,0.87007800000000002,1,1000000000,1000000000,0,0.45660912292078137,0.37098044157028198,13,0,1.0388043188546394,0.2121561535396656,map,3,0,0.28110904606306852,0.25299755616098762,3901000000
S1,observed,138,4002000000,0,1,"solved_soft_dynamic","solved",60,0.27768584990387735,0.24525814479180352,0.37013532899869328,0.38258611016319799,1.0058194012420971,0.41896033813276429,0.00056590363175775134,0.00056604800995801508,0.60872000000000004,1.048133,1,0.30036363491781126,0.30036363491781126,0,0.38360925391316414,0.37098044157028198,14,0,1.0516035381927744,0.23585919132844352,map,3,0,0.27287862688660797,0.24573132044136117,3951000000
S1,no_observed_dynamic,138,4002000000,0,1,"solved_soft_dynamic","solved",60,0.28709196158154399,0.25195626730068604,0.38166109478011057,0.38258611016319799,1.0115051640647983,0.42617598805884976,0,0,0.61079600000000001,0.97983300000000007,1,1000000000,1000000000,0,0.38360925391316414,0.37098044157028198,14,0,1.0516035381927744,0.23585919132844352,map,3,0,0.28352036583909707,0.25319618176294423,3951000000
S1,observed,139,4052000000,0,1,"solved_soft_dynamic","solved",70,0.28231169388334487,0.24159008605024643,0.37142660346168083,0.40214145061327877,1.0174587804681481,0.42568732891605687,0.00070256111771532174,0.00068603816908758208,0.64140300000000006,1.0717570000000001,1,0.2930899332015432,0.2930899332015432,0,0.37098038592375815,0.33435642719268799,15,0,1.0639655491880324,0.25931869542198704,map,3,0,0.27768584990387735,0.24525814479180352,4002000000
S1,no_observed_dynamic,139,4052000000,0,1,"solved_soft_dynamic","solved",70,0.29055631337624499,0.24775435240003249,0.38171349613599159,0.40214145061327877,1.01699511511037,0.43227739210437865,0,0,0.66366000000000003,1.0398689999999999,1,1000000000,1000000000,0,0.37098038592375815,0.33435642719268799,15,0,1.0639655491880324,0.25931869542198704,map,3,0,0.28709196158154399,0.25195626730068604,4002000000
S1,observed,140,4101000000,0,1,"solved_soft_dynamic","solved",70,0.28910209531331565,0.23946979633437693,0.36294790340410055,0.44237981048220543,1.061683780171129,0.41171446038268478,0.001467321263267129,0.0014918797091638888,0.72697599999999996,1.1630550000000002,1,0.26034821214965786,0.26034821214965786,0,0.33435638761147857,0.33435642719268799,13,0,1.0754336473095449,0.28065048679613153,map,3,0,0.28231169388334487,0.24159008605024643,4052000000
S1,no_observed_dynamic,140,4101000000,0,1,"solved_soft_dynamic","solved",110,0.29671525668852794,0.24512989715891043,0.37198017254173255,0.44237981048220543,1.0619547951089703,0.41832358413863369,0,0,0.86372900000000008,1.2352050000000001,1,1000000000,1000000000,0,0.33435638761147857,0.33435642719268799,13,0,1.0754336473095449,0.28065048679613153,map,3,0,0.29055631337624499,0.24775435240003249,4052000000
S1,observed,141,4151000000,0,1,"solved_soft_dynamic","solved",70,0.29471917996400104,0.23359513567011828,0.37367526339349011,0.45447225852978923,1.0699986427187231,0.42273469333835845,0.0018947028041940075,0.0018569443223550998,0.65648400000000007,1.1405289999999999,1,0.25323542859642667,0.25323542859642667,0,0.33435638761147857,0.29087743163108826,13,0,1.0869093045253886,0.30281340076882768,map,3,0,0.28910209531331565,0.23946979633437693,4101000000
S1,no_observed_dynamic,141,4151000000,0,1,"solved_soft_dynamic","solved",70,0.30189786374148492,0.23931084772368108,0.38279538612003905,0.45447225852978923,1.0703280927287548,0.43029860206675158,0,0,0.65184399999999998,1.022937,1,1000000000,1000000000,0,0.33435638761147857,0.29087743163108826,13,0,1.0869093045253886,0.30281340076882768,map,3,0,0.29671525668852794,0.24512989715891043,4101000000
S1,observed,142,4201000000,0,1,"solved_soft_dynamic","solved",80,0.30079728898089897,0.22677700248292693,0.373473884539548,0.4774357549950935,1.078776450524018,0.42318311785343504,0.0014252055420448894,0.0014203065288300311,0.69574000000000003,1.1304859999999999,1,0.25817862803066349,0.25817862803066349,0,0.29087738948874176,0.29087743163108826,13,0,1.0974312696590016,0.32283316408092921,map,3,0,0.29471917996400104,0.23359513567011828,4151000000
S1,no_observed_dynamic,142,4201000000,0,1,"solved_soft_dynamic","solved",70,0.30716464229691476,0.23182472739616802,0.38150143980102974,0.4774357549950935,1.0793174910357122,0.42675859757167611,0,0,0.63691500000000001,1.0123120000000001,1,1000000000,1000000000,0,0.29087738948874176,0.29087743163108826,13,0,1.0974312696590016,0.32283316408092921,map,3,0,0.30189786374148492,0.23931084772368108,4151000000
S1,observed,143,4251000000,0,1,"solved_soft_dynamic","solved",60,0.30623587055887636,0.21877871808214996,0.37426827134736351,0.4821918868872509,1.1129319949022731,0.43641201770774241,0.0017237936907798658,0.0017130113368248464,0.62234599999999995,1.0633030000000001,1,0.25261398037411653,0.25261398037411653,0,0.29087738948874176,0.25241601467132568,13,0,1.1077541479591029,0.34316973475086598,map,3,0,0.30079728898089897,0.22677700248292693,4201000000
S1,no_observed_dynamic,143,4251000000,0,1,"solved_soft_dynamic","solved",80,0.31207071619484883,0.22343821947563761,0.38164118063537378,0.4821918868872509,1.1132578020915187,0.44069999248459657,0,0,0.72360100000000005,1.0997299999999999,1,1000000000,1000000000,0,0.29087738948874176,0.25241601467132568,13,0,1.1077541479591029,0.34316973475086598,map,3,0,0.30716464229691476,0.23182472739616802,4201000000
S1,observed,144,4301000000,0,1,"solved_soft_dynamic","solved",80,0.25623587055887637,0.16877871808214995,-0.23156327899135279,0,0.45647562691880422,0,0.00056376104140485792,0.00056382620729348643,0.71212900000000001,2.456753,0,0.2761897127257692,0.2761897127257692,0,0.2524159790482372,0.25241601467132568,13,0,1.1172428752165819,0.36199876394259323,map,4,1,0.30623587055887636,0.21877871808214996,4251000000
S1,no_observed_dynamic,144,4301000000,0,1,"solved_soft_dynamic","solved",80,0.26207071619484884,0.17343821947563759,-0.23762230227359765,0,0.45578448612984035,7.9173949268571575e-24,0,0,0.69982599999999995,1.074954,0,1000000000,1000000000,0,0.2524159790482372,0.25241601467132568,13,0,1.1172428752165819,0.36199876394259323,map,4,0,0.31207071619484883,0.22343821947563761,4251000000
S1,observed,145,4351000000,0,1,"solved_soft_dynamic","solved",70,0.20623587055887638,0.11877871808214994,-0.16994278371175447,0,0.47720521730478122,0.030414255532515217,0.0019358497698400176,0.0019337435061527032,0.66480600000000001,1.107013,1,0.23822122202302176,0.23822122202302176,0,0.2524159790482372,0.20640681684017181,13,0,1.1265881717190991,0.38112377601221825,map,4,0,0.25623587055887637,0.16877871808214995,4301000000
S1,no_observed_dynamic,145,4351000000,0,1,"solved_soft_dynamic","solved",70,0.21207071619484885,0.12343821947563759,-0.17600180699399931,0,0.47543661638749118,0.027090216374109567,0,0,0.63506700000000005,1.0081960000000001,1,1000000000,1000000000,0,0.2524159790482372,0.20640681684017181,13,0,1.1265881717190991,0.38112377601221825,map,4,0,0.26207071619484884,0.17343821947563759,4301000000
S1,observed,146,4401000000,0,1,"solved_soft_dynamic","solved",60,0.15801912734811854,0.068778718082149942,-0.10880265209862726,0,0.49962354756710398,0.057068625811854998,0.0043976004354937944,0.0044066604193563072,0.59544600000000003,1.035498,1,0.21187136460652745,0.21187136460652745,0,0.20640678121708333,0.20640681684017181,13,0,1.1346621739118741,0.39803651268222123,map,4,0,0.20623587055887638,0.11877871808214994,4351000000
S1,no_observed_dynamic,146,4401000000,0,1,"solved_soft_dynamic","solved",60,0.16311690708330218,0.073438219475637584,-0.11466312872137263,0,0.498107440293038,0.05399727312632327,0,0,0.59224100000000002,0.96368299999999996,1,1000000000,1000000000,0,0.20640678121708333,0.20640681684017181,13,0,1.1346621739118741,0.39803651268222123,map,4,0,0.21207071619484885,0.12343821947563759,4351000000
S1,observed,147,4451000000,0,1,"solved_soft_dynamic","solved",60,0.11703781608522326,0.018778718082149939,-0.049611560376975603,0,0.51822673161307908,0.083756614911698474,0.0031306315787032212,0.0031453562593303478,0.612676,1.052392,1,0.21795223011728571,0.21795223011728571,0,0.20640678121708333,0.19217287003993988,13,0,1.1425644478023393,0.41516496723548185,map,4,0,0.15801912734811854,0.068778718082149942,4401000000
S1,no_observed_dynamic,147,4451000000,0,1,"solved_soft_dynamic","solved",60,0.12132977004171988,0.023438219475637581,-0.055254968191727538,0,0.51762276615833214,0.081132917381830302,0,0,0.59989500000000007,0.97447400000000006,1,1000000000,1000000000,0,0.20640678121708333,0.19217287003993988,13,0,1.1425644478023393,0.41516496723548185,map,4,0,0.16311690708330218,0.073438219475637584,4401000000
S1,observed,148,4501000000,0,1,"solved_soft_dynamic","solved",60,0.082633216035254795,-0.031221281917850063,0.0078079339333430968,0,0.53309194514410285,0.10309765151973779,0.0021010301327912592,0.0021062505970616953,0.61427900000000002,1.0566279999999999,1,0.22689698009772785,0.22689698009772785,0,0.19217283988837153,0.19217287003993988,14,0,1.1495901706812235,0.4300143416411244,map,4,0,0.11703781608522326,0.018778718082149939,4451000000
S1,no_observed_dynamic,148,4501000000,0,1,"solved_soft_dynamic","solved",60,0.086154695917609464,-0.026561780524362422,0.0023720720835966116,0,0.5319385175874376,0.10223334535556831,0,0,0.59435000000000004,0.96737099999999998,1,1000000000,1000000000,0,0.19217283988837153,0.19217287003993988,14,0,1.1495901706812235,0.4300143416411244,map,4,0,0.12132977004171988,0.023438219475637581,4451000000
S1,observed,149,4551000000,0,1,"solved_soft_dynamic","solved",50,0.053226307412439916,-0.081221281917850052,0.063881178285539339,0,0.54950254222203365,0.13265078814544326,0.0013948573171017572,0.0013956575344962847,0.57281000000000004,1.010891,1,0.236849205750162,0.236849205750162,0,0.19217283988837153,0.18750908970832825,14,0,1.1565345538018916,0.44507885830621335,map,4,0,0.082633216035254795,-0.031221281917850063,4501000000
S1,no_observed_dynamic,149,4551000000,0,1,"solved_soft_dynamic","solved",50,0.0559855002072559,-0.076561780524362424,0.058650657036475116,0,0.54796838511243162,0.12895924644055237,0,0,0.56017299999999992,0.93053900000000001,1,1000000000,1000000000,0,0.19217283988837153,0.18750908970832825,14,0,1.1565345538018916,0.44507885830621335,map,4,0,0.086154695917609464,-0.026561780524362422,4501000000
S1,observed,150,4601000000,0,1,"solved_soft_dynamic","solved",40,0.026478881146746902,-0.13122128191785001,0.11923802626471221,0,0.56356564216422567,0.15514070627681287,0.017381633032807375,0.017319582091898468,0.56603999999999999,1.003091,1,0.16417014021687881,0.16417014021687881,0,0.18750906747300178,0.18750908970832825,14,0,1.1626580377859503,0.45779606872207457,map,4,0,0.053226307412439916,-0.081221281917850052,4551000000
S1,no_observed_dynamic,150,4601000000,0,1,"solved_soft_dynamic","solved",40,0.030402830864138947,-0.12656178052436243,0.11369374935844173,0,0.56318457562856472,0.15539593966250898,0,0,0.50423600000000002,0.87341100000000005,1,1000000000,1000000000,0,0.18750906747300178,0.18750908970832825,14,0,1.1626580377859503,0.45779606872207457,map,4,0,0.0559855002072559,-0.076561780524362424,4551000000
S1,observed,151,4651000000,0,1,"solved_soft_dynamic","solved",50,0.0041483941081986823,-0.18122128191785,0.17340506404126527,0,0.57311202175073728,0.1840294444930993,0.013703441778764812,0.013668829790850675,0.55548799999999998,0.97737800000000008,1,0.16874107475031508,0.16874107475031508,0,0.18770905444398522,0.18976424634456635,13,0,1.1686923654550532,0.47072497714892148,map,4,0,0.026478881146746902,-0.13122128191785001,4601000000
S1,no_observed_dynamic,151,4651000000,0,1,"solved_soft_dynamic","solved",50,0.0083651925287670827,-0.17656178052436244,0.16778190120133243,0,0.57221679704046091,0.18064422133722849,0,0,0.54437400000000002,0.91548699999999994,1,1000000000,1000000000,0,0.18770905444398522,0.18976424634456635,13,0,1.1686923654550532,0.47072497714892148,map,4,0,0.030402830864138947,-0.12656178052436243,4601000000
S1,observed,152,4701000000,0,1,"solved_soft_dynamic","solved",50,-0.016919096501464479,-0.23122128191785002,0.22723188295591398,0,0.58103958604295236,0.20781785268571118,0.020585745355538077,0.020330518744111445,0.55047899999999994,0.9809969999999999,1,0.16412866979103302,0.16412866979103302,0,0.18976422143168747,0.18976424634456635,13,0,1.1746712773318337,0.48103611976343974,map,4,0,0.0041483941081986823,-0.18122128191785,4651000000
S1,no_observed_dynamic,152,4701000000,0,1,"solved_soft_dynamic","solved",50,-0.01033800771767086,-0.22656178052436243,0.22097184089907157,0,0.58067222846123112,0.20426806287394383,0,0,0.54768899999999998,0.9174810000000001,1,1000000000,1000000000,0,0.18976422143168747,0.18976424634456635,13,0,1.1746712773318337,0.48103611976343974,map,4,0,0.0083651925287670827,-0.17656178052436244,4651000000
S1,observed,153,4752000000,0,1,"solved_soft_dynamic","solved",40,-0.034458162530658455,-0.28086696023874452,0.27976701036776569,0,0.59106852084070527,0.22999265323348395,0.018379777662827192,0.018247544024724685,0.505664,0.92568700000000004,1,0.16433943770372261,0.16433943770372261,0,0.18956423300551251,0.18199042975902557,14,0,1.1806764381906958,0.49179139642127673,map,4,0,-0.016919096501464479,-0.23122128191785002,4701000000
S1,no_observed_dynamic,153,4752000000,0,1,"solved_soft_dynamic","solved",40,-0.026935017563204641,-0.27608890537519692,0.27313903131895589,0,0.59065858549635963,0.22736071407471301,0,0,0.52157699999999996,0.89373800000000003,1,1000000000,1000000000,0,0.18956423300551251,0.18199042975902557,14,0,1.1806764381906958,0.49179139642127673,map,4,0,-0.01033800771767086,-0.22656178052436243,4701000000
S1,observed,154,4801000000,0,1,"solved_soft_dynamic","solved",50,-0.055915882812181787,-0.32857103040872759,0.33148788512932775,0,0.59714588158997095,0.25176969368875785,0.084138638090599918,0.082646749952999185,0.57499,1.0142980000000001,1,0.11447876467832807,0.11447876467832807,0,0.18199039914179593,0.18199042975902557,14,0,1.1860708930426078,0.49964215658501043,map,4,0,-0.034458162530658455,-0.28086696023874452,4752000000
S1,no_observed_dynamic,154,4801000000,0,1,"solved_soft_dynamic","solved",40,-0.041483502788186119,-0.32019910708946586,0.31953771222116129,0,0.59602702542779373,0.24737428361384495,0,0,0.50823399999999996,0.91795099999999996,1,1000000000,1000000000,0,0.18199039914179593,0.18199042975902557,14,0,1.1860708930426078,0.49964215658501043,map,4,0,-0.026935017563204641,-0.27608890537519692,4752000000
S1,observed,155,4851000000,0,1,"solved_soft_dynamic","solved",30,-0.076732046341524779,-0.36989445436002166,0.37689115187159988,0,0.59601140829188592,0.27817271945958882,0.062124768397978231,0.060607830362551143,0.47658599999999995,0.91151599999999999,1,0.12976509699855099,0.12976509699855099,0,0.18179041217081249,0.16174367070198059,14,0,1.1914774494052955,0.50793899589879532,map,4,0,-0.055915882812181787,-0.32857103040872759,4801000000
S1,no_observed_dynamic,155,4851000000,0,1,"solved_soft_dynamic","solved",50,-0.055137068540611997,-0.35868529490909024,0.36027919950067577,0,0.59737380732933865,0.26262143268489857,0,0,0.56823900000000005,0.93995600000000001,1,1000000000,1000000000,0,0.18179041217081249,0.16174367070198059,14,0,1.1914774494052955,0.50793899589879532,map,4,0,-0.041483502788186119,-0.32019910708946586,4801000000
S1,observed,156,4901000000,0,1,"solved_soft_dynamic","solved",40,-0.10159972280277568,-0.40652755578098826,0.41886884504971378,0,0.5959021060162879,0.2941702389031261,0.09702819821945341,0.093270446560813833,0.50914000000000004,0.93646300000000005,1,0.11734564727367469,0.11734564727367469,0,0.16174365009646863,0.16174367070198059,14,0,1.1967092043843215,0.51346744727283511,map,4,0,-0.076732046341524779,-0.36989445436002166,4851000000
S1,no_observed_dynamic,156,4901000000,0,1,"solved_soft_dynamic","solved",50,-0.068929131084417131,-0.39326498032338519,0.3972958936124884,0,0.5973758078005913,0.29106850004537504,0,0,0.56632000000000005,0.93757299999999999,1,1000000000,1000000000,0,0.16174365009646863,0.16174367070198059,14,0,1.1967092043843215,0.51346744727283511,map,4,0,-0.055137068540611997,-0.35868529490909024,4851000000
S1,observed,157,4951000000,0,1,"solved_soft_dynamic","solved",50,-0.13215179238429828,-0.43703440068552035,0.45647796526709494,0,0.59323442252709724,0.30562940512534925,0.14035262864080864,0.13265960340051267,0.56602699999999995,0.99981700000000007,1,0.10709655124461182,0.10709655124461182,0,0.16154366167029366,0.13828602433204651,14,0,1.2018705804347147,0.51919478220660509,map,4,0,-0.10159972280277568,-0.40652755578098826,4901000000
S1,no_observed_dynamic,157,4951000000,0,1,"solved_soft_dynamic","solved",50,-0.081971286525641923,-0.4225856281450891,0.42904594186688821,0,0.59713341820084953,0.301613436903795,0,0,0.57704999999999995,0.94703099999999996,1,1000000000,1000000000,0,0.16154366167029366,0.13828602433204651,14,0,1.2018705804347147,0.51919478220660509,map,4,0,-0.068929131084417131,-0.39326498032338519,4901000000
S1,observed,158,5001000000,0,1,"solved_soft_dynamic","solved",50,-0.15652278103509951,-0.46053759646327069,0.4856772977113934,0,0.5929218208865018,0.31817455015741963,0.13994895254813516,0.13562290602831759,0.55442000000000002,0.98612000000000011,1,0.10376402716328625,0.10376402716328625,0,0.13828600640408695,0.13828602433204651,14,0,1.2069296319600573,0.52191723732198003,map,4,0,-0.13215179238429828,-0.43703440068552035,4951000000
S1,no_observed_dynamic,158,5001000000,0,1,"solved_soft_dynamic","solved",50,-0.094256386031759051,-0.44593056150415833,0.45483723325517256,0,0.59754574768354696,0.31356692021027066,0,0,0.56224600000000002,0.93395000000000006,1,1000000000,1000000000,0,0.13828600640408695,0.13828602433204651,14,0,1.2069296319600573,0.52191723732198003,map,4,0,-0.081971286525641923,-0.4225856281450891,4951000000
S1,observed,159,5052000000,0,1,"solved_soft_dynamic","solved",60,-0.18840832733942126,-0.4796401652275683,0.51266289914528651,0,0.59050954950847367,0.32598441456119065,0.19511764928406741,0.18218463963924789,0.60934699999999997,1.0473870000000001,1,0.095127693065369834,0.095127693065369834,0,0.13808601797791198,0.10616672039031982,14,0,1.2120397039425232,0.52484853511919338,map,4,0,-0.15652278103509951,-0.46053759646327069,5001000000
S1,no_observed_dynamic,159,5052000000,0,1,"solved_soft_dynamic","solved",50,-0.10610410049779066,-0.46418494339969751,0.47560832234865952,0,0.59751286447858643,0.32251945614453981,0,0,0.56947499999999995,0.94161600000000001,1,1000000000,1000000000,0,0.13808601797791198,0.10616672039031982,14,0,1.2120397039425232,0.52484853511919338,map,4,0,-0.094256386031759051,-0.44593056150415833,5001000000
S1,observed,160,5101000000,0,1,"solved_soft_dynamic","solved",60,-0.22421445952320937,-0.4919787097619005,0.5341906101874192,0,0.58710322004722404,0.33374306886618682,0.24057735159360683,0.22343294473176203,0.62384500000000009,1.052594,1,0.088456927631668347,0.088456927631668347,0,0.10616670624585822,0.10616672039031982,14,0,1.2168615718169749,0.52444025227696855,map,4,0,-0.18840832733942126,-0.4796401652275683,5052000000
S1,no_observed_dynamic,160,5101000000,0,1,"solved_soft_dynamic","solved",50,-0.11721432253426031,-0.47831163850613601,0.49220564081125678,0,0.59823946240504966,0.33258463767011781,0,0,0.55941300000000005,0.92838899999999991,1,1000000000,1000000000,0,0.10616670624585822,0.10616672039031982,14,0,1.2168615718169749,0.52444025227696855,map,4,0,-0.10610410049779066,-0.46418494339969751,5052000000
S1,observed,161,5151000000,0,1,"solved_soft_dynamic","solved",60,-0.26605067438418234,-0.5,0.55318500160374862,0,0.58089328403739537,0.33800948664181868,0.31930785149397961,0.29209882633081341,0.60503399999999996,1.0308619999999999,1,0.078889561587107415,0.078889561587107415,0,0.10596671781968325,0.082243502140045166,13,0,1.2217375309233722,0.52418055476373915,map,4,0,-0.22421445952320937,-0.4919787097619005,5101000000
S1,no_observed_dynamic,161,5151000000,0,1,"solved_soft_dynamic","solved",70,-0.12785579908766259,-0.48852455492552588,0.50490758328575691,0,0.59858791753128027,0.34033941484224017,0,0,0.66039400000000004,1.0295510000000001,1,1000000000,1000000000,0,0.10596671781968325,0.082243502140045166,13,0,1.2217375309233722,0.52418055476373915,map,4,0,-0.11721432253426031,-0.47831163850613601,5101000000
S1,observed,162,5201000000,0,1,"solved_soft_dynamic","solved",70,-0.30839643295170333,-0.5,0.56459186345769408,0,0.57310946131324891,0.33905150393237565,0.37704587769739506,0.34523695905400276,0.659196,1.0925799999999999,1,0.07273477688665847,0.07273477688665847,0,0.082243500219192356,0.082243502140045166,13,0,1.2267254890691452,0.52138268513257657,map,4,0,-0.26605067438418234,-0.5,5151000000
S1,no_observed_dynamic,162,5201000000,0,1,"solved_soft_dynamic","solved",70,-0.13796617627425811,-0.49496616677972893,0.51383456087714774,0,0.59938897072371955,0.34867440282768897,0,0,0.64960300000000004,1.018996,1,1000000000,1000000000,0,0.082243500219192356,0.082243502140045166,13,0,1.2267254890691452,0.52138268513257657,map,4,0,-0.12785579908766259,-0.48852455492552588,5151000000
S1,observed,163,5252000000,0,1,"solved_soft_dynamic","solved",70,-0.34131855809073181,-0.5,0.57346024003430918,0,0.57260071507701649,0.34637094493161136,0.40320951074856093,0.37855167054916961,0.6364740000000001,1.0591570000000001,1,0.067798939602441488,0.067798939602441488,0,0.082043500879080966,0.067612312734127045,14,0,1.2315830604863083,0.51670003617727911,map,4,0,-0.30839643295170333,-0.5,5201000000
S1,no_observed_dynamic,163,5252000000,0,1,"solved_soft_dynamic","solved",70,-0.1481346331664416,-0.49895961136542194,0.52041951156520017,0,0.60120863603356911,0.3571570349580741,0,0,0.65437500000000004,1.0270920000000001,1,1000000000,1000000000,0,0.082043500879080966,0.067612312734127045,14,0,1.2315830604863083,0.51670003617727911,map,4,0,-0.13796617627425811,-0.49496616677972893,5201000000
S1,observed,164,5301000000,0,1,"solved_soft_dynamic","solved",90,-0.38779116674054326,-0.46357829563445052,0.41735998507650263,0.016561995962080675,0.63996462998571757,0.47110255819870672,0.40545354879200429,0.405069743125061,0.87614999999999998,2.622725,0,0.063285168961278282,0.063285168961278282,0,0.067612301791086793,0.067612312734127045,14,0,1.2364326109025916,0.5105434984438374,map,5,1,-0.34131855809073181,-0.5,5252000000
S1,no_observed_dynamic,164,5301000000,0,1,"solved_soft_dynamic","solved",60,-0.18243842073930194,-0.44895961136542195,0.21149060008684997,0.016561995962080675,0.60528478099801963,0.35605732961701536,0,0,0.62295299999999998,0.99690499999999993,0,1000000000,1000000000,0,0.067612301791086793,0.067612312734127045,14,0,1.2364326109025916,0.5105434984438374,map,5,0,-0.1481346331664416,-0.49895961136542194,5252000000
S1,observed,165,5351000000,0,1,"solved_soft_dynamic","solved",90,-0.43340573360130702,-0.43197653060461588,0.46080374489287002,0.010649887690031655,0.64023906969144673,0.49969923756511325,0.47273946189114707,0.43434398339199443,0.75283599999999995,1.1891370000000001,1,0.060905610906623997,0.060905610906623997,0,0.067412314092507586,0.021508278325200081,13,0,1.2399302218223067,0.50221822132210525,map,5,0,-0.38779116674054326,-0.46357829563445052,5301000000
S1,no_observed_dynamic,165,5351000000,0,1,"solved_soft_dynamic","solved",60,-0.21264378538309558,-0.39895961136542196,0.23835168743472024,0.010649887690031655,0.60974441171225935,0.38128862896060445,0,0,0.633969,1.0118020000000001,1,1000000000,1000000000,0,0.067412314092507586,0.021508278325200081,13,0,1.2399302218223067,0.50221822132210525,map,5,0,-0.18243842073930194,-0.44895961136542195,5301000000
S1,observed,166,5401000000,0,1,"solved_soft_dynamic","solved",120,-0.46536573907498019,-0.39886578521970306,0.49052337536731799,0.0092945325115042447,0.63263995038072107,0.5,0.42613126255819506,0.39618272294558404,0.92912400000000006,1.367434,1,0.063222711339325388,0.063222711339325388,0,0.034612428316904698,0.021508278325200081,13,0,1.2439869124263891,0.49210693764065633,map,5,0,-0.43340573360130702,-0.43197653060461588,5351000000
S1,no_observed_dynamic,166,5401000000,0,1,"solved_soft_dynamic","solved",40,-0.23869802163037177,-0.35356779612825973,0.26137281112562283,0.0092945325115042447,0.60807370304664377,0.39017996002037036,0,0,0.54375099999999998,0.91674,1,1000000000,1000000000,0,0.034612428316904698,0.021508278325200081,13,0,1.2439869124263891,0.49210693764065633,map,5,0,-0.21264378538309558,-0.39895961136542196,5351000000
S1,observed,167,5451000000,0,1,"solved_soft_dynamic","solved",90,-0.49249071345786,-0.36715314529938542,0.51551007921272851,0.003995509662031574,0.63028817591614961,0.5,0.45722333033817825,0.42808393786561677,0.76041700000000001,1.20136,1,0.059675662150244391,0.059675662150244391,0,0.021308288341970183,-0.073503121733665466,13,0,1.2481115804582099,0.47874433831695751,map,5,0,-0.46536573907498019,-0.39886578521970306,5401000000
S1,no_observed_dynamic,167,5451000000,0,1,"solved_soft_dynamic","solved",40,-0.2613975897827836,-0.31016867395672598,0.28117717991876662,0.003995509662031574,0.60196903779051936,0.40214536790809718,0,0,0.58148499999999992,0.95508799999999994,1,1000000000,1000000000,0,0.021308288341970183,-0.073503121733665466,13,0,1.2481115804582099,0.47874433831695751,map,5,0,-0.23869802163037177,-0.35356779612825973,5401000000
S1,observed,168,5501000000,0,1,"solved_soft_dynamic","solved",110,-0.5,-0.33543111598812886,0.52092271213192354,0.002874553132522102,0.62337898140526737,0.5,0.45427304468123902,0.42763848589646086,0.84458999999999995,1.2875720000000002,1,0.059781084657187178,0.059781084657187178,0,-0.011491599047985801,-0.073503121733665466,13,0,1.2515176751326362,0.46513190946101551,map,5,0,-0.49249071345786,-0.36715314529938542,5451000000
S1,no_observed_dynamic,168,5501000000,0,1,"solved_soft_dynamic","solved",40,-0.2813038668240434,-0.26919336971294916,0.29835323742954434,0.002874553132522102,0.59933072847312352,0.40999667315879662,0,0,0.552485,0.92754100000000006,1,1000000000,1000000000,0,-0.011491599047985801,-0.073503121733665466,13,0,1.2515176751326362,0.46513190946101551,map,5,0,-0.2613975897827836,-0.31016867395672598,5451000000
S1,observed,169,5551000000,0,1,"solved_soft_dynamic","solved",70,-0.5,-0.30262082906510829,0.51877085279173085,0,0.62444666021922657,0.5,0.29195549415512828,0.28102965109436756,0.70574500000000007,1.1383400000000001,1,0.072684746236634235,0.072684746236634235,0,-0.073703101224964485,-0.17350312173366547,13,0,1.2548780089131029,0.45163036241878629,map,5,0,-0.5,-0.33543111598812886,5501000000
S1,no_observed_dynamic,169,5551000000,0,1,"solved_soft_dynamic","solved",40,-0.29797006134083664,-0.22840210379721754,0.31230825847187654,0,0.58671721723620296,0.40993394571298725,0,0,0.543292,0.91370799999999996,1,1000000000,1000000000,0,-0.073703101224964485,-0.17350312173366547,13,0,1.2548780089131029,0.45163036241878629,map,5,0,-0.2813038668240434,-0.26919336971294916,5501000000
S1,observed,170,5602000000,0,1,"solved_soft_dynamic","solved",90,-0.5,-0.26889368547728887,0.51655886150016594,0,0.61293240925483816,0.5,0.39116303372442479,0.35766296201386294,0.77010599999999996,1.2066970000000001,1,0.065767063203453546,0.065767063203453546,0,-0.10650298645487055,-0.17355209589004517,15,0,1.2585460624022762,0.43585186273739895,map,5,0,-0.5,-0.30262082906510829,5551000000
S1,no_observed_dynamic,170,5602000000,0,1,"solved_soft_dynamic","solved",50,-0.31286206730183286,-0.18868754483183209,0.32456352651525006,0,0.583659233927451,0.41412790987379955,0,0,0.57855799999999991,0.96034600000000003,1,1000000000,1000000000,0,-0.10650298645487055,-0.17355209589004517,15,0,1.2585460624022762,0.43585186273739895,map,5,0,-0.29797006134083664,-0.22840210379721754,5551000000
S1,observed,171,5651000000,0,1,"solved_soft_dynamic","solved",100,-0.5,-0.23422268435015253,0.51428496740761187,0,0.6107395065934863,0.5,0.23871863774289515,0.23049784306996163,0.81916,1.2521180000000001,1,0.079736857645874126,0.079736857645874126,0,-0.17375205206917599,-0.27355209589004514,14,0,1.2618975239585306,0.42081451474307302,map,5,0,-0.5,-0.26889368547728887,5602000000
S1,no_observed_dynamic,171,5651000000,0,1,"solved_soft_dynamic","solved",40,-0.32652220498709084,-0.15063239593023506,0.33569841074486328,0,0.58286852965546554,0.4196757761639861,0,0,0.54023299999999996,0.92343799999999998,1,1000000000,1000000000,0,-0.17375205206917599,-0.27355209589004514,14,0,1.2618975239585306,0.42081451474307302,map,5,0,-0.31286206730183286,-0.18868754483183209,5602000000
S1,observed,172,5701000000,0,1,"solved_soft_dynamic","solved",100,-0.5,-0.19977101422876084,0.51202545811682487,0,0.6064542692156667,0.5,0.23751655114096598,0.22411720526280501,0.80046800000000007,1.2314579999999999,1,0.08107000643126594,0.08107000643126594,0,-0.20655194384744391,-0.29272660613059998,14,0,1.2645968643111902,0.40423507170208395,map,5,0,-0.5,-0.23422268435015253,5651000000
S1,no_observed_dynamic,172,5701000000,0,1,"solved_soft_dynamic","solved",40,-0.33889422708728029,-0.11320910269273023,0.3455893929011582,0,0.58059475907088098,0.42473714412128544,0,0,0.53981899999999994,0.92195199999999999,1,1000000000,1000000000,0,-0.20655194384744391,-0.29272660613059998,14,0,1.2645968643111902,0.40423507170208395,map,5,0,-0.32652220498709084,-0.15063239593023506,5651000000
S1,observed,173,5751000000,0,1,"solved_soft_dynamic","solved",70,-0.5,-0.19073335047933168,0.51143272385642791,0,0.60301852108216358,0.5,0.83544918496532661,0.76741493797495131,0.67549400000000004,1.108409,1,0.04214663768955057,0.04214663768955057,0,-0.29292654944583774,-0.39272660613059995,13,0,1.2669931263626626,0.38775134092530772,map,5,0,-0.5,-0.19977101422876084,5701000000
S1,no_observed_dynamic,173,5751000000,0,1,"solved_soft_dynamic","solved",40,-0.35026406013160638,-0.076359779116561194,0.35451798746384972,0,0.57784518659762019,0.42989233737116544,0,0,0.52158100000000007,0.89097799999999994,1,1000000000,1000000000,0,-0.29292654944583774,-0.39272660613059995,13,0,1.2669931263626626,0.38775134092530772,map,5,0,-0.33889422708728029,-0.11320910269273023,5701000000
S1,observed,174,5801000000,0,1,"solved_soft_dynamic","solved",110,-0.5,-0.16765511859264465,0.50991914035875796,0,0.59940261125875882,0.5,0.54630059547296417,0.53713366545672958,0.85643100000000005,1.2925659999999999,1,0.053875229559509907,0.053875229559509907,0,-0.3257264441344887,-0.39374080300331116,14,0,1.2681741983316126,0.37015413287977839,map,5,0,-0.5,-0.19073335047933168,5751000000
S1,no_observed_dynamic,174,5801000000,0,1,"solved_soft_dynamic","solved",40,-0.36047446320632154,-0.039697069872463991,0.36230188740002273,0,0.57622017684206961,0.43573472889429782,0,0,0.53273000000000004,0.910049,1,1000000000,1000000000,0,-0.3257264441344887,-0.39374080300331116,14,0,1.2681741983316126,0.37015413287977839,map,5,0,-0.35026406013160638,-0.076359779116561194,5751000000
S1,observed,175,5852000000,0,1,"solved_soft_dynamic","solved",110,-0.5,-0.14040116407329589,0.50813169251573109,0,0.59105939817966591,0.5,0.48255954492541842,0.46363834149987865,0.87145600000000001,1.3176600000000001,1,0.059186247344497511,0.059186247344497511,0,-0.39374074549414217,-0.48022881150245667,15,0,1.2689440093416573,0.35222625783596556,map,5,0,-0.5,-0.16765511859264465,5801000000
S1,no_observed_dynamic,175,5852000000,0,1,"solved_soft_dynamic","solved",40,-0.36963423461863171,-0.0030469481611259466,0.36903824324336365,0,0.57373020496752747,0.44124797439261859,0,0,0.52550800000000009,0.90123999999999993,1,1000000000,1000000000,0,-0.39374074549414217,-0.48022881150245667,15,0,1.2689440093416573,0.35222625783596556,map,5,0,-0.36047446320632154,-0.039697069872463991,5801000000
S1,observed,176,5901000000,0,1,"solved_soft_dynamic","solved",110,-0.5,-0.10703656759974842,0.50594347883988577,0,0.58439111322217585,0.5,0.36672490206901476,0.35666221511354429,0.86400599999999994,1.3060640000000001,1,0.068211316999680305,0.068211316999680305,0,-0.42674063297454268,-0.48022881150245667,13,0,1.2678764523077699,0.33430574186118311,map,5,0,-0.5,-0.14040116407329589,5852000000
S1,no_observed_dynamic,176,5901000000,0,1,"solved_soft_dynamic","solved",40,-0.3775435573311629,0.033710402119224062,0.37451981003713192,0,0.57010436299601586,0.44707056002103612,0,0,0.53390700000000002,0.90502700000000003,1,1000000000,1000000000,0,-0.42674063297454268,-0.48022881150245667,13,0,1.2678764523077699,0.33430574186118311,map,5,0,-0.36963423461863171,-0.0030469481611259466,5852000000
S1,observed,177,5951000000,0,1,"solved_soft_dynamic","solved",80,-0.47297732021405736,-0.15703656759974843,-0.092636083609815595,0.42010009275431576,0.85031315113703965,0.098370145696598674,0.23034339552592209,0.22442876150930008,0.71963500000000002,1.1715549999999999,1,0.083911029262530801,0.083911029262530801,0,-0.48022874398157001,-0.54980361461639404,13,0,1.2663351123911335,0.31601990453650131,map,5,0,-0.5,-0.10703656759974842,5901000000
S1,no_observed_dynamic,177,5951000000,0,1,"solved_soft_dynamic","solved",60,-0.34317274095632222,-0.016289597880775941,-0.1525534338991496,0.42010009275431576,0.94671190337668243,0.098511889418536627,0,0,0.61354300000000006,1.0170159999999999,1,1000000000,1000000000,0,-0.48022874398157001,-0.54980361461639404,13,0,1.2663351123911335,0.31601990453650131,map,5,0,-0.3775435573311629,0.033710402119224062,5901000000
S1,observed,178,6001000000,0,1,"solved_soft_dynamic","solved",120,-0.43222204696361061,-0.19577008289440226,-0.038977091886116561,0.43216235725742186,0.93104497768207928,0.1296463156546889,0.16286141987008707,0.17508227572272383,0.91683999999999999,1.3731450000000001,1,0.096217598152385841,0.096217598152385841,0,-0.51322863437235355,-0.54980361461639404,14,0,1.2632607117892152,0.29735519751581996,map,5,0,-0.47297732021405736,-0.15703656759974843,5951000000
S1,no_observed_dynamic,178,6001000000,0,1,"solved_soft_dynamic","solved",50,-0.30896144524545804,-0.06628959788077593,-0.092228659701518292,0.43216235725742186,0.96315830318162599,0.12584542674015262,0,0,0.56118100000000004,0.93602599999999991,1,1000000000,1000000000,0,-0.51322863437235355,-0.54980361461639404,14,0,1.2632607117892152,0.29735519751581996,map,5,0,-0.34317274095632222,-0.016289597880775941,5951000000
S1,observed,179,6051000000,0,1,"solved_soft_dynamic","solved",90,-0.39115169543329797,-0.22817673363095045,-0.050767000130046175,0.48613170400112271,0.94718543324105364,0.089502126033246268,0.14579924573035757,0.1275910374907735,0.72811499999999996,1.17947,1,0.10727263476439675,0.10727263476439675,0,-0.54980354616418481,-0.55741941928863525,13,0,1.2596890737314024,0.27884689712221145,map,5,0,-0.43222204696361061,-0.19577008289440226,6001000000
S1,no_observed_dynamic,179,6051000000,0,1,"solved_soft_dynamic","solved",50,-0.26919286024981154,-0.11628959788077592,-0.067607475160136404,0.48613170400112271,1.020659555192277,0.1122054958122882,0,0,0.56633299999999998,0.93923699999999999,1,1000000000,1000000000,0,-0.54980354616418481,-0.55741941928863525,13,0,1.2596890737314024,0.27884689712221145,map,5,0,-0.30896144524545804,-0.06628959788077593,6001000000
S1,observed,180,6101000000,0,1,"solved_soft_dynamic","solved",70,-0.34760721158669677,-0.25234840325456598,-0.0053656737541993016,0.48613170400112271,0.98635457769516466,0.13917395357389198,0.085261720364966445,0.094064703142003103,0.65974600000000005,1.0991740000000001,1,0.1234862638682902,0.1234862638682902,0,-0.55741937831044197,-0.55741941928863525,14,0,1.2579533690790812,0.26044440347219805,map,5,0,-0.39115169543329797,-0.22817673363095045,6051000000
S1,no_observed_dynamic,180,6101000000,0,1,"solved_soft_dynamic","solved",40,-0.23150104941352589,-0.15775084057518382,-0.011839873985387689,0.48613170400112271,1.0323208759717639,0.16155225990063057,0,0,0.54470600000000002,0.916906,1,1000000000,1000000000,0,-0.55741937831044197,-0.55741941928863525,14,0,1.2579533690790812,0.26044440347219805,map,5,0,-0.26919286024981154,-0.11628959788077592,6051000000
S1,observed,181,6151000000,0,1,"solved_soft_dynamic","solved",70,-0.30505305285775586,-0.26973547118301416,0.034003729328359628,0.49665005753209307,0.99698700396754325,0.16773435714938051,0.070208303102626629,0.065076966841931094,0.653559,1.0855999999999999,1,0.13789222659096889,0.13789222659096889,0,-0.55741937831044197,-0.56359779834747314,14,0,1.255680815149637,0.24238751505394263,map,5,0,-0.34760721158669677,-0.25234840325456598,6101000000
S1,no_observed_dynamic,181,6151000000,0,1,"solved_soft_dynamic","solved",30,-0.19435543573598629,-0.19076791381386882,0.036830479525407786,0.49665005753209307,1.0539588172106775,0.19694970405097442,0,0,0.49970300000000001,0.8790929999999999,1,1000000000,1000000000,0,-0.55741937831044197,-0.56359779834747314,14,0,1.255680815149637,0.24238751505394263,map,5,0,-0.23150104941352589,-0.15775084057518382,6101000000
S1,observed,182,6201000000,0,1,"solved_soft_dynamic","solved",110,-0.25697991848265361,-0.28023199985041852,0.071145822933754876,0.5075861560126872,1.0438611255974732,0.21310477411325124,0.017423438368268415,0.027507567374321602,0.87091800000000008,1.3039190000000001,1,0.18062465608359957,0.18062465608359957,0,-0.56359777227044106,-0.56359779834747314,14,0,1.255411133435657,0.22378984819826603,map,5,0,-0.30505305285775586,-0.26973547118301416,6151000000
S1,no_observed_dynamic,182,6201000000,0,1,"solved_soft_dynamic","solved",50,-0.15804072452380225,-0.21642541849612429,0.07910313944947521,0.5075861560126872,1.0756441954009723,0.23334943235052569,0,0,0.57562499999999994,0.95715800000000006,1,1000000000,1000000000,0,-0.56359777227044106,-0.56359779834747314,14,0,1.255411133435657,0.22378984819826603,map,5,0,-0.19435543573598629,-0.19076791381386882,6151000000
S1,observed,183,6251000000,0,1,"solved_soft_dynamic","solved",30,-0.21810033101637322,-0.2894169999507703,0.12362839648236892,0.51924038684294893,1.0371794266078389,0.23688350482498213,0.074337899429001153,0.03873427412307251,0.50273699999999999,0.93344299999999991,1,0.16321334058760872,0.16321334058760872,0,-0.56359777227044106,-0.55213034152984619,13,0,1.257197949933176,0.20628225615927903,map,5,0,-0.25697991848265361,-0.28023199985041852,6201000000
S1,no_observed_dynamic,183,6251000000,0,1,"solved_soft_dynamic","solved",70,-0.12342770708471734,-0.23581059050012465,0.13033189455387156,0.51924038684294893,1.0903610199964189,0.26493446197760434,0,0,0.65122900000000006,1.0332110000000001,1,1000000000,1000000000,0,-0.56359777227044106,-0.55213034152984619,13,0,1.257197949933176,0.20628225615927903,map,5,0,-0.15804072452380225,-0.21642541849612429,6201000000
S1,observed,184,6301000000,0,1,"solved_soft_dynamic","solved",30,-0.1781257349922758,-0.29714190221963427,0.0976390116185889,0.5601356666183821,1.0766551147632026,0.21117910125336783,0.040249920421849682,0.042911682671611245,0.49109999999999998,0.92139599999999999,1,0.17029030753083318,0.17029030753083318,0,-0.55213028099387884,-0.55213034152984619,14,0,1.2609248218427551,0.18809965039814425,map,5,0,-0.21810033101637322,-0.2894169999507703,6251000000
S1,no_observed_dynamic,184,6301000000,0,1,"solved_soft_dynamic","solved",80,-0.087316038125000994,-0.25128740451252135,0.12550486803226737,0.5601356666183821,1.1065157868447553,0.24716208723416325,0,0,0.74765499999999996,1.1284970000000001,1,1000000000,1000000000,0,-0.55213028099387884,-0.55213034152984619,14,0,1.2609248218427551,0.18809965039814425,map,5,0,-0.12342770708471734,-0.23581059050012465,6251000000
S1,observed,185,6351000000,0,1,"solved_soft_dynamic","solved",40,-0.16346630249378868,-0.26214517448452024,0.25739441032657073,0,0.53283537500717781,0.3843628249814619,0.014227817803116402,0.065854214025593341,0.54206299999999996,2.2886660000000001,0,0.17595910996159547,0.17595910996159547,0,-0.55213028099387884,-0.4944254457950592,14,0,1.2659891146908151,0.17087599645063972,map,6,1,-0.1781257349922758,-0.29714190221963427,6301000000
S1,no_observed_dynamic,185,6351000000,0,1,"solved_soft_dynamic","solved",40,-0.09987849210020458,-0.20534161123570294,0.17598531969061754,0,0.42123446925705371,0.2723261509648861,0,0,0.55253799999999997,0.928176,0,1000000000,1000000000,0,-0.55213028099387884,-0.4944254457950592,14,0,1.2659891146908151,0.17087599645063972,map,6,0,-0.087316038125000994,-0.25128740451252135,6301000000
S1,observed,186,6401000000,0,1,"solved_soft_dynamic","solved",40,-0.12509598655688087,-0.26453930446762908,0.22049309851089269,0.15395816812715793,0.69961659115912012,0.29690824267194432,0.014407235946482248,0.014202610534890856,0.54895799999999995,0.98716499999999996,1,0.22127813687147657,0.22127813687147657,0,-0.49442541785538197,-0.4944254457950592,14,0,1.2733027687300147,0.15379514832396954,map,6,0,-0.16346630249378868,-0.26214517448452024,6351000000
S1,no_observed_dynamic,186,6401000000,0,1,"solved_soft_dynamic","solved",40,-0.072831437297864551,-0.213912421157823,0.18600634576857789,0.15395816812715793,0.69653892813066343,0.27224754303138704,0,0,0.52898400000000001,0.90547100000000003,1,1000000000,1000000000,0,-0.49442541785538197,-0.4944254457950592,14,0,1.2733027687300147,0.15379514832396954,map,6,0,-0.09987849210020458,-0.20534161123570294,6351000000
S1,observed,187,6451000000,0,1,"solved_soft_dynamic","solved",60,-0.089390390544955262,-0.26604380613798051,0.23166095889967553,0.16115047809542837,0.73834676425409784,0.32423196991326575,0.016750135967077851,0.015045967733997892,0.59258300000000008,1.0226790000000001,1,0.22514434783996851,0.22514434783996851,0,-0.49442541785538197,-0.42819896340370178,13,0,1.2822341507831074,0.13767277661069693,map,6,0,-0.12509598655688087,-0.26453930446762908,6401000000
S1,no_observed_dynamic,187,6451000000,0,1,"solved_soft_dynamic","solved",60,-0.043941070809404098,-0.2224212396099858,0.20205866397040984,0.16115047809542837,0.73099827443223808,0.31378336693705861,0,0,0.61226399999999992,0.9869150000000001,1,1000000000,1000000000,0,-0.49442541785538197,-0.42819896340370178,13,0,1.2822341507831074,0.13767277661069693,map,6,0,-0.072831437297864551,-0.213912421157823,6401000000
S1,observed,188,6501000000,0,1,"solved_soft_dynamic","solved",80,-0.057689643805928684,-0.26597515258420718,0.26183932444791175,0.17796238062433825,0.74661751167179924,0.34692593534241828,0.01619043245850631,0.014713778904519876,0.69883300000000004,1.1258489999999999,1,0.22636190115962029,0.22636190115962029,0,-0.42844424315262586,-0.42819896340370178,14,0,1.2929953365033091,0.12264865785359122,map,6,0,-0.089390390544955262,-0.26604380613798051,6451000000
S1,no_observed_dynamic,188,6501000000,0,1,"solved_soft_dynamic","solved",70,-0.017713842190845628,-0.22786271798128072,0.22630571914564085,0.17796238062433825,0.73983406065087076,0.3338151772073773,0,0,0.63916600000000001,1.009924,1,1000000000,1000000000,0,-0.42844424315262586,-0.42819896340370178,14,0,1.2929953365033091,0.12264865785359122,map,6,0,-0.043941070809404098,-0.2224212396099858,6451000000
S1,observed,189,6551000000,0,1,"solved_soft_dynamic","solved",70,-0.022524456133623555,-0.26670192229422784,0.21463185107535121,0.22796226736068081,0.79615054388863049,0.30624980390179424,0.014441795011861047,0.014836087101154107,0.663964,1.093567,1,0.23043555916728187,0.23043555916728187,0,-0.428198924055323,-0.36643475294113159,14,0,1.3042013215418253,0.10768554064897358,map,6,0,-0.057689643805928684,-0.26597515258420718,6501000000
S1,no_observed_dynamic,189,6551000000,0,1,"solved_soft_dynamic","solved",70,0.013134746091158993,-0.23294837031464688,0.20478597509949636,0.22796226736068081,0.79229631676326284,0.30502448989918485,0,0,0.66770999999999991,1.0371189999999999,1,1000000000,1000000000,0,-0.428198924055323,-0.36643475294113159,14,0,1.3042013215418253,0.10768554064897358,map,6,0,-0.017713842190845628,-0.22786271798128072,6501000000
S1,observed,190,6601000000,0,1,"solved_soft_dynamic","solved",70,0.0062409143719934466,-0.26890701805544948,0.2316883172507983,0.23655914203045822,0.80259015110512055,0.33051809591093739,0.032346369060379548,0.024712156794681948,0.68581000000000003,1.1265610000000001,1,0.19993040922081318,0.19993040922081318,0,-0.36643471685238183,-0.36643475294113159,13,0,1.3162740426036061,0.093929893583910115,map,6,0,-0.022524456133623555,-0.26670192229422784,6551000000
S1,no_observed_dynamic,190,6601000000,0,1,"solved_soft_dynamic","solved",90,0.039833301475849389,-0.23453808383121369,0.22022881825749285,0.23655914203045822,0.79551011455930754,0.32795748880890158,0,0,0.77739900000000006,1.1558219999999999,1,1000000000,1000000000,0,-0.36643471685238183,-0.36643475294113159,13,0,1.3162740426036061,0.093929893583910115,map,6,0,0.013134746091158993,-0.23294837031464688,6551000000
S1,observed,191,6651000000,0,1,"solved_soft_dynamic","solved",80,0.038659848047291431,-0.26867712536804661,0.063257449295725077,0.30710964311653044,0.85521229906803131,0.19747003802615809,0.014454877975732937,0.017771648704519152,0.74193500000000001,1.186763,1,0.23112417986848965,0.2280365806912007,0,-0.36643471685238183,-0.3045387864112854,13,0,1.3280830007239659,0.079828964107647657,map,6,0,0.0062409143719934466,-0.26890701805544948,6601000000
S1,no_observed_dynamic,191,6651000000,0,1,"solved_soft_dynamic","solved",70,0.069718817714219519,-0.2375694222006863,0.091317244242739154,0.30710964311653044,0.85353598119811824,0.21442667096968537,0,0,0.63418099999999999,1.007525,1,1000000000,1000000000,0,-0.36643471685238183,-0.3045387864112854,13,0,1.3280830007239659,0.079828964107647657,map,6,0,0.039833301475849389,-0.23453808383121369,6601000000
S1,observed,192,6701000000,0,1,"solved_soft_dynamic","solved",80,0.065641815841866374,-0.26758011443739954,0.090023475546193374,0.32289883839694566,0.86260062269434645,0.24194958865967198,0.020685517455565232,0.01726391854225711,0.69617099999999998,1.1347180000000001,1,0.23226796477747425,0.23149201538064212,0,-0.30453875660896301,-0.3045387864112854,13,0,1.3401924646478878,0.067191586810105577,map,6,0,0.038659848047291431,-0.26867712536804661,6651000000
S1,no_observed_dynamic,192,6701000000,0,1,"solved_soft_dynamic","solved",80,0.094699668751516239,-0.23837423539350011,0.11626594883365624,0.32289883839694566,0.85958283257253321,0.25250887542236955,0,0,0.71319600000000005,1.1119949999999998,1,1000000000,1000000000,0,-0.30453875660896301,-0.3045387864112854,13,0,1.3401924646478878,0.067191586810105577,map,6,0,0.069718817714219519,-0.2375694222006863,6651000000
S1,observed,193,6751000000,0,1,"solved_soft_dynamic","solved",80,0.084855359691621002,-0.26933327748200142,0.24291820916849183,0.32796238011041945,0.86705009243177633,0.29143028607852201,0.038096373450411544,0.029426651770856852,0.70618099999999995,1.147359,1,0.20173283516294604,0.20173283516294604,0,-0.30453875660896301,-0.25842779874801636,13,0,1.3520738021425029,0.054217172781967624,map,6,0,0.065641815841866374,-0.26758011443739954,6701000000
S1,no_observed_dynamic,193,6751000000,0,1,"solved_soft_dynamic","solved",80,0.11426144020985461,-0.23689087420297461,0.24317291813600111,0.32796238011041945,0.86217060018708447,0.29634373242628326,0,0,0.69764399999999993,1.0892409999999999,1,1000000000,1000000000,0,-0.30453875660896301,-0.25842779874801636,13,0,1.3520738021425029,0.054217172781967624,map,6,0,0.094699668751516239,-0.23837423539350011,6701000000
S1,observed,194,6801000000,0,1,"solved_soft_dynamic","solved",70,0.10311492817881102,-0.27018420069254301,0.25708613656164353,0.33401418799458438,0.90373502132373729,0.32021873211547247,0.03343758924553096,0.032141962074016546,0.65921600000000002,1.1045499999999999,1,0.20218365872290323,0.20218365872290323,0,-0.25842775357887149,-0.25842779874801636,14,0,1.365209838764128,0.043168919771930853,map,6,0,0.084855359691621002,-0.26933327748200142,6751000000
S1,no_observed_dynamic,194,6801000000,0,1,"solved_soft_dynamic","solved",70,0.13274038287208045,-0.23496643186046015,0.25565234270615339,0.33401418799458438,0.898807986318094,0.32431580074688365,0,0,0.69894400000000001,1.0700720000000001,1,1000000000,1000000000,0,-0.25842775357887149,-0.25842779874801636,14,0,1.365209838764128,0.043168919771930853,map,6,0,0.11426144020985461,-0.23689087420297461,6751000000
S1,observed,195,6851000000,0,1,"solved_soft_dynamic","solved",90,0.12046712967481198,-0.26502616626089082,0.26656868383027893,0.34781304398720458,0.90742430253240003,0.33216293923586498,0.021681563635134449,0.023049312773421624,0.76422299999999999,1.2000279999999999,1,0.23144433291894229,0.22082665392253864,0,-0.25842775357887149,-0.24124601483345032,14,0,1.3781943273374075,0.031810577552093322,map,6,0,0.10311492817881102,-0.27018420069254301,6801000000
S1,no_observed_dynamic,195,6851000000,0,1,"solved_soft_dynamic","solved",80,0.14870556095252038,-0.23150624456471633,0.26523471357871897,0.34781304398720458,0.90457796106557553,0.33515601296634284,0,0,0.69697500000000001,1.0764049999999998,1,1000000000,1000000000,0,-0.25842775357887149,-0.24124601483345032,14,0,1.3781943273374075,0.031810577552093322,map,6,0,0.13274038287208045,-0.23496643186046015,6801000000
S1,observed,196,6901000000,0,1,"solved_soft_dynamic","solved",90,0.13413239950359809,-0.25971553795718627,0.28344906196563052,0.36516618057255118,0.91209805435349778,0.33201788098121965,0.027858990305687746,0.023083003288058578,0.75084200000000001,1.1915560000000001,1,0.23038369394386549,0.2216035700580018,0,-0.24124598712660372,-0.24124601483345032,14,0,1.3926260465271576,0.021447301962177302,map,6,0,0.12046712967481198,-0.26502616626089082,6851000000
S1,no_observed_dynamic,196,6901000000,0,1,"solved_soft_dynamic","solved",90,0.16207148250283088,-0.2268039969343878,0.27728002859209294,0.36516618057255118,0.90997793022482809,0.33693161398630067,0,0,0.75995400000000002,1.131772,1,1000000000,1000000000,0,-0.24124598712660372,-0.24124601483345032,14,0,1.3926260465271576,0.021447301962177302,map,6,0,0.14870556095252038,-0.23150624456471633,6851000000
S1,observed,197,6951000000,0,1,"solved_soft_dynamic","solved",80,0.14658284096969654,-0.25309441417756301,0.27079427472536588,0.38551221026621019,0.91813560139655515,0.32850448380703584,0.0256552531424648,0.024229276076009408,0.70761600000000002,1.15306,1,0.23207091595957985,0.21907352285827397,0,-0.24124598712660372,-0.25423756241798401,13,0,1.4068705846307437,0.010805487278188228,map,6,0,0.13413239950359809,-0.25971553795718627,6901000000
S1,no_observed_dynamic,197,6951000000,0,1,"solved_soft_dynamic","solved",90,0.17400002193782663,-0.22051645689503904,0.2725495453791964,0.38551221026621019,0.91615525675059417,0.3342449307685138,0,0,0.73457600000000001,1.1047940000000001,1,1000000000,1000000000,0,-0.24124598712660372,-0.25423756241798401,13,0,1.4068705846307437,0.010805487278188228,map,6,0,0.16207148250283088,-0.2268039969343878,6901000000
S1,observed,198,7001000000,0,1,"solved_soft_dynamic","solved",90,0.15519872822620717,-0.24809254804719702,0.28793362720545734,0.40296264015538585,0.92360907115203306,0.33624158665986847,0.043663521300888887,0.029931027013185736,0.74798200000000004,1.1762269999999999,1,0.22059797580045748,0.21681026020513894,0,-0.25423752958886325,-0.25423756241798401,14,0,1.4227857878011159,0.00078656231919305066,map,6,0,0.14658284096969654,-0.25309441417756301,6951000000
S1,no_observed_dynamic,198,7001000000,0,1,"solved_soft_dynamic","solved",80,0.18407654595532505,-0.2129245526620438,0.28136950822429974,0.40296264015538585,0.92131233319535566,0.34033435885881791,0,0,0.68569099999999994,1.063064,1,1000000000,1000000000,0,-0.25423752958886325,-0.25423756241798401,14,0,1.4227857878011159,0.00078656231919305066,map,6,0,0.17400002193782663,-0.22051645689503904,6951000000
S1,observed,199,7051000000,0,1,"solved_soft_dynamic","solved",80,0.16535650268105956,-0.24683254748932063,0.29384024586157509,0.41582249835837615,0.96388584821406631,0.35589529869235564,0.043655020512933296,0.04190177044405597,0.69659700000000002,1.128779,1,0.2007620070533207,0.2007620070533207,0,-0.25423752958886325,-0.25530648231506348,14,0,1.4385021932271607,-0.0094829318380557949,map,6,0,0.15519872822620717,-0.24809254804719702,7001000000
S1,no_observed_dynamic,199,7051000000,0,1,"solved_soft_dynamic","solved",90,0.19498540472575704,-0.20506176987676727,0.28289933556776303,0.41582249835837615,0.96056608208616556,0.35541082653393002,0,0,0.74016900000000008,1.1080939999999999,1,1000000000,1000000000,0,-0.25423752958886325,-0.25530648231506348,14,0,1.4385021932271607,-0.0094829318380557949,map,6,0,0.18407654595532505,-0.2129245526620438,7001000000
S1,observed,200,7101000000,0,1,"solved_soft_dynamic","solved",90,0.17569162893775719,-0.24390773043057784,0.29832940917659051,0.43870240690446688,0.97065928306911742,0.35406108921704127,0.047896585523832344,0.042725035582770576,0.79032099999999994,1.2212909999999999,1,0.1994608276950034,0.1994608276950034,0,-0.25530645507387817,-0.25530648231506348,13,0,1.4564141655955594,-0.019340819022797516,map,6,0,0.16535650268105956,-0.24683254748932063,7051000000
S1,no_observed_dynamic,200,7101000000,0,1,"solved_soft_dynamic","solved",90,0.20473451158883035,-0.19599155360522635,0.28291231069204137,0.43870240690446688,0.96772727429517724,0.35317455108015944,0,0,0.74160999999999999,1.1150359999999999,1,1000000000,1000000000,0,-0.25530645507387817,-0.25530648231506348,13,0,1.4564141655955594,-0.019340819022797516,map,6,0,0.19498540472575704,-0.20506176987676727,7051000000
S1,observed,201,7151000000,0,1,"solved_soft_dynamic","solved",110,0.19118774355567966,-0.23020933850500114,0.28874589252015254,0.46486873273513513,1.0112871371522638,0.34206030315969349,0.01125805542882031,0.023743817842600566,0.85908800000000007,1.285388,1,0.24246341241139102,0.21250690823603269,0,-0.25530645507387817,-0.22937263548374176,14,0,1.4742127788464046,-0.029399081625256791,map,6,0,0.17569162893775719,-0.24390773043057784,7101000000
S1,no_observed_dynamic,201,7151000000,0,1,"solved_soft_dynamic","solved",90,0.2168735741862694,-0.18653569142455162,0.28467769200602044,0.46486873273513513,1.0109425024446885,0.34810368443473499,0,0,0.738869,1.1129,1,1000000000,1000000000,0,-0.25530645507387817,-0.22937263548374176,14,0,1.4742127788464046,-0.029399081625256791,map,6,0,0.20473451158883035,-0.19599155360522635,7101000000
S1,observed,202,7201000000,0,1,"solved_soft_dynamic","solved",90,0.20598174078385822,-0.21896808175194102,0.23570281832569734,0.51232886231905395,1.0252153026249353,0.29630517359352321,0.02476662445110725,0.017904410306763811,0.73363100000000003,1.1656439999999999,1,0.24367168981816467,0.227829037047653,0,-0.2293726138304919,-0.22937263548374176,14,0,1.494074866803631,-0.038182207761954363,map,6,0,0.19118774355567966,-0.23020933850500114,7151000000
S1,no_observed_dynamic,202,7201000000,0,1,"solved_soft_dynamic","solved",90,0.22849794366795578,-0.17778232942183267,0.25197432641018808,0.51232886231905395,1.0249017949468677,0.30678624094663248,0,0,0.75575399999999993,1.1258679999999999,1,1000000000,1000000000,0,-0.2293726138304919,-0.22937263548374176,14,0,1.494074866803631,-0.038182207761954363,map,6,0,0.2168735741862694,-0.18653569142455162,7151000000
S1,observed,203,7251000000,0,1,"solved_soft_dynamic","solved",90,0.2204985253586996,-0.20972739865297277,0.229776488632804,0.53338228162333856,1.0674225617497519,0.30614597082156431,0.023805615039237952,0.022003504641832813,0.73553000000000002,1.17011,1,0.23840221857828592,0.21990751495930527,0,-0.22937261237530038,-0.19971555471420288,14,0,1.5150507416910415,-0.047032487640396956,map,6,0,0.20598174078385822,-0.21896808175194102,7201000000
S1,no_observed_dynamic,203,7251000000,0,1,"solved_soft_dynamic","solved",90,0.24025425714183318,-0.16958930295669486,0.24769293005336007,0.53338228162333856,1.0669766178570541,0.31586142348856472,0,0,0.75283100000000003,1.1177269999999999,1,1000000000,1000000000,0,-0.22937261237530038,-0.19971555471420288,14,0,1.5150507416910415,-0.047032487640396956,map,6,0,0.22849794366795578,-0.17778232942183267,7201000000
S1,observed,204,7301000000,0,1,"solved_soft_dynamic","solved",90,0.23112243033864693,-0.20145880636793259,0.24197529694040243,0.55990882216257076,1.0756474289721418,0.30445064225718776,0.024953762206048259,0.023496963293842873,0.72571399999999997,1.144617,1,0.23632458933557987,0.21769733672957292,0,-0.19971553410869092,-0.19971555471420288,13,0,1.5382340320494543,-0.055805852570022005,map,6,0,0.2204985253586996,-0.20972739865297277,7251000000
S1,no_observed_dynamic,204,7301000000,0,1,"solved_soft_dynamic","solved",90,0.24862442030402132,-0.16192614291144714,0.2572502051677471,0.55990882216257076,1.0751369815924494,0.3133316584976118,0,0,0.72548100000000004,1.1017649999999999,1,1000000000,1000000000,0,-0.19971553410869092,-0.19971555471420288,13,0,1.5382340320494543,-0.055805852570022005,map,6,0,0.24025425714183318,-0.16958930295669486,7251000000
S1,observed,205,7351000000,0,1,"solved_soft_dynamic","solved",90,0.24113979608537994,-0.19565460494483602,0.24972785252020305,0.579693480646302,1.1178505864547135,0.31959479184649092,0.034596575942139135,0.02779458174676171,0.74853899999999995,1.187479,1,0.22863589478514335,0.21492546230961151,0,-0.19971553410869092,-0.14768074452877045,14,0,1.5628860928564314,-0.064438263290436629,map,6,0,0.23112243033864693,-0.20145880636793259,7301000000
S1,no_observed_dynamic,205,7351000000,0,1,"solved_soft_dynamic","solved",90,0.25690558196055385,-0.15477995706349523,0.26363203418296371,0.579693480646302,1.1170380732395413,0.32814478546453762,0,0,0.74723200000000001,1.1205000000000001,1,1000000000,1000000000,0,-0.19971553410869092,-0.14768074452877045,14,0,1.5628860928564314,-0.064438263290436629,map,6,0,0.24862442030402132,-0.16192614291144714,7301000000
S1,observed,206,7401000000,0,1,"solved_soft_dynamic","solved",100,0.25184708264745453,-0.19102572465934578,0.30877845925195524,0.03311663453846244,0.59634300117761552,0.35135420167222398,0.088774465320446305,0.034670488121172044,0.82904800000000001,2.4891599999999996,0,0.2210728780711676,0.20808741801656128,0,-0.14768072287552059,-0.14768074452877045,14,0,1.5897214571645035,-0.072768040666226649,map,7,1,0.24113979608537994,-0.19565460494483602,7351000000
S1,no_observed_dynamic,206,7401000000,0,1,"solved_soft_dynamic","solved",90,0.26524961371377026,-0.14588376765011815,0.2831329591610709,0.03311663453846244,0.59261546407555998,0.3501800254973278,0,0,0.72766500000000001,1.1051660000000001,0,1000000000,1000000000,0,-0.14768072287552059,-0.14768074452877045,14,0,1.5897214571645035,-0.072768040666226649,map,7,0,0.25690558196055385,-0.15477995706349523,7351000000
S1,observed,207,7451000000,0,1,"solved_soft_dynamic","solved",90,0.25847520449157885,-0.18558095156163876,0.25978544454893826,0.06429724826188403,0.60581493459160218,0.33674818022733516,0.038183650271427255,0.041171126003395231,0.75487899999999997,1.194283,1,0.21866652353628935,0.2029364234879274,0,-0.14768072287552059,-0.13098448514938354,14,0,1.6180216058693271,-0.08100787345071446,map,7,0,0.25184708264745453,-0.19102572465934578,7401000000
S1,no_observed_dynamic,207,7451000000,0,1,"solved_soft_dynamic","solved",90,0.27020198658669664,-0.13762911175991147,0.27117170037450233,0.06429724826188403,0.60164186876321268,0.343528964658951,0,0,0.76136599999999999,1.1316489999999999,1,1000000000,1000000000,0,-0.14768072287552059,-0.13098448514938354,14,0,1.6180216058693271,-0.08100787345071446,map,7,0,0.26524961371377026,-0.14588376765011815,7401000000
S1,observed,208,7501000000,0,1,"solved_soft_dynamic","solved",80,0.26245923444138031,-0.18074980822474304,0.29525519729749083,0.1002316170674613,0.61843539438682926,0.34389224184230049,0.046169331502015021,0.041088922657701456,0.69301599999999997,1.1219319999999999,1,0.21589179867489727,0.20566526562314169,0,-0.13098446652293205,-0.13098448514938354,14,0,1.6479875371667974,-0.088227760954853879,map,7,0,0.25847520449157885,-0.18558095156163876,7451000000
S1,no_observed_dynamic,208,7501000000,0,1,"solved_soft_dynamic","solved",80,0.27252688428829802,-0.12950791776428616,0.29403880905221558,0.1002316170674613,0.6119240058224984,0.33695565664440702,0,0,0.70777100000000004,1.071215,1,1000000000,1000000000,0,-0.13098446652293205,-0.13098448514938354,14,0,1.6479875371667974,-0.088227760954853879,map,7,0,0.27020198658669664,-0.13762911175991147,7451000000
S1,observed,209,7551000000,0,1,"solved_soft_dynamic","solved",80,0.26750306499198051,-0.17502275546021565,0.30343425318501377,0.12517185390442875,0.66234787518643234,0.36001617265381708,0.044619305980002348,0.04309909539591663,0.70318899999999995,1.132971,1,0.21452502246659044,0.20590039086890544,0,-0.13098446652293205,-0.16766838729381561,14,0,1.6778388094968189,-0.095752681308685403,map,7,0,0.26245923444138031,-0.18074980822474304,7501000000
S1,no_observed_dynamic,209,7551000000,0,1,"solved_soft_dynamic","solved",90,0.27579168188473674,-0.12062347495932176,0.2659948043508929,0.12517185390442875,0.65534866034841655,0.34504413363401809,0,0,0.72405600000000003,1.102228,1,1000000000,1000000000,0,-0.13098446652293205,-0.16766838729381561,14,0,1.6778388094968189,-0.095752681308685403,map,7,0,0.27252688428829802,-0.12950791776428616,7501000000
S1,observed,210,7601000000,0,1,"solved_soft_dynamic","solved",60,0.27548942328281284,-0.1684425824202192,0.29846509947801553,0.17209919425962666,0.69926167228785152,0.34098288385003839,0.050923446782140669,0.044382927744611549,0.610371,1.046665,1,0.21022693327595277,0.19737768985137172,0,-0.16766836051829159,-0.16766838729381561,14,0,1.708705759717285,-0.10276206675292644,map,7,0,0.26750306499198051,-0.17502275546021565,7551000000
S1,no_observed_dynamic,210,7601000000,0,1,"solved_soft_dynamic","solved",60,0.28247096129172866,-0.11075620467153871,0.29632845009078906,0.17209919425962666,0.70479675198245473,0.34276702007922488,0,0,0.60081600000000002,0.975101,1,1000000000,1000000000,0,-0.16766836051829159,-0.16766838729381561,14,0,1.708705759717285,-0.10276206675292644,map,7,0,0.27579168188473674,-0.12062347495932176,7551000000
S1,observed,211,7651000000,0,1,"solved_soft_dynamic","solved",60,0.27983215638905945,-0.15283037593925103,0.30053412451398809,0.19722777432201041,0.70645868659385802,0.34257720255020008,0.018952911454245484,0.037214534494310406,0.59416600000000008,1.014251,1,0.25173612686303326,0.18505138722749237,0,-0.16766836051829159,-0.1761145144701004,14,0,1.7393892053488345,-0.11010915197589104,map,7,0,0.27548942328281284,-0.1684425824202192,7601000000
S1,no_observed_dynamic,211,7651000000,0,1,"solved_soft_dynamic","solved",50,0.28692531301286389,-0.10037935064495243,0.29921632131924614,0.19722777432201041,0.71841933073732089,0.3486109610902553,0,0,0.54677299999999995,0.91880700000000004,1,1000000000,1000000000,0,-0.16766836051829159,-0.1761145144701004,14,0,1.7393892053488345,-0.11010915197589104,map,7,0,0.28247096129172866,-0.11075620467153871,7601000000
S1,observed,212,7701000000,0,1,"solved_soft_dynamic","solved",60,0.28438104383850693,-0.13958172812172356,0.28997592426405466,0.23642174917083342,0.74756875474010975,0.33154434124662474,0.044117031675970829,0.028954180415318172,0.60028700000000002,1.014991,1,0.25273080912905455,0.19905990658957573,0,-0.17611449584364891,-0.1761145144701004,14,0,1.7694372022592093,-0.11615058865783391,map,7,0,0.27983215638905945,-0.15283037593925103,7651000000
S1,no_observed_dynamic,212,7701000000,0,1,"solved_soft_dynamic","solved",60,0.29203196403878418,-0.089909437065088457,0.29554036546554424,0.23642174917083342,0.76387998155236669,0.34106979810740012,0,0,0.58666999999999991,0.95824900000000002,1,1000000000,1000000000,0,-0.17611449584364891,-0.1761145144701004,14,0,1.7694372022592093,-0.11615058865783391,map,7,0,0.28692531301286389,-0.10037935064495243,7651000000
S1,observed,213,7751000000,0,1,"solved_soft_dynamic","solved",60,0.2881248728253149,-0.12883433054688784,0.29427111723208516,0.26059759180493736,0.78806213857445462,0.34209287147895856,0.048482667821972476,0.038699639081472108,0.59053199999999995,1.013614,1,0.24752309352378998,0.19018028469780646,0,-0.17611449584364891,-0.17302916944026947,14,0,1.7995235507426446,-0.12254011516753632,map,7,0,0.28438104383850693,-0.13958172812172356,7701000000
S1,no_observed_dynamic,213,7751000000,0,1,"solved_soft_dynamic","solved",70,0.29715355231816337,-0.079444930473328942,0.30079073504268478,0.26059759180493736,0.80856649383554169,0.35491320502909424,0,0,0.65265200000000001,1.024084,1,1000000000,1000000000,0,-0.17611449584364891,-0.17302916944026947,14,0,1.7995235507426446,-0.12254011516753632,map,7,0,0.29203196403878418,-0.089909437065088457,7701000000
S1,observed,214,7801000000,0,1,"solved_soft_dynamic","solved",80,0.29020189635925181,-0.11898335645155383,0.29267743262211349,0.296311329492571,0.80493806816471503,0.33256846982927729,0.044177920761573237,0.045062724869019397,0.69125399999999992,1.1099140000000001,1,0.25070075970425321,0.18358187473839438,0,-0.17302915512118489,-0.17302916944026947,14,0,1.8282294120641609,-0.12711251921738001,map,7,0,0.2881248728253149,-0.12883433054688784,7751000000
S1,no_observed_dynamic,214,7801000000,0,1,"solved_soft_dynamic","solved",80,0.30161418047682387,-0.069609218695510316,0.30303236635876374,0.296311329492571,0.8232701361489283,0.34837125441269068,0,0,0.70931100000000002,1.080454,1,1000000000,1000000000,0,-0.17302915512118489,-0.17302916944026947,14,0,1.8282294120641609,-0.12711251921738001,map,7,0,0.29715355231816337,-0.079444930473328942,7751000000
S1,observed,215,7851000000,0,1,"solved_soft_dynamic","solved",70,0.28946401908554165,-0.10821871814232924,0.29170976609212296,0.30788981934743281,0.83601946850059172,0.351970453651961,0.038376030827376485,0.046246669249179639,0.65062500000000001,1.0690269999999999,1,0.25876649506311455,0.18038631879505873,0,-0.17302915075561032,-0.15043634176254272,14,0,1.8570713372185552,-0.13184103133189923,map,7,0,0.29020189635925181,-0.11898335645155383,7801000000
S1,no_observed_dynamic,215,7851000000,0,1,"solved_soft_dynamic","solved",90,0.30377004270699459,-0.059622966758410466,0.30497440711838092,0.30788981934743281,0.85950550662013225,0.37151324406230651,0,0,0.73343800000000003,1.0969440000000001,1,1000000000,1000000000,0,-0.17302915075561032,-0.15043634176254272,14,0,1.8570713372185552,-0.13184103133189923,map,7,0,0.30161418047682387,-0.069609218695510316,7801000000
S1,observed,216,7901000000,0,1,"solved_soft_dynamic","solved",90,0.28994063777577367,-0.10056054970831149,0.29111694720837095,0.3534086821723284,0.86147018763909089,0.33220870245958006,0.055975120103677695,0.044769162467716755,0.74790800000000002,1.1667699999999999,1,0.25621845105626662,0.18889246509787627,0,-0.15043633175082505,-0.15043634176254272,14,0,1.8847334713027988,-0.13462038675602706,map,7,0,0.28946401908554165,-0.10821871814232924,7851000000
S1,no_observed_dynamic,216,7901000000,0,1,"solved_soft_dynamic","solved",80,0.30631957268108256,-0.050271621927261895,0.30689619633483323,0.3534086821723284,0.87607737567887956,0.35059092793937224,0,0,0.70248500000000003,1.0782689999999999,1,1000000000,1000000000,0,-0.15043633175082505,-0.15043634176254272,14,0,1.8847334713027988,-0.13462038675602706,map,7,0,0.30377004270699459,-0.059622966758410466,7851000000
S1,observed,217,7951000000,0,1,"solved_soft_dynamic","solved",80,0.29128487941486758,-0.092342495154072363,0.29185965173348455,0.38674441643333457,0.90837882890906552,0.33000256462918259,0.039321420826065281,0.055545738047620377,0.69190600000000002,1.1204590000000001,1,0.25972801705626947,0.17816298376102657,0,-0.15023633022792637,-0.13742104172706604,14,0,1.9124844247830375,-0.13715237219483878,map,7,0,0.28994063777577367,-0.10056054970831149,7901000000
S1,no_observed_dynamic,217,7951000000,0,1,"solved_soft_dynamic","solved",90,0.30902131750927353,-0.040997141410905075,0.3092729470746593,0.38674441643333457,0.92025952701090064,0.34874395028739269,0,0,0.74595900000000004,1.1246310000000002,1,1000000000,1000000000,0,-0.15023633022792637,-0.13742104172706604,14,0,1.9124844247830375,-0.13715237219483878,map,7,0,0.30631957268108256,-0.050271621927261895,7901000000
S1,observed,218,8001000000,0,1,"solved_soft_dynamic","solved",100,0.29061104268303195,-0.084979758727674992,0.29092797840606577,0.40871935161493295,0.91819724298866134,0.33505977782767044,0.043802703925207791,0.046096505451982434,0.82017499999999999,1.2415289999999999,1,0.26398370646876157,0.18839435581750008,0,-0.13742102601099759,-0.13742104172706604,14,0,1.9398829507860187,-0.1376375346749025,map,7,0,0.29128487941486758,-0.092342495154072363,7951000000
S1,no_observed_dynamic,218,8001000000,0,1,"solved_soft_dynamic","solved",90,0.30876841726929727,-0.032881322810081527,0.30888966652800814,0.40871935161493295,0.92688713672505596,0.35120659242715291,0,0,0.74268400000000001,1.1130329999999999,1,1000000000,1000000000,0,-0.13742102601099759,-0.13742104172706604,14,0,1.9398829507860187,-0.1376375346749025,map,7,0,0.30902131750927353,-0.040997141410905075,7951000000
S1,observed,219,8051000000,0,1,"solved_soft_dynamic","solved",90,0.29056275950571803,-0.078407623322605161,0.29248476400688311,0.44175753922214706,0.96293374022563283,0.33372524238030271,0.038904524051681683,0.048130548843646412,0.73275000000000001,1.1500410000000001,1,0.26500684045887568,0.18679394460680765,0,-0.13722103758482262,-0.12009893357753754,14,0,1.9673098300004705,-0.13837993498233761,map,7,0,0.29061104268303195,-0.084979758727674992,8001000000
S1,no_observed_dynamic,219,8051000000,0,1,"solved_soft_dynamic","solved",110,0.31007874114603495,-0.024726572937885976,0.3106124802710355,0.44175753922214706,0.97276747129372243,0.35099280810329525,0,0,0.80509799999999998,1.1671640000000001,1,1000000000,1000000000,0,-0.13722103758482262,-0.12009893357753754,14,0,1.9673098300004705,-0.13837993498233761,map,7,0,0.30876841726929727,-0.032881322810081527,8001000000
S1,observed,220,8101000000,0,1,"solved_soft_dynamic","solved",90,0.28856823495907763,-0.074262740221580484,0.29038420731545217,0.46374503630182917,0.97209164695718586,0.33639575273579075,0.06070143591910844,0.043347653638207521,0.73768699999999998,1.1588289999999999,1,0.25939218386393081,0.19644782156298102,0,-0.12009892088826746,-0.12009893357753754,14,0,1.9948256939087274,-0.13741371491573171,map,7,0,0.29056275950571803,-0.078407623322605161,8051000000
S1,no_observed_dynamic,220,8101000000,0,1,"solved_soft_dynamic","solved",100,0.30937388605326277,-0.017481912984872283,0.30972137464332972,0.46374503630182917,0.98025656070348388,0.35528832219092843,0,0,0.79758200000000001,1.170868,1,1000000000,1000000000,0,-0.12009892088826746,-0.12009893357753754,14,0,1.9948256939087274,-0.13741371491573171,map,7,0,0.31007874114603495,-0.024726572937885976,8051000000
S1,observed,221,8151000000,0,1,"solved_soft_dynamic","solved",100,0.28904581099431748,-0.067160579065934506,0.289026327854639,0.49661786827621951,1.0201338650644864,0.33708640455315431,0.030880832808352351,0.056087899320742825,0.79675700000000005,1.2206910000000002,1,0.26340696768801219,0.18343663705102642,0,-0.11989893246209249,-0.090978212654590607,14,0,2.0223202034453216,-0.13676203375184218,map,7,0,0.28856823495907763,-0.074262740221580484,8101000000
S1,no_observed_dynamic,221,8151000000,0,1,"solved_soft_dynamic","solved",110,0.30943429712964426,-0.0098797671440662392,0.30943141981312644,0.49661786827621951,1.0249898807931721,0.35321001692779397,0,0,0.84304299999999999,1.217541,1,1000000000,1000000000,0,-0.11989893246209249,-0.090978212654590607,14,0,2.0223202034453216,-0.13676203375184218,map,7,0,0.30937388605326277,-0.017481912984872283,8101000000
S1,observed,222,8201000000,0,1,"solved_soft_dynamic","solved",100,0.29009655386934313,-0.061218981847550549,0.29084949964232953,0.51873414003277085,1.0631818901299017,0.34984425741128511,0.046027695680395025,0.038624999665014891,0.79051100000000007,1.2154850000000001,1,0.26246491366875646,0.20461377033183825,0,-0.090978202933911234,-0.090978212654590607,14,0,2.0499500440577374,-0.13461151723264458,map,7,0,0.28904581099431748,-0.067160579065934506,8151000000
S1,no_observed_dynamic,222,8201000000,0,1,"solved_soft_dynamic","solved",110,0.31075030532221404,-0.0020074289226318202,0.31075077654944872,0.51873414003277085,1.0679280193622023,0.36793547563779627,0,0,0.82192399999999999,1.2018630000000001,1,1000000000,1000000000,0,-0.090978202933911234,-0.090978212654590607,14,0,2.0499500440577374,-0.13461151723264458,map,7,0,0.30943429712964426,-0.0098797671440662392,8151000000
S1,observed,223,8251000000,0,1,"solved_soft_dynamic","solved",90,0.29212971978620061,-0.051857017338576575,0.2935977982763387,0.55181695116155771,1.0762416274180406,0.34989856898245925,0.026902940485666549,0.043155623538883581,0.74043899999999996,1.158728,1,0.26453282697841973,0.19652412756722815,0,-0.090778214507736266,-0.070654906332492828,13,0,2.0775622948385717,-0.13274746826336628,map,7,0,0.29009655386934313,-0.061218981847550549,8201000000
S1,no_observed_dynamic,223,8251000000,0,1,"solved_soft_dynamic","solved",110,0.31035431243338124,0.0063430111612629812,0.31000817722586088,0.55181695116155771,1.0777830755444266,0.35952675854226646,0,0,0.83204199999999995,1.2002219999999999,1,1000000000,1000000000,0,-0.090778214507736266,-0.070654906332492828,13,0,2.0775622948385717,-0.13274746826336628,map,7,0,0.31075030532221404,-0.0020074289226318202,8201000000
S1,observed,224,8301000000,0,1,"solved_soft_dynamic","solved",100,0.29506768098514358,-0.045552884475503722,0.29776218064724586,0.57376085996916515,1.1189036707580957,0.36520892763525431,0.052478085382030776,0.033925613847636149,0.78043399999999996,1.206469,1,0.2583118400808706,0.21490162324933693,0,-0.07065489626256749,-0.070654906332492828,14,0,2.1053530187294185,-0.12995439808775977,map,7,0,0.29212971978620061,-0.051857017338576575,8251000000
S1,no_observed_dynamic,224,8301000000,0,1,"solved_soft_dynamic","solved",110,0.31051732913385366,0.014111861454134109,0.30840025238723262,0.57376085996916515,1.119888395929898,0.36952905867866587,0,0,0.83790100000000001,1.215522,1,1000000000,1000000000,0,-0.07065489626256749,-0.070654906332492828,14,0,2.1053530187294185,-0.12995439808775977,map,7,0,0.31035431243338124,0.0063430111612629812,8251000000
S1,observed,225,8351000000,0,1,"solved_soft_dynamic","solved",80,0.29834545354537972,-0.036961740372696672,0.29994328256123853,0.60553190615917507,1.1301081427595232,0.36254702334769073,0.021924360906564869,0.038595450493858062,0.706978,1.1327889999999998,1,0.25604942247573459,0.20715673835645887,0,-0.070454908563988283,-0.052855860441923141,14,0,2.1331259220133134,-0.12740757096597244,map,7,0,0.29506768098514358,-0.045552884475503722,8301000000
S1,no_observed_dynamic,225,8351000000,0,1,"solved_soft_dynamic","solved",110,0.30890217949023469,0.022161300292071064,0.29910308448235179,0.60553190615917507,1.1290329032152346,0.35642833994037254,0,0,0.84079599999999999,1.2102490000000001,1,1000000000,1000000000,0,-0.070454908563988283,-0.052855860441923141,14,0,2.1331259220133134,-0.12740757096597244,map,7,0,0.31051732913385366,0.014111861454134109,8301000000
S1,observed,226,8401000000,0,1,"solved_soft_dynamic","solved",90,0.30076924811313271,-0.046531670003453478,0.30078181244043301,0,0.49319704654757202,0.33227802054164168,0.024176546190582408,0.01305857099233998,0.76010800000000001,2.3276089999999998,0,0.25503109097742183,0.24613948536809871,0,-0.052855855756206438,-0.052855860441923141,14,0,2.161133575534179,-0.12449308166937198,map,8,1,0.29834545354537972,-0.036961740372696672,8351000000
S1,no_observed_dynamic,226,8401000000,0,1,"solved_soft_dynamic","solved",110,0.30744892794495937,0.0087125498373640461,0.30744656212707333,0,0.49204035857570938,0.33417455776004401,0,0,0.81988700000000003,1.196985,0,1000000000,1000000000,0,-0.052855855756206438,-0.052855860441923141,14,0,2.161133575534179,-0.12449308166937198,map,8,0,0.30890217949023469,0.022161300292071064,8351000000
S1,observed,227,8451000000,0,1,"solved_soft_dynamic","solved",100,0.30318389018627118,-0.052916719277537619,0.30319818000239357,0.032949076890419322,0.53760869338636041,0.32981448262332036,0.0096646954901276234,0.010391122644552766,0.80005400000000004,1.229506,1,0.25579204527331889,0.25579204527331889,0,-0.052655864055850543,-0.04088379442691803,14,0,2.1891138729624604,-0.12174042169034482,map,8,0,0.30076924811313271,-0.046531670003453478,8401000000
S1,no_observed_dynamic,227,8451000000,0,1,"solved_soft_dynamic","solved",100,0.30817634781473791,-0.003316129552372829,0.3081772327537371,0.032949076890419322,0.53742258674765764,0.33218040858441966,0,0,0.79808500000000004,1.1683829999999999,1,1000000000,1000000000,0,-0.052655864055850543,-0.04088379442691803,14,0,2.1891138729624604,-0.12174042169034482,map,8,0,0.30744892794495937,0.0087125498373640461,8401000000
S1,observed,228,8501000000,0,1,"solved_soft_dynamic","solved",110,0.30598945500186531,-0.059439771562729678,0.30600305167063352,0.044265827340606786,0.57739614872665368,0.35639777054894123,0.011236822772467951,0.0098948336651779149,0.82657700000000001,1.249689,1,0.25153748774208529,0.25153748774208529,0,-0.040883787733037025,-0.04088379442691803,14,0,2.217475936114524,-0.11969862811474781,map,8,0,0.30318389018627118,-0.052916719277537619,8451000000
S1,no_observed_dynamic,228,8501000000,0,1,"solved_soft_dynamic","solved",90,0.30918732335390953,-0.014110346589330077,0.30919054485717645,0.044265827340606786,0.57686788890234542,0.35742985147067202,0,0,0.80259899999999995,1.1759069999999998,1,1000000000,1000000000,0,-0.040883787733037025,-0.04088379442691803,14,0,2.217475936114524,-0.11969862811474781,map,8,0,0.30817634781473791,-0.003316129552372829,8451000000
S1,observed,229,8551000000,0,1,"solved_soft_dynamic","solved",80,0.30743992151670718,-0.064881754385723786,0.30746761393037597,0.089541678945341083,0.59010760733918022,0.33148514406082991,0.0080694536887953253,0.0082748809663424263,0.70641100000000001,1.14178,1,0.25103535243403985,0.25103535243403985,0,-0.041083775795414113,-0.057624742388725281,14,0,2.2457844637780444,-0.11765060126938552,map,8,0,0.30598945500186531,-0.059439771562729678,8501000000
S1,no_observed_dynamic,229,8551000000,0,1,"solved_soft_dynamic","solved",90,0.30921182247955664,-0.023903198912552864,0.309222006805349,0.089541678945341083,0.58957850190539629,0.33186715625916946,0,0,0.74842200000000003,1.120611,1,1000000000,1000000000,0,-0.041083775795414113,-0.057624742388725281,14,0,2.2457844637780444,-0.11765060126938552,map,8,0,0.30918732335390953,-0.014110346589330077,8501000000
S1,observed,230,8601000000,0,1,"solved_soft_dynamic","solved",90,0.30893386533931183,-0.068944252122443248,0.30896329330275951,0.10096304628047276,0.62950051920550454,0.35703254097394449,0.0068444555112344612,0.0064543524754980116,0.81059700000000001,1.233425,1,0.25043786476200358,0.25043786476200358,0,-0.057624729379313067,-0.057624742388725281,14,0,2.274403274982459,-0.1171198296527364,map,8,0,0.30743992151670718,-0.064881754385723786,8551000000
S1,no_observed_dynamic,230,8601000000,0,1,"solved_soft_dynamic","solved",70,0.30955318138197091,-0.032147666038487788,0.30956688809266075,0.10096304628047276,0.62896210563773081,0.35680597439717066,0,0,0.68155600000000005,1.0462150000000001,1,1000000000,1000000000,0,-0.057624729379313067,-0.057624742388725281,14,0,2.274403274982459,-0.1171198296527364,map,8,0,0.30921182247955664,-0.023903198912552864,8551000000
S1,observed,231,8651000000,0,1,"solved_soft_dynamic","solved",110,0.31310605332433528,-0.072145470491856462,0.31315442025628537,0.14667049991436637,0.67855213170438988,0.34213505958469176,0.0063228537408062391,0.0058339837761875587,0.84532799999999997,1.268373,1,0.24854329360704164,0.24854329360704164,0,-0.057424744954914786,-0.050451807677745819,14,0,2.3029810853188755,-0.11662022161775201,map,8,0,0.30893386533931183,-0.068944252122443248,8601000000
S1,no_observed_dynamic,231,8651000000,0,1,"solved_soft_dynamic","solved",110,0.31273088301054608,-0.039003965369515073,0.31275699926568884,0.14667049991436637,0.6780343211240909,0.34142509252335596,0,0,0.827573,1.2041310000000001,1,1000000000,1000000000,0,-0.057424744954914786,-0.050451807677745819,14,0,2.3029810853188755,-0.11662022161775201,map,8,0,0.30955318138197091,-0.032147666038487788,8601000000
S1,observed,232,8701000000,0,1,"solved_soft_dynamic","solved",110,0.312605328316303,-0.072489422933837519,0.31265392628615585,0.15824217356433282,0.68136624576663551,0.3579353214156516,0.0016520082081848307,0.0017525789969461329,0.82707200000000003,1.244119,1,0.27505840792136438,0.27505840792136438,0,-0.050451795686967671,-0.050451807677745819,14,0,2.3319997023769279,-0.1173927466185634,map,8,0,0.31310605332433528,-0.072145470491856462,8651000000
S1,no_observed_dynamic,232,8701000000,0,1,"solved_soft_dynamic","solved",110,0.31200604550297212,-0.044378097027096462,0.31203577004128519,0.15824217356433282,0.68116411131627308,0.35750540007216713,0,0,0.82822899999999999,1.1962050000000002,1,1000000000,1000000000,0,-0.050451795686967671,-0.050451807677745819,14,0,2.3319997023769279,-0.1173927466185634,map,8,0,0.31273088301054608,-0.039003965369515073,8651000000
S1,observed,233,8751000000,0,1,"solved_soft_dynamic","solved",110,0.3150074708407547,-0.07196087300896907,0.31507650151319461,0.2045461890379881,0.73050772543135811,0.34174924988406963,0.0015064417210983855,0.0014217741225892627,0.862931,1.282667,1,0.27856467679209329,0.27856467679209329,0,-0.05025181126256939,-0.04373304545879364,14,0,2.3609466981275675,-0.11814069052190047,map,8,0,0.312605328316303,-0.072489422933837519,8701000000
S1,no_observed_dynamic,233,8751000000,0,1,"solved_soft_dynamic","solved",110,0.31426618905059978,-0.048116087128745856,0.31431229799498916,0.2045461890379881,0.73035052154594871,0.34132063770522525,0,0,0.82125499999999996,1.1976420000000001,1,1000000000,1000000000,0,-0.05025181126256939,-0.04373304545879364,14,0,2.3609466981275675,-0.11814069052190047,map,8,0,0.31200604550297212,-0.044378097027096462,8701000000
S1,observed,234,8801000000,0,1,"solved_soft_dynamic","solved",110,0.31338471289937631,-0.070591213358186133,0.31346636448900111,0.21633927342956513,0.73357166493345916,0.35758656042181308,0.00077170308290619785,0.00079113605229729823,0.83456900000000001,1.2517699999999998,1,0.29367989208454393,0.29367989208454393,0,-0.043733034544857219,-0.04373304545879364,14,0,2.3906031986810694,-0.11951136546895665,map,8,0,0.3150074708407547,-0.07196087300896907,8751000000
S1,no_observed_dynamic,234,8801000000,0,1,"solved_soft_dynamic","solved",110,0.3126393058573449,-0.050561631251332818,0.31269773029901354,0.21633927342956513,0.73347295349818342,0.35720234858896122,0,0,0.83753900000000003,1.206993,1,1000000000,1000000000,0,-0.043733034544857219,-0.04373304545879364,14,0,2.3906031986810694,-0.11951136546895665,map,8,0,0.31426618905059978,-0.048116087128745856,8751000000
S1,observed,235,8851000000,0,1,"solved_soft_dynamic","solved",110,0.31480503272840815,-0.068014427566289795,0.3149094783551758,0.26360548810160511,0.78291944709823957,0.34045440515229308,0.00049238381165941209,0.00047803722922519092,0.832673,1.249247,1,0.30464375069240934,0.30464375069240934,0,-0.043133061990374699,-0.038748465478420258,14,0,2.4201566606235208,-0.12089732668149403,map,8,0,0.31338471289937631,-0.070591213358186133,8801000000
S1,no_observed_dynamic,235,8851000000,0,1,"solved_soft_dynamic","solved",110,0.31413776995066817,-0.051265389108445025,0.3142164038259706,0.26360548810160511,0.78287129314246007,0.34020041919950778,0,0,0.82393400000000006,1.1997959999999999,1,1000000000,1000000000,0,-0.043133061990374699,-0.038748465478420258,14,0,2.4201566606235208,-0.12089732668149403,map,8,0,0.3126393058573449,-0.050561631251332818,8801000000
S1,observed,236,8901000000,0,1,"solved_soft_dynamic","solved",120,0.31610932941382758,-0.064615332378542778,0.31620853502417418,0.27569530507414519,0.82242322905056264,0.36709748404759546,0.00035853620056070586,0.00035134685353613093,0.87341599999999997,1.2929549999999999,1,0.31281319181505352,0.31281319181505352,0,-0.038748457882320508,-0.038748465478420258,14,0,2.4505711725816921,-0.12236141577317487,map,8,0,0.31480503272840815,-0.068014427566289795,8851000000
S1,no_observed_dynamic,236,8901000000,0,1,"solved_soft_dynamic","solved",120,0.3155244943491039,-0.050634266747622836,0.31560215393229546,0.27569530507414519,0.82238840923975809,0.3668860536201512,0,0,0.93088000000000004,1.296381,1,1000000000,1000000000,0,-0.038748457882320508,-0.038748465478420258,14,0,2.4505711725816921,-0.12236141577317487,map,8,0,0.31413776995066817,-0.051265389108445025,8851000000
S1,observed,237,8951000000,0,1,"solved_soft_dynamic","solved",100,0.31637467084213522,-0.060265996344086019,0.31649268432201311,0.32413693688372758,0.83582653400611906,0.34033906629933447,0.00027050014864219655,0.00027172484225417113,0.79118700000000008,1.2216130000000001,1,0.31381595667776874,0.31381595667776874,0,-0.038548469819943421,-0.027904875576496124,14,0,2.4808525112899091,-0.12390780249176021,map,8,0,0.31610932941382758,-0.064615332378542778,8901000000
S1,no_observed_dynamic,237,8951000000,0,1,"solved_soft_dynamic","solved",100,0.31587725975384512,-0.048628670803343058,0.3159723675187725,0.32413693688372758,0.83581574035810646,0.34018469581979471,0,0,0.80024200000000001,1.175111,1,1000000000,1000000000,0,-0.038548469819943421,-0.027904875576496124,14,0,2.4808525112899091,-0.12390780249176021,map,8,0,0.3155244943491039,-0.050634266747622836,8901000000
S1,observed,238,9001000000,0,1,"solved_soft_dynamic","solved",120,0.3165542867902873,-0.05528761298883364,0.31667333776008594,0.33651335104373548,0.87533302348102748,0.3666859954215253,0.0001662338595419318,0.00016560964692619205,0.87942100000000001,1.3077699999999999,1,0.3278930095772945,0.3278930095772945,0,-0.027904870876227506,-0.027904875576496124,14,0,2.512029345288564,-0.12531579002413254,map,8,0,0.31637467084213522,-0.060265996344086019,8951000000
S1,no_observed_dynamic,238,9001000000,0,1,"solved_soft_dynamic","solved",120,0.3161463170238048,-0.045621367977326369,0.31624442468293296,0.33651335104373548,0.87532870295524279,0.36657244447214798,0,0,0.87731599999999998,1.2452529999999999,1,1000000000,1000000000,0,-0.027904870876227506,-0.027904875576496124,14,0,2.512029345288564,-0.12531579002413254,map,8,0,0.31587725975384512,-0.048628670803343058,8951000000
S1,observed,239,9051000000,0,1,"solved_soft_dynamic","solved",100,0.31584320418798567,-0.04960716426786034,0.31597454309119777,0.38618266230433118,0.88911854502261889,0.3389028437883807,0.00026367982767192341,0.00026455096876111409,0.79044000000000003,1.2275290000000001,1,0.31566777608899343,0.31566777608899343,0,-0.028104858938604593,-0.055871088057756424,14,0,2.5430782743203357,-0.12681630720043643,map,8,0,0.3165542867902873,-0.05528761298883364,9001000000
S1,no_observed_dynamic,239,9051000000,0,1,"solved_soft_dynamic","solved",100,0.31547931502831272,-0.041534949505998509,0.31558910016680514,0.38618266230433118,0.88911416593370429,0.33875345110429805,0,0,0.77768399999999993,1.153654,1,1000000000,1000000000,0,-0.028104858938604593,-0.055871088057756424,14,0,2.5430782743203357,-0.12681630720043643,map,8,0,0.3161463170238048,-0.045621367977326369,9001000000
S1,observed,240,9101000000,0,1,"solved_soft_dynamic","solved",120,0.31509230341260352,-0.043593436986832289,0.31520758666586796,0.39880656356414973,0.9286467637080924,0.36383831177604048,5.1654658081123195e-05,5.155633686153602e-05,0.87560899999999997,1.2960339999999999,1,0.35723357344141837,0.35723357344141837,0,-0.055277803767239675,-0.055871088057756424,14,0,2.5747797777420747,-0.12784607144533924,map,8,0,0.31584320418798567,-0.04960716426786034,9051000000
S1,no_observed_dynamic,240,9101000000,0,1,"solved_soft_dynamic","solved",120,0.31479840038687779,-0.036911013631288569,0.31489584075611121,0.39880656356414973,0.92865289192243106,0.36385045848529346,0,0,0.88075200000000009,1.2500370000000001,1,1000000000,1000000000,0,-0.055277803767239675,-0.055871088057756424,14,0,2.5747797777420747,-0.12784607144533924,map,8,0,0.31547931502831272,-0.041534949505998509,9051000000
S1,observed,241,9151000000,0,1,"solved_soft_dynamic","solved",120,0.31647024117086014,-0.037269576851612751,0.3092137351053354,0.43940335412329828,0.97615920724261152,0.35434181843916746,2.3988006397203051e-05,2.3942369320266971e-05,0.88725200000000004,1.315455,1,0.37283415563908284,0.37283415563908284,0,-0.055871081713121384,-0.038889855146408081,14,0,2.606373520257073,-0.12908904399652671,map,8,0,0.31509230341260352,-0.043593436986832289,9101000000
S1,no_observed_dynamic,241,9151000000,0,1,"solved_soft_dynamic","solved",120,0.31622784779497354,-0.031743482340248604,0.30967230949264296,0.43940335412329828,0.97616769947326332,0.35455113739547101,0,0,0.88485999999999998,1.2556229999999999,1,1000000000,1000000000,0,-0.055871081713121384,-0.038889855146408081,14,0,2.606373520257073,-0.12908904399652671,map,8,0,0.31479840038687779,-0.036911013631288569,9101000000
S1,observed,242,9201000000,0,1,"solved_soft_dynamic","solved",110,0.31473768669310059,-0.031339173066442183,0.3090554806846369,0.46417622056716457,0.98295466570655277,0.35677650327546567,1.4091979802560566e-05,1.4097640777837492e-05,0.83035499999999995,1.251706,1,0.38085479775915221,0.38085479775915221,0,-0.038889851566636935,-0.038889855146408081,14,0,2.6379245090537511,-0.1296835289665971,map,8,0,0.31647024117086014,-0.037269576851612751,9151000000
S1,no_observed_dynamic,242,9201000000,0,1,"solved_soft_dynamic","solved",110,0.31453687659353641,-0.02677041293756624,0.30938073734563115,0.46417622056716457,0.98295919543719179,0.35692145104856055,0,0,0.818909,1.1880860000000002,1,1000000000,1000000000,0,-0.038889851566636935,-0.038889855146408081,14,0,2.6379245090537511,-0.1296835289665971,map,8,0,0.31622784779497354,-0.031743482340248604,9151000000
S1,observed,243,9251000000,0,1,"solved_soft_dynamic","solved",60,0.31502220010356158,-0.025590312388606748,0.3109378010877597,0.50152360206061641,1.0295622686506687,0.35363311001040842,4.7539238113397614e-06,4.7539238113397614e-06,0.64121499999999998,1.0665579999999999,1,0.39770449514445649,0.39770449514445649,0,-0.038889851566636935,-0.054674088954925537,14,0,2.6694816796751408,-0.13046484289768995,map,8,0,0.31473768669310059,-0.031339173066442183,9201000000
S1,no_observed_dynamic,243,9251000000,0,1,"solved_soft_dynamic","solved",60,0.31485464527759444,-0.021813547271441511,0.31114519501181703,0.50152360206061641,1.0295634093690134,0.35371326227732974,0,0,0.63829800000000003,1.0111320000000001,1,1000000000,1000000000,0,-0.038889851566636935,-0.054674088954925537,14,0,2.6694816796751408,-0.13046484289768995,map,8,0,0.31453687659353641,-0.02677041293756624,9201000000
S1,observed,244,9301000000,0,1,"solved_soft_dynamic","solved",120,0.31621179633279595,-0.020183692331785165,0.31308677653467704,0.52639663245543189,1.0726897822128934,0.36567091579435851,0,0,0.882633,1.308538,1,1000000000,1000000000,0,-0.054674081184202805,-0.054674088954925537,14,0,2.700643815806957,-0.13095979884614903,map,8,0,0.31502220010356158,-0.025590312388606748,9251000000
S1,no_observed_dynamic,244,9301000000,0,1,"solved_soft_dynamic","solved",120,0.31607090941290655,-0.017061632712428214,0.31322906582320176,0.52639663245543189,1.0726894090010861,0.36571842195834398,0,0,0.88433600000000001,1.2470050000000001,1,1000000000,1000000000,0,-0.054674081184202805,-0.054674088954925537,14,0,2.700643815806957,-0.13095979884614903,map,8,0,0.31485464527759444,-0.021813547271441511,9251000000
S1,observed,245,9351000000,0,1,"solved_soft_dynamic","solved",110,0.31531719468096714,-0.015194178978105946,0.31340461831321448,0.56357810563441757,1.0829754770591817,0.35287097365705827,0,0,0.84550800000000004,1.264173,1,1000000000,1000000000,0,-0.054674081184202805,-0.071019746363162994,14,0,2.7318742081852214,-0.13163073939186051,map,8,0,0.31621179633279595,-0.020183692331785165,9301000000
S1,no_observed_dynamic,245,9351000000,0,1,"solved_soft_dynamic","solved",110,0.31519764209725126,-0.01261332156732491,0.31347121352802126,0.56357810563441757,1.0829738535624407,0.35289117977910156,0,0,0.83736900000000003,1.2124790000000001,1,1000000000,1000000000,0,-0.054674081184202805,-0.071019746363162994,14,0,2.7318742081852214,-0.13163073939186051,map,8,0,0.31607090941290655,-0.017061632712428214,9301000000
S1,observed,246,9401000000,0,1,"solved_soft_dynamic","solved",120,0.31558021720929674,-0.010714365747817005,0.31429174881325583,0.58820769590220223,1.1259814776825661,0.36378324782588206,0,0,0.88498500000000002,1.3124169999999999,1,1000000000,1000000000,0,-0.07101973460521549,-0.071019746363162994,14,0,2.7623342364755583,-0.13165352991616588,map,8,0,0.31531719468096714,-0.015194178978105946,9351000000
S1,no_observed_dynamic,246,9401000000,0,1,"solved_soft_dynamic","solved",120,0.31547848431030429,-0.0085808819823643689,0.31432368738137462,0.58820769590220223,1.1259794548832849,0.36378862422854069,0,0,0.87698699999999996,1.24691,1,1000000000,1000000000,0,-0.07101973460521549,-0.071019746363162994,14,0,2.7623342364755583,-0.13165352991616588,map,8,0,0.31519764209725126,-0.01261332156732491,9351000000
S1,observed,247,9451000000,0,1,"solved_soft_dynamic","solved",100,0.31782322142767266,-0.015903768093936961,0.31783608347206627,0.023943815243135408,0.57182561461981163,0.36176812237183442,0,0,0.79344099999999995,2.3110359999999996,0,1000000000,1000000000,0,-0.07101973460521549,-0.085986711084842682,14,0,2.792925093949211,-0.13194551518443645,map,9,1,0.31558021720929674,-0.010714365747817005,9401000000
S1,no_observed_dynamic,247,9451000000,0,1,"solved_soft_dynamic","solved",100,0.31773409401436947,-0.014140038259700526,0.317745517969171,0.023943815243135408,0.57181662817011081,0.36171304099729173,0,0,0.794049,1.1610419999999999,0,1000000000,1000000000,0,-0.07101973460521549,-0.085986711084842682,14,0,2.792925093949211,-0.13194551518443645,map,9,0,0.31547848431030429,-0.0085808819823643689,9401000000
S1,observed,248,9501000000,0,1,"solved_soft_dynamic","solved",110,0.31709934360187297,-0.020314953778657927,0.31710830202153645,0.048195219533342,0.5785351217051562,0.36312328797713955,0,0,0.82768200000000003,1.2984610000000001,1,1000000000,1000000000,0,-0.085986699559725821,-0.085986711084842682,14,0,2.8227789461489023,-0.13170465504091461,map,9,0,0.31782322142767266,-0.015903768093936961,9451000000
S1,no_observed_dynamic,248,9501000000,0,1,"solved_soft_dynamic","solved",110,0.31702125218367871,-0.018856893872600929,0.31702956541242305,0.048195219533342,0.5785272188001811,0.36307509144298417,0,0,0.83317000000000008,1.197001,1,1000000000,1000000000,0,-0.085986699559725821,-0.085986711084842682,14,0,2.8227789461489023,-0.13170465504091461,map,9,0,0.31773409401436947,-0.014140038259700526,9451000000
S1,observed,249,9551000000,0,1,"solved_soft_dynamic","solved",110,0.31840693357253991,-0.023928885995020108,0.31842509718984785,0.084154059585356406,0.62482717686863731,0.3599720409766668,0,0,0.88668599999999997,1.3176760000000001,1,1000000000,1000000000,0,-0.085986699559725821,-0.11599232256412506,13,0,2.8527498910221607,-0.13173610666858115,map,9,0,0.31709934360187297,-0.020314953778657927,9501000000
S1,no_observed_dynamic,249,9551000000,0,1,"solved_soft_dynamic","solved",100,0.31833863882497698,-0.022723539014562769,0.31835588285566285,0.084154059585356406,0.62482060492580682,0.35993022994301072,0,0,0.82619399999999998,1.187802,1,1000000000,1000000000,0,-0.085986699559725821,-0.11599232256412506,13,0,2.8527498910221607,-0.13173610666858115,map,9,0,0.31702125218367871,-0.018856893872600929,9501000000
S1,observed,250,9601000000,0,1,"solved_soft_dynamic","solved",100,0.31868680023093643,-0.02680735626740316,0.31871727010799888,0.13146037474784156,0.63807496826515286,0.33315599720095207,0,0,0.804392,1.2286459999999999,1,1000000000,1000000000,0,-0.1159923049272038,-0.11599232256412506,14,0,2.8820694779777285,-0.13206832854086448,map,9,0,0.31840693357253991,-0.023928885995020108,9551000000
S1,no_observed_dynamic,250,9601000000,0,1,"solved_soft_dynamic","solved",100,0.31862767329548519,-0.025810948862050181,0.31865700291423144,0.13146037474784156,0.63807006750082751,0.33312169671162301,0,0,0.79058600000000001,1.160412,1,1000000000,1000000000,0,-0.1159923049272038,-0.11599232256412506,14,0,2.8820694779777285,-0.13206832854086448,map,9,0,0.31833863882497698,-0.022723539014562769,9551000000
S1,observed,251,9651000000,0,1,"solved_soft_dynamic","solved",120,0.31913259124622262,-0.028837947054201715,0.31916538465658023,0.14323038932284179,0.67749594833419535,0.35856956942110824,0,0,0.928956,1.358595,1,1000000000,1000000000,0,-0.1159923049272038,-0.13309749960899353,14,0,2.911493794754314,-0.13248451285478158,map,9,0,0.31868680023093643,-0.02680735626740316,9601000000
S1,no_observed_dynamic,251,9651000000,0,1,"solved_soft_dynamic","solved",120,0.31908139023434273,-0.028014263079968408,0.31911324104734456,0.14323038932284179,0.67749167037666025,0.35853978236694678,0,0,0.88883299999999998,1.2610669999999999,1,1000000000,1000000000,0,-0.1159923049272038,-0.13309749960899353,14,0,2.911493794754314,-0.13248451285478158,map,9,0,0.31862767329548519,-0.025810948862050181,9601000000
S1,observed,252,9701000000,0,1,"solved_soft_dynamic","solved",110,0.3224318958756956,-0.029914846856652133,0.32248075613809896,0.19008085464361454,0.72687029816271909,0.34267775057631733,0,0,0.83911800000000003,1.2637910000000001,1,1000000000,1000000000,0,-0.13309747737366706,-0.13309749960899353,14,0,2.9406940800066068,-0.13289018777474806,map,9,0,0.31913259124622262,-0.028837947054201715,9651000000
S1,no_observed_dynamic,252,9701000000,0,1,"solved_soft_dynamic","solved",110,0.32238883609683322,-0.029233932472388258,0.32243657430690209,0.19008085464361454,0.72686775338787513,0.34265620468253527,0,0,0.82406500000000005,1.2010890000000001,1,1000000000,1000000000,0,-0.13309747737366706,-0.13309749960899353,14,0,2.9406940800066068,-0.13289018777474806,map,9,0,0.31908139023434273,-0.028014263079968408,9651000000
S1,observed,253,9751000000,0,1,"solved_soft_dynamic","solved",120,0.32174437893652863,-0.030412676703409979,0.32179406052968063,0.20177720634536991,0.72999861749956985,0.35874905779781235,0,0,0.89207900000000007,1.3314869999999999,1,1000000000,1000000000,0,-0.13309747737366706,-0.15128421783447266,14,0,2.9699336293950465,-0.13346706117699503,map,9,0,0.3224318958756956,-0.029914846856652133,9701000000
S1,no_observed_dynamic,253,9751000000,0,1,"solved_soft_dynamic","solved",120,0.32170808641571952,-0.029849789553558728,0.3217568404499726,0.20177720634536991,0.72999651835628854,0.35873060720148447,0,0,0.876363,1.248151,1,1000000000,1000000000,0,-0.13309747737366706,-0.15128421783447266,14,0,2.9699336293950465,-0.13346706117699503,map,9,0,0.32238883609683322,-0.029233932472388258,9701000000
S1,observed,254,9801000000,0,1,"solved_soft_dynamic","solved",100,0.32320662226680807,-0.029941571321599324,0.32327296923809412,0.23642965337498176,0.77579144357312868,0.35596734693505755,0,0,0.83154899999999998,1.2595510000000001,1,1000000000,1000000000,0,-0.15128419909160584,-0.15128421783447266,14,0,2.9985156380103715,-0.1338619207080147,map,9,0,0.32174437893652863,-0.030412676703409979,9751000000
S1,no_observed_dynamic,254,9801000000,0,1,"solved_soft_dynamic","solved",120,0.32317661058750202,-0.029476229798383852,0.32324191385633416,0.23642965337498176,0.77579022753893978,0.355953490275356,0,0,0.90120800000000001,1.2855500000000002,1,1000000000,1000000000,0,-0.15128419909160584,-0.15128421783447266,14,0,2.9985156380103715,-0.1338619207080147,map,9,0,0.32170808641571952,-0.029849789553558728,9751000000
S1,observed,255,9851000000,0,1,"solved_soft_dynamic","solved",110,0.32187196097850462,-0.028880186426509205,0.32194579396944084,0.25937393678254644,0.78206062705825197,0.35738964940316803,0,0,0.84285700000000008,1.264381,1,1000000000,1000000000,0,-0.15128419909160584,-0.15128421783447266,14,0,3.0272001602513003,-0.13451074570127053,map,9,0,0.32320662226680807,-0.029941571321599324,9801000000
S1,no_observed_dynamic,255,9851000000,0,1,"solved_soft_dynamic","solved",110,0.32184735339747433,-0.02849547652889119,0.32192018852411225,0.25937393678254644,0.78205976779861097,0.3573787115505192,0,0,0.81114600000000003,1.1796219999999999,1,1000000000,1000000000,0,-0.15128419909160584,-0.15128421783447266,14,0,3.0272001602513003,-0.13451074570127053,map,9,0,0.32317661058750202,-0.029476229798383852,9801000000
S1,observed,256,9901000000,0,1,"solved_soft_dynamic","solved",90,0.32275096112059443,-0.026656831102053989,0.32282767073301932,0.29378849397149437,0.82782383769163226,0.35470150173992698,0,0,0.77405400000000002,1.2054670000000001,1,1000000000,1000000000,0,-0.15128419909160584,-0.15650509297847748,14,0,3.0558777152918979,-0.13542251921600873,map,9,0,0.32187196097850462,-0.028880186426509205,9851000000
S1,no_observed_dynamic,256,9901000000,0,1,"solved_soft_dynamic","solved",90,0.3227311434090791,-0.026338762924177094,0.32280692128440175,0.29378849397149437,0.82782332936832792,0.35469357901519794,0,0,0.77703199999999994,1.1527370000000001,1,1000000000,1000000000,0,-0.15128419909160584,-0.15650509297847748,14,0,3.0558777152918979,-0.13542251921600873,map,9,0,0.32184735339747433,-0.02849547652889119,9851000000
S1,observed,257,9951000000,0,1,"solved_soft_dynamic","solved",110,0.32112740466593759,-0.024027030275057204,0.32120555382314303,0.31607611701723159,0.833902020370765,0.35544176709175734,0,0,0.83301000000000003,1.249749,1,1000000000,1000000000,0,-0.15650507702957839,-0.15260474383831024,14,0,3.0830883509127802,-0.13575971345746307,map,9,0,0.32275096112059443,-0.026656831102053989,9901000000
S1,no_observed_dynamic,257,9951000000,0,1,"solved_soft_dynamic","solved",110,0.32111164514747442,-0.023764050779906881,0.32118891959081308,0.31607611701723159,0.83390174510529402,0.3554359756830191,0,0,0.84689800000000004,1.214836,1,1000000000,1000000000,0,-0.15650507702957839,-0.15260474383831024,14,0,3.0830883509127802,-0.13575971345746307,map,9,0,0.3227311434090791,-0.026338762924177094,9901000000
S1,observed,258,10001000000,0,1,"solved_soft_dynamic","solved",60,0.32191866199440478,-0.020908134226905149,0.32199307074421729,0.34820397115614216,0.87906114806279478,0.35283494546123945,0,0,0.629305,1.0839590000000001,1,1000000000,1000000000,0,-0.15260472719091922,-0.15260474383831024,14,0,3.1093462243723131,-0.13566906819883351,map,9,0,0.32112740466593759,-0.024027030275057204,9951000000
S1,no_observed_dynamic,258,10001000000,0,1,"solved_soft_dynamic","solved",60,0.32190607227828244,-0.020690710968425254,0.32197968489010054,0.34820397115614216,0.87906088556542494,0.3528301370082022,0,0,0.62449999999999994,0.99639999999999995,1,1000000000,1000000000,0,-0.15260472719091922,-0.15260474383831024,14,0,3.1093462243723131,-0.13566906819883351,map,9,0,0.32111164514747442,-0.023764050779906881,9951000000
S1,observed,259,10051000000,0,1,"solved_soft_dynamic","solved",110,0.32023966147620675,-0.017553115655622953,0.32030925973460472,0.36931754464211591,0.884801372970629,0.35425430522296397,0,0,0.81679900000000005,1.2371179999999999,1,1000000000,1000000000,0,-0.15260472719091922,-0.15314635634422302,14,0,3.135746176602149,-0.13585927456594432,map,9,0,0.32191866199440478,-0.020908134226905149,10001000000
S1,no_observed_dynamic,259,10051000000,0,1,"solved_soft_dynamic","solved",110,0.32022946075763997,-0.017373368468860288,0.32029831857330165,0.36931754464211591,0.88480127980197731,0.35424978556676329,0,0,0.82089200000000007,1.1968479999999999,1,1000000000,1000000000,0,-0.15260472719091922,-0.15314635634422302,14,0,3.135746176602149,-0.13585927456594432,map,9,0,0.32190607227828244,-0.020690710968425254,10001000000
S1,observed,260,10101000000,0,1,"solved_soft_dynamic","solved",60,0.3210500370830856,-0.014080759248805598,0.32111016624242916,0.4002011752535698,0.92961669124832269,0.35064340105183106,0,0,0.641181,1.0611030000000001,1,1000000000,1000000000,0,-0.15314633492380381,-0.15314635634422302,14,0,3.1608906845484737,-0.13563061987592942,map,9,0,0.32023966147620675,-0.017553115655622953,10051000000
S1,no_observed_dynamic,260,10101000000,0,1,"solved_soft_dynamic","solved",60,0.32104166287322056,-0.013932174005596522,0.32110112329106744,0.4002011752535698,0.92961667233215273,0.35064431766061605,0,0,0.65061100000000005,1.020319,1,1000000000,1000000000,0,-0.15314633492380381,-0.15314635634422302,14,0,3.1608906845484737,-0.13563061987592942,map,9,0,0.32022946075763997,-0.017373368468860288,10051000000
S1,observed,261,10151000000,0,1,"solved_soft_dynamic","solved",110,0.31959831912311526,-0.010701401584756895,0.31488229417469443,0.42246380563966635,0.93572051431397962,0.34837388017235743,0,0,0.84085100000000002,1.2661739999999999,1,1000000000,1000000000,0,-0.15314633492380381,-0.13775232434272766,14,0,3.1861828559854883,-0.13565905434177844,map,9,0,0.3210500370830856,-0.014080759248805598,10101000000
S1,no_observed_dynamic,261,10151000000,0,1,"solved_soft_dynamic","solved",110,0.31959134309100101,-0.010578578755961209,0.31489273712977944,0.42246380563966635,0.93572054111919145,0.34837780363419174,0,0,0.84275299999999997,1.2161550000000001,1,1000000000,1000000000,0,-0.15314633492380381,-0.13775232434272766,14,0,3.1861828559854883,-0.13565905434177844,map,9,0,0.32104166287322056,-0.013932174005596522,10101000000
S1,observed,262,10201000000,0,1,"solved_soft_dynamic","solved",60,0.32067250124945484,-0.0075165182045496218,0.31741179624489102,0.45149213210176631,0.9800863248135302,0.34758534731489737,0,0,0.64478199999999997,1.0740910000000001,1,1000000000,1000000000,0,-0.13775230036117136,-0.13775232434272766,14,0,3.2100635438341931,-0.13528469554027203,map,9,0,0.31959831912311526,-0.010701401584756895,10151000000
S1,no_observed_dynamic,262,10201000000,0,1,"solved_soft_dynamic","solved",60,0.32066665966117952,-0.0074149897340498837,0.31741827169761971,0.45149213210176631,0.98008627307839957,0.34758776345234876,0,0,0.63790600000000008,1.0113640000000002,1,1000000000,1000000000,0,-0.13775230036117136,-0.13775232434272766,14,0,3.2100635438341931,-0.13528469554027203,map,9,0,0.31959134309100101,-0.010578578755961209,10151000000
S1,observed,263,10251000000,0,1,"solved_soft_dynamic","solved",110,0.3194137699993761,-0.0046137841195722663,0.31695071057693902,0.4705219513003468,0.98533266659444008,0.34923014791308232,0,0,0.860954,1.2910330000000001,1,1000000000,1000000000,0,-0.13775230036117136,-0.1367342472076416,14,0,3.2340928295112712,-0.13513373914409307,map,9,0,0.32067250124945484,-0.0075165182045496218,10201000000
S1,no_observed_dynamic,263,10251000000,0,1,"solved_soft_dynamic","solved",110,0.31940884279377635,-0.0045298580903106699,0.31695508144545065,0.4705219513003468,0.985332564053086,0.34923151234242228,0,0,0.8316079999999999,1.2049999999999998,1,1000000000,1000000000,0,-0.13775230036117136,-0.1367342472076416,14,0,3.2340928295112712,-0.13513373914409307,map,9,0,0.32066665966117952,-0.0074149897340498837,10201000000
S1,observed,264,10301000000,0,1,"solved_soft_dynamic","solved",120,0.32079045343667523,-0.0019878128330298502,0.31913879604330075,0.49816450861262535,1.0293271758367988,0.34861630016374967,0,0,0.88885899999999995,1.3134410000000001,1,1000000000,1000000000,0,-0.13673423381987959,-0.1367342472076416,14,0,3.256506453975287,-0.13467487711190063,map,9,0,0.3194137699993761,-0.0046137841195722663,10251000000
S1,no_observed_dynamic,264,10301000000,0,1,"solved_soft_dynamic","solved",120,0.32078627790008418,-0.0019184369072711288,0.31914125567092988,0.49816450861262535,1.029327051185204,0.34861696932535191,0,0,0.89664100000000002,1.2720850000000001,1,1000000000,1000000000,0,-0.13673423381987959,-0.1367342472076416,14,0,3.256506453975287,-0.13467487711190063,map,9,0,0.31940884279377635,-0.0045298580903106699,10251000000
S1,observed,265,10351000000,0,1,"solved_soft_dynamic","solved",110,0.31994121601366421,0.00030332186814326393,0.31873613872261725,0.51612720306777538,1.0342872862811916,0.35011608750180551,0,0,0.84561200000000003,1.2732080000000001,1,1000000000,1000000000,0,-0.13673423381987959,-0.12623819708824158,14,0,3.2790639722928061,-0.13440972123576281,map,9,0,0.32079045343667523,-0.0019878128330298502,10301000000
S1,no_observed_dynamic,265,10351000000,0,1,"solved_soft_dynamic","solved",110,0.31993766754665559,0.0003606702537533907,0.31873763115300785,0.51612720306777538,1.0342871548995962,0.35011631983282215,0,0,0.82839399999999996,1.1918530000000001,1,1000000000,1000000000,0,-0.13673423381987959,-0.12623819708824158,14,0,3.2790639722928061,-0.13440972123576281,map,9,0,0.32078627790008418,-0.0019184369072711288,10301000000
S1,observed,266,10401000000,0,1,"solved_soft_dynamic","solved",120,0.32180939980095158,0.0023024370605235992,0.32105051491246789,0.54200765184380439,1.0778142076524784,0.3500925562181198,0,0,0.84843099999999994,1.2748499999999998,1,1000000000,1000000000,0,-0.12623818474821746,-0.12623819708824158,14,0,3.2997818119229447,-0.13377486409730405,map,9,0,0.31994121601366421,0.00030332186814326393,10351000000
S1,no_observed_dynamic,266,10401000000,0,1,"solved_soft_dynamic","solved",120,0.32180636311023991,0.0023498433922962991,0.32105109660588793,0.54200765184380439,1.0778140726253393,0.35009245155360247,0,0,0.879297,1.25288,1,1000000000,1000000000,0,-0.12623818474821746,-0.12623819708824158,14,0,3.2997818119229447,-0.13377486409730405,map,9,0,0.31993766754665559,0.0003606702537533907,10351000000
S1,observed,267,10451000000,0,1,"solved_soft_dynamic","solved",110,0.32190516443965833,-0.0053743592854320248,0.32191864596380154,0.007657033914535134,0.53315463467959689,0.3529109997466478,0,0,0.87620000000000009,2.3674630000000003,0,1000000000,1000000000,0,-0.12623818474821746,-0.12160411477088928,14,0,3.3206238727398283,-0.13331154531085176,map,10,1,0.32180939980095158,0.0023024370605235992,10401000000
S1,no_observed_dynamic,267,10451000000,0,1,"solved_soft_dynamic","solved",110,0.32190250702582979,-0.005335172110887753,0.32191588149967032,0.007657033914535134,0.53315425065751076,0.35290938812297934,0,0,0.86029800000000001,1.2387710000000001,0,1000000000,1000000000,0,-0.12623818474821746,-0.12160411477088928,14,0,3.3206238727398283,-0.13331154531085176,map,10,0,0.32180636311023991,0.0023498433922962991,10401000000
S1,observed,268,10501000000,0,1,"solved_soft_dynamic","solved",100,0.32084716845910438,-0.011948138136599763,0.3208658996172985,0.031606262776213034,0.53994247100580794,0.3429026795870514,0,0,0.78823200000000004,1.209595,1,1000000000,1000000000,0,-0.12160409823991358,-0.12160411477088928,14,0,3.3396979971917982,-0.1324008825014811,map,10,0,0.32190516443965833,-0.0053743592854320248,10451000000
S1,no_observed_dynamic,268,10501000000,0,1,"solved_soft_dynamic","solved",100,0.32084483503284439,-0.011915743534674231,0.32086351429234827,0.031606262776213034,0.5399421512411926,0.34290124451142345,0,0,0.78170400000000007,1.1479509999999999,1,1000000000,1000000000,0,-0.12160409823991358,-0.12160411477088928,14,0,3.3396979971917982,-0.1324008825014811,map,10,0,0.32190250702582979,-0.005335172110887753,10451000000
S1,observed,269,10551000000,0,1,"solved_soft_dynamic","solved",110,0.32194035385088693,-0.017541029166058663,0.32196804437267151,0.046966988285172734,0.58079962382555084,0.35362966892189995,0,0,0.82585700000000006,1.2344109999999999,1,1000000000,1000000000,0,-0.12160409823991358,-0.10223995894193649,14,0,3.3589021727087967,-0.13166058210723888,map,10,0,0.32084716845910438,-0.011948138136599763,10501000000
S1,no_observed_dynamic,269,10551000000,0,1,"solved_soft_dynamic","solved",110,0.32193831458254119,-0.017514251262445851,0.32196596220416801,0.046966988285172734,0.58079935640959868,0.35362844723947273,0,0,0.87874999999999992,1.2481879999999999,1,1000000000,1000000000,0,-0.12160409823991358,-0.10223995894193649,14,0,3.3589021727087967,-0.13166058210723888,map,10,0,0.32084483503284439,-0.011915743534674231,10501000000
S1,observed,270,10601000000,0,1,"solved_soft_dynamic","solved",110,0.32192717379214297,-0.02244851033281544,0.32197539010887705,0.069533646196556734,0.58757298420694604,0.34575870359757371,0,0,0.84029700000000007,1.26172,1,1000000000,1000000000,0,-0.10223994468105957,-0.10223995894193649,14,0,3.3773867409478222,-0.13105641435324933,map,10,0,0.32194035385088693,-0.017541029166058663,10551000000
S1,no_observed_dynamic,270,10601000000,0,1,"solved_soft_dynamic","solved",110,0.32192541151526127,-0.022426376269413399,0.32197357953962785,0.069533646196556734,0.58757275921325014,0.34575770911143344,0,0,0.83125300000000002,1.200034,1,1000000000,1000000000,0,-0.10223994468105957,-0.10223995894193649,14,0,3.3773867409478222,-0.13105641435324933,map,10,0,0.32193831458254119,-0.017514251262445851,10551000000
S1,observed,271,10651000000,0,1,"solved_soft_dynamic","solved",110,0.32391242137010762,-0.026301923287034217,0.32398305194944871,0.084403292835294852,0.62834068227544959,0.3568678466196184,0,0,0.82571700000000003,1.2399579999999999,1,1000000000,1000000000,0,-0.10223994468105957,-0.1069258451461792,14,0,3.3959895987993285,-0.13051816812878,map,10,0,0.32192717379214297,-0.02244851033281544,10601000000
S1,no_observed_dynamic,271,10651000000,0,1,"solved_soft_dynamic","solved",110,0.3239108971248264,-0.026283627727308391,0.32398147773895186,0.084403292835294852,0.62834049252140955,0.3568669779061896,0,0,0.84100799999999998,1.2120220000000002,1,1000000000,1000000000,0,-0.10223994468105957,-0.1069258451461792,14,0,3.3959895987993285,-0.13051816812878,map,10,0,0.32192541151526127,-0.022426376269413399,10601000000
S1,observed,272,10701000000,0,1,"solved_soft_dynamic","solved",80,0.3252018864135654,-0.029600031699890117,0.32530246347652431,0.1057965613391654,0.63648402944737947,0.35094689095765236,0,0,0.70440900000000006,1.1293770000000001,1,1000000000,1000000000,0,-0.10692582873161882,-0.1069258451461792,14,0,3.4131363396422363,-0.13030532544520171,map,10,0,0.32391242137010762,-0.026301923287034217,10651000000
S1,no_observed_dynamic,272,10701000000,0,1,"solved_soft_dynamic","solved",80,0.32520058013256398,-0.029584907764315566,0.32530110481741603,0.1057965613391654,0.63648378298408692,0.35094617907784503,0,0,0.70234200000000002,1.0710740000000001,1,1000000000,1000000000,0,-0.10692582873161882,-0.1069258451461792,14,0,3.4131363396422363,-0.13030532544520171,map,10,0,0.3239108971248264,-0.026283627727308391,10651000000
S1,observed,273,10751000000,0,1,"solved_soft_dynamic","solved",80,0.32489059006590265,-0.03231367736892736,0.32500056846026987,0.1196465413834345,0.64130513004181156,0.35240445055292435,0,0,0.70704899999999993,1.1234550000000001,1,1000000000,1000000000,0,-0.10692582873161882,-0.10260067880153656,14,0,3.4304502233259848,-0.13011326530218281,map,10,0,0.3252018864135654,-0.029600031699890117,10701000000
S1,no_observed_dynamic,273,10751000000,0,1,"solved_soft_dynamic","solved",80,0.32488948324063494,-0.032301174656854288,0.32499941833503293,0.1196465413834345,0.64130493405758493,0.35240388087303243,0,0,0.68500799999999995,1.052446,1,1000000000,1000000000,0,-0.10692582873161882,-0.10260067880153656,14,0,3.4304502233259848,-0.13011326530218281,map,10,0,0.32520058013256398,-0.029584907764315566,10701000000
S1,observed,274,10801000000,0,1,"solved_soft_dynamic","solved",80,0.32775037588270228,-0.034070554798221055,0.32788945700863542,0.1395401009664323,0.68574917211736774,0.35588614600076929,0,0,0.70503799999999994,1.1214280000000001,1,1000000000,1000000000,0,-0.10260066483169794,-0.10260067880153656,14,0,3.4463862957420055,-0.13021267751896101,map,10,0,0.32489059006590265,-0.03231367736892736,10751000000
S1,no_observed_dynamic,274,10801000000,0,1,"solved_soft_dynamic","solved",80,0.32774944555246033,-0.03406021883509424,0.32788848363084,0.1395401009664323,0.68574898624343739,0.35588568499810974,0,0,0.69598399999999994,1.064084,1,1000000000,1000000000,0,-0.10260066483169794,-0.10260067880153656,14,0,3.4463862957420055,-0.13021267751896101,map,10,0,0.32488948324063494,-0.032301174656854288,10751000000
S1,observed,275,10851000000,0,1,"solved_soft_dynamic","solved",70,0.32991813129423325,-0.035402620661834611,0.33006274248351763,0.152421413881622,0.69414606375266052,0.3607722301098899,0,0,0.65517999999999998,1.1207579999999999,1,1000000000,1000000000,0,-0.10260066483169794,-0.099721699953079224,14,0,3.4624875568846627,-0.13032907458884868,map,10,0,0.32775037588270228,-0.034070554798221055,10801000000
S1,no_observed_dynamic,275,10851000000,0,1,"solved_soft_dynamic","solved",70,0.32991735190920252,-0.035394076552539594,0.33006192751379393,0.152421413881622,0.69414588013376144,0.36077185742376533,0,0,0.65329199999999998,1.026189,1,1000000000,1000000000,0,-0.10260066483169794,-0.099721699953079224,14,0,3.4624875568846627,-0.13032907458884868,map,10,0,0.32774944555246033,-0.03406021883509424,10801000000
S1,observed,276,10901000000,0,1,"solved_soft_dynamic","solved",70,0.33139743002075828,-0.036108503509953115,0.33157662602428906,0.17075927258433496,0.69986540784059115,0.35547734023072619,0,0,0.64815900000000004,1.0681690000000001,1,1000000000,1000000000,0,-0.099721684819087386,-0.099721699953079224,14,0,3.4770563064813018,-0.13033862757643647,map,10,0,0.32991813129423325,-0.035402620661834611,10851000000
S1,no_observed_dynamic,276,10901000000,0,1,"solved_soft_dynamic","solved",70,0.33139678441906184,-0.036101440536689865,0.33157594454262695,0.17075927258433496,0.69986527844582946,0.35547704939014135,0,0,0.64162300000000005,1.0151559999999999,1,1000000000,1000000000,0,-0.099721684819087386,-0.099721699953079224,14,0,3.4770563064813018,-0.13033862757643647,map,10,0,0.32991735190920252,-0.035394076552539594,10851000000
S1,observed,277,10951000000,0,1,"solved_soft_dynamic","solved",70,0.33208660439224247,-0.036419112936953574,0.33229745116636894,0.18254231741281959,0.7078191071967781,0.35837230280620852,0,0,0.64823399999999998,1.0668489999999999,1,1000000000,1000000000,0,-0.099721684819087386,-0.076247565448284149,14,0,3.4918068934631967,-0.13042144107446882,map,10,0,0.33139743002075828,-0.036108503509953115,10901000000
S1,no_observed_dynamic,277,10951000000,0,1,"solved_soft_dynamic","solved",70,0.3320860668038314,-0.036413274681769581,0.33229687884452724,0.18254231741281959,0.70781898163657675,0.35837205327989385,0,0,0.65286200000000005,1.0188549999999998,1,1000000000,1000000000,0,-0.099721684819087386,-0.076247565448284149,14,0,3.4918068934631967,-0.13042144107446882,map,10,0,0.33139678441906184,-0.036101440536689865,10901000000
S1,observed,278,11001000000,0,1,"solved_soft_dynamic","solved",50,0.3353648239350478,-0.035959150059421005,0.33557287546311987,0.19964175893414907,0.74644172589613422,0.36212217542648889,0,0,0.58740899999999996,1.0024439999999999,1,1000000000,1000000000,0,-0.076247553806751966,-0.076247565448284149,14,0,3.5056153456437138,-0.12979433061356388,map,10,0,0.33208660439224247,-0.036419112936953574,10951000000
S1,no_observed_dynamic,278,11001000000,0,1,"solved_soft_dynamic","solved",50,0.33536438763930626,-0.035954325013000159,0.33557241046167147,0.19964175893414907,0.74644172589613422,0.36212201704163699,0,0,0.55833699999999997,0.93015899999999996,1,1000000000,1000000000,0,-0.076247553806751966,-0.076247565448284149,14,0,3.5056153456437138,-0.12979433061356388,map,10,0,0.3320860668038314,-0.036413274681769581,10951000000
S1,observed,279,11051000000,0,1,"solved_soft_dynamic","solved",50,0.33916990238412625,-0.035000624056979152,0.33940821485582179,0.21076312887082238,0.74644172589613422,0.37012781889370333,0,0,0.566388,0.98983199999999993,1,1000000000,1000000000,0,-0.076247553806751966,-0.066393472254276276,14,0,3.5195499829201862,-0.12933034023242487,map,10,0,0.3353648239350478,-0.035959150059421005,11001000000
S1,no_observed_dynamic,279,11051000000,0,1,"solved_soft_dynamic","solved",50,0.3391695558380769,-0.03499663624371261,0.33940784020589321,0.21076312887082238,0.74644172589613411,0.37012771776176362,0,0,0.55168200000000001,0.92052800000000001,1,1000000000,1000000000,0,-0.076247553806751966,-0.066393472254276276,14,0,3.5195499829201862,-0.12933034023242487,map,10,0,0.33536438763930626,-0.035954325013000159,11001000000
S1,observed,280,11101000000,0,1,"solved_soft_dynamic","solved",40,0.34277673465748254,-0.03381328381862575,0.34300658722958111,0.22728111639726076,0.74644172589613411,0.36836398711824342,0,0,0.50697700000000001,0.92951499999999998,1,1000000000,1000000000,0,-0.066393462475389242,-0.066393472254276276,14,0,3.5331865525756792,-0.12816224811217619,map,10,0,0.33916990238412625,-0.035000624056979152,11051000000
S1,no_observed_dynamic,280,11101000000,0,1,"solved_soft_dynamic","solved",40,0.34277646469413364,-0.033809987877328605,0.34300629403787103,0.22728111639726076,0.74644172589613411,0.36836392675930368,0,0,0.51559900000000003,0.89511600000000002,1,1000000000,1000000000,0,-0.066393462475389242,-0.066393472254276276,14,0,3.5331865525756792,-0.12816224811217619,map,10,0,0.3391695558380769,-0.03499663624371261,11051000000
S1,observed,281,11151000000,0,1,"solved_soft_dynamic","solved",50,0.34337353873364346,-0.03227435557167873,0.34362196661746258,0.23273242440673875,0.74644172589613422,0.37015148848504575,0,0,0.55911899999999992,0.97985999999999995,1,1000000000,1000000000,0,-0.066393462475389242,0.028453856706619263,14,0,3.5468797846748839,-0.12713772059162334,map,10,0,0.34277673465748254,-0.03381328381862575,11101000000
S1,no_observed_dynamic,281,11151000000,0,1,"solved_soft_dynamic","solved",50,0.34337332940938975,-0.032271630752508572,0.34362173538870516,0.23273242440673875,0.74644172589613422,0.37015144155511281,0,0,0.552338,0.920628,1,1000000000,1000000000,0,-0.066393462475389242,0.028453856706619263,14,0,3.5468797846748839,-0.12713772059162334,map,10,0,0.34277646469413364,-0.033809987877328605,11101000000
S1,observed,282,11201000000,0,1,"solved_soft_dynamic","solved",40,0.34503563670595738,-0.030439732244977702,0.34526925797037755,0.25470020540815425,0.74644172589613411,0.36252914509264833,0,0,0.51112499999999994,0.92817099999999997,1,1000000000,1000000000,0,0.0066064067169691043,0.028453856706619263,14,0,3.5606948124639484,-0.1252747720665939,map,10,0,0.34337353873364346,-0.03227435557167873,11151000000
S1,no_observed_dynamic,282,11201000000,0,1,"solved_soft_dynamic","solved",40,0.34503547696602421,-0.030437479266894468,0.34526908011858498,0.25470020540815425,0.746441725896134,0.36252911812289029,0,0,0.50838000000000005,0.8834510000000001,1,1000000000,1000000000,0,0.0066064067169691043,0.028453856706619263,14,0,3.5606948124639484,-0.1252747720665939,map,10,0,0.34337332940938975,-0.032271630752508572,11151000000
S1,observed,283,11251000000,0,1,"solved_soft_dynamic","solved",40,0.34585662155017682,-0.028746320194714875,0.34610920670558215,0.27121269996640385,0.74644172589613422,0.35719308583532905,0,0,0.51237999999999995,0.93302099999999999,1,1000000000,1000000000,0,0.029053828802716453,0.10912671685218811,14,0,3.5745066406381936,-0.12349514676236129,map,10,0,0.34503563670595738,-0.030439732244977702,11201000000
S1,no_observed_dynamic,283,11251000000,0,1,"solved_soft_dynamic","solved",40,0.34585650243673416,-0.028744457079312266,0.34610907025563697,0.27121269996640385,0.74644172589613422,0.3571930759042134,0,0,0.52162500000000001,0.88978299999999999,1,1000000000,1000000000,0,0.029053828802716453,0.10912671685218811,14,0,3.5745066406381936,-0.12349514676236129,map,10,0,0.34503547696602421,-0.030437479266894468,11201000000
S1,observed,284,11301000000,0,1,"solved_soft_dynamic","solved",50,0.34454027008884203,-0.027449525654914708,0.34480799663892081,0.28251092423596247,0.74644172589613411,0.3553716176196921,0,0,0.56201600000000007,0.97506000000000004,1,1000000000,1000000000,0,0.10298831475665793,0.10912671685218811,14,0,3.5887648638926226,-0.1215799341416203,map,10,0,0.34585662155017682,-0.028746320194714875,11251000000
S1,no_observed_dynamic,284,11301000000,0,1,"solved_soft_dynamic","solved",50,0.34454018212241011,-0.027447984938232164,0.34480789259669653,0.28251092423596247,0.74644172589613422,0.3553716120735485,0,0,0.55188400000000004,0.91468400000000005,1,1000000000,1000000000,0,0.10298831475665793,0.10912671685218811,14,0,3.5887648638926226,-0.1215799341416203,map,10,0,0.34585650243673416,-0.028744457079312266,11251000000
S1,observed,285,11351000000,0,1,"solved_soft_dynamic","solved",40,0.34292253471450823,-0.026093978660718917,0.34317620142629951,0.29949205380296345,0.74644172589613411,0.34978658562048875,0,0,0.55996900000000005,0.98030699999999993,1,1000000000,1000000000,0,0.10932669174508192,0.17037376761436462,14,0,3.6029304017433477,-0.1195958967303646,map,10,0,0.34454027008884203,-0.027449525654914708,11301000000
S1,no_observed_dynamic,285,11351000000,0,1,"solved_soft_dynamic","solved",40,0.34292247063743664,-0.026092704296337588,0.3431761240520747,0.29949205380296345,0.74644172589613422,0.34978658381889755,0,0,0.51608999999999994,0.89151800000000003,1,1000000000,1000000000,0,0.10932669174508192,0.17037376761436462,14,0,3.6029304017433477,-0.1195958967303646,map,10,0,0.34454018212241011,-0.027447984938232164,11301000000
S1,observed,286,11401000000,0,1,"solved_soft_dynamic","solved",40,0.33990314287891993,-0.025108183630228459,0.34017693482244776,0.31067879977178037,0.74644172589613422,0.34711762514773298,0,0,0.51053599999999999,0.92912799999999995,1,1000000000,1000000000,0,0.17037373618222773,0.17037376761436462,14,0,3.6169711221091991,-0.11758011311759012,map,10,0,0.34292253471450823,-0.026093978660718917,11351000000
S1,no_observed_dynamic,286,11401000000,0,1,"solved_soft_dynamic","solved",40,0.33990309767462784,-0.025107129291159189,0.3401768771211211,0.31067879977178037,0.74644172589613422,0.34711762952627195,0,0,0.50551699999999999,0.86898900000000001,1,1000000000,1000000000,0,0.17037373618222773,0.17037376761436462,14,0,3.6169711221091991,-0.11758011311759012,map,10,0,0.34292247063743664,-0.026092704296337588,11351000000
S1,observed,287,11451000000,0,1,"solved_soft_dynamic","solved",40,0.33899156175329831,-0.023372909101948943,0.32506133881426402,0.33606519097426185,0.746441725896134,0.3293976776754336,0,0,0.504135,0.91374999999999995,1,1000000000,1000000000,0,0.17097371310228482,0.19896776974201202,14,0,3.6309979900760028,-0.11542116210137855,map,10,0,0.33990314287891993,-0.025108183630228459,11401000000
S1,no_observed_dynamic,287,11451000000,0,1,"solved_soft_dynamic","solved",40,0.33899153088263662,-0.023372036368777518,0.32506150491964247,0.33606519097426185,0.74644172589613422,0.32939777939265097,0,0,0.506193,0.87338899999999997,1,1000000000,1000000000,0,0.17097371310228482,0.19896776974201202,14,0,3.6309979900760028,-0.11542116210137855,map,10,0,0.33990309767462784,-0.025107129291159189,11401000000
S1,observed,288,11501000000,0,1,"solved_soft_dynamic","solved",50,0.34503217961270349,-0.010549448745211808,0.34514934167938877,0,0.38036661043951636,0.35799407984606552,0,0,0.57120399999999993,2.022141,0,1000000000,1000000000,0,0.1989677402889356,0.19896776974201202,14,0,3.6445759969519704,-0.11312065721893749,map,11,1,0.33899156175329831,-0.023372909101948943,11451000000
S1,no_observed_dynamic,288,11501000000,0,1,"solved_soft_dynamic","solved",50,0.34503216143992366,-0.010548725176121064,0.3451493129555076,0,0.38036661043951636,0.35799409548424954,0,0,0.58689500000000006,0.95343100000000003,0,1000000000,1000000000,0,0.1989677402889356,0.19896776974201202,14,0,3.6445759969519704,-0.11312065721893749,map,11,0,0.33899153088263662,-0.023372036368777518,11451000000
S1,observed,289,11551000000,0,1,"solved_soft_dynamic","solved",60,0.33929081787564824,-0.0032391960154720166,0.33930197280357122,0.0053656366314824575,0.38036661043951636,0.32918105171653855,0,0,0.61383599999999994,1.031069,1,1000000000,1000000000,0,0.19916772871511057,0.2080007940530777,14,0,3.6581971081549223,-0.11066686442234712,map,11,0,0.34503217961270349,-0.010549448745211808,11501000000
S1,no_observed_dynamic,289,11551000000,0,1,"solved_soft_dynamic","solved",60,0.33929081007993289,-0.0032385959983808844,0.339301956257619,0.0053656366314824575,0.38036661043951631,0.32918107232070926,0,0,0.60948599999999997,0.97661699999999996,1,1000000000,1000000000,0,0.19916772871511057,0.2080007940530777,14,0,3.6581971081549223,-0.11066686442234712,map,11,0,0.34503216143992366,-0.010548725176121064,11501000000
S1,observed,290,11601000000,0,1,"solved_soft_dynamic","solved",50,0.33104128312548059,0.0020918872438076379,0.33097556327195415,0.015883544149737017,0.38036661043951631,0.31844844485394935,0,0,0.56533,0.98218799999999995,1,1000000000,1000000000,0,0.20800076890736818,0.2080007940530777,14,0,3.6712831310297558,-0.10786310354617662,map,11,0,0.33929081787564824,-0.0032391960154720166,11551000000
S1,no_observed_dynamic,290,11601000000,0,1,"solved_soft_dynamic","solved",50,0.33104128120984766,0.0020923841702982417,0.33097555410900387,0.015883544149737017,0.38036661043951636,0.31844845844318959,0,0,0.572909,0.93945699999999999,1,1000000000,1000000000,0,0.20800076890736818,0.2080007940530777,14,0,3.6712831310297558,-0.10786310354617662,map,11,0,0.33929081007993289,-0.0032385959983808844,11551000000
S1,observed,291,11651000000,0,1,"solved_soft_dynamic","solved",40,0.32450465589519967,0.0065974575652011022,0.32437391892547751,0.031607325139161042,0.38036661043951636,0.31306404831096329,0,0,0.50279199999999991,0.91795799999999994,1,1000000000,1000000000,0,0.20780078048119321,0.2031887024641037,14,0,3.6844158901741233,-0.10493903718106982,map,11,0,0.33104128312548059,0.0020918872438076379,11601000000
S1,no_observed_dynamic,291,11651000000,0,1,"solved_soft_dynamic","solved",40,0.32450465889930907,0.006597869428878759,0.32437391592236142,0.031607325139161042,0.38036661043951631,0.31306406450728241,0,0,0.50925900000000002,0.87369699999999995,1,1000000000,1000000000,0,0.20780078048119321,0.2031887024641037,14,0,3.6844158901741233,-0.10493903718106982,map,11,0,0.33104128120984766,0.0020923841702982417,11601000000
S1,observed,292,11701000000,0,1,"solved_soft_dynamic","solved",40,0.31765868592650021,0.0097400597540834282,0.31754861678966184,0.041708031676742155,0.3803666104395162,0.30975683524755981,0,0,0.51668099999999995,0.93575699999999995,1,1000000000,1000000000,0,0.20318866882007569,0.2031887024641037,14,0,3.6969988910967819,-0.10165041944847908,map,11,0,0.32450465589519967,0.0065974575652011022,11651000000
S1,no_observed_dynamic,292,11701000000,0,1,"solved_soft_dynamic","solved",40,0.31765869328800028,0.0097404015250499923,0.31754862081842572,0.041708031676742155,0.38036661043951625,0.30975685448591683,0,0,0.51310199999999995,0.88208900000000001,1,1000000000,1000000000,0,0.20318866882007569,0.2031887024641037,14,0,3.6969988910967819,-0.10165041944847908,map,11,0,0.32450465889930907,0.006597869428878759,11651000000
S1,observed,293,11751000000,0,1,"solved_soft_dynamic","solved",40,0.3120224953201976,0.012362888325732648,0.31188712061000828,0.056838030672655596,0.38036661043951642,0.30434544300435307,0,0,0.5046989999999999,0.92558300000000004,1,1000000000,1000000000,0,0.20298868184909225,0.19181129336357117,14,0,3.7096249171364319,-0.098257613514625572,map,11,0,0.31765868592650021,0.0097400597540834282,11701000000
S1,no_observed_dynamic,293,11751000000,0,1,"solved_soft_dynamic","solved",40,0.31202250626729183,0.01236317229162094,0.3118871287878156,0.056838030672655596,0.38036661043951625,0.30434546358203596,0,0,0.50259700000000007,0.87129799999999991,1,1000000000,1000000000,0,0.20298868184909225,0.19181129336357117,14,0,3.7096249171364319,-0.098257613514625572,map,11,0,0.31765869328800028,0.0097404015250499923,11701000000
S1,observed,294,11801000000,0,1,"solved_soft_dynamic","solved",50,0.3044175346793655,0.01328570749188362,0.30421803325107605,0.061685273758305049,0.38036661043951636,0.30265140573323585,0,0,0.55913800000000002,0.98034100000000002,1,1000000000,1000000000,0,0.1918112684506923,0.19181129336357117,14,0,3.7216828816765171,-0.094691590488850036,map,11,0,0.3120224953201976,0.012362888325732648,11751000000
S1,no_observed_dynamic,294,11801000000,0,1,"solved_soft_dynamic","solved",50,0.30441754795598147,0.013285943500067624,0.30421804344391373,0.061685273758305049,0.38036661043951625,0.3026514251042885,0,0,0.54994799999999999,0.92468700000000004,1,1000000000,1000000000,0,0.1918112684506923,0.19181129336357117,14,0,3.7216828816765171,-0.094691590488850036,map,11,0,0.31202250626729183,0.01236317229162094,11751000000
S1,observed,295,11851000000,0,1,"solved_soft_dynamic","solved",40,0.29948098500925496,0.014787472508829709,0.29926228923875253,0.080996918154572203,0.38036661043951631,0.29562822915811104,0,0,0.50301999999999991,0.91938299999999995,1,1000000000,1000000000,0,0.19161128002451733,0.17021895945072174,14,0,3.7337689073080678,-0.090955518040746225,map,11,0,0.3044175346793655,0.01328570749188362,11801000000
S1,no_observed_dynamic,295,11851000000,0,1,"solved_soft_dynamic","solved",40,0.29948100005620637,0.014787668961800657,0.29926230171842916,0.080996918154572203,0.38036661043951631,0.29562824897526191,0,0,0.49899000000000004,0.861232,1,1000000000,1000000000,0,0.19161128002451733,0.17021895945072174,14,0,3.7337689073080678,-0.090955518040746225,map,11,0,0.30441754795598147,0.013285943500067624,11801000000
S1,observed,296,11901000000,0,1,"solved_soft_dynamic","solved",50,0.29274617890776461,0.014811805730479266,0.2924674161770629,0.085564712071063434,0.38036661043951636,0.29463893275587205,0,0,0.55501,0.96918899999999997,1,1000000000,1000000000,0,0.17021893290802836,0.17021895945072174,14,0,3.7451664135789535,-0.087400360523213691,map,11,0,0.29948098500925496,0.014787472508829709,11851000000
S1,no_observed_dynamic,296,11901000000,0,1,"solved_soft_dynamic","solved",50,0.29274619499498566,0.014811969417709089,0.29246742960713018,0.085564712071063434,0.38036661043951636,0.29463895185462546,0,0,0.56847300000000001,0.93379499999999993,1,1000000000,1000000000,0,0.17021893290802836,0.17021895945072174,14,0,3.7451664135789535,-0.087400360523213691,map,11,0,0.29948100005620637,0.014787668961800657,11851000000
S1,observed,297,11951000000,0,1,"solved_soft_dynamic","solved",50,0.28853298857076171,0.01586086442469873,0.28823776418241659,0.10383351419706185,0.38036661043951636,0.28953517647335952,0,0,0.568747,0.98202400000000001,1,1000000000,1000000000,0,0.1700189444818534,0.14658492803573608,14,0,3.7566162104745668,-0.083650414464820508,map,11,0,0.29274617890776461,0.014811805730479266,11901000000
S1,no_observed_dynamic,297,11951000000,0,1,"solved_soft_dynamic","solved",50,0.2885330052515897,0.015861001124177401,0.28823777864375905,0.10383351419706185,0.38036661043951636,0.28953519504058561,0,0,0.55140400000000001,0.91598299999999999,1,1000000000,1000000000,0,0.1700189444818534,0.14658492803573608,14,0,3.7566162104745668,-0.083650414464820508,map,11,0,0.29274619499498566,0.014811969417709089,11901000000
S1,observed,298,12001000000,0,1,"solved_soft_dynamic","solved",50,0.28235962199745906,0.015678897333638187,0.28206816129191065,0.10815661227689041,0.38036661043951636,0.28829324384609523,0,0,0.55776399999999993,0.965005,1,1000000000,1000000000,0,0.14658491563750431,0.14658492803573608,14,0,3.7673057794545688,-0.080317720370192025,map,11,0,0.28853298857076171,0.01586086442469873,11951000000
S1,no_observed_dynamic,298,12001000000,0,1,"solved_soft_dynamic","solved",50,0.2823596387832028,0.015679011563591722,0.28206817622261493,0.10815661227689041,0.38036661043951636,0.28829326138491601,0,0,0.55381400000000003,0.91667799999999999,1,1000000000,1000000000,0,0.14658491563750431,0.14658492803573608,14,0,3.7673057794545688,-0.080317720370192025,map,11,0,0.2885330052515897,0.015861001124177401,11951000000
S1,observed,299,12051000000,0,1,"solved_soft_dynamic","solved",60,0.27829162954706643,0.016581062225945534,0.27789306692831656,0.12521662248546872,0.38036661043951636,0.28354925087326455,0,0,0.60096300000000002,1.0070560000000002,1,1000000000,1000000000,0,0.14638491702498868,0.12491252273321152,13,0,3.7780664901165966,-0.076785000673821574,map,11,0,0.28235962199745906,0.015678897333638187,12001000000
S1,no_observed_dynamic,299,12051000000,0,1,"solved_soft_dynamic","solved",60,0.27829164598496292,0.01658115778739,0.27789308140302327,0.12521662248546872,0.38036661043951625,0.28354926681127873,0,0,0.59761700000000006,0.96361600000000003,1,1000000000,1000000000,0,0.14638491702498868,0.12491252273321152,13,0,3.7780664901165966,-0.076785000673821574,map,11,0,0.2823596387832028,0.015679011563591722,12001000000
S1,observed,300,12101000000,0,1,"solved_soft_dynamic","solved",50,0.27235495455353348,0.016430384104545774,0.27196073047282648,0.12926221835252497,0.38036661043951625,0.2822115005952085,0,0,0.56380799999999998,0.97654600000000003,1,1000000000,1000000000,0,0.12491250527091324,0.12491252273321152,14,0,3.7880731502391356,-0.073811314124147667,map,11,0,0.27829162954706643,0.016581062225945534,12051000000
S1,no_observed_dynamic,300,12101000000,0,1,"solved_soft_dynamic","solved",50,0.27235497034518041,0.01643046408567651,0.271960744620934,0.12926221835252497,0.38036661043951625,0.2822115150200824,0,0,0.54501599999999994,0.90856700000000001,1,1000000000,1000000000,0,0.12491250527091324,0.12491252273321152,14,0,3.7880731502391356,-0.073811314124147667,map,11,0,0.27829164598496292,0.01658115778739,12051000000
S1,observed,301,12151000000,0,1,"solved_soft_dynamic","solved",60,0.26825900864534397,0.017510271173893557,0.26774787584265036,0.14520120556155033,0.38036661043951625,0.27821436064003585,0,0,0.60208600000000001,1.0167809999999999,1,1000000000,1000000000,0,0.12471251684473827,0.10508213192224503,14,0,3.7981600901584409,-0.070645384738214717,map,11,0,0.27235495455353348,0.016430384104545774,12101000000
S1,no_observed_dynamic,301,12151000000,0,1,"solved_soft_dynamic","solved",60,0.26825902358719567,0.017510338239111439,0.2677478891324192,0.14520120556155033,0.38036661043951625,0.27821437385989017,0,0,0.60880299999999998,0.97417999999999993,1,1000000000,1000000000,0,0.12471251684473827,0.10508213192224503,14,0,3.7981600901584409,-0.070645384738214717,map,11,0,0.27235497034518041,0.01643046408567651,12101000000
S1,observed,302,12201000000,0,1,"solved_soft_dynamic","solved",40,0.26256891927586407,0.017694347837374259,0.26205498162387125,0.14897331274382294,0.38036661043951631,0.27551801717285762,0,0,0.51868199999999998,0.93724099999999999,1,1000000000,1000000000,0,0.10508211562409997,0.10508213192224503,14,0,3.8074822802508943,-0.068105246601837949,map,11,0,0.26825900864534397,0.017510271173893557,12151000000
S1,no_observed_dynamic,302,12201000000,0,1,"solved_soft_dynamic","solved",40,0.26256893324704117,0.017694404164071812,0.26205499420706879,0.14897331274382294,0.38036661043951631,0.27551803373842604,0,0,0.51107099999999994,0.87680999999999998,1,1000000000,1000000000,0,0.10508211562409997,0.10508213192224503,14,0,3.8074822802508943,-0.068105246601837949,map,11,0,0.26825902358719567,0.017510338239111439,12151000000
S1,observed,303,12251000000,0,1,"solved_soft_dynamic","solved",70,0.26135522662076993,0.021167858608288799,0.25335969585219209,0.17681021621961224,0.38036661043951631,0.26938900044077424,0,0,0.66985099999999997,1.0838989999999999,1,1000000000,1000000000,0,0.10488212792552076,0.088834568858146667,14,0,3.8168945633087645,-0.065387233562854613,map,11,0,0.26256891927586407,0.017694347837374259,12201000000
S1,no_observed_dynamic,303,12251000000,0,1,"solved_soft_dynamic","solved",70,0.26135523938596461,0.02116790597694173,0.25335972373943189,0.17681021621961224,0.38036661043951631,0.26938901854689334,0,0,0.66960799999999998,1.0374679999999998,1,1000000000,1000000000,0,0.10488212792552076,0.088834568858146667,14,0,3.8168945633087645,-0.065387233562854613,map,11,0,0.26256893324704117,0.017694404164071812,12201000000
S1,observed,304,12301000000,0,1,"solved_soft_dynamic","solved",50,0.25709082972840258,0.022659105471686508,0.24984064972741116,0.18043233246479651,0.38036661043951631,0.26323096352008662,0,0,0.57225300000000001,0.98842399999999986,1,1000000000,1000000000,0,0.088834553025662899,0.088834568858146667,14,0,3.8255267367558026,-0.063277386423395893,map,11,0,0.26135522662076993,0.021167858608288799,12251000000
S1,no_observed_dynamic,304,12301000000,0,1,"solved_soft_dynamic","solved",50,0.25709084125185211,0.02265914535106419,0.24984067393720633,0.18043233246479651,0.38036661043951625,0.26323097868062723,0,0,0.56878600000000001,0.93424700000000005,1,1000000000,1000000000,0,0.088834553025662899,0.088834568858146667,14,0,3.8255267367558026,-0.063277386423395893,map,11,0,0.26135523938596461,0.02116790597694173,12251000000
S1,observed,305,12351000000,0,1,"solved_soft_dynamic","solved",60,0.25298903432583081,0.024877063604589567,0.24739326088211888,0.1944593075620035,0.38036661043951631,0.25482181341919585,0,0,0.643953,1.0553950000000001,1,1000000000,1000000000,0,0.088634565327083692,0.075340285897254944,14,0,3.8342572145671734,-0.061009574876362001,map,11,0,0.25709082972840258,0.022659105471686508,12301000000
S1,no_observed_dynamic,305,12351000000,0,1,"solved_soft_dynamic","solved",60,0.25298904472026673,0.02487709721392602,0.24739328160963839,0.1944593075620035,0.38036661043951631,0.25482182683528753,0,0,0.61051699999999998,0.97574800000000006,1,1000000000,1000000000,0,0.088634565327083692,0.075340285897254944,14,0,3.8342572145671734,-0.061009574876362001,map,11,0,0.25709084125185211,0.02265914535106419,12301000000
S1,observed,306,12401000000,0,1,"solved_soft_dynamic","solved",40,0.24748150931521509,0.026348066349519382,0.24265992046302781,0.19776094242131062,0.38036661043951631,0.25268306074919716,0,0,0.51201999999999992,0.92626199999999992,1,1000000000,1000000000,0,0.075340278272051364,0.075340285897254944,14,0,3.8421569789374863,-0.059295629033488978,map,11,0,0.25298903432583081,0.024877063604589567,12351000000
S1,no_observed_dynamic,306,12401000000,0,1,"solved_soft_dynamic","solved",40,0.24748151865633977,0.026348094686282672,0.24265993848502757,0.19776094242131062,0.38036661043951636,0.25268307240691462,0,0,0.50922100000000003,0.87379899999999999,1,1000000000,1000000000,0,0.075340278272051364,0.075340285897254944,14,0,3.8421569789374863,-0.059295629033488978,map,11,0,0.25298904472026673,0.02487709721392602,12351000000
S1,observed,307,12451000000,0,1,"solved_soft_dynamic","solved",60,0.24278449274470396,0.028744060739097396,0.23899315861711073,0.20757439004740402,0.38036661043951631,0.25238542362133831,0,0,0.61256600000000005,1.023889,1,1000000000,1000000000,0,0.075340278272051364,0.067123562097549438,14,0,3.8501707740013549,-0.057445778443405142,map,11,0,0.24748150931521509,0.026348066349519382,12401000000
S1,no_observed_dynamic,307,12451000000,0,1,"solved_soft_dynamic","solved",60,0.24278450110124397,0.028744084670651211,0.23899317427975844,0.20757439004740402,0.38036661043951631,0.2523854339383978,0,0,0.60587100000000005,0.967889,1,1000000000,1000000000,0,0.075340278272051364,0.067123562097549438,14,0,3.8501707740013549,-0.057445778443405142,map,11,0,0.24748151865633977,0.026348094686282672,12401000000
S1,observed,308,12501000000,0,1,"solved_soft_dynamic","solved",50,0.23793323784574619,0.031206996786365626,0.23505615696732352,0.21392177062325002,0.38036661043951631,0.25267123886582732,0,0,0.56516900000000003,0.9780660000000001,1,1000000000,1000000000,0,0.06712355389026925,0.067123562097549438,14,0,3.8573549851287825,-0.05602682740702173,map,11,0,0.24278449274470396,0.028744060739097396,12451000000
S1,no_observed_dynamic,308,12501000000,0,1,"solved_soft_dynamic","solved",50,0.23793324525876708,0.031207016969585177,0.2350561705731459,0.21392177062325002,0.38036661043951631,0.25267124758321263,0,0,0.56084699999999998,0.95806000000000002,1,1000000000,1000000000,0,0.06712355389026925,0.067123562097549438,14,0,3.8573549851287825,-0.05602682740702173,map,11,0,0.24278450110124397,0.028744084670651211,12451000000
S1,observed,309,12551000000,0,1,"solved_soft_dynamic","solved",50,0.23722124343805248,0.035670142958808895,0.23722124343805248,0.010129953677290526,0.17071067811865562,0.31042048372356784,0,0,0.58226699999999998,1.9902169999999999,0,1000000000,1000000000,0,0.06712355389026925,0.060661647468805313,14,0,3.8646597921392218,-0.054498377180213733,map,12,1,0.23793323784574619,0.031206996786365626,12501000000
S1,no_observed_dynamic,309,12551000000,0,1,"solved_soft_dynamic","solved",50,0.23722125010205386,0.035670160125396852,0.23722125010205386,0.010129953677290526,0.17071067811865562,0.31042048966931768,0,0,0.567716,0.93247899999999995,0,1000000000,1000000000,0,0.06712355389026925,0.060661647468805313,14,0,3.8646597921392218,-0.054498377180213733,map,12,0,0.23793324525876708,0.031207016969585177,12501000000
S1,observed,310,12601000000,0,1,"solved_soft_dynamic","solved",40,0.22911578357287513,0.036257348378236652,0.22911578357287513,0.015710201905732912,0.17071067811865562,0.24739590385095128,0,0,0.52112800000000004,0.94315499999999997,1,1000000000,1000000000,0,0.06066163768991828,0.060661647468805313,14,0,3.8710939906557646,-0.053326076293429794,map,12,0,0.23722124343805248,0.035670142958808895,12551000000
S1,no_observed_dynamic,310,12601000000,0,1,"solved_soft_dynamic","solved",40,0.22911578965133106,0.036257363050239577,0.22911578965133106,0.015710201905732912,0.17071067811865565,0.24739590979104928,0,0,0.52206799999999998,0.88796700000000006,1,1000000000,1000000000,0,0.06066163768991828,0.060661647468805313,14,0,3.8710939906557646,-0.053326076293429794,map,12,0,0.23722125010205386,0.035670160125396852,12551000000
S1,observed,311,12651000000,0,1,"solved_soft_dynamic","solved",70,0.22147981373555464,0.037783710110099976,0.22147981373555464,0.023586157954608385,0.17071067811865562,0.23387601703141192,0,0,0.64877499999999999,1.063199,1,1000000000,1000000000,0,0.06066163768991828,0,14,0,3.8776540142502927,-0.052061957879288925,map,12,0,0.22911578357287513,0.036257348378236652,12601000000
S1,no_observed_dynamic,311,12651000000,0,1,"solved_soft_dynamic","solved",70,0.22147981914719403,0.037783722505078041,0.22147981914719403,0.023586157954608385,0.17071067811865567,0.23387602188266127,0,0,0.6843729999999999,1.043471,1,1000000000,1000000000,0,0.06066163768991828,0,14,0,3.8776540142502927,-0.052061957879288925,map,12,0,0.22911578965133106,0.036257363050239577,12601000000
S2,observed,83,1235000000,1,0,"missing_original_output_receipt_proxy","not_run",0,0,0,0,2.906494724462988e-20,0,0,0,0,0,0,0,1000000000,1000000000,0,0,0,-1,0,0,0,map,1,0,0,0,0
S2,no_observed_dynamic,83,1235000000,1,0,"missing_original_output_receipt_proxy","not_run",0,0,0,0,2.906494724462988e-20,0,0,0,0,0,0,0,1000000000,1000000000,0,0,0,-1,0,0,0,map,1,0,0,0,0
S2,observed,84,1285000000,1,0,"missing_original_output_receipt_proxy","not_run",0,0,0,0,2.906494724462988e-20,0,0,0,0,0,0,0,1000000000,1000000000,0,0,0,-1,0,0,0,map,1,0,0,0,0
S2,no_observed_dynamic,84,1285000000,1,0,"missing_original_output_receipt_proxy","not_run",0,0,0,0,2.906494724462988e-20,0,0,0,0,0,0,0,1000000000,1000000000,0,0,0,-1,0,0,0,map,1,0,0,0,0
S2,observed,85,1335000000,1,0,"missing_original_output_receipt_proxy","not_run",0,0,0,0,2.906494724462988e-20,0,0,0,0,0,0,0,1000000000,1000000000,0,0,0,-1,0,0,0,map,1,0,0,0,0
S2,no_observed_dynamic,85,1335000000,1,0,"missing_original_output_receipt_proxy","not_run",0,0,0,0,2.906494724462988e-20,0,0,0,0,0,0,0,1000000000,1000000000,0,0,0,-1,0,0,0,map,1,0,0,0,0
S2,observed,86,1385000000,1,0,"missing_original_output_receipt_proxy","not_run",0,0,0,0,2.906494724462988e-20,0,0,0,0,0,0,0,1000000000,1000000000,0,0,0,-1,0,0,0,map,1,0,0,0,0
S2,no_observed_dynamic,86,1385000000,1,0,"missing_original_output_receipt_proxy","not_run",0,0,0,0,2.906494724462988e-20,0,0,0,0,0,0,0,1000000000,1000000000,0,0,0,-1,0,0,0,map,1,0,0,0,0
S2,observed,87,1435000000,1,0,"missing_original_output_receipt_proxy","not_run",0,0,0,0,2.906494724462988e-20,0,0,0,0,0,0,0,1000000000,1000000000,0,0,0,-1,0,0,0,map,1,0,0,0,0
S2,no_observed_dynamic,87,1435000000,1,0,"missing_original_output_receipt_proxy","not_run",0,0,0,0,2.906494724462988e-20,0,0,0,0,0,0,0,1000000000,1000000000,0,0,0,-1,0,0,0,map,1,0,0,0,0
S2,observed,88,1485000000,0,1,"solved_soft_dynamic","solved",80,0.044678627280939312,7.1967785932351802e-05,0.044678682765726521,2.9965021914354485e-05,0.51658004262123658,0.1720253556487347,0,0,0.77683600000000008,2.5906169999999999,0,1000000000,1000000000,0,0.0029999400794622488,0.10000000000000001,32,1,0.00010499366070419474,-9.0138557485819115e-05,map,1,1,0,0,1485000000
S2,no_observed_dynamic,88,1485000000,0,1,"solved_soft_dynamic","solved",80,0.044678627280939312,7.1967785932351802e-05,0.044678682765726521,2.9965021914354485e-05,0.51658004262123658,0.1720253556487347,0,0,0.73780600000000007,1.105497,0,1000000000,1000000000,0,0.0029999400794622488,0.10000000000000001,32,1,0.00010499366070419474,-9.0138557485819115e-05,map,1,1,0,0,1485000000
S2,observed,89,1535000000,0,1,"solved_soft_dynamic","solved",90,0.083087691421250234,0.00029508172243233909,0.083088000637236786,0.0016498121863995929,0.51871702137061948,0.19673942938461073,0,0,0.77219300000000002,1.192771,1,1000000000,1000000000,0,0.080999869533115998,0.14523236453533173,32,0,0.0034006712057377663,-0.0005366666175205837,map,1,0,0.044678627280939312,7.1967785932351802e-05,1485000000
S2,no_observed_dynamic,89,1535000000,0,1,"solved_soft_dynamic","solved",90,0.083087691421250234,0.00029508172243233909,0.083088000637236786,0.0016498121863995929,0.51871702137061948,0.19673942938461073,0,0,0.74212599999999995,1.1167099999999999,1,1000000000,1000000000,0,0.080999869533115998,0.14523236453533173,32,0,0.0034006712057377663,-0.0005366666175205837,map,1,0,0.044678627280939312,7.1967785932351802e-05,1485000000
S2,observed,90,1585000000,0,1,"solved_soft_dynamic","solved",90,0.11591205854702671,0.00062615374268746931,0.11591276399760447,0.006831815131069929,0.52159411852504478,0.21657391061031508,0,0,0.73565599999999998,1.160148,1,1000000000,1000000000,0,0.14823228411842138,0.24523236453533173,32,0,0.0094100467074191146,-0.0009313522602786608,map,1,0,0.083087691421250234,0.00029508172243233909,1535000000
S2,no_observed_dynamic,90,1585000000,0,1,"solved_soft_dynamic","solved",90,0.11591205854702671,0.00062615374268746931,0.11591276399760447,0.006831815131069929,0.52159411852504478,0.21657391061031508,0,0,0.72873100000000002,1.1050529999999998,1,1000000000,1000000000,0,0.14823228411842138,0.24523236453533173,32,0,0.0094100467074191146,-0.0009313522602786608,map,1,0,0.083087691421250234,0.00029508172243233909,1535000000
S2,observed,91,1635000000,0,1,"solved_soft_dynamic","solved",90,0.14357437919374955,0.0016310645436665521,0.14357634609643291,0.012467040295583267,0.52436122116923456,0.2351833375252545,0,0,0.75199700000000003,1.1763489999999999,1,1000000000,1000000000,0,0.22623221593676135,0.27350485324859619,32,0,0.017738928945942447,-0.002940382776144496,map,1,0,0.11591205854702671,0.00062615374268746931,1585000000
S2,no_observed_dynamic,91,1635000000,0,1,"solved_soft_dynamic","solved",90,0.14357437919374955,0.0016310645436665521,0.14357634609643291,0.012467040295583267,0.52436122116923456,0.2351833375252545,0,0,0.74904300000000001,1.119178,1,1000000000,1000000000,0,0.22623221593676135,0.27350485324859619,32,0,0.017738928945942447,-0.002940382776144496,map,1,0,0.11591205854702671,0.00062615374268746931,1585000000
S2,observed,92,1685000000,0,1,"solved_soft_dynamic","solved",90,0.16675553652932509,0.0029789183226684359,0.16675920674071412,0.023704760391591528,0.52848836934121124,0.24713937838665273,0,0,0.75968000000000002,1.1737070000000001,1,1000000000,1000000000,0,0.27770474553108215,0.29554343223571777,32,0,0.028842641586847084,-0.0043521878211519854,map,1,0,0.14357437919374955,0.0016310645436665521,1635000000
S2,no_observed_dynamic,92,1685000000,0,1,"solved_soft_dynamic","solved",90,0.16675553652932509,0.0029789183226684359,0.16675920674071412,0.023704760391591528,0.52848836934121124,0.24713937838665273,0,0,0.74632500000000002,1.117621,1,1000000000,1000000000,0,0.27770474553108215,0.29554343223571777,32,0,0.028842641586847084,-0.0043521878211519854,map,1,0,0.14357437919374955,0.0016310645436665521,1635000000
S2,observed,93,1735000000,0,1,"solved_soft_dynamic","solved",90,0.18936184807831055,0.0056300756778483192,0.18936575320524748,0.033472587643954291,0.56837071749052848,0.27159863434420195,0,0,0.73175199999999996,1.1487369999999999,1,1000000000,1000000000,0,0.29554340289905667,0.29554343223571777,32,0,0.042346018729054011,-0.0085455416715170662,map,1,0,0.16675553652932509,0.0029789183226684359,1685000000
S2,no_observed_dynamic,93,1735000000,0,1,"solved_soft_dynamic","solved",90,0.18936184807831055,0.0056300756778483192,0.18936575320524748,0.033472587643954291,0.56837071749052848,0.27159863434420195,0,0,0.74226800000000004,1.1171709999999999,1,1000000000,1000000000,0,0.29554340289905667,0.29554343223571777,32,0,0.042346018729054011,-0.0085455416715170662,map,1,0,0.16675553652932509,0.0029789183226684359,1685000000
S2,observed,94,1785000000,0,1,"solved_soft_dynamic","solved",90,0.20783783512495366,0.0089509949575801613,0.20784406666755117,0.050938802478134794,0.57401549428363263,0.27854512750652777,0,0,0.75242799999999999,1.176318,1,1000000000,1000000000,0,0.29254345572553575,0.24620914459228516,32,0,0.058637574245227246,-0.011639989657396562,map,1,0,0.18936184807831055,0.0056300756778483192,1735000000
S2,no_observed_dynamic,94,1785000000,0,1,"solved_soft_dynamic","solved",90,0.20783783512495366,0.0089509949575801613,0.20784406666755117,0.050938802478134794,0.57401549428363263,0.27854512750652777,0,0,0.75213600000000003,1.1259620000000001,1,1000000000,1000000000,0,0.29254345572553575,0.24620914459228516,32,0,0.058637574245227246,-0.011639989657396562,map,1,0,0.18936184807831055,0.0056300756778483192,1735000000
S2,observed,95,1835000000,0,1,"solved_soft_dynamic","solved",90,0.22209696173800014,0.013619790327652844,0.22210995186656904,0.064834941970502033,0.57846377129802951,0.289907447438772,0,0,0.76234499999999994,1.1926939999999999,1,1000000000,1000000000,0,0.24620912154205143,0.24620914459228516,32,0,0.077371263434741183,-0.016923193054564994,map,1,0,0.20783783512495366,0.0089509949575801613,1785000000
S2,no_observed_dynamic,95,1835000000,0,1,"solved_soft_dynamic","solved",90,0.22209696173800014,0.013619790327652844,0.22210995186656904,0.064834941970502033,0.57846377129802951,0.289907447438772,0,0,0.76549999999999996,1.1453389999999999,1,1000000000,1000000000,0,0.24620912154205143,0.24620914459228516,32,0,0.077371263434741183,-0.016923193054564994,map,1,0,0.20783783512495366,0.0089509949575801613,1785000000
S2,observed,96,1885000000,0,1,"solved_soft_dynamic","solved",90,0.23679145331654608,0.019023595449287108,0.23681392719656502,0.088559878518832638,0.62187527512655116,0.30091712850173602,0,0,0.73865599999999998,1.168623,1,1000000000,1000000000,0,0.24320917727891356,0.14620914459228515,32,0,0.098887386078476996,-0.021088486702963739,map,1,0,0.22209696173800014,0.013619790327652844,1835000000
S2,no_observed_dynamic,96,1885000000,0,1,"solved_soft_dynamic","solved",90,0.23679145331654608,0.019023595449287108,0.23681392719656502,0.088559878518832638,0.62187527512655116,0.30091712850173602,0,0,0.73769799999999996,1.108249,1,1000000000,1000000000,0,0.24320917727891356,0.14620914459228515,32,0,0.098887386078476996,-0.021088486702963739,map,1,0,0.22209696173800014,0.013619790327652844,1835000000
S2,observed,97,1935000000,0,1,"solved_soft_dynamic","solved",90,0.24730432511501685,0.025231482863509409,0.24734253735804831,0.10658982844144568,0.6272963473852422,0.31036399367012757,0,0,0.73887700000000001,1.1571929999999999,1,1000000000,1000000000,0,0.16520923963980749,0.1276220977306366,32,0,0.12275438217661659,-0.025846755879495451,map,1,0,0.23679145331654608,0.019023595449287108,1885000000
S2,no_observed_dynamic,97,1935000000,0,1,"solved_soft_dynamic","solved",90,0.24730432511501685,0.025231482863509409,0.24734253735804831,0.10658982844144568,0.6272963473852422,0.31036399367012757,0,0,0.75320100000000001,1.1253379999999999,1,1000000000,1000000000,0,0.16520923963980749,0.1276220977306366,32,0,0.12275438217661659,-0.025846755879495451,map,1,0,0.23679145331654608,0.019023595449287108,1885000000
S2,observed,98,1985000000,0,1,"solved_soft_dynamic","solved",90,0.25844256635881763,0.031821238397783905,0.25850039944184766,0.1364124707599873,0.67223966989975747,0.31706689104241426,0,0,0.75047900000000001,1.171854,1,1000000000,1000000000,0,0.12462213562685065,0.027622097730636591,32,0,0.14931236402505221,-0.029724965010238698,map,1,0,0.24730432511501685,0.025231482863509409,1935000000
S2,no_observed_dynamic,98,1985000000,0,1,"solved_soft_dynamic","solved",90,0.25844256635881763,0.031821238397783905,0.25850039944184766,0.1364124707599873,0.67223966989975747,0.31706689104241426,0,0,0.74583999999999995,1.124107,1,1000000000,1000000000,0,0.12462213562685065,0.027622097730636591,32,0,0.14931236402505221,-0.029724965010238698,map,1,0,0.24730432511501685,0.025231482863509409,1935000000
S2,observed,99,2035000000,0,1,"solved_soft_dynamic","solved",90,0.26572749550679337,0.038246976304091851,0.26581261639837289,0.15720949276931764,0.67828323032138393,0.3236167441650516,0,0,0.74933700000000003,1.1776740000000001,1,1000000000,1000000000,0,0.046622207446489483,-0.0085006840527057648,32,0,0.17549124328824739,-0.032343206890061309,map,1,0,0.25844256635881763,0.031821238397783905,1985000000
S2,no_observed_dynamic,99,2035000000,0,1,"solved_soft_dynamic","solved",90,0.26572749550679337,0.038246976304091851,0.26581261639837289,0.15720949276931764,0.67828323032138393,0.3236167441650516,0,0,0.753884,1.1272340000000001,1,1000000000,1000000000,0,0.046622207446489483,-0.0085006840527057648,32,0,0.17549124328824739,-0.032343206890061309,map,1,0,0.25844256635881763,0.031821238397783905,1985000000
S2,observed,100,2085000000,0,1,"solved_soft_dynamic","solved",90,0.27426002804638799,0.044690216835958613,0.27437704575250393,0.18837902946309654,0.72349292147516953,0.32640215129037803,0,0,0.75800000000000001,1.1792549999999999,1,1000000000,1000000000,0,-0.011500624259497272,-0.10850068405270577,32,0,0.20139602389990707,-0.035273411530710577,map,1,0,0.26572749550679337,0.038246976304091851,2035000000
S2,no_observed_dynamic,100,2085000000,0,1,"solved_soft_dynamic","solved",90,0.27426002804638799,0.044690216835958613,0.27437704575250393,0.18837902946309654,0.72349292147516953,0.32640215129037803,0,0,0.74636899999999995,1.115745,1,1000000000,1000000000,0,-0.011500624259497272,-0.10850068405270577,32,0,0.20139602389990707,-0.035273411530710577,map,1,0,0.26572749550679337,0.038246976304091851,2035000000
S2,observed,101,2135000000,0,1,"solved_soft_dynamic","solved",90,0.27965378881452224,0.050467649424980852,0.27980952855766006,0.20760657245635727,0.72902611394988048,0.33031387521215111,0,0,0.77957900000000002,1.2021230000000001,1,1000000000,1000000000,0,-0.089500554167898372,-0.12279869616031647,32,0,0.22433341187133385,-0.036421223898795027,map,1,0,0.27426002804638799,0.044690216835958613,2085000000
S2,no_observed_dynamic,101,2135000000,0,1,"solved_soft_dynamic","solved",90,0.27965378881452224,0.050467649424980852,0.27980952855766006,0.20760657245635727,0.72902611394988048,0.33031387521215111,0,0,0.74092799999999992,1.1209580000000001,1,1000000000,1000000000,0,-0.089500554167898372,-0.12279869616031647,32,0,0.22433341187133385,-0.036421223898795027,map,1,0,0.27426002804638799,0.044690216835958613,2085000000
S2,observed,102,2185000000,0,1,"solved_soft_dynamic","solved",90,0.28668504636124353,0.055971408861274316,0.28688306673452718,0.23602761518496754,0.77340916426217166,0.33314592205101767,0,0,0.74990699999999999,1.1837200000000001,1,1000000000,1000000000,0,-0.1257986223208718,-0.19228149950504303,32,0,0.24794250918088157,-0.038203371034702532,map,1,0,0.27965378881452224,0.050467649424980852,2135000000
S2,no_observed_dynamic,102,2185000000,0,1,"solved_soft_dynamic","solved",90,0.28668504636124353,0.055971408861274316,0.28688306673452718,0.23602761518496754,0.77340916426217166,0.33314592205101767,0,0,0.74311699999999992,1.1116329999999999,1,1000000000,1000000000,0,-0.1257986223208718,-0.19228149950504303,32,0,0.24794250918088157,-0.038203371034702532,map,1,0,0.27965378881452224,0.050467649424980852,2135000000
S2,observed,103,2235000000,0,1,"solved_soft_dynamic","solved",100,0.29101070655735145,0.041071435847274476,0.29091358533738976,0.0038886173335614801,0.52875451755096503,0.33671461811336206,0,0,0.80573699999999993,2.4500929999999999,0,1000000000,1000000000,0,-0.19228146993555129,-0.19228149950504303,32,0,0.26936081649498733,-0.037609174312800052,map,2,1,0.28668504636124353,0.055971408861274316,2185000000
S2,no_observed_dynamic,103,2235000000,0,1,"solved_soft_dynamic","solved",100,0.29101070655735145,0.041071435847274476,0.29091358533738976,0.0038886173335614801,0.52875451755096503,0.33671461811336206,0,0,0.77065099999999997,1.146282,0,1000000000,1000000000,0,-0.19228146993555129,-0.19228149950504303,32,0,0.26936081649498733,-0.037609174312800052,map,2,0,0.28668504636124353,0.055971408861274316,2185000000
S2,observed,104,2285000000,0,1,"solved_soft_dynamic","solved",90,0.29341619937388874,0.028865277891077283,0.29334769748286538,0.030329413626357261,0.53621748446127959,0.32887172268515802,0,0,0.74083900000000003,1.1618539999999999,1,1000000000,1000000000,0,-0.19528141274349764,-0.21394595503807068,32,0,0.29130707488337432,-0.037863457780956893,map,2,0,0.29101070655735145,0.041071435847274476,2235000000
S2,no_observed_dynamic,104,2285000000,0,1,"solved_soft_dynamic","solved",90,0.29341619937388874,0.028865277891077283,0.29334769748286538,0.030329413626357261,0.53621748446127959,0.32887172268515802,0,0,0.74620600000000004,1.116476,1,1000000000,1000000000,0,-0.19528141274349764,-0.21394595503807068,32,0,0.29130707488337432,-0.037863457780956893,map,2,0,0.29101070655735145,0.041071435847274476,2235000000
S2,observed,105,2335000000,0,1,"solved_soft_dynamic","solved",100,0.29736579744265607,0.018056716903597655,0.29733138436195783,0.047394875450957108,0.57736370550733795,0.34103361950653954,0,0,0.78778400000000004,1.2012340000000001,1,1000000000,1000000000,0,-0.213945924770087,-0.21394595503807068,32,0,0.31234195466146009,-0.036077427582045775,map,2,0,0.29341619937388874,0.028865277891077283,2285000000
S2,no_observed_dynamic,105,2335000000,0,1,"solved_soft_dynamic","solved",100,0.29736579744265607,0.018056716903597655,0.29733138436195783,0.047394875450957108,0.57736370550733795,0.34103361950653954,0,0,0.78959899999999994,1.158644,1,1000000000,1000000000,0,-0.213945924770087,-0.21394595503807068,32,0,0.31234195466146009,-0.036077427582045775,map,2,0,0.29341619937388874,0.028865277891077283,2285000000
S2,observed,106,2385000000,0,1,"solved_soft_dynamic","solved",90,0.29951687768313973,0.0086840194520780428,0.29949420868649607,0.073002191360747606,0.58469181360306266,0.33364702867645202,0,0,0.75458800000000004,1.1855469999999999,1,1000000000,1000000000,0,-0.21694586757803336,-0.22448946535587311,32,0,0.33377653209082037,-0.035147254132320248,map,2,0,0.29736579744265607,0.018056716903597655,2335000000
S2,no_observed_dynamic,106,2385000000,0,1,"solved_soft_dynamic","solved",90,0.29951687768313973,0.0086840194520780428,0.29949420868649607,0.073002191360747606,0.58469181360306266,0.33364702867645202,0,0,0.740541,1.117435,1,1000000000,1000000000,0,-0.21694586757803336,-0.22448946535587311,32,0,0.33377653209082037,-0.035147254132320248,map,2,0,0.29736579744265607,0.018056716903597655,2335000000
S2,observed,107,2435000000,0,1,"solved_soft_dynamic","solved",110,0.30314239965627254,0.00059244289949442371,0.30313996794059317,0.090469898432310375,0.62593187476091694,0.34621098973450293,0,0,0.83750499999999994,1.2654289999999999,1,1000000000,1000000000,0,-0.22448944218922406,-0.22448946535587311,32,0,0.35579710073604476,-0.034212435540961643,map,2,0,0.29951687768313973,0.0086840194520780428,2385000000
S2,no_observed_dynamic,107,2435000000,0,1,"solved_soft_dynamic","solved",110,0.30314239965627254,0.00059244289949442371,0.30313996794059317,0.090469898432310375,0.62593187476091694,0.34621098973450293,0,0,0.83226699999999998,1.2039089999999999,1,1000000000,1000000000,0,-0.22448944218922406,-0.22448946535587311,32,0,0.35579710073604476,-0.034212435540961643,map,2,0,0.29951687768313973,0.0086840194520780428,2385000000
S2,observed,108,2485000000,0,1,"solved_soft_dynamic","solved",90,0.30497515391596175,-0.0063958041883404107,0.30499341902282179,0.11671554723645525,0.63336016936985107,0.33846469371628074,0,0,0.75298599999999993,1.177475,1,1000000000,1000000000,0,-0.22028950479580089,-0.15976674854755402,32,0,0.3777945186383308,-0.033561083457041993,map,2,0,0.30314239965627254,0.00059244289949442371,2435000000
S2,no_observed_dynamic,108,2485000000,0,1,"solved_soft_dynamic","solved",90,0.30497515391596175,-0.0063958041883404107,0.30499341902282179,0.11671554723645525,0.63336016936985107,0.33846469371628074,0,0,0.74523099999999998,1.1207389999999999,1,1000000000,1000000000,0,-0.22028950479580089,-0.15976674854755402,32,0,0.3777945186383308,-0.033561083457041993,map,2,0,0.30314239965627254,0.00059244289949442371,2435000000
S2,observed,109,2535000000,0,1,"solved_soft_dynamic","solved",100,0.30446901919693353,-0.012400138389800992,0.30451496288541097,0.13470770408401866,0.63831870374571054,0.34006943250550825,0,0,0.78528200000000004,1.2106319999999999,1,1000000000,1000000000,0,-0.15976672875694931,-0.15976674854755402,32,0,0.40053186087847481,-0.032878258485544556,map,2,0,0.30497515391596175,-0.0063958041883404107,2485000000
S2,no_observed_dynamic,109,2535000000,0,1,"solved_soft_dynamic","solved",100,0.30446901919693353,-0.012400138389800992,0.30451496288541097,0.13470770408401866,0.63831870374571054,0.34006943250550825,0,0,0.77956000000000003,1.1504840000000001,1,1000000000,1000000000,0,-0.15976672875694931,-0.15976674854755402,32,0,0.40053186087847481,-0.032878258485544556,map,2,0,0.30497515391596175,-0.0063958041883404107,2485000000
S2,observed,110,2585000000,0,1,"solved_soft_dynamic","solved",110,0.30642179730258484,-0.017263707174460748,0.30649882330159772,0.16173971950881619,0.68212033841638409,0.3406250072594908,0,0,0.85559799999999997,1.279903,1,1000000000,1000000000,0,-0.15676678594900295,-0.084350861608982086,32,0,0.42315624455680545,-0.032531351272160357,map,2,0,0.30446901919693353,-0.012400138389800992,2535000000
S2,no_observed_dynamic,110,2585000000,0,1,"solved_soft_dynamic","solved",110,0.30642179730258484,-0.017263707174460748,0.30649882330159772,0.16173971950881619,0.68212033841638409,0.3406250072594908,0,0,0.83722099999999999,1.2097789999999999,1,1000000000,1000000000,0,-0.15676678594900295,-0.084350861608982086,32,0,0.42315624455680545,-0.032531351272160357,map,2,0,0.30446901919693353,-0.012400138389800992,2535000000
S2,observed,111,2635000000,0,1,"solved_soft_dynamic","solved",90,0.30670575274540174,-0.02118423305877485,0.30682016865897943,0.18956328210355763,0.68986599244165936,0.33163452418327122,0,0,0.75644099999999992,1.1779410000000001,1,1000000000,1000000000,0,-0.084350846009328961,-0.084350861608982086,32,0,0.44662499778310227,-0.032519108455361524,map,2,0,0.30642179730258484,-0.017263707174460748,2585000000
S2,no_observed_dynamic,111,2635000000,0,1,"solved_soft_dynamic","solved",90,0.30670575274540174,-0.02118423305877485,0.30682016865897943,0.18956328210355763,0.68986599244165936,0.33163452418327122,0,0,0.75119499999999995,1.125068,1,1000000000,1000000000,0,-0.084350846009328961,-0.084350861608982086,32,0,0.44662499778310227,-0.032519108455361524,map,2,0,0.30642179730258484,-0.017263707174460748,2585000000
S2,observed,112,2685000000,0,1,"solved_soft_dynamic","solved",60,0.30854117218819682,-0.023947700454650677,0.30869165735823995,0.2081387219184398,0.73124767708783911,0.3430297478079295,0,0,0.63473100000000005,1.0516779999999999,1,1000000000,1000000000,0,-0.081350906839361414,0.0039735184982419014,32,0,0.46993353372906016,-0.032504150629638878,map,2,0,0.30670575274540174,-0.02118423305877485,2635000000
S2,no_observed_dynamic,112,2685000000,0,1,"solved_soft_dynamic","solved",60,0.30854117218819682,-0.023947700454650677,0.30869165735823995,0.2081387219184398,0.73124767708783911,0.3430297478079295,0,0,0.64195999999999998,1.0106809999999999,1,1000000000,1000000000,0,-0.081350906839361414,0.0039735184982419014,32,0,0.46993353372906016,-0.032504150629638878,map,2,0,0.30670575274540174,-0.02118423305877485,2635000000
S2,observed,113,2735000000,0,1,"solved_soft_dynamic","solved",100,0.3086954180486165,-0.025862976531717537,0.30888554530077283,0.23664070308072871,0.73915536815659655,0.33369444570165863,1.2369205510191087e-05,0,0.79477699999999996,1.2156039999999999,1,1000000000,1000000000,0,0.0039735182326694485,0.0039735184982419014,32,0,0.49391151620629842,-0.032498714317683537,map,2,0,0.30854117218819682,-0.023947700454650677,2685000000
S2,no_observed_dynamic,113,2735000000,0,1,"solved_soft_dynamic","solved",100,0.30869650289125494,-0.025862207523050157,0.30888662418545693,0.23664070308072871,0.73915630546144251,0.3336966910503894,0,0,0.79317099999999996,1.1632159999999998,1,1000000000,1000000000,0,0.0039735182326694485,0.0039735184982419014,32,0,0.49391151620629842,-0.032498714317683537,map,2,0,0.30854117218819682,-0.023947700454650677,2685000000
S2,observed,114,2785000000,0,1,"solved_soft_dynamic","solved",90,0.31042310754782571,-0.026748332882348059,0.31064621187246572,0.25566496566324054,0.78064910488117167,0.34526754265121107,3.182234441108847e-05,8.7230895203329749e-05,0.76248199999999999,1.18187,1,1000000000,0.33350359940570995,0,0.0069734584940306377,0.077362015843391418,32,0,0.51778262264323027,-0.032585514753601649,map,2,0,0.3086954180486165,-0.025862976531717537,2735000000
S2,no_observed_dynamic,114,2785000000,0,1,"solved_soft_dynamic","solved",100,0.31043228078537549,-0.02674666787848775,0.31065537012177058,0.25566496566324054,0.78066014244904136,0.34528462186433878,0,0,0.81150700000000009,1.1796739999999999,1,1000000000,1000000000,0,0.0069734584940306377,0.077362015843391418,32,0,0.51778262264323027,-0.032585514753601649,map,2,0,0.30869650289125494,-0.025862207523050157,2735000000
S2,observed,115,2835000000,0,1,"solved_soft_dynamic","solved",100,0.31045536063189078,-0.026712385471002426,0.31070899063681079,0.28469479595174163,0.78861892052029037,0.33567485351463466,0.00019525555337578478,9.8013588022795994e-05,0.78864600000000007,1.2065809999999999,1,1000000000,0.33136674200458205,0,0.077362004958558828,0.077362015843391418,32,0,0.54213976335086467,-0.033008686155862298,map,2,0,0.31042310754782571,-0.026748332882348059,2785000000
S2,no_observed_dynamic,115,2835000000,0,1,"solved_soft_dynamic","solved",100,0.31049570547957545,-0.026707692748479995,0.3107492861015137,0.28469479595174163,0.78866175830287755,0.33574348193607922,0,0,0.78421700000000005,1.1532249999999999,1,1000000000,1000000000,0,0.077362004958558828,0.077362015843391418,32,0,0.54213976335086467,-0.033008686155862298,map,2,0,0.31043228078537549,-0.02674666787848775,2785000000
S2,observed,116,2885000000,0,1,"solved_soft_dynamic","solved",110,0.31193601145737998,-0.025790383311526031,0.31220767643751934,0.30406239566627552,0.83006255637110971,0.34697674459916672,0.00038005158146754486,0.00083946706606382758,0.87292100000000006,1.2886630000000001,1,1000000000,0.26486179455064596,0,0.080361944128526375,0.17736201584339142,32,0,0.56642433848383311,-0.033117662211463547,map,2,0,0.31045536063189078,-0.026712385471002426,2835000000
S2,no_observed_dynamic,116,2885000000,0,1,"solved_soft_dynamic","solved",90,0.31211144693352105,-0.025776609746464101,0.31238294496529639,0.30406239566627552,0.83024727214658922,0.34727180852567169,0,0,0.81848299999999996,1.196561,1,1000000000,1000000000,0,0.080361944128526375,0.17736201584339142,32,0,0.56642433848383311,-0.033117662211463547,map,2,0,0.31049570547957545,-0.026707692748479995,2835000000
S2,observed,117,2935000000,0,1,"solved_soft_dynamic","solved",80,0.31159001720211599,-0.02457851588443145,0.31187851358993135,0.3333737104016079,0.83793406774193691,0.33696762294474991,0.0018491701697721935,0.00095010237625779432,0.68950400000000001,1.1036270000000001,1,1000000000,0.26282942499100459,0,0.18426842871122062,0.18426845967769623,32,0,0.59095186784756748,-0.032233401749124833,map,2,0,0.31193601145737998,-0.025790383311526031,2885000000
S2,no_observed_dynamic,117,2935000000,0,1,"solved_soft_dynamic","solved",100,0.31208400116352486,-0.024546968300558601,0.31237205434370779,0.3333737104016079,0.83837997626102956,0.33772104411624498,0,0,0.79234199999999999,1.158908,1,1000000000,1000000000,0,0.18426842871122062,0.18426845967769623,32,0,0.59095186784756748,-0.032233401749124833,map,2,0,0.31211144693352105,-0.025776609746464101,2885000000
S2,observed,118,2985000000,0,1,"solved_soft_dynamic","solved",60,0.31194600751359197,-0.022973421253751306,0.31223890783506614,0.3528793320899985,0.87835726103000122,0.3465984312779023,0.0034204197639356162,0.0070049407205796145,0.61013899999999999,1.0255679999999998,1,1000000000,0.19707060056015924,0,0.1884683602838777,0.28426845967769621,32,0,0.61533111460396195,-0.031537228856401624,map,2,0,0.31159001720211599,-0.02457851588443145,2935000000
S2,no_observed_dynamic,118,2985000000,0,1,"solved_soft_dynamic","solved",100,0.31362746628859661,-0.022878290777943577,0.31391885820867255,0.3528793320899985,0.87998899900773009,0.34928314245329933,0,0,0.81035500000000005,1.1795610000000001,1,1000000000,1000000000,0,0.1884683602838777,0.28426845967769621,32,0,0.61533111460396195,-0.031537228856401624,map,2,0,0.31208400116352486,-0.024546968300558601,2935000000
S2,observed,119,3035000000,0,1,"solved_soft_dynamic","solved",30,0.30927047817835657,-0.021218585291310346,0.30956526280193553,0.3819516586832305,0.87979311424519269,0.331266202525205,0.015861907017867771,0.0061188875994908666,0.49930999999999998,0.909582,1,1000000000,0.20249934529349223,0,0.29081266256980598,0.29081270098686218,32,0,0.63955413464599986,-0.030944333501831518,map,2,0,0.31194600751359197,-0.022973421253751306,2985000000
S2,no_observed_dynamic,119,3035000000,0,1,"solved_soft_dynamic","solved",100,0.31351011365836262,-0.021009451427784129,0.31380109618812518,0.3819516586832305,0.88804063482066398,0.33803251088783848,0,0,0.79731099999999999,1.167403,1,1000000000,1000000000,0,0.29081266256980598,0.29081270098686218,32,0,0.63955413464599986,-0.030944333501831518,map,2,0,0.31362746628859661,-0.022878290777943577,2985000000
S2,observed,120,3085000000,0,1,"solved_soft_dynamic","solved",40,0.3025860900192669,-0.019647227640383666,0.29650899860478119,0.40486622747083356,0.86982944751789693,0.31892889377467087,0.029812313995197882,0.0080629314303388867,0.54217599999999999,0.964646,1,1000000000,0.19673906177631872,0,0.29381260101217777,0.39081270098686216,32,0,0.66384981485441852,-0.029884330329021467,map,2,0,0.30927047817835657,-0.021218585291310346,3035000000
S2,no_observed_dynamic,120,3085000000,0,1,"solved_soft_dynamic","solved",90,0.31521253199273574,-0.019113260720687746,0.30907879886263023,0.40486622747083356,0.93062484273177826,0.34383226358063734,0,0,0.80093199999999998,1.1763170000000001,1,1000000000,1000000000,0,0.29381260101217777,0.39081270098686216,32,0,0.66384981485441852,-0.029884330329021467,map,2,0,0.31351011365836262,-0.021009451427784129,3035000000
S2,observed,121,3135000000,0,1,"solved_soft_dynamic","solved",30,0.29512232590017712,-0.018159740291139134,0.29020041619061088,0.43377713661693634,0.88350321614829297,0.30576305714187896,0.014779008301560329,0.0093140748180459264,0.49191600000000002,0.91956400000000005,1,1000000000,0.20140510104102272,0,0.41181253327522427,0.44176846742630005,32,0,0.68824492542356008,-0.028249120965203114,map,2,0,0.3025860900192669,-0.019647227640383666,3085000000
S2,no_observed_dynamic,121,3135000000,0,1,"solved_soft_dynamic","solved",100,0.31515983364514677,-0.017705470277681636,0.3101247678744003,0.43377713661693634,0.93871103322847005,0.33450096727268114,0,0,0.79377200000000003,1.16479,1,1000000000,1000000000,0,0.41181253327522427,0.44176846742630005,32,0,0.68824492542356008,-0.028249120965203114,map,2,0,0.31521253199273574,-0.019113260720687746,3085000000
S2,observed,122,3185000000,0,1,"solved_soft_dynamic","solved",40,0.29486822935744139,-0.016974963997133465,0.29107020057533051,0.45295890869433403,0.97361105887703769,0.32798870992782564,0.0041506645728373514,0.032885168755306268,0.55626199999999992,0.9834710000000001,1,1000000000,0.18103163754201423,0,0.44596834050025791,0.54176846742630003,32,0,0.71256639117893716,-0.026117552444564218,map,2,0,0.29512232590017712,-0.018159740291139134,3135000000
S2,no_observed_dynamic,122,3185000000,0,1,"solved_soft_dynamic","solved",70,0.31666362169336221,-0.016790924901749254,0.31274718818406283,0.45295890869433403,0.98029300767727778,0.34650280608234768,0,0,0.696496,1.0636459999999999,1,1000000000,1000000000,0,0.44596834050025791,0.54176846742630003,32,0,0.71256639117893716,-0.026117552444564218,map,2,0,0.31515983364514677,-0.017705470277681636,3135000000
S2,observed,123,3235000000,0,1,"solved_soft_dynamic","solved",80,0.29394370323239832,-0.017164475589804534,0.29064299165160951,0.48207442440320264,0.98386093807896113,0.31903473138125371,0.0056101644148476596,0.0042119998180874078,0.698291,1.1225370000000001,1,1000000000,0.25820432024064843,0,0.56011867709457874,0.56246912479400635,32,0,0.7368061838260711,-0.023140010309241173,map,2,0,0.29486822935744139,-0.016974963997133465,3185000000
S2,no_observed_dynamic,123,3235000000,0,1,"solved_soft_dynamic","solved",100,0.31650669508021712,-0.016796405255449905,0.31312515379129757,0.48207442440320264,0.98840605115867031,0.33658601148852924,0,0,0.80240699999999998,1.1686030000000001,1,1000000000,1000000000,0,0.56011867709457874,0.56246912479400635,32,0,0.7368061838260711,-0.023140010309241173,map,2,0,0.31666362169336221,-0.016790924901749254,3185000000
S2,observed,124,3285000000,0,1,"solved_soft_dynamic","solved",30,0.28214456362076895,0.024163883727650774,0.27297321079614223,0,0.55045390379855641,0.30524986121495623,0.11293272561564664,0.016021750147056413,0.49923899999999993,2.1986159999999999,0,1000000000,0.20656289311285014,0,0.56546900887042284,0.66243410110473633,32,0,0.76100993582243825,-0.019509094585158079,map,3,1,0.29394370323239832,-0.017164475589804534,3235000000
S2,no_observed_dynamic,124,3285000000,0,1,"solved_soft_dynamic","solved",30,0.30881964780774263,0.031030116249584037,0.30037248026800545,0,0.6279688084999262,0.3410855619545381,0,0,0.483261,0.86045199999999999,0,1000000000,1000000000,0,0.56546900887042284,0.66243410110473633,32,0,0.76100993582243825,-0.019509094585158079,map,3,0,0.31650669508021712,-0.016796405255449905,3235000000
S2,observed,125,3335000000,0,1,"solved_soft_dynamic","solved",40,0.26565615506176593,0.058288255463644606,0.26936309416289295,0.020711224419165671,0.54009839956957895,0.28940399825070418,0.025534630626690223,0.0064053985215685337,0.551929,0.98139999999999994,1,1000000000,0.2436072147481898,0,0.66243403125554323,0.66243410110473633,32,0,0.78505653269270492,-0.013967051245309484,map,3,0,0.28214456362076895,0.024163883727650774,3285000000
S2,no_observed_dynamic,125,3335000000,0,1,"solved_soft_dynamic","solved",90,0.299906585785922,0.073766211029505757,0.30685710817602535,0.020711224419165671,0.64115993551929018,0.33916439003600418,0,0,0.75141199999999997,1.1222079999999999,1,1000000000,1000000000,0,0.66243403125554323,0.66243410110473633,32,0,0.78505653269270492,-0.013967051245309484,map,3,0,0.30881964780774263,0.031030116249584037,3285000000
S2,observed,126,3385000000,0,1,"solved_soft_dynamic","solved",40,0.25609702674167872,0.09502643317876705,0.2552742436122617,0.030991934304343109,0.62758054008122199,0.3255032060778546,0.0016700364062016101,0.0095783313344610585,0.54107300000000003,0.97589700000000001,1,1000000000,0.23584650191959433,0,0.66543397842906415,0.72377413511276245,32,0,0.80882225023844323,-0.0079997549496932246,map,3,0,0.26565615506176593,0.058288255463644606,3335000000
S2,no_observed_dynamic,126,3385000000,0,1,"solved_soft_dynamic","solved",80,0.28892809487959731,0.11111196971172335,0.29057123331914864,0.030991934304343109,0.64629941169179905,0.35268720771779455,0,0,0.72942799999999997,1.1120730000000001,1,1000000000,1000000000,0,0.66543397842906415,0.72377413511276245,32,0,0.80882225023844323,-0.0079997549496932246,map,3,0,0.299906585785922,0.073766211029505757,3335000000
S2,observed,127,3435000000,0,1,"solved_soft_dynamic","solved",30,0.24308537447641976,0.12447224752050219,0.26815744587941193,0.059517037900103015,0.62332764186991541,0.31735884109109336,0.013972262833972678,0.0045873895538289999,0.503278,0.94091400000000003,1,1000000000,0.26320256711580148,0,0.72377407923340797,0.72377413511276245,32,0,0.83085812253091018,0.0023283510293046102,map,3,0,0.25609702674167872,0.09502643317876705,3385000000
S2,no_observed_dynamic,127,3435000000,0,1,"solved_soft_dynamic","solved",110,0.27814615839122919,0.14329279220256574,0.30736897838376148,0.059517037900103015,0.65759296648668653,0.35278456729474622,0,0,0.90046899999999996,1.292068,1,1000000000,1000000000,0,0.72377407923340797,0.72377413511276245,32,0,0.83085812253091018,0.0023283510293046102,map,3,0,0.28892809487959731,0.11111196971172335,3385000000
S2,observed,128,3485000000,0,1,"solved_soft_dynamic","solved",110,0.23744050983176218,0.15581997086393318,0.28302475143105954,0.069021642927972124,0.69564580007005516,0.35891572544211653,0.00071161360897314637,0.0018320131578268258,0.92691299999999999,1.359669,1,1000000000,0.28978754204710455,0,0.72377407923340797,0.72288614511489868,32,0,0.85293795113870929,0.012747822133128613,map,3,0,0.24308537447641976,0.12447224752050219,3435000000
S2,no_observed_dynamic,128,3485000000,0,1,"solved_soft_dynamic","solved",80,0.26880372426212129,0.17308204227839455,0.31836366100437141,0.069021642927972124,0.69961710062311533,0.38127850228749227,0,0,0.69418800000000003,1.0638529999999999,1,1000000000,1000000000,0,0.72377407923340797,0.72288614511489868,32,0,0.85293795113870929,0.012747822133128613,map,3,0,0.27814615839122919,0.14329279220256574,3435000000
S2,observed,129,3535000000,0,1,"solved_soft_dynamic","solved",80,0.23112100838133096,0.18142973558436851,0.29378365213312579,0.10765283797123928,0.70758678982864442,0.34493107343913304,0.0026269483878494284,0.001750352422337001,0.71791099999999997,1.15167,1,1000000000,0.2916737792719889,0,0.72288612136617303,0.72288614511489868,32,0,0.87379781192692052,0.027581232984660097,map,3,0,0.23744050983176218,0.15581997086393318,3485000000
S2,no_observed_dynamic,129,3535000000,0,1,"solved_soft_dynamic","solved",90,0.26050006914255436,0.1980168016524069,0.32704386286184972,0.10765283797123928,0.7129905742583087,0.3674160524183529,0,0,0.76169599999999993,1.13405,1,1000000000,1000000000,0,0.72288612136617303,0.72288614511489868,32,0,0.87379781192692052,0.027581232984660097,map,3,0,0.26880372426212129,0.17308204227839455,3485000000
S2,observed,130,3585000000,0,1,"solved_soft_dynamic","solved",90,0.22635533303679795,0.20473773796651751,0.30478642139569356,0.11766531269085619,0.75030505618521726,0.37530936266339809,0.0018301620691895419,0.0020527830327263324,0.83692,1.2725989999999998,1,0.38513535499647977,0.2858986184641904,0,0.72288612136617303,0.63114774227142334,32,0,0.89457560111852252,0.041734854990701516,map,3,0,0.23112100838133096,0.18142973558436851,3535000000
S2,no_observed_dynamic,130,3585000000,0,1,"solved_soft_dynamic","solved",80,0.25382718525244385,0.22060032290173753,0.3361096784071228,0.11766531269085619,0.75444648108199774,0.3961526638767926,0,0,0.70559899999999998,1.0770459999999999,1,1000000000,1000000000,0,0.72288612136617303,0.63114774227142334,32,0,0.89457560111852252,0.041734854990701516,map,3,0,0.26050006914255436,0.1980168016524069,3535000000
S2,observed,131,3635000000,0,1,"solved_soft_dynamic","solved",80,0.22135080633303633,0.22262300807051971,0.31319487101453181,0.15769095448440093,0.76283391393239974,0.35955351083674547,0.0034439703345153141,0.0025737403676789703,0.69107200000000002,1.1207309999999999,1,0.36594966776668247,0.27783857979124116,0,0.63114770455285907,0.63114774227142334,32,0,0.91447643837294335,0.060457376671714511,map,3,0,0.22635533303679795,0.20473773796651751,3585000000
S2,no_observed_dynamic,131,3635000000,0,1,"solved_soft_dynamic","solved",80,0.24826935010934292,0.23843579224465006,0.3438623963915946,0.15769095448440093,0.76791104521994435,0.38090094374607436,0,0,0.73510700000000007,1.1110829999999998,1,1000000000,1000000000,0,0.63114770455285907,0.63114774227142334,32,0,0.91447643837294335,0.060457376671714511,map,3,0,0.25382718525244385,0.22060032290173753,3585000000
S2,observed,132,3685000000,0,1,"solved_soft_dynamic","solved",70,0.21529597307818554,0.23529691573208655,0.3169921635366918,0.16831561821783464,0.76740535133054788,0.37712458417502087,0.0035822710342235447,0.0027710968916605152,0.65585300000000002,1.087466,1,0.34431861372328632,0.2747305651306865,0,0.63114770455285907,0.53637772798538208,32,0,0.9341185446441046,0.078341379979708803,map,3,0,0.22135080633303633,0.22262300807051971,3635000000
S2,no_observed_dynamic,132,3685000000,0,1,"solved_soft_dynamic","solved",80,0.24182959479664326,0.25105872500314785,0.34733656869948276,0.16831561821783464,0.77204954778306623,0.39806086765989274,0,0,0.68358700000000006,1.058713,1,1000000000,1000000000,0,0.63114770455285907,0.53637772798538208,32,0,0.9341185446441046,0.078341379979708803,map,3,0,0.24826935010934292,0.23843579224465006,3635000000
S2,observed,133,3735000000,0,1,"solved_soft_dynamic","solved",30,0.20602988741769038,0.24280355720904095,0.31396434801136208,0.21174966192117298,0.803858079469013,0.35146235123603675,0.011439049018102847,0.0081161580154057618,0.48616399999999999,0.92118199999999995,1,0.33053726139811723,0.24313452112470646,0,0.53637765813618898,0.53637772798538208,32,0,0.95188094691616387,0.098405344453008248,map,3,0,0.21529597307818554,0.23529691573208655,3685000000
S2,no_observed_dynamic,133,3735000000,0,1,"solved_soft_dynamic","solved",70,0.23985628785501542,0.26286473176554354,0.35276413389666206,0.21174966192117298,0.82336976754718583,0.38551990299019817,0,0,0.67140999999999995,1.055056,1,1000000000,1000000000,0,0.53637765813618898,0.53637772798538208,32,0,0.95188094691616387,0.098405344453008248,map,3,0,0.24182959479664326,0.25105872500314785,3685000000
S2,observed,134,3785000000,0,1,"solved_soft_dynamic","solved",30,0.19730470890738466,0.24679678527755122,0.30985785877736477,0.22233951409099945,0.82234573713126036,0.36777933142127273,0.01112016923822938,0.0094410419984151048,0.49002899999999999,0.91935800000000001,1,0.31094356167889181,0.2378068997750632,0,0.53637765813618898,0.4363777279853821,32,0,0.96984848888186481,0.11813986023657359,map,3,0,0.20602988741769038,0.24280355720904095,3735000000
S2,no_observed_dynamic,134,3785000000,0,1,"solved_soft_dynamic","solved",60,0.23978707740261643,0.27252372386725721,0.35892888174071702,0.22233951409099945,0.86557288677717836,0.41349702658026993,0,0,0.60445400000000005,0.97992000000000001,1,1000000000,1000000000,0,0.53637765813618898,0.4363777279853821,32,0,0.96984848888186481,0.11813986023657359,map,3,0,0.23985628785501542,0.26286473176554354,3735000000
S2,observed,135,3835000000,0,1,"solved_soft_dynamic","solved",30,0.18681291065278546,0.24644719122288511,0.30175996385679049,0.26392209232779712,0.83913609509714537,0.33775155656949257,0.018221586739651071,0.012439096276129481,0.47732800000000003,0.91265600000000002,1,0.29588937551422512,0.23147766010777437,0,0.42397625220473856,0.42397630214691162,32,0,0.98637805267313972,0.13829171837127013,map,3,0,0.19730470890738466,0.24679678527755122,3785000000
S2,no_observed_dynamic,135,3835000000,0,1,"solved_soft_dynamic","solved",70,0.24069054272805709,0.27872146653614066,0.36374289940328242,0.26392209232779712,0.87610396961449011,0.39324156964180346,0,0,0.68154399999999993,1.056495,1,1000000000,1000000000,0,0.42397625220473856,0.42397630214691162,32,0,0.98637805267313972,0.13829171837127013,map,3,0,0.23978707740261643,0.27252372386725721,3785000000
S2,observed,136,3885000000,0,1,"solved_soft_dynamic","solved",30,0.177363196886548,0.2434320483100644,0.29259626219176754,0.2742716487282737,0.85796004456334829,0.35106210779183711,0.016844170219624578,0.014738001692378995,0.49829800000000002,0.95109299999999997,1,0.27778758929236314,0.22492139624099305,0,0.42397624929435551,0.35115694999694824,32,0,1.0030433402453831,0.15862115996357382,map,3,0,0.18681291065278546,0.24644719122288511,3835000000
S2,no_observed_dynamic,136,3885000000,0,1,"solved_soft_dynamic","solved",60,0.24057066707333796,0.28072890980291398,0.36494710069305103,0.2742716487282737,0.8824594479842649,0.40900292905495733,0,0,0.60732900000000001,0.98747799999999997,1,1000000000,1000000000,0,0.42397624929435551,0.35115694999694824,32,0,1.0030433402453831,0.15862115996357382,map,3,0,0.24069054272805709,0.27872146653614066,3835000000
S2,observed,137,3935000000,0,1,"solved_soft_dynamic","solved",40,0.14866093465425989,0.2352567265554952,0.2658223513615775,0.31566997617319398,0.83951756213065387,0.29704081043966135,1.2225787260972263,0.17944780100963365,0.53974500000000003,0.97874799999999995,1,0.26416989236166177,0.1460455717411423,0,0.35115689388476312,0.35115694999694824,32,0,1.0189388630049065,0.18015905469987889,map,3,0,0.177363196886548,0.2434320483100644,3885000000
S2,no_observed_dynamic,137,3935000000,0,1,"solved_soft_dynamic","solved",60,0.24358777922659036,0.28232560641712878,0.3685763842365134,0.31566997617319398,0.92300170147331984,0.39513980021342121,0,0,0.64452699999999996,1.0224679999999999,1,1000000000,1000000000,0,0.35115689388476312,0.35115694999694824,32,0,1.0189388630049065,0.18015905469987889,map,3,0,0.24057066707333796,0.28072890980291398,3885000000
S2,observed,138,3985000000,0,1,"solved_soft_dynamic","solved",40,0.11758446794830416,0.21832991782914452,0.23119788700304861,0.3260431512205974,0.81439448112583479,0.27901498942390174,0.26555583776236591,0.055554534834678565,0.55048200000000003,0.99215999999999993,1,0.24724666952167507,0.19548960814437299,0,0.35115689388476312,0.25643542408943176,32,0,1.0347777176829072,0.2015086511019975,map,3,0,0.14866093465425989,0.2352567265554952,3935000000
S2,no_observed_dynamic,138,3985000000,0,1,"solved_soft_dynamic","solved",80,0.24537297694666224,0.28006206108723342,0.36846406059886261,0.3260431512205974,0.92390644466598659,0.40980111019599319,0,0,0.74199800000000005,1.122044,1,1000000000,1000000000,0,0.35115689388476312,0.25643542408943176,32,0,1.0347777176829072,0.2015086511019975,map,3,0,0.24358777922659036,0.28232560641712878,3935000000
S2,observed,139,4035000000,0,1,"solved_soft_dynamic","solved",40,0.084450657272500007,0.19890675970199187,0.19309568636710184,0.36766469508680627,0.79977782731229374,0.22150409401480425,1.0730889361198006,0.16734464151051343,0.56237199999999998,0.99924900000000005,1,0.23388998462579758,0.14674041012052408,0,0.25643539265729487,0.25643542408943176,32,0,1.0504001173024089,0.22331643067660797,map,3,0,0.11758446794830416,0.21832991782914452,3985000000
S2,no_observed_dynamic,139,4035000000,0,1,"solved_soft_dynamic","solved",70,0.2486542822481525,0.27621744488344918,0.36831433337266617,0.36766469508680627,0.93706195467550257,0.389049448274087,0,0,0.70414600000000005,1.0805990000000001,1,1000000000,1000000000,0,0.25643539265729487,0.25643542408943176,32,0,1.0504001173024089,0.22331643067660797,map,3,0,0.24537297694666224,0.28006206108723342,3985000000
S2,observed,140,4085000000,0,1,"solved_soft_dynamic","solved",50,0.049209143625579793,0.17663047726912259,0.15181224346126729,0.37803131529988165,0.7825627037403089,0.20378856843133894,7.9034475825233379,1.203939739814688,0.59288799999999997,1.033406,1,0.21514303379620947,0.052711526629380612,0,0.25643539265729487,0.15643542408943176,32,0,1.0658445846177982,0.24514003225271691,map,3,0,0.084450657272500007,0.19890675970199187,4035000000
S2,no_observed_dynamic,140,4085000000,0,1,"solved_soft_dynamic","solved",60,0.25207096851738131,0.27071886907278997,0.3673612686586113,0.37803131529988165,0.96871276946381002,0.40763846404256615,0,0,0.60937800000000009,0.98374600000000001,1,1000000000,1000000000,0,0.25643539265729487,0.15643542408943176,32,0,1.0658445846177982,0.24514003225271691,map,3,0,0.2486542822481525,0.27621744488344918,4035000000
S2,observed,141,4135000000,0,1,"solved_soft_dynamic","solved",40,0.015506495256812108,0.15065671805609104,0.10973540424304212,0.40829052515388808,0.76841631108756214,0.158725521965523,2.5901026271168943,0.38491451307771873,0.53928600000000004,0.97355200000000008,1,0.20066044752987211,0.09365071138130987,0,0.17343551589874551,0.15194950997829437,32,0,1.0795393114335254,0.26671088538030924,map,3,0,0.049209143625579793,0.17663047726912259,4085000000
S2,no_observed_dynamic,141,4135000000,0,1,"solved_soft_dynamic","solved",70,0.25689005936272069,0.26328569589225337,0.36636304256908775,0.40829052515388808,0.9871569718787675,0.39944709595015415,0,0,0.66480300000000003,1.0348300000000001,1,1000000000,1000000000,0,0.17343551589874551,0.15194950997829437,32,0,1.0795393114335254,0.26671088538030924,map,3,0,0.25207096851738131,0.27071886907278997,4085000000
S2,observed,142,4185000000,0,1,"solved_soft_dynamic","solved",40,-0.01431297360197864,0.12440267837705013,0.07000931099472596,0.42822463642944192,0.75402724376836128,0.13263797405489536,6.7494624657918862,1.502208755274888,0.55466000000000004,0.99085699999999999,1,0.19076414287150412,0.02889766197888094,0,0.15194948355201632,0.085986755788326263,32,0,1.0936465755875251,0.2884952621736766,map,3,0,0.015506495256812108,0.15065671805609104,4135000000
S2,no_observed_dynamic,142,4185000000,0,1,"solved_soft_dynamic","solved",60,0.26292431391532511,0.25473905052514528,0.36539090274604458,0.42822463642944192,1.0232873501035173,0.40673578817877726,0,0,0.60092800000000002,0.971051,1,1000000000,1000000000,0,0.15194948355201632,0.085986755788326263,32,0,1.0936465755875251,0.2884952621736766,map,3,0,0.25689005936272069,0.26328569589225337,4135000000
S2,observed,143,4235000000,0,1,"solved_soft_dynamic","solved",30,-0.043489727965725797,0.096700817211816073,0.03374274602520675,0.45794393697665292,0.73233269898335784,0.09037103143878035,5.1766911490970724,1.1330141999967347,0.49213299999999993,0.92616200000000004,1,0.177484321681316,0.032948552900291916,0,0.085986743215471506,0.085986755788326263,32,0,1.106738155503066,0.3098907464420993,map,3,0,-0.01431297360197864,0.12440267837705013,4185000000
S2,no_observed_dynamic,143,4235000000,0,1,"solved_soft_dynamic","solved",70,0.27024074039239226,0.24419504794680402,0.36420207016197326,0.45794393697665292,1.0408966457204412,0.39791283141669997,0,0,0.67203900000000005,1.0407759999999999,1,1000000000,1000000000,0,0.085986743215471506,0.085986755788326263,32,0,1.106738155503066,0.3098907464420993,map,3,0,0.26292431391532511,0.25473905052514528,4185000000
S2,observed,144,4285000000,0,1,"solved_soft_dynamic","solved",230,-0.072779475080978512,0.068100149889920567,-0.010902577329984377,0.49600862968015519,0.72057740568334361,0.030309910695579537,3.4382467261464909,0.54762574814129061,1.4462299999999999,1.8905160000000001,1,0.1641900587083438,0.05920695178020724,0,0.044986865759710781,-0.014013244211673742,32,0,1.1195506796072088,0.33151470834947494,map,3,0,-0.043489727965725797,0.096700817211816073,4235000000
S2,no_observed_dynamic,144,4285000000,0,1,"solved_soft_dynamic","solved",70,0.27892173469391046,0.23211406247561478,0.36282901357853331,0.49600862968015519,1.0535874978516053,0.3772593061893959,0,0,0.66164299999999998,1.0350949999999999,1,1000000000,1000000000,0,0.044986865759710781,-0.014013244211673742,32,0,1.1195506796072088,0.33151470834947494,map,3,0,0.27024074039239226,0.24419504794680402,4235000000
S2,observed,145,4335000000,0,1,"solved_soft_dynamic","solved",30,-0.11985008416810583,0.059287309063195417,0.11185003669606385,0,0.53082857788113769,0.25184801581355787,0.049824429064248242,0.058845190844979467,0.50270200000000009,2.3052730000000001,0,0.15313514053400745,0.15313514053400745,0,0.0049868719979251352,-0.02329697459936142,32,0,1.1319225053501725,0.35313505482781238,map,4,1,-0.072779475080978512,0.068100149889920567,4285000000
S2,no_observed_dynamic,145,4335000000,0,1,"solved_soft_dynamic","solved",80,0.22892173469391047,0.18211406247561479,-0.24916205772570255,0,0.37872171777375391,0,0,0,0.70128199999999996,1.0742830000000001,0,1000000000,1000000000,0,0.0049868719979251352,-0.02329697459936142,32,0,1.1319225053501725,0.35313505482781238,map,4,0,0.27892173469391046,0.23211406247561478,4285000000
S2,observed,146,4385000000,0,1,"solved_soft_dynamic","solved",70,-0.16985008416810582,0.056884274347646563,0.16177613055200391,0,0.55714926084699834,0.32298483931759048,0.080619129271025866,0.068017544475414776,0.74430399999999997,1.189481,1,0.14207145043968539,0.14207145043968539,0,0.017702897730487166,0.076703025400638586,32,0,1.1431775901718273,0.37497710200259249,map,4,0,-0.11985008416810583,0.059287309063195417,4335000000
S2,no_observed_dynamic,146,4385000000,0,1,"solved_soft_dynamic","solved",70,0.17892173469391048,0.1321140624756148,-0.19351173658377493,0,0.46521073992298428,0.059966269521266817,0,0,0.72420600000000002,1.1029950000000002,1,1000000000,1000000000,0,0.017702897730487166,0.076703025400638586,32,0,1.1431775901718273,0.37497710200259249,map,4,0,0.22892173469391047,0.18211406247561479,4335000000
S2,observed,147,4435000000,0,1,"solved_soft_dynamic","solved",60,-0.20765576506262071,0.052627426367127916,0.19981936114325413,0,0.57586619954583551,0.36037023620012859,0.049241740463336042,0.048922931248809379,0.61698900000000001,1.0491409999999999,1,0.14825214860828184,0.14825214860828184,0,0.057702892809174955,0.096598893404006958,32,0,1.1524976099367337,0.39754850671243941,map,4,0,-0.16985008416810582,0.056884274347646563,4385000000
S2,no_observed_dynamic,147,4435000000,0,1,"solved_soft_dynamic","solved",70,0.12892173469391049,0.090802598409295804,-0.13890633824668649,0,0.50333633902288299,0.13394373149394087,0,0,0.68693700000000002,1.0579639999999999,1,1000000000,1000000000,0,0.057702892809174955,0.096598893404006958,32,0,1.1524976099367337,0.39754850671243941,map,4,0,0.17892173469391048,0.1321140624756148,4385000000
S2,observed,148,4485000000,0,1,"solved_soft_dynamic","solved",110,-0.22358907132787023,0.099476930806409361,0.070175018887313825,0.23102741293252996,0.76110616991654034,0.19623849426020953,0.02699705511380307,0.026526069670609914,0.85914599999999997,1.286111,1,0.16257673468698763,0.16257673468698763,0,0.13759874564129859,0.15071304142475128,32,0,1.1596429805810424,0.42239864363279428,map,4,0,-0.20765576506262071,0.052627426367127916,4435000000
S2,no_observed_dynamic,148,4485000000,0,1,"solved_soft_dynamic","solved",100,0.078921734693910492,0.1267840397206334,0.13580716697161346,0.23102741293252996,0.74378136612772983,0.22304356833552422,0,0,0.825789,1.196512,1,1000000000,1000000000,0,0.13759874564129859,0.15071304142475128,32,0,1.1596429805810424,0.42239864363279428,map,4,0,0.12892173469391049,0.090802598409295804,4435000000
S2,observed,149,4535000000,0,1,"solved_soft_dynamic","solved",50,-0.23632073815099192,0.1371450657180962,0.1059137465399468,0.23679184097049616,0.79294936808014693,0.24044569131767826,0.026062124632860249,0.025545785051173876,0.55678499999999997,0.99448300000000001,1,0.16205210192277031,0.16205210192277031,0,0.15071300731506199,0.15071304142475128,32,0,1.1658482376240205,0.44791104780400348,map,4,0,-0.22358907132787023,0.099476930806409361,4485000000
S2,no_observed_dynamic,149,4535000000,0,1,"solved_soft_dynamic","solved",70,0.028921734693910496,0.15942357531362225,0.16180934535436289,0.23679184097049616,0.7873943978804161,0.27324858999573259,0,0,0.64153699999999991,1.0209139999999999,1,1000000000,1000000000,0,0.15071300731506199,0.15071304142475128,32,0,1.1658482376240205,0.44791104780400348,map,4,0,0.078921734693910492,0.1267840397206334,4485000000
S2,observed,150,4585000000,0,1,"solved_soft_dynamic","solved",50,-0.24558843905491562,0.17239527255187462,0.14093953861236722,0.27962942100927612,0.82552221310033091,0.25154439800620221,0.028354505434011218,0.027974023269314016,0.56132599999999999,0.99603800000000009,1,0.15374491035341264,0.15374491035341264,0,0.12705659901257604,0.12705662846565247,32,0,1.1696306445668707,0.4756892307205029,map,4,0,-0.23632073815099192,0.1371450657180962,4535000000
S2,no_observed_dynamic,150,4585000000,0,1,"solved_soft_dynamic","solved",60,-0.020816002797680248,0.1907582035635097,0.18675944975287523,0.27962942100927612,0.82480967252072546,0.27961994407153479,0,0,0.62219100000000005,0.9978840000000001,1,1000000000,1000000000,0,0.12705659901257604,0.12705662846565247,32,0,1.1696306445668707,0.4756892307205029,map,4,0,0.028921734693910496,0.15942357531362225,4535000000
S2,observed,151,4635000000,0,1,"solved_soft_dynamic","solved",30,-0.24967386130129351,0.19801876540870289,0.18124650538230813,0.28334521635008919,0.85672120275466734,0.29831945010367417,0.012255993428786386,0.012263148707726386,0.49562100000000003,0.93981399999999993,1,0.17632101614171214,0.17632101614171214,0,0.12705659901257604,0.12705662846565247,32,0,1.1725030413201636,0.50400491873614761,map,4,0,-0.24558843905491562,0.17239527255187462,4585000000
S2,no_observed_dynamic,151,4635000000,0,1,"solved_soft_dynamic","solved",40,-0.060553529913944186,0.2162042664166865,0.21177560724775252,0.28334521635008919,0.86058621774754118,0.32811919376982202,0,0,0.51444499999999993,0.89083599999999996,1,1000000000,1000000000,0,0.12705659901257604,0.12705662846565247,32,0,1.1725030413201636,0.50400491873614761,map,4,0,-0.020816002797680248,0.1907582035635097,4585000000
S2,observed,152,4685000000,0,1,"solved_soft_dynamic","solved",50,-0.2479950330930645,0.22221982329160342,0.20773679741545284,0.32803412134909238,0.89167017943758453,0.30687973757890186,0.0061292749828109035,0.0061097071425226385,0.55459599999999998,0.99877100000000008,1,0.19575529476336151,0.19575529476336151,0,0.086962402565404773,0.082075640559196472,32,0,1.1744900721957754,0.53279726885470313,map,4,0,-0.24967386130129351,0.19801876540870289,4635000000
S2,no_observed_dynamic,152,4685000000,0,1,"solved_soft_dynamic","solved",50,-0.08765051124066546,0.24222599253189647,0.2368415394344609,0.32803412134909238,0.8938980114814461,0.34238632200610597,0,0,0.55358600000000002,0.93063399999999996,1,1000000000,1000000000,0,0.086962402565404773,0.082075640559196472,32,0,1.1744900721957754,0.53279726885470313,map,4,0,-0.060553529913944186,0.2162042664166865,4635000000
S2,observed,153,4735000000,0,1,"solved_soft_dynamic","solved",50,-0.24229761153752993,0.24120503019645126,0.23635508734904415,0.33471512921102436,0.93013652244315703,0.35564711811091071,0.0032832966979476001,0.0032810012379150631,0.559423,1.0047759999999999,1,0.21469376690789865,0.21469376690789865,0,0.082075624959543347,0.082075640559196472,32,0,1.1759485495550184,0.56193385379910499,map,4,0,-0.2479950330930645,0.22221982329160342,4685000000
S2,no_observed_dynamic,153,4735000000,0,1,"solved_soft_dynamic","solved",60,-0.10755493780494721,0.26066561280659362,0.25848256824337168,0.33471512921102436,0.93231967154108553,0.37822144342821312,0,0,0.59689499999999995,0.97555899999999995,1,1000000000,1000000000,0,0.082075624959543347,0.082075640559196472,32,0,1.1759485495550184,0.56193385379910499,map,4,0,-0.08765051124066546,0.24222599253189647,4685000000
S2,observed,154,4785000000,0,1,"solved_soft_dynamic","solved",70,-0.23152860919209073,0.25864907986745128,0.25758651093252338,0.36761035620619292,0.9537959559622029,0.37902814003688329,0.0016945184172914528,0.0016888184516096402,0.66804300000000005,1.113329,1,0.23511296978598661,0.23511296978598661,0,0.077875697752460837,0.020813044160604477,32,0,1.1771974281751587,0.59095642099377443,map,4,0,-0.24229761153752993,0.24120503019645126,4735000000
S2,no_observed_dynamic,154,4785000000,0,1,"solved_soft_dynamic","solved",50,-0.1181779302407103,0.27757891353623493,0.27703502697432031,0.36761035620619292,0.95820463138961309,0.39781384627037669,0,0,0.54523600000000005,0.92154499999999995,1,1000000000,1000000000,0,0.077875697752460837,0.020813044160604477,32,0,1.1771974281751587,0.59095642099377443,map,4,0,-0.10755493780494721,0.26066561280659362,4735000000
S2,observed,155,4835000000,0,1,"solved_soft_dynamic","solved",30,-0.2173721632839509,0.27187143720111384,0.27856018782082981,0.38575079601333584,0.995468740234981,0.40802944980959116,0.00028895920088482411,0.00028851184600098647,0.50058000000000002,0.94385599999999992,1,0.28746862011838303,0.28746862011838303,0,0.020813038645428605,0.020813044160604477,32,0,1.1782588504040807,0.61967968684521235,map,4,0,-0.23152860919209073,0.25864907986745128,4785000000
S2,no_observed_dynamic,155,4835000000,0,1,"solved_soft_dynamic","solved",30,-0.12251539984844897,0.29033676951881576,0.29403913499204881,0.38575079601333584,1.0004235550980844,0.42811930455300307,0,0,0.49962200000000001,0.87642500000000001,1,1000000000,1000000000,0,0.020813038645428605,0.020813044160604477,32,0,1.1782588504040807,0.61967968684521235,map,4,0,-0.1181779302407103,0.27757891353623493,4785000000
S2,observed,156,4885000000,0,1,"solved_soft_dynamic","solved",60,-0.19104609186012675,0.29534944054093965,0.21770947060659024,0.50602754803522842,1.1053722628779001,0.30794394984289924,0.00014189638412495932,0.00014125770903853635,0.60362700000000002,1.0385040000000001,1,0.30864947153113165,0.30864947153113165,0,0.016613112074992387,-0.048361163586378098,32,0,1.179318252827305,0.64828870961233875,map,4,0,-0.2173721632839509,0.27187143720111384,4835000000
S2,no_observed_dynamic,156,4885000000,0,1,"solved_soft_dynamic","solved",60,-0.11125111678611151,0.31223063743623797,0.25948522101437571,0.50602754803522842,1.1096846278018178,0.33366072411407721,0,0,0.60567000000000004,0.98126000000000002,1,1000000000,1000000000,0,0.016613112074992387,-0.048361163586378098,32,0,1.179318252827305,0.64828870961233875,map,4,0,-0.12251539984844897,0.29033676951881576,4835000000
S2,observed,157,4935000000,0,1,"solved_soft_dynamic","solved",40,-0.16719496567986125,0.3093444116181262,0.23866481240367055,0.50602754803522842,1.1145858489869069,0.3433405543781381,5.9573759981638792e-05,5.9487506744970091e-05,0.54060700000000006,0.97862899999999997,1,0.33409593316102149,0.33409593316102149,0,-0.048361154767917469,-0.048361163586378098,32,0,1.1809936007337902,0.67540086270588384,map,4,0,-0.19104609186012675,0.29534944054093965,4885000000
S2,no_observed_dynamic,157,4935000000,0,1,"solved_soft_dynamic","solved",30,-0.099581097071711283,0.32570170423141731,0.2760060882824098,0.50602754803522842,1.1221884724475855,0.37311559886306556,0,0,0.49238899999999997,0.87692800000000004,1,1000000000,1000000000,0,-0.048361154767917469,-0.048361163586378098,32,0,1.1809936007337902,0.67540086270588384,map,4,0,-0.11125111678611151,0.31223063743623797,4885000000
S2,observed,158,4985000000,0,1,"solved_soft_dynamic","solved",30,-0.13918106202133607,0.32212268177505926,0.21801072364744301,0.55088546235816271,1.154236139432526,0.33409714115569178,6.0527452118458027e-05,6.0420362840890181e-05,0.49834399999999995,0.93252199999999996,1,0.33378310541839928,0.33378310541839928,0,-0.051361095029278658,-0.11980913579463959,32,0,1.1826870370220903,0.70291415742349828,map,4,0,-0.16719496567986125,0.3093444116181262,4935000000
S2,no_observed_dynamic,158,4985000000,0,1,"solved_soft_dynamic","solved",30,-0.081787803006014598,0.33695288746055369,0.25821881758514087,0.55088546235816271,1.1625167986331837,0.35336943352537742,0,0,0.48941800000000002,0.86554999999999993,1,1000000000,1000000000,0,-0.051361095029278658,-0.11980913579463959,32,0,1.1826870370220903,0.70291415742349828,map,4,0,-0.099581097071711283,0.32570170423141731,4935000000
S2,observed,159,5035000000,0,1,"solved_soft_dynamic","solved",40,-0.11348410456191957,0.32884074618046327,0.25791389104179929,0.56172857944744359,1.1694619243187052,0.35671974742045326,2.5127960826205967e-05,2.5086660031049171e-05,0.53436399999999995,0.96146799999999999,1,0.35735147468574868,0.35735147468574868,0,-0.11980910348938778,-0.11980913579463959,32,0,1.18656071484879,0.72799362157475644,map,4,0,-0.13918106202133607,0.32212268177505926,4985000000
S2,no_observed_dynamic,159,5035000000,0,1,"solved_soft_dynamic","solved",50,-0.064353525174222978,0.34271901523548676,0.2899614488559405,0.56172857944744359,1.1716628917319327,0.38396615049713462,0,0,0.57206699999999999,0.94387900000000002,1,1000000000,1000000000,0,-0.11980910348938778,-0.11980913579463959,32,0,1.18656071484879,0.72799362157475644,map,4,0,-0.081787803006014598,0.33695288746055369,4985000000
S2,observed,160,5085000000,0,1,"solved_soft_dynamic","solved",30,-0.086059319731076639,0.33340947162020901,0.26118682466095094,0.59641099616975801,1.1911834305128357,0.35596654570945174,2.6508976682515575e-05,2.6471790984976382e-05,0.49048999999999998,0.91412100000000007,1,0.3560520641983661,0.3560520641983661,0,-0.12280905575607903,-0.1646881103515625,32,0,1.1903131017061106,0.75347298180093314,map,4,0,-0.11348410456191957,0.32884074618046327,5035000000
S2,no_observed_dynamic,160,5085000000,0,1,"solved_soft_dynamic","solved",30,-0.043051400195182069,0.34626393165878833,0.29170472603120756,0.59641099616975801,1.1948649654438726,0.38381453293240758,0,0,0.48460199999999998,0.85050000000000003,1,1000000000,1000000000,0,-0.12280905575607903,-0.1646881103515625,32,0,1.1903131017061106,0.75347298180093314,map,4,0,-0.064353525174222978,0.34271901523548676,5035000000
S2,observed,161,5135000000,0,1,"solved_soft_dynamic","solved",30,-0.06021748809866305,0.33397814502927192,0.27997087183421593,0.61252368615034825,1.205412254307318,0.37318431162387639,3.4113825535962727e-05,3.4010941331151056e-05,0.50229599999999996,0.93286599999999997,1,0.35345365698138742,0.35345365698138742,0,-0.16468808462377638,-0.1646881103515625,32,0,1.1962306349754925,0.7765213280155433,map,4,0,-0.086059319731076639,0.33340947162020901,5085000000
S2,no_observed_dynamic,161,5135000000,0,1,"solved_soft_dynamic","solved",50,-0.023409676012166064,0.34589437027885284,0.30592419872575899,0.61252368615034825,1.2084380599851823,0.3853509761607084,0,0,0.60100300000000006,0.98007999999999995,1,1000000000,1000000000,0,-0.16468808462377638,-0.1646881103515625,32,0,1.1962306349754925,0.7765213280155433,map,4,0,-0.043051400195182069,0.34626393165878833,5085000000
S2,observed,162,5185000000,0,1,"solved_soft_dynamic","solved",30,-0.026868696178931388,0.33652180963585471,0.18914530282099182,0.67715174845142123,1.2790949534446265,0.340299007942995,1.5496620482209763e-05,1.5487947010479739e-05,0.50404199999999999,0.92547400000000002,1,0.37357709283090701,0.37357709283090701,0,-0.16888801037566736,-0.19583724439144135,32,0,1.2024440524507878,0.79947073405152558,map,4,0,-0.06021748809866305,0.33397814502927192,5135000000
S2,no_observed_dynamic,162,5185000000,0,1,"solved_soft_dynamic","solved",30,0.0046264146524643349,0.34750439788324422,0.22060348065870422,0.67715174845142123,1.2817627545657477,0.3578540468225882,0,0,0.505413,0.87845399999999996,1,1000000000,1000000000,0,-0.16888801037566736,-0.19583724439144135,32,0,1.2024440524507878,0.79947073405152558,map,4,0,-0.023409676012166064,0.34589437027885284,5135000000
S2,observed,163,5235000000,0,1,"solved_soft_dynamic","solved",60,-0.0017080208013498209,0.33637281955849935,0.31357679352073947,0.68102752538342715,1.2857704043358016,0.37581683886238398,6.8341248178803695e-05,6.7699531770570439e-05,0.63713599999999992,1.0740339999999999,1,0.33567726494042782,0.33567726494042782,0,-0.1958372158696875,-0.19583724439144135,32,0,1.2106556536162132,0.82011450956892951,map,4,0,-0.026868696178931388,0.33652180963585471,5185000000
S2,no_observed_dynamic,163,5235000000,0,1,"solved_soft_dynamic","solved",60,0.025255183998382037,0.3463452201428745,0.3325216108250531,0.68102752538342715,1.2838931692897433,0.38904211687155682,0,0,0.61064099999999999,0.98460100000000006,1,1000000000,1000000000,0,-0.1958372158696875,-0.19583724439144135,32,0,1.2106556536162132,0.82011450956892951,map,4,0,0.0046264146524643349,0.34750439788324422,5185000000
S2,observed,164,5285000000,0,1,"solved_soft_dynamic","solved",30,0.021285565583518965,0.33312500631200681,0.31875557017412848,0.68549791283067618,1.3033218099954271,0.40460776699601425,3.6013245905498488e-05,3.590819769526435e-05,0.49975200000000003,0.93488100000000007,1,0.35327840945728683,0.35327840945728683,0,-0.19883715285686776,-0.22645726799964905,32,0,1.2190386171410146,0.84081773138017057,map,4,0,-0.0017080208013498209,0.33637281955849935,5235000000
S2,no_observed_dynamic,164,5285000000,0,1,"solved_soft_dynamic","solved",30,0.043848722932290307,0.34193809985519796,0.3350460260540935,0.68549791283067618,1.2939293086439032,0.41283996478063095,0,0,0.49923600000000001,0.87040200000000001,1,1000000000,1000000000,0,-0.19883715285686776,-0.22645726799964905,32,0,1.2190386171410146,0.84081773138017057,map,4,0,0.025255183998382037,0.3463452201428745,5235000000
S2,observed,165,5335000000,0,1,"solved_soft_dynamic","solved",130,0.061947860050498571,0.28312500631200682,0.051868373653804492,0.022687495820984189,0.52937769918354693,0.18844060310608965,2.4017360706947727e-05,5.5900815114165953e-05,0.94115799999999994,2.5829199999999997,0,0.3682128620513786,0.3682128620513786,0,-0.22645722492597997,-0.22645726799964905,32,0,1.2295103091581314,0.85912565770334526,map,5,1,0.021285565583518965,0.33312500631200681,5285000000
S2,no_observed_dynamic,165,5335000000,0,1,"solved_soft_dynamic","solved",130,0.081546934555520589,0.29193809985519797,0.071142579459756008,0.022687495820984189,0.53016637952821577,0.20037729355417874,0,0,0.94025900000000007,1.315742,0,1000000000,1000000000,0,-0.22645722492597997,-0.22645726799964905,32,0,1.2295103091581314,0.85912565770334526,map,5,0,0.043848722932290307,0.34193809985519796,5285000000
S2,observed,166,5385000000,0,1,"solved_soft_dynamic","solved",130,0.096395195035465342,0.23312500631200683,0.088067200916612728,0.03416547831259778,0.53526824396344774,0.20737657350622973,0.0016828635250079695,0.0015908020204442811,0.94475299999999995,1.3833150000000001,1,0.33872546017063743,0.30041093313468803,0,-0.22945717500988394,-0.2505471408367157,32,0,1.2401063220123203,0.87752570582478628,map,5,0,0.061947860050498571,0.28312500631200682,5335000000
S2,no_observed_dynamic,166,5385000000,0,1,"solved_soft_dynamic","solved",130,0.11374179279660229,0.24193809985519799,0.10509034682548206,0.03416547831259778,0.53564739054553367,0.21793415948809253,0,0,0.9219710000000001,1.29223,1,1000000000,1000000000,0,-0.22945717500988394,-0.2505471408367157,32,0,1.2401063220123203,0.87752570582478628,map,5,0,0.081546934555520589,0.29193809985519797,5335000000
S2,observed,167,5435000000,0,1,"solved_soft_dynamic","solved",120,0.12539190529947181,0.18312500631200684,0.1188188319956167,0.043241873366781064,0.54017839523854239,0.22920702579871338,0.0015454845952782314,0.001542578466041306,0.87519800000000003,1.313491,1,0.3486811847558694,0.30134730765969397,0,-0.25054710567928851,-0.2505471408367157,32,0,1.2530146148321204,0.89359461176574317,map,5,0,0.096395195035465342,0.23312500631200683,5385000000
S2,no_observed_dynamic,167,5435000000,0,1,"solved_soft_dynamic","solved",120,0.1408251361960908,0.191938099855198,0.13392981458079578,0.043241873366781064,0.54061418860445176,0.2387032629395511,0,0,0.89270400000000005,1.266748,1,1000000000,1000000000,0,-0.25054710567928851,-0.2505471408367157,32,0,1.2530146148321204,0.89359461176574317,map,5,0,0.11374179279660229,0.24193809985519799,5385000000
S2,observed,168,5485000000,0,1,"solved_soft_dynamic","solved",120,0.14869481189851635,0.13443416393204791,0.14440840059657659,0.057778001591361067,0.58909811882676111,0.2490944701054337,0.085458472767900584,0.024398971855197151,0.88911800000000007,1.3234830000000002,1,0.31497319391977596,0.2153396683684986,0,-0.25474703288637102,-0.3386833667755127,32,0,1.265718386603796,0.90956255248042861,map,5,0,0.12539190529947181,0.18312500631200684,5435000000
S2,no_observed_dynamic,168,5485000000,0,1,"solved_soft_dynamic","solved",120,0.16712956931109624,0.14193809985519801,0.16259891737119356,0.057778001591361067,0.58211021253755446,0.2599827471981293,0,0,0.88858999999999999,1.2644170000000001,1,1000000000,1000000000,0,-0.25474703288637102,-0.3386833667755127,32,0,1.265718386603796,0.90956255248042861,map,5,0,0.1408251361960908,0.191938099855198,5435000000
S2,observed,169,5535000000,0,1,"solved_soft_dynamic","solved",90,0.16938490554227842,0.089968125529466592,0.16648196046629019,0.067584460576587846,0.59059844701202657,0.26504214612277993,0.022803814433045359,0.031130006356857302,0.73981600000000003,1.174766,1,0.3186832049409819,0.20800388035965467,0,-0.33297424088232219,-0.3386833667755127,32,0,1.2786367076059793,0.92183841375872799,map,5,0,0.14869481189851635,0.13443416393204791,5485000000
S2,no_observed_dynamic,169,5535000000,0,1,"solved_soft_dynamic","solved",90,0.18912078517203618,0.091938099855198005,0.1861464026949273,0.067584460576587846,0.58655344129196141,0.27670911206904075,0,0,0.75195400000000001,1.1222510000000001,1,1000000000,1000000000,0,-0.33297424088232219,-0.3386833667755127,32,0,1.2786367076059793,0.92183841375872799,map,5,0,0.16712956931109624,0.14193809985519801,5485000000
S2,observed,170,5585000000,0,1,"solved_soft_dynamic","solved",140,0.1764448029805579,0.061907924917371862,0.1737624061980832,0.08320153420227698,0.60013706417084722,0.26619747452642989,0.74819874610870929,0.12352416993390863,1.1314579999999999,1.569326,1,0.29314954816515282,0.15673838454920985,0,-0.34288324241060764,-0.36534351110458374,32,0,1.2937194027239005,0.93177564937499857,map,5,0,0.16938490554227842,0.089968125529466592,5535000000
S2,no_observed_dynamic,170,5585000000,0,1,"solved_soft_dynamic","solved",80,0.20748126968084407,0.046619554964877602,0.20539874912101191,0.08320153420227698,0.59199907573675248,0.28660039728307768,0,0,0.70896300000000001,1.0813360000000001,1,1000000000,1000000000,0,-0.34288324241060764,-0.36534351110458374,32,0,1.2937194027239005,0.93177564937499857,map,5,0,0.18912078517203618,0.091938099855198005,5535000000
S2,observed,171,5635000000,0,1,"solved_soft_dynamic","solved",80,0.18178383055307729,0.036583622555459563,0.18013371860130953,0.095446106038662049,0.60963641198248553,0.27265442287471603,0.12590117827645167,0.065895893741377665,0.70623400000000003,1.140134,1,0.28844262724822878,0.19058667920466044,0,-0.3653434687294066,-0.36534351110458374,32,0,1.3101246253615064,0.93958070480393907,map,5,0,0.1764448029805579,0.061907924917371862,5585000000
S2,no_observed_dynamic,171,5635000000,0,1,"solved_soft_dynamic","solved",80,0.22233964402868239,0.0072972094552177236,0.22185449860983666,0.095446106038662049,0.5963722121147248,0.30063277141326422,0,0,0.73724200000000006,1.1068960000000001,1,1000000000,1000000000,0,-0.3653434687294066,-0.36534351110458374,32,0,1.3101246253615064,0.93958070480393907,map,5,0,0.20748126968084407,0.046619554964877602,5585000000
S2,observed,172,5685000000,0,1,"solved_soft_dynamic","solved",50,0.17741568722249329,0.023744114110918174,0.17599750281315096,0.11455825165672247,0.59232704780292678,0.2630496862613359,0.22993973347068461,0.080123148950180773,0.59885600000000005,1.0357499999999999,1,0.26981186400977464,0.18654732373998584,0,-0.36234352155588567,-0.32461094856262207,32,0,1.3280569650704381,0.94461357607993401,map,5,0,0.18178383055307729,0.036583622555459563,5635000000
S2,no_observed_dynamic,172,5685000000,0,1,"solved_soft_dynamic","solved",90,0.23758207172791176,-0.024698185145704141,0.23852336533425789,0.11455825165672247,0.63790878649870431,0.31615595371426919,0,0,0.79417500000000008,1.1665219999999998,1,1000000000,1000000000,0,-0.36234352155588567,-0.32461094856262207,32,0,1.3280569650704381,0.94461357607993401,map,5,0,0.22233964402868239,0.0072972094552177236,5635000000
S2,observed,173,5735000000,0,1,"solved_soft_dynamic","solved",40,0.17083795537357477,0.013241232206677141,0.16968149977489694,0.12801616683841627,0.6015371179473934,0.26378186716745211,0.090631280914771725,0.12970364167152312,0.53246499999999997,0.97033400000000003,1,0.2586254933890394,0.16658494963096571,0,-0.32461091177538037,-0.32461094856262207,32,0,1.3473244687573449,0.94756271061018149,map,5,0,0.17741568722249329,0.023744114110918174,5685000000
S2,no_observed_dynamic,173,5735000000,0,1,"solved_soft_dynamic","solved",80,0.24937161312582362,-0.050718690969665914,0.25204648805904645,0.12801616683841627,0.64233112511192769,0.3308331474710362,0,0,0.69803999999999999,1.0705149999999999,1,1000000000,1000000000,0,-0.32461091177538037,-0.32461094856262207,32,0,1.3473244687573449,0.94756271061018149,map,5,0,0.23758207172791176,-0.024698185145704141,5685000000
S2,observed,174,5785000000,0,1,"solved_soft_dynamic","solved",40,0.14971614878697509,0.016636411240183828,0.14807865759154354,0.15024641893080615,0.5582056925913953,0.23519881710128998,0.4416037984027667,0.10991016998373095,0.53432200000000007,0.97053999999999996,1,0.23612583491932404,0.17676895120085923,0,-0.32161096460185945,-0.27702197432518005,32,0,1.3678659204853953,0.94770253650315706,map,5,0,0.17083795537357477,0.013241232206677141,5735000000
S2,no_observed_dynamic,174,5785000000,0,1,"solved_soft_dynamic","solved",80,0.25890819093060652,-0.070022756182544069,0.26337251752294522,0.15024641893080615,0.64904440018047183,0.33838487264122125,0,0,0.69415700000000002,1.066624,1,1000000000,1000000000,0,-0.32161096460185945,-0.27702197432518005,32,0,1.3678659204853953,0.94770253650315706,map,5,0,0.24937161312582362,-0.050718690969665914,5735000000
S2,observed,175,5835000000,0,1,"solved_soft_dynamic","solved",40,0.1370762825500994,0.0046820834508493475,0.13635616657933949,0.16725028431172967,0.5345096125216604,0.22859591441089958,0.071811272133831108,0.17819946590040367,0.54699700000000007,0.98105999999999993,1,0.25904421456500826,0.16036257701484091,0,-0.27702192892320454,-0.27702197432518005,32,0,1.389807547620306,0.9457562401199191,map,5,0,0.14971614878697509,0.016636411240183828,5785000000
S2,no_observed_dynamic,175,5835000000,0,1,"solved_soft_dynamic","solved",90,0.27135698893678389,-0.081028379805301476,0.27660011362623294,0.16725028431172967,0.72539796241180565,0.36730053648851813,0,0,0.78585099999999997,1.1605509999999999,1,1000000000,1000000000,0,-0.27702192892320454,-0.27702197432518005,32,0,1.389807547620306,0.9457562401199191,map,5,0,0.25890819093060652,-0.070022756182544069,5785000000
S2,observed,176,5885000000,0,1,"solved_soft_dynamic","solved",40,0.10747316104231898,0.011148593209928604,0.10655108742122266,0.22926647195060207,0.49517217627656596,0.14205139640305295,0.43224395595486631,0.10553714631767161,0.55532099999999995,0.98236799999999991,1,0.23723240312425409,0.17955134684041396,0,-0.27402199048083276,-0.25455278158187866,32,0,1.4128087305720389,0.94089983102101626,map,5,0,0.1370762825500994,0.0046820834508493475,5835000000
S2,no_observed_dynamic,176,5885000000,0,1,"solved_soft_dynamic","solved",90,0.28361076394619994,-0.084382690098382743,0.25080991607769576,0.22926647195060207,0.74479380811061424,0.30769142683129241,0,0,0.77683099999999994,1.144747,1,1000000000,1000000000,0,-0.27402199048083276,-0.25455278158187866,32,0,1.4128087305720389,0.94089983102101626,map,5,0,0.27135698893678389,-0.081028379805301476,5835000000
S2,observed,177,5935000000,0,1,"solved_soft_dynamic","solved",40,0.073158516850647282,0.023863391582727905,0.07684860264476788,0.2539998127859604,0.53447844083774887,0.12121299912473761,0.1826487978389765,0.13129748777930808,0.53683500000000006,0.95956800000000009,1,0.21395199632582096,0.16746952335435961,0,-0.25455275317654014,-0.25455278158187866,32,0,1.4366690542929101,0.93428311300074585,map,5,0,0.10747316104231898,0.011148593209928604,5885000000
S2,no_observed_dynamic,177,5935000000,0,1,"solved_soft_dynamic","solved",90,0.29156158405996702,-0.083159761166450505,0.25984943113253001,0.2539998127859604,0.75166763776600809,0.30540249613300258,0,0,0.783188,1.152709,1,1000000000,1000000000,0,-0.25455275317654014,-0.25455278158187866,32,0,1.4366690542929101,0.93428311300074585,map,5,0,0.28361076394619994,-0.084382690098382743,5885000000
S2,observed,178,5985000000,0,1,"solved_soft_dynamic","solved",40,0.038334950323907421,0.038235206077954012,0.046968652474154812,0.2708588911395341,0.50235082353917204,0.096193197445644488,0.20934866911183184,0.12558328148372183,0.53181,0.95336399999999999,1,0.20555605216200568,0.17734944078171588,0,-0.25755268579814583,-0.27314579486846924,32,0,1.4601516446687632,0.92817810392524192,map,5,0,0.073158516850647282,0.023863391582727905,5935000000
S2,no_observed_dynamic,178,5985000000,0,1,"solved_soft_dynamic","solved",90,0.29859616684629631,-0.077426665293980415,0.26813419434161717,0.2708588911395341,0.79253396711487545,0.31953981846256291,0,0,0.735398,1.1034349999999999,1,1000000000,1000000000,0,-0.25755268579814583,-0.27314579486846924,32,0,1.4601516446687632,0.92817810392524192,map,5,0,0.29156158405996702,-0.083159761166450505,5935000000
S2,observed,179,6035000000,0,1,"solved_soft_dynamic","solved",150,-0.0050038779713753659,0.061136584776492295,0.011157893386368486,0.29687971903926674,0.47634019340759803,0.054320962753978935,0.23124835121509985,0.13864967063860148,1.122301,1.5477850000000002,1,0.18302684414919645,0.17345457492230676,0,-0.27314576436765492,-0.27314579486846924,32,0,1.4843186410702387,0.92250412388290448,map,5,0,0.038334950323907421,0.038235206077954012,5985000000
S2,no_observed_dynamic,179,6035000000,0,1,"solved_soft_dynamic","solved",100,0.30270798497716395,-0.068381471283302381,0.2742919931635191,0.29687971903926674,0.80065655512168177,0.31552453330241198,0,0,0.82949800000000007,1.20265,1,1000000000,1000000000,0,-0.27314576436765492,-0.27314579486846924,32,0,1.4843186410702387,0.92250412388290448,map,5,0,0.29859616684629631,-0.077426665293980415,5985000000
S2,observed,180,6085000000,0,1,"solved_soft_dynamic","solved",90,-0.049418270881383404,0.084426265967280256,-0.02595658133359079,0.31389653133131945,0.47152804047148378,0.017638358208085531,0.2119660951306051,0.16094991220746102,0.75550799999999996,1.1837639999999998,1,0.16776861745321903,0.16329961769953472,0,-0.27734568866435438,-0.3091062605381012,32,0,1.5082521634462582,0.91649841636034557,map,5,0,-0.0050038779713753659,0.061136584776492295,6035000000
S2,no_observed_dynamic,180,6085000000,0,1,"solved_soft_dynamic","solved",100,0.30670333742469313,-0.056686625275799429,0.28168527526622605,0.31389653133131945,0.8414650068135302,0.33012542294694069,0,0,0.83060199999999995,1.20435,1,1000000000,1000000000,0,-0.27734568866435438,-0.3091062605381012,32,0,1.5082521634462582,0.91649841636034557,map,5,0,0.30270798497716395,-0.068381471283302381,6035000000
S2,observed,181,6135000000,0,1,"solved_soft_dynamic","solved",120,-0.095717295988319184,0.11936571655973041,-0.061333447167821312,0.34051842822159994,0.4643900522351494,0,0.32937995922362323,0.1823670711172963,0.901528,1.3348249999999999,1,0.14688729035156989,0.14688729035156989,0,-0.30910622444935143,-0.3091062605381012,32,0,1.5325277434394449,0.91212610330820443,map,5,0,-0.049418270881383404,0.084426265967280256,6085000000
S2,no_observed_dynamic,181,6135000000,0,1,"solved_soft_dynamic","solved",90,0.30823908787022686,-0.043636700386383197,0.28624310197837854,0.34051842822159994,0.84927357295787465,0.32461219995430812,0,0,0.746892,1.119545,1,1000000000,1000000000,0,-0.30910622444935143,-0.3091062605381012,32,0,1.5325277434394449,0.91212610330820443,map,5,0,0.30670333742469313,-0.056686625275799429,6085000000
S2,observed,182,6185000000,0,1,"solved_soft_dynamic","solved",120,-0.12704149748021099,0.14277018472770592,-0.084445379966877371,0.35825303192229968,0.49564460606921168,6.0200887389111345e-23,0.19392901369082202,0.21192677629639023,0.89563599999999999,1.3271629999999999,1,0.1450390546146112,0.1450390546146112,0,-0.31210616289172322,-0.32678714394569397,32,0,1.5566606523760704,0.90695012931529173,map,5,0,-0.095717295988319184,0.11936571655973041,6135000000
S2,no_observed_dynamic,182,6185000000,0,1,"solved_soft_dynamic","solved",60,0.31039963329443088,-0.0293039464680689,0.29139465462678904,0.35825303192229968,0.89038156602380347,0.33848479819093169,0,0,0.68221799999999999,1.0558080000000001,1,1000000000,1000000000,0,-0.31210616289172322,-0.32678714394569397,32,0,1.5566606523760704,0.90695012931529173,map,5,0,0.30823908787022686,-0.043636700386383197,6135000000
S2,observed,183,6235000000,0,1,"solved_soft_dynamic","solved",150,-0.1592554758536871,0.18269906335718181,-0.10547158669049138,0.38533624091416302,0.49734580547536461,0,0.45104720850230301,0.21746033377763144,1.0491249999999999,1.4836260000000001,1,0.12766475020908674,0.12766475020908674,0,-0.32678709249012172,-0.32678714394569397,32,0,1.5810314825142937,0.90485492181672966,map,5,0,-0.12704149748021099,0.14277018472770592,6185000000
S2,no_observed_dynamic,183,6235000000,0,1,"solved_soft_dynamic","solved",100,0.31072127889662976,-0.01535880197322176,0.2956867305500997,0.38533624091416302,0.89823010665138892,0.3333176602897408,0,0,0.79805100000000007,1.1690389999999999,1,1000000000,1000000000,0,-0.32678709249012172,-0.32678714394569397,32,0,1.5810314825142937,0.90485492181672966,map,5,0,0.31039963329443088,-0.0293039464680689,6185000000
S2,observed,184,6285000000,0,1,"solved_soft_dynamic","solved",150,-0.18659182799668919,0.23269906335718182,-0.11875435400438682,0.40334974421289921,0.54101580955514894,3.0568795200988901e-22,0.62981699748507058,0.32363361375799643,1.0210029999999999,1.453195,1,0.10463533597581909,0.10463533597581909,0,-0.32934920163825154,-0.33359786868095398,32,0,1.6052609749917881,0.90168062921022152,map,5,0,-0.1592554758536871,0.18269906335718181,6235000000
S2,no_observed_dynamic,184,6285000000,0,1,"solved_soft_dynamic","solved",60,0.31223444633399033,-0.0015516927905695321,0.3008133586536772,0.40334974421289921,0.93953618287911866,0.34735541892261268,0,0,0.62968099999999994,1.004734,1,1000000000,1000000000,0,-0.32934920163825154,-0.33359786868095398,32,0,1.6052609749917881,0.90168062921022152,map,5,0,0.31072127889662976,-0.01535880197322176,6235000000
S2,observed,185,6335000000,0,1,"solved_soft_dynamic","solved",90,-0.18680622625915308,0.25423226564824941,-0.11116744186192479,0.43135545276641207,0.61493835353818105,0,0.20004821375725171,0.3948603574393747,0.75420900000000002,1.1898029999999999,1,0.11467324753167496,0.11467324753167496,0,-0.33359782537445426,-0.33359786868095398,32,0,1.629840507248179,0.90159980627616843,map,5,0,-0.18659182799668919,0.23269906335718182,6285000000
S2,no_observed_dynamic,185,6335000000,0,1,"solved_soft_dynamic","solved",100,0.31220317182557927,0.010199746814405527,0.30334730413338401,0.43135545276641207,0.94772548888750097,0.34056409644409796,0,0,0.78583400000000003,1.156315,1,1000000000,1000000000,0,-0.33359782537445426,-0.33359786868095398,32,0,1.629840507248179,0.90159980627616843,map,5,0,0.31223444633399033,-0.0015516927905695321,6285000000
S2,observed,186,6385000000,0,1,"solved_soft_dynamic","solved",40,-0.14929142340859275,0.30223412308036601,0.33688321198073135,0.0046832822546319973,0.57654238019241566,0.34330021599575661,0.53320205621022077,0.25512492934807623,0.55210400000000004,2.1968959999999997,0,0.10670927053986434,0.10670927053986434,0,-0.33731431176420301,-0.34218055009841919,32,0,1.6543072765108107,0.90052333056460998,map,6,1,-0.18680622625915308,0.25423226564824941,6335000000
S2,no_observed_dynamic,186,6385000000,0,1,"solved_soft_dynamic","solved",50,0.26220317182557928,0.043328143993797717,-0.086250772014516558,0.0046832822546319973,0.5133412778871469,0.15655790657278254,0,0,0.61692800000000003,0.98807400000000001,0,1000000000,1000000000,0,-0.33731431176420301,-0.34218055009841919,32,0,1.6543072765108107,0.90052333056460998,map,6,0,0.31220317182557927,0.010199746814405527,6335000000
S2,observed,187,6435000000,0,1,"solved_soft_dynamic","solved",30,-0.11050275570001189,0.30788623485630529,0.32345692432893863,0,0.60287943598969385,0.37626341229024352,0.058127527759088249,0.12375246531639747,0.49099699999999996,0.91012300000000002,1,0.15025208752193253,0.15025208752193253,0,-0.34218051587231457,-0.34218055009841919,32,0,1.6792107971536188,0.90121159860317401,map,6,0,-0.14929142340859275,0.30223412308036601,6385000000
S2,no_observed_dynamic,187,6435000000,0,1,"solved_soft_dynamic","solved",40,0.2244921049621052,0.079524897173010117,-0.036496060128842531,0,0.57197723521855437,0.23484145226410671,0,0,0.53970699999999994,0.90697800000000006,1,1000000000,1000000000,0,-0.34218051587231457,-0.34218055009841919,32,0,1.6792107971536188,0.90121159860317401,map,6,0,0.26220317182557928,0.043328143993797717,6385000000
S2,observed,188,6485000000,0,1,"solved_soft_dynamic","solved",120,-0.078257699777999623,0.32520202898330974,0.32340257871871969,0,0.60574452506049548,0.41079816812953218,0.20387527104542882,0.096070357080131563,0.88799400000000006,1.311895,1,0.14152021384729985,0.14152021384729985,0,-0.33798057993408293,-0.24218055009841918,32,0,1.7040544422114483,0.90105093670417458,map,6,0,-0.11050275570001189,0.30788623485630529,6435000000
S2,no_observed_dynamic,188,6485000000,0,1,"solved_soft_dynamic","solved",100,0.19129098616062068,0.11288611025147982,0.0086229405304358575,0,0.59208596945350644,0.27799612746871988,0,0,0.78067500000000001,1.1544560000000001,1,1000000000,1000000000,0,-0.33798057993408293,-0.24218055009841918,32,0,1.7040544422114483,0.90105093670417458,map,6,0,0.2244921049621052,0.079524897173010117,6435000000
S2,observed,189,6535000000,0,1,"solved_soft_dynamic","solved",100,-0.056904691824659029,0.33133329291415353,0.31866979636843956,0,0.60315441437922312,0.43018008126268548,0.075495588909121572,0.088114766825049193,0.79170700000000005,1.214404,1,0.14760494854628425,0.14760494854628425,0,-0.22322611621348187,-0.22192312777042389,32,0,1.7284083969578841,0.9041425586906171,map,6,0,-0.078257699777999623,0.32520202898330974,6485000000
S2,no_observed_dynamic,189,6535000000,0,1,"solved_soft_dynamic","solved",110,0.16444277684366415,0.14020879474924747,0.045412306658653173,0,0.59475295625783409,0.33078646367162073,0,0,0.85635400000000006,1.225698,1,1000000000,1000000000,0,-0.22322611621348187,-0.22192312777042389,32,0,1.7284083969578841,0.9041425586906171,map,6,0,0.19129098616062068,0.11288611025147982,6485000000
S2,observed,190,6585000000,0,1,"solved_soft_dynamic","solved",120,-0.046162321698370631,0.33789370509026717,0.31934862049808033,0,0.60420632983555689,0.44196752009630763,0.092168298222166531,0.074586762724736064,0.885903,1.3098210000000001,1,0.14673188305840879,0.14673188305840879,0,-0.218923159991391,-0.17927148938179016,32,0,1.7528314010128241,0.90686390324454513,map,6,0,-0.056904691824659029,0.33133329291415353,6535000000
S2,no_observed_dynamic,190,6585000000,0,1,"solved_soft_dynamic","solved",100,0.13483140009640096,0.16424632688636895,0.080620628603286268,0,0.59543298524145472,0.35419905789908929,0,0,0.78859299999999999,1.1653709999999999,1,1000000000,1000000000,0,-0.218923159991391,-0.17927148938179016,32,0,1.7528314010128241,0.90686390324454513,map,6,0,0.16444277684366415,0.14020879474924747,6535000000
S2,observed,191,6635000000,0,1,"solved_soft_dynamic","solved",90,-0.00066602600124243683,0.34020799448880629,0.034647883814057485,0.22087798769778186,0.72458641418320091,0.17594985922497347,0.069425090584689056,0.071297768726419075,0.74151800000000001,1.17076,1,0.15009586761106442,0.15009586761106442,0,-0.17927146982401609,-0.17927148938179016,32,0,1.7779237117863473,0.91234412953373101,map,6,0,-0.046162321698370631,0.33789370509026717,6585000000
S2,no_observed_dynamic,191,6635000000,0,1,"solved_soft_dynamic","solved",80,0.15755948350832974,0.18045982314517017,0.17543852688100528,0.22087798769778186,0.73742407140237254,0.26542917692386947,0,0,0.70464899999999997,1.0793199999999998,1,1000000000,1000000000,0,-0.17927146982401609,-0.17927148938179016,32,0,1.7779237117863473,0.91234412953373101,map,6,0,0.13483140009640096,0.16424632688636895,6585000000
S2,observed,192,6685000000,0,1,"solved_soft_dynamic","solved",120,0.040397545480306316,0.34199468464163552,0.085014004769441265,0.23788225518909864,0.76736533102633853,0.21713774245306774,0.09257898028822456,0.069476092773193304,0.86570500000000006,1.29156,1,0.14953300760987687,0.14953300760987687,0,-0.17627152556087822,-0.15209227800369263,32,0,1.8029103938547879,0.9169440752332122,map,6,0,-0.00066602600124243683,0.34020799448880629,6635000000
S2,no_observed_dynamic,192,6685000000,0,1,"solved_soft_dynamic","solved",80,0.17852383908793043,0.19239778020094508,0.20227135246313063,0.23788225518909864,0.77908649005107899,0.29019649111251866,0,0,0.70273600000000003,1.073831,1,1000000000,1000000000,0,-0.17627152556087822,-0.15209227800369263,32,0,1.8029103938547879,0.9169440752332122,map,6,0,0.15755948350832974,0.18045982314517017,6635000000
S2,observed,193,6735000000,0,1,"solved_soft_dynamic","solved",120,0.075378774353590111,0.33545656248841205,0.088333623008693476,0.27959742860197184,0.78138880072984973,0.20156505828756285,0.048628569751431629,0.058788210280475428,0.87412899999999993,1.2999610000000001,1,0.16169336592179029,0.16169336592179029,0,-0.15209225384751335,-0.15209227800369263,32,0,1.8287936237845797,0.92363785131219356,map,6,0,0.040397545480306316,0.34199468464163552,6685000000
S2,no_observed_dynamic,193,6735000000,0,1,"solved_soft_dynamic","solved",90,0.19619591649515958,0.20012408318152744,0.20381061797489036,0.27959742860197184,0.79194309285944819,0.27458683853044064,0,0,0.73862499999999998,1.1142509999999999,1,1000000000,1000000000,0,-0.15209225384751335,-0.15209227800369263,32,0,1.8287936237845797,0.92363785131219356,map,6,0,0.17852383908793043,0.19239778020094508,6685000000
S2,observed,194,6785000000,0,1,"solved_soft_dynamic","solved",120,0.10620270527567102,0.32506562069414763,0.11873131792431092,0.28993260149546396,0.82120137476018684,0.24211698305283053,0.043016295644613241,0.04039472366304013,0.87685400000000002,1.2975949999999998,1,0.17280653681044744,0.17280653681044744,0,-0.15209225239232183,-0.20838092267513275,32,0,1.8544306486563655,0.92954183337978957,map,6,0,0.075378774353590111,0.33545656248841205,6735000000
S2,no_observed_dynamic,194,6785000000,0,1,"solved_soft_dynamic","solved",90,0.21219673005783993,0.20460208188648091,0.21997308160173751,0.28993260149546396,0.83171943930766645,0.30700675084668394,0,0,0.73346599999999995,1.1024670000000001,1,1000000000,1000000000,0,-0.15209225239232183,-0.20838092267513275,32,0,1.8544306486563655,0.92954183337978957,map,6,0,0.19619591649515958,0.20012408318152744,6735000000
S2,observed,195,6835000000,0,1,"solved_soft_dynamic","solved",120,0.13227269360166954,0.31276133500146119,0.14270204309189682,0.33312848410154705,0.83596952192438556,0.23433249621392166,0.032126765471579381,0.032469651419271613,0.88771900000000004,1.3128140000000001,1,0.18144483225459562,0.18144483225459562,0,-0.20838089403696358,-0.20838092267513275,32,0,1.8817350756344675,0.93532966039204857,map,6,0,0.10620270527567102,0.32506562069414763,6785000000
S2,no_observed_dynamic,195,6835000000,0,1,"solved_soft_dynamic","solved",90,0.22534805516488698,0.20642548423171803,0.23215365071199834,0.33312848410154705,0.8446983485991042,0.29110292910928748,0,0,0.73657600000000001,1.1114250000000001,1,1000000000,1000000000,0,-0.20838089403696358,-0.20838092267513275,32,0,1.8817350756344675,0.93532966039204857,map,6,0,0.21219673005783993,0.20460208188648091,6785000000
S2,observed,196,6885000000,0,1,"solved_soft_dynamic","solved",120,0.15486619586643929,0.3010354662943876,0.16488899113518612,0.34391192428393774,0.87434106301899228,0.27002476715072687,0.041632116768672525,0.031680898226349299,0.86119600000000007,1.2872589999999999,1,0.18364657821641583,0.18364657821641583,0,-0.20838089403696358,-0.22930020093917847,32,0,1.9085327433063339,0.94091589714464208,map,6,0,0.13227269360166954,0.31276133500146119,6835000000
S2,no_observed_dynamic,196,6885000000,0,1,"solved_soft_dynamic","solved",90,0.23720787583321293,0.20592756139255686,0.24399005844869229,0.34391192428393774,0.88434517882916164,0.32189000699118886,0,0,0.71892900000000004,1.084381,1,1000000000,1000000000,0,-0.20838089403696358,-0.22930020093917847,32,0,1.9085327433063339,0.94091589714464208,map,6,0,0.22534805516488698,0.20642548423171803,6835000000
S2,observed,197,6935000000,0,1,"solved_soft_dynamic","solved",110,0.17393783119939721,0.28824277288888822,0.18218243582375976,0.38872724793622937,0.889932613049776,0.25717509633237173,0.023118289395010247,0.024998878150559029,0.82283899999999999,1.2370099999999999,1,0.19402149413388226,0.19402149413388226,0,-0.22930015984456986,-0.22930020093917847,32,0,1.9369481425100856,0.94400818465642566,map,6,0,0.15486619586643929,0.3010354662943876,6885000000
S2,no_observed_dynamic,197,6935000000,0,1,"solved_soft_dynamic","solved",90,0.24672894483908142,0.20431189923917745,0.25252147952721926,0.38872724793622937,0.89768943796379563,0.30301026096681521,0,0,0.72621100000000005,1.1005690000000001,1,1000000000,1000000000,0,-0.22930015984456986,-0.22930020093917847,32,0,1.9369481425100856,0.94400818465642566,map,6,0,0.23720787583321293,0.20592756139255686,6885000000
S2,observed,198,6985000000,0,1,"solved_soft_dynamic","solved",130,0.19090655604873291,0.27563064664625903,0.19712797912848845,0.40046944970822013,0.93031641683272337,0.29063598034832266,0.024554477292578671,0.02146216524725527,0.95120499999999997,1.379283,1,0.19684303114223245,0.19684303114223245,0,-0.22930015984456986,-0.23298382759094238,32,0,1.9648363041100025,0.94763659299293579,map,6,0,0.17393783119939721,0.28824277288888822,6935000000
S2,no_observed_dynamic,198,6985000000,0,1,"solved_soft_dynamic","solved",110,0.25529874134226266,0.2013898390785083,0.25981445473940989,0.40046944970822013,0.93745336912978194,0.33146632705523316,0,0,0.865707,1.2580390000000001,1,1000000000,1000000000,0,-0.22930015984456986,-0.23298382759094238,32,0,1.9648363041100025,0.94763659299293579,map,6,0,0.24672894483908142,0.20431189923917745,6935000000
S2,observed,199,7035000000,0,1,"solved_soft_dynamic","solved",110,0.20424942718049732,0.26512080586344161,0.21084369379740195,0.44593974904624506,0.94175408154403739,0.2735019371230607,0.029802825284240712,0.02225018345798218,0.83992699999999998,1.259984,1,0.19601935367874801,0.19601935367874801,0,-0.23298378800973296,-0.23298382759094238,32,0,1.9939393356410138,0.94900200131990686,map,6,0,0.19090655604873291,0.27563064664625903,6985000000
S2,no_observed_dynamic,199,7035000000,0,1,"solved_soft_dynamic","solved",90,0.2622340036678823,0.19799932824275177,0.26712417561960661,0.44593974904624506,0.95118649506845743,0.31238993470151527,0,0,0.74147399999999997,1.118714,1,1000000000,1000000000,0,-0.23298378800973296,-0.23298382759094238,32,0,1.9939393356410138,0.94900200131990686,map,6,0,0.25529874134226266,0.2013898390785083,6985000000
S2,observed,200,7085000000,0,1,"solved_soft_dynamic","solved",90,0.21651166217845313,0.25419418054321702,0.22169053954163978,0.45782605687590455,0.98409054629644621,0.30569779497920851,0.020217878161802677,0.020284324811049709,0.73156500000000002,1.1597199999999999,1,0.20086311039374571,0.20086311039374571,0,-0.23298378800973296,-0.24328044056892395,32,0,2.0226277923986902,0.95084047152272655,map,6,0,0.20424942718049732,0.26512080586344161,7035000000
S2,no_observed_dynamic,200,7085000000,0,1,"solved_soft_dynamic","solved",90,0.26850739799394352,0.19381647716227396,0.27243430990543754,0.45782605687590455,0.99118397330599972,0.34025160579454083,0,0,0.73269700000000004,1.1037519999999998,1,1000000000,1000000000,0,-0.23298378800973296,-0.24328044056892395,32,0,2.0226277923986902,0.95084047152272655,map,6,0,0.2622340036678823,0.19799932824275177,7035000000
S2,observed,201,7135000000,0,1,"solved_soft_dynamic","solved",80,0.23057278261464531,0.24344382434770212,0.23561873280252654,0.50438488776314105,1.033853924419051,0.2990480062482917,0.021202133815310619,0.018744373242465421,0.70601800000000003,1.1307240000000001,1,0.20190137054024304,0.20190137054024304,0,-0.24328040308319032,-0.24328044056892395,32,0,2.0521317114217958,0.95157629630011664,map,6,0,0.21651166217845313,0.25419418054321702,7085000000
S2,no_observed_dynamic,201,7135000000,0,1,"solved_soft_dynamic","solved",90,0.2776397006661282,0.18856809666138538,0.2815265154594489,0.50438488776314105,1.0423262813712539,0.33173081904730367,0,0,0.74778900000000004,1.119373,1,1000000000,1000000000,0,-0.24328040308319032,-0.24328044056892395,32,0,2.0521317114217958,0.95157629630011664,map,6,0,0.26850739799394352,0.19381647716227396,7085000000
S2,observed,202,7185000000,0,1,"solved_soft_dynamic","solved",90,0.23968408615603035,0.2336781562385758,0.24452359580944491,0.51607699868865864,1.0387146925576123,0.32241720918274702,0.020426166139658267,0.017994400138446033,0.74127199999999993,1.1880310000000001,1,0.20177423631129221,0.20177423631129221,0,-0.24328040308319032,-0.22732453048229218,32,0,2.081352084594243,0.95239332336750959,map,6,0,0.23057278261464531,0.24344382434770212,7135000000
S2,no_observed_dynamic,202,7185000000,0,1,"solved_soft_dynamic","solved",90,0.28221197120561581,0.18322824170195984,0.28598599438310007,0.51607699868865864,1.0464198207192994,0.35183588769864022,0,0,0.72970599999999997,1.1031979999999999,1,1000000000,1000000000,0,-0.24328040308319032,-0.22732453048229218,32,0,2.081352084594243,0.95239332336750959,map,6,0,0.2776397006661282,0.18856809666138538,7135000000
S2,observed,203,7235000000,0,1,"solved_soft_dynamic","solved",80,0.25111361443344343,0.22476535151507374,0.25848752719023765,0.56163666906948595,1.0873550293008072,0.31961161593495713,0.024367958561975357,0.019885783389397924,0.68086100000000005,1.100355,1,0.19941398760185214,0.19941398760185214,0,-0.22732448996976018,-0.22732453048229218,32,0,2.1104759254036063,0.95094811359996079,map,6,0,0.23968408615603035,0.2336781562385758,7185000000
S2,no_observed_dynamic,203,7235000000,0,1,"solved_soft_dynamic","solved",90,0.28965626056381499,0.17750942517071766,0.29542878302246078,0.56163666906948595,1.097853250797963,0.34491769204795292,0,0,0.78519099999999997,1.1579969999999999,1,1000000000,1000000000,0,-0.22732448996976018,-0.22732453048229218,32,0,2.1104759254036063,0.95094811359996079,map,6,0,0.28221197120561581,0.18322824170195984,7185000000
S2,observed,204,7285000000,0,1,"solved_soft_dynamic","solved",110,0.26187338578116875,0.21654000916799773,0.27370239493385723,0.57254736410556961,1.1304654210998522,0.35487655336879065,0.021479326566776563,0.019799671531508641,0.85458999999999996,1.27979,1,0.19927280708477579,0.19927280708477579,0,-0.22732448996976018,-0.20851153135299683,32,0,2.1396336852573756,0.94999479188237734,map,6,0,0.25111361443344343,0.22476535151507374,7235000000
S2,no_observed_dynamic,204,7285000000,0,1,"solved_soft_dynamic","solved",100,0.29688224219901177,0.17154073442147863,0.30610988426648345,0.57254736410556961,1.1389157560366256,0.3801452769288538,0,0,0.79453399999999996,1.1620569999999999,1,1000000000,1000000000,0,-0.22732448996976018,-0.20851153135299683,32,0,2.1396336852573756,0.94999479188237734,map,6,0,0.28965626056381499,0.17750942517071766,7235000000
S2,observed,205,7335000000,0,1,"solved_soft_dynamic","solved",70,0.27232736036782074,0.20999806049239045,0.24690692046768076,0.64754766835807231,1.1529903773275127,0.28321162328331145,0.023543960151677243,0.020594323046644287,0.65740999999999994,1.0824369999999999,1,0.19545688071490797,0.19545688071490797,0,-0.20851149747613817,-0.20851153135299683,32,0,2.1699170439303108,0.94774427189343247,map,6,0,0.26187338578116875,0.21654000916799773,7285000000
S2,no_observed_dynamic,205,7335000000,0,1,"solved_soft_dynamic","solved",80,0.30446330636368246,0.16648648103742644,0.28374497616807143,0.64754766835807231,1.1642944090055669,0.30975281052416076,0,0,0.70151700000000006,1.077288,1,1000000000,1000000000,0,-0.20851149747613817,-0.20851153135299683,32,0,2.1699170439303108,0.94774427189343247,map,6,0,0.29688224219901177,0.17154073442147863,7285000000
S2,observed,206,7385000000,0,1,"solved_soft_dynamic","solved",100,0.28179938441126728,0.19011402026347002,0.31557187988939617,0,0.52208965841942068,0.32256965739028387,0.070730492140649068,0.033425469628354007,0.78480300000000003,2.3402530000000001,0,0.19148598050704502,0.19148598050704502,0,-0.20851149747613817,-0.2196725606918335,32,0,2.1997780544155843,0.94568909490198072,map,7,1,0.27232736036782074,0.20999806049239045,7335000000
S2,no_observed_dynamic,206,7385000000,0,1,"solved_soft_dynamic","solved",80,0.31097223015789444,0.14063022445624687,0.33364561881372717,0,0.54936250794522046,0.34626374366281976,0,0,0.70311400000000002,1.0719690000000002,0,1000000000,1000000000,0,-0.20851149747613817,-0.2196725606918335,32,0,2.1997780544155843,0.94568909490198072,map,7,0,0.30446330636368246,0.16648648103742644,7335000000
S2,observed,207,7435000000,0,1,"solved_soft_dynamic","solved",100,0.28714590601798273,0.17556165192557954,0.3177271341130975,0.007283161336024262,0.53385753875189468,0.35147758740111923,0.04539917087903448,0.045498440114078269,0.78270899999999999,1.238027,1,0.18350362269718468,0.18350362269718468,0,-0.21967252541799098,-0.2196725606918335,32,0,2.229915683402548,0.94011279008205695,map,7,0,0.28179938441126728,0.19011402026347002,7385000000
S2,no_observed_dynamic,207,7435000000,0,1,"solved_soft_dynamic","solved",100,0.31286847239700116,0.1206428046126343,0.33128137373832922,0.007283161336024262,0.5528179098590883,0.36953774535093586,0,0,0.79041300000000003,1.1577200000000001,1,1000000000,1000000000,0,-0.21967252541799098,-0.2196725606918335,32,0,2.229915683402548,0.94011279008205695,map,7,0,0.31097223015789444,0.14063022445624687,7385000000
S2,observed,208,7485000000,0,1,"solved_soft_dynamic","solved",110,0.29295889793228591,0.16562538860584419,0.28681001096617537,0.034066333827594872,0.57637234295676221,0.34465646921935483,0.059771806155155545,0.046442666577321289,0.81947700000000001,1.246402,1,0.17833670591376238,0.17833670591376238,0,-0.21967252541799098,-0.25921404361724854,32,0,2.2598992345715483,0.93515948475362287,map,7,0,0.28714590601798273,0.17556165192557954,7435000000
S2,no_observed_dynamic,208,7485000000,0,1,"solved_soft_dynamic","solved",90,0.31612728501371273,0.10415082251248478,0.31217525080767627,0.034066333827594872,0.60071540346578545,0.37019517414867353,0,0,0.74413699999999994,1.1118939999999999,1,1000000000,1000000000,0,-0.21967252541799098,-0.25921404361724854,32,0,2.2598992345715483,0.93515948475362287,map,7,0,0.31286847239700116,0.1206428046126343,7435000000
S2,observed,209,7535000000,0,1,"solved_soft_dynamic","solved",80,0.30379280805459336,0.15699878016839566,0.2969139983126261,0.070145963397219582,0.64155711941807581,0.3524918219122381,0.046626237167706371,0.048298070863875678,0.69016,1.111418,1,0.17005915344390854,0.17005915344390854,0,-0.25921399355866015,-0.25921404361724854,32,0,2.2893723837214006,0.92772272924875121,map,7,0,0.29295889793228591,0.16562538860584419,7485000000
S2,no_observed_dynamic,209,7535000000,0,1,"solved_soft_dynamic","solved",80,0.3212635581151474,0.090708170962291251,0.31716002360668077,0.070145963397219582,0.65257431815601319,0.37097667862851685,0,0,0.72264899999999999,1.087755,1,1000000000,1000000000,0,-0.25921399355866015,-0.25921404361724854,32,0,2.2893723837214006,0.92772272924875121,map,7,0,0.31612728501371273,0.10415082251248478,7485000000
S2,observed,210,7585000000,0,1,"solved_soft_dynamic","solved",90,0.31199018340428275,0.1471096758251258,0.30650482030145937,0.11760590558867264,0.6580484232613979,0.33229491823777552,0.040249185276640891,0.038476890864039513,0.72900500000000001,1.1493709999999999,1,0.17731020842848322,0.17731020842848322,0,-0.28182113892398775,-0.28182119131088257,32,0,2.3187517710812471,0.92005951223803684,map,7,0,0.30379280805459336,0.15699878016839566,7535000000
S2,no_observed_dynamic,210,7585000000,0,1,"solved_soft_dynamic","solved",90,0.32547733426414172,0.080095509345562255,0.32239035182682108,0.11760590558867264,0.67048312532637377,0.34936033551086121,0,0,0.73291299999999993,1.1419220000000001,1,1000000000,1000000000,0,-0.28182113892398775,-0.28182119131088257,32,0,2.3187517710812471,0.92005951223803684,map,7,0,0.3212635581151474,0.090708170962291251,7535000000
S2,observed,211,7635000000,0,1,"solved_soft_dynamic","solved",100,0.31976143713377581,0.13818131206534051,0.31495617454980895,0.12932963909885486,0.70311316268775914,0.3651866689114367,0.04077362787510979,0.035448649068671963,0.79985899999999999,1.2318710000000002,1,0.1769652124406409,0.1769652124406409,0,-0.28182115056551993,-0.28182119131088257,32,0,2.3479771267916578,0.91180525659406286,map,7,0,0.31199018340428275,0.1471096758251258,7585000000
S2,no_observed_dynamic,211,7635000000,0,1,"solved_soft_dynamic","solved",90,0.32941276126899843,0.071133962303353615,0.32684669440292596,0.12932963909885486,0.71383002674639318,0.3792985688837629,0,0,0.74642600000000003,1.1186690000000001,1,1000000000,1000000000,0,-0.28182115056551993,-0.28182119131088257,32,0,2.3479771267916578,0.91180525659406286,map,7,0,0.32547733426414172,0.080095509345562255,7585000000
S2,observed,212,7685000000,0,1,"solved_soft_dynamic","solved",90,0.32710773048496117,0.13101811321247461,0.31683172983662505,0.17812558633476094,0.72198464155782582,0.34280335729293043,0.041906866841153703,0.03899728813483553,0.75091399999999997,1.179983,1,0.17299911676562163,0.17299911676562163,0,-0.26950842584483325,-0.26950845122337341,32,0,2.3770153292121448,0.90318701793168255,map,7,0,0.31976143713377581,0.13818131206534051,7635000000
S2,no_observed_dynamic,212,7685000000,0,1,"solved_soft_dynamic","solved",90,0.33288445368045394,0.063190324657202326,0.32747432826858636,0.17812558633476094,0.73192595040958675,0.35634943044582817,0,0,0.76973799999999992,1.1389639999999999,1,1000000000,1000000000,0,-0.26950842584483325,-0.26950845122337341,32,0,2.3770153292121448,0.90318701793168255,map,7,0,0.32941276126899843,0.071133962303353615,7635000000
S2,observed,213,7735000000,0,1,"solved_soft_dynamic","solved",100,0.33948850815790127,0.13014485672850354,0.32924325012258904,0.18993872567434966,0.77065288266049048,0.37685060152927286,0.075338193381031662,0.06503729011565329,0.80238699999999996,1.230375,1,0.14413314104612351,0.14413314104612351,0,-0.26950842584483325,-0.26950845122337341,32,0,2.405989223037214,0.89456223101839361,map,7,0,0.32710773048496117,0.13101811321247461,7685000000
S2,no_observed_dynamic,213,7735000000,0,1,"solved_soft_dynamic","solved",100,0.33600670292119006,0.055469460386360511,0.33114407248422334,0.18993872567434966,0.77508983214161886,0.38466702825123966,0,0,0.78191699999999997,1.1556569999999999,1,1000000000,1000000000,0,-0.26950842584483325,-0.26950845122337341,32,0,2.405989223037214,0.89456223101839361,map,7,0,0.33288445368045394,0.063190324657202326,7685000000
S2,observed,214,7785000000,0,1,"solved_soft_dynamic","solved",90,0.35529621059580851,0.13529822946427611,0.33246397962387936,0.24104772892857293,0.82231415442158251,0.36046524699907639,0.12469405159078852,0.095205022156887573,0.74800100000000003,1.1939660000000001,1,0.13145080116150121,0.13145080116150121,0,-0.24701884831301868,-0.24701887369155884,32,0,2.4346773214087465,0.8855646540809633,map,7,0,0.33948850815790127,0.13014485672850354,7735000000
S2,no_observed_dynamic,214,7785000000,0,1,"solved_soft_dynamic","solved",80,0.34212603250664442,0.04534375362247936,0.33221043092665287,0.24104772892857293,0.83186170524230429,0.36995229901112037,0,0,0.70568900000000001,1.0733079999999999,1,1000000000,1000000000,0,-0.24701884831301868,-0.24701887369155884,32,0,2.4346773214087465,0.8855646540809633,map,7,0,0.33600670292119006,0.055469460386360511,7735000000
S2,observed,215,7835000000,0,1,"solved_soft_dynamic","solved",100,0.36351489125155301,0.13107434164251197,0.33164646861691582,0.25583155060687468,0.83268894447461228,0.38029849868057902,0.077066319370766231,0.079374846855284079,0.81176999999999999,1.2579739999999999,1,0.13865780688099461,0.13865780688099461,0,-0.24701884831301868,-0.24701887369155884,32,0,2.4632403315396521,0.87653060616103884,map,7,0,0.35529621059580851,0.13529822946427611,7785000000
S2,no_observed_dynamic,215,7835000000,0,1,"solved_soft_dynamic","solved",90,0.34437921382688907,0.036901423618583305,0.3309184286914032,0.25583155060687468,0.83860469182303032,0.38618129577196569,0,0,0.76155899999999999,1.131988,1,1000000000,1000000000,0,-0.24701884831301868,-0.24701887369155884,32,0,2.4632403315396521,0.87653060616103884,map,7,0,0.34212603250664442,0.04534375362247936,7785000000
S2,observed,216,7885000000,0,1,"solved_soft_dynamic","solved",80,0.37148521069681595,0.12525523436571756,0.32047395309221838,0.30940521419134759,0.8502881952954886,0.34420884509407484,0.084098996240252841,0.076462652511167767,0.69719500000000001,1.1466399999999999,1,0.13901140857036909,0.13901140857036909,0,-0.22020572214387357,-0.22020575404167175,32,0,2.4916021847456524,0.86712332079701704,map,7,0,0.36351489125155301,0.13107434164251197,7835000000
S2,no_observed_dynamic,216,7885000000,0,1,"solved_soft_dynamic","solved",90,0.34631691785011065,0.027678228711929882,0.3241174793985272,0.30940521419134759,0.85817073435061009,0.35294243531917985,0,0,0.74342600000000003,1.1165829999999999,1,1000000000,1000000000,0,-0.22020572214387357,-0.22020575404167175,32,0,2.4916021847456524,0.86712332079701704,map,7,0,0.34437921382688907,0.036901423618583305,7835000000
S2,observed,217,7935000000,0,1,"solved_soft_dynamic","solved",100,0.37318004495784612,0.10642120144766337,0.32745897073605124,0.32133161454587456,0.90103462982221805,0.37735295724745294,0.033126143708411,0.034569303091878403,0.78467100000000001,1.222183,1,0.16291832569799214,0.16291832569799214,0,-0.22020572214387357,-0.22020575404167175,32,0,2.5198927741851849,0.8576586177692167,map,7,0,0.37148521069681595,0.12525523436571756,7885000000
S2,no_observed_dynamic,217,7935000000,0,1,"solved_soft_dynamic","solved",100,0.34770015943688853,0.017668610924281153,0.32829231120976443,0.32133161454587456,0.90150841488430955,0.38230305569698764,0,0,0.792153,1.1645270000000001,1,1000000000,1000000000,0,-0.22020572214387357,-0.22020575404167175,32,0,2.5198927741851849,0.8576586177692167,map,7,0,0.34631691785011065,0.027678228711929882,7885000000
S2,observed,218,7985000000,0,1,"solved_soft_dynamic","solved",100,0.37747540208151176,0.084892531795365003,0.3052535286592632,0.37848265551457533,0.96063911064619822,0.34659811010353825,0.028462426004772567,0.025550037708401703,0.79229799999999995,1.2223580000000001,1,0.17225355124986153,0.17225355124986153,0,-0.19200870883651078,-0.19200873374938965,32,0,2.547900783118457,0.84752489385031105,map,7,0,0.37318004495784612,0.10642120144766337,7935000000
S2,no_observed_dynamic,218,7985000000,0,1,"solved_soft_dynamic","solved",90,0.35199436487827002,0.0046591731926179155,0.31641230298233558,0.37848265551457533,0.96005980464137042,0.35401570047740816,0,0,0.74283499999999991,1.116552,1,1000000000,1000000000,0,-0.19200870883651078,-0.19200873374938965,32,0,2.547900783118457,0.84752489385031105,map,7,0,0.34770015943688853,0.017668610924281153,7935000000
S2,observed,219,8035000000,0,1,"solved_soft_dynamic","solved",110,0.37753309036666732,0.065697995644835278,0.31348937740769028,0.39034234866446721,0.96683954208725931,0.36847471781088731,0.022978596583101765,0.022321124366044165,0.92843799999999999,1.361148,1,0.17754495187719999,0.17754495187719999,0,-0.19200870883651078,-0.19200873374938965,32,0,2.5757628678470472,0.83708742303425399,map,7,0,0.37747540208151176,0.084892531795365003,7985000000
S2,no_observed_dynamic,219,8035000000,0,1,"solved_soft_dynamic","solved",90,0.35220748111204803,-0.0062179941804750595,0.32124260198845062,0.39034234866446721,0.9655432896307361,0.37373567364059146,0,0,0.763544,1.1276739999999998,1,1000000000,1000000000,0,-0.19200870883651078,-0.19200873374938965,32,0,2.5757628678470472,0.83708742303425399,map,7,0,0.35199436487827002,0.0046591731926179155,7985000000
S2,observed,220,8085000000,0,1,"solved_soft_dynamic","solved",100,0.37895081262504265,0.045489406728053239,0.31347232765004368,0.42865256104699268,1.0187571501368828,0.36589714103565063,0.0208246676779766,0.018877398763901706,0.78326399999999996,1.213368,1,0.18255548699065482,0.18255548699065482,0,-0.1878087772638537,-0.17615345120429993,32,0,2.6034021362642572,0.82614700037335442,map,7,0,0.37753309036666732,0.065697995644835278,8035000000
S2,no_observed_dynamic,220,8085000000,0,1,"solved_soft_dynamic","solved",100,0.35392022221030411,-0.018814162757552325,0.32148654090599993,0.42865256104699268,1.0173540938697667,0.37043689444107264,0,0,0.787964,1.1582910000000002,1,1000000000,1000000000,0,-0.1878087772638537,-0.17615345120429993,32,0,2.6034021362642572,0.82614700037335442,map,7,0,0.35220748111204803,-0.0062179941804750595,8035000000
S2,observed,221,8135000000,0,1,"solved_soft_dynamic","solved",100,0.37974847638430448,0.024769282068126255,0.32164976905216075,0.45304950853434311,1.0657782413998422,0.38253154623759855,0.014304990300766025,0.013348286043034629,0.80009199999999991,1.244173,1,0.19352620164498913,0.19352620164498913,0,-0.17615342221688479,-0.17615345120429993,32,0,2.6306909664208491,0.81393117713021579,map,7,0,0.37895081262504265,0.045489406728053239,8085000000
S2,no_observed_dynamic,221,8135000000,0,1,"solved_soft_dynamic","solved",100,0.35602972449743575,-0.031836085381675108,0.32789345153736416,0.45304950853434311,1.0643153857993797,0.38605870448062701,0,0,0.80443399999999998,1.1728349999999998,1,1000000000,1000000000,0,-0.17615342221688479,-0.17615345120429993,32,0,2.6306909664208491,0.81393117713021579,map,7,0,0.35392022221030411,-0.018814162757552325,8085000000
S2,observed,222,8185000000,0,1,"solved_soft_dynamic","solved",90,0.38361421641839294,0.0099211373973283126,0.32680065860262175,0.49014274060168556,1.081350614700324,0.37430465655528217,0.032496224201287872,0.030065132916203323,0.77667600000000003,1.216256,1,0.16484489361468146,0.16484489361468146,0,-0.17195349355461076,-0.15222138166427612,32,0,2.6578578362410719,0.80161941770154233,map,7,0,0.37974847638430448,0.024769282068126255,8135000000
S2,no_observed_dynamic,222,8185000000,0,1,"solved_soft_dynamic","solved",120,0.35623101924764206,-0.043338170616768104,0.32985233890190591,0.49014274060168556,1.0778286485285473,0.37449488701265399,0,0,0.93667900000000004,1.3068500000000001,1,1000000000,1000000000,0,-0.17195349355461076,-0.15222138166427612,32,0,2.6578578362410719,0.80161941770154233,map,7,0,0.35602972449743575,-0.031836085381675108,8135000000
S2,observed,223,8235000000,0,1,"solved_soft_dynamic","solved",100,0.38179199619050425,-0.0094230366203957305,0.33254554830741773,0.51461284833742926,1.1260543025572307,0.38733853242386468,0.008493486181510173,0.0084004127527717437,0.79373499999999997,1.2425619999999999,1,0.20553097953350086,0.20553097953350086,0,-0.1522213569842279,-0.15222138166427612,32,0,2.6847702158117377,0.78854208009936766,map,7,0,0.38361421641839294,0.0099211373973283126,8185000000
S2,no_observed_dynamic,223,8235000000,0,1,"solved_soft_dynamic","solved",100,0.35709174927455156,-0.055167072324524495,0.33481380231213487,0.51461284833742926,1.124765983754493,0.38854670992004881,0,0,0.78888500000000006,1.159189,1,1000000000,1000000000,0,-0.1522213569842279,-0.15222138166427612,32,0,2.6847702158117377,0.78854208009936766,map,7,0,0.35623101924764206,-0.043338170616768104,8185000000
S2,observed,224,8285000000,0,1,"solved_soft_dynamic","solved",110,0.37862873189322338,-0.026035074870443181,0.33168093621510986,0.55205697773658036,1.1395677658255288,0.37493059962612985,0.0069312924074476688,0.00674462513495895,0.85728899999999997,1.299099,1,0.21414479969430411,0.21414479969430411,0,-0.14802142686676234,-0.12517067790031433,32,0,2.7114648142018027,0.77527280523711761,map,7,0,0.38179199619050425,-0.0094230366203957305,8235000000
S2,no_observed_dynamic,224,8285000000,0,1,"solved_soft_dynamic","solved",120,0.35633509324556761,-0.065286005421203566,0.33437214867418474,0.55205697773658036,1.1383169950419016,0.37589617269980286,0,0,0.90599699999999994,1.2766579999999998,1,1000000000,1000000000,0,-0.14802142686676234,-0.12517067790031433,32,0,2.7114648142018027,0.77527280523711761,map,7,0,0.35709174927455156,-0.055167072324524495,8235000000
S2,observed,225,8335000000,0,1,"solved_soft_dynamic","solved",100,0.37649909050252828,-0.04195060291735133,0.33856651267770288,0.57568443480734999,1.1859986329491048,0.39115773256624053,0.005693122526133877,0.005331413798338706,0.79735800000000001,1.244807,1,0.22263880513529066,0.22263880513529066,0,-0.12517065624706447,-0.12517067790031433,32,0,2.7376298553069507,0.76137372372366074,map,7,0,0.37862873189322338,-0.026035074870443181,8285000000
S2,no_observed_dynamic,225,8335000000,0,1,"solved_soft_dynamic","solved",100,0.35648284280139131,-0.075576638847419109,0.34010276166860126,0.57568443480734999,1.18487173877564,0.39141404034323668,0,0,0.79307399999999995,1.163643,1,1000000000,1000000000,0,-0.12517065624706447,-0.12517067790031433,32,0,2.7376298553069507,0.76137372372366074,map,7,0,0.35633509324556761,-0.065286005421203566,8285000000
S2,observed,226,8385000000,0,1,"solved_soft_dynamic","solved",110,0.37306225863660508,-0.055364226785848319,0.34186365967943322,0.61141677019911489,1.1988688041769078,0.38149667780902818,0.0044480012618192382,0.0043567138429605702,0.84913800000000006,1.286071,1,0.22979086850622976,0.22979086850622976,0,-0.1209707283123862,-0.11313075572252274,32,0,2.7636669074025337,0.74735268226440743,map,7,0,0.37649909050252828,-0.04195060291735133,8335000000
S2,no_observed_dynamic,226,8385000000,0,1,"solved_soft_dynamic","solved",90,0.35517568075598693,-0.084062634145141313,0.34274249385245753,0.61141677019911489,1.197843558601364,0.38135638034207375,0,0,0.73853799999999992,1.1118479999999999,1,1000000000,1000000000,0,-0.1209707283123862,-0.11313075572252274,32,0,2.7636669074025337,0.74735268226440743,map,7,0,0.35648284280139131,-0.075576638847419109,8335000000
S2,observed,227,8435000000,0,1,"solved_soft_dynamic","solved",100,0.36560990065427995,-0.068487512133756506,0.37078492403703744,0.022246028496744119,0.60039269777395954,0.40039253751894571,0.0026891625007660954,0.0029015510519464385,0.82362099999999994,2.3272029999999999,0,0.24050431019663765,0.24050431019663765,0,-0.11313073628116399,-0.11313075572252274,32,0,2.7890635971876625,0.73308341053187442,map,8,1,0.37306225863660508,-0.055364226785848319,8385000000
S2,no_observed_dynamic,227,8435000000,0,1,"solved_soft_dynamic","solved",90,0.34992039141658676,-0.092584929519559545,0.36195439961601694,0.022246028496744119,0.59932910630867253,0.39607749091616684,0,0,0.75121300000000002,1.117553,0,1000000000,1000000000,0,-0.11313073628116399,-0.11313075572252274,32,0,2.7890635971876625,0.73308341053187442,map,8,0,0.35517568075598693,-0.084062634145141313,8385000000
S2,observed,228,8485000000,0,1,"solved_soft_dynamic","solved",100,0.36108557813530595,-0.081130376359514145,0.37005689651909635,0.055953380624677918,0.64969371829600087,0.3992353842010985,0.0022153191740597175,0.0020837338453447147,0.78392800000000007,1.2128950000000001,1,0.25039368853417143,0.25039368853417143,0,-0.10966353220283054,-0.10557325184345245,32,0,2.8143938624694034,0.71874006121954082,map,8,0,0.36560990065427995,-0.068487512133756506,8435000000
S2,no_observed_dynamic,228,8485000000,0,1,"solved_soft_dynamic","solved",100,0.34734075553038002,-0.10133185172127658,0.36136905639381478,0.055953380624677918,0.64878898107660243,0.39540316378982487,0,0,0.79505500000000007,1.163233,1,1000000000,1000000000,0,-0.10966353220283054,-0.10557325184345245,32,0,2.8143938624694034,0.71874006121954082,map,8,0,0.34992039141658676,-0.092584929519559545,8435000000
S2,observed,229,8535000000,0,1,"solved_soft_dynamic","solved",110,0.35617836779961076,-0.090497423936473809,0.36648490658117516,0.079179780954344331,0.65815366059279046,0.39989136859535224,0.0040031500763585406,0.0039733694908130153,0.904806,1.34212,1,0.22977597978969089,0.22977597978969089,0,-0.10557323548709974,-0.10557325184345245,32,0,2.8386500569006086,0.70456010668612123,map,8,0,0.36108557813530595,-0.081130376359514145,8485000000
S2,no_observed_dynamic,229,8535000000,0,1,"solved_soft_dynamic","solved",90,0.34334815350890058,-0.10762101143425037,0.35975313416081278,0.079179780954344331,0.65707044121195757,0.39648776604473279,0,0,0.771868,1.1434579999999999,1,1000000000,1000000000,0,-0.10557323548709974,-0.10557325184345245,32,0,2.8386500569006086,0.70456010668612123,map,8,0,0.34734075553038002,-0.10133185172127658,8485000000
S2,observed,230,8585000000,0,1,"solved_soft_dynamic","solved",100,0.35371749066221925,-0.10018409848660055,0.36458392188925937,0.11431119264264931,0.70782426447417779,0.39505531762356677,0.0028647257311054863,0.0027319473763672397,0.79233500000000001,1.224588,1,0.24092149134508745,0.24092149134508745,0,-0.10977316269418225,-0.1300913393497467,32,0,2.8629771544700149,0.69005082019431041,map,8,0,0.35617836779961076,-0.090497423936473809,8535000000
S2,no_observed_dynamic,230,8585000000,0,1,"solved_soft_dynamic","solved",90,0.3420241901576237,-0.11458971376003627,0.3595100533226967,0.11431119264264931,0.70696679995078071,0.39251180246044054,0,0,0.764822,1.1355650000000002,1,1000000000,1000000000,0,-0.10977316269418225,-0.1300913393497467,32,0,2.8629771544700149,0.69005082019431041,map,8,0,0.34334815350890058,-0.10762101143425037,8535000000
S2,observed,231,8635000000,0,1,"solved_soft_dynamic","solved",100,0.35331367067923375,-0.1094727850585647,0.36145434554780853,0.1391129574003214,0.75443050091827968,0.40453983968420792,0.0031184910391922637,0.0030005455815446248,0.79628100000000002,1.2344039999999998,1,0.23761887987070185,0.23761887987070185,0,-0.13009131362196058,-0.1300913393497467,32,0,2.8867346938616865,0.67516970168895785,map,8,0,0.35371749066221925,-0.10018409848660055,8585000000
S2,no_observed_dynamic,231,8635000000,0,1,"solved_soft_dynamic","solved",90,0.34243803528136552,-0.12158113274496948,0.35794326534020104,0.1391129574003214,0.75358261324734599,0.40217837978321547,0,0,0.74110699999999996,1.1133810000000002,1,1000000000,1000000000,0,-0.13009131362196058,-0.1300913393497467,32,0,2.8867346938616865,0.67516970168895785,map,8,0,0.3420241901576237,-0.11458971376003627,8585000000
S2,observed,232,8685000000,0,1,"solved_soft_dynamic","solved",90,0.35168076177134405,-0.11654831892344464,0.361788938129468,0.17333076546051362,0.76645144269682985,0.39332933407123211,0.0020760068364905244,0.0020751844409459823,0.733101,1.1655280000000001,1,0.24933344464374541,0.24933344464374541,0,-0.13037454918958247,-0.1305633932352066,32,0,2.9105044795272303,0.66031346777457478,map,8,0,0.35331367067923375,-0.1094727850585647,8635000000
S2,no_observed_dynamic,232,8685000000,0,1,"solved_soft_dynamic","solved",100,0.34182487318968657,-0.12664720205611046,0.35848877099279741,0.17333076546051362,0.7657698803544446,0.39114617974106936,0,0,0.77114000000000005,1.137613,1,1000000000,1000000000,0,-0.13037454918958247,-0.1305633932352066,32,0,2.9105044795272303,0.66031346777457478,map,8,0,0.34243803528136552,-0.12158113274496948,8635000000
S2,observed,233,8735000000,0,1,"solved_soft_dynamic","solved",90,0.34854760530192536,-0.12132204002957021,0.36069025117375897,0.19586480681279861,0.77466891707082985,0.39528873927887603,0.0021742271688176633,0.0021918583591024384,0.74309799999999993,1.1768639999999999,1,0.2487390159148436,0.2487390159148436,0,-0.1305633777519688,-0.1305633932352066,32,0,2.9342417572588966,0.64590804367346943,map,8,0,0.35168076177134405,-0.11654831892344464,8685000000
S2,no_observed_dynamic,233,8735000000,0,1,"solved_soft_dynamic","solved",90,0.33944311053671355,-0.12972941337011085,0.35730290297825779,0.19586480681279861,0.77396263588746661,0.39295108133630574,0,0,0.72199899999999995,1.095091,1,1000000000,1000000000,0,-0.1305633777519688,-0.1305633932352066,32,0,2.9342417572588966,0.64590804367346943,map,8,0,0.34182487318968657,-0.12664720205611046,8685000000
S2,observed,234,8785000000,0,1,"solved_soft_dynamic","solved",90,0.34768683724412291,-0.12688444609964969,0.36269697940389833,0.22929976058374368,0.82401378199867992,0.3941561728124684,0.0014851327122109418,0.0014260501449575877,0.73587800000000003,1.180148,1,0.26120621707184721,0.26120621707184721,0,-0.12711019080597907,-0.12305262684822083,32,0,2.9578351222430816,0.63129496562123355,map,8,0,0.34854760530192536,-0.12132204002957021,8735000000
S2,no_observed_dynamic,234,8785000000,0,1,"solved_soft_dynamic","solved",80,0.33947116742736255,-0.13383479980311586,0.35933070081871876,0.22929976058374368,0.82342571830761857,0.39192833822848988,0,0,0.700569,1.0732039999999998,1,1000000000,1000000000,0,-0.12711019080597907,-0.12305262684822083,32,0,2.9578351222430816,0.63129496562123355,map,8,0,0.33944311053671355,-0.12972941337011085,8735000000
S2,observed,235,8835000000,0,1,"solved_soft_dynamic","solved",90,0.34459721569127422,-0.13065372300394237,0.36161341401240177,0.25140023970338193,0.83190505591592045,0.39584207857314824,0.0003878836626942956,0.0003928189615445661,0.75069900000000001,1.1782509999999999,1,0.29983686233518514,0.29983686233518514,0,-0.12305261043366045,-0.12305262684822083,32,0,2.9815118052045668,0.61764595451820159,map,8,0,0.34768683724412291,-0.12688444609964969,8785000000
S2,no_observed_dynamic,235,8835000000,0,1,"solved_soft_dynamic","solved",90,0.33753604394060888,-0.13632212338079883,0.35861195349520075,0.25140023970338193,0.83153072407333473,0.39394464036705146,0,0,0.75076299999999996,1.117785,1,1000000000,1000000000,0,-0.12305261043366045,-0.12305262684822083,32,0,2.9815118052045668,0.61764595451820159,map,8,0,0.33947116742736255,-0.13383479980311586,8785000000
S2,observed,236,8885000000,0,1,"solved_soft_dynamic","solved",90,0.34390133579054338,-0.13543197180873759,0.36373865644133002,0.28430100465917946,0.88117649776832563,0.3952105230289143,0.0002555265839202546,0.0002460318936129849,0.72695100000000001,1.146752,1,0.31286748259418729,0.31286748259418729,0,-0.12641413050005212,-0.13025783002376556,32,0,3.0051845952574263,0.60354697931945545,map,8,0,0.34459721569127422,-0.13065372300394237,8835000000
S2,no_observed_dynamic,236,8885000000,0,1,"solved_soft_dynamic","solved",80,0.3378572583539064,-0.14004388456673655,0.36102210976721372,0.28430100465917946,0.88086158410833382,0.39352194004501628,0,0,0.69014300000000006,1.053523,1,1000000000,1000000000,0,-0.12641413050005212,-0.13025783002376556,32,0,3.0051845952574263,0.60354697931945545,map,8,0,0.33753604394060888,-0.13632212338079883,8835000000
S2,observed,237,8935000000,0,1,"solved_soft_dynamic","solved",90,0.34129795006744246,-0.1383528613666351,0.36261655228582113,0.30670556984014574,0.88935795710658638,0.39692852033795156,0.00014291468168484627,0.00014422119747904138,0.74353199999999997,1.1685490000000001,1,0.32900082665988861,0.32900082665988861,0,-0.13025781663600355,-0.13025783002376556,32,0,3.0293014734395234,0.58945234482089237,map,8,0,0.34390133579054338,-0.13543197180873759,8885000000
S2,no_observed_dynamic,237,8935000000,0,1,"solved_soft_dynamic","solved",90,0.33614786694779464,-0.14209952023593211,0.3602470679857403,0.30670556984014574,0.8890945058739228,0.39546577460663296,0,0,0.74021500000000007,1.1149440000000002,1,1000000000,1000000000,0,-0.13025781663600355,-0.13025783002376556,32,0,3.0293014734395234,0.58945234482089237,map,8,0,0.3378572583539064,-0.14004388456673655,8885000000
S2,observed,238,8985000000,0,1,"solved_soft_dynamic","solved",80,0.34108696500647795,-0.14237776674104646,0.36355290424684938,0.34037919031967168,0.93894686954443207,0.39531613178709007,7.5510945167166782e-05,7.4655090116593505e-05,0.70011499999999993,1.1249509999999998,1,0.34633571932425744,0.34633571932425744,0,-0.1344577394775115,-0.15467391908168793,32,0,3.0531030431560469,0.57529403466405349,map,8,0,0.34129795006744246,-0.1383528613666351,8935000000
S2,no_observed_dynamic,238,8985000000,0,1,"solved_soft_dynamic","solved",80,0.33671289982649744,-0.14541666735034797,0.36154340418980341,0.34037919031967168,0.93872487444663733,0.39404283880797647,0,0,0.68900000000000006,1.05663,1,1000000000,1000000000,0,-0.1344577394775115,-0.15467391908168793,32,0,3.0531030431560469,0.57529403466405349,map,8,0,0.33614786694779464,-0.14209952023593211,8935000000
S2,observed,239,9035000000,0,1,"solved_soft_dynamic","solved",100,0.33891703617034458,-0.1447671435381796,0.36328958458708638,0.36217598493336167,0.94696759655280449,0.39757436071240781,3.6970722291469087e-05,3.710070636317539e-05,0.78345100000000001,1.1976560000000001,1,0.36321783422760745,0.36321783422760745,0,-0.15467389312107116,-0.15467391908168793,32,0,3.0768165245292214,0.56184383819983186,map,8,0,0.34108696500647795,-0.14237776674104646,8985000000
S2,no_observed_dynamic,239,9035000000,0,1,"solved_soft_dynamic","solved",90,0.3352086423011913,-0.14722875324189841,0.36150684862187155,0.36217598493336167,0.9467782032067199,0.39645305034314116,0,0,0.74383500000000002,1.115499,1,1000000000,1000000000,0,-0.15467389312107116,-0.15467391908168793,32,0,3.0768165245292214,0.56184383819983186,map,8,0,0.33671289982649744,-0.14541666735034797,8985000000
S2,observed,240,9085000000,0,1,"solved_soft_dynamic","solved",80,0.33908939850899028,-0.14836396038391059,0.36476853011663607,0.3951395916892354,0.99635914281399185,0.39616033722475053,2.0029482868094692e-05,1.9962274930406128e-05,0.69860600000000006,1.1320110000000001,1,0.37771123168968535,0.37771123168968535,0,-0.15887382469372824,-0.17854417860507965,32,0,3.1002919592467983,0.54808249998948955,map,8,0,0.33891703617034458,-0.1447671435381796,9035000000
S2,no_observed_dynamic,240,9085000000,0,1,"solved_soft_dynamic","solved",80,0.33594598149822824,-0.15035647866974211,0.36324061327595125,0.3951395916892354,0.99619601589777718,0.39520216427409482,0,0,0.71369199999999999,1.0857569999999999,1,1000000000,1000000000,0,-0.15887382469372824,-0.17854417860507965,32,0,3.1002919592467983,0.54808249998948955,map,8,0,0.3352086423011913,-0.14722875324189841,9035000000
S2,observed,241,9135000000,0,1,"solved_soft_dynamic","solved",90,0.33729358912126262,-0.15048992331370353,0.36443920937329827,0.41642610575668532,1.0042288062056268,0.39826186193339524,4.9460363118126068e-06,4.9460363118126068e-06,0.78058399999999994,1.214091,1,0.39646648989016775,0.39646648989016775,0,-0.17854415636975318,-0.17854417860507965,32,0,3.1234205877810552,0.53525874305497667,map,8,0,0.33908939850899028,-0.14836396038391059,9085000000
S2,no_observed_dynamic,241,9135000000,0,1,"solved_soft_dynamic","solved",90,0.33462899738899793,-0.15209891920492097,0.36310000049287172,0.41642610575668532,1.0040889500231918,0.3974147180547154,0,0,0.77166999999999997,1.1495150000000001,1,1000000000,1000000000,0,-0.17854415636975318,-0.17854417860507965,32,0,3.1234205877810552,0.53525874305497667,map,8,0,0.33594598149822824,-0.15035647866974211,9085000000
S2,observed,242,9185000000,0,1,"solved_soft_dynamic","solved",80,0.33775153940266806,-0.15391628379936403,0.36824582123703375,0.44788577364069981,1.0531535397764182,0.39900795772008912,0,0,0.69962400000000002,1.130449,1,1000000000,1000000000,0,-0.18274408066645265,-0.195017009973526,32,0,3.1463818428578896,0.52201027182315929,map,8,0,0.33729358912126262,-0.15048992331370353,9135000000
S2,no_observed_dynamic,242,9185000000,0,1,"solved_soft_dynamic","solved",80,0.33549167321381818,-0.15521320444458864,0.36700437951161147,0.44788577364069981,1.0530324080052929,0.39824115404132809,0,0,0.69234099999999998,1.061574,1,1000000000,1000000000,0,-0.18274408066645265,-0.195017009973526,32,0,3.1463818428578896,0.52201027182315929,map,8,0,0.33462899738899793,-0.15209891920492097,9135000000
S2,observed,243,9235000000,0,1,"solved_soft_dynamic","solved",90,0.33702318303442946,-0.15624398001779749,0.36884118412597267,0.47919458696593564,1.0643834540015726,0.38897588737793654,0,0,0.73500599999999994,1.159497,1,1000000000,1000000000,0,-0.19501698261592537,-0.195017009973526,32,0,3.1689245699291253,0.50917852548464915,map,8,0,0.33775153940266806,-0.15391628379936403,9185000000
S2,no_observed_dynamic,243,9235000000,0,1,"solved_soft_dynamic","solved",90,0.33510532443011598,-0.15728722757779004,0.36775780303915862,0.47919458696593564,1.0642792266408687,0.38830530030765564,0,0,0.73401000000000005,1.105064,1,1000000000,1000000000,0,-0.19501698261592537,-0.195017009973526,32,0,3.1689245699291253,0.50917852548464915,map,8,0,0.33549167321381818,-0.15521320444458864,9185000000
S2,observed,244,9285000000,0,1,"solved_soft_dynamic","solved",80,0.33774405455572293,-0.15946996644383057,0.37132743859801243,0.4999776955278033,1.1097564317341495,0.40164053012840695,0,0,0.69690599999999991,1.1218429999999999,1,1000000000,1000000000,0,-0.19801692542387173,-0.21067248284816742,32,0,3.1913747420190517,0.49610684304622166,map,8,0,0.33702318303442946,-0.15624398001779749,9235000000
S2,no_observed_dynamic,244,9285000000,0,1,"solved_soft_dynamic","solved",80,0.33611541451820071,-0.16030726729323391,0.3703751022821884,0.4999776955278033,1.1096668507814746,0.401055031740087,0,0,0.69270300000000007,1.0666020000000001,1,1000000000,1000000000,0,-0.19801692542387173,-0.21067248284816742,32,0,3.1913747420190517,0.49610684304622166,map,8,0,0.33510532443011598,-0.15728722757779004,9235000000
S2,observed,245,9335000000,0,1,"solved_soft_dynamic","solved",90,0.33736156029279646,-0.16163099032006842,0.37204653281439154,0.5299874058850147,1.1205285434336942,0.39174959731723813,0,0,0.751691,1.178763,1,1000000000,1000000000,0,-0.21067245688755065,-0.21067248284816742,32,0,3.2126017606569475,0.48382649888699153,map,8,0,0.33774405455572293,-0.15946996644383057,9285000000
S2,no_observed_dynamic,245,9335000000,0,1,"solved_soft_dynamic","solved",90,0.33597761726709369,-0.16230130312199287,0.37121855286957051,0.5299874058850147,1.1204514567736146,0.39123977689056177,0,0,0.73812499999999992,1.1083959999999999,1,1000000000,1000000000,0,-0.21067245688755065,-0.21067248284816742,32,0,3.2126017606569475,0.48382649888699153,map,8,0,0.33611541451820071,-0.16030726729323391,9285000000
S2,observed,246,9385000000,0,1,"solved_soft_dynamic","solved",90,0.33531439995867773,-0.16239937378908459,0.37069972485676722,0.54991669084047334,1.1278180874465047,0.39315780859081001,0,0,0.76566699999999999,1.1921360000000001,1,1000000000,1000000000,0,-0.21487237972905859,-0.22743211686611176,32,0,3.2339522724819738,0.47120781776782422,map,8,0,0.33736156029279646,-0.16163099032006842,9335000000
S2,no_observed_dynamic,246,9385000000,0,1,"solved_soft_dynamic","solved",90,0.33413762880061504,-0.16293448644467087,0.36997758638596456,0.54991669084047334,1.1277517739745777,0.39271271414034392,0,0,0.73895199999999994,1.10653,1,1000000000,1000000000,0,-0.21487237972905859,-0.22743211686611176,32,0,3.2339522724819738,0.47120781776782422,map,8,0,0.33597761726709369,-0.16230130312199287,9335000000
S2,observed,247,9435000000,0,1,"solved_soft_dynamic","solved",80,0.33721730417105877,-0.16279314271244466,0.36998940376937117,0,0.59167323128957316,0.38519882088378526,0,0,0.70350299999999999,2.1862520000000001,0,1000000000,1000000000,0,-0.22743208683095872,-0.22743211686611176,32,0,3.2537350693640983,0.45936531309694079,map,9,1,0.33531439995867773,-0.16239937378908459,9385000000
S2,no_observed_dynamic,247,9435000000,0,1,"solved_soft_dynamic","solved",80,0.33621681261315278,-0.16321777954532057,0.36915569543019988,0,0.59161014409821899,0.38472061737096974,0,0,0.68876899999999996,1.0649360000000001,0,1000000000,1000000000,0,-0.22743208683095872,-0.22743211686611176,32,0,3.2537350693640983,0.45936531309694079,map,9,0,0.33413762880061504,-0.16293448644467087,9385000000
S2,observed,248,9485000000,0,1,"solved_soft_dynamic","solved",90,0.33692309496063882,-0.16141768290580288,0.36930781699971799,0.012231777780603983,0.59647274460106003,0.39450906386147599,0,0,0.77698199999999995,1.2517660000000002,1,1000000000,1000000000,0,-0.22956325265113264,-0.23253610730171204,32,0,3.2737645963074726,0.44715055256397485,map,9,0,0.33721730417105877,-0.16279314271244466,9435000000
S2,no_observed_dynamic,248,9485000000,0,1,"solved_soft_dynamic","solved",90,0.33607031903463536,-0.16175505465500772,0.36859005276314621,0.012231777780603983,0.59641502857330964,0.39409730864799641,0,0,0.75150300000000003,1.124573,1,1000000000,1000000000,0,-0.22956325265113264,-0.23253610730171204,32,0,3.2737645963074726,0.44715055256397485,map,9,0,0.33621681261315278,-0.16321777954532057,9435000000
S2,observed,249,9535000000,0,1,"solved_soft_dynamic","solved",90,0.33580301143057839,-0.15966777706544169,0.3620757574600959,0.037869301599709082,0.60548785899733248,0.38239422488549013,0,0,0.75255700000000003,1.1803009999999998,1,1000000000,1000000000,0,-0.2325360692339018,-0.23253610730171204,32,0,3.2920210534857852,0.43634440483964299,map,9,0,0.33692309496063882,-0.16141768290580288,9485000000
S2,no_observed_dynamic,249,9535000000,0,1,"solved_soft_dynamic","solved",90,0.33507817853815086,-0.15993294339975719,0.36142388895152855,0.037869301599709082,0.60544227574094012,0.3820251700704087,0,0,0.748417,1.1252090000000001,1,1000000000,1000000000,0,-0.2325360692339018,-0.23253610730171204,32,0,3.2920210534857852,0.43634440483964299,map,9,0,0.33607031903463536,-0.16175505465500772,9485000000
S2,observed,250,9585000000,0,1,"solved_soft_dynamic","solved",100,0.33643641001102148,-0.15941921824250216,0.36264181437760168,0.054359726388959848,0.64920005022190086,0.39594373897660212,0,0,0.82774300000000001,1.261471,1,1000000000,1000000000,0,-0.23363387008430436,-0.2343657910823822,32,0,3.3105461812988373,0.42503724746051968,map,9,0,0.33580301143057839,-0.15966777706544169,9535000000
S2,no_observed_dynamic,250,9585000000,0,1,"solved_soft_dynamic","solved",80,0.33581971250551435,-0.15962674083560968,0.3620833503383562,0.054359726388959848,0.64916161603227074,0.39563297926326374,0,0,0.74394199999999999,1.1190659999999999,1,1000000000,1000000000,0,-0.23363387008430436,-0.2343657910823822,32,0,3.3105461812988373,0.42503724746051968,map,9,0,0.33507817853815086,-0.15993294339975719,9535000000
S2,observed,251,9635000000,0,1,"solved_soft_dynamic","solved",90,0.33610935055981256,-0.15895152896649017,0.3680874532494976,0.07826002888555364,0.65767361690741666,0.38936142612052843,0,0,0.73861399999999999,1.1670960000000001,1,1000000000,1000000000,0,-0.2343657542951405,-0.2343657910823822,32,0,3.3272296285186602,0.41547996974194701,map,9,0,0.33643641001102148,-0.15941921824250216,9585000000
S2,no_observed_dynamic,251,9635000000,0,1,"solved_soft_dynamic","solved",90,0.33558424589680241,-0.15911320275905666,0.36763367709548644,0.07826002888555364,0.6576416458484996,0.38910520264711373,0,0,0.74499199999999999,1.113111,1,1000000000,1000000000,0,-0.2343657542951405,-0.2343657910823822,32,0,3.3272296285186602,0.41547996974194701,map,9,0,0.33581971250551435,-0.15962674083560968,9585000000
S2,observed,252,9685000000,0,1,"solved_soft_dynamic","solved",80,0.33760458287604284,-0.16012839851478181,0.37289081919136324,0.094863955099689729,0.70138111642917422,0.40105398360779154,0,0,0.69577100000000003,1.1225560000000001,1,1000000000,1000000000,0,-0.23516263754572719,-0.23595957458019257,32,0,3.3442330069671509,0.40529443583113922,map,9,0,0.33610935055981256,-0.15895152896649017,9635000000
S2,no_observed_dynamic,252,9685000000,0,1,"solved_soft_dynamic","solved",80,0.33715698199675231,-0.160253626694037,0.37252129378147136,0.094863955099689729,0.70135405004750251,0.4008445169491715,0,0,0.691639,1.0602659999999999,1,1000000000,1000000000,0,-0.23516263754572719,-0.23595957458019257,32,0,3.3442330069671509,0.40529443583113922,map,9,0,0.33558424589680241,-0.15911320275905666,9635000000
S2,observed,253,9735000000,0,1,"solved_soft_dynamic","solved",90,0.33815837797944537,-0.16103120664931855,0.37418945331810743,0.11875182666442156,0.70985721073046715,0.39163238892380053,0,0,0.72648500000000005,1.150606,1,1000000000,1000000000,0,-0.23595953825861216,-0.23595957458019257,32,0,3.3599297869743547,0.39657448386987487,map,9,0,0.33760458287604284,-0.16012839851478181,9685000000
S2,no_observed_dynamic,253,9735000000,0,1,"solved_soft_dynamic","solved",90,0.33777649292678119,-0.16112751363681574,0.37389726085975211,0.11875182666442156,0.70983435566707387,0.39146014368618598,0,0,0.73957499999999998,1.107361,1,1000000000,1000000000,0,-0.23595953825861216,-0.23595957458019257,32,0,3.3599297869743547,0.39657448386987487,map,9,0,0.33715698199675231,-0.160253626694037,9685000000
S2,observed,254,9785000000,0,1,"solved_soft_dynamic","solved",90,0.33729133416407181,-0.1611051957355667,0.37345823930224781,0.1335231094706586,0.71523881959532676,0.39285409038839997,0,0,0.76595999999999997,1.1917279999999999,1,1000000000,1000000000,0,-0.23573877406306565,-0.23551803827285767,32,0,3.3758313803385533,0.38731204768689803,map,9,0,0.33815837797944537,-0.16103120664931855,9735000000
S2,no_observed_dynamic,254,9785000000,0,1,"solved_soft_dynamic","solved",90,0.33696535561679225,-0.16117852523461459,0.37320466105718558,0.1335231094706586,0.71521915230385069,0.3927044354014248,0,0,0.74634400000000001,1.1173759999999999,1,1000000000,1000000000,0,-0.23573877406306565,-0.23551803827285767,32,0,3.3758313803385533,0.38731204768689803,map,9,0,0.33777649292678119,-0.16112751363681574,9735000000
S2,observed,255,9835000000,0,1,"solved_soft_dynamic","solved",90,0.33577195387832387,-0.16101014388318399,0.3706562591964912,0.15532514201384512,0.72284000901559553,0.38328961440969983,0,0,0.74845899999999999,1.1696519999999999,1,1000000000,1000000000,0,-0.23551800404675305,-0.23551803827285767,32,0,3.3906657042945505,0.37917574455924169,map,9,0,0.33729133416407181,-0.1611051957355667,9785000000
S2,no_observed_dynamic,255,9835000000,0,1,"solved_soft_dynamic","solved",90,0.33549350685873602,-0.16106531758849355,0.37044644743526267,0.15532514201384512,0.72282314261966296,0.38316154609140762,0,0,0.74828499999999998,1.1212329999999999,1,1000000000,1000000000,0,-0.23551800404675305,-0.23551803827285767,32,0,3.3906657042945505,0.37917574455924169,map,9,0,0.33696535561679225,-0.16117852523461459,9785000000
S2,observed,256,9885000000,0,1,"solved_soft_dynamic","solved",80,0.33629639513742554,-0.16270191212150556,0.37216448185140683,0.16909044110347296,0.76547128598244418,0.3944754677550964,0,0,0.698133,1.1626179999999999,1,1000000000,1000000000,0,-0.23955947544891387,-0.24593336880207062,32,0,3.4056324528137112,0.37066413607081283,map,9,0,0.33577195387832387,-0.16101014388318399,9835000000
S2,no_observed_dynamic,256,9885000000,0,1,"solved_soft_dynamic","solved",80,0.33605841105364587,-0.16274278543859916,0.37198104502776808,0.16909044110347296,0.76545674415788556,0.39436427649167533,0,0,0.70287699999999997,1.0746609999999999,1,1000000000,1000000000,0,-0.23955947544891387,-0.24593336880207062,32,0,3.4056324528137112,0.37066413607081283,map,9,0,0.33549350685873602,-0.16106531758849355,9835000000
S2,observed,257,9935000000,0,1,"solved_soft_dynamic","solved",90,0.33601302756326296,-0.16395630276164505,0.37216620986822169,0.18881732347172647,0.77248781393172994,0.38757963017040081,0,0,0.75048899999999996,1.162239,1,1000000000,1000000000,0,-0.24593333364464343,-0.24593336880207062,32,0,3.4195271591574445,0.36300117223533224,map,9,0,0.33629639513742554,-0.16270191212150556,9885000000
S2,no_observed_dynamic,257,9935000000,0,1,"solved_soft_dynamic","solved",90,0.33580949519459125,-0.16398597931914527,0.37200817200156383,0.18881732347172647,0.77247525868495037,0.38748318807223608,0,0,0.743035,1.1144499999999999,1,1000000000,1000000000,0,-0.24593333364464343,-0.24593336880207062,32,0,3.4195271591574445,0.36300117223533224,map,9,0,0.33605841105364587,-0.16274278543859916,9885000000
S2,observed,258,9985000000,0,1,"solved_soft_dynamic","solved",90,0.33455763837455188,-0.16447212089106694,0.37119476478286062,0.2017935785084356,0.77718402178596069,0.3883932638485687,0,0,0.73560000000000003,1.144733,1,1000000000,1000000000,0,-0.24628432292956859,-0.24651835858821869,32,0,3.4335503077894498,0.35503014645760989,map,9,0,0.33601302756326296,-0.16395630276164505,9935000000
S2,no_observed_dynamic,258,9985000000,0,1,"solved_soft_dynamic","solved",90,0.33438347430053872,-0.16449307545087571,0.37105721095658972,0.2017935785084356,0.7771731831515426,0.38830935369277525,0,0,0.74317800000000001,1.114358,1,1000000000,1000000000,0,-0.24628432292956859,-0.24651835858821869,32,0,3.4335503077894498,0.35503014645760989,map,9,0,0.33580949519459125,-0.16398597931914527,9935000000
S2,observed,259,10035000000,0,1,"solved_soft_dynamic","solved",80,0.33576888950276629,-0.16699265646404898,0.37351874623524278,0.22029428574933671,0.82138153402456759,0.39217611245444906,0,0,0.69013099999999994,1.1106989999999999,1,1000000000,1000000000,0,-0.24651832063682377,-0.24651835858821869,32,0,3.4466566507443934,0.34754712813600569,map,9,0,0.33455763837455188,-0.16447212089106694,9985000000
S2,no_observed_dynamic,259,10035000000,0,1,"solved_soft_dynamic","solved",80,0.33561976305852281,-0.16700687082719951,0.37339908910615516,0.22029428574933671,0.82137217241802762,0.39210324972333482,0,0,0.71249499999999999,1.087591,1,1000000000,1000000000,0,-0.24651832063682377,-0.24651835858821869,32,0,3.4466566507443934,0.34754712813600569,map,9,0,0.33438347430053872,-0.16449307545087571,9985000000
S2,observed,260,10085000000,0,1,"solved_soft_dynamic","solved",90,0.33533660866846904,-0.16834773292825517,0.37385922023885587,0.22645786436017012,0.82346866016949494,0.40140462768551849,0,0,0.73649700000000007,1.155405,1,1000000000,1000000000,0,-0.24651832063682377,-0.2478267103433609,32,0,3.4599644184494025,0.33977001400372892,map,9,0,0.33576888950276629,-0.16699265646404898,10035000000
S2,no_observed_dynamic,260,10085000000,0,1,"solved_soft_dynamic","solved",90,0.33520879687327848,-0.16835675665977518,0.3737550131446537,0.22645786436017012,0.82346089010911871,0.40134107696196208,0,0,0.74317100000000003,1.111526,1,1000000000,1000000000,0,-0.24651832063682377,-0.2478267103433609,32,0,3.4599644184494025,0.33977001400372892,map,9,0,0.33561976305852281,-0.16700687082719951,10035000000
S2,observed,261,10135000000,0,1,"solved_soft_dynamic","solved",80,0.33508525309089288,-0.16957717697092434,0.3740238954847504,0.25015590632699525,0.83087722275565712,0.3884358144594855,0,0,0.69062400000000002,1.10849,1,1000000000,1000000000,0,-0.24782668333500624,-0.2478267103433609,32,0,3.4720671546172901,0.33256126075213571,map,9,0,0.33533660866846904,-0.16834773292825517,10085000000
S2,no_observed_dynamic,261,10135000000,0,1,"solved_soft_dynamic","solved",80,0.33497554624244114,-0.16958222821994917,0.37393354798365552,0.25015590632699525,0.83087038039495131,0.38838024831555795,0,0,0.696573,1.0645209999999998,1,1000000000,1000000000,0,-0.24782668333500624,-0.2478267103433609,32,0,3.4720671546172901,0.33256126075213571,map,9,0,0.33520879687327848,-0.16835675665977518,10085000000
S2,observed,262,10185000000,0,1,"solved_soft_dynamic","solved",90,0.33336325761886648,-0.16967873817215948,0.37261757858582772,0.25597723130676286,0.83445360982355976,0.39586908029597279,0,0,0.72727399999999998,1.1388049999999998,1,1000000000,1000000000,0,-0.24782668333500624,-0.24283073842525482,32,0,3.4845103775385007,0.32500998152449495,map,9,0,0.33508525309089288,-0.16957717697092434,10135000000
S2,no_observed_dynamic,262,10185000000,0,1,"solved_soft_dynamic","solved",90,0.33326906615518731,-0.16968084023261143,0.37253882391037985,0.25597723130676286,0.83444735820594951,0.39582070178992734,0,0,0.70896499999999996,1.078125,1,1000000000,1000000000,0,-0.24782668333500624,-0.24283073842525482,32,0,3.4845103775385007,0.32500998152449495,map,9,0,0.33497554624244114,-0.16958222821994917,10135000000
S2,observed,263,10235000000,0,1,"solved_soft_dynamic","solved",70,0.33528715997292902,-0.17220526316509865,0.37571747516101817,0.27832760570752341,0.87864988796986521,0.39442246833300243,0,0,0.65108600000000005,1.0665390000000001,1,1000000000,1000000000,0,-0.2428307052468881,-0.24283073842525482,32,0,3.4961019084828711,0.31815487308788926,map,9,0,0.33336325761886648,-0.16967873817215948,10185000000
S2,no_observed_dynamic,263,10235000000,0,1,"solved_soft_dynamic","solved",70,0.33520615702429135,-0.17220516146787279,0.37564855690319066,0.27832760570752341,0.87864449454005866,0.39438010737373236,0,0,0.66987600000000003,1.0414680000000001,1,1000000000,1000000000,0,-0.2428307052468881,-0.24283073842525482,32,0,3.4961019084828711,0.31815487308788926,map,9,0,0.33326906615518731,-0.16968084023261143,10185000000
S2,observed,264,10285000000,0,1,"solved_soft_dynamic","solved",70,0.33639481201644689,-0.17408410103273636,0.37764842864716752,0.28387084090422215,0.87446438079642186,0.40503997172184641,0,0,0.63786500000000002,1.0559230000000002,1,1000000000,1000000000,0,-0.2428307052468881,-0.24565528333187103,32,0,3.5079190931850444,0.3109151650166232,map,9,0,0.33528715997292902,-0.17220526316509865,10235000000
S2,no_observed_dynamic,264,10285000000,0,1,"solved_soft_dynamic","solved",70,0.33632498095682395,-0.17408233828461334,0.37758813356922982,0.28387084090422215,0.87446033242669419,0.40500266031568849,0,0,0.65415600000000007,1.024152,1,1000000000,1000000000,0,-0.2428307052468881,-0.24565528333187103,32,0,3.5079190931850444,0.3109151650166232,map,9,0,0.33520615702429135,-0.17220516146787279,10235000000
S2,observed,265,10335000000,0,1,"solved_soft_dynamic","solved",70,0.33788096861491596,-0.17635136321965428,0.37989364342003751,0.30488651424486785,0.87660677658001429,0.39546522304520781,0,0,0.65557200000000004,1.0690949999999999,1,1000000000,1000000000,0,-0.24565524654462934,-0.24565528333187103,32,0,3.5188530222349441,0.30519593716515669,map,9,0,0.33639481201644689,-0.17408410103273636,10285000000
S2,no_observed_dynamic,265,10335000000,0,1,"solved_soft_dynamic","solved",70,0.3378206453118745,-0.17634839059033852,0.37984100687558814,0.30488651424486785,0.876603626769487,0.39543243894029112,0,0,0.64817100000000005,1.018548,1,1000000000,1000000000,0,-0.24565524654462934,-0.24565528333187103,32,0,3.5188530222349441,0.30519593716515669,map,9,0,0.33632498095682395,-0.17408233828461334,10285000000
S2,observed,266,10385000000,0,1,"solved_soft_dynamic","solved",40,0.33727524666001907,-0.17722505281855083,0.37964084516836433,0.31009658341677376,0.88030842894698647,0.40079437737959678,0,0,0.52871400000000002,0.94376099999999996,1,1000000000,1000000000,0,-0.24565524654462934,-0.23738577961921692,32,0,3.53001351699975,0.2988360699202956,map,9,0,0.33788096861491596,-0.17635136321965428,10335000000
S2,no_observed_dynamic,266,10385000000,0,1,"solved_soft_dynamic","solved",40,0.33722335517008029,-0.1772213711258129,0.37959513099146658,0.31009658341677376,0.88030842894698647,0.40076696749907215,0,0,0.51457399999999998,0.88267399999999996,1,1000000000,1000000000,0,-0.24565524654462934,-0.23738577961921692,32,0,3.53001351699975,0.2988360699202956,map,9,0,0.3378206453118745,-0.17634839059033852,10335000000
S2,observed,267,10435000000,0,1,"solved_soft_dynamic","solved",40,0.33777728559802778,-0.17863554319676289,0.38082318499504925,0.33030220884739742,0.88030842894698647,0.39273714174382818,0,0,0.51244900000000004,0.92830099999999993,1,1000000000,1000000000,0,-0.23738574236631393,-0.23738577961921692,32,0,3.5407094108084074,0.29247951986273668,map,9,0,0.33727524666001907,-0.17722505281855083,10385000000
S2,no_observed_dynamic,267,10435000000,0,1,"solved_soft_dynamic","solved",40,0.33773276770062194,-0.17863153196766257,0.38078350765034313,0.33030220884739742,0.88030842894698647,0.3927139120001405,0,0,0.51522600000000007,0.88877799999999996,1,1000000000,1000000000,0,-0.23738574236631393,-0.23738577961921692,32,0,3.5407094108084074,0.29247951986273668,map,9,0,0.33722335517008029,-0.1772213711258129,10385000000
S2,observed,268,10485000000,0,1,"solved_soft_dynamic","solved",50,0.34115549872778961,-0.17548715155178157,0.3805831815742669,0,0.54459679324657884,0.39762397418603423,0,0,0.58217299999999994,1.9994029999999998,0,1000000000,1000000000,0,-0.23738574236631393,-0.25483414530754089,32,0,3.5515103333360765,0.28600353227261927,map,10,1,0.33777728559802778,-0.17863554319676289,10435000000
S2,no_observed_dynamic,268,10485000000,0,1,"solved_soft_dynamic","solved",50,0.34111742973763165,-0.17548287977787369,0.38054594398909447,0,0.54459679324657873,0.39760276613142614,0,0,0.56509500000000001,0.93907099999999999,0,1000000000,1000000000,0,-0.23738574236631393,-0.25483414530754089,32,0,3.5515103333360765,0.28600353227261927,map,10,0,0.33773276770062194,-0.17863153196766257,10435000000
S2,observed,269,10535000000,0,1,"solved_soft_dynamic","solved",50,0.34231639093388999,-0.17214404663967017,0.38053199240573582,0.013811038693766252,0.54459679324657873,0.38829708184251166,0,0,0.59805900000000001,1.024437,1,1000000000,1000000000,0,-0.25483409990556538,-0.25483414530754089,32,0,3.5612855203493665,0.28052067077082926,map,10,0,0.34115549872778961,-0.17548715155178157,10485000000
S2,no_observed_dynamic,269,10535000000,0,1,"solved_soft_dynamic","solved",50,0.34228386957352364,-0.17213971819101054,0.38049994924076552,0.013811038693766252,0.54459679324657873,0.38827895331736678,0,0,0.55054199999999998,0.92695300000000003,1,1000000000,1000000000,0,-0.25483409990556538,-0.25483414530754089,32,0,3.5612855203493665,0.28052067077082926,map,10,0,0.34111742973763165,-0.17548287977787369,10485000000
S2,observed,270,10585000000,0,1,"solved_soft_dynamic","solved",50,0.34102390417932893,-0.16802560791441087,0.37791015973359926,0.018409765142313184,0.54459679324657884,0.38974516227313022,0,0,0.57322200000000001,0.99294500000000008,1,1000000000,1000000000,0,-0.25483409990556538,-0.24177494645118713,32,0,3.571347407515487,0.27456719316898764,map,10,0,0.34231639093388999,-0.17214404663967017,10535000000
S2,no_observed_dynamic,270,10585000000,0,1,"solved_soft_dynamic","solved",50,0.34099610944692105,-0.16802134738476218,0.37788258196262525,0.018409765142313184,0.54459679324657873,0.38972954806729948,0,0,0.56617300000000004,0.94065399999999999,1,1000000000,1000000000,0,-0.25483409990556538,-0.24177494645118713,32,0,3.571347407515487,0.27456719316898764,map,10,0,0.34228386957352364,-0.17213971819101054,10535000000
S2,observed,271,10635000000,0,1,"solved_soft_dynamic","solved",40,0.34056297002843133,-0.16495012454526745,0.37642617948423679,0.036570187483343036,0.54459679324657873,0.38109412231207029,0,0,0.52363599999999999,0.94582200000000005,1,1000000000,1000000000,0,-0.24177490558940917,-0.24177494645118713,32,0,3.5807943394780062,0.26775542393232687,map,10,0,0.34102390417932893,-0.16802560791441087,10585000000
S2,no_observed_dynamic,271,10635000000,0,1,"solved_soft_dynamic","solved",40,0.34053925152356623,-0.1649460435114416,0.37640249396856806,0.036570187483343036,0.54459679324657861,0.38108083779140267,0,0,0.485234,0.85532299999999994,1,1000000000,1000000000,0,-0.24177490558940917,-0.24177494645118713,32,0,3.5807943394780062,0.26775542393232687,map,10,0,0.34099610944692105,-0.16802134738476218,10585000000
S2,observed,272,10685000000,0,1,"solved_soft_dynamic","solved",50,0.33806760572569478,-0.16083435740042185,0.37267476893511697,0.041084376458796895,0.54459679324657884,0.38209442696412527,0,0,0.55856000000000006,0.97660799999999992,1,1000000000,1000000000,0,-0.24177490558940917,-0.22785530984401703,32,0,3.5903915539570006,0.26114780612179767,map,10,0,0.34056297002843133,-0.16495012454526745,10635000000
S2,no_observed_dynamic,272,10685000000,0,1,"solved_soft_dynamic","solved",50,0.33804733440107321,-0.16083048513506321,0.37265439448375665,0.041084376458796895,0.54459679324657873,0.38208291526368726,0,0,0.55763700000000005,0.93343500000000001,1,1000000000,1000000000,0,-0.24177490558940917,-0.22785530984401703,32,0,3.5903915539570006,0.26114780612179767,map,10,0,0.34053925152356623,-0.1649460435114416,10635000000
S2,observed,273,10735000000,0,1,"solved_soft_dynamic","solved",30,0.33584398924093051,-0.15700748672176076,0.36918580043333865,0.054744276565575317,0.54459679324657873,0.37696373668311378,0,0,0.46649499999999999,0.88669799999999999,1,1000000000,1000000000,0,-0.22785527107771486,-0.22785530984401703,32,0,3.6000158607898101,0.25364195058682037,map,10,0,0.33806760572569478,-0.16083435740042185,10685000000
S2,no_observed_dynamic,273,10735000000,0,1,"solved_soft_dynamic","solved",30,0.33582665715800109,-0.15700385358837871,0.36916826321806923,0.054744276565575317,0.54459679324657873,0.37695381434829361,0,0,0.47517199999999998,0.84429500000000002,1,1000000000,1000000000,0,-0.22785527107771486,-0.22785530984401703,32,0,3.6000158607898101,0.25364195058682037,map,10,0,0.33804733440107321,-0.16083048513506321,10685000000
S2,observed,274,10785000000,0,1,"solved_soft_dynamic","solved",40,0.33288972501589248,-0.15278308188775147,0.36497414852391891,0.063905588650942535,0.54459679324657873,0.37505517902391067,0,0,0.52035999999999993,0.93340199999999995,1,1000000000,1000000000,0,-0.22785527107771486,-0.12785530984401702,32,0,3.6095278093173162,0.24633602308718239,map,10,0,0.33584398924093051,-0.15700748672176076,10735000000
S2,no_observed_dynamic,274,10785000000,0,1,"solved_soft_dynamic","solved",40,0.33287489149382316,-0.15277970982587383,0.36495905037388976,0.063905588650942535,0.54459679324657884,0.37504669128950963,0,0,0.52689399999999997,0.89650600000000003,1,1000000000,1000000000,0,-0.22785527107771486,-0.12785530984401702,32,0,3.6095278093173162,0.24633602308718239,map,10,0,0.33582665715800109,-0.15700385358837871,10735000000
S2,observed,275,10835000000,0,1,"solved_soft_dynamic","solved",40,0.3308023749300853,-0.14946946806355618,0.36259621168854433,0.081977194723740016,0.54459679324657884,0.36580457845889358,0,0,0.51710899999999993,0.92908900000000005,1,1000000000,1000000000,0,-0.1448554074158892,-0.11461823433637619,32,0,3.6199053907005752,0.23891867743095557,map,10,0,0.33288972501589248,-0.15278308188775147,10785000000
S2,no_observed_dynamic,275,10835000000,0,1,"solved_soft_dynamic","solved",40,0.33078970217750425,-0.14946639160037578,0.3625835250119559,0.081977194723740016,0.54459679324657873,0.36579752319435482,0,0,0.511042,0.87726499999999996,1,1000000000,1000000000,0,-0.1448554074158892,-0.11461823433637619,32,0,3.6199053907005752,0.23891867743095557,map,10,0,0.33287489149382316,-0.15277970982587383,10785000000
S2,observed,276,10885000000,0,1,"solved_soft_dynamic","solved",40,0.33022230375636563,-0.14725990175654508,0.35715841684119065,0.10527555833279947,0.54459679324657873,0.35182546342405735,0,0,0.51335300000000006,0.92793099999999995,1,1000000000,1000000000,0,-0.071618342190049589,-0.014618234336376185,32,0,3.6298867776289931,0.23114574753501604,map,10,0,0.3308023749300853,-0.14946946806355618,10835000000
S2,no_observed_dynamic,276,10885000000,0,1,"solved_soft_dynamic","solved",40,0.33021147978608895,-0.14725711680601752,0.3571478218482757,0.10527555833279947,0.54459679324657884,0.35181949819317315,0,0,0.51350099999999999,0.88158800000000004,1,1000000000,1000000000,0,-0.071618342190049589,-0.014618234336376185,32,0,3.6298867776289931,0.23114574753501604,map,10,0,0.33078970217750425,-0.14946639160037578,10835000000
S2,observed,277,10935000000,0,1,"solved_soft_dynamic","solved",50,0.32684420045361795,-0.14296488609445387,0.35198629311356894,0.11035840065052438,0.54459679324657873,0.34939862901280694,0,0,0.55872100000000002,0.98314600000000008,1,1000000000,1000000000,0,-0.031618348293704912,0.013104206882417202,32,0,3.6398471401787327,0.22315249868107689,map,10,0,0.33022230375636563,-0.14725990175654508,10885000000
S2,no_observed_dynamic,277,10935000000,0,1,"solved_soft_dynamic","solved",50,0.32683493262359647,-0.1429623607169028,0.35197714466374797,0.11035840065052438,0.54459679324657873,0.34939341290096732,0,0,0.5589599999999999,0.92475200000000002,1,1000000000,1000000000,0,-0.031618348293704912,0.013104206882417202,32,0,3.6398471401787327,0.22315249868107689,map,10,0,0.33021147978608895,-0.14725711680601752,10885000000
S2,observed,278,10985000000,0,1,"solved_soft_dynamic","solved",40,0.32505174048810864,-0.13960944090364294,0.34792220626578663,0.13114616458556708,0.54459679324657873,0.3381412074081383,0,0,0.5018689999999999,0.92410899999999996,1,1000000000,1000000000,0,0.056104080431396142,0.11310420688241721,32,0,3.6496323715260481,0.21482929306214565,map,10,0,0.32684420045361795,-0.14296488609445387,10935000000
S2,no_observed_dynamic,278,10985000000,0,1,"solved_soft_dynamic","solved",40,0.32504378866832745,-0.13960715016993339,0.34791431844435544,0.13114616458556708,0.54459679324657884,0.33813665359734962,0,0,0.50926099999999996,0.87921899999999997,1,1000000000,1000000000,0,0.056104080431396142,0.11310420688241721,32,0,3.6496323715260481,0.21482929306214565,map,10,0,0.32683493262359647,-0.1429623607169028,10935000000
S2,observed,279,11035000000,0,1,"solved_soft_dynamic","solved",50,0.32126345473759266,-0.1345243990664598,0.34195020061842546,0.1362577464218151,0.54459679324657873,0.33735460447436899,0,0,0.55376700000000001,0.97173900000000002,1,1000000000,1000000000,0,0.096104074327740818,0.15883125364780426,32,0,3.6592895566641119,0.20627420687803411,map,10,0,0.32505174048810864,-0.13960944090364294,10985000000
S2,no_observed_dynamic,279,11035000000,0,1,"solved_soft_dynamic","solved",50,0.32125662817609013,-0.13452232788979759,0.34194337100435895,0.1362577464218151,0.54459679324657873,0.33735064500908257,0,0,0.54162600000000005,0.90907800000000005,1,1000000000,1000000000,0,0.096104074327740818,0.15883125364780426,32,0,3.6592895566641119,0.20627420687803411,map,10,0,0.32504378866832745,-0.13960715016993339,10985000000
S2,observed,280,11085000000,0,1,"solved_soft_dynamic","solved",40,0.31942299036896982,-0.13049112964545745,0.33867870117404386,0.15636008681320746,0.54459679324657884,0.32792240263435002,0,0,0.51266099999999992,0.92471899999999996,1,1000000000,1000000000,0,0.20183110755169764,0.25883125364780424,32,0,3.6687626284868871,0.19755524593206616,map,10,0,0.32126345473759266,-0.1345243990664598,11035000000
S2,no_observed_dynamic,280,11085000000,0,1,"solved_soft_dynamic","solved",40,0.31941712867412914,-0.13048926326717714,0.33867277574028454,0.15636008681320746,0.54459679324657873,0.32791897644699569,0,0,0.47586500000000004,0.83548800000000001,1,1000000000,1000000000,0,0.20183110755169764,0.25883125364780424,32,0,3.6687626284868871,0.19755524593206616,map,10,0,0.32125662817609013,-0.13452232788979759,11035000000
S2,observed,281,11135000000,0,1,"solved_soft_dynamic","solved",50,0.31574121924897064,-0.12475083449771245,0.33245241781971258,0.16142302532000116,0.54459679324657873,0.3268422044959573,0,0,0.55184099999999991,0.95913900000000007,1,1000000000,1000000000,0,0.2418311036308296,0.29509651660919189,32,0,3.6780834044940711,0.18867894183469394,map,10,0,0.31942299036896982,-0.13049112964545745,11085000000
S2,no_observed_dynamic,281,11135000000,0,1,"solved_soft_dynamic","solved",50,0.31573618510944462,-0.12474915882105689,0.33244728902955156,0.16142302532000116,0.54459679324657873,0.32683924240985152,0,0,0.54712099999999997,0.91213100000000003,1,1000000000,1000000000,0,0.2418311036308296,0.29509651660919189,32,0,3.6780834044940711,0.18867894183469394,map,10,0,0.31941712867412914,-0.13048926326717714,11085000000
S2,observed,282,11185000000,0,1,"solved_soft_dynamic","solved",40,0.3144155984328485,-0.12038641477600012,0.32779730704718829,0.18227658868445187,0.54459679324657873,0.31724246623354113,0,0,0.49786100000000005,0.90546400000000005,1,1000000000,1000000000,0,0.33809635788202286,0.39509651660919187,32,0,3.6872523143878566,0.17979251841209667,map,10,0,0.31574121924897064,-0.12475083449771245,11135000000
S2,no_observed_dynamic,282,11185000000,0,1,"solved_soft_dynamic","solved",40,0.31441127889256959,-0.12038491745203861,0.32779289153737179,0.18227658868445187,0.54459679324657873,0.31723992538152218,0,0,0.48297500000000004,0.842275,1,1000000000,1000000000,0,0.33809635788202286,0.39509651660919187,32,0,3.6872523143878566,0.17979251841209667,map,10,0,0.31573618510944462,-0.12474915882105689,11135000000
S2,observed,283,11235000000,0,1,"solved_soft_dynamic","solved",50,0.31119768266350761,-0.11429151202263731,0.32171347933857358,0.18727012979583943,0.54459679324657873,0.31613957190994463,0,0,0.54788599999999998,0.94762299999999999,1,1000000000,1000000000,0,0.37809635105077177,0.41688159108161926,32,0,3.6962593449523715,0.17081923468907245,map,10,0,0.3144155984328485,-0.12038641477600012,11185000000
S2,no_observed_dynamic,283,11235000000,0,1,"solved_soft_dynamic","solved",50,0.31119397415658856,-0.11429017689949121,0.32170966059846751,0.18727012979583943,0.54459679324657873,0.31613737105708561,0,0,0.56051600000000001,0.92407100000000009,1,1000000000,1000000000,0,0.37809635105077177,0.41688159108161926,32,0,3.6962593449523715,0.17081923468907245,map,10,0,0.31441127889256959,-0.12038491745203861,11185000000
S2,observed,284,11285000000,0,1,"solved_soft_dynamic","solved",50,0.31028804809345978,-0.10964749201948509,0.31748851828097446,0.20773748728857983,0.54459679324657873,0.30729253481070168,0,0,0.55065599999999992,0.96141399999999999,1,1000000000,1000000000,0,0.4578814230626449,0.50794386863708496,32,0,3.7052866549975012,0.16192670194194639,map,10,0,0.31119768266350761,-0.11429151202263731,11235000000
S2,no_observed_dynamic,284,11285000000,0,1,"solved_soft_dynamic","solved",50,0.31028486633046604,-0.10964630538603948,0.31748522720646266,0.20773748728857983,0.54459679324657873,0.30729064680044221,0,0,0.55920899999999996,0.92038000000000009,1,1000000000,1000000000,0,0.4578814230626449,0.50794386863708496,32,0,3.7052866549975012,0.16192670194194639,map,10,0,0.31119397415658856,-0.11429017689949121,11235000000
S2,observed,285,11335000000,0,1,"solved_soft_dynamic","solved",50,0.30745481884644327,-0.10334043669932731,0.31156735573870886,0.21271366822463125,0.54459679324657884,0.30665806522982592,0,0,0.56532800000000005,0.97414000000000001,1,1000000000,1000000000,0,0.49788142205215991,0.50794386863708496,32,0,3.7142314676402131,0.15297793242902424,map,10,0,0.31028804809345978,-0.10964749201948509,11285000000
S2,no_observed_dynamic,285,11335000000,0,1,"solved_soft_dynamic","solved",50,0.30745208704258609,-0.10333938297730784,0.31156451020310144,0.21271366822463125,0.54459679324657873,0.3066564231074061,0,0,0.56925900000000007,0.93362100000000003,1,1000000000,1000000000,0,0.49788142205215991,0.50794386863708496,32,0,3.7142314676402131,0.15297793242902424,map,10,0,0.31028486633046604,-0.10964630538603948,11285000000
S2,observed,286,11385000000,0,1,"solved_soft_dynamic","solved",30,0.30542390787844587,-0.097602801307660969,0.30717111381992823,0.22736274155631278,0.54459679324657873,0.30083470866657619,0,0,0.46030099999999996,0.87876899999999991,1,1000000000,1000000000,0,0.51214373670518398,0.5613548755645752,32,0,3.7233436658271821,0.14429899057804513,map,10,0,0.30745481884644327,-0.10334043669932731,11335000000
S2,no_observed_dynamic,286,11385000000,0,1,"solved_soft_dynamic","solved",30,0.30542156745207499,-0.09760187146044598,0.30716865725276943,0.22736274155631278,0.54459679324657884,0.30083330922518703,0,0,0.45161000000000001,0.81962999999999997,1,1000000000,1000000000,0,0.51214373670518398,0.5613548755645752,32,0,3.7233436658271821,0.14429899057804513,map,10,0,0.30745208704258609,-0.10333938297730784,11335000000
S2,observed,287,11435000000,0,1,"solved_soft_dynamic","solved",40,0.30314731578332038,-0.091625049896790781,0.30191620223335114,0.23718467470300345,0.54459679324657873,0.29856307134696614,0,0,0.49996800000000002,0.91291699999999998,1,1000000000,1000000000,0,0.5613547982648015,0.5613548755645752,32,0,3.7322796762455019,0.13567566910917511,map,10,0,0.30542390787844587,-0.097602801307660969,11385000000
S2,no_observed_dynamic,287,11435000000,0,1,"solved_soft_dynamic","solved",40,0.30314531283151358,-0.091624231927709049,0.30191408734915803,0.23718467470300345,0.54459679324657873,0.29856187655134186,0,0,0.50825700000000007,0.87900900000000004,1,1000000000,1000000000,0,0.5613547982648015,0.5613548755645752,32,0,3.7322796762455019,0.13567566910917511,map,10,0,0.30542156745207499,-0.09760187146044598,11385000000
S2,observed,288,11485000000,0,1,"solved_soft_dynamic","solved",50,0.30197999447291052,-0.086681618217306355,0.29745137565051227,0.25235519120378852,0.54459679324657873,0.29447923182307167,0,0,0.55277200000000004,0.96942499999999998,1,1000000000,1000000000,0,0.56435475125908852,0.57970452308654785,32,0,3.7415004155094271,0.12742411729935502,map,10,0,0.30314731578332038,-0.091625049896790781,11435000000
S2,no_observed_dynamic,288,11485000000,0,1,"solved_soft_dynamic","solved",50,0.30197828041356328,-0.086680899268777103,0.29744955779861298,0.25235519120378852,0.54459679324657873,0.2944782043854367,0,0,0.55360600000000004,0.92535400000000001,1,1000000000,1000000000,0,0.56435475125908852,0.57970452308654785,32,0,3.7415004155094271,0.12742411729935502,map,10,0,0.30314531283151358,-0.091624231927709049,11435000000
S2,observed,289,11535000000,0,1,"solved_soft_dynamic","solved",60,0.30662423316016157,-0.088531192746969301,0.31846089285951373,0.002788804883339914,0.29537999549857957,0.35770001455495665,0,0,0.61312200000000006,2.0253229999999998,0,1000000000,1000000000,0,0.57970447232946754,0.57970452308654785,32,0,3.7502174881809922,0.11959663537413198,map,11,1,0.30197999447291052,-0.086681618217306355,11485000000
S2,no_observed_dynamic,289,11535000000,0,1,"solved_soft_dynamic","solved",60,0.30662275400109523,-0.088530548445451357,0.31845928277323093,0.002788804883339914,0.29537999549857952,0.35769901582307595,0,0,0.60782800000000003,0.97294999999999998,0,1000000000,1000000000,0,0.57970447232946754,0.57970452308654785,32,0,3.7502174881809922,0.11959663537413198,map,11,0,0.30197828041356328,-0.086680899268777103,11485000000
S2,observed,290,11585000000,0,1,"solved_soft_dynamic","solved",50,0.30247547321768559,-0.084024935633078932,0.31302757854089558,0.016121049172999759,0.29537999549857957,0.31259716771699481,0,0,0.55826900000000002,0.98118899999999998,1,1000000000,1000000000,0,0.57640085578896105,0.57269233465194702,32,0,3.7592806950041826,0.11205782129911843,map,11,0,0.30662423316016157,-0.088531192746969301,11535000000
S2,no_observed_dynamic,290,11585000000,0,1,"solved_soft_dynamic","solved",50,0.30247420056216012,-0.084024365260575731,0.313026187791758,0.016121049172999759,0.29537999549857952,0.31259633400282272,0,0,0.54936299999999993,0.91769599999999996,1,1000000000,1000000000,0,0.57640085578896105,0.57269233465194702,32,0,3.7592806950041826,0.11205782129911843,map,11,0,0.30662275400109523,-0.088530548445451357,11535000000
S2,observed,291,11635000000,0,1,"solved_soft_dynamic","solved",50,0.29560990190406905,-0.07778188612238543,0.30444889983706575,0.024476642892232559,0.29537999549857957,0.29500813415250332,0,0,0.57632400000000006,0.98970599999999997,1,1000000000,1000000000,0,0.57269225362688303,0.57269233465194702,32,0,3.7675883427244439,0.1050576268959808,map,11,0,0.30247547321768559,-0.084024935633078932,11585000000
S2,no_observed_dynamic,291,11635000000,0,1,"solved_soft_dynamic","solved",50,0.29560880896314751,-0.077781387150704429,0.30444770237150864,0.024476642892232559,0.29537999549857952,0.29500744905008303,0,0,0.55304699999999996,0.91644100000000006,1,1000000000,1000000000,0,0.57269225362688303,0.57269233465194702,32,0,3.7675883427244439,0.1050576268959808,map,11,0,0.30247420056216012,-0.084024365260575731,11585000000
S2,observed,292,11685000000,0,1,"solved_soft_dynamic","solved",40,0.29057750503398294,-0.072586328656277121,0.2979502795023431,0.037092731258227984,0.29537999549857957,0.29197314408209979,0,0,0.50241800000000003,0.9034549999999999,1,1000000000,1000000000,0,0.56849234388209879,0.54901784658432007,32,0,3.776281753131042,0.098289687628720146,map,11,0,0.29560990190406905,-0.07778188612238543,11635000000
S2,no_observed_dynamic,292,11685000000,0,1,"solved_soft_dynamic","solved",40,0.29057656628791018,-0.072585891829035909,0.29794924817377405,0.037092731258227984,0.29537999549857957,0.29197254945661782,0,0,0.50197399999999992,0.867336,1,1000000000,1000000000,0,0.56849234388209879,0.54901784658432007,32,0,3.776281753131042,0.098289687628720146,map,11,0,0.29560880896314751,-0.077781387150704429,11635000000
S2,observed,293,11735000000,0,1,"solved_soft_dynamic","solved",40,0.28594243127814545,-0.067449684197432691,0.29184535397292466,0.044857986005915687,0.29537999549857957,0.29081514226240318,0,0,0.51397300000000001,0.91859999999999997,1,1000000000,1000000000,0,0.54901780094951391,0.54901784658432007,32,0,3.7840046456331504,0.092067764805291288,map,11,0,0.29057750503398294,-0.072586328656277121,11685000000
S2,no_observed_dynamic,293,11735000000,0,1,"solved_soft_dynamic","solved",40,0.28594162528361983,-0.067449302347946022,0.29184446617876425,0.044857986005915687,0.29537999549857957,0.29081463194163615,0,0,0.50685100000000005,0.86523800000000006,1,1000000000,1000000000,0,0.54901780094951391,0.54901784658432007,32,0,3.7840046456331504,0.092067764805291288,map,11,0,0.29057656628791018,-0.072585891829035909,11685000000
S2,observed,294,11785000000,0,1,"solved_soft_dynamic","solved",50,0.28237769331154355,-0.063122288727464101,0.28695639077220814,0.056635344679596661,0.29537999549857952,0.28829357397990329,0,0,0.56127700000000003,0.97325799999999996,1,1000000000,1000000000,0,0.54481786210089922,0.51195180416107178,32,0,3.7921337451202253,0.086025793050089602,map,11,0,0.28594243127814545,-0.067449684197432691,11735000000
S2,no_observed_dynamic,294,11785000000,0,1,"solved_soft_dynamic","solved",50,0.28237700206413352,-0.063121955510318323,0.28695562728455581,0.056635344679596661,0.29537999549857952,0.28829313474435264,0,0,0.55210400000000004,0.91331099999999998,1,1000000000,1000000000,0,0.54481786210089922,0.51195180416107178,32,0,3.7921337451202253,0.086025793050089602,map,11,0,0.28594162528361983,-0.067449302347946022,11735000000
S2,observed,295,11835000000,0,1,"solved_soft_dynamic","solved",40,0.27854707531181327,-0.058561034275013434,0.28179827246338129,0.063764819672155276,0.29537999549857952,0.2846225659118532,0,0,0.50188500000000003,0.92014699999999994,1,1000000000,1000000000,0,0.511951744556427,0.51195180416107178,32,0,3.7992184884629587,0.080446383371561472,map,11,0,0.28237769331154355,-0.063122288727464101,11785000000
S2,no_observed_dynamic,295,11835000000,0,1,"solved_soft_dynamic","solved",40,0.27854648303896451,-0.058560744082449226,0.28179761669328129,0.063764819672155276,0.29537999549857952,0.2846221884188318,0,0,0.48872100000000002,0.84566199999999991,1,1000000000,1000000000,0,0.511951744556427,0.51195180416107178,32,0,3.7992184884629587,0.080446383371561472,map,11,0,0.28237700206413352,-0.063121955510318323,11785000000
S2,observed,296,11885000000,0,1,"solved_soft_dynamic","solved",60,0.27683005914624004,-0.055829777861366357,0.27175309284118498,0.080759243830788655,0.29537999549857952,0.27919944741874886,0,0,0.59845999999999999,1.0190659999999998,1,1000000000,1000000000,0,0.50775181734934449,0.46403330564498901,32,0,3.8066867306177605,0.075007958328204546,map,11,0,0.27854707531181327,-0.058561034275013434,11835000000
S2,no_observed_dynamic,296,11885000000,0,1,"solved_soft_dynamic","solved",60,0.27682955267563925,-0.055829525903398583,0.27175252720692283,0.080759243830788655,0.29537999549857952,0.279199125715344,0,0,0.58864099999999997,0.95734300000000006,1,1000000000,1000000000,0,0.50775181734934449,0.46403330564498901,32,0,3.8066867306177605,0.075007958328204546,map,11,0,0.27854648303896451,-0.058560744082449226,11835000000
S2,observed,297,11935000000,0,1,"solved_soft_dynamic","solved",40,0.2740772216209163,-0.052278322492261727,0.26768171260189721,0.087501312009708079,0.29537999549857957,0.27322800153260635,0,0,0.50296399999999997,0.92383000000000004,1,1000000000,1000000000,0,0.46403324813582003,0.46403330564498901,32,0,3.8131859271602817,0.06990070701108797,map,11,0,0.27683005914624004,-0.055829777861366357,11885000000
S2,no_observed_dynamic,297,11935000000,0,1,"solved_soft_dynamic","solved",40,0.27407678942185687,-0.052278104128546617,0.26768122838268094,0.087501312009708079,0.29537999549857957,0.27322772716642807,0,0,0.49917500000000004,0.86366299999999996,1,1000000000,1000000000,0,0.46403324813582003,0.46403330564498901,32,0,3.8131859271602817,0.06990070701108797,map,11,0,0.27682955267563925,-0.055829525903398583,11885000000
S2,observed,298,11985000000,0,1,"solved_soft_dynamic","solved",70,0.27256929667645485,-0.049998610585362875,0.2558510060177297,0.1029233926135867,0.29537999549857952,0.26575342120195261,0,0,0.64183999999999997,1.0572570000000001,1,1000000000,1000000000,0,0.45983332092873752,0.40861216187477112,32,0,3.8200063056563001,0.064907169502296025,map,11,0,0.2740772216209163,-0.052278322492261727,11935000000
S2,no_observed_dynamic,298,11985000000,0,1,"solved_soft_dynamic","solved",70,0.27256892856053083,-0.049998421506025362,0.2558505943003288,0.1029233926135867,0.29537999549857952,0.26575318743601317,0,0,0.64278899999999994,1.008758,1,1000000000,1000000000,0,0.45983332092873752,0.40861216187477112,32,0,3.8200063056563001,0.064907169502296025,map,11,0,0.27407678942185687,-0.052278104128546617,11935000000
S2,observed,299,12035000000,0,1,"solved_soft_dynamic","solved",40,0.27001899930818107,-0.046883490346294257,0.25201580603734242,0.10925735245934577,0.29537999549857952,0.26182585622859922,0,0,0.50806699999999994,0.91924899999999998,1,1000000000,1000000000,0,0.40861210436560214,0.40861216187477112,32,0,3.8260510706076567,0.060101724236362238,map,11,0,0.27256929667645485,-0.049998610585362875,11985000000
S2,no_observed_dynamic,299,12035000000,0,1,"solved_soft_dynamic","solved",40,0.27001868600131557,-0.046883326658878413,0.25201545411804127,0.10925735245934577,0.29537999549857957,0.2618256574034975,0,0,0.513872,0.88127699999999998,1,1000000000,1000000000,0,0.40861210436560214,0.40861216187477112,32,0,3.8260510706076567,0.060101724236362238,map,11,0,0.27256892856053083,-0.049998421506025362,11985000000
S2,observed,300,12085000000,0,1,"solved_soft_dynamic","solved",60,0.26733342935170062,-0.043920963576854391,0.24815021990098593,0.1187499865182752,0.29537999549857952,0.25628966450902335,0,0,0.59940499999999997,1.025064,1,1000000000,1000000000,0,0.4056121688336134,0.350279301404953,32,0,3.8323666758471608,0.055397510639030784,map,11,0,0.27001899930818107,-0.046883490346294257,12035000000
S2,no_observed_dynamic,300,12085000000,0,1,"solved_soft_dynamic","solved",60,0.26733316270896795,-0.043920821625232843,0.24814991895729741,0.1187499865182752,0.29537999549857952,0.2562894912007152,0,0,0.60553699999999999,0.97339200000000003,1,1000000000,1000000000,0,0.4056121688336134,0.350279301404953,32,0,3.8323666758471608,0.055397510639030784,map,11,0,0.27001868600131557,-0.046883326658878413,12035000000
S2,observed,301,12135000000,0,1,"solved_soft_dynamic","solved",50,0.26438255420514634,-0.040757173689280092,0.24264672448945648,0.12537157329021867,0.29537999549857952,0.25295655427451341,0,0,0.54725299999999999,0.97066399999999997,1,1000000000,1000000000,0,0.35027926787734032,0.350279301404953,32,0,3.8380743136525206,0.050758904867202713,map,11,0,0.26733342935170062,-0.043920963576854391,12085000000
S2,no_observed_dynamic,301,12135000000,0,1,"solved_soft_dynamic","solved",50,0.26438232754210877,-0.04075705066494608,0.2426464676405598,0.12537157329021867,0.29537999549857952,0.25295640696822874,0,0,0.55298700000000001,0.9165930000000001,1,1000000000,1000000000,0,0.35027926787734032,0.350279301404953,32,0,3.8380743136525206,0.050758904867202713,map,11,0,0.26733316270896795,-0.043920821625232843,12085000000
S2,observed,302,12185000000,0,1,"solved_soft_dynamic","solved",60,0.26183649228754285,-0.038123288953473562,0.239067665951123,0.13435071290983328,0.29537999549857952,0.25245305701729975,0,0,0.62687300000000001,1.046133,1,1000000000,1000000000,0,0.34727932070381939,0.29406818747520447,32,0,3.8439847014171797,0.046217025834544234,map,11,0,0.26438255420514634,-0.040757173689280092,12135000000
S2,no_observed_dynamic,302,12185000000,0,1,"solved_soft_dynamic","solved",60,0.26183630021933291,-0.038123182712065731,0.23906744719909223,0.13435071290983328,0.29537999549857952,0.25245293173620648,0,0,0.60091099999999997,0.97146999999999994,1,1000000000,1000000000,0,0.34727932070381939,0.29406818747520447,32,0,3.8439847014171797,0.046217025834544234,map,11,0,0.26438232754210877,-0.04075705066494608,12135000000
S2,observed,303,12235000000,0,1,"solved_soft_dynamic","solved",50,0.25882989534344797,-0.035134544945950044,0.23490859956766952,0.14010996186919705,0.29537999549857952,0.25441121566162656,0,0,0.56330099999999994,0.97823000000000004,1,1000000000,1000000000,0,0.2940681588370353,0.29406818747520447,32,0,3.8494849437702237,0.041669818521863834,map,11,0,0.26183649228754285,-0.038123288953473562,12185000000
S2,no_observed_dynamic,303,12235000000,0,1,"solved_soft_dynamic","solved",50,0.2588297328666353,-0.035134453112580628,0.23490841343162952,0.14010996186919705,0.29537999549857952,0.25441111081849388,0,0,0.56502600000000003,0.93296000000000001,1,1000000000,1000000000,0,0.2940681588370353,0.29406818747520447,32,0,3.8494849437702237,0.041669818521863834,map,11,0,0.26183630021933291,-0.038123182712065731,12185000000
S2,observed,304,12285000000,0,1,"solved_soft_dynamic","solved",60,0.25584542791977005,-0.032319973618482323,0.23086449005336854,0.14873803178516565,0.29537999549857957,0.25207981088773534,0,0,0.64010200000000006,1.066824,1,1000000000,1000000000,0,0.28986822289880365,0.24421028792858124,32,0,3.8550896230864558,0.037209360730646575,map,11,0,0.25882989534344797,-0.035134544945950044,12235000000
S2,no_observed_dynamic,304,12285000000,0,1,"solved_soft_dynamic","solved",60,0.25584529052127625,-0.032319894384837254,0.23086433177461546,0.14873803178516565,0.29537999549857952,0.25207972041619175,0,0,0.60210399999999997,0.97093600000000002,1,1000000000,1000000000,0,0.28986822289880365,0.24421028792858124,32,0,3.8550896230864558,0.037209360730646575,map,11,0,0.2588297328666353,-0.035134453112580628,12235000000
S2,observed,305,12335000000,0,1,"solved_soft_dynamic","solved",40,0.25098463323068737,-0.027798306725612183,0.23980485150558326,0.1496691151032471,0.29537999549857952,0.24959933408985105,0,0,0.49850299999999997,0.92107799999999995,1,1000000000,1000000000,0,0.24421024136245251,0.24421028792858124,32,0,3.8604221482155672,0.032743174831829237,map,11,0,0.25584542791977005,-0.032319973618482323,12285000000
S2,no_observed_dynamic,305,12335000000,0,1,"solved_soft_dynamic","solved",40,0.25098451669815047,-0.027798238013372827,0.23980471695147212,0.1496691151032471,0.29537999549857952,0.24959925612096906,0,0,0.515046,0.88227499999999992,1,1000000000,1000000000,0,0.24421024136245251,0.24421028792858124,32,0,3.8604221482155672,0.032743174831829237,map,11,0,0.25584529052127625,-0.032319894384837254,12285000000
