scene,condition,cycle,epoch_ns,native_valid,valid,reason,status,iterations,vx,vy,forward,progress_input,progress_end,progress_rate,nominal_cost,solved_cost,solver_ms,elapsed_ms,used_warm,current_clearance,minimum_clearance,plateau_stages,raw_measured_wz,raw_history_wz,history_age_ms,seed_reset,model_x,model_y,velocity_frame
S1,observed,82,1202000000,1,0,"missing_original_output_receipt_proxy","not_run",0,0,0,0,2.9064954036150814e-20,0,0,0,0,0,0,0,1000000000,1000000000,0,0,0,-1,0,0,0,map
S1,no_observed_dynamic,82,1202000000,1,0,"missing_original_output_receipt_proxy","not_run",0,0,0,0,2.9064954036150814e-20,0,0,0,0,0,0,0,1000000000,1000000000,0,0,0,-1,0,0,0,map
S1,observed,83,1252000000,1,0,"missing_original_output_receipt_proxy","not_run",0,0,0,0,2.9064954036150814e-20,0,0,0,0,0,0,0,1000000000,1000000000,0,0,0,-1,0,0,0,map
S1,no_observed_dynamic,83,1252000000,1,0,"missing_original_output_receipt_proxy","not_run",0,0,0,0,2.9064954036150814e-20,0,0,0,0,0,0,0,1000000000,1000000000,0,0,0,-1,0,0,0,map
S1,observed,84,1302000000,1,0,"missing_original_output_receipt_proxy","not_run",0,0,0,0,2.9064954036150814e-20,0,0,0,0,0,0,0,1000000000,1000000000,0,0,0,-1,0,0,0,map
S1,no_observed_dynamic,84,1302000000,1,0,"missing_original_output_receipt_proxy","not_run",0,0,0,0,2.9064954036150814e-20,0,0,0,0,0,0,0,1000000000,1000000000,0,0,0,-1,0,0,0,map
S1,observed,85,1352000000,1,0,"missing_original_output_receipt_proxy","not_run",0,0,0,0,2.9064954036150814e-20,0,0,0,0,0,0,0,1000000000,1000000000,0,0,0,-1,0,0,0,map
S1,no_observed_dynamic,85,1352000000,1,0,"missing_original_output_receipt_proxy","not_run",0,0,0,0,2.9064954036150814e-20,0,0,0,0,0,0,0,1000000000,1000000000,0,0,0,-1,0,0,0,map
S1,observed,86,1401000000,1,0,"missing_original_output_receipt_proxy","not_run",0,0,0,0,2.9064954036150814e-20,0,0,0,0,0,0,0,1000000000,1000000000,0,0,0,-1,0,0,0,map
S1,no_observed_dynamic,86,1401000000,1,0,"missing_original_output_receipt_proxy","not_run",0,0,0,0,2.9064954036150814e-20,0,0,0,0,0,0,0,1000000000,1000000000,0,0,0,-1,0,0,0,map
S1,observed,87,1451000000,0,1,"solved_soft_dynamic","solved",90,0.04469167115711517,4.0904238839050676e-05,0.044691686936076024,1.9969816657847142e-06,0.51657316265575337,0.17196104621427338,0,0,1.099766,4.5905659999999999,0,1000000000,1000000000,0,0.00019998806237708777,0.10000000000000001,13,1,4.1990311712900008e-06,-4.1990311722296433e-06,map
S1,no_observed_dynamic,87,1451000000,0,1,"solved_soft_dynamic","solved",90,0.04469167115711517,4.0904238839050676e-05,0.044691686936076024,1.9969816657847142e-06,0.51657316265575337,0.17196104621427338,0,0,0.94994800000000001,1.3182989999999999,0,1000000000,1000000000,0,0.00019998806237708777,0.10000000000000001,13,1,4.1990311712900008e-06,-4.1990311722296433e-06,map
S1,observed,88,1501000000,0,1,"solved_soft_dynamic","solved",90,0.083219091782527815,0.00022532435805524973,0.08321931178349054,0.0014497964290722607,0.51867052745191333,0.19611223355431384,0,0,0.98871299999999995,1.414811,1,1000000000,1000000000,0,0.072999869735212997,0.14523378014564514,13,0,0.0025003822284868867,-0.00041502561891161474,map
S1,no_observed_dynamic,88,1501000000,0,1,"solved_soft_dynamic","solved",90,0.083219091782527815,0.00022532435805524973,0.08321931178349054,0.0014497964290722607,0.51867052745191333,0.19611223355431384,0,0,0.93193999999999999,1.3111349999999999,1,1000000000,1000000000,0,0.072999869735212997,0.14523378014564514,13,0,0.0025003822284868867,-0.00041502561891161474,map
S1,observed,89,1552000000,0,1,"solved_soft_dynamic","solved",90,0.11626448328194372,0.00049644941693618777,0.11626502278805248,0.0064033634585373153,0.52149716123898993,0.21540632678115543,0,0,0.94125100000000006,1.3606390000000002,1,1000000000,1000000000,0,0.14543374854838476,0.24523378014564515,14,0,0.0076073495305455071,-0.00073243536453274452,map
S1,no_observed_dynamic,89,1552000000,0,1,"solved_soft_dynamic","solved",90,0.11626448328194372,0.00049644941693618777,0.11626502278805248,0.0064033634585373153,0.52149716123898993,0.21540632678115543,0,0,0.93837300000000001,1.320227,1,1000000000,1000000000,0,0.14543374854838476,0.24523378014564515,14,0,0.0076073495305455071,-0.00073243536453274452,map
S1,observed,90,1602000000,0,1,"solved_soft_dynamic","solved",90,0.14421934548447482,0.0013371232178517856,0.14422093652002266,0.011864970196586477,0.52423158989827323,0.23360489223525355,0,0,0.935724,1.3916759999999999,1,1000000000,1000000000,0,0.21823363058501855,0.27369028329849243,14,0,0.015178815524850394,-0.0024257709239035724,map
S1,no_observed_dynamic,90,1602000000,0,1,"solved_soft_dynamic","solved",90,0.14421934548447482,0.0013371232178517856,0.14422093652002266,0.011864970196586477,0.52423158989827323,0.23360489223525355,0,0,0.93779100000000004,1.3075669999999999,1,1000000000,1000000000,0,0.21823363058501855,0.27369028329849243,14,0,0.015178815524850394,-0.0024257709239035724,map
S1,observed,91,1652000000,0,1,"solved_soft_dynamic","solved",90,0.16778317115848931,0.0025215908961319484,0.16778625666816746,0.022909500852961309,0.52832553060909182,0.24501975794432096,0,0,0.95495699999999994,1.377208,1,1000000000,1000000000,0,0.27389022870920599,0.29343655705451965,15,0,0.025327899722916547,-0.0037622465082975021,map
S1,no_observed_dynamic,91,1652000000,0,1,"solved_soft_dynamic","solved",90,0.16778317115848931,0.0025215908961319484,0.16778625666816746,0.022909500852961309,0.52832553060909182,0.24501975794432096,0,0,0.93935299999999999,1.3147709999999999,1,1000000000,1000000000,0,0.27389022870920599,0.29343655705451965,15,0,0.025327899722916547,-0.0037622465082975021,map
S1,observed,92,1701000000,0,1,"solved_soft_dynamic","solved",90,0.18707963639199904,0.0046987922079605284,0.18708288840941587,0.032453499695301917,0.53180175168236254,0.25812306797478235,0,0,0.96665200000000007,1.3917999999999999,1,1000000000,1000000000,0,0.29343651840463281,0.29343655705451965,14,0,0.037772635888206355,-0.0070569287939920254,map
S1,no_observed_dynamic,92,1701000000,0,1,"solved_soft_dynamic","solved",90,0.18707963639199904,0.0046987922079605284,0.18708288840941587,0.032453499695301917,0.53180175168236254,0.25812306797478235,0,0,0.94003800000000004,1.3197059999999998,1,1000000000,1000000000,0,0.29343651840463281,0.29343655705451965,14,0,0.037772635888206355,-0.0070569287939920254,map
S1,observed,93,1752000000,0,1,"solved_soft_dynamic","solved",80,0.20656258802918206,0.0075924802922743805,0.20656786633887117,0.049619871055610415,0.57361065000474554,0.27372808720789477,0,0,0.88610299999999997,1.3005409999999999,1,1000000000,1000000000,0,0.29323653143364936,0.25613826513290405,14,0,0.053278183201611991,-0.010012336684322162,map
S1,no_observed_dynamic,93,1752000000,0,1,"solved_soft_dynamic","solved",80,0.20656258802918206,0.0075924802922743805,0.20656786633887117,0.049619871055610415,0.57361065000474554,0.27372808720789477,0,0,0.90481899999999993,1.2738430000000001,1,1000000000,1000000000,0,0.29323653143364936,0.25613826513290405,14,0,0.053278183201611991,-0.010012336684322162,map
S1,observed,94,1802000000,0,1,"solved_soft_dynamic","solved",90,0.22180303276390875,0.01170162850124421,0.22181417909305828,0.06332323049469106,0.57805206319399427,0.28506305982936619,0,0,0.96477299999999999,1.396104,1,1000000000,1000000000,0,0.25613824254833162,0.25613826513290405,15,0,0.071201666513153086,-0.014731747292142968,map
S1,no_observed_dynamic,94,1802000000,0,1,"solved_soft_dynamic","solved",90,0.22180303276390875,0.01170162850124421,0.22181417909305828,0.06332323049469106,0.57805206319399427,0.28506305982936619,0,0,0.96910099999999999,1.3424719999999999,1,1000000000,1000000000,0,0.25613824254833162,0.25613826513290405,15,0,0.071201666513153086,-0.014731747292142968,map
S1,observed,95,1852000000,0,1,"solved_soft_dynamic","solved",70,0.23748271946109437,0.016626939743694981,0.23750234038854884,0.086754800469171833,0.6214292333365401,0.29593350441126332,0,0,0.848109,1.2755450000000002,1,1000000000,1000000000,0,0.25593825266696513,0.15613826513290405,14,0,0.091683408572309166,-0.018856770895197598,map
S1,no_observed_dynamic,95,1852000000,0,1,"solved_soft_dynamic","solved",70,0.23748271946109437,0.016626939743694981,0.23750234038854884,0.086754800469171833,0.6214292333365401,0.29593350441126332,0,0,0.83281499999999997,1.2133510000000001,1,1000000000,1000000000,0,0.25593825266696513,0.15613826513290405,14,0,0.091683408572309166,-0.018856770895197598,map
S1,observed,96,1902000000,0,1,"solved_soft_dynamic","solved",100,0.24838212025539735,0.022373406847807292,0.24840857282038134,0.095410799136038754,0.6242455194911628,0.31554162241641753,0,0,0.99879499999999999,1.420941,1,1000000000,1000000000,0,0.22313835070235655,0.12969969213008881,14,0,0.11404774504608878,-0.023445872338316305,map
S1,no_observed_dynamic,96,1902000000,0,1,"solved_soft_dynamic","solved",100,0.24838212025539735,0.022373406847807292,0.24840857282038134,0.095410799136038754,0.6242455194911628,0.31554162241641753,0,0,0.97993499999999989,1.360903,1,1000000000,1000000000,0,0.22313835070235655,0.12969969213008881,14,0,0.11404774504608878,-0.023445872338316305,map
S1,observed,97,1951000000,0,1,"solved_soft_dynamic","solved",110,0.2568480884863964,0.028485725908554048,0.25689981674683143,0.13417071916534956,0.635378000473382,0.30032917289713762,0,0,1.111996,1.528718,1,1000000000,1000000000,0,0.12949968950124457,0.029699692130088801,13,0,0.13984057582634277,-0.027124343880879465,map
S1,no_observed_dynamic,97,1951000000,0,1,"solved_soft_dynamic","solved",110,0.2568480884863964,0.028485725908554048,0.25689981674683143,0.13417071916534956,0.635378000473382,0.30032917289713762,0,0,1.1277539999999999,1.4979559999999998,1,1000000000,1000000000,0,0.12949968950124457,0.029699692130088801,13,0,0.13984057582634277,-0.027124343880879465,map
S1,observed,98,2001000000,0,1,"solved_soft_dynamic","solved",100,0.26478746375681578,0.034550886459124713,0.26485028432990865,0.14466261196601105,0.67475942861836269,0.32878262304328409,0,0,1.0247609999999998,1.439198,1,1000000000,1000000000,0,0.096699794084997848,-0.0058181490749120712,13,0,0.16633681112572035,-0.029779153620215618,map
S1,no_observed_dynamic,98,2001000000,0,1,"solved_soft_dynamic","solved",100,0.26478746375681578,0.034550886459124713,0.26485028432990865,0.14466261196601105,0.67475942861836269,0.32878262304328409,0,0,1.0311969999999999,1.4077149999999998,1,1000000000,1000000000,0,0.096699794084997848,-0.0058181490749120712,13,0,0.16633681112572035,-0.029779153620215618,map
S1,observed,99,2051000000,0,1,"solved_soft_dynamic","solved",80,0.27463202101186585,0.040625986492695207,0.27473830705292113,0.18682582189510349,0.72310928731380453,0.31935151217594859,0,0,0.899447,1.3231490000000001,1,1000000000,1000000000,0,-0.0060181379467394436,-0.10581814907491208,13,0,0.19271067120003815,-0.032509568233566544,map
S1,no_observed_dynamic,99,2051000000,0,1,"solved_soft_dynamic","solved",80,0.27463202101186585,0.040625986492695207,0.27473830705292113,0.18682582189510349,0.72310928731380453,0.31935151217594859,0,0,0.86977099999999996,1.2410839999999999,1,1000000000,1000000000,0,-0.0060181379467394436,-0.10581814907491208,13,0,0.19271067120003815,-0.032509568233566544,map
S1,observed,100,2101000000,0,1,"solved_soft_dynamic","solved",120,0.28026551441450254,0.04618163046536012,0.28038644640148891,0.19687120437359074,0.72607205752295334,0.33623295125058872,0,0,1.135956,1.56202,1,1000000000,1000000000,0,-0.038818027860543225,-0.12315069139003754,13,0,0.21711193235739557,-0.03389646821219916,map
S1,no_observed_dynamic,100,2101000000,0,1,"solved_soft_dynamic","solved",120,0.28026551441450254,0.04618163046536012,0.28038644640148891,0.19687120437359074,0.72607205752295334,0.33623295125058872,0,0,1.1443000000000001,1.514089,1,1000000000,1000000000,0,-0.038818027860543225,-0.12315069139003754,13,0,0.21711193235739557,-0.03389646821219916,map
S1,observed,101,2152000000,0,1,"solved_soft_dynamic","solved",70,0.28823586199134438,0.051516382080185295,0.28841796565508493,0.23469853634272497,0.77313499549279674,0.32783131237367208,0,0,0.81514399999999998,1.238281,1,1000000000,1000000000,0,-0.12335066421655938,-0.20351551473140717,14,0,0.24049165498960462,-0.035708309022393442,map
S1,no_observed_dynamic,101,2152000000,0,1,"solved_soft_dynamic","solved",70,0.28823586199134438,0.051516382080185295,0.28841796565508493,0.23469853634272497,0.77313499549279674,0.32783131237367208,0,0,0.81473499999999999,1.185457,1,1000000000,1000000000,0,-0.12335066421655938,-0.20351551473140717,14,0,0.24049165498960462,-0.035708309022393442,map
S1,observed,102,2201000000,0,1,"solved_soft_dynamic","solved",120,0.29262227399349133,0.056038394020900918,0.29282049569343321,0.24367730836927523,0.7757562729782812,0.34205174893275886,0,0,1.1510990000000001,1.5734159999999999,1,1000000000,1000000000,0,-0.1561505559948273,-0.20351551473140717,13,0,0.26183896228371062,-0.035922076053533869,map
S1,no_observed_dynamic,102,2201000000,0,1,"solved_soft_dynamic","solved",120,0.29262227399349133,0.056038394020900918,0.29282049569343321,0.24367730836927523,0.7757562729782812,0.34205174893275886,0,0,1.107342,1.4804009999999999,1,1000000000,1000000000,0,-0.1561505559948273,-0.20351551473140717,13,0,0.26183896228371062,-0.035922076053533869,map
S1,observed,103,2252000000,0,1,"solved_soft_dynamic","solved",140,0.29582666303368982,0.040532384355802926,0.29573413467575771,0.028788640042478289,0.53598516027518295,0.32466045497547946,0,0,1.2588029999999999,3.0573060000000001,0,1000000000,1000000000,0,-0.20371547871036455,-0.22577583789825439,14,1,0.28406915791807053,-0.036290901325461283,map
S1,no_observed_dynamic,103,2252000000,0,1,"solved_soft_dynamic","solved",140,0.29582666303368982,0.040532384355802926,0.29573413467575771,0.028788640042478289,0.53598516027518295,0.32466045497547946,0,0,1.2358279999999999,1.6062149999999999,0,1000000000,1000000000,0,-0.20371547871036455,-0.22577583789825439,14,0,0.28406915791807053,-0.036290901325461283,map
S1,observed,104,2301000000,0,1,"solved_soft_dynamic","solved",130,0.29604621331923414,0.027471408369147882,0.29598325599515185,0.037375325074331771,0.53824519611349464,0.33619157180963666,0,0,1.2286739999999998,1.6541319999999999,1,1000000000,1000000000,0,-0.22577581403311342,-0.22577583789825439,13,0,0.30497418685465849,-0.035172091404767306,map
S1,no_observed_dynamic,104,2301000000,0,1,"solved_soft_dynamic","solved",130,0.29604621331923414,0.027471408369147882,0.29598325599515185,0.037375325074331771,0.53824519611349464,0.33619157180963666,0,0,1.1812229999999999,1.556859,1,1000000000,1000000000,0,-0.22577581403311342,-0.22577583789825439,13,0,0.30497418685465849,-0.035172091404767306,map
S1,observed,105,2351000000,0,1,"solved_soft_dynamic","solved",90,0.29935199720695105,0.01615477935631069,0.2993119224276824,0.071631605998312406,0.58426469559258898,0.32733390760205633,0,0,0.95253999999999994,1.375723,1,1000000000,1000000000,0,-0.22597579081775621,-0.23479403555393219,13,0,0.32638466780893194,-0.03413177639788402,map
S1,no_observed_dynamic,105,2351000000,0,1,"solved_soft_dynamic","solved",90,0.29935199720695105,0.01615477935631069,0.2993119224276824,0.071631605998312406,0.58426469559258898,0.32733390760205633,0,0,0.94045000000000001,1.316854,1,1000000000,1000000000,0,-0.22597579081775621,-0.23479403555393219,13,0,0.32638466780893194,-0.03413177639788402,map
S1,observed,106,2402000000,0,1,"solved_soft_dynamic","solved",110,0.29948809518031122,0.0063175460864801861,0.29947188650877415,0.080467958950523111,0.58673979840912849,0.34070944647814261,0,0,1.1194139999999999,1.547725,1,1000000000,1000000000,0,-0.23479400260839611,-0.23479403555393219,14,0,0.34915220423659682,-0.033028049883916791,map
S1,no_observed_dynamic,106,2402000000,0,1,"solved_soft_dynamic","solved",110,0.29948809518031122,0.0063175460864801861,0.29947188650877415,0.080467958950523111,0.58673979840912849,0.34070944647814261,0,0,1.1491739999999999,1.51912,1,1000000000,1000000000,0,-0.23479400260839611,-0.23479403555393219,14,0,0.34915220423659682,-0.033028049883916791,map
S1,observed,107,2451000000,0,1,"solved_soft_dynamic","solved",90,0.30274953699338442,-0.0020106602455877889,0.30275421317176693,0.11598399841270016,0.63303501538118279,0.33068082919864772,0,0,0.99278299999999986,1.408337,1,1000000000,1000000000,0,-0.23459401418222114,-0.15951591730117798,13,0,0.37092553848219312,-0.032447369424059638,map
S1,no_observed_dynamic,107,2451000000,0,1,"solved_soft_dynamic","solved",90,0.30274953699338442,-0.0020106602455877889,0.30275421317176693,0.11598399841270016,0.63303501538118279,0.33068082919864772,0,0,0.94988600000000001,1.318106,1,1000000000,1000000000,0,-0.23459401418222114,-0.15951591730117798,13,0,0.37092553848219312,-0.032447369424059638,map
S1,observed,108,2502000000,0,1,"solved_soft_dynamic","solved",110,0.3027864023542714,-0.0092810006108653229,0.30281935561677287,0.12502903787809008,0.63553164062731082,0.34420014655276826,0,0,1.153697,1.5784900000000002,1,1000000000,1000000000,0,-0.20179412531433627,-0.15951591730117798,14,0,0.39414664819021272,-0.031517937678999783,map
S1,no_observed_dynamic,108,2502000000,0,1,"solved_soft_dynamic","solved",110,0.3027864023542714,-0.0092810006108653229,0.30281935561677287,0.12502903787809008,0.63553164062731082,0.34420014655276826,0,0,1.1647210000000001,1.535938,1,1000000000,1000000000,0,-0.20179412531433627,-0.15951591730117798,14,0,0.39414664819021272,-0.031517937678999783,map
S1,observed,109,2552000000,0,1,"solved_soft_dynamic","solved",120,0.30517498036336294,-0.01526065406642757,0.30524100504957491,0.1522297495205375,0.67938102235587794,0.34477387562980255,0,0,1.149321,1.569129,1,1000000000,1000000000,0,-0.15951589739415795,-0.082960337400436401,14,0,0.41683415431117937,-0.0309535353102765,map
S1,no_observed_dynamic,109,2552000000,0,1,"solved_soft_dynamic","solved",120,0.30517498036336294,-0.01526065406642757,0.30524100504957491,0.1522297495205375,0.67938102235587794,0.34477387562980255,0,0,1.133656,1.5113509999999999,1,1000000000,1000000000,0,-0.15951589739415795,-0.082960337400436401,14,0,0.41683415431117937,-0.0309535353102765,map
S1,observed,110,2602000000,0,1,"solved_soft_dynamic","solved",120,0.30512922012550503,-0.020257253322354667,0.30523560935759053,0.17061691909010282,0.68447825819689656,0.34725953401911314,0,0,1.1749700000000001,1.59179,1,1000000000,1000000000,0,-0.12651601864490658,-0.082960337400436401,14,0,0.44038592428663664,-0.030676294782581156,map
S1,no_observed_dynamic,110,2602000000,0,1,"solved_soft_dynamic","solved",120,0.30512922012550503,-0.020257253322354667,0.30523560935759053,0.17061691909010282,0.68447825819689656,0.34725953401911314,0,0,1.18241,1.55782,1,1000000000,1000000000,0,-0.12651601864490658,-0.082960337400436401,14,0,0.44038592428663664,-0.030676294782581156,map
S1,observed,111,2652000000,0,1,"solved_soft_dynamic","solved",120,0.30740689197583781,-0.02396643798906084,0.30755350262267467,0.19868739827863205,0.7285531042663973,0.34748248554103761,0,4.8123333524148483e-06,1.145324,1.5780569999999998,1,1000000000,0.39732287863329108,0,-0.082960323197767138,-0.00659156683832407,14,0,0.46379606642083177,-0.030485912472115861,map
S1,no_observed_dynamic,111,2652000000,0,1,"solved_soft_dynamic","solved",120,0.30740689197583781,-0.02396643798906084,0.30755350262267467,0.19868739827863205,0.7285531042663973,0.34748248554103761,0,0,1.131076,1.5041799999999999,1,1000000000,1000000000,0,-0.082960323197767138,-0.00659156683832407,14,0,0.46379606642083177,-0.030485912472115861,map
S1,observed,112,2702000000,0,1,"solved_soft_dynamic","solved",100,0.30722396147567027,-0.026742509893382872,0.30738828229288467,0.2175248844940513,0.73373161170207957,0.34943766331676385,1.6149858406462971e-05,5.3017418793734081e-06,1.048556,1.466637,1,1000000000,0.39429621138006554,0,-0.049960448450292461,-0.00659156683832407,14,0,0.48754683337449761,-0.030650454612763181,map
S1,no_observed_dynamic,112,2702000000,0,1,"solved_soft_dynamic","solved",100,0.30722536481081392,-0.026741603474398197,0.30738967981812615,0.2175248844940513,0.73373285413308731,0.34944056453658168,0,0,1.0975239999999999,1.4692270000000001,1,1000000000,1000000000,0,-0.049960448450292461,-0.00659156683832407,14,0,0.48754683337449761,-0.030650454612763181,map
S1,observed,113,2751000000,0,1,"solved_soft_dynamic","solved",120,0.30949711617567705,-0.028261570903345086,0.30972691761329518,0.24590240870871893,0.77785856156741351,0.34932496229289239,5.7464001659181179e-05,0.00013643959563876382,1.1548620000000001,1.572743,1,1000000000,0.31762758253738321,0,-0.0065915651703107869,0.058638304471969604,13,0,0.51075727284821459,-0.030758915028813297,map
S1,no_observed_dynamic,113,2751000000,0,1,"solved_soft_dynamic","solved",120,0.30951336900082393,-0.028255348522480787,0.3097431167726985,0.24590240870871893,0.77787589327103601,0.34935609692802894,0,0,1.133276,1.5041869999999999,1,1000000000,1000000000,0,-0.0065915651703107869,0.058638304471969604,13,0,0.51075727284821459,-0.030758915028813297,map
S1,observed,114,2801000000,0,1,"solved_soft_dynamic","solved",140,0.30927479355337684,-0.028956089936684363,0.30951052705724941,0.26489657625056706,0.78302732137292685,0.35109480575923663,0.00031548452759993422,0.00016626102206424384,1.310125,1.7318819999999999,1,1000000000,0.31348905511266822,0,0.026408310986880679,0.058638304471969604,14,0,0.5345773285622808,-0.031196864868922383,map
S1,no_observed_dynamic,114,2801000000,0,1,"solved_soft_dynamic","solved",100,0.30933749543674638,-0.028936377974530966,0.30957305852425104,0.26489657625056706,0.78308566898763954,0.35120003031516883,0,0,1.0855170000000001,1.4570080000000001,1,1000000000,1000000000,0,0.026408310986880679,0.058638304471969604,14,0,0.5345773285622808,-0.031196864868922383,map
S1,observed,115,2851000000,0,1,"solved_soft_dynamic","solved",120,0.31107402924286653,-0.028475961994023472,0.31136848838248471,0.29340261140273866,0.82670732147352122,0.3507589142634544,0.0012097265994670332,0.0026294805258261352,1.1395629999999999,1.55854,1,1000000000,0.22799895585370156,0,0.058638295740820467,0.15863830447196961,13,0,0.55837264843772227,-0.031475301868863652,map
S1,no_observed_dynamic,115,2851000000,0,1,"solved_soft_dynamic","solved",120,0.31156629240617867,-0.028419697395949586,0.31186010274381054,0.29340261140273866,0.82727216868997888,0.35164544769026923,0,0,1.145232,1.516235,1,1000000000,1000000000,0,0.058638295740820467,0.15863830447196961,13,0,0.55837264843772227,-0.031475301868863652,map
S1,observed,116,2902000000,0,1,"solved_soft_dynamic","solved",140,0.31057343427988715,-0.027865064477983349,0.31086120276797963,0.31234981428505854,0.83201860640549952,0.35298607421122724,0.0018969346615194827,0.00097151474646887904,1.2744099999999998,1.6943679999999999,1,1000000000,0.2611176791816443,0,0.091638170852093026,0.16623517870903015,14,0,0.58237801545006262,-0.030352732201872124,map
S1,no_observed_dynamic,116,2902000000,0,1,"solved_soft_dynamic","solved",100,0.31133779741026324,-0.027790739353784458,0.31162470193097136,0.31234981428505854,0.83247393235895184,0.35390023853914093,0,0,1.051045,1.427441,1,1000000000,1000000000,0,0.091638170852093026,0.16623517870903015,14,0,0.58237801545006262,-0.030352732201872124,map
S1,observed,117,2951000000,0,1,"solved_soft_dynamic","solved",140,0.30871872605808942,-0.02710040568110406,0.30903080179263487,0.34059633368521303,0.83969679546907117,0.34175353354850979,0.0020132670814878551,0.0010997372248031793,1.248283,1.66547,1,1000000000,0.25904009151931873,0,0.16623515693936497,0.21694095432758331,14,0,0.60547694613724434,-0.029188099230049624,map
S1,no_observed_dynamic,117,2951000000,0,1,"solved_soft_dynamic","solved",110,0.30984597768241856,-0.026941930471460526,0.31015600339243338,0.34059633368521303,0.8402129461703145,0.34341926118342636,0,0,1.1170469999999999,1.492332,1,1000000000,1000000000,0,0.16623515693936497,0.21694095432758331,14,0,0.60547694613724434,-0.029188099230049624,map
S1,observed,118,3002000000,0,1,"solved_soft_dynamic","solved",100,0.30883302252983125,-0.025745816412139098,0.30918927746628783,0.37908292171490526,0.88500256329648241,0.32704836468925796,0.0043438611080143155,0.0088811268063657134,1.0618349999999999,1.518303,1,1000000000,0.1904248700775466,0,0.21694092720281333,0.21694095432758331,14,0,0.6304123022581738,-0.02829421785442587,map
S1,no_observed_dynamic,118,3002000000,0,1,"solved_soft_dynamic","solved",70,0.31144562187406671,-0.025534015240211157,0.31179834847256838,0.37908292171490526,0.88714274499733303,0.33079635509299887,0,0,0.84377199999999997,1.2170369999999999,1,1000000000,1000000000,0,0.21694092720281333,0.21694095432758331,14,0,0.6304123022581738,-0.02829421785442587,map
S1,observed,119,3052000000,0,1,"solved_soft_dynamic","solved",40,0.3028392028727222,-0.024677217183013994,0.30317987982347644,0.38879933897452745,0.86721445827926358,0.33123528063612778,0.038939299237232952,0.0086478591519173961,0.675122,1.0948979999999999,1,1000000000,0.19272640249713435,0,0.21694092720281333,0.31694095432758329,15,0,0.65472145521237468,-0.027151996642320278,map
S1,no_observed_dynamic,119,3052000000,0,1,"solved_soft_dynamic","solved",140,0.31365374246171812,-0.024061163132892811,0.31398378388153297,0.38879933897452745,0.92608434677010854,0.35438917959605876,0,0,1.2846660000000001,1.6541999999999999,1,1000000000,1000000000,0,0.21694092720281333,0.31694095432758329,15,0,0.65472145521237468,-0.027151996642320278,map
S1,observed,120,3102000000,0,1,"solved_soft_dynamic","solved",30,0.29944636868837132,-0.023404862199802253,0.29381923611873106,0.43237815193312923,0.91026853026363441,0.30791801630549293,0.0084950405165902,0.012016288790014392,0.61061500000000002,1.0382670000000001,1,1000000000,0.19876575262143203,0,0.32994079228956252,0.37910574674606323,14,0,0.68007242780548194,-0.025065791426173586,map
S1,no_observed_dynamic,120,3102000000,0,1,"solved_soft_dynamic","solved",140,0.3149823824797951,-0.023074713523577199,0.30926514673406597,0.43237815193312923,0.93832181945020765,0.32744071637856736,0,0,1.2355659999999999,1.604236,1,1000000000,1000000000,0,0.32994079228956252,0.37910574674606323,14,0,0.68007242780548194,-0.025065791426173586,map
S1,observed,121,3151000000,0,1,"solved_soft_dynamic","solved",60,0.29207774645810647,-0.022689608296130762,0.2866072912709719,0.44247573715348343,0.90730272150014335,0.31506871439211886,0.021120969526891041,0.0084959528963418803,0.824457,1.253789,1,1000000000,0.21513415652934842,0,0.36994078545831144,0.47910574674606321,13,0,0.70473607241315361,-0.022850872978033815,map
S1,no_observed_dynamic,121,3151000000,0,1,"solved_soft_dynamic","solved",140,0.31696408320907504,-0.022498252042050779,0.31130518914717931,0.44247573715348343,0.97734723925958789,0.35092841314654971,0,0,1.2705150000000001,1.6482370000000002,1,1000000000,1000000000,0,0.36994078545831144,0.47910574674606321,13,0,0.70473607241315361,-0.022850872978033815,map
S1,observed,122,3201000000,0,1,"solved_soft_dynamic","solved",130,0.29054525216545857,-0.023022333806493028,0.28667414864990315,0.47264624016279516,0.97906912668081492,0.31995242310417166,0.0050351704098090828,0.019311599268618217,1.34179,1.770651,1,1000000000,0.20486375447254634,0,0.45210557291284204,0.52994704246520996,13,0,0.73051583432261902,-0.019360000614681842,map
S1,no_observed_dynamic,122,3201000000,0,1,"solved_soft_dynamic","solved",150,0.31706071419980103,-0.022957467866859201,0.31305755808091695,0.47264624016279516,0.9857749369492097,0.34167923643705123,0,0,1.350733,1.721843,1,1000000000,1000000000,0,0.45210557291284204,0.52994704246520996,13,0,0.73051583432261902,-0.019360000614681842,map
S1,observed,123,3252000000,0,1,"solved_soft_dynamic","solved",40,0.28360458153165674,0.010036568437150211,0.27536064955909917,0,0.54093263271511505,0.3130750001653177,0.21817702612833889,0.029407481762962543,0.69628099999999993,2.4558390000000001,0,1000000000,0.18164507392283558,0,0.52841042052023113,0.62994704246520994,14,1,0.75662329187109922,-0.015369870872407669,map
S1,no_observed_dynamic,123,3252000000,0,1,"solved_soft_dynamic","solved",110,0.31508785391392058,0.016540917661387464,0.30481115994146002,0,0.62626160230879702,0.35218411038333308,0,0,1.207014,1.5821889999999998,0,1000000000,1000000000,0,0.52841042052023113,0.62994704246520994,14,0,0.75662329187109922,-0.015369870872407669,map
S1,observed,124,3301000000,0,1,"solved_soft_dynamic","solved",40,0.27035889085660586,0.037021578965284907,0.2568077563818974,0.022984931381811177,0.52605868291096303,0.28907471555725078,0.050234273578790956,0.010292228787477537,0.67854199999999998,1.1034949999999999,1,1000000000,0.22244726177626073,0,0.60294686118140817,0.65991801023483276,13,0,0.78158630114286609,-0.010078623930561057,map
S1,no_observed_dynamic,124,3301000000,0,1,"solved_soft_dynamic","solved",200,0.31194164586714296,0.052600923147976708,0.294256679897202,0.022984931381811177,0.64536822082483458,0.34632469321196641,0,0,1.577137,1.9492400000000001,1,1000000000,1000000000,0,0.60294686118140817,0.65991801023483276,13,0,0.78158630114286609,-0.010078623930561057,map
S1,observed,125,3352000000,0,1,"solved_soft_dynamic","solved",110,0.26805700616859712,0.06968276501521467,0.25350403829094115,0.037386460418272011,0.6420143453184155,0.33303154987984668,0.00069093981549605676,0.0070337970446927292,1.17649,1.6076440000000001,1,1000000000,0.24734678063935767,0,0.65991794690489769,0.74787706136703491,14,0,0.8074101520797129,-0.004032878798539025,map
S1,no_observed_dynamic,125,3352000000,0,1,"solved_soft_dynamic","solved",100,0.30612592954580381,0.084910125470896977,0.29281214098841796,0.037386460418272011,0.65465129563346014,0.36292329357832664,0,0,1.0473669999999999,1.422353,1,1000000000,1000000000,0,0.65991794690489769,0.74787706136703491,14,0,0.8074101520797129,-0.004032878798539025,map
S1,observed,126,3402000000,0,1,"solved_soft_dynamic","solved",40,0.26100712175416729,0.096401146603140267,0.26971026588583841,0.067753927790356508,0.6506928003973208,0.32902738246505431,0.01056118369416406,0.0044110884829924469,0.67429199999999989,1.104841,1,1000000000,0.26462275760675535,0,0.73291783919557929,0.74787706136703491,14,0,0.8315714202649761,0.0053764170308683822,map
S1,no_observed_dynamic,126,3402000000,0,1,"solved_soft_dynamic","solved",110,0.30237185398999061,0.11601500722873975,0.31490999572926748,0.067753927790356508,0.7088681308546867,0.37290696472112067,0,0,1.1717010000000001,1.541307,1,1000000000,1000000000,0,0.73291783919557929,0.74787706136703491,14,0,0.8315714202649761,0.0053764170308683822,map
S1,observed,127,3452000000,0,1,"solved_soft_dynamic","solved",40,0.25888900923545144,0.12375983215976265,0.28310704067085357,0.087927866695286933,0.70931695523605953,0.3537269841854716,0.0014257123722790435,0.0026375190807128943,0.68038599999999994,1.107273,1,1000000000,0.27899601891679693,0,0.74787699850276113,0.72853827476501465,14,0,0.85537370033976567,0.015986303384847401,map
S1,no_observed_dynamic,127,3452000000,0,1,"solved_soft_dynamic","solved",190,0.29753540757047225,0.1429208220193468,0.32576172896894995,0.087927866695286933,0.72343267627584518,0.3840509462192318,0,0,1.544535,1.9120109999999999,1,1000000000,1000000000,0,0.74787699850276113,0.72853827476501465,14,0,0.85537370033976567,0.015986303384847401,map
S1,observed,128,3501000000,0,1,"solved_soft_dynamic","solved",40,0.25970352759790238,0.14974324251075177,0.29817827692868926,0.11843233252826385,0.75554718513576624,0.36284505057102728,0.00059315104285030413,0.00071306612271940402,0.67491800000000002,1.1028259999999999,1,1000000000,0.31861193712724822,0,0.72853820165619254,0.72853827476501465,13,0,0.87734819314755863,0.029285295011658309,map
S1,no_observed_dynamic,128,3501000000,0,1,"solved_soft_dynamic","solved",40,0.29378033791002461,0.16779597805444837,0.33636793639845414,0.11843233252826385,0.7592882465179851,0.38783208034506406,0,0,0.66612300000000002,1.03651,1,1000000000,1000000000,0,0.72853820165619254,0.72853827476501465,13,0,0.87734819314755863,0.029285295011658309,map
S1,observed,129,3552000000,0,1,"solved_soft_dynamic","solved",120,0.25925510393504503,0.17218025831007117,0.3109143431189183,0.13920716528897617,0.76987685007762996,0.37711522767751154,0.00044663590737678354,0.00039200915093837055,1.1642950000000001,1.59293,1,0.3842110973637699,0.33403390187970428,0,0.72853820165619254,0.67604780197143555,14,0,0.8999119598101073,0.043625643057333373,map
S1,no_observed_dynamic,129,3552000000,0,1,"solved_soft_dynamic","solved",150,0.28908493480183833,0.18839079112358748,0.34456474485236277,0.13920716528897617,0.77262813714505318,0.39769598626384739,0,0,1.2869740000000001,1.6631250000000002,1,1000000000,1000000000,0,0.72853820165619254,0.67604780197143555,14,0,0.8999119598101073,0.043625643057333373,map
S1,observed,130,3602000000,0,1,"solved_soft_dynamic","solved",100,0.25854232759464207,0.1904344896613194,0.32110619824566999,0.17105120494352505,0.78619301356928584,0.37550750135312955,0.00054818437921533162,0.0004950723773777503,1.061768,1.4948600000000001,1,0.36301891341551396,0.32522948428046661,0,0.67604775540530682,0.67604780197143555,14,0,0.92067077831371025,0.061095360005386894,map
S1,no_observed_dynamic,130,3602000000,0,1,"solved_soft_dynamic","solved",80,0.28484125269664534,0.20504121325562863,0.35094948433738044,0.17105120494352505,0.78924204420530519,0.39357319149950198,0,0,0.98256800000000011,1.446617,1,1000000000,1000000000,0,0.67604775540530682,0.67604780197143555,14,0,0.92067077831371025,0.061095360005386894,map
S1,observed,131,3652000000,0,1,"solved_soft_dynamic","solved",110,0.25795698894194363,0.20611251598809679,0.32973305673134023,0.1930110069796637,0.82182168586639071,0.38927623102217446,0.00047159072338470904,0.00046162063456459194,1.1132609999999998,1.561188,1,0.34723123479669804,0.32401300352768969,0,0.67604775540530682,0.61247539520263672,14,0,0.94083295965754732,0.079281241755942949,map
S1,no_observed_dynamic,131,3652000000,0,1,"solved_soft_dynamic","solved",120,0.28085822533382337,0.21920721748488087,0.35597599127577917,0.1930110069796637,0.82356200814986136,0.40512360800660507,0,0,1.16422,1.5454889999999999,1,1000000000,1000000000,0,0.67604775540530682,0.61247539520263672,14,0,0.94083295965754732,0.079281241755942949,map
S1,observed,132,3701000000,0,1,"solved_soft_dynamic","solved",100,0.25867770051408673,0.21852089596943361,0.33798449177526402,0.22491553604211367,0.84309658354985217,0.38820041300369584,0.00031078366440352365,0.0003066357763728288,1.0195320000000001,1.4551880000000001,1,0.34921798014472227,0.33407533833077574,0,0.61247533885762095,0.61247539520263672,13,0,0.95885818033257619,0.099479653311765462,map
S1,no_observed_dynamic,132,3701000000,0,1,"solved_soft_dynamic","solved",120,0.27869572557210598,0.23031547027242039,0.36108446805113514,0.22491553604211367,0.84857115073788336,0.40183107741254526,0,0,1.1433,1.5213490000000001,1,1000000000,1000000000,0,0.61247533885762095,0.61247539520263672,13,0,0.95885818033257619,0.099479653311765462,map
S1,observed,133,3752000000,0,1,"solved_soft_dynamic","solved",40,0.26013390455196866,0.22885881299953417,0.34502689017403032,0.24671498551134202,0.88768629083831052,0.40223764408352947,0.00037700938076141234,0.00037640920610771474,0.69235599999999997,1.12293,1,0.33486981930912607,0.32543038895671883,0,0.61247532721608877,0.51247539520263674,14,0,0.97724343187929275,0.12078231123557209,map
S1,no_observed_dynamic,133,3752000000,0,1,"solved_soft_dynamic","solved",90,0.27751400794056746,0.23947838194394705,0.36532692535450151,0.24671498551134202,0.89006522216100237,0.41483147088861538,0,0,1.0766290000000001,1.4498679999999999,1,1000000000,1000000000,0,0.61247532721608877,0.51247539520263674,14,0,0.97724343187929275,0.12078231123557209,map
S1,observed,134,3802000000,0,1,"solved_soft_dynamic","solved",110,0.26267101676971344,0.23620234671741086,0.3518681566770403,0.27878364314913312,0.91028092076137956,0.40126353001981713,0.00044760883142727057,0.0004421497955540472,1.100409,1.5485439999999999,1,0.32325174758978392,0.318163162306072,0,0.53947545820847154,0.50514906644821167,14,0,0.99393874409447402,0.14338815643142874,map
S1,no_observed_dynamic,134,3802000000,0,1,"solved_soft_dynamic","solved",110,0.27763158396955151,0.24625928393417368,0.36987047644152937,0.27878364314913312,0.90854855640840504,0.41377662721867348,0,0,1.076951,1.449079,1,1000000000,1000000000,0,0.53947545820847154,0.50514906644821167,14,0,0.99393874409447402,0.14338815643142874,map
S1,observed,135,3852000000,0,1,"solved_soft_dynamic","solved",40,0.26580914304930731,0.24165064237738951,0.35764842057427976,0.30023505630736508,0.94788171111280217,0.41495533677125884,0.00044470404659915496,0.00044296360086038211,0.69277100000000003,1.1234979999999999,1,0.31664270322699317,0.31454238946786539,0,0.50514901522547007,0.45660918951034546,14,0,1.0102696393903328,0.16615154044249805,map
S1,no_observed_dynamic,135,3852000000,0,1,"solved_soft_dynamic","solved",40,0.27901352149364661,0.25079431301099919,0.37369793202984247,0.30023505630736508,0.95121148662154531,0.42525452629875432,0,0,0.69559899999999997,1.067148,1,1000000000,1000000000,0,0.50514901522547007,0.45660918951034546,14,0,1.0102696393903328,0.16615154044249805,map
S1,observed,136,3901000000,0,1,"solved_soft_dynamic","solved",100,0.26943209087159198,0.24471042030912526,0.36261433256363429,0.331595052616176,0.95758771311104063,0.4113848059862405,0.00050925931917073397,0.00050337739539421157,1.0165549999999999,1.450134,1,0.31048862203740779,0.30895147281535851,0,0.45660912292078137,0.45660918951034546,13,0,1.0244960364684308,0.1888013775876981,map
S1,no_observed_dynamic,136,3901000000,0,1,"solved_soft_dynamic","solved",80,0.28110904606306852,0.25299755616098762,0.37692500166439868,0.331595052616176,0.95821692569210604,0.42067277850443713,0,0,0.96540099999999995,1.370808,1,1000000000,1000000000,0,0.45660912292078137,0.45660918951034546,13,0,1.0244960364684308,0.1888013775876981,map
S1,observed,137,3951000000,0,1,"solved_soft_dynamic","solved",40,0.27287862688660752,0.24573132044136162,0.36721120532893325,0.35314555056578351,0.98564691911399205,0.42098006680907124,0.00051185203147617923,0.00050595541763122126,0.71399999999999997,1.1421669999999999,1,0.30480171106636422,0.30480171106636422,0,0.45660912292078137,0.37098044157028198,13,0,1.0388043188546394,0.2121561535396656,map
S1,no_observed_dynamic,137,3951000000,0,1,"solved_soft_dynamic","solved",40,0.28352036583909707,0.25319618176294423,0.38012116183871969,0.35314555056578351,0.98915004889962721,0.4281512437062267,0,0,0.70657399999999992,1.078489,1,1000000000,1000000000,0,0.45660912292078137,0.37098044157028198,13,0,1.0388043188546394,0.2121561535396656,map
S1,observed,138,4002000000,0,1,"solved_soft_dynamic","solved",90,0.27768584990387685,0.24525814479180391,0.37013532899869311,0.38258611016319799,1.0058194012420971,0.4189603381327644,0.00056590363175775156,0.00056604800995801541,0.96641200000000005,1.3975569999999999,1,0.30036363491781126,0.30036363491781126,0,0.38360925391316414,0.37098044157028198,14,0,1.0516035381927744,0.23585919132844352,map
S1,no_observed_dynamic,138,4002000000,0,1,"solved_soft_dynamic","solved",80,0.28709196158154399,0.25195626730068604,0.38166109478011057,0.38258611016319799,1.0115051640647983,0.42617598805884976,0,0,1.0587629999999999,1.4370400000000001,1,1000000000,1000000000,0,0.38360925391316414,0.37098044157028198,14,0,1.0516035381927744,0.23585919132844352,map
S1,observed,139,4052000000,0,1,"solved_soft_dynamic","solved",100,0.28231169388334437,0.24159008605024673,0.37142660346168066,0.40214145061327877,1.0174587804681479,0.42568732891605721,0.00070256111771532087,0.00068603816908758121,1.0298769999999999,1.463938,1,0.2930899332015432,0.2930899332015432,0,0.37098038592375815,0.33435642719268799,15,0,1.0639655491880324,0.25931869542198704,map
S1,no_observed_dynamic,139,4052000000,0,1,"solved_soft_dynamic","solved",90,0.29055631337624499,0.24775435240003249,0.38171349613599159,0.40214145061327877,1.01699511511037,0.43227739210437865,0,0,1.006942,1.3885049999999999,1,1000000000,1000000000,0,0.37098038592375815,0.33435642719268799,15,0,1.0639655491880324,0.25931869542198704,map
S1,observed,140,4101000000,0,1,"solved_soft_dynamic","solved",100,0.28910209531331532,0.23946979633437729,0.36294790340410066,0.44237981048220543,1.061683780171129,0.41171446038268483,0.0014673212632671285,0.0014918797091638895,1.0685479999999998,1.50478,1,0.26034821214965786,0.26034821214965786,0,0.33435638761147857,0.33435642719268799,13,0,1.0754336473095449,0.28065048679613153,map
S1,no_observed_dynamic,140,4101000000,0,1,"solved_soft_dynamic","solved",90,0.29671525668852794,0.24512989715891043,0.37198017254173255,0.44237981048220543,1.0619547951089703,0.41832358413863369,0,0,1.052648,1.427324,1,1000000000,1000000000,0,0.33435638761147857,0.33435642719268799,13,0,1.0754336473095449,0.28065048679613153,map
S1,observed,141,4151000000,0,1,"solved_soft_dynamic","solved",100,0.29471917996400054,0.23359513567011853,0.37367526339348989,0.45447225852978923,1.0699986427187231,0.42273469333835817,0.0018947028041940055,0.0018569443223550989,1.0228109999999999,1.462018,1,0.25323542859642667,0.25323542859642667,0,0.33435638761147857,0.29087743163108826,13,0,1.0869093045253886,0.30281340076882768,map
S1,no_observed_dynamic,141,4151000000,0,1,"solved_soft_dynamic","solved",100,0.30189786374148492,0.23931084772368108,0.38279538612003905,0.45447225852978923,1.0703280927287548,0.43029860206675158,0,0,1.037563,1.4133450000000001,1,1000000000,1000000000,0,0.33435638761147857,0.29087743163108826,13,0,1.0869093045253886,0.30281340076882768,map
S1,observed,142,4201000000,0,1,"solved_soft_dynamic","solved",100,0.30079728898089864,0.22677700248292706,0.37347388453954777,0.4774357549950935,1.078776450524018,0.42318311785343454,0.0014252055420448863,0.0014203065288300309,1.0264420000000001,1.4615529999999999,1,0.25817862803066349,0.25817862803066349,0,0.29087738948874176,0.29087743163108826,13,0,1.0974312696590016,0.32283316408092921,map
S1,no_observed_dynamic,142,4201000000,0,1,"solved_soft_dynamic","solved",110,0.30716464229691476,0.23182472739616802,0.38150143980102974,0.4774357549950935,1.0793174910357122,0.42675859757167611,0,0,1.0897050000000001,1.4644790000000001,1,1000000000,1000000000,0,0.29087738948874176,0.29087743163108826,13,0,1.0974312696590016,0.32283316408092921,map
S1,observed,143,4251000000,0,1,"solved_soft_dynamic","solved",120,0.30623587055887608,0.21877871808215005,0.37426827134736329,0.4821918868872509,1.1129319949022731,0.43641201770774202,0.0017237936907798647,0.0017130113368248442,1.1697140000000001,1.6130470000000001,1,0.25261398037411653,0.25261398037411653,0,0.29087738948874176,0.25241601467132568,13,0,1.1077541479591029,0.34316973475086598,map
S1,no_observed_dynamic,143,4251000000,0,1,"solved_soft_dynamic","solved",120,0.31207071619484883,0.22343821947563761,0.38164118063537378,0.4821918868872509,1.1132578020915187,0.44069999248459657,0,0,1.1674660000000001,1.539779,1,1000000000,1000000000,0,0.29087738948874176,0.25241601467132568,13,0,1.1077541479591029,0.34316973475086598,map
S1,observed,144,4301000000,0,1,"solved_soft_dynamic","solved",160,0.25623587055887609,0.16877871808215006,-0.23156327899135282,0,0.45647562691880428,8.1019708991312919e-24,0.00056376104140485673,0.00056382620729348535,1.459651,3.1644540000000001,0,0.2761897127257692,0.2761897127257692,0,0.2524159790482372,0.25241601467132568,13,1,1.1172428752165819,0.36199876394259323,map
S1,no_observed_dynamic,144,4301000000,0,1,"solved_soft_dynamic","solved",160,0.26207071619484884,0.17343821947563759,-0.23762230227359765,0,0.45578448612984024,0,0,0,1.4408369999999999,1.814522,0,1000000000,1000000000,0,0.2524159790482372,0.25241601467132568,13,0,1.1172428752165819,0.36199876394259323,map
S1,observed,145,4351000000,0,1,"solved_soft_dynamic","solved",130,0.2062358705588761,0.11877871808215006,-0.16994278371175447,0,0.47720521730478216,0.030414255532515325,0.001935849769840015,0.0019337435061527006,1.2567410000000001,1.698186,1,0.23822122202302176,0.23822122202302176,0,0.2524159790482372,0.20640681684017181,13,0,1.1265881717190991,0.38112377601221825,map
S1,no_observed_dynamic,145,4351000000,0,1,"solved_soft_dynamic","solved",140,0.21207071619484885,0.12343821947563759,-0.17600180699399931,0,0.47543661638749085,0.027090216374109379,0,0,1.306622,1.684701,1,1000000000,1000000000,0,0.2524159790482372,0.20640681684017181,13,0,1.1265881717190991,0.38112377601221825,map
S1,observed,146,4401000000,0,1,"solved_soft_dynamic","solved",140,0.15801912734811827,0.068778718082150053,-0.10880265209862727,0,0.49962354756710381,0.057068625811855053,0.0043976004354937953,0.0044066604193563098,1.308605,1.754203,1,0.21187136460652745,0.21187136460652745,0,0.20640678121708333,0.20640681684017181,13,0,1.1346621739118741,0.39803651268222123,map
S1,no_observed_dynamic,146,4401000000,0,1,"solved_soft_dynamic","solved",140,0.16311690708330226,0.073438219475637584,-0.11466312872137266,0,0.49810744029303788,0.053997273126323089,0,0,1.2959700000000001,1.66744,1,1000000000,1000000000,0,0.20640678121708333,0.20640681684017181,13,0,1.1346621739118741,0.39803651268222123,map
S1,observed,147,4451000000,0,1,"solved_soft_dynamic","solved",120,0.11703781608522262,0.018778718082150057,-0.049611560376975547,0,0.51822673161307953,0.083756614911698529,0.0031306315787032225,0.0031453562593303473,1.1956610000000001,1.6396269999999999,1,0.21795223011728571,0.21795223011728571,0,0.20640678121708333,0.19217287003993988,13,0,1.1425644478023393,0.41516496723548185,map
S1,no_observed_dynamic,147,4451000000,0,1,"solved_soft_dynamic","solved",120,0.12132977004172003,0.023438219475637581,-0.05525496819172758,0,0.51762276615833203,0.081132917381830455,0,0,1.1779169999999999,1.5565450000000001,1,1000000000,1000000000,0,0.20640678121708333,0.19217287003993988,13,0,1.1425644478023393,0.41516496723548185,map
S1,observed,148,4501000000,0,1,"solved_soft_dynamic","solved",130,0.08263321603525442,-0.031221281917849945,0.0078079339333430829,0,0.53309194514410296,0.10309765151973775,0.0021010301327912578,0.0021062505970616953,1.261458,1.7032900000000002,1,0.22689698009772785,0.22689698009772785,0,0.19217283988837153,0.19217287003993988,14,0,1.1495901706812235,0.4300143416411244,map
S1,no_observed_dynamic,148,4501000000,0,1,"solved_soft_dynamic","solved",130,0.086154695917609658,-0.026561780524362408,0.0023720720835965423,0,0.53193851758743782,0.10223334535556819,0,0,1.2512560000000001,1.620819,1,1000000000,1000000000,0,0.19217283988837153,0.19217287003993988,14,0,1.1495901706812235,0.4300143416411244,map
S1,observed,149,4551000000,0,1,"solved_soft_dynamic","solved",110,0.053226307412439826,-0.081221281917849941,0.063881178285539256,0,0.54950254222203365,0.13265078814544323,0.0013948573171017572,0.0013956575344962847,1.1193030000000002,1.5605440000000002,1,0.236849205750162,0.236849205750162,0,0.19217283988837153,0.18750908970832825,14,0,1.1565345538018916,0.44507885830621335,map
S1,no_observed_dynamic,149,4551000000,0,1,"solved_soft_dynamic","solved",160,0.055985500207255956,-0.076561780524362411,0.058650657036475089,0,0.54796838511243151,0.1289592464405524,0,0,1.3900679999999999,1.767339,1,1000000000,1000000000,0,0.19217283988837153,0.18750908970832825,14,0,1.1565345538018916,0.44507885830621335,map
S1,observed,150,4601000000,0,1,"solved_soft_dynamic","solved",130,0.026478881146746867,-0.1312212819178499,0.1192380262647121,0,0.56356564216422544,0.15514070627681276,0.017381633032807379,0.017319582091898468,1.2032860000000001,1.6340399999999999,1,0.16417014021687881,0.16417014021687881,0,0.18750906747300178,0.18750908970832825,14,0,1.1626580377859503,0.45779606872207457,map
S1,no_observed_dynamic,150,4601000000,0,1,"solved_soft_dynamic","solved",120,0.030402830864139002,-0.1265617805243624,0.11369374935844169,0,0.56318457562856472,0.155395939662509,0,0,1.178536,1.556935,1,1000000000,1000000000,0,0.18750906747300178,0.18750908970832825,14,0,1.1626580377859503,0.45779606872207457,map
S1,observed,151,4651000000,0,1,"solved_soft_dynamic","solved",140,0.0041483941081985679,-0.18122128191784989,0.17340506404126518,0,0.57311202175073739,0.1840294444930993,0.013703441778764812,0.013668829790850672,1.2650190000000001,1.6949879999999999,1,0.16874107475031508,0.16874107475031508,0,0.18770905444398522,0.18976424634456635,13,0,1.1686923654550532,0.47072497714892148,map
S1,no_observed_dynamic,151,4651000000,0,1,"solved_soft_dynamic","solved",140,0.0083651925287671347,-0.17656178052436239,0.16778190120133238,0,0.5722167970404608,0.18064422133722838,0,0,1.2567900000000001,1.6271800000000001,1,1000000000,1000000000,0,0.18770905444398522,0.18976424634456635,13,0,1.1686923654550532,0.47072497714892148,map
S1,observed,152,4701000000,0,1,"solved_soft_dynamic","solved",140,-0.016919096501464531,-0.23122128191784991,0.2272318829559139,0,0.58103958604295192,0.20781785268571082,0.020585745355538077,0.020330518744111452,1.326503,1.7712209999999999,1,0.16412866979103302,0.16412866979103302,0,0.18976422143168747,0.18976424634456635,13,0,1.1746712773318337,0.48103611976343974,map
S1,no_observed_dynamic,152,4701000000,0,1,"solved_soft_dynamic","solved",140,-0.010338007717670912,-0.22656178052436238,0.22097184089907154,0,0.58067222846123123,0.20426806287394389,0,0,1.268335,1.6389390000000001,1,1000000000,1000000000,0,0.18976422143168747,0.18976424634456635,13,0,1.1746712773318337,0.48103611976343974,map
S1,observed,153,4752000000,0,1,"solved_soft_dynamic","solved",90,-0.034458162530658434,-0.28086696023874436,0.27976701036776552,0,0.59106852084070538,0.22999265323348381,0.018379777662827196,0.018247544024724695,1.0138510000000001,1.4447189999999999,1,0.16433943770372261,0.16433943770372261,0,0.18956423300551251,0.18199042975902557,14,0,1.1806764381906958,0.49179139642127673,map
S1,no_observed_dynamic,153,4752000000,0,1,"solved_soft_dynamic","solved",70,-0.026935017563204738,-0.27608890537519676,0.27313903131895578,0,0.59065858549635963,0.22736071407471278,0,0,0.93306699999999998,1.3082269999999998,1,1000000000,1000000000,0,0.18956423300551251,0.18199042975902557,14,0,1.1806764381906958,0.49179139642127673,map
S1,observed,154,4801000000,0,1,"solved_soft_dynamic","solved",110,-0.055915882812181766,-0.32857103040872754,0.3314878851293277,0,0.59714588158997095,0.25176969368875779,0.084138638090599946,0.082646749952999185,1.100525,1.5424690000000001,1,0.11447876467832807,0.11447876467832807,0,0.18199039914179593,0.18199042975902557,14,0,1.1860708930426078,0.49964215658501043,map
S1,no_observed_dynamic,154,4801000000,0,1,"solved_soft_dynamic","solved",80,-0.041483502788186202,-0.32019910708946575,0.31953771222116117,0,0.59602702542779351,0.24737428361384478,0,0,0.930983,1.3022100000000001,1,1000000000,1000000000,0,0.18199039914179593,0.18199042975902557,14,0,1.1860708930426078,0.49964215658501043,map
S1,observed,155,4851000000,0,1,"solved_soft_dynamic","solved",120,-0.076732046341524723,-0.36989445436002166,0.37689115187159988,0,0.59601140829188626,0.2781727194595891,0.062124768397978244,0.060607830362551157,1.144838,1.5814869999999999,1,0.12976509699855099,0.12976509699855099,0,0.18179041217081249,0.16174367070198059,14,0,1.1914774494052955,0.50793899589879532,map
S1,no_observed_dynamic,155,4851000000,0,1,"solved_soft_dynamic","solved",80,-0.055137068540612108,-0.35868529490909029,0.36027919950067583,0,0.59737380732933865,0.26262143268489857,0,0,0.90390000000000004,1.2753910000000002,1,1000000000,1000000000,0,0.18179041217081249,0.16174367070198059,14,0,1.1914774494052955,0.50793899589879532,map
S1,observed,156,4901000000,0,1,"solved_soft_dynamic","solved",130,-0.10159972280277572,-0.40652755578098831,0.41886884504971383,0,0.59590210601628735,0.2941702389031261,0.097028198219453479,0.093270446560813833,1.1983820000000001,1.6344429999999999,1,0.11734564727367469,0.11734564727367469,0,0.16174365009646863,0.16174367070198059,14,0,1.1967092043843215,0.51346744727283511,map
S1,no_observed_dynamic,156,4901000000,0,1,"solved_soft_dynamic","solved",90,-0.0689291310844172,-0.3932649803233853,0.39729589361248857,0,0.59737580780059141,0.29106850004537516,0,0,0.95392199999999994,1.324452,1,1000000000,1000000000,0,0.16174365009646863,0.16174367070198059,14,0,1.1967092043843215,0.51346744727283511,map
S1,observed,157,4951000000,0,1,"solved_soft_dynamic","solved",140,-0.13215179238429839,-0.43703440068552035,0.456477965267095,0,0.59323442252709768,0.30562940512534936,0.14035262864080861,0.13265960340051267,1.254491,1.6928990000000002,1,0.10709655124461182,0.10709655124461182,0,0.16154366167029366,0.13828602433204651,14,0,1.2018705804347147,0.51919478220660509,map
S1,no_observed_dynamic,157,4951000000,0,1,"solved_soft_dynamic","solved",90,-0.081971286525641965,-0.42258562814508899,0.4290459418668881,0,0.5971334182008492,0.30161343690379472,0,0,0.96939500000000001,1.3428069999999999,1,1000000000,1000000000,0,0.16154366167029366,0.13828602433204651,14,0,1.2018705804347147,0.51919478220660509,map
S1,observed,158,5001000000,0,1,"solved_soft_dynamic","solved",150,-0.15652278103509973,-0.46053759646327064,0.4856772977113934,0,0.5929218208865018,0.31817455015741941,0.13994895254813516,0.13562290602831756,1.3361700000000001,1.775387,1,0.10376402716328625,0.10376402716328625,0,0.13828600640408695,0.13828602433204651,14,0,1.2069296319600573,0.52191723732198003,map
S1,no_observed_dynamic,158,5001000000,0,1,"solved_soft_dynamic","solved",90,-0.094256386031759024,-0.44593056150415822,0.45483723325517245,0,0.59754574768354685,0.31356692021027077,0,0,0.97351999999999994,1.346821,1,1000000000,1000000000,0,0.13828600640408695,0.13828602433204651,14,0,1.2069296319600573,0.52191723732198003,map
S1,observed,159,5052000000,0,1,"solved_soft_dynamic","solved",120,-0.18840832733942137,-0.47964016522756803,0.51266289914528629,0,0.59050954950847379,0.32598441456119009,0.19511764928406741,0.18218463963924791,1.2411840000000001,1.679341,1,0.095127693065369834,0.095127693065369834,0,0.13808601797791198,0.10616672039031982,14,0,1.2120397039425232,0.52484853511919338,map
S1,no_observed_dynamic,159,5052000000,0,1,"solved_soft_dynamic","solved",100,-0.10610410049779069,-0.46418494339969746,0.47560832234865946,0,0.59751286447858654,0.32251945614453964,0,0,1.0257129999999999,1.4035679999999999,1,1000000000,1000000000,0,0.13808601797791198,0.10616672039031982,14,0,1.2120397039425232,0.52484853511919338,map
S1,observed,160,5101000000,0,1,"solved_soft_dynamic","solved",130,-0.22421445952320962,-0.49197870976190039,0.53419061018741909,0,0.58710322004722348,0.33374306886618632,0.24057735159360696,0.22343294473176203,1.29864,1.7330990000000002,1,0.088456927631668347,0.088456927631668347,0,0.10616670624585822,0.10616672039031982,14,0,1.2168615718169749,0.52444025227696855,map
S1,no_observed_dynamic,160,5101000000,0,1,"solved_soft_dynamic","solved",120,-0.11721432253426042,-0.47831163850613612,0.49220564081125689,0,0.59823946240504966,0.33258463767011731,0,0,1.1718379999999999,1.5469900000000001,1,1000000000,1000000000,0,0.10616670624585822,0.10616672039031982,14,0,1.2168615718169749,0.52444025227696855,map
S1,observed,161,5151000000,0,1,"solved_soft_dynamic","solved",150,-0.26605067438418234,-0.5,0.55318500160374862,0,0.58089328403739504,0.33800948664181885,0.31930785149397917,0.29209882633081347,1.4566410000000001,1.8955949999999999,1,0.078889561587107415,0.078889561587107415,0,0.10596671781968325,0.082243502140045166,13,0,1.2217375309233722,0.52418055476373915,map
S1,no_observed_dynamic,161,5151000000,0,1,"solved_soft_dynamic","solved",130,-0.12785579908766265,-0.48852455492552571,0.5049075832857568,0,0.59858791753128027,0.34033941484224034,0,0,1.201789,1.5778989999999999,1,1000000000,1000000000,0,0.10596671781968325,0.082243502140045166,13,0,1.2217375309233722,0.52418055476373915,map
S1,observed,162,5201000000,0,1,"solved_soft_dynamic","solved",160,-0.30839643295170333,-0.5,0.56459186345769408,0,0.57310946131324869,0.33905150393237549,0.37704587769739528,0.34523695905400281,1.4856579999999999,1.9266319999999999,1,0.07273477688665847,0.07273477688665847,0,0.082243500219192356,0.082243502140045166,13,0,1.2267254890691452,0.52138268513257657,map
S1,no_observed_dynamic,162,5201000000,0,1,"solved_soft_dynamic","solved",140,-0.13796617627425822,-0.49496616677972871,0.51383456087714752,0,0.59938897072371966,0.34867440282768891,0,0,1.253225,1.628633,1,1000000000,1000000000,0,0.082243500219192356,0.082243502140045166,13,0,1.2267254890691452,0.52138268513257657,map
S1,observed,163,5252000000,0,1,"solved_soft_dynamic","solved",140,-0.34131855809073192,-0.5,0.57346024003430918,0,0.57260071507701649,0.3463709449316113,0.40320951074856093,0.37855167054916938,1.3632340000000001,1.7979020000000001,1,0.067798939602441488,0.067798939602441488,0,0.082043500879080966,0.067612312734127045,14,0,1.2315830604863083,0.51670003617727911,map
S1,no_observed_dynamic,163,5252000000,0,1,"solved_soft_dynamic","solved",140,-0.14813463316644176,-0.49895961136542177,0.52041951156520005,0,0.60120863603356911,0.35715703495807394,0,0,1.2785789999999999,1.6519219999999999,1,1000000000,1000000000,0,0.082043500879080966,0.067612312734127045,14,0,1.2315830604863083,0.51670003617727911,map
S1,observed,164,5301000000,0,1,"solved_soft_dynamic","solved",130,-0.38779116674054331,-0.46357829563445047,0.41735998507650268,0.016561995962080675,0.63996462998571724,0.47110255819870622,0.40545354879200429,0.40506974312506083,1.3515980000000001,3.0797810000000001,0,0.063285168961278282,0.063285168961278282,0,0.067612301791086793,0.067612312734127045,14,1,1.2364326109025916,0.5105434984438374,map
S1,no_observed_dynamic,164,5301000000,0,1,"solved_soft_dynamic","solved",110,-0.182438420739302,-0.44895961136542178,0.21149060008685003,0.016561995962080675,0.6052847809980183,0.35605732961701553,0,0,1.1563809999999999,1.5321089999999999,0,1000000000,1000000000,0,0.067612301791086793,0.067612312734127045,14,0,1.2364326109025916,0.5105434984438374,map
S1,observed,165,5351000000,0,1,"solved_soft_dynamic","solved",110,-0.4334057336013068,-0.43197653060461627,0.46080374489286979,0.010649887690031655,0.64023906969144606,0.49969923756511314,0.47273946189114729,0.43434398339199443,1.1547370000000001,1.602865,1,0.060905610906623997,0.060905610906623997,0,0.067412314092507586,0.021508278325200081,13,0,1.2399302218223067,0.50221822132210525,map
S1,no_observed_dynamic,165,5351000000,0,1,"solved_soft_dynamic","solved",110,-0.21264378538309547,-0.3989596113654218,0.23835168743472013,0.010649887690031655,0.60974441171226113,0.38128862896060423,0,0,1.1267259999999999,1.4999799999999999,1,1000000000,1000000000,0,0.067412314092507586,0.021508278325200081,13,0,1.2399302218223067,0.50221822132210525,map
S1,observed,166,5401000000,0,1,"solved_soft_dynamic","solved",140,-0.46536573907498008,-0.39886578521970384,0.49052337536731794,0.0092945325115042447,0.63263995038072163,0.5,0.42613126255819506,0.39618272294558388,1.329583,1.7752330000000001,1,0.063222711339325388,0.063222711339325388,0,0.034612428316904698,0.021508278325200081,13,0,1.2439869124263891,0.49210693764065633,map
S1,no_observed_dynamic,166,5401000000,0,1,"solved_soft_dynamic","solved",40,-0.23869802163037152,-0.35356779612825956,0.26137281112562255,0.0092945325115042447,0.60807370304664299,0.39017996002036975,0,0,0.68935000000000002,1.0675079999999999,1,1000000000,1000000000,0,0.034612428316904698,0.021508278325200081,13,0,1.2439869124263891,0.49210693764065633,map
S1,observed,167,5451000000,0,1,"solved_soft_dynamic","solved",210,-0.49249071345785989,-0.36715314529938631,0.5155100792127284,0.003995509662031574,0.63028817591614927,0.5,0.45722333033817825,0.42808393786561671,1.7643419999999999,2.199865,1,0.059675662150244391,0.059675662150244391,0,0.021308288341970183,-0.073503121733665466,13,0,1.2481115804582099,0.47874433831695751,map
S1,no_observed_dynamic,167,5451000000,0,1,"solved_soft_dynamic","solved",40,-0.26139758978278355,-0.31016867395672604,0.28117717991876656,0.003995509662031574,0.60196903779051858,0.40214536790809713,0,0,0.69915899999999997,1.073123,1,1000000000,1000000000,0,0.021308288341970183,-0.073503121733665466,13,0,1.2481115804582099,0.47874433831695751,map
S1,observed,168,5501000000,0,1,"solved_soft_dynamic","solved",140,-0.5,-0.3354311159881298,0.52092271213192354,0.002874553132522102,0.6233789814052676,0.5,0.45427304468123897,0.42763848589646092,1.3390489999999999,1.775387,1,0.059781084657187178,0.059781084657187178,0,-0.011491599047985801,-0.073503121733665466,13,0,1.2515176751326362,0.46513190946101551,map
S1,no_observed_dynamic,168,5501000000,0,1,"solved_soft_dynamic","solved",40,-0.2813038668240434,-0.26919336971294927,0.29835323742954434,0.002874553132522102,0.59933072847312319,0.40999667315879651,0,0,0.70390000000000008,1.083437,1,1000000000,1000000000,0,-0.011491599047985801,-0.073503121733665466,13,0,1.2515176751326362,0.46513190946101551,map
S1,observed,169,5551000000,0,1,"solved_soft_dynamic","solved",120,-0.5,-0.30262082906510929,0.51877085279173085,0,0.6244466602192279,0.5,0.29195549415512817,0.28102965109436745,1.2075629999999999,1.643024,1,0.072684746236634235,0.072684746236634235,0,-0.073703101224964485,-0.17350312173366547,13,0,1.2548780089131029,0.45163036241878629,map
S1,no_observed_dynamic,169,5551000000,0,1,"solved_soft_dynamic","solved",40,-0.29797006134083676,-0.22840210379721754,0.31230825847187665,0,0.58671721723620385,0.40993394571298725,0,0,0.68840000000000001,1.0701529999999999,1,1000000000,1000000000,0,-0.073703101224964485,-0.17350312173366547,13,0,1.2548780089131029,0.45163036241878629,map
S1,observed,170,5602000000,0,1,"solved_soft_dynamic","solved",160,-0.5,-0.26889368547728904,0.51655886150016594,0,0.61293240925483805,0.5,0.39116303372442496,0.357662962013863,1.5161359999999999,1.958253,1,0.065767063203453546,0.065767063203453546,0,-0.10650298645487055,-0.17355209589004517,15,0,1.2585460624022762,0.43585186273739895,map
S1,no_observed_dynamic,170,5602000000,0,1,"solved_soft_dynamic","solved",40,-0.31286206730183314,-0.18868754483183198,0.32456352651525033,0,0.58365923392745089,0.41412790987379949,0,0,0.69351700000000005,1.073121,1,1000000000,1000000000,0,-0.10650298645487055,-0.17355209589004517,15,0,1.2585460624022762,0.43585186273739895,map
S1,observed,171,5651000000,0,1,"solved_soft_dynamic","solved",110,-0.5,-0.23422268435015267,0.51428496740761187,0,0.61073950659348719,0.5,0.2387186377428954,0.23049784306996166,1.129389,1.5672710000000001,1,0.079736857645874126,0.079736857645874126,0,-0.17375205206917599,-0.27355209589004514,14,0,1.2618975239585306,0.42081451474307302,map
S1,no_observed_dynamic,171,5651000000,0,1,"solved_soft_dynamic","solved",40,-0.32652220498709106,-0.15063239593023497,0.33569841074486351,0,0.58286852965546576,0.4196757761639861,0,0,0.68913899999999995,1.061202,1,1000000000,1000000000,0,-0.17375205206917599,-0.27355209589004514,14,0,1.2618975239585306,0.42081451474307302,map
S1,observed,172,5701000000,0,1,"solved_soft_dynamic","solved",110,-0.5,-0.1997710142287612,0.51202545811682487,0,0.60645426921566636,0.5,0.23751655114096595,0.22411720526280501,1.1817789999999999,1.609909,1,0.08107000643126594,0.08107000643126594,0,-0.20655194384744391,-0.29272660613059998,14,0,1.2645968643111902,0.40423507170208395,map
S1,no_observed_dynamic,172,5701000000,0,1,"solved_soft_dynamic","solved",40,-0.33889422708728045,-0.11320910269273027,0.34558939290115837,0,0.58059475907088187,0.42473714412128544,0,0,0.68786100000000006,1.058627,1,1000000000,1000000000,0,-0.20655194384744391,-0.29272660613059998,14,0,1.2645968643111902,0.40423507170208395,map
S1,observed,173,5751000000,0,1,"solved_soft_dynamic","solved",120,-0.5,-0.19073335047933176,0.51143272385642791,0,0.60301852108216281,0.5,0.8354491849653265,0.76741493797495086,1.1815329999999999,1.6163779999999999,1,0.04214663768955057,0.04214663768955057,0,-0.29292654944583774,-0.39272660613059995,13,0,1.2669931263626626,0.38775134092530772,map
S1,no_observed_dynamic,173,5751000000,0,1,"solved_soft_dynamic","solved",40,-0.3502640601316066,-0.076359779116561111,0.35451798746384994,0,0.57784518659762019,0.42989233737116561,0,0,0.67454600000000009,1.0499479999999999,1,1000000000,1000000000,0,-0.29292654944583774,-0.39272660613059995,13,0,1.2669931263626626,0.38775134092530772,map
S1,observed,174,5801000000,0,1,"solved_soft_dynamic","solved",120,-0.5,-0.16765511859264468,0.50991914035875796,0,0.59940261125875849,0.5,0.54630059547296417,0.53713366545672958,1.1871749999999999,1.6306610000000001,1,0.053875229559509907,0.053875229559509907,0,-0.3257264441344887,-0.39374080300331116,14,0,1.2681741983316126,0.37015413287977839,map
S1,no_observed_dynamic,174,5801000000,0,1,"solved_soft_dynamic","solved",40,-0.36047446320632193,-0.039697069872463943,0.36230188740002311,0,0.57622017684207016,0.43573472889429798,0,0,0.70109199999999994,1.073477,1,1000000000,1000000000,0,-0.3257264441344887,-0.39374080300331116,14,0,1.2681741983316126,0.37015413287977839,map
S1,observed,175,5852000000,0,1,"solved_soft_dynamic","solved",130,-0.5,-0.140401164073296,0.50813169251573109,0,0.59105939817966702,0.5,0.48255954492541825,0.46363834149987876,1.267574,1.7121869999999999,1,0.059186247344497511,0.059186247344497511,0,-0.39374074549414217,-0.48022881150245667,15,0,1.2689440093416573,0.35222625783596556,map
S1,no_observed_dynamic,175,5852000000,0,1,"solved_soft_dynamic","solved",40,-0.36963423461863215,-0.0030469481611260438,0.36903824324336409,0,0.5737302049675278,0.4412479743926192,0,0,0.69309799999999999,1.06548,1,1000000000,1000000000,0,-0.39374074549414217,-0.48022881150245667,15,0,1.2689440093416573,0.35222625783596556,map
S1,observed,176,5901000000,0,1,"solved_soft_dynamic","solved",130,-0.5,-0.10703656759974867,0.50594347883988577,0,0.58439111322217718,0.5,0.36672490206901487,0.35666221511354429,1.2816800000000002,1.7230259999999999,1,0.068211316999680305,0.068211316999680305,0,-0.42674063297454268,-0.48022881150245667,13,0,1.2678764523077699,0.33430574186118311,map
S1,no_observed_dynamic,176,5901000000,0,1,"solved_soft_dynamic","solved",40,-0.3775435573311634,0.033710402119223909,0.37451981003713247,0,0.57010436299601552,0.44707056002103596,0,0,0.68611500000000003,1.0605659999999999,1,1000000000,1000000000,0,-0.42674063297454268,-0.48022881150245667,13,0,1.2678764523077699,0.33430574186118311,map
S1,observed,177,5951000000,0,1,"solved_soft_dynamic","solved",180,-0.4729773202140572,-0.15703656759974866,-0.092636083609815317,0.42010009275431576,0.85031315113704031,0.098370145696599146,0.23034339552592206,0.22442876150930013,1.5908719999999998,2.0364459999999998,1,0.083911029262530801,0.083911029262530801,0,-0.48022874398157001,-0.54980361461639404,13,0,1.2663351123911335,0.31601990453650131,map
S1,no_observed_dynamic,177,5951000000,0,1,"solved_soft_dynamic","solved",180,-0.34317274095632255,-0.016289597880776094,-0.15255343389914966,0.42010009275431576,0.94671190337668265,0.098511889418536544,0,0,1.529739,1.9051440000000002,1,1000000000,1000000000,0,-0.48022874398157001,-0.54980361461639404,13,0,1.2663351123911335,0.31601990453650131,map
S1,observed,178,6001000000,0,1,"solved_soft_dynamic","solved",160,-0.43222204696361033,-0.19577008289440262,-0.038977091886116116,0.43216235725742186,0.93104497768207939,0.12964631565468884,0.16286141987008712,0.17508227572272345,1.4838200000000001,1.9348340000000002,1,0.096217598152385841,0.096217598152385841,0,-0.51322863437235355,-0.54980361461639404,14,0,1.2632607117892152,0.29735519751581996,map
S1,no_observed_dynamic,178,6001000000,0,1,"solved_soft_dynamic","solved",100,-0.30896144524545838,-0.066289597880776097,-0.092228659701518306,0.43216235725742186,0.96315830318162665,0.12584542674015287,0,0,1.074014,1.4473670000000001,1,1000000000,1000000000,0,-0.51322863437235355,-0.54980361461639404,14,0,1.2632607117892152,0.29735519751581996,map
S1,observed,179,6051000000,0,1,"solved_soft_dynamic","solved",380,-0.39115169543329764,-0.22817673363095087,-0.050767000130045647,0.48613170400112271,0.94718543324105386,0.089502126033246615,0.14579924573035727,0.1275910374907735,2.70906,3.1605639999999999,1,0.10727263476439675,0.10727263476439675,0,-0.54980354616418481,-0.55741941928863525,13,0,1.2596890737314024,0.27884689712221145,map
S1,no_observed_dynamic,179,6051000000,0,1,"solved_soft_dynamic","solved",90,-0.26919286024981165,-0.11628959788077609,-0.067607475160136321,0.48613170400112271,1.0206595551922772,0.1122054958122882,0,0,1.0471699999999999,1.4335280000000001,1,1000000000,1000000000,0,-0.54980354616418481,-0.55741941928863525,13,0,1.2596890737314024,0.27884689712221145,map
S1,observed,180,6101000000,0,1,"solved_soft_dynamic","solved",150,-0.34760721158669605,-0.25234840325456659,-0.0053656737541983579,0.48613170400112271,0.98635457769516521,0.13917395357389276,0.085261720364966431,0.094064703142003298,1.4323129999999999,1.8759589999999999,1,0.1234862638682902,0.1234862638682902,0,-0.55741937831044197,-0.55741941928863525,14,0,1.2579533690790812,0.26044440347219805,map
S1,no_observed_dynamic,180,6101000000,0,1,"solved_soft_dynamic","solved",40,-0.23150104941352584,-0.15775084057518407,-0.011839873985387439,0.48613170400112271,1.032320875971763,0.16155225990063066,0,0,0.73226900000000006,1.1054229999999998,1,1000000000,1000000000,0,-0.55741937831044197,-0.55741941928863525,14,0,1.2579533690790812,0.26044440347219805,map
S1,observed,181,6151000000,0,1,"solved_soft_dynamic","solved",260,-0.30505305285775486,-0.26973547118301483,0.034003729328360766,0.49665005753209307,0.99698700396754414,0.16773435714938156,0.070208303102626712,0.065076966841931247,1.9732419999999999,2.4514649999999998,1,0.13789222659096889,0.13789222659096889,0,-0.55741937831044197,-0.56359779834747314,14,0,1.255680815149637,0.24238751505394263,map
S1,no_observed_dynamic,181,6151000000,0,1,"solved_soft_dynamic","solved",40,-0.19435543573598624,-0.19076791381386904,0.036830479525407994,0.49665005753209307,1.0539588172106782,0.19694970405097442,0,0,0.69959000000000005,1.0806749999999998,1,1000000000,1000000000,0,-0.55741937831044197,-0.56359779834747314,14,0,1.255680815149637,0.24238751505394263,map
S1,observed,182,6201000000,0,1,"solved_soft_dynamic","solved",170,-0.25697991848265272,-0.28023199985041902,0.071145822933755848,0.5075861560126872,1.0438611255974737,0.21310477411325218,0.017423438368268443,0.027507567374321563,1.477411,1.9138009999999999,1,0.18062465608359957,0.18062465608359957,0,-0.56359777227044106,-0.56359779834747314,14,0,1.255411133435657,0.22378984819826603,map
S1,no_observed_dynamic,182,6201000000,0,1,"solved_soft_dynamic","solved",40,-0.1580407245238023,-0.2164254184961244,0.079103139449475265,0.5075861560126872,1.0756441954009721,0.23334943235052558,0,0,0.69077,1.0704149999999999,1,1000000000,1000000000,0,-0.56359777227044106,-0.56359779834747314,14,0,1.255411133435657,0.22378984819826603,map
S1,observed,183,6251000000,0,1,"solved_soft_dynamic","solved",30,-0.21810033101637261,-0.28941699995077047,0.1236283964823694,0.51924038684294893,1.0371794266078393,0.23688350482498238,0.074337899429001056,0.038734274123072447,0.62485299999999999,1.057272,1,0.16321334058760872,0.16321334058760872,0,-0.56359777227044106,-0.55213034152984619,13,0,1.257197949933176,0.20628225615927903,map
S1,no_observed_dynamic,183,6251000000,0,1,"solved_soft_dynamic","solved",90,-0.1234277070847173,-0.23581059050012473,0.13033189455387167,0.51924038684294893,1.0903610199964189,0.26493446197760451,0,0,0.96792199999999995,1.3424310000000002,1,1000000000,1000000000,0,-0.56359777227044106,-0.55213034152984619,13,0,1.257197949933176,0.20628225615927903,map
S1,observed,184,6301000000,0,1,"solved_soft_dynamic","solved",40,-0.17812573499227508,-0.29714190221963438,0.097639011618589469,0.5601356666183821,1.0766551147632026,0.21117910125336828,0.04024992042184955,0.042911682671611329,0.70078099999999999,1.132279,1,0.17029030753083318,0.17029030753083318,0,-0.55213028099387884,-0.55213034152984619,14,0,1.2609248218427551,0.18809965039814425,map
S1,no_observed_dynamic,184,6301000000,0,1,"solved_soft_dynamic","solved",90,-0.087316038125001022,-0.25128740451252157,0.12550486803226751,0.5601356666183821,1.106515786844755,0.24716208723416305,0,0,1.0277419999999999,1.403929,1,1000000000,1000000000,0,-0.55213028099387884,-0.55213034152984619,14,0,1.2609248218427551,0.18809965039814425,map
S1,observed,185,6351000000,0,1,"solved_soft_dynamic","solved",40,-0.1634663024937883,-0.26214517448452035,0.2573944103265704,0,0.53283537500717792,0.38436282498146174,0.014227817803116412,0.065854214025593369,0.70608700000000002,2.4104679999999998,0,0.17595910996159547,0.17595910996159547,0,-0.55213028099387884,-0.4944254457950592,14,1,1.2659891146908151,0.17087599645063972,map
S1,no_observed_dynamic,185,6351000000,0,1,"solved_soft_dynamic","solved",40,-0.099878492100204636,-0.20534161123570285,0.17598531969061754,0,0.42123446925705338,0.27232615096488655,0,0,0.69555699999999998,1.0680419999999999,0,1000000000,1000000000,0,-0.55213028099387884,-0.4944254457950592,14,0,1.2659891146908151,0.17087599645063972,map
S1,observed,186,6401000000,0,1,"solved_soft_dynamic","solved",40,-0.12509598655688062,-0.26453930446762897,0.22049309851089263,0.15395816812715793,0.69961659115911945,0.2969082426719441,0.014407235946482242,0.014202610534890837,0.692963,1.1283669999999999,1,0.22127813687147657,0.22127813687147657,0,-0.49442541785538197,-0.4944254457950592,14,0,1.2733027687300147,0.15379514832396954,map
S1,no_observed_dynamic,186,6401000000,0,1,"solved_soft_dynamic","solved",40,-0.072831437297864635,-0.21391242115782277,0.18600634576857764,0.15395816812715793,0.6965389281306632,0.27224754303138693,0,0,0.68589699999999998,1.0615399999999999,1,1000000000,1000000000,0,-0.49442541785538197,-0.4944254457950592,14,0,1.2733027687300147,0.15379514832396954,map
S1,observed,187,6451000000,0,1,"solved_soft_dynamic","solved",120,-0.089390390544955234,-0.26604380613798057,0.23166095889967558,0.16115047809542837,0.73834676425409773,0.32423196991326553,0.016750135967077827,0.015045967733997911,1.2817639999999999,1.719657,1,0.22514434783996851,0.22514434783996851,0,-0.49442541785538197,-0.42819896340370178,13,0,1.2822341507831074,0.13767277661069693,map
S1,no_observed_dynamic,187,6451000000,0,1,"solved_soft_dynamic","solved",90,-0.043941070809404181,-0.22242123960998592,0.20205866397040992,0.16115047809542837,0.73099827443223797,0.31378336693705861,0,0,0.96690700000000007,1.3437270000000001,1,1000000000,1000000000,0,-0.49442541785538197,-0.42819896340370178,13,0,1.2822341507831074,0.13767277661069693,map
S1,observed,188,6501000000,0,1,"solved_soft_dynamic","solved",80,-0.057689643805928739,-0.26597515258420734,0.26183932444791191,0.17796238062433825,0.74661751167179913,0.34692593534241845,0.016190432458506324,0.014713778904519892,0.94366800000000006,1.376728,1,0.22636190115962029,0.22636190115962029,0,-0.42844424315262586,-0.42819896340370178,14,0,1.2929953365033091,0.12264865785359122,map
S1,no_observed_dynamic,188,6501000000,0,1,"solved_soft_dynamic","solved",90,-0.01771384219084568,-0.2278627179812808,0.22630571914564093,0.17796238062433825,0.73983406065087065,0.33381517720737741,0,0,0.95516600000000007,1.3250600000000001,1,1000000000,1000000000,0,-0.42844424315262586,-0.42819896340370178,14,0,1.2929953365033091,0.12264865785359122,map
S1,observed,189,6551000000,0,1,"solved_soft_dynamic","solved",70,-0.022524456133623721,-0.26670192229422796,0.21463185107535121,0.22796226736068081,0.79615054388863038,0.30624980390179429,0.01444179501186107,0.014836087101154076,0.82114799999999999,1.255611,1,0.23043555916728187,0.23043555916728187,0,-0.428198924055323,-0.36643475294113159,14,0,1.3042013215418253,0.10768554064897358,map
S1,no_observed_dynamic,189,6551000000,0,1,"solved_soft_dynamic","solved",60,0.013134746091159,-0.23294837031464696,0.20478597509949645,0.22796226736068081,0.79229631676326295,0.30502448989918496,0,0,0.77625299999999997,1.151049,1,1000000000,1000000000,0,-0.428198924055323,-0.36643475294113159,14,0,1.3042013215418253,0.10768554064897358,map
S1,observed,190,6601000000,0,1,"solved_soft_dynamic","solved",100,0.0062409143719932524,-0.26890701805544942,0.23168831725079814,0.23655914203045822,0.80259015110512055,0.33051809591093717,0.032346369060379493,0.024712156794681989,1.0134429999999999,1.4517580000000001,1,0.19993040922081318,0.19993040922081318,0,-0.36643471685238183,-0.36643475294113159,13,0,1.3162740426036061,0.093929893583910115,map
S1,no_observed_dynamic,190,6601000000,0,1,"solved_soft_dynamic","solved",90,0.039833301475849382,-0.2345380838312138,0.22022881825749291,0.23655914203045822,0.79551011455930765,0.32795748880890158,0,0,0.95896499999999996,1.3308059999999999,1,1000000000,1000000000,0,-0.36643471685238183,-0.36643475294113159,13,0,1.3162740426036061,0.093929893583910115,map
S1,observed,191,6651000000,0,1,"solved_soft_dynamic","solved",90,0.038659848047291098,-0.26867712536804655,0.06325744929572473,0.30710964311653044,0.8552122990680312,0.19747003802615767,0.014454877975732975,0.017771648704519132,0.95613200000000009,1.4039759999999999,1,0.23112417986848965,0.2280365806912007,0,-0.36643471685238183,-0.3045387864112854,13,0,1.3280830007239659,0.079828964107647657,map
S1,no_observed_dynamic,191,6651000000,0,1,"solved_soft_dynamic","solved",80,0.069718817714219505,-0.23756942220068639,0.09131724424273914,0.30710964311653044,0.85353598119811824,0.21442667096968537,0,0,0.89983499999999994,1.3034859999999999,1,1000000000,1000000000,0,-0.36643471685238183,-0.3045387864112854,13,0,1.3280830007239659,0.079828964107647657,map
S1,observed,192,6701000000,0,1,"solved_soft_dynamic","solved",90,0.065641815841866277,-0.26758011443739976,0.090023475546193291,0.32289883839694566,0.86260062269434645,0.24194958865967198,0.020685517455565169,0.017263918542257152,0.94973300000000005,1.3931060000000002,1,0.23226796477747425,0.2314920153806419,0,-0.30453875660896301,-0.3045387864112854,13,0,1.3401924646478878,0.067191586810105577,map
S1,no_observed_dynamic,192,6701000000,0,1,"solved_soft_dynamic","solved",90,0.094699668751516169,-0.23837423539350025,0.11626594883365618,0.32289883839694566,0.85958283257253321,0.25250887542236972,0,0,0.95771500000000009,1.3284419999999999,1,1000000000,1000000000,0,-0.30453875660896301,-0.3045387864112854,13,0,1.3401924646478878,0.067191586810105577,map
S1,observed,193,6751000000,0,1,"solved_soft_dynamic","solved",90,0.084855359691620919,-0.26933327748200142,0.24291820916849177,0.32796238011041945,0.86705009243177622,0.29143028607852206,0.038096373450411655,0.029426651770856748,0.94986599999999999,1.3891500000000001,1,0.20173283516294604,0.20173283516294604,0,-0.30453875660896301,-0.25842779874801636,13,0,1.3520738021425029,0.054217172781967624,map
S1,no_observed_dynamic,193,6751000000,0,1,"solved_soft_dynamic","solved",90,0.1142614402098544,-0.23689087420297478,0.24317291813600106,0.32796238011041945,0.86217060018708458,0.29634373242628309,0,0,1.027444,1.402577,1,1000000000,1000000000,0,-0.30453875660896301,-0.25842779874801636,13,0,1.3520738021425029,0.054217172781967624,map
S1,observed,194,6801000000,0,1,"solved_soft_dynamic","solved",90,0.10311492817881086,-0.27018420069254279,0.25708613656164325,0.33401418799458438,0.9037350213237374,0.32021873211547269,0.033437589245530891,0.032141962074016657,0.96319099999999991,1.4027759999999998,1,0.20218365872290323,0.20218365872290323,0,-0.25842775357887149,-0.25842779874801636,14,0,1.365209838764128,0.043168919771930853,map
S1,no_observed_dynamic,194,6801000000,0,1,"solved_soft_dynamic","solved",80,0.13274038287208034,-0.23496643186046048,0.2556523427061535,0.33401418799458438,0.898807986318094,0.32431580074688404,0,0,0.90324599999999999,1.2851679999999999,1,1000000000,1000000000,0,-0.25842775357887149,-0.25842779874801636,14,0,1.365209838764128,0.043168919771930853,map
S1,observed,195,6851000000,0,1,"solved_soft_dynamic","solved",100,0.12046712967481187,-0.26502616626089071,0.26656868383027876,0.34781304398720458,0.90742430253239992,0.3321629392358646,0.021681563635134515,0.023049312773421718,1.010729,1.4511890000000001,1,0.23144433291894229,0.22082665392253908,0,-0.25842775357887149,-0.24124601483345032,14,0,1.3781943273374075,0.031810577552093322,map
S1,no_observed_dynamic,195,6851000000,0,1,"solved_soft_dynamic","solved",90,0.14870556095252024,-0.23150624456471655,0.26523471357871903,0.34781304398720458,0.90457796106557542,0.33515601296634251,0,0,0.953009,1.3251000000000002,1,1000000000,1000000000,0,-0.25842775357887149,-0.24124601483345032,14,0,1.3781943273374075,0.031810577552093322,map
S1,observed,196,6901000000,0,1,"solved_soft_dynamic","solved",100,0.13413239950359809,-0.2597155379571861,0.28344906196563041,0.36516618057255118,0.91209805435349778,0.33201788098121954,0.027858990305687826,0.023083003288058668,1.0082260000000001,1.448682,1,0.23038369394386549,0.22160357005800202,0,-0.24124598712660372,-0.24124601483345032,14,0,1.3926260465271576,0.021447301962177302,map
S1,no_observed_dynamic,196,6901000000,0,1,"solved_soft_dynamic","solved",90,0.16207148250283085,-0.22680399693438805,0.27728002859209311,0.36516618057255118,0.90997793022482809,0.3369316139863005,0,0,0.96825499999999998,1.33999,1,1000000000,1000000000,0,-0.24124598712660372,-0.24124601483345032,14,0,1.3926260465271576,0.021447301962177302,map
S1,observed,197,6951000000,0,1,"solved_soft_dynamic","solved",100,0.14658284096969648,-0.25309441417756273,0.27079427472536571,0.38551221026621019,0.91813560139655515,0.32850448380703584,0.025655253142464848,0.024229276076009262,1.027514,1.468377,1,0.23207091595957985,0.21907352285827442,0,-0.24124598712660372,-0.25423756241798401,13,0,1.4068705846307437,0.010805487278188228,map
S1,no_observed_dynamic,197,6951000000,0,1,"solved_soft_dynamic","solved",90,0.1740000219378264,-0.22051645689503918,0.27254954537919629,0.38551221026621019,0.91615525675059406,0.33424493076851369,0,0,0.96684500000000007,1.3404479999999999,1,1000000000,1000000000,0,-0.24124598712660372,-0.25423756241798401,13,0,1.4068705846307437,0.010805487278188228,map
S1,observed,198,7001000000,0,1,"solved_soft_dynamic","solved",100,0.15519872822620706,-0.24809254804719658,0.2879336272054569,0.40296264015538585,0.92360907115203306,0.33624158665986836,0.043663521300888596,0.029931027013185802,1.0163040000000001,1.44648,1,0.22059797580045748,0.21681026020513872,0,-0.25423752958886325,-0.25423756241798401,14,0,1.4227857878011159,0.00078656231919305066,map
S1,no_observed_dynamic,198,7001000000,0,1,"solved_soft_dynamic","solved",100,0.18407654595532499,-0.21292455266204388,0.28136950822429979,0.40296264015538585,0.92131233319535555,0.34033435885881796,0,0,1.072484,1.4441110000000001,1,1000000000,1000000000,0,-0.25423752958886325,-0.25423756241798401,14,0,1.4227857878011159,0.00078656231919305066,map
S1,observed,199,7051000000,0,1,"solved_soft_dynamic","solved",90,0.16535650268105953,-0.24683254748932007,0.29384024586157464,0.41582249835837615,0.96388584821406642,0.35589529869235498,0.043655020512933386,0.041901770444055922,0.98101099999999997,1.409357,1,0.2007620070533207,0.2007620070533207,0,-0.25423752958886325,-0.25530648231506348,14,0,1.4385021932271607,-0.0094829318380557949,map
S1,no_observed_dynamic,199,7051000000,0,1,"solved_soft_dynamic","solved",80,0.19498540472575701,-0.20506176987676758,0.28289933556776325,0.41582249835837615,0.96056608208616567,0.3554108265339303,0,0,0.9132539999999999,1.2879609999999999,1,1000000000,1000000000,0,-0.25423752958886325,-0.25530648231506348,14,0,1.4385021932271607,-0.0094829318380557949,map
S1,observed,200,7101000000,0,1,"solved_soft_dynamic","solved",90,0.17569162893775722,-0.24390773043057737,0.29832940917659018,0.43870240690446688,0.97065928306911764,0.3540610892170416,0.047896585523832289,0.042725035582770653,0.96054500000000009,1.3877080000000002,1,0.1994608276950034,0.1994608276950034,0,-0.25530645507387817,-0.25530648231506348,13,0,1.4564141655955594,-0.019340819022797516,map
S1,no_observed_dynamic,200,7101000000,0,1,"solved_soft_dynamic","solved",90,0.20473451158883038,-0.19599155360522641,0.28291231069204137,0.43870240690446688,0.96772727429517702,0.3531745510801596,0,0,0.95744000000000007,1.3807820000000002,1,1000000000,1000000000,0,-0.25530645507387817,-0.25530648231506348,13,0,1.4564141655955594,-0.019340819022797516,map
S1,observed,201,7151000000,0,1,"solved_soft_dynamic","solved",70,0.19118774355567963,-0.23020933850500055,0.28874589252015215,0.46486873273513513,1.0112871371522638,0.34206030315969338,0.011258055428820312,0.023743817842600667,0.84748000000000001,1.2754179999999999,1,0.24246341241139102,0.21250690823603247,0,-0.25530645507387817,-0.22937263548374176,14,0,1.4742127788464046,-0.029399081625256791,map
S1,no_observed_dynamic,201,7151000000,0,1,"solved_soft_dynamic","solved",70,0.21687357418626949,-0.18653569142455173,0.28467769200602056,0.46486873273513513,1.0109425024446885,0.34810368443473511,0,0,0.85731800000000002,1.2310159999999999,1,1000000000,1000000000,0,-0.25530645507387817,-0.22937263548374176,14,0,1.4742127788464046,-0.029399081625256791,map
S1,observed,202,7201000000,0,1,"solved_soft_dynamic","solved",100,0.20598174078385828,-0.21896808175194066,0.23570281832569734,0.51232886231905395,1.0252153026249353,0.29630517359352315,0.024766624451107354,0.017904410306763888,1.039598,1.481989,1,0.24367168981816467,0.227829037047653,0,-0.2293726138304919,-0.22937263548374176,14,0,1.494074866803631,-0.038182207761954363,map
S1,no_observed_dynamic,202,7201000000,0,1,"solved_soft_dynamic","solved",90,0.22849794366795589,-0.1777823294218327,0.25197432641018819,0.51232886231905395,1.0249017949468677,0.30678624094663254,0,0,1.0117049999999999,1.384682,1,1000000000,1000000000,0,-0.2293726138304919,-0.22937263548374176,14,0,1.494074866803631,-0.038182207761954363,map
S1,observed,203,7251000000,0,1,"solved_soft_dynamic","solved",70,0.22049852535869963,-0.20972739865297241,0.229776488632804,0.53338228162333856,1.0674225617497521,0.30614597082156447,0.023805615039238042,0.022003504641832802,0.85401400000000005,1.2813939999999999,1,0.23840221857828592,0.21990751495930527,0,-0.22937261237530038,-0.19971555471420288,14,0,1.5150507416910415,-0.047032487640396956,map
S1,no_observed_dynamic,203,7251000000,0,1,"solved_soft_dynamic","solved",80,0.24025425714183327,-0.16958930295669508,0.24769293005336016,0.53338228162333856,1.0669766178570543,0.31586142348856544,0,0,0.90112000000000003,1.2798720000000001,1,1000000000,1000000000,0,-0.22937261237530038,-0.19971555471420288,14,0,1.5150507416910415,-0.047032487640396956,map
S1,observed,204,7301000000,0,1,"solved_soft_dynamic","solved",90,0.23112243033864693,-0.20145880636793242,0.24197529694040243,0.55990882216257076,1.0756474289721418,0.30445064225718793,0.024953762206048238,0.023496963293842855,0.95611299999999999,1.384155,1,0.23632458933557987,0.21769733672957314,0,-0.19971553410869092,-0.19971555471420288,13,0,1.5382340320494543,-0.055805852570022005,map
S1,no_observed_dynamic,204,7301000000,0,1,"solved_soft_dynamic","solved",100,0.24862442030402135,-0.16192614291144733,0.25725020516774716,0.55990882216257076,1.0751369815924492,0.31333165849761152,0,0,1.016886,1.38794,1,1000000000,1000000000,0,-0.19971553410869092,-0.19971555471420288,13,0,1.5382340320494543,-0.055805852570022005,map
S1,observed,205,7351000000,0,1,"solved_soft_dynamic","solved",90,0.24113979608537997,-0.19565460494483619,0.24972785252020308,0.579693480646302,1.1178505864547135,0.31959479184649103,0.034596575942139073,0.027794581746761748,0.98442299999999994,1.427341,1,0.22863589478514335,0.21492546230961129,0,-0.19971553410869092,-0.14768074452877045,14,0,1.5628860928564314,-0.064438263290436629,map
S1,no_observed_dynamic,205,7351000000,0,1,"solved_soft_dynamic","solved",90,0.25690558196055424,-0.15477995706349545,0.2636320341829641,0.579693480646302,1.1170380732395415,0.32814478546453774,0,0,0.96696599999999999,1.3405260000000001,1,1000000000,1000000000,0,-0.19971553410869092,-0.14768074452877045,14,0,1.5628860928564314,-0.064438263290436629,map
S1,observed,206,7401000000,0,1,"solved_soft_dynamic","solved",130,0.25184708264745465,-0.19102572465934614,0.30877845925195557,0.03311663453846244,0.59634300117761563,0.35135420167222364,0.088774465320446125,0.034670488121171981,1.2206000000000001,2.8807179999999999,0,0.2210728780711676,0.20808741801656105,0,-0.14768072287552059,-0.14768074452877045,14,1,1.5897214571645035,-0.072768040666226649,map
S1,no_observed_dynamic,206,7401000000,0,1,"solved_soft_dynamic","solved",120,0.26524961371377076,-0.14588376765011835,0.2831329591610714,0.03311663453846244,0.59261546407555998,0.35018002549732802,0,0,1.153214,1.53044,0,1000000000,1000000000,0,-0.14768072287552059,-0.14768074452877045,14,0,1.5897214571645035,-0.072768040666226649,map
S1,observed,207,7451000000,0,1,"solved_soft_dynamic","solved",110,0.25847520449157935,-0.18558095156163909,0.25978544454893876,0.06429724826188403,0.60581493459160241,0.33674818022733571,0.038183650271427186,0.041171126003395266,1.079518,1.515404,1,0.21866652353628935,0.2029364234879274,0,-0.14768072287552059,-0.13098448514938354,14,0,1.6180216058693271,-0.08100787345071446,map
S1,no_observed_dynamic,207,7451000000,0,1,"solved_soft_dynamic","solved",120,0.27020198658669742,-0.13762911175991158,0.27117170037450311,0.06429724826188403,0.60164186876321279,0.34352896465895139,0,0,1.131489,1.5097509999999998,1,1000000000,1000000000,0,-0.14768072287552059,-0.13098448514938354,14,0,1.6180216058693271,-0.08100787345071446,map
S1,observed,208,7501000000,0,1,"solved_soft_dynamic","solved",90,0.26245923444138047,-0.1807498082247431,0.295255197297491,0.1002316170674613,0.61843539438682915,0.34389224184230088,0.046169331502015076,0.041088922657701428,0.99592800000000015,1.42723,1,0.21589179867489727,0.20566526562314191,0,-0.13098446652293205,-0.13098448514938354,14,0,1.6479875371667974,-0.088227760954853879,map
S1,no_observed_dynamic,208,7501000000,0,1,"solved_soft_dynamic","solved",120,0.27252688428829869,-0.12950791776428616,0.29403880905221619,0.1002316170674613,0.61192400582249817,0.3369556566444073,0,0,1.134895,1.510073,1,1000000000,1000000000,0,-0.13098446652293205,-0.13098448514938354,14,0,1.6479875371667974,-0.088227760954853879,map
S1,observed,209,7551000000,0,1,"solved_soft_dynamic","solved",90,0.26750306499198073,-0.17502275546021556,0.30343425318501382,0.12517185390442875,0.66234787518643223,0.36001617265381691,0.04461930598000239,0.043099095395916651,0.98847699999999994,1.421967,1,0.21452502246659044,0.20590039086890544,0,-0.13098446652293205,-0.16766838729381561,14,0,1.6778388094968189,-0.095752681308685403,map
S1,no_observed_dynamic,209,7551000000,0,1,"solved_soft_dynamic","solved",100,0.27579168188473718,-0.12062347495932184,0.26599480435089323,0.12517185390442875,0.65534866034841643,0.34504413363401848,0,0,1.0236130000000001,1.3994150000000001,1,1000000000,1000000000,0,-0.13098446652293205,-0.16766838729381561,14,0,1.6778388094968189,-0.095752681308685403,map
S1,observed,210,7601000000,0,1,"solved_soft_dynamic","solved",80,0.27548942328281323,-0.16844258242021895,0.29846509947801586,0.17209919425962666,0.69926167228785174,0.34098288385003878,0.050923446782140731,0.044382927744611549,0.93189,1.366331,1,0.21022693327595277,0.19737768985137194,0,-0.16766836051829159,-0.16766838729381561,14,0,1.708705759717285,-0.10276206675292644,map
S1,no_observed_dynamic,210,7601000000,0,1,"solved_soft_dynamic","solved",80,0.28247096129172922,-0.11075620467153882,0.29632845009078962,0.17209919425962666,0.70479675198245451,0.34276702007922494,0,0,0.95012700000000005,1.321553,1,1000000000,1000000000,0,-0.16766836051829159,-0.16766838729381561,14,0,1.708705759717285,-0.10276206675292644,map
S1,observed,211,7651000000,0,1,"solved_soft_dynamic","solved",110,0.27983215638905973,-0.15283037593925089,0.30053412451398837,0.19722777432201041,0.70645868659385791,0.34257720255020008,0.018952911454245443,0.037214534494310496,1.0825800000000001,1.505509,1,0.25173612686303326,0.18505138722749237,0,-0.16766836051829159,-0.1761145144701004,14,0,1.7393892053488345,-0.11010915197589104,map
S1,no_observed_dynamic,211,7651000000,0,1,"solved_soft_dynamic","solved",90,0.28692531301286461,-0.10037935064495251,0.2992163213192468,0.19722777432201041,0.71841933073732089,0.34861096109025541,0,0,1.011498,1.3815,1,1000000000,1000000000,0,-0.16766836051829159,-0.1761145144701004,14,0,1.7393892053488345,-0.11010915197589104,map
S1,observed,212,7701000000,0,1,"solved_soft_dynamic","solved",90,0.28438104383850737,-0.13958172812172356,0.28997592426405511,0.23642174917083342,0.74756875474010953,0.33154434124662513,0.044117031675970898,0.028954180415318095,0.98175900000000005,1.4007039999999999,1,0.25273080912905455,0.19905990658957551,0,-0.17611449584364891,-0.1761145144701004,14,0,1.7694372022592093,-0.11615058865783391,map
S1,no_observed_dynamic,212,7701000000,0,1,"solved_soft_dynamic","solved",90,0.29203196403878495,-0.089909437065088513,0.29554036546554502,0.23642174917083342,0.76387998155236692,0.34106979810740079,0,0,0.98018600000000011,1.350346,1,1000000000,1000000000,0,-0.17611449584364891,-0.1761145144701004,14,0,1.7694372022592093,-0.11615058865783391,map
S1,observed,213,7751000000,0,1,"solved_soft_dynamic","solved",90,0.28812487282531518,-0.12883433054688773,0.29427111723208543,0.26059759180493736,0.78806213857445451,0.3420928714789585,0.048482667821972449,0.038699639081472018,0.98668699999999998,1.4112580000000001,1,0.24752309352378998,0.19018028469780668,0,-0.17611449584364891,-0.17302916944026947,14,0,1.7995235507426446,-0.12254011516753632,map
S1,no_observed_dynamic,213,7751000000,0,1,"solved_soft_dynamic","solved",100,0.2971535523181642,-0.079444930473328998,0.30079073504268561,0.26059759180493736,0.80856649383554169,0.35491320502909457,0,0,1.0412699999999999,1.4117030000000002,1,1000000000,1000000000,0,-0.17611449584364891,-0.17302916944026947,14,0,1.7995235507426446,-0.12254011516753632,map
S1,observed,214,7801000000,0,1,"solved_soft_dynamic","solved",110,0.29020189635925198,-0.11898335645155393,0.29267743262211365,0.296311329492571,0.80493806816471491,0.33256846982927685,0.044177920761573196,0.045062724869019417,1.077871,1.500248,1,0.25070075970425321,0.18358187473839438,0,-0.17302915512118489,-0.17302916944026947,14,0,1.8282294120641609,-0.12711251921738001,map
S1,no_observed_dynamic,214,7801000000,0,1,"solved_soft_dynamic","solved",90,0.30161418047682459,-0.069609218695510386,0.30303236635876446,0.296311329492571,0.82327013614892841,0.34837125441269146,0,0,0.99380400000000002,1.365472,1,1000000000,1000000000,0,-0.17302915512118489,-0.17302916944026947,14,0,1.8282294120641609,-0.12711251921738001,map
S1,observed,215,7851000000,0,1,"solved_soft_dynamic","solved",100,0.28946401908554137,-0.10821871814232942,0.29170976609212268,0.30788981934743281,0.8360194685005915,0.35197045365196089,0.038376030827376527,0.046246669249179563,1.039156,1.455168,1,0.25876649506311455,0.18038631879505895,0,-0.17302915075561032,-0.15043634176254272,14,0,1.8570713372185552,-0.13184103133189923,map
S1,no_observed_dynamic,215,7851000000,0,1,"solved_soft_dynamic","solved",110,0.3037700427069952,-0.059622966758410549,0.30497440711838153,0.30788981934743281,0.85950550662013248,0.37151324406230685,0,0,1.0946770000000001,1.4707450000000002,1,1000000000,1000000000,0,-0.17302915075561032,-0.15043634176254272,14,0,1.8570713372185552,-0.13184103133189923,map
S1,observed,216,7901000000,0,1,"solved_soft_dynamic","solved",110,0.28994063777577378,-0.10056054970831173,0.29111694720837106,0.3534086821723284,0.86147018763909089,0.33220870245958023,0.055975120103677604,0.044769162467716922,1.0839350000000001,1.5044259999999998,1,0.25621845105626662,0.18889246509787605,0,-0.15043633175082505,-0.15043634176254272,14,0,1.8847334713027988,-0.13462038675602706,map
S1,no_observed_dynamic,216,7901000000,0,1,"solved_soft_dynamic","solved",100,0.30631957268108312,-0.050271621927261936,0.30689619633483378,0.3534086821723284,0.87607737567887978,0.35059092793937235,0,0,1.0665819999999999,1.4398610000000001,1,1000000000,1000000000,0,-0.15043633175082505,-0.15043634176254272,14,0,1.8847334713027988,-0.13462038675602706,map
S1,observed,217,7951000000,0,1,"solved_soft_dynamic","solved",90,0.29128487941486741,-0.092342495154072668,0.29185965173348438,0.38674441643333457,0.90837882890906529,0.3300025646291822,0.039321420826065427,0.055545738047619975,0.98661600000000005,1.407381,1,0.25972801705626947,0.17816298376102702,0,-0.15023633022792637,-0.13742104172706604,14,0,1.9124844247830375,-0.13715237219483878,map
S1,no_observed_dynamic,217,7951000000,0,1,"solved_soft_dynamic","solved",90,0.30902131750927414,-0.040997141410905061,0.30927294707465991,0.38674441643333457,0.92025952701090075,0.34874395028739347,0,0,1.0164569999999999,1.3920709999999998,1,1000000000,1000000000,0,-0.15023633022792637,-0.13742104172706604,14,0,1.9124844247830375,-0.13715237219483878,map
S1,observed,218,8001000000,0,1,"solved_soft_dynamic","solved",110,0.29061104268303223,-0.084979758727675297,0.29092797840606605,0.40871935161493295,0.91819724298866134,0.33505977782767066,0.043802703925207569,0.046096505451982558,1.084902,1.509547,1,0.26398370646876157,0.18839435581750008,0,-0.13742102601099759,-0.13742104172706604,14,0,1.9398829507860187,-0.1376375346749025,map
S1,no_observed_dynamic,218,8001000000,0,1,"solved_soft_dynamic","solved",90,0.30876841726929782,-0.032881322810081479,0.3088896665280087,0.40871935161493295,0.92688713672505574,0.35120659242715319,0,0,1.0023499999999999,1.375648,1,1000000000,1000000000,0,-0.13742102601099759,-0.13742104172706604,14,0,1.9398829507860187,-0.1376375346749025,map
S1,observed,219,8051000000,0,1,"solved_soft_dynamic","solved",70,0.29056275950571808,-0.078407623322605521,0.29248476400688317,0.44175753922214706,0.96293374022563283,0.33372524238030271,0.038904524051681884,0.048130548843646238,0.84888600000000003,1.276367,1,0.26500684045887568,0.18679394460680787,0,-0.13722103758482262,-0.12009893357753754,14,0,1.9673098300004705,-0.13837993498233761,map
S1,no_observed_dynamic,219,8051000000,0,1,"solved_soft_dynamic","solved",70,0.3100787411460354,-0.024726572937885931,0.31061248027103594,0.44175753922214706,0.97276747129372243,0.35099280810329531,0,0,0.89520100000000002,1.266397,1,1000000000,1000000000,0,-0.13722103758482262,-0.12009893357753754,14,0,1.9673098300004705,-0.13837993498233761,map
S1,observed,220,8101000000,0,1,"solved_soft_dynamic","solved",120,0.28856823495907774,-0.074262740221580636,0.29038420731545234,0.46374503630182917,0.97209164695718586,0.3363957527357907,0.060701435919108246,0.043347653638207528,1.139421,1.567299,1,0.25939218386393081,0.19644782156298102,0,-0.12009892088826746,-0.12009893357753754,14,0,1.9948256939087274,-0.13741371491573171,map
S1,no_observed_dynamic,220,8101000000,0,1,"solved_soft_dynamic","solved",110,0.30937388605326321,-0.017481912984872259,0.30972137464333016,0.46374503630182917,0.98025656070348388,0.35528832219092887,0,0,1.18329,1.5558589999999999,1,1000000000,1000000000,0,-0.12009892088826746,-0.12009893357753754,14,0,1.9948256939087274,-0.13741371491573171,map
S1,observed,221,8151000000,0,1,"solved_soft_dynamic","solved",110,0.28904581099431748,-0.067160579065934728,0.289026327854639,0.49661786827621951,1.0201338650644864,0.33708640455315431,0.030880832808352372,0.056087899320742804,1.0959559999999999,1.524791,1,0.26340696768801219,0.18343663705102642,0,-0.11989893246209249,-0.090978212654590607,14,0,2.0223202034453216,-0.13676203375184218,map
S1,no_observed_dynamic,221,8151000000,0,1,"solved_soft_dynamic","solved",90,0.3094342971296446,-0.0098797671440662115,0.30943141981312677,0.49661786827621951,1.0249898807931723,0.35321001692779425,0,0,1.0019149999999999,1.374727,1,1000000000,1000000000,0,-0.11989893246209249,-0.090978212654590607,14,0,2.0223202034453216,-0.13676203375184218,map
S1,observed,222,8201000000,0,1,"solved_soft_dynamic","solved",110,0.29009655386934313,-0.06121898184755073,0.29084949964232953,0.51873414003277085,1.0631818901299017,0.34984425741128511,0.046027695680395046,0.038624999665014828,1.1145319999999999,1.5442469999999999,1,0.26246491366875646,0.20461377033183825,0,-0.090978202933911234,-0.090978212654590607,14,0,2.0499500440577374,-0.13461151723264458,map
S1,no_observed_dynamic,222,8201000000,0,1,"solved_soft_dynamic","solved",130,0.31075030532221448,-0.0020074289226317404,0.31075077654944916,0.51873414003277085,1.0679280193622023,0.36793547563779683,0,0,1.2236879999999999,1.594905,1,1000000000,1000000000,0,-0.090978202933911234,-0.090978212654590607,14,0,2.0499500440577374,-0.13461151723264458,map
S1,observed,223,8251000000,0,1,"solved_soft_dynamic","solved",100,0.2921297197862005,-0.051857017338576686,0.29359779827633858,0.55181695116155771,1.0762416274180406,0.34989856898245919,0.026902940485666518,0.043155623538883574,1.1113600000000001,1.532734,1,0.26453282697841973,0.19652412756722815,0,-0.090778214507736266,-0.070654906332492828,13,0,2.0775622948385717,-0.13274746826336628,map
S1,no_observed_dynamic,223,8251000000,0,1,"solved_soft_dynamic","solved",140,0.31035431243338157,0.006343011161263061,0.31000817722586121,0.55181695116155771,1.0777830755444266,0.35952675854226707,0,0,1.2619400000000001,1.6290819999999999,1,1000000000,1000000000,0,-0.090778214507736266,-0.070654906332492828,13,0,2.0775622948385717,-0.13274746826336628,map
S1,observed,224,8301000000,0,1,"solved_soft_dynamic","solved",110,0.29506768098514347,-0.045552884475503895,0.29776218064724574,0.57376085996916515,1.1189036707580957,0.36520892763525425,0.052478085382030859,0.033925613847636066,1.115097,1.540851,1,0.2583118400808706,0.21490162324933693,0,-0.07065489626256749,-0.070654906332492828,14,0,2.1053530187294185,-0.12995439808775977,map
S1,no_observed_dynamic,224,8301000000,0,1,"solved_soft_dynamic","solved",130,0.31051732913385394,0.014111861454134206,0.3084002523872329,0.57376085996916515,1.1198883959298978,0.36952905867866581,0,0,1.242353,1.619078,1,1000000000,1000000000,0,-0.07065489626256749,-0.070654906332492828,14,0,2.1053530187294185,-0.12995439808775977,map
S1,observed,225,8351000000,0,1,"solved_soft_dynamic","solved",110,0.29834545354537978,-0.036961740372696887,0.29994328256123864,0.60553190615917507,1.1301081427595236,0.36254702334769051,0.021924360906564827,0.038595450493857902,1.1256219999999999,1.5511699999999999,1,0.25604942247573459,0.20715673835645887,0,-0.070454908563988283,-0.052855860441923141,14,0,2.1331259220133134,-0.12740757096597244,map
S1,no_observed_dynamic,225,8351000000,0,1,"solved_soft_dynamic","solved",150,0.30890217949023518,0.022161300292071164,0.29910308448235229,0.60553190615917507,1.1290329032152346,0.3564283399403726,0,0,1.319461,1.6959200000000001,1,1000000000,1000000000,0,-0.070454908563988283,-0.052855860441923141,14,0,2.1331259220133134,-0.12740757096597244,map
S1,observed,226,8401000000,0,1,"solved_soft_dynamic","solved",140,0.30076924811313266,-0.04653167000345363,0.30078181244043295,0,0.49319704654757213,0.33227802054164224,0.024176546190582408,0.013058570992339976,1.2788360000000001,2.9098129999999998,0,0.25503109097742183,0.24613948536809849,0,-0.052855855756206438,-0.052855860441923141,14,1,2.161133575534179,-0.12449308166937198,map
S1,no_observed_dynamic,226,8401000000,0,1,"solved_soft_dynamic","solved",160,0.30744892794495993,0.0087125498373641537,0.30744656212707389,0,0.49204035857570944,0.33417455776004396,0,0,1.379059,1.7544119999999999,0,1000000000,1000000000,0,-0.052855855756206438,-0.052855860441923141,14,0,2.161133575534179,-0.12449308166937198,map
S1,observed,227,8451000000,0,1,"solved_soft_dynamic","solved",110,0.30318389018627129,-0.052916719277537744,0.30319818000239368,0.032949076890419322,0.53760869338636064,0.32981448262332058,0.009664695490127613,0.010391122644552761,1.092414,1.519334,1,0.25579204527331889,0.25579204527331889,0,-0.052655864055850543,-0.04088379442691803,14,0,2.1891138729624604,-0.12174042169034482,map
S1,no_observed_dynamic,227,8451000000,0,1,"solved_soft_dynamic","solved",100,0.30817634781473824,-0.0033161295523726955,0.30817723275373743,0.032949076890419322,0.53742258674765742,0.33218040858441955,0,0,1.0441940000000001,1.420785,1,1000000000,1000000000,0,-0.052655864055850543,-0.04088379442691803,14,0,2.1891138729624604,-0.12174042169034482,map
S1,observed,228,8501000000,0,1,"solved_soft_dynamic","solved",130,0.30598945500186547,-0.059439771562729816,0.30600305167063369,0.044265827340606786,0.57739614872665346,0.35639777054894123,0.011236822772467948,0.0098948336651779201,1.275412,1.6997390000000001,1,0.25153748774208529,0.25153748774208529,0,-0.040883787733037025,-0.04088379442691803,14,0,2.217475936114524,-0.11969862811474781,map
S1,no_observed_dynamic,228,8501000000,0,1,"solved_soft_dynamic","solved",140,0.30918732335391008,-0.014110346589329996,0.30919054485717701,0.044265827340606786,0.57686788890234564,0.35742985147067197,0,0,1.294306,1.6663699999999999,1,1000000000,1000000000,0,-0.040883787733037025,-0.04088379442691803,14,0,2.217475936114524,-0.11969862811474781,map
S1,observed,229,8551000000,0,1,"solved_soft_dynamic","solved",140,0.30743992151670713,-0.064881754385723869,0.30746761393037592,0.089541678945341083,0.59010760733918022,0.33148514406082952,0.0080694536887953288,0.0082748809663424246,1.263015,1.694556,1,0.25103535243403985,0.25103535243403985,0,-0.041083775795414113,-0.057624742388725281,14,0,2.2457844637780444,-0.11765060126938552,map
S1,no_observed_dynamic,229,8551000000,0,1,"solved_soft_dynamic","solved",140,0.30921182247955736,-0.023903198912552756,0.30922200680534973,0.089541678945341083,0.58957850190539629,0.33186715625916946,0,0,1.2741799999999999,1.6458300000000001,1,1000000000,1000000000,0,-0.041083775795414113,-0.057624742388725281,14,0,2.2457844637780444,-0.11765060126938552,map
S1,observed,230,8601000000,0,1,"solved_soft_dynamic","solved",140,0.30893386533931189,-0.068944252122443289,0.30896329330275957,0.10096304628047276,0.62950051920550432,0.35703254097394499,0.0068444555112344646,0.006454352475498022,1.303366,1.7283680000000001,1,0.25043786476200358,0.25043786476200358,0,-0.057624729379313067,-0.057624742388725281,14,0,2.274403274982459,-0.1171198296527364,map
S1,no_observed_dynamic,230,8601000000,0,1,"solved_soft_dynamic","solved",140,0.30955318138197141,-0.03214766603848767,0.30956688809266125,0.10096304628047276,0.62896210563773103,0.35680597439717104,0,0,1.321809,1.7006209999999999,1,1000000000,1000000000,0,-0.057624729379313067,-0.057624742388725281,14,0,2.274403274982459,-0.1171198296527364,map
S1,observed,231,8651000000,0,1,"solved_soft_dynamic","solved",110,0.31310605332433544,-0.072145470491856517,0.31315442025628554,0.14667049991436637,0.67855213170438966,0.34213505958469154,0.0063228537408062512,0.0058339837761875605,1.0843989999999999,1.5112459999999999,1,0.24854329360704164,0.24854329360704164,0,-0.057424744954914786,-0.050451807677745819,14,0,2.3029810853188755,-0.11662022161775201,map
S1,no_observed_dynamic,231,8651000000,0,1,"solved_soft_dynamic","solved",110,0.31273088301054636,-0.039003965369514983,0.31275699926568912,0.14667049991436637,0.6780343211240909,0.34142509252335618,0,0,1.08195,1.4553970000000001,1,1000000000,1000000000,0,-0.057424744954914786,-0.050451807677745819,14,0,2.3029810853188755,-0.11662022161775201,map
S1,observed,232,8701000000,0,1,"solved_soft_dynamic","solved",120,0.31260532831630305,-0.072489422933837547,0.3126539262861559,0.15824217356433282,0.6813662457666354,0.35793532141565199,0.0016520082081848307,0.0017525789969461325,1.199068,1.628182,1,0.27505840792136438,0.27505840792136438,0,-0.050451795686967671,-0.050451807677745819,14,0,2.3319997023769279,-0.1173927466185634,map
S1,no_observed_dynamic,232,8701000000,0,1,"solved_soft_dynamic","solved",120,0.31200604550297245,-0.044378097027096393,0.31203577004128552,0.15824217356433282,0.68116411131627341,0.35750540007216769,0,0,1.2069940000000001,1.577062,1,1000000000,1000000000,0,-0.050451795686967671,-0.050451807677745819,14,0,2.3319997023769279,-0.1173927466185634,map
S1,observed,233,8751000000,0,1,"solved_soft_dynamic","solved",120,0.31500747084075459,-0.071960873008969126,0.3150765015131945,0.2045461890379881,0.73050772543135833,0.34174924988406979,0.0015064417210983853,0.001421774122589261,1.279236,1.704922,1,0.27856467679209329,0.27856467679209329,0,-0.05025181126256939,-0.04373304545879364,14,0,2.3609466981275675,-0.11814069052190047,map
S1,no_observed_dynamic,233,8751000000,0,1,"solved_soft_dynamic","solved",110,0.31426618905059994,-0.048116087128745835,0.31431229799498933,0.2045461890379881,0.73035052154594826,0.34132063770522492,0,0,1.1421680000000001,1.5193839999999998,1,1000000000,1000000000,0,-0.05025181126256939,-0.04373304545879364,14,0,2.3609466981275675,-0.11814069052190047,map
S1,observed,234,8801000000,0,1,"solved_soft_dynamic","solved",140,0.31338471289937603,-0.070591213358186161,0.31346636448900084,0.21633927342956513,0.73357166493345893,0.35758656042181269,0.00077170308290619731,0.00079113605229729834,1.365691,1.7918319999999999,1,0.29367989208454393,0.29367989208454393,0,-0.043733034544857219,-0.04373304545879364,14,0,2.3906031986810694,-0.11951136546895665,map
S1,no_observed_dynamic,234,8801000000,0,1,"solved_soft_dynamic","solved",140,0.31263930585734467,-0.050561631251332832,0.31269773029901332,0.21633927342956513,0.73347295349818342,0.35720234858896099,0,0,1.351126,1.72594,1,1000000000,1000000000,0,-0.043733034544857219,-0.04373304545879364,14,0,2.3906031986810694,-0.11951136546895665,map
S1,observed,235,8851000000,0,1,"solved_soft_dynamic","solved",120,0.3148050327284081,-0.068014427566289851,0.31490947835517574,0.26360548810160511,0.78291944709823946,0.34045440515229325,0.00049238381165941242,0.00047803722922519102,1.1323369999999999,1.5610269999999999,1,0.30464375069240934,0.30464375069240934,0,-0.043133061990374699,-0.038748465478420258,14,0,2.4201566606235208,-0.12089732668149403,map
S1,no_observed_dynamic,235,8851000000,0,1,"solved_soft_dynamic","solved",110,0.31413776995066806,-0.051265389108445018,0.31421640382597049,0.26360548810160511,0.78287129314246007,0.34020041919950783,0,0,1.0846390000000001,1.4579669999999998,1,1000000000,1000000000,0,-0.043133061990374699,-0.038748465478420258,14,0,2.4201566606235208,-0.12089732668149403,map
S1,observed,236,8901000000,0,1,"solved_soft_dynamic","solved",150,0.31610932941382758,-0.064615332378542806,0.31620853502417418,0.27569530507414519,0.82242322905056264,0.36709748404759523,0.00035853620056070602,0.00035134685353613114,1.3472110000000002,1.77355,1,0.31281319181505352,0.31281319181505352,0,-0.038748457882320508,-0.038748465478420258,14,0,2.4505711725816921,-0.12236141577317487,map
S1,no_observed_dynamic,236,8901000000,0,1,"solved_soft_dynamic","solved",150,0.31552449434910368,-0.050634266747622829,0.31560215393229524,0.27569530507414519,0.8223884092397582,0.36688605362015092,0,0,1.3454540000000001,1.7149019999999999,1,1000000000,1000000000,0,-0.038748457882320508,-0.038748465478420258,14,0,2.4505711725816921,-0.12236141577317487,map
S1,observed,237,8951000000,0,1,"solved_soft_dynamic","solved",150,0.31637467084213516,-0.060265996344086033,0.31649268432201305,0.32413693688372758,0.83582653400611917,0.34033906629933441,0.00027050014864219644,0.00027172484225417124,1.323501,1.759674,1,0.31381595667776874,0.31381595667776874,0,-0.038548469819943421,-0.027904875576496124,14,0,2.4808525112899091,-0.12390780249176021,map
S1,no_observed_dynamic,237,8951000000,0,1,"solved_soft_dynamic","solved",150,0.31587725975384473,-0.04862867080334303,0.31597236751877211,0.32413693688372758,0.83581574035810624,0.34018469581979416,0,0,1.3196049999999999,1.6913180000000001,1,1000000000,1000000000,0,-0.038548469819943421,-0.027904875576496124,14,0,2.4808525112899091,-0.12390780249176021,map
S1,observed,238,9001000000,0,1,"solved_soft_dynamic","solved",150,0.31655428679028713,-0.055287612988833619,0.31667333776008577,0.33651335104373548,0.87533302348102737,0.36668599542152519,0.0001662338595419318,0.00016560964692619219,1.358471,1.792797,1,0.3278930095772945,0.3278930095772945,0,-0.027904870876227506,-0.027904875576496124,14,0,2.512029345288564,-0.12531579002413254,map
S1,no_observed_dynamic,238,9001000000,0,1,"solved_soft_dynamic","solved",150,0.31614631702380463,-0.045621367977326355,0.31624442468293279,0.33651335104373548,0.87532870295524301,0.36657244447214821,0,0,1.353753,1.72905,1,1000000000,1000000000,0,-0.027904870876227506,-0.027904875576496124,14,0,2.512029345288564,-0.12531579002413254,map
S1,observed,239,9051000000,0,1,"solved_soft_dynamic","solved",150,0.31584320418798578,-0.04960716426786034,0.31597454309119788,0.38618266230433118,0.88911854502261878,0.33890284378838065,0.00026367982767192363,0.00026455096876111398,1.3231849999999998,1.75556,1,0.31566777608899343,0.31566777608899343,0,-0.028104858938604593,-0.055871088057756424,14,0,2.5430782743203357,-0.12681630720043643,map
S1,no_observed_dynamic,239,9051000000,0,1,"solved_soft_dynamic","solved",150,0.31547931502831239,-0.041534949505998515,0.3155891001668048,0.38618266230433118,0.88911416593370429,0.33875345110429828,0,0,1.3192729999999999,1.684863,1,1000000000,1000000000,0,-0.028104858938604593,-0.055871088057756424,14,0,2.5430782743203357,-0.12681630720043643,map
S1,observed,240,9101000000,0,1,"solved_soft_dynamic","solved",150,0.31509230341260341,-0.043593436986832268,0.31520758666586784,0.39880656356414973,0.9286467637080924,0.36383831177603976,5.1654658081123195e-05,5.155633686153602e-05,1.359345,1.793274,1,0.35723357344141837,0.35723357344141837,0,-0.055277803767239675,-0.055871088057756424,14,0,2.5747797777420747,-0.12784607144533924,map
S1,no_observed_dynamic,240,9101000000,0,1,"solved_soft_dynamic","solved",150,0.31479840038687734,-0.036911013631288535,0.31489584075611077,0.39880656356414973,0.92865289192243083,0.3638504584852934,0,0,1.376824,1.7534989999999999,1,1000000000,1000000000,0,-0.055277803767239675,-0.055871088057756424,14,0,2.5747797777420747,-0.12784607144533924,map
S1,observed,241,9151000000,0,1,"solved_soft_dynamic","solved",70,0.31647024117085998,-0.037269576851612758,0.30921373510533523,0.43940335412329828,0.97615920724261152,0.35434181843916773,2.3988006397203051e-05,2.3942369320266971e-05,0.84198300000000004,1.2668320000000002,1,0.37283415563908284,0.37283415563908284,0,-0.055871081713121384,-0.038889855146408081,14,0,2.606373520257073,-0.12908904399652671,map
S1,no_observed_dynamic,241,9151000000,0,1,"solved_soft_dynamic","solved",70,0.31622784779497315,-0.031743482340248562,0.30967230949264263,0.43940335412329828,0.9761676994732631,0.35455113739547045,0,0,0.82799999999999996,1.2007590000000001,1,1000000000,1000000000,0,-0.055871081713121384,-0.038889855146408081,14,0,2.606373520257073,-0.12908904399652671,map
S1,observed,242,9201000000,0,1,"solved_soft_dynamic","solved",120,0.3147376866931007,-0.031339173066442232,0.30905548068463701,0.46417622056716457,0.9829546657065531,0.35677650327546562,1.4091979802560566e-05,1.409764077783745e-05,1.193913,1.6194470000000001,1,0.38085479775915221,0.38085479775915221,0,-0.038889851566636935,-0.038889855146408081,14,0,2.6379245090537511,-0.1296835289665971,map
S1,no_observed_dynamic,242,9201000000,0,1,"solved_soft_dynamic","solved",120,0.31453687659353624,-0.026770412937566174,0.30938073734563099,0.46417622056716457,0.9829591954371919,0.35692145104856082,0,0,1.1927649999999999,1.567043,1,1000000000,1000000000,0,-0.038889851566636935,-0.038889855146408081,14,0,2.6379245090537511,-0.1296835289665971,map
S1,observed,243,9251000000,0,1,"solved_soft_dynamic","solved",110,0.31502220010356163,-0.025590312388606817,0.31093780108775976,0.50152360206061641,1.0295622686506687,0.35363311001040892,4.7539238113397614e-06,4.7539238113397614e-06,1.1083200000000002,1.5375670000000001,1,0.39770449514445649,0.39770449514445649,0,-0.038889851566636935,-0.054674088954925537,14,0,2.6694816796751408,-0.13046484289768995,map
S1,no_observed_dynamic,243,9251000000,0,1,"solved_soft_dynamic","solved",110,0.31485464527759399,-0.021813547271441452,0.31114519501181659,0.50152360206061641,1.0295634093690134,0.35371326227732963,0,0,1.1164530000000001,1.4943630000000001,1,1000000000,1000000000,0,-0.038889851566636935,-0.054674088954925537,14,0,2.6694816796751408,-0.13046484289768995,map
S1,observed,244,9301000000,0,1,"solved_soft_dynamic","solved",140,0.31621179633279622,-0.020183692331785231,0.31308677653467726,0.52639663245543189,1.0726897822128934,0.36567091579435901,0,0,1.281522,1.7071670000000001,1,1000000000,1000000000,0,-0.054674081184202805,-0.054674088954925537,14,0,2.700643815806957,-0.13095979884614903,map
S1,no_observed_dynamic,244,9301000000,0,1,"solved_soft_dynamic","solved",140,0.316070909412906,-0.017061632712428141,0.31322906582320126,0.52639663245543189,1.0726894090010859,0.36571842195834314,0,0,1.280362,1.6516149999999998,1,1000000000,1000000000,0,-0.054674081184202805,-0.054674088954925537,14,0,2.700643815806957,-0.13095979884614903,map
S1,observed,245,9351000000,0,1,"solved_soft_dynamic","solved",120,0.31531719468096703,-0.015194178978105998,0.31340461831321437,0.56357810563441757,1.0829754770591817,0.35287097365705805,0,0,1.214782,1.644652,1,1000000000,1000000000,0,-0.054674081184202805,-0.071019746363162994,14,0,2.7318742081852214,-0.13163073939186051,map
S1,no_observed_dynamic,245,9351000000,0,1,"solved_soft_dynamic","solved",120,0.31519764209725121,-0.012613321567324854,0.31347121352802121,0.56357810563441757,1.0829738535624411,0.35289117977910145,0,0,1.185727,1.5584550000000001,1,1000000000,1000000000,0,-0.054674081184202805,-0.071019746363162994,14,0,2.7318742081852214,-0.13163073939186051,map
S1,observed,246,9401000000,0,1,"solved_soft_dynamic","solved",140,0.31558021720929658,-0.010714365747817062,0.31429174881325567,0.58820769590220223,1.1259814776825663,0.36378324782588217,0,0,1.303566,1.7420450000000001,1,1000000000,1000000000,0,-0.07101973460521549,-0.071019746363162994,14,0,2.7623342364755583,-0.13165352991616588,map
S1,no_observed_dynamic,246,9401000000,0,1,"solved_soft_dynamic","solved",140,0.31547848431030423,-0.0085808819823643342,0.31432368738137456,0.58820769590220223,1.1259794548832849,0.36378862422854086,0,0,1.303021,1.6804429999999999,1,1000000000,1000000000,0,-0.07101973460521549,-0.071019746363162994,14,0,2.7623342364755583,-0.13165352991616588,map
S1,observed,247,9451000000,0,1,"solved_soft_dynamic","solved",160,0.3178232214276725,-0.015903768093937003,0.3178360834720661,0.023943815243135408,0.57182561461981152,0.36176812237183448,0,0,1.44584,2.942517,0,1000000000,1000000000,0,-0.07101973460521549,-0.085986711084842682,14,1,2.792925093949211,-0.13194551518443645,map
S1,no_observed_dynamic,247,9451000000,0,1,"solved_soft_dynamic","solved",160,0.31773409401436942,-0.014140038259700505,0.31774551796917094,0.023943815243135408,0.57181662817011081,0.36171304099729151,0,0,1.433532,1.8056979999999998,0,1000000000,1000000000,0,-0.07101973460521549,-0.085986711084842682,14,0,2.792925093949211,-0.13194551518443645,map
S1,observed,248,9501000000,0,1,"solved_soft_dynamic","solved",150,0.31709934360187286,-0.020314953778657968,0.31710830202153634,0.048195219533342,0.57853512170515609,0.36312328797713905,0,0,1.316546,1.752216,1,1000000000,1000000000,0,-0.085986699559725821,-0.085986711084842682,14,0,2.8227789461489023,-0.13170465504091461,map
S1,no_observed_dynamic,248,9501000000,0,1,"solved_soft_dynamic","solved",150,0.31702125218367894,-0.018856893872600915,0.31702956541242328,0.048195219533342,0.57852721880018143,0.36307509144298467,0,0,1.3534330000000001,1.7275039999999999,1,1000000000,1000000000,0,-0.085986699559725821,-0.085986711084842682,14,0,2.8227789461489023,-0.13170465504091461,map
S1,observed,249,9551000000,0,1,"solved_soft_dynamic","solved",120,0.31840693357253996,-0.023928885995020133,0.31842509718984791,0.084154059585356406,0.62482717686863765,0.35997204097666702,0,0,1.160987,1.5931420000000001,1,1000000000,1000000000,0,-0.085986699559725821,-0.11599232256412506,13,0,2.8527498910221607,-0.13173610666858115,map
S1,no_observed_dynamic,249,9551000000,0,1,"solved_soft_dynamic","solved",120,0.31833863882497704,-0.022723539014562772,0.31835588285566291,0.084154059585356406,0.62482060492580682,0.35993022994301088,0,0,1.154504,1.525369,1,1000000000,1000000000,0,-0.085986699559725821,-0.11599232256412506,13,0,2.8527498910221607,-0.13173610666858115,map
S1,observed,250,9601000000,0,1,"solved_soft_dynamic","solved",150,0.31868680023093621,-0.02680735626740318,0.31871727010799866,0.13146037474784156,0.63807496826515275,0.33315599720095135,0,0,1.3424209999999999,1.773137,1,1000000000,1000000000,0,-0.1159923049272038,-0.11599232256412506,14,0,2.8820694779777285,-0.13206832854086448,map
S1,no_observed_dynamic,250,9601000000,0,1,"solved_soft_dynamic","solved",150,0.31862767329548536,-0.025810948862050195,0.3186570029142316,0.13146037474784156,0.63807006750082762,0.33312169671162345,0,0,1.3336159999999999,1.711131,1,1000000000,1000000000,0,-0.1159923049272038,-0.11599232256412506,14,0,2.8820694779777285,-0.13206832854086448,map
S1,observed,251,9651000000,0,1,"solved_soft_dynamic","solved",150,0.31913259124622234,-0.028837947054201729,0.31916538465657995,0.14323038932284179,0.67749594833419546,0.35856956942110862,0,0,1.3704229999999999,1.796108,1,1000000000,1000000000,0,-0.1159923049272038,-0.13309749960899353,14,0,2.911493794754314,-0.13248451285478158,map
S1,no_observed_dynamic,251,9651000000,0,1,"solved_soft_dynamic","solved",150,0.31908139023434312,-0.028014263079968408,0.31911324104734495,0.14323038932284179,0.67749167037666036,0.35853978236694706,0,0,1.371464,1.742054,1,1000000000,1000000000,0,-0.1159923049272038,-0.13309749960899353,14,0,2.911493794754314,-0.13248451285478158,map
S1,observed,252,9701000000,0,1,"solved_soft_dynamic","solved",110,0.32243189587569537,-0.029914846856652126,0.32248075613809873,0.19008085464361454,0.72687029816271909,0.34267775057631678,0,0,1.0803910000000001,1.5107460000000001,1,1000000000,1000000000,0,-0.13309747737366706,-0.13309749960899353,14,0,2.9406940800066068,-0.13289018777474806,map
S1,no_observed_dynamic,252,9701000000,0,1,"solved_soft_dynamic","solved",110,0.32238883609683355,-0.029233932472388237,0.32243657430690242,0.19008085464361454,0.72686775338787513,0.34265620468253544,0,0,1.0930980000000001,1.4636989999999999,1,1000000000,1000000000,0,-0.13309747737366706,-0.13309749960899353,14,0,2.9406940800066068,-0.13289018777474806,map
S1,observed,253,9751000000,0,1,"solved_soft_dynamic","solved",120,0.32174437893652846,-0.030412676703409969,0.32179406052968046,0.20177720634536991,0.72999861749956996,0.3587490577978128,0,0,1.2034149999999999,1.6367099999999999,1,1000000000,1000000000,0,-0.13309747737366706,-0.15128421783447266,14,0,2.9699336293950465,-0.13346706117699503,map
S1,no_observed_dynamic,253,9751000000,0,1,"solved_soft_dynamic","solved",120,0.32170808641571946,-0.029849789553558707,0.32175684044997255,0.20177720634536991,0.72999651835628843,0.35873060720148409,0,0,1.187147,1.561412,1,1000000000,1000000000,0,-0.13309747737366706,-0.15128421783447266,14,0,2.9699336293950465,-0.13346706117699503,map
S1,observed,254,9801000000,0,1,"solved_soft_dynamic","solved",120,0.3232066222668078,-0.029941571321599313,0.32327296923809384,0.23642965337498176,0.77579144357312901,0.35596734693505738,0,0,1.1858229999999998,1.61127,1,1000000000,1000000000,0,-0.15128419909160584,-0.15128421783447266,14,0,2.9985156380103715,-0.1338619207080147,map
S1,no_observed_dynamic,254,9801000000,0,1,"solved_soft_dynamic","solved",120,0.3231766105875018,-0.029476229798383848,0.32324191385633394,0.23642965337498176,0.77579022753893967,0.35595349027535611,0,0,1.1759269999999999,1.55307,1,1000000000,1000000000,0,-0.15128419909160584,-0.15128421783447266,14,0,2.9985156380103715,-0.1338619207080147,map
S1,observed,255,9851000000,0,1,"solved_soft_dynamic","solved",140,0.32187196097850407,-0.028880186426509202,0.32194579396944029,0.25937393678254644,0.78206062705825174,0.35738964940316742,0,0,1.316713,1.7403279999999999,1,1000000000,1000000000,0,-0.15128419909160584,-0.15128421783447266,14,0,3.0272001602513003,-0.13451074570127053,map
S1,no_observed_dynamic,255,9851000000,0,1,"solved_soft_dynamic","solved",140,0.32184735339747439,-0.028495476528891162,0.32192018852411231,0.25937393678254644,0.78205976779861119,0.35737871155051953,0,0,1.314047,1.6855010000000001,1,1000000000,1000000000,0,-0.15128419909160584,-0.15128421783447266,14,0,3.0272001602513003,-0.13451074570127053,map
S1,observed,256,9901000000,0,1,"solved_soft_dynamic","solved",120,0.32275096112059382,-0.026656831102053961,0.32282767073301871,0.29378849397149437,0.82782383769163204,0.35470150173992693,0,0,1.174631,1.6030470000000001,1,1000000000,1000000000,0,-0.15128419909160584,-0.15650509297847748,14,0,3.0558777152918979,-0.13542251921600873,map
S1,no_observed_dynamic,256,9901000000,0,1,"solved_soft_dynamic","solved",120,0.3227311434090791,-0.026338762924177063,0.32280692128440175,0.29378849397149437,0.82782332936832792,0.35469357901519766,0,0,1.178663,1.553172,1,1000000000,1000000000,0,-0.15128419909160584,-0.15650509297847748,14,0,3.0558777152918979,-0.13542251921600873,map
S1,observed,257,9951000000,0,1,"solved_soft_dynamic","solved",120,0.32112740466593714,-0.024027030275057218,0.32120555382314259,0.31607611701723159,0.83390202037076488,0.35544176709175712,0,0,1.197592,1.6200970000000001,1,1000000000,1000000000,0,-0.15650507702957839,-0.15260474383831024,14,0,3.0830883509127802,-0.13575971345746307,map
S1,no_observed_dynamic,257,9951000000,0,1,"solved_soft_dynamic","solved",120,0.32111164514747431,-0.023764050779906853,0.32118891959081297,0.31607611701723159,0.83390174510529413,0.35543597568301905,0,0,1.186364,1.5608420000000001,1,1000000000,1000000000,0,-0.15650507702957839,-0.15260474383831024,14,0,3.0830883509127802,-0.13575971345746307,map
S1,observed,258,10001000000,0,1,"solved_soft_dynamic","solved",130,0.32191866199440433,-0.020908134226905181,0.32199307074421685,0.34820397115614216,0.87906114806279478,0.35283494546123906,0,0,1.231112,1.651125,1,1000000000,1000000000,0,-0.15260472719091922,-0.15260474383831024,14,0,3.1093462243723131,-0.13566906819883351,map
S1,no_observed_dynamic,258,10001000000,0,1,"solved_soft_dynamic","solved",130,0.32190607227828277,-0.02069071096842523,0.32197968489010087,0.34820397115614216,0.87906088556542517,0.35283013700820276,0,0,1.2299310000000001,1.5987309999999999,1,1000000000,1000000000,0,-0.15260472719091922,-0.15260474383831024,14,0,3.1093462243723131,-0.13566906819883351,map
S1,observed,259,10051000000,0,1,"solved_soft_dynamic","solved",120,0.32023966147620647,-0.017553115655622984,0.32030925973460445,0.36931754464211591,0.884801372970629,0.35425430522296353,0,0,1.1845810000000001,1.6068630000000002,1,1000000000,1000000000,0,-0.15260472719091922,-0.15314635634422302,14,0,3.135746176602149,-0.13585927456594432,map
S1,no_observed_dynamic,259,10051000000,0,1,"solved_soft_dynamic","solved",120,0.32022946075764003,-0.017373368468860284,0.32029831857330171,0.36931754464211591,0.88480127980197709,0.35424978556676329,0,0,1.2047410000000001,1.5779240000000001,1,1000000000,1000000000,0,-0.15260472719091922,-0.15314635634422302,14,0,3.135746176602149,-0.13585927456594432,map
S1,observed,260,10101000000,0,1,"solved_soft_dynamic","solved",130,0.32105003708308516,-0.014080759248805634,0.32111016624242877,0.4002011752535698,0.92961669124832214,0.35064340105183073,0,0,1.236038,1.664326,1,1000000000,1000000000,0,-0.15314633492380381,-0.15314635634422302,14,0,3.1608906845484737,-0.13563061987592942,map
S1,no_observed_dynamic,260,10101000000,0,1,"solved_soft_dynamic","solved",130,0.32104166287322067,-0.013932174005596515,0.32110112329106755,0.4002011752535698,0.92961667233215284,0.35064431766061627,0,0,1.2555879999999999,1.630541,1,1000000000,1000000000,0,-0.15314633492380381,-0.15314635634422302,14,0,3.1608906845484737,-0.13563061987592942,map
S1,observed,261,10151000000,0,1,"solved_soft_dynamic","solved",120,0.31959831912311476,-0.01070140158475694,0.31488229417469393,0.42246380563966635,0.93572051431397973,0.34837388017235715,0,0,1.212901,1.639143,1,1000000000,1000000000,0,-0.15314633492380381,-0.13775232434272766,14,0,3.1861828559854883,-0.13565905434177844,map
S1,no_observed_dynamic,261,10151000000,0,1,"solved_soft_dynamic","solved",120,0.31959134309100135,-0.010578578755961202,0.31489273712977978,0.42246380563966635,0.93572054111919145,0.34837780363419252,0,0,1.180636,1.5542939999999998,1,1000000000,1000000000,0,-0.15314633492380381,-0.13775232434272766,14,0,3.1861828559854883,-0.13565905434177844,map
S1,observed,262,10201000000,0,1,"solved_soft_dynamic","solved",130,0.32067250124945429,-0.0075165182045496565,0.31741179624489052,0.45149213210176631,0.98008632481352986,0.34758534731489638,0,0,1.261835,1.6898659999999999,1,1000000000,1000000000,0,-0.13775230036117136,-0.13775232434272766,14,0,3.2100635438341931,-0.13528469554027203,map
S1,no_observed_dynamic,262,10201000000,0,1,"solved_soft_dynamic","solved",130,0.32066665966117952,-0.0074149897340498681,0.31741827169761977,0.45149213210176631,0.98008627307839935,0.34758776345234838,0,0,1.2340439999999999,1.603496,1,1000000000,1000000000,0,-0.13775230036117136,-0.13775232434272766,14,0,3.2100635438341931,-0.13528469554027203,map
S1,observed,263,10251000000,0,1,"solved_soft_dynamic","solved",110,0.31941376999937576,-0.0046137841195722888,0.31695071057693869,0.4705219513003468,0.98533266659444008,0.34923014791308193,0,0,1.233965,1.6643030000000001,1,1000000000,1000000000,0,-0.13775230036117136,-0.1367342472076416,14,0,3.2340928295112712,-0.13513373914409307,map
S1,no_observed_dynamic,263,10251000000,0,1,"solved_soft_dynamic","solved",110,0.31940884279377646,-0.0045298580903106508,0.31695508144545076,0.4705219513003468,0.985332564053086,0.34923151234242278,0,0,1.1899390000000001,1.5603290000000001,1,1000000000,1000000000,0,-0.13775230036117136,-0.1367342472076416,14,0,3.2340928295112712,-0.13513373914409307,map
S1,observed,264,10301000000,0,1,"solved_soft_dynamic","solved",130,0.32079045343667478,-0.0019878128330298693,0.31913879604330031,0.49816450861262535,1.0293271758367981,0.34861630016374867,0,0,1.229177,1.654315,1,1000000000,1000000000,0,-0.13673423381987959,-0.1367342472076416,14,0,3.256506453975287,-0.13467487711190063,map
S1,no_observed_dynamic,264,10301000000,0,1,"solved_soft_dynamic","solved",130,0.32078627790008457,-0.0019184369072711123,0.31914125567093027,0.49816450861262535,1.0293270511852042,0.34861696932535224,0,0,1.2731789999999998,1.6462919999999999,1,1000000000,1000000000,0,-0.13673423381987959,-0.1367342472076416,14,0,3.256506453975287,-0.13467487711190063,map
S1,observed,265,10351000000,0,1,"solved_soft_dynamic","solved",120,0.31994121601366377,0.00030332186814324659,0.3187361387226168,0.51612720306777538,1.0342872862811916,0.35011608750180512,0,0,1.201263,1.631286,1,1000000000,1000000000,0,-0.13673423381987959,-0.12623819708824158,14,0,3.2790639722928061,-0.13440972123576281,map
S1,no_observed_dynamic,265,10351000000,0,1,"solved_soft_dynamic","solved",120,0.31993766754665576,0.00036067025375340197,0.31873763115300802,0.51612720306777538,1.0342871548995962,0.35011631983282226,0,0,1.1924060000000001,1.563048,1,1000000000,1000000000,0,-0.13673423381987959,-0.12623819708824158,14,0,3.2790639722928061,-0.13440972123576281,map
S1,observed,266,10401000000,0,1,"solved_soft_dynamic","solved",130,0.32180939980095097,0.0023024370605235845,0.32105051491246728,0.54200765184380439,1.0778142076524786,0.35009255621811963,0,0,1.2273850000000002,1.6581840000000001,1,1000000000,1000000000,0,-0.12623818474821746,-0.12623819708824158,14,0,3.2997818119229447,-0.13377486409730405,map
S1,no_observed_dynamic,266,10401000000,0,1,"solved_soft_dynamic","solved",130,0.32180636311024008,0.0023498433922962995,0.3210510966058881,0.54200765184380439,1.0778140726253391,0.35009245155360225,0,0,1.220434,1.5980779999999999,1,1000000000,1000000000,0,-0.12623818474821746,-0.12623819708824158,14,0,3.2997818119229447,-0.13377486409730405,map
S1,observed,267,10451000000,0,1,"solved_soft_dynamic","solved",170,0.32190516443965778,-0.0053743592854319962,0.32191864596380099,0.007657033914535134,0.53315463467959712,0.35291099974664741,0,0,1.4776899999999999,2.949049,0,1000000000,1000000000,0,-0.12623818474821746,-0.12160411477088928,14,1,3.3206238727398283,-0.13331154531085176,map
S1,no_observed_dynamic,267,10451000000,0,1,"solved_soft_dynamic","solved",170,0.32190250702582984,-0.0053351721108877504,0.32191588149967038,0.007657033914535134,0.53315425065751043,0.35290938812297973,0,0,1.458331,1.831013,0,1000000000,1000000000,0,-0.12623818474821746,-0.12160411477088928,14,0,3.3206238727398283,-0.13331154531085176,map
S1,observed,268,10501000000,0,1,"solved_soft_dynamic","solved",110,0.32084716845910399,-0.011948138136599732,0.32086589961729811,0.031606262776213034,0.53994247100580783,0.34290267958705101,0,0,1.184758,1.6153529999999998,1,1000000000,1000000000,0,-0.12160409823991358,-0.12160411477088928,14,0,3.3396979971917982,-0.1324008825014811,map
S1,no_observed_dynamic,268,10501000000,0,1,"solved_soft_dynamic","solved",110,0.32084483503284439,-0.011915743534674228,0.32086351429234827,0.031606262776213034,0.53994215124119249,0.34290124451142356,0,0,1.1638580000000001,1.534562,1,1000000000,1000000000,0,-0.12160409823991358,-0.12160411477088928,14,0,3.3396979971917982,-0.1324008825014811,map
S1,observed,269,10551000000,0,1,"solved_soft_dynamic","solved",140,0.32194035385088626,-0.017541029166058618,0.32196804437267085,0.046966988285172734,0.58079962382555073,0.35362966892189995,0,0,1.3000080000000001,1.7194510000000001,1,1000000000,1000000000,0,-0.12160409823991358,-0.10223995894193649,14,0,3.3589021727087967,-0.13166058210723888,map
S1,no_observed_dynamic,269,10551000000,0,1,"solved_soft_dynamic","solved",140,0.32193831458254102,-0.017514251262445855,0.32196596220416784,0.046966988285172734,0.58079935640959868,0.35362844723947245,0,0,1.336608,1.7127410000000001,1,1000000000,1000000000,0,-0.12160409823991358,-0.10223995894193649,14,0,3.3589021727087967,-0.13166058210723888,map
S1,observed,270,10601000000,0,1,"solved_soft_dynamic","solved",100,0.32192717379214225,-0.022448510332815412,0.32197539010887632,0.069533646196556734,0.58757298420694581,0.3457587035975731,0,0,1.1017329999999999,1.519639,1,1000000000,1000000000,0,-0.10223994468105957,-0.10223995894193649,14,0,3.3773867409478222,-0.13105641435324933,map
S1,no_observed_dynamic,270,10601000000,0,1,"solved_soft_dynamic","solved",100,0.32192541151526127,-0.022426376269413406,0.32197357953962785,0.069533646196556734,0.58757275921324992,0.34575770911143311,0,0,1.0735059999999998,1.445263,1,1000000000,1000000000,0,-0.10223994468105957,-0.10223995894193649,14,0,3.3773867409478222,-0.13105641435324933,map
S1,observed,271,10651000000,0,1,"solved_soft_dynamic","solved",140,0.32391242137010701,-0.026301923287034179,0.3239830519494481,0.084403292835294852,0.62834068227544937,0.35686784661961746,0,0,1.304897,1.72736,1,1000000000,1000000000,0,-0.10223994468105957,-0.1069258451461792,14,0,3.3959895987993285,-0.13051816812878,map
S1,no_observed_dynamic,271,10651000000,0,1,"solved_soft_dynamic","solved",140,0.32391089712482629,-0.026283627727308401,0.32398147773895175,0.084403292835294852,0.62834049252140955,0.35686697790618965,0,0,1.2813410000000001,1.651211,1,1000000000,1000000000,0,-0.10223994468105957,-0.1069258451461792,14,0,3.3959895987993285,-0.13051816812878,map
S1,observed,272,10701000000,0,1,"solved_soft_dynamic","solved",140,0.32520188641356468,-0.029600031699890124,0.32530246347652358,0.1057965613391654,0.63648402944737936,0.35094689095765202,0,0,1.2594689999999999,1.680968,1,1000000000,1000000000,0,-0.10692582873161882,-0.1069258451461792,14,0,3.4131363396422363,-0.13030532544520171,map
S1,no_observed_dynamic,272,10701000000,0,1,"solved_soft_dynamic","solved",140,0.32520058013256387,-0.02958490776431558,0.32530110481741592,0.1057965613391654,0.63648378298408703,0.35094617907784526,0,0,1.2514099999999999,1.6253089999999999,1,1000000000,1000000000,0,-0.10692582873161882,-0.1069258451461792,14,0,3.4131363396422363,-0.13030532544520171,map
S1,observed,273,10751000000,0,1,"solved_soft_dynamic","solved",140,0.3248905900659021,-0.032313677368927346,0.32500056846026931,0.1196465413834345,0.64130513004181133,0.3524044505529238,0,0,1.3187599999999999,1.738386,1,1000000000,1000000000,0,-0.10692582873161882,-0.10260067880153656,14,0,3.4304502233259848,-0.13011326530218281,map
S1,no_observed_dynamic,273,10751000000,0,1,"solved_soft_dynamic","solved",140,0.3248894832406346,-0.032301174656854295,0.3249994183350326,0.1196465413834345,0.64130493405758449,0.35240388087303148,0,0,1.2817499999999999,1.6517770000000001,1,1000000000,1000000000,0,-0.10692582873161882,-0.10260067880153656,14,0,3.4304502233259848,-0.13011326530218281,map
S1,observed,274,10801000000,0,1,"solved_soft_dynamic","solved",140,0.32775037588270167,-0.034070554798221082,0.32788945700863481,0.1395401009664323,0.68574917211736774,0.3558861460007689,0,0,1.326003,1.750159,1,1000000000,1000000000,0,-0.10260066483169794,-0.10260067880153656,14,0,3.4463862957420055,-0.13021267751896101,map
S1,no_observed_dynamic,274,10801000000,0,1,"solved_soft_dynamic","solved",140,0.32774944555246044,-0.034060218835094247,0.32788848363084011,0.1395401009664323,0.68574898624343783,0.35588568499811002,0,0,1.2837580000000002,1.6534900000000001,1,1000000000,1000000000,0,-0.10260066483169794,-0.10260067880153656,14,0,3.4463862957420055,-0.13021267751896101,map
S1,observed,275,10851000000,0,1,"solved_soft_dynamic","solved",130,0.32991813129423259,-0.035402620661834659,0.33006274248351697,0.152421413881622,0.69414606375266008,0.3607722301098889,0,0,1.22865,1.6470910000000001,1,1000000000,1000000000,0,-0.10260066483169794,-0.099721699953079224,14,0,3.4624875568846627,-0.13032907458884868,map
S1,no_observed_dynamic,275,10851000000,0,1,"solved_soft_dynamic","solved",130,0.32991735190920268,-0.035394076552539552,0.3300619275137941,0.152421413881622,0.69414588013376155,0.36077185742376516,0,0,1.2383380000000002,1.6129199999999999,1,1000000000,1000000000,0,-0.10260066483169794,-0.099721699953079224,14,0,3.4624875568846627,-0.13032907458884868,map
S1,observed,276,10901000000,0,1,"solved_soft_dynamic","solved",150,0.33139743002075739,-0.036108503509953198,0.33157662602428817,0.17075927258433496,0.69986540784059126,0.3554773402307253,0,0,1.330576,1.7496350000000001,1,1000000000,1000000000,0,-0.099721684819087386,-0.099721699953079224,14,0,3.4770563064813018,-0.13033862757643647,map
S1,no_observed_dynamic,276,10901000000,0,1,"solved_soft_dynamic","solved",150,0.33139678441906223,-0.036101440536689816,0.33157594454262734,0.17075927258433496,0.69986527844582969,0.35547704939014191,0,0,1.3232630000000001,1.6939609999999998,1,1000000000,1000000000,0,-0.099721684819087386,-0.099721699953079224,14,0,3.4770563064813018,-0.13033862757643647,map
S1,observed,277,10951000000,0,1,"solved_soft_dynamic","solved",100,0.33208660439224186,-0.036419112936953643,0.33229745116636833,0.18254231741281959,0.70781910719677854,0.35837230280620885,0,0,1.074624,1.5017199999999999,1,1000000000,1000000000,0,-0.099721684819087386,-0.076247565448284149,14,0,3.4918068934631967,-0.13042144107446882,map
S1,no_observed_dynamic,277,10951000000,0,1,"solved_soft_dynamic","solved",100,0.33208606680383163,-0.036413274681769588,0.33229687884452747,0.18254231741281959,0.70781898163657653,0.35837205327989402,0,0,1.083294,1.453635,1,1000000000,1000000000,0,-0.099721684819087386,-0.076247565448284149,14,0,3.4918068934631967,-0.13042144107446882,map
S1,observed,278,11001000000,0,1,"solved_soft_dynamic","solved",110,0.33536482393504724,-0.035959150059421047,0.33557287546311931,0.19964175893414907,0.74644172589613422,0.36212217542648883,0,0,1.1056169999999998,1.5284549999999999,1,1000000000,1000000000,0,-0.076247553806751966,-0.076247565448284149,14,0,3.5056153456437138,-0.12979433061356388,map
S1,no_observed_dynamic,278,11001000000,0,1,"solved_soft_dynamic","solved",110,0.33536438763930648,-0.03595432501300018,0.33557241046167169,0.19964175893414907,0.74644172589613422,0.36212201704163699,0,0,1.124822,1.4964950000000001,1,1000000000,1000000000,0,-0.076247553806751966,-0.076247565448284149,14,0,3.5056153456437138,-0.12979433061356388,map
S1,observed,279,11051000000,0,1,"solved_soft_dynamic","solved",100,0.3391699023841257,-0.035000624056979207,0.33940821485582123,0.21076312887082238,0.74644172589613411,0.37012781889370316,0,0,1.0317720000000001,1.451328,1,1000000000,1000000000,0,-0.076247553806751966,-0.066393472254276276,14,0,3.5195499829201862,-0.12933034023242487,map
S1,no_observed_dynamic,279,11051000000,0,1,"solved_soft_dynamic","solved",100,0.33916955583807734,-0.034996636243712631,0.33940784020589365,0.21076312887082238,0.74644172589613422,0.3701277177617639,0,0,1.0321659999999999,1.402679,1,1000000000,1000000000,0,-0.076247553806751966,-0.066393472254276276,14,0,3.5195499829201862,-0.12933034023242487,map
S1,observed,280,11101000000,0,1,"solved_soft_dynamic","solved",70,0.34277673465748221,-0.033813283818625799,0.34300658722958077,0.22728111639726076,0.74644172589613411,0.36836398711824303,0,0,0.86553599999999997,1.2892999999999999,1,1000000000,1000000000,0,-0.066393462475389242,-0.066393472254276276,14,0,3.5331865525756792,-0.12816224811217619,map
S1,no_observed_dynamic,280,11101000000,0,1,"solved_soft_dynamic","solved",70,0.34277646469413436,-0.03380998787732864,0.34300629403787175,0.22728111639726076,0.74644172589613411,0.36836392675930402,0,0,0.85633300000000001,1.2303870000000001,1,1000000000,1000000000,0,-0.066393462475389242,-0.066393472254276276,14,0,3.5331865525756792,-0.12816224811217619,map
S1,observed,281,11151000000,0,1,"solved_soft_dynamic","solved",100,0.34337353873364335,-0.032274355571678709,0.34362196661746247,0.23273242440673875,0.74644172589613422,0.37015148848504553,0,0,1.0617239999999999,1.4816530000000001,1,1000000000,1000000000,0,-0.066393462475389242,0.028453856706619263,14,0,3.5468797846748839,-0.12713772059162334,map
S1,no_observed_dynamic,281,11151000000,0,1,"solved_soft_dynamic","solved",100,0.34337332940939042,-0.032271630752508634,0.34362173538870583,0.23273242440673875,0.74644172589613422,0.37015144155511326,0,0,1.053234,1.4234260000000001,1,1000000000,1000000000,0,-0.066393462475389242,0.028453856706619263,14,0,3.5468797846748839,-0.12713772059162334,map
S1,observed,282,11201000000,0,1,"solved_soft_dynamic","solved",40,0.3450356367059576,-0.030439732244977667,0.34526925797037777,0.25470020540815425,0.74644172589613422,0.36252914509264877,0,0,0.70549100000000009,1.1212570000000002,1,1000000000,1000000000,0,0.0066064067169691043,0.028453856706619263,14,0,3.5606948124639484,-0.1252747720665939,map
S1,no_observed_dynamic,282,11201000000,0,1,"solved_soft_dynamic","solved",40,0.34503547696602438,-0.030437479266894572,0.34526908011858515,0.25470020540815425,0.74644172589613411,0.36252911812289035,0,0,0.69779599999999997,1.0665830000000001,1,1000000000,1000000000,0,0.0066064067169691043,0.028453856706619263,14,0,3.5606948124639484,-0.1252747720665939,map
S1,observed,283,11251000000,0,1,"solved_soft_dynamic","solved",90,0.34585662155017727,-0.028746320194714774,0.34610920670558259,0.27121269996640385,0.74644172589613422,0.35719308583532972,0,0,0.97904400000000014,1.4037539999999999,1,1000000000,1000000000,0,0.029053828802716453,0.10912671685218811,14,0,3.5745066406381936,-0.12349514676236129,map
S1,no_observed_dynamic,283,11251000000,0,1,"solved_soft_dynamic","solved",90,0.34585650243673421,-0.028744457079312381,0.34610907025563703,0.27121269996640385,0.74644172589613411,0.35719307590421295,0,0,0.97778399999999999,1.3426819999999999,1,1000000000,1000000000,0,0.029053828802716453,0.10912671685218811,14,0,3.5745066406381936,-0.12349514676236129,map
S1,observed,284,11301000000,0,1,"solved_soft_dynamic","solved",100,0.34454027008884253,-0.027449525654914656,0.34480799663892131,0.28251092423596247,0.74644172589613411,0.35537161761969188,0,0,1.051552,1.4700449999999998,1,1000000000,1000000000,0,0.10298831475665793,0.10912671685218811,14,0,3.5887648638926226,-0.1215799341416203,map
S1,no_observed_dynamic,284,11301000000,0,1,"solved_soft_dynamic","solved",100,0.34454018212241017,-0.027447984938232254,0.34480789259669659,0.28251092423596247,0.74644172589613422,0.35537161207354856,0,0,1.0683769999999999,1.4418230000000001,1,1000000000,1000000000,0,0.10298831475665793,0.10912671685218811,14,0,3.5887648638926226,-0.1215799341416203,map
S1,observed,285,11351000000,0,1,"solved_soft_dynamic","solved",90,0.34292253471450873,-0.026093978660718876,0.34317620142630001,0.29949205380296345,0.74644172589613422,0.34978658562048898,0,0,0.97520899999999999,1.392504,1,1000000000,1000000000,0,0.10932669174508192,0.17037376761436462,14,0,3.6029304017433477,-0.1195958967303646,map
S1,no_observed_dynamic,285,11351000000,0,1,"solved_soft_dynamic","solved",90,0.34292247063743653,-0.026092704296337647,0.34317612405207459,0.29949205380296345,0.74644172589613411,0.34978658381889738,0,0,0.97473899999999991,1.3481430000000001,1,1000000000,1000000000,0,0.10932669174508192,0.17037376761436462,14,0,3.6029304017433477,-0.1195958967303646,map
S1,observed,286,11401000000,0,1,"solved_soft_dynamic","solved",100,0.33990314287892026,-0.025108183630228383,0.3401769348224481,0.31067879977178037,0.74644172589613422,0.34711762514773331,0,0,1.038054,1.484029,1,1000000000,1000000000,0,0.17037373618222773,0.17037376761436462,14,0,3.6169711221091991,-0.11758011311759012,map
S1,no_observed_dynamic,286,11401000000,0,1,"solved_soft_dynamic","solved",100,0.33990309767462756,-0.025107129291159259,0.34017687712112082,0.31067879977178037,0.74644172589613411,0.34711762952627173,0,0,1.0610789999999999,1.431873,1,1000000000,1000000000,0,0.17037373618222773,0.17037376761436462,14,0,3.6169711221091991,-0.11758011311759012,map
S1,observed,287,11451000000,0,1,"solved_soft_dynamic","solved",50,0.33899156175329864,-0.023372909101948933,0.32506133881426436,0.33606519097426185,0.74644172589613411,0.32939767767543365,0,0,0.76593099999999992,1.184747,1,1000000000,1000000000,0,0.17097371310228482,0.19896776974201202,14,0,3.6309979900760028,-0.11542116210137855,map
S1,no_observed_dynamic,287,11451000000,0,1,"solved_soft_dynamic","solved",50,0.33899153088263601,-0.023372036368777604,0.32506150491964186,0.33606519097426185,0.74644172589613411,0.32939777939265064,0,0,0.75012600000000007,1.1160680000000001,1,1000000000,1000000000,0,0.17097371310228482,0.19896776974201202,14,0,3.6309979900760028,-0.11542116210137855,map
S1,observed,288,11501000000,0,1,"solved_soft_dynamic","solved",110,0.34503217931165542,-0.010549448877734208,0.34514934138030545,0,0.38036661043951636,0.35799407862780025,0,0,1.0807180000000001,2.5054759999999998,0,1000000000,1000000000,0,0.1989677402889356,0.19896776974201202,14,1,3.6445759969519704,-0.11312065721893749,map
S1,no_observed_dynamic,288,11501000000,0,1,"solved_soft_dynamic","solved",110,0.3450321614399231,-0.010548725176121175,0.34514931295550705,0,0.38036661043951636,0.35799409548424915,0,0,1.1194569999999999,1.4875529999999999,0,1000000000,1000000000,0,0.1989677402889356,0.19896776974201202,14,0,3.6445759969519704,-0.11312065721893749,map
S1,observed,289,11551000000,0,1,"solved_soft_dynamic","solved",120,0.33929081743417827,-0.003239196197128643,0.33930197236479759,0.0053656366314824575,0.38036661043951631,0.32918105074573284,0,0,1.1571450000000001,1.5761200000000002,1,1000000000,1000000000,0,0.19916772871511057,0.2080007940530777,14,0,3.6581971081549223,-0.11066686442234712,map
S1,no_observed_dynamic,289,11551000000,0,1,"solved_soft_dynamic","solved",120,0.33929081007993211,-0.0032385959983809547,0.33930195625761822,0.0053656366314824575,0.38036661043951631,0.32918107232070898,0,0,1.179522,1.5476050000000001,1,1000000000,1000000000,0,0.19916772871511057,0.2080007940530777,14,0,3.6581971081549223,-0.11066686442234712,map
S1,observed,290,11601000000,0,1,"solved_soft_dynamic","solved",110,0.33104128273253591,0.002091887086205166,0.33097556288134988,0.015883544149737017,0.38036661043951636,0.31844844458084137,0,0,1.1256870000000001,1.5962299999999998,1,1000000000,1000000000,0,0.20800076890736818,0.2080007940530777,14,0,3.6712831310297558,-0.10786310354617662,map
S1,no_observed_dynamic,290,11601000000,0,1,"solved_soft_dynamic","solved",110,0.33104128120984672,0.0020923841702981645,0.33097555410900292,0.015883544149737017,0.38036661043951636,0.31844845844318914,0,0,1.115971,1.4847739999999998,1,1000000000,1000000000,0,0.20800076890736818,0.2080007940530777,14,0,3.6712831310297558,-0.10786310354617662,map
S1,observed,291,11651000000,0,1,"solved_soft_dynamic","solved",90,0.32450465556223929,0.0065974574329568268,0.32437391859448128,0.031607325139161042,0.38036661043951636,0.31306404813795818,0,0,0.98285,1.4023429999999999,1,1000000000,1000000000,0,0.20780078048119321,0.2031887024641037,14,0,3.6844158901741233,-0.10493903718106982,map
S1,no_observed_dynamic,291,11651000000,0,1,"solved_soft_dynamic","solved",90,0.32450465889930818,0.0065978694288786844,0.32437391592236053,0.031607325139161042,0.38036661043951625,0.31306406450728175,0,0,0.95339399999999996,1.321194,1,1000000000,1000000000,0,0.20780078048119321,0.2031887024641037,14,0,3.6844158901741233,-0.10493903718106982,map
S1,observed,292,11701000000,0,1,"solved_soft_dynamic","solved",90,0.31765868564336003,0.0097400596423265675,0.31754861650762473,0.041708031676742155,0.38036661043951625,0.30975683509861252,0,0,0.98767899999999997,1.409843,1,1000000000,1000000000,0,0.20318866882007569,0.2031887024641037,14,0,3.6969988910967819,-0.10165041944847908,map
S1,no_observed_dynamic,292,11701000000,0,1,"solved_soft_dynamic","solved",90,0.31765869328799973,0.0097404015250499194,0.31754862081842516,0.041708031676742155,0.38036661043951631,0.30975685448591644,0,0,0.98290899999999992,1.350703,1,1000000000,1000000000,0,0.20318866882007569,0.2031887024641037,14,0,3.6969988910967819,-0.10165041944847908,map
S1,observed,293,11751000000,0,1,"solved_soft_dynamic","solved",90,0.31202249507809415,0.01236288823027446,0.31188712036884708,0.056838030672655596,0.38036661043951631,0.30434544287178761,0,0,0.97283600000000003,1.389313,1,1000000000,1000000000,0,0.20298868184909225,0.19181129336357117,14,0,3.7096249171364319,-0.098257613514625572,map
S1,no_observed_dynamic,293,11751000000,0,1,"solved_soft_dynamic","solved",90,0.3120225062672915,0.012363172291620931,0.31188712878781527,0.056838030672655596,0.38036661043951625,0.30434546358203574,0,0,0.992178,1.362746,1,1000000000,1000000000,0,0.20298868184909225,0.19181129336357117,14,0,3.7096249171364319,-0.098257613514625572,map
S1,observed,294,11801000000,0,1,"solved_soft_dynamic","solved",100,0.3044175344711389,0.013285707409876227,0.30421803304393835,0.061685273758305049,0.38036661043951625,0.30265140561521009,0,0,1.067142,1.482027,1,1000000000,1000000000,0,0.1918112684506923,0.19181129336357117,14,0,3.7216828816765171,-0.094691590488850036,map
S1,no_observed_dynamic,294,11801000000,0,1,"solved_soft_dynamic","solved",100,0.3044175479559813,0.013285943500067648,0.30421804344391357,0.061685273758305049,0.38036661043951636,0.3026514251042885,0,0,1.0442340000000001,1.4174369999999998,1,1000000000,1000000000,0,0.1918112684506923,0.19181129336357117,14,0,3.7216828816765171,-0.094691590488850036,map
S1,observed,295,11851000000,0,1,"solved_soft_dynamic","solved",80,0.29948010917431278,0.014787096111460108,0.29926141839487841,0.080996918154572203,0.38036668521988837,0.29562663706334791,0,0,0.90686,1.3223050000000001,1,1000000000,1000000000,0,0.19161128002451733,0.17021895945072174,14,0,3.7337689073080678,-0.090955518040746225,map
S1,no_observed_dynamic,295,11851000000,0,1,"solved_soft_dynamic","solved",80,0.29948012440156435,0.014787292635779818,0.29926143105390796,0.080996918154572203,0.38036668521986972,0.29562665698604507,0,0,0.89658100000000007,1.2651410000000001,1,1000000000,1000000000,0,0.19161128002451733,0.17021895945072174,14,0,3.7337689073080678,-0.090955518040746225,map
S1,observed,296,11901000000,0,1,"solved_soft_dynamic","solved",90,0.29274535107259259,0.014811448645107238,0.29246659424278876,0.085564712071063434,0.38036661043951631,0.29463812569148812,0,0,0.99737999999999993,1.420552,1,1000000000,1000000000,0,0.17021893290802836,0.17021895945072174,14,0,3.7451664135789535,-0.087400360523213691,map
S1,no_observed_dynamic,296,11901000000,0,1,"solved_soft_dynamic","solved",90,0.29274536731550371,0.014811612394367129,0.29246660782751954,0.085564712071063434,0.38036661043951631,0.29463814488166923,0,0,0.98848199999999997,1.357888,1,1000000000,1000000000,0,0.17021893290802836,0.17021895945072174,14,0,3.7451664135789535,-0.087400360523213691,map
S1,observed,297,11951000000,0,1,"solved_soft_dynamic","solved",80,0.28853170063833067,0.015860261146122517,0.28823648620471159,0.10383351419706185,0.38036666914464023,0.28953376852885476,0,0,0.92810199999999998,1.347556,1,1000000000,1000000000,0,0.1700189444818534,0.14658492803573608,14,0,3.7566162104745668,-0.083650414464820508,map
S1,no_observed_dynamic,297,11951000000,0,1,"solved_soft_dynamic","solved",80,0.28853171745350442,0.015860397899857548,0.28823650079950214,0.10383351419706185,0.38036666914464212,0.28953378717461475,0,0,0.90855600000000003,1.275798,1,1000000000,1000000000,0,0.1700189444818534,0.14658492803573608,14,0,3.7566162104745668,-0.083650414464820508,map
S1,observed,298,12001000000,0,1,"solved_soft_dynamic","solved",90,0.28235847235176254,0.015678356669419063,0.28206702056713118,0.10815661227689041,0.38036661043951636,0.28829237256156115,0,0,0.96503099999999997,1.3769539999999998,1,1000000000,1000000000,0,0.14658491563750431,0.14658492803573608,14,0,3.7673057794545688,-0.080317720370192025,map
S1,no_observed_dynamic,298,12001000000,0,1,"solved_soft_dynamic","solved",90,0.28235848925333495,0.0156784709467113,0.2820670356128811,0.10815661227689041,0.38036661043951636,0.28829239016818109,0,0,0.98386499999999999,1.3544399999999999,1,1000000000,1000000000,0,0.14658491563750431,0.14658492803573608,14,0,3.7673057794545688,-0.080317720370192025,map
S1,observed,299,12051000000,0,1,"solved_soft_dynamic","solved",70,0.27828987567770158,0.016580177044779248,0.277891331580707,0.12521662248546872,0.38036670282003382,0.28354752489885071,0,0,0.85760100000000006,1.27033,1,1000000000,1000000000,0,0.14638491702498868,0.12491252273321152,13,0,3.7780664901165966,-0.076785000673821574,map
S1,no_observed_dynamic,299,12051000000,0,1,"solved_soft_dynamic","solved",70,0.27828989221553296,0.016580272647636812,0.27789134615447836,0.12521662248546872,0.3803667028200326,0.2835475408955529,0,0,0.854661,1.2217230000000001,1,1000000000,1000000000,0,0.14638491702498868,0.12491252273321152,13,0,3.7780664901165966,-0.076785000673821574,map
S1,observed,300,12101000000,0,1,"solved_soft_dynamic","solved",80,0.27235341274109759,0.016429605262796944,0.2719592049567871,0.12926221835252497,0.38036661043951625,0.28221040189162927,0,0,0.90935299999999997,1.3289869999999999,1,1000000000,1000000000,0,0.12491250527091324,0.12491252273321152,14,0,3.7880731502391356,-0.073811314124147667,map
S1,no_observed_dynamic,300,12101000000,0,1,"solved_soft_dynamic","solved",80,0.272353428618821,0.016429685280060471,0.27195921919021193,0.12926221835252497,0.38036661043951625,0.28221041636685773,0,0,0.93108299999999999,1.3031630000000001,1,1000000000,1000000000,0,0.12491250527091324,0.12491252273321152,14,0,3.7880731502391356,-0.073811314124147667,map
S1,observed,301,12151000000,0,1,"solved_soft_dynamic","solved",70,0.26825719959836392,0.017509310406093166,0.26774609094458085,0.14520120556155033,0.38036667769441529,0.27821294954542053,0,0,0.85745700000000002,1.2746820000000001,1,1000000000,1000000000,0,0.12471251684473827,0.10508213192224503,14,0,3.7981600901584409,-0.070645384738214717,map
S1,no_observed_dynamic,301,12151000000,0,1,"solved_soft_dynamic","solved",70,0.26825721461418706,0.017509377502786888,0.26774610430752555,0.14520120556155033,0.380366677694433,0.27821296280857516,0,0,0.85364200000000001,1.22116,1,1000000000,1000000000,0,0.12471251684473827,0.10508213192224503,14,0,3.7981600901584409,-0.070645384738214717,map
S1,observed,302,12201000000,0,1,"solved_soft_dynamic","solved",70,0.2625673501377852,0.017693513148621907,0.26205343346494625,0.14897331274382294,0.38036661043951636,0.27551691919345567,0,0,0.90748099999999998,1.3277110000000001,1,1000000000,1000000000,0,0.10508211562409997,0.10508213192224503,14,0,3.8074822802508943,-0.068105246601837949,map
S1,no_observed_dynamic,302,12201000000,0,1,"solved_soft_dynamic","solved",70,0.26256736417251986,0.017693569502755448,0.26205344611100811,0.14897331274382294,0.38036661043951636,0.27551693579774172,0,0,0.83745599999999998,1.2038070000000001,1,1000000000,1000000000,0,0.10508211562409997,0.10508213192224503,14,0,3.8074822802508943,-0.068105246601837949,map
S1,observed,303,12251000000,0,1,"solved_soft_dynamic","solved",60,0.26135356127215348,0.021166876095302704,0.25335779766945793,0.17681021621961224,0.3803667807191396,0.26938796969725193,0,0,0.78901999999999994,1.2051099999999999,1,1000000000,1000000000,0,0.10488212792552076,0.088834568858146667,14,0,3.8168945633087645,-0.065387233562854613,map
S1,no_observed_dynamic,303,12251000000,0,1,"solved_soft_dynamic","solved",60,0.26135357409184889,0.021166923487970751,0.25335782561609343,0.17681021621961224,0.38036678071921293,0.26938798783756562,0,0,0.77490800000000004,1.1463750000000001,1,1000000000,1000000000,0,0.10488212792552076,0.088834568858146667,14,0,3.8168945633087645,-0.065387233562854613,map
S1,observed,304,12301000000,0,1,"solved_soft_dynamic","solved",80,0.25708942981753241,0.022658277699457847,0.24983905347059776,0.18043233246479651,0.38036661043951631,0.26323011746948083,0,0,0.91049800000000003,1.331804,1,1000000000,1000000000,0,0.088834553025662899,0.088834568858146667,14,0,3.8255267367558026,-0.063277386423395893,map
S1,no_observed_dynamic,304,12301000000,0,1,"solved_soft_dynamic","solved",80,0.25708944138739859,0.022658317599710803,0.24983907773111985,0.18043233246479651,0.38036661043951631,0.2632301326586054,0,0,0.90154500000000004,1.2677770000000002,1,1000000000,1000000000,0,0.088834553025662899,0.088834568858146667,14,0,3.8255267367558026,-0.063277386423395893,map
S1,observed,305,12351000000,0,1,"solved_soft_dynamic","solved",60,0.25298737933199583,0.02487595557824648,0.24739133608434993,0.1944593075620035,0.38036670459828736,0.25482052614373496,0,0,0.78486699999999998,1.2015670000000001,1,1000000000,1000000000,0,0.088634565327083692,0.075340285897254944,14,0,3.8342572145671734,-0.061009574876362001,map
S1,no_observed_dynamic,305,12351000000,0,1,"solved_soft_dynamic","solved",60,0.25298738976588309,0.024875989205629667,0.24739135685504043,0.1944593075620035,0.38036670459831545,0.25482053958461154,0,0,0.79854100000000006,1.176658,1,1000000000,1000000000,0,0.088634565327083692,0.075340285897254944,14,0,3.8342572145671734,-0.061009574876362001,map
S1,observed,306,12401000000,0,1,"solved_soft_dynamic","solved",100,0.24748009197223156,0.026347119836904416,0.24265827283861324,0.19776094242131062,0.38036661043951636,0.2526819503734426,0,0,1.0269470000000001,1.446531,1,1000000000,1000000000,0,0.075340278272051364,0.075340285897254944,14,0,3.8421569789374863,-0.059295629033488978,map
S1,no_observed_dynamic,306,12401000000,0,1,"solved_soft_dynamic","solved",100,0.24748010134701598,0.026347148189365486,0.24265829089754373,0.19776094242131062,0.38036661043951625,0.25268196205245713,0,0,1.0165729999999999,1.3831519999999999,1,1000000000,1000000000,0,0.075340278272051364,0.075340285897254944,14,0,3.8421569789374863,-0.059295629033488978,map
S1,observed,307,12451000000,0,1,"solved_soft_dynamic","solved",80,0.24278327538864,0.028743233649420663,0.23899173889216532,0.20757439004740402,0.38036676069393327,0.25238478414917814,0,0,0.904196,1.3218159999999999,1,1000000000,1000000000,0,0.075340278272051364,0.067123562097549438,14,0,3.8501707740013549,-0.057445778443405142,map
S1,no_observed_dynamic,307,12451000000,0,1,"solved_soft_dynamic","solved",80,0.24278328377384409,0.028743257594633753,0.23899175458635705,0.20757439004740402,0.38036676069392372,0.25238479448469647,0,0,0.92158400000000007,1.2852000000000001,1,1000000000,1000000000,0,0.075340278272051364,0.067123562097549438,14,0,3.8501707740013549,-0.057445778443405142,map
S1,observed,308,12501000000,0,1,"solved_soft_dynamic","solved",220,0.23793222059711713,0.031206301848818709,0.23505496838977191,0.21392177062325002,0.38036661043951631,0.25267070321094903,0,0,1.7882420000000001,2.2029049999999999,1,1000000000,1000000000,0,0.06712355389026925,0.067123562097549438,14,0,3.8573549851287825,-0.05602682740702173,map
S1,no_observed_dynamic,308,12501000000,0,1,"solved_soft_dynamic","solved",220,0.23793222803449801,0.031206322043860115,0.2350549820224809,0.21392177062325002,0.38036661043951631,0.25267071194375951,0,0,1.7842719999999999,2.1510669999999998,1,1000000000,1000000000,0,0.06712355389026925,0.067123562097549438,14,0,3.8573549851287825,-0.05602682740702173,map
S1,observed,309,12551000000,0,1,"solved_soft_dynamic","solved",100,0.23722037726840478,0.035669542368807185,0.23722037726840478,0.010129953677290526,0.17071067811865565,0.31041988344609045,0,0,1.069539,2.4642589999999998,0,1000000000,1000000000,0,0.06712355389026925,0.060661647468805313,14,1,3.8646597921392218,-0.054498377180213733,map
S1,no_observed_dynamic,309,12551000000,0,1,"solved_soft_dynamic","solved",100,0.23722038395711875,0.035669559556431772,0.23722038395711875,0.010129953677290526,0.17071067811865565,0.3104198892967665,0,0,1.03809,1.4060190000000001,0,1000000000,1000000000,0,0.06712355389026925,0.060661647468805313,14,0,3.8646597921392218,-0.054498377180213733,map
S1,observed,310,12601000000,0,1,"solved_soft_dynamic","solved",110,0.22911503929096039,0.036256823115878155,0.22911503929096039,0.015710201905732912,0.17071067811865565,0.24739540913998431,0,0,1.103283,1.5298259999999999,1,1000000000,1000000000,0,0.06066163768991828,0.060661647468805313,14,0,3.8710939906557646,-0.053326076293429794,map
S1,no_observed_dynamic,310,12601000000,0,1,"solved_soft_dynamic","solved",110,0.22911504540793254,0.036256837817985811,0.22911504540793254,0.015710201905732912,0.17071067811865565,0.24739541521375044,0,0,1.121143,1.4824569999999999,1,1000000000,1000000000,0,0.06066163768991828,0.060661647468805313,14,0,3.8710939906557646,-0.053326076293429794,map
S1,observed,311,12651000000,0,1,"solved_soft_dynamic","solved",90,0.2214791660279648,0.037783248773956564,0.2214791660279648,0.023586157954608385,0.17071078558506292,0.23387558173289408,0,0,0.97650999999999999,1.397435,1,1000000000,1000000000,0,0.06066163768991828,0,14,0,3.8776540142502927,-0.052061957879288925,map
S1,no_observed_dynamic,311,12651000000,0,1,"solved_soft_dynamic","solved",90,0.22147917147513854,0.037783261194664165,0.22147917147513854,0.023586157954608385,0.17071078558506642,0.23387558665076513,0,0,0.97265299999999999,1.3415619999999999,1,1000000000,1000000000,0,0.06066163768991828,0,14,0,3.8776540142502927,-0.052061957879288925,map
S2,observed,83,1235000000,1,0,"missing_original_output_receipt_proxy","not_run",0,0,0,0,2.906494724462988e-20,0,0,0,0,0,0,0,1000000000,1000000000,0,0,0,-1,0,0,0,map
S2,no_observed_dynamic,83,1235000000,1,0,"missing_original_output_receipt_proxy","not_run",0,0,0,0,2.906494724462988e-20,0,0,0,0,0,0,0,1000000000,1000000000,0,0,0,-1,0,0,0,map
S2,observed,84,1285000000,1,0,"missing_original_output_receipt_proxy","not_run",0,0,0,0,2.906494724462988e-20,0,0,0,0,0,0,0,1000000000,1000000000,0,0,0,-1,0,0,0,map
S2,no_observed_dynamic,84,1285000000,1,0,"missing_original_output_receipt_proxy","not_run",0,0,0,0,2.906494724462988e-20,0,0,0,0,0,0,0,1000000000,1000000000,0,0,0,-1,0,0,0,map
S2,observed,85,1335000000,1,0,"missing_original_output_receipt_proxy","not_run",0,0,0,0,2.906494724462988e-20,0,0,0,0,0,0,0,1000000000,1000000000,0,0,0,-1,0,0,0,map
S2,no_observed_dynamic,85,1335000000,1,0,"missing_original_output_receipt_proxy","not_run",0,0,0,0,2.906494724462988e-20,0,0,0,0,0,0,0,1000000000,1000000000,0,0,0,-1,0,0,0,map
S2,observed,86,1385000000,1,0,"missing_original_output_receipt_proxy","not_run",0,0,0,0,2.906494724462988e-20,0,0,0,0,0,0,0,1000000000,1000000000,0,0,0,-1,0,0,0,map
S2,no_observed_dynamic,86,1385000000,1,0,"missing_original_output_receipt_proxy","not_run",0,0,0,0,2.906494724462988e-20,0,0,0,0,0,0,0,1000000000,1000000000,0,0,0,-1,0,0,0,map
S2,observed,87,1435000000,1,0,"missing_original_output_receipt_proxy","not_run",0,0,0,0,2.906494724462988e-20,0,0,0,0,0,0,0,1000000000,1000000000,0,0,0,-1,0,0,0,map
S2,no_observed_dynamic,87,1435000000,1,0,"missing_original_output_receipt_proxy","not_run",0,0,0,0,2.906494724462988e-20,0,0,0,0,0,0,0,1000000000,1000000000,0,0,0,-1,0,0,0,map
S2,observed,88,1485000000,0,1,"solved_soft_dynamic","solved",90,0.044678627280939312,7.1967785932351802e-05,0.044678682765726521,2.9965021914354485e-05,0.51658004262123658,0.1720253556487347,0,0,0.99154399999999998,2.8044440000000002,0,1000000000,1000000000,0,0.0029999400794622488,0.10000000000000001,32,1,0.00010499366070419474,-9.0138557485819115e-05,map
S2,no_observed_dynamic,88,1485000000,0,1,"solved_soft_dynamic","solved",90,0.044678627280939312,7.1967785932351802e-05,0.044678682765726521,2.9965021914354485e-05,0.51658004262123658,0.1720253556487347,0,0,0.94903599999999999,1.3165210000000001,0,1000000000,1000000000,0,0.0029999400794622488,0.10000000000000001,32,1,0.00010499366070419474,-9.0138557485819115e-05,map
S2,observed,89,1535000000,0,1,"solved_soft_dynamic","solved",90,0.083087691421250234,0.00029508172243233909,0.083088000637236786,0.0016498121863995929,0.51871702137061948,0.19673942938461073,0,0,0.94519700000000006,1.3703050000000001,1,1000000000,1000000000,0,0.080999869533115998,0.14523236453533173,32,0,0.0034006712057377663,-0.0005366666175205837,map
S2,no_observed_dynamic,89,1535000000,0,1,"solved_soft_dynamic","solved",90,0.083087691421250234,0.00029508172243233909,0.083088000637236786,0.0016498121863995929,0.51871702137061948,0.19673942938461073,0,0,0.93346300000000004,1.305539,1,1000000000,1000000000,0,0.080999869533115998,0.14523236453533173,32,0,0.0034006712057377663,-0.0005366666175205837,map
S2,observed,90,1585000000,0,1,"solved_soft_dynamic","solved",90,0.11591205854702671,0.00062615374268746931,0.11591276399760447,0.006831815131069929,0.52159411852504478,0.21657391061031508,0,0,0.93228199999999994,1.354835,1,1000000000,1000000000,0,0.14823228411842138,0.24523236453533173,32,0,0.0094100467074191146,-0.0009313522602786608,map
S2,no_observed_dynamic,90,1585000000,0,1,"solved_soft_dynamic","solved",90,0.11591205854702671,0.00062615374268746931,0.11591276399760447,0.006831815131069929,0.52159411852504478,0.21657391061031508,0,0,0.92693199999999998,1.299714,1,1000000000,1000000000,0,0.14823228411842138,0.24523236453533173,32,0,0.0094100467074191146,-0.0009313522602786608,map
S2,observed,91,1635000000,0,1,"solved_soft_dynamic","solved",90,0.14357437919374955,0.0016310645436665521,0.14357634609643291,0.012467040295583267,0.52436122116923456,0.2351833375252545,0,0,0.95121299999999998,1.3745149999999999,1,1000000000,1000000000,0,0.22623221593676135,0.27350485324859619,32,0,0.017738928945942447,-0.002940382776144496,map
S2,no_observed_dynamic,91,1635000000,0,1,"solved_soft_dynamic","solved",90,0.14357437919374955,0.0016310645436665521,0.14357634609643291,0.012467040295583267,0.52436122116923456,0.2351833375252545,0,0,0.92511999999999994,1.3014969999999999,1,1000000000,1000000000,0,0.22623221593676135,0.27350485324859619,32,0,0.017738928945942447,-0.002940382776144496,map
S2,observed,92,1685000000,0,1,"solved_soft_dynamic","solved",90,0.16675553652932509,0.0029789183226684359,0.16675920674071412,0.023704760391591528,0.52848836934121124,0.24713937838665273,0,0,0.93014300000000005,1.3424120000000002,1,1000000000,1000000000,0,0.27770474553108215,0.29554343223571777,32,0,0.028842641586847084,-0.0043521878211519854,map
S2,no_observed_dynamic,92,1685000000,0,1,"solved_soft_dynamic","solved",90,0.16675553652932509,0.0029789183226684359,0.16675920674071412,0.023704760391591528,0.52848836934121124,0.24713937838665273,0,0,0.92311699999999997,1.288872,1,1000000000,1000000000,0,0.27770474553108215,0.29554343223571777,32,0,0.028842641586847084,-0.0043521878211519854,map
S2,observed,93,1735000000,0,1,"solved_soft_dynamic","solved",80,0.18936184807831055,0.0056300756778483192,0.18936575320524748,0.033472587643954291,0.56837071749052848,0.27159863434420195,0,0,0.90700500000000006,1.328087,1,1000000000,1000000000,0,0.29554340289905667,0.29554343223571777,32,0,0.042346018729054011,-0.0085455416715170662,map
S2,no_observed_dynamic,93,1735000000,0,1,"solved_soft_dynamic","solved",80,0.18936184807831055,0.0056300756778483192,0.18936575320524748,0.033472587643954291,0.56837071749052848,0.27159863434420195,0,0,0.89512700000000001,1.2580720000000001,1,1000000000,1000000000,0,0.29554340289905667,0.29554343223571777,32,0,0.042346018729054011,-0.0085455416715170662,map
S2,observed,94,1785000000,0,1,"solved_soft_dynamic","solved",90,0.20783783512495366,0.0089509949575801613,0.20784406666755117,0.050938802478134794,0.57401549428363263,0.27854512750652777,0,0,0.93837199999999998,1.361704,1,1000000000,1000000000,0,0.29254345572553575,0.24620914459228516,32,0,0.058637574245227246,-0.011639989657396562,map
S2,no_observed_dynamic,94,1785000000,0,1,"solved_soft_dynamic","solved",90,0.20783783512495366,0.0089509949575801613,0.20784406666755117,0.050938802478134794,0.57401549428363263,0.27854512750652777,0,0,0.93127800000000005,1.3151510000000002,1,1000000000,1000000000,0,0.29254345572553575,0.24620914459228516,32,0,0.058637574245227246,-0.011639989657396562,map
S2,observed,95,1835000000,0,1,"solved_soft_dynamic","solved",90,0.22209696173800014,0.013619790327652844,0.22210995186656904,0.064834941970502033,0.57846377129802951,0.289907447438772,0,0,0.95367499999999994,1.563018,1,1000000000,1000000000,0,0.24620912154205143,0.24620914459228516,32,0,0.077371263434741183,-0.016923193054564994,map
S2,no_observed_dynamic,95,1835000000,0,1,"solved_soft_dynamic","solved",90,0.22209696173800014,0.013619790327652844,0.22210995186656904,0.064834941970502033,0.57846377129802951,0.289907447438772,0,0,0.93173500000000009,1.3122749999999999,1,1000000000,1000000000,0,0.24620912154205143,0.24620914459228516,32,0,0.077371263434741183,-0.016923193054564994,map
S2,observed,96,1885000000,0,1,"solved_soft_dynamic","solved",70,0.23679145331654608,0.019023595449287108,0.23681392719656502,0.088559878518832638,0.62187527512655116,0.30091712850173602,0,0,0.83544099999999999,1.2648360000000001,1,1000000000,1000000000,0,0.24320917727891356,0.14620914459228515,32,0,0.098887386078476996,-0.021088486702963739,map
S2,no_observed_dynamic,96,1885000000,0,1,"solved_soft_dynamic","solved",70,0.23679145331654608,0.019023595449287108,0.23681392719656502,0.088559878518832638,0.62187527512655116,0.30091712850173602,0,0,0.83177400000000001,1.2021770000000001,1,1000000000,1000000000,0,0.24320917727891356,0.14620914459228515,32,0,0.098887386078476996,-0.021088486702963739,map
S2,observed,97,1935000000,0,1,"solved_soft_dynamic","solved",100,0.24730432511501685,0.025231482863509409,0.24734253735804831,0.10658982844144568,0.6272963473852422,0.31036399367012757,0,0,1.008032,1.4306620000000001,1,1000000000,1000000000,0,0.16520923963980749,0.1276220977306366,32,0,0.12275438217661659,-0.025846755879495451,map
S2,no_observed_dynamic,97,1935000000,0,1,"solved_soft_dynamic","solved",100,0.24730432511501685,0.025231482863509409,0.24734253735804831,0.10658982844144568,0.6272963473852422,0.31036399367012757,0,0,1.0041099999999998,1.379192,1,1000000000,1000000000,0,0.16520923963980749,0.1276220977306366,32,0,0.12275438217661659,-0.025846755879495451,map
S2,observed,98,1985000000,0,1,"solved_soft_dynamic","solved",70,0.25844256635881763,0.031821238397783905,0.25850039944184766,0.1364124707599873,0.67223966989975747,0.31706689104241426,0,0,0.827874,1.2480010000000001,1,1000000000,1000000000,0,0.12462213562685065,0.027622097730636591,32,0,0.14931236402505221,-0.029724965010238698,map
S2,no_observed_dynamic,98,1985000000,0,1,"solved_soft_dynamic","solved",70,0.25844256635881763,0.031821238397783905,0.25850039944184766,0.1364124707599873,0.67223966989975747,0.31706689104241426,0,0,0.828905,1.1951259999999999,1,1000000000,1000000000,0,0.12462213562685065,0.027622097730636591,32,0,0.14931236402505221,-0.029724965010238698,map
S2,observed,99,2035000000,0,1,"solved_soft_dynamic","solved",110,0.26572749550679337,0.038246976304091851,0.26581261639837289,0.15720949276931764,0.67828323032138393,0.3236167441650516,0,0,1.06426,1.5106970000000002,1,1000000000,1000000000,0,0.046622207446489483,-0.0085006840527057648,32,0,0.17549124328824739,-0.032343206890061309,map
S2,no_observed_dynamic,99,2035000000,0,1,"solved_soft_dynamic","solved",110,0.26572749550679337,0.038246976304091851,0.26581261639837289,0.15720949276931764,0.67828323032138393,0.3236167441650516,0,0,1.053355,1.424115,1,1000000000,1000000000,0,0.046622207446489483,-0.0085006840527057648,32,0,0.17549124328824739,-0.032343206890061309,map
S2,observed,100,2085000000,0,1,"solved_soft_dynamic","solved",90,0.27426002804638799,0.044690216835958613,0.27437704575250393,0.18837902946309654,0.72349292147516953,0.32640215129037803,0,0,0.95741699999999996,1.381192,1,1000000000,1000000000,0,-0.011500624259497272,-0.10850068405270577,32,0,0.20139602389990707,-0.035273411530710577,map
S2,no_observed_dynamic,100,2085000000,0,1,"solved_soft_dynamic","solved",90,0.27426002804638799,0.044690216835958613,0.27437704575250393,0.18837902946309654,0.72349292147516953,0.32640215129037803,0,0,0.96448499999999993,1.3331189999999999,1,1000000000,1000000000,0,-0.011500624259497272,-0.10850068405270577,32,0,0.20139602389990707,-0.035273411530710577,map
S2,observed,101,2135000000,0,1,"solved_soft_dynamic","solved",120,0.27965378881452224,0.050467649424980852,0.27980952855766006,0.20760657245635727,0.72902611394988048,0.33031387521215111,0,0,1.1250190000000002,1.5461940000000001,1,1000000000,1000000000,0,-0.089500554167898372,-0.12279869616031647,32,0,0.22433341187133385,-0.036421223898795027,map
S2,no_observed_dynamic,101,2135000000,0,1,"solved_soft_dynamic","solved",120,0.27965378881452224,0.050467649424980852,0.27980952855766006,0.20760657245635727,0.72902611394988048,0.33031387521215111,0,0,1.110141,1.4794780000000001,1,1000000000,1000000000,0,-0.089500554167898372,-0.12279869616031647,32,0,0.22433341187133385,-0.036421223898795027,map
S2,observed,102,2185000000,0,1,"solved_soft_dynamic","solved",90,0.28668504636124353,0.055971408861274316,0.28688306673452718,0.23602761518496754,0.77340916426217166,0.33314592205101767,0,0,0.98505399999999999,1.4149,1,1000000000,1000000000,0,-0.1257986223208718,-0.19228149950504303,32,0,0.24794250918088157,-0.038203371034702532,map
S2,no_observed_dynamic,102,2185000000,0,1,"solved_soft_dynamic","solved",90,0.28668504636124353,0.055971408861274316,0.28688306673452718,0.23602761518496754,0.77340916426217166,0.33314592205101767,0,0,0.98779899999999987,1.3537140000000001,1,1000000000,1000000000,0,-0.1257986223208718,-0.19228149950504303,32,0,0.24794250918088157,-0.038203371034702532,map
S2,observed,103,2235000000,0,1,"solved_soft_dynamic","solved",120,0.29101070655735145,0.041071435847274476,0.29091358533738976,0.0038886173335614801,0.52875451755096503,0.33671461811336206,0,0,1.185019,2.7364160000000002,0,1000000000,1000000000,0,-0.19228146993555129,-0.19228149950504303,32,1,0.26936081649498733,-0.037609174312800052,map
S2,no_observed_dynamic,103,2235000000,0,1,"solved_soft_dynamic","solved",120,0.29101070655735145,0.041071435847274476,0.29091358533738976,0.0038886173335614801,0.52875451755096503,0.33671461811336206,0,0,1.170793,1.541596,0,1000000000,1000000000,0,-0.19228146993555129,-0.19228149950504303,32,0,0.26936081649498733,-0.037609174312800052,map
S2,observed,104,2285000000,0,1,"solved_soft_dynamic","solved",110,0.29341619937388874,0.028865277891077283,0.29334769748286538,0.030329413626357261,0.53621748446127959,0.32887172268515802,0,0,1.1099209999999999,1.5271600000000001,1,1000000000,1000000000,0,-0.19528141274349764,-0.21394595503807068,32,0,0.29130707488337432,-0.037863457780956893,map
S2,no_observed_dynamic,104,2285000000,0,1,"solved_soft_dynamic","solved",110,0.29341619937388874,0.028865277891077283,0.29334769748286538,0.030329413626357261,0.53621748446127959,0.32887172268515802,0,0,1.1064929999999999,1.4763109999999999,1,1000000000,1000000000,0,-0.19528141274349764,-0.21394595503807068,32,0,0.29130707488337432,-0.037863457780956893,map
S2,observed,105,2335000000,0,1,"solved_soft_dynamic","solved",120,0.29736579744265607,0.018056716903597655,0.29733138436195783,0.047394875450957108,0.57736370550733795,0.34103361950653954,0,0,1.132506,1.562117,1,1000000000,1000000000,0,-0.213945924770087,-0.21394595503807068,32,0,0.31234195466146009,-0.036077427582045775,map
S2,no_observed_dynamic,105,2335000000,0,1,"solved_soft_dynamic","solved",120,0.29736579744265607,0.018056716903597655,0.29733138436195783,0.047394875450957108,0.57736370550733795,0.34103361950653954,0,0,1.1269899999999999,1.4978750000000001,1,1000000000,1000000000,0,-0.213945924770087,-0.21394595503807068,32,0,0.31234195466146009,-0.036077427582045775,map
S2,observed,106,2385000000,0,1,"solved_soft_dynamic","solved",120,0.29951687768313973,0.0086840194520780428,0.29949420868649607,0.073002191360747606,0.58469181360306266,0.33364702867645202,0,0,1.3488640000000001,1.780751,1,1000000000,1000000000,0,-0.21694586757803336,-0.22448946535587311,32,0,0.33377653209082037,-0.035147254132320248,map
S2,no_observed_dynamic,106,2385000000,0,1,"solved_soft_dynamic","solved",120,0.29951687768313973,0.0086840194520780428,0.29949420868649607,0.073002191360747606,0.58469181360306266,0.33364702867645202,0,0,1.177581,1.5645170000000002,1,1000000000,1000000000,0,-0.21694586757803336,-0.22448946535587311,32,0,0.33377653209082037,-0.035147254132320248,map
S2,observed,107,2435000000,0,1,"solved_soft_dynamic","solved",120,0.30314239965627254,0.00059244289949442371,0.30313996794059317,0.090469898432310375,0.62593187476091694,0.34621098973450293,0,0,1.145224,1.60266,1,1000000000,1000000000,0,-0.22448944218922406,-0.22448946535587311,32,0,0.35579710073604476,-0.034212435540961643,map
S2,no_observed_dynamic,107,2435000000,0,1,"solved_soft_dynamic","solved",120,0.30314239965627254,0.00059244289949442371,0.30313996794059317,0.090469898432310375,0.62593187476091694,0.34621098973450293,0,0,1.1415230000000001,1.5147380000000001,1,1000000000,1000000000,0,-0.22448944218922406,-0.22448946535587311,32,0,0.35579710073604476,-0.034212435540961643,map
S2,observed,108,2485000000,0,1,"solved_soft_dynamic","solved",130,0.30497515391596175,-0.0063958041883404107,0.30499341902282179,0.11671554723645525,0.63336016936985107,0.33846469371628074,0,0,1.1798070000000001,1.599564,1,1000000000,1000000000,0,-0.22028950479580089,-0.15976674854755402,32,0,0.3777945186383308,-0.033561083457041993,map
S2,no_observed_dynamic,108,2485000000,0,1,"solved_soft_dynamic","solved",130,0.30497515391596175,-0.0063958041883404107,0.30499341902282179,0.11671554723645525,0.63336016936985107,0.33846469371628074,0,0,1.1715119999999999,1.5432359999999998,1,1000000000,1000000000,0,-0.22028950479580089,-0.15976674854755402,32,0,0.3777945186383308,-0.033561083457041993,map
S2,observed,109,2535000000,0,1,"solved_soft_dynamic","solved",90,0.30446901919693353,-0.012400138389800992,0.30451496288541097,0.13470770408401866,0.63831870374571054,0.34006943250550825,0,0,0.99441500000000005,1.415629,1,1000000000,1000000000,0,-0.15976672875694931,-0.15976674854755402,32,0,0.40053186087847481,-0.032878258485544556,map
S2,no_observed_dynamic,109,2535000000,0,1,"solved_soft_dynamic","solved",90,0.30446901919693353,-0.012400138389800992,0.30451496288541097,0.13470770408401866,0.63831870374571054,0.34006943250550825,0,0,1.035509,1.4055690000000001,1,1000000000,1000000000,0,-0.15976672875694931,-0.15976674854755402,32,0,0.40053186087847481,-0.032878258485544556,map
S2,observed,110,2585000000,0,1,"solved_soft_dynamic","solved",120,0.30642179730258484,-0.017263707174460748,0.30649882330159772,0.16173971950881619,0.68212033841638409,0.3406250072594908,0,0,1.1461189999999999,1.567936,1,1000000000,1000000000,0,-0.15676678594900295,-0.084350861608982086,32,0,0.42315624455680545,-0.032531351272160357,map
S2,no_observed_dynamic,110,2585000000,0,1,"solved_soft_dynamic","solved",120,0.30642179730258484,-0.017263707174460748,0.30649882330159772,0.16173971950881619,0.68212033841638409,0.3406250072594908,0,0,1.1372909999999998,1.5077129999999999,1,1000000000,1000000000,0,-0.15676678594900295,-0.084350861608982086,32,0,0.42315624455680545,-0.032531351272160357,map
S2,observed,111,2635000000,0,1,"solved_soft_dynamic","solved",110,0.30670575274540174,-0.02118423305877485,0.30682016865897943,0.18956328210355763,0.68986599244165936,0.33163452418327122,0,0,1.118241,1.5407379999999999,1,1000000000,1000000000,0,-0.084350846009328961,-0.084350861608982086,32,0,0.44662499778310227,-0.032519108455361524,map
S2,no_observed_dynamic,111,2635000000,0,1,"solved_soft_dynamic","solved",110,0.30670575274540174,-0.02118423305877485,0.30682016865897943,0.18956328210355763,0.68986599244165936,0.33163452418327122,0,0,1.1057520000000001,1.4847540000000001,1,1000000000,1000000000,0,-0.084350846009328961,-0.084350861608982086,32,0,0.44662499778310227,-0.032519108455361524,map
S2,observed,112,2685000000,0,1,"solved_soft_dynamic","solved",130,0.30854117218819682,-0.023947700454650677,0.30869165735823995,0.2081387219184398,0.73124767708783911,0.3430297478079295,0,0,1.1993530000000001,1.617264,1,1000000000,1000000000,0,-0.081350906839361414,0.0039735184982419014,32,0,0.46993353372906016,-0.032504150629638878,map
S2,no_observed_dynamic,112,2685000000,0,1,"solved_soft_dynamic","solved",130,0.30854117218819682,-0.023947700454650677,0.30869165735823995,0.2081387219184398,0.73124767708783911,0.3430297478079295,0,0,1.188701,1.5628409999999999,1,1000000000,1000000000,0,-0.081350906839361414,0.0039735184982419014,32,0,0.46993353372906016,-0.032504150629638878,map
S2,observed,113,2735000000,0,1,"solved_soft_dynamic","solved",120,0.3086954180486165,-0.025862976531717537,0.30888554530077283,0.23664070308072871,0.73915536815659655,0.33369444570165863,1.2369205510191087e-05,0,1.173645,1.594247,1,1000000000,1000000000,0,0.0039735182326694485,0.0039735184982419014,32,0,0.49391151620629842,-0.032498714317683537,map
S2,no_observed_dynamic,113,2735000000,0,1,"solved_soft_dynamic","solved",120,0.30869650289125494,-0.025862207523050157,0.30888662418545693,0.23664070308072871,0.73915630546144251,0.3336966910503894,0,0,1.1738899999999999,1.547695,1,1000000000,1000000000,0,0.0039735182326694485,0.0039735184982419014,32,0,0.49391151620629842,-0.032498714317683537,map
S2,observed,114,2785000000,0,1,"solved_soft_dynamic","solved",130,0.31042310754782571,-0.026748332882348059,0.31064621187246572,0.25566496566324054,0.78064910488117167,0.34526754265121107,3.182234441108847e-05,8.7230895203329749e-05,1.208099,1.6253559999999998,1,1000000000,0.33350359940570995,0,0.0069734584940306377,0.077362015843391418,32,0,0.51778262264323027,-0.032585514753601649,map
S2,no_observed_dynamic,114,2785000000,0,1,"solved_soft_dynamic","solved",130,0.31043228078537549,-0.02674666787848775,0.31065537012177058,0.25566496566324054,0.78066014244904136,0.34528462186433878,0,0,1.220064,1.592897,1,1000000000,1000000000,0,0.0069734584940306377,0.077362015843391418,32,0,0.51778262264323027,-0.032585514753601649,map
S2,observed,115,2835000000,0,1,"solved_soft_dynamic","solved",120,0.31045536063189078,-0.026712385471002426,0.31070899063681079,0.28469479595174163,0.78861892052029037,0.33567485351463466,0.00019525555337578478,9.8013588022795994e-05,1.189851,1.6076790000000001,1,1000000000,0.33136674200458205,0,0.077362004958558828,0.077362015843391418,32,0,0.54213976335086467,-0.033008686155862298,map
S2,no_observed_dynamic,115,2835000000,0,1,"solved_soft_dynamic","solved",120,0.31049570547957545,-0.026707692748479995,0.3107492861015137,0.28469479595174163,0.78866175830287755,0.33574348193607922,0,0,1.1896879999999999,1.5606280000000001,1,1000000000,1000000000,0,0.077362004958558828,0.077362015843391418,32,0,0.54213976335086467,-0.033008686155862298,map
S2,observed,116,2885000000,0,1,"solved_soft_dynamic","solved",130,0.31193601145737998,-0.025790383311526031,0.31220767643751934,0.30406239566627552,0.83006255637110971,0.34697674459916672,0.00038005158146754486,0.00083946706606382758,1.2170239999999999,1.6385510000000001,1,1000000000,0.26486179455064596,0,0.080361944128526375,0.17736201584339142,32,0,0.56642433848383311,-0.033117662211463547,map
S2,no_observed_dynamic,116,2885000000,0,1,"solved_soft_dynamic","solved",130,0.31211144693352105,-0.025776609746464101,0.31238294496529639,0.30406239566627552,0.83024727214658922,0.34727180852567169,0,0,1.360943,1.7353259999999999,1,1000000000,1000000000,0,0.080361944128526375,0.17736201584339142,32,0,0.56642433848383311,-0.033117662211463547,map
S2,observed,117,2935000000,0,1,"solved_soft_dynamic","solved",140,0.31159001720211599,-0.02457851588443145,0.31187851358993135,0.3333737104016079,0.83793406774193691,0.33696762294474991,0.0018491701697721935,0.00095010237625779432,1.2416149999999999,1.6689339999999999,1,1000000000,0.26282942499100459,0,0.18426842871122062,0.18426845967769623,32,0,0.59095186784756748,-0.032233401749124833,map
S2,no_observed_dynamic,117,2935000000,0,1,"solved_soft_dynamic","solved",120,0.31208400116352486,-0.024546968300558601,0.31237205434370779,0.3333737104016079,0.83837997626102956,0.33772104411624498,0,0,1.1816680000000002,1.5589219999999999,1,1000000000,1000000000,0,0.18426842871122062,0.18426845967769623,32,0,0.59095186784756748,-0.032233401749124833,map
S2,observed,118,2985000000,0,1,"solved_soft_dynamic","solved",130,0.31194600751359197,-0.022973421253751306,0.31223890783506614,0.3528793320899985,0.87835726103000122,0.3465984312779023,0.0034204197639356162,0.0070049407205796145,1.2083189999999999,1.6313059999999999,1,1000000000,0.19707060056015924,0,0.1884683602838777,0.28426845967769621,32,0,0.61533111460396195,-0.031537228856401624,map
S2,no_observed_dynamic,118,2985000000,0,1,"solved_soft_dynamic","solved",130,0.31362746628859661,-0.022878290777943577,0.31391885820867255,0.3528793320899985,0.87998899900773009,0.34928314245329933,0,0,1.2135559999999999,1.5849420000000001,1,1000000000,1000000000,0,0.1884683602838777,0.28426845967769621,32,0,0.61533111460396195,-0.031537228856401624,map
S2,observed,119,3035000000,0,1,"solved_soft_dynamic","solved",30,0.30927047817835657,-0.021218585291310346,0.30956526280193553,0.3819516586832305,0.87979311424519269,0.331266202525205,0.015861907017867771,0.0061188875994908666,0.61748499999999995,1.037385,1,1000000000,0.20249934529349223,0,0.29081266256980598,0.29081270098686218,32,0,0.63955413464599986,-0.030944333501831518,map
S2,no_observed_dynamic,119,3035000000,0,1,"solved_soft_dynamic","solved",120,0.31351011365836262,-0.021009451427784129,0.31380109618812518,0.3819516586832305,0.88804063482066398,0.33803251088783848,0,0,1.1782430000000002,1.55566,1,1000000000,1000000000,0,0.29081266256980598,0.29081270098686218,32,0,0.63955413464599986,-0.030944333501831518,map
S2,observed,120,3085000000,0,1,"solved_soft_dynamic","solved",40,0.3025860900192669,-0.019647227640383666,0.29650899860478119,0.40486622747083356,0.86982944751789693,0.31892889377467087,0.029812313995197882,0.0080629314303388867,0.68777200000000005,1.1109659999999999,1,1000000000,0.19673906177631872,0,0.29381260101217777,0.39081270098686216,32,0,0.66384981485441852,-0.029884330329021467,map
S2,no_observed_dynamic,120,3085000000,0,1,"solved_soft_dynamic","solved",130,0.31521253199273574,-0.019113260720687746,0.30907879886263023,0.40486622747083356,0.93062484273177826,0.34383226358063734,0,0,1.2190619999999999,1.593472,1,1000000000,1000000000,0,0.29381260101217777,0.39081270098686216,32,0,0.66384981485441852,-0.029884330329021467,map
S2,observed,121,3135000000,0,1,"solved_soft_dynamic","solved",40,0.29512232590017712,-0.018159740291139134,0.29020041619061088,0.43377713661693634,0.88350321614829297,0.30576305714187896,0.014779008301560329,0.0093140748180459264,1.0748549999999999,1.528875,1,1000000000,0.20140510104102272,0,0.41181253327522427,0.44176846742630005,32,0,0.68824492542356008,-0.028249120965203114,map
S2,no_observed_dynamic,121,3135000000,0,1,"solved_soft_dynamic","solved",140,0.31515983364514677,-0.017705470277681636,0.3101247678744003,0.43377713661693634,0.93871103322847005,0.33450096727268114,0,0,1.48125,1.8875709999999999,1,1000000000,1000000000,0,0.41181253327522427,0.44176846742630005,32,0,0.68824492542356008,-0.028249120965203114,map
S2,observed,122,3185000000,0,1,"solved_soft_dynamic","solved",50,0.29486822935744139,-0.016974963997133465,0.29107020057533051,0.45295890869433403,0.97361105887703769,0.32798870992782564,0.0041506645728373514,0.032885168755306268,0.80376300000000001,1.2526569999999999,1,1000000000,0.18103163754201423,0,0.44596834050025791,0.54176846742630003,32,0,0.71256639117893716,-0.026117552444564218,map
S2,no_observed_dynamic,122,3185000000,0,1,"solved_soft_dynamic","solved",130,0.31666362169336221,-0.016790924901749254,0.31274718818406283,0.45295890869433403,0.98029300767727778,0.34650280608234768,0,0,1.2572079999999999,1.6784840000000001,1,1000000000,1000000000,0,0.44596834050025791,0.54176846742630003,32,0,0.71256639117893716,-0.026117552444564218,map
S2,observed,123,3235000000,0,1,"solved_soft_dynamic","solved",110,0.29394370323239832,-0.017164475589804534,0.29064299165160951,0.48207442440320264,0.98386093807896113,0.31903473138125371,0.0056101644148476596,0.0042119998180874078,1.081869,1.5250429999999999,1,1000000000,0.25820432024064843,0,0.56011867709457874,0.56246912479400635,32,0,0.7368061838260711,-0.023140010309241173,map
S2,no_observed_dynamic,123,3235000000,0,1,"solved_soft_dynamic","solved",120,0.31650669508021712,-0.016796405255449905,0.31312515379129757,0.48207442440320264,0.98840605115867031,0.33658601148852924,0,0,1.1924469999999998,1.567231,1,1000000000,1000000000,0,0.56011867709457874,0.56246912479400635,32,0,0.7368061838260711,-0.023140010309241173,map
S2,observed,124,3285000000,0,1,"solved_soft_dynamic","solved",30,0.28214456362076895,0.024163883727650774,0.27297321079614223,0,0.55045390379855641,0.30524986121495623,0.11293272561564664,0.016021750147056413,0.64678999999999998,2.151465,0,1000000000,0.20656289311285014,0,0.56546900887042284,0.66243410110473633,32,1,0.76100993582243825,-0.019509094585158079,map
S2,no_observed_dynamic,124,3285000000,0,1,"solved_soft_dynamic","solved",30,0.30881964780774257,0.031030116249584044,0.30037248026800539,0,0.6279688084999262,0.34108556195453793,0,0,0.62793900000000002,1.000543,0,1000000000,1000000000,0,0.56546900887042284,0.66243410110473633,32,0,0.76100993582243825,-0.019509094585158079,map
S2,observed,125,3335000000,0,1,"solved_soft_dynamic","solved",40,0.26565615506176593,0.058288255463644606,0.26936309416289295,0.020711224419165671,0.54009839956957895,0.28940399825070418,0.025534630626690223,0.0064053985215685337,0.67262599999999995,1.103197,1,1000000000,0.2436072147481898,0,0.66243403125554323,0.66243410110473633,32,0,0.78505653269270492,-0.013967051245309484,map
S2,no_observed_dynamic,125,3335000000,0,1,"solved_soft_dynamic","solved",120,0.299906585785922,0.073766211029505868,0.30685710817602541,0.020711224419165671,0.64115993551929018,0.33916439003600424,0,0,1.382854,1.7568600000000001,1,1000000000,1000000000,0,0.66243403125554323,0.66243410110473633,32,0,0.78505653269270492,-0.013967051245309484,map
S2,observed,126,3385000000,0,1,"solved_soft_dynamic","solved",40,0.25609702674167872,0.09502643317876705,0.2552742436122617,0.030991934304343109,0.62758054008122199,0.3255032060778546,0.0016700364062016101,0.0095783313344610585,0.67435200000000006,1.121116,1,1000000000,0.23584650191959433,0,0.66543397842906415,0.72377413511276245,32,0,0.80882225023844323,-0.0079997549496932246,map
S2,no_observed_dynamic,126,3385000000,0,1,"solved_soft_dynamic","solved",220,0.28892809487959731,0.11111196971172338,0.29057123331914869,0.030991934304343109,0.64629941169179905,0.3526872077177946,0,0,1.7570570000000001,2.1324339999999999,1,1000000000,1000000000,0,0.66543397842906415,0.72377413511276245,32,0,0.80882225023844323,-0.0079997549496932246,map
S2,observed,127,3435000000,0,1,"solved_soft_dynamic","solved",30,0.24308537447641976,0.12447224752050219,0.26815744587941193,0.059517037900103015,0.62332764186991541,0.31735884109109336,0.013972262833972678,0.0045873895538289999,0.611707,1.0411269999999999,1,1000000000,0.26320256711580148,0,0.72377407923340797,0.72377413511276245,32,0,0.83085812253091018,0.0023283510293046102,map
S2,no_observed_dynamic,127,3435000000,0,1,"solved_soft_dynamic","solved",220,0.27814615839122914,0.14329279220256572,0.30736897838376143,0.059517037900103015,0.65759296648668653,0.35278456729474611,0,0,1.9131860000000001,2.282861,1,1000000000,1000000000,0,0.72377407923340797,0.72377413511276245,32,0,0.83085812253091018,0.0023283510293046102,map
S2,observed,128,3485000000,0,1,"solved_soft_dynamic","solved",140,0.23744050983176218,0.15581997086393318,0.28302475143105954,0.069021642927972124,0.69564580007005516,0.35891572544211653,0.00071161360897314637,0.0018320131578268258,1.4191229999999999,1.8613359999999999,1,1000000000,0.28978754204710455,0,0.72377407923340797,0.72288614511489868,32,0,0.85293795113870929,0.012747822133128613,map
S2,no_observed_dynamic,128,3485000000,0,1,"solved_soft_dynamic","solved",160,0.26880372426212168,0.17308204227839447,0.31836366100437163,0.069021642927972124,0.69961710062311533,0.38127850228749255,0,0,1.4927219999999999,1.8703730000000001,1,1000000000,1000000000,0,0.72377407923340797,0.72288614511489868,32,0,0.85293795113870929,0.012747822133128613,map
S2,observed,129,3535000000,0,1,"solved_soft_dynamic","solved",150,0.23112100838133096,0.18142973558436851,0.29378365213312579,0.10765283797123928,0.70758678982864442,0.34493107343913304,0.0026269483878494284,0.001750352422337001,1.3075870000000001,1.7391049999999999,1,1000000000,0.2916737792719889,0,0.72288612136617303,0.72288614511489868,32,0,0.87379781192692052,0.027581232984660097,map
S2,no_observed_dynamic,129,3535000000,0,1,"solved_soft_dynamic","solved",190,0.26050006914255464,0.1980168016524067,0.32704386286184983,0.10765283797123928,0.71299057425830892,0.3674160524183529,0,0,1.517574,1.8897519999999999,1,1000000000,1000000000,0,0.72288612136617303,0.72288614511489868,32,0,0.87379781192692052,0.027581232984660097,map
S2,observed,130,3585000000,0,1,"solved_soft_dynamic","solved",110,0.22635533303679795,0.20473773796651751,0.30478642139569356,0.11766531269085619,0.75030505618521726,0.37530936266339809,0.0018301620691895419,0.0020527830327263324,1.173265,1.6046369999999999,1,0.38513535499647977,0.2858986184641904,0,0.72288612136617303,0.63114774227142334,32,0,0.89457560111852252,0.041734854990701516,map
S2,no_observed_dynamic,130,3585000000,0,1,"solved_soft_dynamic","solved",150,0.25382718525244385,0.22060032290173737,0.33610967840712275,0.11766531269085619,0.75444648108199774,0.39615266387679166,0,0,1.4756389999999999,1.847423,1,1000000000,1000000000,0,0.72288612136617303,0.63114774227142334,32,0,0.89457560111852252,0.041734854990701516,map
S2,observed,131,3635000000,0,1,"solved_soft_dynamic","solved",130,0.22135080633303633,0.22262300807051971,0.31319487101453181,0.15769095448440093,0.76283391393239974,0.35955351083674547,0.0034439703345153141,0.0025737403676789703,1.234396,1.6621950000000001,1,0.36594966776668247,0.27783857979124116,0,0.63114770455285907,0.63114774227142334,32,0,0.91447643837294335,0.060457376671714511,map
S2,no_observed_dynamic,131,3635000000,0,1,"solved_soft_dynamic","solved",160,0.2482693501093429,0.23843579224464972,0.34386239639159438,0.15769095448440093,0.76791104521994435,0.38090094374607414,0,0,1.414725,1.7844090000000001,1,1000000000,1000000000,0,0.63114770455285907,0.63114774227142334,32,0,0.91447643837294335,0.060457376671714511,map
S2,observed,132,3685000000,0,1,"solved_soft_dynamic","solved",80,0.21529597307818554,0.23529691573208655,0.3169921635366918,0.16831561821783464,0.76740535133054788,0.37712458417502087,0.0035822710342235447,0.0027710968916605152,0.92546700000000004,1.3545689999999999,1,0.34431861372328632,0.2747305651306865,0,0.63114770455285907,0.53637772798538208,32,0,0.9341185446441046,0.078341379979708803,map
S2,no_observed_dynamic,132,3685000000,0,1,"solved_soft_dynamic","solved",140,0.24182959479664312,0.25105872500314746,0.34733656869948237,0.16831561821783464,0.77204954778306578,0.39806086765989218,0,0,1.2369080000000001,1.606789,1,1000000000,1000000000,0,0.63114770455285907,0.53637772798538208,32,0,0.9341185446441046,0.078341379979708803,map
S2,observed,133,3735000000,0,1,"solved_soft_dynamic","solved",40,0.20602988741769038,0.24280355720904095,0.31396434801136208,0.21174966192117298,0.803858079469013,0.35146235123603675,0.011439049018102847,0.0081161580154057618,0.66681599999999996,1.1059950000000001,1,0.33053726139811723,0.24313452112470646,0,0.53637765813618898,0.53637772798538208,32,0,0.95188094691616387,0.098405344453008248,map
S2,no_observed_dynamic,133,3735000000,0,1,"solved_soft_dynamic","solved",120,0.23985628785501542,0.26286473176554304,0.35276413389666172,0.21174966192117298,0.82336976754718583,0.38551990299019806,0,0,1.131343,1.501433,1,1000000000,1000000000,0,0.53637765813618898,0.53637772798538208,32,0,0.95188094691616387,0.098405344453008248,map
S2,observed,134,3785000000,0,1,"solved_soft_dynamic","solved",30,0.19730470890738466,0.24679678527755122,0.30985785877736477,0.22233951409099945,0.82234573713126036,0.36777933142127273,0.01112016923822938,0.0094410419984151048,0.61078399999999999,1.0434459999999999,1,0.31094356167889181,0.2378068997750632,0,0.53637765813618898,0.4363777279853821,32,0,0.96984848888186481,0.11813986023657359,map
S2,no_observed_dynamic,134,3785000000,0,1,"solved_soft_dynamic","solved",100,0.23978707740261643,0.27252372386725693,0.35892888174071691,0.22233951409099945,0.86557288677717814,0.41349702658026932,0,0,1.06938,1.443484,1,1000000000,1000000000,0,0.53637765813618898,0.4363777279853821,32,0,0.96984848888186481,0.11813986023657359,map
S2,observed,135,3835000000,0,1,"solved_soft_dynamic","solved",40,0.18681291065278546,0.24644719122288511,0.30175996385679049,0.26392209232779712,0.83913609509714537,0.33775155656949257,0.018221586739651071,0.012439096276129481,0.66963700000000004,1.102387,1,0.29588937551422512,0.23147766010777437,0,0.42397625220473856,0.42397630214691162,32,0,0.98637805267313972,0.13829171837127013,map
S2,no_observed_dynamic,135,3835000000,0,1,"solved_soft_dynamic","solved",120,0.2406905427280569,0.27872146653614055,0.36374289940328219,0.26392209232779712,0.87610396961449011,0.39324156964180357,0,0,1.139977,1.5067170000000001,1,1000000000,1000000000,0,0.42397625220473856,0.42397630214691162,32,0,0.98637805267313972,0.13829171837127013,map
S2,observed,136,3885000000,0,1,"solved_soft_dynamic","solved",30,0.177363196886548,0.2434320483100644,0.29259626219176754,0.2742716487282737,0.85796004456334829,0.35106210779183711,0.016844170219624578,0.014738001692378995,0.61735099999999998,1.0468789999999999,1,0.27778758929236314,0.22492139624099305,0,0.42397624929435551,0.35115694999694824,32,0,1.0030433402453831,0.15862115996357382,map
S2,no_observed_dynamic,136,3885000000,0,1,"solved_soft_dynamic","solved",120,0.24057066707333793,0.28072890980291398,0.36494710069305103,0.2742716487282737,0.88245944798426501,0.40900292905495711,0,0,1.159022,1.5349360000000001,1,1000000000,1000000000,0,0.42397624929435551,0.35115694999694824,32,0,1.0030433402453831,0.15862115996357382,map
S2,observed,137,3935000000,0,1,"solved_soft_dynamic","solved",40,0.14866093465425989,0.2352567265554952,0.2658223513615775,0.31566997617319398,0.83951756213065387,0.29704081043966135,1.2225787260972263,0.17944780100963365,0.66720500000000005,1.100095,1,0.26416989236166177,0.1460455717411423,0,0.35115689388476312,0.35115694999694824,32,0,1.0189388630049065,0.18015905469987889,map
S2,no_observed_dynamic,137,3935000000,0,1,"solved_soft_dynamic","solved",80,0.24358777922659058,0.28232560641712878,0.36857638423651362,0.31566997617319398,0.92300170147331984,0.39513980021342143,0,0,0.89254899999999993,1.260726,1,1000000000,1000000000,0,0.35115689388476312,0.35115694999694824,32,0,1.0189388630049065,0.18015905469987889,map
S2,observed,138,3985000000,0,1,"solved_soft_dynamic","solved",40,0.11758446794830416,0.21832991782914452,0.23119788700304861,0.3260431512205974,0.81439448112583479,0.27901498942390174,0.26555583776236591,0.055554534834678565,0.66344199999999998,1.1009959999999999,1,0.24724666952167507,0.19548960814437299,0,0.35115689388476312,0.25643542408943176,32,0,1.0347777176829072,0.2015086511019975,map
S2,no_observed_dynamic,138,3985000000,0,1,"solved_soft_dynamic","solved",80,0.24537297694666263,0.28006206108723347,0.36846406059886294,0.3260431512205974,0.92390644466598659,0.40980111019599358,0,0,1.078722,1.4546289999999999,1,1000000000,1000000000,0,0.35115689388476312,0.25643542408943176,32,0,1.0347777176829072,0.2015086511019975,map
S2,observed,139,4035000000,0,1,"solved_soft_dynamic","solved",40,0.084450657272500007,0.19890675970199187,0.19309568636710184,0.36766469508680627,0.79977782731229374,0.22150409401480425,1.0730889361198006,0.16734464151051343,0.67841099999999999,1.1220640000000002,1,0.23388998462579758,0.14674041012052408,0,0.25643539265729487,0.25643542408943176,32,0,1.0504001173024089,0.22331643067660797,map
S2,no_observed_dynamic,139,4035000000,0,1,"solved_soft_dynamic","solved",100,0.24865428224815281,0.27621744488344935,0.3683143333726665,0.36766469508680627,0.93706195467550257,0.38904944827408705,0,0,1.031477,1.400844,1,1000000000,1000000000,0,0.25643539265729487,0.25643542408943176,32,0,1.0504001173024089,0.22331643067660797,map
S2,observed,140,4085000000,0,1,"solved_soft_dynamic","solved",40,0.049209143625579793,0.17663047726912259,0.15181224346126729,0.37803131529988165,0.7825627037403089,0.20378856843133894,7.9034475825233379,1.203939739814688,0.68179899999999993,1.1222079999999999,1,0.21514303379620947,0.052711526629380612,0,0.25643539265729487,0.15643542408943176,32,0,1.0658445846177982,0.24514003225271691,map
S2,no_observed_dynamic,140,4085000000,0,1,"solved_soft_dynamic","solved",100,0.25207096851738175,0.27071886907279014,0.36736126865861174,0.37803131529988165,0.96871276946381002,0.40763846404256693,0,0,1.018527,1.3897600000000001,1,1000000000,1000000000,0,0.25643539265729487,0.15643542408943176,32,0,1.0658445846177982,0.24514003225271691,map
S2,observed,141,4135000000,0,1,"solved_soft_dynamic","solved",40,0.015506495256812108,0.15065671805609104,0.10973540424304212,0.40829052515388808,0.76841631108756214,0.158725521965523,2.5901026271168943,0.38491451307771873,0.684643,1.1170530000000001,1,0.20066044752987211,0.09365071138130987,0,0.17343551589874551,0.15194950997829437,32,0,1.0795393114335254,0.26671088538030924,map
S2,no_observed_dynamic,141,4135000000,0,1,"solved_soft_dynamic","solved",90,0.25689005936272086,0.26328569589225348,0.36636304256908792,0.40829052515388808,0.98715697187876739,0.39944709595015415,0,0,0.95245199999999997,1.322951,1,1000000000,1000000000,0,0.17343551589874551,0.15194950997829437,32,0,1.0795393114335254,0.26671088538030924,map
S2,observed,142,4185000000,0,1,"solved_soft_dynamic","solved",50,-0.014312973601971035,0.12440267837705025,0.070009310994731802,0.42822463642944192,0.75402724376836194,0.1326379740548998,6.7494624657918862,1.5022087552748997,0.780026,1.2170719999999999,1,0.19076414287150412,0.028897661978880607,0,0.15194948355201632,0.085986755788326263,32,0,1.0936465755875251,0.2884952621736766,map
S2,no_observed_dynamic,142,4185000000,0,1,"solved_soft_dynamic","solved",80,0.26292431391532523,0.25473905052514534,0.36539090274604474,0.42822463642944192,1.0232873501035173,0.40673578817877731,0,0,0.92918999999999996,1.301445,1,1000000000,1000000000,0,0.15194948355201632,0.085986755788326263,32,0,1.0936465755875251,0.2884952621736766,map
S2,observed,143,4235000000,0,1,"solved_soft_dynamic","solved",40,-0.043489727965720051,0.096700817211816573,0.033742746025211302,0.45794393697665292,0.73233269898335851,0.090371031438783528,5.1766911490970431,1.1330141999967192,0.67235099999999992,1.1103210000000001,1,0.177484321681316,0.032948552900292361,0,0.085986743215471506,0.085986755788326263,32,0,1.106738155503066,0.3098907464420993,map
S2,no_observed_dynamic,143,4235000000,0,1,"solved_soft_dynamic","solved",90,0.27024074039239243,0.24419504794680405,0.36420207016197342,0.45794393697665292,1.0408966457204412,0.3979128314167002,0,0,0.93581999999999999,1.309056,1,1000000000,1000000000,0,0.085986743215471506,0.085986755788326263,32,0,1.106738155503066,0.3098907464420993,map
S2,observed,144,4285000000,0,0,"solver_not_solved","solved inaccurate",400,0,0,0,0.49600862968015519,0,0,3.4382467261464522,0,2.8459140000000001,3.258051,1,1000000000,1000000000,0,0.044986865759710781,-0.014013244211673742,32,0,0,0,map
S2,no_observed_dynamic,144,4285000000,0,1,"solved_soft_dynamic","solved",90,0.27892173469391074,0.23211406247561489,0.36282901357853359,0.49600862968015519,1.0535874978516053,0.37725930618939607,0,0,0.94511699999999998,1.316484,1,1000000000,1000000000,0,0.044986865759710781,-0.014013244211673742,32,0,1.1195506796072088,0.33151470834947494,map
S2,observed,145,4335000000,0,1,"solved_soft_dynamic","solved",130,-0.049999999999999982,-0.0041352179387813583,0.050134414079960658,0,0.49572026149118131,0.19353887353394683,0.06331320348463268,0.071437633751927812,1.2449889999999999,2.791347,0,0.15313514053400745,0.15313514053400745,0,0.0049868719979251352,-0.02329697459936142,32,1,1.1319225053501725,0.35313505482781238,map
S2,no_observed_dynamic,145,4335000000,0,1,"solved_soft_dynamic","solved",160,0.22892173469391075,0.1821140624756149,-0.24916205772570282,0,0.37872171777375352,0,0,0,1.4452320000000001,1.8151359999999999,0,1000000000,1000000000,0,0.0049868719979251352,-0.02329697459936142,32,0,1.1319225053501725,0.35313505482781238,map
S2,observed,146,4385000000,0,1,"solved_soft_dynamic","solved",60,-0.099999999999999978,-0.0024886165054537036,0.099573480294470551,0,0.53575172064350496,0.2642564205868343,0.091185091131981408,0.080790831016951378,0.83846200000000004,1.27356,1,0.14207145043968539,0.14207145043968539,0,0.017702897730487166,0.076703025400638586,32,0,1.1431775901718273,0.37497710200259249,map
S2,no_observed_dynamic,146,4385000000,0,1,"solved_soft_dynamic","solved",170,0.17892173469391076,0.13211406247561491,-0.19351173658377524,0,0.46521073992298373,0.059966269521266713,0,0,1.5461330000000002,1.9215169999999999,1,1000000000,1000000000,0,0.017702897730487166,0.076703025400638586,32,0,1.1431775901718273,0.37497710200259249,map
S2,observed,147,4435000000,0,1,"solved_soft_dynamic","solved",80,-0.14999999999999997,-0.00023350693765647641,0.1489393645561761,0,0.56190057456698872,0.32229232847026823,0.056808177209293265,0.056426091032916972,0.92489099999999991,1.3602670000000001,1,0.14825214860828184,0.14825214860828184,0,0.057702892809174955,0.096598893404006958,32,0,1.1524976099367337,0.39754850671243941,map
S2,no_observed_dynamic,147,4435000000,0,1,"solved_soft_dynamic","solved",130,0.12892173469391077,0.090802598409295776,-0.13890633824668677,0,0.50333633902288333,0.13394373149394062,0,0,1.292948,1.667076,1,1000000000,1000000000,0,0.057702892809174955,0.096598893404006958,32,0,1.1524976099367337,0.39754850671243941,map
S2,observed,148,4485000000,0,1,"solved_soft_dynamic","solved",90,-0.1767963859915414,0.049766493062343528,0.026832404028085916,0.23102741293252996,0.75629302904838924,0.16604015896592397,0.029983985569400316,0.030293011080267909,0.99307499999999993,1.428237,1,0.16257673468698763,0.16257673468698763,0,0.13759874564129859,0.15071304142475128,32,0,1.1596429805810424,0.42239864363279428,map
S2,no_observed_dynamic,148,4485000000,0,1,"solved_soft_dynamic","solved",270,0.078921734693910769,0.1267840397206336,0.13580716697161369,0.23102741293252996,0.74378136612772972,0.2230435683355243,0,0,2.1104050000000001,2.4801739999999999,1,1000000000,1000000000,0,0.13759874564129859,0.15071304142475128,32,0,1.1596429805810424,0.42239864363279428,map
S2,observed,149,4535000000,0,1,"solved_soft_dynamic","solved",100,-0.19914945333419232,0.094559002964720168,0.068411416190193641,0.23679184097049616,0.78319476650129149,0.21803351124340925,0.028826503248499693,0.028236950857444647,1.200485,1.636388,1,0.16205210192277031,0.16205210192277031,0,0.15071300731506199,0.15071304142475128,32,0,1.1658482376240205,0.44791104780400348,map
S2,no_observed_dynamic,149,4535000000,0,1,"solved_soft_dynamic","solved",210,0.028921734693910767,0.15942357531362236,0.16180934535436306,0.23679184097049616,0.7873943978804161,0.27324858999573243,0,0,1.7035710000000002,2.0811509999999998,1,1000000000,1000000000,0,0.15071300731506199,0.15071304142475128,32,0,1.1658482376240205,0.44791104780400348,map
S2,observed,150,4585000000,0,1,"solved_soft_dynamic","solved",110,-0.21551845974551656,0.13445943581189704,0.1069824629095486,0.27962942100927612,0.82137403267839737,0.22470785500691459,0.030476242810075115,0.030360168701322948,1.0842339999999999,1.521938,1,0.15374491035341264,0.15374491035341264,0,0.12705659901257604,0.12705662846565247,32,0,1.1696306445668707,0.4756892307205029,map
S2,no_observed_dynamic,150,4585000000,0,1,"solved_soft_dynamic","solved",120,-0.020816002797679901,0.19075820356350984,0.18675944975287542,0.27962942100927612,0.82480967252072546,0.27961994407153512,0,0,1.108573,1.482388,1,1000000000,1000000000,0,0.12705659901257604,0.12705662846565247,32,0,1.1696306445668707,0.4756892307205029,map
S2,observed,151,4635000000,0,1,"solved_soft_dynamic","solved",40,-0.22527040675366711,0.16594710846116884,0.15084147935015849,0.28334521635008919,0.85376920584198879,0.2819244074769745,0.012988822797151455,0.013013958736735675,0.693554,1.1320399999999999,1,0.17632101614171214,0.17632101614171214,0,0.12705659901257604,0.12705662846565247,32,0,1.1725030413201636,0.50400491873614761,map
S2,no_observed_dynamic,151,4635000000,0,1,"solved_soft_dynamic","solved",140,-0.060553529913943846,0.21620426641668666,0.21177560724775271,0.28334521635008919,0.86058621774754096,0.32811919376982202,0,0,1.286208,1.655702,1,1000000000,1000000000,0,0.12705659901257604,0.12705662846565247,32,0,1.1725030413201636,0.50400491873614761,map
S2,observed,152,4685000000,0,1,"solved_soft_dynamic","solved",100,-0.22815187062027856,0.19510179486818488,0.18179277108754954,0.32803412134909238,0.88950031270957519,0.2928381873845331,0.0063955629720674964,0.0063933116541043849,0.99804699999999991,1.440628,1,0.19575529476336151,0.19575529476336151,0,0.086962402565404773,0.082075640559196472,32,0,1.1744900721957754,0.53279726885470313,map
S2,no_observed_dynamic,152,4685000000,0,1,"solved_soft_dynamic","solved",100,-0.087650511240665141,0.24222599253189639,0.23684153943446082,0.32803412134909238,0.89389801148144588,0.34238632200610547,0,0,1.03122,1.405829,1,1000000000,1000000000,0,0.086962402565404773,0.082075640559196472,32,0,1.1744900721957754,0.53279726885470313,map
S2,observed,153,4735000000,0,1,"solved_soft_dynamic","solved",100,-0.2277840456213841,0.2163707305092597,0.21181333841712627,0.33471512921102436,0.92781546000871384,0.33304212996508109,0.0034022697304254643,0.003404785324746936,1.0113859999999999,1.451133,1,0.21469376690789865,0.21469376690789865,0,0.082075624959543347,0.082075640559196472,32,0,1.1759485495550184,0.56193385379910499,map
S2,no_observed_dynamic,153,4735000000,0,1,"solved_soft_dynamic","solved",100,-0.10755493780494688,0.26066561280659345,0.25848256824337151,0.33471512921102436,0.93231967154108553,0.37822144342821307,0,0,1.01332,1.388441,1,1000000000,1000000000,0,0.082075624959543347,0.082075640559196472,32,0,1.1759485495550184,0.56193385379910499,map
S2,observed,154,4785000000,0,1,"solved_soft_dynamic","solved",70,-0.21989261485585679,0.23777860572776696,0.23676952107355423,0.36761035620619292,0.9522938438910884,0.36799710267349867,0.0017407586676547111,0.0017397379297973594,0.86681900000000001,1.3073399999999999,1,0.23511296978598661,0.23511296978598661,0,0.077875697752460837,0.020813044160604477,32,0,1.1771974281751587,0.59095642099377443,map
S2,no_observed_dynamic,154,4785000000,0,1,"solved_soft_dynamic","solved",100,-0.11817793024071009,0.27757891353623465,0.27703502697432003,0.36761035620619292,0.95820463138961309,0.39781384627037614,0,0,1.005215,1.3757779999999999,1,1000000000,1000000000,0,0.077875697752460837,0.020813044160604477,32,0,1.1771974281751587,0.59095642099377443,map
S2,observed,155,4835000000,0,1,"solved_soft_dynamic","solved",40,-0.20810565614542081,0.25418745825435851,0.26059407213341101,0.38575079601333584,0.99332887903872913,0.39828236255153254,0.00029460912881771299,0.00029451314741457918,0.67169400000000001,1.1116299999999999,1,0.28746862011838303,0.28746862011838303,0,0.020813038645428605,0.020813044160604477,32,0,1.1782588504040807,0.61967968684521235,map
S2,no_observed_dynamic,155,4835000000,0,1,"solved_soft_dynamic","solved",40,-0.12251539984844871,0.2903367695188156,0.29403913499204865,0.38575079601333584,1.000423555098084,0.42811930455300307,0,0,0.664578,1.039477,1,1000000000,1000000000,0,0.020813038645428605,0.020813044160604477,32,0,1.1782588504040807,0.61967968684521235,map
S2,observed,156,4885000000,0,1,"solved_soft_dynamic","solved",130,-0.18411305024082905,0.28061214978303822,0.20600562840769934,0.50602754803522842,1.1033779822456893,0.30300358874930683,0.00014398526490002383,0.00014334793662052584,1.2219150000000001,1.6550410000000002,1,0.30864947153113165,0.30864947153113165,0,0.016613112074992387,-0.048361163586378098,32,0,1.179318252827305,0.64828870961233875,map
S2,no_observed_dynamic,156,4885000000,0,1,"solved_soft_dynamic","solved",130,-0.1112511167861113,0.31223063743623819,0.25948522101437599,0.50602754803522842,1.1096846278018178,0.33366072411407716,0,0,1.2028449999999999,1.5777190000000001,1,1000000000,1000000000,0,0.016613112074992387,-0.048361163586378098,32,0,1.179318252827305,0.64828870961233875,map
S2,observed,157,4935000000,0,1,"solved_soft_dynamic","solved",40,-0.16167106409411036,0.29686081219430194,0.2286379549171027,0.50602754803522842,1.1132219478711267,0.337646716833576,6.0132093968887846e-05,6.0102809038704264e-05,0.68579000000000001,1.1159859999999999,1,0.33409593316102149,0.33409593316102149,0,-0.048361154767917469,-0.048361163586378098,32,0,1.1809936007337902,0.67540086270588384,map
S2,no_observed_dynamic,157,4935000000,0,1,"solved_soft_dynamic","solved",40,-0.099581097071711061,0.32570170423141759,0.27600608828241013,0.50602754803522842,1.1221884724475859,0.3731155988630655,0,0,0.68904199999999993,1.057868,1,1000000000,1000000000,0,-0.048361154767917469,-0.048361163586378098,32,0,1.1809936007337902,0.67540086270588384,map
S2,observed,158,4985000000,0,1,"solved_soft_dynamic","solved",30,-0.13472643374310544,0.31166685452436449,0.21090445618767606,0.55088546235816271,1.1533841013746107,0.33011938458648277,6.1028827114193914e-05,6.0942198515592935e-05,0.60864299999999993,1.0365929999999999,1,0.33378310541839928,0.33378310541839928,0,-0.051361095029278658,-0.11980913579463959,32,0,1.1826870370220903,0.70291415742349828,map
S2,no_observed_dynamic,158,4985000000,0,1,"solved_soft_dynamic","solved",30,-0.081787803006014348,0.33695288746055374,0.25821881758514104,0.55088546235816271,1.1625167986331837,0.3533694335253777,0,0,0.601051,0.97195799999999999,1,1000000000,1000000000,0,-0.051361095029278658,-0.11980913579463959,32,0,1.1826870370220903,0.70291415742349828,map
S2,observed,159,5035000000,0,1,"solved_soft_dynamic","solved",40,-0.10993792408763749,0.32002719840016403,0.25119936004659166,0.56172857944744359,1.168484026320761,0.35310408531457355,2.5232754299373523e-05,2.5196274837020473e-05,0.72197800000000001,1.144056,1,0.35735147468574868,0.35735147468574868,0,-0.11980910348938778,-0.11980913579463959,32,0,1.18656071484879,0.72799362157475644,map
S2,no_observed_dynamic,159,5035000000,0,1,"solved_soft_dynamic","solved",40,-0.0643535251742227,0.34271901523548687,0.28996144885594072,0.56172857944744359,1.1716628917319332,0.38396615049713489,0,0,0.66312900000000008,1.0355369999999999,1,1000000000,1000000000,0,-0.11980910348938778,-0.11980913579463959,32,0,1.18656071484879,0.72799362157475644,map
S2,observed,160,5085000000,0,1,"solved_soft_dynamic","solved",40,-0.083223531474853604,0.32597627830498771,0.25576861787723137,0.59641099616975801,1.1905417200034623,0.35291873807007323,2.6603263402891257e-05,2.657067937651253e-05,0.65838300000000005,1.0824319999999998,1,0.3560520641983661,0.3560520641983661,0,-0.12280905575607903,-0.1646881103515625,32,0,1.1903131017061106,0.75347298180093314,map
S2,no_observed_dynamic,160,5085000000,0,1,"solved_soft_dynamic","solved",40,-0.043051400195181902,0.34626393165878822,0.29170472603120756,0.59641099616975801,1.1948649654438728,0.38381453293240753,0,0,0.67050699999999996,1.0441590000000001,1,1000000000,1000000000,0,-0.12280905575607903,-0.1646881103515625,32,0,1.1903131017061106,0.75347298180093314,map
S2,observed,161,5135000000,0,1,"solved_soft_dynamic","solved",60,-0.057975140639979758,0.3276930486220182,0.27515664295607345,0.61252368615034825,1.2047926846140629,0.37045920281269373,3.4294260438585114e-05,3.4198581482200261e-05,0.80284699999999998,1.3603969999999999,1,0.35345365698138742,0.35345365698138742,0,-0.16468808462377638,-0.1646881103515625,32,0,1.1962306349754925,0.7765213280155433,map
S2,no_observed_dynamic,161,5135000000,0,1,"solved_soft_dynamic","solved",40,-0.023409676012165901,0.34589437027885278,0.30592419872575904,0.61252368615034825,1.2084380599851823,0.38535097616070868,0,0,0.67615400000000003,1.049682,1,1000000000,1000000000,0,-0.16468808462377638,-0.1646881103515625,32,0,1.1962306349754925,0.7765213280155433,map
S2,observed,162,5185000000,0,1,"solved_soft_dynamic","solved",40,-0.025113611148275088,0.33125976046777889,0.18723042910581872,0.67715174845142123,1.2787617588361631,0.33851388354105033,1.5537255658329583e-05,1.5530137535258571e-05,0.67760900000000002,1.1035200000000001,1,0.37357709283090701,0.37357709283090701,0,-0.16888801037566736,-0.19583724439144135,32,0,1.2024440524507878,0.79947073405152558,map
S2,no_observed_dynamic,162,5185000000,0,1,"solved_soft_dynamic","solved",40,0.0046264146524644598,0.34750439788324411,0.22060348065870428,0.67715174845142123,1.2817627545657477,0.35785404682258803,0,0,0.67727399999999993,1.0454349999999999,1,1000000000,1000000000,0,-0.16888801037566736,-0.19583724439144135,32,0,1.2024440524507878,0.79947073405152558,map
S2,observed,163,5235000000,0,1,"solved_soft_dynamic","solved",80,-0.00032685819536436636,0.33197241826294643,0.30995992270638739,0.68102752538342715,1.2856518238771142,0.37392363793758382,6.8679909646056001e-05,6.8050949010452688e-05,0.87115699999999996,1.3365670000000001,1,0.33567726494042782,0.33567726494042782,0,-0.1958372158696875,-0.19583724439144135,32,0,1.2106556536162132,0.82011450956892951,map
S2,no_observed_dynamic,163,5235000000,0,1,"solved_soft_dynamic","solved",80,0.025255183998382166,0.34634522014287439,0.33252161082505299,0.68102752538342715,1.2838931692897433,0.38904211687155688,0,0,0.92531399999999997,1.2994829999999999,1,1000000000,1000000000,0,-0.1958372158696875,-0.19583724439144135,32,0,1.2106556536162132,0.82011450956892951,map
S2,observed,164,5285000000,0,1,"solved_soft_dynamic","solved",30,0.02235146127050824,0.32943003617857097,0.31568500217557505,0.68549791283067618,1.3030485033896482,0.40290697666497444,3.6133121765719199e-05,3.6033334862627853e-05,0.63703700000000008,1.068657,1,0.35327840945728683,0.35327840945728683,0,-0.19883715285686776,-0.22645726799964905,32,0,1.2190386171410146,0.84081773138017057,map
S2,no_observed_dynamic,164,5285000000,0,1,"solved_soft_dynamic","solved",40,0.043848722932290349,0.3419380998551978,0.33504602605409345,0.68549791283067618,1.293929308643903,0.41283996478063084,0,0,0.71052300000000002,1.0843109999999998,1,1000000000,1000000000,0,-0.19883715285686776,-0.22645726799964905,32,0,1.2190386171410146,0.84081773138017057,map
S2,observed,165,5335000000,0,1,"solved_soft_dynamic","solved",150,0.062835559338349584,0.27943003617857098,0.052886550046544217,0.022687495820984189,0.52948271379634426,0.18887280670010692,2.42346194634972e-05,5.6554349153050209e-05,1.3966130000000001,2.8416320000000002,0,0.3682128620513786,0.3682128620513786,0,-0.22645722492597997,-0.22645726799964905,32,1,1.2295103091581314,0.85912565770334526,map
S2,no_observed_dynamic,165,5335000000,0,1,"solved_soft_dynamic","solved",150,0.081546934555520645,0.29193809985519781,0.071142579459756064,0.022687495820984189,0.53016637952821577,0.2003772935541788,0,0,1.3982030000000001,1.767706,0,1000000000,1000000000,0,-0.22645722492597997,-0.22645726799964905,32,0,1.2295103091581314,0.85912565770334526,map
S2,observed,166,5385000000,0,1,"solved_soft_dynamic","solved",280,0.097136669837808026,0.229430036178571,0.088939244801572809,0.03416547831259778,0.53535283363188357,0.20777954175648147,0.0016909804158048015,0.0016037695115238238,2.1340980000000003,2.5694179999999998,1,0.33872546017063743,0.30025431822935789,0,-0.22945717500988394,-0.2505471408367157,32,0,1.2401063220123203,0.87752570582478628,map
S2,no_observed_dynamic,166,5385000000,0,1,"solved_soft_dynamic","solved",280,0.1137417927966024,0.24193809985519782,0.10509034682548217,0.03416547831259778,0.53564739054553367,0.21793415948809275,0,0,2.1262789999999998,2.5002240000000002,1,1000000000,1000000000,0,-0.22945717500988394,-0.2505471408367157,32,0,1.2401063220123203,0.87752570582478628,map
S2,observed,167,5435000000,0,1,"solved_soft_dynamic","solved",240,0.12599503038924603,0.17943003617857101,0.11955261319236873,0.043241873366781064,0.54024553498463224,0.22949192311505193,0.001549164560125175,0.0015569513961965905,1.8933789999999999,2.3286420000000003,1,0.3486811847558694,0.30113224327860921,0,-0.25054710567928851,-0.2505471408367157,32,0,1.2530146148321204,0.89359461176574317,map
S2,no_observed_dynamic,167,5435000000,0,1,"solved_soft_dynamic","solved",240,0.14082513619609083,0.19193809985519783,0.13392981458079581,0.043241873366781064,0.54061418860445176,0.23870326293955083,0,0,1.871229,2.2826469999999999,1,1000000000,1000000000,0,-0.25054710567928851,-0.2505471408367157,32,0,1.2530146148321204,0.89359461176574317,map
S2,observed,168,5485000000,0,1,"solved_soft_dynamic","solved",150,0.14916427267613735,0.13141516440735393,0.14497225059534605,0.057778001591361067,0.58913829502101278,0.24934882277365666,0.085130206431370412,0.02439588844359258,1.4612579999999999,1.905931,1,0.31497319391977596,0.21540305911837609,0,-0.25474703288637102,-0.3386833667755127,32,0,1.265718386603796,0.90956255248042861,map
S2,no_observed_dynamic,168,5485000000,0,1,"solved_soft_dynamic","solved",200,0.16712956931109613,0.14193809985519784,0.16259891737119345,0.057778001591361067,0.58211021253755446,0.25998274719812914,0,0,1.685462,2.0608900000000001,1,1000000000,1000000000,0,-0.25474703288637102,-0.3386833667755127,32,0,1.265718386603796,0.90956255248042861,map
S2,observed,169,5535000000,0,1,"solved_soft_dynamic","solved",130,0.16975429341836484,0.087490954304453389,0.16692880503621232,0.067584460576587846,0.5905910059881313,0.265230543777081,0.022690399117188453,0.03127475073490376,1.2073100000000001,1.6479540000000001,1,0.3186832049409819,0.20790013415122166,0,-0.33297424088232219,-0.3386833667755127,32,0,1.2786367076059793,0.92183841375872799,map
S2,no_observed_dynamic,169,5535000000,0,1,"solved_soft_dynamic","solved",130,0.1891207851720359,0.091938099855197852,0.18614640269492702,0.067584460576587846,0.5865534412919613,0.27670911206904036,0,0,1.2438629999999999,1.614425,1,1000000000,1000000000,0,-0.33297424088232219,-0.3386833667755127,32,0,1.2786367076059793,0.92183841375872799,map
S2,observed,170,5585000000,0,1,"solved_soft_dynamic","solved",160,0.17669195882205146,0.059911169242924715,0.17409110074465342,0.08320153420227698,0.60012764327527812,0.26630157031602286,0.74824800913243095,0.12356679874220214,1.536691,1.968391,1,0.29314954816515282,0.15673173492420622,0,-0.34288324241060764,-0.36534351110458374,32,0,1.2937194027239005,0.93177564937499857,map
S2,no_observed_dynamic,170,5585000000,0,1,"solved_soft_dynamic","solved",100,0.20748126968084388,0.04661955496487722,0.20539874912101175,0.08320153420227698,0.59199907573675281,0.28660039728307773,0,0,1.1669659999999999,1.5402790000000002,1,1000000000,1000000000,0,-0.34288324241060764,-0.36534351110458374,32,0,1.2937194027239005,0.93177564937499857,map
S2,observed,171,5635000000,0,1,"solved_soft_dynamic","solved",130,0.18194908561372422,0.034959533153152332,0.1803653243088563,0.095446106038662049,0.6096313581678523,0.27272262236342859,0.12556216667215128,0.06600187200224325,1.2114739999999999,1.6604619999999999,1,0.28844262724822878,0.19056952652894354,0,-0.3653434687294066,-0.36534351110458374,32,0,1.3101246253615064,0.93958070480393907,map
S2,no_observed_dynamic,171,5635000000,0,1,"solved_soft_dynamic","solved",100,0.22233964402868256,0.0072972094552174391,0.22185449860983683,0.095446106038662049,0.59637221211472502,0.30063277141326455,0,0,0.99759099999999989,1.367073,1,1000000000,1000000000,0,-0.3653434687294066,-0.36534351110458374,32,0,1.3101246253615064,0.93958070480393907,map
S2,observed,172,5685000000,0,1,"solved_soft_dynamic","solved",40,0.17748289291672739,0.022437811641597874,0.17613030152228104,0.11455825165672247,0.59219191333958154,0.26302379588815122,0.2296102500283187,0.080142087227412631,0.68295899999999998,1.1264609999999999,1,0.26981186400977464,0.18657827034773866,0,-0.36234352155588567,-0.32461094856262207,32,0,1.3280569650704381,0.94461357607993401,map
S2,no_observed_dynamic,172,5685000000,0,1,"solved_soft_dynamic","solved",80,0.23758207172791193,-0.024698185145704439,0.23852336533425805,0.11455825165672247,0.63790878649870442,0.31615595371426919,0,0,0.89498299999999997,1.2606440000000001,1,1000000000,1000000000,0,-0.36234352155588567,-0.32461094856262207,32,0,1.3280569650704381,0.94461357607993401,map
S2,observed,173,5735000000,0,1,"solved_soft_dynamic","solved",40,0.17082043137632744,0.012172166039952442,0.16973059780810365,0.12801616683841627,0.60129972304782009,0.26368498838056947,0.090483650781148575,0.13000141386359573,0.67971000000000004,1.1118949999999999,1,0.2586254933890394,0.16648727891078152,0,-0.32461091177538037,-0.32461094856262207,32,0,1.3473244687573449,0.94756271061018149,map
S2,no_observed_dynamic,173,5735000000,0,1,"solved_soft_dynamic","solved",90,0.24937161312582345,-0.050718690969666233,0.25204648805904634,0.12801616683841627,0.64233112511192769,0.33083314747103654,0,0,1.0047010000000001,1.3695409999999999,1,1000000000,1000000000,0,-0.32461091177538037,-0.32461094856262207,32,0,1.3473244687573449,0.94756271061018149,map
S2,observed,174,5785000000,0,1,"solved_soft_dynamic","solved",40,0.14957178616489664,0.01574791081500599,0.1480003072440699,0.15024641893080615,0.55764581351579112,0.23493806542646617,0.44200875393105243,0.10987811381693965,0.68527199999999999,1.1252630000000001,1,0.23612583491932404,0.17679651201614188,0,-0.32161096460185945,-0.27702197432518005,32,0,1.3678659204853953,0.94770253650315706,map
S2,no_observed_dynamic,174,5785000000,0,1,"solved_soft_dynamic","solved",100,0.25890819093060613,-0.07002275618254436,0.26337251752294483,0.15024641893080615,0.64904440018047183,0.33838487264122102,0,0,1.0027460000000001,1.3677429999999999,1,1000000000,1000000000,0,-0.32161096460185945,-0.27702197432518005,32,0,1.3678659204853953,0.94770253650315706,map
S2,observed,175,5835000000,0,1,"solved_soft_dynamic","solved",40,0.1368312829480951,0.0039175069537541567,0.1361683019731772,0.16725028431172967,0.53390060070288825,0.22826628973397992,0.071642352014232247,0.17862686597208619,0.68475399999999997,1.108946,1,0.25904421456500826,0.16028222303176654,0,-0.27702192892320454,-0.27702197432518005,32,0,1.389807547620306,0.9457562401199191,map
S2,no_observed_dynamic,175,5835000000,0,1,"solved_soft_dynamic","solved",120,0.27135698893678356,-0.081028379805301684,0.27660011362623266,0.16725028431172967,0.72539796241180543,0.36730053648851818,0,0,1.211382,1.5807230000000001,1,1000000000,1000000000,0,-0.27702192892320454,-0.27702197432518005,32,0,1.389807547620306,0.9457562401199191,map
S2,observed,176,5885000000,0,1,"solved_soft_dynamic","solved",40,0.10709194506253625,0.010462429641182394,0.10600059568696626,0.22926647195060207,0.49426575360289254,0.1414643421060329,0.43327767798984612,0.10552769903054507,0.68211300000000008,1.1094489999999999,1,0.23723240312425409,0.1795135857619885,0,-0.27402199048083276,-0.25455278158187866,32,0,1.4128087305720389,0.94089983102101626,map
S2,no_observed_dynamic,176,5885000000,0,1,"solved_soft_dynamic","solved",110,0.28361076394619966,-0.084382690098382854,0.25080991607769548,0.22926647195060207,0.74479380811061424,0.3076914268312923,0,0,1.086592,1.4525350000000001,1,1000000000,1000000000,0,-0.27402199048083276,-0.25455278158187866,32,0,1.4128087305720389,0.94089983102101626,map
S2,observed,177,5935000000,0,1,"solved_soft_dynamic","solved",40,0.072547242258469008,0.023170052908420953,0.076077875324136721,0.2539998127859604,0.53258383143335331,0.12022006318577698,0.1826290112478953,0.13100940654747811,0.68161399999999994,1.1064429999999998,1,0.21395199632582096,0.16753206923488306,0,-0.25455275317654014,-0.25455278158187866,32,0,1.4366690542929101,0.93428311300074585,map
S2,no_observed_dynamic,177,5935000000,0,1,"solved_soft_dynamic","solved",100,0.29156158405996685,-0.083159761166450713,0.25984943113252978,0.2539998127859604,0.75166763776600809,0.30540249613300235,0,0,1.0599430000000001,1.434145,1,1000000000,1000000000,0,-0.25455275317654014,-0.25455278158187866,32,0,1.4366690542929101,0.93428311300074585,map
S2,observed,178,5985000000,0,1,"solved_soft_dynamic","solved",40,0.037321461015464609,0.037423166787937466,0.045778676954550401,0.2708588911395341,0.4989606573648111,0.094536024406766409,0.20911403869782735,0.12496357978279171,0.68925400000000003,1.1114820000000001,1,0.20555605216200568,0.17761223886320543,0,-0.25755268579814583,-0.27314579486846924,32,0,1.4601516446687632,0.92817810392524192,map
S2,no_observed_dynamic,178,5985000000,0,1,"solved_soft_dynamic","solved",100,0.29859616684629642,-0.077426665293980582,0.26813419434161723,0.2708588911395341,0.79253396711487567,0.31953981846256324,0,0,1.043142,1.4133360000000001,1,1000000000,1000000000,0,-0.25755268579814583,-0.27314579486846924,32,0,1.4601516446687632,0.92817810392524192,map
S2,observed,179,6035000000,0,1,"solved_soft_dynamic","solved",230,-0.0055050745011140725,0.060650100681889745,0.010546918711312862,0.29687971903926674,0.48470931158833663,0.056742603855361888,0.23043368126483238,0.14186507519925126,1.9918579999999999,2.4212989999999999,1,0.18302684414919645,0.172064428150138,0,-0.27314576436765492,-0.27314579486846924,32,0,1.4843186410702387,0.92250412388290448,map
S2,no_observed_dynamic,179,6035000000,0,1,"solved_soft_dynamic","solved",110,0.302707984977164,-0.068381471283302533,0.27429199316351915,0.29687971903926674,0.80065655512168155,0.31552453330241198,0,0,1.1279199999999998,1.4997610000000001,1,1000000000,1000000000,0,-0.27314576436765492,-0.27314579486846924,32,0,1.4843186410702387,0.92250412388290448,map
S2,observed,180,6085000000,0,1,"solved_soft_dynamic","solved",230,-0.048618634168067332,0.084644253683318585,-0.025127775255740569,0.31389653133131945,0.49554096225248173,0.032531651482406616,0.21708136114021645,0.16580468115117925,1.8524510000000001,2.2800189999999998,1,0.16776861745321903,0.16328505020639583,0,-0.27734568866435438,-0.3091062605381012,32,0,1.5082521634462582,0.91649841636034557,map
S2,no_observed_dynamic,180,6085000000,0,1,"solved_soft_dynamic","solved",120,0.30670333742469291,-0.056686625275799409,0.28168527526622583,0.31389653133131945,0.84146500681352998,0.33012542294693992,0,0,1.1641469999999998,1.5326249999999999,1,1000000000,1000000000,0,-0.27734568866435438,-0.3091062605381012,32,0,1.5082521634462582,0.91649841636034557,map
S2,observed,181,6135000000,0,1,"solved_soft_dynamic","solved",130,-0.093446188465174745,0.12031263120900343,-0.058894117062162216,0.34051842822159994,0.46880758444871007,1.3120505048689339e-22,0.33637115414837615,0.18147505928046365,1.252918,1.6881279999999999,1,0.14688729035156989,0.14688729035156989,0,-0.30910622444935143,-0.3091062605381012,32,0,1.5325277434394449,0.91212610330820443,map
S2,no_observed_dynamic,181,6135000000,0,1,"solved_soft_dynamic","solved",120,0.30823908787022669,-0.043636700386383204,0.28624310197837838,0.34051842822159994,0.84927357295787431,0.32461219995430779,0,0,1.1944810000000001,1.56854,1,1000000000,1000000000,0,-0.30910622444935143,-0.3091062605381012,32,0,1.5325277434394449,0.91212610330820443,map
S2,observed,182,6185000000,0,1,"solved_soft_dynamic","solved",310,-0.12397421752377565,0.14416406103157675,-0.08111770351163565,0.35825303192229968,0.51147039926339111,0,0.1891180719684262,0.22296399891996541,2.441675,2.8996919999999999,1,0.1450390546146112,0.1450390546146112,0,-0.31210616289172322,-0.32678714394569397,32,0,1.5566606523760704,0.90695012931529173,map
S2,no_observed_dynamic,182,6185000000,0,1,"solved_soft_dynamic","solved",130,0.31039963329443071,-0.029303946468068873,0.29139465462678887,0.35825303192229968,0.89038156602380325,0.33848479819093119,0,0,1.2279089999999999,1.603091,1,1000000000,1000000000,0,-0.31210616289172322,-0.32678714394569397,32,0,1.5566606523760704,0.90695012931529173,map
S2,observed,183,6235000000,0,1,"solved_soft_dynamic","solved",190,-0.15537640006037259,0.18440221236272186,-0.10128077876849295,0.38533624091416302,0.50233776079666226,4.5845084874902323e-22,0.47644775258516353,0.21905790072538633,1.6287640000000001,2.0612740000000001,1,0.12766475020908674,0.12766475020908674,0,-0.32678709249012172,-0.32678714394569397,32,0,1.5810314825142937,0.90485492181672966,map
S2,no_observed_dynamic,183,6235000000,0,1,"solved_soft_dynamic","solved",120,0.31072127889662932,-0.015358801973221755,0.29568673055009925,0.38533624091416302,0.89823010665138869,0.33331766028974019,0,0,1.17964,1.553102,1,1000000000,1000000000,0,-0.32678709249012172,-0.32678714394569397,32,0,1.5810314825142937,0.90485492181672966,map
S2,observed,184,6285000000,0,1,"solved_soft_dynamic","solved",230,-0.18191294850469736,0.23440221236272185,-0.11379215875214446,0.40334974421289921,0.55533154235813131,1.1387409983443594e-21,0.62207830803936426,0.32309013651932739,1.908935,2.3420139999999998,1,0.10463533597581909,0.10463533597581909,0,-0.32934920163825154,-0.33359786868095398,32,0,1.6052609749917881,0.90168062921022152,map
S2,no_observed_dynamic,184,6285000000,0,1,"solved_soft_dynamic","solved",130,0.31223444633398983,-0.0015516927905695442,0.30081335865367675,0.40334974421289921,0.93953618287911866,0.34735541892261246,0,0,1.2130829999999999,1.5891489999999999,1,1000000000,1000000000,0,-0.32934920163825154,-0.33359786868095398,32,0,1.6052609749917881,0.90168062921022152,map
S2,observed,185,6335000000,0,1,"solved_soft_dynamic","solved",90,-0.18086930613411811,0.25646426246515619,-0.10484827045451148,0.43135545276641207,0.62037694585349512,0.0021051370734557059,0.20018565327544927,0.39675635329462705,0.99529200000000007,1.425862,1,0.11467324753167496,0.11467324753167496,0,-0.33359782537445426,-0.33359786868095398,32,0,1.629840507248179,0.90159980627616843,map
S2,no_observed_dynamic,185,6335000000,0,1,"solved_soft_dynamic","solved",100,0.312203171825579,0.010199746814405513,0.30334730413338373,0.43135545276641207,0.94772548888750108,0.34056409644409785,0,0,1.07226,1.4470290000000001,1,1000000000,1000000000,0,-0.33359782537445426,-0.33359786868095398,32,0,1.629840507248179,0.90159980627616843,map
S2,observed,186,6385000000,0,1,"solved_soft_dynamic","solved",40,-0.14410874219120867,0.30405303132010741,0.3360256688884099,0.0046832822546319973,0.57742434196080172,0.34401679034862881,0.52994558900901834,0.25453793941018121,0.67810799999999993,2.0723540000000003,0,0.10670927053986434,0.10670927053986434,0,-0.33731431176420301,-0.34218055009841919,32,1,1.6543072765108107,0.90052333056460998,map
S2,no_observed_dynamic,186,6385000000,0,1,"solved_soft_dynamic","solved",120,0.26220317182557901,0.043328143993797683,-0.086250772014516447,0.0046832822546319973,0.51334127788714645,0.15655790657278232,0,0,1.240639,1.6103969999999999,0,1000000000,1000000000,0,-0.33731431176420301,-0.34218055009841919,32,0,1.6543072765108107,0.90052333056460998,map
S2,observed,187,6435000000,0,1,"solved_soft_dynamic","solved",40,-0.10604494372374687,0.30944901757687554,0.32271780086384694,0,0.60335285653567161,0.37679513739716947,0.058005041959206423,0.1236207968315131,0.66765200000000002,1.0907629999999999,1,0.15025208752193253,0.15025208752193253,0,-0.34218051587231457,-0.34218055009841919,32,0,1.6792107971536188,0.90121159860317401,map
S2,no_observed_dynamic,187,6435000000,0,1,"solved_soft_dynamic","solved",40,0.22449210496210506,0.079524897173010034,-0.036496060128842531,0,0.57197723521855448,0.23484145226410644,0,0,0.66744599999999998,1.0350550000000001,1,1000000000,1000000000,0,-0.34218051587231457,-0.34218055009841919,32,0,1.6792107971536188,0.90121159860317401,map
S2,observed,188,6485000000,0,1,"solved_soft_dynamic","solved",120,-0.074434011856118143,0.32647008109789599,0.32270484002258065,0,0.60579425523936947,0.41112833633326307,0.20409499363629816,0.095946780445142668,1.1538109999999999,1.5705549999999999,1,0.14152021384729985,0.14152021384729985,0,-0.33798057993408293,-0.24218055009841918,32,0,1.7040544422114483,0.90105093670417458,map
S2,no_observed_dynamic,188,6485000000,0,1,"solved_soft_dynamic","solved",150,0.19129098616062068,0.11288611025147977,0.008622940530435802,0,0.59208596945350644,0.27799612746872004,0,0,1.4527129999999999,1.824578,1,1000000000,1000000000,0,-0.33798057993408293,-0.24218055009841918,32,0,1.7040544422114483,0.90105093670417458,map
S2,observed,189,6535000000,0,1,"solved_soft_dynamic","solved",130,-0.052882072825590612,0.33227138833680486,0.31758722051373361,0,0.60334525650187731,0.43237489714126776,0.075467486370258782,0.08814336704639375,1.184013,1.609591,1,0.14760494854628425,0.14760494854628425,0,-0.22322611621348187,-0.22192312777042389,32,0,1.7284083969578841,0.9041425586906171,map
S2,no_observed_dynamic,189,6535000000,0,1,"solved_soft_dynamic","solved",110,0.16444277684366412,0.14020879474924738,0.045412306658653104,0,0.59475295625783398,0.33078646367162073,0,0,1.0527220000000002,1.42526,1,1000000000,1000000000,0,-0.22322611621348187,-0.22192312777042389,32,0,1.7284083969578841,0.9041425586906171,map
S2,observed,190,6585000000,0,1,"solved_soft_dynamic","solved",150,-0.042724448795518434,0.33873601514920276,0.31845913581408453,0,0.60422810211969447,0.44210546100196108,0.092265349692564613,0.074459911434915399,1.3005469999999999,1.728702,1,0.14673188305840879,0.14673188305840879,0,-0.218923159991391,-0.17927148938179016,32,0,1.7528314010128241,0.90686390324454513,map
S2,no_observed_dynamic,190,6585000000,0,1,"solved_soft_dynamic","solved",100,0.13483140009640104,0.16424632688636895,0.080620628603286226,0,0.5954329852414546,0.35419905789908979,0,0,1.030467,1.398236,1,1000000000,1000000000,0,-0.218923159991391,-0.17927148938179016,32,0,1.7528314010128241,0.90686390324454513,map
S2,observed,191,6635000000,0,1,"solved_soft_dynamic","solved",170,0.0023212383549343005,0.34085404975810663,0.037686068853135246,0.22087798769778186,0.72471378958309063,0.17777915148224574,0.069355982694330201,0.071210719248164606,1.4267480000000001,1.8555819999999998,1,0.15009586761106442,0.15009586761106442,0,-0.17927146982401609,-0.17927148938179016,32,0,1.7779237117863473,0.91234412953373101,map
S2,no_observed_dynamic,191,6635000000,0,1,"solved_soft_dynamic","solved",70,0.15755948350832977,0.1804598231451702,0.17543852688100531,0.22087798769778186,0.73742407140237254,0.26542917692386969,0,0,0.98714099999999994,1.363523,1,1000000000,1000000000,0,-0.17927146982401609,-0.17927148938179016,32,0,1.7779237117863473,0.91234412953373101,map
S2,observed,192,6685000000,0,1,"solved_soft_dynamic","solved",220,0.043119511647129349,0.34240806867914114,0.087766693064331491,0.23788225518909864,0.76727747531274271,0.21186004236458239,0.092536782299525291,0.06943573506280265,1.81077,2.2431399999999999,1,0.14953300760987687,0.14953300760987687,0,-0.17627152556087822,-0.15209227800369263,32,0,1.8029103938547879,0.9169440752332122,map
S2,no_observed_dynamic,192,6685000000,0,1,"solved_soft_dynamic","solved",80,0.17852383908793043,0.19239778020094503,0.20227135246313063,0.23788225518909864,0.77908649005107877,0.29019649111251816,0,0,0.88171199999999994,1.2554809999999998,1,1000000000,1000000000,0,-0.17627152556087822,-0.15209227800369263,32,0,1.8029103938547879,0.9169440752332122,map
S2,observed,193,6735000000,0,1,"solved_soft_dynamic","solved",180,0.077741026153338846,0.33578933910469771,0.090707004781002021,0.27959742860197184,0.7814936549438336,0.20299686504739323,0.04862451631543363,0.058758580525385518,1.4656580000000001,1.8873819999999999,1,0.16169336592179029,0.16169336592179029,0,-0.15209225384751335,-0.15209227800369263,32,0,1.8287936237845797,0.92363785131219356,map
S2,no_observed_dynamic,193,6735000000,0,1,"solved_soft_dynamic","solved",100,0.19619591649515972,0.20012408318152736,0.2038106179748905,0.27959742860197184,0.79194309285944797,0.27458683853044064,0,0,0.99422599999999994,1.360935,1,1000000000,1000000000,0,-0.15209225384751335,-0.15209227800369263,32,0,1.8287936237845797,0.92363785131219356,map
S2,observed,194,6785000000,0,1,"solved_soft_dynamic","solved",190,0.10825025296911635,0.32533430252415907,0.12078774632638904,0.28993260149546396,0.8212896370978412,0.24335361710932721,0.043011842236348609,0.040381084465820727,1.5753430000000002,2.0014270000000001,1,0.17280653681044744,0.17280653681044744,0,-0.15209225239232183,-0.20838092267513275,32,0,1.8544306486563655,0.92954183337978957,map
S2,no_observed_dynamic,194,6785000000,0,1,"solved_soft_dynamic","solved",80,0.21219673005784012,0.20460208188648069,0.2199730816017377,0.28993260149546396,0.83171943930766645,0.30700675084668377,0,0,0.91389100000000001,1.2888540000000002,1,1000000000,1000000000,0,-0.15209225239232183,-0.20838092267513275,32,0,1.8544306486563655,0.92954183337978957,map
S2,observed,195,6835000000,0,1,"solved_soft_dynamic","solved",180,0.13404907779469277,0.31297900246739341,0.14448473546422835,0.33312848410154705,0.83604832556634034,0.23540726338333195,0.0321263050962226,0.032462280878666781,1.4712029999999998,1.8899819999999998,1,0.18144483225459562,0.18144483225459562,0,-0.20838089403696358,-0.20838092267513275,32,0,1.8817350756344675,0.93532966039204857,map
S2,no_observed_dynamic,195,6835000000,0,1,"solved_soft_dynamic","solved",100,0.22534805516488723,0.20642548423171778,0.23215365071199859,0.33312848410154705,0.8446983485991042,0.2911029291092877,0,0,0.99795200000000006,1.3655200000000001,1,1000000000,1000000000,0,-0.20838089403696358,-0.20838092267513275,32,0,1.8817350756344675,0.93532966039204857,map
S2,observed,196,6885000000,0,1,"solved_soft_dynamic","solved",100,0.15641163998507557,0.30121165934351479,0.16643948080942597,0.34391192428393774,0.87441505073773529,0.27096302227624447,0.041637760976033687,0.031675177109228306,1.0442979999999999,1.465595,1,0.18364657821641583,0.18364657821641583,0,-0.20838089403696358,-0.22930020093917847,32,0,1.9085327433063339,0.94091589714464208,map
S2,no_observed_dynamic,196,6885000000,0,1,"solved_soft_dynamic","solved",90,0.23720787583321304,0.2059275613925568,0.2439900584486924,0.34391192428393774,0.88434517882916164,0.32189000699118886,0,0,0.948855,1.316182,1,1000000000,1000000000,0,-0.20838089403696358,-0.22930020093917847,32,0,1.9085327433063339,0.94091589714464208,map
S2,observed,197,6935000000,0,1,"solved_soft_dynamic","solved",150,0.17527795707375365,0.2883843345210248,0.1835260883632289,0.38872724793622937,0.88999216476328491,0.25798407794539618,0.023118939201321739,0.024998269039391466,1.2862939999999998,1.709938,1,0.19402149413388226,0.19402149413388226,0,-0.22930015984456986,-0.22930020093917847,32,0,1.9369481425100856,0.94400818465642566,map
S2,no_observed_dynamic,197,6935000000,0,1,"solved_soft_dynamic","solved",110,0.24672894483908137,0.20431189923917747,0.25252147952721921,0.38872724793622937,0.89768943796379563,0.30301026096681472,0,0,1.045323,1.414695,1,1000000000,1000000000,0,-0.22930015984456986,-0.22930020093917847,32,0,1.9369481425100856,0.94400818465642566,map
S2,observed,198,6985000000,0,1,"solved_soft_dynamic","solved",150,0.1920685899211565,0.27574466497149114,0.19829230624227132,0.40046944970822013,0.93036778692121547,0.29133716240709445,0.024558584323767362,0.021461200879164512,1.335906,1.7579710000000002,1,0.19684303114223245,0.19684303114223245,0,-0.22930015984456986,-0.23298382759094238,32,0,1.9648363041100025,0.94763659299293579,map
S2,no_observed_dynamic,198,6985000000,0,1,"solved_soft_dynamic","solved",100,0.2552987413422626,0.2013898390785083,0.25981445473940989,0.40046944970822013,0.93745336912978194,0.33146632705523316,0,0,1.001128,1.372045,1,1000000000,1000000000,0,-0.22930015984456986,-0.23298382759094238,32,0,1.9648363041100025,0.94763659299293579,map
S2,observed,199,7035000000,0,1,"solved_soft_dynamic","solved",160,0.20525611514784248,0.26520988154246949,0.21185230140467376,0.44593974904624506,0.94179910864275829,0.27410792792356509,0.029807894917147956,0.022250699257234715,1.3535809999999999,1.7780260000000001,1,0.19601935367874801,0.19601935367874801,0,-0.23298378800973296,-0.23298382759094238,32,0,1.9939393356410138,0.94900200131990686,map
S2,no_observed_dynamic,199,7035000000,0,1,"solved_soft_dynamic","solved",120,0.26223400366788202,0.19799932824275188,0.26712417561960633,0.44593974904624506,0.95118649506845743,0.31238993470151527,0,0,1.1179250000000001,1.485535,1,1000000000,1000000000,0,-0.23298378800973296,-0.23298382759094238,32,0,1.9939393356410138,0.94900200131990686,map
S2,observed,200,7085000000,0,1,"solved_soft_dynamic","solved",120,0.21738374788449602,0.25426370814867139,0.22256387006625061,0.45782605687590455,0.98412912815444242,0.30622263141388728,0.020221052762252233,0.020284778621982028,1.1465349999999999,1.5731519999999999,1,0.20086311039374571,0.20086311039374571,0,-0.23298378800973296,-0.24328044056892395,32,0,2.0226277923986902,0.95084047152272655,map
S2,no_observed_dynamic,200,7085000000,0,1,"solved_soft_dynamic","solved",120,0.26850739799394302,0.1938164771622741,0.27243430990543704,0.45782605687590455,0.9911839733059995,0.34025160579454072,0,0,1.146339,1.5243959999999999,1,1000000000,1000000000,0,-0.23298378800973296,-0.24328044056892395,32,0,2.0226277923986902,0.95084047152272655,map
S2,observed,201,7135000000,0,1,"solved_soft_dynamic","solved",90,0.2313288416404401,0.24349619614312784,0.23637572253101399,0.50438488776314105,1.0338899800962822,0.29950362335036718,0.021205328944986314,0.018745243892987394,0.94555599999999995,1.3733759999999999,1,0.20190137054024304,0.20190137054024304,0,-0.24328040308319032,-0.24328044056892395,32,0,2.0521317114217958,0.95157629630011664,map
S2,no_observed_dynamic,201,7135000000,0,1,"solved_soft_dynamic","solved",90,0.27763970066612798,0.18856809666138558,0.28152651545944868,0.50438488776314105,1.0423262813712539,0.33173081904730356,0,0,0.94546200000000002,1.3129000000000002,1,1000000000,1000000000,0,-0.24328040308319032,-0.24328044056892395,32,0,2.0521317114217958,0.95157629630011664,map
S2,observed,202,7185000000,0,1,"solved_soft_dynamic","solved",120,0.24033963041726827,0.23371664118642205,0.2451798020818263,0.51607699868865864,1.0387465914333425,0.32281236488076448,0.020429709156980416,0.017995296129965498,1.2587539999999999,1.6936200000000001,1,0.20177423631129221,0.20177423631129221,0,-0.24328040308319032,-0.22732453048229218,32,0,2.081352084594243,0.95239332336750959,map
S2,no_observed_dynamic,202,7185000000,0,1,"solved_soft_dynamic","solved",140,0.28221197120561548,0.18322824170196009,0.28598599438309974,0.51607699868865864,1.0464198207192994,0.35183588769864033,0,0,1.2362489999999999,1.6212959999999998,1,1000000000,1000000000,0,-0.24328040308319032,-0.22732453048229218,32,0,2.081352084594243,0.95239332336750959,map
S2,observed,203,7235000000,0,1,"solved_soft_dynamic","solved",100,0.25168261929120861,0.22479322887303335,0.25905714596415469,0.56163666906948595,1.0873842768795576,0.31995535535068159,0.024372487822762235,0.019886442498155448,0.99850599999999989,1.4250240000000001,1,0.19941398760185214,0.19941398760185214,0,-0.22732448996976018,-0.22732453048229218,32,0,2.1104759254036063,0.95094811359996079,map
S2,no_observed_dynamic,203,7235000000,0,1,"solved_soft_dynamic","solved",60,0.28965626056381477,0.1775094251707178,0.29542878302246056,0.56163666906948595,1.0978532507979635,0.34491769204795303,0,0,0.74804199999999998,1.1207319999999998,1,1000000000,1000000000,0,-0.22732448996976018,-0.22732453048229218,32,0,2.1104759254036063,0.95094811359996079,map
S2,observed,204,7285000000,0,1,"solved_soft_dynamic","solved",100,0.26236781963879607,0.21655995657717608,0.2741971654996897,0.57254736410556961,1.1304917229496732,0.35517584792132117,0.021482236518660346,0.019799898796571812,1.044505,1.4728289999999999,1,0.19927280708477579,0.19927280708477579,0,-0.22732448996976018,-0.20851153135299683,32,0,2.1396336852573756,0.94999479188237734,map
S2,no_observed_dynamic,204,7285000000,0,1,"solved_soft_dynamic","solved",150,0.29688224219901199,0.1715407344214788,0.30610988426648367,0.57254736410556961,1.1389157560366256,0.38014527692885453,0,0,1.338414,1.7071799999999999,1,1000000000,1000000000,0,-0.22732448996976018,-0.20851153135299683,32,0,2.1396336852573756,0.94999479188237734,map
S2,observed,205,7335000000,0,1,"solved_soft_dynamic","solved",140,0.27275741211003252,0.2100117410792231,0.24733268573029055,0.64754766835807231,1.1530162855005286,0.28347023163805324,0.023546278865121801,0.020595610456422549,1.2381600000000001,1.660183,1,0.19545688071490797,0.19545688071490797,0,-0.20851149747613817,-0.20851153135299683,32,0,2.1699170439303108,0.94774427189343247,map
S2,no_observed_dynamic,205,7335000000,0,1,"solved_soft_dynamic","solved",150,0.3044633063636828,0.16648648103742636,0.28374497616807176,0.64754766835807231,1.1642944090055671,0.30975281052416087,0,0,1.2862399999999998,1.6608969999999998,1,1000000000,1000000000,0,-0.20851149747613817,-0.20851153135299683,32,0,2.1699170439303108,0.94774427189343247,map
S2,observed,206,7385000000,0,1,"solved_soft_dynamic","solved",140,0.28217491215328167,0.19012129414940326,0.31594048618530812,0,0.52211645672978424,0.3227961592079201,0.070698155822332298,0.033428754288503164,1.3045870000000002,2.6499239999999999,0,0.19148598050704502,0.19148598050704502,0,-0.20851149747613817,-0.2196725606918335,32,1,2.1997780544155843,0.94568909490198072,map
S2,no_observed_dynamic,206,7385000000,0,1,"solved_soft_dynamic","solved",200,0.3109722301578946,0.14063022445624659,0.33364561881372728,0,0.54936250794522001,0.34626374366281981,0,0,1.6223290000000001,2.025112,0,1000000000,1000000000,0,-0.20851149747613817,-0.2196725606918335,32,0,2.1997780544155843,0.94568909490198072,map
S2,observed,207,7435000000,0,1,"solved_soft_dynamic","solved",150,0.28747418634410438,0.17556477085169303,0.31804868015532906,0.007283161336024262,0.53387552435184815,0.35167440500061881,0.045407023740042171,0.045494708004144575,1.3023010000000002,1.728143,1,0.18350362269718468,0.18350362269718468,0,-0.21967252541799098,-0.2196725606918335,32,0,2.229915683402548,0.94011279008205695,map
S2,no_observed_dynamic,207,7435000000,0,1,"solved_soft_dynamic","solved",180,0.31286847239700122,0.12064280461263403,0.33128137373832922,0.007283161336024262,0.5528179098590883,0.36953774535093586,0,0,1.478367,1.84867,1,1000000000,1000000000,0,-0.21967252541799098,-0.2196725606918335,32,0,2.229915683402548,0.94011279008205695,map
S2,observed,208,7485000000,0,1,"solved_soft_dynamic","solved",110,0.29324609596627149,0.16562436894705757,0.28709705972980837,0.034066333827594872,0.57639100269268784,0.34483202123757073,0.059772505839283556,0.046441903997387741,1.118366,1.548335,1,0.17833670591376238,0.17833670591376238,0,-0.21967252541799098,-0.25921404361724854,32,0,2.2598992345715483,0.93515948475362287,map
S2,no_observed_dynamic,208,7485000000,0,1,"solved_soft_dynamic","solved",180,0.31612728501371279,0.10415082251248456,0.31217525080767639,0.034066333827594872,0.60071540346578567,0.37019517414867376,0,0,1.5475059999999998,1.9172480000000001,1,1000000000,1000000000,0,-0.21967252541799098,-0.25921404361724854,32,0,2.2598992345715483,0.93515948475362287,map
S2,observed,209,7535000000,0,1,"solved_soft_dynamic","solved",200,0.30404327212915877,0.15699240591258956,0.29716450868686173,0.070145963397219582,0.64157401412303816,0.35264496415678892,0.046624199603429242,0.048293583123295271,1.6390990000000001,2.062478,1,0.17005915344390854,0.17005915344390854,0,-0.25921399355866015,-0.25921404361724854,32,0,2.2893723837214006,0.92772272924875121,map
S2,no_observed_dynamic,209,7535000000,0,1,"solved_soft_dynamic","solved",170,0.32126355811514745,0.090708170962290988,0.31716002360668083,0.070145963397219582,0.65257431815601341,0.37097667862851713,0,0,1.44567,1.8144100000000001,1,1000000000,1000000000,0,-0.25921399355866015,-0.25921404361724854,32,0,2.2893723837214006,0.92772272924875121,map
S2,observed,210,7585000000,0,1,"solved_soft_dynamic","solved",210,0.31220801022124417,0.1470991911599405,0.30672288315452889,0.11760590558867264,0.65806308223941845,0.33242757356698244,0.040249615786544284,0.038474450735141767,1.659923,2.0841150000000002,1,0.17731020842848322,0.17731020842848322,0,-0.28182113892398775,-0.28182119131088257,32,0,2.3187517710812471,0.92005951223803684,map
S2,no_observed_dynamic,210,7585000000,0,1,"solved_soft_dynamic","solved",190,0.3254773342641416,0.08009550934556206,0.32239035182682096,0.11760590558867264,0.67048312532637355,0.3493603355108611,0,0,1.53243,1.901805,1,1000000000,1000000000,0,-0.28182113892398775,-0.28182119131088257,32,0,2.3187517710812471,0.92005951223803684,map
S2,observed,211,7635000000,0,1,"solved_soft_dynamic","solved",220,0.31995086750284407,0.13816809885531983,0.31514594108584898,0.12932963909885486,0.70312635613938879,0.36530232263429452,0.040774784645823875,0.035446021776237686,1.8491139999999999,2.275258,1,0.1769652124406409,0.1769652124406409,0,-0.28182115056551993,-0.28182119131088257,32,0,2.3479771267916578,0.91180525659406286,map
S2,no_observed_dynamic,211,7635000000,0,1,"solved_soft_dynamic","solved",200,0.32941276126899832,0.071133962303353448,0.32684669440292585,0.12932963909885486,0.7138300267463934,0.3792985688837629,0,0,1.731052,2.240488,1,1000000000,1000000000,0,-0.28182115056551993,-0.28182119131088257,32,0,2.3479771267916578,0.91180525659406286,map
S2,observed,212,7685000000,0,1,"solved_soft_dynamic","solved",220,0.32727196066238401,0.13100219788379228,0.31699667951524463,0.17812558633476094,0.72199585958784718,0.34290349590111413,0.041906296730462145,0.038995085965563316,1.796187,2.2343850000000001,1,0.17299911676562163,0.17299911676562163,0,-0.26950842584483325,-0.26950845122337341,32,0,2.3770153292121448,0.90318701793168255,map
S2,no_observed_dynamic,212,7685000000,0,1,"solved_soft_dynamic","solved",190,0.33288445368045388,0.063190324657202188,0.3274743282685863,0.17812558633476094,0.73192595040958686,0.35634943044582806,0,0,1.536206,1.9079609999999998,1,1000000000,1000000000,0,-0.26950842584483325,-0.26950845122337341,32,0,2.3770153292121448,0.90318701793168255,map
S2,observed,213,7735000000,0,1,"solved_soft_dynamic","solved",240,0.33963020193499477,0.13012553640435995,0.32938596684683352,0.18993872567434966,0.77066271342212611,0.37693770401421051,0.075333902325131041,0.065031931074864935,2.0215079999999999,2.450663,1,0.14413314104612351,0.14413314104612351,0,-0.26950842584483325,-0.26950845122337341,32,0,2.405989223037214,0.89456223101839361,map
S2,no_observed_dynamic,213,7735000000,0,1,"solved_soft_dynamic","solved",200,0.33600670292119,0.055469460386360463,0.33114407248422328,0.18993872567434966,0.77508983214161886,0.38466702825123988,0,0,1.66957,2.0391590000000002,1,1000000000,1000000000,0,-0.26950842584483325,-0.26950845122337341,32,0,2.405989223037214,0.89456223101839361,map
S2,observed,214,7785000000,0,1,"solved_soft_dynamic","solved",210,0.35541919172396097,0.135276655776988,0.33258877841754386,0.24104772892857293,0.82232361636070439,0.36054162458469685,0.12469477411184102,0.095201118347986446,1.7483679999999999,2.1893220000000002,1,0.13145080116150121,0.13145080116150121,0,-0.24701884831301868,-0.24701887369155884,32,0,2.4346773214087465,0.8855646540809633,map
S2,no_observed_dynamic,214,7785000000,0,1,"solved_soft_dynamic","solved",150,0.34212603250664397,0.045343753622479416,0.33221043092665248,0.24104772892857293,0.83186170524230418,0.36995229901112031,0,0,1.4377490000000002,1.8110619999999999,1,1000000000,1000000000,0,-0.24701884831301868,-0.24701887369155884,32,0,2.4346773214087465,0.8855646540809633,map
S2,observed,215,7835000000,0,1,"solved_soft_dynamic","solved",240,0.36362146990477434,0.13105221853796198,0.33175531161295141,0.25583155060687468,0.83269658059683838,0.38036486535846437,0.077065801836365952,0.079371444545766626,1.850535,2.306635,1,0.13865780688099461,0.13865780688099461,0,-0.24701884831301868,-0.24701887369155884,32,0,2.4632403315396521,0.87653060616103884,map
S2,no_observed_dynamic,215,7835000000,0,1,"solved_soft_dynamic","solved",200,0.34437921382688852,0.036901423618583402,0.33091842869140259,0.25583155060687468,0.83860469182303021,0.38618129577196547,0,0,1.6001810000000001,1.9762349999999997,1,1000000000,1000000000,0,-0.24701884831301868,-0.24701887369155884,32,0,2.4632403315396521,0.87653060616103884,map
S2,observed,216,7885000000,0,1,"solved_soft_dynamic","solved",140,0.37157728095454923,0.125232856550375,0.3205685846072972,0.30940521419134759,0.85029481077605895,0.34426638998424131,0.084097630528526035,0.076460001255209437,1.3038339999999999,1.758804,1,0.13901140857036909,0.13901140857036909,0,-0.22020572214387357,-0.22020575404167175,32,0,2.4916021847456524,0.86712332079701704,map
S2,no_observed_dynamic,216,7885000000,0,1,"solved_soft_dynamic","solved",120,0.34631691785010987,0.027678228711930073,0.32411747939852642,0.30940521419134759,0.85817073435060987,0.35294243531917935,0,0,1.168026,1.5417989999999999,1,1000000000,1000000000,0,-0.22020572214387357,-0.22020575404167175,32,0,2.4916021847456524,0.86712332079701704,map
S2,observed,217,7935000000,0,1,"solved_soft_dynamic","solved",280,0.37325939337868458,0.10639982636175765,0.32754112114764217,0.32133161454587456,0.90104063890066222,0.37740277841968128,0.03312528000073587,0.034567297833675951,2.1320139999999999,2.5679069999999999,1,0.16291832569799214,0.16291832569799214,0,-0.22020572214387357,-0.22020575404167175,32,0,2.5198927741851849,0.8576586177692167,map
S2,no_observed_dynamic,217,7935000000,0,1,"solved_soft_dynamic","solved",220,0.34770015943688792,0.017668610924281319,0.32829231120976377,0.32133161454587456,0.90150841488430977,0.38230305569698747,0,0,1.799625,2.1751330000000002,1,1000000000,1000000000,0,-0.22020572214387357,-0.22020575404167175,32,0,2.5198927741851849,0.8576586177692167,map
S2,observed,218,7985000000,0,1,"solved_soft_dynamic","solved",170,0.37754369988794384,0.084872363517293603,0.30532390670319121,0.37848265551457533,0.96064430542114154,0.34664091641744615,0.028461533517709178,0.025548703838442995,1.4943529999999998,1.9254879999999999,1,0.17225355124986153,0.17225355124986153,0,-0.19200870883651078,-0.19200873374938965,32,0,2.547900783118457,0.84752489385031105,map
S2,no_observed_dynamic,218,7985000000,0,1,"solved_soft_dynamic","solved",130,0.35199436487826968,0.0046591731926180872,0.31641230298233525,0.37848265551457533,0.96005980464137086,0.35401570047740816,0,0,1.180965,1.5502829999999999,1,1000000000,1000000000,0,-0.19200870883651078,-0.19200873374938965,32,0,2.547900783118457,0.84752489385031105,map
S2,observed,219,8035000000,0,1,"solved_soft_dynamic","solved",240,0.37759187410627748,0.06567922035400639,0.31355055553584288,0.39034234866446721,0.96684396659976746,0.36851187360133431,0.022977791747541335,0.022320046669158058,2.0832410000000001,2.5212250000000003,1,0.17754495187719999,0.17754495187719999,0,-0.19200870883651078,-0.19200873374938965,32,0,2.5757628678470472,0.83708742303425399,map
S2,no_observed_dynamic,219,8035000000,0,1,"solved_soft_dynamic","solved",200,0.35220748111204764,-0.0062179941804747854,0.32124260198845017,0.39034234866446721,0.96554328963073544,0.37373567364059079,0,0,1.613253,1.9930680000000003,1,1000000000,1000000000,0,-0.19200870883651078,-0.19200873374938965,32,0,2.5757628678470472,0.83708742303425399,map
S2,observed,220,8085000000,0,1,"solved_soft_dynamic","solved",120,0.37900138500193375,0.045472080474254453,0.31352512365260943,0.42865256104699268,1.0187609293722968,0.36592925553905192,0.020823977738812574,0.018876493522137244,1.2406360000000001,1.67489,1,0.18255548699065482,0.18255548699065482,0,-0.1878087772638537,-0.17615345120429993,32,0,2.6034021362642572,0.82614700037335442,map
S2,no_observed_dynamic,220,8085000000,0,1,"solved_soft_dynamic","solved",190,0.35392022221030361,-0.018814162757552023,0.32148654090599937,0.42865256104699268,1.0173540938697663,0.37043689444107203,0,0,1.6163049999999999,1.9932510000000001,1,1000000000,1000000000,0,-0.1878087772638537,-0.17615345120429993,32,0,2.6034021362642572,0.82614700037335442,map
S2,observed,221,8135000000,0,1,"solved_soft_dynamic","solved",240,0.3797920324854529,0.024753484421164734,0.32169557598981602,0.45304950853434311,1.0657814838494746,0.38255940401083371,0.01430451949886255,0.013347687579220948,2.0088119999999998,2.4523549999999998,1,0.19352620164498913,0.19352620164498913,0,-0.17615342221688479,-0.17615345120429993,32,0,2.6306909664208491,0.81393117713021579,map
S2,no_observed_dynamic,221,8135000000,0,1,"solved_soft_dynamic","solved",140,0.35602972449743531,-0.031836085381674803,0.32789345153736366,0.45304950853434311,1.0643153857993797,0.38605870448062618,0,0,1.317296,1.688372,1,1000000000,1000000000,0,-0.17615342221688479,-0.17615345120429993,32,0,2.6306909664208491,0.81393117713021579,map
S2,observed,222,8185000000,0,1,"solved_soft_dynamic","solved",240,0.38365143165388088,0.0099065127101224445,0.32684018661435882,0.49014274060168556,1.0813532424239924,0.37432863077976442,0.032494949134942712,0.030063958852823067,1.929978,2.3729430000000002,1,0.16484489361468146,0.16484489361468146,0,-0.17195349355461076,-0.15222138166427612,32,0,2.6578578362410719,0.80161941770154233,map
S2,no_observed_dynamic,222,8185000000,0,1,"solved_soft_dynamic","solved",220,0.35623101924764144,-0.043338170616767785,0.32985233890190524,0.49014274060168556,1.0778286485285469,0.3744948870126536,0,0,1.7673030000000001,2.1386470000000002,1,1000000000,1000000000,0,-0.17195349355461076,-0.15222138166427612,32,0,2.6578578362410719,0.80161941770154233,map
S2,observed,223,8235000000,0,1,"solved_soft_dynamic","solved",230,0.38182410962819069,-0.0094361450971180965,0.33257983836531835,0.51461284833742926,1.1260566889436374,0.38735938810927872,0.0084932415748473367,0.0084000705273593809,2.0673400000000002,2.520613,1,0.20553097953350086,0.20553097953350086,0,-0.1522213569842279,-0.15222138166427612,32,0,2.6847702158117377,0.78854208009936766,map
S2,no_observed_dynamic,223,8235000000,0,1,"solved_soft_dynamic","solved",110,0.35709174927455095,-0.05516707232452419,0.33481380231213426,0.51461284833742926,1.1247659837544925,0.38854670992004842,0,0,1.121432,1.504257,1,1000000000,1000000000,0,-0.1522213569842279,-0.15222138166427612,32,0,2.6847702158117377,0.78854208009936766,map
S2,observed,224,8285000000,0,1,"solved_soft_dynamic","solved",250,0.37865644611266913,-0.026046789114093978,0.33171055810419675,0.55205697773658036,1.139569810110048,0.3749486588980574,0.0069310670088421752,0.0067443788223512163,1.9949270000000001,2.4455789999999999,1,0.21414479969430411,0.21414479969430411,0,-0.14802142686676234,-0.12517067790031433,32,0,2.7114648142018027,0.77527280523711761,map
S2,no_observed_dynamic,224,8285000000,0,1,"solved_soft_dynamic","solved",210,0.35633509324556728,-0.065286005421203427,0.33437214867418441,0.55205697773658036,1.1383169950419023,0.37589617269980308,0,0,1.6674290000000001,2.0384470000000001,1,1000000000,1000000000,0,-0.14802142686676234,-0.12517067790031433,32,0,2.7114648142018027,0.77527280523711761,map
S2,observed,225,8335000000,0,1,"solved_soft_dynamic","solved",240,0.37652302061699988,-0.041961039786180328,0.33859226547497584,0.57568443480734999,1.1860004057139339,0.39117344262177084,0.0056929636612841911,0.0053312426453392446,1.91533,2.3576709999999999,1,0.22263880513529066,0.22263880513529066,0,-0.12517065624706447,-0.12517067790031433,32,0,2.7376298553069507,0.76137372372366074,map
S2,no_observed_dynamic,225,8335000000,0,1,"solved_soft_dynamic","solved",210,0.35648284280139109,-0.075576638847419081,0.34010276166860104,0.57568443480734999,1.18487173877564,0.39141404034323651,0,0,1.7754750000000001,2.1508949999999998,1,1000000000,1000000000,0,-0.12517065624706447,-0.12517067790031433,32,0,2.7376298553069507,0.76137372372366074,map
S2,observed,226,8385000000,0,1,"solved_soft_dynamic","solved",240,0.37308293409857107,-0.055373498548677125,0.3418860230173702,0.61141677019911489,1.1988703461739956,0.38151033004409102,0.0044478859723463549,0.004356586822814308,1.9388259999999999,2.3761779999999999,1,0.22979086850622976,0.22979086850622976,0,-0.1209707283123862,-0.11313075572252274,32,0,2.7636669074025337,0.74735268226440743,map
S2,no_observed_dynamic,226,8385000000,0,1,"solved_soft_dynamic","solved",210,0.35517568075598682,-0.084062634145141285,0.34274249385245736,0.61141677019911489,1.197843558601364,0.38135638034207386,0,0,1.6560790000000001,2.0270079999999999,1,1000000000,1000000000,0,-0.1209707283123862,-0.11313075572252274,32,0,2.7636669074025337,0.74735268226440743,map
S2,observed,227,8435000000,0,1,"solved_soft_dynamic","solved",250,0.36562780659563765,-0.068495715155349315,0.3708043533701752,0.022246028496744119,0.60039404268515262,0.40040441996529275,0.0026891625007660954,0.0029014555759797889,1.9031989999999999,3.3363559999999999,0,0.24050431019663765,0.24050431019663765,0,-0.11313073628116399,-0.11313075572252274,32,1,2.7890635971876625,0.73308341053187442,map
S2,no_observed_dynamic,227,8435000000,0,1,"solved_soft_dynamic","solved",230,0.34992039141658648,-0.092584929519559475,0.36195439961601666,0.022246028496744119,0.59932910630867231,0.39607749091616667,0,0,1.7842069999999999,2.1596319999999998,0,1000000000,1000000000,0,-0.11313073628116399,-0.11313075572252274,32,0,2.7890635971876625,0.73308341053187442,map
S2,observed,228,8485000000,0,1,"solved_soft_dynamic","solved",210,0.3611010698827658,-0.08113763387933802,0.37007364860585901,0.055953380624677918,0.64969487735224096,0.39924569186214404,0.0022152574554925564,0.0020836729477997332,1.7083549999999998,2.1424600000000003,1,0.25039368853417143,0.25039368853417143,0,-0.10966353220283054,-0.10557325184345245,32,0,2.8143938624694034,0.71874006121954082,map
S2,no_observed_dynamic,228,8485000000,0,1,"solved_soft_dynamic","solved",190,0.34734075553037963,-0.10133185172127655,0.36136905639381445,0.055953380624677918,0.6487889810766021,0.39540316378982476,0,0,1.5852799999999998,1.9550470000000002,1,1000000000,1000000000,0,-0.10966353220283054,-0.10557325184345245,32,0,2.8143938624694034,0.71874006121954082,map
S2,observed,229,8535000000,0,1,"solved_soft_dynamic","solved",210,0.35619173871800297,-0.090503838630641723,0.36649962213552878,0.079179780954344331,0.6581546473156763,0.39990035226101955,0.0040030448966621281,0.003973258778309445,1.668285,2.1004679999999998,1,0.22977597978969089,0.22977597978969089,0,-0.10557323548709974,-0.10557325184345245,32,0,2.8386500569006086,0.70456010668612123,map
S2,no_observed_dynamic,229,8535000000,0,1,"solved_soft_dynamic","solved",200,0.34334815350890069,-0.10762101143425035,0.35975313416081284,0.079179780954344331,0.65707044121195712,0.3964877660447329,0,0,1.5971959999999998,1.964458,1,1000000000,1000000000,0,-0.10557323548709974,-0.10557325184345245,32,0,2.8386500569006086,0.70456010668612123,map
S2,observed,230,8585000000,0,1,"solved_soft_dynamic","solved",200,0.35372905023590484,-0.10018974980528636,0.36459677295304982,0.11431119264264931,0.7078251254707858,0.3950631332997947,0.0028646588995600002,0.0027318804147681381,1.6574869999999999,2.0882129999999997,1,0.24092149134508745,0.24092149134508745,0,-0.10977316269418225,-0.1300913393497467,32,0,2.8629771544700149,0.69005082019431041,map
S2,no_observed_dynamic,230,8585000000,0,1,"solved_soft_dynamic","solved",180,0.3420241901576237,-0.11458971376003621,0.35951005332269664,0.11431119264264931,0.70696679995078071,0.39251180246044026,0,0,1.5173570000000001,1.8859650000000001,1,1000000000,1000000000,0,-0.10977316269418225,-0.1300913393497467,32,0,2.8629771544700149,0.69005082019431041,map
S2,observed,231,8635000000,0,1,"solved_soft_dynamic","solved",200,0.35332365966640911,-0.1094777555378766,0.36146548739201789,0.1391129574003214,0.75443124296655251,0.4045466139004959,0.0031184231372744084,0.0030004779098929115,1.66282,2.0964709999999998,1,0.23761887987070185,0.23761887987070185,0,-0.13009131362196058,-0.1300913393497467,32,0,2.8867346938616865,0.67516970168895785,map
S2,no_observed_dynamic,231,8635000000,0,1,"solved_soft_dynamic","solved",190,0.34243803528136552,-0.12158113274496946,0.35794326534020104,0.1391129574003214,0.75358261324734599,0.40217837978321563,0,0,1.580746,1.9511210000000001,1,1000000000,1000000000,0,-0.13009131362196058,-0.1300913393497467,32,0,2.8867346938616865,0.67516970168895785,map
S2,observed,232,8685000000,0,1,"solved_soft_dynamic","solved",200,0.35168940732826542,-0.11655268279058509,0.36179859907022072,0.17333076546051362,0.76645209257397184,0.39333521420731277,0.0020759678699143569,0.0020751425445683759,1.6465270000000001,2.0809639999999998,1,0.24933344464374541,0.24933344464374541,0,-0.13037454918958247,-0.1305633932352066,32,0,2.9105044795272303,0.66031346777457478,map
S2,no_observed_dynamic,232,8685000000,0,1,"solved_soft_dynamic","solved",190,0.34182487318968657,-0.12664720205611035,0.3584887709927973,0.17333076546051362,0.76576988035444449,0.39114617974106913,0,0,1.538114,1.9070119999999999,1,1000000000,1000000000,0,-0.13037454918958247,-0.1305633932352066,32,0,2.9105044795272303,0.66031346777457478,map
S2,observed,233,8735000000,0,1,"solved_soft_dynamic","solved",190,0.34855508564238658,-0.12132586747446028,0.36069862997567748,0.19586480681279861,0.77466947853669188,0.39529384017905028,0.0021741889601988485,0.0021918168687746816,1.73323,2.176196,1,0.2487390159148436,0.2487390159148436,0,-0.1305633777519688,-0.1305633932352066,32,0,2.9342417572588966,0.64590804367346943,map
S2,no_observed_dynamic,233,8735000000,0,1,"solved_soft_dynamic","solved",180,0.33944311053671361,-0.12972941337011082,0.35730290297825784,0.19586480681279861,0.77396263588746661,0.39295108133630574,0,0,1.489743,1.8612629999999999,1,1000000000,1000000000,0,-0.1305633777519688,-0.1305633932352066,32,0,2.9342417572588966,0.64590804367346943,map
S2,observed,234,8785000000,0,1,"solved_soft_dynamic","solved",180,0.34769331787723612,-0.12688779933174799,0.36270425673880291,0.22929976058374368,0.82401427283277329,0.39416060529991981,0.0014851093400473304,0.0014260269755593498,1.568697,2.0127619999999999,1,0.26120621707184721,0.26120621707184721,0,-0.12711019080597907,-0.12305262684822083,32,0,2.9578351222430816,0.63129496562123355,map
S2,no_observed_dynamic,234,8785000000,0,1,"solved_soft_dynamic","solved",170,0.33947116742736272,-0.13383479980311591,0.35933070081871893,0.22929976058374368,0.82342571830761857,0.39192833822849021,0,0,1.453735,1.826182,1,1000000000,1000000000,0,-0.12711019080597907,-0.12305262684822083,32,0,2.9578351222430816,0.63129496562123355,map
S2,observed,235,8835000000,0,1,"solved_soft_dynamic","solved",190,0.34460284205536468,-0.13065665605992682,0.36161974069544489,0.25140023970338193,0.83190548775567863,0.39584593774555848,0.00038787813848881116,0.00039281294172899061,1.5407520000000001,2.1156109999999999,1,0.29983686233518514,0.29983686233518514,0,-0.12305261043366045,-0.12305262684822083,32,0,2.9815118052045668,0.61764595451820159,map
S2,no_observed_dynamic,235,8835000000,0,1,"solved_soft_dynamic","solved",180,0.33753604394060926,-0.13632212338079902,0.35861195349520114,0.25140023970338193,0.83153072407333495,0.3939446403670519,0,0,1.4897319999999998,1.86334,1,1000000000,1000000000,0,-0.12305261043366045,-0.12305262684822083,32,0,2.9815118052045668,0.61764595451820159,map
S2,observed,236,8885000000,0,1,"solved_soft_dynamic","solved",180,0.34390622282371441,-0.13543453553237972,0.36374416141692717,0.28430100465917946,0.88117687387914434,0.39521388062054708,0.00025552331022578821,0.00024602874152409053,1.5650930000000001,1.9914419999999999,1,0.31286748259418729,0.31286748259418729,0,-0.12641413050005212,-0.13025783002376556,32,0,3.0051845952574263,0.60354697931945545,map
S2,no_observed_dynamic,236,8885000000,0,1,"solved_soft_dynamic","solved",170,0.33785725835390673,-0.14004388456673666,0.36102210976721405,0.28430100465917946,0.88086158410833382,0.39352194004501612,0,0,1.472734,1.842039,1,1000000000,1000000000,0,-0.12641413050005212,-0.13025783002376556,32,0,3.0051845952574263,0.60354697931945545,map
S2,observed,237,8935000000,0,1,"solved_soft_dynamic","solved",180,0.34130219714881815,-0.13835510057016245,0.36262133985100403,0.30670556984014574,0.8893582851449654,0.39693144060008351,0.00014291320991137939,0.0001442196257171619,1.4742799999999998,1.8983349999999999,1,0.32900082665988861,0.32900082665988861,0,-0.13025781663600355,-0.13025783002376556,32,0,3.0293014734395234,0.58945234482089237,map
S2,no_observed_dynamic,237,8935000000,0,1,"solved_soft_dynamic","solved",180,0.3361478669477948,-0.14209952023593228,0.36024706798574058,0.30670556984014574,0.8890945058739228,0.39546577460663357,0,0,1.4625890000000001,1.8299569999999998,1,1000000000,1000000000,0,-0.13025781663600355,-0.13025783002376556,32,0,3.0293014734395234,0.58945234482089237,map
S2,observed,238,8985000000,0,1,"solved_soft_dynamic","solved",170,0.34109065715670628,-0.14237972143908376,0.36355706506223456,0.34037919031967168,0.93894715525617667,0.39531867256957676,7.5510336961187333e-05,7.4654471766082749e-05,1.458291,1.8861520000000001,1,0.34633571932425744,0.34633571932425744,0,-0.1344577394775115,-0.15467391908168793,32,0,3.0531030431560469,0.57529403466405349,map
S2,no_observed_dynamic,238,8985000000,0,1,"solved_soft_dynamic","solved",170,0.33671289982649744,-0.14541666735034806,0.36154340418980346,0.34037919031967168,0.93872487444663744,0.39404283880797619,0,0,1.4436880000000001,1.816397,1,1000000000,1000000000,0,-0.1344577394775115,-0.15467391908168793,32,0,3.0531030431560469,0.57529403466405349,map
S2,observed,239,9035000000,0,1,"solved_soft_dynamic","solved",180,0.33892024636869644,-0.14476884949144472,0.36329320703095819,0.36217598493336167,0.94696784545724089,0.39757657250858341,3.6970531068223936e-05,3.710050738982908e-05,1.4677939999999998,1.9592569999999998,1,0.36321783422760745,0.36321783422760745,0,-0.15467389312107116,-0.15467391908168793,32,0,3.0768165245292214,0.56184383819983186,map
S2,no_observed_dynamic,239,9035000000,0,1,"solved_soft_dynamic","solved",170,0.33520864230119146,-0.14722875324189844,0.36150684862187171,0.36217598493336167,0.9467782032067199,0.39645305034314116,0,0,1.4628569999999999,1.8361720000000001,1,1000000000,1000000000,0,-0.15467389312107116,-0.15467391908168793,32,0,3.0768165245292214,0.56184383819983186,map
S2,observed,240,9085000000,0,1,"solved_soft_dynamic","solved",170,0.33909219001693658,-0.14836544877867963,0.36477167997571369,0.3951395916892354,0.99635935949638832,0.39616226078871947,2.0029415125010617e-05,1.9962205722729138e-05,1.4731959999999999,1.940412,1,0.37771123168968535,0.37771123168968535,0,-0.15887382469372824,-0.17854417860507965,32,0,3.1002919592467983,0.54808249998948955,map
S2,no_observed_dynamic,240,9085000000,0,1,"solved_soft_dynamic","solved",170,0.33594598149822824,-0.15035647866974225,0.36324061327595131,0.3951395916892354,0.99619601589777729,0.39520216427409516,0,0,1.4594940000000001,1.82728,1,1000000000,1000000000,0,-0.15887382469372824,-0.17854417860507965,32,0,3.1002919592467983,0.54808249998948955,map
S2,observed,241,9135000000,0,1,"solved_soft_dynamic","solved",180,0.33729601653171543,-0.1504912219189464,0.36444195078488939,0.41642610575668532,1.0042289949514975,0.39826353642110179,4.9460363118126068e-06,4.9460363118126068e-06,1.4727349999999999,1.8974580000000001,1,0.39646648989016775,0.39646648989016775,0,-0.17854415636975318,-0.17854417860507965,32,0,3.1234205877810552,0.53525874305497667,map
S2,no_observed_dynamic,241,9135000000,0,1,"solved_soft_dynamic","solved",170,0.33462899738899815,-0.15209891920492113,0.363100000492872,0.41642610575668532,1.004088950023192,0.39741471805471551,0,0,1.411011,1.7775670000000001,1,1000000000,1000000000,0,-0.17854415636975318,-0.17854417860507965,32,0,3.1234205877810552,0.53525874305497667,map
S2,observed,242,9185000000,0,1,"solved_soft_dynamic","solved",170,0.33775365006788499,-0.15391741698093706,0.36824821248299372,0.44788577364069981,1.053153704130716,0.39900941704626458,0,0,1.487574,1.9132830000000001,1,1000000000,1000000000,0,-0.18274408066645265,-0.195017009973526,32,0,3.1463818428578896,0.52201027182315929,map
S2,no_observed_dynamic,242,9185000000,0,1,"solved_soft_dynamic","solved",170,0.3354916732138184,-0.15521320444458894,0.3670043795116118,0.44788577364069981,1.0530324080052926,0.39824115404132837,0,0,1.505004,1.8767910000000001,1,1000000000,1000000000,0,-0.18274408066645265,-0.195017009973526,32,0,3.1463818428578896,0.52201027182315929,map
S2,observed,243,9235000000,0,1,"solved_soft_dynamic","solved",180,0.33702501835269477,-0.15624496875075486,0.36884326517605154,0.47919458696593564,1.0643835971501003,0.38897715753641426,0,0,1.516084,1.9460230000000001,1,1000000000,1000000000,0,-0.19501698261592537,-0.195017009973526,32,0,3.1689245699291253,0.50917852548464915,map
S2,no_observed_dynamic,243,9235000000,0,1,"solved_soft_dynamic","solved",170,0.33510532443011604,-0.15728722757779029,0.36775780303915878,0.47919458696593564,1.0642792266408687,0.38830530030765559,0,0,1.5635209999999999,1.9392630000000002,1,1000000000,1000000000,0,-0.19501698261592537,-0.195017009973526,32,0,3.1689245699291253,0.50917852548464915,map
S2,observed,244,9285000000,0,1,"solved_soft_dynamic","solved",180,0.33774565048416788,-0.15947082906344157,0.37132925014194346,0.4999776955278033,1.1097565562851035,0.40164163556124555,0,0,1.5373970000000001,1.9825089999999999,1,1000000000,1000000000,0,-0.19801692542387173,-0.21067248284816742,32,0,3.1913747420190517,0.49610684304622166,map
S2,no_observed_dynamic,244,9285000000,0,1,"solved_soft_dynamic","solved",170,0.33611541451820065,-0.16030726729323413,0.37037510228218845,0.4999776955278033,1.1096668507814749,0.40105503174008683,0,0,1.4593530000000001,1.8352760000000001,1,1000000000,1000000000,0,-0.19801692542387173,-0.21067248284816742,32,0,3.1913747420190517,0.49610684304622166,map
S2,observed,245,9335000000,0,1,"solved_soft_dynamic","solved",170,0.33736294811163459,-0.16163174283149306,0.37204810919382664,0.5299874058850147,1.1205286518939621,0.39175055932597092,0,0,1.416539,1.8530339999999998,1,1000000000,1000000000,0,-0.21067245688755065,-0.21067248284816742,32,0,3.2126017606569475,0.48382649888699153,map
S2,no_observed_dynamic,245,9335000000,0,1,"solved_soft_dynamic","solved",170,0.33597761726709413,-0.16230130312199306,0.37121855286957101,0.5299874058850147,1.1204514567736146,0.39123977689056189,0,0,1.4177070000000001,1.7867499999999998,1,1000000000,1000000000,0,-0.21067245688755065,-0.21067248284816742,32,0,3.2126017606569475,0.48382649888699153,map
S2,observed,246,9385000000,0,1,"solved_soft_dynamic","solved",170,0.33531560684186201,-0.16240003017631427,0.37070109674587098,0.54991669084047334,1.127818181811822,0.39315864584507904,0,0,1.4454039999999999,1.8688009999999999,1,1000000000,1000000000,0,-0.21487237972905859,-0.22743211686611176,32,0,3.2339522724819738,0.47120781776782422,map
S2,no_observed_dynamic,246,9385000000,0,1,"solved_soft_dynamic","solved",170,0.33413762880061498,-0.16293448644467087,0.36997758638596451,0.54991669084047334,1.1277517739745777,0.39271271414034303,0,0,1.422598,1.792934,1,1000000000,1000000000,0,-0.21487237972905859,-0.22743211686611176,32,0,3.2339522724819738,0.47120781776782422,map
S2,observed,247,9435000000,0,1,"solved_soft_dynamic","solved",160,0.33721835346682916,-0.16279371657737085,0.36999057462004403,0,0.59167331225428466,0.385199540082727,0,0,1.366384,2.596222,0,1000000000,1000000000,0,-0.22743208683095872,-0.22743211686611176,32,1,3.2537350693640983,0.45936531309694079,map
S2,no_observed_dynamic,247,9435000000,0,1,"solved_soft_dynamic","solved",160,0.33621681261315267,-0.16321777954532049,0.36915569543019972,0,0.59161014409821866,0.38472061737096958,0,0,1.404868,1.7818289999999999,0,1000000000,1000000000,0,-0.22743208683095872,-0.22743211686611176,32,0,3.2537350693640983,0.45936531309694079,map
S2,observed,248,9485000000,0,1,"solved_soft_dynamic","solved",160,0.3369240072236952,-0.16141818473828176,0.36930883579010448,0.012231777780603983,0.5964728151541222,0.39450968979066608,0,0,1.3637170000000001,1.792011,1,1000000000,1000000000,0,-0.22956325265113264,-0.23253610730171204,32,0,3.2737645963074726,0.44715055256397485,map
S2,no_observed_dynamic,248,9485000000,0,1,"solved_soft_dynamic","solved",160,0.33607031903463519,-0.16175505465500747,0.36859005276314599,0.012231777780603983,0.59641502857330897,0.39409730864799575,0,0,1.3598429999999999,1.7298470000000001,1,1000000000,1000000000,0,-0.22956325265113264,-0.23253610730171204,32,0,3.2737645963074726,0.44715055256397485,map
S2,observed,249,9535000000,0,1,"solved_soft_dynamic","solved",170,0.33580380415072952,-0.1596682168020771,0.36207662555867015,0.037869301599709082,0.60548792003420315,0.38239476113794973,0,0,1.4195499999999999,1.8436459999999999,1,1000000000,1000000000,0,-0.2325360692339018,-0.23253610730171204,32,0,3.2920210534857852,0.43634440483964299,map
S2,no_observed_dynamic,249,9535000000,0,1,"solved_soft_dynamic","solved",170,0.33507817853815086,-0.15993294339975694,0.36142388895152849,0.037869301599709082,0.60544227574094012,0.38202517007040876,0,0,1.4179329999999999,1.789647,1,1000000000,1000000000,0,-0.2325360692339018,-0.23253610730171204,32,0,3.2920210534857852,0.43634440483964299,map
S2,observed,250,9585000000,0,1,"solved_soft_dynamic","solved",170,0.33643709891900769,-0.15941960310841455,0.36264256937019779,0.054359726388959848,0.6492001035276902,0.39594420903517558,0,0,1.4741929999999999,1.9039239999999999,1,1000000000,1000000000,0,-0.23363387008430436,-0.2343657910823822,32,0,3.3105461812988373,0.42503724746051968,map
S2,no_observed_dynamic,250,9585000000,0,1,"solved_soft_dynamic","solved",170,0.33581971250551423,-0.15962674083560935,0.36208335033835598,0.054359726388959848,0.64916161603227074,0.3956329792632638,0,0,1.4717910000000001,1.844444,1,1000000000,1000000000,0,-0.23363387008430436,-0.2343657910823822,32,0,3.3105461812988373,0.42503724746051968,map
S2,observed,251,9635000000,0,1,"solved_soft_dynamic","solved",170,0.33610994920315862,-0.15895186543977213,0.36808812463550772,0.07826002888555364,0.65767366320296927,0.38936184012883124,0,0,1.4216569999999999,1.8461910000000001,1,1000000000,1000000000,0,-0.2343657542951405,-0.2343657910823822,32,0,3.3272296285186602,0.41547996974194701,map
S2,no_observed_dynamic,251,9635000000,0,1,"solved_soft_dynamic","solved",170,0.33558424589680208,-0.15911320275905633,0.36763367709548611,0.07826002888555364,0.65764164584849993,0.38910520264711368,0,0,1.4162459999999999,1.7843220000000002,1,1000000000,1000000000,0,-0.2343657542951405,-0.2343657910823822,32,0,3.3272296285186602,0.41547996974194701,map
S2,observed,252,9685000000,0,1,"solved_soft_dynamic","solved",170,0.33760510321179554,-0.16012869229608198,0.3728914112919185,0.094863955099689729,0.70138115678840607,0.40105434672013862,0,0,1.5100750000000001,1.9349609999999999,1,1000000000,1000000000,0,-0.23516263754572719,-0.23595957458019257,32,0,3.3442330069671509,0.40529443583113922,map
S2,no_observed_dynamic,252,9685000000,0,1,"solved_soft_dynamic","solved",170,0.33715698199675226,-0.16025362669403659,0.3725212937814712,0.094863955099689729,0.7013540500475024,0.40084451694917128,0,0,1.563796,2.0803769999999999,1,1000000000,1000000000,0,-0.23516263754572719,-0.23595957458019257,32,0,3.3442330069671509,0.40529443583113922,map
S2,observed,253,9735000000,0,1,"solved_soft_dynamic","solved",170,0.33815883033671201,-0.16103146290964537,0.37418997302097812,0.11875182666442156,0.70985724582451659,0.39163270582585208,0,0,1.4605219999999999,1.8891120000000001,1,1000000000,1000000000,0,-0.23595953825861216,-0.23595957458019257,32,0,3.3599297869743547,0.39657448386987487,map
S2,no_observed_dynamic,253,9735000000,0,1,"solved_soft_dynamic","solved",170,0.33777649292678097,-0.16112751363681557,0.37389726085975183,0.11875182666442156,0.70983435566707354,0.3914601436861852,0,0,1.4022640000000002,1.7711429999999999,1,1000000000,1000000000,0,-0.23595953825861216,-0.23595957458019257,32,0,3.3599297869743547,0.39657448386987487,map
S2,observed,254,9785000000,0,1,"solved_soft_dynamic","solved",160,0.33729172740825475,-0.16110541927910851,0.37345869145273825,0.1335231094706586,0.7152388501107072,0.39285436610205304,0,0,1.342919,1.7728469999999998,1,1000000000,1000000000,0,-0.23573877406306565,-0.23551803827285767,32,0,3.3758313803385533,0.38731204768689803,map
S2,no_observed_dynamic,254,9785000000,0,1,"solved_soft_dynamic","solved",160,0.33696535561679164,-0.16117852523461448,0.37320466105718497,0.1335231094706586,0.71521915230385036,0.39270443540142502,0,0,1.395494,1.7693649999999999,1,1000000000,1000000000,0,-0.23573877406306565,-0.23551803827285767,32,0,3.3758313803385533,0.38731204768689803,map
S2,observed,255,9835000000,0,1,"solved_soft_dynamic","solved",170,0.33577229576650724,-0.16101033881940038,0.3706566526292886,0.15532514201384512,0.72284003554720599,0.38328985431607382,0,0,1.462777,1.883543,1,1000000000,1000000000,0,-0.23551800404675305,-0.23551803827285767,32,0,3.3906657042945505,0.37917574455924169,map
S2,no_observed_dynamic,255,9835000000,0,1,"solved_soft_dynamic","solved",170,0.33549350685873536,-0.16106531758849346,0.37044644743526206,0.15532514201384512,0.72282314261966296,0.38316154609140735,0,0,1.411645,1.7809110000000001,1,1000000000,1000000000,0,-0.23551800404675305,-0.23551803827285767,32,0,3.3906657042945505,0.37917574455924169,map
S2,observed,256,9885000000,0,1,"solved_soft_dynamic","solved",170,0.33629669238441745,-0.16270208209580289,0.37216482420666247,0.16909044110347296,0.76547130905945138,0.39447567647651305,0,0,1.4716410000000002,1.8950099999999999,1,1000000000,1000000000,0,-0.23955947544891387,-0.24593336880207062,32,0,3.4056324528137112,0.37066413607081283,map
S2,no_observed_dynamic,256,9885000000,0,1,"solved_soft_dynamic","solved",170,0.33605841105364559,-0.16274278543859907,0.3719810450277678,0.16909044110347296,0.76545674415788534,0.39436427649167494,0,0,1.492964,1.863586,1,1000000000,1000000000,0,-0.23955947544891387,-0.24593336880207062,32,0,3.4056324528137112,0.37066413607081283,map
S2,observed,257,9935000000,0,1,"solved_soft_dynamic","solved",160,0.33601328602061187,-0.16395645093689226,0.37216650766095333,0.18881732347172647,0.77248783402113919,0.3875798117669737,0,0,1.3620100000000002,1.776319,1,1000000000,1000000000,0,-0.24593333364464343,-0.24593336880207062,32,0,3.4195271591574445,0.36300117223533224,map
S2,no_observed_dynamic,257,9935000000,0,1,"solved_soft_dynamic","solved",160,0.33580949519459097,-0.16398597931914508,0.3720081720015635,0.18881732347172647,0.77247525868494948,0.38748318807223553,0,0,1.3549339999999999,1.730856,1,1000000000,1000000000,0,-0.24593333364464343,-0.24593336880207062,32,0,3.4195271591574445,0.36300117223533224,map
S2,observed,258,9985000000,0,1,"solved_soft_dynamic","solved",160,0.33455786310770891,-0.16447225005596308,0.37119502388806824,0.2017935785084356,0.77718403926244617,0.38839342185176329,0,0,1.3484879999999999,1.762858,1,1000000000,1000000000,0,-0.24628432292956859,-0.24651835858821869,32,0,3.4335503077894498,0.35503014645760989,map
S2,no_observed_dynamic,258,9985000000,0,1,"solved_soft_dynamic","solved",160,0.33438347430053866,-0.16449307545087555,0.37105721095658961,0.2017935785084356,0.77717318315154227,0.38830935369277536,0,0,1.4020440000000001,1.769074,1,1000000000,1000000000,0,-0.24628432292956859,-0.24651835858821869,32,0,3.4335503077894498,0.35503014645760989,map
S2,observed,259,10035000000,0,1,"solved_soft_dynamic","solved",170,0.33576908492702817,-0.16699276903540922,0.37351897167556725,0.22029428574933671,0.82138154923107176,0.39217624992130701,0,0,1.5077960000000001,1.950161,1,1000000000,1000000000,0,-0.24651832063682377,-0.24651835858821869,32,0,3.4466566507443934,0.34754712813600569,map
S2,no_observed_dynamic,259,10035000000,0,1,"solved_soft_dynamic","solved",170,0.33561976305852287,-0.16700687082719939,0.3733990891061551,0.22029428574933671,0.82137217241802729,0.39210324972333477,0,0,1.5054829999999999,1.8720970000000001,1,1000000000,1000000000,0,-0.24651832063682377,-0.24651835858821869,32,0,3.4466566507443934,0.34754712813600569,map
S2,observed,260,10085000000,0,1,"solved_soft_dynamic","solved",150,0.33533677868044426,-0.16834783105394083,0.37385941646452359,0.22645786436017012,0.82346867292330606,0.40140474744190402,0,0,1.3451959999999998,1.761595,1,1000000000,1000000000,0,-0.24651832063682377,-0.2478267103433609,32,0,3.4599644184494025,0.33977001400372892,map
S2,no_observed_dynamic,260,10085000000,0,1,"solved_soft_dynamic","solved",150,0.33520879687327843,-0.16835675665977509,0.37375501314465365,0.22645786436017012,0.82346089010911894,0.40134107696196225,0,0,1.3853880000000001,1.758993,1,1000000000,1000000000,0,-0.24651832063682377,-0.2478267103433609,32,0,3.4599644184494025,0.33977001400372892,map
S2,observed,261,10135000000,0,1,"solved_soft_dynamic","solved",160,0.33508540114977292,-0.16957726254169517,0.37402406639022545,0.25015590632699525,0.83087723403774472,0.38843591906903857,0,0,1.521549,1.9437790000000001,1,1000000000,1000000000,0,-0.24782668333500624,-0.2478267103433609,32,0,3.4720671546172901,0.33256126075213571,map
S2,no_observed_dynamic,261,10135000000,0,1,"solved_soft_dynamic","solved",160,0.33497554624244141,-0.16958222821994917,0.3739335479836558,0.25015590632699525,0.83087038039495131,0.38838024831555901,0,0,1.3594580000000001,1.7506189999999999,1,1000000000,1000000000,0,-0.24782668333500624,-0.2478267103433609,32,0,3.4720671546172901,0.33256126075213571,map
S2,observed,262,10185000000,0,1,"solved_soft_dynamic","solved",150,0.33336338651843272,-0.1696788127516981,0.37261772741898352,0.25597723130676286,0.8344536201532079,0.39586917131974142,0,0,1.29494,1.7148479999999999,1,1000000000,1000000000,0,-0.24782668333500624,-0.24283073842525482,32,0,3.4845103775385007,0.32500998152449495,map
S2,no_observed_dynamic,262,10185000000,0,1,"solved_soft_dynamic","solved",150,0.33326906615518759,-0.16968084023261149,0.37253882391038012,0.25597723130676286,0.83444735820594906,0.39582070178992734,0,0,1.284035,1.653294,1,1000000000,1000000000,0,-0.24782668333500624,-0.24283073842525482,32,0,3.4845103775385007,0.32500998152449495,map
S2,observed,263,10235000000,0,1,"solved_soft_dynamic","solved",170,0.33528727232743943,-0.17220532820494816,0.3757176049253298,0.27832760570752341,0.87864989694000917,0.39442254792069142,0,0,1.459184,1.873297,1,1000000000,1000000000,0,-0.2428307052468881,-0.24283073842525482,32,0,3.4961019084828711,0.31815487308788926,map
S2,no_observed_dynamic,263,10235000000,0,1,"solved_soft_dynamic","solved",170,0.33520615702429163,-0.17220516146787271,0.37564855690319088,0.27832760570752341,0.87864449454005888,0.39438010737373169,0,0,1.4909859999999999,1.862411,1,1000000000,1000000000,0,-0.2428307052468881,-0.24283073842525482,32,0,3.4961019084828711,0.31815487308788926,map
S2,observed,264,10285000000,0,1,"solved_soft_dynamic","solved",130,0.33639491015593803,-0.17408415786348783,0.37764854200415676,0.28387084090422215,0.87446438759648504,0.40504004162507296,0,0,1.1947800000000002,1.611559,1,1000000000,1000000000,0,-0.2428307052468881,-0.24565528333187103,32,0,3.5079190931850444,0.3109151650166232,map
S2,no_observed_dynamic,264,10285000000,0,1,"solved_soft_dynamic","solved",130,0.33632498095682434,-0.17408233828461331,0.37758813356923016,0.28387084090422215,0.87446033242669352,0.40500266031568893,0,0,1.187079,1.5551519999999999,1,1000000000,1000000000,0,-0.2428307052468881,-0.24565528333187103,32,0,3.5079190931850444,0.3109151650166232,map
S2,observed,265,10335000000,0,1,"solved_soft_dynamic","solved",140,0.33788105447810235,-0.17635141294833165,0.37989374257701813,0.30488651424486785,0.87660678193963415,0.39546528446498191,0,0,1.2389019999999999,1.6564570000000001,1,1000000000,1000000000,0,-0.24565524654462934,-0.24565528333187103,32,0,3.5188530222349441,0.30519593716515669,map
S2,no_observed_dynamic,265,10335000000,0,1,"solved_soft_dynamic","solved",140,0.33782064531187472,-0.17634839059033833,0.37984100687558819,0.30488651424486785,0.87660362676948744,0.39543243894029156,0,0,1.234362,1.602357,1,1000000000,1000000000,0,-0.24565524654462934,-0.24565528333187103,32,0,3.5188530222349441,0.30519593716515669,map
S2,observed,266,10385000000,0,1,"solved_soft_dynamic","solved",100,0.33727532136695038,-0.17722509616333962,0.37964093146046507,0.31009658341677376,0.88030842894698647,0.40079442894920358,0,0,1.013709,1.4286179999999999,1,1000000000,1000000000,0,-0.24565524654462934,-0.23738577961921692,32,0,3.53001351699975,0.2988360699202956,map
S2,no_observed_dynamic,266,10385000000,0,1,"solved_soft_dynamic","solved",100,0.33722335517008034,-0.1772213711258129,0.37959513099146663,0.31009658341677376,0.88030842894698669,0.40076696749907276,0,0,1.04054,1.4079940000000002,1,1000000000,1000000000,0,-0.24565524654462934,-0.23738577961921692,32,0,3.53001351699975,0.2988360699202956,map
S2,observed,267,10435000000,0,1,"solved_soft_dynamic","solved",80,0.33777735035877365,-0.17863558080495659,0.38082325981694787,0.33030220884739742,0.88030842894698647,0.39273718556036291,0,0,0.91151499999999996,1.332743,1,1000000000,1000000000,0,-0.23738574236631393,-0.23738577961921692,32,0,3.5407094108084074,0.29247951986273668,map
S2,no_observed_dynamic,267,10435000000,0,1,"solved_soft_dynamic","solved",80,0.33773276770062216,-0.1786315319676626,0.38078350765034341,0.33030220884739742,0.88030842894698669,0.39271391200014055,0,0,0.87995000000000001,1.2480550000000001,1,1000000000,1000000000,0,-0.23738574236631393,-0.23738577961921692,32,0,3.5407094108084074,0.29247951986273668,map
S2,observed,268,10485000000,0,1,"solved_soft_dynamic","solved",100,0.34115555473633463,-0.17548718447076597,0.38058324545958044,0,0.54459679324657873,0.39762401165302819,0,0,1.0233179999999999,2.2424910000000002,0,1000000000,1000000000,0,-0.23738574236631393,-0.25483414530754089,32,1,3.5515103333360765,0.28600353227261927,map
S2,no_observed_dynamic,268,10485000000,0,1,"solved_soft_dynamic","solved",100,0.34111742973763171,-0.17548287977787363,0.38054594398909447,0,0.54459679324657884,0.39760276613142603,0,0,1.02034,1.391883,0,1000000000,1000000000,0,-0.23738574236631393,-0.25483414530754089,32,0,3.5515103333360765,0.28600353227261927,map
S2,observed,269,10535000000,0,1,"solved_soft_dynamic","solved",100,0.34231643930110117,-0.17214407538956486,0.38053204768512555,0.013811038693766252,0.54459679324657861,0.3882971140380243,0,0,1.0104929999999999,1.423041,1,1000000000,1000000000,0,-0.25483409990556538,-0.25483414530754089,32,0,3.5612855203493665,0.28052067077082926,map
S2,no_observed_dynamic,269,10535000000,0,1,"solved_soft_dynamic","solved",100,0.34228386957352375,-0.17213971819101057,0.38049994924076569,0.013811038693766252,0.54459679324657861,0.38827895331736684,0,0,1.0162439999999999,1.386916,1,1000000000,1000000000,0,-0.25483409990556538,-0.25483414530754089,32,0,3.5612855203493665,0.28052067077082926,map
S2,observed,270,10585000000,0,1,"solved_soft_dynamic","solved",100,0.34102394595016233,-0.16802563299827658,0.37791020756101579,0.018409765142313184,0.54459679324657873,0.38974519009938641,0,0,1.0201480000000001,1.4316180000000001,1,1000000000,1000000000,0,-0.25483409990556538,-0.24177494645118713,32,0,3.571347407515487,0.27456719316898764,map
S2,no_observed_dynamic,270,10585000000,0,1,"solved_soft_dynamic","solved",100,0.34099610944692099,-0.16802134738476218,0.3778825819626252,0.018409765142313184,0.54459679324657884,0.38972954806729926,0,0,1.010108,1.37514,1,1000000000,1000000000,0,-0.25483409990556538,-0.24177494645118713,32,0,3.571347407515487,0.27456719316898764,map
S2,observed,271,10635000000,0,1,"solved_soft_dynamic","solved",40,0.34056300602351641,-0.16495014636919375,0.37642622076967225,0.036570187483343036,0.54459679324657884,0.3810941460779475,0,0,0.68169400000000002,1.0939210000000001,1,1000000000,1000000000,0,-0.24177490558940917,-0.24177494645118713,32,0,3.5807943394780062,0.26775542393232687,map
S2,no_observed_dynamic,271,10635000000,0,1,"solved_soft_dynamic","solved",40,0.34053925152356601,-0.16494604351144165,0.3764024939685679,0.036570187483343036,0.54459679324657884,0.38108083779140245,0,0,0.677539,1.042249,1,1000000000,1000000000,0,-0.24177490558940917,-0.24177494645118713,32,0,3.5807943394780062,0.26775542393232687,map
S2,observed,272,10685000000,0,1,"solved_soft_dynamic","solved",100,0.33806763678913943,-0.16083437641034179,0.37267480462424196,0.041084376458796895,0.54459679324657873,0.38209444763797995,0,0,1.162679,1.595475,1,1000000000,1000000000,0,-0.24177490558940917,-0.22785530984401703,32,0,3.5903915539570006,0.26114780612179767,map
S2,no_observed_dynamic,272,10685000000,0,1,"solved_soft_dynamic","solved",100,0.33804733440107326,-0.16083048513506337,0.37265439448375676,0.041084376458796895,0.54459679324657884,0.38208291526368771,0,0,1.0410389999999998,1.421011,1,1000000000,1000000000,0,-0.24177490558940917,-0.22785530984401703,32,0,3.5903915539570006,0.26114780612179767,map
S2,observed,273,10735000000,0,1,"solved_soft_dynamic","solved",80,0.33584401605144365,-0.15700750327709434,0.36918583126910132,0.054744276565575317,0.54459679324657861,0.37696375456317061,0,0,0.89235699999999996,1.3131849999999998,1,1000000000,1000000000,0,-0.22785527107771486,-0.22785530984401703,32,0,3.6000158607898101,0.25364195058682037,map
S2,no_observed_dynamic,273,10735000000,0,1,"solved_soft_dynamic","solved",80,0.33582665715800125,-0.15700385358837915,0.36916826321806956,0.054744276565575317,0.54459679324657873,0.37695381434829389,0,0,0.86864399999999997,1.254745,1,1000000000,1000000000,0,-0.22785527107771486,-0.22785530984401703,32,0,3.6000158607898101,0.25364195058682037,map
S2,observed,274,10785000000,0,1,"solved_soft_dynamic","solved",100,0.33288974816913397,-0.15278309629019396,0.36497417518907482,0.063905588650942535,0.54459679324657873,0.37505519461547232,0,0,1.0127520000000001,1.4254990000000001,1,1000000000,1000000000,0,-0.22785527107771486,-0.12785530984401702,32,0,3.6095278093173162,0.24633602308718239,map
S2,no_observed_dynamic,274,10785000000,0,1,"solved_soft_dynamic","solved",100,0.3328748914938236,-0.15277970982587441,0.36495905037389037,0.063905588650942535,0.54459679324657884,0.37504669128951018,0,0,1.0074050000000001,1.372485,1,1000000000,1000000000,0,-0.22785527107771486,-0.12785530984401702,32,0,3.6095278093173162,0.24633602308718239,map
S2,observed,275,10835000000,0,1,"solved_soft_dynamic","solved",40,0.33080239487230445,-0.1494694805332647,0.36259623511935057,0.081977194723740016,0.54459679324657884,0.36580459183466035,0,0,0.63282899999999997,1.090751,1,1000000000,1000000000,0,-0.1448554074158892,-0.11461823433637619,32,0,3.6199053907005752,0.23891867743095557,map
S2,no_observed_dynamic,275,10835000000,0,1,"solved_soft_dynamic","solved",40,0.33078970217750475,-0.14946639160037645,0.36258352501195668,0.081977194723740016,0.54459679324657884,0.36579752319435554,0,0,0.63725600000000004,1.0054350000000001,1,1000000000,1000000000,0,-0.1448554074158892,-0.11461823433637619,32,0,3.6199053907005752,0.23891867743095557,map
S2,observed,276,10885000000,0,1,"solved_soft_dynamic","solved",70,0.33022232092052511,-0.14725991253653156,0.35715843710750661,0.10527555833279947,0.54459679324657873,0.35182547489442473,0,0,0.81840500000000005,1.240372,1,1000000000,1000000000,0,-0.071618342190049589,-0.014618234336376185,32,0,3.6298867776289931,0.23114574753501604,map
S2,no_observed_dynamic,276,10885000000,0,1,"solved_soft_dynamic","solved",70,0.33021147978608922,-0.14725711680601805,0.3571478218482762,0.10527555833279947,0.54459679324657873,0.35181949819317287,0,0,0.81066899999999997,1.176755,1,1000000000,1000000000,0,-0.071618342190049589,-0.014618234336376185,32,0,3.6298867776289931,0.23114574753501604,map
S2,observed,277,10935000000,0,1,"solved_soft_dynamic","solved",100,0.32684421526325952,-0.14296489543865487,0.35198631062322522,0.11035840065052438,0.54459679324657895,0.34939863905001095,0,0,1.012823,1.4261759999999999,1,1000000000,1000000000,0,-0.031618348293704912,0.013104206882417202,32,0,3.6398471401787327,0.22315249868107689,map
S2,no_observed_dynamic,277,10935000000,0,1,"solved_soft_dynamic","solved",100,0.32683493262359697,-0.14296236071690321,0.35197714466374858,0.11035840065052438,0.54459679324657873,0.34939341290096737,0,0,1.0235620000000001,1.3910199999999999,1,1000000000,1000000000,0,-0.031618348293704912,0.013104206882417202,32,0,3.6398471401787327,0.22315249868107689,map
S2,observed,278,10985000000,0,1,"solved_soft_dynamic","solved",80,0.32505175329270453,-0.1396094490211108,0.3479222214227311,0.13114616458556708,0.54459679324657884,0.33814121618118365,0,0,0.87888100000000002,1.2876859999999999,1,1000000000,1000000000,0,0.056104080431396142,0.11310420688241721,32,0,3.6496323715260481,0.21482929306214565,map
S2,no_observed_dynamic,278,10985000000,0,1,"solved_soft_dynamic","solved",80,0.32504378866832789,-0.13960715016993375,0.34791431844435594,0.13114616458556708,0.54459679324657873,0.33813665359735001,0,0,0.86067399999999994,1.2238739999999999,1,1000000000,1000000000,0,0.056104080431396142,0.11310420688241721,32,0,3.6496323715260481,0.21482929306214565,map
S2,observed,279,11035000000,0,1,"solved_soft_dynamic","solved",100,0.32126346581208937,-0.1345244061200882,0.34195021374570367,0.1362577464218151,0.54459679324657873,0.33735461209627771,0,0,1.01556,1.430944,1,1000000000,1000000000,0,0.096104074327740818,0.15883125364780426,32,0,3.6592895566641119,0.20627420687803411,map
S2,no_observed_dynamic,279,11035000000,0,1,"solved_soft_dynamic","solved",100,0.32125662817609052,-0.13452232788979793,0.34194337100435945,0.1362577464218151,0.54459679324657873,0.33735064500908274,0,0,1.0005299999999999,1.364873,1,1000000000,1000000000,0,0.096104074327740818,0.15883125364780426,32,0,3.6592895566641119,0.20627420687803411,map
S2,observed,280,11085000000,0,1,"solved_soft_dynamic","solved",80,0.3194229999464599,-0.13049113577471183,0.33867871254419918,0.15636008681320746,0.54459679324657873,0.32792240922708621,0,0,0.87252600000000002,1.283628,1,1000000000,1000000000,0,0.20183110755169764,0.25883125364780424,32,0,3.6687626284868871,0.19755524593206616,map
S2,no_observed_dynamic,280,11085000000,0,1,"solved_soft_dynamic","solved",80,0.31941712867412908,-0.13048926326717736,0.33867277574028459,0.15636008681320746,0.54459679324657873,0.32791897644699519,0,0,0.86543899999999996,1.2307710000000001,1,1000000000,1000000000,0,0.20183110755169764,0.25883125364780424,32,0,3.6687626284868871,0.19755524593206616,map
S2,observed,281,11135000000,0,1,"solved_soft_dynamic","solved",100,0.31574122753100142,-0.12475083982142529,0.33245242766481903,0.16142302532000116,0.54459679324657861,0.32684221020583765,0,0,0.99816700000000014,1.407254,1,1000000000,1000000000,0,0.2418311036308296,0.29509651660919189,32,0,3.6780834044940711,0.18867894183469394,map
S2,no_observed_dynamic,281,11135000000,0,1,"solved_soft_dynamic","solved",100,0.31573618510944435,-0.12474915882105701,0.3324472890295514,0.16142302532000116,0.54459679324657873,0.32683924240985118,0,0,1.0040180000000001,1.369021,1,1000000000,1000000000,0,0.2418311036308296,0.29509651660919189,32,0,3.6780834044940711,0.18867894183469394,map
S2,observed,282,11185000000,0,1,"solved_soft_dynamic","solved",90,0.31441560558522974,-0.12038641939394341,0.32779731555866476,0.18227658868445187,0.54459679324657884,0.31724247114070225,0,0,0.94052400000000003,1.357453,1,1000000000,1000000000,0,0.33809635788202286,0.39509651660919187,32,0,3.6872523143878566,0.17979251841209667,map
S2,no_observed_dynamic,282,11185000000,0,1,"solved_soft_dynamic","solved",90,0.31441127889256881,-0.12038491745203868,0.32779289153737123,0.18227658868445187,0.54459679324657873,0.31723992538152157,0,0,0.93395800000000007,1.2978069999999999,1,1000000000,1000000000,0,0.33809635788202286,0.39509651660919187,32,0,3.6872523143878566,0.17979251841209667,map
S2,observed,283,11235000000,0,1,"solved_soft_dynamic","solved",50,0.31119768884270943,-0.11429151602854627,0.32171348670109456,0.18727012979583943,0.54459679324657873,0.3161395761648978,0,0,0.73777900000000007,1.1512090000000001,1,1000000000,1000000000,0,0.37809635105077177,0.41688159108161926,32,0,3.6962593449523715,0.17081923468907245,map
S2,no_observed_dynamic,283,11235000000,0,1,"solved_soft_dynamic","solved",50,0.31119397415658812,-0.11429017689949136,0.32170966059846717,0.18727012979583943,0.54459679324657873,0.31613737105708523,0,0,0.724468,1.0914159999999999,1,1000000000,1000000000,0,0.37809635105077177,0.41688159108161926,32,0,3.6962593449523715,0.17081923468907245,map
S2,observed,284,11285000000,0,1,"solved_soft_dynamic","solved",150,0.31028805342647109,-0.10964749549166496,0.31748852464204919,0.20773748728857983,0.54459679324657873,0.30729253846512877,0,0,1.314446,1.726113,1,1000000000,1000000000,0,0.4578814230626449,0.50794386863708496,32,0,3.7052866549975012,0.16192670194194639,map
S2,no_observed_dynamic,284,11285000000,0,1,"solved_soft_dynamic","solved",150,0.31028486633046559,-0.10964630538603962,0.31748522720646233,0.20773748728857983,0.54459679324657873,0.3072906468004421,0,0,1.4685060000000001,1.849208,1,1000000000,1000000000,0,0.4578814230626449,0.50794386863708496,32,0,3.7052866549975012,0.16192670194194639,map
S2,observed,285,11335000000,0,1,"solved_soft_dynamic","solved",60,0.30745482345187847,-0.10334043971066191,0.31156736123927498,0.21271366822463125,0.54459679324657873,0.30665806840717941,0,0,0.82169000000000003,1.2570490000000001,1,1000000000,1000000000,0,0.49788142205215991,0.50794386863708496,32,0,3.7142314676402131,0.15297793242902424,map
S2,no_observed_dynamic,285,11335000000,0,1,"solved_soft_dynamic","solved",60,0.30745208704258553,-0.10333938297730796,0.31156451020310105,0.21271366822463125,0.54459679324657873,0.30665642310740632,0,0,0.93422700000000003,1.3102830000000001,1,1000000000,1000000000,0,0.49788142205215991,0.50794386863708496,32,0,3.7142314676402131,0.15297793242902424,map
S2,observed,286,11385000000,0,1,"solved_soft_dynamic","solved",80,0.30542391184481538,-0.097602803910914193,0.30717111856340484,0.22736274155631278,0.54459679324657873,0.30083471137323475,0,0,0.89804700000000004,1.3194210000000002,1,1000000000,1000000000,0,0.51214373670518398,0.5613548755645752,32,0,3.7233436658271821,0.14429899057804513,map
S2,no_observed_dynamic,286,11385000000,0,1,"solved_soft_dynamic","solved",80,0.3054215674520746,-0.097601871460446049,0.3071686572527691,0.22736274155631278,0.54459679324657873,0.30083330922518647,0,0,0.89000999999999997,1.2560880000000001,1,1000000000,1000000000,0,0.51214373670518398,0.5613548755645752,32,0,3.7233436658271821,0.14429899057804513,map
S2,observed,287,11435000000,0,1,"solved_soft_dynamic","solved",50,0.30314731919459564,-0.091625052144501923,0.30191620631793825,0.23718467470300345,0.54459679324657873,0.29856307366028401,0,0,0.74178899999999992,1.158004,1,1000000000,1000000000,0,0.5613547982648015,0.5613548755645752,32,0,3.7322796762455019,0.13567566910917511,map
S2,no_observed_dynamic,287,11435000000,0,1,"solved_soft_dynamic","solved",50,0.3031453128315133,-0.091624231927708993,0.30191408734915781,0.23718467470300345,0.54459679324657884,0.29856187655134137,0,0,0.75107299999999999,1.1210420000000001,1,1000000000,1000000000,0,0.5613547982648015,0.5613548755645752,32,0,3.7322796762455019,0.13567566910917511,map
S2,observed,288,11485000000,0,1,"solved_soft_dynamic","solved",80,0.30197948864308322,-0.086681230873507042,0.29745073922940268,0.25235519120378852,0.54459685789519496,0.29447825844631093,0,0,0.900949,1.3099990000000001,1,1000000000,1000000000,0,0.56435475125908852,0.57970452308654785,32,0,3.7415004155094271,0.12742411729935502,map
S2,no_observed_dynamic,288,11485000000,0,1,"solved_soft_dynamic","solved",80,0.30197777166644463,-0.086680509996011151,0.29744891788107619,0.25235519120378852,0.54459685789463075,0.29447722905725282,0,0,0.88383099999999992,1.24946,1,1000000000,1000000000,0,0.56435475125908852,0.57970452308654785,32,0,3.7415004155094271,0.12742411729935502,map
S2,observed,289,11535000000,0,1,"solved_soft_dynamic","solved",110,0.30662379322853556,-0.088530855128528554,0.31846036437085484,0.002788804883339914,0.29537999549857963,0.35769968280663594,0,0,1.1253739999999999,2.2803799999999996,0,1000000000,1000000000,0,0.57970447232946754,0.57970452308654785,32,1,3.7502174881809922,0.11959663537413198,map
S2,no_observed_dynamic,289,11535000000,0,1,"solved_soft_dynamic","solved",110,0.30662231153823577,-0.08853020913663863,0.31845875132951568,0.002788804883339914,0.29537999549857957,0.35769868222621642,0,0,1.089432,1.452801,0,1000000000,1000000000,0,0.57970447232946754,0.57970452308654785,32,0,3.7502174881809922,0.11959663537413198,map
S2,observed,290,11585000000,0,1,"solved_soft_dynamic","solved",100,0.30247509126120231,-0.084024642820759929,0.31302711980434494,0.016121049172999759,0.29537999549857952,0.31259688464736046,0,0,1.03006,1.4438340000000001,1,1000000000,1000000000,0,0.57640085578896105,0.57269233465194702,32,0,3.7592806950041826,0.11205782129911843,map
S2,no_observed_dynamic,290,11585000000,0,1,"solved_soft_dynamic","solved",100,0.30247381641393944,-0.084024070976251031,0.31302572649365307,0.016121049172999759,0.29537999549857957,0.3125960493650457,0,0,1.0087550000000001,1.3782840000000001,1,1000000000,1000000000,0,0.57640085578896105,0.57269233465194702,32,0,3.7592806950041826,0.11205782129911843,map
S2,observed,291,11635000000,0,1,"solved_soft_dynamic","solved",80,0.29560957157319967,-0.077781634340871111,0.30444850359796016,0.024476642892232559,0.29537999549857952,0.29500790295318491,0,0,0.88475999999999999,1.2985180000000001,1,1000000000,1000000000,0,0.57269225362688303,0.57269233465194702,32,0,3.7675883427244439,0.1050576268959808,map
S2,no_observed_dynamic,291,11635000000,0,1,"solved_soft_dynamic","solved",80,0.29560847674073043,-0.077781134099069671,0.30444730392178304,0.024476642892232559,0.29537999549857957,0.29500721656785778,0,0,0.879467,1.2459789999999999,1,1000000000,1000000000,0,0.57269225362688303,0.57269233465194702,32,0,3.7675883427244439,0.1050576268959808,map
S2,observed,292,11685000000,0,1,"solved_soft_dynamic","solved",110,0.29057721949069132,-0.072586111960678282,0.29794993730923369,0.037092731258227984,0.29537999549857952,0.29197294347836067,0,0,1.088625,1.50484,1,1000000000,1000000000,0,0.56849234388209879,0.54901784658432007,32,0,3.776281753131042,0.098289687628720146,map
S2,no_observed_dynamic,292,11685000000,0,1,"solved_soft_dynamic","solved",110,0.29057627911263345,-0.072585674036521108,0.29794890407302249,0.037092731258227984,0.29537999549857952,0.29197234773972797,0,0,1.063099,1.425565,1,1000000000,1000000000,0,0.56849234388209879,0.54901784658432007,32,0,3.776281753131042,0.098289687628720146,map
S2,observed,293,11735000000,0,1,"solved_soft_dynamic","solved",90,0.28594218462090559,-0.067449497762816099,0.29184505863575821,0.044857986005915687,0.29537999549857952,0.290814969798873,0,0,0.94576399999999994,1.3601509999999999,1,1000000000,1000000000,0,0.54901780094951391,0.54901784658432007,32,0,3.7840046456331504,0.092067764805291288,map
S2,no_observed_dynamic,293,11735000000,0,1,"solved_soft_dynamic","solved",90,0.28594137721917784,-0.067449114966508295,0.29184416919637002,0.044857986005915687,0.29537999549857957,0.29081445852158638,0,0,0.94253600000000004,1.3104880000000001,1,1000000000,1000000000,0,0.54901780094951391,0.54901784658432007,32,0,3.7840046456331504,0.092067764805291288,map
S2,observed,294,11785000000,0,1,"solved_soft_dynamic","solved",130,0.28237748051155814,-0.063122128371352323,0.28695613600057523,0.056635344679596661,0.29537999549857952,0.28829342494181009,0,0,1.1872969999999998,1.604055,1,1000000000,1000000000,0,0.54481786210089922,0.51195180416107178,32,0,3.7921337451202253,0.086025793050089602,map
S2,no_observed_dynamic,294,11785000000,0,1,"solved_soft_dynamic","solved",130,0.28237678805222555,-0.063121794337376788,0.28695537109489716,0.056635344679596661,0.29537999549857957,0.28829298488057259,0,0,1.18876,1.5522500000000001,1,1000000000,1000000000,0,0.54481786210089922,0.51195180416107178,32,0,3.7921337451202253,0.086025793050089602,map
S2,observed,295,11835000000,0,1,"solved_soft_dynamic","solved",90,0.27854689193455595,-0.05856089644111747,0.28179805303742589,0.063764819672155276,0.29537999549857952,0.28462243613999305,0,0,0.93813000000000002,1.364587,1,1000000000,1000000000,0,0.511951744556427,0.51195180416107178,32,0,3.7992184884629587,0.080446383371561472,map
S2,no_observed_dynamic,295,11835000000,0,1,"solved_soft_dynamic","solved",90,0.27854629861910241,-0.058560605544512097,0.28179739604695819,0.063764819672155276,0.29537999549857952,0.28462205793056711,0,0,0.94653799999999999,1.3093899999999998,1,1000000000,1000000000,0,0.511951744556427,0.51195180416107178,32,0,3.7992184884629587,0.080446383371561472,map
S2,observed,296,11885000000,0,1,"solved_soft_dynamic","solved",70,0.27682990150490877,-0.05582965957320063,0.27175289857013335,0.080759243830788655,0.29537999549857952,0.27919933552793258,0,0,0.84153600000000006,1.259622,1,1000000000,1000000000,0,0.50775181734934449,0.46403330564498901,32,0,3.8066867306177605,0.075007958328204546,map
S2,no_observed_dynamic,296,11885000000,0,1,"solved_soft_dynamic","solved",70,0.27682939413940721,-0.055829407009533968,0.2717523318630955,0.080759243830788655,0.29537999549857952,0.27919901320877577,0,0,0.85588500000000001,1.3224800000000001,1,1000000000,1000000000,0,0.50775181734934449,0.46403330564498901,32,0,3.8066867306177605,0.075007958328204546,map
S2,observed,297,11935000000,0,1,"solved_soft_dynamic","solved",90,0.27407708645363738,-0.052278221078618015,0.26768154603194405,0.087501312009708079,0.29537999549857957,0.27322790534501057,0,0,0.95454800000000006,1.3792120000000001,1,1000000000,1000000000,0,0.46403324813582003,0.46403330564498901,32,0,3.8131859271602817,0.06990070701108797,map
S2,no_observed_dynamic,297,11935000000,0,1,"solved_soft_dynamic","solved",90,0.27407665348832255,-0.052278002194405579,0.26768106089331334,0.087501312009708079,0.29537999549857952,0.27322763045062015,0,0,0.94155,1.307809,1,1000000000,1000000000,0,0.46403324813582003,0.46403330564498901,32,0,3.8131859271602817,0.06990070701108797,map
S2,observed,298,11985000000,0,1,"solved_soft_dynamic","solved",70,0.27256909651887123,-0.049998445114573214,0.25585074803630814,0.1029233926135867,0.29538016479467549,0.26575324661687055,0,0,0.83189199999999996,1.2568709999999998,1,1000000000,1000000000,0,0.45983332092873752,0.40861216187477112,32,0,3.8200063056563001,0.064907169502296025,map
S2,no_observed_dynamic,298,11985000000,0,1,"solved_soft_dynamic","solved",70,0.27256872774828045,-0.049998255588090207,0.25585033552632874,0.1029233926135867,0.2953801648006858,0.26575301239887283,0,0,0.83244899999999999,1.195033,1,1000000000,1000000000,0,0.45983332092873752,0.40861216187477112,32,0,3.8200063056563001,0.064907169502296025,map
S2,observed,299,12035000000,0,1,"solved_soft_dynamic","solved",120,0.2700188390587433,-0.046883359251998283,0.25201560024689063,0.10925735245934577,0.29537999549857952,0.26182575234769384,0,0,1.1357740000000001,1.5476780000000001,1,1000000000,1000000000,0,0.40861210436560214,0.40861216187477112,32,0,3.8260510706076567,0.060101724236362238,map
S2,no_observed_dynamic,299,12035000000,0,1,"solved_soft_dynamic","solved",120,0.27001852519341141,-0.046883195180768736,0.25201524765018424,0.10925735245934577,0.29537999549857957,0.26182555313944805,0,0,1.134725,1.4982949999999999,1,1000000000,1000000000,0,0.40861210436560214,0.40861216187477112,32,0,3.8260510706076567,0.060101724236362238,map
S2,observed,300,12085000000,0,1,"solved_soft_dynamic","solved",80,0.26733327071972013,-0.043920827697757937,0.24815001286216012,0.1187499865182752,0.29538016231267461,0.25628964396773424,0,0,0.88231899999999996,1.3019069999999999,1,1000000000,1000000000,0,0.4056121688336134,0.350279301404953,32,0,3.8323666758471608,0.055397510639030784,map
S2,no_observed_dynamic,300,12085000000,0,1,"solved_soft_dynamic","solved",80,0.26733300360080103,-0.043920685416218422,0.24814971133942579,0.1187499865182752,0.29538016231719644,0.2562894703270151,0,0,0.88463500000000006,1.2525500000000001,1,1000000000,1000000000,0,0.4056121688336134,0.350279301404953,32,0,3.8323666758471608,0.055397510639030784,map
S2,observed,301,12135000000,0,1,"solved_soft_dynamic","solved",220,0.26438242520030347,-0.040757062569103039,0.2426465555235453,0.12537157329021867,0.29537999549857952,0.25295650526479252,0,0,1.751023,2.1659919999999997,1,1000000000,1000000000,0,0.35027926787734032,0.350279301404953,32,0,3.8380743136525206,0.050758904867202713,map
S2,no_observed_dynamic,301,12135000000,0,1,"solved_soft_dynamic","solved",220,0.26438219813152475,-0.040756939261023147,0.24264629817966354,0.12537157329021867,0.29537999549857952,0.25295635767495134,0,0,1.828627,2.1978369999999998,1,1000000000,1000000000,0,0.35027926787734032,0.350279301404953,32,0,3.8380743136525206,0.050758904867202713,map
S2,observed,302,12185000000,0,1,"solved_soft_dynamic","solved",80,0.26183589659906265,-0.03812267889961396,0.23906683200443959,0.13435071290983328,0.29538000568000256,0.25245296281243523,0,0,0.94481199999999999,1.372225,1,1000000000,1000000000,0,0.34727932070381939,0.29406818747520447,32,0,3.8439847014171797,0.046217025834544234,map
S2,no_observed_dynamic,302,12185000000,0,1,"solved_soft_dynamic","solved",80,0.26183570418725982,-0.038122572415712506,0.23906661283201694,0.13435071290983328,0.29538000567998646,0.25245283729188295,0,0,0.93363200000000002,1.3088880000000001,1,1000000000,1000000000,0,0.34727932070381939,0.29406818747520447,32,0,3.8439847014171797,0.046217025834544234,map
S2,observed,303,12235000000,0,1,"solved_soft_dynamic","solved",230,0.25882933226900295,-0.035133981144133047,0.23490781840281183,0.14010996186919705,0.29537999549857952,0.25441023724349299,0,0,1.8323,2.24702,1,1000000000,1000000000,0,0.2940681588370353,0.29406818747520447,32,0,3.8494849437702237,0.041669818521863834,map
S2,no_observed_dynamic,303,12235000000,0,1,"solved_soft_dynamic","solved",230,0.25882916950073159,-0.035133889102330028,0.2349076319086516,0.14010996186919705,0.29537999549857952,0.25441013219907566,0,0,1.8112670000000002,2.1747749999999999,1,1000000000,1000000000,0,0.2940681588370353,0.29406818747520447,32,0,3.8494849437702237,0.041669818521863834,map
S2,observed,304,12285000000,0,1,"solved_soft_dynamic","solved",80,0.25584439816337895,-0.032318903758797132,0.23086303996047042,0.14873803178516565,0.2953800072196151,0.25207958393693208,0,0,0.93866299999999991,1.3633660000000001,1,1000000000,1000000000,0,0.28986822289880365,0.24421028792858124,32,0,3.8550896230864558,0.037209360730646575,map
S2,no_observed_dynamic,304,12285000000,0,1,"solved_soft_dynamic","solved",80,0.25584426051881559,-0.032318824347262298,0.23086288137830568,0.14873803178516565,0.29538000721961788,0.25207949329264423,0,0,0.93129300000000004,1.2957890000000001,1,1000000000,1000000000,0,0.28986822289880365,0.24421028792858124,32,0,3.8550896230864558,0.037209360730646575,map
S2,observed,305,12335000000,0,1,"solved_soft_dynamic","solved",100,0.2509837238940672,-0.027797372762074477,0.23980363608328314,0.1496691151032471,0.29537999549857952,0.24959817923193506,0,0,1.1080840000000001,1.534524,1,1000000000,1000000000,0,0.24421024136245251,0.24421028792858124,32,0,3.8604221482155672,0.032743174831829237,map
S2,no_observed_dynamic,305,12335000000,0,1,"solved_soft_dynamic","solved",100,0.25098360715224743,-0.027797303896441163,0.23980350127504849,0.1496691151032471,0.29537999549857952,0.24959810111473904,0,0,1.0269429999999999,1.4041240000000001,1,1000000000,1000000000,0,0.24421024136245251,0.24421028792858124,32,0,3.8604221482155672,0.032743174831829237,map
