{
  "serialized_messages_checked": 16721,
  "serialized_json_mismatches": [],
  "prediction_count": 760,
  "source_tf_replay_available": 0,
  "source_tf_replay_failures": [
    {
      "source_ns": 133000000,
      "available": false,
      "reason": "\"sim_lidar_link\" passed to lookupTransform argument source_frame does not exist. "
    },
    {
      "source_ns": 199000000,
      "available": false,
      "reason": "\"sim_lidar_link\" passed to lookupTransform argument source_frame does not exist. "
    },
    {
      "source_ns": 265000000,
      "available": false,
      "reason": "\"sim_lidar_link\" passed to lookupTransform argument source_frame does not exist. "
    },
    {
      "source_ns": 331000000,
      "available": false,
      "reason": "\"sim_lidar_link\" passed to lookupTransform argument source_frame does not exist. "
    },
    {
      "source_ns": 397000000,
      "available": false,
      "reason": "\"sim_lidar_link\" passed to lookupTransform argument source_frame does not exist. "
    },
    {
      "source_ns": 463000000,
      "available": false,
      "reason": "\"sim_lidar_link\" passed to lookupTransform argument source_frame does not exist. "
    },
    {
      "source_ns": 529000000,
      "available": false,
      "reason": "\"sim_lidar_link\" passed to lookupTransform argument source_frame does not exist. "
    },
    {
      "source_ns": 595000000,
      "available": false,
      "reason": "\"sim_lidar_link\" passed to lookupTransform argument source_frame does not exist. "
    },
    {
      "source_ns": 661000000,
      "available": false,
      "reason": "\"sim_lidar_link\" passed to lookupTransform argument source_frame does not exist. "
    },
    {
      "source_ns": 727000000,
      "available": false,
      "reason": "\"sim_lidar_link\" passed to lookupTransform argument source_frame does not exist. "
    },
    {
      "source_ns": 793000000,
      "available": false,
      "reason": "\"sim_lidar_link\" passed to lookupTransform argument source_frame does not exist. "
    },
    {
      "source_ns": 859000000,
      "available": false,
      "reason": "\"sim_lidar_link\" passed to lookupTransform argument source_frame does not exist. "
    },
    {
      "source_ns": 925000000,
      "available": false,
      "reason": "\"sim_lidar_link\" passed to lookupTransform argument source_frame does not exist. "
    },
    {
      "source_ns": 991000000,
      "available": false,
      "reason": "\"sim_lidar_link\" passed to lookupTransform argument source_frame does not exist. "
    },
    {
      "source_ns": 1057000000,
      "available": false,
      "reason": "\"sim_lidar_link\" passed to lookupTransform argument source_frame does not exist. "
    },
    {
      "source_ns": 1123000000,
      "available": false,
      "reason": "\"sim_lidar_link\" passed to lookupTransform argument source_frame does not exist. "
    },
    {
      "source_ns": 1189000000,
      "available": false,
      "reason": "\"sim_lidar_link\" passed to lookupTransform argument source_frame does not exist. "
    },
    {
      "source_ns": 1255000000,
      "available": false,
      "reason": "\"sim_lidar_link\" passed to lookupTransform argument source_frame does not exist. "
    },
    {
      "source_ns": 1321000000,
      "available": false,
      "reason": "\"sim_lidar_link\" passed to lookupTransform argument source_frame does not exist. "
    },
    {
      "source_ns": 1387000000,
      "available": false,
      "reason": "\"sim_lidar_link\" passed to lookupTransform argument source_frame does not exist. "
    },
    {
      "source_ns": 1453000000,
      "available": false,
      "reason": "\"sim_lidar_link\" passed to lookupTransform argument source_frame does not exist. "
    },
    {
      "source_ns": 1519000000,
      "available": false,
      "reason": "\"sim_lidar_link\" passed to lookupTransform argument source_frame does not exist. "
    },
    {
      "source_ns": 1585000000,
      "available": false,
      "reason": "\"sim_lidar_link\" passed to lookupTransform argument source_frame does not exist. "
    },
    {
      "source_ns": 1651000000,
      "available": false,
      "reason": "\"sim_lidar_link\" passed to lookupTransform argument source_frame does not exist. "
    },
    {
      "source_ns": 1717000000,
      "available": false,
      "reason": "\"sim_lidar_link\" passed to lookupTransform argument source_frame does not exist. "
    },
    {
      "source_ns": 1783000000,
      "available": false,
      "reason": "\"sim_lidar_link\" passed to lookupTransform argument source_frame does not exist. "
    },
    {
      "source_ns": 1849000000,
      "available": false,
      "reason": "\"sim_lidar_link\" passed to lookupTransform argument source_frame does not exist. "
    },
    {
      "source_ns": 1915000000,
      "available": false,
      "reason": "\"sim_lidar_link\" passed to lookupTransform argument source_frame does not exist. "
    },
    {
      "source_ns": 1981000000,
      "available": false,
      "reason": "\"sim_lidar_link\" passed to lookupTransform argument source_frame does not exist. "
    },
    {
      "source_ns": 2047000000,
      "available": false,
      "reason": "\"sim_lidar_link\" passed to lookupTransform argument source_frame does not exist. "
    },
    {
      "source_ns": 2113000000,
      "available": false,
      "reason": "\"sim_lidar_link\" passed to lookupTransform argument source_frame does not exist. "
    },
    {
      "source_ns": 2179000000,
      "available": false,
      "reason": "\"sim_lidar_link\" passed to lookupTransform argument source_frame does not exist. "
    },
    {
      "source_ns": 2245000000,
      "available": false,
      "reason": "\"sim_lidar_link\" passed to lookupTransform argument source_frame does not exist. "
    },
    {
      "source_ns": 2311000000,
      "available": false,
      "reason": "\"sim_lidar_link\" passed to lookupTransform argument source_frame does not exist. "
    },
    {
      "source_ns": 2377000000,
      "available": false,
      "reason": "\"sim_lidar_link\" passed to lookupTransform argument source_frame does not exist. "
    },
    {
      "source_ns": 2443000000,
      "available": false,
      "reason": "\"sim_lidar_link\" passed to lookupTransform argument source_frame does not exist. "
    },
    {
      "source_ns": 2509000000,
      "available": false,
      "reason": "\"sim_lidar_link\" passed to lookupTransform argument source_frame does not exist. "
    },
    {
      "source_ns": 2575000000,
      "available": false,
      "reason": "\"sim_lidar_link\" passed to lookupTransform argument source_frame does not exist. "
    },
    {
      "source_ns": 2641000000,
      "available": false,
      "reason": "\"sim_lidar_link\" passed to lookupTransform argument source_frame does not exist. "
    },
    {
      "source_ns": 2707000000,
      "available": false,
      "reason": "\"sim_lidar_link\" passed to lookupTransform argument source_frame does not exist. "
    },
    {
      "source_ns": 2773000000,
      "available": false,
      "reason": "\"sim_lidar_link\" passed to lookupTransform argument source_frame does not exist. "
    },
    {
      "source_ns": 2839000000,
      "available": false,
      "reason": "\"sim_lidar_link\" passed to lookupTransform argument source_frame does not exist. "
    },
    {
      "source_ns": 2905000000,
      "available": false,
      "reason": "\"sim_lidar_link\" passed to lookupTransform argument source_frame does not exist. "
    },
    {
      "source_ns": 2971000000,
      "available": false,
      "reason": "\"sim_lidar_link\" passed to lookupTransform argument source_frame does not exist. "
    },
    {
      "source_ns": 3037000000,
      "available": false,
      "reason": "\"sim_lidar_link\" passed to lookupTransform argument source_frame does not exist. "
    },
    {
      "source_ns": 3103000000,
      "available": false,
      "reason": "\"sim_lidar_link\" passed to lookupTransform argument source_frame does not exist. "
    },
    {
      "source_ns": 3169000000,
      "available": false,
      "reason": "\"sim_lidar_link\" passed to lookupTransform argument source_frame does not exist. "
    },
    {
      "source_ns": 3235000000,
      "available": false,
      "reason": "\"sim_lidar_link\" passed to lookupTransform argument source_frame does not exist. "
    },
    {
      "source_ns": 3301000000,
      "available": false,
      "reason": "\"sim_lidar_link\" passed to lookupTransform argument source_frame does not exist. "
    },
    {
      "source_ns": 3367000000,
      "available": false,
      "reason": "\"sim_lidar_link\" passed to lookupTransform argument source_frame does not exist. "
    },
    {
      "source_ns": 3433000000,
      "available": false,
      "reason": "\"sim_lidar_link\" passed to lookupTransform argument source_frame does not exist. "
    },
    {
      "source_ns": 3499000000,
      "available": false,
      "reason": "\"sim_lidar_link\" passed to lookupTransform argument source_frame does not exist. "
    },
    {
      "source_ns": 3565000000,
      "available": false,
      "reason": "\"sim_lidar_link\" passed to lookupTransform argument source_frame does not exist. "
    },
    {
      "source_ns": 3631000000,
      "available": false,
      "reason": "\"sim_lidar_link\" passed to lookupTransform argument source_frame does not exist. "
    },
    {
      "source_ns": 3697000000,
      "available": false,
      "reason": "\"sim_lidar_link\" passed to lookupTransform argument source_frame does not exist. "
    },
    {
      "source_ns": 3763000000,
      "available": false,
      "reason": "\"sim_lidar_link\" passed to lookupTransform argument source_frame does not exist. "
    },
    {
      "source_ns": 3829000000,
      "available": false,
      "reason": "\"sim_lidar_link\" passed to lookupTransform argument source_frame does not exist. "
    },
    {
      "source_ns": 3895000000,
      "available": false,
      "reason": "\"sim_lidar_link\" passed to lookupTransform argument source_frame does not exist. "
    },
    {
      "source_ns": 3961000000,
      "available": false,
      "reason": "\"sim_lidar_link\" passed to lookupTransform argument source_frame does not exist. "
    },
    {
      "source_ns": 4027000000,
      "available": false,
      "reason": "\"sim_lidar_link\" passed to lookupTransform argument source_frame does not exist. "
    },
    {
      "source_ns": 4093000000,
      "available": false,
      "reason": "\"sim_lidar_link\" passed to lookupTransform argument source_frame does not exist. "
    },
    {
      "source_ns": 4159000000,
      "available": false,
      "reason": "\"sim_lidar_link\" passed to lookupTransform argument source_frame does not exist. "
    },
    {
      "source_ns": 4225000000,
      "available": false,
      "reason": "\"sim_lidar_link\" passed to lookupTransform argument source_frame does not exist. "
    },
    {
      "source_ns": 4291000000,
      "available": false,
      "reason": "\"sim_lidar_link\" passed to lookupTransform argument source_frame does not exist. "
    },
    {
      "source_ns": 4357000000,
      "available": false,
      "reason": "\"sim_lidar_link\" passed to lookupTransform argument source_frame does not exist. "
    },
    {
      "source_ns": 4423000000,
      "available": false,
      "reason": "\"sim_lidar_link\" passed to lookupTransform argument source_frame does not exist. "
    },
    {
      "source_ns": 4489000000,
      "available": false,
      "reason": "\"sim_lidar_link\" passed to lookupTransform argument source_frame does not exist. "
    },
    {
      "source_ns": 4555000000,
      "available": false,
      "reason": "\"sim_lidar_link\" passed to lookupTransform argument source_frame does not exist. "
    },
    {
      "source_ns": 4621000000,
      "available": false,
      "reason": "\"sim_lidar_link\" passed to lookupTransform argument source_frame does not exist. "
    },
    {
      "source_ns": 4687000000,
      "available": false,
      "reason": "\"sim_lidar_link\" passed to lookupTransform argument source_frame does not exist. "
    },
    {
      "source_ns": 4753000000,
      "available": false,
      "reason": "\"sim_lidar_link\" passed to lookupTransform argument source_frame does not exist. "
    },
    {
      "source_ns": 4819000000,
      "available": false,
      "reason": "\"sim_lidar_link\" passed to lookupTransform argument source_frame does not exist. "
    },
    {
      "source_ns": 4885000000,
      "available": false,
      "reason": "\"sim_lidar_link\" passed to lookupTransform argument source_frame does not exist. "
    },
    {
      "source_ns": 4951000000,
      "available": false,
      "reason": "\"sim_lidar_link\" passed to lookupTransform argument source_frame does not exist. "
    },
    {
      "source_ns": 5017000000,
      "available": false,
      "reason": "\"sim_lidar_link\" passed to lookupTransform argument source_frame does not exist. "
    },
    {
      "source_ns": 5083000000,
      "available": false,
      "reason": "\"sim_lidar_link\" passed to lookupTransform argument source_frame does not exist. "
    },
    {
      "source_ns": 5149000000,
      "available": false,
      "reason": "\"sim_lidar_link\" passed to lookupTransform argument source_frame does not exist. "
    },
    {
      "source_ns": 5215000000,
      "available": false,
      "reason": "\"sim_lidar_link\" passed to lookupTransform argument source_frame does not exist. "
    },
    {
      "source_ns": 5281000000,
      "available": false,
      "reason": "\"sim_lidar_link\" passed to lookupTransform argument source_frame does not exist. "
    },
    {
      "source_ns": 5347000000,
      "available": false,
      "reason": "\"sim_lidar_link\" passed to lookupTransform argument source_frame does not exist. "
    },
    {
      "source_ns": 5413000000,
      "available": false,
      "reason": "\"sim_lidar_link\" passed to lookupTransform argument source_frame does not exist. "
    },
    {
      "source_ns": 5479000000,
      "available": false,
      "reason": "\"sim_lidar_link\" passed to lookupTransform argument source_frame does not exist. "
    },
    {
      "source_ns": 5545000000,
      "available": false,
      "reason": "\"sim_lidar_link\" passed to lookupTransform argument source_frame does not exist. "
    },
    {
      "source_ns": 5611000000,
      "available": false,
      "reason": "\"sim_lidar_link\" passed to lookupTransform argument source_frame does not exist. "
    },
    {
      "source_ns": 5677000000,
      "available": false,
      "reason": "\"sim_lidar_link\" passed to lookupTransform argument source_frame does not exist. "
    },
    {
      "source_ns": 5743000000,
      "available": false,
      "reason": "\"sim_lidar_link\" passed to lookupTransform argument source_frame does not exist. "
    },
    {
      "source_ns": 5809000000,
      "available": false,
      "reason": "\"sim_lidar_link\" passed to lookupTransform argument source_frame does not exist. "
    },
    {
      "source_ns": 5875000000,
      "available": false,
      "reason": "\"sim_lidar_link\" passed to lookupTransform argument source_frame does not exist. "
    },
    {
      "source_ns": 5941000000,
      "available": false,
      "reason": "\"sim_lidar_link\" passed to lookupTransform argument source_frame does not exist. "
    },
    {
      "source_ns": 6007000000,
      "available": false,
      "reason": "\"sim_lidar_link\" passed to lookupTransform argument source_frame does not exist. "
    },
    {
      "source_ns": 6073000000,
      "available": false,
      "reason": "\"sim_lidar_link\" passed to lookupTransform argument source_frame does not exist. "
    },
    {
      "source_ns": 6139000000,
      "available": false,
      "reason": "\"sim_lidar_link\" passed to lookupTransform argument source_frame does not exist. "
    },
    {
      "source_ns": 6205000000,
      "available": false,
      "reason": "\"sim_lidar_link\" passed to lookupTransform argument source_frame does not exist. "
    },
    {
      "source_ns": 6271000000,
      "available": false,
      "reason": "\"sim_lidar_link\" passed to lookupTransform argument source_frame does not exist. "
    },
    {
      "source_ns": 6337000000,
      "available": false,
      "reason": "\"sim_lidar_link\" passed to lookupTransform argument source_frame does not exist. "
    },
    {
      "source_ns": 6403000000,
      "available": false,
      "reason": "\"sim_lidar_link\" passed to lookupTransform argument source_frame does not exist. "
    },
    {
      "source_ns": 6469000000,
      "available": false,
      "reason": "\"sim_lidar_link\" passed to lookupTransform argument source_frame does not exist. "
    },
    {
      "source_ns": 6535000000,
      "available": false,
      "reason": "\"sim_lidar_link\" passed to lookupTransform argument source_frame does not exist. "
    },
    {
      "source_ns": 6601000000,
      "available": false,
      "reason": "\"sim_lidar_link\" passed to lookupTransform argument source_frame does not exist. "
    },
    {
      "source_ns": 6667000000,
      "available": false,
      "reason": "\"sim_lidar_link\" passed to lookupTransform argument source_frame does not exist. "
    },
    {
      "source_ns": 6733000000,
      "available": false,
      "reason": "\"sim_lidar_link\" passed to lookupTransform argument source_frame does not exist. "
    },
    {
      "source_ns": 6799000000,
      "available": false,
      "reason": "\"sim_lidar_link\" passed to lookupTransform argument source_frame does not exist. "
    },
    {
      "source_ns": 6865000000,
      "available": false,
      "reason": "\"sim_lidar_link\" passed to lookupTransform argument source_frame does not exist. "
    },
    {
      "source_ns": 6931000000,
      "available": false,
      "reason": "\"sim_lidar_link\" passed to lookupTransform argument source_frame does not exist. "
    },
    {
      "source_ns": 6997000000,
      "available": false,
      "reason": "\"sim_lidar_link\" passed to lookupTransform argument source_frame does not exist. "
    },
    {
      "source_ns": 7063000000,
      "available": false,
      "reason": "\"sim_lidar_link\" passed to lookupTransform argument source_frame does not exist. "
    },
    {
      "source_ns": 7129000000,
      "available": false,
      "reason": "\"sim_lidar_link\" passed to lookupTransform argument source_frame does not exist. "
    },
    {
      "source_ns": 7195000000,
      "available": false,
      "reason": "\"sim_lidar_link\" passed to lookupTransform argument source_frame does not exist. "
    },
    {
      "source_ns": 7261000000,
      "available": false,
      "reason": "\"sim_lidar_link\" passed to lookupTransform argument source_frame does not exist. "
    },
    {
      "source_ns": 7327000000,
      "available": false,
      "reason": "\"sim_lidar_link\" passed to lookupTransform argument source_frame does not exist. "
    },
    {
      "source_ns": 7393000000,
      "available": false,
      "reason": "\"sim_lidar_link\" passed to lookupTransform argument source_frame does not exist. "
    },
    {
      "source_ns": 7459000000,
      "available": false,
      "reason": "\"sim_lidar_link\" passed to lookupTransform argument source_frame does not exist. "
    },
    {
      "source_ns": 7525000000,
      "available": false,
      "reason": "\"sim_lidar_link\" passed to lookupTransform argument source_frame does not exist. "
    },
    {
      "source_ns": 7591000000,
      "available": false,
      "reason": "\"sim_lidar_link\" passed to lookupTransform argument source_frame does not exist. "
    },
    {
      "source_ns": 7657000000,
      "available": false,
      "reason": "\"sim_lidar_link\" passed to lookupTransform argument source_frame does not exist. "
    },
    {
      "source_ns": 7723000000,
      "available": false,
      "reason": "\"sim_lidar_link\" passed to lookupTransform argument source_frame does not exist. "
    },
    {
      "source_ns": 7789000000,
      "available": false,
      "reason": "\"sim_lidar_link\" passed to lookupTransform argument source_frame does not exist. "
    },
    {
      "source_ns": 7855000000,
      "available": false,
      "reason": "\"sim_lidar_link\" passed to lookupTransform argument source_frame does not exist. "
    },
    {
      "source_ns": 7921000000,
      "available": false,
      "reason": "\"sim_lidar_link\" passed to lookupTransform argument source_frame does not exist. "
    },
    {
      "source_ns": 7987000000,
      "available": false,
      "reason": "\"sim_lidar_link\" passed to lookupTransform argument source_frame does not exist. "
    },
    {
      "source_ns": 8053000000,
      "available": false,
      "reason": "\"sim_lidar_link\" passed to lookupTransform argument source_frame does not exist. "
    },
    {
      "source_ns": 8119000000,
      "available": false,
      "reason": "\"sim_lidar_link\" passed to lookupTransform argument source_frame does not exist. "
    },
    {
      "source_ns": 8185000000,
      "available": false,
      "reason": "\"sim_lidar_link\" passed to lookupTransform argument source_frame does not exist. "
    },
    {
      "source_ns": 8251000000,
      "available": false,
      "reason": "\"sim_lidar_link\" passed to lookupTransform argument source_frame does not exist. "
    },
    {
      "source_ns": 8317000000,
      "available": false,
      "reason": "\"sim_lidar_link\" passed to lookupTransform argument source_frame does not exist. "
    },
    {
      "source_ns": 8383000000,
      "available": false,
      "reason": "\"sim_lidar_link\" passed to lookupTransform argument source_frame does not exist. "
    },
    {
      "source_ns": 8449000000,
      "available": false,
      "reason": "\"sim_lidar_link\" passed to lookupTransform argument source_frame does not exist. "
    },
    {
      "source_ns": 8515000000,
      "available": false,
      "reason": "\"sim_lidar_link\" passed to lookupTransform argument source_frame does not exist. "
    },
    {
      "source_ns": 8581000000,
      "available": false,
      "reason": "\"sim_lidar_link\" passed to lookupTransform argument source_frame does not exist. "
    },
    {
      "source_ns": 8647000000,
      "available": false,
      "reason": "\"sim_lidar_link\" passed to lookupTransform argument source_frame does not exist. "
    },
    {
      "source_ns": 8713000000,
      "available": false,
      "reason": "\"sim_lidar_link\" passed to lookupTransform argument source_frame does not exist. "
    },
    {
      "source_ns": 8779000000,
      "available": false,
      "reason": "\"sim_lidar_link\" passed to lookupTransform argument source_frame does not exist. "
    },
    {
      "source_ns": 8845000000,
      "available": false,
      "reason": "\"sim_lidar_link\" passed to lookupTransform argument source_frame does not exist. "
    },
    {
      "source_ns": 8911000000,
      "available": false,
      "reason": "\"sim_lidar_link\" passed to lookupTransform argument source_frame does not exist. "
    },
    {
      "source_ns": 8977000000,
      "available": false,
      "reason": "\"sim_lidar_link\" passed to lookupTransform argument source_frame does not exist. "
    },
    {
      "source_ns": 9043000000,
      "available": false,
      "reason": "\"sim_lidar_link\" passed to lookupTransform argument source_frame does not exist. "
    },
    {
      "source_ns": 9109000000,
      "available": false,
      "reason": "\"sim_lidar_link\" passed to lookupTransform argument source_frame does not exist. "
    },
    {
      "source_ns": 9175000000,
      "available": false,
      "reason": "\"sim_lidar_link\" passed to lookupTransform argument source_frame does not exist. "
    },
    {
      "source_ns": 9241000000,
      "available": false,
      "reason": "\"sim_lidar_link\" passed to lookupTransform argument source_frame does not exist. "
    },
    {
      "source_ns": 9307000000,
      "available": false,
      "reason": "\"sim_lidar_link\" passed to lookupTransform argument source_frame does not exist. "
    },
    {
      "source_ns": 9373000000,
      "available": false,
      "reason": "\"sim_lidar_link\" passed to lookupTransform argument source_frame does not exist. "
    },
    {
      "source_ns": 9439000000,
      "available": false,
      "reason": "\"sim_lidar_link\" passed to lookupTransform argument source_frame does not exist. "
    },
    {
      "source_ns": 9505000000,
      "available": false,
      "reason": "\"sim_lidar_link\" passed to lookupTransform argument source_frame does not exist. "
    },
    {
      "source_ns": 9571000000,
      "available": false,
      "reason": "\"sim_lidar_link\" passed to lookupTransform argument source_frame does not exist. "
    },
    {
      "source_ns": 9637000000,
      "available": false,
      "reason": "\"sim_lidar_link\" passed to lookupTransform argument source_frame does not exist. "
    },
    {
      "source_ns": 9703000000,
      "available": false,
      "reason": "\"sim_lidar_link\" passed to lookupTransform argument source_frame does not exist. "
    },
    {
      "source_ns": 9769000000,
      "available": false,
      "reason": "\"sim_lidar_link\" passed to lookupTransform argument source_frame does not exist. "
    },
    {
      "source_ns": 9835000000,
      "available": false,
      "reason": "\"sim_lidar_link\" passed to lookupTransform argument source_frame does not exist. "
    },
    {
      "source_ns": 9901000000,
      "available": false,
      "reason": "\"sim_lidar_link\" passed to lookupTransform argument source_frame does not exist. "
    },
    {
      "source_ns": 9967000000,
      "available": false,
      "reason": "\"sim_lidar_link\" passed to lookupTransform argument source_frame does not exist. "
    },
    {
      "source_ns": 10033000000,
      "available": false,
      "reason": "\"sim_lidar_link\" passed to lookupTransform argument source_frame does not exist. "
    },
    {
      "source_ns": 10099000000,
      "available": false,
      "reason": "\"sim_lidar_link\" passed to lookupTransform argument source_frame does not exist. "
    },
    {
      "source_ns": 10165000000,
      "available": false,
      "reason": "\"sim_lidar_link\" passed to lookupTransform argument source_frame does not exist. "
    },
    {
      "source_ns": 10231000000,
      "available": false,
      "reason": "\"sim_lidar_link\" passed to lookupTransform argument source_frame does not exist. "
    },
    {
      "source_ns": 10297000000,
      "available": false,
      "reason": "\"sim_lidar_link\" passed to lookupTransform argument source_frame does not exist. "
    },
    {
      "source_ns": 10363000000,
      "available": false,
      "reason": "\"sim_lidar_link\" passed to lookupTransform argument source_frame does not exist. "
    },
    {
      "source_ns": 10429000000,
      "available": false,
      "reason": "\"sim_lidar_link\" passed to lookupTransform argument source_frame does not exist. "
    },
    {
      "source_ns": 10495000000,
      "available": false,
      "reason": "\"sim_lidar_link\" passed to lookupTransform argument source_frame does not exist. "
    },
    {
      "source_ns": 10561000000,
      "available": false,
      "reason": "\"sim_lidar_link\" passed to lookupTransform argument source_frame does not exist. "
    },
    {
      "source_ns": 10627000000,
      "available": false,
      "reason": "\"sim_lidar_link\" passed to lookupTransform argument source_frame does not exist. "
    },
    {
      "source_ns": 10693000000,
      "available": false,
      "reason": "\"sim_lidar_link\" passed to lookupTransform argument source_frame does not exist. "
    },
    {
      "source_ns": 10759000000,
      "available": false,
      "reason": "\"sim_lidar_link\" passed to lookupTransform argument source_frame does not exist. "
    },
    {
      "source_ns": 10825000000,
      "available": false,
      "reason": "\"sim_lidar_link\" passed to lookupTransform argument source_frame does not exist. "
    },
    {
      "source_ns": 10891000000,
      "available": false,
      "reason": "\"sim_lidar_link\" passed to lookupTransform argument source_frame does not exist. "
    },
    {
      "source_ns": 10957000000,
      "available": false,
      "reason": "\"sim_lidar_link\" passed to lookupTransform argument source_frame does not exist. "
    },
    {
      "source_ns": 11023000000,
      "available": false,
      "reason": "\"sim_lidar_link\" passed to lookupTransform argument source_frame does not exist. "
    },
    {
      "source_ns": 11089000000,
      "available": false,
      "reason": "\"sim_lidar_link\" passed to lookupTransform argument source_frame does not exist. "
    },
    {
      "source_ns": 11155000000,
      "available": false,
      "reason": "\"sim_lidar_link\" passed to lookupTransform argument source_frame does not exist. "
    },
    {
      "source_ns": 11221000000,
      "available": false,
      "reason": "\"sim_lidar_link\" passed to lookupTransform argument source_frame does not exist. "
    },
    {
      "source_ns": 11287000000,
      "available": false,
      "reason": "\"sim_lidar_link\" passed to lookupTransform argument source_frame does not exist. "
    },
    {
      "source_ns": 11353000000,
      "available": false,
      "reason": "\"sim_lidar_link\" passed to lookupTransform argument source_frame does not exist. "
    },
    {
      "source_ns": 11419000000,
      "available": false,
      "reason": "\"sim_lidar_link\" passed to lookupTransform argument source_frame does not exist. "
    },
    {
      "source_ns": 11485000000,
      "available": false,
      "reason": "\"sim_lidar_link\" passed to lookupTransform argument source_frame does not exist. "
    },
    {
      "source_ns": 11551000000,
      "available": false,
      "reason": "\"sim_lidar_link\" passed to lookupTransform argument source_frame does not exist. "
    },
    {
      "source_ns": 11617000000,
      "available": false,
      "reason": "\"sim_lidar_link\" passed to lookupTransform argument source_frame does not exist. "
    },
    {
      "source_ns": 11683000000,
      "available": false,
      "reason": "\"sim_lidar_link\" passed to lookupTransform argument source_frame does not exist. "
    },
    {
      "source_ns": 11749000000,
      "available": false,
      "reason": "\"sim_lidar_link\" passed to lookupTransform argument source_frame does not exist. "
    },
    {
      "source_ns": 11815000000,
      "available": false,
      "reason": "\"sim_lidar_link\" passed to lookupTransform argument source_frame does not exist. "
    },
    {
      "source_ns": 11881000000,
      "available": false,
      "reason": "\"sim_lidar_link\" passed to lookupTransform argument source_frame does not exist. "
    },
    {
      "source_ns": 11947000000,
      "available": false,
      "reason": "\"sim_lidar_link\" passed to lookupTransform argument source_frame does not exist. "
    },
    {
      "source_ns": 12013000000,
      "available": false,
      "reason": "\"sim_lidar_link\" passed to lookupTransform argument source_frame does not exist. "
    },
    {
      "source_ns": 12079000000,
      "available": false,
      "reason": "\"sim_lidar_link\" passed to lookupTransform argument source_frame does not exist. "
    },
    {
      "source_ns": 12145000000,
      "available": false,
      "reason": "\"sim_lidar_link\" passed to lookupTransform argument source_frame does not exist. "
    },
    {
      "source_ns": 12211000000,
      "available": false,
      "reason": "\"sim_lidar_link\" passed to lookupTransform argument source_frame does not exist. "
    },
    {
      "source_ns": 12277000000,
      "available": false,
      "reason": "\"sim_lidar_link\" passed to lookupTransform argument source_frame does not exist. "
    },
    {
      "source_ns": 12343000000,
      "available": false,
      "reason": "\"sim_lidar_link\" passed to lookupTransform argument source_frame does not exist. "
    },
    {
      "source_ns": 12409000000,
      "available": false,
      "reason": "\"sim_lidar_link\" passed to lookupTransform argument source_frame does not exist. "
    },
    {
      "source_ns": 12475000000,
      "available": false,
      "reason": "\"sim_lidar_link\" passed to lookupTransform argument source_frame does not exist. "
    },
    {
      "source_ns": 12541000000,
      "available": false,
      "reason": "\"sim_lidar_link\" passed to lookupTransform argument source_frame does not exist. "
    },
    {
      "source_ns": 12607000000,
      "available": false,
      "reason": "\"sim_lidar_link\" passed to lookupTransform argument source_frame does not exist. "
    },
    {
      "source_ns": 12673000000,
      "available": false,
      "reason": "\"sim_lidar_link\" passed to lookupTransform argument source_frame does not exist. "
    },
    {
      "source_ns": 12739000000,
      "available": false,
      "reason": "\"sim_lidar_link\" passed to lookupTransform argument source_frame does not exist. "
    },
    {
      "source_ns": 12805000000,
      "available": false,
      "reason": "\"sim_lidar_link\" passed to lookupTransform argument source_frame does not exist. "
    },
    {
      "source_ns": 12871000000,
      "available": false,
      "reason": "\"sim_lidar_link\" passed to lookupTransform argument source_frame does not exist. "
    },
    {
      "source_ns": 12937000000,
      "available": false,
      "reason": "\"sim_lidar_link\" passed to lookupTransform argument source_frame does not exist. "
    },
    {
      "source_ns": 13003000000,
      "available": false,
      "reason": "\"sim_lidar_link\" passed to lookupTransform argument source_frame does not exist. "
    },
    {
      "source_ns": 13069000000,
      "available": false,
      "reason": "\"sim_lidar_link\" passed to lookupTransform argument source_frame does not exist. "
    },
    {
      "source_ns": 13135000000,
      "available": false,
      "reason": "\"sim_lidar_link\" passed to lookupTransform argument source_frame does not exist. "
    },
    {
      "source_ns": 13201000000,
      "available": false,
      "reason": "\"sim_lidar_link\" passed to lookupTransform argument source_frame does not exist. "
    },
    {
      "source_ns": 13267000000,
      "available": false,
      "reason": "\"sim_lidar_link\" passed to lookupTransform argument source_frame does not exist. "
    },
    {
      "source_ns": 13333000000,
      "available": false,
      "reason": "\"sim_lidar_link\" passed to lookupTransform argument source_frame does not exist. "
    },
    {
      "source_ns": 13399000000,
      "available": false,
      "reason": "\"sim_lidar_link\" passed to lookupTransform argument source_frame does not exist. "
    },
    {
      "source_ns": 13465000000,
      "available": false,
      "reason": "\"sim_lidar_link\" passed to lookupTransform argument source_frame does not exist. "
    },
    {
      "source_ns": 13531000000,
      "available": false,
      "reason": "\"sim_lidar_link\" passed to lookupTransform argument source_frame does not exist. "
    },
    {
      "source_ns": 13597000000,
      "available": false,
      "reason": "\"sim_lidar_link\" passed to lookupTransform argument source_frame does not exist. "
    },
    {
      "source_ns": 13663000000,
      "available": false,
      "reason": "\"sim_lidar_link\" passed to lookupTransform argument source_frame does not exist. "
    },
    {
      "source_ns": 13729000000,
      "available": false,
      "reason": "\"sim_lidar_link\" passed to lookupTransform argument source_frame does not exist. "
    },
    {
      "source_ns": 13795000000,
      "available": false,
      "reason": "\"sim_lidar_link\" passed to lookupTransform argument source_frame does not exist. "
    },
    {
      "source_ns": 13861000000,
      "available": false,
      "reason": "\"sim_lidar_link\" passed to lookupTransform argument source_frame does not exist. "
    },
    {
      "source_ns": 13927000000,
      "available": false,
      "reason": "\"sim_lidar_link\" passed to lookupTransform argument source_frame does not exist. "
    },
    {
      "source_ns": 13993000000,
      "available": false,
      "reason": "\"sim_lidar_link\" passed to lookupTransform argument source_frame does not exist. "
    },
    {
      "source_ns": 14059000000,
      "available": false,
      "reason": "\"sim_lidar_link\" passed to lookupTransform argument source_frame does not exist. "
    },
    {
      "source_ns": 14125000000,
      "available": false,
      "reason": "\"sim_lidar_link\" passed to lookupTransform argument source_frame does not exist. "
    },
    {
      "source_ns": 14191000000,
      "available": false,
      "reason": "\"sim_lidar_link\" passed to lookupTransform argument source_frame does not exist. "
    },
    {
      "source_ns": 14257000000,
      "available": false,
      "reason": "\"sim_lidar_link\" passed to lookupTransform argument source_frame does not exist. "
    },
    {
      "source_ns": 14323000000,
      "available": false,
      "reason": "\"sim_lidar_link\" passed to lookupTransform argument source_frame does not exist. "
    },
    {
      "source_ns": 14389000000,
      "available": false,
      "reason": "\"sim_lidar_link\" passed to lookupTransform argument source_frame does not exist. "
    },
    {
      "source_ns": 14455000000,
      "available": false,
      "reason": "\"sim_lidar_link\" passed to lookupTransform argument source_frame does not exist. "
    },
    {
      "source_ns": 14521000000,
      "available": false,
      "reason": "\"sim_lidar_link\" passed to lookupTransform argument source_frame does not exist. "
    },
    {
      "source_ns": 14587000000,
      "available": false,
      "reason": "\"sim_lidar_link\" passed to lookupTransform argument source_frame does not exist. "
    },
    {
      "source_ns": 14653000000,
      "available": false,
      "reason": "\"sim_lidar_link\" passed to lookupTransform argument source_frame does not exist. "
    },
    {
      "source_ns": 14719000000,
      "available": false,
      "reason": "\"sim_lidar_link\" passed to lookupTransform argument source_frame does not exist. "
    },
    {
      "source_ns": 14785000000,
      "available": false,
      "reason": "\"sim_lidar_link\" passed to lookupTransform argument source_frame does not exist. "
    },
    {
      "source_ns": 14851000000,
      "available": false,
      "reason": "\"sim_lidar_link\" passed to lookupTransform argument source_frame does not exist. "
    },
    {
      "source_ns": 14917000000,
      "available": false,
      "reason": "\"sim_lidar_link\" passed to lookupTransform argument source_frame does not exist. "
    },
    {
      "source_ns": 14983000000,
      "available": false,
      "reason": "\"sim_lidar_link\" passed to lookupTransform argument source_frame does not exist. "
    },
    {
      "source_ns": 15049000000,
      "available": false,
      "reason": "\"sim_lidar_link\" passed to lookupTransform argument source_frame does not exist. "
    },
    {
      "source_ns": 15115000000,
      "available": false,
      "reason": "\"sim_lidar_link\" passed to lookupTransform argument source_frame does not exist. "
    },
    {
      "source_ns": 15181000000,
      "available": false,
      "reason": "\"sim_lidar_link\" passed to lookupTransform argument source_frame does not exist. "
    },
    {
      "source_ns": 15247000000,
      "available": false,
      "reason": "\"sim_lidar_link\" passed to lookupTransform argument source_frame does not exist. "
    },
    {
      "source_ns": 15313000000,
      "available": false,
      "reason": "\"sim_lidar_link\" passed to lookupTransform argument source_frame does not exist. "
    },
    {
      "source_ns": 15379000000,
      "available": false,
      "reason": "\"sim_lidar_link\" passed to lookupTransform argument source_frame does not exist. "
    },
    {
      "source_ns": 15445000000,
      "available": false,
      "reason": "\"sim_lidar_link\" passed to lookupTransform argument source_frame does not exist. "
    },
    {
      "source_ns": 15511000000,
      "available": false,
      "reason": "\"sim_lidar_link\" passed to lookupTransform argument source_frame does not exist. "
    },
    {
      "source_ns": 15577000000,
      "available": false,
      "reason": "\"sim_lidar_link\" passed to lookupTransform argument source_frame does not exist. "
    },
    {
      "source_ns": 15643000000,
      "available": false,
      "reason": "\"sim_lidar_link\" passed to lookupTransform argument source_frame does not exist. "
    },
    {
      "source_ns": 15709000000,
      "available": false,
      "reason": "\"sim_lidar_link\" passed to lookupTransform argument source_frame does not exist. "
    },
    {
      "source_ns": 15775000000,
      "available": false,
      "reason": "\"sim_lidar_link\" passed to lookupTransform argument source_frame does not exist. "
    },
    {
      "source_ns": 15841000000,
      "available": false,
      "reason": "\"sim_lidar_link\" passed to lookupTransform argument source_frame does not exist. "
    },
    {
      "source_ns": 15907000000,
      "available": false,
      "reason": "\"sim_lidar_link\" passed to lookupTransform argument source_frame does not exist. "
    },
    {
      "source_ns": 15973000000,
      "available": false,
      "reason": "\"sim_lidar_link\" passed to lookupTransform argument source_frame does not exist. "
    },
    {
      "source_ns": 16039000000,
      "available": false,
      "reason": "\"sim_lidar_link\" passed to lookupTransform argument source_frame does not exist. "
    },
    {
      "source_ns": 16105000000,
      "available": false,
      "reason": "\"sim_lidar_link\" passed to lookupTransform argument source_frame does not exist. "
    },
    {
      "source_ns": 16171000000,
      "available": false,
      "reason": "\"sim_lidar_link\" passed to lookupTransform argument source_frame does not exist. "
    },
    {
      "source_ns": 16237000000,
      "available": false,
      "reason": "\"sim_lidar_link\" passed to lookupTransform argument source_frame does not exist. "
    },
    {
      "source_ns": 16303000000,
      "available": false,
      "reason": "\"sim_lidar_link\" passed to lookupTransform argument source_frame does not exist. "
    },
    {
      "source_ns": 16369000000,
      "available": false,
      "reason": "\"sim_lidar_link\" passed to lookupTransform argument source_frame does not exist. "
    },
    {
      "source_ns": 16435000000,
      "available": false,
      "reason": "\"sim_lidar_link\" passed to lookupTransform argument source_frame does not exist. "
    },
    {
      "source_ns": 16501000000,
      "available": false,
      "reason": "\"sim_lidar_link\" passed to lookupTransform argument source_frame does not exist. "
    },
    {
      "source_ns": 16567000000,
      "available": false,
      "reason": "\"sim_lidar_link\" passed to lookupTransform argument source_frame does not exist. "
    },
    {
      "source_ns": 16633000000,
      "available": false,
      "reason": "\"sim_lidar_link\" passed to lookupTransform argument source_frame does not exist. "
    },
    {
      "source_ns": 16699000000,
      "available": false,
      "reason": "\"sim_lidar_link\" passed to lookupTransform argument source_frame does not exist. "
    },
    {
      "source_ns": 16765000000,
      "available": false,
      "reason": "\"sim_lidar_link\" passed to lookupTransform argument source_frame does not exist. "
    },
    {
      "source_ns": 16831000000,
      "available": false,
      "reason": "\"sim_lidar_link\" passed to lookupTransform argument source_frame does not exist. "
    },
    {
      "source_ns": 16897000000,
      "available": false,
      "reason": "\"sim_lidar_link\" passed to lookupTransform argument source_frame does not exist. "
    },
    {
      "source_ns": 16963000000,
      "available": false,
      "reason": "\"sim_lidar_link\" passed to lookupTransform argument source_frame does not exist. "
    },
    {
      "source_ns": 17029000000,
      "available": false,
      "reason": "\"sim_lidar_link\" passed to lookupTransform argument source_frame does not exist. "
    },
    {
      "source_ns": 17095000000,
      "available": false,
      "reason": "\"sim_lidar_link\" passed to lookupTransform argument source_frame does not exist. "
    },
    {
      "source_ns": 17161000000,
      "available": false,
      "reason": "\"sim_lidar_link\" passed to lookupTransform argument source_frame does not exist. "
    },
    {
      "source_ns": 17227000000,
      "available": false,
      "reason": "\"sim_lidar_link\" passed to lookupTransform argument source_frame does not exist. "
    },
    {
      "source_ns": 17293000000,
      "available": false,
      "reason": "\"sim_lidar_link\" passed to lookupTransform argument source_frame does not exist. "
    },
    {
      "source_ns": 17359000000,
      "available": false,
      "reason": "\"sim_lidar_link\" passed to lookupTransform argument source_frame does not exist. "
    },
    {
      "source_ns": 17425000000,
      "available": false,
      "reason": "\"sim_lidar_link\" passed to lookupTransform argument source_frame does not exist. "
    },
    {
      "source_ns": 17491000000,
      "available": false,
      "reason": "\"sim_lidar_link\" passed to lookupTransform argument source_frame does not exist. "
    },
    {
      "source_ns": 17557000000,
      "available": false,
      "reason": "\"sim_lidar_link\" passed to lookupTransform argument source_frame does not exist. "
    },
    {
      "source_ns": 17623000000,
      "available": false,
      "reason": "\"sim_lidar_link\" passed to lookupTransform argument source_frame does not exist. "
    },
    {
      "source_ns": 17689000000,
      "available": false,
      "reason": "\"sim_lidar_link\" passed to lookupTransform argument source_frame does not exist. "
    },
    {
      "source_ns": 17755000000,
      "available": false,
      "reason": "\"sim_lidar_link\" passed to lookupTransform argument source_frame does not exist. "
    },
    {
      "source_ns": 17821000000,
      "available": false,
      "reason": "\"sim_lidar_link\" passed to lookupTransform argument source_frame does not exist. "
    },
    {
      "source_ns": 17887000000,
      "available": false,
      "reason": "\"sim_lidar_link\" passed to lookupTransform argument source_frame does not exist. "
    },
    {
      "source_ns": 17953000000,
      "available": false,
      "reason": "\"sim_lidar_link\" passed to lookupTransform argument source_frame does not exist. "
    },
    {
      "source_ns": 18019000000,
      "available": false,
      "reason": "\"sim_lidar_link\" passed to lookupTransform argument source_frame does not exist. "
    },
    {
      "source_ns": 18085000000,
      "available": false,
      "reason": "\"sim_lidar_link\" passed to lookupTransform argument source_frame does not exist. "
    },
    {
      "source_ns": 18151000000,
      "available": false,
      "reason": "\"sim_lidar_link\" passed to lookupTransform argument source_frame does not exist. "
    },
    {
      "source_ns": 18217000000,
      "available": false,
      "reason": "\"sim_lidar_link\" passed to lookupTransform argument source_frame does not exist. "
    },
    {
      "source_ns": 18283000000,
      "available": false,
      "reason": "\"sim_lidar_link\" passed to lookupTransform argument source_frame does not exist. "
    },
    {
      "source_ns": 18349000000,
      "available": false,
      "reason": "\"sim_lidar_link\" passed to lookupTransform argument source_frame does not exist. "
    },
    {
      "source_ns": 18415000000,
      "available": false,
      "reason": "\"sim_lidar_link\" passed to lookupTransform argument source_frame does not exist. "
    },
    {
      "source_ns": 18481000000,
      "available": false,
      "reason": "\"sim_lidar_link\" passed to lookupTransform argument source_frame does not exist. "
    },
    {
      "source_ns": 18547000000,
      "available": false,
      "reason": "\"sim_lidar_link\" passed to lookupTransform argument source_frame does not exist. "
    },
    {
      "source_ns": 18613000000,
      "available": false,
      "reason": "\"sim_lidar_link\" passed to lookupTransform argument source_frame does not exist. "
    },
    {
      "source_ns": 18679000000,
      "available": false,
      "reason": "\"sim_lidar_link\" passed to lookupTransform argument source_frame does not exist. "
    },
    {
      "source_ns": 18745000000,
      "available": false,
      "reason": "\"sim_lidar_link\" passed to lookupTransform argument source_frame does not exist. "
    },
    {
      "source_ns": 18811000000,
      "available": false,
      "reason": "\"sim_lidar_link\" passed to lookupTransform argument source_frame does not exist. "
    },
    {
      "source_ns": 18877000000,
      "available": false,
      "reason": "\"sim_lidar_link\" passed to lookupTransform argument source_frame does not exist. "
    },
    {
      "source_ns": 18943000000,
      "available": false,
      "reason": "\"sim_lidar_link\" passed to lookupTransform argument source_frame does not exist. "
    },
    {
      "source_ns": 19009000000,
      "available": false,
      "reason": "\"sim_lidar_link\" passed to lookupTransform argument source_frame does not exist. "
    },
    {
      "source_ns": 19075000000,
      "available": false,
      "reason": "\"sim_lidar_link\" passed to lookupTransform argument source_frame does not exist. "
    },
    {
      "source_ns": 19141000000,
      "available": false,
      "reason": "\"sim_lidar_link\" passed to lookupTransform argument source_frame does not exist. "
    },
    {
      "source_ns": 19207000000,
      "available": false,
      "reason": "\"sim_lidar_link\" passed to lookupTransform argument source_frame does not exist. "
    },
    {
      "source_ns": 19273000000,
      "available": false,
      "reason": "\"sim_lidar_link\" passed to lookupTransform argument source_frame does not exist. "
    },
    {
      "source_ns": 19339000000,
      "available": false,
      "reason": "\"sim_lidar_link\" passed to lookupTransform argument source_frame does not exist. "
    },
    {
      "source_ns": 19405000000,
      "available": false,
      "reason": "\"sim_lidar_link\" passed to lookupTransform argument source_frame does not exist. "
    },
    {
      "source_ns": 19471000000,
      "available": false,
      "reason": "\"sim_lidar_link\" passed to lookupTransform argument source_frame does not exist. "
    },
    {
      "source_ns": 19537000000,
      "available": false,
      "reason": "\"sim_lidar_link\" passed to lookupTransform argument source_frame does not exist. "
    },
    {
      "source_ns": 19603000000,
      "available": false,
      "reason": "\"sim_lidar_link\" passed to lookupTransform argument source_frame does not exist. "
    },
    {
      "source_ns": 19669000000,
      "available": false,
      "reason": "\"sim_lidar_link\" passed to lookupTransform argument source_frame does not exist. "
    },
    {
      "source_ns": 19735000000,
      "available": false,
      "reason": "\"sim_lidar_link\" passed to lookupTransform argument source_frame does not exist. "
    },
    {
      "source_ns": 19801000000,
      "available": false,
      "reason": "\"sim_lidar_link\" passed to lookupTransform argument source_frame does not exist. "
    },
    {
      "source_ns": 19867000000,
      "available": false,
      "reason": "\"sim_lidar_link\" passed to lookupTransform argument source_frame does not exist. "
    },
    {
      "source_ns": 19933000000,
      "available": false,
      "reason": "\"sim_lidar_link\" passed to lookupTransform argument source_frame does not exist. "
    },
    {
      "source_ns": 19999000000,
      "available": false,
      "reason": "\"sim_lidar_link\" passed to lookupTransform argument source_frame does not exist. "
    },
    {
      "source_ns": 20065000000,
      "available": false,
      "reason": "\"sim_lidar_link\" passed to lookupTransform argument source_frame does not exist. "
    },
    {
      "source_ns": 20131000000,
      "available": false,
      "reason": "\"sim_lidar_link\" passed to lookupTransform argument source_frame does not exist. "
    },
    {
      "source_ns": 20197000000,
      "available": false,
      "reason": "\"sim_lidar_link\" passed to lookupTransform argument source_frame does not exist. "
    },
    {
      "source_ns": 20263000000,
      "available": false,
      "reason": "\"sim_lidar_link\" passed to lookupTransform argument source_frame does not exist. "
    },
    {
      "source_ns": 20329000000,
      "available": false,
      "reason": "\"sim_lidar_link\" passed to lookupTransform argument source_frame does not exist. "
    },
    {
      "source_ns": 20395000000,
      "available": false,
      "reason": "\"sim_lidar_link\" passed to lookupTransform argument source_frame does not exist. "
    },
    {
      "source_ns": 20461000000,
      "available": false,
      "reason": "\"sim_lidar_link\" passed to lookupTransform argument source_frame does not exist. "
    },
    {
      "source_ns": 20527000000,
      "available": false,
      "reason": "\"sim_lidar_link\" passed to lookupTransform argument source_frame does not exist. "
    },
    {
      "source_ns": 20593000000,
      "available": false,
      "reason": "\"sim_lidar_link\" passed to lookupTransform argument source_frame does not exist. "
    },
    {
      "source_ns": 20659000000,
      "available": false,
      "reason": "\"sim_lidar_link\" passed to lookupTransform argument source_frame does not exist. "
    },
    {
      "source_ns": 20725000000,
      "available": false,
      "reason": "\"sim_lidar_link\" passed to lookupTransform argument source_frame does not exist. "
    },
    {
      "source_ns": 20791000000,
      "available": false,
      "reason": "\"sim_lidar_link\" passed to lookupTransform argument source_frame does not exist. "
    },
    {
      "source_ns": 20857000000,
      "available": false,
      "reason": "\"sim_lidar_link\" passed to lookupTransform argument source_frame does not exist. "
    },
    {
      "source_ns": 20923000000,
      "available": false,
      "reason": "\"sim_lidar_link\" passed to lookupTransform argument source_frame does not exist. "
    },
    {
      "source_ns": 20989000000,
      "available": false,
      "reason": "\"sim_lidar_link\" passed to lookupTransform argument source_frame does not exist. "
    },
    {
      "source_ns": 21055000000,
      "available": false,
      "reason": "\"sim_lidar_link\" passed to lookupTransform argument source_frame does not exist. "
    },
    {
      "source_ns": 21121000000,
      "available": false,
      "reason": "\"sim_lidar_link\" passed to lookupTransform argument source_frame does not exist. "
    },
    {
      "source_ns": 21187000000,
      "available": false,
      "reason": "\"sim_lidar_link\" passed to lookupTransform argument source_frame does not exist. "
    },
    {
      "source_ns": 21253000000,
      "available": false,
      "reason": "\"sim_lidar_link\" passed to lookupTransform argument source_frame does not exist. "
    },
    {
      "source_ns": 21319000000,
      "available": false,
      "reason": "\"sim_lidar_link\" passed to lookupTransform argument source_frame does not exist. "
    },
    {
      "source_ns": 21385000000,
      "available": false,
      "reason": "\"sim_lidar_link\" passed to lookupTransform argument source_frame does not exist. "
    },
    {
      "source_ns": 21451000000,
      "available": false,
      "reason": "\"sim_lidar_link\" passed to lookupTransform argument source_frame does not exist. "
    },
    {
      "source_ns": 21517000000,
      "available": false,
      "reason": "\"sim_lidar_link\" passed to lookupTransform argument source_frame does not exist. "
    },
    {
      "source_ns": 21583000000,
      "available": false,
      "reason": "\"sim_lidar_link\" passed to lookupTransform argument source_frame does not exist. "
    },
    {
      "source_ns": 21649000000,
      "available": false,
      "reason": "\"sim_lidar_link\" passed to lookupTransform argument source_frame does not exist. "
    },
    {
      "source_ns": 21715000000,
      "available": false,
      "reason": "\"sim_lidar_link\" passed to lookupTransform argument source_frame does not exist. "
    },
    {
      "source_ns": 21781000000,
      "available": false,
      "reason": "\"sim_lidar_link\" passed to lookupTransform argument source_frame does not exist. "
    },
    {
      "source_ns": 21913000000,
      "available": false,
      "reason": "\"sim_lidar_link\" passed to lookupTransform argument source_frame does not exist. "
    },
    {
      "source_ns": 21979000000,
      "available": false,
      "reason": "\"sim_lidar_link\" passed to lookupTransform argument source_frame does not exist. "
    },
    {
      "source_ns": 22045000000,
      "available": false,
      "reason": "\"sim_lidar_link\" passed to lookupTransform argument source_frame does not exist. "
    },
    {
      "source_ns": 22111000000,
      "available": false,
      "reason": "\"sim_lidar_link\" passed to lookupTransform argument source_frame does not exist. "
    },
    {
      "source_ns": 22177000000,
      "available": false,
      "reason": "\"sim_lidar_link\" passed to lookupTransform argument source_frame does not exist. "
    },
    {
      "source_ns": 22243000000,
      "available": false,
      "reason": "\"sim_lidar_link\" passed to lookupTransform argument source_frame does not exist. "
    },
    {
      "source_ns": 22309000000,
      "available": false,
      "reason": "\"sim_lidar_link\" passed to lookupTransform argument source_frame does not exist. "
    },
    {
      "source_ns": 22375000000,
      "available": false,
      "reason": "\"sim_lidar_link\" passed to lookupTransform argument source_frame does not exist. "
    },
    {
      "source_ns": 22441000000,
      "available": false,
      "reason": "\"sim_lidar_link\" passed to lookupTransform argument source_frame does not exist. "
    },
    {
      "source_ns": 22507000000,
      "available": false,
      "reason": "\"sim_lidar_link\" passed to lookupTransform argument source_frame does not exist. "
    },
    {
      "source_ns": 22573000000,
      "available": false,
      "reason": "\"sim_lidar_link\" passed to lookupTransform argument source_frame does not exist. "
    },
    {
      "source_ns": 22639000000,
      "available": false,
      "reason": "\"sim_lidar_link\" passed to lookupTransform argument source_frame does not exist. "
    },
    {
      "source_ns": 22705000000,
      "available": false,
      "reason": "\"sim_lidar_link\" passed to lookupTransform argument source_frame does not exist. "
    },
    {
      "source_ns": 22837000000,
      "available": false,
      "reason": "\"sim_lidar_link\" passed to lookupTransform argument source_frame does not exist. "
    },
    {
      "source_ns": 22903000000,
      "available": false,
      "reason": "\"sim_lidar_link\" passed to lookupTransform argument source_frame does not exist. "
    },
    {
      "source_ns": 22969000000,
      "available": false,
      "reason": "\"sim_lidar_link\" passed to lookupTransform argument source_frame does not exist. "
    },
    {
      "source_ns": 23035000000,
      "available": false,
      "reason": "\"sim_lidar_link\" passed to lookupTransform argument source_frame does not exist. "
    },
    {
      "source_ns": 23101000000,
      "available": false,
      "reason": "\"sim_lidar_link\" passed to lookupTransform argument source_frame does not exist. "
    },
    {
      "source_ns": 23167000000,
      "available": false,
      "reason": "\"sim_lidar_link\" passed to lookupTransform argument source_frame does not exist. "
    },
    {
      "source_ns": 23233000000,
      "available": false,
      "reason": "\"sim_lidar_link\" passed to lookupTransform argument source_frame does not exist. "
    },
    {
      "source_ns": 23299000000,
      "available": false,
      "reason": "\"sim_lidar_link\" passed to lookupTransform argument source_frame does not exist. "
    },
    {
      "source_ns": 23365000000,
      "available": false,
      "reason": "\"sim_lidar_link\" passed to lookupTransform argument source_frame does not exist. "
    },
    {
      "source_ns": 23431000000,
      "available": false,
      "reason": "\"sim_lidar_link\" passed to lookupTransform argument source_frame does not exist. "
    },
    {
      "source_ns": 23497000000,
      "available": false,
      "reason": "\"sim_lidar_link\" passed to lookupTransform argument source_frame does not exist. "
    },
    {
      "source_ns": 23563000000,
      "available": false,
      "reason": "\"sim_lidar_link\" passed to lookupTransform argument source_frame does not exist. "
    },
    {
      "source_ns": 23629000000,
      "available": false,
      "reason": "\"sim_lidar_link\" passed to lookupTransform argument source_frame does not exist. "
    },
    {
      "source_ns": 23695000000,
      "available": false,
      "reason": "\"sim_lidar_link\" passed to lookupTransform argument source_frame does not exist. "
    },
    {
      "source_ns": 23761000000,
      "available": false,
      "reason": "\"sim_lidar_link\" passed to lookupTransform argument source_frame does not exist. "
    },
    {
      "source_ns": 23827000000,
      "available": false,
      "reason": "\"sim_lidar_link\" passed to lookupTransform argument source_frame does not exist. "
    },
    {
      "source_ns": 23893000000,
      "available": false,
      "reason": "\"sim_lidar_link\" passed to lookupTransform argument source_frame does not exist. "
    },
    {
      "source_ns": 23959000000,
      "available": false,
      "reason": "\"sim_lidar_link\" passed to lookupTransform argument source_frame does not exist. "
    },
    {
      "source_ns": 24025000000,
      "available": false,
      "reason": "\"sim_lidar_link\" passed to lookupTransform argument source_frame does not exist. "
    },
    {
      "source_ns": 24091000000,
      "available": false,
      "reason": "\"sim_lidar_link\" passed to lookupTransform argument source_frame does not exist. "
    },
    {
      "source_ns": 24157000000,
      "available": false,
      "reason": "\"sim_lidar_link\" passed to lookupTransform argument source_frame does not exist. "
    },
    {
      "source_ns": 24223000000,
      "available": false,
      "reason": "\"sim_lidar_link\" passed to lookupTransform argument source_frame does not exist. "
    },
    {
      "source_ns": 24289000000,
      "available": false,
      "reason": "\"sim_lidar_link\" passed to lookupTransform argument source_frame does not exist. "
    },
    {
      "source_ns": 24355000000,
      "available": false,
      "reason": "\"sim_lidar_link\" passed to lookupTransform argument source_frame does not exist. "
    },
    {
      "source_ns": 24421000000,
      "available": false,
      "reason": "\"sim_lidar_link\" passed to lookupTransform argument source_frame does not exist. "
    },
    {
      "source_ns": 24487000000,
      "available": false,
      "reason": "\"sim_lidar_link\" passed to lookupTransform argument source_frame does not exist. "
    },
    {
      "source_ns": 24553000000,
      "available": false,
      "reason": "\"sim_lidar_link\" passed to lookupTransform argument source_frame does not exist. "
    },
    {
      "source_ns": 24619000000,
      "available": false,
      "reason": "\"sim_lidar_link\" passed to lookupTransform argument source_frame does not exist. "
    },
    {
      "source_ns": 24685000000,
      "available": false,
      "reason": "\"sim_lidar_link\" passed to lookupTransform argument source_frame does not exist. "
    },
    {
      "source_ns": 24751000000,
      "available": false,
      "reason": "\"sim_lidar_link\" passed to lookupTransform argument source_frame does not exist. "
    },
    {
      "source_ns": 24817000000,
      "available": false,
      "reason": "\"sim_lidar_link\" passed to lookupTransform argument source_frame does not exist. "
    },
    {
      "source_ns": 24883000000,
      "available": false,
      "reason": "\"sim_lidar_link\" passed to lookupTransform argument source_frame does not exist. "
    },
    {
      "source_ns": 24949000000,
      "available": false,
      "reason": "\"sim_lidar_link\" passed to lookupTransform argument source_frame does not exist. "
    },
    {
      "source_ns": 25015000000,
      "available": false,
      "reason": "\"sim_lidar_link\" passed to lookupTransform argument source_frame does not exist. "
    },
    {
      "source_ns": 25081000000,
      "available": false,
      "reason": "\"sim_lidar_link\" passed to lookupTransform argument source_frame does not exist. "
    },
    {
      "source_ns": 25147000000,
      "available": false,
      "reason": "\"sim_lidar_link\" passed to lookupTransform argument source_frame does not exist. "
    },
    {
      "source_ns": 25213000000,
      "available": false,
      "reason": "\"sim_lidar_link\" passed to lookupTransform argument source_frame does not exist. "
    },
    {
      "source_ns": 25279000000,
      "available": false,
      "reason": "\"sim_lidar_link\" passed to lookupTransform argument source_frame does not exist. "
    },
    {
      "source_ns": 25345000000,
      "available": false,
      "reason": "\"sim_lidar_link\" passed to lookupTransform argument source_frame does not exist. "
    },
    {
      "source_ns": 25411000000,
      "available": false,
      "reason": "\"sim_lidar_link\" passed to lookupTransform argument source_frame does not exist. "
    },
    {
      "source_ns": 25477000000,
      "available": false,
      "reason": "\"sim_lidar_link\" passed to lookupTransform argument source_frame does not exist. "
    },
    {
      "source_ns": 25543000000,
      "available": false,
      "reason": "\"sim_lidar_link\" passed to lookupTransform argument source_frame does not exist. "
    },
    {
      "source_ns": 25609000000,
      "available": false,
      "reason": "\"sim_lidar_link\" passed to lookupTransform argument source_frame does not exist. "
    },
    {
      "source_ns": 25675000000,
      "available": false,
      "reason": "\"sim_lidar_link\" passed to lookupTransform argument source_frame does not exist. "
    },
    {
      "source_ns": 25741000000,
      "available": false,
      "reason": "\"sim_lidar_link\" passed to lookupTransform argument source_frame does not exist. "
    },
    {
      "source_ns": 25807000000,
      "available": false,
      "reason": "\"sim_lidar_link\" passed to lookupTransform argument source_frame does not exist. "
    },
    {
      "source_ns": 25873000000,
      "available": false,
      "reason": "\"sim_lidar_link\" passed to lookupTransform argument source_frame does not exist. "
    },
    {
      "source_ns": 25939000000,
      "available": false,
      "reason": "\"sim_lidar_link\" passed to lookupTransform argument source_frame does not exist. "
    },
    {
      "source_ns": 26005000000,
      "available": false,
      "reason": "\"sim_lidar_link\" passed to lookupTransform argument source_frame does not exist. "
    },
    {
      "source_ns": 26071000000,
      "available": false,
      "reason": "\"sim_lidar_link\" passed to lookupTransform argument source_frame does not exist. "
    },
    {
      "source_ns": 26137000000,
      "available": false,
      "reason": "\"sim_lidar_link\" passed to lookupTransform argument source_frame does not exist. "
    },
    {
      "source_ns": 26203000000,
      "available": false,
      "reason": "\"sim_lidar_link\" passed to lookupTransform argument source_frame does not exist. "
    },
    {
      "source_ns": 26269000000,
      "available": false,
      "reason": "\"sim_lidar_link\" passed to lookupTransform argument source_frame does not exist. "
    },
    {
      "source_ns": 26335000000,
      "available": false,
      "reason": "\"sim_lidar_link\" passed to lookupTransform argument source_frame does not exist. "
    },
    {
      "source_ns": 26401000000,
      "available": false,
      "reason": "\"sim_lidar_link\" passed to lookupTransform argument source_frame does not exist. "
    },
    {
      "source_ns": 26467000000,
      "available": false,
      "reason": "\"sim_lidar_link\" passed to lookupTransform argument source_frame does not exist. "
    },
    {
      "source_ns": 26533000000,
      "available": false,
      "reason": "\"sim_lidar_link\" passed to lookupTransform argument source_frame does not exist. "
    },
    {
      "source_ns": 26599000000,
      "available": false,
      "reason": "\"sim_lidar_link\" passed to lookupTransform argument source_frame does not exist. "
    },
    {
      "source_ns": 26665000000,
      "available": false,
      "reason": "\"sim_lidar_link\" passed to lookupTransform argument source_frame does not exist. "
    },
    {
      "source_ns": 26731000000,
      "available": false,
      "reason": "\"sim_lidar_link\" passed to lookupTransform argument source_frame does not exist. "
    },
    {
      "source_ns": 26797000000,
      "available": false,
      "reason": "\"sim_lidar_link\" passed to lookupTransform argument source_frame does not exist. "
    },
    {
      "source_ns": 26863000000,
      "available": false,
      "reason": "\"sim_lidar_link\" passed to lookupTransform argument source_frame does not exist. "
    },
    {
      "source_ns": 26929000000,
      "available": false,
      "reason": "\"sim_lidar_link\" passed to lookupTransform argument source_frame does not exist. "
    },
    {
      "source_ns": 26995000000,
      "available": false,
      "reason": "\"sim_lidar_link\" passed to lookupTransform argument source_frame does not exist. "
    },
    {
      "source_ns": 27061000000,
      "available": false,
      "reason": "\"sim_lidar_link\" passed to lookupTransform argument source_frame does not exist. "
    },
    {
      "source_ns": 27127000000,
      "available": false,
      "reason": "\"sim_lidar_link\" passed to lookupTransform argument source_frame does not exist. "
    },
    {
      "source_ns": 27193000000,
      "available": false,
      "reason": "\"sim_lidar_link\" passed to lookupTransform argument source_frame does not exist. "
    },
    {
      "source_ns": 27259000000,
      "available": false,
      "reason": "\"sim_lidar_link\" passed to lookupTransform argument source_frame does not exist. "
    },
    {
      "source_ns": 27325000000,
      "available": false,
      "reason": "\"sim_lidar_link\" passed to lookupTransform argument source_frame does not exist. "
    },
    {
      "source_ns": 27391000000,
      "available": false,
      "reason": "\"sim_lidar_link\" passed to lookupTransform argument source_frame does not exist. "
    },
    {
      "source_ns": 27457000000,
      "available": false,
      "reason": "\"sim_lidar_link\" passed to lookupTransform argument source_frame does not exist. "
    },
    {
      "source_ns": 27523000000,
      "available": false,
      "reason": "\"sim_lidar_link\" passed to lookupTransform argument source_frame does not exist. "
    },
    {
      "source_ns": 27589000000,
      "available": false,
      "reason": "\"sim_lidar_link\" passed to lookupTransform argument source_frame does not exist. "
    },
    {
      "source_ns": 27655000000,
      "available": false,
      "reason": "\"sim_lidar_link\" passed to lookupTransform argument source_frame does not exist. "
    },
    {
      "source_ns": 27721000000,
      "available": false,
      "reason": "\"sim_lidar_link\" passed to lookupTransform argument source_frame does not exist. "
    },
    {
      "source_ns": 27787000000,
      "available": false,
      "reason": "\"sim_lidar_link\" passed to lookupTransform argument source_frame does not exist. "
    },
    {
      "source_ns": 27853000000,
      "available": false,
      "reason": "\"sim_lidar_link\" passed to lookupTransform argument source_frame does not exist. "
    },
    {
      "source_ns": 27919000000,
      "available": false,
      "reason": "\"sim_lidar_link\" passed to lookupTransform argument source_frame does not exist. "
    },
    {
      "source_ns": 27985000000,
      "available": false,
      "reason": "\"sim_lidar_link\" passed to lookupTransform argument source_frame does not exist. "
    },
    {
      "source_ns": 28051000000,
      "available": false,
      "reason": "\"sim_lidar_link\" passed to lookupTransform argument source_frame does not exist. "
    },
    {
      "source_ns": 28117000000,
      "available": false,
      "reason": "\"sim_lidar_link\" passed to lookupTransform argument source_frame does not exist. "
    },
    {
      "source_ns": 28183000000,
      "available": false,
      "reason": "\"sim_lidar_link\" passed to lookupTransform argument source_frame does not exist. "
    },
    {
      "source_ns": 28249000000,
      "available": false,
      "reason": "\"sim_lidar_link\" passed to lookupTransform argument source_frame does not exist. "
    },
    {
      "source_ns": 28315000000,
      "available": false,
      "reason": "\"sim_lidar_link\" passed to lookupTransform argument source_frame does not exist. "
    },
    {
      "source_ns": 28381000000,
      "available": false,
      "reason": "\"sim_lidar_link\" passed to lookupTransform argument source_frame does not exist. "
    },
    {
      "source_ns": 28447000000,
      "available": false,
      "reason": "\"sim_lidar_link\" passed to lookupTransform argument source_frame does not exist. "
    },
    {
      "source_ns": 28513000000,
      "available": false,
      "reason": "\"sim_lidar_link\" passed to lookupTransform argument source_frame does not exist. "
    },
    {
      "source_ns": 28579000000,
      "available": false,
      "reason": "\"sim_lidar_link\" passed to lookupTransform argument source_frame does not exist. "
    },
    {
      "source_ns": 28645000000,
      "available": false,
      "reason": "\"sim_lidar_link\" passed to lookupTransform argument source_frame does not exist. "
    },
    {
      "source_ns": 28711000000,
      "available": false,
      "reason": "\"sim_lidar_link\" passed to lookupTransform argument source_frame does not exist. "
    },
    {
      "source_ns": 28777000000,
      "available": false,
      "reason": "\"sim_lidar_link\" passed to lookupTransform argument source_frame does not exist. "
    },
    {
      "source_ns": 28843000000,
      "available": false,
      "reason": "\"sim_lidar_link\" passed to lookupTransform argument source_frame does not exist. "
    },
    {
      "source_ns": 28909000000,
      "available": false,
      "reason": "\"sim_lidar_link\" passed to lookupTransform argument source_frame does not exist. "
    },
    {
      "source_ns": 28975000000,
      "available": false,
      "reason": "\"sim_lidar_link\" passed to lookupTransform argument source_frame does not exist. "
    },
    {
      "source_ns": 29041000000,
      "available": false,
      "reason": "\"sim_lidar_link\" passed to lookupTransform argument source_frame does not exist. "
    },
    {
      "source_ns": 29107000000,
      "available": false,
      "reason": "\"sim_lidar_link\" passed to lookupTransform argument source_frame does not exist. "
    },
    {
      "source_ns": 29173000000,
      "available": false,
      "reason": "\"sim_lidar_link\" passed to lookupTransform argument source_frame does not exist. "
    },
    {
      "source_ns": 29239000000,
      "available": false,
      "reason": "\"sim_lidar_link\" passed to lookupTransform argument source_frame does not exist. "
    },
    {
      "source_ns": 29305000000,
      "available": false,
      "reason": "\"sim_lidar_link\" passed to lookupTransform argument source_frame does not exist. "
    },
    {
      "source_ns": 29371000000,
      "available": false,
      "reason": "\"sim_lidar_link\" passed to lookupTransform argument source_frame does not exist. "
    },
    {
      "source_ns": 29437000000,
      "available": false,
      "reason": "\"sim_lidar_link\" passed to lookupTransform argument source_frame does not exist. "
    },
    {
      "source_ns": 29503000000,
      "available": false,
      "reason": "\"sim_lidar_link\" passed to lookupTransform argument source_frame does not exist. "
    },
    {
      "source_ns": 29569000000,
      "available": false,
      "reason": "\"sim_lidar_link\" passed to lookupTransform argument source_frame does not exist. "
    },
    {
      "source_ns": 29635000000,
      "available": false,
      "reason": "\"sim_lidar_link\" passed to lookupTransform argument source_frame does not exist. "
    },
    {
      "source_ns": 29701000000,
      "available": false,
      "reason": "\"sim_lidar_link\" passed to lookupTransform argument source_frame does not exist. "
    },
    {
      "source_ns": 29767000000,
      "available": false,
      "reason": "\"sim_lidar_link\" passed to lookupTransform argument source_frame does not exist. "
    },
    {
      "source_ns": 29833000000,
      "available": false,
      "reason": "\"sim_lidar_link\" passed to lookupTransform argument source_frame does not exist. "
    },
    {
      "source_ns": 29899000000,
      "available": false,
      "reason": "\"sim_lidar_link\" passed to lookupTransform argument source_frame does not exist. "
    },
    {
      "source_ns": 29965000000,
      "available": false,
      "reason": "\"sim_lidar_link\" passed to lookupTransform argument source_frame does not exist. "
    },
    {
      "source_ns": 30031000000,
      "available": false,
      "reason": "\"sim_lidar_link\" passed to lookupTransform argument source_frame does not exist. "
    },
    {
      "source_ns": 30097000000,
      "available": false,
      "reason": "\"sim_lidar_link\" passed to lookupTransform argument source_frame does not exist. "
    },
    {
      "source_ns": 30163000000,
      "available": false,
      "reason": "\"sim_lidar_link\" passed to lookupTransform argument source_frame does not exist. "
    },
    {
      "source_ns": 30229000000,
      "available": false,
      "reason": "\"sim_lidar_link\" passed to lookupTransform argument source_frame does not exist. "
    },
    {
      "source_ns": 30295000000,
      "available": false,
      "reason": "\"sim_lidar_link\" passed to lookupTransform argument source_frame does not exist. "
    },
    {
      "source_ns": 30361000000,
      "available": false,
      "reason": "\"sim_lidar_link\" passed to lookupTransform argument source_frame does not exist. "
    },
    {
      "source_ns": 30427000000,
      "available": false,
      "reason": "\"sim_lidar_link\" passed to lookupTransform argument source_frame does not exist. "
    },
    {
      "source_ns": 30493000000,
      "available": false,
      "reason": "\"sim_lidar_link\" passed to lookupTransform argument source_frame does not exist. "
    },
    {
      "source_ns": 30559000000,
      "available": false,
      "reason": "\"sim_lidar_link\" passed to lookupTransform argument source_frame does not exist. "
    },
    {
      "source_ns": 30625000000,
      "available": false,
      "reason": "\"sim_lidar_link\" passed to lookupTransform argument source_frame does not exist. "
    },
    {
      "source_ns": 30691000000,
      "available": false,
      "reason": "\"sim_lidar_link\" passed to lookupTransform argument source_frame does not exist. "
    },
    {
      "source_ns": 30757000000,
      "available": false,
      "reason": "\"sim_lidar_link\" passed to lookupTransform argument source_frame does not exist. "
    },
    {
      "source_ns": 30823000000,
      "available": false,
      "reason": "\"sim_lidar_link\" passed to lookupTransform argument source_frame does not exist. "
    },
    {
      "source_ns": 30889000000,
      "available": false,
      "reason": "\"sim_lidar_link\" passed to lookupTransform argument source_frame does not exist. "
    },
    {
      "source_ns": 30955000000,
      "available": false,
      "reason": "\"sim_lidar_link\" passed to lookupTransform argument source_frame does not exist. "
    },
    {
      "source_ns": 31021000000,
      "available": false,
      "reason": "\"sim_lidar_link\" passed to lookupTransform argument source_frame does not exist. "
    },
    {
      "source_ns": 31087000000,
      "available": false,
      "reason": "\"sim_lidar_link\" passed to lookupTransform argument source_frame does not exist. "
    },
    {
      "source_ns": 31153000000,
      "available": false,
      "reason": "\"sim_lidar_link\" passed to lookupTransform argument source_frame does not exist. "
    },
    {
      "source_ns": 31219000000,
      "available": false,
      "reason": "\"sim_lidar_link\" passed to lookupTransform argument source_frame does not exist. "
    },
    {
      "source_ns": 31285000000,
      "available": false,
      "reason": "\"sim_lidar_link\" passed to lookupTransform argument source_frame does not exist. "
    },
    {
      "source_ns": 31351000000,
      "available": false,
      "reason": "\"sim_lidar_link\" passed to lookupTransform argument source_frame does not exist. "
    },
    {
      "source_ns": 31417000000,
      "available": false,
      "reason": "\"sim_lidar_link\" passed to lookupTransform argument source_frame does not exist. "
    },
    {
      "source_ns": 31483000000,
      "available": false,
      "reason": "\"sim_lidar_link\" passed to lookupTransform argument source_frame does not exist. "
    },
    {
      "source_ns": 31549000000,
      "available": false,
      "reason": "\"sim_lidar_link\" passed to lookupTransform argument source_frame does not exist. "
    },
    {
      "source_ns": 31615000000,
      "available": false,
      "reason": "\"sim_lidar_link\" passed to lookupTransform argument source_frame does not exist. "
    },
    {
      "source_ns": 31681000000,
      "available": false,
      "reason": "\"sim_lidar_link\" passed to lookupTransform argument source_frame does not exist. "
    },
    {
      "source_ns": 31747000000,
      "available": false,
      "reason": "\"sim_lidar_link\" passed to lookupTransform argument source_frame does not exist. "
    },
    {
      "source_ns": 31813000000,
      "available": false,
      "reason": "\"sim_lidar_link\" passed to lookupTransform argument source_frame does not exist. "
    },
    {
      "source_ns": 31879000000,
      "available": false,
      "reason": "\"sim_lidar_link\" passed to lookupTransform argument source_frame does not exist. "
    },
    {
      "source_ns": 31945000000,
      "available": false,
      "reason": "\"sim_lidar_link\" passed to lookupTransform argument source_frame does not exist. "
    },
    {
      "source_ns": 32011000000,
      "available": false,
      "reason": "\"sim_lidar_link\" passed to lookupTransform argument source_frame does not exist. "
    },
    {
      "source_ns": 32077000000,
      "available": false,
      "reason": "\"sim_lidar_link\" passed to lookupTransform argument source_frame does not exist. "
    },
    {
      "source_ns": 32143000000,
      "available": false,
      "reason": "\"sim_lidar_link\" passed to lookupTransform argument source_frame does not exist. "
    },
    {
      "source_ns": 32209000000,
      "available": false,
      "reason": "\"sim_lidar_link\" passed to lookupTransform argument source_frame does not exist. "
    },
    {
      "source_ns": 32275000000,
      "available": false,
      "reason": "\"sim_lidar_link\" passed to lookupTransform argument source_frame does not exist. "
    },
    {
      "source_ns": 32341000000,
      "available": false,
      "reason": "\"sim_lidar_link\" passed to lookupTransform argument source_frame does not exist. "
    },
    {
      "source_ns": 32407000000,
      "available": false,
      "reason": "\"sim_lidar_link\" passed to lookupTransform argument source_frame does not exist. "
    },
    {
      "source_ns": 32473000000,
      "available": false,
      "reason": "\"sim_lidar_link\" passed to lookupTransform argument source_frame does not exist. "
    },
    {
      "source_ns": 32539000000,
      "available": false,
      "reason": "\"sim_lidar_link\" passed to lookupTransform argument source_frame does not exist. "
    },
    {
      "source_ns": 32605000000,
      "available": false,
      "reason": "\"sim_lidar_link\" passed to lookupTransform argument source_frame does not exist. "
    },
    {
      "source_ns": 32671000000,
      "available": false,
      "reason": "\"sim_lidar_link\" passed to lookupTransform argument source_frame does not exist. "
    },
    {
      "source_ns": 32737000000,
      "available": false,
      "reason": "\"sim_lidar_link\" passed to lookupTransform argument source_frame does not exist. "
    },
    {
      "source_ns": 32803000000,
      "available": false,
      "reason": "\"sim_lidar_link\" passed to lookupTransform argument source_frame does not exist. "
    },
    {
      "source_ns": 32869000000,
      "available": false,
      "reason": "\"sim_lidar_link\" passed to lookupTransform argument source_frame does not exist. "
    },
    {
      "source_ns": 32935000000,
      "available": false,
      "reason": "\"sim_lidar_link\" passed to lookupTransform argument source_frame does not exist. "
    },
    {
      "source_ns": 33001000000,
      "available": false,
      "reason": "\"sim_lidar_link\" passed to lookupTransform argument source_frame does not exist. "
    },
    {
      "source_ns": 33067000000,
      "available": false,
      "reason": "\"sim_lidar_link\" passed to lookupTransform argument source_frame does not exist. "
    },
    {
      "source_ns": 33133000000,
      "available": false,
      "reason": "\"sim_lidar_link\" passed to lookupTransform argument source_frame does not exist. "
    },
    {
      "source_ns": 33199000000,
      "available": false,
      "reason": "\"sim_lidar_link\" passed to lookupTransform argument source_frame does not exist. "
    },
    {
      "source_ns": 33265000000,
      "available": false,
      "reason": "\"sim_lidar_link\" passed to lookupTransform argument source_frame does not exist. "
    },
    {
      "source_ns": 33331000000,
      "available": false,
      "reason": "\"sim_lidar_link\" passed to lookupTransform argument source_frame does not exist. "
    },
    {
      "source_ns": 33397000000,
      "available": false,
      "reason": "\"sim_lidar_link\" passed to lookupTransform argument source_frame does not exist. "
    },
    {
      "source_ns": 33463000000,
      "available": false,
      "reason": "\"sim_lidar_link\" passed to lookupTransform argument source_frame does not exist. "
    },
    {
      "source_ns": 33529000000,
      "available": false,
      "reason": "\"sim_lidar_link\" passed to lookupTransform argument source_frame does not exist. "
    },
    {
      "source_ns": 33595000000,
      "available": false,
      "reason": "\"sim_lidar_link\" passed to lookupTransform argument source_frame does not exist. "
    },
    {
      "source_ns": 33661000000,
      "available": false,
      "reason": "\"sim_lidar_link\" passed to lookupTransform argument source_frame does not exist. "
    },
    {
      "source_ns": 33727000000,
      "available": false,
      "reason": "\"sim_lidar_link\" passed to lookupTransform argument source_frame does not exist. "
    },
    {
      "source_ns": 33793000000,
      "available": false,
      "reason": "\"sim_lidar_link\" passed to lookupTransform argument source_frame does not exist. "
    },
    {
      "source_ns": 33859000000,
      "available": false,
      "reason": "\"sim_lidar_link\" passed to lookupTransform argument source_frame does not exist. "
    },
    {
      "source_ns": 33925000000,
      "available": false,
      "reason": "\"sim_lidar_link\" passed to lookupTransform argument source_frame does not exist. "
    },
    {
      "source_ns": 33991000000,
      "available": false,
      "reason": "\"sim_lidar_link\" passed to lookupTransform argument source_frame does not exist. "
    },
    {
      "source_ns": 34057000000,
      "available": false,
      "reason": "\"sim_lidar_link\" passed to lookupTransform argument source_frame does not exist. "
    },
    {
      "source_ns": 34123000000,
      "available": false,
      "reason": "\"sim_lidar_link\" passed to lookupTransform argument source_frame does not exist. "
    },
    {
      "source_ns": 34189000000,
      "available": false,
      "reason": "\"sim_lidar_link\" passed to lookupTransform argument source_frame does not exist. "
    },
    {
      "source_ns": 34255000000,
      "available": false,
      "reason": "\"sim_lidar_link\" passed to lookupTransform argument source_frame does not exist. "
    },
    {
      "source_ns": 34321000000,
      "available": false,
      "reason": "\"sim_lidar_link\" passed to lookupTransform argument source_frame does not exist. "
    },
    {
      "source_ns": 34387000000,
      "available": false,
      "reason": "\"sim_lidar_link\" passed to lookupTransform argument source_frame does not exist. "
    },
    {
      "source_ns": 34453000000,
      "available": false,
      "reason": "\"sim_lidar_link\" passed to lookupTransform argument source_frame does not exist. "
    },
    {
      "source_ns": 34519000000,
      "available": false,
      "reason": "\"sim_lidar_link\" passed to lookupTransform argument source_frame does not exist. "
    },
    {
      "source_ns": 34585000000,
      "available": false,
      "reason": "\"sim_lidar_link\" passed to lookupTransform argument source_frame does not exist. "
    },
    {
      "source_ns": 34651000000,
      "available": false,
      "reason": "\"sim_lidar_link\" passed to lookupTransform argument source_frame does not exist. "
    },
    {
      "source_ns": 34717000000,
      "available": false,
      "reason": "\"sim_lidar_link\" passed to lookupTransform argument source_frame does not exist. "
    },
    {
      "source_ns": 34783000000,
      "available": false,
      "reason": "\"sim_lidar_link\" passed to lookupTransform argument source_frame does not exist. "
    },
    {
      "source_ns": 34849000000,
      "available": false,
      "reason": "\"sim_lidar_link\" passed to lookupTransform argument source_frame does not exist. "
    },
    {
      "source_ns": 34915000000,
      "available": false,
      "reason": "\"sim_lidar_link\" passed to lookupTransform argument source_frame does not exist. "
    },
    {
      "source_ns": 34981000000,
      "available": false,
      "reason": "\"sim_lidar_link\" passed to lookupTransform argument source_frame does not exist. "
    },
    {
      "source_ns": 35047000000,
      "available": false,
      "reason": "\"sim_lidar_link\" passed to lookupTransform argument source_frame does not exist. "
    },
    {
      "source_ns": 35113000000,
      "available": false,
      "reason": "\"sim_lidar_link\" passed to lookupTransform argument source_frame does not exist. "
    },
    {
      "source_ns": 35179000000,
      "available": false,
      "reason": "\"sim_lidar_link\" passed to lookupTransform argument source_frame does not exist. "
    },
    {
      "source_ns": 35245000000,
      "available": false,
      "reason": "\"sim_lidar_link\" passed to lookupTransform argument source_frame does not exist. "
    },
    {
      "source_ns": 35311000000,
      "available": false,
      "reason": "\"sim_lidar_link\" passed to lookupTransform argument source_frame does not exist. "
    },
    {
      "source_ns": 35377000000,
      "available": false,
      "reason": "\"sim_lidar_link\" passed to lookupTransform argument source_frame does not exist. "
    },
    {
      "source_ns": 35443000000,
      "available": false,
      "reason": "\"sim_lidar_link\" passed to lookupTransform argument source_frame does not exist. "
    },
    {
      "source_ns": 35509000000,
      "available": false,
      "reason": "\"sim_lidar_link\" passed to lookupTransform argument source_frame does not exist. "
    },
    {
      "source_ns": 35575000000,
      "available": false,
      "reason": "\"sim_lidar_link\" passed to lookupTransform argument source_frame does not exist. "
    },
    {
      "source_ns": 35641000000,
      "available": false,
      "reason": "\"sim_lidar_link\" passed to lookupTransform argument source_frame does not exist. "
    },
    {
      "source_ns": 35707000000,
      "available": false,
      "reason": "\"sim_lidar_link\" passed to lookupTransform argument source_frame does not exist. "
    },
    {
      "source_ns": 35773000000,
      "available": false,
      "reason": "\"sim_lidar_link\" passed to lookupTransform argument source_frame does not exist. "
    },
    {
      "source_ns": 35839000000,
      "available": false,
      "reason": "\"sim_lidar_link\" passed to lookupTransform argument source_frame does not exist. "
    },
    {
      "source_ns": 35905000000,
      "available": false,
      "reason": "\"sim_lidar_link\" passed to lookupTransform argument source_frame does not exist. "
    },
    {
      "source_ns": 35971000000,
      "available": false,
      "reason": "\"sim_lidar_link\" passed to lookupTransform argument source_frame does not exist. "
    },
    {
      "source_ns": 36037000000,
      "available": false,
      "reason": "\"sim_lidar_link\" passed to lookupTransform argument source_frame does not exist. "
    },
    {
      "source_ns": 36103000000,
      "available": false,
      "reason": "\"sim_lidar_link\" passed to lookupTransform argument source_frame does not exist. "
    },
    {
      "source_ns": 36169000000,
      "available": false,
      "reason": "\"sim_lidar_link\" passed to lookupTransform argument source_frame does not exist. "
    },
    {
      "source_ns": 36235000000,
      "available": false,
      "reason": "\"sim_lidar_link\" passed to lookupTransform argument source_frame does not exist. "
    },
    {
      "source_ns": 36301000000,
      "available": false,
      "reason": "\"sim_lidar_link\" passed to lookupTransform argument source_frame does not exist. "
    },
    {
      "source_ns": 36367000000,
      "available": false,
      "reason": "\"sim_lidar_link\" passed to lookupTransform argument source_frame does not exist. "
    },
    {
      "source_ns": 36433000000,
      "available": false,
      "reason": "\"sim_lidar_link\" passed to lookupTransform argument source_frame does not exist. "
    },
    {
      "source_ns": 36499000000,
      "available": false,
      "reason": "\"sim_lidar_link\" passed to lookupTransform argument source_frame does not exist. "
    },
    {
      "source_ns": 36565000000,
      "available": false,
      "reason": "\"sim_lidar_link\" passed to lookupTransform argument source_frame does not exist. "
    },
    {
      "source_ns": 36631000000,
      "available": false,
      "reason": "\"sim_lidar_link\" passed to lookupTransform argument source_frame does not exist. "
    },
    {
      "source_ns": 36697000000,
      "available": false,
      "reason": "\"sim_lidar_link\" passed to lookupTransform argument source_frame does not exist. "
    },
    {
      "source_ns": 36763000000,
      "available": false,
      "reason": "\"sim_lidar_link\" passed to lookupTransform argument source_frame does not exist. "
    },
    {
      "source_ns": 36829000000,
      "available": false,
      "reason": "\"sim_lidar_link\" passed to lookupTransform argument source_frame does not exist. "
    },
    {
      "source_ns": 36895000000,
      "available": false,
      "reason": "\"sim_lidar_link\" passed to lookupTransform argument source_frame does not exist. "
    },
    {
      "source_ns": 36961000000,
      "available": false,
      "reason": "\"sim_lidar_link\" passed to lookupTransform argument source_frame does not exist. "
    },
    {
      "source_ns": 37027000000,
      "available": false,
      "reason": "\"sim_lidar_link\" passed to lookupTransform argument source_frame does not exist. "
    },
    {
      "source_ns": 37093000000,
      "available": false,
      "reason": "\"sim_lidar_link\" passed to lookupTransform argument source_frame does not exist. "
    },
    {
      "source_ns": 37159000000,
      "available": false,
      "reason": "\"sim_lidar_link\" passed to lookupTransform argument source_frame does not exist. "
    },
    {
      "source_ns": 37225000000,
      "available": false,
      "reason": "\"sim_lidar_link\" passed to lookupTransform argument source_frame does not exist. "
    },
    {
      "source_ns": 37291000000,
      "available": false,
      "reason": "\"sim_lidar_link\" passed to lookupTransform argument source_frame does not exist. "
    },
    {
      "source_ns": 37357000000,
      "available": false,
      "reason": "\"sim_lidar_link\" passed to lookupTransform argument source_frame does not exist. "
    },
    {
      "source_ns": 37423000000,
      "available": false,
      "reason": "\"sim_lidar_link\" passed to lookupTransform argument source_frame does not exist. "
    },
    {
      "source_ns": 37489000000,
      "available": false,
      "reason": "\"sim_lidar_link\" passed to lookupTransform argument source_frame does not exist. "
    },
    {
      "source_ns": 37555000000,
      "available": false,
      "reason": "\"sim_lidar_link\" passed to lookupTransform argument source_frame does not exist. "
    },
    {
      "source_ns": 37621000000,
      "available": false,
      "reason": "\"sim_lidar_link\" passed to lookupTransform argument source_frame does not exist. "
    },
    {
      "source_ns": 37687000000,
      "available": false,
      "reason": "\"sim_lidar_link\" passed to lookupTransform argument source_frame does not exist. "
    },
    {
      "source_ns": 37753000000,
      "available": false,
      "reason": "\"sim_lidar_link\" passed to lookupTransform argument source_frame does not exist. "
    },
    {
      "source_ns": 37819000000,
      "available": false,
      "reason": "\"sim_lidar_link\" passed to lookupTransform argument source_frame does not exist. "
    },
    {
      "source_ns": 37885000000,
      "available": false,
      "reason": "\"sim_lidar_link\" passed to lookupTransform argument source_frame does not exist. "
    },
    {
      "source_ns": 37951000000,
      "available": false,
      "reason": "\"sim_lidar_link\" passed to lookupTransform argument source_frame does not exist. "
    },
    {
      "source_ns": 38017000000,
      "available": false,
      "reason": "\"sim_lidar_link\" passed to lookupTransform argument source_frame does not exist. "
    },
    {
      "source_ns": 38083000000,
      "available": false,
      "reason": "\"sim_lidar_link\" passed to lookupTransform argument source_frame does not exist. "
    },
    {
      "source_ns": 38149000000,
      "available": false,
      "reason": "\"sim_lidar_link\" passed to lookupTransform argument source_frame does not exist. "
    },
    {
      "source_ns": 38215000000,
      "available": false,
      "reason": "\"sim_lidar_link\" passed to lookupTransform argument source_frame does not exist. "
    },
    {
      "source_ns": 38281000000,
      "available": false,
      "reason": "\"sim_lidar_link\" passed to lookupTransform argument source_frame does not exist. "
    },
    {
      "source_ns": 38347000000,
      "available": false,
      "reason": "\"sim_lidar_link\" passed to lookupTransform argument source_frame does not exist. "
    },
    {
      "source_ns": 38413000000,
      "available": false,
      "reason": "\"sim_lidar_link\" passed to lookupTransform argument source_frame does not exist. "
    },
    {
      "source_ns": 38479000000,
      "available": false,
      "reason": "\"sim_lidar_link\" passed to lookupTransform argument source_frame does not exist. "
    },
    {
      "source_ns": 38545000000,
      "available": false,
      "reason": "\"sim_lidar_link\" passed to lookupTransform argument source_frame does not exist. "
    },
    {
      "source_ns": 38611000000,
      "available": false,
      "reason": "\"sim_lidar_link\" passed to lookupTransform argument source_frame does not exist. "
    },
    {
      "source_ns": 38677000000,
      "available": false,
      "reason": "\"sim_lidar_link\" passed to lookupTransform argument source_frame does not exist. "
    },
    {
      "source_ns": 38743000000,
      "available": false,
      "reason": "\"sim_lidar_link\" passed to lookupTransform argument source_frame does not exist. "
    },
    {
      "source_ns": 38809000000,
      "available": false,
      "reason": "\"sim_lidar_link\" passed to lookupTransform argument source_frame does not exist. "
    },
    {
      "source_ns": 38875000000,
      "available": false,
      "reason": "\"sim_lidar_link\" passed to lookupTransform argument source_frame does not exist. "
    },
    {
      "source_ns": 38941000000,
      "available": false,
      "reason": "\"sim_lidar_link\" passed to lookupTransform argument source_frame does not exist. "
    },
    {
      "source_ns": 39007000000,
      "available": false,
      "reason": "\"sim_lidar_link\" passed to lookupTransform argument source_frame does not exist. "
    },
    {
      "source_ns": 39073000000,
      "available": false,
      "reason": "\"sim_lidar_link\" passed to lookupTransform argument source_frame does not exist. "
    },
    {
      "source_ns": 39139000000,
      "available": false,
      "reason": "\"sim_lidar_link\" passed to lookupTransform argument source_frame does not exist. "
    },
    {
      "source_ns": 39205000000,
      "available": false,
      "reason": "\"sim_lidar_link\" passed to lookupTransform argument source_frame does not exist. "
    },
    {
      "source_ns": 39271000000,
      "available": false,
      "reason": "\"sim_lidar_link\" passed to lookupTransform argument source_frame does not exist. "
    },
    {
      "source_ns": 39337000000,
      "available": false,
      "reason": "\"sim_lidar_link\" passed to lookupTransform argument source_frame does not exist. "
    },
    {
      "source_ns": 39403000000,
      "available": false,
      "reason": "\"sim_lidar_link\" passed to lookupTransform argument source_frame does not exist. "
    },
    {
      "source_ns": 39469000000,
      "available": false,
      "reason": "\"sim_lidar_link\" passed to lookupTransform argument source_frame does not exist. "
    },
    {
      "source_ns": 39535000000,
      "available": false,
      "reason": "\"sim_lidar_link\" passed to lookupTransform argument source_frame does not exist. "
    },
    {
      "source_ns": 39601000000,
      "available": false,
      "reason": "\"sim_lidar_link\" passed to lookupTransform argument source_frame does not exist. "
    },
    {
      "source_ns": 39667000000,
      "available": false,
      "reason": "\"sim_lidar_link\" passed to lookupTransform argument source_frame does not exist. "
    },
    {
      "source_ns": 39733000000,
      "available": false,
      "reason": "\"sim_lidar_link\" passed to lookupTransform argument source_frame does not exist. "
    },
    {
      "source_ns": 39799000000,
      "available": false,
      "reason": "\"sim_lidar_link\" passed to lookupTransform argument source_frame does not exist. "
    },
    {
      "source_ns": 39865000000,
      "available": false,
      "reason": "\"sim_lidar_link\" passed to lookupTransform argument source_frame does not exist. "
    },
    {
      "source_ns": 39931000000,
      "available": false,
      "reason": "\"sim_lidar_link\" passed to lookupTransform argument source_frame does not exist. "
    },
    {
      "source_ns": 39997000000,
      "available": false,
      "reason": "\"sim_lidar_link\" passed to lookupTransform argument source_frame does not exist. "
    },
    {
      "source_ns": 40063000000,
      "available": false,
      "reason": "\"sim_lidar_link\" passed to lookupTransform argument source_frame does not exist. "
    },
    {
      "source_ns": 40129000000,
      "available": false,
      "reason": "\"sim_lidar_link\" passed to lookupTransform argument source_frame does not exist. "
    },
    {
      "source_ns": 40195000000,
      "available": false,
      "reason": "\"sim_lidar_link\" passed to lookupTransform argument source_frame does not exist. "
    },
    {
      "source_ns": 40261000000,
      "available": false,
      "reason": "\"sim_lidar_link\" passed to lookupTransform argument source_frame does not exist. "
    },
    {
      "source_ns": 40327000000,
      "available": false,
      "reason": "\"sim_lidar_link\" passed to lookupTransform argument source_frame does not exist. "
    },
    {
      "source_ns": 40393000000,
      "available": false,
      "reason": "\"sim_lidar_link\" passed to lookupTransform argument source_frame does not exist. "
    },
    {
      "source_ns": 40459000000,
      "available": false,
      "reason": "\"sim_lidar_link\" passed to lookupTransform argument source_frame does not exist. "
    },
    {
      "source_ns": 40525000000,
      "available": false,
      "reason": "\"sim_lidar_link\" passed to lookupTransform argument source_frame does not exist. "
    },
    {
      "source_ns": 40591000000,
      "available": false,
      "reason": "\"sim_lidar_link\" passed to lookupTransform argument source_frame does not exist. "
    },
    {
      "source_ns": 40657000000,
      "available": false,
      "reason": "\"sim_lidar_link\" passed to lookupTransform argument source_frame does not exist. "
    },
    {
      "source_ns": 40723000000,
      "available": false,
      "reason": "\"sim_lidar_link\" passed to lookupTransform argument source_frame does not exist. "
    },
    {
      "source_ns": 40789000000,
      "available": false,
      "reason": "\"sim_lidar_link\" passed to lookupTransform argument source_frame does not exist. "
    },
    {
      "source_ns": 40855000000,
      "available": false,
      "reason": "\"sim_lidar_link\" passed to lookupTransform argument source_frame does not exist. "
    },
    {
      "source_ns": 40921000000,
      "available": false,
      "reason": "\"sim_lidar_link\" passed to lookupTransform argument source_frame does not exist. "
    },
    {
      "source_ns": 40987000000,
      "available": false,
      "reason": "\"sim_lidar_link\" passed to lookupTransform argument source_frame does not exist. "
    },
    {
      "source_ns": 41053000000,
      "available": false,
      "reason": "\"sim_lidar_link\" passed to lookupTransform argument source_frame does not exist. "
    },
    {
      "source_ns": 41119000000,
      "available": false,
      "reason": "\"sim_lidar_link\" passed to lookupTransform argument source_frame does not exist. "
    },
    {
      "source_ns": 41185000000,
      "available": false,
      "reason": "\"sim_lidar_link\" passed to lookupTransform argument source_frame does not exist. "
    },
    {
      "source_ns": 41251000000,
      "available": false,
      "reason": "\"sim_lidar_link\" passed to lookupTransform argument source_frame does not exist. "
    },
    {
      "source_ns": 41317000000,
      "available": false,
      "reason": "\"sim_lidar_link\" passed to lookupTransform argument source_frame does not exist. "
    },
    {
      "source_ns": 41383000000,
      "available": false,
      "reason": "\"sim_lidar_link\" passed to lookupTransform argument source_frame does not exist. "
    },
    {
      "source_ns": 41449000000,
      "available": false,
      "reason": "\"sim_lidar_link\" passed to lookupTransform argument source_frame does not exist. "
    },
    {
      "source_ns": 41515000000,
      "available": false,
      "reason": "\"sim_lidar_link\" passed to lookupTransform argument source_frame does not exist. "
    },
    {
      "source_ns": 41581000000,
      "available": false,
      "reason": "\"sim_lidar_link\" passed to lookupTransform argument source_frame does not exist. "
    },
    {
      "source_ns": 41647000000,
      "available": false,
      "reason": "\"sim_lidar_link\" passed to lookupTransform argument source_frame does not exist. "
    },
    {
      "source_ns": 41713000000,
      "available": false,
      "reason": "\"sim_lidar_link\" passed to lookupTransform argument source_frame does not exist. "
    },
    {
      "source_ns": 41779000000,
      "available": false,
      "reason": "\"sim_lidar_link\" passed to lookupTransform argument source_frame does not exist. "
    },
    {
      "source_ns": 41845000000,
      "available": false,
      "reason": "\"sim_lidar_link\" passed to lookupTransform argument source_frame does not exist. "
    },
    {
      "source_ns": 41911000000,
      "available": false,
      "reason": "\"sim_lidar_link\" passed to lookupTransform argument source_frame does not exist. "
    },
    {
      "source_ns": 41977000000,
      "available": false,
      "reason": "\"sim_lidar_link\" passed to lookupTransform argument source_frame does not exist. "
    },
    {
      "source_ns": 42043000000,
      "available": false,
      "reason": "\"sim_lidar_link\" passed to lookupTransform argument source_frame does not exist. "
    },
    {
      "source_ns": 42109000000,
      "available": false,
      "reason": "\"sim_lidar_link\" passed to lookupTransform argument source_frame does not exist. "
    },
    {
      "source_ns": 42175000000,
      "available": false,
      "reason": "\"sim_lidar_link\" passed to lookupTransform argument source_frame does not exist. "
    },
    {
      "source_ns": 42241000000,
      "available": false,
      "reason": "\"sim_lidar_link\" passed to lookupTransform argument source_frame does not exist. "
    },
    {
      "source_ns": 42307000000,
      "available": false,
      "reason": "\"sim_lidar_link\" passed to lookupTransform argument source_frame does not exist. "
    },
    {
      "source_ns": 42373000000,
      "available": false,
      "reason": "\"sim_lidar_link\" passed to lookupTransform argument source_frame does not exist. "
    },
    {
      "source_ns": 42439000000,
      "available": false,
      "reason": "\"sim_lidar_link\" passed to lookupTransform argument source_frame does not exist. "
    },
    {
      "source_ns": 42505000000,
      "available": false,
      "reason": "\"sim_lidar_link\" passed to lookupTransform argument source_frame does not exist. "
    },
    {
      "source_ns": 42571000000,
      "available": false,
      "reason": "\"sim_lidar_link\" passed to lookupTransform argument source_frame does not exist. "
    },
    {
      "source_ns": 42637000000,
      "available": false,
      "reason": "\"sim_lidar_link\" passed to lookupTransform argument source_frame does not exist. "
    },
    {
      "source_ns": 42703000000,
      "available": false,
      "reason": "\"sim_lidar_link\" passed to lookupTransform argument source_frame does not exist. "
    },
    {
      "source_ns": 42769000000,
      "available": false,
      "reason": "\"sim_lidar_link\" passed to lookupTransform argument source_frame does not exist. "
    },
    {
      "source_ns": 42835000000,
      "available": false,
      "reason": "\"sim_lidar_link\" passed to lookupTransform argument source_frame does not exist. "
    },
    {
      "source_ns": 42901000000,
      "available": false,
      "reason": "\"sim_lidar_link\" passed to lookupTransform argument source_frame does not exist. "
    },
    {
      "source_ns": 42967000000,
      "available": false,
      "reason": "\"sim_lidar_link\" passed to lookupTransform argument source_frame does not exist. "
    },
    {
      "source_ns": 43033000000,
      "available": false,
      "reason": "\"sim_lidar_link\" passed to lookupTransform argument source_frame does not exist. "
    },
    {
      "source_ns": 43099000000,
      "available": false,
      "reason": "\"sim_lidar_link\" passed to lookupTransform argument source_frame does not exist. "
    },
    {
      "source_ns": 43165000000,
      "available": false,
      "reason": "\"sim_lidar_link\" passed to lookupTransform argument source_frame does not exist. "
    },
    {
      "source_ns": 43231000000,
      "available": false,
      "reason": "\"sim_lidar_link\" passed to lookupTransform argument source_frame does not exist. "
    },
    {
      "source_ns": 43297000000,
      "available": false,
      "reason": "\"sim_lidar_link\" passed to lookupTransform argument source_frame does not exist. "
    },
    {
      "source_ns": 43363000000,
      "available": false,
      "reason": "\"sim_lidar_link\" passed to lookupTransform argument source_frame does not exist. "
    },
    {
      "source_ns": 43429000000,
      "available": false,
      "reason": "\"sim_lidar_link\" passed to lookupTransform argument source_frame does not exist. "
    },
    {
      "source_ns": 43495000000,
      "available": false,
      "reason": "\"sim_lidar_link\" passed to lookupTransform argument source_frame does not exist. "
    },
    {
      "source_ns": 43561000000,
      "available": false,
      "reason": "\"sim_lidar_link\" passed to lookupTransform argument source_frame does not exist. "
    },
    {
      "source_ns": 43627000000,
      "available": false,
      "reason": "\"sim_lidar_link\" passed to lookupTransform argument source_frame does not exist. "
    },
    {
      "source_ns": 43693000000,
      "available": false,
      "reason": "\"sim_lidar_link\" passed to lookupTransform argument source_frame does not exist. "
    },
    {
      "source_ns": 43759000000,
      "available": false,
      "reason": "\"sim_lidar_link\" passed to lookupTransform argument source_frame does not exist. "
    },
    {
      "source_ns": 43825000000,
      "available": false,
      "reason": "\"sim_lidar_link\" passed to lookupTransform argument source_frame does not exist. "
    },
    {
      "source_ns": 43891000000,
      "available": false,
      "reason": "\"sim_lidar_link\" passed to lookupTransform argument source_frame does not exist. "
    },
    {
      "source_ns": 43957000000,
      "available": false,
      "reason": "\"sim_lidar_link\" passed to lookupTransform argument source_frame does not exist. "
    },
    {
      "source_ns": 44023000000,
      "available": false,
      "reason": "\"sim_lidar_link\" passed to lookupTransform argument source_frame does not exist. "
    },
    {
      "source_ns": 44089000000,
      "available": false,
      "reason": "\"sim_lidar_link\" passed to lookupTransform argument source_frame does not exist. "
    },
    {
      "source_ns": 44155000000,
      "available": false,
      "reason": "\"sim_lidar_link\" passed to lookupTransform argument source_frame does not exist. "
    },
    {
      "source_ns": 44221000000,
      "available": false,
      "reason": "\"sim_lidar_link\" passed to lookupTransform argument source_frame does not exist. "
    },
    {
      "source_ns": 44287000000,
      "available": false,
      "reason": "\"sim_lidar_link\" passed to lookupTransform argument source_frame does not exist. "
    },
    {
      "source_ns": 44353000000,
      "available": false,
      "reason": "\"sim_lidar_link\" passed to lookupTransform argument source_frame does not exist. "
    },
    {
      "source_ns": 44419000000,
      "available": false,
      "reason": "\"sim_lidar_link\" passed to lookupTransform argument source_frame does not exist. "
    },
    {
      "source_ns": 44485000000,
      "available": false,
      "reason": "\"sim_lidar_link\" passed to lookupTransform argument source_frame does not exist. "
    },
    {
      "source_ns": 44551000000,
      "available": false,
      "reason": "\"sim_lidar_link\" passed to lookupTransform argument source_frame does not exist. "
    },
    {
      "source_ns": 44617000000,
      "available": false,
      "reason": "\"sim_lidar_link\" passed to lookupTransform argument source_frame does not exist. "
    },
    {
      "source_ns": 44683000000,
      "available": false,
      "reason": "\"sim_lidar_link\" passed to lookupTransform argument source_frame does not exist. "
    },
    {
      "source_ns": 44749000000,
      "available": false,
      "reason": "\"sim_lidar_link\" passed to lookupTransform argument source_frame does not exist. "
    },
    {
      "source_ns": 44815000000,
      "available": false,
      "reason": "\"sim_lidar_link\" passed to lookupTransform argument source_frame does not exist. "
    },
    {
      "source_ns": 44881000000,
      "available": false,
      "reason": "\"sim_lidar_link\" passed to lookupTransform argument source_frame does not exist. "
    },
    {
      "source_ns": 44947000000,
      "available": false,
      "reason": "\"sim_lidar_link\" passed to lookupTransform argument source_frame does not exist. "
    },
    {
      "source_ns": 45013000000,
      "available": false,
      "reason": "\"sim_lidar_link\" passed to lookupTransform argument source_frame does not exist. "
    },
    {
      "source_ns": 45079000000,
      "available": false,
      "reason": "\"sim_lidar_link\" passed to lookupTransform argument source_frame does not exist. "
    },
    {
      "source_ns": 45145000000,
      "available": false,
      "reason": "\"sim_lidar_link\" passed to lookupTransform argument source_frame does not exist. "
    },
    {
      "source_ns": 45211000000,
      "available": false,
      "reason": "\"sim_lidar_link\" passed to lookupTransform argument source_frame does not exist. "
    },
    {
      "source_ns": 45277000000,
      "available": false,
      "reason": "\"sim_lidar_link\" passed to lookupTransform argument source_frame does not exist. "
    },
    {
      "source_ns": 45343000000,
      "available": false,
      "reason": "\"sim_lidar_link\" passed to lookupTransform argument source_frame does not exist. "
    },
    {
      "source_ns": 45409000000,
      "available": false,
      "reason": "\"sim_lidar_link\" passed to lookupTransform argument source_frame does not exist. "
    },
    {
      "source_ns": 45475000000,
      "available": false,
      "reason": "\"sim_lidar_link\" passed to lookupTransform argument source_frame does not exist. "
    },
    {
      "source_ns": 45541000000,
      "available": false,
      "reason": "\"sim_lidar_link\" passed to lookupTransform argument source_frame does not exist. "
    },
    {
      "source_ns": 45607000000,
      "available": false,
      "reason": "\"sim_lidar_link\" passed to lookupTransform argument source_frame does not exist. "
    },
    {
      "source_ns": 45673000000,
      "available": false,
      "reason": "\"sim_lidar_link\" passed to lookupTransform argument source_frame does not exist. "
    },
    {
      "source_ns": 45739000000,
      "available": false,
      "reason": "\"sim_lidar_link\" passed to lookupTransform argument source_frame does not exist. "
    },
    {
      "source_ns": 45805000000,
      "available": false,
      "reason": "\"sim_lidar_link\" passed to lookupTransform argument source_frame does not exist. "
    },
    {
      "source_ns": 45871000000,
      "available": false,
      "reason": "\"sim_lidar_link\" passed to lookupTransform argument source_frame does not exist. "
    },
    {
      "source_ns": 45937000000,
      "available": false,
      "reason": "\"sim_lidar_link\" passed to lookupTransform argument source_frame does not exist. "
    },
    {
      "source_ns": 46003000000,
      "available": false,
      "reason": "\"sim_lidar_link\" passed to lookupTransform argument source_frame does not exist. "
    },
    {
      "source_ns": 46069000000,
      "available": false,
      "reason": "\"sim_lidar_link\" passed to lookupTransform argument source_frame does not exist. "
    },
    {
      "source_ns": 46135000000,
      "available": false,
      "reason": "\"sim_lidar_link\" passed to lookupTransform argument source_frame does not exist. "
    },
    {
      "source_ns": 46201000000,
      "available": false,
      "reason": "\"sim_lidar_link\" passed to lookupTransform argument source_frame does not exist. "
    },
    {
      "source_ns": 46267000000,
      "available": false,
      "reason": "\"sim_lidar_link\" passed to lookupTransform argument source_frame does not exist. "
    },
    {
      "source_ns": 46333000000,
      "available": false,
      "reason": "\"sim_lidar_link\" passed to lookupTransform argument source_frame does not exist. "
    },
    {
      "source_ns": 46399000000,
      "available": false,
      "reason": "\"sim_lidar_link\" passed to lookupTransform argument source_frame does not exist. "
    },
    {
      "source_ns": 46465000000,
      "available": false,
      "reason": "\"sim_lidar_link\" passed to lookupTransform argument source_frame does not exist. "
    },
    {
      "source_ns": 46531000000,
      "available": false,
      "reason": "\"sim_lidar_link\" passed to lookupTransform argument source_frame does not exist. "
    },
    {
      "source_ns": 46597000000,
      "available": false,
      "reason": "\"sim_lidar_link\" passed to lookupTransform argument source_frame does not exist. "
    },
    {
      "source_ns": 46663000000,
      "available": false,
      "reason": "\"sim_lidar_link\" passed to lookupTransform argument source_frame does not exist. "
    },
    {
      "source_ns": 46729000000,
      "available": false,
      "reason": "\"sim_lidar_link\" passed to lookupTransform argument source_frame does not exist. "
    },
    {
      "source_ns": 46795000000,
      "available": false,
      "reason": "\"sim_lidar_link\" passed to lookupTransform argument source_frame does not exist. "
    },
    {
      "source_ns": 46861000000,
      "available": false,
      "reason": "\"sim_lidar_link\" passed to lookupTransform argument source_frame does not exist. "
    },
    {
      "source_ns": 46927000000,
      "available": false,
      "reason": "\"sim_lidar_link\" passed to lookupTransform argument source_frame does not exist. "
    },
    {
      "source_ns": 46993000000,
      "available": false,
      "reason": "\"sim_lidar_link\" passed to lookupTransform argument source_frame does not exist. "
    },
    {
      "source_ns": 47059000000,
      "available": false,
      "reason": "\"sim_lidar_link\" passed to lookupTransform argument source_frame does not exist. "
    },
    {
      "source_ns": 47125000000,
      "available": false,
      "reason": "\"sim_lidar_link\" passed to lookupTransform argument source_frame does not exist. "
    },
    {
      "source_ns": 47191000000,
      "available": false,
      "reason": "\"sim_lidar_link\" passed to lookupTransform argument source_frame does not exist. "
    },
    {
      "source_ns": 47257000000,
      "available": false,
      "reason": "\"sim_lidar_link\" passed to lookupTransform argument source_frame does not exist. "
    },
    {
      "source_ns": 47323000000,
      "available": false,
      "reason": "\"sim_lidar_link\" passed to lookupTransform argument source_frame does not exist. "
    },
    {
      "source_ns": 47389000000,
      "available": false,
      "reason": "\"sim_lidar_link\" passed to lookupTransform argument source_frame does not exist. "
    },
    {
      "source_ns": 47455000000,
      "available": false,
      "reason": "\"sim_lidar_link\" passed to lookupTransform argument source_frame does not exist. "
    },
    {
      "source_ns": 47521000000,
      "available": false,
      "reason": "\"sim_lidar_link\" passed to lookupTransform argument source_frame does not exist. "
    },
    {
      "source_ns": 47587000000,
      "available": false,
      "reason": "\"sim_lidar_link\" passed to lookupTransform argument source_frame does not exist. "
    },
    {
      "source_ns": 47653000000,
      "available": false,
      "reason": "\"sim_lidar_link\" passed to lookupTransform argument source_frame does not exist. "
    },
    {
      "source_ns": 47719000000,
      "available": false,
      "reason": "\"sim_lidar_link\" passed to lookupTransform argument source_frame does not exist. "
    },
    {
      "source_ns": 47785000000,
      "available": false,
      "reason": "\"sim_lidar_link\" passed to lookupTransform argument source_frame does not exist. "
    },
    {
      "source_ns": 47851000000,
      "available": false,
      "reason": "\"sim_lidar_link\" passed to lookupTransform argument source_frame does not exist. "
    },
    {
      "source_ns": 47917000000,
      "available": false,
      "reason": "\"sim_lidar_link\" passed to lookupTransform argument source_frame does not exist. "
    },
    {
      "source_ns": 47983000000,
      "available": false,
      "reason": "\"sim_lidar_link\" passed to lookupTransform argument source_frame does not exist. "
    },
    {
      "source_ns": 48049000000,
      "available": false,
      "reason": "\"sim_lidar_link\" passed to lookupTransform argument source_frame does not exist. "
    },
    {
      "source_ns": 48115000000,
      "available": false,
      "reason": "\"sim_lidar_link\" passed to lookupTransform argument source_frame does not exist. "
    },
    {
      "source_ns": 48181000000,
      "available": false,
      "reason": "\"sim_lidar_link\" passed to lookupTransform argument source_frame does not exist. "
    },
    {
      "source_ns": 48247000000,
      "available": false,
      "reason": "\"sim_lidar_link\" passed to lookupTransform argument source_frame does not exist. "
    },
    {
      "source_ns": 48313000000,
      "available": false,
      "reason": "\"sim_lidar_link\" passed to lookupTransform argument source_frame does not exist. "
    },
    {
      "source_ns": 48379000000,
      "available": false,
      "reason": "\"sim_lidar_link\" passed to lookupTransform argument source_frame does not exist. "
    },
    {
      "source_ns": 48445000000,
      "available": false,
      "reason": "\"sim_lidar_link\" passed to lookupTransform argument source_frame does not exist. "
    },
    {
      "source_ns": 48511000000,
      "available": false,
      "reason": "\"sim_lidar_link\" passed to lookupTransform argument source_frame does not exist. "
    },
    {
      "source_ns": 48577000000,
      "available": false,
      "reason": "\"sim_lidar_link\" passed to lookupTransform argument source_frame does not exist. "
    },
    {
      "source_ns": 48643000000,
      "available": false,
      "reason": "\"sim_lidar_link\" passed to lookupTransform argument source_frame does not exist. "
    },
    {
      "source_ns": 48709000000,
      "available": false,
      "reason": "\"sim_lidar_link\" passed to lookupTransform argument source_frame does not exist. "
    },
    {
      "source_ns": 48775000000,
      "available": false,
      "reason": "\"sim_lidar_link\" passed to lookupTransform argument source_frame does not exist. "
    },
    {
      "source_ns": 48841000000,
      "available": false,
      "reason": "\"sim_lidar_link\" passed to lookupTransform argument source_frame does not exist. "
    },
    {
      "source_ns": 48907000000,
      "available": false,
      "reason": "\"sim_lidar_link\" passed to lookupTransform argument source_frame does not exist. "
    },
    {
      "source_ns": 48973000000,
      "available": false,
      "reason": "\"sim_lidar_link\" passed to lookupTransform argument source_frame does not exist. "
    },
    {
      "source_ns": 49039000000,
      "available": false,
      "reason": "\"sim_lidar_link\" passed to lookupTransform argument source_frame does not exist. "
    },
    {
      "source_ns": 49105000000,
      "available": false,
      "reason": "\"sim_lidar_link\" passed to lookupTransform argument source_frame does not exist. "
    },
    {
      "source_ns": 49171000000,
      "available": false,
      "reason": "\"sim_lidar_link\" passed to lookupTransform argument source_frame does not exist. "
    },
    {
      "source_ns": 49237000000,
      "available": false,
      "reason": "\"sim_lidar_link\" passed to lookupTransform argument source_frame does not exist. "
    },
    {
      "source_ns": 49303000000,
      "available": false,
      "reason": "\"sim_lidar_link\" passed to lookupTransform argument source_frame does not exist. "
    },
    {
      "source_ns": 49369000000,
      "available": false,
      "reason": "\"sim_lidar_link\" passed to lookupTransform argument source_frame does not exist. "
    },
    {
      "source_ns": 49435000000,
      "available": false,
      "reason": "\"sim_lidar_link\" passed to lookupTransform argument source_frame does not exist. "
    },
    {
      "source_ns": 49501000000,
      "available": false,
      "reason": "\"sim_lidar_link\" passed to lookupTransform argument source_frame does not exist. "
    },
    {
      "source_ns": 49567000000,
      "available": false,
      "reason": "\"sim_lidar_link\" passed to lookupTransform argument source_frame does not exist. "
    },
    {
      "source_ns": 49633000000,
      "available": false,
      "reason": "\"sim_lidar_link\" passed to lookupTransform argument source_frame does not exist. "
    },
    {
      "source_ns": 49699000000,
      "available": false,
      "reason": "\"sim_lidar_link\" passed to lookupTransform argument source_frame does not exist. "
    },
    {
      "source_ns": 49765000000,
      "available": false,
      "reason": "\"sim_lidar_link\" passed to lookupTransform argument source_frame does not exist. "
    },
    {
      "source_ns": 49831000000,
      "available": false,
      "reason": "\"sim_lidar_link\" passed to lookupTransform argument source_frame does not exist. "
    },
    {
      "source_ns": 49897000000,
      "available": false,
      "reason": "\"sim_lidar_link\" passed to lookupTransform argument source_frame does not exist. "
    },
    {
      "source_ns": 49963000000,
      "available": false,
      "reason": "\"sim_lidar_link\" passed to lookupTransform argument source_frame does not exist. "
    },
    {
      "source_ns": 50029000000,
      "available": false,
      "reason": "\"sim_lidar_link\" passed to lookupTransform argument source_frame does not exist. "
    },
    {
      "source_ns": 50095000000,
      "available": false,
      "reason": "\"sim_lidar_link\" passed to lookupTransform argument source_frame does not exist. "
    },
    {
      "source_ns": 50161000000,
      "available": false,
      "reason": "\"sim_lidar_link\" passed to lookupTransform argument source_frame does not exist. "
    },
    {
      "source_ns": 50227000000,
      "available": false,
      "reason": "\"sim_lidar_link\" passed to lookupTransform argument source_frame does not exist. "
    },
    {
      "source_ns": 50293000000,
      "available": false,
      "reason": "\"sim_lidar_link\" passed to lookupTransform argument source_frame does not exist. "
    },
    {
      "source_ns": 50359000000,
      "available": false,
      "reason": "\"sim_lidar_link\" passed to lookupTransform argument source_frame does not exist. "
    }
  ],
  "method": "Recorded canonical /tf and /tf_static only, exact source epoch, bounded interpolation; oracle excluded"
}
