        33:	find library=libmppi_controller.so [0]; searching
        33:	 search path=/work/dynamic_prediction_trace_head_20260929/install/rm_dynamic_prediction_critic/lib/glibc-hwcaps/x86-64-v3:/work/dynamic_prediction_trace_head_20260929/install/rm_dynamic_prediction_critic/lib/glibc-hwcaps/x86-64-v2:/work/dynamic_prediction_trace_head_20260929/install/rm_dynamic_prediction_critic/lib/tls/haswell/x86_64:/work/dynamic_prediction_trace_head_20260929/install/rm_dynamic_prediction_critic/lib/tls/haswell:/work/dynamic_prediction_trace_head_20260929/install/rm_dynamic_prediction_critic/lib/tls/x86_64:/work/dynamic_prediction_trace_head_20260929/install/rm_dynamic_prediction_critic/lib/tls:/work/dynamic_prediction_trace_head_20260929/install/rm_dynamic_prediction_critic/lib/haswell/x86_64:/work/dynamic_prediction_trace_head_20260929/install/rm_dynamic_prediction_critic/lib/haswell:/work/dynamic_prediction_trace_head_20260929/install/rm_dynamic_prediction_critic/lib/x86_64:/work/dynamic_prediction_trace_head_20260929/install/rm_dynamic_prediction_critic/lib:/work/dynamic_prediction_trace_head_20260929/install/nav2_mppi_controller/lib/glibc-hwcaps/x86-64-v3:/work/dynamic_prediction_trace_head_20260929/install/nav2_mppi_controller/lib/glibc-hwcaps/x86-64-v2:/work/dynamic_prediction_trace_head_20260929/install/nav2_mppi_controller/lib/tls/haswell/x86_64:/work/dynamic_prediction_trace_head_20260929/install/nav2_mppi_controller/lib/tls/haswell:/work/dynamic_prediction_trace_head_20260929/install/nav2_mppi_controller/lib/tls/x86_64:/work/dynamic_prediction_trace_head_20260929/install/nav2_mppi_controller/lib/tls:/work/dynamic_prediction_trace_head_20260929/install/nav2_mppi_controller/lib/haswell/x86_64:/work/dynamic_prediction_trace_head_20260929/install/nav2_mppi_controller/lib/haswell:/work/dynamic_prediction_trace_head_20260929/install/nav2_mppi_controller/lib/x86_64:/work/dynamic_prediction_trace_head_20260929/install/nav2_mppi_controller/lib:/ws/build/dynamic_prediction_runtime_head_20260929/install/rm_competition_interfaces/lib/glibc-hwcaps/x86-64-v3:/ws/build/dynamic_prediction_runtime_head_20260929/install/rm_competition_interfaces/lib/glibc-hwcaps/x86-64-v2:/ws/build/dynamic_prediction_runtime_head_20260929/install/rm_competition_interfaces/lib/tls/haswell/x86_64:/ws/build/dynamic_prediction_runtime_head_20260929/install/rm_competition_interfaces/lib/tls/haswell:/ws/build/dynamic_prediction_runtime_head_20260929/install/rm_competition_interfaces/lib/tls/x86_64:/ws/build/dynamic_prediction_runtime_head_20260929/install/rm_competition_interfaces/lib/tls:/ws/build/dynamic_prediction_runtime_head_20260929/install/rm_competition_interfaces/lib/haswell/x86_64:/ws/build/dynamic_prediction_runtime_head_20260929/install/rm_competition_interfaces/lib/haswell:/ws/build/dynamic_prediction_runtime_head_20260929/install/rm_competition_interfaces/lib/x86_64:/ws/build/dynamic_prediction_runtime_head_20260929/install/rm_competition_interfaces/lib:/work/dynamic_prediction_runtime_head_20260929/install/rm_competition_interfaces/lib/glibc-hwcaps/x86-64-v3:/work/dynamic_prediction_runtime_head_20260929/install/rm_competition_interfaces/lib/glibc-hwcaps/x86-64-v2:/work/dynamic_prediction_runtime_head_20260929/install/rm_competition_interfaces/lib/tls/haswell/x86_64:/work/dynamic_prediction_runtime_head_20260929/install/rm_competition_interfaces/lib/tls/haswell:/work/dynamic_prediction_runtime_head_20260929/install/rm_competition_interfaces/lib/tls/x86_64:/work/dynamic_prediction_runtime_head_20260929/install/rm_competition_interfaces/lib/tls:/work/dynamic_prediction_runtime_head_20260929/install/rm_competition_interfaces/lib/haswell/x86_64:/work/dynamic_prediction_runtime_head_20260929/install/rm_competition_interfaces/lib/haswell:/work/dynamic_prediction_runtime_head_20260929/install/rm_competition_interfaces/lib/x86_64:/work/dynamic_prediction_runtime_head_20260929/install/rm_competition_interfaces/lib:/opt/ros/humble/opt/rviz_ogre_vendor/lib/glibc-hwcaps/x86-64-v3:/opt/ros/humble/opt/rviz_ogre_vendor/lib/glibc-hwcaps/x86-64-v2:/opt/ros/humble/opt/rviz_ogre_vendor/lib/tls/haswell/x86_64:/opt/ros/humble/opt/rviz_ogre_vendor/lib/tls/haswell:/opt/ros/humble/opt/rviz_ogre_vendor/lib/tls/x86_64:/opt/ros/humble/opt/rviz_ogre_vendor/lib/tls:/opt/ros/humble/opt/rviz_ogre_vendor/lib/haswell/x86_64:/opt/ros/humble/opt/rviz_ogre_vendor/lib/haswell:/opt/ros/humble/opt/rviz_ogre_vendor/lib/x86_64:/opt/ros/humble/opt/rviz_ogre_vendor/lib:/opt/ros/humble/lib/x86_64-linux-gnu/glibc-hwcaps/x86-64-v3:/opt/ros/humble/lib/x86_64-linux-gnu/glibc-hwcaps/x86-64-v2:/opt/ros/humble/lib/x86_64-linux-gnu/tls/haswell/x86_64:/opt/ros/humble/lib/x86_64-linux-gnu/tls/haswell:/opt/ros/humble/lib/x86_64-linux-gnu/tls/x86_64:/opt/ros/humble/lib/x86_64-linux-gnu/tls:/opt/ros/humble/lib/x86_64-linux-gnu/haswell/x86_64:/opt/ros/humble/lib/x86_64-linux-gnu/haswell:/opt/ros/humble/lib/x86_64-linux-gnu/x86_64:/opt/ros/humble/lib/x86_64-linux-gnu:/opt/ros/humble/opt/openvdb_vendor/lib/glibc-hwcaps/x86-64-v3:/opt/ros/humble/opt/openvdb_vendor/lib/glibc-hwcaps/x86-64-v2:/opt/ros/humble/opt/openvdb_vendor/lib/tls/haswell/x86_64:/opt/ros/humble/opt/openvdb_vendor/lib/tls/haswell:/opt/ros/humble/opt/openvdb_vendor/lib/tls/x86_64:/opt/ros/humble/opt/openvdb_vendor/lib/tls:/opt/ros/humble/opt/openvdb_vendor/lib/haswell/x86_64:/opt/ros/humble/opt/openvdb_vendor/lib/haswell:/opt/ros/humble/opt/openvdb_vendor/lib/x86_64:/opt/ros/humble/opt/openvdb_vendor/lib:/opt/ros/humble/lib/glibc-hwcaps/x86-64-v3:/opt/ros/humble/lib/glibc-hwcaps/x86-64-v2:/opt/ros/humble/lib/tls/haswell/x86_64:/opt/ros/humble/lib/tls/haswell:/opt/ros/humble/lib/tls/x86_64:/opt/ros/humble/lib/tls:/opt/ros/humble/lib/haswell/x86_64:/opt/ros/humble/lib/haswell:/opt/ros/humble/lib/x86_64:/opt/ros/humble/lib		(LD_LIBRARY_PATH)
        33:	  trying file=/work/dynamic_prediction_trace_head_20260929/install/rm_dynamic_prediction_critic/lib/glibc-hwcaps/x86-64-v3/libmppi_controller.so
        33:	  trying file=/work/dynamic_prediction_trace_head_20260929/install/rm_dynamic_prediction_critic/lib/glibc-hwcaps/x86-64-v2/libmppi_controller.so
        33:	  trying file=/work/dynamic_prediction_trace_head_20260929/install/rm_dynamic_prediction_critic/lib/tls/haswell/x86_64/libmppi_controller.so
        33:	  trying file=/work/dynamic_prediction_trace_head_20260929/install/rm_dynamic_prediction_critic/lib/tls/haswell/libmppi_controller.so
        33:	  trying file=/work/dynamic_prediction_trace_head_20260929/install/rm_dynamic_prediction_critic/lib/tls/x86_64/libmppi_controller.so
        33:	  trying file=/work/dynamic_prediction_trace_head_20260929/install/rm_dynamic_prediction_critic/lib/tls/libmppi_controller.so
        33:	  trying file=/work/dynamic_prediction_trace_head_20260929/install/rm_dynamic_prediction_critic/lib/haswell/x86_64/libmppi_controller.so
        33:	  trying file=/work/dynamic_prediction_trace_head_20260929/install/rm_dynamic_prediction_critic/lib/haswell/libmppi_controller.so
        33:	  trying file=/work/dynamic_prediction_trace_head_20260929/install/rm_dynamic_prediction_critic/lib/x86_64/libmppi_controller.so
        33:	  trying file=/work/dynamic_prediction_trace_head_20260929/install/rm_dynamic_prediction_critic/lib/libmppi_controller.so
        33:	  trying file=/work/dynamic_prediction_trace_head_20260929/install/nav2_mppi_controller/lib/glibc-hwcaps/x86-64-v3/libmppi_controller.so
        33:	  trying file=/work/dynamic_prediction_trace_head_20260929/install/nav2_mppi_controller/lib/glibc-hwcaps/x86-64-v2/libmppi_controller.so
        33:	  trying file=/work/dynamic_prediction_trace_head_20260929/install/nav2_mppi_controller/lib/tls/haswell/x86_64/libmppi_controller.so
        33:	  trying file=/work/dynamic_prediction_trace_head_20260929/install/nav2_mppi_controller/lib/tls/haswell/libmppi_controller.so
        33:	  trying file=/work/dynamic_prediction_trace_head_20260929/install/nav2_mppi_controller/lib/tls/x86_64/libmppi_controller.so
        33:	  trying file=/work/dynamic_prediction_trace_head_20260929/install/nav2_mppi_controller/lib/tls/libmppi_controller.so
        33:	  trying file=/work/dynamic_prediction_trace_head_20260929/install/nav2_mppi_controller/lib/haswell/x86_64/libmppi_controller.so
        33:	  trying file=/work/dynamic_prediction_trace_head_20260929/install/nav2_mppi_controller/lib/haswell/libmppi_controller.so
        33:	  trying file=/work/dynamic_prediction_trace_head_20260929/install/nav2_mppi_controller/lib/x86_64/libmppi_controller.so
        33:	  trying file=/work/dynamic_prediction_trace_head_20260929/install/nav2_mppi_controller/lib/libmppi_controller.so
        33:	
        33:	find library=libnav2_costmap_2d_core.so [0]; searching
        33:	 search path=/work/dynamic_prediction_trace_head_20260929/install/rm_dynamic_prediction_critic/lib:/work/dynamic_prediction_trace_head_20260929/install/nav2_mppi_controller/lib:/ws/build/dynamic_prediction_runtime_head_20260929/install/rm_competition_interfaces/lib/glibc-hwcaps/x86-64-v3:/ws/build/dynamic_prediction_runtime_head_20260929/install/rm_competition_interfaces/lib/glibc-hwcaps/x86-64-v2:/ws/build/dynamic_prediction_runtime_head_20260929/install/rm_competition_interfaces/lib/tls/haswell/x86_64:/ws/build/dynamic_prediction_runtime_head_20260929/install/rm_competition_interfaces/lib/tls/haswell:/ws/build/dynamic_prediction_runtime_head_20260929/install/rm_competition_interfaces/lib/tls/x86_64:/ws/build/dynamic_prediction_runtime_head_20260929/install/rm_competition_interfaces/lib/tls:/ws/build/dynamic_prediction_runtime_head_20260929/install/rm_competition_interfaces/lib/haswell/x86_64:/ws/build/dynamic_prediction_runtime_head_20260929/install/rm_competition_interfaces/lib/haswell:/ws/build/dynamic_prediction_runtime_head_20260929/install/rm_competition_interfaces/lib/x86_64:/ws/build/dynamic_prediction_runtime_head_20260929/install/rm_competition_interfaces/lib:/work/dynamic_prediction_runtime_head_20260929/install/rm_competition_interfaces/lib/glibc-hwcaps/x86-64-v3:/work/dynamic_prediction_runtime_head_20260929/install/rm_competition_interfaces/lib/glibc-hwcaps/x86-64-v2:/work/dynamic_prediction_runtime_head_20260929/install/rm_competition_interfaces/lib/tls/haswell/x86_64:/work/dynamic_prediction_runtime_head_20260929/install/rm_competition_interfaces/lib/tls/haswell:/work/dynamic_prediction_runtime_head_20260929/install/rm_competition_interfaces/lib/tls/x86_64:/work/dynamic_prediction_runtime_head_20260929/install/rm_competition_interfaces/lib/tls:/work/dynamic_prediction_runtime_head_20260929/install/rm_competition_interfaces/lib/haswell/x86_64:/work/dynamic_prediction_runtime_head_20260929/install/rm_competition_interfaces/lib/haswell:/work/dynamic_prediction_runtime_head_20260929/install/rm_competition_interfaces/lib/x86_64:/work/dynamic_prediction_runtime_head_20260929/install/rm_competition_interfaces/lib:/opt/ros/humble/opt/rviz_ogre_vendor/lib/glibc-hwcaps/x86-64-v3:/opt/ros/humble/opt/rviz_ogre_vendor/lib/glibc-hwcaps/x86-64-v2:/opt/ros/humble/opt/rviz_ogre_vendor/lib/tls/haswell/x86_64:/opt/ros/humble/opt/rviz_ogre_vendor/lib/tls/haswell:/opt/ros/humble/opt/rviz_ogre_vendor/lib/tls/x86_64:/opt/ros/humble/opt/rviz_ogre_vendor/lib/tls:/opt/ros/humble/opt/rviz_ogre_vendor/lib/haswell/x86_64:/opt/ros/humble/opt/rviz_ogre_vendor/lib/haswell:/opt/ros/humble/opt/rviz_ogre_vendor/lib/x86_64:/opt/ros/humble/opt/rviz_ogre_vendor/lib:/opt/ros/humble/lib/x86_64-linux-gnu/glibc-hwcaps/x86-64-v3:/opt/ros/humble/lib/x86_64-linux-gnu/glibc-hwcaps/x86-64-v2:/opt/ros/humble/lib/x86_64-linux-gnu/tls/haswell/x86_64:/opt/ros/humble/lib/x86_64-linux-gnu/tls/haswell:/opt/ros/humble/lib/x86_64-linux-gnu/tls/x86_64:/opt/ros/humble/lib/x86_64-linux-gnu/tls:/opt/ros/humble/lib/x86_64-linux-gnu/haswell/x86_64:/opt/ros/humble/lib/x86_64-linux-gnu/haswell:/opt/ros/humble/lib/x86_64-linux-gnu/x86_64:/opt/ros/humble/lib/x86_64-linux-gnu:/opt/ros/humble/opt/openvdb_vendor/lib/glibc-hwcaps/x86-64-v3:/opt/ros/humble/opt/openvdb_vendor/lib/glibc-hwcaps/x86-64-v2:/opt/ros/humble/opt/openvdb_vendor/lib/tls/haswell/x86_64:/opt/ros/humble/opt/openvdb_vendor/lib/tls/haswell:/opt/ros/humble/opt/openvdb_vendor/lib/tls/x86_64:/opt/ros/humble/opt/openvdb_vendor/lib/tls:/opt/ros/humble/opt/openvdb_vendor/lib/haswell/x86_64:/opt/ros/humble/opt/openvdb_vendor/lib/haswell:/opt/ros/humble/opt/openvdb_vendor/lib/x86_64:/opt/ros/humble/opt/openvdb_vendor/lib:/opt/ros/humble/lib/glibc-hwcaps/x86-64-v3:/opt/ros/humble/lib/glibc-hwcaps/x86-64-v2:/opt/ros/humble/lib/tls/haswell/x86_64:/opt/ros/humble/lib/tls/haswell:/opt/ros/humble/lib/tls/x86_64:/opt/ros/humble/lib/tls:/opt/ros/humble/lib/haswell/x86_64:/opt/ros/humble/lib/haswell:/opt/ros/humble/lib/x86_64:/opt/ros/humble/lib		(LD_LIBRARY_PATH)
        33:	  trying file=/work/dynamic_prediction_trace_head_20260929/install/rm_dynamic_prediction_critic/lib/libnav2_costmap_2d_core.so
        33:	  trying file=/work/dynamic_prediction_trace_head_20260929/install/nav2_mppi_controller/lib/libnav2_costmap_2d_core.so
        33:	  trying file=/ws/build/dynamic_prediction_runtime_head_20260929/install/rm_competition_interfaces/lib/glibc-hwcaps/x86-64-v3/libnav2_costmap_2d_core.so
        33:	  trying file=/ws/build/dynamic_prediction_runtime_head_20260929/install/rm_competition_interfaces/lib/glibc-hwcaps/x86-64-v2/libnav2_costmap_2d_core.so
        33:	  trying file=/ws/build/dynamic_prediction_runtime_head_20260929/install/rm_competition_interfaces/lib/tls/haswell/x86_64/libnav2_costmap_2d_core.so
        33:	  trying file=/ws/build/dynamic_prediction_runtime_head_20260929/install/rm_competition_interfaces/lib/tls/haswell/libnav2_costmap_2d_core.so
        33:	  trying file=/ws/build/dynamic_prediction_runtime_head_20260929/install/rm_competition_interfaces/lib/tls/x86_64/libnav2_costmap_2d_core.so
        33:	  trying file=/ws/build/dynamic_prediction_runtime_head_20260929/install/rm_competition_interfaces/lib/tls/libnav2_costmap_2d_core.so
        33:	  trying file=/ws/build/dynamic_prediction_runtime_head_20260929/install/rm_competition_interfaces/lib/haswell/x86_64/libnav2_costmap_2d_core.so
        33:	  trying file=/ws/build/dynamic_prediction_runtime_head_20260929/install/rm_competition_interfaces/lib/haswell/libnav2_costmap_2d_core.so
        33:	  trying file=/ws/build/dynamic_prediction_runtime_head_20260929/install/rm_competition_interfaces/lib/x86_64/libnav2_costmap_2d_core.so
        33:	  trying file=/ws/build/dynamic_prediction_runtime_head_20260929/install/rm_competition_interfaces/lib/libnav2_costmap_2d_core.so
        33:	  trying file=/work/dynamic_prediction_runtime_head_20260929/install/rm_competition_interfaces/lib/glibc-hwcaps/x86-64-v3/libnav2_costmap_2d_core.so
        33:	  trying file=/work/dynamic_prediction_runtime_head_20260929/install/rm_competition_interfaces/lib/glibc-hwcaps/x86-64-v2/libnav2_costmap_2d_core.so
        33:	  trying file=/work/dynamic_prediction_runtime_head_20260929/install/rm_competition_interfaces/lib/tls/haswell/x86_64/libnav2_costmap_2d_core.so
        33:	  trying file=/work/dynamic_prediction_runtime_head_20260929/install/rm_competition_interfaces/lib/tls/haswell/libnav2_costmap_2d_core.so
        33:	  trying file=/work/dynamic_prediction_runtime_head_20260929/install/rm_competition_interfaces/lib/tls/x86_64/libnav2_costmap_2d_core.so
        33:	  trying file=/work/dynamic_prediction_runtime_head_20260929/install/rm_competition_interfaces/lib/tls/libnav2_costmap_2d_core.so
        33:	  trying file=/work/dynamic_prediction_runtime_head_20260929/install/rm_competition_interfaces/lib/haswell/x86_64/libnav2_costmap_2d_core.so
        33:	  trying file=/work/dynamic_prediction_runtime_head_20260929/install/rm_competition_interfaces/lib/haswell/libnav2_costmap_2d_core.so
        33:	  trying file=/work/dynamic_prediction_runtime_head_20260929/install/rm_competition_interfaces/lib/x86_64/libnav2_costmap_2d_core.so
        33:	  trying file=/work/dynamic_prediction_runtime_head_20260929/install/rm_competition_interfaces/lib/libnav2_costmap_2d_core.so
        33:	  trying file=/opt/ros/humble/opt/rviz_ogre_vendor/lib/glibc-hwcaps/x86-64-v3/libnav2_costmap_2d_core.so
        33:	  trying file=/opt/ros/humble/opt/rviz_ogre_vendor/lib/glibc-hwcaps/x86-64-v2/libnav2_costmap_2d_core.so
        33:	  trying file=/opt/ros/humble/opt/rviz_ogre_vendor/lib/tls/haswell/x86_64/libnav2_costmap_2d_core.so
        33:	  trying file=/opt/ros/humble/opt/rviz_ogre_vendor/lib/tls/haswell/libnav2_costmap_2d_core.so
        33:	  trying file=/opt/ros/humble/opt/rviz_ogre_vendor/lib/tls/x86_64/libnav2_costmap_2d_core.so
        33:	  trying file=/opt/ros/humble/opt/rviz_ogre_vendor/lib/tls/libnav2_costmap_2d_core.so
        33:	  trying file=/opt/ros/humble/opt/rviz_ogre_vendor/lib/haswell/x86_64/libnav2_costmap_2d_core.so
        33:	  trying file=/opt/ros/humble/opt/rviz_ogre_vendor/lib/haswell/libnav2_costmap_2d_core.so
        33:	  trying file=/opt/ros/humble/opt/rviz_ogre_vendor/lib/x86_64/libnav2_costmap_2d_core.so
        33:	  trying file=/opt/ros/humble/opt/rviz_ogre_vendor/lib/libnav2_costmap_2d_core.so
        33:	  trying file=/opt/ros/humble/lib/x86_64-linux-gnu/glibc-hwcaps/x86-64-v3/libnav2_costmap_2d_core.so
        33:	  trying file=/opt/ros/humble/lib/x86_64-linux-gnu/glibc-hwcaps/x86-64-v2/libnav2_costmap_2d_core.so
        33:	  trying file=/opt/ros/humble/lib/x86_64-linux-gnu/tls/haswell/x86_64/libnav2_costmap_2d_core.so
        33:	  trying file=/opt/ros/humble/lib/x86_64-linux-gnu/tls/haswell/libnav2_costmap_2d_core.so
        33:	  trying file=/opt/ros/humble/lib/x86_64-linux-gnu/tls/x86_64/libnav2_costmap_2d_core.so
        33:	  trying file=/opt/ros/humble/lib/x86_64-linux-gnu/tls/libnav2_costmap_2d_core.so
        33:	  trying file=/opt/ros/humble/lib/x86_64-linux-gnu/haswell/x86_64/libnav2_costmap_2d_core.so
        33:	  trying file=/opt/ros/humble/lib/x86_64-linux-gnu/haswell/libnav2_costmap_2d_core.so
        33:	  trying file=/opt/ros/humble/lib/x86_64-linux-gnu/x86_64/libnav2_costmap_2d_core.so
        33:	  trying file=/opt/ros/humble/lib/x86_64-linux-gnu/libnav2_costmap_2d_core.so
        33:	  trying file=/opt/ros/humble/opt/openvdb_vendor/lib/glibc-hwcaps/x86-64-v3/libnav2_costmap_2d_core.so
        33:	  trying file=/opt/ros/humble/opt/openvdb_vendor/lib/glibc-hwcaps/x86-64-v2/libnav2_costmap_2d_core.so
        33:	  trying file=/opt/ros/humble/opt/openvdb_vendor/lib/tls/haswell/x86_64/libnav2_costmap_2d_core.so
        33:	  trying file=/opt/ros/humble/opt/openvdb_vendor/lib/tls/haswell/libnav2_costmap_2d_core.so
        33:	  trying file=/opt/ros/humble/opt/openvdb_vendor/lib/tls/x86_64/libnav2_costmap_2d_core.so
        33:	  trying file=/opt/ros/humble/opt/openvdb_vendor/lib/tls/libnav2_costmap_2d_core.so
        33:	  trying file=/opt/ros/humble/opt/openvdb_vendor/lib/haswell/x86_64/libnav2_costmap_2d_core.so
        33:	  trying file=/opt/ros/humble/opt/openvdb_vendor/lib/haswell/libnav2_costmap_2d_core.so
        33:	  trying file=/opt/ros/humble/opt/openvdb_vendor/lib/x86_64/libnav2_costmap_2d_core.so
        33:	  trying file=/opt/ros/humble/opt/openvdb_vendor/lib/libnav2_costmap_2d_core.so
        33:	  trying file=/opt/ros/humble/lib/glibc-hwcaps/x86-64-v3/libnav2_costmap_2d_core.so
        33:	  trying file=/opt/ros/humble/lib/glibc-hwcaps/x86-64-v2/libnav2_costmap_2d_core.so
        33:	  trying file=/opt/ros/humble/lib/tls/haswell/x86_64/libnav2_costmap_2d_core.so
        33:	  trying file=/opt/ros/humble/lib/tls/haswell/libnav2_costmap_2d_core.so
        33:	  trying file=/opt/ros/humble/lib/tls/x86_64/libnav2_costmap_2d_core.so
        33:	  trying file=/opt/ros/humble/lib/tls/libnav2_costmap_2d_core.so
        33:	  trying file=/opt/ros/humble/lib/haswell/x86_64/libnav2_costmap_2d_core.so
        33:	  trying file=/opt/ros/humble/lib/haswell/libnav2_costmap_2d_core.so
        33:	  trying file=/opt/ros/humble/lib/x86_64/libnav2_costmap_2d_core.so
        33:	  trying file=/opt/ros/humble/lib/libnav2_costmap_2d_core.so
        33:	
        33:	find library=librcutils.so [0]; searching
        33:	 search path=/work/dynamic_prediction_trace_head_20260929/install/rm_dynamic_prediction_critic/lib:/work/dynamic_prediction_trace_head_20260929/install/nav2_mppi_controller/lib:/ws/build/dynamic_prediction_runtime_head_20260929/install/rm_competition_interfaces/lib:/work/dynamic_prediction_runtime_head_20260929/install/rm_competition_interfaces/lib:/opt/ros/humble/opt/rviz_ogre_vendor/lib:/opt/ros/humble/lib/x86_64-linux-gnu:/opt/ros/humble/opt/openvdb_vendor/lib:/opt/ros/humble/lib		(LD_LIBRARY_PATH)
        33:	  trying file=/work/dynamic_prediction_trace_head_20260929/install/rm_dynamic_prediction_critic/lib/librcutils.so
        33:	  trying file=/work/dynamic_prediction_trace_head_20260929/install/nav2_mppi_controller/lib/librcutils.so
        33:	  trying file=/ws/build/dynamic_prediction_runtime_head_20260929/install/rm_competition_interfaces/lib/librcutils.so
        33:	  trying file=/work/dynamic_prediction_runtime_head_20260929/install/rm_competition_interfaces/lib/librcutils.so
        33:	  trying file=/opt/ros/humble/opt/rviz_ogre_vendor/lib/librcutils.so
        33:	  trying file=/opt/ros/humble/lib/x86_64-linux-gnu/librcutils.so
        33:	  trying file=/opt/ros/humble/opt/openvdb_vendor/lib/librcutils.so
        33:	  trying file=/opt/ros/humble/lib/librcutils.so
        33:	
        33:	find library=librclcpp.so [0]; searching
        33:	 search path=/work/dynamic_prediction_trace_head_20260929/install/rm_dynamic_prediction_critic/lib:/work/dynamic_prediction_trace_head_20260929/install/nav2_mppi_controller/lib:/ws/build/dynamic_prediction_runtime_head_20260929/install/rm_competition_interfaces/lib:/work/dynamic_prediction_runtime_head_20260929/install/rm_competition_interfaces/lib:/opt/ros/humble/opt/rviz_ogre_vendor/lib:/opt/ros/humble/lib/x86_64-linux-gnu:/opt/ros/humble/opt/openvdb_vendor/lib:/opt/ros/humble/lib		(LD_LIBRARY_PATH)
        33:	  trying file=/work/dynamic_prediction_trace_head_20260929/install/rm_dynamic_prediction_critic/lib/librclcpp.so
        33:	  trying file=/work/dynamic_prediction_trace_head_20260929/install/nav2_mppi_controller/lib/librclcpp.so
        33:	  trying file=/ws/build/dynamic_prediction_runtime_head_20260929/install/rm_competition_interfaces/lib/librclcpp.so
        33:	  trying file=/work/dynamic_prediction_runtime_head_20260929/install/rm_competition_interfaces/lib/librclcpp.so
        33:	  trying file=/opt/ros/humble/opt/rviz_ogre_vendor/lib/librclcpp.so
        33:	  trying file=/opt/ros/humble/lib/x86_64-linux-gnu/librclcpp.so
        33:	  trying file=/opt/ros/humble/opt/openvdb_vendor/lib/librclcpp.so
        33:	  trying file=/opt/ros/humble/lib/librclcpp.so
        33:	
        33:	find library=librclcpp_lifecycle.so [0]; searching
        33:	 search path=/work/dynamic_prediction_trace_head_20260929/install/rm_dynamic_prediction_critic/lib:/work/dynamic_prediction_trace_head_20260929/install/nav2_mppi_controller/lib:/ws/build/dynamic_prediction_runtime_head_20260929/install/rm_competition_interfaces/lib:/work/dynamic_prediction_runtime_head_20260929/install/rm_competition_interfaces/lib:/opt/ros/humble/opt/rviz_ogre_vendor/lib:/opt/ros/humble/lib/x86_64-linux-gnu:/opt/ros/humble/opt/openvdb_vendor/lib:/opt/ros/humble/lib		(LD_LIBRARY_PATH)
        33:	  trying file=/work/dynamic_prediction_trace_head_20260929/install/rm_dynamic_prediction_critic/lib/librclcpp_lifecycle.so
        33:	  trying file=/work/dynamic_prediction_trace_head_20260929/install/nav2_mppi_controller/lib/librclcpp_lifecycle.so
        33:	  trying file=/ws/build/dynamic_prediction_runtime_head_20260929/install/rm_competition_interfaces/lib/librclcpp_lifecycle.so
        33:	  trying file=/work/dynamic_prediction_runtime_head_20260929/install/rm_competition_interfaces/lib/librclcpp_lifecycle.so
        33:	  trying file=/opt/ros/humble/opt/rviz_ogre_vendor/lib/librclcpp_lifecycle.so
        33:	  trying file=/opt/ros/humble/lib/x86_64-linux-gnu/librclcpp_lifecycle.so
        33:	  trying file=/opt/ros/humble/opt/openvdb_vendor/lib/librclcpp_lifecycle.so
        33:	  trying file=/opt/ros/humble/lib/librclcpp_lifecycle.so
        33:	
        33:	find library=libstdc++.so.6 [0]; searching
        33:	 search path=/work/dynamic_prediction_trace_head_20260929/install/rm_dynamic_prediction_critic/lib:/work/dynamic_prediction_trace_head_20260929/install/nav2_mppi_controller/lib:/ws/build/dynamic_prediction_runtime_head_20260929/install/rm_competition_interfaces/lib:/work/dynamic_prediction_runtime_head_20260929/install/rm_competition_interfaces/lib:/opt/ros/humble/opt/rviz_ogre_vendor/lib:/opt/ros/humble/lib/x86_64-linux-gnu:/opt/ros/humble/opt/openvdb_vendor/lib:/opt/ros/humble/lib		(LD_LIBRARY_PATH)
        33:	  trying file=/work/dynamic_prediction_trace_head_20260929/install/rm_dynamic_prediction_critic/lib/libstdc++.so.6
        33:	  trying file=/work/dynamic_prediction_trace_head_20260929/install/nav2_mppi_controller/lib/libstdc++.so.6
        33:	  trying file=/ws/build/dynamic_prediction_runtime_head_20260929/install/rm_competition_interfaces/lib/libstdc++.so.6
        33:	  trying file=/work/dynamic_prediction_runtime_head_20260929/install/rm_competition_interfaces/lib/libstdc++.so.6
        33:	  trying file=/opt/ros/humble/opt/rviz_ogre_vendor/lib/libstdc++.so.6
        33:	  trying file=/opt/ros/humble/lib/x86_64-linux-gnu/libstdc++.so.6
        33:	  trying file=/opt/ros/humble/opt/openvdb_vendor/lib/libstdc++.so.6
        33:	  trying file=/opt/ros/humble/lib/libstdc++.so.6
        33:	 search cache=/etc/ld.so.cache
        33:	  trying file=/lib/x86_64-linux-gnu/libstdc++.so.6
        33:	
        33:	find library=libm.so.6 [0]; searching
        33:	 search path=/work/dynamic_prediction_trace_head_20260929/install/rm_dynamic_prediction_critic/lib:/work/dynamic_prediction_trace_head_20260929/install/nav2_mppi_controller/lib:/ws/build/dynamic_prediction_runtime_head_20260929/install/rm_competition_interfaces/lib:/work/dynamic_prediction_runtime_head_20260929/install/rm_competition_interfaces/lib:/opt/ros/humble/opt/rviz_ogre_vendor/lib:/opt/ros/humble/lib/x86_64-linux-gnu:/opt/ros/humble/opt/openvdb_vendor/lib:/opt/ros/humble/lib		(LD_LIBRARY_PATH)
        33:	  trying file=/work/dynamic_prediction_trace_head_20260929/install/rm_dynamic_prediction_critic/lib/libm.so.6
        33:	  trying file=/work/dynamic_prediction_trace_head_20260929/install/nav2_mppi_controller/lib/libm.so.6
        33:	  trying file=/ws/build/dynamic_prediction_runtime_head_20260929/install/rm_competition_interfaces/lib/libm.so.6
        33:	  trying file=/work/dynamic_prediction_runtime_head_20260929/install/rm_competition_interfaces/lib/libm.so.6
        33:	  trying file=/opt/ros/humble/opt/rviz_ogre_vendor/lib/libm.so.6
        33:	  trying file=/opt/ros/humble/lib/x86_64-linux-gnu/libm.so.6
        33:	  trying file=/opt/ros/humble/opt/openvdb_vendor/lib/libm.so.6
        33:	  trying file=/opt/ros/humble/lib/libm.so.6
        33:	 search cache=/etc/ld.so.cache
        33:	  trying file=/lib/x86_64-linux-gnu/libm.so.6
        33:	
        33:	find library=libgcc_s.so.1 [0]; searching
        33:	 search path=/work/dynamic_prediction_trace_head_20260929/install/rm_dynamic_prediction_critic/lib:/work/dynamic_prediction_trace_head_20260929/install/nav2_mppi_controller/lib:/ws/build/dynamic_prediction_runtime_head_20260929/install/rm_competition_interfaces/lib:/work/dynamic_prediction_runtime_head_20260929/install/rm_competition_interfaces/lib:/opt/ros/humble/opt/rviz_ogre_vendor/lib:/opt/ros/humble/lib/x86_64-linux-gnu:/opt/ros/humble/opt/openvdb_vendor/lib:/opt/ros/humble/lib		(LD_LIBRARY_PATH)
        33:	  trying file=/work/dynamic_prediction_trace_head_20260929/install/rm_dynamic_prediction_critic/lib/libgcc_s.so.1
        33:	  trying file=/work/dynamic_prediction_trace_head_20260929/install/nav2_mppi_controller/lib/libgcc_s.so.1
        33:	  trying file=/ws/build/dynamic_prediction_runtime_head_20260929/install/rm_competition_interfaces/lib/libgcc_s.so.1
        33:	  trying file=/work/dynamic_prediction_runtime_head_20260929/install/rm_competition_interfaces/lib/libgcc_s.so.1
        33:	  trying file=/opt/ros/humble/opt/rviz_ogre_vendor/lib/libgcc_s.so.1
        33:	  trying file=/opt/ros/humble/lib/x86_64-linux-gnu/libgcc_s.so.1
        33:	  trying file=/opt/ros/humble/opt/openvdb_vendor/lib/libgcc_s.so.1
        33:	  trying file=/opt/ros/humble/lib/libgcc_s.so.1
        33:	 search cache=/etc/ld.so.cache
        33:	  trying file=/lib/x86_64-linux-gnu/libgcc_s.so.1
        33:	
        33:	find library=libc.so.6 [0]; searching
        33:	 search path=/work/dynamic_prediction_trace_head_20260929/install/rm_dynamic_prediction_critic/lib:/work/dynamic_prediction_trace_head_20260929/install/nav2_mppi_controller/lib:/ws/build/dynamic_prediction_runtime_head_20260929/install/rm_competition_interfaces/lib:/work/dynamic_prediction_runtime_head_20260929/install/rm_competition_interfaces/lib:/opt/ros/humble/opt/rviz_ogre_vendor/lib:/opt/ros/humble/lib/x86_64-linux-gnu:/opt/ros/humble/opt/openvdb_vendor/lib:/opt/ros/humble/lib		(LD_LIBRARY_PATH)
        33:	  trying file=/work/dynamic_prediction_trace_head_20260929/install/rm_dynamic_prediction_critic/lib/libc.so.6
        33:	  trying file=/work/dynamic_prediction_trace_head_20260929/install/nav2_mppi_controller/lib/libc.so.6
        33:	  trying file=/ws/build/dynamic_prediction_runtime_head_20260929/install/rm_competition_interfaces/lib/libc.so.6
        33:	  trying file=/work/dynamic_prediction_runtime_head_20260929/install/rm_competition_interfaces/lib/libc.so.6
        33:	  trying file=/opt/ros/humble/opt/rviz_ogre_vendor/lib/libc.so.6
        33:	  trying file=/opt/ros/humble/lib/x86_64-linux-gnu/libc.so.6
        33:	  trying file=/opt/ros/humble/opt/openvdb_vendor/lib/libc.so.6
        33:	  trying file=/opt/ros/humble/lib/libc.so.6
        33:	 search cache=/etc/ld.so.cache
        33:	  trying file=/lib/x86_64-linux-gnu/libc.so.6
        33:	
        33:	find library=librcl.so [0]; searching
        33:	 search path=/work/dynamic_prediction_trace_head_20260929/install/rm_dynamic_prediction_critic/lib:/work/dynamic_prediction_trace_head_20260929/install/nav2_mppi_controller/lib:/ws/build/dynamic_prediction_runtime_head_20260929/install/rm_competition_interfaces/lib:/work/dynamic_prediction_runtime_head_20260929/install/rm_competition_interfaces/lib:/opt/ros/humble/opt/rviz_ogre_vendor/lib:/opt/ros/humble/lib/x86_64-linux-gnu:/opt/ros/humble/opt/openvdb_vendor/lib:/opt/ros/humble/lib		(LD_LIBRARY_PATH)
        33:	  trying file=/work/dynamic_prediction_trace_head_20260929/install/rm_dynamic_prediction_critic/lib/librcl.so
        33:	  trying file=/work/dynamic_prediction_trace_head_20260929/install/nav2_mppi_controller/lib/librcl.so
        33:	  trying file=/ws/build/dynamic_prediction_runtime_head_20260929/install/rm_competition_interfaces/lib/librcl.so
        33:	  trying file=/work/dynamic_prediction_runtime_head_20260929/install/rm_competition_interfaces/lib/librcl.so
        33:	  trying file=/opt/ros/humble/opt/rviz_ogre_vendor/lib/librcl.so
        33:	  trying file=/opt/ros/humble/lib/x86_64-linux-gnu/librcl.so
        33:	  trying file=/opt/ros/humble/opt/openvdb_vendor/lib/librcl.so
        33:	  trying file=/opt/ros/humble/lib/librcl.so
        33:	
        33:	find library=libtracetools.so [0]; searching
        33:	 search path=/work/dynamic_prediction_trace_head_20260929/install/rm_dynamic_prediction_critic/lib:/work/dynamic_prediction_trace_head_20260929/install/nav2_mppi_controller/lib:/ws/build/dynamic_prediction_runtime_head_20260929/install/rm_competition_interfaces/lib:/work/dynamic_prediction_runtime_head_20260929/install/rm_competition_interfaces/lib:/opt/ros/humble/opt/rviz_ogre_vendor/lib:/opt/ros/humble/lib/x86_64-linux-gnu:/opt/ros/humble/opt/openvdb_vendor/lib:/opt/ros/humble/lib		(LD_LIBRARY_PATH)
        33:	  trying file=/work/dynamic_prediction_trace_head_20260929/install/rm_dynamic_prediction_critic/lib/libtracetools.so
        33:	  trying file=/work/dynamic_prediction_trace_head_20260929/install/nav2_mppi_controller/lib/libtracetools.so
        33:	  trying file=/ws/build/dynamic_prediction_runtime_head_20260929/install/rm_competition_interfaces/lib/libtracetools.so
        33:	  trying file=/work/dynamic_prediction_runtime_head_20260929/install/rm_competition_interfaces/lib/libtracetools.so
        33:	  trying file=/opt/ros/humble/opt/rviz_ogre_vendor/lib/libtracetools.so
        33:	  trying file=/opt/ros/humble/lib/x86_64-linux-gnu/libtracetools.so
        33:	  trying file=/opt/ros/humble/opt/openvdb_vendor/lib/libtracetools.so
        33:	  trying file=/opt/ros/humble/lib/libtracetools.so
        33:	
        33:	find library=libtinyxml2.so.9 [0]; searching
        33:	 search path=/work/dynamic_prediction_trace_head_20260929/install/rm_dynamic_prediction_critic/lib:/work/dynamic_prediction_trace_head_20260929/install/nav2_mppi_controller/lib:/ws/build/dynamic_prediction_runtime_head_20260929/install/rm_competition_interfaces/lib:/work/dynamic_prediction_runtime_head_20260929/install/rm_competition_interfaces/lib:/opt/ros/humble/opt/rviz_ogre_vendor/lib:/opt/ros/humble/lib/x86_64-linux-gnu:/opt/ros/humble/opt/openvdb_vendor/lib:/opt/ros/humble/lib		(LD_LIBRARY_PATH)
        33:	  trying file=/work/dynamic_prediction_trace_head_20260929/install/rm_dynamic_prediction_critic/lib/libtinyxml2.so.9
        33:	  trying file=/work/dynamic_prediction_trace_head_20260929/install/nav2_mppi_controller/lib/libtinyxml2.so.9
        33:	  trying file=/ws/build/dynamic_prediction_runtime_head_20260929/install/rm_competition_interfaces/lib/libtinyxml2.so.9
        33:	  trying file=/work/dynamic_prediction_runtime_head_20260929/install/rm_competition_interfaces/lib/libtinyxml2.so.9
        33:	  trying file=/opt/ros/humble/opt/rviz_ogre_vendor/lib/libtinyxml2.so.9
        33:	  trying file=/opt/ros/humble/lib/x86_64-linux-gnu/libtinyxml2.so.9
        33:	  trying file=/opt/ros/humble/opt/openvdb_vendor/lib/libtinyxml2.so.9
        33:	  trying file=/opt/ros/humble/lib/libtinyxml2.so.9
        33:	 search cache=/etc/ld.so.cache
        33:	  trying file=/lib/x86_64-linux-gnu/libtinyxml2.so.9
        33:	
        33:	find library=libvisualization_msgs__rosidl_typesupport_cpp.so [0]; searching
        33:	 search path=/work/dynamic_prediction_trace_head_20260929/install/rm_dynamic_prediction_critic/lib:/work/dynamic_prediction_trace_head_20260929/install/nav2_mppi_controller/lib:/ws/build/dynamic_prediction_runtime_head_20260929/install/rm_competition_interfaces/lib:/work/dynamic_prediction_runtime_head_20260929/install/rm_competition_interfaces/lib:/opt/ros/humble/opt/rviz_ogre_vendor/lib:/opt/ros/humble/lib/x86_64-linux-gnu:/opt/ros/humble/opt/openvdb_vendor/lib:/opt/ros/humble/lib		(LD_LIBRARY_PATH)
        33:	  trying file=/work/dynamic_prediction_trace_head_20260929/install/rm_dynamic_prediction_critic/lib/libvisualization_msgs__rosidl_typesupport_cpp.so
        33:	  trying file=/work/dynamic_prediction_trace_head_20260929/install/nav2_mppi_controller/lib/libvisualization_msgs__rosidl_typesupport_cpp.so
        33:	  trying file=/ws/build/dynamic_prediction_runtime_head_20260929/install/rm_competition_interfaces/lib/libvisualization_msgs__rosidl_typesupport_cpp.so
        33:	  trying file=/work/dynamic_prediction_runtime_head_20260929/install/rm_competition_interfaces/lib/libvisualization_msgs__rosidl_typesupport_cpp.so
        33:	  trying file=/opt/ros/humble/opt/rviz_ogre_vendor/lib/libvisualization_msgs__rosidl_typesupport_cpp.so
        33:	  trying file=/opt/ros/humble/lib/x86_64-linux-gnu/libvisualization_msgs__rosidl_typesupport_cpp.so
        33:	  trying file=/opt/ros/humble/opt/openvdb_vendor/lib/libvisualization_msgs__rosidl_typesupport_cpp.so
        33:	  trying file=/opt/ros/humble/lib/libvisualization_msgs__rosidl_typesupport_cpp.so
        33:	
        33:	find library=libtf2.so [0]; searching
        33:	 search path=/work/dynamic_prediction_trace_head_20260929/install/rm_dynamic_prediction_critic/lib:/work/dynamic_prediction_trace_head_20260929/install/nav2_mppi_controller/lib:/ws/build/dynamic_prediction_runtime_head_20260929/install/rm_competition_interfaces/lib:/work/dynamic_prediction_runtime_head_20260929/install/rm_competition_interfaces/lib:/opt/ros/humble/opt/rviz_ogre_vendor/lib:/opt/ros/humble/lib/x86_64-linux-gnu:/opt/ros/humble/opt/openvdb_vendor/lib:/opt/ros/humble/lib		(LD_LIBRARY_PATH)
        33:	  trying file=/work/dynamic_prediction_trace_head_20260929/install/rm_dynamic_prediction_critic/lib/libtf2.so
        33:	  trying file=/work/dynamic_prediction_trace_head_20260929/install/nav2_mppi_controller/lib/libtf2.so
        33:	  trying file=/ws/build/dynamic_prediction_runtime_head_20260929/install/rm_competition_interfaces/lib/libtf2.so
        33:	  trying file=/work/dynamic_prediction_runtime_head_20260929/install/rm_competition_interfaces/lib/libtf2.so
        33:	  trying file=/opt/ros/humble/opt/rviz_ogre_vendor/lib/libtf2.so
        33:	  trying file=/opt/ros/humble/lib/x86_64-linux-gnu/libtf2.so
        33:	  trying file=/opt/ros/humble/opt/openvdb_vendor/lib/libtf2.so
        33:	  trying file=/opt/ros/humble/lib/libtf2.so
        33:	
        33:	find library=libnav_msgs__rosidl_typesupport_cpp.so [0]; searching
        33:	 search path=/work/dynamic_prediction_trace_head_20260929/install/rm_dynamic_prediction_critic/lib:/work/dynamic_prediction_trace_head_20260929/install/nav2_mppi_controller/lib:/ws/build/dynamic_prediction_runtime_head_20260929/install/rm_competition_interfaces/lib:/work/dynamic_prediction_runtime_head_20260929/install/rm_competition_interfaces/lib:/opt/ros/humble/opt/rviz_ogre_vendor/lib:/opt/ros/humble/lib/x86_64-linux-gnu:/opt/ros/humble/opt/openvdb_vendor/lib:/opt/ros/humble/lib		(LD_LIBRARY_PATH)
        33:	  trying file=/work/dynamic_prediction_trace_head_20260929/install/rm_dynamic_prediction_critic/lib/libnav_msgs__rosidl_typesupport_cpp.so
        33:	  trying file=/work/dynamic_prediction_trace_head_20260929/install/nav2_mppi_controller/lib/libnav_msgs__rosidl_typesupport_cpp.so
        33:	  trying file=/ws/build/dynamic_prediction_runtime_head_20260929/install/rm_competition_interfaces/lib/libnav_msgs__rosidl_typesupport_cpp.so
        33:	  trying file=/work/dynamic_prediction_runtime_head_20260929/install/rm_competition_interfaces/lib/libnav_msgs__rosidl_typesupport_cpp.so
        33:	  trying file=/opt/ros/humble/opt/rviz_ogre_vendor/lib/libnav_msgs__rosidl_typesupport_cpp.so
        33:	  trying file=/opt/ros/humble/lib/x86_64-linux-gnu/libnav_msgs__rosidl_typesupport_cpp.so
        33:	  trying file=/opt/ros/humble/opt/openvdb_vendor/lib/libnav_msgs__rosidl_typesupport_cpp.so
        33:	  trying file=/opt/ros/humble/lib/libnav_msgs__rosidl_typesupport_cpp.so
        33:	
        33:	find library=librmw.so [0]; searching
        33:	 search path=/work/dynamic_prediction_trace_head_20260929/install/rm_dynamic_prediction_critic/lib:/work/dynamic_prediction_trace_head_20260929/install/nav2_mppi_controller/lib:/ws/build/dynamic_prediction_runtime_head_20260929/install/rm_competition_interfaces/lib:/work/dynamic_prediction_runtime_head_20260929/install/rm_competition_interfaces/lib:/opt/ros/humble/opt/rviz_ogre_vendor/lib:/opt/ros/humble/lib/x86_64-linux-gnu:/opt/ros/humble/opt/openvdb_vendor/lib:/opt/ros/humble/lib		(LD_LIBRARY_PATH)
        33:	  trying file=/work/dynamic_prediction_trace_head_20260929/install/rm_dynamic_prediction_critic/lib/librmw.so
        33:	  trying file=/work/dynamic_prediction_trace_head_20260929/install/nav2_mppi_controller/lib/librmw.so
        33:	  trying file=/ws/build/dynamic_prediction_runtime_head_20260929/install/rm_competition_interfaces/lib/librmw.so
        33:	  trying file=/work/dynamic_prediction_runtime_head_20260929/install/rm_competition_interfaces/lib/librmw.so
        33:	  trying file=/opt/ros/humble/opt/rviz_ogre_vendor/lib/librmw.so
        33:	  trying file=/opt/ros/humble/lib/x86_64-linux-gnu/librmw.so
        33:	  trying file=/opt/ros/humble/opt/openvdb_vendor/lib/librmw.so
        33:	  trying file=/opt/ros/humble/lib/librmw.so
        33:	
        33:	find library=librcpputils.so [0]; searching
        33:	 search path=/work/dynamic_prediction_trace_head_20260929/install/rm_dynamic_prediction_critic/lib:/work/dynamic_prediction_trace_head_20260929/install/nav2_mppi_controller/lib:/ws/build/dynamic_prediction_runtime_head_20260929/install/rm_competition_interfaces/lib:/work/dynamic_prediction_runtime_head_20260929/install/rm_competition_interfaces/lib:/opt/ros/humble/opt/rviz_ogre_vendor/lib:/opt/ros/humble/lib/x86_64-linux-gnu:/opt/ros/humble/opt/openvdb_vendor/lib:/opt/ros/humble/lib		(LD_LIBRARY_PATH)
        33:	  trying file=/work/dynamic_prediction_trace_head_20260929/install/rm_dynamic_prediction_critic/lib/librcpputils.so
        33:	  trying file=/work/dynamic_prediction_trace_head_20260929/install/nav2_mppi_controller/lib/librcpputils.so
        33:	  trying file=/ws/build/dynamic_prediction_runtime_head_20260929/install/rm_competition_interfaces/lib/librcpputils.so
        33:	  trying file=/work/dynamic_prediction_runtime_head_20260929/install/rm_competition_interfaces/lib/librcpputils.so
        33:	  trying file=/opt/ros/humble/opt/rviz_ogre_vendor/lib/librcpputils.so
        33:	  trying file=/opt/ros/humble/lib/x86_64-linux-gnu/librcpputils.so
        33:	  trying file=/opt/ros/humble/opt/openvdb_vendor/lib/librcpputils.so
        33:	  trying file=/opt/ros/humble/lib/librcpputils.so
        33:	
        33:	find library=libclass_loader.so [0]; searching
        33:	 search path=/work/dynamic_prediction_trace_head_20260929/install/rm_dynamic_prediction_critic/lib:/work/dynamic_prediction_trace_head_20260929/install/nav2_mppi_controller/lib:/ws/build/dynamic_prediction_runtime_head_20260929/install/rm_competition_interfaces/lib:/work/dynamic_prediction_runtime_head_20260929/install/rm_competition_interfaces/lib:/opt/ros/humble/opt/rviz_ogre_vendor/lib:/opt/ros/humble/lib/x86_64-linux-gnu:/opt/ros/humble/opt/openvdb_vendor/lib:/opt/ros/humble/lib		(LD_LIBRARY_PATH)
        33:	  trying file=/work/dynamic_prediction_trace_head_20260929/install/rm_dynamic_prediction_critic/lib/libclass_loader.so
        33:	  trying file=/work/dynamic_prediction_trace_head_20260929/install/nav2_mppi_controller/lib/libclass_loader.so
        33:	  trying file=/ws/build/dynamic_prediction_runtime_head_20260929/install/rm_competition_interfaces/lib/libclass_loader.so
        33:	  trying file=/work/dynamic_prediction_runtime_head_20260929/install/rm_competition_interfaces/lib/libclass_loader.so
        33:	  trying file=/opt/ros/humble/opt/rviz_ogre_vendor/lib/libclass_loader.so
        33:	  trying file=/opt/ros/humble/lib/x86_64-linux-gnu/libclass_loader.so
        33:	  trying file=/opt/ros/humble/opt/openvdb_vendor/lib/libclass_loader.so
        33:	  trying file=/opt/ros/humble/lib/libclass_loader.so
        33:	
        33:	find library=liborocos-kdl.so.1.5 [0]; searching
        33:	 search path=/work/dynamic_prediction_trace_head_20260929/install/rm_dynamic_prediction_critic/lib:/work/dynamic_prediction_trace_head_20260929/install/nav2_mppi_controller/lib:/ws/build/dynamic_prediction_runtime_head_20260929/install/rm_competition_interfaces/lib:/work/dynamic_prediction_runtime_head_20260929/install/rm_competition_interfaces/lib:/opt/ros/humble/opt/rviz_ogre_vendor/lib:/opt/ros/humble/lib/x86_64-linux-gnu:/opt/ros/humble/opt/openvdb_vendor/lib:/opt/ros/humble/lib		(LD_LIBRARY_PATH)
        33:	  trying file=/work/dynamic_prediction_trace_head_20260929/install/rm_dynamic_prediction_critic/lib/liborocos-kdl.so.1.5
        33:	  trying file=/work/dynamic_prediction_trace_head_20260929/install/nav2_mppi_controller/lib/liborocos-kdl.so.1.5
        33:	  trying file=/ws/build/dynamic_prediction_runtime_head_20260929/install/rm_competition_interfaces/lib/liborocos-kdl.so.1.5
        33:	  trying file=/work/dynamic_prediction_runtime_head_20260929/install/rm_competition_interfaces/lib/liborocos-kdl.so.1.5
        33:	  trying file=/opt/ros/humble/opt/rviz_ogre_vendor/lib/liborocos-kdl.so.1.5
        33:	  trying file=/opt/ros/humble/lib/x86_64-linux-gnu/liborocos-kdl.so.1.5
        33:	  trying file=/opt/ros/humble/opt/openvdb_vendor/lib/liborocos-kdl.so.1.5
        33:	  trying file=/opt/ros/humble/lib/liborocos-kdl.so.1.5
        33:	 search cache=/etc/ld.so.cache
        33:	  trying file=/lib/x86_64-linux-gnu/liborocos-kdl.so.1.5
        33:	
        33:	find library=libconsole_bridge.so.1.0 [0]; searching
        33:	 search path=/work/dynamic_prediction_trace_head_20260929/install/rm_dynamic_prediction_critic/lib:/work/dynamic_prediction_trace_head_20260929/install/nav2_mppi_controller/lib:/ws/build/dynamic_prediction_runtime_head_20260929/install/rm_competition_interfaces/lib:/work/dynamic_prediction_runtime_head_20260929/install/rm_competition_interfaces/lib:/opt/ros/humble/opt/rviz_ogre_vendor/lib:/opt/ros/humble/lib/x86_64-linux-gnu:/opt/ros/humble/opt/openvdb_vendor/lib:/opt/ros/humble/lib		(LD_LIBRARY_PATH)
        33:	  trying file=/work/dynamic_prediction_trace_head_20260929/install/rm_dynamic_prediction_critic/lib/libconsole_bridge.so.1.0
        33:	  trying file=/work/dynamic_prediction_trace_head_20260929/install/nav2_mppi_controller/lib/libconsole_bridge.so.1.0
        33:	  trying file=/ws/build/dynamic_prediction_runtime_head_20260929/install/rm_competition_interfaces/lib/libconsole_bridge.so.1.0
        33:	  trying file=/work/dynamic_prediction_runtime_head_20260929/install/rm_competition_interfaces/lib/libconsole_bridge.so.1.0
        33:	  trying file=/opt/ros/humble/opt/rviz_ogre_vendor/lib/libconsole_bridge.so.1.0
        33:	  trying file=/opt/ros/humble/lib/x86_64-linux-gnu/libconsole_bridge.so.1.0
        33:	  trying file=/opt/ros/humble/opt/openvdb_vendor/lib/libconsole_bridge.so.1.0
        33:	  trying file=/opt/ros/humble/lib/libconsole_bridge.so.1.0
        33:	 search cache=/etc/ld.so.cache
        33:	  trying file=/lib/x86_64-linux-gnu/libconsole_bridge.so.1.0
        33:	
        33:	find library=libament_index_cpp.so [0]; searching
        33:	 search path=/work/dynamic_prediction_trace_head_20260929/install/rm_dynamic_prediction_critic/lib:/work/dynamic_prediction_trace_head_20260929/install/nav2_mppi_controller/lib:/ws/build/dynamic_prediction_runtime_head_20260929/install/rm_competition_interfaces/lib:/work/dynamic_prediction_runtime_head_20260929/install/rm_competition_interfaces/lib:/opt/ros/humble/opt/rviz_ogre_vendor/lib:/opt/ros/humble/lib/x86_64-linux-gnu:/opt/ros/humble/opt/openvdb_vendor/lib:/opt/ros/humble/lib		(LD_LIBRARY_PATH)
        33:	  trying file=/work/dynamic_prediction_trace_head_20260929/install/rm_dynamic_prediction_critic/lib/libament_index_cpp.so
        33:	  trying file=/work/dynamic_prediction_trace_head_20260929/install/nav2_mppi_controller/lib/libament_index_cpp.so
        33:	  trying file=/ws/build/dynamic_prediction_runtime_head_20260929/install/rm_competition_interfaces/lib/libament_index_cpp.so
        33:	  trying file=/work/dynamic_prediction_runtime_head_20260929/install/rm_competition_interfaces/lib/libament_index_cpp.so
        33:	  trying file=/opt/ros/humble/opt/rviz_ogre_vendor/lib/libament_index_cpp.so
        33:	  trying file=/opt/ros/humble/lib/x86_64-linux-gnu/libament_index_cpp.so
        33:	  trying file=/opt/ros/humble/opt/openvdb_vendor/lib/libament_index_cpp.so
        33:	  trying file=/opt/ros/humble/lib/libament_index_cpp.so
        33:	
        33:	find library=libmvec.so.1 [0]; searching
        33:	 search path=/work/dynamic_prediction_trace_head_20260929/install/rm_dynamic_prediction_critic/lib:/work/dynamic_prediction_trace_head_20260929/install/nav2_mppi_controller/lib:/ws/build/dynamic_prediction_runtime_head_20260929/install/rm_competition_interfaces/lib:/work/dynamic_prediction_runtime_head_20260929/install/rm_competition_interfaces/lib:/opt/ros/humble/opt/rviz_ogre_vendor/lib:/opt/ros/humble/lib/x86_64-linux-gnu:/opt/ros/humble/opt/openvdb_vendor/lib:/opt/ros/humble/lib		(LD_LIBRARY_PATH)
        33:	  trying file=/work/dynamic_prediction_trace_head_20260929/install/rm_dynamic_prediction_critic/lib/libmvec.so.1
        33:	  trying file=/work/dynamic_prediction_trace_head_20260929/install/nav2_mppi_controller/lib/libmvec.so.1
        33:	  trying file=/ws/build/dynamic_prediction_runtime_head_20260929/install/rm_competition_interfaces/lib/libmvec.so.1
        33:	  trying file=/work/dynamic_prediction_runtime_head_20260929/install/rm_competition_interfaces/lib/libmvec.so.1
        33:	  trying file=/opt/ros/humble/opt/rviz_ogre_vendor/lib/libmvec.so.1
        33:	  trying file=/opt/ros/humble/lib/x86_64-linux-gnu/libmvec.so.1
        33:	  trying file=/opt/ros/humble/opt/openvdb_vendor/lib/libmvec.so.1
        33:	  trying file=/opt/ros/humble/lib/libmvec.so.1
        33:	 search cache=/etc/ld.so.cache
        33:	  trying file=/lib/x86_64-linux-gnu/libmvec.so.1
        33:	
        33:	find library=libmap_msgs__rosidl_typesupport_cpp.so [0]; searching
        33:	 search path=/work/dynamic_prediction_trace_head_20260929/install/rm_dynamic_prediction_critic/lib:/work/dynamic_prediction_trace_head_20260929/install/nav2_mppi_controller/lib:/ws/build/dynamic_prediction_runtime_head_20260929/install/rm_competition_interfaces/lib:/work/dynamic_prediction_runtime_head_20260929/install/rm_competition_interfaces/lib:/opt/ros/humble/opt/rviz_ogre_vendor/lib:/opt/ros/humble/lib/x86_64-linux-gnu:/opt/ros/humble/opt/openvdb_vendor/lib:/opt/ros/humble/lib		(LD_LIBRARY_PATH)
        33:	  trying file=/work/dynamic_prediction_trace_head_20260929/install/rm_dynamic_prediction_critic/lib/libmap_msgs__rosidl_typesupport_cpp.so
        33:	  trying file=/work/dynamic_prediction_trace_head_20260929/install/nav2_mppi_controller/lib/libmap_msgs__rosidl_typesupport_cpp.so
        33:	  trying file=/ws/build/dynamic_prediction_runtime_head_20260929/install/rm_competition_interfaces/lib/libmap_msgs__rosidl_typesupport_cpp.so
        33:	  trying file=/work/dynamic_prediction_runtime_head_20260929/install/rm_competition_interfaces/lib/libmap_msgs__rosidl_typesupport_cpp.so
        33:	  trying file=/opt/ros/humble/opt/rviz_ogre_vendor/lib/libmap_msgs__rosidl_typesupport_cpp.so
        33:	  trying file=/opt/ros/humble/lib/x86_64-linux-gnu/libmap_msgs__rosidl_typesupport_cpp.so
        33:	  trying file=/opt/ros/humble/opt/openvdb_vendor/lib/libmap_msgs__rosidl_typesupport_cpp.so
        33:	  trying file=/opt/ros/humble/lib/libmap_msgs__rosidl_typesupport_cpp.so
        33:	
        33:	find library=libnav2_msgs__rosidl_typesupport_cpp.so [0]; searching
        33:	 search path=/work/dynamic_prediction_trace_head_20260929/install/rm_dynamic_prediction_critic/lib:/work/dynamic_prediction_trace_head_20260929/install/nav2_mppi_controller/lib:/ws/build/dynamic_prediction_runtime_head_20260929/install/rm_competition_interfaces/lib:/work/dynamic_prediction_runtime_head_20260929/install/rm_competition_interfaces/lib:/opt/ros/humble/opt/rviz_ogre_vendor/lib:/opt/ros/humble/lib/x86_64-linux-gnu:/opt/ros/humble/opt/openvdb_vendor/lib:/opt/ros/humble/lib		(LD_LIBRARY_PATH)
        33:	  trying file=/work/dynamic_prediction_trace_head_20260929/install/rm_dynamic_prediction_critic/lib/libnav2_msgs__rosidl_typesupport_cpp.so
        33:	  trying file=/work/dynamic_prediction_trace_head_20260929/install/nav2_mppi_controller/lib/libnav2_msgs__rosidl_typesupport_cpp.so
        33:	  trying file=/ws/build/dynamic_prediction_runtime_head_20260929/install/rm_competition_interfaces/lib/libnav2_msgs__rosidl_typesupport_cpp.so
        33:	  trying file=/work/dynamic_prediction_runtime_head_20260929/install/rm_competition_interfaces/lib/libnav2_msgs__rosidl_typesupport_cpp.so
        33:	  trying file=/opt/ros/humble/opt/rviz_ogre_vendor/lib/libnav2_msgs__rosidl_typesupport_cpp.so
        33:	  trying file=/opt/ros/humble/lib/x86_64-linux-gnu/libnav2_msgs__rosidl_typesupport_cpp.so
        33:	  trying file=/opt/ros/humble/opt/openvdb_vendor/lib/libnav2_msgs__rosidl_typesupport_cpp.so
        33:	  trying file=/opt/ros/humble/lib/libnav2_msgs__rosidl_typesupport_cpp.so
        33:	
        33:	find library=libstd_srvs__rosidl_typesupport_cpp.so [0]; searching
        33:	 search path=/work/dynamic_prediction_trace_head_20260929/install/rm_dynamic_prediction_critic/lib:/work/dynamic_prediction_trace_head_20260929/install/nav2_mppi_controller/lib:/ws/build/dynamic_prediction_runtime_head_20260929/install/rm_competition_interfaces/lib:/work/dynamic_prediction_runtime_head_20260929/install/rm_competition_interfaces/lib:/opt/ros/humble/opt/rviz_ogre_vendor/lib:/opt/ros/humble/lib/x86_64-linux-gnu:/opt/ros/humble/opt/openvdb_vendor/lib:/opt/ros/humble/lib		(LD_LIBRARY_PATH)
        33:	  trying file=/work/dynamic_prediction_trace_head_20260929/install/rm_dynamic_prediction_critic/lib/libstd_srvs__rosidl_typesupport_cpp.so
        33:	  trying file=/work/dynamic_prediction_trace_head_20260929/install/nav2_mppi_controller/lib/libstd_srvs__rosidl_typesupport_cpp.so
        33:	  trying file=/ws/build/dynamic_prediction_runtime_head_20260929/install/rm_competition_interfaces/lib/libstd_srvs__rosidl_typesupport_cpp.so
        33:	  trying file=/work/dynamic_prediction_runtime_head_20260929/install/rm_competition_interfaces/lib/libstd_srvs__rosidl_typesupport_cpp.so
        33:	  trying file=/opt/ros/humble/opt/rviz_ogre_vendor/lib/libstd_srvs__rosidl_typesupport_cpp.so
        33:	  trying file=/opt/ros/humble/lib/x86_64-linux-gnu/libstd_srvs__rosidl_typesupport_cpp.so
        33:	  trying file=/opt/ros/humble/opt/openvdb_vendor/lib/libstd_srvs__rosidl_typesupport_cpp.so
        33:	  trying file=/opt/ros/humble/lib/libstd_srvs__rosidl_typesupport_cpp.so
        33:	
        33:	find library=libnav2_util_core.so [0]; searching
        33:	 search path=/work/dynamic_prediction_trace_head_20260929/install/rm_dynamic_prediction_critic/lib:/work/dynamic_prediction_trace_head_20260929/install/nav2_mppi_controller/lib:/ws/build/dynamic_prediction_runtime_head_20260929/install/rm_competition_interfaces/lib:/work/dynamic_prediction_runtime_head_20260929/install/rm_competition_interfaces/lib:/opt/ros/humble/opt/rviz_ogre_vendor/lib:/opt/ros/humble/lib/x86_64-linux-gnu:/opt/ros/humble/opt/openvdb_vendor/lib:/opt/ros/humble/lib		(LD_LIBRARY_PATH)
        33:	  trying file=/work/dynamic_prediction_trace_head_20260929/install/rm_dynamic_prediction_critic/lib/libnav2_util_core.so
        33:	  trying file=/work/dynamic_prediction_trace_head_20260929/install/nav2_mppi_controller/lib/libnav2_util_core.so
        33:	  trying file=/ws/build/dynamic_prediction_runtime_head_20260929/install/rm_competition_interfaces/lib/libnav2_util_core.so
        33:	  trying file=/work/dynamic_prediction_runtime_head_20260929/install/rm_competition_interfaces/lib/libnav2_util_core.so
        33:	  trying file=/opt/ros/humble/opt/rviz_ogre_vendor/lib/libnav2_util_core.so
        33:	  trying file=/opt/ros/humble/lib/x86_64-linux-gnu/libnav2_util_core.so
        33:	  trying file=/opt/ros/humble/opt/openvdb_vendor/lib/libnav2_util_core.so
        33:	  trying file=/opt/ros/humble/lib/libnav2_util_core.so
        33:	
        33:	find library=libgeometry_msgs__rosidl_typesupport_cpp.so [0]; searching
        33:	 search path=/work/dynamic_prediction_trace_head_20260929/install/rm_dynamic_prediction_critic/lib:/work/dynamic_prediction_trace_head_20260929/install/nav2_mppi_controller/lib:/ws/build/dynamic_prediction_runtime_head_20260929/install/rm_competition_interfaces/lib:/work/dynamic_prediction_runtime_head_20260929/install/rm_competition_interfaces/lib:/opt/ros/humble/opt/rviz_ogre_vendor/lib:/opt/ros/humble/lib/x86_64-linux-gnu:/opt/ros/humble/opt/openvdb_vendor/lib:/opt/ros/humble/lib		(LD_LIBRARY_PATH)
        33:	  trying file=/work/dynamic_prediction_trace_head_20260929/install/rm_dynamic_prediction_critic/lib/libgeometry_msgs__rosidl_typesupport_cpp.so
        33:	  trying file=/work/dynamic_prediction_trace_head_20260929/install/nav2_mppi_controller/lib/libgeometry_msgs__rosidl_typesupport_cpp.so
        33:	  trying file=/ws/build/dynamic_prediction_runtime_head_20260929/install/rm_competition_interfaces/lib/libgeometry_msgs__rosidl_typesupport_cpp.so
        33:	  trying file=/work/dynamic_prediction_runtime_head_20260929/install/rm_competition_interfaces/lib/libgeometry_msgs__rosidl_typesupport_cpp.so
        33:	  trying file=/opt/ros/humble/opt/rviz_ogre_vendor/lib/libgeometry_msgs__rosidl_typesupport_cpp.so
        33:	  trying file=/opt/ros/humble/lib/x86_64-linux-gnu/libgeometry_msgs__rosidl_typesupport_cpp.so
        33:	  trying file=/opt/ros/humble/opt/openvdb_vendor/lib/libgeometry_msgs__rosidl_typesupport_cpp.so
        33:	  trying file=/opt/ros/humble/lib/libgeometry_msgs__rosidl_typesupport_cpp.so
        33:	
        33:	find library=libtf2_ros.so [0]; searching
        33:	 search path=/work/dynamic_prediction_trace_head_20260929/install/rm_dynamic_prediction_critic/lib:/work/dynamic_prediction_trace_head_20260929/install/nav2_mppi_controller/lib:/ws/build/dynamic_prediction_runtime_head_20260929/install/rm_competition_interfaces/lib:/work/dynamic_prediction_runtime_head_20260929/install/rm_competition_interfaces/lib:/opt/ros/humble/opt/rviz_ogre_vendor/lib:/opt/ros/humble/lib/x86_64-linux-gnu:/opt/ros/humble/opt/openvdb_vendor/lib:/opt/ros/humble/lib		(LD_LIBRARY_PATH)
        33:	  trying file=/work/dynamic_prediction_trace_head_20260929/install/rm_dynamic_prediction_critic/lib/libtf2_ros.so
        33:	  trying file=/work/dynamic_prediction_trace_head_20260929/install/nav2_mppi_controller/lib/libtf2_ros.so
        33:	  trying file=/ws/build/dynamic_prediction_runtime_head_20260929/install/rm_competition_interfaces/lib/libtf2_ros.so
        33:	  trying file=/work/dynamic_prediction_runtime_head_20260929/install/rm_competition_interfaces/lib/libtf2_ros.so
        33:	  trying file=/opt/ros/humble/opt/rviz_ogre_vendor/lib/libtf2_ros.so
        33:	  trying file=/opt/ros/humble/lib/x86_64-linux-gnu/libtf2_ros.so
        33:	  trying file=/opt/ros/humble/opt/openvdb_vendor/lib/libtf2_ros.so
        33:	  trying file=/opt/ros/humble/lib/libtf2_ros.so
        33:	
        33:	find library=liblibstatistics_collector.so [0]; searching
        33:	 search path=/work/dynamic_prediction_trace_head_20260929/install/rm_dynamic_prediction_critic/lib:/work/dynamic_prediction_trace_head_20260929/install/nav2_mppi_controller/lib:/ws/build/dynamic_prediction_runtime_head_20260929/install/rm_competition_interfaces/lib:/work/dynamic_prediction_runtime_head_20260929/install/rm_competition_interfaces/lib:/opt/ros/humble/opt/rviz_ogre_vendor/lib:/opt/ros/humble/lib/x86_64-linux-gnu:/opt/ros/humble/opt/openvdb_vendor/lib:/opt/ros/humble/lib		(LD_LIBRARY_PATH)
        33:	  trying file=/work/dynamic_prediction_trace_head_20260929/install/rm_dynamic_prediction_critic/lib/liblibstatistics_collector.so
        33:	  trying file=/work/dynamic_prediction_trace_head_20260929/install/nav2_mppi_controller/lib/liblibstatistics_collector.so
        33:	  trying file=/ws/build/dynamic_prediction_runtime_head_20260929/install/rm_competition_interfaces/lib/liblibstatistics_collector.so
        33:	  trying file=/work/dynamic_prediction_runtime_head_20260929/install/rm_competition_interfaces/lib/liblibstatistics_collector.so
        33:	  trying file=/opt/ros/humble/opt/rviz_ogre_vendor/lib/liblibstatistics_collector.so
        33:	  trying file=/opt/ros/humble/lib/x86_64-linux-gnu/liblibstatistics_collector.so
        33:	  trying file=/opt/ros/humble/opt/openvdb_vendor/lib/liblibstatistics_collector.so
        33:	  trying file=/opt/ros/humble/lib/liblibstatistics_collector.so
        33:	
        33:	find library=libstatistics_msgs__rosidl_typesupport_cpp.so [0]; searching
        33:	 search path=/work/dynamic_prediction_trace_head_20260929/install/rm_dynamic_prediction_critic/lib:/work/dynamic_prediction_trace_head_20260929/install/nav2_mppi_controller/lib:/ws/build/dynamic_prediction_runtime_head_20260929/install/rm_competition_interfaces/lib:/work/dynamic_prediction_runtime_head_20260929/install/rm_competition_interfaces/lib:/opt/ros/humble/opt/rviz_ogre_vendor/lib:/opt/ros/humble/lib/x86_64-linux-gnu:/opt/ros/humble/opt/openvdb_vendor/lib:/opt/ros/humble/lib		(LD_LIBRARY_PATH)
        33:	  trying file=/work/dynamic_prediction_trace_head_20260929/install/rm_dynamic_prediction_critic/lib/libstatistics_msgs__rosidl_typesupport_cpp.so
        33:	  trying file=/work/dynamic_prediction_trace_head_20260929/install/nav2_mppi_controller/lib/libstatistics_msgs__rosidl_typesupport_cpp.so
        33:	  trying file=/ws/build/dynamic_prediction_runtime_head_20260929/install/rm_competition_interfaces/lib/libstatistics_msgs__rosidl_typesupport_cpp.so
        33:	  trying file=/work/dynamic_prediction_runtime_head_20260929/install/rm_competition_interfaces/lib/libstatistics_msgs__rosidl_typesupport_cpp.so
        33:	  trying file=/opt/ros/humble/opt/rviz_ogre_vendor/lib/libstatistics_msgs__rosidl_typesupport_cpp.so
        33:	  trying file=/opt/ros/humble/lib/x86_64-linux-gnu/libstatistics_msgs__rosidl_typesupport_cpp.so
        33:	  trying file=/opt/ros/humble/opt/openvdb_vendor/lib/libstatistics_msgs__rosidl_typesupport_cpp.so
        33:	  trying file=/opt/ros/humble/lib/libstatistics_msgs__rosidl_typesupport_cpp.so
        33:	
        33:	find library=librcl_yaml_param_parser.so [0]; searching
        33:	 search path=/work/dynamic_prediction_trace_head_20260929/install/rm_dynamic_prediction_critic/lib:/work/dynamic_prediction_trace_head_20260929/install/nav2_mppi_controller/lib:/ws/build/dynamic_prediction_runtime_head_20260929/install/rm_competition_interfaces/lib:/work/dynamic_prediction_runtime_head_20260929/install/rm_competition_interfaces/lib:/opt/ros/humble/opt/rviz_ogre_vendor/lib:/opt/ros/humble/lib/x86_64-linux-gnu:/opt/ros/humble/opt/openvdb_vendor/lib:/opt/ros/humble/lib		(LD_LIBRARY_PATH)
        33:	  trying file=/work/dynamic_prediction_trace_head_20260929/install/rm_dynamic_prediction_critic/lib/librcl_yaml_param_parser.so
        33:	  trying file=/work/dynamic_prediction_trace_head_20260929/install/nav2_mppi_controller/lib/librcl_yaml_param_parser.so
        33:	  trying file=/ws/build/dynamic_prediction_runtime_head_20260929/install/rm_competition_interfaces/lib/librcl_yaml_param_parser.so
        33:	  trying file=/work/dynamic_prediction_runtime_head_20260929/install/rm_competition_interfaces/lib/librcl_yaml_param_parser.so
        33:	  trying file=/opt/ros/humble/opt/rviz_ogre_vendor/lib/librcl_yaml_param_parser.so
        33:	  trying file=/opt/ros/humble/lib/x86_64-linux-gnu/librcl_yaml_param_parser.so
        33:	  trying file=/opt/ros/humble/opt/openvdb_vendor/lib/librcl_yaml_param_parser.so
        33:	  trying file=/opt/ros/humble/lib/librcl_yaml_param_parser.so
        33:	
        33:	find library=librosgraph_msgs__rosidl_typesupport_cpp.so [0]; searching
        33:	 search path=/work/dynamic_prediction_trace_head_20260929/install/rm_dynamic_prediction_critic/lib:/work/dynamic_prediction_trace_head_20260929/install/nav2_mppi_controller/lib:/ws/build/dynamic_prediction_runtime_head_20260929/install/rm_competition_interfaces/lib:/work/dynamic_prediction_runtime_head_20260929/install/rm_competition_interfaces/lib:/opt/ros/humble/opt/rviz_ogre_vendor/lib:/opt/ros/humble/lib/x86_64-linux-gnu:/opt/ros/humble/opt/openvdb_vendor/lib:/opt/ros/humble/lib		(LD_LIBRARY_PATH)
        33:	  trying file=/work/dynamic_prediction_trace_head_20260929/install/rm_dynamic_prediction_critic/lib/librosgraph_msgs__rosidl_typesupport_cpp.so
        33:	  trying file=/work/dynamic_prediction_trace_head_20260929/install/nav2_mppi_controller/lib/librosgraph_msgs__rosidl_typesupport_cpp.so
        33:	  trying file=/ws/build/dynamic_prediction_runtime_head_20260929/install/rm_competition_interfaces/lib/librosgraph_msgs__rosidl_typesupport_cpp.so
        33:	  trying file=/work/dynamic_prediction_runtime_head_20260929/install/rm_competition_interfaces/lib/librosgraph_msgs__rosidl_typesupport_cpp.so
        33:	  trying file=/opt/ros/humble/opt/rviz_ogre_vendor/lib/librosgraph_msgs__rosidl_typesupport_cpp.so
        33:	  trying file=/opt/ros/humble/lib/x86_64-linux-gnu/librosgraph_msgs__rosidl_typesupport_cpp.so
        33:	  trying file=/opt/ros/humble/opt/openvdb_vendor/lib/librosgraph_msgs__rosidl_typesupport_cpp.so
        33:	  trying file=/opt/ros/humble/lib/librosgraph_msgs__rosidl_typesupport_cpp.so
        33:	
        33:	find library=librmw_implementation.so [0]; searching
        33:	 search path=/work/dynamic_prediction_trace_head_20260929/install/rm_dynamic_prediction_critic/lib:/work/dynamic_prediction_trace_head_20260929/install/nav2_mppi_controller/lib:/ws/build/dynamic_prediction_runtime_head_20260929/install/rm_competition_interfaces/lib:/work/dynamic_prediction_runtime_head_20260929/install/rm_competition_interfaces/lib:/opt/ros/humble/opt/rviz_ogre_vendor/lib:/opt/ros/humble/lib/x86_64-linux-gnu:/opt/ros/humble/opt/openvdb_vendor/lib:/opt/ros/humble/lib		(LD_LIBRARY_PATH)
        33:	  trying file=/work/dynamic_prediction_trace_head_20260929/install/rm_dynamic_prediction_critic/lib/librmw_implementation.so
        33:	  trying file=/work/dynamic_prediction_trace_head_20260929/install/nav2_mppi_controller/lib/librmw_implementation.so
        33:	  trying file=/ws/build/dynamic_prediction_runtime_head_20260929/install/rm_competition_interfaces/lib/librmw_implementation.so
        33:	  trying file=/work/dynamic_prediction_runtime_head_20260929/install/rm_competition_interfaces/lib/librmw_implementation.so
        33:	  trying file=/opt/ros/humble/opt/rviz_ogre_vendor/lib/librmw_implementation.so
        33:	  trying file=/opt/ros/humble/lib/x86_64-linux-gnu/librmw_implementation.so
        33:	  trying file=/opt/ros/humble/opt/openvdb_vendor/lib/librmw_implementation.so
        33:	  trying file=/opt/ros/humble/lib/librmw_implementation.so
        33:	
        33:	find library=librcl_logging_interface.so [0]; searching
        33:	 search path=/work/dynamic_prediction_trace_head_20260929/install/rm_dynamic_prediction_critic/lib:/work/dynamic_prediction_trace_head_20260929/install/nav2_mppi_controller/lib:/ws/build/dynamic_prediction_runtime_head_20260929/install/rm_competition_interfaces/lib:/work/dynamic_prediction_runtime_head_20260929/install/rm_competition_interfaces/lib:/opt/ros/humble/opt/rviz_ogre_vendor/lib:/opt/ros/humble/lib/x86_64-linux-gnu:/opt/ros/humble/opt/openvdb_vendor/lib:/opt/ros/humble/lib		(LD_LIBRARY_PATH)
        33:	  trying file=/work/dynamic_prediction_trace_head_20260929/install/rm_dynamic_prediction_critic/lib/librcl_logging_interface.so
        33:	  trying file=/work/dynamic_prediction_trace_head_20260929/install/nav2_mppi_controller/lib/librcl_logging_interface.so
        33:	  trying file=/ws/build/dynamic_prediction_runtime_head_20260929/install/rm_competition_interfaces/lib/librcl_logging_interface.so
        33:	  trying file=/work/dynamic_prediction_runtime_head_20260929/install/rm_competition_interfaces/lib/librcl_logging_interface.so
        33:	  trying file=/opt/ros/humble/opt/rviz_ogre_vendor/lib/librcl_logging_interface.so
        33:	  trying file=/opt/ros/humble/lib/x86_64-linux-gnu/librcl_logging_interface.so
        33:	  trying file=/opt/ros/humble/opt/openvdb_vendor/lib/librcl_logging_interface.so
        33:	  trying file=/opt/ros/humble/lib/librcl_logging_interface.so
        33:	
        33:	find library=librcl_interfaces__rosidl_typesupport_cpp.so [0]; searching
        33:	 search path=/work/dynamic_prediction_trace_head_20260929/install/rm_dynamic_prediction_critic/lib:/work/dynamic_prediction_trace_head_20260929/install/nav2_mppi_controller/lib:/ws/build/dynamic_prediction_runtime_head_20260929/install/rm_competition_interfaces/lib:/work/dynamic_prediction_runtime_head_20260929/install/rm_competition_interfaces/lib:/opt/ros/humble/opt/rviz_ogre_vendor/lib:/opt/ros/humble/lib/x86_64-linux-gnu:/opt/ros/humble/opt/openvdb_vendor/lib:/opt/ros/humble/lib		(LD_LIBRARY_PATH)
        33:	  trying file=/work/dynamic_prediction_trace_head_20260929/install/rm_dynamic_prediction_critic/lib/librcl_interfaces__rosidl_typesupport_cpp.so
        33:	  trying file=/work/dynamic_prediction_trace_head_20260929/install/nav2_mppi_controller/lib/librcl_interfaces__rosidl_typesupport_cpp.so
        33:	  trying file=/ws/build/dynamic_prediction_runtime_head_20260929/install/rm_competition_interfaces/lib/librcl_interfaces__rosidl_typesupport_cpp.so
        33:	  trying file=/work/dynamic_prediction_runtime_head_20260929/install/rm_competition_interfaces/lib/librcl_interfaces__rosidl_typesupport_cpp.so
        33:	  trying file=/opt/ros/humble/opt/rviz_ogre_vendor/lib/librcl_interfaces__rosidl_typesupport_cpp.so
        33:	  trying file=/opt/ros/humble/lib/x86_64-linux-gnu/librcl_interfaces__rosidl_typesupport_cpp.so
        33:	  trying file=/opt/ros/humble/opt/openvdb_vendor/lib/librcl_interfaces__rosidl_typesupport_cpp.so
        33:	  trying file=/opt/ros/humble/lib/librcl_interfaces__rosidl_typesupport_cpp.so
        33:	
        33:	find library=librcl_lifecycle.so [0]; searching
        33:	 search path=/work/dynamic_prediction_trace_head_20260929/install/rm_dynamic_prediction_critic/lib:/work/dynamic_prediction_trace_head_20260929/install/nav2_mppi_controller/lib:/ws/build/dynamic_prediction_runtime_head_20260929/install/rm_competition_interfaces/lib:/work/dynamic_prediction_runtime_head_20260929/install/rm_competition_interfaces/lib:/opt/ros/humble/opt/rviz_ogre_vendor/lib:/opt/ros/humble/lib/x86_64-linux-gnu:/opt/ros/humble/opt/openvdb_vendor/lib:/opt/ros/humble/lib		(LD_LIBRARY_PATH)
        33:	  trying file=/work/dynamic_prediction_trace_head_20260929/install/rm_dynamic_prediction_critic/lib/librcl_lifecycle.so
        33:	  trying file=/work/dynamic_prediction_trace_head_20260929/install/nav2_mppi_controller/lib/librcl_lifecycle.so
        33:	  trying file=/ws/build/dynamic_prediction_runtime_head_20260929/install/rm_competition_interfaces/lib/librcl_lifecycle.so
        33:	  trying file=/work/dynamic_prediction_runtime_head_20260929/install/rm_competition_interfaces/lib/librcl_lifecycle.so
        33:	  trying file=/opt/ros/humble/opt/rviz_ogre_vendor/lib/librcl_lifecycle.so
        33:	  trying file=/opt/ros/humble/lib/x86_64-linux-gnu/librcl_lifecycle.so
        33:	  trying file=/opt/ros/humble/opt/openvdb_vendor/lib/librcl_lifecycle.so
        33:	  trying file=/opt/ros/humble/lib/librcl_lifecycle.so
        33:	
        33:	find library=liblifecycle_msgs__rosidl_typesupport_cpp.so [0]; searching
        33:	 search path=/work/dynamic_prediction_trace_head_20260929/install/rm_dynamic_prediction_critic/lib:/work/dynamic_prediction_trace_head_20260929/install/nav2_mppi_controller/lib:/ws/build/dynamic_prediction_runtime_head_20260929/install/rm_competition_interfaces/lib:/work/dynamic_prediction_runtime_head_20260929/install/rm_competition_interfaces/lib:/opt/ros/humble/opt/rviz_ogre_vendor/lib:/opt/ros/humble/lib/x86_64-linux-gnu:/opt/ros/humble/opt/openvdb_vendor/lib:/opt/ros/humble/lib		(LD_LIBRARY_PATH)
        33:	  trying file=/work/dynamic_prediction_trace_head_20260929/install/rm_dynamic_prediction_critic/lib/liblifecycle_msgs__rosidl_typesupport_cpp.so
        33:	  trying file=/work/dynamic_prediction_trace_head_20260929/install/nav2_mppi_controller/lib/liblifecycle_msgs__rosidl_typesupport_cpp.so
        33:	  trying file=/ws/build/dynamic_prediction_runtime_head_20260929/install/rm_competition_interfaces/lib/liblifecycle_msgs__rosidl_typesupport_cpp.so
        33:	  trying file=/work/dynamic_prediction_runtime_head_20260929/install/rm_competition_interfaces/lib/liblifecycle_msgs__rosidl_typesupport_cpp.so
        33:	  trying file=/opt/ros/humble/opt/rviz_ogre_vendor/lib/liblifecycle_msgs__rosidl_typesupport_cpp.so
        33:	  trying file=/opt/ros/humble/lib/x86_64-linux-gnu/liblifecycle_msgs__rosidl_typesupport_cpp.so
        33:	  trying file=/opt/ros/humble/opt/openvdb_vendor/lib/liblifecycle_msgs__rosidl_typesupport_cpp.so
        33:	  trying file=/opt/ros/humble/lib/liblifecycle_msgs__rosidl_typesupport_cpp.so
        33:	
        33:	find library=liblifecycle_msgs__rosidl_typesupport_c.so [0]; searching
        33:	 search path=/work/dynamic_prediction_trace_head_20260929/install/rm_dynamic_prediction_critic/lib:/work/dynamic_prediction_trace_head_20260929/install/nav2_mppi_controller/lib:/ws/build/dynamic_prediction_runtime_head_20260929/install/rm_competition_interfaces/lib:/work/dynamic_prediction_runtime_head_20260929/install/rm_competition_interfaces/lib:/opt/ros/humble/opt/rviz_ogre_vendor/lib:/opt/ros/humble/lib/x86_64-linux-gnu:/opt/ros/humble/opt/openvdb_vendor/lib:/opt/ros/humble/lib		(LD_LIBRARY_PATH)
        33:	  trying file=/work/dynamic_prediction_trace_head_20260929/install/rm_dynamic_prediction_critic/lib/liblifecycle_msgs__rosidl_typesupport_c.so
        33:	  trying file=/work/dynamic_prediction_trace_head_20260929/install/nav2_mppi_controller/lib/liblifecycle_msgs__rosidl_typesupport_c.so
        33:	  trying file=/ws/build/dynamic_prediction_runtime_head_20260929/install/rm_competition_interfaces/lib/liblifecycle_msgs__rosidl_typesupport_c.so
        33:	  trying file=/work/dynamic_prediction_runtime_head_20260929/install/rm_competition_interfaces/lib/liblifecycle_msgs__rosidl_typesupport_c.so
        33:	  trying file=/opt/ros/humble/opt/rviz_ogre_vendor/lib/liblifecycle_msgs__rosidl_typesupport_c.so
        33:	  trying file=/opt/ros/humble/lib/x86_64-linux-gnu/liblifecycle_msgs__rosidl_typesupport_c.so
        33:	  trying file=/opt/ros/humble/opt/openvdb_vendor/lib/liblifecycle_msgs__rosidl_typesupport_c.so
        33:	  trying file=/opt/ros/humble/lib/liblifecycle_msgs__rosidl_typesupport_c.so
        33:	
        33:	find library=librcl_logging_spdlog.so [0]; searching
        33:	 search path=/work/dynamic_prediction_trace_head_20260929/install/rm_dynamic_prediction_critic/lib:/work/dynamic_prediction_trace_head_20260929/install/nav2_mppi_controller/lib:/ws/build/dynamic_prediction_runtime_head_20260929/install/rm_competition_interfaces/lib:/work/dynamic_prediction_runtime_head_20260929/install/rm_competition_interfaces/lib:/opt/ros/humble/opt/rviz_ogre_vendor/lib:/opt/ros/humble/lib/x86_64-linux-gnu:/opt/ros/humble/opt/openvdb_vendor/lib:/opt/ros/humble/lib		(LD_LIBRARY_PATH)
        33:	  trying file=/work/dynamic_prediction_trace_head_20260929/install/rm_dynamic_prediction_critic/lib/librcl_logging_spdlog.so
        33:	  trying file=/work/dynamic_prediction_trace_head_20260929/install/nav2_mppi_controller/lib/librcl_logging_spdlog.so
        33:	  trying file=/ws/build/dynamic_prediction_runtime_head_20260929/install/rm_competition_interfaces/lib/librcl_logging_spdlog.so
        33:	  trying file=/work/dynamic_prediction_runtime_head_20260929/install/rm_competition_interfaces/lib/librcl_logging_spdlog.so
        33:	  trying file=/opt/ros/humble/opt/rviz_ogre_vendor/lib/librcl_logging_spdlog.so
        33:	  trying file=/opt/ros/humble/lib/x86_64-linux-gnu/librcl_logging_spdlog.so
        33:	  trying file=/opt/ros/humble/opt/openvdb_vendor/lib/librcl_logging_spdlog.so
        33:	  trying file=/opt/ros/humble/lib/librcl_logging_spdlog.so
        33:	
        33:	find library=librcl_interfaces__rosidl_typesupport_c.so [0]; searching
        33:	 search path=/work/dynamic_prediction_trace_head_20260929/install/rm_dynamic_prediction_critic/lib:/work/dynamic_prediction_trace_head_20260929/install/nav2_mppi_controller/lib:/ws/build/dynamic_prediction_runtime_head_20260929/install/rm_competition_interfaces/lib:/work/dynamic_prediction_runtime_head_20260929/install/rm_competition_interfaces/lib:/opt/ros/humble/opt/rviz_ogre_vendor/lib:/opt/ros/humble/lib/x86_64-linux-gnu:/opt/ros/humble/opt/openvdb_vendor/lib:/opt/ros/humble/lib		(LD_LIBRARY_PATH)
        33:	  trying file=/work/dynamic_prediction_trace_head_20260929/install/rm_dynamic_prediction_critic/lib/librcl_interfaces__rosidl_typesupport_c.so
        33:	  trying file=/work/dynamic_prediction_trace_head_20260929/install/nav2_mppi_controller/lib/librcl_interfaces__rosidl_typesupport_c.so
        33:	  trying file=/ws/build/dynamic_prediction_runtime_head_20260929/install/rm_competition_interfaces/lib/librcl_interfaces__rosidl_typesupport_c.so
        33:	  trying file=/work/dynamic_prediction_runtime_head_20260929/install/rm_competition_interfaces/lib/librcl_interfaces__rosidl_typesupport_c.so
        33:	  trying file=/opt/ros/humble/opt/rviz_ogre_vendor/lib/librcl_interfaces__rosidl_typesupport_c.so
        33:	  trying file=/opt/ros/humble/lib/x86_64-linux-gnu/librcl_interfaces__rosidl_typesupport_c.so
        33:	  trying file=/opt/ros/humble/opt/openvdb_vendor/lib/librcl_interfaces__rosidl_typesupport_c.so
        33:	  trying file=/opt/ros/humble/lib/librcl_interfaces__rosidl_typesupport_c.so
        33:	
        33:	find library=librcl_interfaces__rosidl_generator_c.so [0]; searching
        33:	 search path=/work/dynamic_prediction_trace_head_20260929/install/rm_dynamic_prediction_critic/lib:/work/dynamic_prediction_trace_head_20260929/install/nav2_mppi_controller/lib:/ws/build/dynamic_prediction_runtime_head_20260929/install/rm_competition_interfaces/lib:/work/dynamic_prediction_runtime_head_20260929/install/rm_competition_interfaces/lib:/opt/ros/humble/opt/rviz_ogre_vendor/lib:/opt/ros/humble/lib/x86_64-linux-gnu:/opt/ros/humble/opt/openvdb_vendor/lib:/opt/ros/humble/lib		(LD_LIBRARY_PATH)
        33:	  trying file=/work/dynamic_prediction_trace_head_20260929/install/rm_dynamic_prediction_critic/lib/librcl_interfaces__rosidl_generator_c.so
        33:	  trying file=/work/dynamic_prediction_trace_head_20260929/install/nav2_mppi_controller/lib/librcl_interfaces__rosidl_generator_c.so
        33:	  trying file=/ws/build/dynamic_prediction_runtime_head_20260929/install/rm_competition_interfaces/lib/librcl_interfaces__rosidl_generator_c.so
        33:	  trying file=/work/dynamic_prediction_runtime_head_20260929/install/rm_competition_interfaces/lib/librcl_interfaces__rosidl_generator_c.so
        33:	  trying file=/opt/ros/humble/opt/rviz_ogre_vendor/lib/librcl_interfaces__rosidl_generator_c.so
        33:	  trying file=/opt/ros/humble/lib/x86_64-linux-gnu/librcl_interfaces__rosidl_generator_c.so
        33:	  trying file=/opt/ros/humble/opt/openvdb_vendor/lib/librcl_interfaces__rosidl_generator_c.so
        33:	  trying file=/opt/ros/humble/lib/librcl_interfaces__rosidl_generator_c.so
        33:	
        33:	find library=librosidl_runtime_c.so [0]; searching
        33:	 search path=/work/dynamic_prediction_trace_head_20260929/install/rm_dynamic_prediction_critic/lib:/work/dynamic_prediction_trace_head_20260929/install/nav2_mppi_controller/lib:/ws/build/dynamic_prediction_runtime_head_20260929/install/rm_competition_interfaces/lib:/work/dynamic_prediction_runtime_head_20260929/install/rm_competition_interfaces/lib:/opt/ros/humble/opt/rviz_ogre_vendor/lib:/opt/ros/humble/lib/x86_64-linux-gnu:/opt/ros/humble/opt/openvdb_vendor/lib:/opt/ros/humble/lib		(LD_LIBRARY_PATH)
        33:	  trying file=/work/dynamic_prediction_trace_head_20260929/install/rm_dynamic_prediction_critic/lib/librosidl_runtime_c.so
        33:	  trying file=/work/dynamic_prediction_trace_head_20260929/install/nav2_mppi_controller/lib/librosidl_runtime_c.so
        33:	  trying file=/ws/build/dynamic_prediction_runtime_head_20260929/install/rm_competition_interfaces/lib/librosidl_runtime_c.so
        33:	  trying file=/work/dynamic_prediction_runtime_head_20260929/install/rm_competition_interfaces/lib/librosidl_runtime_c.so
        33:	  trying file=/opt/ros/humble/opt/rviz_ogre_vendor/lib/librosidl_runtime_c.so
        33:	  trying file=/opt/ros/humble/lib/x86_64-linux-gnu/librosidl_runtime_c.so
        33:	  trying file=/opt/ros/humble/opt/openvdb_vendor/lib/librosidl_runtime_c.so
        33:	  trying file=/opt/ros/humble/lib/librosidl_runtime_c.so
        33:	
        33:	find library=librosidl_typesupport_cpp.so [0]; searching
        33:	 search path=/work/dynamic_prediction_trace_head_20260929/install/rm_dynamic_prediction_critic/lib:/work/dynamic_prediction_trace_head_20260929/install/nav2_mppi_controller/lib:/ws/build/dynamic_prediction_runtime_head_20260929/install/rm_competition_interfaces/lib:/work/dynamic_prediction_runtime_head_20260929/install/rm_competition_interfaces/lib:/opt/ros/humble/opt/rviz_ogre_vendor/lib:/opt/ros/humble/lib/x86_64-linux-gnu:/opt/ros/humble/opt/openvdb_vendor/lib:/opt/ros/humble/lib		(LD_LIBRARY_PATH)
        33:	  trying file=/work/dynamic_prediction_trace_head_20260929/install/rm_dynamic_prediction_critic/lib/librosidl_typesupport_cpp.so
        33:	  trying file=/work/dynamic_prediction_trace_head_20260929/install/nav2_mppi_controller/lib/librosidl_typesupport_cpp.so
        33:	  trying file=/ws/build/dynamic_prediction_runtime_head_20260929/install/rm_competition_interfaces/lib/librosidl_typesupport_cpp.so
        33:	  trying file=/work/dynamic_prediction_runtime_head_20260929/install/rm_competition_interfaces/lib/librosidl_typesupport_cpp.so
        33:	  trying file=/opt/ros/humble/opt/rviz_ogre_vendor/lib/librosidl_typesupport_cpp.so
        33:	  trying file=/opt/ros/humble/lib/x86_64-linux-gnu/librosidl_typesupport_cpp.so
        33:	  trying file=/opt/ros/humble/opt/openvdb_vendor/lib/librosidl_typesupport_cpp.so
        33:	  trying file=/opt/ros/humble/lib/librosidl_typesupport_cpp.so
        33:	
        33:	find library=libaction_msgs__rosidl_typesupport_cpp.so [0]; searching
        33:	 search path=/work/dynamic_prediction_trace_head_20260929/install/rm_dynamic_prediction_critic/lib:/work/dynamic_prediction_trace_head_20260929/install/nav2_mppi_controller/lib:/ws/build/dynamic_prediction_runtime_head_20260929/install/rm_competition_interfaces/lib:/work/dynamic_prediction_runtime_head_20260929/install/rm_competition_interfaces/lib:/opt/ros/humble/opt/rviz_ogre_vendor/lib:/opt/ros/humble/lib/x86_64-linux-gnu:/opt/ros/humble/opt/openvdb_vendor/lib:/opt/ros/humble/lib		(LD_LIBRARY_PATH)
        33:	  trying file=/work/dynamic_prediction_trace_head_20260929/install/rm_dynamic_prediction_critic/lib/libaction_msgs__rosidl_typesupport_cpp.so
        33:	  trying file=/work/dynamic_prediction_trace_head_20260929/install/nav2_mppi_controller/lib/libaction_msgs__rosidl_typesupport_cpp.so
        33:	  trying file=/ws/build/dynamic_prediction_runtime_head_20260929/install/rm_competition_interfaces/lib/libaction_msgs__rosidl_typesupport_cpp.so
        33:	  trying file=/work/dynamic_prediction_runtime_head_20260929/install/rm_competition_interfaces/lib/libaction_msgs__rosidl_typesupport_cpp.so
        33:	  trying file=/opt/ros/humble/opt/rviz_ogre_vendor/lib/libaction_msgs__rosidl_typesupport_cpp.so
        33:	  trying file=/opt/ros/humble/lib/x86_64-linux-gnu/libaction_msgs__rosidl_typesupport_cpp.so
        33:	  trying file=/opt/ros/humble/opt/openvdb_vendor/lib/libaction_msgs__rosidl_typesupport_cpp.so
        33:	  trying file=/opt/ros/humble/lib/libaction_msgs__rosidl_typesupport_cpp.so
        33:	
        33:	find library=libbondcpp.so [0]; searching
        33:	 search path=/work/dynamic_prediction_trace_head_20260929/install/rm_dynamic_prediction_critic/lib:/work/dynamic_prediction_trace_head_20260929/install/nav2_mppi_controller/lib:/ws/build/dynamic_prediction_runtime_head_20260929/install/rm_competition_interfaces/lib:/work/dynamic_prediction_runtime_head_20260929/install/rm_competition_interfaces/lib:/opt/ros/humble/opt/rviz_ogre_vendor/lib:/opt/ros/humble/lib/x86_64-linux-gnu:/opt/ros/humble/opt/openvdb_vendor/lib:/opt/ros/humble/lib		(LD_LIBRARY_PATH)
        33:	  trying file=/work/dynamic_prediction_trace_head_20260929/install/rm_dynamic_prediction_critic/lib/libbondcpp.so
        33:	  trying file=/work/dynamic_prediction_trace_head_20260929/install/nav2_mppi_controller/lib/libbondcpp.so
        33:	  trying file=/ws/build/dynamic_prediction_runtime_head_20260929/install/rm_competition_interfaces/lib/libbondcpp.so
        33:	  trying file=/work/dynamic_prediction_runtime_head_20260929/install/rm_competition_interfaces/lib/libbondcpp.so
        33:	  trying file=/opt/ros/humble/opt/rviz_ogre_vendor/lib/libbondcpp.so
        33:	  trying file=/opt/ros/humble/lib/x86_64-linux-gnu/libbondcpp.so
        33:	  trying file=/opt/ros/humble/opt/openvdb_vendor/lib/libbondcpp.so
        33:	  trying file=/opt/ros/humble/lib/libbondcpp.so
        33:	
        33:	find library=librclcpp_action.so [0]; searching
        33:	 search path=/work/dynamic_prediction_trace_head_20260929/install/rm_dynamic_prediction_critic/lib:/work/dynamic_prediction_trace_head_20260929/install/nav2_mppi_controller/lib:/ws/build/dynamic_prediction_runtime_head_20260929/install/rm_competition_interfaces/lib:/work/dynamic_prediction_runtime_head_20260929/install/rm_competition_interfaces/lib:/opt/ros/humble/opt/rviz_ogre_vendor/lib:/opt/ros/humble/lib/x86_64-linux-gnu:/opt/ros/humble/opt/openvdb_vendor/lib:/opt/ros/humble/lib		(LD_LIBRARY_PATH)
        33:	  trying file=/work/dynamic_prediction_trace_head_20260929/install/rm_dynamic_prediction_critic/lib/librclcpp_action.so
        33:	  trying file=/work/dynamic_prediction_trace_head_20260929/install/nav2_mppi_controller/lib/librclcpp_action.so
        33:	  trying file=/ws/build/dynamic_prediction_runtime_head_20260929/install/rm_competition_interfaces/lib/librclcpp_action.so
        33:	  trying file=/work/dynamic_prediction_runtime_head_20260929/install/rm_competition_interfaces/lib/librclcpp_action.so
        33:	  trying file=/opt/ros/humble/opt/rviz_ogre_vendor/lib/librclcpp_action.so
        33:	  trying file=/opt/ros/humble/lib/x86_64-linux-gnu/librclcpp_action.so
        33:	  trying file=/opt/ros/humble/opt/openvdb_vendor/lib/librclcpp_action.so
        33:	  trying file=/opt/ros/humble/lib/librclcpp_action.so
        33:	
        33:	find library=libtf2_msgs__rosidl_typesupport_cpp.so [0]; searching
        33:	 search path=/work/dynamic_prediction_trace_head_20260929/install/rm_dynamic_prediction_critic/lib:/work/dynamic_prediction_trace_head_20260929/install/nav2_mppi_controller/lib:/ws/build/dynamic_prediction_runtime_head_20260929/install/rm_competition_interfaces/lib:/work/dynamic_prediction_runtime_head_20260929/install/rm_competition_interfaces/lib:/opt/ros/humble/opt/rviz_ogre_vendor/lib:/opt/ros/humble/lib/x86_64-linux-gnu:/opt/ros/humble/opt/openvdb_vendor/lib:/opt/ros/humble/lib		(LD_LIBRARY_PATH)
        33:	  trying file=/work/dynamic_prediction_trace_head_20260929/install/rm_dynamic_prediction_critic/lib/libtf2_msgs__rosidl_typesupport_cpp.so
        33:	  trying file=/work/dynamic_prediction_trace_head_20260929/install/nav2_mppi_controller/lib/libtf2_msgs__rosidl_typesupport_cpp.so
        33:	  trying file=/ws/build/dynamic_prediction_runtime_head_20260929/install/rm_competition_interfaces/lib/libtf2_msgs__rosidl_typesupport_cpp.so
        33:	  trying file=/work/dynamic_prediction_runtime_head_20260929/install/rm_competition_interfaces/lib/libtf2_msgs__rosidl_typesupport_cpp.so
        33:	  trying file=/opt/ros/humble/opt/rviz_ogre_vendor/lib/libtf2_msgs__rosidl_typesupport_cpp.so
        33:	  trying file=/opt/ros/humble/lib/x86_64-linux-gnu/libtf2_msgs__rosidl_typesupport_cpp.so
        33:	  trying file=/opt/ros/humble/opt/openvdb_vendor/lib/libtf2_msgs__rosidl_typesupport_cpp.so
        33:	  trying file=/opt/ros/humble/lib/libtf2_msgs__rosidl_typesupport_cpp.so
        33:	
        33:	find library=libyaml.so [0]; searching
        33:	 search path=/work/dynamic_prediction_trace_head_20260929/install/rm_dynamic_prediction_critic/lib:/work/dynamic_prediction_trace_head_20260929/install/nav2_mppi_controller/lib:/ws/build/dynamic_prediction_runtime_head_20260929/install/rm_competition_interfaces/lib:/work/dynamic_prediction_runtime_head_20260929/install/rm_competition_interfaces/lib:/opt/ros/humble/opt/rviz_ogre_vendor/lib:/opt/ros/humble/lib/x86_64-linux-gnu:/opt/ros/humble/opt/openvdb_vendor/lib:/opt/ros/humble/lib		(LD_LIBRARY_PATH)
        33:	  trying file=/work/dynamic_prediction_trace_head_20260929/install/rm_dynamic_prediction_critic/lib/libyaml.so
        33:	  trying file=/work/dynamic_prediction_trace_head_20260929/install/nav2_mppi_controller/lib/libyaml.so
        33:	  trying file=/ws/build/dynamic_prediction_runtime_head_20260929/install/rm_competition_interfaces/lib/libyaml.so
        33:	  trying file=/work/dynamic_prediction_runtime_head_20260929/install/rm_competition_interfaces/lib/libyaml.so
        33:	  trying file=/opt/ros/humble/opt/rviz_ogre_vendor/lib/libyaml.so
        33:	  trying file=/opt/ros/humble/lib/x86_64-linux-gnu/libyaml.so
        33:	  trying file=/opt/ros/humble/opt/openvdb_vendor/lib/libyaml.so
        33:	  trying file=/opt/ros/humble/lib/libyaml.so
        33:	
        33:	find library=liblifecycle_msgs__rosidl_generator_c.so [0]; searching
        33:	 search path=/work/dynamic_prediction_trace_head_20260929/install/rm_dynamic_prediction_critic/lib:/work/dynamic_prediction_trace_head_20260929/install/nav2_mppi_controller/lib:/ws/build/dynamic_prediction_runtime_head_20260929/install/rm_competition_interfaces/lib:/work/dynamic_prediction_runtime_head_20260929/install/rm_competition_interfaces/lib:/opt/ros/humble/opt/rviz_ogre_vendor/lib:/opt/ros/humble/lib/x86_64-linux-gnu:/opt/ros/humble/opt/openvdb_vendor/lib:/opt/ros/humble/lib		(LD_LIBRARY_PATH)
        33:	  trying file=/work/dynamic_prediction_trace_head_20260929/install/rm_dynamic_prediction_critic/lib/liblifecycle_msgs__rosidl_generator_c.so
        33:	  trying file=/work/dynamic_prediction_trace_head_20260929/install/nav2_mppi_controller/lib/liblifecycle_msgs__rosidl_generator_c.so
        33:	  trying file=/ws/build/dynamic_prediction_runtime_head_20260929/install/rm_competition_interfaces/lib/liblifecycle_msgs__rosidl_generator_c.so
        33:	  trying file=/work/dynamic_prediction_runtime_head_20260929/install/rm_competition_interfaces/lib/liblifecycle_msgs__rosidl_generator_c.so
        33:	  trying file=/opt/ros/humble/opt/rviz_ogre_vendor/lib/liblifecycle_msgs__rosidl_generator_c.so
        33:	  trying file=/opt/ros/humble/lib/x86_64-linux-gnu/liblifecycle_msgs__rosidl_generator_c.so
        33:	  trying file=/opt/ros/humble/opt/openvdb_vendor/lib/liblifecycle_msgs__rosidl_generator_c.so
        33:	  trying file=/opt/ros/humble/lib/liblifecycle_msgs__rosidl_generator_c.so
        33:	
        33:	find library=librosidl_typesupport_c.so [0]; searching
        33:	 search path=/work/dynamic_prediction_trace_head_20260929/install/rm_dynamic_prediction_critic/lib:/work/dynamic_prediction_trace_head_20260929/install/nav2_mppi_controller/lib:/ws/build/dynamic_prediction_runtime_head_20260929/install/rm_competition_interfaces/lib:/work/dynamic_prediction_runtime_head_20260929/install/rm_competition_interfaces/lib:/opt/ros/humble/opt/rviz_ogre_vendor/lib:/opt/ros/humble/lib/x86_64-linux-gnu:/opt/ros/humble/opt/openvdb_vendor/lib:/opt/ros/humble/lib		(LD_LIBRARY_PATH)
        33:	  trying file=/work/dynamic_prediction_trace_head_20260929/install/rm_dynamic_prediction_critic/lib/librosidl_typesupport_c.so
        33:	  trying file=/work/dynamic_prediction_trace_head_20260929/install/nav2_mppi_controller/lib/librosidl_typesupport_c.so
        33:	  trying file=/ws/build/dynamic_prediction_runtime_head_20260929/install/rm_competition_interfaces/lib/librosidl_typesupport_c.so
        33:	  trying file=/work/dynamic_prediction_runtime_head_20260929/install/rm_competition_interfaces/lib/librosidl_typesupport_c.so
        33:	  trying file=/opt/ros/humble/opt/rviz_ogre_vendor/lib/librosidl_typesupport_c.so
        33:	  trying file=/opt/ros/humble/lib/x86_64-linux-gnu/librosidl_typesupport_c.so
        33:	  trying file=/opt/ros/humble/opt/openvdb_vendor/lib/librosidl_typesupport_c.so
        33:	  trying file=/opt/ros/humble/lib/librosidl_typesupport_c.so
        33:	
        33:	find library=libspdlog.so.1 [0]; searching
        33:	 search path=/work/dynamic_prediction_trace_head_20260929/install/rm_dynamic_prediction_critic/lib:/work/dynamic_prediction_trace_head_20260929/install/nav2_mppi_controller/lib:/ws/build/dynamic_prediction_runtime_head_20260929/install/rm_competition_interfaces/lib:/work/dynamic_prediction_runtime_head_20260929/install/rm_competition_interfaces/lib:/opt/ros/humble/opt/rviz_ogre_vendor/lib:/opt/ros/humble/lib/x86_64-linux-gnu:/opt/ros/humble/opt/openvdb_vendor/lib:/opt/ros/humble/lib		(LD_LIBRARY_PATH)
        33:	  trying file=/work/dynamic_prediction_trace_head_20260929/install/rm_dynamic_prediction_critic/lib/libspdlog.so.1
        33:	  trying file=/work/dynamic_prediction_trace_head_20260929/install/nav2_mppi_controller/lib/libspdlog.so.1
        33:	  trying file=/ws/build/dynamic_prediction_runtime_head_20260929/install/rm_competition_interfaces/lib/libspdlog.so.1
        33:	  trying file=/work/dynamic_prediction_runtime_head_20260929/install/rm_competition_interfaces/lib/libspdlog.so.1
        33:	  trying file=/opt/ros/humble/opt/rviz_ogre_vendor/lib/libspdlog.so.1
        33:	  trying file=/opt/ros/humble/lib/x86_64-linux-gnu/libspdlog.so.1
        33:	  trying file=/opt/ros/humble/opt/openvdb_vendor/lib/libspdlog.so.1
        33:	  trying file=/opt/ros/humble/lib/libspdlog.so.1
        33:	 search cache=/etc/ld.so.cache
        33:	  trying file=/lib/x86_64-linux-gnu/libspdlog.so.1
        33:	
        33:	find library=libbuiltin_interfaces__rosidl_generator_c.so [0]; searching
        33:	 search path=/work/dynamic_prediction_trace_head_20260929/install/rm_dynamic_prediction_critic/lib:/work/dynamic_prediction_trace_head_20260929/install/nav2_mppi_controller/lib:/ws/build/dynamic_prediction_runtime_head_20260929/install/rm_competition_interfaces/lib:/work/dynamic_prediction_runtime_head_20260929/install/rm_competition_interfaces/lib:/opt/ros/humble/opt/rviz_ogre_vendor/lib:/opt/ros/humble/lib/x86_64-linux-gnu:/opt/ros/humble/opt/openvdb_vendor/lib:/opt/ros/humble/lib		(LD_LIBRARY_PATH)
        33:	  trying file=/work/dynamic_prediction_trace_head_20260929/install/rm_dynamic_prediction_critic/lib/libbuiltin_interfaces__rosidl_generator_c.so
        33:	  trying file=/work/dynamic_prediction_trace_head_20260929/install/nav2_mppi_controller/lib/libbuiltin_interfaces__rosidl_generator_c.so
        33:	  trying file=/ws/build/dynamic_prediction_runtime_head_20260929/install/rm_competition_interfaces/lib/libbuiltin_interfaces__rosidl_generator_c.so
        33:	  trying file=/work/dynamic_prediction_runtime_head_20260929/install/rm_competition_interfaces/lib/libbuiltin_interfaces__rosidl_generator_c.so
        33:	  trying file=/opt/ros/humble/opt/rviz_ogre_vendor/lib/libbuiltin_interfaces__rosidl_generator_c.so
        33:	  trying file=/opt/ros/humble/lib/x86_64-linux-gnu/libbuiltin_interfaces__rosidl_generator_c.so
        33:	  trying file=/opt/ros/humble/opt/openvdb_vendor/lib/libbuiltin_interfaces__rosidl_generator_c.so
        33:	  trying file=/opt/ros/humble/lib/libbuiltin_interfaces__rosidl_generator_c.so
        33:	
        33:	find library=libbond__rosidl_typesupport_cpp.so [0]; searching
        33:	 search path=/work/dynamic_prediction_trace_head_20260929/install/rm_dynamic_prediction_critic/lib:/work/dynamic_prediction_trace_head_20260929/install/nav2_mppi_controller/lib:/ws/build/dynamic_prediction_runtime_head_20260929/install/rm_competition_interfaces/lib:/work/dynamic_prediction_runtime_head_20260929/install/rm_competition_interfaces/lib:/opt/ros/humble/opt/rviz_ogre_vendor/lib:/opt/ros/humble/lib/x86_64-linux-gnu:/opt/ros/humble/opt/openvdb_vendor/lib:/opt/ros/humble/lib		(LD_LIBRARY_PATH)
        33:	  trying file=/work/dynamic_prediction_trace_head_20260929/install/rm_dynamic_prediction_critic/lib/libbond__rosidl_typesupport_cpp.so
        33:	  trying file=/work/dynamic_prediction_trace_head_20260929/install/nav2_mppi_controller/lib/libbond__rosidl_typesupport_cpp.so
        33:	  trying file=/ws/build/dynamic_prediction_runtime_head_20260929/install/rm_competition_interfaces/lib/libbond__rosidl_typesupport_cpp.so
        33:	  trying file=/work/dynamic_prediction_runtime_head_20260929/install/rm_competition_interfaces/lib/libbond__rosidl_typesupport_cpp.so
        33:	  trying file=/opt/ros/humble/opt/rviz_ogre_vendor/lib/libbond__rosidl_typesupport_cpp.so
        33:	  trying file=/opt/ros/humble/lib/x86_64-linux-gnu/libbond__rosidl_typesupport_cpp.so
        33:	  trying file=/opt/ros/humble/opt/openvdb_vendor/lib/libbond__rosidl_typesupport_cpp.so
        33:	  trying file=/opt/ros/humble/lib/libbond__rosidl_typesupport_cpp.so
        33:	
        33:	find library=libuuid.so.1 [0]; searching
        33:	 search path=/work/dynamic_prediction_trace_head_20260929/install/rm_dynamic_prediction_critic/lib:/work/dynamic_prediction_trace_head_20260929/install/nav2_mppi_controller/lib:/ws/build/dynamic_prediction_runtime_head_20260929/install/rm_competition_interfaces/lib:/work/dynamic_prediction_runtime_head_20260929/install/rm_competition_interfaces/lib:/opt/ros/humble/opt/rviz_ogre_vendor/lib:/opt/ros/humble/lib/x86_64-linux-gnu:/opt/ros/humble/opt/openvdb_vendor/lib:/opt/ros/humble/lib		(LD_LIBRARY_PATH)
        33:	  trying file=/work/dynamic_prediction_trace_head_20260929/install/rm_dynamic_prediction_critic/lib/libuuid.so.1
        33:	  trying file=/work/dynamic_prediction_trace_head_20260929/install/nav2_mppi_controller/lib/libuuid.so.1
        33:	  trying file=/ws/build/dynamic_prediction_runtime_head_20260929/install/rm_competition_interfaces/lib/libuuid.so.1
        33:	  trying file=/work/dynamic_prediction_runtime_head_20260929/install/rm_competition_interfaces/lib/libuuid.so.1
        33:	  trying file=/opt/ros/humble/opt/rviz_ogre_vendor/lib/libuuid.so.1
        33:	  trying file=/opt/ros/humble/lib/x86_64-linux-gnu/libuuid.so.1
        33:	  trying file=/opt/ros/humble/opt/openvdb_vendor/lib/libuuid.so.1
        33:	  trying file=/opt/ros/humble/lib/libuuid.so.1
        33:	 search cache=/etc/ld.so.cache
        33:	  trying file=/lib/x86_64-linux-gnu/libuuid.so.1
        33:	
        33:	find library=librcl_action.so [0]; searching
        33:	 search path=/work/dynamic_prediction_trace_head_20260929/install/rm_dynamic_prediction_critic/lib:/work/dynamic_prediction_trace_head_20260929/install/nav2_mppi_controller/lib:/ws/build/dynamic_prediction_runtime_head_20260929/install/rm_competition_interfaces/lib:/work/dynamic_prediction_runtime_head_20260929/install/rm_competition_interfaces/lib:/opt/ros/humble/opt/rviz_ogre_vendor/lib:/opt/ros/humble/lib/x86_64-linux-gnu:/opt/ros/humble/opt/openvdb_vendor/lib:/opt/ros/humble/lib		(LD_LIBRARY_PATH)
        33:	  trying file=/work/dynamic_prediction_trace_head_20260929/install/rm_dynamic_prediction_critic/lib/librcl_action.so
        33:	  trying file=/work/dynamic_prediction_trace_head_20260929/install/nav2_mppi_controller/lib/librcl_action.so
        33:	  trying file=/ws/build/dynamic_prediction_runtime_head_20260929/install/rm_competition_interfaces/lib/librcl_action.so
        33:	  trying file=/work/dynamic_prediction_runtime_head_20260929/install/rm_competition_interfaces/lib/librcl_action.so
        33:	  trying file=/opt/ros/humble/opt/rviz_ogre_vendor/lib/librcl_action.so
        33:	  trying file=/opt/ros/humble/lib/x86_64-linux-gnu/librcl_action.so
        33:	  trying file=/opt/ros/humble/opt/openvdb_vendor/lib/librcl_action.so
        33:	  trying file=/opt/ros/humble/lib/librcl_action.so
        33:	
        33:	find library=libfmt.so.8 [0]; searching
        33:	 search path=/work/dynamic_prediction_trace_head_20260929/install/rm_dynamic_prediction_critic/lib:/work/dynamic_prediction_trace_head_20260929/install/nav2_mppi_controller/lib:/ws/build/dynamic_prediction_runtime_head_20260929/install/rm_competition_interfaces/lib:/work/dynamic_prediction_runtime_head_20260929/install/rm_competition_interfaces/lib:/opt/ros/humble/opt/rviz_ogre_vendor/lib:/opt/ros/humble/lib/x86_64-linux-gnu:/opt/ros/humble/opt/openvdb_vendor/lib:/opt/ros/humble/lib		(LD_LIBRARY_PATH)
        33:	  trying file=/work/dynamic_prediction_trace_head_20260929/install/rm_dynamic_prediction_critic/lib/libfmt.so.8
        33:	  trying file=/work/dynamic_prediction_trace_head_20260929/install/nav2_mppi_controller/lib/libfmt.so.8
        33:	  trying file=/ws/build/dynamic_prediction_runtime_head_20260929/install/rm_competition_interfaces/lib/libfmt.so.8
        33:	  trying file=/work/dynamic_prediction_runtime_head_20260929/install/rm_competition_interfaces/lib/libfmt.so.8
        33:	  trying file=/opt/ros/humble/opt/rviz_ogre_vendor/lib/libfmt.so.8
        33:	  trying file=/opt/ros/humble/lib/x86_64-linux-gnu/libfmt.so.8
        33:	  trying file=/opt/ros/humble/opt/openvdb_vendor/lib/libfmt.so.8
        33:	  trying file=/opt/ros/humble/lib/libfmt.so.8
        33:	 search cache=/etc/ld.so.cache
        33:	  trying file=/lib/x86_64-linux-gnu/libfmt.so.8
        33:	
        33:	
        33:	calling init: /lib64/ld-linux-x86-64.so.2
        33:	
        33:	
        33:	calling init: /lib/x86_64-linux-gnu/libc.so.6
        33:	
        33:	
        33:	calling init: /lib/x86_64-linux-gnu/libm.so.6
        33:	
        33:	
        33:	calling init: /lib/x86_64-linux-gnu/libgcc_s.so.1
        33:	
        33:	
        33:	calling init: /lib/x86_64-linux-gnu/libstdc++.so.6
        33:	
        33:	
        33:	calling init: /lib/x86_64-linux-gnu/libfmt.so.8
        33:	
        33:	
        33:	calling init: /opt/ros/humble/lib/libyaml.so
        33:	
        33:	
        33:	calling init: /opt/ros/humble/lib/librcutils.so
        33:	
        33:	
        33:	calling init: /opt/ros/humble/lib/librmw.so
        33:	
        33:	
        33:	calling init: /opt/ros/humble/lib/librcl_yaml_param_parser.so
        33:	
        33:	
        33:	calling init: /opt/ros/humble/lib/libament_index_cpp.so
        33:	
        33:	
        33:	calling init: /opt/ros/humble/lib/librcpputils.so
        33:	
        33:	
        33:	calling init: /opt/ros/humble/lib/librmw_implementation.so
        33:	
        33:	
        33:	calling init: /lib/x86_64-linux-gnu/libspdlog.so.1
        33:	
        33:	
        33:	calling init: /opt/ros/humble/lib/librcl_logging_interface.so
        33:	
        33:	
        33:	calling init: /opt/ros/humble/lib/librcl_logging_spdlog.so
        33:	
        33:	
        33:	calling init: /opt/ros/humble/lib/libtracetools.so
        33:	
        33:	
        33:	calling init: /opt/ros/humble/lib/librosidl_typesupport_c.so
        33:	
        33:	
        33:	calling init: /opt/ros/humble/lib/librcl_interfaces__rosidl_typesupport_c.so
        33:	
        33:	
        33:	calling init: /opt/ros/humble/lib/libbuiltin_interfaces__rosidl_generator_c.so
        33:	
        33:	
        33:	calling init: /opt/ros/humble/lib/librosidl_runtime_c.so
        33:	
        33:	
        33:	calling init: /opt/ros/humble/lib/librcl_interfaces__rosidl_generator_c.so
        33:	
        33:	
        33:	calling init: /opt/ros/humble/lib/librcl.so
        33:	
        33:	
        33:	calling init: /opt/ros/humble/lib/librcl_action.so
        33:	
        33:	
        33:	calling init: /lib/x86_64-linux-gnu/libuuid.so.1
        33:	
        33:	
        33:	calling init: /opt/ros/humble/lib/librosidl_typesupport_cpp.so
        33:	
        33:	
        33:	calling init: /opt/ros/humble/lib/libbond__rosidl_typesupport_cpp.so
        33:	
        33:	
        33:	calling init: /opt/ros/humble/lib/liblifecycle_msgs__rosidl_generator_c.so
        33:	
        33:	
        33:	calling init: /opt/ros/humble/lib/libaction_msgs__rosidl_typesupport_cpp.so
        33:	
        33:	
        33:	calling init: /opt/ros/humble/lib/libtf2_msgs__rosidl_typesupport_cpp.so
        33:	
        33:	
        33:	calling init: /opt/ros/humble/lib/liblibstatistics_collector.so
        33:	
        33:	
        33:	calling init: /opt/ros/humble/lib/librosgraph_msgs__rosidl_typesupport_cpp.so
        33:	
        33:	
        33:	calling init: /opt/ros/humble/lib/libstatistics_msgs__rosidl_typesupport_cpp.so
        33:	
        33:	
        33:	calling init: /opt/ros/humble/lib/librcl_interfaces__rosidl_typesupport_cpp.so
        33:	
        33:	
        33:	calling init: /opt/ros/humble/lib/librclcpp.so
        33:	
        33:	
        33:	calling init: /opt/ros/humble/lib/librclcpp_action.so
        33:	
        33:	
        33:	calling init: /opt/ros/humble/lib/librcl_lifecycle.so
        33:	
        33:	
        33:	calling init: /opt/ros/humble/lib/liblifecycle_msgs__rosidl_typesupport_cpp.so
        33:	
        33:	
        33:	calling init: /opt/ros/humble/lib/liblifecycle_msgs__rosidl_typesupport_c.so
        33:	
        33:	
        33:	calling init: /opt/ros/humble/lib/librclcpp_lifecycle.so
        33:	
        33:	
        33:	calling init: /opt/ros/humble/lib/libbondcpp.so
        33:	
        33:	
        33:	calling init: /lib/x86_64-linux-gnu/libconsole_bridge.so.1.0
        33:	
        33:	
        33:	calling init: /opt/ros/humble/lib/libtf2.so
        33:	
        33:	
        33:	calling init: /opt/ros/humble/lib/libtf2_ros.so
        33:	
        33:	
        33:	calling init: /opt/ros/humble/lib/libgeometry_msgs__rosidl_typesupport_cpp.so
        33:	
        33:	
        33:	calling init: /opt/ros/humble/lib/libnav_msgs__rosidl_typesupport_cpp.so
        33:	
        33:	
        33:	calling init: /lib/x86_64-linux-gnu/liborocos-kdl.so.1.5
        33:	
        33:	
        33:	calling init: /opt/ros/humble/lib/libnav2_util_core.so
        33:	
        33:	
        33:	calling init: /opt/ros/humble/lib/libstd_srvs__rosidl_typesupport_cpp.so
        33:	
        33:	
        33:	calling init: /opt/ros/humble/lib/libnav2_msgs__rosidl_typesupport_cpp.so
        33:	
        33:	
        33:	calling init: /opt/ros/humble/lib/libmap_msgs__rosidl_typesupport_cpp.so
        33:	
        33:	
        33:	calling init: /lib/x86_64-linux-gnu/libmvec.so.1
        33:	
        33:	
        33:	calling init: /opt/ros/humble/lib/libclass_loader.so
        33:	
        33:	
        33:	calling init: /opt/ros/humble/lib/libvisualization_msgs__rosidl_typesupport_cpp.so
        33:	
        33:	
        33:	calling init: /lib/x86_64-linux-gnu/libtinyxml2.so.9
        33:	
        33:	
        33:	calling init: /opt/ros/humble/lib/libnav2_costmap_2d_core.so
        33:	
        33:	
        33:	calling init: /work/dynamic_prediction_trace_head_20260929/install/nav2_mppi_controller/lib/libmppi_controller.so
        33:	
        33:	
        33:	initialize program: /work/phase2_native_mask_head_20260929/install/costmap_mask_probe_cpp/lib/costmap_mask_probe_cpp/frozen_critic_score
        33:	
        33:	
        33:	transferring control: /work/phase2_native_mask_head_20260929/install/costmap_mask_probe_cpp/lib/costmap_mask_probe_cpp/frozen_critic_score
        33:	
        33:	find library=librmw_fastrtps_cpp.so [0]; searching
        33:	 search path=/work/dynamic_prediction_trace_head_20260929/install/rm_dynamic_prediction_critic/lib:/work/dynamic_prediction_trace_head_20260929/install/nav2_mppi_controller/lib:/ws/build/dynamic_prediction_runtime_head_20260929/install/rm_competition_interfaces/lib:/work/dynamic_prediction_runtime_head_20260929/install/rm_competition_interfaces/lib:/opt/ros/humble/opt/rviz_ogre_vendor/lib:/opt/ros/humble/lib/x86_64-linux-gnu:/opt/ros/humble/opt/openvdb_vendor/lib:/opt/ros/humble/lib		(LD_LIBRARY_PATH)
        33:	  trying file=/work/dynamic_prediction_trace_head_20260929/install/rm_dynamic_prediction_critic/lib/librmw_fastrtps_cpp.so
        33:	  trying file=/work/dynamic_prediction_trace_head_20260929/install/nav2_mppi_controller/lib/librmw_fastrtps_cpp.so
        33:	  trying file=/ws/build/dynamic_prediction_runtime_head_20260929/install/rm_competition_interfaces/lib/librmw_fastrtps_cpp.so
        33:	  trying file=/work/dynamic_prediction_runtime_head_20260929/install/rm_competition_interfaces/lib/librmw_fastrtps_cpp.so
        33:	  trying file=/opt/ros/humble/opt/rviz_ogre_vendor/lib/librmw_fastrtps_cpp.so
        33:	  trying file=/opt/ros/humble/lib/x86_64-linux-gnu/librmw_fastrtps_cpp.so
        33:	  trying file=/opt/ros/humble/opt/openvdb_vendor/lib/librmw_fastrtps_cpp.so
        33:	  trying file=/opt/ros/humble/lib/librmw_fastrtps_cpp.so
        33:	
        33:	find library=librmw_fastrtps_shared_cpp.so [0]; searching
        33:	 search path=/work/dynamic_prediction_trace_head_20260929/install/rm_dynamic_prediction_critic/lib:/work/dynamic_prediction_trace_head_20260929/install/nav2_mppi_controller/lib:/ws/build/dynamic_prediction_runtime_head_20260929/install/rm_competition_interfaces/lib:/work/dynamic_prediction_runtime_head_20260929/install/rm_competition_interfaces/lib:/opt/ros/humble/opt/rviz_ogre_vendor/lib:/opt/ros/humble/lib/x86_64-linux-gnu:/opt/ros/humble/opt/openvdb_vendor/lib:/opt/ros/humble/lib		(LD_LIBRARY_PATH)
        33:	  trying file=/work/dynamic_prediction_trace_head_20260929/install/rm_dynamic_prediction_critic/lib/librmw_fastrtps_shared_cpp.so
        33:	  trying file=/work/dynamic_prediction_trace_head_20260929/install/nav2_mppi_controller/lib/librmw_fastrtps_shared_cpp.so
        33:	  trying file=/ws/build/dynamic_prediction_runtime_head_20260929/install/rm_competition_interfaces/lib/librmw_fastrtps_shared_cpp.so
        33:	  trying file=/work/dynamic_prediction_runtime_head_20260929/install/rm_competition_interfaces/lib/librmw_fastrtps_shared_cpp.so
        33:	  trying file=/opt/ros/humble/opt/rviz_ogre_vendor/lib/librmw_fastrtps_shared_cpp.so
        33:	  trying file=/opt/ros/humble/lib/x86_64-linux-gnu/librmw_fastrtps_shared_cpp.so
        33:	  trying file=/opt/ros/humble/opt/openvdb_vendor/lib/librmw_fastrtps_shared_cpp.so
        33:	  trying file=/opt/ros/humble/lib/librmw_fastrtps_shared_cpp.so
        33:	
        33:	find library=libfastrtps.so.2.6 [0]; searching
        33:	 search path=/work/dynamic_prediction_trace_head_20260929/install/rm_dynamic_prediction_critic/lib:/work/dynamic_prediction_trace_head_20260929/install/nav2_mppi_controller/lib:/ws/build/dynamic_prediction_runtime_head_20260929/install/rm_competition_interfaces/lib:/work/dynamic_prediction_runtime_head_20260929/install/rm_competition_interfaces/lib:/opt/ros/humble/opt/rviz_ogre_vendor/lib:/opt/ros/humble/lib/x86_64-linux-gnu:/opt/ros/humble/opt/openvdb_vendor/lib:/opt/ros/humble/lib		(LD_LIBRARY_PATH)
        33:	  trying file=/work/dynamic_prediction_trace_head_20260929/install/rm_dynamic_prediction_critic/lib/libfastrtps.so.2.6
        33:	  trying file=/work/dynamic_prediction_trace_head_20260929/install/nav2_mppi_controller/lib/libfastrtps.so.2.6
        33:	  trying file=/ws/build/dynamic_prediction_runtime_head_20260929/install/rm_competition_interfaces/lib/libfastrtps.so.2.6
        33:	  trying file=/work/dynamic_prediction_runtime_head_20260929/install/rm_competition_interfaces/lib/libfastrtps.so.2.6
        33:	  trying file=/opt/ros/humble/opt/rviz_ogre_vendor/lib/libfastrtps.so.2.6
        33:	  trying file=/opt/ros/humble/lib/x86_64-linux-gnu/libfastrtps.so.2.6
        33:	  trying file=/opt/ros/humble/opt/openvdb_vendor/lib/libfastrtps.so.2.6
        33:	  trying file=/opt/ros/humble/lib/libfastrtps.so.2.6
        33:	
        33:	find library=librosidl_typesupport_fastrtps_c.so [0]; searching
        33:	 search path=/work/dynamic_prediction_trace_head_20260929/install/rm_dynamic_prediction_critic/lib:/work/dynamic_prediction_trace_head_20260929/install/nav2_mppi_controller/lib:/ws/build/dynamic_prediction_runtime_head_20260929/install/rm_competition_interfaces/lib:/work/dynamic_prediction_runtime_head_20260929/install/rm_competition_interfaces/lib:/opt/ros/humble/opt/rviz_ogre_vendor/lib:/opt/ros/humble/lib/x86_64-linux-gnu:/opt/ros/humble/opt/openvdb_vendor/lib:/opt/ros/humble/lib		(LD_LIBRARY_PATH)
        33:	  trying file=/work/dynamic_prediction_trace_head_20260929/install/rm_dynamic_prediction_critic/lib/librosidl_typesupport_fastrtps_c.so
        33:	  trying file=/work/dynamic_prediction_trace_head_20260929/install/nav2_mppi_controller/lib/librosidl_typesupport_fastrtps_c.so
        33:	  trying file=/ws/build/dynamic_prediction_runtime_head_20260929/install/rm_competition_interfaces/lib/librosidl_typesupport_fastrtps_c.so
        33:	  trying file=/work/dynamic_prediction_runtime_head_20260929/install/rm_competition_interfaces/lib/librosidl_typesupport_fastrtps_c.so
        33:	  trying file=/opt/ros/humble/opt/rviz_ogre_vendor/lib/librosidl_typesupport_fastrtps_c.so
        33:	  trying file=/opt/ros/humble/lib/x86_64-linux-gnu/librosidl_typesupport_fastrtps_c.so
        33:	  trying file=/opt/ros/humble/opt/openvdb_vendor/lib/librosidl_typesupport_fastrtps_c.so
        33:	  trying file=/opt/ros/humble/lib/librosidl_typesupport_fastrtps_c.so
        33:	
        33:	find library=librosidl_typesupport_fastrtps_cpp.so [0]; searching
        33:	 search path=/work/dynamic_prediction_trace_head_20260929/install/rm_dynamic_prediction_critic/lib:/work/dynamic_prediction_trace_head_20260929/install/nav2_mppi_controller/lib:/ws/build/dynamic_prediction_runtime_head_20260929/install/rm_competition_interfaces/lib:/work/dynamic_prediction_runtime_head_20260929/install/rm_competition_interfaces/lib:/opt/ros/humble/opt/rviz_ogre_vendor/lib:/opt/ros/humble/lib/x86_64-linux-gnu:/opt/ros/humble/opt/openvdb_vendor/lib:/opt/ros/humble/lib		(LD_LIBRARY_PATH)
        33:	  trying file=/work/dynamic_prediction_trace_head_20260929/install/rm_dynamic_prediction_critic/lib/librosidl_typesupport_fastrtps_cpp.so
        33:	  trying file=/work/dynamic_prediction_trace_head_20260929/install/nav2_mppi_controller/lib/librosidl_typesupport_fastrtps_cpp.so
        33:	  trying file=/ws/build/dynamic_prediction_runtime_head_20260929/install/rm_competition_interfaces/lib/librosidl_typesupport_fastrtps_cpp.so
        33:	  trying file=/work/dynamic_prediction_runtime_head_20260929/install/rm_competition_interfaces/lib/librosidl_typesupport_fastrtps_cpp.so
        33:	  trying file=/opt/ros/humble/opt/rviz_ogre_vendor/lib/librosidl_typesupport_fastrtps_cpp.so
        33:	  trying file=/opt/ros/humble/lib/x86_64-linux-gnu/librosidl_typesupport_fastrtps_cpp.so
        33:	  trying file=/opt/ros/humble/opt/openvdb_vendor/lib/librosidl_typesupport_fastrtps_cpp.so
        33:	  trying file=/opt/ros/humble/lib/librosidl_typesupport_fastrtps_cpp.so
        33:	
        33:	find library=libfastcdr.so.1 [0]; searching
        33:	 search path=/work/dynamic_prediction_trace_head_20260929/install/rm_dynamic_prediction_critic/lib:/work/dynamic_prediction_trace_head_20260929/install/nav2_mppi_controller/lib:/ws/build/dynamic_prediction_runtime_head_20260929/install/rm_competition_interfaces/lib:/work/dynamic_prediction_runtime_head_20260929/install/rm_competition_interfaces/lib:/opt/ros/humble/opt/rviz_ogre_vendor/lib:/opt/ros/humble/lib/x86_64-linux-gnu:/opt/ros/humble/opt/openvdb_vendor/lib:/opt/ros/humble/lib		(LD_LIBRARY_PATH)
        33:	  trying file=/work/dynamic_prediction_trace_head_20260929/install/rm_dynamic_prediction_critic/lib/libfastcdr.so.1
        33:	  trying file=/work/dynamic_prediction_trace_head_20260929/install/nav2_mppi_controller/lib/libfastcdr.so.1
        33:	  trying file=/ws/build/dynamic_prediction_runtime_head_20260929/install/rm_competition_interfaces/lib/libfastcdr.so.1
        33:	  trying file=/work/dynamic_prediction_runtime_head_20260929/install/rm_competition_interfaces/lib/libfastcdr.so.1
        33:	  trying file=/opt/ros/humble/opt/rviz_ogre_vendor/lib/libfastcdr.so.1
        33:	  trying file=/opt/ros/humble/lib/x86_64-linux-gnu/libfastcdr.so.1
        33:	  trying file=/opt/ros/humble/opt/openvdb_vendor/lib/libfastcdr.so.1
        33:	  trying file=/opt/ros/humble/lib/libfastcdr.so.1
        33:	
        33:	find library=librmw_dds_common.so [0]; searching
        33:	 search path=/work/dynamic_prediction_trace_head_20260929/install/rm_dynamic_prediction_critic/lib:/work/dynamic_prediction_trace_head_20260929/install/nav2_mppi_controller/lib:/ws/build/dynamic_prediction_runtime_head_20260929/install/rm_competition_interfaces/lib:/work/dynamic_prediction_runtime_head_20260929/install/rm_competition_interfaces/lib:/opt/ros/humble/opt/rviz_ogre_vendor/lib:/opt/ros/humble/lib/x86_64-linux-gnu:/opt/ros/humble/opt/openvdb_vendor/lib:/opt/ros/humble/lib		(LD_LIBRARY_PATH)
        33:	  trying file=/work/dynamic_prediction_trace_head_20260929/install/rm_dynamic_prediction_critic/lib/librmw_dds_common.so
        33:	  trying file=/work/dynamic_prediction_trace_head_20260929/install/nav2_mppi_controller/lib/librmw_dds_common.so
        33:	  trying file=/ws/build/dynamic_prediction_runtime_head_20260929/install/rm_competition_interfaces/lib/librmw_dds_common.so
        33:	  trying file=/work/dynamic_prediction_runtime_head_20260929/install/rm_competition_interfaces/lib/librmw_dds_common.so
        33:	  trying file=/opt/ros/humble/opt/rviz_ogre_vendor/lib/librmw_dds_common.so
        33:	  trying file=/opt/ros/humble/lib/x86_64-linux-gnu/librmw_dds_common.so
        33:	  trying file=/opt/ros/humble/opt/openvdb_vendor/lib/librmw_dds_common.so
        33:	  trying file=/opt/ros/humble/lib/librmw_dds_common.so
        33:	
        33:	find library=librmw_dds_common__rosidl_typesupport_cpp.so [0]; searching
        33:	 search path=/work/dynamic_prediction_trace_head_20260929/install/rm_dynamic_prediction_critic/lib:/work/dynamic_prediction_trace_head_20260929/install/nav2_mppi_controller/lib:/ws/build/dynamic_prediction_runtime_head_20260929/install/rm_competition_interfaces/lib:/work/dynamic_prediction_runtime_head_20260929/install/rm_competition_interfaces/lib:/opt/ros/humble/opt/rviz_ogre_vendor/lib:/opt/ros/humble/lib/x86_64-linux-gnu:/opt/ros/humble/opt/openvdb_vendor/lib:/opt/ros/humble/lib		(LD_LIBRARY_PATH)
        33:	  trying file=/work/dynamic_prediction_trace_head_20260929/install/rm_dynamic_prediction_critic/lib/librmw_dds_common__rosidl_typesupport_cpp.so
        33:	  trying file=/work/dynamic_prediction_trace_head_20260929/install/nav2_mppi_controller/lib/librmw_dds_common__rosidl_typesupport_cpp.so
        33:	  trying file=/ws/build/dynamic_prediction_runtime_head_20260929/install/rm_competition_interfaces/lib/librmw_dds_common__rosidl_typesupport_cpp.so
        33:	  trying file=/work/dynamic_prediction_runtime_head_20260929/install/rm_competition_interfaces/lib/librmw_dds_common__rosidl_typesupport_cpp.so
        33:	  trying file=/opt/ros/humble/opt/rviz_ogre_vendor/lib/librmw_dds_common__rosidl_typesupport_cpp.so
        33:	  trying file=/opt/ros/humble/lib/x86_64-linux-gnu/librmw_dds_common__rosidl_typesupport_cpp.so
        33:	  trying file=/opt/ros/humble/opt/openvdb_vendor/lib/librmw_dds_common__rosidl_typesupport_cpp.so
        33:	  trying file=/opt/ros/humble/lib/librmw_dds_common__rosidl_typesupport_cpp.so
        33:	
        33:	find library=librosidl_typesupport_introspection_cpp.so [0]; searching
        33:	 search path=/work/dynamic_prediction_trace_head_20260929/install/rm_dynamic_prediction_critic/lib:/work/dynamic_prediction_trace_head_20260929/install/nav2_mppi_controller/lib:/ws/build/dynamic_prediction_runtime_head_20260929/install/rm_competition_interfaces/lib:/work/dynamic_prediction_runtime_head_20260929/install/rm_competition_interfaces/lib:/opt/ros/humble/opt/rviz_ogre_vendor/lib:/opt/ros/humble/lib/x86_64-linux-gnu:/opt/ros/humble/opt/openvdb_vendor/lib:/opt/ros/humble/lib		(LD_LIBRARY_PATH)
        33:	  trying file=/work/dynamic_prediction_trace_head_20260929/install/rm_dynamic_prediction_critic/lib/librosidl_typesupport_introspection_cpp.so
        33:	  trying file=/work/dynamic_prediction_trace_head_20260929/install/nav2_mppi_controller/lib/librosidl_typesupport_introspection_cpp.so
        33:	  trying file=/ws/build/dynamic_prediction_runtime_head_20260929/install/rm_competition_interfaces/lib/librosidl_typesupport_introspection_cpp.so
        33:	  trying file=/work/dynamic_prediction_runtime_head_20260929/install/rm_competition_interfaces/lib/librosidl_typesupport_introspection_cpp.so
        33:	  trying file=/opt/ros/humble/opt/rviz_ogre_vendor/lib/librosidl_typesupport_introspection_cpp.so
        33:	  trying file=/opt/ros/humble/lib/x86_64-linux-gnu/librosidl_typesupport_introspection_cpp.so
        33:	  trying file=/opt/ros/humble/opt/openvdb_vendor/lib/librosidl_typesupport_introspection_cpp.so
        33:	  trying file=/opt/ros/humble/lib/librosidl_typesupport_introspection_cpp.so
        33:	
        33:	find library=librosidl_typesupport_introspection_c.so [0]; searching
        33:	 search path=/work/dynamic_prediction_trace_head_20260929/install/rm_dynamic_prediction_critic/lib:/work/dynamic_prediction_trace_head_20260929/install/nav2_mppi_controller/lib:/ws/build/dynamic_prediction_runtime_head_20260929/install/rm_competition_interfaces/lib:/work/dynamic_prediction_runtime_head_20260929/install/rm_competition_interfaces/lib:/opt/ros/humble/opt/rviz_ogre_vendor/lib:/opt/ros/humble/lib/x86_64-linux-gnu:/opt/ros/humble/opt/openvdb_vendor/lib:/opt/ros/humble/lib		(LD_LIBRARY_PATH)
        33:	  trying file=/work/dynamic_prediction_trace_head_20260929/install/rm_dynamic_prediction_critic/lib/librosidl_typesupport_introspection_c.so
        33:	  trying file=/work/dynamic_prediction_trace_head_20260929/install/nav2_mppi_controller/lib/librosidl_typesupport_introspection_c.so
        33:	  trying file=/ws/build/dynamic_prediction_runtime_head_20260929/install/rm_competition_interfaces/lib/librosidl_typesupport_introspection_c.so
        33:	  trying file=/work/dynamic_prediction_runtime_head_20260929/install/rm_competition_interfaces/lib/librosidl_typesupport_introspection_c.so
        33:	  trying file=/opt/ros/humble/opt/rviz_ogre_vendor/lib/librosidl_typesupport_introspection_c.so
        33:	  trying file=/opt/ros/humble/lib/x86_64-linux-gnu/librosidl_typesupport_introspection_c.so
        33:	  trying file=/opt/ros/humble/opt/openvdb_vendor/lib/librosidl_typesupport_introspection_c.so
        33:	  trying file=/opt/ros/humble/lib/librosidl_typesupport_introspection_c.so
        33:	
        33:	find library=libssl.so.3 [0]; searching
        33:	 search path=/work/dynamic_prediction_trace_head_20260929/install/rm_dynamic_prediction_critic/lib:/work/dynamic_prediction_trace_head_20260929/install/nav2_mppi_controller/lib:/ws/build/dynamic_prediction_runtime_head_20260929/install/rm_competition_interfaces/lib:/work/dynamic_prediction_runtime_head_20260929/install/rm_competition_interfaces/lib:/opt/ros/humble/opt/rviz_ogre_vendor/lib:/opt/ros/humble/lib/x86_64-linux-gnu:/opt/ros/humble/opt/openvdb_vendor/lib:/opt/ros/humble/lib		(LD_LIBRARY_PATH)
        33:	  trying file=/work/dynamic_prediction_trace_head_20260929/install/rm_dynamic_prediction_critic/lib/libssl.so.3
        33:	  trying file=/work/dynamic_prediction_trace_head_20260929/install/nav2_mppi_controller/lib/libssl.so.3
        33:	  trying file=/ws/build/dynamic_prediction_runtime_head_20260929/install/rm_competition_interfaces/lib/libssl.so.3
        33:	  trying file=/work/dynamic_prediction_runtime_head_20260929/install/rm_competition_interfaces/lib/libssl.so.3
        33:	  trying file=/opt/ros/humble/opt/rviz_ogre_vendor/lib/libssl.so.3
        33:	  trying file=/opt/ros/humble/lib/x86_64-linux-gnu/libssl.so.3
        33:	  trying file=/opt/ros/humble/opt/openvdb_vendor/lib/libssl.so.3
        33:	  trying file=/opt/ros/humble/lib/libssl.so.3
        33:	 search cache=/etc/ld.so.cache
        33:	  trying file=/lib/x86_64-linux-gnu/libssl.so.3
        33:	
        33:	find library=libcrypto.so.3 [0]; searching
        33:	 search path=/work/dynamic_prediction_trace_head_20260929/install/rm_dynamic_prediction_critic/lib:/work/dynamic_prediction_trace_head_20260929/install/nav2_mppi_controller/lib:/ws/build/dynamic_prediction_runtime_head_20260929/install/rm_competition_interfaces/lib:/work/dynamic_prediction_runtime_head_20260929/install/rm_competition_interfaces/lib:/opt/ros/humble/opt/rviz_ogre_vendor/lib:/opt/ros/humble/lib/x86_64-linux-gnu:/opt/ros/humble/opt/openvdb_vendor/lib:/opt/ros/humble/lib		(LD_LIBRARY_PATH)
        33:	  trying file=/work/dynamic_prediction_trace_head_20260929/install/rm_dynamic_prediction_critic/lib/libcrypto.so.3
        33:	  trying file=/work/dynamic_prediction_trace_head_20260929/install/nav2_mppi_controller/lib/libcrypto.so.3
        33:	  trying file=/ws/build/dynamic_prediction_runtime_head_20260929/install/rm_competition_interfaces/lib/libcrypto.so.3
        33:	  trying file=/work/dynamic_prediction_runtime_head_20260929/install/rm_competition_interfaces/lib/libcrypto.so.3
        33:	  trying file=/opt/ros/humble/opt/rviz_ogre_vendor/lib/libcrypto.so.3
        33:	  trying file=/opt/ros/humble/lib/x86_64-linux-gnu/libcrypto.so.3
        33:	  trying file=/opt/ros/humble/opt/openvdb_vendor/lib/libcrypto.so.3
        33:	  trying file=/opt/ros/humble/lib/libcrypto.so.3
        33:	 search cache=/etc/ld.so.cache
        33:	  trying file=/lib/x86_64-linux-gnu/libcrypto.so.3
        33:	
        33:	
        33:	calling init: /lib/x86_64-linux-gnu/libcrypto.so.3
        33:	
        33:	
        33:	calling init: /lib/x86_64-linux-gnu/libssl.so.3
        33:	
        33:	
        33:	calling init: /opt/ros/humble/lib/librosidl_typesupport_introspection_c.so
        33:	
        33:	
        33:	calling init: /opt/ros/humble/lib/librosidl_typesupport_introspection_cpp.so
        33:	
        33:	
        33:	calling init: /opt/ros/humble/lib/librmw_dds_common__rosidl_typesupport_cpp.so
        33:	
        33:	
        33:	calling init: /opt/ros/humble/lib/librmw_dds_common.so
        33:	
        33:	
        33:	calling init: /opt/ros/humble/lib/libfastcdr.so.1
        33:	
        33:	
        33:	calling init: /opt/ros/humble/lib/librosidl_typesupport_fastrtps_cpp.so
        33:	
        33:	
        33:	calling init: /opt/ros/humble/lib/librosidl_typesupport_fastrtps_c.so
        33:	
        33:	
        33:	calling init: /opt/ros/humble/lib/libfastrtps.so.2.6
        33:	
        33:	
        33:	calling init: /opt/ros/humble/lib/librmw_fastrtps_shared_cpp.so
        33:	
        33:	
        33:	calling init: /opt/ros/humble/lib/librmw_fastrtps_cpp.so
        33:	
        33:	find library=librmw_dds_common__rosidl_typesupport_fastrtps_cpp.so [0]; searching
        33:	 search path=/work/dynamic_prediction_trace_head_20260929/install/rm_dynamic_prediction_critic/lib:/work/dynamic_prediction_trace_head_20260929/install/nav2_mppi_controller/lib:/ws/build/dynamic_prediction_runtime_head_20260929/install/rm_competition_interfaces/lib:/work/dynamic_prediction_runtime_head_20260929/install/rm_competition_interfaces/lib:/opt/ros/humble/opt/rviz_ogre_vendor/lib:/opt/ros/humble/lib/x86_64-linux-gnu:/opt/ros/humble/opt/openvdb_vendor/lib:/opt/ros/humble/lib		(LD_LIBRARY_PATH)
        33:	  trying file=/work/dynamic_prediction_trace_head_20260929/install/rm_dynamic_prediction_critic/lib/librmw_dds_common__rosidl_typesupport_fastrtps_cpp.so
        33:	  trying file=/work/dynamic_prediction_trace_head_20260929/install/nav2_mppi_controller/lib/librmw_dds_common__rosidl_typesupport_fastrtps_cpp.so
        33:	  trying file=/ws/build/dynamic_prediction_runtime_head_20260929/install/rm_competition_interfaces/lib/librmw_dds_common__rosidl_typesupport_fastrtps_cpp.so
        33:	  trying file=/work/dynamic_prediction_runtime_head_20260929/install/rm_competition_interfaces/lib/librmw_dds_common__rosidl_typesupport_fastrtps_cpp.so
        33:	  trying file=/opt/ros/humble/opt/rviz_ogre_vendor/lib/librmw_dds_common__rosidl_typesupport_fastrtps_cpp.so
        33:	  trying file=/opt/ros/humble/lib/x86_64-linux-gnu/librmw_dds_common__rosidl_typesupport_fastrtps_cpp.so
        33:	  trying file=/opt/ros/humble/opt/openvdb_vendor/lib/librmw_dds_common__rosidl_typesupport_fastrtps_cpp.so
        33:	  trying file=/opt/ros/humble/lib/librmw_dds_common__rosidl_typesupport_fastrtps_cpp.so
        33:	
        33:	
        33:	calling init: /opt/ros/humble/lib/librmw_dds_common__rosidl_typesupport_fastrtps_cpp.so
        33:	
        33:	find library=librmw_dds_common__rosidl_typesupport_introspection_cpp.so [0]; searching
        33:	 search path=/work/dynamic_prediction_trace_head_20260929/install/rm_dynamic_prediction_critic/lib:/work/dynamic_prediction_trace_head_20260929/install/nav2_mppi_controller/lib:/ws/build/dynamic_prediction_runtime_head_20260929/install/rm_competition_interfaces/lib:/work/dynamic_prediction_runtime_head_20260929/install/rm_competition_interfaces/lib:/opt/ros/humble/opt/rviz_ogre_vendor/lib:/opt/ros/humble/lib/x86_64-linux-gnu:/opt/ros/humble/opt/openvdb_vendor/lib:/opt/ros/humble/lib		(LD_LIBRARY_PATH)
        33:	  trying file=/work/dynamic_prediction_trace_head_20260929/install/rm_dynamic_prediction_critic/lib/librmw_dds_common__rosidl_typesupport_introspection_cpp.so
        33:	  trying file=/work/dynamic_prediction_trace_head_20260929/install/nav2_mppi_controller/lib/librmw_dds_common__rosidl_typesupport_introspection_cpp.so
        33:	  trying file=/ws/build/dynamic_prediction_runtime_head_20260929/install/rm_competition_interfaces/lib/librmw_dds_common__rosidl_typesupport_introspection_cpp.so
        33:	  trying file=/work/dynamic_prediction_runtime_head_20260929/install/rm_competition_interfaces/lib/librmw_dds_common__rosidl_typesupport_introspection_cpp.so
        33:	  trying file=/opt/ros/humble/opt/rviz_ogre_vendor/lib/librmw_dds_common__rosidl_typesupport_introspection_cpp.so
        33:	  trying file=/opt/ros/humble/lib/x86_64-linux-gnu/librmw_dds_common__rosidl_typesupport_introspection_cpp.so
        33:	  trying file=/opt/ros/humble/opt/openvdb_vendor/lib/librmw_dds_common__rosidl_typesupport_introspection_cpp.so
        33:	  trying file=/opt/ros/humble/lib/librmw_dds_common__rosidl_typesupport_introspection_cpp.so
        33:	
        33:	
        33:	calling init: /opt/ros/humble/lib/librmw_dds_common__rosidl_typesupport_introspection_cpp.so
        33:	
        33:	find library=librcl_interfaces__rosidl_typesupport_fastrtps_c.so [0]; searching
        33:	 search path=/work/dynamic_prediction_trace_head_20260929/install/rm_dynamic_prediction_critic/lib:/work/dynamic_prediction_trace_head_20260929/install/nav2_mppi_controller/lib:/ws/build/dynamic_prediction_runtime_head_20260929/install/rm_competition_interfaces/lib:/work/dynamic_prediction_runtime_head_20260929/install/rm_competition_interfaces/lib:/opt/ros/humble/opt/rviz_ogre_vendor/lib:/opt/ros/humble/lib/x86_64-linux-gnu:/opt/ros/humble/opt/openvdb_vendor/lib:/opt/ros/humble/lib		(LD_LIBRARY_PATH)
        33:	  trying file=/work/dynamic_prediction_trace_head_20260929/install/rm_dynamic_prediction_critic/lib/librcl_interfaces__rosidl_typesupport_fastrtps_c.so
        33:	  trying file=/work/dynamic_prediction_trace_head_20260929/install/nav2_mppi_controller/lib/librcl_interfaces__rosidl_typesupport_fastrtps_c.so
        33:	  trying file=/ws/build/dynamic_prediction_runtime_head_20260929/install/rm_competition_interfaces/lib/librcl_interfaces__rosidl_typesupport_fastrtps_c.so
        33:	  trying file=/work/dynamic_prediction_runtime_head_20260929/install/rm_competition_interfaces/lib/librcl_interfaces__rosidl_typesupport_fastrtps_c.so
        33:	  trying file=/opt/ros/humble/opt/rviz_ogre_vendor/lib/librcl_interfaces__rosidl_typesupport_fastrtps_c.so
        33:	  trying file=/opt/ros/humble/lib/x86_64-linux-gnu/librcl_interfaces__rosidl_typesupport_fastrtps_c.so
        33:	  trying file=/opt/ros/humble/opt/openvdb_vendor/lib/librcl_interfaces__rosidl_typesupport_fastrtps_c.so
        33:	  trying file=/opt/ros/humble/lib/librcl_interfaces__rosidl_typesupport_fastrtps_c.so
        33:	
        33:	find library=libbuiltin_interfaces__rosidl_typesupport_fastrtps_c.so [0]; searching
        33:	 search path=/work/dynamic_prediction_trace_head_20260929/install/rm_dynamic_prediction_critic/lib:/work/dynamic_prediction_trace_head_20260929/install/nav2_mppi_controller/lib:/ws/build/dynamic_prediction_runtime_head_20260929/install/rm_competition_interfaces/lib:/work/dynamic_prediction_runtime_head_20260929/install/rm_competition_interfaces/lib:/opt/ros/humble/opt/rviz_ogre_vendor/lib:/opt/ros/humble/lib/x86_64-linux-gnu:/opt/ros/humble/opt/openvdb_vendor/lib:/opt/ros/humble/lib		(LD_LIBRARY_PATH)
        33:	  trying file=/work/dynamic_prediction_trace_head_20260929/install/rm_dynamic_prediction_critic/lib/libbuiltin_interfaces__rosidl_typesupport_fastrtps_c.so
        33:	  trying file=/work/dynamic_prediction_trace_head_20260929/install/nav2_mppi_controller/lib/libbuiltin_interfaces__rosidl_typesupport_fastrtps_c.so
        33:	  trying file=/ws/build/dynamic_prediction_runtime_head_20260929/install/rm_competition_interfaces/lib/libbuiltin_interfaces__rosidl_typesupport_fastrtps_c.so
        33:	  trying file=/work/dynamic_prediction_runtime_head_20260929/install/rm_competition_interfaces/lib/libbuiltin_interfaces__rosidl_typesupport_fastrtps_c.so
        33:	  trying file=/opt/ros/humble/opt/rviz_ogre_vendor/lib/libbuiltin_interfaces__rosidl_typesupport_fastrtps_c.so
        33:	  trying file=/opt/ros/humble/lib/x86_64-linux-gnu/libbuiltin_interfaces__rosidl_typesupport_fastrtps_c.so
        33:	  trying file=/opt/ros/humble/opt/openvdb_vendor/lib/libbuiltin_interfaces__rosidl_typesupport_fastrtps_c.so
        33:	  trying file=/opt/ros/humble/lib/libbuiltin_interfaces__rosidl_typesupport_fastrtps_c.so
        33:	
        33:	
        33:	calling init: /opt/ros/humble/lib/libbuiltin_interfaces__rosidl_typesupport_fastrtps_c.so
        33:	
        33:	
        33:	calling init: /opt/ros/humble/lib/librcl_interfaces__rosidl_typesupport_fastrtps_c.so
        33:	
        33:	find library=librcl_interfaces__rosidl_typesupport_introspection_c.so [0]; searching
        33:	 search path=/work/dynamic_prediction_trace_head_20260929/install/rm_dynamic_prediction_critic/lib:/work/dynamic_prediction_trace_head_20260929/install/nav2_mppi_controller/lib:/ws/build/dynamic_prediction_runtime_head_20260929/install/rm_competition_interfaces/lib:/work/dynamic_prediction_runtime_head_20260929/install/rm_competition_interfaces/lib:/opt/ros/humble/opt/rviz_ogre_vendor/lib:/opt/ros/humble/lib/x86_64-linux-gnu:/opt/ros/humble/opt/openvdb_vendor/lib:/opt/ros/humble/lib		(LD_LIBRARY_PATH)
        33:	  trying file=/work/dynamic_prediction_trace_head_20260929/install/rm_dynamic_prediction_critic/lib/librcl_interfaces__rosidl_typesupport_introspection_c.so
        33:	  trying file=/work/dynamic_prediction_trace_head_20260929/install/nav2_mppi_controller/lib/librcl_interfaces__rosidl_typesupport_introspection_c.so
        33:	  trying file=/ws/build/dynamic_prediction_runtime_head_20260929/install/rm_competition_interfaces/lib/librcl_interfaces__rosidl_typesupport_introspection_c.so
        33:	  trying file=/work/dynamic_prediction_runtime_head_20260929/install/rm_competition_interfaces/lib/librcl_interfaces__rosidl_typesupport_introspection_c.so
        33:	  trying file=/opt/ros/humble/opt/rviz_ogre_vendor/lib/librcl_interfaces__rosidl_typesupport_introspection_c.so
        33:	  trying file=/opt/ros/humble/lib/x86_64-linux-gnu/librcl_interfaces__rosidl_typesupport_introspection_c.so
        33:	  trying file=/opt/ros/humble/opt/openvdb_vendor/lib/librcl_interfaces__rosidl_typesupport_introspection_c.so
        33:	  trying file=/opt/ros/humble/lib/librcl_interfaces__rosidl_typesupport_introspection_c.so
        33:	
        33:	find library=libbuiltin_interfaces__rosidl_typesupport_introspection_c.so [0]; searching
        33:	 search path=/work/dynamic_prediction_trace_head_20260929/install/rm_dynamic_prediction_critic/lib:/work/dynamic_prediction_trace_head_20260929/install/nav2_mppi_controller/lib:/ws/build/dynamic_prediction_runtime_head_20260929/install/rm_competition_interfaces/lib:/work/dynamic_prediction_runtime_head_20260929/install/rm_competition_interfaces/lib:/opt/ros/humble/opt/rviz_ogre_vendor/lib:/opt/ros/humble/lib/x86_64-linux-gnu:/opt/ros/humble/opt/openvdb_vendor/lib:/opt/ros/humble/lib		(LD_LIBRARY_PATH)
        33:	  trying file=/work/dynamic_prediction_trace_head_20260929/install/rm_dynamic_prediction_critic/lib/libbuiltin_interfaces__rosidl_typesupport_introspection_c.so
        33:	  trying file=/work/dynamic_prediction_trace_head_20260929/install/nav2_mppi_controller/lib/libbuiltin_interfaces__rosidl_typesupport_introspection_c.so
        33:	  trying file=/ws/build/dynamic_prediction_runtime_head_20260929/install/rm_competition_interfaces/lib/libbuiltin_interfaces__rosidl_typesupport_introspection_c.so
        33:	  trying file=/work/dynamic_prediction_runtime_head_20260929/install/rm_competition_interfaces/lib/libbuiltin_interfaces__rosidl_typesupport_introspection_c.so
        33:	  trying file=/opt/ros/humble/opt/rviz_ogre_vendor/lib/libbuiltin_interfaces__rosidl_typesupport_introspection_c.so
        33:	  trying file=/opt/ros/humble/lib/x86_64-linux-gnu/libbuiltin_interfaces__rosidl_typesupport_introspection_c.so
        33:	  trying file=/opt/ros/humble/opt/openvdb_vendor/lib/libbuiltin_interfaces__rosidl_typesupport_introspection_c.so
        33:	  trying file=/opt/ros/humble/lib/libbuiltin_interfaces__rosidl_typesupport_introspection_c.so
        33:	
        33:	
        33:	calling init: /opt/ros/humble/lib/libbuiltin_interfaces__rosidl_typesupport_introspection_c.so
        33:	
        33:	
        33:	calling init: /opt/ros/humble/lib/librcl_interfaces__rosidl_typesupport_introspection_c.so
        33:	
        33:	find library=librcl_interfaces__rosidl_typesupport_fastrtps_cpp.so [0]; searching
        33:	 search path=/work/dynamic_prediction_trace_head_20260929/install/rm_dynamic_prediction_critic/lib:/work/dynamic_prediction_trace_head_20260929/install/nav2_mppi_controller/lib:/ws/build/dynamic_prediction_runtime_head_20260929/install/rm_competition_interfaces/lib:/work/dynamic_prediction_runtime_head_20260929/install/rm_competition_interfaces/lib:/opt/ros/humble/opt/rviz_ogre_vendor/lib:/opt/ros/humble/lib/x86_64-linux-gnu:/opt/ros/humble/opt/openvdb_vendor/lib:/opt/ros/humble/lib		(LD_LIBRARY_PATH)
        33:	  trying file=/work/dynamic_prediction_trace_head_20260929/install/rm_dynamic_prediction_critic/lib/librcl_interfaces__rosidl_typesupport_fastrtps_cpp.so
        33:	  trying file=/work/dynamic_prediction_trace_head_20260929/install/nav2_mppi_controller/lib/librcl_interfaces__rosidl_typesupport_fastrtps_cpp.so
        33:	  trying file=/ws/build/dynamic_prediction_runtime_head_20260929/install/rm_competition_interfaces/lib/librcl_interfaces__rosidl_typesupport_fastrtps_cpp.so
        33:	  trying file=/work/dynamic_prediction_runtime_head_20260929/install/rm_competition_interfaces/lib/librcl_interfaces__rosidl_typesupport_fastrtps_cpp.so
        33:	  trying file=/opt/ros/humble/opt/rviz_ogre_vendor/lib/librcl_interfaces__rosidl_typesupport_fastrtps_cpp.so
        33:	  trying file=/opt/ros/humble/lib/x86_64-linux-gnu/librcl_interfaces__rosidl_typesupport_fastrtps_cpp.so
        33:	  trying file=/opt/ros/humble/opt/openvdb_vendor/lib/librcl_interfaces__rosidl_typesupport_fastrtps_cpp.so
        33:	  trying file=/opt/ros/humble/lib/librcl_interfaces__rosidl_typesupport_fastrtps_cpp.so
        33:	
        33:	find library=libbuiltin_interfaces__rosidl_typesupport_fastrtps_cpp.so [0]; searching
        33:	 search path=/work/dynamic_prediction_trace_head_20260929/install/rm_dynamic_prediction_critic/lib:/work/dynamic_prediction_trace_head_20260929/install/nav2_mppi_controller/lib:/ws/build/dynamic_prediction_runtime_head_20260929/install/rm_competition_interfaces/lib:/work/dynamic_prediction_runtime_head_20260929/install/rm_competition_interfaces/lib:/opt/ros/humble/opt/rviz_ogre_vendor/lib:/opt/ros/humble/lib/x86_64-linux-gnu:/opt/ros/humble/opt/openvdb_vendor/lib:/opt/ros/humble/lib		(LD_LIBRARY_PATH)
        33:	  trying file=/work/dynamic_prediction_trace_head_20260929/install/rm_dynamic_prediction_critic/lib/libbuiltin_interfaces__rosidl_typesupport_fastrtps_cpp.so
        33:	  trying file=/work/dynamic_prediction_trace_head_20260929/install/nav2_mppi_controller/lib/libbuiltin_interfaces__rosidl_typesupport_fastrtps_cpp.so
        33:	  trying file=/ws/build/dynamic_prediction_runtime_head_20260929/install/rm_competition_interfaces/lib/libbuiltin_interfaces__rosidl_typesupport_fastrtps_cpp.so
        33:	  trying file=/work/dynamic_prediction_runtime_head_20260929/install/rm_competition_interfaces/lib/libbuiltin_interfaces__rosidl_typesupport_fastrtps_cpp.so
        33:	  trying file=/opt/ros/humble/opt/rviz_ogre_vendor/lib/libbuiltin_interfaces__rosidl_typesupport_fastrtps_cpp.so
        33:	  trying file=/opt/ros/humble/lib/x86_64-linux-gnu/libbuiltin_interfaces__rosidl_typesupport_fastrtps_cpp.so
        33:	  trying file=/opt/ros/humble/opt/openvdb_vendor/lib/libbuiltin_interfaces__rosidl_typesupport_fastrtps_cpp.so
        33:	  trying file=/opt/ros/humble/lib/libbuiltin_interfaces__rosidl_typesupport_fastrtps_cpp.so
        33:	
        33:	
        33:	calling init: /opt/ros/humble/lib/libbuiltin_interfaces__rosidl_typesupport_fastrtps_cpp.so
        33:	
        33:	
        33:	calling init: /opt/ros/humble/lib/librcl_interfaces__rosidl_typesupport_fastrtps_cpp.so
        33:	
        33:	find library=librcl_interfaces__rosidl_typesupport_introspection_cpp.so [0]; searching
        33:	 search path=/work/dynamic_prediction_trace_head_20260929/install/rm_dynamic_prediction_critic/lib:/work/dynamic_prediction_trace_head_20260929/install/nav2_mppi_controller/lib:/ws/build/dynamic_prediction_runtime_head_20260929/install/rm_competition_interfaces/lib:/work/dynamic_prediction_runtime_head_20260929/install/rm_competition_interfaces/lib:/opt/ros/humble/opt/rviz_ogre_vendor/lib:/opt/ros/humble/lib/x86_64-linux-gnu:/opt/ros/humble/opt/openvdb_vendor/lib:/opt/ros/humble/lib		(LD_LIBRARY_PATH)
        33:	  trying file=/work/dynamic_prediction_trace_head_20260929/install/rm_dynamic_prediction_critic/lib/librcl_interfaces__rosidl_typesupport_introspection_cpp.so
        33:	  trying file=/work/dynamic_prediction_trace_head_20260929/install/nav2_mppi_controller/lib/librcl_interfaces__rosidl_typesupport_introspection_cpp.so
        33:	  trying file=/ws/build/dynamic_prediction_runtime_head_20260929/install/rm_competition_interfaces/lib/librcl_interfaces__rosidl_typesupport_introspection_cpp.so
        33:	  trying file=/work/dynamic_prediction_runtime_head_20260929/install/rm_competition_interfaces/lib/librcl_interfaces__rosidl_typesupport_introspection_cpp.so
        33:	  trying file=/opt/ros/humble/opt/rviz_ogre_vendor/lib/librcl_interfaces__rosidl_typesupport_introspection_cpp.so
        33:	  trying file=/opt/ros/humble/lib/x86_64-linux-gnu/librcl_interfaces__rosidl_typesupport_introspection_cpp.so
        33:	  trying file=/opt/ros/humble/opt/openvdb_vendor/lib/librcl_interfaces__rosidl_typesupport_introspection_cpp.so
        33:	  trying file=/opt/ros/humble/lib/librcl_interfaces__rosidl_typesupport_introspection_cpp.so
        33:	
        33:	find library=libbuiltin_interfaces__rosidl_typesupport_introspection_cpp.so [0]; searching
        33:	 search path=/work/dynamic_prediction_trace_head_20260929/install/rm_dynamic_prediction_critic/lib:/work/dynamic_prediction_trace_head_20260929/install/nav2_mppi_controller/lib:/ws/build/dynamic_prediction_runtime_head_20260929/install/rm_competition_interfaces/lib:/work/dynamic_prediction_runtime_head_20260929/install/rm_competition_interfaces/lib:/opt/ros/humble/opt/rviz_ogre_vendor/lib:/opt/ros/humble/lib/x86_64-linux-gnu:/opt/ros/humble/opt/openvdb_vendor/lib:/opt/ros/humble/lib		(LD_LIBRARY_PATH)
        33:	  trying file=/work/dynamic_prediction_trace_head_20260929/install/rm_dynamic_prediction_critic/lib/libbuiltin_interfaces__rosidl_typesupport_introspection_cpp.so
        33:	  trying file=/work/dynamic_prediction_trace_head_20260929/install/nav2_mppi_controller/lib/libbuiltin_interfaces__rosidl_typesupport_introspection_cpp.so
        33:	  trying file=/ws/build/dynamic_prediction_runtime_head_20260929/install/rm_competition_interfaces/lib/libbuiltin_interfaces__rosidl_typesupport_introspection_cpp.so
        33:	  trying file=/work/dynamic_prediction_runtime_head_20260929/install/rm_competition_interfaces/lib/libbuiltin_interfaces__rosidl_typesupport_introspection_cpp.so
        33:	  trying file=/opt/ros/humble/opt/rviz_ogre_vendor/lib/libbuiltin_interfaces__rosidl_typesupport_introspection_cpp.so
        33:	  trying file=/opt/ros/humble/lib/x86_64-linux-gnu/libbuiltin_interfaces__rosidl_typesupport_introspection_cpp.so
        33:	  trying file=/opt/ros/humble/opt/openvdb_vendor/lib/libbuiltin_interfaces__rosidl_typesupport_introspection_cpp.so
        33:	  trying file=/opt/ros/humble/lib/libbuiltin_interfaces__rosidl_typesupport_introspection_cpp.so
        33:	
        33:	
        33:	calling init: /opt/ros/humble/lib/libbuiltin_interfaces__rosidl_typesupport_introspection_cpp.so
        33:	
        33:	
        33:	calling init: /opt/ros/humble/lib/librcl_interfaces__rosidl_typesupport_introspection_cpp.so
        33:	
        33:	find library=liblifecycle_msgs__rosidl_typesupport_fastrtps_c.so [0]; searching
        33:	 search path=/work/dynamic_prediction_trace_head_20260929/install/rm_dynamic_prediction_critic/lib:/work/dynamic_prediction_trace_head_20260929/install/nav2_mppi_controller/lib:/ws/build/dynamic_prediction_runtime_head_20260929/install/rm_competition_interfaces/lib:/work/dynamic_prediction_runtime_head_20260929/install/rm_competition_interfaces/lib:/opt/ros/humble/opt/rviz_ogre_vendor/lib:/opt/ros/humble/lib/x86_64-linux-gnu:/opt/ros/humble/opt/openvdb_vendor/lib:/opt/ros/humble/lib		(LD_LIBRARY_PATH)
        33:	  trying file=/work/dynamic_prediction_trace_head_20260929/install/rm_dynamic_prediction_critic/lib/liblifecycle_msgs__rosidl_typesupport_fastrtps_c.so
        33:	  trying file=/work/dynamic_prediction_trace_head_20260929/install/nav2_mppi_controller/lib/liblifecycle_msgs__rosidl_typesupport_fastrtps_c.so
        33:	  trying file=/ws/build/dynamic_prediction_runtime_head_20260929/install/rm_competition_interfaces/lib/liblifecycle_msgs__rosidl_typesupport_fastrtps_c.so
        33:	  trying file=/work/dynamic_prediction_runtime_head_20260929/install/rm_competition_interfaces/lib/liblifecycle_msgs__rosidl_typesupport_fastrtps_c.so
        33:	  trying file=/opt/ros/humble/opt/rviz_ogre_vendor/lib/liblifecycle_msgs__rosidl_typesupport_fastrtps_c.so
        33:	  trying file=/opt/ros/humble/lib/x86_64-linux-gnu/liblifecycle_msgs__rosidl_typesupport_fastrtps_c.so
        33:	  trying file=/opt/ros/humble/opt/openvdb_vendor/lib/liblifecycle_msgs__rosidl_typesupport_fastrtps_c.so
        33:	  trying file=/opt/ros/humble/lib/liblifecycle_msgs__rosidl_typesupport_fastrtps_c.so
        33:	
        33:	
        33:	calling init: /opt/ros/humble/lib/liblifecycle_msgs__rosidl_typesupport_fastrtps_c.so
        33:	
        33:	find library=liblifecycle_msgs__rosidl_typesupport_introspection_c.so [0]; searching
        33:	 search path=/work/dynamic_prediction_trace_head_20260929/install/rm_dynamic_prediction_critic/lib:/work/dynamic_prediction_trace_head_20260929/install/nav2_mppi_controller/lib:/ws/build/dynamic_prediction_runtime_head_20260929/install/rm_competition_interfaces/lib:/work/dynamic_prediction_runtime_head_20260929/install/rm_competition_interfaces/lib:/opt/ros/humble/opt/rviz_ogre_vendor/lib:/opt/ros/humble/lib/x86_64-linux-gnu:/opt/ros/humble/opt/openvdb_vendor/lib:/opt/ros/humble/lib		(LD_LIBRARY_PATH)
        33:	  trying file=/work/dynamic_prediction_trace_head_20260929/install/rm_dynamic_prediction_critic/lib/liblifecycle_msgs__rosidl_typesupport_introspection_c.so
        33:	  trying file=/work/dynamic_prediction_trace_head_20260929/install/nav2_mppi_controller/lib/liblifecycle_msgs__rosidl_typesupport_introspection_c.so
        33:	  trying file=/ws/build/dynamic_prediction_runtime_head_20260929/install/rm_competition_interfaces/lib/liblifecycle_msgs__rosidl_typesupport_introspection_c.so
        33:	  trying file=/work/dynamic_prediction_runtime_head_20260929/install/rm_competition_interfaces/lib/liblifecycle_msgs__rosidl_typesupport_introspection_c.so
        33:	  trying file=/opt/ros/humble/opt/rviz_ogre_vendor/lib/liblifecycle_msgs__rosidl_typesupport_introspection_c.so
        33:	  trying file=/opt/ros/humble/lib/x86_64-linux-gnu/liblifecycle_msgs__rosidl_typesupport_introspection_c.so
        33:	  trying file=/opt/ros/humble/opt/openvdb_vendor/lib/liblifecycle_msgs__rosidl_typesupport_introspection_c.so
        33:	  trying file=/opt/ros/humble/lib/liblifecycle_msgs__rosidl_typesupport_introspection_c.so
        33:	
        33:	
        33:	calling init: /opt/ros/humble/lib/liblifecycle_msgs__rosidl_typesupport_introspection_c.so
        33:	
        33:	find library=liblifecycle_msgs__rosidl_typesupport_fastrtps_cpp.so [0]; searching
        33:	 search path=/work/dynamic_prediction_trace_head_20260929/install/rm_dynamic_prediction_critic/lib:/work/dynamic_prediction_trace_head_20260929/install/nav2_mppi_controller/lib:/ws/build/dynamic_prediction_runtime_head_20260929/install/rm_competition_interfaces/lib:/work/dynamic_prediction_runtime_head_20260929/install/rm_competition_interfaces/lib:/opt/ros/humble/opt/rviz_ogre_vendor/lib:/opt/ros/humble/lib/x86_64-linux-gnu:/opt/ros/humble/opt/openvdb_vendor/lib:/opt/ros/humble/lib		(LD_LIBRARY_PATH)
        33:	  trying file=/work/dynamic_prediction_trace_head_20260929/install/rm_dynamic_prediction_critic/lib/liblifecycle_msgs__rosidl_typesupport_fastrtps_cpp.so
        33:	  trying file=/work/dynamic_prediction_trace_head_20260929/install/nav2_mppi_controller/lib/liblifecycle_msgs__rosidl_typesupport_fastrtps_cpp.so
        33:	  trying file=/ws/build/dynamic_prediction_runtime_head_20260929/install/rm_competition_interfaces/lib/liblifecycle_msgs__rosidl_typesupport_fastrtps_cpp.so
        33:	  trying file=/work/dynamic_prediction_runtime_head_20260929/install/rm_competition_interfaces/lib/liblifecycle_msgs__rosidl_typesupport_fastrtps_cpp.so
        33:	  trying file=/opt/ros/humble/opt/rviz_ogre_vendor/lib/liblifecycle_msgs__rosidl_typesupport_fastrtps_cpp.so
        33:	  trying file=/opt/ros/humble/lib/x86_64-linux-gnu/liblifecycle_msgs__rosidl_typesupport_fastrtps_cpp.so
        33:	  trying file=/opt/ros/humble/opt/openvdb_vendor/lib/liblifecycle_msgs__rosidl_typesupport_fastrtps_cpp.so
        33:	  trying file=/opt/ros/humble/lib/liblifecycle_msgs__rosidl_typesupport_fastrtps_cpp.so
        33:	
        33:	
        33:	calling init: /opt/ros/humble/lib/liblifecycle_msgs__rosidl_typesupport_fastrtps_cpp.so
        33:	
[INFO] [1790768276.482558317] [costmap]: 
	costmap lifecycle node launched. 
	Waiting on external lifecycle transitions to activate
	See https://design.ros2.org/articles/node_lifecycle.html for more information.
[INFO] [1790768276.483114304] [costmap]: Creating Costmap
[INFO] [1790768276.483213856] [costmap]: Configuring
        33:	find library=libtf2_msgs__rosidl_typesupport_fastrtps_cpp.so [0]; searching
        33:	 search path=/work/dynamic_prediction_trace_head_20260929/install/rm_dynamic_prediction_critic/lib:/work/dynamic_prediction_trace_head_20260929/install/nav2_mppi_controller/lib:/ws/build/dynamic_prediction_runtime_head_20260929/install/rm_competition_interfaces/lib:/work/dynamic_prediction_runtime_head_20260929/install/rm_competition_interfaces/lib:/opt/ros/humble/opt/rviz_ogre_vendor/lib:/opt/ros/humble/lib/x86_64-linux-gnu:/opt/ros/humble/opt/openvdb_vendor/lib:/opt/ros/humble/lib		(LD_LIBRARY_PATH)
        33:	  trying file=/work/dynamic_prediction_trace_head_20260929/install/rm_dynamic_prediction_critic/lib/libtf2_msgs__rosidl_typesupport_fastrtps_cpp.so
        33:	  trying file=/work/dynamic_prediction_trace_head_20260929/install/nav2_mppi_controller/lib/libtf2_msgs__rosidl_typesupport_fastrtps_cpp.so
        33:	  trying file=/ws/build/dynamic_prediction_runtime_head_20260929/install/rm_competition_interfaces/lib/libtf2_msgs__rosidl_typesupport_fastrtps_cpp.so
        33:	  trying file=/work/dynamic_prediction_runtime_head_20260929/install/rm_competition_interfaces/lib/libtf2_msgs__rosidl_typesupport_fastrtps_cpp.so
        33:	  trying file=/opt/ros/humble/opt/rviz_ogre_vendor/lib/libtf2_msgs__rosidl_typesupport_fastrtps_cpp.so
        33:	  trying file=/opt/ros/humble/lib/x86_64-linux-gnu/libtf2_msgs__rosidl_typesupport_fastrtps_cpp.so
        33:	  trying file=/opt/ros/humble/opt/openvdb_vendor/lib/libtf2_msgs__rosidl_typesupport_fastrtps_cpp.so
        33:	  trying file=/opt/ros/humble/lib/libtf2_msgs__rosidl_typesupport_fastrtps_cpp.so
        33:	
        33:	find library=libgeometry_msgs__rosidl_typesupport_fastrtps_cpp.so [0]; searching
        33:	 search path=/work/dynamic_prediction_trace_head_20260929/install/rm_dynamic_prediction_critic/lib:/work/dynamic_prediction_trace_head_20260929/install/nav2_mppi_controller/lib:/ws/build/dynamic_prediction_runtime_head_20260929/install/rm_competition_interfaces/lib:/work/dynamic_prediction_runtime_head_20260929/install/rm_competition_interfaces/lib:/opt/ros/humble/opt/rviz_ogre_vendor/lib:/opt/ros/humble/lib/x86_64-linux-gnu:/opt/ros/humble/opt/openvdb_vendor/lib:/opt/ros/humble/lib		(LD_LIBRARY_PATH)
        33:	  trying file=/work/dynamic_prediction_trace_head_20260929/install/rm_dynamic_prediction_critic/lib/libgeometry_msgs__rosidl_typesupport_fastrtps_cpp.so
        33:	  trying file=/work/dynamic_prediction_trace_head_20260929/install/nav2_mppi_controller/lib/libgeometry_msgs__rosidl_typesupport_fastrtps_cpp.so
        33:	  trying file=/ws/build/dynamic_prediction_runtime_head_20260929/install/rm_competition_interfaces/lib/libgeometry_msgs__rosidl_typesupport_fastrtps_cpp.so
        33:	  trying file=/work/dynamic_prediction_runtime_head_20260929/install/rm_competition_interfaces/lib/libgeometry_msgs__rosidl_typesupport_fastrtps_cpp.so
        33:	  trying file=/opt/ros/humble/opt/rviz_ogre_vendor/lib/libgeometry_msgs__rosidl_typesupport_fastrtps_cpp.so
        33:	  trying file=/opt/ros/humble/lib/x86_64-linux-gnu/libgeometry_msgs__rosidl_typesupport_fastrtps_cpp.so
        33:	  trying file=/opt/ros/humble/opt/openvdb_vendor/lib/libgeometry_msgs__rosidl_typesupport_fastrtps_cpp.so
        33:	  trying file=/opt/ros/humble/lib/libgeometry_msgs__rosidl_typesupport_fastrtps_cpp.so
        33:	
        33:	find library=libunique_identifier_msgs__rosidl_typesupport_fastrtps_cpp.so [0]; searching
        33:	 search path=/work/dynamic_prediction_trace_head_20260929/install/rm_dynamic_prediction_critic/lib:/work/dynamic_prediction_trace_head_20260929/install/nav2_mppi_controller/lib:/ws/build/dynamic_prediction_runtime_head_20260929/install/rm_competition_interfaces/lib:/work/dynamic_prediction_runtime_head_20260929/install/rm_competition_interfaces/lib:/opt/ros/humble/opt/rviz_ogre_vendor/lib:/opt/ros/humble/lib/x86_64-linux-gnu:/opt/ros/humble/opt/openvdb_vendor/lib:/opt/ros/humble/lib		(LD_LIBRARY_PATH)
        33:	  trying file=/work/dynamic_prediction_trace_head_20260929/install/rm_dynamic_prediction_critic/lib/libunique_identifier_msgs__rosidl_typesupport_fastrtps_cpp.so
        33:	  trying file=/work/dynamic_prediction_trace_head_20260929/install/nav2_mppi_controller/lib/libunique_identifier_msgs__rosidl_typesupport_fastrtps_cpp.so
        33:	  trying file=/ws/build/dynamic_prediction_runtime_head_20260929/install/rm_competition_interfaces/lib/libunique_identifier_msgs__rosidl_typesupport_fastrtps_cpp.so
        33:	  trying file=/work/dynamic_prediction_runtime_head_20260929/install/rm_competition_interfaces/lib/libunique_identifier_msgs__rosidl_typesupport_fastrtps_cpp.so
        33:	  trying file=/opt/ros/humble/opt/rviz_ogre_vendor/lib/libunique_identifier_msgs__rosidl_typesupport_fastrtps_cpp.so
        33:	  trying file=/opt/ros/humble/lib/x86_64-linux-gnu/libunique_identifier_msgs__rosidl_typesupport_fastrtps_cpp.so
        33:	  trying file=/opt/ros/humble/opt/openvdb_vendor/lib/libunique_identifier_msgs__rosidl_typesupport_fastrtps_cpp.so
        33:	  trying file=/opt/ros/humble/lib/libunique_identifier_msgs__rosidl_typesupport_fastrtps_cpp.so
        33:	
        33:	find library=libstd_msgs__rosidl_typesupport_fastrtps_cpp.so [0]; searching
        33:	 search path=/work/dynamic_prediction_trace_head_20260929/install/rm_dynamic_prediction_critic/lib:/work/dynamic_prediction_trace_head_20260929/install/nav2_mppi_controller/lib:/ws/build/dynamic_prediction_runtime_head_20260929/install/rm_competition_interfaces/lib:/work/dynamic_prediction_runtime_head_20260929/install/rm_competition_interfaces/lib:/opt/ros/humble/opt/rviz_ogre_vendor/lib:/opt/ros/humble/lib/x86_64-linux-gnu:/opt/ros/humble/opt/openvdb_vendor/lib:/opt/ros/humble/lib		(LD_LIBRARY_PATH)
        33:	  trying file=/work/dynamic_prediction_trace_head_20260929/install/rm_dynamic_prediction_critic/lib/libstd_msgs__rosidl_typesupport_fastrtps_cpp.so
        33:	  trying file=/work/dynamic_prediction_trace_head_20260929/install/nav2_mppi_controller/lib/libstd_msgs__rosidl_typesupport_fastrtps_cpp.so
        33:	  trying file=/ws/build/dynamic_prediction_runtime_head_20260929/install/rm_competition_interfaces/lib/libstd_msgs__rosidl_typesupport_fastrtps_cpp.so
        33:	  trying file=/work/dynamic_prediction_runtime_head_20260929/install/rm_competition_interfaces/lib/libstd_msgs__rosidl_typesupport_fastrtps_cpp.so
        33:	  trying file=/opt/ros/humble/opt/rviz_ogre_vendor/lib/libstd_msgs__rosidl_typesupport_fastrtps_cpp.so
        33:	  trying file=/opt/ros/humble/lib/x86_64-linux-gnu/libstd_msgs__rosidl_typesupport_fastrtps_cpp.so
        33:	  trying file=/opt/ros/humble/opt/openvdb_vendor/lib/libstd_msgs__rosidl_typesupport_fastrtps_cpp.so
        33:	  trying file=/opt/ros/humble/lib/libstd_msgs__rosidl_typesupport_fastrtps_cpp.so
        33:	
        33:	
        33:	calling init: /opt/ros/humble/lib/libstd_msgs__rosidl_typesupport_fastrtps_cpp.so
        33:	
        33:	
        33:	calling init: /opt/ros/humble/lib/libunique_identifier_msgs__rosidl_typesupport_fastrtps_cpp.so
        33:	
        33:	
        33:	calling init: /opt/ros/humble/lib/libgeometry_msgs__rosidl_typesupport_fastrtps_cpp.so
        33:	
        33:	
        33:	calling init: /opt/ros/humble/lib/libtf2_msgs__rosidl_typesupport_fastrtps_cpp.so
        33:	
        33:	find library=libtf2_msgs__rosidl_typesupport_introspection_cpp.so [0]; searching
        33:	 search path=/work/dynamic_prediction_trace_head_20260929/install/rm_dynamic_prediction_critic/lib:/work/dynamic_prediction_trace_head_20260929/install/nav2_mppi_controller/lib:/ws/build/dynamic_prediction_runtime_head_20260929/install/rm_competition_interfaces/lib:/work/dynamic_prediction_runtime_head_20260929/install/rm_competition_interfaces/lib:/opt/ros/humble/opt/rviz_ogre_vendor/lib:/opt/ros/humble/lib/x86_64-linux-gnu:/opt/ros/humble/opt/openvdb_vendor/lib:/opt/ros/humble/lib		(LD_LIBRARY_PATH)
        33:	  trying file=/work/dynamic_prediction_trace_head_20260929/install/rm_dynamic_prediction_critic/lib/libtf2_msgs__rosidl_typesupport_introspection_cpp.so
        33:	  trying file=/work/dynamic_prediction_trace_head_20260929/install/nav2_mppi_controller/lib/libtf2_msgs__rosidl_typesupport_introspection_cpp.so
        33:	  trying file=/ws/build/dynamic_prediction_runtime_head_20260929/install/rm_competition_interfaces/lib/libtf2_msgs__rosidl_typesupport_introspection_cpp.so
        33:	  trying file=/work/dynamic_prediction_runtime_head_20260929/install/rm_competition_interfaces/lib/libtf2_msgs__rosidl_typesupport_introspection_cpp.so
        33:	  trying file=/opt/ros/humble/opt/rviz_ogre_vendor/lib/libtf2_msgs__rosidl_typesupport_introspection_cpp.so
        33:	  trying file=/opt/ros/humble/lib/x86_64-linux-gnu/libtf2_msgs__rosidl_typesupport_introspection_cpp.so
        33:	  trying file=/opt/ros/humble/opt/openvdb_vendor/lib/libtf2_msgs__rosidl_typesupport_introspection_cpp.so
        33:	  trying file=/opt/ros/humble/lib/libtf2_msgs__rosidl_typesupport_introspection_cpp.so
        33:	
        33:	find library=libgeometry_msgs__rosidl_typesupport_introspection_cpp.so [0]; searching
        33:	 search path=/work/dynamic_prediction_trace_head_20260929/install/rm_dynamic_prediction_critic/lib:/work/dynamic_prediction_trace_head_20260929/install/nav2_mppi_controller/lib:/ws/build/dynamic_prediction_runtime_head_20260929/install/rm_competition_interfaces/lib:/work/dynamic_prediction_runtime_head_20260929/install/rm_competition_interfaces/lib:/opt/ros/humble/opt/rviz_ogre_vendor/lib:/opt/ros/humble/lib/x86_64-linux-gnu:/opt/ros/humble/opt/openvdb_vendor/lib:/opt/ros/humble/lib		(LD_LIBRARY_PATH)
        33:	  trying file=/work/dynamic_prediction_trace_head_20260929/install/rm_dynamic_prediction_critic/lib/libgeometry_msgs__rosidl_typesupport_introspection_cpp.so
        33:	  trying file=/work/dynamic_prediction_trace_head_20260929/install/nav2_mppi_controller/lib/libgeometry_msgs__rosidl_typesupport_introspection_cpp.so
        33:	  trying file=/ws/build/dynamic_prediction_runtime_head_20260929/install/rm_competition_interfaces/lib/libgeometry_msgs__rosidl_typesupport_introspection_cpp.so
        33:	  trying file=/work/dynamic_prediction_runtime_head_20260929/install/rm_competition_interfaces/lib/libgeometry_msgs__rosidl_typesupport_introspection_cpp.so
        33:	  trying file=/opt/ros/humble/opt/rviz_ogre_vendor/lib/libgeometry_msgs__rosidl_typesupport_introspection_cpp.so
        33:	  trying file=/opt/ros/humble/lib/x86_64-linux-gnu/libgeometry_msgs__rosidl_typesupport_introspection_cpp.so
        33:	  trying file=/opt/ros/humble/opt/openvdb_vendor/lib/libgeometry_msgs__rosidl_typesupport_introspection_cpp.so
        33:	  trying file=/opt/ros/humble/lib/libgeometry_msgs__rosidl_typesupport_introspection_cpp.so
        33:	
        33:	find library=libunique_identifier_msgs__rosidl_typesupport_introspection_cpp.so [0]; searching
        33:	 search path=/work/dynamic_prediction_trace_head_20260929/install/rm_dynamic_prediction_critic/lib:/work/dynamic_prediction_trace_head_20260929/install/nav2_mppi_controller/lib:/ws/build/dynamic_prediction_runtime_head_20260929/install/rm_competition_interfaces/lib:/work/dynamic_prediction_runtime_head_20260929/install/rm_competition_interfaces/lib:/opt/ros/humble/opt/rviz_ogre_vendor/lib:/opt/ros/humble/lib/x86_64-linux-gnu:/opt/ros/humble/opt/openvdb_vendor/lib:/opt/ros/humble/lib		(LD_LIBRARY_PATH)
        33:	  trying file=/work/dynamic_prediction_trace_head_20260929/install/rm_dynamic_prediction_critic/lib/libunique_identifier_msgs__rosidl_typesupport_introspection_cpp.so
        33:	  trying file=/work/dynamic_prediction_trace_head_20260929/install/nav2_mppi_controller/lib/libunique_identifier_msgs__rosidl_typesupport_introspection_cpp.so
        33:	  trying file=/ws/build/dynamic_prediction_runtime_head_20260929/install/rm_competition_interfaces/lib/libunique_identifier_msgs__rosidl_typesupport_introspection_cpp.so
        33:	  trying file=/work/dynamic_prediction_runtime_head_20260929/install/rm_competition_interfaces/lib/libunique_identifier_msgs__rosidl_typesupport_introspection_cpp.so
        33:	  trying file=/opt/ros/humble/opt/rviz_ogre_vendor/lib/libunique_identifier_msgs__rosidl_typesupport_introspection_cpp.so
        33:	  trying file=/opt/ros/humble/lib/x86_64-linux-gnu/libunique_identifier_msgs__rosidl_typesupport_introspection_cpp.so
        33:	  trying file=/opt/ros/humble/opt/openvdb_vendor/lib/libunique_identifier_msgs__rosidl_typesupport_introspection_cpp.so
        33:	  trying file=/opt/ros/humble/lib/libunique_identifier_msgs__rosidl_typesupport_introspection_cpp.so
        33:	
        33:	find library=libstd_msgs__rosidl_typesupport_introspection_cpp.so [0]; searching
        33:	 search path=/work/dynamic_prediction_trace_head_20260929/install/rm_dynamic_prediction_critic/lib:/work/dynamic_prediction_trace_head_20260929/install/nav2_mppi_controller/lib:/ws/build/dynamic_prediction_runtime_head_20260929/install/rm_competition_interfaces/lib:/work/dynamic_prediction_runtime_head_20260929/install/rm_competition_interfaces/lib:/opt/ros/humble/opt/rviz_ogre_vendor/lib:/opt/ros/humble/lib/x86_64-linux-gnu:/opt/ros/humble/opt/openvdb_vendor/lib:/opt/ros/humble/lib		(LD_LIBRARY_PATH)
        33:	  trying file=/work/dynamic_prediction_trace_head_20260929/install/rm_dynamic_prediction_critic/lib/libstd_msgs__rosidl_typesupport_introspection_cpp.so
        33:	  trying file=/work/dynamic_prediction_trace_head_20260929/install/nav2_mppi_controller/lib/libstd_msgs__rosidl_typesupport_introspection_cpp.so
        33:	  trying file=/ws/build/dynamic_prediction_runtime_head_20260929/install/rm_competition_interfaces/lib/libstd_msgs__rosidl_typesupport_introspection_cpp.so
        33:	  trying file=/work/dynamic_prediction_runtime_head_20260929/install/rm_competition_interfaces/lib/libstd_msgs__rosidl_typesupport_introspection_cpp.so
        33:	  trying file=/opt/ros/humble/opt/rviz_ogre_vendor/lib/libstd_msgs__rosidl_typesupport_introspection_cpp.so
        33:	  trying file=/opt/ros/humble/lib/x86_64-linux-gnu/libstd_msgs__rosidl_typesupport_introspection_cpp.so
        33:	  trying file=/opt/ros/humble/opt/openvdb_vendor/lib/libstd_msgs__rosidl_typesupport_introspection_cpp.so
        33:	  trying file=/opt/ros/humble/lib/libstd_msgs__rosidl_typesupport_introspection_cpp.so
        33:	
        33:	
        33:	calling init: /opt/ros/humble/lib/libstd_msgs__rosidl_typesupport_introspection_cpp.so
        33:	
        33:	
        33:	calling init: /opt/ros/humble/lib/libunique_identifier_msgs__rosidl_typesupport_introspection_cpp.so
        33:	
        33:	
        33:	calling init: /opt/ros/humble/lib/libgeometry_msgs__rosidl_typesupport_introspection_cpp.so
        33:	
        33:	
        33:	calling init: /opt/ros/humble/lib/libtf2_msgs__rosidl_typesupport_introspection_cpp.so
        33:	
[INFO] [1790768276.484807913] [costmap]: Using plugin "obstacle_layer"
        33:	find library=libvoxel_grid.so [0]; searching
        33:	 search path=/work/dynamic_prediction_trace_head_20260929/install/rm_dynamic_prediction_critic/lib:/work/dynamic_prediction_trace_head_20260929/install/nav2_mppi_controller/lib:/ws/build/dynamic_prediction_runtime_head_20260929/install/rm_competition_interfaces/lib:/work/dynamic_prediction_runtime_head_20260929/install/rm_competition_interfaces/lib:/opt/ros/humble/opt/rviz_ogre_vendor/lib:/opt/ros/humble/lib/x86_64-linux-gnu:/opt/ros/humble/opt/openvdb_vendor/lib:/opt/ros/humble/lib		(LD_LIBRARY_PATH)
        33:	  trying file=/work/dynamic_prediction_trace_head_20260929/install/rm_dynamic_prediction_critic/lib/libvoxel_grid.so
        33:	  trying file=/work/dynamic_prediction_trace_head_20260929/install/nav2_mppi_controller/lib/libvoxel_grid.so
        33:	  trying file=/ws/build/dynamic_prediction_runtime_head_20260929/install/rm_competition_interfaces/lib/libvoxel_grid.so
        33:	  trying file=/work/dynamic_prediction_runtime_head_20260929/install/rm_competition_interfaces/lib/libvoxel_grid.so
        33:	  trying file=/opt/ros/humble/opt/rviz_ogre_vendor/lib/libvoxel_grid.so
        33:	  trying file=/opt/ros/humble/lib/x86_64-linux-gnu/libvoxel_grid.so
        33:	  trying file=/opt/ros/humble/opt/openvdb_vendor/lib/libvoxel_grid.so
        33:	  trying file=/opt/ros/humble/lib/libvoxel_grid.so
        33:	
        33:	find library=libsensor_msgs__rosidl_typesupport_cpp.so [0]; searching
        33:	 search path=/work/dynamic_prediction_trace_head_20260929/install/rm_dynamic_prediction_critic/lib:/work/dynamic_prediction_trace_head_20260929/install/nav2_mppi_controller/lib:/ws/build/dynamic_prediction_runtime_head_20260929/install/rm_competition_interfaces/lib:/work/dynamic_prediction_runtime_head_20260929/install/rm_competition_interfaces/lib:/opt/ros/humble/opt/rviz_ogre_vendor/lib:/opt/ros/humble/lib/x86_64-linux-gnu:/opt/ros/humble/opt/openvdb_vendor/lib:/opt/ros/humble/lib		(LD_LIBRARY_PATH)
        33:	  trying file=/work/dynamic_prediction_trace_head_20260929/install/rm_dynamic_prediction_critic/lib/libsensor_msgs__rosidl_typesupport_cpp.so
        33:	  trying file=/work/dynamic_prediction_trace_head_20260929/install/nav2_mppi_controller/lib/libsensor_msgs__rosidl_typesupport_cpp.so
        33:	  trying file=/ws/build/dynamic_prediction_runtime_head_20260929/install/rm_competition_interfaces/lib/libsensor_msgs__rosidl_typesupport_cpp.so
        33:	  trying file=/work/dynamic_prediction_runtime_head_20260929/install/rm_competition_interfaces/lib/libsensor_msgs__rosidl_typesupport_cpp.so
        33:	  trying file=/opt/ros/humble/opt/rviz_ogre_vendor/lib/libsensor_msgs__rosidl_typesupport_cpp.so
        33:	  trying file=/opt/ros/humble/lib/x86_64-linux-gnu/libsensor_msgs__rosidl_typesupport_cpp.so
        33:	  trying file=/opt/ros/humble/opt/openvdb_vendor/lib/libsensor_msgs__rosidl_typesupport_cpp.so
        33:	  trying file=/opt/ros/humble/lib/libsensor_msgs__rosidl_typesupport_cpp.so
        33:	
        33:	find library=liblaser_geometry.so [0]; searching
        33:	 search path=/work/dynamic_prediction_trace_head_20260929/install/rm_dynamic_prediction_critic/lib:/work/dynamic_prediction_trace_head_20260929/install/nav2_mppi_controller/lib:/ws/build/dynamic_prediction_runtime_head_20260929/install/rm_competition_interfaces/lib:/work/dynamic_prediction_runtime_head_20260929/install/rm_competition_interfaces/lib:/opt/ros/humble/opt/rviz_ogre_vendor/lib:/opt/ros/humble/lib/x86_64-linux-gnu:/opt/ros/humble/opt/openvdb_vendor/lib:/opt/ros/humble/lib		(LD_LIBRARY_PATH)
        33:	  trying file=/work/dynamic_prediction_trace_head_20260929/install/rm_dynamic_prediction_critic/lib/liblaser_geometry.so
        33:	  trying file=/work/dynamic_prediction_trace_head_20260929/install/nav2_mppi_controller/lib/liblaser_geometry.so
        33:	  trying file=/ws/build/dynamic_prediction_runtime_head_20260929/install/rm_competition_interfaces/lib/liblaser_geometry.so
        33:	  trying file=/work/dynamic_prediction_runtime_head_20260929/install/rm_competition_interfaces/lib/liblaser_geometry.so
        33:	  trying file=/opt/ros/humble/opt/rviz_ogre_vendor/lib/liblaser_geometry.so
        33:	  trying file=/opt/ros/humble/lib/x86_64-linux-gnu/liblaser_geometry.so
        33:	  trying file=/opt/ros/humble/opt/openvdb_vendor/lib/liblaser_geometry.so
        33:	  trying file=/opt/ros/humble/lib/liblaser_geometry.so
        33:	
        33:	find library=libmessage_filters.so [0]; searching
        33:	 search path=/work/dynamic_prediction_trace_head_20260929/install/rm_dynamic_prediction_critic/lib:/work/dynamic_prediction_trace_head_20260929/install/nav2_mppi_controller/lib:/ws/build/dynamic_prediction_runtime_head_20260929/install/rm_competition_interfaces/lib:/work/dynamic_prediction_runtime_head_20260929/install/rm_competition_interfaces/lib:/opt/ros/humble/opt/rviz_ogre_vendor/lib:/opt/ros/humble/lib/x86_64-linux-gnu:/opt/ros/humble/opt/openvdb_vendor/lib:/opt/ros/humble/lib		(LD_LIBRARY_PATH)
        33:	  trying file=/work/dynamic_prediction_trace_head_20260929/install/rm_dynamic_prediction_critic/lib/libmessage_filters.so
        33:	  trying file=/work/dynamic_prediction_trace_head_20260929/install/nav2_mppi_controller/lib/libmessage_filters.so
        33:	  trying file=/ws/build/dynamic_prediction_runtime_head_20260929/install/rm_competition_interfaces/lib/libmessage_filters.so
        33:	  trying file=/work/dynamic_prediction_runtime_head_20260929/install/rm_competition_interfaces/lib/libmessage_filters.so
        33:	  trying file=/opt/ros/humble/opt/rviz_ogre_vendor/lib/libmessage_filters.so
        33:	  trying file=/opt/ros/humble/lib/x86_64-linux-gnu/libmessage_filters.so
        33:	  trying file=/opt/ros/humble/opt/openvdb_vendor/lib/libmessage_filters.so
        33:	  trying file=/opt/ros/humble/lib/libmessage_filters.so
        33:	
        33:	
        33:	calling init: /opt/ros/humble/lib/libmessage_filters.so
        33:	
        33:	
        33:	calling init: /opt/ros/humble/lib/liblaser_geometry.so
        33:	
        33:	
        33:	calling init: /opt/ros/humble/lib/libsensor_msgs__rosidl_typesupport_cpp.so
        33:	
        33:	
        33:	calling init: /opt/ros/humble/lib/libvoxel_grid.so
        33:	
        33:	
        33:	calling init: /opt/ros/humble/lib/liblayers.so
        33:	
[INFO] [1790768276.486623794] [costmap]: Subscribed to Topics: scan
        33:	find library=libsensor_msgs__rosidl_typesupport_fastrtps_cpp.so [0]; searching
        33:	 search path=/work/dynamic_prediction_trace_head_20260929/install/rm_dynamic_prediction_critic/lib:/work/dynamic_prediction_trace_head_20260929/install/nav2_mppi_controller/lib:/ws/build/dynamic_prediction_runtime_head_20260929/install/rm_competition_interfaces/lib:/work/dynamic_prediction_runtime_head_20260929/install/rm_competition_interfaces/lib:/opt/ros/humble/opt/rviz_ogre_vendor/lib:/opt/ros/humble/lib/x86_64-linux-gnu:/opt/ros/humble/opt/openvdb_vendor/lib:/opt/ros/humble/lib		(LD_LIBRARY_PATH)
        33:	  trying file=/work/dynamic_prediction_trace_head_20260929/install/rm_dynamic_prediction_critic/lib/libsensor_msgs__rosidl_typesupport_fastrtps_cpp.so
        33:	  trying file=/work/dynamic_prediction_trace_head_20260929/install/nav2_mppi_controller/lib/libsensor_msgs__rosidl_typesupport_fastrtps_cpp.so
        33:	  trying file=/ws/build/dynamic_prediction_runtime_head_20260929/install/rm_competition_interfaces/lib/libsensor_msgs__rosidl_typesupport_fastrtps_cpp.so
        33:	  trying file=/work/dynamic_prediction_runtime_head_20260929/install/rm_competition_interfaces/lib/libsensor_msgs__rosidl_typesupport_fastrtps_cpp.so
        33:	  trying file=/opt/ros/humble/opt/rviz_ogre_vendor/lib/libsensor_msgs__rosidl_typesupport_fastrtps_cpp.so
        33:	  trying file=/opt/ros/humble/lib/x86_64-linux-gnu/libsensor_msgs__rosidl_typesupport_fastrtps_cpp.so
        33:	  trying file=/opt/ros/humble/opt/openvdb_vendor/lib/libsensor_msgs__rosidl_typesupport_fastrtps_cpp.so
        33:	  trying file=/opt/ros/humble/lib/libsensor_msgs__rosidl_typesupport_fastrtps_cpp.so
        33:	
        33:	
        33:	calling init: /opt/ros/humble/lib/libsensor_msgs__rosidl_typesupport_fastrtps_cpp.so
        33:	
        33:	find library=libsensor_msgs__rosidl_typesupport_introspection_cpp.so [0]; searching
        33:	 search path=/work/dynamic_prediction_trace_head_20260929/install/rm_dynamic_prediction_critic/lib:/work/dynamic_prediction_trace_head_20260929/install/nav2_mppi_controller/lib:/ws/build/dynamic_prediction_runtime_head_20260929/install/rm_competition_interfaces/lib:/work/dynamic_prediction_runtime_head_20260929/install/rm_competition_interfaces/lib:/opt/ros/humble/opt/rviz_ogre_vendor/lib:/opt/ros/humble/lib/x86_64-linux-gnu:/opt/ros/humble/opt/openvdb_vendor/lib:/opt/ros/humble/lib		(LD_LIBRARY_PATH)
        33:	  trying file=/work/dynamic_prediction_trace_head_20260929/install/rm_dynamic_prediction_critic/lib/libsensor_msgs__rosidl_typesupport_introspection_cpp.so
        33:	  trying file=/work/dynamic_prediction_trace_head_20260929/install/nav2_mppi_controller/lib/libsensor_msgs__rosidl_typesupport_introspection_cpp.so
        33:	  trying file=/ws/build/dynamic_prediction_runtime_head_20260929/install/rm_competition_interfaces/lib/libsensor_msgs__rosidl_typesupport_introspection_cpp.so
        33:	  trying file=/work/dynamic_prediction_runtime_head_20260929/install/rm_competition_interfaces/lib/libsensor_msgs__rosidl_typesupport_introspection_cpp.so
        33:	  trying file=/opt/ros/humble/opt/rviz_ogre_vendor/lib/libsensor_msgs__rosidl_typesupport_introspection_cpp.so
        33:	  trying file=/opt/ros/humble/lib/x86_64-linux-gnu/libsensor_msgs__rosidl_typesupport_introspection_cpp.so
        33:	  trying file=/opt/ros/humble/opt/openvdb_vendor/lib/libsensor_msgs__rosidl_typesupport_introspection_cpp.so
        33:	  trying file=/opt/ros/humble/lib/libsensor_msgs__rosidl_typesupport_introspection_cpp.so
        33:	
        33:	
        33:	calling init: /opt/ros/humble/lib/libsensor_msgs__rosidl_typesupport_introspection_cpp.so
        33:	
[INFO] [1790768276.487419542] [costmap]: Initialized plugin "obstacle_layer"
[INFO] [1790768276.487432467] [costmap]: Using plugin "inflation_layer"
[INFO] [1790768276.487571184] [costmap]: Initialized plugin "inflation_layer"
        33:	find library=libnav_msgs__rosidl_typesupport_fastrtps_cpp.so [0]; searching
        33:	 search path=/work/dynamic_prediction_trace_head_20260929/install/rm_dynamic_prediction_critic/lib:/work/dynamic_prediction_trace_head_20260929/install/nav2_mppi_controller/lib:/ws/build/dynamic_prediction_runtime_head_20260929/install/rm_competition_interfaces/lib:/work/dynamic_prediction_runtime_head_20260929/install/rm_competition_interfaces/lib:/opt/ros/humble/opt/rviz_ogre_vendor/lib:/opt/ros/humble/lib/x86_64-linux-gnu:/opt/ros/humble/opt/openvdb_vendor/lib:/opt/ros/humble/lib		(LD_LIBRARY_PATH)
        33:	  trying file=/work/dynamic_prediction_trace_head_20260929/install/rm_dynamic_prediction_critic/lib/libnav_msgs__rosidl_typesupport_fastrtps_cpp.so
        33:	  trying file=/work/dynamic_prediction_trace_head_20260929/install/nav2_mppi_controller/lib/libnav_msgs__rosidl_typesupport_fastrtps_cpp.so
        33:	  trying file=/ws/build/dynamic_prediction_runtime_head_20260929/install/rm_competition_interfaces/lib/libnav_msgs__rosidl_typesupport_fastrtps_cpp.so
        33:	  trying file=/work/dynamic_prediction_runtime_head_20260929/install/rm_competition_interfaces/lib/libnav_msgs__rosidl_typesupport_fastrtps_cpp.so
        33:	  trying file=/opt/ros/humble/opt/rviz_ogre_vendor/lib/libnav_msgs__rosidl_typesupport_fastrtps_cpp.so
        33:	  trying file=/opt/ros/humble/lib/x86_64-linux-gnu/libnav_msgs__rosidl_typesupport_fastrtps_cpp.so
        33:	  trying file=/opt/ros/humble/opt/openvdb_vendor/lib/libnav_msgs__rosidl_typesupport_fastrtps_cpp.so
        33:	  trying file=/opt/ros/humble/lib/libnav_msgs__rosidl_typesupport_fastrtps_cpp.so
        33:	
        33:	
        33:	calling init: /opt/ros/humble/lib/libnav_msgs__rosidl_typesupport_fastrtps_cpp.so
        33:	
        33:	find library=libnav_msgs__rosidl_typesupport_introspection_cpp.so [0]; searching
        33:	 search path=/work/dynamic_prediction_trace_head_20260929/install/rm_dynamic_prediction_critic/lib:/work/dynamic_prediction_trace_head_20260929/install/nav2_mppi_controller/lib:/ws/build/dynamic_prediction_runtime_head_20260929/install/rm_competition_interfaces/lib:/work/dynamic_prediction_runtime_head_20260929/install/rm_competition_interfaces/lib:/opt/ros/humble/opt/rviz_ogre_vendor/lib:/opt/ros/humble/lib/x86_64-linux-gnu:/opt/ros/humble/opt/openvdb_vendor/lib:/opt/ros/humble/lib		(LD_LIBRARY_PATH)
        33:	  trying file=/work/dynamic_prediction_trace_head_20260929/install/rm_dynamic_prediction_critic/lib/libnav_msgs__rosidl_typesupport_introspection_cpp.so
        33:	  trying file=/work/dynamic_prediction_trace_head_20260929/install/nav2_mppi_controller/lib/libnav_msgs__rosidl_typesupport_introspection_cpp.so
        33:	  trying file=/ws/build/dynamic_prediction_runtime_head_20260929/install/rm_competition_interfaces/lib/libnav_msgs__rosidl_typesupport_introspection_cpp.so
        33:	  trying file=/work/dynamic_prediction_runtime_head_20260929/install/rm_competition_interfaces/lib/libnav_msgs__rosidl_typesupport_introspection_cpp.so
        33:	  trying file=/opt/ros/humble/opt/rviz_ogre_vendor/lib/libnav_msgs__rosidl_typesupport_introspection_cpp.so
        33:	  trying file=/opt/ros/humble/lib/x86_64-linux-gnu/libnav_msgs__rosidl_typesupport_introspection_cpp.so
        33:	  trying file=/opt/ros/humble/opt/openvdb_vendor/lib/libnav_msgs__rosidl_typesupport_introspection_cpp.so
        33:	  trying file=/opt/ros/humble/lib/libnav_msgs__rosidl_typesupport_introspection_cpp.so
        33:	
        33:	
        33:	calling init: /opt/ros/humble/lib/libnav_msgs__rosidl_typesupport_introspection_cpp.so
        33:	
        33:	find library=libnav2_msgs__rosidl_typesupport_fastrtps_cpp.so [0]; searching
        33:	 search path=/work/dynamic_prediction_trace_head_20260929/install/rm_dynamic_prediction_critic/lib:/work/dynamic_prediction_trace_head_20260929/install/nav2_mppi_controller/lib:/ws/build/dynamic_prediction_runtime_head_20260929/install/rm_competition_interfaces/lib:/work/dynamic_prediction_runtime_head_20260929/install/rm_competition_interfaces/lib:/opt/ros/humble/opt/rviz_ogre_vendor/lib:/opt/ros/humble/lib/x86_64-linux-gnu:/opt/ros/humble/opt/openvdb_vendor/lib:/opt/ros/humble/lib		(LD_LIBRARY_PATH)
        33:	  trying file=/work/dynamic_prediction_trace_head_20260929/install/rm_dynamic_prediction_critic/lib/libnav2_msgs__rosidl_typesupport_fastrtps_cpp.so
        33:	  trying file=/work/dynamic_prediction_trace_head_20260929/install/nav2_mppi_controller/lib/libnav2_msgs__rosidl_typesupport_fastrtps_cpp.so
        33:	  trying file=/ws/build/dynamic_prediction_runtime_head_20260929/install/rm_competition_interfaces/lib/libnav2_msgs__rosidl_typesupport_fastrtps_cpp.so
        33:	  trying file=/work/dynamic_prediction_runtime_head_20260929/install/rm_competition_interfaces/lib/libnav2_msgs__rosidl_typesupport_fastrtps_cpp.so
        33:	  trying file=/opt/ros/humble/opt/rviz_ogre_vendor/lib/libnav2_msgs__rosidl_typesupport_fastrtps_cpp.so
        33:	  trying file=/opt/ros/humble/lib/x86_64-linux-gnu/libnav2_msgs__rosidl_typesupport_fastrtps_cpp.so
        33:	  trying file=/opt/ros/humble/opt/openvdb_vendor/lib/libnav2_msgs__rosidl_typesupport_fastrtps_cpp.so
        33:	  trying file=/opt/ros/humble/lib/libnav2_msgs__rosidl_typesupport_fastrtps_cpp.so
        33:	
        33:	
        33:	calling init: /opt/ros/humble/lib/libnav2_msgs__rosidl_typesupport_fastrtps_cpp.so
        33:	
        33:	find library=libnav2_msgs__rosidl_typesupport_introspection_cpp.so [0]; searching
        33:	 search path=/work/dynamic_prediction_trace_head_20260929/install/rm_dynamic_prediction_critic/lib:/work/dynamic_prediction_trace_head_20260929/install/nav2_mppi_controller/lib:/ws/build/dynamic_prediction_runtime_head_20260929/install/rm_competition_interfaces/lib:/work/dynamic_prediction_runtime_head_20260929/install/rm_competition_interfaces/lib:/opt/ros/humble/opt/rviz_ogre_vendor/lib:/opt/ros/humble/lib/x86_64-linux-gnu:/opt/ros/humble/opt/openvdb_vendor/lib:/opt/ros/humble/lib		(LD_LIBRARY_PATH)
        33:	  trying file=/work/dynamic_prediction_trace_head_20260929/install/rm_dynamic_prediction_critic/lib/libnav2_msgs__rosidl_typesupport_introspection_cpp.so
        33:	  trying file=/work/dynamic_prediction_trace_head_20260929/install/nav2_mppi_controller/lib/libnav2_msgs__rosidl_typesupport_introspection_cpp.so
        33:	  trying file=/ws/build/dynamic_prediction_runtime_head_20260929/install/rm_competition_interfaces/lib/libnav2_msgs__rosidl_typesupport_introspection_cpp.so
        33:	  trying file=/work/dynamic_prediction_runtime_head_20260929/install/rm_competition_interfaces/lib/libnav2_msgs__rosidl_typesupport_introspection_cpp.so
        33:	  trying file=/opt/ros/humble/opt/rviz_ogre_vendor/lib/libnav2_msgs__rosidl_typesupport_introspection_cpp.so
        33:	  trying file=/opt/ros/humble/lib/x86_64-linux-gnu/libnav2_msgs__rosidl_typesupport_introspection_cpp.so
        33:	  trying file=/opt/ros/humble/opt/openvdb_vendor/lib/libnav2_msgs__rosidl_typesupport_introspection_cpp.so
        33:	  trying file=/opt/ros/humble/lib/libnav2_msgs__rosidl_typesupport_introspection_cpp.so
        33:	
        33:	
        33:	calling init: /opt/ros/humble/lib/libnav2_msgs__rosidl_typesupport_introspection_cpp.so
        33:	
        33:	find library=libmap_msgs__rosidl_typesupport_fastrtps_cpp.so [0]; searching
        33:	 search path=/work/dynamic_prediction_trace_head_20260929/install/rm_dynamic_prediction_critic/lib:/work/dynamic_prediction_trace_head_20260929/install/nav2_mppi_controller/lib:/ws/build/dynamic_prediction_runtime_head_20260929/install/rm_competition_interfaces/lib:/work/dynamic_prediction_runtime_head_20260929/install/rm_competition_interfaces/lib:/opt/ros/humble/opt/rviz_ogre_vendor/lib:/opt/ros/humble/lib/x86_64-linux-gnu:/opt/ros/humble/opt/openvdb_vendor/lib:/opt/ros/humble/lib		(LD_LIBRARY_PATH)
        33:	  trying file=/work/dynamic_prediction_trace_head_20260929/install/rm_dynamic_prediction_critic/lib/libmap_msgs__rosidl_typesupport_fastrtps_cpp.so
        33:	  trying file=/work/dynamic_prediction_trace_head_20260929/install/nav2_mppi_controller/lib/libmap_msgs__rosidl_typesupport_fastrtps_cpp.so
        33:	  trying file=/ws/build/dynamic_prediction_runtime_head_20260929/install/rm_competition_interfaces/lib/libmap_msgs__rosidl_typesupport_fastrtps_cpp.so
        33:	  trying file=/work/dynamic_prediction_runtime_head_20260929/install/rm_competition_interfaces/lib/libmap_msgs__rosidl_typesupport_fastrtps_cpp.so
        33:	  trying file=/opt/ros/humble/opt/rviz_ogre_vendor/lib/libmap_msgs__rosidl_typesupport_fastrtps_cpp.so
        33:	  trying file=/opt/ros/humble/lib/x86_64-linux-gnu/libmap_msgs__rosidl_typesupport_fastrtps_cpp.so
        33:	  trying file=/opt/ros/humble/opt/openvdb_vendor/lib/libmap_msgs__rosidl_typesupport_fastrtps_cpp.so
        33:	  trying file=/opt/ros/humble/lib/libmap_msgs__rosidl_typesupport_fastrtps_cpp.so
        33:	
        33:	
        33:	calling init: /opt/ros/humble/lib/libmap_msgs__rosidl_typesupport_fastrtps_cpp.so
        33:	
        33:	find library=libmap_msgs__rosidl_typesupport_introspection_cpp.so [0]; searching
        33:	 search path=/work/dynamic_prediction_trace_head_20260929/install/rm_dynamic_prediction_critic/lib:/work/dynamic_prediction_trace_head_20260929/install/nav2_mppi_controller/lib:/ws/build/dynamic_prediction_runtime_head_20260929/install/rm_competition_interfaces/lib:/work/dynamic_prediction_runtime_head_20260929/install/rm_competition_interfaces/lib:/opt/ros/humble/opt/rviz_ogre_vendor/lib:/opt/ros/humble/lib/x86_64-linux-gnu:/opt/ros/humble/opt/openvdb_vendor/lib:/opt/ros/humble/lib		(LD_LIBRARY_PATH)
        33:	  trying file=/work/dynamic_prediction_trace_head_20260929/install/rm_dynamic_prediction_critic/lib/libmap_msgs__rosidl_typesupport_introspection_cpp.so
        33:	  trying file=/work/dynamic_prediction_trace_head_20260929/install/nav2_mppi_controller/lib/libmap_msgs__rosidl_typesupport_introspection_cpp.so
        33:	  trying file=/ws/build/dynamic_prediction_runtime_head_20260929/install/rm_competition_interfaces/lib/libmap_msgs__rosidl_typesupport_introspection_cpp.so
        33:	  trying file=/work/dynamic_prediction_runtime_head_20260929/install/rm_competition_interfaces/lib/libmap_msgs__rosidl_typesupport_introspection_cpp.so
        33:	  trying file=/opt/ros/humble/opt/rviz_ogre_vendor/lib/libmap_msgs__rosidl_typesupport_introspection_cpp.so
        33:	  trying file=/opt/ros/humble/lib/x86_64-linux-gnu/libmap_msgs__rosidl_typesupport_introspection_cpp.so
        33:	  trying file=/opt/ros/humble/opt/openvdb_vendor/lib/libmap_msgs__rosidl_typesupport_introspection_cpp.so
        33:	  trying file=/opt/ros/humble/lib/libmap_msgs__rosidl_typesupport_introspection_cpp.so
        33:	
        33:	
        33:	calling init: /opt/ros/humble/lib/libmap_msgs__rosidl_typesupport_introspection_cpp.so
        33:	
[INFO] [1790768276.491849275] [frozen_replay]: Controller period is equal to model dt. Control sequence shifting is ON
        33:	
        33:	calling init: /work/dynamic_prediction_trace_head_20260929/install/nav2_mppi_controller/lib/libmppi_critics.so
        33:	
[INFO] [1790768276.492997221] [frozen_replay]: ConstraintCritic instantiated with 1 power and 4.000000 weight.
[INFO] [1790768276.493018405] [frozen_replay]: Critic loaded : mppi::critics::ConstraintCritic
[INFO] [1790768276.493094635] [frozen_replay]: InflationCostCritic instantiated with 1 power and 300.000000 / 0.015000 weights. Critic will collision check based on footprint cost.
[INFO] [1790768276.493103511] [frozen_replay]: Critic loaded : mppi::critics::CostCritic
[INFO] [1790768276.493142015] [frozen_replay]: GoalCritic instantiated with 1 power and 5.000000 weight.
[INFO] [1790768276.493147118] [frozen_replay]: Critic loaded : mppi::critics::GoalCritic
[INFO] [1790768276.493183475] [frozen_replay]: GoalAngleCritic instantiated with 1 power, 3.000000 weight, and 0.500000 angular threshold.
[INFO] [1790768276.493189228] [frozen_replay]: Critic loaded : mppi::critics::GoalAngleCritic
[INFO] [1790768276.493252871] [frozen_replay]: ReferenceTrajectoryCritic instantiated with 1 power and 10.000000 weight
[INFO] [1790768276.493265549] [frozen_replay]: Critic loaded : mppi::critics::PathAlignCritic
[INFO] [1790768276.493314487] [frozen_replay]: Critic loaded : mppi::critics::PathFollowCritic
[INFO] [1790768276.493377205] [frozen_replay]: PathAngleCritic instantiated with 1 power and 2.000000 weight. Reversing allowed.
[INFO] [1790768276.493382670] [frozen_replay]: Critic loaded : mppi::critics::PathAngleCritic
[INFO] [1790768276.493930982] [frozen_replay]: Optimizer reset
[INFO] [1790768276.498407614] [costmap]: Cleaning up
[INFO] [1790768276.499201244] [costmap]: Running Nav2 LifecycleNode rcl preshutdown (costmap)
[INFO] [1790768276.499215739] [costmap]: Destroying bond (costmap) to lifecycle manager.
[INFO] [1790768276.499368683] [costmap]: Destroying
        33:	
        33:	calling fini: /work/phase2_native_mask_head_20260929/install/costmap_mask_probe_cpp/lib/costmap_mask_probe_cpp/frozen_critic_score [0]
        33:	
        33:	
        33:	calling fini: /opt/ros/humble/lib/librmw_fastrtps_cpp.so [0]
        33:	
        33:	
        33:	calling fini: /opt/ros/humble/lib/librmw_fastrtps_shared_cpp.so [0]
        33:	
        33:	
        33:	calling fini: /opt/ros/humble/lib/libfastrtps.so.2.6 [0]
        33:	
        33:	
        33:	calling fini: /opt/ros/humble/lib/librmw_dds_common.so [0]
        33:	
        33:	
        33:	calling fini: /opt/ros/humble/lib/librmw_dds_common__rosidl_typesupport_cpp.so [0]
        33:	
        33:	
        33:	calling fini: /lib/x86_64-linux-gnu/libssl.so.3 [0]
        33:	
        33:	
        33:	calling fini: /lib/x86_64-linux-gnu/libcrypto.so.3 [0]
        33:	
        33:	
        33:	calling fini: /opt/ros/humble/lib/librmw_dds_common__rosidl_typesupport_fastrtps_cpp.so [0]
        33:	
        33:	
        33:	calling fini: /opt/ros/humble/lib/librmw_dds_common__rosidl_typesupport_introspection_cpp.so [0]
        33:	
        33:	
        33:	calling fini: /opt/ros/humble/lib/librcl_interfaces__rosidl_typesupport_fastrtps_c.so [0]
        33:	
        33:	
        33:	calling fini: /opt/ros/humble/lib/libbuiltin_interfaces__rosidl_typesupport_fastrtps_c.so [0]
        33:	
        33:	
        33:	calling fini: /opt/ros/humble/lib/librcl_interfaces__rosidl_typesupport_introspection_c.so [0]
        33:	
        33:	
        33:	calling fini: /opt/ros/humble/lib/libbuiltin_interfaces__rosidl_typesupport_introspection_c.so [0]
        33:	
        33:	
        33:	calling fini: /opt/ros/humble/lib/librcl_interfaces__rosidl_typesupport_fastrtps_cpp.so [0]
        33:	
        33:	
        33:	calling fini: /opt/ros/humble/lib/librcl_interfaces__rosidl_typesupport_introspection_cpp.so [0]
        33:	
        33:	
        33:	calling fini: /opt/ros/humble/lib/liblifecycle_msgs__rosidl_typesupport_fastrtps_c.so [0]
        33:	
        33:	
        33:	calling fini: /opt/ros/humble/lib/librosidl_typesupport_fastrtps_c.so [0]
        33:	
        33:	
        33:	calling fini: /opt/ros/humble/lib/liblifecycle_msgs__rosidl_typesupport_introspection_c.so [0]
        33:	
        33:	
        33:	calling fini: /opt/ros/humble/lib/librosidl_typesupport_introspection_c.so [0]
        33:	
        33:	
        33:	calling fini: /opt/ros/humble/lib/liblifecycle_msgs__rosidl_typesupport_fastrtps_cpp.so [0]
        33:	
        33:	
        33:	calling fini: /opt/ros/humble/lib/libtf2_msgs__rosidl_typesupport_fastrtps_cpp.so [0]
        33:	
        33:	
        33:	calling fini: /opt/ros/humble/lib/libtf2_msgs__rosidl_typesupport_introspection_cpp.so [0]
        33:	
        33:	
        33:	calling fini: /opt/ros/humble/lib/libnav2_msgs__rosidl_typesupport_fastrtps_cpp.so [0]
        33:	
        33:	
        33:	calling fini: /opt/ros/humble/lib/libunique_identifier_msgs__rosidl_typesupport_fastrtps_cpp.so [0]
        33:	
        33:	
        33:	calling fini: /opt/ros/humble/lib/libnav2_msgs__rosidl_typesupport_introspection_cpp.so [0]
        33:	
        33:	
        33:	calling fini: /opt/ros/humble/lib/libunique_identifier_msgs__rosidl_typesupport_introspection_cpp.so [0]
        33:	
        33:	
        33:	calling fini: /opt/ros/humble/lib/libmap_msgs__rosidl_typesupport_fastrtps_cpp.so [0]
        33:	
        33:	
        33:	calling fini: /opt/ros/humble/lib/libsensor_msgs__rosidl_typesupport_fastrtps_cpp.so [0]
        33:	
        33:	
        33:	calling fini: /opt/ros/humble/lib/libnav_msgs__rosidl_typesupport_fastrtps_cpp.so [0]
        33:	
        33:	
        33:	calling fini: /opt/ros/humble/lib/libgeometry_msgs__rosidl_typesupport_fastrtps_cpp.so [0]
        33:	
        33:	
        33:	calling fini: /opt/ros/humble/lib/libstd_msgs__rosidl_typesupport_fastrtps_cpp.so [0]
        33:	
        33:	
        33:	calling fini: /opt/ros/humble/lib/libbuiltin_interfaces__rosidl_typesupport_fastrtps_cpp.so [0]
        33:	
        33:	
        33:	calling fini: /opt/ros/humble/lib/libfastcdr.so.1 [0]
        33:	
        33:	
        33:	calling fini: /opt/ros/humble/lib/librosidl_typesupport_fastrtps_cpp.so [0]
        33:	
        33:	
        33:	calling fini: /opt/ros/humble/lib/libmap_msgs__rosidl_typesupport_introspection_cpp.so [0]
        33:	
        33:	
        33:	calling fini: /opt/ros/humble/lib/libsensor_msgs__rosidl_typesupport_introspection_cpp.so [0]
        33:	
        33:	
        33:	calling fini: /opt/ros/humble/lib/libnav_msgs__rosidl_typesupport_introspection_cpp.so [0]
        33:	
        33:	
        33:	calling fini: /opt/ros/humble/lib/libgeometry_msgs__rosidl_typesupport_introspection_cpp.so [0]
        33:	
        33:	
        33:	calling fini: /opt/ros/humble/lib/libstd_msgs__rosidl_typesupport_introspection_cpp.so [0]
        33:	
        33:	
        33:	calling fini: /opt/ros/humble/lib/libbuiltin_interfaces__rosidl_typesupport_introspection_cpp.so [0]
        33:	
        33:	
        33:	calling fini: /opt/ros/humble/lib/librosidl_typesupport_introspection_cpp.so [0]
        33:	
        33:	
        33:	calling fini: /work/dynamic_prediction_trace_head_20260929/install/nav2_mppi_controller/lib/libmppi_critics.so [0]
        33:	
        33:	
        33:	calling fini: /opt/ros/humble/lib/liblayers.so [0]
        33:	
        33:	
        33:	calling fini: /opt/ros/humble/lib/libmessage_filters.so [0]
        33:	
        33:	
        33:	calling fini: /opt/ros/humble/lib/liblaser_geometry.so [0]
        33:	
        33:	
        33:	calling fini: /opt/ros/humble/lib/libsensor_msgs__rosidl_typesupport_cpp.so [0]
        33:	
        33:	
        33:	calling fini: /opt/ros/humble/lib/libvoxel_grid.so [0]
        33:	
        33:	
        33:	calling fini: /work/dynamic_prediction_trace_head_20260929/install/nav2_mppi_controller/lib/libmppi_controller.so [0]
        33:	
        33:	
        33:	calling fini: /lib/x86_64-linux-gnu/libmvec.so.1 [0]
        33:	
        33:	
        33:	calling fini: /opt/ros/humble/lib/libvisualization_msgs__rosidl_typesupport_cpp.so [0]
        33:	
        33:	
        33:	calling fini: /opt/ros/humble/lib/libnav2_costmap_2d_core.so [0]
        33:	
        33:	
        33:	calling fini: /lib/x86_64-linux-gnu/libtinyxml2.so.9 [0]
        33:	
        33:	
        33:	calling fini: /opt/ros/humble/lib/libclass_loader.so [0]
        33:	
        33:	
        33:	calling fini: /opt/ros/humble/lib/libtf2_ros.so [0]
        33:	
        33:	
        33:	calling fini: /opt/ros/humble/lib/libtf2_msgs__rosidl_typesupport_cpp.so [0]
        33:	
        33:	
        33:	calling fini: /opt/ros/humble/lib/librclcpp_action.so [0]
        33:	
        33:	
        33:	calling fini: /opt/ros/humble/lib/librcl_action.so [0]
        33:	
        33:	
        33:	calling fini: /opt/ros/humble/lib/libgeometry_msgs__rosidl_typesupport_cpp.so [0]
        33:	
        33:	
        33:	calling fini: /opt/ros/humble/lib/libnav2_util_core.so [0]
        33:	
        33:	
        33:	calling fini: /lib/x86_64-linux-gnu/liborocos-kdl.so.1.5 [0]
        33:	
        33:	
        33:	calling fini: /opt/ros/humble/lib/libtf2.so [0]
        33:	
        33:	
        33:	calling fini: /lib/x86_64-linux-gnu/libconsole_bridge.so.1.0 [0]
        33:	
        33:	
        33:	calling fini: /opt/ros/humble/lib/libbondcpp.so [0]
        33:	
        33:	
        33:	calling fini: /lib/x86_64-linux-gnu/libuuid.so.1 [0]
        33:	
        33:	
        33:	calling fini: /opt/ros/humble/lib/librclcpp_lifecycle.so [0]
        33:	
        33:	
        33:	calling fini: /opt/ros/humble/lib/liblifecycle_msgs__rosidl_typesupport_c.so [0]
        33:	
        33:	
        33:	calling fini: /opt/ros/humble/lib/liblifecycle_msgs__rosidl_typesupport_cpp.so [0]
        33:	
        33:	
        33:	calling fini: /opt/ros/humble/lib/librcl_lifecycle.so [0]
        33:	
        33:	
        33:	calling fini: /opt/ros/humble/lib/liblifecycle_msgs__rosidl_generator_c.so [0]
        33:	
        33:	
        33:	calling fini: /opt/ros/humble/lib/librclcpp.so [0]
        33:	
        33:	
        33:	calling fini: /opt/ros/humble/lib/librcl_interfaces__rosidl_typesupport_cpp.so [0]
        33:	
        33:	
        33:	calling fini: /opt/ros/humble/lib/libstatistics_msgs__rosidl_typesupport_cpp.so [0]
        33:	
        33:	
        33:	calling fini: /opt/ros/humble/lib/librosgraph_msgs__rosidl_typesupport_cpp.so [0]
        33:	
        33:	
        33:	calling fini: /opt/ros/humble/lib/librcl.so [0]
        33:	
        33:	
        33:	calling fini: /opt/ros/humble/lib/librcl_interfaces__rosidl_generator_c.so [0]
        33:	
        33:	
        33:	calling fini: /opt/ros/humble/lib/librosidl_runtime_c.so [0]
        33:	
        33:	
        33:	calling fini: /opt/ros/humble/lib/libbuiltin_interfaces__rosidl_generator_c.so [0]
        33:	
        33:	
        33:	calling fini: /opt/ros/humble/lib/librcl_interfaces__rosidl_typesupport_c.so [0]
        33:	
        33:	
        33:	calling fini: /opt/ros/humble/lib/librosidl_typesupport_c.so [0]
        33:	
        33:	
        33:	calling fini: /opt/ros/humble/lib/libtracetools.so [0]
        33:	
        33:	
        33:	calling fini: /opt/ros/humble/lib/librcl_logging_spdlog.so [0]
        33:	
        33:	
        33:	calling fini: /opt/ros/humble/lib/librcl_logging_interface.so [0]
        33:	
        33:	
        33:	calling fini: /lib/x86_64-linux-gnu/libspdlog.so.1 [0]
        33:	
        33:	
        33:	calling fini: /lib/x86_64-linux-gnu/libfmt.so.8 [0]
        33:	
        33:	
        33:	calling fini: /opt/ros/humble/lib/librmw_implementation.so [0]
        33:	
        33:	
        33:	calling fini: /opt/ros/humble/lib/libament_index_cpp.so [0]
        33:	
        33:	
        33:	calling fini: /opt/ros/humble/lib/librcl_yaml_param_parser.so [0]
        33:	
        33:	
        33:	calling fini: /opt/ros/humble/lib/librmw.so [0]
        33:	
        33:	
        33:	calling fini: /opt/ros/humble/lib/libyaml.so [0]
        33:	
        33:	
        33:	calling fini: /opt/ros/humble/lib/liblibstatistics_collector.so [0]
        33:	
        33:	
        33:	calling fini: /opt/ros/humble/lib/libbond__rosidl_typesupport_cpp.so [0]
        33:	
        33:	
        33:	calling fini: /opt/ros/humble/lib/libnav_msgs__rosidl_typesupport_cpp.so [0]
        33:	
        33:	
        33:	calling fini: /opt/ros/humble/lib/libstd_srvs__rosidl_typesupport_cpp.so [0]
        33:	
        33:	
        33:	calling fini: /opt/ros/humble/lib/libnav2_msgs__rosidl_typesupport_cpp.so [0]
        33:	
        33:	
        33:	calling fini: /opt/ros/humble/lib/libaction_msgs__rosidl_typesupport_cpp.so [0]
        33:	
        33:	
        33:	calling fini: /opt/ros/humble/lib/libmap_msgs__rosidl_typesupport_cpp.so [0]
        33:	
        33:	
        33:	calling fini: /opt/ros/humble/lib/librosidl_typesupport_cpp.so [0]
        33:	
        33:	
        33:	calling fini: /opt/ros/humble/lib/librcpputils.so [0]
        33:	
score_eval_ms=2.71959
        33:	
        33:	calling fini: /lib/x86_64-linux-gnu/libstdc++.so.6 [0]
        33:	
        33:	
        33:	calling fini: /lib/x86_64-linux-gnu/libgcc_s.so.1 [0]
        33:	
        33:	
        33:	calling fini: /lib/x86_64-linux-gnu/libm.so.6 [0]
        33:	
        33:	
        33:	calling fini: /opt/ros/humble/lib/librcutils.so [0]
        33:	
