        40:	find library=libmppi_controller.so [0]; searching
        40:	 search path=/work/build/path_align_guard_cpp_20260928/install/nav2_mppi_controller/lib/glibc-hwcaps/x86-64-v3:/work/build/path_align_guard_cpp_20260928/install/nav2_mppi_controller/lib/glibc-hwcaps/x86-64-v2:/work/build/path_align_guard_cpp_20260928/install/nav2_mppi_controller/lib/tls/haswell/x86_64:/work/build/path_align_guard_cpp_20260928/install/nav2_mppi_controller/lib/tls/haswell:/work/build/path_align_guard_cpp_20260928/install/nav2_mppi_controller/lib/tls/x86_64:/work/build/path_align_guard_cpp_20260928/install/nav2_mppi_controller/lib/tls:/work/build/path_align_guard_cpp_20260928/install/nav2_mppi_controller/lib/haswell/x86_64:/work/build/path_align_guard_cpp_20260928/install/nav2_mppi_controller/lib/haswell:/work/build/path_align_guard_cpp_20260928/install/nav2_mppi_controller/lib/x86_64:/work/build/path_align_guard_cpp_20260928/install/nav2_mppi_controller/lib:/opt/ros/humble/opt/rviz_ogre_vendor/lib/glibc-hwcaps/x86-64-v3:/opt/ros/humble/opt/rviz_ogre_vendor/lib/glibc-hwcaps/x86-64-v2:/opt/ros/humble/opt/rviz_ogre_vendor/lib/tls/haswell/x86_64:/opt/ros/humble/opt/rviz_ogre_vendor/lib/tls/haswell:/opt/ros/humble/opt/rviz_ogre_vendor/lib/tls/x86_64:/opt/ros/humble/opt/rviz_ogre_vendor/lib/tls:/opt/ros/humble/opt/rviz_ogre_vendor/lib/haswell/x86_64:/opt/ros/humble/opt/rviz_ogre_vendor/lib/haswell:/opt/ros/humble/opt/rviz_ogre_vendor/lib/x86_64:/opt/ros/humble/opt/rviz_ogre_vendor/lib:/opt/ros/humble/lib/x86_64-linux-gnu/glibc-hwcaps/x86-64-v3:/opt/ros/humble/lib/x86_64-linux-gnu/glibc-hwcaps/x86-64-v2:/opt/ros/humble/lib/x86_64-linux-gnu/tls/haswell/x86_64:/opt/ros/humble/lib/x86_64-linux-gnu/tls/haswell:/opt/ros/humble/lib/x86_64-linux-gnu/tls/x86_64:/opt/ros/humble/lib/x86_64-linux-gnu/tls:/opt/ros/humble/lib/x86_64-linux-gnu/haswell/x86_64:/opt/ros/humble/lib/x86_64-linux-gnu/haswell:/opt/ros/humble/lib/x86_64-linux-gnu/x86_64:/opt/ros/humble/lib/x86_64-linux-gnu:/opt/ros/humble/opt/openvdb_vendor/lib/glibc-hwcaps/x86-64-v3:/opt/ros/humble/opt/openvdb_vendor/lib/glibc-hwcaps/x86-64-v2:/opt/ros/humble/opt/openvdb_vendor/lib/tls/haswell/x86_64:/opt/ros/humble/opt/openvdb_vendor/lib/tls/haswell:/opt/ros/humble/opt/openvdb_vendor/lib/tls/x86_64:/opt/ros/humble/opt/openvdb_vendor/lib/tls:/opt/ros/humble/opt/openvdb_vendor/lib/haswell/x86_64:/opt/ros/humble/opt/openvdb_vendor/lib/haswell:/opt/ros/humble/opt/openvdb_vendor/lib/x86_64:/opt/ros/humble/opt/openvdb_vendor/lib:/opt/ros/humble/lib/glibc-hwcaps/x86-64-v3:/opt/ros/humble/lib/glibc-hwcaps/x86-64-v2:/opt/ros/humble/lib/tls/haswell/x86_64:/opt/ros/humble/lib/tls/haswell:/opt/ros/humble/lib/tls/x86_64:/opt/ros/humble/lib/tls:/opt/ros/humble/lib/haswell/x86_64:/opt/ros/humble/lib/haswell:/opt/ros/humble/lib/x86_64:/opt/ros/humble/lib		(LD_LIBRARY_PATH)
        40:	  trying file=/work/build/path_align_guard_cpp_20260928/install/nav2_mppi_controller/lib/glibc-hwcaps/x86-64-v3/libmppi_controller.so
        40:	  trying file=/work/build/path_align_guard_cpp_20260928/install/nav2_mppi_controller/lib/glibc-hwcaps/x86-64-v2/libmppi_controller.so
        40:	  trying file=/work/build/path_align_guard_cpp_20260928/install/nav2_mppi_controller/lib/tls/haswell/x86_64/libmppi_controller.so
        40:	  trying file=/work/build/path_align_guard_cpp_20260928/install/nav2_mppi_controller/lib/tls/haswell/libmppi_controller.so
        40:	  trying file=/work/build/path_align_guard_cpp_20260928/install/nav2_mppi_controller/lib/tls/x86_64/libmppi_controller.so
        40:	  trying file=/work/build/path_align_guard_cpp_20260928/install/nav2_mppi_controller/lib/tls/libmppi_controller.so
        40:	  trying file=/work/build/path_align_guard_cpp_20260928/install/nav2_mppi_controller/lib/haswell/x86_64/libmppi_controller.so
        40:	  trying file=/work/build/path_align_guard_cpp_20260928/install/nav2_mppi_controller/lib/haswell/libmppi_controller.so
        40:	  trying file=/work/build/path_align_guard_cpp_20260928/install/nav2_mppi_controller/lib/x86_64/libmppi_controller.so
        40:	  trying file=/work/build/path_align_guard_cpp_20260928/install/nav2_mppi_controller/lib/libmppi_controller.so
        40:	
        40:	find library=libnav2_costmap_2d_core.so [0]; searching
        40:	 search path=/work/build/path_align_guard_cpp_20260928/install/nav2_mppi_controller/lib:/opt/ros/humble/opt/rviz_ogre_vendor/lib/glibc-hwcaps/x86-64-v3:/opt/ros/humble/opt/rviz_ogre_vendor/lib/glibc-hwcaps/x86-64-v2:/opt/ros/humble/opt/rviz_ogre_vendor/lib/tls/haswell/x86_64:/opt/ros/humble/opt/rviz_ogre_vendor/lib/tls/haswell:/opt/ros/humble/opt/rviz_ogre_vendor/lib/tls/x86_64:/opt/ros/humble/opt/rviz_ogre_vendor/lib/tls:/opt/ros/humble/opt/rviz_ogre_vendor/lib/haswell/x86_64:/opt/ros/humble/opt/rviz_ogre_vendor/lib/haswell:/opt/ros/humble/opt/rviz_ogre_vendor/lib/x86_64:/opt/ros/humble/opt/rviz_ogre_vendor/lib:/opt/ros/humble/lib/x86_64-linux-gnu/glibc-hwcaps/x86-64-v3:/opt/ros/humble/lib/x86_64-linux-gnu/glibc-hwcaps/x86-64-v2:/opt/ros/humble/lib/x86_64-linux-gnu/tls/haswell/x86_64:/opt/ros/humble/lib/x86_64-linux-gnu/tls/haswell:/opt/ros/humble/lib/x86_64-linux-gnu/tls/x86_64:/opt/ros/humble/lib/x86_64-linux-gnu/tls:/opt/ros/humble/lib/x86_64-linux-gnu/haswell/x86_64:/opt/ros/humble/lib/x86_64-linux-gnu/haswell:/opt/ros/humble/lib/x86_64-linux-gnu/x86_64:/opt/ros/humble/lib/x86_64-linux-gnu:/opt/ros/humble/opt/openvdb_vendor/lib/glibc-hwcaps/x86-64-v3:/opt/ros/humble/opt/openvdb_vendor/lib/glibc-hwcaps/x86-64-v2:/opt/ros/humble/opt/openvdb_vendor/lib/tls/haswell/x86_64:/opt/ros/humble/opt/openvdb_vendor/lib/tls/haswell:/opt/ros/humble/opt/openvdb_vendor/lib/tls/x86_64:/opt/ros/humble/opt/openvdb_vendor/lib/tls:/opt/ros/humble/opt/openvdb_vendor/lib/haswell/x86_64:/opt/ros/humble/opt/openvdb_vendor/lib/haswell:/opt/ros/humble/opt/openvdb_vendor/lib/x86_64:/opt/ros/humble/opt/openvdb_vendor/lib:/opt/ros/humble/lib/glibc-hwcaps/x86-64-v3:/opt/ros/humble/lib/glibc-hwcaps/x86-64-v2:/opt/ros/humble/lib/tls/haswell/x86_64:/opt/ros/humble/lib/tls/haswell:/opt/ros/humble/lib/tls/x86_64:/opt/ros/humble/lib/tls:/opt/ros/humble/lib/haswell/x86_64:/opt/ros/humble/lib/haswell:/opt/ros/humble/lib/x86_64:/opt/ros/humble/lib		(LD_LIBRARY_PATH)
        40:	  trying file=/work/build/path_align_guard_cpp_20260928/install/nav2_mppi_controller/lib/libnav2_costmap_2d_core.so
        40:	  trying file=/opt/ros/humble/opt/rviz_ogre_vendor/lib/glibc-hwcaps/x86-64-v3/libnav2_costmap_2d_core.so
        40:	  trying file=/opt/ros/humble/opt/rviz_ogre_vendor/lib/glibc-hwcaps/x86-64-v2/libnav2_costmap_2d_core.so
        40:	  trying file=/opt/ros/humble/opt/rviz_ogre_vendor/lib/tls/haswell/x86_64/libnav2_costmap_2d_core.so
        40:	  trying file=/opt/ros/humble/opt/rviz_ogre_vendor/lib/tls/haswell/libnav2_costmap_2d_core.so
        40:	  trying file=/opt/ros/humble/opt/rviz_ogre_vendor/lib/tls/x86_64/libnav2_costmap_2d_core.so
        40:	  trying file=/opt/ros/humble/opt/rviz_ogre_vendor/lib/tls/libnav2_costmap_2d_core.so
        40:	  trying file=/opt/ros/humble/opt/rviz_ogre_vendor/lib/haswell/x86_64/libnav2_costmap_2d_core.so
        40:	  trying file=/opt/ros/humble/opt/rviz_ogre_vendor/lib/haswell/libnav2_costmap_2d_core.so
        40:	  trying file=/opt/ros/humble/opt/rviz_ogre_vendor/lib/x86_64/libnav2_costmap_2d_core.so
        40:	  trying file=/opt/ros/humble/opt/rviz_ogre_vendor/lib/libnav2_costmap_2d_core.so
        40:	  trying file=/opt/ros/humble/lib/x86_64-linux-gnu/glibc-hwcaps/x86-64-v3/libnav2_costmap_2d_core.so
        40:	  trying file=/opt/ros/humble/lib/x86_64-linux-gnu/glibc-hwcaps/x86-64-v2/libnav2_costmap_2d_core.so
        40:	  trying file=/opt/ros/humble/lib/x86_64-linux-gnu/tls/haswell/x86_64/libnav2_costmap_2d_core.so
        40:	  trying file=/opt/ros/humble/lib/x86_64-linux-gnu/tls/haswell/libnav2_costmap_2d_core.so
        40:	  trying file=/opt/ros/humble/lib/x86_64-linux-gnu/tls/x86_64/libnav2_costmap_2d_core.so
        40:	  trying file=/opt/ros/humble/lib/x86_64-linux-gnu/tls/libnav2_costmap_2d_core.so
        40:	  trying file=/opt/ros/humble/lib/x86_64-linux-gnu/haswell/x86_64/libnav2_costmap_2d_core.so
        40:	  trying file=/opt/ros/humble/lib/x86_64-linux-gnu/haswell/libnav2_costmap_2d_core.so
        40:	  trying file=/opt/ros/humble/lib/x86_64-linux-gnu/x86_64/libnav2_costmap_2d_core.so
        40:	  trying file=/opt/ros/humble/lib/x86_64-linux-gnu/libnav2_costmap_2d_core.so
        40:	  trying file=/opt/ros/humble/opt/openvdb_vendor/lib/glibc-hwcaps/x86-64-v3/libnav2_costmap_2d_core.so
        40:	  trying file=/opt/ros/humble/opt/openvdb_vendor/lib/glibc-hwcaps/x86-64-v2/libnav2_costmap_2d_core.so
        40:	  trying file=/opt/ros/humble/opt/openvdb_vendor/lib/tls/haswell/x86_64/libnav2_costmap_2d_core.so
        40:	  trying file=/opt/ros/humble/opt/openvdb_vendor/lib/tls/haswell/libnav2_costmap_2d_core.so
        40:	  trying file=/opt/ros/humble/opt/openvdb_vendor/lib/tls/x86_64/libnav2_costmap_2d_core.so
        40:	  trying file=/opt/ros/humble/opt/openvdb_vendor/lib/tls/libnav2_costmap_2d_core.so
        40:	  trying file=/opt/ros/humble/opt/openvdb_vendor/lib/haswell/x86_64/libnav2_costmap_2d_core.so
        40:	  trying file=/opt/ros/humble/opt/openvdb_vendor/lib/haswell/libnav2_costmap_2d_core.so
        40:	  trying file=/opt/ros/humble/opt/openvdb_vendor/lib/x86_64/libnav2_costmap_2d_core.so
        40:	  trying file=/opt/ros/humble/opt/openvdb_vendor/lib/libnav2_costmap_2d_core.so
        40:	  trying file=/opt/ros/humble/lib/glibc-hwcaps/x86-64-v3/libnav2_costmap_2d_core.so
        40:	  trying file=/opt/ros/humble/lib/glibc-hwcaps/x86-64-v2/libnav2_costmap_2d_core.so
        40:	  trying file=/opt/ros/humble/lib/tls/haswell/x86_64/libnav2_costmap_2d_core.so
        40:	  trying file=/opt/ros/humble/lib/tls/haswell/libnav2_costmap_2d_core.so
        40:	  trying file=/opt/ros/humble/lib/tls/x86_64/libnav2_costmap_2d_core.so
        40:	  trying file=/opt/ros/humble/lib/tls/libnav2_costmap_2d_core.so
        40:	  trying file=/opt/ros/humble/lib/haswell/x86_64/libnav2_costmap_2d_core.so
        40:	  trying file=/opt/ros/humble/lib/haswell/libnav2_costmap_2d_core.so
        40:	  trying file=/opt/ros/humble/lib/x86_64/libnav2_costmap_2d_core.so
        40:	  trying file=/opt/ros/humble/lib/libnav2_costmap_2d_core.so
        40:	
        40:	find library=librcutils.so [0]; searching
        40:	 search path=/work/build/path_align_guard_cpp_20260928/install/nav2_mppi_controller/lib:/opt/ros/humble/opt/rviz_ogre_vendor/lib:/opt/ros/humble/lib/x86_64-linux-gnu:/opt/ros/humble/opt/openvdb_vendor/lib:/opt/ros/humble/lib		(LD_LIBRARY_PATH)
        40:	  trying file=/work/build/path_align_guard_cpp_20260928/install/nav2_mppi_controller/lib/librcutils.so
        40:	  trying file=/opt/ros/humble/opt/rviz_ogre_vendor/lib/librcutils.so
        40:	  trying file=/opt/ros/humble/lib/x86_64-linux-gnu/librcutils.so
        40:	  trying file=/opt/ros/humble/opt/openvdb_vendor/lib/librcutils.so
        40:	  trying file=/opt/ros/humble/lib/librcutils.so
        40:	
        40:	find library=librclcpp.so [0]; searching
        40:	 search path=/work/build/path_align_guard_cpp_20260928/install/nav2_mppi_controller/lib:/opt/ros/humble/opt/rviz_ogre_vendor/lib:/opt/ros/humble/lib/x86_64-linux-gnu:/opt/ros/humble/opt/openvdb_vendor/lib:/opt/ros/humble/lib		(LD_LIBRARY_PATH)
        40:	  trying file=/work/build/path_align_guard_cpp_20260928/install/nav2_mppi_controller/lib/librclcpp.so
        40:	  trying file=/opt/ros/humble/opt/rviz_ogre_vendor/lib/librclcpp.so
        40:	  trying file=/opt/ros/humble/lib/x86_64-linux-gnu/librclcpp.so
        40:	  trying file=/opt/ros/humble/opt/openvdb_vendor/lib/librclcpp.so
        40:	  trying file=/opt/ros/humble/lib/librclcpp.so
        40:	
        40:	find library=librclcpp_lifecycle.so [0]; searching
        40:	 search path=/work/build/path_align_guard_cpp_20260928/install/nav2_mppi_controller/lib:/opt/ros/humble/opt/rviz_ogre_vendor/lib:/opt/ros/humble/lib/x86_64-linux-gnu:/opt/ros/humble/opt/openvdb_vendor/lib:/opt/ros/humble/lib		(LD_LIBRARY_PATH)
        40:	  trying file=/work/build/path_align_guard_cpp_20260928/install/nav2_mppi_controller/lib/librclcpp_lifecycle.so
        40:	  trying file=/opt/ros/humble/opt/rviz_ogre_vendor/lib/librclcpp_lifecycle.so
        40:	  trying file=/opt/ros/humble/lib/x86_64-linux-gnu/librclcpp_lifecycle.so
        40:	  trying file=/opt/ros/humble/opt/openvdb_vendor/lib/librclcpp_lifecycle.so
        40:	  trying file=/opt/ros/humble/lib/librclcpp_lifecycle.so
        40:	
        40:	find library=libstdc++.so.6 [0]; searching
        40:	 search path=/work/build/path_align_guard_cpp_20260928/install/nav2_mppi_controller/lib:/opt/ros/humble/opt/rviz_ogre_vendor/lib:/opt/ros/humble/lib/x86_64-linux-gnu:/opt/ros/humble/opt/openvdb_vendor/lib:/opt/ros/humble/lib		(LD_LIBRARY_PATH)
        40:	  trying file=/work/build/path_align_guard_cpp_20260928/install/nav2_mppi_controller/lib/libstdc++.so.6
        40:	  trying file=/opt/ros/humble/opt/rviz_ogre_vendor/lib/libstdc++.so.6
        40:	  trying file=/opt/ros/humble/lib/x86_64-linux-gnu/libstdc++.so.6
        40:	  trying file=/opt/ros/humble/opt/openvdb_vendor/lib/libstdc++.so.6
        40:	  trying file=/opt/ros/humble/lib/libstdc++.so.6
        40:	 search cache=/etc/ld.so.cache
        40:	  trying file=/lib/x86_64-linux-gnu/libstdc++.so.6
        40:	
        40:	find library=libm.so.6 [0]; searching
        40:	 search path=/work/build/path_align_guard_cpp_20260928/install/nav2_mppi_controller/lib:/opt/ros/humble/opt/rviz_ogre_vendor/lib:/opt/ros/humble/lib/x86_64-linux-gnu:/opt/ros/humble/opt/openvdb_vendor/lib:/opt/ros/humble/lib		(LD_LIBRARY_PATH)
        40:	  trying file=/work/build/path_align_guard_cpp_20260928/install/nav2_mppi_controller/lib/libm.so.6
        40:	  trying file=/opt/ros/humble/opt/rviz_ogre_vendor/lib/libm.so.6
        40:	  trying file=/opt/ros/humble/lib/x86_64-linux-gnu/libm.so.6
        40:	  trying file=/opt/ros/humble/opt/openvdb_vendor/lib/libm.so.6
        40:	  trying file=/opt/ros/humble/lib/libm.so.6
        40:	 search cache=/etc/ld.so.cache
        40:	  trying file=/lib/x86_64-linux-gnu/libm.so.6
        40:	
        40:	find library=libgcc_s.so.1 [0]; searching
        40:	 search path=/work/build/path_align_guard_cpp_20260928/install/nav2_mppi_controller/lib:/opt/ros/humble/opt/rviz_ogre_vendor/lib:/opt/ros/humble/lib/x86_64-linux-gnu:/opt/ros/humble/opt/openvdb_vendor/lib:/opt/ros/humble/lib		(LD_LIBRARY_PATH)
        40:	  trying file=/work/build/path_align_guard_cpp_20260928/install/nav2_mppi_controller/lib/libgcc_s.so.1
        40:	  trying file=/opt/ros/humble/opt/rviz_ogre_vendor/lib/libgcc_s.so.1
        40:	  trying file=/opt/ros/humble/lib/x86_64-linux-gnu/libgcc_s.so.1
        40:	  trying file=/opt/ros/humble/opt/openvdb_vendor/lib/libgcc_s.so.1
        40:	  trying file=/opt/ros/humble/lib/libgcc_s.so.1
        40:	 search cache=/etc/ld.so.cache
        40:	  trying file=/lib/x86_64-linux-gnu/libgcc_s.so.1
        40:	
        40:	find library=libc.so.6 [0]; searching
        40:	 search path=/work/build/path_align_guard_cpp_20260928/install/nav2_mppi_controller/lib:/opt/ros/humble/opt/rviz_ogre_vendor/lib:/opt/ros/humble/lib/x86_64-linux-gnu:/opt/ros/humble/opt/openvdb_vendor/lib:/opt/ros/humble/lib		(LD_LIBRARY_PATH)
        40:	  trying file=/work/build/path_align_guard_cpp_20260928/install/nav2_mppi_controller/lib/libc.so.6
        40:	  trying file=/opt/ros/humble/opt/rviz_ogre_vendor/lib/libc.so.6
        40:	  trying file=/opt/ros/humble/lib/x86_64-linux-gnu/libc.so.6
        40:	  trying file=/opt/ros/humble/opt/openvdb_vendor/lib/libc.so.6
        40:	  trying file=/opt/ros/humble/lib/libc.so.6
        40:	 search cache=/etc/ld.so.cache
        40:	  trying file=/lib/x86_64-linux-gnu/libc.so.6
        40:	
        40:	find library=librcl.so [0]; searching
        40:	 search path=/work/build/path_align_guard_cpp_20260928/install/nav2_mppi_controller/lib:/opt/ros/humble/opt/rviz_ogre_vendor/lib:/opt/ros/humble/lib/x86_64-linux-gnu:/opt/ros/humble/opt/openvdb_vendor/lib:/opt/ros/humble/lib		(LD_LIBRARY_PATH)
        40:	  trying file=/work/build/path_align_guard_cpp_20260928/install/nav2_mppi_controller/lib/librcl.so
        40:	  trying file=/opt/ros/humble/opt/rviz_ogre_vendor/lib/librcl.so
        40:	  trying file=/opt/ros/humble/lib/x86_64-linux-gnu/librcl.so
        40:	  trying file=/opt/ros/humble/opt/openvdb_vendor/lib/librcl.so
        40:	  trying file=/opt/ros/humble/lib/librcl.so
        40:	
        40:	find library=libtracetools.so [0]; searching
        40:	 search path=/work/build/path_align_guard_cpp_20260928/install/nav2_mppi_controller/lib:/opt/ros/humble/opt/rviz_ogre_vendor/lib:/opt/ros/humble/lib/x86_64-linux-gnu:/opt/ros/humble/opt/openvdb_vendor/lib:/opt/ros/humble/lib		(LD_LIBRARY_PATH)
        40:	  trying file=/work/build/path_align_guard_cpp_20260928/install/nav2_mppi_controller/lib/libtracetools.so
        40:	  trying file=/opt/ros/humble/opt/rviz_ogre_vendor/lib/libtracetools.so
        40:	  trying file=/opt/ros/humble/lib/x86_64-linux-gnu/libtracetools.so
        40:	  trying file=/opt/ros/humble/opt/openvdb_vendor/lib/libtracetools.so
        40:	  trying file=/opt/ros/humble/lib/libtracetools.so
        40:	
        40:	find library=libtinyxml2.so.9 [0]; searching
        40:	 search path=/work/build/path_align_guard_cpp_20260928/install/nav2_mppi_controller/lib:/opt/ros/humble/opt/rviz_ogre_vendor/lib:/opt/ros/humble/lib/x86_64-linux-gnu:/opt/ros/humble/opt/openvdb_vendor/lib:/opt/ros/humble/lib		(LD_LIBRARY_PATH)
        40:	  trying file=/work/build/path_align_guard_cpp_20260928/install/nav2_mppi_controller/lib/libtinyxml2.so.9
        40:	  trying file=/opt/ros/humble/opt/rviz_ogre_vendor/lib/libtinyxml2.so.9
        40:	  trying file=/opt/ros/humble/lib/x86_64-linux-gnu/libtinyxml2.so.9
        40:	  trying file=/opt/ros/humble/opt/openvdb_vendor/lib/libtinyxml2.so.9
        40:	  trying file=/opt/ros/humble/lib/libtinyxml2.so.9
        40:	 search cache=/etc/ld.so.cache
        40:	  trying file=/lib/x86_64-linux-gnu/libtinyxml2.so.9
        40:	
        40:	find library=libvisualization_msgs__rosidl_typesupport_cpp.so [0]; searching
        40:	 search path=/work/build/path_align_guard_cpp_20260928/install/nav2_mppi_controller/lib:/opt/ros/humble/opt/rviz_ogre_vendor/lib:/opt/ros/humble/lib/x86_64-linux-gnu:/opt/ros/humble/opt/openvdb_vendor/lib:/opt/ros/humble/lib		(LD_LIBRARY_PATH)
        40:	  trying file=/work/build/path_align_guard_cpp_20260928/install/nav2_mppi_controller/lib/libvisualization_msgs__rosidl_typesupport_cpp.so
        40:	  trying file=/opt/ros/humble/opt/rviz_ogre_vendor/lib/libvisualization_msgs__rosidl_typesupport_cpp.so
        40:	  trying file=/opt/ros/humble/lib/x86_64-linux-gnu/libvisualization_msgs__rosidl_typesupport_cpp.so
        40:	  trying file=/opt/ros/humble/opt/openvdb_vendor/lib/libvisualization_msgs__rosidl_typesupport_cpp.so
        40:	  trying file=/opt/ros/humble/lib/libvisualization_msgs__rosidl_typesupport_cpp.so
        40:	
        40:	find library=libtf2.so [0]; searching
        40:	 search path=/work/build/path_align_guard_cpp_20260928/install/nav2_mppi_controller/lib:/opt/ros/humble/opt/rviz_ogre_vendor/lib:/opt/ros/humble/lib/x86_64-linux-gnu:/opt/ros/humble/opt/openvdb_vendor/lib:/opt/ros/humble/lib		(LD_LIBRARY_PATH)
        40:	  trying file=/work/build/path_align_guard_cpp_20260928/install/nav2_mppi_controller/lib/libtf2.so
        40:	  trying file=/opt/ros/humble/opt/rviz_ogre_vendor/lib/libtf2.so
        40:	  trying file=/opt/ros/humble/lib/x86_64-linux-gnu/libtf2.so
        40:	  trying file=/opt/ros/humble/opt/openvdb_vendor/lib/libtf2.so
        40:	  trying file=/opt/ros/humble/lib/libtf2.so
        40:	
        40:	find library=libnav_msgs__rosidl_typesupport_cpp.so [0]; searching
        40:	 search path=/work/build/path_align_guard_cpp_20260928/install/nav2_mppi_controller/lib:/opt/ros/humble/opt/rviz_ogre_vendor/lib:/opt/ros/humble/lib/x86_64-linux-gnu:/opt/ros/humble/opt/openvdb_vendor/lib:/opt/ros/humble/lib		(LD_LIBRARY_PATH)
        40:	  trying file=/work/build/path_align_guard_cpp_20260928/install/nav2_mppi_controller/lib/libnav_msgs__rosidl_typesupport_cpp.so
        40:	  trying file=/opt/ros/humble/opt/rviz_ogre_vendor/lib/libnav_msgs__rosidl_typesupport_cpp.so
        40:	  trying file=/opt/ros/humble/lib/x86_64-linux-gnu/libnav_msgs__rosidl_typesupport_cpp.so
        40:	  trying file=/opt/ros/humble/opt/openvdb_vendor/lib/libnav_msgs__rosidl_typesupport_cpp.so
        40:	  trying file=/opt/ros/humble/lib/libnav_msgs__rosidl_typesupport_cpp.so
        40:	
        40:	find library=librmw.so [0]; searching
        40:	 search path=/work/build/path_align_guard_cpp_20260928/install/nav2_mppi_controller/lib:/opt/ros/humble/opt/rviz_ogre_vendor/lib:/opt/ros/humble/lib/x86_64-linux-gnu:/opt/ros/humble/opt/openvdb_vendor/lib:/opt/ros/humble/lib		(LD_LIBRARY_PATH)
        40:	  trying file=/work/build/path_align_guard_cpp_20260928/install/nav2_mppi_controller/lib/librmw.so
        40:	  trying file=/opt/ros/humble/opt/rviz_ogre_vendor/lib/librmw.so
        40:	  trying file=/opt/ros/humble/lib/x86_64-linux-gnu/librmw.so
        40:	  trying file=/opt/ros/humble/opt/openvdb_vendor/lib/librmw.so
        40:	  trying file=/opt/ros/humble/lib/librmw.so
        40:	
        40:	find library=librcpputils.so [0]; searching
        40:	 search path=/work/build/path_align_guard_cpp_20260928/install/nav2_mppi_controller/lib:/opt/ros/humble/opt/rviz_ogre_vendor/lib:/opt/ros/humble/lib/x86_64-linux-gnu:/opt/ros/humble/opt/openvdb_vendor/lib:/opt/ros/humble/lib		(LD_LIBRARY_PATH)
        40:	  trying file=/work/build/path_align_guard_cpp_20260928/install/nav2_mppi_controller/lib/librcpputils.so
        40:	  trying file=/opt/ros/humble/opt/rviz_ogre_vendor/lib/librcpputils.so
        40:	  trying file=/opt/ros/humble/lib/x86_64-linux-gnu/librcpputils.so
        40:	  trying file=/opt/ros/humble/opt/openvdb_vendor/lib/librcpputils.so
        40:	  trying file=/opt/ros/humble/lib/librcpputils.so
        40:	
        40:	find library=libclass_loader.so [0]; searching
        40:	 search path=/work/build/path_align_guard_cpp_20260928/install/nav2_mppi_controller/lib:/opt/ros/humble/opt/rviz_ogre_vendor/lib:/opt/ros/humble/lib/x86_64-linux-gnu:/opt/ros/humble/opt/openvdb_vendor/lib:/opt/ros/humble/lib		(LD_LIBRARY_PATH)
        40:	  trying file=/work/build/path_align_guard_cpp_20260928/install/nav2_mppi_controller/lib/libclass_loader.so
        40:	  trying file=/opt/ros/humble/opt/rviz_ogre_vendor/lib/libclass_loader.so
        40:	  trying file=/opt/ros/humble/lib/x86_64-linux-gnu/libclass_loader.so
        40:	  trying file=/opt/ros/humble/opt/openvdb_vendor/lib/libclass_loader.so
        40:	  trying file=/opt/ros/humble/lib/libclass_loader.so
        40:	
        40:	find library=liborocos-kdl.so.1.5 [0]; searching
        40:	 search path=/work/build/path_align_guard_cpp_20260928/install/nav2_mppi_controller/lib:/opt/ros/humble/opt/rviz_ogre_vendor/lib:/opt/ros/humble/lib/x86_64-linux-gnu:/opt/ros/humble/opt/openvdb_vendor/lib:/opt/ros/humble/lib		(LD_LIBRARY_PATH)
        40:	  trying file=/work/build/path_align_guard_cpp_20260928/install/nav2_mppi_controller/lib/liborocos-kdl.so.1.5
        40:	  trying file=/opt/ros/humble/opt/rviz_ogre_vendor/lib/liborocos-kdl.so.1.5
        40:	  trying file=/opt/ros/humble/lib/x86_64-linux-gnu/liborocos-kdl.so.1.5
        40:	  trying file=/opt/ros/humble/opt/openvdb_vendor/lib/liborocos-kdl.so.1.5
        40:	  trying file=/opt/ros/humble/lib/liborocos-kdl.so.1.5
        40:	 search cache=/etc/ld.so.cache
        40:	  trying file=/lib/x86_64-linux-gnu/liborocos-kdl.so.1.5
        40:	
        40:	find library=libconsole_bridge.so.1.0 [0]; searching
        40:	 search path=/work/build/path_align_guard_cpp_20260928/install/nav2_mppi_controller/lib:/opt/ros/humble/opt/rviz_ogre_vendor/lib:/opt/ros/humble/lib/x86_64-linux-gnu:/opt/ros/humble/opt/openvdb_vendor/lib:/opt/ros/humble/lib		(LD_LIBRARY_PATH)
        40:	  trying file=/work/build/path_align_guard_cpp_20260928/install/nav2_mppi_controller/lib/libconsole_bridge.so.1.0
        40:	  trying file=/opt/ros/humble/opt/rviz_ogre_vendor/lib/libconsole_bridge.so.1.0
        40:	  trying file=/opt/ros/humble/lib/x86_64-linux-gnu/libconsole_bridge.so.1.0
        40:	  trying file=/opt/ros/humble/opt/openvdb_vendor/lib/libconsole_bridge.so.1.0
        40:	  trying file=/opt/ros/humble/lib/libconsole_bridge.so.1.0
        40:	 search cache=/etc/ld.so.cache
        40:	  trying file=/lib/x86_64-linux-gnu/libconsole_bridge.so.1.0
        40:	
        40:	find library=libament_index_cpp.so [0]; searching
        40:	 search path=/work/build/path_align_guard_cpp_20260928/install/nav2_mppi_controller/lib:/opt/ros/humble/opt/rviz_ogre_vendor/lib:/opt/ros/humble/lib/x86_64-linux-gnu:/opt/ros/humble/opt/openvdb_vendor/lib:/opt/ros/humble/lib		(LD_LIBRARY_PATH)
        40:	  trying file=/work/build/path_align_guard_cpp_20260928/install/nav2_mppi_controller/lib/libament_index_cpp.so
        40:	  trying file=/opt/ros/humble/opt/rviz_ogre_vendor/lib/libament_index_cpp.so
        40:	  trying file=/opt/ros/humble/lib/x86_64-linux-gnu/libament_index_cpp.so
        40:	  trying file=/opt/ros/humble/opt/openvdb_vendor/lib/libament_index_cpp.so
        40:	  trying file=/opt/ros/humble/lib/libament_index_cpp.so
        40:	
        40:	find library=libmvec.so.1 [0]; searching
        40:	 search path=/work/build/path_align_guard_cpp_20260928/install/nav2_mppi_controller/lib:/opt/ros/humble/opt/rviz_ogre_vendor/lib:/opt/ros/humble/lib/x86_64-linux-gnu:/opt/ros/humble/opt/openvdb_vendor/lib:/opt/ros/humble/lib		(LD_LIBRARY_PATH)
        40:	  trying file=/work/build/path_align_guard_cpp_20260928/install/nav2_mppi_controller/lib/libmvec.so.1
        40:	  trying file=/opt/ros/humble/opt/rviz_ogre_vendor/lib/libmvec.so.1
        40:	  trying file=/opt/ros/humble/lib/x86_64-linux-gnu/libmvec.so.1
        40:	  trying file=/opt/ros/humble/opt/openvdb_vendor/lib/libmvec.so.1
        40:	  trying file=/opt/ros/humble/lib/libmvec.so.1
        40:	 search cache=/etc/ld.so.cache
        40:	  trying file=/lib/x86_64-linux-gnu/libmvec.so.1
        40:	
        40:	find library=libmap_msgs__rosidl_typesupport_cpp.so [0]; searching
        40:	 search path=/work/build/path_align_guard_cpp_20260928/install/nav2_mppi_controller/lib:/opt/ros/humble/opt/rviz_ogre_vendor/lib:/opt/ros/humble/lib/x86_64-linux-gnu:/opt/ros/humble/opt/openvdb_vendor/lib:/opt/ros/humble/lib		(LD_LIBRARY_PATH)
        40:	  trying file=/work/build/path_align_guard_cpp_20260928/install/nav2_mppi_controller/lib/libmap_msgs__rosidl_typesupport_cpp.so
        40:	  trying file=/opt/ros/humble/opt/rviz_ogre_vendor/lib/libmap_msgs__rosidl_typesupport_cpp.so
        40:	  trying file=/opt/ros/humble/lib/x86_64-linux-gnu/libmap_msgs__rosidl_typesupport_cpp.so
        40:	  trying file=/opt/ros/humble/opt/openvdb_vendor/lib/libmap_msgs__rosidl_typesupport_cpp.so
        40:	  trying file=/opt/ros/humble/lib/libmap_msgs__rosidl_typesupport_cpp.so
        40:	
        40:	find library=libnav2_msgs__rosidl_typesupport_cpp.so [0]; searching
        40:	 search path=/work/build/path_align_guard_cpp_20260928/install/nav2_mppi_controller/lib:/opt/ros/humble/opt/rviz_ogre_vendor/lib:/opt/ros/humble/lib/x86_64-linux-gnu:/opt/ros/humble/opt/openvdb_vendor/lib:/opt/ros/humble/lib		(LD_LIBRARY_PATH)
        40:	  trying file=/work/build/path_align_guard_cpp_20260928/install/nav2_mppi_controller/lib/libnav2_msgs__rosidl_typesupport_cpp.so
        40:	  trying file=/opt/ros/humble/opt/rviz_ogre_vendor/lib/libnav2_msgs__rosidl_typesupport_cpp.so
        40:	  trying file=/opt/ros/humble/lib/x86_64-linux-gnu/libnav2_msgs__rosidl_typesupport_cpp.so
        40:	  trying file=/opt/ros/humble/opt/openvdb_vendor/lib/libnav2_msgs__rosidl_typesupport_cpp.so
        40:	  trying file=/opt/ros/humble/lib/libnav2_msgs__rosidl_typesupport_cpp.so
        40:	
        40:	find library=libstd_srvs__rosidl_typesupport_cpp.so [0]; searching
        40:	 search path=/work/build/path_align_guard_cpp_20260928/install/nav2_mppi_controller/lib:/opt/ros/humble/opt/rviz_ogre_vendor/lib:/opt/ros/humble/lib/x86_64-linux-gnu:/opt/ros/humble/opt/openvdb_vendor/lib:/opt/ros/humble/lib		(LD_LIBRARY_PATH)
        40:	  trying file=/work/build/path_align_guard_cpp_20260928/install/nav2_mppi_controller/lib/libstd_srvs__rosidl_typesupport_cpp.so
        40:	  trying file=/opt/ros/humble/opt/rviz_ogre_vendor/lib/libstd_srvs__rosidl_typesupport_cpp.so
        40:	  trying file=/opt/ros/humble/lib/x86_64-linux-gnu/libstd_srvs__rosidl_typesupport_cpp.so
        40:	  trying file=/opt/ros/humble/opt/openvdb_vendor/lib/libstd_srvs__rosidl_typesupport_cpp.so
        40:	  trying file=/opt/ros/humble/lib/libstd_srvs__rosidl_typesupport_cpp.so
        40:	
        40:	find library=libnav2_util_core.so [0]; searching
        40:	 search path=/work/build/path_align_guard_cpp_20260928/install/nav2_mppi_controller/lib:/opt/ros/humble/opt/rviz_ogre_vendor/lib:/opt/ros/humble/lib/x86_64-linux-gnu:/opt/ros/humble/opt/openvdb_vendor/lib:/opt/ros/humble/lib		(LD_LIBRARY_PATH)
        40:	  trying file=/work/build/path_align_guard_cpp_20260928/install/nav2_mppi_controller/lib/libnav2_util_core.so
        40:	  trying file=/opt/ros/humble/opt/rviz_ogre_vendor/lib/libnav2_util_core.so
        40:	  trying file=/opt/ros/humble/lib/x86_64-linux-gnu/libnav2_util_core.so
        40:	  trying file=/opt/ros/humble/opt/openvdb_vendor/lib/libnav2_util_core.so
        40:	  trying file=/opt/ros/humble/lib/libnav2_util_core.so
        40:	
        40:	find library=libgeometry_msgs__rosidl_typesupport_cpp.so [0]; searching
        40:	 search path=/work/build/path_align_guard_cpp_20260928/install/nav2_mppi_controller/lib:/opt/ros/humble/opt/rviz_ogre_vendor/lib:/opt/ros/humble/lib/x86_64-linux-gnu:/opt/ros/humble/opt/openvdb_vendor/lib:/opt/ros/humble/lib		(LD_LIBRARY_PATH)
        40:	  trying file=/work/build/path_align_guard_cpp_20260928/install/nav2_mppi_controller/lib/libgeometry_msgs__rosidl_typesupport_cpp.so
        40:	  trying file=/opt/ros/humble/opt/rviz_ogre_vendor/lib/libgeometry_msgs__rosidl_typesupport_cpp.so
        40:	  trying file=/opt/ros/humble/lib/x86_64-linux-gnu/libgeometry_msgs__rosidl_typesupport_cpp.so
        40:	  trying file=/opt/ros/humble/opt/openvdb_vendor/lib/libgeometry_msgs__rosidl_typesupport_cpp.so
        40:	  trying file=/opt/ros/humble/lib/libgeometry_msgs__rosidl_typesupport_cpp.so
        40:	
        40:	find library=libtf2_ros.so [0]; searching
        40:	 search path=/work/build/path_align_guard_cpp_20260928/install/nav2_mppi_controller/lib:/opt/ros/humble/opt/rviz_ogre_vendor/lib:/opt/ros/humble/lib/x86_64-linux-gnu:/opt/ros/humble/opt/openvdb_vendor/lib:/opt/ros/humble/lib		(LD_LIBRARY_PATH)
        40:	  trying file=/work/build/path_align_guard_cpp_20260928/install/nav2_mppi_controller/lib/libtf2_ros.so
        40:	  trying file=/opt/ros/humble/opt/rviz_ogre_vendor/lib/libtf2_ros.so
        40:	  trying file=/opt/ros/humble/lib/x86_64-linux-gnu/libtf2_ros.so
        40:	  trying file=/opt/ros/humble/opt/openvdb_vendor/lib/libtf2_ros.so
        40:	  trying file=/opt/ros/humble/lib/libtf2_ros.so
        40:	
        40:	find library=liblibstatistics_collector.so [0]; searching
        40:	 search path=/work/build/path_align_guard_cpp_20260928/install/nav2_mppi_controller/lib:/opt/ros/humble/opt/rviz_ogre_vendor/lib:/opt/ros/humble/lib/x86_64-linux-gnu:/opt/ros/humble/opt/openvdb_vendor/lib:/opt/ros/humble/lib		(LD_LIBRARY_PATH)
        40:	  trying file=/work/build/path_align_guard_cpp_20260928/install/nav2_mppi_controller/lib/liblibstatistics_collector.so
        40:	  trying file=/opt/ros/humble/opt/rviz_ogre_vendor/lib/liblibstatistics_collector.so
        40:	  trying file=/opt/ros/humble/lib/x86_64-linux-gnu/liblibstatistics_collector.so
        40:	  trying file=/opt/ros/humble/opt/openvdb_vendor/lib/liblibstatistics_collector.so
        40:	  trying file=/opt/ros/humble/lib/liblibstatistics_collector.so
        40:	
        40:	find library=libstatistics_msgs__rosidl_typesupport_cpp.so [0]; searching
        40:	 search path=/work/build/path_align_guard_cpp_20260928/install/nav2_mppi_controller/lib:/opt/ros/humble/opt/rviz_ogre_vendor/lib:/opt/ros/humble/lib/x86_64-linux-gnu:/opt/ros/humble/opt/openvdb_vendor/lib:/opt/ros/humble/lib		(LD_LIBRARY_PATH)
        40:	  trying file=/work/build/path_align_guard_cpp_20260928/install/nav2_mppi_controller/lib/libstatistics_msgs__rosidl_typesupport_cpp.so
        40:	  trying file=/opt/ros/humble/opt/rviz_ogre_vendor/lib/libstatistics_msgs__rosidl_typesupport_cpp.so
        40:	  trying file=/opt/ros/humble/lib/x86_64-linux-gnu/libstatistics_msgs__rosidl_typesupport_cpp.so
        40:	  trying file=/opt/ros/humble/opt/openvdb_vendor/lib/libstatistics_msgs__rosidl_typesupport_cpp.so
        40:	  trying file=/opt/ros/humble/lib/libstatistics_msgs__rosidl_typesupport_cpp.so
        40:	
        40:	find library=librcl_yaml_param_parser.so [0]; searching
        40:	 search path=/work/build/path_align_guard_cpp_20260928/install/nav2_mppi_controller/lib:/opt/ros/humble/opt/rviz_ogre_vendor/lib:/opt/ros/humble/lib/x86_64-linux-gnu:/opt/ros/humble/opt/openvdb_vendor/lib:/opt/ros/humble/lib		(LD_LIBRARY_PATH)
        40:	  trying file=/work/build/path_align_guard_cpp_20260928/install/nav2_mppi_controller/lib/librcl_yaml_param_parser.so
        40:	  trying file=/opt/ros/humble/opt/rviz_ogre_vendor/lib/librcl_yaml_param_parser.so
        40:	  trying file=/opt/ros/humble/lib/x86_64-linux-gnu/librcl_yaml_param_parser.so
        40:	  trying file=/opt/ros/humble/opt/openvdb_vendor/lib/librcl_yaml_param_parser.so
        40:	  trying file=/opt/ros/humble/lib/librcl_yaml_param_parser.so
        40:	
        40:	find library=librosgraph_msgs__rosidl_typesupport_cpp.so [0]; searching
        40:	 search path=/work/build/path_align_guard_cpp_20260928/install/nav2_mppi_controller/lib:/opt/ros/humble/opt/rviz_ogre_vendor/lib:/opt/ros/humble/lib/x86_64-linux-gnu:/opt/ros/humble/opt/openvdb_vendor/lib:/opt/ros/humble/lib		(LD_LIBRARY_PATH)
        40:	  trying file=/work/build/path_align_guard_cpp_20260928/install/nav2_mppi_controller/lib/librosgraph_msgs__rosidl_typesupport_cpp.so
        40:	  trying file=/opt/ros/humble/opt/rviz_ogre_vendor/lib/librosgraph_msgs__rosidl_typesupport_cpp.so
        40:	  trying file=/opt/ros/humble/lib/x86_64-linux-gnu/librosgraph_msgs__rosidl_typesupport_cpp.so
        40:	  trying file=/opt/ros/humble/opt/openvdb_vendor/lib/librosgraph_msgs__rosidl_typesupport_cpp.so
        40:	  trying file=/opt/ros/humble/lib/librosgraph_msgs__rosidl_typesupport_cpp.so
        40:	
        40:	find library=librmw_implementation.so [0]; searching
        40:	 search path=/work/build/path_align_guard_cpp_20260928/install/nav2_mppi_controller/lib:/opt/ros/humble/opt/rviz_ogre_vendor/lib:/opt/ros/humble/lib/x86_64-linux-gnu:/opt/ros/humble/opt/openvdb_vendor/lib:/opt/ros/humble/lib		(LD_LIBRARY_PATH)
        40:	  trying file=/work/build/path_align_guard_cpp_20260928/install/nav2_mppi_controller/lib/librmw_implementation.so
        40:	  trying file=/opt/ros/humble/opt/rviz_ogre_vendor/lib/librmw_implementation.so
        40:	  trying file=/opt/ros/humble/lib/x86_64-linux-gnu/librmw_implementation.so
        40:	  trying file=/opt/ros/humble/opt/openvdb_vendor/lib/librmw_implementation.so
        40:	  trying file=/opt/ros/humble/lib/librmw_implementation.so
        40:	
        40:	find library=librcl_logging_interface.so [0]; searching
        40:	 search path=/work/build/path_align_guard_cpp_20260928/install/nav2_mppi_controller/lib:/opt/ros/humble/opt/rviz_ogre_vendor/lib:/opt/ros/humble/lib/x86_64-linux-gnu:/opt/ros/humble/opt/openvdb_vendor/lib:/opt/ros/humble/lib		(LD_LIBRARY_PATH)
        40:	  trying file=/work/build/path_align_guard_cpp_20260928/install/nav2_mppi_controller/lib/librcl_logging_interface.so
        40:	  trying file=/opt/ros/humble/opt/rviz_ogre_vendor/lib/librcl_logging_interface.so
        40:	  trying file=/opt/ros/humble/lib/x86_64-linux-gnu/librcl_logging_interface.so
        40:	  trying file=/opt/ros/humble/opt/openvdb_vendor/lib/librcl_logging_interface.so
        40:	  trying file=/opt/ros/humble/lib/librcl_logging_interface.so
        40:	
        40:	find library=librcl_interfaces__rosidl_typesupport_cpp.so [0]; searching
        40:	 search path=/work/build/path_align_guard_cpp_20260928/install/nav2_mppi_controller/lib:/opt/ros/humble/opt/rviz_ogre_vendor/lib:/opt/ros/humble/lib/x86_64-linux-gnu:/opt/ros/humble/opt/openvdb_vendor/lib:/opt/ros/humble/lib		(LD_LIBRARY_PATH)
        40:	  trying file=/work/build/path_align_guard_cpp_20260928/install/nav2_mppi_controller/lib/librcl_interfaces__rosidl_typesupport_cpp.so
        40:	  trying file=/opt/ros/humble/opt/rviz_ogre_vendor/lib/librcl_interfaces__rosidl_typesupport_cpp.so
        40:	  trying file=/opt/ros/humble/lib/x86_64-linux-gnu/librcl_interfaces__rosidl_typesupport_cpp.so
        40:	  trying file=/opt/ros/humble/opt/openvdb_vendor/lib/librcl_interfaces__rosidl_typesupport_cpp.so
        40:	  trying file=/opt/ros/humble/lib/librcl_interfaces__rosidl_typesupport_cpp.so
        40:	
        40:	find library=librcl_lifecycle.so [0]; searching
        40:	 search path=/work/build/path_align_guard_cpp_20260928/install/nav2_mppi_controller/lib:/opt/ros/humble/opt/rviz_ogre_vendor/lib:/opt/ros/humble/lib/x86_64-linux-gnu:/opt/ros/humble/opt/openvdb_vendor/lib:/opt/ros/humble/lib		(LD_LIBRARY_PATH)
        40:	  trying file=/work/build/path_align_guard_cpp_20260928/install/nav2_mppi_controller/lib/librcl_lifecycle.so
        40:	  trying file=/opt/ros/humble/opt/rviz_ogre_vendor/lib/librcl_lifecycle.so
        40:	  trying file=/opt/ros/humble/lib/x86_64-linux-gnu/librcl_lifecycle.so
        40:	  trying file=/opt/ros/humble/opt/openvdb_vendor/lib/librcl_lifecycle.so
        40:	  trying file=/opt/ros/humble/lib/librcl_lifecycle.so
        40:	
        40:	find library=liblifecycle_msgs__rosidl_typesupport_cpp.so [0]; searching
        40:	 search path=/work/build/path_align_guard_cpp_20260928/install/nav2_mppi_controller/lib:/opt/ros/humble/opt/rviz_ogre_vendor/lib:/opt/ros/humble/lib/x86_64-linux-gnu:/opt/ros/humble/opt/openvdb_vendor/lib:/opt/ros/humble/lib		(LD_LIBRARY_PATH)
        40:	  trying file=/work/build/path_align_guard_cpp_20260928/install/nav2_mppi_controller/lib/liblifecycle_msgs__rosidl_typesupport_cpp.so
        40:	  trying file=/opt/ros/humble/opt/rviz_ogre_vendor/lib/liblifecycle_msgs__rosidl_typesupport_cpp.so
        40:	  trying file=/opt/ros/humble/lib/x86_64-linux-gnu/liblifecycle_msgs__rosidl_typesupport_cpp.so
        40:	  trying file=/opt/ros/humble/opt/openvdb_vendor/lib/liblifecycle_msgs__rosidl_typesupport_cpp.so
        40:	  trying file=/opt/ros/humble/lib/liblifecycle_msgs__rosidl_typesupport_cpp.so
        40:	
        40:	find library=liblifecycle_msgs__rosidl_typesupport_c.so [0]; searching
        40:	 search path=/work/build/path_align_guard_cpp_20260928/install/nav2_mppi_controller/lib:/opt/ros/humble/opt/rviz_ogre_vendor/lib:/opt/ros/humble/lib/x86_64-linux-gnu:/opt/ros/humble/opt/openvdb_vendor/lib:/opt/ros/humble/lib		(LD_LIBRARY_PATH)
        40:	  trying file=/work/build/path_align_guard_cpp_20260928/install/nav2_mppi_controller/lib/liblifecycle_msgs__rosidl_typesupport_c.so
        40:	  trying file=/opt/ros/humble/opt/rviz_ogre_vendor/lib/liblifecycle_msgs__rosidl_typesupport_c.so
        40:	  trying file=/opt/ros/humble/lib/x86_64-linux-gnu/liblifecycle_msgs__rosidl_typesupport_c.so
        40:	  trying file=/opt/ros/humble/opt/openvdb_vendor/lib/liblifecycle_msgs__rosidl_typesupport_c.so
        40:	  trying file=/opt/ros/humble/lib/liblifecycle_msgs__rosidl_typesupport_c.so
        40:	
        40:	find library=librcl_logging_spdlog.so [0]; searching
        40:	 search path=/work/build/path_align_guard_cpp_20260928/install/nav2_mppi_controller/lib:/opt/ros/humble/opt/rviz_ogre_vendor/lib:/opt/ros/humble/lib/x86_64-linux-gnu:/opt/ros/humble/opt/openvdb_vendor/lib:/opt/ros/humble/lib		(LD_LIBRARY_PATH)
        40:	  trying file=/work/build/path_align_guard_cpp_20260928/install/nav2_mppi_controller/lib/librcl_logging_spdlog.so
        40:	  trying file=/opt/ros/humble/opt/rviz_ogre_vendor/lib/librcl_logging_spdlog.so
        40:	  trying file=/opt/ros/humble/lib/x86_64-linux-gnu/librcl_logging_spdlog.so
        40:	  trying file=/opt/ros/humble/opt/openvdb_vendor/lib/librcl_logging_spdlog.so
        40:	  trying file=/opt/ros/humble/lib/librcl_logging_spdlog.so
        40:	
        40:	find library=librcl_interfaces__rosidl_typesupport_c.so [0]; searching
        40:	 search path=/work/build/path_align_guard_cpp_20260928/install/nav2_mppi_controller/lib:/opt/ros/humble/opt/rviz_ogre_vendor/lib:/opt/ros/humble/lib/x86_64-linux-gnu:/opt/ros/humble/opt/openvdb_vendor/lib:/opt/ros/humble/lib		(LD_LIBRARY_PATH)
        40:	  trying file=/work/build/path_align_guard_cpp_20260928/install/nav2_mppi_controller/lib/librcl_interfaces__rosidl_typesupport_c.so
        40:	  trying file=/opt/ros/humble/opt/rviz_ogre_vendor/lib/librcl_interfaces__rosidl_typesupport_c.so
        40:	  trying file=/opt/ros/humble/lib/x86_64-linux-gnu/librcl_interfaces__rosidl_typesupport_c.so
        40:	  trying file=/opt/ros/humble/opt/openvdb_vendor/lib/librcl_interfaces__rosidl_typesupport_c.so
        40:	  trying file=/opt/ros/humble/lib/librcl_interfaces__rosidl_typesupport_c.so
        40:	
        40:	find library=librcl_interfaces__rosidl_generator_c.so [0]; searching
        40:	 search path=/work/build/path_align_guard_cpp_20260928/install/nav2_mppi_controller/lib:/opt/ros/humble/opt/rviz_ogre_vendor/lib:/opt/ros/humble/lib/x86_64-linux-gnu:/opt/ros/humble/opt/openvdb_vendor/lib:/opt/ros/humble/lib		(LD_LIBRARY_PATH)
        40:	  trying file=/work/build/path_align_guard_cpp_20260928/install/nav2_mppi_controller/lib/librcl_interfaces__rosidl_generator_c.so
        40:	  trying file=/opt/ros/humble/opt/rviz_ogre_vendor/lib/librcl_interfaces__rosidl_generator_c.so
        40:	  trying file=/opt/ros/humble/lib/x86_64-linux-gnu/librcl_interfaces__rosidl_generator_c.so
        40:	  trying file=/opt/ros/humble/opt/openvdb_vendor/lib/librcl_interfaces__rosidl_generator_c.so
        40:	  trying file=/opt/ros/humble/lib/librcl_interfaces__rosidl_generator_c.so
        40:	
        40:	find library=librosidl_runtime_c.so [0]; searching
        40:	 search path=/work/build/path_align_guard_cpp_20260928/install/nav2_mppi_controller/lib:/opt/ros/humble/opt/rviz_ogre_vendor/lib:/opt/ros/humble/lib/x86_64-linux-gnu:/opt/ros/humble/opt/openvdb_vendor/lib:/opt/ros/humble/lib		(LD_LIBRARY_PATH)
        40:	  trying file=/work/build/path_align_guard_cpp_20260928/install/nav2_mppi_controller/lib/librosidl_runtime_c.so
        40:	  trying file=/opt/ros/humble/opt/rviz_ogre_vendor/lib/librosidl_runtime_c.so
        40:	  trying file=/opt/ros/humble/lib/x86_64-linux-gnu/librosidl_runtime_c.so
        40:	  trying file=/opt/ros/humble/opt/openvdb_vendor/lib/librosidl_runtime_c.so
        40:	  trying file=/opt/ros/humble/lib/librosidl_runtime_c.so
        40:	
        40:	find library=librosidl_typesupport_cpp.so [0]; searching
        40:	 search path=/work/build/path_align_guard_cpp_20260928/install/nav2_mppi_controller/lib:/opt/ros/humble/opt/rviz_ogre_vendor/lib:/opt/ros/humble/lib/x86_64-linux-gnu:/opt/ros/humble/opt/openvdb_vendor/lib:/opt/ros/humble/lib		(LD_LIBRARY_PATH)
        40:	  trying file=/work/build/path_align_guard_cpp_20260928/install/nav2_mppi_controller/lib/librosidl_typesupport_cpp.so
        40:	  trying file=/opt/ros/humble/opt/rviz_ogre_vendor/lib/librosidl_typesupport_cpp.so
        40:	  trying file=/opt/ros/humble/lib/x86_64-linux-gnu/librosidl_typesupport_cpp.so
        40:	  trying file=/opt/ros/humble/opt/openvdb_vendor/lib/librosidl_typesupport_cpp.so
        40:	  trying file=/opt/ros/humble/lib/librosidl_typesupport_cpp.so
        40:	
        40:	find library=libaction_msgs__rosidl_typesupport_cpp.so [0]; searching
        40:	 search path=/work/build/path_align_guard_cpp_20260928/install/nav2_mppi_controller/lib:/opt/ros/humble/opt/rviz_ogre_vendor/lib:/opt/ros/humble/lib/x86_64-linux-gnu:/opt/ros/humble/opt/openvdb_vendor/lib:/opt/ros/humble/lib		(LD_LIBRARY_PATH)
        40:	  trying file=/work/build/path_align_guard_cpp_20260928/install/nav2_mppi_controller/lib/libaction_msgs__rosidl_typesupport_cpp.so
        40:	  trying file=/opt/ros/humble/opt/rviz_ogre_vendor/lib/libaction_msgs__rosidl_typesupport_cpp.so
        40:	  trying file=/opt/ros/humble/lib/x86_64-linux-gnu/libaction_msgs__rosidl_typesupport_cpp.so
        40:	  trying file=/opt/ros/humble/opt/openvdb_vendor/lib/libaction_msgs__rosidl_typesupport_cpp.so
        40:	  trying file=/opt/ros/humble/lib/libaction_msgs__rosidl_typesupport_cpp.so
        40:	
        40:	find library=libbondcpp.so [0]; searching
        40:	 search path=/work/build/path_align_guard_cpp_20260928/install/nav2_mppi_controller/lib:/opt/ros/humble/opt/rviz_ogre_vendor/lib:/opt/ros/humble/lib/x86_64-linux-gnu:/opt/ros/humble/opt/openvdb_vendor/lib:/opt/ros/humble/lib		(LD_LIBRARY_PATH)
        40:	  trying file=/work/build/path_align_guard_cpp_20260928/install/nav2_mppi_controller/lib/libbondcpp.so
        40:	  trying file=/opt/ros/humble/opt/rviz_ogre_vendor/lib/libbondcpp.so
        40:	  trying file=/opt/ros/humble/lib/x86_64-linux-gnu/libbondcpp.so
        40:	  trying file=/opt/ros/humble/opt/openvdb_vendor/lib/libbondcpp.so
        40:	  trying file=/opt/ros/humble/lib/libbondcpp.so
        40:	
        40:	find library=librclcpp_action.so [0]; searching
        40:	 search path=/work/build/path_align_guard_cpp_20260928/install/nav2_mppi_controller/lib:/opt/ros/humble/opt/rviz_ogre_vendor/lib:/opt/ros/humble/lib/x86_64-linux-gnu:/opt/ros/humble/opt/openvdb_vendor/lib:/opt/ros/humble/lib		(LD_LIBRARY_PATH)
        40:	  trying file=/work/build/path_align_guard_cpp_20260928/install/nav2_mppi_controller/lib/librclcpp_action.so
        40:	  trying file=/opt/ros/humble/opt/rviz_ogre_vendor/lib/librclcpp_action.so
        40:	  trying file=/opt/ros/humble/lib/x86_64-linux-gnu/librclcpp_action.so
        40:	  trying file=/opt/ros/humble/opt/openvdb_vendor/lib/librclcpp_action.so
        40:	  trying file=/opt/ros/humble/lib/librclcpp_action.so
        40:	
        40:	find library=libtf2_msgs__rosidl_typesupport_cpp.so [0]; searching
        40:	 search path=/work/build/path_align_guard_cpp_20260928/install/nav2_mppi_controller/lib:/opt/ros/humble/opt/rviz_ogre_vendor/lib:/opt/ros/humble/lib/x86_64-linux-gnu:/opt/ros/humble/opt/openvdb_vendor/lib:/opt/ros/humble/lib		(LD_LIBRARY_PATH)
        40:	  trying file=/work/build/path_align_guard_cpp_20260928/install/nav2_mppi_controller/lib/libtf2_msgs__rosidl_typesupport_cpp.so
        40:	  trying file=/opt/ros/humble/opt/rviz_ogre_vendor/lib/libtf2_msgs__rosidl_typesupport_cpp.so
        40:	  trying file=/opt/ros/humble/lib/x86_64-linux-gnu/libtf2_msgs__rosidl_typesupport_cpp.so
        40:	  trying file=/opt/ros/humble/opt/openvdb_vendor/lib/libtf2_msgs__rosidl_typesupport_cpp.so
        40:	  trying file=/opt/ros/humble/lib/libtf2_msgs__rosidl_typesupport_cpp.so
        40:	
        40:	find library=libyaml.so [0]; searching
        40:	 search path=/work/build/path_align_guard_cpp_20260928/install/nav2_mppi_controller/lib:/opt/ros/humble/opt/rviz_ogre_vendor/lib:/opt/ros/humble/lib/x86_64-linux-gnu:/opt/ros/humble/opt/openvdb_vendor/lib:/opt/ros/humble/lib		(LD_LIBRARY_PATH)
        40:	  trying file=/work/build/path_align_guard_cpp_20260928/install/nav2_mppi_controller/lib/libyaml.so
        40:	  trying file=/opt/ros/humble/opt/rviz_ogre_vendor/lib/libyaml.so
        40:	  trying file=/opt/ros/humble/lib/x86_64-linux-gnu/libyaml.so
        40:	  trying file=/opt/ros/humble/opt/openvdb_vendor/lib/libyaml.so
        40:	  trying file=/opt/ros/humble/lib/libyaml.so
        40:	
        40:	find library=liblifecycle_msgs__rosidl_generator_c.so [0]; searching
        40:	 search path=/work/build/path_align_guard_cpp_20260928/install/nav2_mppi_controller/lib:/opt/ros/humble/opt/rviz_ogre_vendor/lib:/opt/ros/humble/lib/x86_64-linux-gnu:/opt/ros/humble/opt/openvdb_vendor/lib:/opt/ros/humble/lib		(LD_LIBRARY_PATH)
        40:	  trying file=/work/build/path_align_guard_cpp_20260928/install/nav2_mppi_controller/lib/liblifecycle_msgs__rosidl_generator_c.so
        40:	  trying file=/opt/ros/humble/opt/rviz_ogre_vendor/lib/liblifecycle_msgs__rosidl_generator_c.so
        40:	  trying file=/opt/ros/humble/lib/x86_64-linux-gnu/liblifecycle_msgs__rosidl_generator_c.so
        40:	  trying file=/opt/ros/humble/opt/openvdb_vendor/lib/liblifecycle_msgs__rosidl_generator_c.so
        40:	  trying file=/opt/ros/humble/lib/liblifecycle_msgs__rosidl_generator_c.so
        40:	
        40:	find library=librosidl_typesupport_c.so [0]; searching
        40:	 search path=/work/build/path_align_guard_cpp_20260928/install/nav2_mppi_controller/lib:/opt/ros/humble/opt/rviz_ogre_vendor/lib:/opt/ros/humble/lib/x86_64-linux-gnu:/opt/ros/humble/opt/openvdb_vendor/lib:/opt/ros/humble/lib		(LD_LIBRARY_PATH)
        40:	  trying file=/work/build/path_align_guard_cpp_20260928/install/nav2_mppi_controller/lib/librosidl_typesupport_c.so
        40:	  trying file=/opt/ros/humble/opt/rviz_ogre_vendor/lib/librosidl_typesupport_c.so
        40:	  trying file=/opt/ros/humble/lib/x86_64-linux-gnu/librosidl_typesupport_c.so
        40:	  trying file=/opt/ros/humble/opt/openvdb_vendor/lib/librosidl_typesupport_c.so
        40:	  trying file=/opt/ros/humble/lib/librosidl_typesupport_c.so
        40:	
        40:	find library=libspdlog.so.1 [0]; searching
        40:	 search path=/work/build/path_align_guard_cpp_20260928/install/nav2_mppi_controller/lib:/opt/ros/humble/opt/rviz_ogre_vendor/lib:/opt/ros/humble/lib/x86_64-linux-gnu:/opt/ros/humble/opt/openvdb_vendor/lib:/opt/ros/humble/lib		(LD_LIBRARY_PATH)
        40:	  trying file=/work/build/path_align_guard_cpp_20260928/install/nav2_mppi_controller/lib/libspdlog.so.1
        40:	  trying file=/opt/ros/humble/opt/rviz_ogre_vendor/lib/libspdlog.so.1
        40:	  trying file=/opt/ros/humble/lib/x86_64-linux-gnu/libspdlog.so.1
        40:	  trying file=/opt/ros/humble/opt/openvdb_vendor/lib/libspdlog.so.1
        40:	  trying file=/opt/ros/humble/lib/libspdlog.so.1
        40:	 search cache=/etc/ld.so.cache
        40:	  trying file=/lib/x86_64-linux-gnu/libspdlog.so.1
        40:	
        40:	find library=libbuiltin_interfaces__rosidl_generator_c.so [0]; searching
        40:	 search path=/work/build/path_align_guard_cpp_20260928/install/nav2_mppi_controller/lib:/opt/ros/humble/opt/rviz_ogre_vendor/lib:/opt/ros/humble/lib/x86_64-linux-gnu:/opt/ros/humble/opt/openvdb_vendor/lib:/opt/ros/humble/lib		(LD_LIBRARY_PATH)
        40:	  trying file=/work/build/path_align_guard_cpp_20260928/install/nav2_mppi_controller/lib/libbuiltin_interfaces__rosidl_generator_c.so
        40:	  trying file=/opt/ros/humble/opt/rviz_ogre_vendor/lib/libbuiltin_interfaces__rosidl_generator_c.so
        40:	  trying file=/opt/ros/humble/lib/x86_64-linux-gnu/libbuiltin_interfaces__rosidl_generator_c.so
        40:	  trying file=/opt/ros/humble/opt/openvdb_vendor/lib/libbuiltin_interfaces__rosidl_generator_c.so
        40:	  trying file=/opt/ros/humble/lib/libbuiltin_interfaces__rosidl_generator_c.so
        40:	
        40:	find library=libbond__rosidl_typesupport_cpp.so [0]; searching
        40:	 search path=/work/build/path_align_guard_cpp_20260928/install/nav2_mppi_controller/lib:/opt/ros/humble/opt/rviz_ogre_vendor/lib:/opt/ros/humble/lib/x86_64-linux-gnu:/opt/ros/humble/opt/openvdb_vendor/lib:/opt/ros/humble/lib		(LD_LIBRARY_PATH)
        40:	  trying file=/work/build/path_align_guard_cpp_20260928/install/nav2_mppi_controller/lib/libbond__rosidl_typesupport_cpp.so
        40:	  trying file=/opt/ros/humble/opt/rviz_ogre_vendor/lib/libbond__rosidl_typesupport_cpp.so
        40:	  trying file=/opt/ros/humble/lib/x86_64-linux-gnu/libbond__rosidl_typesupport_cpp.so
        40:	  trying file=/opt/ros/humble/opt/openvdb_vendor/lib/libbond__rosidl_typesupport_cpp.so
        40:	  trying file=/opt/ros/humble/lib/libbond__rosidl_typesupport_cpp.so
        40:	
        40:	find library=libuuid.so.1 [0]; searching
        40:	 search path=/work/build/path_align_guard_cpp_20260928/install/nav2_mppi_controller/lib:/opt/ros/humble/opt/rviz_ogre_vendor/lib:/opt/ros/humble/lib/x86_64-linux-gnu:/opt/ros/humble/opt/openvdb_vendor/lib:/opt/ros/humble/lib		(LD_LIBRARY_PATH)
        40:	  trying file=/work/build/path_align_guard_cpp_20260928/install/nav2_mppi_controller/lib/libuuid.so.1
        40:	  trying file=/opt/ros/humble/opt/rviz_ogre_vendor/lib/libuuid.so.1
        40:	  trying file=/opt/ros/humble/lib/x86_64-linux-gnu/libuuid.so.1
        40:	  trying file=/opt/ros/humble/opt/openvdb_vendor/lib/libuuid.so.1
        40:	  trying file=/opt/ros/humble/lib/libuuid.so.1
        40:	 search cache=/etc/ld.so.cache
        40:	  trying file=/lib/x86_64-linux-gnu/libuuid.so.1
        40:	
        40:	find library=librcl_action.so [0]; searching
        40:	 search path=/work/build/path_align_guard_cpp_20260928/install/nav2_mppi_controller/lib:/opt/ros/humble/opt/rviz_ogre_vendor/lib:/opt/ros/humble/lib/x86_64-linux-gnu:/opt/ros/humble/opt/openvdb_vendor/lib:/opt/ros/humble/lib		(LD_LIBRARY_PATH)
        40:	  trying file=/work/build/path_align_guard_cpp_20260928/install/nav2_mppi_controller/lib/librcl_action.so
        40:	  trying file=/opt/ros/humble/opt/rviz_ogre_vendor/lib/librcl_action.so
        40:	  trying file=/opt/ros/humble/lib/x86_64-linux-gnu/librcl_action.so
        40:	  trying file=/opt/ros/humble/opt/openvdb_vendor/lib/librcl_action.so
        40:	  trying file=/opt/ros/humble/lib/librcl_action.so
        40:	
        40:	find library=libfmt.so.8 [0]; searching
        40:	 search path=/work/build/path_align_guard_cpp_20260928/install/nav2_mppi_controller/lib:/opt/ros/humble/opt/rviz_ogre_vendor/lib:/opt/ros/humble/lib/x86_64-linux-gnu:/opt/ros/humble/opt/openvdb_vendor/lib:/opt/ros/humble/lib		(LD_LIBRARY_PATH)
        40:	  trying file=/work/build/path_align_guard_cpp_20260928/install/nav2_mppi_controller/lib/libfmt.so.8
        40:	  trying file=/opt/ros/humble/opt/rviz_ogre_vendor/lib/libfmt.so.8
        40:	  trying file=/opt/ros/humble/lib/x86_64-linux-gnu/libfmt.so.8
        40:	  trying file=/opt/ros/humble/opt/openvdb_vendor/lib/libfmt.so.8
        40:	  trying file=/opt/ros/humble/lib/libfmt.so.8
        40:	 search cache=/etc/ld.so.cache
        40:	  trying file=/lib/x86_64-linux-gnu/libfmt.so.8
        40:	
        40:	
        40:	calling init: /lib64/ld-linux-x86-64.so.2
        40:	
        40:	
        40:	calling init: /lib/x86_64-linux-gnu/libc.so.6
        40:	
        40:	
        40:	calling init: /lib/x86_64-linux-gnu/libm.so.6
        40:	
        40:	
        40:	calling init: /lib/x86_64-linux-gnu/libgcc_s.so.1
        40:	
        40:	
        40:	calling init: /lib/x86_64-linux-gnu/libstdc++.so.6
        40:	
        40:	
        40:	calling init: /lib/x86_64-linux-gnu/libfmt.so.8
        40:	
        40:	
        40:	calling init: /opt/ros/humble/lib/libyaml.so
        40:	
        40:	
        40:	calling init: /opt/ros/humble/lib/librcutils.so
        40:	
        40:	
        40:	calling init: /opt/ros/humble/lib/librmw.so
        40:	
        40:	
        40:	calling init: /opt/ros/humble/lib/librcl_yaml_param_parser.so
        40:	
        40:	
        40:	calling init: /opt/ros/humble/lib/libament_index_cpp.so
        40:	
        40:	
        40:	calling init: /opt/ros/humble/lib/librcpputils.so
        40:	
        40:	
        40:	calling init: /opt/ros/humble/lib/librmw_implementation.so
        40:	
        40:	
        40:	calling init: /lib/x86_64-linux-gnu/libspdlog.so.1
        40:	
        40:	
        40:	calling init: /opt/ros/humble/lib/librcl_logging_interface.so
        40:	
        40:	
        40:	calling init: /opt/ros/humble/lib/librcl_logging_spdlog.so
        40:	
        40:	
        40:	calling init: /opt/ros/humble/lib/libtracetools.so
        40:	
        40:	
        40:	calling init: /opt/ros/humble/lib/librosidl_typesupport_c.so
        40:	
        40:	
        40:	calling init: /opt/ros/humble/lib/librcl_interfaces__rosidl_typesupport_c.so
        40:	
        40:	
        40:	calling init: /opt/ros/humble/lib/libbuiltin_interfaces__rosidl_generator_c.so
        40:	
        40:	
        40:	calling init: /opt/ros/humble/lib/librosidl_runtime_c.so
        40:	
        40:	
        40:	calling init: /opt/ros/humble/lib/librcl_interfaces__rosidl_generator_c.so
        40:	
        40:	
        40:	calling init: /opt/ros/humble/lib/librcl.so
        40:	
        40:	
        40:	calling init: /opt/ros/humble/lib/librcl_action.so
        40:	
        40:	
        40:	calling init: /lib/x86_64-linux-gnu/libuuid.so.1
        40:	
        40:	
        40:	calling init: /opt/ros/humble/lib/librosidl_typesupport_cpp.so
        40:	
        40:	
        40:	calling init: /opt/ros/humble/lib/libbond__rosidl_typesupport_cpp.so
        40:	
        40:	
        40:	calling init: /opt/ros/humble/lib/liblifecycle_msgs__rosidl_generator_c.so
        40:	
        40:	
        40:	calling init: /opt/ros/humble/lib/libaction_msgs__rosidl_typesupport_cpp.so
        40:	
        40:	
        40:	calling init: /opt/ros/humble/lib/libtf2_msgs__rosidl_typesupport_cpp.so
        40:	
        40:	
        40:	calling init: /opt/ros/humble/lib/liblibstatistics_collector.so
        40:	
        40:	
        40:	calling init: /opt/ros/humble/lib/librosgraph_msgs__rosidl_typesupport_cpp.so
        40:	
        40:	
        40:	calling init: /opt/ros/humble/lib/libstatistics_msgs__rosidl_typesupport_cpp.so
        40:	
        40:	
        40:	calling init: /opt/ros/humble/lib/librcl_interfaces__rosidl_typesupport_cpp.so
        40:	
        40:	
        40:	calling init: /opt/ros/humble/lib/librclcpp.so
        40:	
        40:	
        40:	calling init: /opt/ros/humble/lib/librclcpp_action.so
        40:	
        40:	
        40:	calling init: /opt/ros/humble/lib/librcl_lifecycle.so
        40:	
        40:	
        40:	calling init: /opt/ros/humble/lib/liblifecycle_msgs__rosidl_typesupport_cpp.so
        40:	
        40:	
        40:	calling init: /opt/ros/humble/lib/liblifecycle_msgs__rosidl_typesupport_c.so
        40:	
        40:	
        40:	calling init: /opt/ros/humble/lib/librclcpp_lifecycle.so
        40:	
        40:	
        40:	calling init: /opt/ros/humble/lib/libbondcpp.so
        40:	
        40:	
        40:	calling init: /lib/x86_64-linux-gnu/libconsole_bridge.so.1.0
        40:	
        40:	
        40:	calling init: /opt/ros/humble/lib/libtf2.so
        40:	
        40:	
        40:	calling init: /opt/ros/humble/lib/libtf2_ros.so
        40:	
        40:	
        40:	calling init: /opt/ros/humble/lib/libgeometry_msgs__rosidl_typesupport_cpp.so
        40:	
        40:	
        40:	calling init: /opt/ros/humble/lib/libnav_msgs__rosidl_typesupport_cpp.so
        40:	
        40:	
        40:	calling init: /lib/x86_64-linux-gnu/liborocos-kdl.so.1.5
        40:	
        40:	
        40:	calling init: /opt/ros/humble/lib/libnav2_util_core.so
        40:	
        40:	
        40:	calling init: /opt/ros/humble/lib/libstd_srvs__rosidl_typesupport_cpp.so
        40:	
        40:	
        40:	calling init: /opt/ros/humble/lib/libnav2_msgs__rosidl_typesupport_cpp.so
        40:	
        40:	
        40:	calling init: /opt/ros/humble/lib/libmap_msgs__rosidl_typesupport_cpp.so
        40:	
        40:	
        40:	calling init: /lib/x86_64-linux-gnu/libmvec.so.1
        40:	
        40:	
        40:	calling init: /opt/ros/humble/lib/libclass_loader.so
        40:	
        40:	
        40:	calling init: /opt/ros/humble/lib/libvisualization_msgs__rosidl_typesupport_cpp.so
        40:	
        40:	
        40:	calling init: /lib/x86_64-linux-gnu/libtinyxml2.so.9
        40:	
        40:	
        40:	calling init: /opt/ros/humble/lib/libnav2_costmap_2d_core.so
        40:	
        40:	
        40:	calling init: /work/build/path_align_guard_cpp_20260928/install/nav2_mppi_controller/lib/libmppi_controller.so
        40:	
        40:	
        40:	initialize program: /work/build/path_align_guard_scorer_20260928/install/costmap_mask_probe_cpp/lib/costmap_mask_probe_cpp/frozen_critic_score
        40:	
        40:	
        40:	transferring control: /work/build/path_align_guard_scorer_20260928/install/costmap_mask_probe_cpp/lib/costmap_mask_probe_cpp/frozen_critic_score
        40:	
        40:	find library=librmw_fastrtps_cpp.so [0]; searching
        40:	 search path=/work/build/path_align_guard_cpp_20260928/install/nav2_mppi_controller/lib:/opt/ros/humble/opt/rviz_ogre_vendor/lib:/opt/ros/humble/lib/x86_64-linux-gnu:/opt/ros/humble/opt/openvdb_vendor/lib:/opt/ros/humble/lib		(LD_LIBRARY_PATH)
        40:	  trying file=/work/build/path_align_guard_cpp_20260928/install/nav2_mppi_controller/lib/librmw_fastrtps_cpp.so
        40:	  trying file=/opt/ros/humble/opt/rviz_ogre_vendor/lib/librmw_fastrtps_cpp.so
        40:	  trying file=/opt/ros/humble/lib/x86_64-linux-gnu/librmw_fastrtps_cpp.so
        40:	  trying file=/opt/ros/humble/opt/openvdb_vendor/lib/librmw_fastrtps_cpp.so
        40:	  trying file=/opt/ros/humble/lib/librmw_fastrtps_cpp.so
        40:	
        40:	find library=librmw_fastrtps_shared_cpp.so [0]; searching
        40:	 search path=/work/build/path_align_guard_cpp_20260928/install/nav2_mppi_controller/lib:/opt/ros/humble/opt/rviz_ogre_vendor/lib:/opt/ros/humble/lib/x86_64-linux-gnu:/opt/ros/humble/opt/openvdb_vendor/lib:/opt/ros/humble/lib		(LD_LIBRARY_PATH)
        40:	  trying file=/work/build/path_align_guard_cpp_20260928/install/nav2_mppi_controller/lib/librmw_fastrtps_shared_cpp.so
        40:	  trying file=/opt/ros/humble/opt/rviz_ogre_vendor/lib/librmw_fastrtps_shared_cpp.so
        40:	  trying file=/opt/ros/humble/lib/x86_64-linux-gnu/librmw_fastrtps_shared_cpp.so
        40:	  trying file=/opt/ros/humble/opt/openvdb_vendor/lib/librmw_fastrtps_shared_cpp.so
        40:	  trying file=/opt/ros/humble/lib/librmw_fastrtps_shared_cpp.so
        40:	
        40:	find library=libfastrtps.so.2.6 [0]; searching
        40:	 search path=/work/build/path_align_guard_cpp_20260928/install/nav2_mppi_controller/lib:/opt/ros/humble/opt/rviz_ogre_vendor/lib:/opt/ros/humble/lib/x86_64-linux-gnu:/opt/ros/humble/opt/openvdb_vendor/lib:/opt/ros/humble/lib		(LD_LIBRARY_PATH)
        40:	  trying file=/work/build/path_align_guard_cpp_20260928/install/nav2_mppi_controller/lib/libfastrtps.so.2.6
        40:	  trying file=/opt/ros/humble/opt/rviz_ogre_vendor/lib/libfastrtps.so.2.6
        40:	  trying file=/opt/ros/humble/lib/x86_64-linux-gnu/libfastrtps.so.2.6
        40:	  trying file=/opt/ros/humble/opt/openvdb_vendor/lib/libfastrtps.so.2.6
        40:	  trying file=/opt/ros/humble/lib/libfastrtps.so.2.6
        40:	
        40:	find library=librosidl_typesupport_fastrtps_c.so [0]; searching
        40:	 search path=/work/build/path_align_guard_cpp_20260928/install/nav2_mppi_controller/lib:/opt/ros/humble/opt/rviz_ogre_vendor/lib:/opt/ros/humble/lib/x86_64-linux-gnu:/opt/ros/humble/opt/openvdb_vendor/lib:/opt/ros/humble/lib		(LD_LIBRARY_PATH)
        40:	  trying file=/work/build/path_align_guard_cpp_20260928/install/nav2_mppi_controller/lib/librosidl_typesupport_fastrtps_c.so
        40:	  trying file=/opt/ros/humble/opt/rviz_ogre_vendor/lib/librosidl_typesupport_fastrtps_c.so
        40:	  trying file=/opt/ros/humble/lib/x86_64-linux-gnu/librosidl_typesupport_fastrtps_c.so
        40:	  trying file=/opt/ros/humble/opt/openvdb_vendor/lib/librosidl_typesupport_fastrtps_c.so
        40:	  trying file=/opt/ros/humble/lib/librosidl_typesupport_fastrtps_c.so
        40:	
        40:	find library=librosidl_typesupport_fastrtps_cpp.so [0]; searching
        40:	 search path=/work/build/path_align_guard_cpp_20260928/install/nav2_mppi_controller/lib:/opt/ros/humble/opt/rviz_ogre_vendor/lib:/opt/ros/humble/lib/x86_64-linux-gnu:/opt/ros/humble/opt/openvdb_vendor/lib:/opt/ros/humble/lib		(LD_LIBRARY_PATH)
        40:	  trying file=/work/build/path_align_guard_cpp_20260928/install/nav2_mppi_controller/lib/librosidl_typesupport_fastrtps_cpp.so
        40:	  trying file=/opt/ros/humble/opt/rviz_ogre_vendor/lib/librosidl_typesupport_fastrtps_cpp.so
        40:	  trying file=/opt/ros/humble/lib/x86_64-linux-gnu/librosidl_typesupport_fastrtps_cpp.so
        40:	  trying file=/opt/ros/humble/opt/openvdb_vendor/lib/librosidl_typesupport_fastrtps_cpp.so
        40:	  trying file=/opt/ros/humble/lib/librosidl_typesupport_fastrtps_cpp.so
        40:	
        40:	find library=libfastcdr.so.1 [0]; searching
        40:	 search path=/work/build/path_align_guard_cpp_20260928/install/nav2_mppi_controller/lib:/opt/ros/humble/opt/rviz_ogre_vendor/lib:/opt/ros/humble/lib/x86_64-linux-gnu:/opt/ros/humble/opt/openvdb_vendor/lib:/opt/ros/humble/lib		(LD_LIBRARY_PATH)
        40:	  trying file=/work/build/path_align_guard_cpp_20260928/install/nav2_mppi_controller/lib/libfastcdr.so.1
        40:	  trying file=/opt/ros/humble/opt/rviz_ogre_vendor/lib/libfastcdr.so.1
        40:	  trying file=/opt/ros/humble/lib/x86_64-linux-gnu/libfastcdr.so.1
        40:	  trying file=/opt/ros/humble/opt/openvdb_vendor/lib/libfastcdr.so.1
        40:	  trying file=/opt/ros/humble/lib/libfastcdr.so.1
        40:	
        40:	find library=librmw_dds_common.so [0]; searching
        40:	 search path=/work/build/path_align_guard_cpp_20260928/install/nav2_mppi_controller/lib:/opt/ros/humble/opt/rviz_ogre_vendor/lib:/opt/ros/humble/lib/x86_64-linux-gnu:/opt/ros/humble/opt/openvdb_vendor/lib:/opt/ros/humble/lib		(LD_LIBRARY_PATH)
        40:	  trying file=/work/build/path_align_guard_cpp_20260928/install/nav2_mppi_controller/lib/librmw_dds_common.so
        40:	  trying file=/opt/ros/humble/opt/rviz_ogre_vendor/lib/librmw_dds_common.so
        40:	  trying file=/opt/ros/humble/lib/x86_64-linux-gnu/librmw_dds_common.so
        40:	  trying file=/opt/ros/humble/opt/openvdb_vendor/lib/librmw_dds_common.so
        40:	  trying file=/opt/ros/humble/lib/librmw_dds_common.so
        40:	
        40:	find library=librmw_dds_common__rosidl_typesupport_cpp.so [0]; searching
        40:	 search path=/work/build/path_align_guard_cpp_20260928/install/nav2_mppi_controller/lib:/opt/ros/humble/opt/rviz_ogre_vendor/lib:/opt/ros/humble/lib/x86_64-linux-gnu:/opt/ros/humble/opt/openvdb_vendor/lib:/opt/ros/humble/lib		(LD_LIBRARY_PATH)
        40:	  trying file=/work/build/path_align_guard_cpp_20260928/install/nav2_mppi_controller/lib/librmw_dds_common__rosidl_typesupport_cpp.so
        40:	  trying file=/opt/ros/humble/opt/rviz_ogre_vendor/lib/librmw_dds_common__rosidl_typesupport_cpp.so
        40:	  trying file=/opt/ros/humble/lib/x86_64-linux-gnu/librmw_dds_common__rosidl_typesupport_cpp.so
        40:	  trying file=/opt/ros/humble/opt/openvdb_vendor/lib/librmw_dds_common__rosidl_typesupport_cpp.so
        40:	  trying file=/opt/ros/humble/lib/librmw_dds_common__rosidl_typesupport_cpp.so
        40:	
        40:	find library=librosidl_typesupport_introspection_cpp.so [0]; searching
        40:	 search path=/work/build/path_align_guard_cpp_20260928/install/nav2_mppi_controller/lib:/opt/ros/humble/opt/rviz_ogre_vendor/lib:/opt/ros/humble/lib/x86_64-linux-gnu:/opt/ros/humble/opt/openvdb_vendor/lib:/opt/ros/humble/lib		(LD_LIBRARY_PATH)
        40:	  trying file=/work/build/path_align_guard_cpp_20260928/install/nav2_mppi_controller/lib/librosidl_typesupport_introspection_cpp.so
        40:	  trying file=/opt/ros/humble/opt/rviz_ogre_vendor/lib/librosidl_typesupport_introspection_cpp.so
        40:	  trying file=/opt/ros/humble/lib/x86_64-linux-gnu/librosidl_typesupport_introspection_cpp.so
        40:	  trying file=/opt/ros/humble/opt/openvdb_vendor/lib/librosidl_typesupport_introspection_cpp.so
        40:	  trying file=/opt/ros/humble/lib/librosidl_typesupport_introspection_cpp.so
        40:	
        40:	find library=librosidl_typesupport_introspection_c.so [0]; searching
        40:	 search path=/work/build/path_align_guard_cpp_20260928/install/nav2_mppi_controller/lib:/opt/ros/humble/opt/rviz_ogre_vendor/lib:/opt/ros/humble/lib/x86_64-linux-gnu:/opt/ros/humble/opt/openvdb_vendor/lib:/opt/ros/humble/lib		(LD_LIBRARY_PATH)
        40:	  trying file=/work/build/path_align_guard_cpp_20260928/install/nav2_mppi_controller/lib/librosidl_typesupport_introspection_c.so
        40:	  trying file=/opt/ros/humble/opt/rviz_ogre_vendor/lib/librosidl_typesupport_introspection_c.so
        40:	  trying file=/opt/ros/humble/lib/x86_64-linux-gnu/librosidl_typesupport_introspection_c.so
        40:	  trying file=/opt/ros/humble/opt/openvdb_vendor/lib/librosidl_typesupport_introspection_c.so
        40:	  trying file=/opt/ros/humble/lib/librosidl_typesupport_introspection_c.so
        40:	
        40:	find library=libssl.so.3 [0]; searching
        40:	 search path=/work/build/path_align_guard_cpp_20260928/install/nav2_mppi_controller/lib:/opt/ros/humble/opt/rviz_ogre_vendor/lib:/opt/ros/humble/lib/x86_64-linux-gnu:/opt/ros/humble/opt/openvdb_vendor/lib:/opt/ros/humble/lib		(LD_LIBRARY_PATH)
        40:	  trying file=/work/build/path_align_guard_cpp_20260928/install/nav2_mppi_controller/lib/libssl.so.3
        40:	  trying file=/opt/ros/humble/opt/rviz_ogre_vendor/lib/libssl.so.3
        40:	  trying file=/opt/ros/humble/lib/x86_64-linux-gnu/libssl.so.3
        40:	  trying file=/opt/ros/humble/opt/openvdb_vendor/lib/libssl.so.3
        40:	  trying file=/opt/ros/humble/lib/libssl.so.3
        40:	 search cache=/etc/ld.so.cache
        40:	  trying file=/lib/x86_64-linux-gnu/libssl.so.3
        40:	
        40:	find library=libcrypto.so.3 [0]; searching
        40:	 search path=/work/build/path_align_guard_cpp_20260928/install/nav2_mppi_controller/lib:/opt/ros/humble/opt/rviz_ogre_vendor/lib:/opt/ros/humble/lib/x86_64-linux-gnu:/opt/ros/humble/opt/openvdb_vendor/lib:/opt/ros/humble/lib		(LD_LIBRARY_PATH)
        40:	  trying file=/work/build/path_align_guard_cpp_20260928/install/nav2_mppi_controller/lib/libcrypto.so.3
        40:	  trying file=/opt/ros/humble/opt/rviz_ogre_vendor/lib/libcrypto.so.3
        40:	  trying file=/opt/ros/humble/lib/x86_64-linux-gnu/libcrypto.so.3
        40:	  trying file=/opt/ros/humble/opt/openvdb_vendor/lib/libcrypto.so.3
        40:	  trying file=/opt/ros/humble/lib/libcrypto.so.3
        40:	 search cache=/etc/ld.so.cache
        40:	  trying file=/lib/x86_64-linux-gnu/libcrypto.so.3
        40:	
        40:	
        40:	calling init: /lib/x86_64-linux-gnu/libcrypto.so.3
        40:	
        40:	
        40:	calling init: /lib/x86_64-linux-gnu/libssl.so.3
        40:	
        40:	
        40:	calling init: /opt/ros/humble/lib/librosidl_typesupport_introspection_c.so
        40:	
        40:	
        40:	calling init: /opt/ros/humble/lib/librosidl_typesupport_introspection_cpp.so
        40:	
        40:	
        40:	calling init: /opt/ros/humble/lib/librmw_dds_common__rosidl_typesupport_cpp.so
        40:	
        40:	
        40:	calling init: /opt/ros/humble/lib/librmw_dds_common.so
        40:	
        40:	
        40:	calling init: /opt/ros/humble/lib/libfastcdr.so.1
        40:	
        40:	
        40:	calling init: /opt/ros/humble/lib/librosidl_typesupport_fastrtps_cpp.so
        40:	
        40:	
        40:	calling init: /opt/ros/humble/lib/librosidl_typesupport_fastrtps_c.so
        40:	
        40:	
        40:	calling init: /opt/ros/humble/lib/libfastrtps.so.2.6
        40:	
        40:	
        40:	calling init: /opt/ros/humble/lib/librmw_fastrtps_shared_cpp.so
        40:	
        40:	
        40:	calling init: /opt/ros/humble/lib/librmw_fastrtps_cpp.so
        40:	
        40:	find library=librmw_dds_common__rosidl_typesupport_fastrtps_cpp.so [0]; searching
        40:	 search path=/work/build/path_align_guard_cpp_20260928/install/nav2_mppi_controller/lib:/opt/ros/humble/opt/rviz_ogre_vendor/lib:/opt/ros/humble/lib/x86_64-linux-gnu:/opt/ros/humble/opt/openvdb_vendor/lib:/opt/ros/humble/lib		(LD_LIBRARY_PATH)
        40:	  trying file=/work/build/path_align_guard_cpp_20260928/install/nav2_mppi_controller/lib/librmw_dds_common__rosidl_typesupport_fastrtps_cpp.so
        40:	  trying file=/opt/ros/humble/opt/rviz_ogre_vendor/lib/librmw_dds_common__rosidl_typesupport_fastrtps_cpp.so
        40:	  trying file=/opt/ros/humble/lib/x86_64-linux-gnu/librmw_dds_common__rosidl_typesupport_fastrtps_cpp.so
        40:	  trying file=/opt/ros/humble/opt/openvdb_vendor/lib/librmw_dds_common__rosidl_typesupport_fastrtps_cpp.so
        40:	  trying file=/opt/ros/humble/lib/librmw_dds_common__rosidl_typesupport_fastrtps_cpp.so
        40:	
        40:	
        40:	calling init: /opt/ros/humble/lib/librmw_dds_common__rosidl_typesupport_fastrtps_cpp.so
        40:	
        40:	find library=librmw_dds_common__rosidl_typesupport_introspection_cpp.so [0]; searching
        40:	 search path=/work/build/path_align_guard_cpp_20260928/install/nav2_mppi_controller/lib:/opt/ros/humble/opt/rviz_ogre_vendor/lib:/opt/ros/humble/lib/x86_64-linux-gnu:/opt/ros/humble/opt/openvdb_vendor/lib:/opt/ros/humble/lib		(LD_LIBRARY_PATH)
        40:	  trying file=/work/build/path_align_guard_cpp_20260928/install/nav2_mppi_controller/lib/librmw_dds_common__rosidl_typesupport_introspection_cpp.so
        40:	  trying file=/opt/ros/humble/opt/rviz_ogre_vendor/lib/librmw_dds_common__rosidl_typesupport_introspection_cpp.so
        40:	  trying file=/opt/ros/humble/lib/x86_64-linux-gnu/librmw_dds_common__rosidl_typesupport_introspection_cpp.so
        40:	  trying file=/opt/ros/humble/opt/openvdb_vendor/lib/librmw_dds_common__rosidl_typesupport_introspection_cpp.so
        40:	  trying file=/opt/ros/humble/lib/librmw_dds_common__rosidl_typesupport_introspection_cpp.so
        40:	
        40:	
        40:	calling init: /opt/ros/humble/lib/librmw_dds_common__rosidl_typesupport_introspection_cpp.so
        40:	
        40:	find library=librcl_interfaces__rosidl_typesupport_fastrtps_c.so [0]; searching
        40:	 search path=/work/build/path_align_guard_cpp_20260928/install/nav2_mppi_controller/lib:/opt/ros/humble/opt/rviz_ogre_vendor/lib:/opt/ros/humble/lib/x86_64-linux-gnu:/opt/ros/humble/opt/openvdb_vendor/lib:/opt/ros/humble/lib		(LD_LIBRARY_PATH)
        40:	  trying file=/work/build/path_align_guard_cpp_20260928/install/nav2_mppi_controller/lib/librcl_interfaces__rosidl_typesupport_fastrtps_c.so
        40:	  trying file=/opt/ros/humble/opt/rviz_ogre_vendor/lib/librcl_interfaces__rosidl_typesupport_fastrtps_c.so
        40:	  trying file=/opt/ros/humble/lib/x86_64-linux-gnu/librcl_interfaces__rosidl_typesupport_fastrtps_c.so
        40:	  trying file=/opt/ros/humble/opt/openvdb_vendor/lib/librcl_interfaces__rosidl_typesupport_fastrtps_c.so
        40:	  trying file=/opt/ros/humble/lib/librcl_interfaces__rosidl_typesupport_fastrtps_c.so
        40:	
        40:	find library=libbuiltin_interfaces__rosidl_typesupport_fastrtps_c.so [0]; searching
        40:	 search path=/work/build/path_align_guard_cpp_20260928/install/nav2_mppi_controller/lib:/opt/ros/humble/opt/rviz_ogre_vendor/lib:/opt/ros/humble/lib/x86_64-linux-gnu:/opt/ros/humble/opt/openvdb_vendor/lib:/opt/ros/humble/lib		(LD_LIBRARY_PATH)
        40:	  trying file=/work/build/path_align_guard_cpp_20260928/install/nav2_mppi_controller/lib/libbuiltin_interfaces__rosidl_typesupport_fastrtps_c.so
        40:	  trying file=/opt/ros/humble/opt/rviz_ogre_vendor/lib/libbuiltin_interfaces__rosidl_typesupport_fastrtps_c.so
        40:	  trying file=/opt/ros/humble/lib/x86_64-linux-gnu/libbuiltin_interfaces__rosidl_typesupport_fastrtps_c.so
        40:	  trying file=/opt/ros/humble/opt/openvdb_vendor/lib/libbuiltin_interfaces__rosidl_typesupport_fastrtps_c.so
        40:	  trying file=/opt/ros/humble/lib/libbuiltin_interfaces__rosidl_typesupport_fastrtps_c.so
        40:	
        40:	
        40:	calling init: /opt/ros/humble/lib/libbuiltin_interfaces__rosidl_typesupport_fastrtps_c.so
        40:	
        40:	
        40:	calling init: /opt/ros/humble/lib/librcl_interfaces__rosidl_typesupport_fastrtps_c.so
        40:	
        40:	find library=librcl_interfaces__rosidl_typesupport_introspection_c.so [0]; searching
        40:	 search path=/work/build/path_align_guard_cpp_20260928/install/nav2_mppi_controller/lib:/opt/ros/humble/opt/rviz_ogre_vendor/lib:/opt/ros/humble/lib/x86_64-linux-gnu:/opt/ros/humble/opt/openvdb_vendor/lib:/opt/ros/humble/lib		(LD_LIBRARY_PATH)
        40:	  trying file=/work/build/path_align_guard_cpp_20260928/install/nav2_mppi_controller/lib/librcl_interfaces__rosidl_typesupport_introspection_c.so
        40:	  trying file=/opt/ros/humble/opt/rviz_ogre_vendor/lib/librcl_interfaces__rosidl_typesupport_introspection_c.so
        40:	  trying file=/opt/ros/humble/lib/x86_64-linux-gnu/librcl_interfaces__rosidl_typesupport_introspection_c.so
        40:	  trying file=/opt/ros/humble/opt/openvdb_vendor/lib/librcl_interfaces__rosidl_typesupport_introspection_c.so
        40:	  trying file=/opt/ros/humble/lib/librcl_interfaces__rosidl_typesupport_introspection_c.so
        40:	
        40:	find library=libbuiltin_interfaces__rosidl_typesupport_introspection_c.so [0]; searching
        40:	 search path=/work/build/path_align_guard_cpp_20260928/install/nav2_mppi_controller/lib:/opt/ros/humble/opt/rviz_ogre_vendor/lib:/opt/ros/humble/lib/x86_64-linux-gnu:/opt/ros/humble/opt/openvdb_vendor/lib:/opt/ros/humble/lib		(LD_LIBRARY_PATH)
        40:	  trying file=/work/build/path_align_guard_cpp_20260928/install/nav2_mppi_controller/lib/libbuiltin_interfaces__rosidl_typesupport_introspection_c.so
        40:	  trying file=/opt/ros/humble/opt/rviz_ogre_vendor/lib/libbuiltin_interfaces__rosidl_typesupport_introspection_c.so
        40:	  trying file=/opt/ros/humble/lib/x86_64-linux-gnu/libbuiltin_interfaces__rosidl_typesupport_introspection_c.so
        40:	  trying file=/opt/ros/humble/opt/openvdb_vendor/lib/libbuiltin_interfaces__rosidl_typesupport_introspection_c.so
        40:	  trying file=/opt/ros/humble/lib/libbuiltin_interfaces__rosidl_typesupport_introspection_c.so
        40:	
        40:	
        40:	calling init: /opt/ros/humble/lib/libbuiltin_interfaces__rosidl_typesupport_introspection_c.so
        40:	
        40:	
        40:	calling init: /opt/ros/humble/lib/librcl_interfaces__rosidl_typesupport_introspection_c.so
        40:	
        40:	find library=librcl_interfaces__rosidl_typesupport_fastrtps_cpp.so [0]; searching
        40:	 search path=/work/build/path_align_guard_cpp_20260928/install/nav2_mppi_controller/lib:/opt/ros/humble/opt/rviz_ogre_vendor/lib:/opt/ros/humble/lib/x86_64-linux-gnu:/opt/ros/humble/opt/openvdb_vendor/lib:/opt/ros/humble/lib		(LD_LIBRARY_PATH)
        40:	  trying file=/work/build/path_align_guard_cpp_20260928/install/nav2_mppi_controller/lib/librcl_interfaces__rosidl_typesupport_fastrtps_cpp.so
        40:	  trying file=/opt/ros/humble/opt/rviz_ogre_vendor/lib/librcl_interfaces__rosidl_typesupport_fastrtps_cpp.so
        40:	  trying file=/opt/ros/humble/lib/x86_64-linux-gnu/librcl_interfaces__rosidl_typesupport_fastrtps_cpp.so
        40:	  trying file=/opt/ros/humble/opt/openvdb_vendor/lib/librcl_interfaces__rosidl_typesupport_fastrtps_cpp.so
        40:	  trying file=/opt/ros/humble/lib/librcl_interfaces__rosidl_typesupport_fastrtps_cpp.so
        40:	
        40:	find library=libbuiltin_interfaces__rosidl_typesupport_fastrtps_cpp.so [0]; searching
        40:	 search path=/work/build/path_align_guard_cpp_20260928/install/nav2_mppi_controller/lib:/opt/ros/humble/opt/rviz_ogre_vendor/lib:/opt/ros/humble/lib/x86_64-linux-gnu:/opt/ros/humble/opt/openvdb_vendor/lib:/opt/ros/humble/lib		(LD_LIBRARY_PATH)
        40:	  trying file=/work/build/path_align_guard_cpp_20260928/install/nav2_mppi_controller/lib/libbuiltin_interfaces__rosidl_typesupport_fastrtps_cpp.so
        40:	  trying file=/opt/ros/humble/opt/rviz_ogre_vendor/lib/libbuiltin_interfaces__rosidl_typesupport_fastrtps_cpp.so
        40:	  trying file=/opt/ros/humble/lib/x86_64-linux-gnu/libbuiltin_interfaces__rosidl_typesupport_fastrtps_cpp.so
        40:	  trying file=/opt/ros/humble/opt/openvdb_vendor/lib/libbuiltin_interfaces__rosidl_typesupport_fastrtps_cpp.so
        40:	  trying file=/opt/ros/humble/lib/libbuiltin_interfaces__rosidl_typesupport_fastrtps_cpp.so
        40:	
        40:	
        40:	calling init: /opt/ros/humble/lib/libbuiltin_interfaces__rosidl_typesupport_fastrtps_cpp.so
        40:	
        40:	
        40:	calling init: /opt/ros/humble/lib/librcl_interfaces__rosidl_typesupport_fastrtps_cpp.so
        40:	
        40:	find library=librcl_interfaces__rosidl_typesupport_introspection_cpp.so [0]; searching
        40:	 search path=/work/build/path_align_guard_cpp_20260928/install/nav2_mppi_controller/lib:/opt/ros/humble/opt/rviz_ogre_vendor/lib:/opt/ros/humble/lib/x86_64-linux-gnu:/opt/ros/humble/opt/openvdb_vendor/lib:/opt/ros/humble/lib		(LD_LIBRARY_PATH)
        40:	  trying file=/work/build/path_align_guard_cpp_20260928/install/nav2_mppi_controller/lib/librcl_interfaces__rosidl_typesupport_introspection_cpp.so
        40:	  trying file=/opt/ros/humble/opt/rviz_ogre_vendor/lib/librcl_interfaces__rosidl_typesupport_introspection_cpp.so
        40:	  trying file=/opt/ros/humble/lib/x86_64-linux-gnu/librcl_interfaces__rosidl_typesupport_introspection_cpp.so
        40:	  trying file=/opt/ros/humble/opt/openvdb_vendor/lib/librcl_interfaces__rosidl_typesupport_introspection_cpp.so
        40:	  trying file=/opt/ros/humble/lib/librcl_interfaces__rosidl_typesupport_introspection_cpp.so
        40:	
        40:	find library=libbuiltin_interfaces__rosidl_typesupport_introspection_cpp.so [0]; searching
        40:	 search path=/work/build/path_align_guard_cpp_20260928/install/nav2_mppi_controller/lib:/opt/ros/humble/opt/rviz_ogre_vendor/lib:/opt/ros/humble/lib/x86_64-linux-gnu:/opt/ros/humble/opt/openvdb_vendor/lib:/opt/ros/humble/lib		(LD_LIBRARY_PATH)
        40:	  trying file=/work/build/path_align_guard_cpp_20260928/install/nav2_mppi_controller/lib/libbuiltin_interfaces__rosidl_typesupport_introspection_cpp.so
        40:	  trying file=/opt/ros/humble/opt/rviz_ogre_vendor/lib/libbuiltin_interfaces__rosidl_typesupport_introspection_cpp.so
        40:	  trying file=/opt/ros/humble/lib/x86_64-linux-gnu/libbuiltin_interfaces__rosidl_typesupport_introspection_cpp.so
        40:	  trying file=/opt/ros/humble/opt/openvdb_vendor/lib/libbuiltin_interfaces__rosidl_typesupport_introspection_cpp.so
        40:	  trying file=/opt/ros/humble/lib/libbuiltin_interfaces__rosidl_typesupport_introspection_cpp.so
        40:	
        40:	
        40:	calling init: /opt/ros/humble/lib/libbuiltin_interfaces__rosidl_typesupport_introspection_cpp.so
        40:	
        40:	
        40:	calling init: /opt/ros/humble/lib/librcl_interfaces__rosidl_typesupport_introspection_cpp.so
        40:	
        40:	find library=liblifecycle_msgs__rosidl_typesupport_fastrtps_c.so [0]; searching
        40:	 search path=/work/build/path_align_guard_cpp_20260928/install/nav2_mppi_controller/lib:/opt/ros/humble/opt/rviz_ogre_vendor/lib:/opt/ros/humble/lib/x86_64-linux-gnu:/opt/ros/humble/opt/openvdb_vendor/lib:/opt/ros/humble/lib		(LD_LIBRARY_PATH)
        40:	  trying file=/work/build/path_align_guard_cpp_20260928/install/nav2_mppi_controller/lib/liblifecycle_msgs__rosidl_typesupport_fastrtps_c.so
        40:	  trying file=/opt/ros/humble/opt/rviz_ogre_vendor/lib/liblifecycle_msgs__rosidl_typesupport_fastrtps_c.so
        40:	  trying file=/opt/ros/humble/lib/x86_64-linux-gnu/liblifecycle_msgs__rosidl_typesupport_fastrtps_c.so
        40:	  trying file=/opt/ros/humble/opt/openvdb_vendor/lib/liblifecycle_msgs__rosidl_typesupport_fastrtps_c.so
        40:	  trying file=/opt/ros/humble/lib/liblifecycle_msgs__rosidl_typesupport_fastrtps_c.so
        40:	
        40:	
        40:	calling init: /opt/ros/humble/lib/liblifecycle_msgs__rosidl_typesupport_fastrtps_c.so
        40:	
        40:	find library=liblifecycle_msgs__rosidl_typesupport_introspection_c.so [0]; searching
        40:	 search path=/work/build/path_align_guard_cpp_20260928/install/nav2_mppi_controller/lib:/opt/ros/humble/opt/rviz_ogre_vendor/lib:/opt/ros/humble/lib/x86_64-linux-gnu:/opt/ros/humble/opt/openvdb_vendor/lib:/opt/ros/humble/lib		(LD_LIBRARY_PATH)
        40:	  trying file=/work/build/path_align_guard_cpp_20260928/install/nav2_mppi_controller/lib/liblifecycle_msgs__rosidl_typesupport_introspection_c.so
        40:	  trying file=/opt/ros/humble/opt/rviz_ogre_vendor/lib/liblifecycle_msgs__rosidl_typesupport_introspection_c.so
        40:	  trying file=/opt/ros/humble/lib/x86_64-linux-gnu/liblifecycle_msgs__rosidl_typesupport_introspection_c.so
        40:	  trying file=/opt/ros/humble/opt/openvdb_vendor/lib/liblifecycle_msgs__rosidl_typesupport_introspection_c.so
        40:	  trying file=/opt/ros/humble/lib/liblifecycle_msgs__rosidl_typesupport_introspection_c.so
        40:	
        40:	
        40:	calling init: /opt/ros/humble/lib/liblifecycle_msgs__rosidl_typesupport_introspection_c.so
        40:	
        40:	find library=liblifecycle_msgs__rosidl_typesupport_fastrtps_cpp.so [0]; searching
        40:	 search path=/work/build/path_align_guard_cpp_20260928/install/nav2_mppi_controller/lib:/opt/ros/humble/opt/rviz_ogre_vendor/lib:/opt/ros/humble/lib/x86_64-linux-gnu:/opt/ros/humble/opt/openvdb_vendor/lib:/opt/ros/humble/lib		(LD_LIBRARY_PATH)
        40:	  trying file=/work/build/path_align_guard_cpp_20260928/install/nav2_mppi_controller/lib/liblifecycle_msgs__rosidl_typesupport_fastrtps_cpp.so
        40:	  trying file=/opt/ros/humble/opt/rviz_ogre_vendor/lib/liblifecycle_msgs__rosidl_typesupport_fastrtps_cpp.so
        40:	  trying file=/opt/ros/humble/lib/x86_64-linux-gnu/liblifecycle_msgs__rosidl_typesupport_fastrtps_cpp.so
        40:	  trying file=/opt/ros/humble/opt/openvdb_vendor/lib/liblifecycle_msgs__rosidl_typesupport_fastrtps_cpp.so
        40:	  trying file=/opt/ros/humble/lib/liblifecycle_msgs__rosidl_typesupport_fastrtps_cpp.so
        40:	
        40:	
        40:	calling init: /opt/ros/humble/lib/liblifecycle_msgs__rosidl_typesupport_fastrtps_cpp.so
        40:	
[INFO] [1790762490.857532563] [costmap]: 
	costmap lifecycle node launched. 
	Waiting on external lifecycle transitions to activate
	See https://design.ros2.org/articles/node_lifecycle.html for more information.
[INFO] [1790762490.857967883] [costmap]: Creating Costmap
[INFO] [1790762490.858067020] [costmap]: Configuring
        40:	find library=libtf2_msgs__rosidl_typesupport_fastrtps_cpp.so [0]; searching
        40:	 search path=/work/build/path_align_guard_cpp_20260928/install/nav2_mppi_controller/lib:/opt/ros/humble/opt/rviz_ogre_vendor/lib:/opt/ros/humble/lib/x86_64-linux-gnu:/opt/ros/humble/opt/openvdb_vendor/lib:/opt/ros/humble/lib		(LD_LIBRARY_PATH)
        40:	  trying file=/work/build/path_align_guard_cpp_20260928/install/nav2_mppi_controller/lib/libtf2_msgs__rosidl_typesupport_fastrtps_cpp.so
        40:	  trying file=/opt/ros/humble/opt/rviz_ogre_vendor/lib/libtf2_msgs__rosidl_typesupport_fastrtps_cpp.so
        40:	  trying file=/opt/ros/humble/lib/x86_64-linux-gnu/libtf2_msgs__rosidl_typesupport_fastrtps_cpp.so
        40:	  trying file=/opt/ros/humble/opt/openvdb_vendor/lib/libtf2_msgs__rosidl_typesupport_fastrtps_cpp.so
        40:	  trying file=/opt/ros/humble/lib/libtf2_msgs__rosidl_typesupport_fastrtps_cpp.so
        40:	
        40:	find library=libgeometry_msgs__rosidl_typesupport_fastrtps_cpp.so [0]; searching
        40:	 search path=/work/build/path_align_guard_cpp_20260928/install/nav2_mppi_controller/lib:/opt/ros/humble/opt/rviz_ogre_vendor/lib:/opt/ros/humble/lib/x86_64-linux-gnu:/opt/ros/humble/opt/openvdb_vendor/lib:/opt/ros/humble/lib		(LD_LIBRARY_PATH)
        40:	  trying file=/work/build/path_align_guard_cpp_20260928/install/nav2_mppi_controller/lib/libgeometry_msgs__rosidl_typesupport_fastrtps_cpp.so
        40:	  trying file=/opt/ros/humble/opt/rviz_ogre_vendor/lib/libgeometry_msgs__rosidl_typesupport_fastrtps_cpp.so
        40:	  trying file=/opt/ros/humble/lib/x86_64-linux-gnu/libgeometry_msgs__rosidl_typesupport_fastrtps_cpp.so
        40:	  trying file=/opt/ros/humble/opt/openvdb_vendor/lib/libgeometry_msgs__rosidl_typesupport_fastrtps_cpp.so
        40:	  trying file=/opt/ros/humble/lib/libgeometry_msgs__rosidl_typesupport_fastrtps_cpp.so
        40:	
        40:	find library=libunique_identifier_msgs__rosidl_typesupport_fastrtps_cpp.so [0]; searching
        40:	 search path=/work/build/path_align_guard_cpp_20260928/install/nav2_mppi_controller/lib:/opt/ros/humble/opt/rviz_ogre_vendor/lib:/opt/ros/humble/lib/x86_64-linux-gnu:/opt/ros/humble/opt/openvdb_vendor/lib:/opt/ros/humble/lib		(LD_LIBRARY_PATH)
        40:	  trying file=/work/build/path_align_guard_cpp_20260928/install/nav2_mppi_controller/lib/libunique_identifier_msgs__rosidl_typesupport_fastrtps_cpp.so
        40:	  trying file=/opt/ros/humble/opt/rviz_ogre_vendor/lib/libunique_identifier_msgs__rosidl_typesupport_fastrtps_cpp.so
        40:	  trying file=/opt/ros/humble/lib/x86_64-linux-gnu/libunique_identifier_msgs__rosidl_typesupport_fastrtps_cpp.so
        40:	  trying file=/opt/ros/humble/opt/openvdb_vendor/lib/libunique_identifier_msgs__rosidl_typesupport_fastrtps_cpp.so
        40:	  trying file=/opt/ros/humble/lib/libunique_identifier_msgs__rosidl_typesupport_fastrtps_cpp.so
        40:	
        40:	find library=libstd_msgs__rosidl_typesupport_fastrtps_cpp.so [0]; searching
        40:	 search path=/work/build/path_align_guard_cpp_20260928/install/nav2_mppi_controller/lib:/opt/ros/humble/opt/rviz_ogre_vendor/lib:/opt/ros/humble/lib/x86_64-linux-gnu:/opt/ros/humble/opt/openvdb_vendor/lib:/opt/ros/humble/lib		(LD_LIBRARY_PATH)
        40:	  trying file=/work/build/path_align_guard_cpp_20260928/install/nav2_mppi_controller/lib/libstd_msgs__rosidl_typesupport_fastrtps_cpp.so
        40:	  trying file=/opt/ros/humble/opt/rviz_ogre_vendor/lib/libstd_msgs__rosidl_typesupport_fastrtps_cpp.so
        40:	  trying file=/opt/ros/humble/lib/x86_64-linux-gnu/libstd_msgs__rosidl_typesupport_fastrtps_cpp.so
        40:	  trying file=/opt/ros/humble/opt/openvdb_vendor/lib/libstd_msgs__rosidl_typesupport_fastrtps_cpp.so
        40:	  trying file=/opt/ros/humble/lib/libstd_msgs__rosidl_typesupport_fastrtps_cpp.so
        40:	
        40:	
        40:	calling init: /opt/ros/humble/lib/libstd_msgs__rosidl_typesupport_fastrtps_cpp.so
        40:	
        40:	
        40:	calling init: /opt/ros/humble/lib/libunique_identifier_msgs__rosidl_typesupport_fastrtps_cpp.so
        40:	
        40:	
        40:	calling init: /opt/ros/humble/lib/libgeometry_msgs__rosidl_typesupport_fastrtps_cpp.so
        40:	
        40:	
        40:	calling init: /opt/ros/humble/lib/libtf2_msgs__rosidl_typesupport_fastrtps_cpp.so
        40:	
        40:	find library=libtf2_msgs__rosidl_typesupport_introspection_cpp.so [0]; searching
        40:	 search path=/work/build/path_align_guard_cpp_20260928/install/nav2_mppi_controller/lib:/opt/ros/humble/opt/rviz_ogre_vendor/lib:/opt/ros/humble/lib/x86_64-linux-gnu:/opt/ros/humble/opt/openvdb_vendor/lib:/opt/ros/humble/lib		(LD_LIBRARY_PATH)
        40:	  trying file=/work/build/path_align_guard_cpp_20260928/install/nav2_mppi_controller/lib/libtf2_msgs__rosidl_typesupport_introspection_cpp.so
        40:	  trying file=/opt/ros/humble/opt/rviz_ogre_vendor/lib/libtf2_msgs__rosidl_typesupport_introspection_cpp.so
        40:	  trying file=/opt/ros/humble/lib/x86_64-linux-gnu/libtf2_msgs__rosidl_typesupport_introspection_cpp.so
        40:	  trying file=/opt/ros/humble/opt/openvdb_vendor/lib/libtf2_msgs__rosidl_typesupport_introspection_cpp.so
        40:	  trying file=/opt/ros/humble/lib/libtf2_msgs__rosidl_typesupport_introspection_cpp.so
        40:	
        40:	find library=libgeometry_msgs__rosidl_typesupport_introspection_cpp.so [0]; searching
        40:	 search path=/work/build/path_align_guard_cpp_20260928/install/nav2_mppi_controller/lib:/opt/ros/humble/opt/rviz_ogre_vendor/lib:/opt/ros/humble/lib/x86_64-linux-gnu:/opt/ros/humble/opt/openvdb_vendor/lib:/opt/ros/humble/lib		(LD_LIBRARY_PATH)
        40:	  trying file=/work/build/path_align_guard_cpp_20260928/install/nav2_mppi_controller/lib/libgeometry_msgs__rosidl_typesupport_introspection_cpp.so
        40:	  trying file=/opt/ros/humble/opt/rviz_ogre_vendor/lib/libgeometry_msgs__rosidl_typesupport_introspection_cpp.so
        40:	  trying file=/opt/ros/humble/lib/x86_64-linux-gnu/libgeometry_msgs__rosidl_typesupport_introspection_cpp.so
        40:	  trying file=/opt/ros/humble/opt/openvdb_vendor/lib/libgeometry_msgs__rosidl_typesupport_introspection_cpp.so
        40:	  trying file=/opt/ros/humble/lib/libgeometry_msgs__rosidl_typesupport_introspection_cpp.so
        40:	
        40:	find library=libunique_identifier_msgs__rosidl_typesupport_introspection_cpp.so [0]; searching
        40:	 search path=/work/build/path_align_guard_cpp_20260928/install/nav2_mppi_controller/lib:/opt/ros/humble/opt/rviz_ogre_vendor/lib:/opt/ros/humble/lib/x86_64-linux-gnu:/opt/ros/humble/opt/openvdb_vendor/lib:/opt/ros/humble/lib		(LD_LIBRARY_PATH)
        40:	  trying file=/work/build/path_align_guard_cpp_20260928/install/nav2_mppi_controller/lib/libunique_identifier_msgs__rosidl_typesupport_introspection_cpp.so
        40:	  trying file=/opt/ros/humble/opt/rviz_ogre_vendor/lib/libunique_identifier_msgs__rosidl_typesupport_introspection_cpp.so
        40:	  trying file=/opt/ros/humble/lib/x86_64-linux-gnu/libunique_identifier_msgs__rosidl_typesupport_introspection_cpp.so
        40:	  trying file=/opt/ros/humble/opt/openvdb_vendor/lib/libunique_identifier_msgs__rosidl_typesupport_introspection_cpp.so
        40:	  trying file=/opt/ros/humble/lib/libunique_identifier_msgs__rosidl_typesupport_introspection_cpp.so
        40:	
        40:	find library=libstd_msgs__rosidl_typesupport_introspection_cpp.so [0]; searching
        40:	 search path=/work/build/path_align_guard_cpp_20260928/install/nav2_mppi_controller/lib:/opt/ros/humble/opt/rviz_ogre_vendor/lib:/opt/ros/humble/lib/x86_64-linux-gnu:/opt/ros/humble/opt/openvdb_vendor/lib:/opt/ros/humble/lib		(LD_LIBRARY_PATH)
        40:	  trying file=/work/build/path_align_guard_cpp_20260928/install/nav2_mppi_controller/lib/libstd_msgs__rosidl_typesupport_introspection_cpp.so
        40:	  trying file=/opt/ros/humble/opt/rviz_ogre_vendor/lib/libstd_msgs__rosidl_typesupport_introspection_cpp.so
        40:	  trying file=/opt/ros/humble/lib/x86_64-linux-gnu/libstd_msgs__rosidl_typesupport_introspection_cpp.so
        40:	  trying file=/opt/ros/humble/opt/openvdb_vendor/lib/libstd_msgs__rosidl_typesupport_introspection_cpp.so
        40:	  trying file=/opt/ros/humble/lib/libstd_msgs__rosidl_typesupport_introspection_cpp.so
        40:	
        40:	
        40:	calling init: /opt/ros/humble/lib/libstd_msgs__rosidl_typesupport_introspection_cpp.so
        40:	
        40:	
        40:	calling init: /opt/ros/humble/lib/libunique_identifier_msgs__rosidl_typesupport_introspection_cpp.so
        40:	
        40:	
        40:	calling init: /opt/ros/humble/lib/libgeometry_msgs__rosidl_typesupport_introspection_cpp.so
        40:	
        40:	
        40:	calling init: /opt/ros/humble/lib/libtf2_msgs__rosidl_typesupport_introspection_cpp.so
        40:	
[INFO] [1790762490.859554798] [costmap]: Using plugin "obstacle_layer"
        40:	find library=libvoxel_grid.so [0]; searching
        40:	 search path=/work/build/path_align_guard_cpp_20260928/install/nav2_mppi_controller/lib:/opt/ros/humble/opt/rviz_ogre_vendor/lib:/opt/ros/humble/lib/x86_64-linux-gnu:/opt/ros/humble/opt/openvdb_vendor/lib:/opt/ros/humble/lib		(LD_LIBRARY_PATH)
        40:	  trying file=/work/build/path_align_guard_cpp_20260928/install/nav2_mppi_controller/lib/libvoxel_grid.so
        40:	  trying file=/opt/ros/humble/opt/rviz_ogre_vendor/lib/libvoxel_grid.so
        40:	  trying file=/opt/ros/humble/lib/x86_64-linux-gnu/libvoxel_grid.so
        40:	  trying file=/opt/ros/humble/opt/openvdb_vendor/lib/libvoxel_grid.so
        40:	  trying file=/opt/ros/humble/lib/libvoxel_grid.so
        40:	
        40:	find library=libsensor_msgs__rosidl_typesupport_cpp.so [0]; searching
        40:	 search path=/work/build/path_align_guard_cpp_20260928/install/nav2_mppi_controller/lib:/opt/ros/humble/opt/rviz_ogre_vendor/lib:/opt/ros/humble/lib/x86_64-linux-gnu:/opt/ros/humble/opt/openvdb_vendor/lib:/opt/ros/humble/lib		(LD_LIBRARY_PATH)
        40:	  trying file=/work/build/path_align_guard_cpp_20260928/install/nav2_mppi_controller/lib/libsensor_msgs__rosidl_typesupport_cpp.so
        40:	  trying file=/opt/ros/humble/opt/rviz_ogre_vendor/lib/libsensor_msgs__rosidl_typesupport_cpp.so
        40:	  trying file=/opt/ros/humble/lib/x86_64-linux-gnu/libsensor_msgs__rosidl_typesupport_cpp.so
        40:	  trying file=/opt/ros/humble/opt/openvdb_vendor/lib/libsensor_msgs__rosidl_typesupport_cpp.so
        40:	  trying file=/opt/ros/humble/lib/libsensor_msgs__rosidl_typesupport_cpp.so
        40:	
        40:	find library=liblaser_geometry.so [0]; searching
        40:	 search path=/work/build/path_align_guard_cpp_20260928/install/nav2_mppi_controller/lib:/opt/ros/humble/opt/rviz_ogre_vendor/lib:/opt/ros/humble/lib/x86_64-linux-gnu:/opt/ros/humble/opt/openvdb_vendor/lib:/opt/ros/humble/lib		(LD_LIBRARY_PATH)
        40:	  trying file=/work/build/path_align_guard_cpp_20260928/install/nav2_mppi_controller/lib/liblaser_geometry.so
        40:	  trying file=/opt/ros/humble/opt/rviz_ogre_vendor/lib/liblaser_geometry.so
        40:	  trying file=/opt/ros/humble/lib/x86_64-linux-gnu/liblaser_geometry.so
        40:	  trying file=/opt/ros/humble/opt/openvdb_vendor/lib/liblaser_geometry.so
        40:	  trying file=/opt/ros/humble/lib/liblaser_geometry.so
        40:	
        40:	find library=libmessage_filters.so [0]; searching
        40:	 search path=/work/build/path_align_guard_cpp_20260928/install/nav2_mppi_controller/lib:/opt/ros/humble/opt/rviz_ogre_vendor/lib:/opt/ros/humble/lib/x86_64-linux-gnu:/opt/ros/humble/opt/openvdb_vendor/lib:/opt/ros/humble/lib		(LD_LIBRARY_PATH)
        40:	  trying file=/work/build/path_align_guard_cpp_20260928/install/nav2_mppi_controller/lib/libmessage_filters.so
        40:	  trying file=/opt/ros/humble/opt/rviz_ogre_vendor/lib/libmessage_filters.so
        40:	  trying file=/opt/ros/humble/lib/x86_64-linux-gnu/libmessage_filters.so
        40:	  trying file=/opt/ros/humble/opt/openvdb_vendor/lib/libmessage_filters.so
        40:	  trying file=/opt/ros/humble/lib/libmessage_filters.so
        40:	
        40:	
        40:	calling init: /opt/ros/humble/lib/libmessage_filters.so
        40:	
        40:	
        40:	calling init: /opt/ros/humble/lib/liblaser_geometry.so
        40:	
        40:	
        40:	calling init: /opt/ros/humble/lib/libsensor_msgs__rosidl_typesupport_cpp.so
        40:	
        40:	
        40:	calling init: /opt/ros/humble/lib/libvoxel_grid.so
        40:	
        40:	
        40:	calling init: /opt/ros/humble/lib/liblayers.so
        40:	
[INFO] [1790762490.861279708] [costmap]: Subscribed to Topics: scan
        40:	find library=libsensor_msgs__rosidl_typesupport_fastrtps_cpp.so [0]; searching
        40:	 search path=/work/build/path_align_guard_cpp_20260928/install/nav2_mppi_controller/lib:/opt/ros/humble/opt/rviz_ogre_vendor/lib:/opt/ros/humble/lib/x86_64-linux-gnu:/opt/ros/humble/opt/openvdb_vendor/lib:/opt/ros/humble/lib		(LD_LIBRARY_PATH)
        40:	  trying file=/work/build/path_align_guard_cpp_20260928/install/nav2_mppi_controller/lib/libsensor_msgs__rosidl_typesupport_fastrtps_cpp.so
        40:	  trying file=/opt/ros/humble/opt/rviz_ogre_vendor/lib/libsensor_msgs__rosidl_typesupport_fastrtps_cpp.so
        40:	  trying file=/opt/ros/humble/lib/x86_64-linux-gnu/libsensor_msgs__rosidl_typesupport_fastrtps_cpp.so
        40:	  trying file=/opt/ros/humble/opt/openvdb_vendor/lib/libsensor_msgs__rosidl_typesupport_fastrtps_cpp.so
        40:	  trying file=/opt/ros/humble/lib/libsensor_msgs__rosidl_typesupport_fastrtps_cpp.so
        40:	
        40:	
        40:	calling init: /opt/ros/humble/lib/libsensor_msgs__rosidl_typesupport_fastrtps_cpp.so
        40:	
        40:	find library=libsensor_msgs__rosidl_typesupport_introspection_cpp.so [0]; searching
        40:	 search path=/work/build/path_align_guard_cpp_20260928/install/nav2_mppi_controller/lib:/opt/ros/humble/opt/rviz_ogre_vendor/lib:/opt/ros/humble/lib/x86_64-linux-gnu:/opt/ros/humble/opt/openvdb_vendor/lib:/opt/ros/humble/lib		(LD_LIBRARY_PATH)
        40:	  trying file=/work/build/path_align_guard_cpp_20260928/install/nav2_mppi_controller/lib/libsensor_msgs__rosidl_typesupport_introspection_cpp.so
        40:	  trying file=/opt/ros/humble/opt/rviz_ogre_vendor/lib/libsensor_msgs__rosidl_typesupport_introspection_cpp.so
        40:	  trying file=/opt/ros/humble/lib/x86_64-linux-gnu/libsensor_msgs__rosidl_typesupport_introspection_cpp.so
        40:	  trying file=/opt/ros/humble/opt/openvdb_vendor/lib/libsensor_msgs__rosidl_typesupport_introspection_cpp.so
        40:	  trying file=/opt/ros/humble/lib/libsensor_msgs__rosidl_typesupport_introspection_cpp.so
        40:	
        40:	
        40:	calling init: /opt/ros/humble/lib/libsensor_msgs__rosidl_typesupport_introspection_cpp.so
        40:	
[INFO] [1790762490.862048683] [costmap]: Initialized plugin "obstacle_layer"
[INFO] [1790762490.862059302] [costmap]: Using plugin "inflation_layer"
[INFO] [1790762490.862192748] [costmap]: Initialized plugin "inflation_layer"
        40:	find library=libnav_msgs__rosidl_typesupport_fastrtps_cpp.so [0]; searching
        40:	 search path=/work/build/path_align_guard_cpp_20260928/install/nav2_mppi_controller/lib:/opt/ros/humble/opt/rviz_ogre_vendor/lib:/opt/ros/humble/lib/x86_64-linux-gnu:/opt/ros/humble/opt/openvdb_vendor/lib:/opt/ros/humble/lib		(LD_LIBRARY_PATH)
        40:	  trying file=/work/build/path_align_guard_cpp_20260928/install/nav2_mppi_controller/lib/libnav_msgs__rosidl_typesupport_fastrtps_cpp.so
        40:	  trying file=/opt/ros/humble/opt/rviz_ogre_vendor/lib/libnav_msgs__rosidl_typesupport_fastrtps_cpp.so
        40:	  trying file=/opt/ros/humble/lib/x86_64-linux-gnu/libnav_msgs__rosidl_typesupport_fastrtps_cpp.so
        40:	  trying file=/opt/ros/humble/opt/openvdb_vendor/lib/libnav_msgs__rosidl_typesupport_fastrtps_cpp.so
        40:	  trying file=/opt/ros/humble/lib/libnav_msgs__rosidl_typesupport_fastrtps_cpp.so
        40:	
        40:	
        40:	calling init: /opt/ros/humble/lib/libnav_msgs__rosidl_typesupport_fastrtps_cpp.so
        40:	
        40:	find library=libnav_msgs__rosidl_typesupport_introspection_cpp.so [0]; searching
        40:	 search path=/work/build/path_align_guard_cpp_20260928/install/nav2_mppi_controller/lib:/opt/ros/humble/opt/rviz_ogre_vendor/lib:/opt/ros/humble/lib/x86_64-linux-gnu:/opt/ros/humble/opt/openvdb_vendor/lib:/opt/ros/humble/lib		(LD_LIBRARY_PATH)
        40:	  trying file=/work/build/path_align_guard_cpp_20260928/install/nav2_mppi_controller/lib/libnav_msgs__rosidl_typesupport_introspection_cpp.so
        40:	  trying file=/opt/ros/humble/opt/rviz_ogre_vendor/lib/libnav_msgs__rosidl_typesupport_introspection_cpp.so
        40:	  trying file=/opt/ros/humble/lib/x86_64-linux-gnu/libnav_msgs__rosidl_typesupport_introspection_cpp.so
        40:	  trying file=/opt/ros/humble/opt/openvdb_vendor/lib/libnav_msgs__rosidl_typesupport_introspection_cpp.so
        40:	  trying file=/opt/ros/humble/lib/libnav_msgs__rosidl_typesupport_introspection_cpp.so
        40:	
        40:	
        40:	calling init: /opt/ros/humble/lib/libnav_msgs__rosidl_typesupport_introspection_cpp.so
        40:	
        40:	find library=libnav2_msgs__rosidl_typesupport_fastrtps_cpp.so [0]; searching
        40:	 search path=/work/build/path_align_guard_cpp_20260928/install/nav2_mppi_controller/lib:/opt/ros/humble/opt/rviz_ogre_vendor/lib:/opt/ros/humble/lib/x86_64-linux-gnu:/opt/ros/humble/opt/openvdb_vendor/lib:/opt/ros/humble/lib		(LD_LIBRARY_PATH)
        40:	  trying file=/work/build/path_align_guard_cpp_20260928/install/nav2_mppi_controller/lib/libnav2_msgs__rosidl_typesupport_fastrtps_cpp.so
        40:	  trying file=/opt/ros/humble/opt/rviz_ogre_vendor/lib/libnav2_msgs__rosidl_typesupport_fastrtps_cpp.so
        40:	  trying file=/opt/ros/humble/lib/x86_64-linux-gnu/libnav2_msgs__rosidl_typesupport_fastrtps_cpp.so
        40:	  trying file=/opt/ros/humble/opt/openvdb_vendor/lib/libnav2_msgs__rosidl_typesupport_fastrtps_cpp.so
        40:	  trying file=/opt/ros/humble/lib/libnav2_msgs__rosidl_typesupport_fastrtps_cpp.so
        40:	
        40:	
        40:	calling init: /opt/ros/humble/lib/libnav2_msgs__rosidl_typesupport_fastrtps_cpp.so
        40:	
        40:	find library=libnav2_msgs__rosidl_typesupport_introspection_cpp.so [0]; searching
        40:	 search path=/work/build/path_align_guard_cpp_20260928/install/nav2_mppi_controller/lib:/opt/ros/humble/opt/rviz_ogre_vendor/lib:/opt/ros/humble/lib/x86_64-linux-gnu:/opt/ros/humble/opt/openvdb_vendor/lib:/opt/ros/humble/lib		(LD_LIBRARY_PATH)
        40:	  trying file=/work/build/path_align_guard_cpp_20260928/install/nav2_mppi_controller/lib/libnav2_msgs__rosidl_typesupport_introspection_cpp.so
        40:	  trying file=/opt/ros/humble/opt/rviz_ogre_vendor/lib/libnav2_msgs__rosidl_typesupport_introspection_cpp.so
        40:	  trying file=/opt/ros/humble/lib/x86_64-linux-gnu/libnav2_msgs__rosidl_typesupport_introspection_cpp.so
        40:	  trying file=/opt/ros/humble/opt/openvdb_vendor/lib/libnav2_msgs__rosidl_typesupport_introspection_cpp.so
        40:	  trying file=/opt/ros/humble/lib/libnav2_msgs__rosidl_typesupport_introspection_cpp.so
        40:	
        40:	
        40:	calling init: /opt/ros/humble/lib/libnav2_msgs__rosidl_typesupport_introspection_cpp.so
        40:	
        40:	find library=libmap_msgs__rosidl_typesupport_fastrtps_cpp.so [0]; searching
        40:	 search path=/work/build/path_align_guard_cpp_20260928/install/nav2_mppi_controller/lib:/opt/ros/humble/opt/rviz_ogre_vendor/lib:/opt/ros/humble/lib/x86_64-linux-gnu:/opt/ros/humble/opt/openvdb_vendor/lib:/opt/ros/humble/lib		(LD_LIBRARY_PATH)
        40:	  trying file=/work/build/path_align_guard_cpp_20260928/install/nav2_mppi_controller/lib/libmap_msgs__rosidl_typesupport_fastrtps_cpp.so
        40:	  trying file=/opt/ros/humble/opt/rviz_ogre_vendor/lib/libmap_msgs__rosidl_typesupport_fastrtps_cpp.so
        40:	  trying file=/opt/ros/humble/lib/x86_64-linux-gnu/libmap_msgs__rosidl_typesupport_fastrtps_cpp.so
        40:	  trying file=/opt/ros/humble/opt/openvdb_vendor/lib/libmap_msgs__rosidl_typesupport_fastrtps_cpp.so
        40:	  trying file=/opt/ros/humble/lib/libmap_msgs__rosidl_typesupport_fastrtps_cpp.so
        40:	
        40:	
        40:	calling init: /opt/ros/humble/lib/libmap_msgs__rosidl_typesupport_fastrtps_cpp.so
        40:	
        40:	find library=libmap_msgs__rosidl_typesupport_introspection_cpp.so [0]; searching
        40:	 search path=/work/build/path_align_guard_cpp_20260928/install/nav2_mppi_controller/lib:/opt/ros/humble/opt/rviz_ogre_vendor/lib:/opt/ros/humble/lib/x86_64-linux-gnu:/opt/ros/humble/opt/openvdb_vendor/lib:/opt/ros/humble/lib		(LD_LIBRARY_PATH)
        40:	  trying file=/work/build/path_align_guard_cpp_20260928/install/nav2_mppi_controller/lib/libmap_msgs__rosidl_typesupport_introspection_cpp.so
        40:	  trying file=/opt/ros/humble/opt/rviz_ogre_vendor/lib/libmap_msgs__rosidl_typesupport_introspection_cpp.so
        40:	  trying file=/opt/ros/humble/lib/x86_64-linux-gnu/libmap_msgs__rosidl_typesupport_introspection_cpp.so
        40:	  trying file=/opt/ros/humble/opt/openvdb_vendor/lib/libmap_msgs__rosidl_typesupport_introspection_cpp.so
        40:	  trying file=/opt/ros/humble/lib/libmap_msgs__rosidl_typesupport_introspection_cpp.so
        40:	
        40:	
        40:	calling init: /opt/ros/humble/lib/libmap_msgs__rosidl_typesupport_introspection_cpp.so
        40:	
[INFO] [1790762490.866161185] [frozen_replay]: Controller period is equal to model dt. Control sequence shifting is ON
        40:	
        40:	calling init: /work/build/path_align_guard_cpp_20260928/install/nav2_mppi_controller/lib/libmppi_critics.so
        40:	
[INFO] [1790762490.866835713] [frozen_replay]: ConstraintCritic instantiated with 1 power and 4.000000 weight.
[INFO] [1790762490.866850675] [frozen_replay]: Critic loaded : mppi::critics::ConstraintCritic
[INFO] [1790762490.866918989] [frozen_replay]: InflationCostCritic instantiated with 1 power and 300.000000 / 0.015000 weights. Critic will collision check based on footprint cost.
[INFO] [1790762490.866927601] [frozen_replay]: Critic loaded : mppi::critics::CostCritic
[INFO] [1790762490.866963971] [frozen_replay]: GoalCritic instantiated with 1 power and 5.000000 weight.
[INFO] [1790762490.866968762] [frozen_replay]: Critic loaded : mppi::critics::GoalCritic
[INFO] [1790762490.867001829] [frozen_replay]: GoalAngleCritic instantiated with 1 power, 3.000000 weight, and 0.500000 angular threshold.
[INFO] [1790762490.867007264] [frozen_replay]: Critic loaded : mppi::critics::GoalAngleCritic
[INFO] [1790762490.867068582] [frozen_replay]: ReferenceTrajectoryCritic instantiated with 1 power and 10.000000 weight
[INFO] [1790762490.867073822] [frozen_replay]: Critic loaded : mppi::critics::PathAlignCritic
[INFO] [1790762490.867117662] [frozen_replay]: Critic loaded : mppi::critics::PathFollowCritic
[INFO] [1790762490.867174893] [frozen_replay]: PathAngleCritic instantiated with 1 power and 2.000000 weight. Reversing allowed.
[INFO] [1790762490.867179453] [frozen_replay]: Critic loaded : mppi::critics::PathAngleCritic
[INFO] [1790762490.867716691] [frozen_replay]: Optimizer reset
[INFO] [1790762490.871630525] [costmap]: Cleaning up
[INFO] [1790762490.872796371] [costmap]: Running Nav2 LifecycleNode rcl preshutdown (costmap)
[INFO] [1790762490.872848271] [costmap]: Destroying bond (costmap) to lifecycle manager.
[INFO] [1790762490.873092241] [costmap]: Destroying
        40:	
        40:	calling fini: /work/build/path_align_guard_scorer_20260928/install/costmap_mask_probe_cpp/lib/costmap_mask_probe_cpp/frozen_critic_score [0]
        40:	
        40:	
        40:	calling fini: /opt/ros/humble/lib/librmw_fastrtps_cpp.so [0]
        40:	
        40:	
        40:	calling fini: /opt/ros/humble/lib/librmw_fastrtps_shared_cpp.so [0]
        40:	
        40:	
        40:	calling fini: /opt/ros/humble/lib/libfastrtps.so.2.6 [0]
        40:	
        40:	
        40:	calling fini: /opt/ros/humble/lib/librmw_dds_common.so [0]
        40:	
        40:	
        40:	calling fini: /opt/ros/humble/lib/librmw_dds_common__rosidl_typesupport_cpp.so [0]
        40:	
        40:	
        40:	calling fini: /lib/x86_64-linux-gnu/libssl.so.3 [0]
        40:	
        40:	
        40:	calling fini: /lib/x86_64-linux-gnu/libcrypto.so.3 [0]
        40:	
        40:	
        40:	calling fini: /opt/ros/humble/lib/librmw_dds_common__rosidl_typesupport_fastrtps_cpp.so [0]
        40:	
        40:	
        40:	calling fini: /opt/ros/humble/lib/librmw_dds_common__rosidl_typesupport_introspection_cpp.so [0]
        40:	
        40:	
        40:	calling fini: /opt/ros/humble/lib/librcl_interfaces__rosidl_typesupport_fastrtps_c.so [0]
        40:	
        40:	
        40:	calling fini: /opt/ros/humble/lib/libbuiltin_interfaces__rosidl_typesupport_fastrtps_c.so [0]
        40:	
        40:	
        40:	calling fini: /opt/ros/humble/lib/librcl_interfaces__rosidl_typesupport_introspection_c.so [0]
        40:	
        40:	
        40:	calling fini: /opt/ros/humble/lib/libbuiltin_interfaces__rosidl_typesupport_introspection_c.so [0]
        40:	
        40:	
        40:	calling fini: /opt/ros/humble/lib/librcl_interfaces__rosidl_typesupport_fastrtps_cpp.so [0]
        40:	
        40:	
        40:	calling fini: /opt/ros/humble/lib/librcl_interfaces__rosidl_typesupport_introspection_cpp.so [0]
        40:	
        40:	
        40:	calling fini: /opt/ros/humble/lib/liblifecycle_msgs__rosidl_typesupport_fastrtps_c.so [0]
        40:	
        40:	
        40:	calling fini: /opt/ros/humble/lib/librosidl_typesupport_fastrtps_c.so [0]
        40:	
        40:	
        40:	calling fini: /opt/ros/humble/lib/liblifecycle_msgs__rosidl_typesupport_introspection_c.so [0]
        40:	
        40:	
        40:	calling fini: /opt/ros/humble/lib/librosidl_typesupport_introspection_c.so [0]
        40:	
        40:	
        40:	calling fini: /opt/ros/humble/lib/liblifecycle_msgs__rosidl_typesupport_fastrtps_cpp.so [0]
        40:	
        40:	
        40:	calling fini: /opt/ros/humble/lib/libtf2_msgs__rosidl_typesupport_fastrtps_cpp.so [0]
        40:	
        40:	
        40:	calling fini: /opt/ros/humble/lib/libtf2_msgs__rosidl_typesupport_introspection_cpp.so [0]
        40:	
        40:	
        40:	calling fini: /opt/ros/humble/lib/libnav2_msgs__rosidl_typesupport_fastrtps_cpp.so [0]
        40:	
        40:	
        40:	calling fini: /opt/ros/humble/lib/libunique_identifier_msgs__rosidl_typesupport_fastrtps_cpp.so [0]
        40:	
        40:	
        40:	calling fini: /opt/ros/humble/lib/libnav2_msgs__rosidl_typesupport_introspection_cpp.so [0]
        40:	
        40:	
        40:	calling fini: /opt/ros/humble/lib/libunique_identifier_msgs__rosidl_typesupport_introspection_cpp.so [0]
        40:	
        40:	
        40:	calling fini: /opt/ros/humble/lib/libmap_msgs__rosidl_typesupport_fastrtps_cpp.so [0]
        40:	
        40:	
        40:	calling fini: /opt/ros/humble/lib/libsensor_msgs__rosidl_typesupport_fastrtps_cpp.so [0]
        40:	
        40:	
        40:	calling fini: /opt/ros/humble/lib/libnav_msgs__rosidl_typesupport_fastrtps_cpp.so [0]
        40:	
        40:	
        40:	calling fini: /opt/ros/humble/lib/libgeometry_msgs__rosidl_typesupport_fastrtps_cpp.so [0]
        40:	
        40:	
        40:	calling fini: /opt/ros/humble/lib/libstd_msgs__rosidl_typesupport_fastrtps_cpp.so [0]
        40:	
        40:	
        40:	calling fini: /opt/ros/humble/lib/libbuiltin_interfaces__rosidl_typesupport_fastrtps_cpp.so [0]
        40:	
        40:	
        40:	calling fini: /opt/ros/humble/lib/libfastcdr.so.1 [0]
        40:	
        40:	
        40:	calling fini: /opt/ros/humble/lib/librosidl_typesupport_fastrtps_cpp.so [0]
        40:	
        40:	
        40:	calling fini: /opt/ros/humble/lib/libmap_msgs__rosidl_typesupport_introspection_cpp.so [0]
        40:	
        40:	
        40:	calling fini: /opt/ros/humble/lib/libsensor_msgs__rosidl_typesupport_introspection_cpp.so [0]
        40:	
        40:	
        40:	calling fini: /opt/ros/humble/lib/libnav_msgs__rosidl_typesupport_introspection_cpp.so [0]
        40:	
        40:	
        40:	calling fini: /opt/ros/humble/lib/libgeometry_msgs__rosidl_typesupport_introspection_cpp.so [0]
        40:	
        40:	
        40:	calling fini: /opt/ros/humble/lib/libstd_msgs__rosidl_typesupport_introspection_cpp.so [0]
        40:	
        40:	
        40:	calling fini: /opt/ros/humble/lib/libbuiltin_interfaces__rosidl_typesupport_introspection_cpp.so [0]
        40:	
        40:	
        40:	calling fini: /opt/ros/humble/lib/librosidl_typesupport_introspection_cpp.so [0]
        40:	
        40:	
        40:	calling fini: /work/build/path_align_guard_cpp_20260928/install/nav2_mppi_controller/lib/libmppi_critics.so [0]
        40:	
        40:	
        40:	calling fini: /opt/ros/humble/lib/liblayers.so [0]
        40:	
        40:	
        40:	calling fini: /opt/ros/humble/lib/libmessage_filters.so [0]
        40:	
        40:	
        40:	calling fini: /opt/ros/humble/lib/liblaser_geometry.so [0]
        40:	
        40:	
        40:	calling fini: /opt/ros/humble/lib/libsensor_msgs__rosidl_typesupport_cpp.so [0]
        40:	
        40:	
        40:	calling fini: /opt/ros/humble/lib/libvoxel_grid.so [0]
        40:	
        40:	
        40:	calling fini: /work/build/path_align_guard_cpp_20260928/install/nav2_mppi_controller/lib/libmppi_controller.so [0]
        40:	
        40:	
        40:	calling fini: /lib/x86_64-linux-gnu/libmvec.so.1 [0]
        40:	
        40:	
        40:	calling fini: /opt/ros/humble/lib/libvisualization_msgs__rosidl_typesupport_cpp.so [0]
        40:	
        40:	
        40:	calling fini: /opt/ros/humble/lib/libnav2_costmap_2d_core.so [0]
        40:	
        40:	
        40:	calling fini: /lib/x86_64-linux-gnu/libtinyxml2.so.9 [0]
        40:	
        40:	
        40:	calling fini: /opt/ros/humble/lib/libclass_loader.so [0]
        40:	
        40:	
        40:	calling fini: /opt/ros/humble/lib/libtf2_ros.so [0]
        40:	
        40:	
        40:	calling fini: /opt/ros/humble/lib/libtf2_msgs__rosidl_typesupport_cpp.so [0]
        40:	
        40:	
        40:	calling fini: /opt/ros/humble/lib/librclcpp_action.so [0]
        40:	
        40:	
        40:	calling fini: /opt/ros/humble/lib/librcl_action.so [0]
        40:	
        40:	
        40:	calling fini: /opt/ros/humble/lib/libgeometry_msgs__rosidl_typesupport_cpp.so [0]
        40:	
        40:	
        40:	calling fini: /opt/ros/humble/lib/libnav2_util_core.so [0]
        40:	
        40:	
        40:	calling fini: /lib/x86_64-linux-gnu/liborocos-kdl.so.1.5 [0]
        40:	
        40:	
        40:	calling fini: /opt/ros/humble/lib/libtf2.so [0]
        40:	
        40:	
        40:	calling fini: /lib/x86_64-linux-gnu/libconsole_bridge.so.1.0 [0]
        40:	
        40:	
        40:	calling fini: /opt/ros/humble/lib/libbondcpp.so [0]
        40:	
        40:	
        40:	calling fini: /lib/x86_64-linux-gnu/libuuid.so.1 [0]
        40:	
        40:	
        40:	calling fini: /opt/ros/humble/lib/librclcpp_lifecycle.so [0]
        40:	
        40:	
        40:	calling fini: /opt/ros/humble/lib/liblifecycle_msgs__rosidl_typesupport_c.so [0]
        40:	
        40:	
        40:	calling fini: /opt/ros/humble/lib/liblifecycle_msgs__rosidl_typesupport_cpp.so [0]
        40:	
        40:	
        40:	calling fini: /opt/ros/humble/lib/librcl_lifecycle.so [0]
        40:	
        40:	
        40:	calling fini: /opt/ros/humble/lib/liblifecycle_msgs__rosidl_generator_c.so [0]
        40:	
        40:	
        40:	calling fini: /opt/ros/humble/lib/librclcpp.so [0]
        40:	
        40:	
        40:	calling fini: /opt/ros/humble/lib/librcl_interfaces__rosidl_typesupport_cpp.so [0]
        40:	
        40:	
        40:	calling fini: /opt/ros/humble/lib/libstatistics_msgs__rosidl_typesupport_cpp.so [0]
        40:	
        40:	
        40:	calling fini: /opt/ros/humble/lib/librosgraph_msgs__rosidl_typesupport_cpp.so [0]
        40:	
        40:	
        40:	calling fini: /opt/ros/humble/lib/librcl.so [0]
        40:	
        40:	
        40:	calling fini: /opt/ros/humble/lib/librcl_interfaces__rosidl_generator_c.so [0]
        40:	
        40:	
        40:	calling fini: /opt/ros/humble/lib/librosidl_runtime_c.so [0]
        40:	
        40:	
        40:	calling fini: /opt/ros/humble/lib/libbuiltin_interfaces__rosidl_generator_c.so [0]
        40:	
        40:	
        40:	calling fini: /opt/ros/humble/lib/librcl_interfaces__rosidl_typesupport_c.so [0]
        40:	
        40:	
        40:	calling fini: /opt/ros/humble/lib/librosidl_typesupport_c.so [0]
        40:	
        40:	
        40:	calling fini: /opt/ros/humble/lib/libtracetools.so [0]
        40:	
        40:	
        40:	calling fini: /opt/ros/humble/lib/librcl_logging_spdlog.so [0]
        40:	
        40:	
        40:	calling fini: /opt/ros/humble/lib/librcl_logging_interface.so [0]
        40:	
        40:	
        40:	calling fini: /lib/x86_64-linux-gnu/libspdlog.so.1 [0]
        40:	
        40:	
        40:	calling fini: /lib/x86_64-linux-gnu/libfmt.so.8 [0]
        40:	
        40:	
        40:	calling fini: /opt/ros/humble/lib/librmw_implementation.so [0]
        40:	
        40:	
        40:	calling fini: /opt/ros/humble/lib/libament_index_cpp.so [0]
        40:	
        40:	
        40:	calling fini: /opt/ros/humble/lib/librcl_yaml_param_parser.so [0]
        40:	
        40:	
        40:	calling fini: /opt/ros/humble/lib/librmw.so [0]
        40:	
        40:	
        40:	calling fini: /opt/ros/humble/lib/libyaml.so [0]
        40:	
        40:	
        40:	calling fini: /opt/ros/humble/lib/liblibstatistics_collector.so [0]
        40:	
        40:	
        40:	calling fini: /opt/ros/humble/lib/libbond__rosidl_typesupport_cpp.so [0]
        40:	
        40:	
        40:	calling fini: /opt/ros/humble/lib/libnav_msgs__rosidl_typesupport_cpp.so [0]
        40:	
        40:	
        40:	calling fini: /opt/ros/humble/lib/libstd_srvs__rosidl_typesupport_cpp.so [0]
        40:	
        40:	
        40:	calling fini: /opt/ros/humble/lib/libnav2_msgs__rosidl_typesupport_cpp.so [0]
        40:	
        40:	
        40:	calling fini: /opt/ros/humble/lib/libaction_msgs__rosidl_typesupport_cpp.so [0]
        40:	
        40:	
        40:	calling fini: /opt/ros/humble/lib/libmap_msgs__rosidl_typesupport_cpp.so [0]
        40:	
        40:	
        40:	calling fini: /opt/ros/humble/lib/librosidl_typesupport_cpp.so [0]
        40:	
        40:	
        40:	calling fini: /opt/ros/humble/lib/librcpputils.so [0]
        40:	
score_eval_ms=2.47177
        40:	
        40:	calling fini: /lib/x86_64-linux-gnu/libstdc++.so.6 [0]
        40:	
        40:	
        40:	calling fini: /lib/x86_64-linux-gnu/libgcc_s.so.1 [0]
        40:	
        40:	
        40:	calling fini: /lib/x86_64-linux-gnu/libm.so.6 [0]
        40:	
        40:	
        40:	calling fini: /opt/ros/humble/lib/librcutils.so [0]
        40:	
