scene,cycle,acquire_ros_ns,native_navigation,dynamic_event,absolute_measured_wz,held_50ms_angle_rad,fixed_yaw_50ms_endpoint_bias_m,held_50ms_support_face_expansion_m,held_1500ms_angle_rad,fixed_yaw_1500ms_endpoint_bias_m,held_1500ms_support_face_expansion_m
S0,79,1094000000,True,False,0.0,0.0,0.0,0,0.0,0.0,0
S0,80,1144000000,True,False,0.0,0.0,0.0,0,0.0,0.0,0
S0,81,1194000000,True,False,0.0,0.0,0.0,0,0.0,0.0,0
S0,82,1244000000,True,False,0.0,0.0,0.0,0,0.0,0.0,0
S0,83,1294000000,True,False,0.0,0.0,0.0,0,0.0,0.0,0
S0,84,1344000000,True,False,0.0,0.0,0.0,0,0.0,0.0,0
S0,85,1394000000,True,False,0.03299988165963441,0.0016499940829817206,1.4215303941116305e-06,0.0004944668756633464,0.04949982248945162,0.0012792903768200617,0.014531780484952073
S0,86,1444000000,True,False,0.13953015150036663,0.006976507575018331,1.7318746976399005e-05,0.002075415486322396,0.20929522725054994,0.015567936582839515,0.05649392882969673
S0,87,1494000000,True,False,0.17253002297366038,0.008626501148683019,2.9789208165871587e-05,0.002551213861824664,0.25879503446049057,0.02676050156483266,0.06751603464130851
S0,88,1544000000,True,False,0.2637182187754661,0.013185910938773304,6.671287528568412e-05,0.0038437455152974254,0.3955773281631991,0.05978134679736788,0.09306839036079484
S0,89,1594000000,True,False,0.27500142459757626,0.013750071229878813,8.37179160576218e-05,0.003968503884507091,0.4125021368963644,0.07499105925134864,0.09453247542175203
S0,90,1644000000,True,False,0.27500142459757626,0.013750071229878813,0.00010661525225174923,0.0039082852030767334,0.4125021368963644,0.09550154943184962,0.092390819750227
S0,91,1694000000,True,False,0.23044714180286974,0.011522357090143487,0.00010624200979314956,0.003231471377434736,0.3456707127043046,0.09530121463353276,0.07957609268487076
S0,92,1744000000,True,False,0.23044714180286974,0.011522357090143487,0.00011966395653333439,0.003202472082532659,0.3456707127043046,0.10734097018387137,0.07857528094251587
S0,93,1794000000,True,False,0.15744726842967793,0.007872363421483897,9.211985539133988e-05,0.0021657008399259547,0.2361709026445169,0.08277963841851754,0.0569600559374418
S0,94,1844000000,True,False,0.11960842675762251,0.0059804213378811255,7.702162050664192e-05,0.0016385293397734868,0.17941264013643377,0.06925756840470769,0.04458752142311195
S0,95,1894000000,True,False,0.04660855629481375,0.0023304278147406876,3.067741577187303e-05,0.0006361387948358166,0.06991283444222063,0.027605929932635172,0.018409911461727213
S0,96,1944000000,True,False,0.014224870028556325,0.0007112435014278162,9.36270821779006e-06,0,0.021337305042834487,0.008426330948473627,0
S0,97,1994000000,True,False,0.08722474158275872,0.004361237079137936,5.2672720599684625e-05,0,0.1308371123741381,0.047382936109782496,0
S0,98,2044000000,True,False,0.1237529213540256,0.00618764606770128,7.473108483342803e-05,0,0.1856293820310384,0.06719369486412338,0
S0,99,2094000000,True,False,0.1933747495058924,0.00966873747529462,0.0001083599175170275,0,0.2900621242588386,0.09729646707151748,0.03154459458748582
S0,100,2144000000,True,False,0.19512271683197469,0.009756135841598734,0.00010933940746728325,0,0.29268407524796203,0.0981717878906778,0.036234812428708296
S0,101,2194000000,True,False,0.21714219474233687,0.010857109737116843,0.00011751904892729932,0,0.3257132921135053,0.10545616917608225,0.050334068765479634
S0,102,2244000000,True,False,0.21714219474233687,0.010857109737116843,0.00011751904883727207,0,0.3257132921135053,0.10545616909529597,0.054748847394855416
S0,103,2294000000,True,False,0.2536847023293376,0.01268423511646688,0.00013809225769478267,0,0.3805270534940064,0.12378449204499757,0.07340854440873823
S0,104,2344000000,True,False,0.2536847023293376,0.01268423511646688,0.00013809225830407293,0,0.3805270534940064,0.12378449259115917,0.07836813242511576
S0,105,2394000000,True,False,0.2207861834904179,0.011039309174520895,0.00012136537803797953,0,0.33117927523562685,0.10889683123128152,0.0753980217610517
S0,106,2444000000,True,False,0.2207861834904179,0.011039309174520895,0.00012136537994814539,0,0.33117927523562685,0.10889683294520527,0.07762176518868635
S0,107,2494000000,True,False,0.15262718661688268,0.007631359330844134,8.671655270613534e-05,0.002275611591945892,0.22894077992532402,0.07793146088948162,0.06134196173204276
S0,108,2544000000,True,False,0.15170183905865997,0.0075850919529329985,8.619081075566504e-05,0.002256046200311168,0.22755275858798996,0.0774603430917912,0.06082084866216164
S0,109,2594000000,True,False,0.07870197587180883,0.003935098793590441,4.60009797440033e-05,0.001161828941794396,0.11805296380771324,0.04138487473356813,0.03305821691402078
S0,110,2644000000,True,False,0.06414626113837585,0.0032073130569187924,3.7493230019822974e-05,0.0009461940768438204,0.09621939170756377,0.03373523958151361,0.027200109179400744
S0,111,2694000000,True,False,0.008853606652792223,0.00044268033263961115,5.387503281560307e-06,0,0.013280409979188335,0.004848729225091758,0
S0,112,2744000000,True,False,0.019305882233311422,0.0009652941116655711,1.1747811555279336e-05,0,0.028958823349967133,0.010572784378883728,0
S0,113,2794000000,True,False,0.08084554428933188,0.004042277214466594,5.156389673659084e-05,0,0.12126831643399782,0.04638857374311849,0.02423999137979649
S0,114,2844000000,True,False,0.08084554428933188,0.004042277214466594,5.156389693063269e-05,0,0.12126831643399782,0.0463885739176849,0.025158497209241792
S0,115,2894000000,True,False,0.12766622239723802,0.006383311119861901,8.512760346684567e-05,0,0.19149933359585702,0.07653691656846927,0.047872606696336084
S0,116,2944000000,True,False,0.12766622239723802,0.006383311119861901,8.512760345931645e-05,0,0.19149933359585702,0.07653691656169986,0.04927003797513707
S0,117,2994000000,True,False,0.15591838746331632,0.007795919373165816,0.0001088204940410775,0.0023208852792030443,0.23387758119497448,0.09778989159626475,0.06237265568460437
S0,118,3044000000,True,False,0.15591838746331632,0.007795919373165816,0.00010882049475589887,0.0023147300771247936,0.23387758119497448,0.09778989223862815,0.062165192348917486
S0,119,3094000000,True,False,0.16359213623218238,0.00817960681160912,0.00011931146339972229,0.002408418985160865,0.24538820434827358,0.1072010268302466,0.06413563307091308
S0,120,3144000000,True,False,0.16359213623218238,0.00817960681160912,0.00011932468613259911,0.0023946372810064176,0.24538820434827358,0.10721290741993601,0.06367046973693014
S0,121,3194000000,True,False,0.15818499377928674,0.007909249688964337,0.00011952160799290733,0.002295817786028498,0.2372774906689301,0.10740151055502159,0.06118540463087241
S0,122,3244000000,True,False,0.15818499377928674,0.007909249688964337,0.00011952160887371041,0.002276104593853412,0.2372774906689301,0.10740151134650677,0.0605249602673843
S0,123,3294000000,True,False,0.14618696877732873,0.0073093484388664365,0.00011383235855112898,0.002092230256674932,0.2192804531659931,0.10231250998491953,0.05614007726615622
S0,124,3344000000,True,False,0.14598698035115376,0.007299349017557688,0.00011371604361504641,0.0020665627058417124,0.21898047052673064,0.10220833907977761,0.055317117509478764
S0,125,3394000000,True,False,0.11705377546604723,0.005852688773302361,9.278186142172507e-05,0.0016541880761762329,0.17558066319907084,0.08343227085529131,0.04537831428265893
S0,126,3444000000,True,False,0.11543156797415577,0.0057715783987077884,9.152758359998101e-05,0.0016168733560332216,0.17314735196123365,0.08230632431066404,0.04434335975240844
S0,127,3494000000,True,False,0.09360541371279396,0.004680270685639698,7.462886021881448e-05,0.0013093453453254522,0.14040812056919094,0.06712924144410541,0.03656573089371984
S0,128,3544000000,True,False,0.09340542528661899,0.00467027126433095,7.444864026545436e-05,0.001296991580657214,0.1401081379299285,0.06696728857042256,0.036188084210479476
S0,129,3594000000,True,False,0.06614202866330743,0.0033071014331653714,5.251996857115263e-05,0.0009177091891927613,0.09921304299496114,0.04725506333322539,0.026182190723721077
S0,130,3644000000,True,False,0.06531482213176787,0.0032657411065883934,5.184706147207886e-05,0.0009015369187432842,0.0979722331976518,0.04664992904553964,0.025724572438624138
S0,131,3694000000,True,False,0.049336224037688226,0.0024668112018844113,3.870574366818097e-05,0.0006805555958662168,0.07400433605653234,0.034829876073904364,0.019667683253850043
S0,132,3744000000,True,False,0.049336224037688226,0.0024668112018844113,3.870574401768217e-05,0.000678534416636789,0.07400433605653234,0.034829876388407656,0.019604942881133458
S0,133,3794000000,True,False,0.03316511356388219,0.0016582556781941094,2.5532854129579305e-05,0.0004555368857722675,0.04974767034582328,0.022977990777919226,0.013328816125886322
S0,134,3844000000,True,False,0.03316511356388219,0.0016582556781941094,2.553285405665405e-05,0.0004546201248686321,0.04974767034582328,0.022977990712291,0.013300670990199714
S0,135,3894000000,True,False,0.027312726160744205,0.0013656363080372103,2.050733104795327e-05,0.0003739929350625726,0.04096908924111631,0.018455738393708822,0.010990989365396109
S0,136,3944000000,True,False,0.027312726160744205,0.0013656363080372103,2.0507330988378197e-05,0.00037336940973997645,0.04096908924111631,0.018455738340093755,0.010971924845980086
S0,137,3994000000,True,False,0.01827212327043526,0.0009136061635217629,1.3321713266475788e-05,0.00024960635772985906,0.027408184905652888,0.01198929203525432,0.007385995300102088
S0,138,4044000000,True,False,0.01827212327043526,0.0009136061635217629,1.3321713170508266e-05,0.00024932673076216716,0.027408184905652888,0.011989291948885348,0.007377498803141758
S0,139,4094000000,True,False,0.02844686787284445,0.0014223433936422225,2.0157346979481843e-05,0.00038769480486100516,0.042670301809266675,0.018140695779948403,0.011381426520078786
S0,140,4144000000,True,False,0.02844686787284445,0.0014223433936422225,2.0157346966391345e-05,0.00038701534658025505,0.042670301809266675,0.01814069576816755,0.011360639649269921
S0,141,4194000000,True,False,0.01790909664123319,0.0008954548320616595,1.2350777598761293e-05,0.00024348099868476414,0.026863644961849786,0.011115477263110305,0.007205833047804089
S0,142,4244000000,True,False,0.01790909664123319,0.0008954548320616595,1.2350777643311744e-05,0.00024321115468328713,0.026863644961849786,0.011115477303204908,0.007197636804204932
S0,143,4294000000,True,False,0.028801901862607338,0.0014400950931303669,1.936192942165173e-05,0.00039065652237757487,0.043202852793911006,0.01742483403253428,0.011462847532345943
S0,144,4344000000,True,False,0.028801901862607338,0.0014400950931303669,1.9361929393144838e-05,0.00038995684686948806,0.043202852793911006,0.017424834006879403,0.011441441005531239
S0,145,4394000000,True,False,0.022166794224176556,0.0011083397112088278,1.4674172474044141e-05,0.0002998556337711067,0.033250191336264834,0.013206350097220224,0.008843624193521249
S0,146,4444000000,True,False,0.022166794224176556,0.0011083397112088278,1.467417261747792e-05,0.00029944024399009006,0.033250191336264834,0.013206350226306666,0.008830972555407657
S0,147,4493000000,True,False,0.02351434886804782,0.001175717443402391,1.529773688226996e-05,0.00031732904858372546,0.03527152330207173,0.013767487938908838,0.009348307020183855
S0,148,4543000000,True,False,0.02351434886804782,0.001175717443402391,1.5297736937404332e-05,0.0003168605805135005,0.03527152330207173,0.013767487988528062,0.009334026965747921
S0,149,4593000000,True,False,0.02807049713737797,0.0014035248568688985,1.8144489792050015e-05,0.00037779855482122926,0.042105745706066955,0.01632923751585929,0.011088375511809412
S0,150,4643000000,True,False,0.02807049713737797,0.0014035248568688985,1.8144489764075505e-05,0.00037712923961186195,0.042105745706066955,0.016329237490683466,0.011067913612157532
S0,151,4693000000,True,False,0.027134850824950263,0.0013567425412475131,1.7440223104887452e-05,0.0003641437758366006,0.040702276237425394,0.015695479290568064,0.01069434148994508
S0,152,4743000000,True,False,0.027134850824950263,0.0013567425412475131,1.744022313256826e-05,0.00036351671385126405,0.040702276237425394,0.015695479315479655,0.0106751850197635
S0,153,4793000000,True,False,0.034422570024617016,0.0017211285012308508,2.2036907549246695e-05,0.0004604540332028284,0.051633855036925524,0.01983174967951838,0.01344129008085071
S0,154,4843000000,True,False,0.034422570024617016,0.0017211285012308508,2.2036907439387664e-05,0.00045944180795598477,0.051633855036925524,0.01983174958065257,0.013410225077388538
S0,155,4893000000,True,False,0.03840224599116482,0.001920112299558241,2.459873605979007e-05,0.0005117034908420637,0.05760336898674723,0.022136824239873294,0.014885368206643323
S0,156,4943000000,True,False,0.03840224599116482,0.001920112299558241,2.4598736301381767e-05,0.0005104392636011701,0.05760336898674723,0.022136824457285802,0.014846478015944964
S0,157,4993000000,True,False,0.03801755156018771,0.0019008775780093856,2.439559129264018e-05,0.0005040857401684695,0.05702632734028157,0.02195405107578029,0.01466432098911119
S0,158,5043000000,True,False,0.03801755156018771,0.0019008775780093856,2.4395591345571403e-05,0.0005032565060808514,0.05702632734028157,0.021954051123414094,0.014638823610328089
S0,159,5093000000,True,False,0.03199764250894077,0.0015998821254470386,2.053626642091775e-05,0.0004227021889150473,0.04799646376341116,0.01848145840848044,0.012356311746680726
S0,160,5143000000,True,False,0.03199764250894077,0.0015998821254470386,2.053626634058048e-05,0.00042211299544714365,0.04799646376341116,0.01848145833618152,0.01233826620360945
S0,161,5193000000,True,False,0.032155799999600276,0.0016077899999800138,2.068030340804077e-05,0.00042330503421694754,0.048233699999400415,0.01861107162181982,0.012370220794833298
S0,162,5243000000,True,False,0.032155799999600276,0.0016077899999800138,2.0680303396120075e-05,0.00042270825035106707,0.048233699999400415,0.018611071611091892,0.012351943421546552
S0,163,5293000000,True,False,0.017242718968191184,0.0008621359484095592,1.1119500251540665e-05,0.0002264227072947822,0.025864078452286776,0.010007364474490677,0.006698522630064652
S0,164,5343000000,True,False,0.017242718968191184,0.0008621359484095592,1.11195001674515e-05,0.00022625080284610632,0.025864078452286776,0.010007364398811832,0.006693307501820511
S0,165,5393000000,True,False,0.007091701718309196,0.0003545850859154598,4.592878396916751e-06,9.301547771078944e-05,0.010637552577463794,0.004133577578709217,0.002774592516313068
S0,166,5443000000,True,False,0.007091701718309196,0.0003545850859154598,4.592878360516487e-06,9.298637615839933e-05,0.010637552577463794,0.004133577545949081,0.002773715416243716
S0,167,5493000000,True,False,0.011087661732744891,0.0005543830866372446,7.1473336105435155e-06,0,0.016631492599117337,0.006432550879575699,0
S0,168,5543000000,True,False,0.011087661732744891,0.0005543830866372446,7.1473335909069676e-06,0,0.016631492599117337,0.006432550861902941,0
S0,169,5593000000,True,False,0.020548539396259002,0.0010274269698129501,1.3146786268183644e-05,0,0.030822809094388504,0.011831795740449767,0
S0,170,5643000000,True,False,0.020548539396259002,0.0010274269698129501,1.3146786300075629e-05,0,0.030822809094388504,0.011831795769151795,0
S0,171,5693000000,True,False,0.040348062611883506,0.0020174031305941753,2.5539748750450903e-05,0,0.06052209391782526,0.02298343781506885,0
S0,172,5743000000,True,False,0.040348062611883506,0.0020174031305941753,2.5539748744634474e-05,0,0.06052209391782526,0.0229834378098346,0
S0,173,5793000000,True,False,0.061410733906086534,0.0030705366953043267,3.829961044421807e-05,0,0.0921161008591298,0.034461534526138746,0
S0,174,5843000000,True,False,0.061410733906086534,0.0030705366953043267,3.8299610016241886e-05,0,0.0921161008591298,0.03446153414105087,0
S0,175,5893000000,True,False,0.08996234828373417,0.004498117414186709,5.502875915786435e-05,0,0.13494352242560126,0.049500864626782354,0
S0,176,5943000000,True,False,0.08996234828373417,0.004498117414186709,5.502875916562257e-05,0,0.13494352242560126,0.04950086463376123,0
S0,177,5993000000,True,False,0.11804419773397967,0.005902209886698984,7.078622228019362e-05,0,0.1770662966009695,0.06365219789312662,0
S0,178,6043000000,True,False,0.11804419773397967,0.005902209886698984,7.078622243360163e-05,0,0.1770662966009695,0.06365219803107375,0
S0,179,6093000000,True,False,0.1465243985876441,0.007326219929382205,8.602518477541229e-05,0,0.21978659788146615,0.07731894868989618,0.005201888102362107
S0,180,6143000000,True,False,0.1465243985876441,0.007326219929382205,8.60251848330166e-05,0,0.21978659788146615,0.07731894874167061,0.006788780043355369
S0,181,6193000000,True,False,0.17347832908853889,0.008673916454426944,9.951826823699368e-05,0,0.2602174936328083,0.08939828758905609,0.02407612947349158
S0,182,6243000000,True,False,0.17347832908853889,0.008673916454426944,9.95182678708112e-05,0,0.2602174936328083,0.0893982872601106,0.025913153173494297
S0,183,6293000000,True,False,0.20016361959278584,0.010008180979639292,0.00011181962660702044,0,0.30024542938917875,0.10038618958658518,0.04130557674867186
S0,184,6343000000,True,False,0.20023978140670806,0.010011989070335403,0.00011186217183241405,0,0.3003596721100621,0.10042419331981632,0.04547033120538446
S0,185,6393000000,True,False,0.23485471319872886,0.011742735659936443,0.00012515201788003113,0,0.3522820697980933,0.11224948872980746,0.06337124104741743
S0,186,6443000000,True,False,0.2413149777567014,0.01206574888783507,0.0001285946115861381,0,0.3619724666350521,0.1153150049094979,0.07019306581750684
S0,187,6493000000,True,False,0.2639806771185249,0.013199033855926245,0.00013560326722292357,0,0.39597101567778736,0.1215129126941226,0.08416910083335727
S0,188,6543000000,True,False,0.2639806771185249,0.013199033855926245,0.00013560326645199053,0,0.39597101567778736,0.12151291200329621,0.08926069752987387
S0,189,6593000000,True,False,0.2725278347497806,0.01362639173748903,0.00013299182836099848,0.00406031785143679,0.4087917521246709,0.11913868197738794,0.0984966961706174
S0,190,6643000000,True,False,0.271927856374532,0.0135963928187266,0.0001324800485269721,0.003975674916479877,0.407891784561798,0.11868263448560275,0.09561487096419419
S0,191,6693000000,True,False,0.26471211458556354,0.013235605729278177,0.00012311408865836365,0.0038526038804019835,0.3970681718783453,0.11031880230186536,0.09312577339196026
S0,192,6743000000,True,False,0.26437814231030643,0.013218907115515321,0.00012314595174398575,0.0037740517801055917,0.39656721346545964,0.11034857222411895,0.09042543810452641
S0,193,6793000000,True,False,0.2630421950016171,0.013152109750080854,0.00012460435189722046,0.003736612301595721,0.3945632925024256,0.11166033079881446,0.089446174579497
S0,194,6843000000,True,False,0.2636421733768657,0.013182108668843284,0.00012508320620478925,0.0036699158247252006,0.3954632600652985,0.1120872280577826,0.08695004572244835
S0,195,6893000000,True,False,0.2693998976610601,0.013469994883053005,0.0001328279157522925,0.003729601027710583,0.40409984649159014,0.11900444817780234,0.08756578273271143
S0,196,6943000000,True,False,0.2693998976610601,0.013469994883053005,0.00013282791660723274,0.0036691583011196904,0.40409984649159014,0.1190044489437685,0.08545324395406939
S0,197,6993000000,True,False,0.2710607659537345,0.013553038297686726,0.00013583346511080046,0.003650399005158955,0.4065911489306018,0.12169038258765376,0.0843726388641367
S0,198,7043000000,True,False,0.2710607659537345,0.013553038297686726,0.00013583531756255126,0.0035875927214659153,0.4065911489306018,0.12169204216073536,0.08219499239661421
S0,199,7093000000,True,False,0.2662987681105733,0.013314938405528665,0.00013517169367211227,0.0034837629835634543,0.39944815216585994,0.12111688010508304,0.07982023940538763
S0,200,7143000000,True,False,0.2662987681105733,0.013314938405528665,0.0001351716925983641,0.0034216466427606784,0.39944815216585994,0.12111687914298044,0.07768804487039194
S0,201,7193000000,True,False,0.27452706126496196,0.013726353063248098,0.00014079604163971668,0.0034826548574615757,0.41179059189744294,0.12612134644119014,0.07769609418224666
S0,202,7243000000,True,False,0.27452706126496196,0.013726353063248098,0.00014079604118543305,0.0034150676584009387,0.41179059189744294,0.12612134603425496,0.0753879047046141
S0,203,7293000000,True,False,0.28656431823037565,0.014328215911518782,0.00014658241025769037,0.0035149032971519834,0.42984647734556347,0.13124921319707775,0.07565507254574788
S0,204,7343000000,True,False,0.28656431823037565,0.014328215911518782,0.00014658240949492972,0.003439534243339315,0.42984647734556347,0.1312492125141054,0.07309246554036475
S0,205,7393000000,True,False,0.288462353637442,0.0144231176818721,0.00014426526844538997,0.0034107666321856467,0.432693530456163,0.12916564462626437,0.07161531406433053
S0,206,7443000000,True,False,0.288462353637442,0.0144231176818721,0.00014426526706105857,0.0033326828611067727,0.432693530456163,0.129165643386825,0.068981001702347
S0,207,7493000000,True,False,0.286131224129349,0.01430656120646745,0.0001401934014845978,0.003254060482363874,0.4291968361940235,0.12553047003000942,0.06695255384674603
S0,208,7543000000,True,False,0.286131224129349,0.01430656120646745,0.0001401934022853695,0.003175619369842453,0.4291968361940235,0.1255304707470278,0.06432896705780344
S0,209,7593000000,True,False,0.26150312914978713,0.013075156457489356,0.0001238758517671537,0.0028583281586986864,0.3922546937246807,0.11101310779300937,0.059907533237431365
S0,210,7643000000,True,False,0.2615031262394041,0.013075156311970204,0.0001238758509822925,0.0027915946118621804,0.3922546893591061,0.11101310710020325,0.05770496868236086
S0,211,7693000000,True,False,0.2470201870892197,0.012351009354460984,0.00011326441845056866,0.0025971844454194537,0.37053028063382953,0.10155024018997487,0.05463670344057325
S0,212,7743000000,True,False,0.2470201870892197,0.012351009354460984,0.00011326441843423829,0.0025366648509018708,0.37053028063382953,0.10155024017533343,0.05265818820657786
S0,213,7793000000,True,False,0.23071412579156458,0.01153570628957823,0.00010222241256818705,0.0023339741360586252,0.3460711886873469,0.0916948499708671,0.049549502270319845
S0,214,7843000000,True,False,0.23071412579156458,0.01153570628957823,0.00010222241303738061,0.0022804152075359685,0.3460711886873469,0.0916948503917399,0.04781431627210175
S0,215,7893000000,True,False,0.21362346888054162,0.010681173444027081,9.09207519228979e-05,0.002080874107960873,0.32043520332081243,0.08159581080582302,0.04475787816761634
S0,216,7943000000,True,False,0.21362346888054162,0.010681173444027081,9.092075255184746e-05,0.002034369677989978,0.32043520332081243,0.08159581137026677,0.043263797180402186
S0,217,7993000000,True,False,0.19885449728462845,0.009942724864231423,8.061611223408833e-05,0.0018668930669123451,0.2982817459269427,0.0723755625364171,0.04060135736972692
S0,218,8043000000,True,False,0.19885449728462845,0.009942724864231423,8.061611259627711e-05,0.0018261415348337362,0.2982817459269427,0.07237556286158306,0.03930136247627747
S0,219,8093000000,True,False,0.19183145195711404,0.009591572597855702,7.550399010394073e-05,0.0017363648818573552,0.28774717793567106,0.06779761777125255,0.0376552018865518
S0,220,8143000000,True,False,0.19183145195711404,0.009591572597855702,7.550398988535906e-05,0.00169805129612155,0.28774717793567106,0.06779761757498058,0.03643889339343498
S0,221,8193000000,True,False,0.17650524387136102,0.00882526219356805,6.718533450150186e-05,0.001540833719993917,0.2647578658070415,0.06034928648510026,0.03394550147581388
S0,222,8243000000,True,False,0.17650524387136102,0.00882526219356805,6.718533481696533e-05,0.0015081007911733613,0.2647578658070415,0.0603492867684656,0.032912751564053044
S0,223,8293000000,True,False,0.1526730920886621,0.007633654604433104,5.782431755742492e-05,0.0012799648086543325,0.22900963813299313,0.05196619858082902,0.029178406313177918
S0,224,8343000000,True,False,0.1526730920886621,0.007633654604433104,5.7824317905217885e-05,0.0012634996543823274,0.22900963813299313,0.05196619889338745,0.02866286479384772
S0,225,8393000000,True,False,0.17757344176061451,0.008878672088030726,6.303118071200416e-05,0.0014359289029083344,0.26636016264092177,0.056616476730720296,0.030476031148373828
S0,226,8443000000,True,False,0.17757344176061451,0.008878672088030726,6.303118097673497e-05,0.0014134766801270349,0.26636016264092177,0.05661647696850936,0.02977114806960779
S0,227,8493000000,True,False,0.17318050959147513,0.008659025479573756,5.95008202806653e-05,0.0013464384824956044,0.2597707643872127,0.05345054566880754,0.028342550793603705
S0,228,8543000000,True,False,0.17318050959147513,0.008659025479573756,5.950082025921703e-05,0.0013249193585046504,0.2597707643872127,0.05345054564954022,0.0276691938233099
S0,229,8593000000,True,False,0.15270123549271375,0.0076350617746356875,4.9166193461026885e-05,0.0011431951062278456,0.22905185323907062,0.0441851959439012,0.02490433646571477
S0,230,8643000000,True,False,0.15270123549271375,0.0076350617746356875,4.9166193561487507e-05,0.0011263540846623288,0.22905185323907062,0.0441851960341842,0.02438037114974967
S0,231,8693000000,True,False,0.1256138493772596,0.006280692468862981,3.8022568304946874e-05,0.0009094554957725931,0.18842077406588942,0.034186614945367,0.02092496025550461
S0,232,8743000000,True,False,0.1256138493772596,0.006280692468862981,3.802256849369034e-05,0.0008979989356842077,0.18842077406588942,0.03418661511506885,0.020570822678679823
S0,233,8793000000,True,False,0.1163715569418855,0.005818577847094275,3.293783090950707e-05,0.0008172443637900484,0.17455733541282825,0.0296189935574011,0.019045993330455202
S0,234,8843000000,True,False,0.1163715569418855,0.005818577847094275,3.293783106446567e-05,0.0008073664539128833,0.17455733541282825,0.029618993696745973,0.01874153743527962
S0,235,8893000000,True,False,0.09762380068423226,0.004881190034211613,2.5693051354227802e-05,0.0006669434985063782,0.1464357010263484,0.023109991126411714,0.016155386186407106
S0,236,8943000000,True,False,0.09762380068423226,0.004881190034211613,2.5693051276633126e-05,0.0006634557355416071,0.1464357010263484,0.023109991056618047,0.016048355411029114
S0,237,8993000000,True,False,0.07050835120026022,0.003525417560013011,1.714460488840628e-05,0.00047121403763872305,0.10576252680039033,0.015425355955478164,0.012129414061500587
S0,238,9040000000,True,False,0.07050835120026022,0.003525417560013011,1.7144604906754e-05,0.00046938942609253687,0.10576252680039033,0.015425355971985986,0.012073756519971224
S0,239,9090000000,True,False,0.03130926415906288,0.0015654632079531439,7.525417656533637e-06,0.00020655715707240674,0.046963896238594316,0.006772461409129944,0.005802799087842092
S0,240,9140000000,True,False,0.03130926415906288,0.0015654632079531439,7.525417684068723e-06,0.00020619682217615232,0.046963896238594316,0.006772461433910005,0.00579190483073555
S0,241,9190000000,True,False,0.03937635847250931,0.0019688179236254655,8.547606876463824e-06,0.00025711117780380377,0.059064537708763964,0.007692101562223598,0.00708868834118237
S0,242,9240000000,True,False,0.03937635847250931,0.0019688179236254655,8.547606956182476e-06,0.00025654046916256945,0.059064537708763964,0.007692101633963438,0.00707140337132961
S0,243,9290000000,True,False,0.04123512553633191,0.0020617562768165953,9.079808293110294e-06,0.0002667859520435467,0.06185268830449786,0.008170960037470852,0.007317629909370571
S0,244,9340000000,True,False,0.04123512553633191,0.0020617562768165953,9.079808326930861e-06,0.0002655326085277965,0.06185268830449786,0.008170960067906132,0.007279658783152287
S0,245,9390000000,True,False,0.05269633402349427,0.0026348167011747137,1.0968676820194659e-05,0.0003364018277576264,0.07904450103524141,0.00987009784406162,0.00896813746486258
S0,246,9440000000,True,False,0.05269633402349427,0.0026348167011747137,1.0968676657905793e-05,0.00033435144231996894,0.07904450103524141,0.00987009769802696,0.008905876939576562
S0,247,9490000000,True,False,0.05371916267904453,0.0026859581339522265,1.0633888964511459e-05,0.0003376522567255513,0.0805787440185668,0.009568775981684013,0.008959466732668786
S0,248,9540000000,True,False,0.05371916267904453,0.0026859581339522265,1.0633888960015539e-05,0.000335517609950986,0.0805787440185668,0.009568775977638416,0.008894648593889443
S0,249,9590000000,True,False,0.034853670513257384,0.0017426835256628692,6.254054662198197e-06,0.00021616601779228528,0.052280505769886076,0.005628222336177825,0.005993102992108312
S0,250,9640000000,True,False,0.034853670513257384,0.0017426835256628692,6.2540546797932705e-06,0.00021526617126554903,0.052280505769886076,0.005628222352012189,0.005965891353317709
S0,251,9690000000,True,False,0.006146205265622484,0.0003073102632811242,1.1670205358020014e-06,0,0.009219307898433726,0.0010503160051880819,0
S0,252,9740000000,True,False,0.01651907223276794,0.000825953611638397,3.1365851628290207e-06,0,0.02477860834915191,0.0028228785553986663,0
S0,253,9790000000,True,False,0.0575189471419435,0.002875947357097175,1.2228875239261956e-05,0,0.08627842071291525,0.011003714648435909,0
S0,254,9840000000,True,False,0.1358011068077758,0.00679005534038879,2.8872104337289453e-05,0,0.2037016602116637,0.02595499020820941,0
S0,255,9890000000,True,False,0.18022425210801885,0.009011212605400942,4.096587259282709e-05,0,0.27033637816202827,0.03679458263606801,0
S0,256,9940000000,True,False,0.26484380941838026,0.013242190470919013,6.020016303916518e-05,0,0.3972657141275704,0.05394330589466865,0
S0,257,9990000000,True,False,0.3038436931092292,0.01519218465546146,7.142813194447583e-05,0,0.4557655396638438,0.06391565359830681,0
S0,258,10040000000,True,False,0.39243855280801654,0.019621927640400827,9.225477877069217e-05,0,0.5886578292120248,0.08223405418415426,0
S0,259,10090000000,True,False,0.43343842262402177,0.02167192113120109,0.00010459394004102135,0,0.6501576339360327,0.09303563218537121,0
S0,260,10140000000,True,False,0.4810382379218936,0.02405191189609468,0.00011608000176173979,0,0.7215573568828404,0.10297146511404184,0
S0,261,10190000000,True,False,0.5210611794609576,0.026053058973047882,0.0001283219109560654,0,0.7815917691914365,0.11354537687364628,0
S0,262,10240000000,True,False,0.5257816519588232,0.02628908259794116,0.0001294843781288568,0,0.7886724779382348,0.11453852117085851,0
S0,263,10290000000,True,False,0.533641898073256,0.0266820949036628,0.00013248387114587316,0,0.800462847109884,0.11713067145890321,0.009384145865956817
S0,264,10340000000,True,False,0.533641898073256,0.0266820949036628,0.00013248387028138095,0,0.800462847109884,0.11713067069459464,0.020828598061701897
S0,265,10390000000,True,False,0.5182610475458205,0.025913052377291024,0.00012802050001785618,0,0.7773915713187307,0.11329932674951351,0.02475286723922776
S0,266,10440000000,True,False,0.5182610475458205,0.025913052377291024,0.00012802050041443627,0,0.7773915713187307,0.1132993271004906,0.03608628365274913
S0,267,10490000000,True,False,0.48753465234767646,0.024376732617383823,0.0001177414628675932,0,0.7313019785215147,0.10440416150515533,0.03655891505555886
S0,268,10540000000,True,False,0.4875346494372934,0.02437673247186467,0.00011774146190283415,0,0.7313019741559401,0.1044041606682324,0.047651645798831965
S0,269,10590000000,True,False,0.4488864535233006,0.02244432267616503,0.00010415952556809758,0,0.6733296802849509,0.09257022618128442,0.04607142362706951
S0,270,10640000000,True,False,0.4462381184566766,0.02231190592283383,0.00010354502348376318,0,0.6693571776850149,0.09203775104920801,0.05611958036823972
S0,271,10690000000,True,False,0.40539102046750486,0.020269551023375243,8.934079235563612e-05,0,0.6080865307012573,0.07958512222272736,0.05332243831590777
S0,272,10740000000,True,False,0.39776612538844347,0.019888306269422174,8.766044151956379e-05,0,0.5966491880826652,0.07811818018721395,0.06146463295609683
S0,273,10790000000,True,False,0.35676624975167215,0.017838312487583607,7.460155518699402e-05,0,0.5351493746275082,0.06660956701856997,0.057483749466276435
S0,274,10840000000,True,False,0.34553935984149575,0.017276967992074788,7.225399761742277e-05,0,0.5183090397622436,0.06454531427682714,0.06368877205760037
S0,275,10890000000,True,False,0.3045394696528092,0.01522697348264046,6.088554261345834e-05,0,0.4568092044792138,0.054480443298419425,0.05820936174800351
S0,276,10940000000,True,False,0.293546385364607,0.014677319268230349,5.868775900624501e-05,0,0.44031957804691046,0.05253544823551992,0.06326714290660085
S0,277,10990000000,True,False,0.25268944445997477,0.012634472222998738,4.881335821354988e-05,0,0.37903416668996215,0.043757174512865496,0.056151838986563396
S0,278,11040000000,True,False,0.24497570120729506,0.012248785060364753,4.7323265805130796e-05,0,0.3674635518109426,0.04243160472076149,0.060960010227298356
S0,279,11090000000,True,False,0.20568215986713767,0.010284107993356884,3.865359513101997e-05,0,0.3085232398007065,0.03469645219676924,0.05268805409555399
S0,280,11140000000,True,False,0.20224165928084403,0.010112082964042202,3.800702971664266e-05,0,0.30336248892126605,0.034119069502196585,0.05775884301443246
S0,281,11190000000,True,False,0.16723673761589453,0.008361836880794726,3.0574856942346675e-05,0,0.2508551064238418,0.02746935764040897,0.04951402267611793
S0,282,11240000000,True,False,0.16673546633683145,0.008336773316841573,3.0483212638761094e-05,0,0.2501031995052472,0.027387308019913535,0.054640742139559606
S0,283,11290000000,True,False,0.1637355235288851,0.008186776176444255,2.9515246242039665e-05,0,0.24560328529332764,0.026519291104496436,0.05533278992786528
S0,284,11340000000,True,False,0.13876134471502155,0.0069380672357510775,2.4519352828048713e-05,0,0.20814201707253233,0.022040903438883232,0.052331219518714334
S0,285,11390000000,True,False,0.13676139642484486,0.006838069821242243,2.3847587602723444e-05,0,0.2051420946372673,0.021437778799742183,0.05309351821027408
S0,286,11440000000,True,False,0.11756480671465397,0.0058782403357326984,1.9865634348191925e-05,0.0017527427302620469,0.17634721007198095,0.017863648689804765,0.04854271232680929
S0,287,11490000000,True,False,0.10192392073804513,0.005096196036902256,1.6278160017872985e-05,0.0015144383068299572,0.1528858811070677,0.014640844867988492,0.042408194459811144
S0,288,11540000000,True,False,0.10192392073804513,0.005096196036902256,1.6278160025678143e-05,0.0015065140697044788,0.1528858811070677,0.014640844875008581,0.042150907649437075
S0,289,11590000000,True,False,0.0901547828107141,0.004507739140535705,1.3456209774770332e-05,0.0013264188658519416,0.13523217421607114,0.012104444787508226,0.03741139160634721
S0,290,11640000000,True,False,0.0901547828107141,0.004507739140535705,1.3456209868446572e-05,0.001322236772848262,0.13523217421607114,0.012104444871774065,0.037276941103930206
S0,291,11690000000,True,False,0.08070249168667942,0.004035124584333971,1.114506571453598e-05,0.0011786362215666646,0.12105373753001913,0.01002648134578288,0.03344342034475023
S0,292,11740000000,True,False,0.08070249168667942,0.004035124584333971,1.1145065721589011e-05,0.0011752538992110262,0.12105373753001913,0.010026481352128027,0.03333552511421822
S0,293,11790000000,True,False,0.072291906690225,0.0036145953345112503,9.163273962835313e-06,0.0010487506145308023,0.10843786003533751,0.008244256189865152,0.02991984899581812
S0,294,11840000000,True,False,0.072291906690225,0.0036145953345112503,9.16327401618075e-06,0.0010460142832949826,0.10843786003533751,0.008244256237860383,0.029833154243412374
S0,295,11890000000,True,False,0.06412372749764472,0.003206186374882236,7.41285966125159e-06,0.0009246433051371961,0.09618559124646708,0.006669861243008199,0.026522135838283667
S0,296,11940000000,True,False,0.06412372749764472,0.003206186374882236,7.412859591871813e-06,0.0009235598773871256,0.09618559124646708,0.006669861180582427,0.026488028955675147
S0,297,11990000000,True,False,0.05587808846030384,0.002793904423015192,5.8615542998007666e-06,0.0008014280199206691,0.08381713269045576,0.00527437061266859,0.02311682078883248
S0,298,12040000000,True,False,0.05587808846030384,0.002793904423015192,5.861554259389638e-06,0.000800600137109142,0.08381713269045576,0.0052743705763056625,0.02309092459448303
S0,299,12090000000,True,False,0.047574256313964725,0.0023787128156982362,4.512091404468403e-06,0.0006791582161644882,0.07136138447094709,0.004060308495020056,0.0197028220333193
S0,300,12140000000,True,False,0.047574256313964725,0.0023787128156982362,4.512091405273675e-06,0.0006785549114868283,0.07136138447094709,0.0040603084957446965,0.01968406940413503
S0,301,12190000000,True,False,0.039440208638552576,0.001972010431927629,3.3728225477583125e-06,0.0005608267249701537,0.059160312957828864,0.0030352455151995703,0.016362885848830944
S0,302,12240000000,False,False,0.039440208638552576,0.001972010431927629,3.372822535763559e-06,0.0005604102599070515,0.059160312957828864,0.0030352455044053406,0.01635001958472404
S0,303,12289000000,False,False,4.1051190224905554e-11,2.0525595112452777e-12,8.241124102254676e-16,5.828670879282072e-13,6.157678533735833e-11,7.417011692029208e-13,1.7486456727056066e-11
S0,304,12339000000,False,False,1.3315737401597971e-12,6.657868700798986e-14,1.0188714763551091e-18,1.8984813721090177e-14,1.9973606102396957e-12,9.16984328719598e-16,5.672129432809925e-13
S0,305,12389000000,False,False,0.0,0.0,0.0,0,0.0,0.0,0
S0,306,12439000000,False,False,0.0,0.0,0.0,0,0.0,0.0,0
S0,307,12489000000,False,False,0.0,0.0,0.0,0,0.0,0.0,0
S0,308,12539000000,False,False,0.0,0.0,0.0,0,0.0,0.0,0
S0,309,12589000000,False,False,0.0,0.0,0.0,0,0.0,0.0,0
S0,310,12639000000,False,False,0.0,0.0,0.0,0,0.0,0.0,0
S0,311,12689000000,False,False,0.0,0.0,0.0,0,0.0,0.0,0
S0,312,12739000000,False,False,0.0,0.0,0.0,0,0.0,0.0,0
S0,313,12789000000,False,False,0.0,0.0,0.0,0,0.0,0.0,0
S0,314,12839000000,False,False,0.0,0.0,0.0,0,0.0,0.0,0
S0,315,12889000000,False,False,0.0,0.0,0.0,0,0.0,0.0,0
S0,316,12939000000,False,False,0.0,0.0,0.0,0,0.0,0.0,0
S0,317,12989000000,False,False,0.0,0.0,0.0,0,0.0,0.0,0
S0,318,13039000000,False,False,0.0,0.0,0.0,0,0.0,0.0,0
S0,319,13089000000,False,False,0.0,0.0,0.0,0,0.0,0.0,0
S0,320,13139000000,False,False,0.0,0.0,0.0,0,0.0,0.0,0
S0,321,13189000000,False,False,0.0,0.0,0.0,0,0.0,0.0,0
S0,322,13239000000,False,False,0.0,0.0,0.0,0,0.0,0.0,0
S0,323,13289000000,False,False,0.0,0.0,0.0,0,0.0,0.0,0
S0,324,13339000000,False,False,0.0,0.0,0.0,0,0.0,0.0,0
S0,325,13389000000,False,False,0.0,0.0,0.0,0,0.0,0.0,0
S0,326,13439000000,False,False,0.0,0.0,0.0,0,0.0,0.0,0
S0,327,13489000000,False,False,0.0,0.0,0.0,0,0.0,0.0,0
S0,328,13539000000,False,False,0.0,0.0,0.0,0,0.0,0.0,0
S0,329,13589000000,False,False,0.0,0.0,0.0,0,0.0,0.0,0
S0,330,13639000000,False,False,0.0,0.0,0.0,0,0.0,0.0,0
S0,331,13689000000,False,False,0.0,0.0,0.0,0,0.0,0.0,0
S0,332,13739000000,False,False,0.0,0.0,0.0,0,0.0,0.0,0
S0,333,13789000000,False,False,0.0,0.0,0.0,0,0.0,0.0,0
S0,334,13839000000,False,False,0.0,0.0,0.0,0,0.0,0.0,0
S0,335,13889000000,False,False,0.0,0.0,0.0,0,0.0,0.0,0
S0,336,13939000000,False,False,0.0,0.0,0.0,0,0.0,0.0,0
S0,337,13989000000,False,False,0.0,0.0,0.0,0,0.0,0.0,0
S0,338,14039000000,False,False,0.0,0.0,0.0,0,0.0,0.0,0
S0,339,14089000000,False,False,0.0,0.0,0.0,0,0.0,0.0,0
S0,340,14139000000,False,False,0.0,0.0,0.0,0,0.0,0.0,0
S0,341,14189000000,False,False,0.0,0.0,0.0,0,0.0,0.0,0
S0,342,14239000000,False,False,0.0,0.0,0.0,0,0.0,0.0,0
S0,343,14289000000,False,False,0.0,0.0,0.0,0,0.0,0.0,0
S0,344,14339000000,False,False,0.0,0.0,0.0,0,0.0,0.0,0
S0,345,14389000000,False,False,0.0,0.0,0.0,0,0.0,0.0,0
S0,346,14439000000,False,False,0.0,0.0,0.0,0,0.0,0.0,0
S0,347,14489000000,False,False,0.0,0.0,0.0,0,0.0,0.0,0
S0,348,14539000000,False,False,0.0,0.0,0.0,0,0.0,0.0,0
S0,349,14589000000,False,False,0.0,0.0,0.0,0,0.0,0.0,0
S0,350,14639000000,False,False,0.0,0.0,0.0,0,0.0,0.0,0
S0,351,14689000000,False,False,0.0,0.0,0.0,0,0.0,0.0,0
S0,352,14739000000,False,False,0.0,0.0,0.0,0,0.0,0.0,0
S0,353,14789000000,False,False,0.0,0.0,0.0,0,0.0,0.0,0
S0,354,14839000000,False,False,0.0,0.0,0.0,0,0.0,0.0,0
S0,355,14889000000,False,False,0.0,0.0,0.0,0,0.0,0.0,0
S0,356,14939000000,False,False,0.0,0.0,0.0,0,0.0,0.0,0
S0,357,14989000000,False,False,0.0,0.0,0.0,0,0.0,0.0,0
S0,358,15039000000,False,False,0.0,0.0,0.0,0,0.0,0.0,0
S0,359,15089000000,False,False,0.0,0.0,0.0,0,0.0,0.0,0
S0,360,15139000000,False,False,0.0,0.0,0.0,0,0.0,0.0,0
S0,361,15189000000,False,False,0.0,0.0,0.0,0,0.0,0.0,0
S0,362,15239000000,False,False,0.0,0.0,0.0,0,0.0,0.0,0
S0,363,15289000000,False,False,0.0,0.0,0.0,0,0.0,0.0,0
S0,364,15339000000,False,False,0.0,0.0,0.0,0,0.0,0.0,0
S0,365,15389000000,False,False,0.0,0.0,0.0,0,0.0,0.0,0
S0,366,15439000000,False,False,0.0,0.0,0.0,0,0.0,0.0,0
S0,367,15489000000,False,False,0.0,0.0,0.0,0,0.0,0.0,0
S0,368,15539000000,False,False,0.0,0.0,0.0,0,0.0,0.0,0
S0,369,15589000000,False,False,0.0,0.0,0.0,0,0.0,0.0,0
S0,370,15639000000,False,False,0.0,0.0,0.0,0,0.0,0.0,0
S0,371,15689000000,False,False,0.0,0.0,0.0,0,0.0,0.0,0
S0,372,15739000000,False,False,0.0,0.0,0.0,0,0.0,0.0,0
S0,373,15789000000,False,False,0.0,0.0,0.0,0,0.0,0.0,0
S0,374,15839000000,False,False,0.0,0.0,0.0,0,0.0,0.0,0
S0,375,15889000000,False,False,0.0,0.0,0.0,0,0.0,0.0,0
S0,376,15939000000,False,False,0.0,0.0,0.0,0,0.0,0.0,0
S0,377,15989000000,False,False,0.0,0.0,0.0,0,0.0,0.0,0
S0,378,16039000000,False,False,0.0,0.0,0.0,0,0.0,0.0,0
S0,379,16089000000,False,False,0.0,0.0,0.0,0,0.0,0.0,0
S0,380,16139000000,False,False,0.0,0.0,0.0,0,0.0,0.0,0
S0,381,16189000000,False,False,0.0,0.0,0.0,0,0.0,0.0,0
S0,382,16239000000,False,False,0.0,0.0,0.0,0,0.0,0.0,0
S0,383,16289000000,False,False,0.0,0.0,0.0,0,0.0,0.0,0
S0,384,16339000000,False,False,0.0,0.0,0.0,0,0.0,0.0,0
S0,385,16389000000,False,False,0.0,0.0,0.0,0,0.0,0.0,0
S0,386,16439000000,False,False,0.0,0.0,0.0,0,0.0,0.0,0
S0,387,16489000000,False,False,0.0,0.0,0.0,0,0.0,0.0,0
S0,388,16539000000,False,False,0.0,0.0,0.0,0,0.0,0.0,0
S0,389,16589000000,False,False,0.0,0.0,0.0,0,0.0,0.0,0
S0,390,16639000000,False,False,0.0,0.0,0.0,0,0.0,0.0,0
S0,391,16689000000,False,False,0.0,0.0,0.0,0,0.0,0.0,0
S0,392,16739000000,False,False,0.0,0.0,0.0,0,0.0,0.0,0
S0,393,16789000000,False,False,0.0,0.0,0.0,0,0.0,0.0,0
S0,394,16839000000,False,False,0.0,0.0,0.0,0,0.0,0.0,0
S0,395,16889000000,False,False,0.0,0.0,0.0,0,0.0,0.0,0
S0,396,16939000000,False,False,0.0,0.0,0.0,0,0.0,0.0,0
S0,397,16989000000,False,False,0.0,0.0,0.0,0,0.0,0.0,0
S0,398,17039000000,False,False,0.0,0.0,0.0,0,0.0,0.0,0
S0,399,17089000000,False,False,0.0,0.0,0.0,0,0.0,0.0,0
S0,400,17139000000,False,False,0.0,0.0,0.0,0,0.0,0.0,0
S0,401,17189000000,False,False,0.0,0.0,0.0,0,0.0,0.0,0
S0,402,17239000000,False,False,0.0,0.0,0.0,0,0.0,0.0,0
S0,403,17289000000,False,False,0.0,0.0,0.0,0,0.0,0.0,0
S0,404,17339000000,False,False,0.0,0.0,0.0,0,0.0,0.0,0
S0,405,17389000000,False,False,0.0,0.0,0.0,0,0.0,0.0,0
S0,406,17439000000,False,False,0.0,0.0,0.0,0,0.0,0.0,0
S0,407,17489000000,False,False,0.0,0.0,0.0,0,0.0,0.0,0
S0,408,17539000000,False,False,0.0,0.0,0.0,0,0.0,0.0,0
S0,409,17589000000,False,False,0.0,0.0,0.0,0,0.0,0.0,0
S0,410,17639000000,False,False,0.0,0.0,0.0,0,0.0,0.0,0
S0,411,17689000000,False,False,0.0,0.0,0.0,0,0.0,0.0,0
S0,412,17739000000,False,False,0.0,0.0,0.0,0,0.0,0.0,0
S0,413,17789000000,False,False,0.0,0.0,0.0,0,0.0,0.0,0
S0,414,17839000000,False,False,0.0,0.0,0.0,0,0.0,0.0,0
S0,415,17889000000,False,False,0.0,0.0,0.0,0,0.0,0.0,0
S0,416,17939000000,False,False,0.0,0.0,0.0,0,0.0,0.0,0
S0,417,17989000000,False,False,0.0,0.0,0.0,0,0.0,0.0,0
S0,418,18039000000,False,False,0.0,0.0,0.0,0,0.0,0.0,0
S0,419,18089000000,False,False,0.0,0.0,0.0,0,0.0,0.0,0
S0,420,18139000000,False,False,0.0,0.0,0.0,0,0.0,0.0,0
S0,421,18189000000,False,False,0.0,0.0,0.0,0,0.0,0.0,0
S0,422,18239000000,False,False,0.0,0.0,0.0,0,0.0,0.0,0
S0,423,18289000000,False,False,0.0,0.0,0.0,0,0.0,0.0,0
S0,424,18339000000,False,False,0.0,0.0,0.0,0,0.0,0.0,0
S0,425,18389000000,False,False,0.0,0.0,0.0,0,0.0,0.0,0
S0,426,18439000000,False,False,0.0,0.0,0.0,0,0.0,0.0,0
S0,427,18489000000,False,False,0.0,0.0,0.0,0,0.0,0.0,0
S0,428,18539000000,False,False,0.0,0.0,0.0,0,0.0,0.0,0
S0,429,18589000000,False,False,0.0,0.0,0.0,0,0.0,0.0,0
S0,430,18639000000,False,False,0.0,0.0,0.0,0,0.0,0.0,0
S0,431,18689000000,False,False,0.0,0.0,0.0,0,0.0,0.0,0
S0,432,18739000000,False,False,0.0,0.0,0.0,0,0.0,0.0,0
S0,433,18789000000,False,False,0.0,0.0,0.0,0,0.0,0.0,0
S0,434,18839000000,False,False,0.0,0.0,0.0,0,0.0,0.0,0
S0,435,18889000000,False,False,0.0,0.0,0.0,0,0.0,0.0,0
S0,436,18939000000,False,False,0.0,0.0,0.0,0,0.0,0.0,0
S0,437,18989000000,False,False,0.0,0.0,0.0,0,0.0,0.0,0
S0,438,19039000000,False,False,0.0,0.0,0.0,0,0.0,0.0,0
S0,439,19089000000,False,False,0.0,0.0,0.0,0,0.0,0.0,0
S0,440,19139000000,False,False,0.0,0.0,0.0,0,0.0,0.0,0
S0,441,19189000000,False,False,0.0,0.0,0.0,0,0.0,0.0,0
S0,442,19239000000,False,False,0.0,0.0,0.0,0,0.0,0.0,0
S0,443,19289000000,False,False,0.0,0.0,0.0,0,0.0,0.0,0
S0,444,19339000000,False,False,0.0,0.0,0.0,0,0.0,0.0,0
S0,445,19389000000,False,False,0.0,0.0,0.0,0,0.0,0.0,0
S0,446,19439000000,False,False,0.0,0.0,0.0,0,0.0,0.0,0
S0,447,19489000000,False,False,0.0,0.0,0.0,0,0.0,0.0,0
S0,448,19539000000,False,False,0.0,0.0,0.0,0,0.0,0.0,0
S0,449,19589000000,False,False,0.0,0.0,0.0,0,0.0,0.0,0
S0,450,19639000000,False,False,0.0,0.0,0.0,0,0.0,0.0,0
S0,451,19689000000,False,False,0.0,0.0,0.0,0,0.0,0.0,0
S0,452,19739000000,False,False,0.0,0.0,0.0,0,0.0,0.0,0
S0,453,19789000000,False,False,0.0,0.0,0.0,0,0.0,0.0,0
S0,454,19839000000,False,False,0.0,0.0,0.0,0,0.0,0.0,0
S0,455,19889000000,False,False,0.0,0.0,0.0,0,0.0,0.0,0
S0,456,19939000000,False,False,0.0,0.0,0.0,0,0.0,0.0,0
S0,457,19989000000,False,False,0.0,0.0,0.0,0,0.0,0.0,0
S0,458,20039000000,False,False,0.0,0.0,0.0,0,0.0,0.0,0
S0,459,20089000000,False,False,0.0,0.0,0.0,0,0.0,0.0,0
S0,460,20139000000,False,False,0.0,0.0,0.0,0,0.0,0.0,0
S0,461,20189000000,False,False,0.0,0.0,0.0,0,0.0,0.0,0
S0,462,20239000000,False,False,0.0,0.0,0.0,0,0.0,0.0,0
S0,463,20289000000,False,False,0.0,0.0,0.0,0,0.0,0.0,0
S0,464,20339000000,False,False,0.0,0.0,0.0,0,0.0,0.0,0
S0,465,20389000000,False,False,0.0,0.0,0.0,0,0.0,0.0,0
S0,466,20439000000,False,False,0.0,0.0,0.0,0,0.0,0.0,0
S0,467,20489000000,False,False,0.0,0.0,0.0,0,0.0,0.0,0
S0,468,20539000000,False,False,0.0,0.0,0.0,0,0.0,0.0,0
S0,469,20589000000,False,False,0.0,0.0,0.0,0,0.0,0.0,0
S0,470,20639000000,False,False,0.0,0.0,0.0,0,0.0,0.0,0
S0,471,20689000000,False,False,0.0,0.0,0.0,0,0.0,0.0,0
S0,472,20739000000,False,False,0.0,0.0,0.0,0,0.0,0.0,0
S0,473,20789000000,False,False,0.0,0.0,0.0,0,0.0,0.0,0
S0,474,20839000000,False,False,0.0,0.0,0.0,0,0.0,0.0,0
S0,475,20889000000,False,False,0.0,0.0,0.0,0,0.0,0.0,0
S0,476,20939000000,False,False,0.0,0.0,0.0,0,0.0,0.0,0
S0,477,20989000000,False,False,0.0,0.0,0.0,0,0.0,0.0,0
S0,478,21039000000,False,False,0.0,0.0,0.0,0,0.0,0.0,0
S1,82,1202000000,True,False,0.0,0.0,0.0,0,0.0,0.0,0
S1,83,1252000000,True,False,0.0,0.0,0.0,0,0.0,0.0,0
S1,84,1302000000,True,False,0.0,0.0,0.0,0,0.0,0.0,0
S1,85,1352000000,True,False,0.0,0.0,0.0,0,0.0,0.0,0
S1,86,1401000000,True,False,0.0,0.0,0.0,0,0.0,0.0,0
S1,87,1451000000,True,False,0.00019998806237708777,9.999403118854389e-06,7.069014743317914e-11,2.99980343765327e-06,0.00029998209356563166,6.36211325310041e-08,8.998322805375825e-05
S1,88,1501000000,True,False,0.072999869735213,0.00364999348676065,4.605464143219478e-06,0.0010917539338043403,0.1094998046028195,0.004143538934463215,0.03123686977738871
S1,89,1552000000,True,False,0.14543374854838476,0.007271687427419238,1.826093805273843e-05,0.002157489832686821,0.21815062282257713,0.01641315402958791,0.05841983562507547
S1,90,1602000000,True,False,0.21823363058501855,0.010911681529250927,4.187587624090427e-05,0.0032114130841669475,0.3273504458775278,0.03757636269607356,0.08153578691426344
S1,91,1652000000,True,False,0.273890228709206,0.0136945114354603,6.945634776023408e-05,0.003969011973988801,0.410835343063809,0.06221850542443796,0.09484969224722561
S1,92,1701000000,True,False,0.2934365184046328,0.01467182592023164,9.57994144744405e-05,0.004205265173383266,0.4401547776069492,0.08575698834430642,0.09787146932412971
S1,93,1752000000,True,False,0.29323653143364936,0.014661826571682468,0.00011348987514768809,0.004133313817246909,0.43985479715047404,0.10159374479991855,0.09535585727786611
S1,94,1802000000,True,False,0.2561382425483316,0.012806912127416581,0.00011815759718456164,0.003576970634497245,0.3842073638224974,0.10590698798644546,0.08557520554420273
S1,95,1852000000,True,False,0.2559382526669651,0.012796912633348256,0.00013341179367118116,0.003520106925368527,0.3839073790004477,0.11958039073430554,0.08364264285961553
S1,96,1902000000,True,False,0.22313835070235655,0.011156917535117827,0.00012611556143572058,0.0030570842324170178,0.3347075260535348,0.11315162058176,0.07516301633808209
S1,97,1951000000,True,False,0.12949968950124457,0.006474984475062229,8.365982529140708e-05,0.001756511009276096,0.19424953425186686,0.07521504528165265,0.047273400031202506
S1,98,2001000000,True,False,0.09669979408499785,0.004834989704249892,6.411134760923774e-05,0.001309834230541429,0.14504969112749677,0.05766653654949272,0.036308848462825116
S1,99,2051000000,True,False,0.006018137946739444,0.0003009068973369722,3.988201579151603e-06,0,0.009027206920109165,0.0035893733052615607,0
S1,100,2101000000,True,False,0.038818027860543225,0.0019409013930271612,2.3897705816142357e-05,0,0.05822704179081484,0.021505911998633154,0
S1,101,2152000000,True,False,0.12335066421655938,0.006167533210827969,7.300494390181666e-05,0,0.18502599632483907,0.06564206022281852,0
S1,102,2201000000,True,True,0.1561505559948273,0.007807527799741365,8.586497749580529e-05,0,0.23422583399224095,0.07716091461629214,0.010973189163447916
S1,103,2252000000,True,True,0.20371547871036455,0.010185773935518228,0.00011141944460435157,0,0.3055732180655468,0.10001796338551068,0.03719901264556014
S1,104,2301000000,True,True,0.22577581403311342,0.011288790701655671,0.0001210407771030786,0,0.33866372104967013,0.10859046226113336,0.04709460601750448
S1,105,2351000000,True,True,0.2259757908177562,0.01129878954088781,0.00012116503519836246,0,0.3389636862266343,0.10870132564176105,0.056273860740312265
S1,106,2402000000,True,True,0.2347940026083961,0.011739700130419806,0.00013042793900940066,0,0.35219100391259417,0.11698169791275798,0.0614834019865067
S1,107,2451000000,True,True,0.23459401418222114,0.011729700709111057,0.00013037504642712027,0,0.3518910212733317,0.11693494396561326,0.07078857856640397
S1,108,2502000000,True,True,0.20179412531433627,0.010089706265716814,0.00011448721837152457,0,0.3026911879715044,0.10277681545805083,0.06238077224350558
S1,109,2552000000,True,True,0.15951589739415795,0.007975794869707897,9.050090564547518e-05,0,0.23927384609123692,0.08132150727295241,0.05292688314489857
S1,110,2602000000,True,True,0.12651601864490658,0.006325800932245329,7.404573020008836e-05,0,0.18977402796735987,0.06657459044470809,0.04398440250546465
S1,111,2652000000,True,True,0.08296032319776714,0.004148016159888357,4.855402182441746e-05,0,0.12444048479665071,0.043679846749737676,0.02988375021784906
S1,112,2702000000,True,True,0.04996044845029246,0.002498022422514623,2.958204429686303e-05,0,0.07494067267543869,0.026619691344268438,0.017867754380054612
S1,113,2751000000,True,True,0.006591565170310787,0.00032957825851553935,3.902927499434164e-06,0,0.00988734775546618,0.003512625221379426,0
S1,114,2801000000,True,True,0.02640831098688068,0.001320415549344034,1.5710890817419803e-05,0.00039384124678065735,0.03961246648032102,0.014139186113564283,0.011621156422406465
S1,115,2851000000,True,True,0.05863829574082047,0.0029319147870410234,3.488521797667691e-05,0.0008713920011600429,0.0879574436112307,0.03138995700673469,0.025163110825012325
S1,116,2902000000,True,True,0.09163817085209303,0.004581908542604651,5.4066182185027014e-05,0.0013575595343531255,0.13745725627813954,0.04863405885593923,0.03828535286986656
S1,117,2951000000,True,True,0.16623515693936497,0.008311757846968248,9.807799694948811e-05,0.002439689975376802,0.24935273540904745,0.08811801728382136,0.06477000206159023
S1,118,3002000000,True,True,0.21694092720281333,0.010847046360140666,0.00013198635783600828,0.003135775207346092,0.32541139080422,0.11843911068810889,0.07918037513418541
S1,119,3052000000,True,True,0.21694092720281333,0.010847046360140666,0.00013198635883060974,0.0031233898856569686,0.32541139080422,0.11843911158062319,0.07875149100151702
S1,120,3102000000,True,True,0.3299407922895625,0.016497039614478126,0.000208424561142865,0.0046446357273770555,0.4949111884343438,0.18631071058163476,0.10258638054819103
S1,121,3151000000,True,True,0.36994078545831144,0.018497039272915572,0.00023369221735211292,0.005166494136493838,0.5549111781874672,0.20853212415380104,0.10792565537879206
S1,122,3201000000,True,True,0.45210557291284204,0.022605278645642102,0.0002926436015479858,0.0061481193626046204,0.678158359369263,0.2600354306157654,0.11128619548323926
S1,123,3252000000,True,True,0.5284104205202311,0.026420521026011556,0.00034203321964590546,0.007021461730459699,0.7926156307803467,0.30250118957071725,0.10792121706539737
S1,124,3301000000,True,True,0.6029468611814082,0.03014734305907041,0.0003919166079749097,0.007701678499560272,0.9044202917721123,0.3447917730536707,0.09904757887783466
S1,125,3352000000,True,True,0.6599179469048977,0.032995897345244884,0.00042894577906156235,0.008160489095876744,0.9898769203573465,0.3756688441574298,0.09242844320460752
S1,126,3402000000,True,True,0.7329178391955793,0.036645891959778965,0.00047576668410570316,0.008577064883038554,1.099376758793369,0.4140218627646338,0.0822622732242766
S1,127,3452000000,True,True,0.7478769985027611,0.037393849925138056,0.00048679905956240937,0.008394188750932119,1.1218154977541417,0.4230330226102418,0.07523037540176092
S1,128,3501000000,True,True,0.7285382016561925,0.03642691008280963,0.0004773417137969617,0.00766111948644288,1.0928073024842888,0.4155596150344796,0.06536451858738523
S1,129,3552000000,True,True,0.7285382016561925,0.03642691008280963,0.00047734171665851486,0.0073086550065626366,1.0928073024842888,0.41555961752566334,0.05920061476196958
S1,130,3602000000,True,True,0.6760477554053068,0.03380238777026534,0.00045728895778064714,0.006313307906309573,1.0140716331079602,0.39995025505881765,0.050770238414428626
S1,131,3652000000,True,True,0.6760477554053068,0.03380238777026534,0.0004585222944480811,0.005997570642130801,1.0140716331079602,0.40102894569046466,0.045688187257471036
S1,132,3701000000,True,True,0.612475338857621,0.030623766942881048,0.0004223860690131988,0.005032100690716801,0.9187130082864314,0.37132771250121577,0.03881479789034581
S1,133,3752000000,True,True,0.6124753272160888,0.03062376636080444,0.00042238606232968527,0.004764846764831354,0.9187129908241332,0.3713277069577451,0.03476250224251409
S1,134,3802000000,True,True,0.5394754582084715,0.026973772910423577,0.0003778197307529785,0.0038739549353888902,0.8092131873127073,0.3339042256569513,0.02934031165665052
S1,135,3852000000,True,True,0.5051490152254701,0.025257450761273503,0.00035378020821654133,0.0034479825932866026,0.7577235228382051,0.3133620261693873,0.02639261490380551
S1,136,3901000000,True,True,0.4566091229207814,0.02283045614603907,0.00031264176052040355,0.0028843906281547094,0.6849136843811721,0.277734118757709,0.022468790587110266
S1,137,3951000000,True,True,0.4566091229207814,0.02283045614603907,0.0003126417587734724,0.002729841790922616,0.6849136843811721,0.27773411720582936,0.020145858269481898
S1,138,4002000000,True,True,0.38360925391316414,0.019180462695658207,0.00025429929899784334,0.002122734558632988,0.5754138808697462,0.2267744496791987,0.017089540650817026
S1,139,4052000000,True,True,0.37098038592375815,0.018549019296187907,0.0002459276291960963,0.0019517413768527225,0.5564705788856372,0.21943965948786337,0.015435013295616695
S1,140,4101000000,True,True,0.33435638761147857,0.01671781938057393,0.00020861425702145344,0.001631978470335138,0.5015345814172179,0.18644608643216948,0.013227560305569264
S1,141,4151000000,True,True,0.33435638761147857,0.01671781938057393,0.0002086142571109245,0.0015472940949781133,0.5015345814172179,0.18644608651213296,0.011913519773975367
S1,142,4201000000,True,False,0.29087738948874176,0.014543869474437088,0.00016584479730818573,0.001248538940149757,0.43631608423311263,0.14847355413431024,0.01018716345848325
S1,143,4251000000,True,False,0.29087738948874176,0.014543869474437088,0.00016584479831062491,0.0011839907206125933,0.43631608423311263,0.14847355503174994,0.009181883649775013
S1,144,4301000000,True,False,0.2524159790482372,0.01262079895241186,0.00013432246246150066,0.0009537412054849703,0.3786239685723558,0.12041011665062362,0.007866130609108679
S1,145,4351000000,True,False,0.2524159790482372,0.01262079895241186,0.00013432246211862012,0.0009048722808241427,0.3786239685723558,0.12041011634325668,0.007098254303116391
S1,146,4401000000,True,False,0.20640678121708333,0.010320339060854167,9.733778624405174e-05,0.0006899054278370897,0.309610171825625,0.08737124820842679,0.006114384751717661
S1,147,4451000000,True,False,0.20640678121708333,0.010320339060854167,9.733778665694765e-05,0.0006570989936546257,0.309610171825625,0.08737124857904577,0.005559181471710861
S1,148,4501000000,True,False,0.19217283988837153,0.009608641994418576,7.969401190484031e-05,0.0005692143310666031,0.2882592598325573,0.07155939586557139,0.004808520556374152
S1,149,4551000000,True,False,0.19217283988837153,0.009608641994418576,7.96940109120143e-05,0.0005549553395628459,0.2882592598325573,0.07155939497408624,0.004576558576152245
S1,150,4601000000,True,False,0.18750906747300178,0.009375453373650089,6.690871655048834e-05,0.00048686260268415715,0.28126360120950267,0.06008578047942195,0.0037158455402211965
S1,151,4651000000,True,False,0.18770905444398522,0.009385452722199261,6.691892595893011e-05,0.0004464579942163871,0.28156358166597784,0.06009466714496172,0.0031355953379786916
S1,152,4701000000,True,False,0.18976422143168747,0.009488211071584374,5.73181096575094e-05,0.0004232287049914518,0.2846463321475312,0.05147042899535649,0.0027718777390174365
S1,153,4752000000,True,False,0.1895642330055125,0.009478211650275625,5.719858285161597e-05,0.00038091478917079424,0.28434634950826876,0.05136333986479801,0.002268279540078799
S1,154,4801000000,True,False,0.18199039914179593,0.009099519957089797,4.507840431515744e-05,0.000340606007718125,0.2729855987126939,0.04048674417161208,0.0019723967112055263
S1,155,4851000000,True,False,0.1817904121708125,0.009089520608540624,4.4974999216006845e-05,0.00030165628218370433,0.27268561825621873,0.04039405539770934,0.00156760249138721
S1,156,4901000000,True,False,0.16174365009646863,0.008087182504823431,3.119300346922752e-05,0.0002493718880088869,0.24261547514470294,0.02802788178122559,0.0013471851374519117
S1,157,4951000000,True,False,0.16154366167029366,0.008077183083514683,3.111261675552178e-05,0.00021855928414782344,0.2423154925054405,0.027955764700338993,0.0010510518693155335
S1,158,5001000000,True,False,0.13828600640408695,0.006914300320204347,1.9977018724697095e-05,0.00017347568161829585,0.20742900960613042,0.017957862294563313,0.0008958676442493152
S1,159,5052000000,True,False,0.13808601797791198,0.006904300898895599,1.992511544973853e-05,0.0001509132683402692,0.20712902696686797,0.017911266908737677,0.0006899791620477158
S1,160,5101000000,True,False,0.10616670624585822,0.005308335312292911,1.295844233667011e-05,0.00010845204538179054,0.15925005936878733,0.011654393699333248,0.0005904008524855175
S1,161,5151000000,True,False,0.10596671781968325,0.005298335890984163,1.2937558705629387e-05,9.509822050435268e-05,0.15895007672952488,0.011635642475580884,0.00046161511738007643
S1,162,5201000000,True,False,0.08224350021919236,0.004112175010959618,1.152035404765019e-05,7.194570090818253e-05,0.12336525032878853,0.010363941049819548,0.00042891865236127646
S1,163,5252000000,True,False,0.08204350087908097,0.004102175043954048,1.2523817775034464e-05,6.125106188203944e-05,0.12306525131862145,0.011266700213870145,0.0003170037361404088
S1,164,5301000000,True,False,0.06761230179108679,0.0033806150895543396,1.3138057879985291e-05,4.9124652197529706e-05,0.10141845268663019,0.01182087787683703,0.00029557383071365795
S1,165,5351000000,True,False,0.06741231409250759,0.0033706157046253793,1.4356761613604953e-05,4.1873139166703766e-05,0.10111847113876138,0.01291742001818747,0.00021914139341050465
S1,166,5401000000,True,False,0.0346124283169047,0.0017306214158452349,9.241040547633802e-06,2.145070227221879e-05,0.051918642475357046,0.0083163144622875,0.00020762544344576916
S1,167,5451000000,True,False,0.021308288341970183,0.0010654144170985091,6.858065735109554e-06,1.2628276542359096e-05,0.031962432512955274,0.006172084203697056,0.00018629232624078895
S1,168,5501000000,True,False,0.011491599047985801,0.00057457995239929,3.98873320614077e-06,3.355610568334111e-05,0.0172373985719787,0.003589830289446479,0.0009511855927271107
S1,169,5551000000,True,False,0.07370310122496448,0.0036851550612482242,2.563167970423962e-05,0.00020559151174048829,0.11055465183744673,0.023060689524745086,0.00387478408829367
S1,170,5602000000,True,False,0.10650298645487055,0.005325149322743528,4.172860762020365e-05,0.0002914238493564314,0.15975447968230583,0.03752915955901502,0.0040007199577408725
S1,171,5651000000,True,False,0.173752052069176,0.0086876026034588,6.823647234938578e-05,0.00042582594820528286,0.260628078103764,0.061297163593466354,0.0033048920246521174
S1,172,5701000000,True,False,0.2065519438474439,0.010327597192372195,8.599733483255727e-05,0.00048719499511662434,0.30982791577116586,0.07719167080021506,0.003108588738674478
S1,173,5751000000,True,False,0.29292654944583774,0.014646327472291887,0.00012199448768674999,0.0005537413544266512,0.4393898241687566,0.10920813487867731,0.002121804865359622
S1,174,5801000000,True,False,0.3257264441344887,0.016286322206724435,0.0001427895087377216,0.0005705668897604266,0.48858966620173305,0.12766158913599127,0.00187284411122568
S1,175,5852000000,True,False,0.3937407454941422,0.01968703727470711,0.00017290292908699856,0.0005020472650807406,0.5906111182412133,0.15411232397770722,0.0011034710336987885
S1,176,5901000000,True,False,0.4267406329745427,0.021337031648727134,0.00019462048847010438,0.0004024009213765556,0.640110949461814,0.17317608488328867,0.0006790725724873381
S1,177,5951000000,True,False,0.48022874398157,0.0240114371990785,0.00021969223297322,0.00017472333010748464,0.720343115972355,0.1948925993492613,0.0001833047409878219
S1,178,6001000000,True,False,0.5132286343723536,0.025661431718617678,0.00024178964159727936,2.349597193085362e-05,0.7698429515585303,0.2140556577459504,2.349597193085362e-05
S1,179,6051000000,True,False,0.5498035461641848,0.02749017730820924,0.0002590199252676052,0,0.8247053192462772,0.22875168148789882,0
S1,180,6101000000,True,False,0.557419378310442,0.0278709689155221,0.0002577050171878883,0,0.836129067465663,0.22747018926391263,0
S1,181,6151000000,True,False,0.557419378310442,0.0278709689155221,0.00025545282324755946,0,0.836129067465663,0.22548223036634824,0
S1,182,6201000000,True,False,0.563597772270441,0.028179888613522053,0.0002616829059453723,0,0.8453966584056616,0.2308811319823865,0
S1,183,6251000000,True,False,0.563597772270441,0.028179888613522053,0.0002498762049253614,0,0.8453966584056616,0.2204641561901398,0
S1,184,6301000000,True,False,0.5521302809938788,0.027606514049693942,0.00025289727644678845,0,0.8281954214908183,0.223308623252696,0
S1,185,6351000000,True,False,0.5521302809938788,0.027606514049693942,0.00024758234504957874,0,0.8281954214908183,0.21861553193250083,0
S1,186,6401000000,True,False,0.49442541785538197,0.0247212708927691,0.0002277094137079222,0,0.741638126783073,0.2018298298183385,0
S1,187,6451000000,True,False,0.49442541785538197,0.0247212708927691,0.000227883454493052,0,0.741638126783073,0.20198409055561856,0
S1,188,6501000000,True,False,0.42844424315262586,0.021422212157631293,0.0001985368343232048,0,0.6426663647289388,0.17664480102094457,0
S1,189,6551000000,True,False,0.428198924055323,0.02140994620276615,0.00019984885014232137,0,0.6422983860829845,0.17781448320962828,0
S1,190,6601000000,True,False,0.3664347168523818,0.01832173584261909,0.00016848762985664833,0,0.5496520752785727,0.15037195912793586,0
S1,191,6651000000,True,False,0.3664347168523818,0.01832173584261909,0.00016848763051035645,0,0.5496520752785727,0.15037195971135767,0
S1,192,6701000000,True,False,0.304538756608963,0.01522693783044815,0.00013393865615734686,0,0.4568081349134445,0.11984844426289233,0
S1,193,6751000000,True,False,0.304538756608963,0.01522693783044815,0.00013393865776858472,0,0.4568081349134445,0.11984844570462963,0
S1,194,6801000000,True,False,0.2584277535788715,0.012921387678943574,0.00011145415942930871,0,0.38764163036830723,0.09989121100678429,0
S1,195,6851000000,True,False,0.2584277535788715,0.012921387678943574,0.00011145416006007837,0,0.38764163036830723,0.09989121157211397,0
S1,196,6901000000,True,False,0.24124598712660372,0.012062299356330186,0.0001072371139335966,0,0.3618689806899056,0.09616323645415856,0
S1,197,6951000000,True,False,0.24124598712660372,0.012062299356330186,0.0001072371141909002,0,0.3618689806899056,0.09616323668489161,0
S1,198,7001000000,True,False,0.25423752958886325,0.012711876479443163,0.000119325656594111,0,0.3813562943832949,0.10696042557640147,0
S1,199,7051000000,True,False,0.25423752958886325,0.012711876479443163,0.0001193256544598503,0,0.3813562943832949,0.1069604236633055,0
S1,200,7101000000,True,False,0.25530645507387817,0.012765322753693908,0.00013048575780227973,0,0.38295968261081725,0.11696007064892112,0
S1,201,7151000000,True,False,0.25530645507387817,0.012765322753693908,0.0001304857568474109,0,0.38295968261081725,0.11696006979303057,0
S1,202,7201000000,True,False,0.2293726138304919,0.011468630691524595,0.00012505317923738844,0,0.34405892074573785,0.11217867361721767,0
S1,203,7251000000,True,False,0.22937261237530038,0.011468630618765019,0.00012984574923911326,0,0.34405891856295057,0.1164778377799939,0
S1,204,7301000000,True,False,0.19971553410869092,0.009985776705434546,0.00012371394344619228,0,0.2995733011630364,0.11106556830047977,0
S1,205,7351000000,True,False,0.19971553410869092,0.009985776705434546,0.00012975631216295813,0,0.2995733011630364,0.11649017200087451,0
S1,206,7401000000,True,False,0.1476807228755206,0.007384036143776029,0.00010379898052411268,0,0.22152108431328088,0.09329195365572719,0
S1,207,7451000000,True,False,0.1476807228755206,0.007384036143776029,0.00010831382517396638,0,0.22152108431328088,0.0973497842404805,0
S1,208,7501000000,True,False,0.13098446652293205,0.006549223326146603,0.00010080892555971744,0,0.19647669978439808,0.09063089429880063,0
S1,209,7551000000,True,False,0.13098446652293205,0.006549223326146603,0.00010080892669772926,0,0.19647669978439808,0.09063089532191468,0
S1,210,7601000000,True,False,0.1676683605182916,0.00838341802591458,0.00013225105907107394,0,0.2515025407774374,0.11881719841731776,0
S1,211,7651000000,True,False,0.1676683605182916,0.00838341802591458,0.00013225106068550892,0,0.2515025407774374,0.1188171998677609,0
S1,212,7701000000,True,False,0.1761144958436489,0.008805724792182446,0.00013541952721520884,0,0.26417174376547337,0.12164175756011085,0
S1,213,7751000000,True,False,0.1761144958436489,0.008805724792182446,0.0001354195248820449,0,0.26417174376547337,0.12164175546432622,0.0021397141418388888
S1,214,7801000000,True,False,0.17302915512118489,0.008651457756059244,0.0001264273982074646,0,0.25954373268177733,0.11357214076848039,0.006454522250432415
S1,215,7851000000,True,False,0.17302915075561032,0.008651457537780516,0.0001264273952290716,0,0.2595437261334155,0.11357213810364898,0.00828931951230416
S1,216,7901000000,True,False,0.15043633175082505,0.007521816587541252,0.00010506602292042564,0,0.22565449762623757,0.0944258957617528,0.006328131785836688
S1,217,7951000000,True,False,0.15023633022792637,0.007511816511396319,0.00010468197241223088,0,0.22535449534188956,0.09408109168540521,0.011120323369276708
S1,218,8001000000,True,False,0.1374210260109976,0.00687105130054988,9.424712217308595e-05,0,0.2061315390164964,0.0847224538160404,0.009001548261153736
S1,219,8051000000,True,False,0.13722103758482262,0.006861051879241131,9.414040841436888e-05,0,0.20583155637723394,0.08462681486554989,0.013416528582868237
S1,220,8101000000,True,False,0.12009892088826746,0.006004946044413373,8.2562442512763e-05,0,0.1801483813324012,0.0742393108940783,0.009179729127825054
S1,221,8151000000,True,False,0.11989893246209249,0.0059949466231046245,8.245358453861676e-05,0,0.17984839869313873,0.07414164911051159,0.013078838415182426
S1,222,8201000000,True,False,0.09097820293391123,0.004548910146695562,6.293602850455934e-05,0,0.13646730440086685,0.056613162304745036,0.0032662597556588624
S1,223,8251000000,True,False,0.09077821450773627,0.004538910725386813,6.28205841172663e-05,0,0.1361673217616044,0.05650944428428976,0.0062627514683289975
S1,224,8301000000,True,False,0.07065489626256749,0.0035327448131283745,4.925536386319163e-05,0,0.10598234439385124,0.044316013343161965,0
S1,225,8351000000,True,False,0.07045490856398828,0.003522745428199414,4.913426131179328e-05,0,0.10568236284598242,0.044207132900363266,0.0017117468240452904
S1,226,8401000000,True,False,0.05285585575620644,0.002642792787810322,3.714629028092076e-05,0,0.07928378363430966,0.03342583068177535,0
S1,227,8451000000,True,False,0.05265586405585054,0.002632793202792527,3.701818534322443e-05,0,0.07898379608377581,0.03331060022960534,0
S1,228,8501000000,True,False,0.040883787733037025,0.0020441893866518512,2.9005415571531564e-05,0,0.06132568159955554,0.026102150040534754,0
S1,229,8551000000,True,False,0.04108377579541411,0.0020541887897707056,2.9157235553516338e-05,0,0.06162566369312117,0.02623874691333155,0
S1,230,8601000000,True,False,0.05762472937931307,0.0028812364689656533,4.116852351379035e-05,0,0.0864370940689696,0.037043990709956856,0.0022649703686654643
S1,231,8651000000,True,False,0.057424744954914786,0.0028712372477457393,4.1040800035643995e-05,0,0.08613711743237218,0.03692911645534139,0.004841572328693533
S1,232,8701000000,True,False,0.05045179568696767,0.0025225897843483835,3.651720670426012e-05,0,0.0756776935304515,0.0328602637205036,0.00241633820205045
S1,233,8751000000,True,False,0.05025181126256939,0.0025125905631284695,3.638569404326629e-05,0,0.07537771689385409,0.032741962300890486,0.004672281773790199
S1,234,8801000000,True,False,0.04373303454485722,0.002186651727242861,3.233279753771447e-05,0,0.06559955181728583,0.029096043370576127,0.0023532848205446433
S1,235,8851000000,True,False,0.0431330619903747,0.002156653099518735,3.1922606849400473e-05,0,0.06469959298556205,0.02872700930073108,0.004129636371707934
S1,236,8901000000,True,False,0.03874845788232051,0.0019374228941160254,2.9368297027534015e-05,0,0.05812268682348076,0.026428989839719013,0.0026707853260221626
S1,237,8951000000,True,False,0.03854846981994342,0.001927423490997171,2.9225634532236022e-05,0,0.05782270472991513,0.026300631011526267,0.004396491832129312
S1,238,9001000000,True,False,0.027904870876227506,0.0013952435438113753,2.1682944491138406e-05,0,0.04185730631434126,0.019513701384269708,6.036619332849824e-05
S1,239,9051000000,True,False,0.028104858938604593,0.0014052429469302297,2.1844881354771516e-05,0,0.04215728840790689,0.019659423728572212,0.001465539479853395
S1,240,9101000000,True,False,0.055277803767239675,0.0027638901883619837,4.36944663082061e-05,0,0.08291670565085951,0.03931751841102843,0.013789609874812814
S1,241,9151000000,True,False,0.055871081713121384,0.0027935540856560692,4.4163423978088806e-05,0,0.08380662256968208,0.039739336199571804,0.01598011950961009
S1,242,9201000000,True,False,0.038889851566636935,0.0019444925783318467,3.069070060282932e-05,0,0.0583347773499554,0.027619022571958928,0.009848839082970295
S1,243,9251000000,True,False,0.038889851566636935,0.0019444925783318467,3.069070063496018e-05,0,0.0583347773499554,0.02761902260087396,0.011214032109472916
S1,244,9301000000,True,False,0.054674081184202805,0.0027337040592101403,4.269705555012464e-05,0,0.08201112177630421,0.038420179185027305,0.019008499588285876
S1,245,9351000000,True,False,0.054674081184202805,0.0027337040592101403,4.2697055297047385e-05,0,0.08201112177630421,0.03842017895730027,0.020906743045480236
S1,246,9401000000,True,False,0.07101973460521549,0.0035509867302607745,5.43160824517655e-05,0,0.10652960190782323,0.04886908303903092,0.029108197851237305
S1,247,9451000000,True,False,0.07101973460521549,0.0035509867302607745,5.431608176333986e-05,0.00106206127392805,0.10652960190782323,0.04886908241964291,0.030428587690674358
S1,248,9501000000,True,False,0.08598669955972582,0.004299334977986291,6.442715393097142e-05,0.0012821186998011047,0.12898004933958873,0.05795767823211978,0.0363377075847896
S1,249,9551000000,True,False,0.08598669955972582,0.004299334977986291,6.442715366324723e-05,0.0012765091716337995,0.12898004933958873,0.057957677991279224,0.0361575375775216
S1,250,9601000000,True,False,0.1159923049272038,0.00579961524636019,8.533332918506563e-05,0.0017082734666123978,0.1739884573908057,0.07673550945321453,0.047260438847597674
S1,251,9651000000,True,False,0.1159923049272038,0.00579961524636019,8.533332998300951e-05,0.0017048192323848577,0.1739884573908057,0.076735510170761,0.04714734469848825
S1,252,9701000000,True,False,0.13309747737366706,0.006654873868683353,9.731159585161415e-05,0.0019378322475952503,0.1996462160605006,0.08748361919847245,0.05277175403901546
S1,253,9751000000,True,False,0.13309747737366706,0.006654873868683353,9.731159553498435e-05,0.0019332158301229585,0.1996462160605006,0.08748361891382064,0.052619267037037676
S1,254,9801000000,True,False,0.15128419909160584,0.007564209954580292,0.00010851512579240857,0.0021792932428599254,0.22692629863740876,0.09752414699148958,0.0583126044999982
S1,255,9851000000,True,False,0.15128419909160584,0.007564209954580292,0.00010851512567764124,0.0021671866271558704,0.22692629863740876,0.09752414688834651,0.057909268092443233
S1,256,9901000000,True,False,0.15128419909160584,0.007564209954580292,0.00010851512522802051,0.002148878042824931,0.22692629863740876,0.0975241464842657,0.05730029203902398
S1,257,9951000000,True,False,0.1565050770295784,0.00782525385147892,0.00010706117518364073,0.002209699845924673,0.23475761554436758,0.0962078050340829,0.05856047242884632
S1,258,10001000000,True,False,0.15260472719091922,0.007630236359545961,0.00010072108164867876,0.002135740202717118,0.22890709078637883,0.09051725594084449,0.05667423904080471
S1,259,10051000000,True,False,0.15260472719091922,0.007630236359545961,0.00010072108101028726,0.0021230172884042497,0.22890709078637883,0.090517255367127,0.05625275097611382
S1,260,10101000000,True,False,0.1531463349238038,0.00765731674619019,9.683468917663796e-05,0.0021111755265407206,0.2297195023857057,0.08702368518175746,0.05578312948411346
S1,261,10151000000,True,False,0.1531463349238038,0.00765731674619019,9.68346891087926e-05,0.0020981632729255573,0.2297195023857057,0.087023685120786,0.0553532539026339
S1,262,10201000000,True,False,0.13775230036117136,0.006887615018058568,8.275355161659452e-05,0.0018714346042156826,0.20662845054175705,0.07439000665086012,0.04999579535303811
S1,263,10251000000,True,False,0.13775230036117136,0.006887615018058568,8.275355194364624e-05,0.001860761372199038,0.20662845054175705,0.07439000694485813,0.04964705834553351
S1,264,10301000000,True,False,0.1367342338198796,0.00683671169099398,7.711466294036332e-05,0.0018311433408055855,0.2051013507298194,0.0693222258272007,0.048810387609022454
S1,265,10351000000,True,False,0.1367342338198796,0.00683671169099398,7.711466214980186e-05,0.0018204896083540145,0.2051013507298194,0.06932222511652548,0.048463303520534184
S1,266,10401000000,True,False,0.12623818474821746,0.006311909237410873,6.5792638217082e-05,0.001667114137012593,0.1893572771223262,0.0591544865384402,0.0447591843437265
S1,267,10451000000,True,False,0.12623818474821746,0.006311909237410873,6.579263806669264e-05,0.0016579250880800478,0.1893572771223262,0.059154486403224384,0.04446209276438706
S1,268,10501000000,True,False,0.12160409823991358,0.006080204911995679,5.842585054546271e-05,0.001584245728229794,0.18240614735987037,0.05253473877702619,0.042612054841813185
S1,269,10551000000,True,False,0.12160409823991358,0.006080204911995679,5.842585023724672e-05,0.0015756243177725837,0.18240614735987037,0.052534738499887795,0.04233450192133059
S1,270,10601000000,True,False,0.10223994468105957,0.0051119972340529785,4.756867765743049e-05,0.0013155853761551706,0.15335991702158935,0.04278387874964321,0.03598812676079444
S1,271,10651000000,True,False,0.10223994468105957,0.0051119972340529785,4.756867768281294e-05,0.0013094339522550236,0.15335991702158935,0.04278387877247252,0.03579235734646735
S1,272,10701000000,True,False,0.10692582873161882,0.005346291436580941,4.628527476262165e-05,0.0013592704483997853,0.16038874309742823,0.041627022148699615,0.03693433926754752
S1,273,10751000000,True,False,0.10692582873161882,0.005346291436580941,4.628527522726664e-05,0.001352480247307719,0.16038874309742823,0.0416270225665817,0.03671800364283262
S1,274,10801000000,True,False,0.10260066483169794,0.005130033241584897,4.1300994063456734e-05,0.0012883884913515997,0.1539009972475469,0.03714647236302638,0.03508989511216409
S1,275,10851000000,True,False,0.10260066483169794,0.005130033241584897,4.130099432752947e-05,0.001282081721570849,0.1539009972475469,0.037146472600535684,0.03488965290037527
S1,276,10901000000,True,False,0.09972168481908739,0.004986084240954369,3.67743408116261e-05,0.0012371612213913918,0.14958252722863108,0.033076364101246376,0.03372811907097406
S1,277,10951000000,True,False,0.09972168481908739,0.004986084240954369,3.6774340675589576e-05,0.001231153841039223,0.14958252722863108,0.03307636397888951,0.03353787754346593
S1,278,11001000000,True,False,0.07624755380675197,0.0038123776903375983,2.657674010770595e-05,0.0009360754549068151,0.11437133071012795,0.023910385886946037,0.026106243900951398
S1,279,11051000000,True,False,0.07624755380675197,0.0038123776903375983,2.6576740142387697e-05,0.0009325402878331834,0.11437133071012795,0.02391038591814828,0.02599568786050166
S1,280,11101000000,True,False,0.06639346247538924,0.003319673123769462,2.2792041769634146e-05,0.0008080288402377844,0.09959019371308386,0.02050719308852581,0.022740060921431993
S1,281,11151000000,True,False,0.06639346247538924,0.003319673123769462,2.2792041938898505e-05,0.0008066820113992179,0.09959019371308386,0.020507193240821814,0.022698172630182256
S1,282,11201000000,True,False,0.006606406716969104,0.0003303203358484552,2.297443194969241e-06,0,0.009909610075453656,0.0020676932415009913,0
S1,283,11251000000,True,False,0.029053828802716453,0.0014526914401358226,1.0130760037309105e-05,0,0.04358074320407468,0.009117203549131363,0
S1,284,11301000000,True,False,0.10298831475665793,0.005149415737832896,3.683918489352057e-05,0,0.1544824721349869,0.033133317610606165,0
S1,285,11351000000,True,False,0.10932669174508192,0.005466334587254096,3.9078280368858535e-05,0,0.16399003761762287,0.03514421630868251,0
S1,286,11401000000,True,False,0.17037373618222773,0.008518686809111387,6.050430240163563e-05,0,0.2555606042733416,0.05435526315041079,0
S1,287,11451000000,True,False,0.17097371310228482,0.008548685655114241,6.058399934932434e-05,0,0.25646056965342723,0.05442616437348822,0
S1,288,11501000000,True,False,0.1989677402889356,0.00994838701444678,6.885697986756027e-05,0,0.2984516104334034,0.061818270455025394,0
S1,289,11551000000,True,False,0.19916772871511057,0.009958386435755529,6.889584593065609e-05,0,0.29875159307266586,0.061852855928995754,0
S1,290,11601000000,True,False,0.20800076890736818,0.01040003844536841,6.997515841651293e-05,0,0.3120011533610523,0.0628077225856272,0.0026097218176309722
S1,291,11651000000,True,False,0.20780078048119321,0.01039003902405966,6.987756363891227e-05,0,0.3117011707217898,0.06272045005916721,0.008960126481696196
S1,292,11701000000,True,False,0.2031886688200757,0.010159433441003785,6.642889822486553e-05,0,0.30478300323011354,0.05963206957547444,0.011409617932776728
S1,293,11751000000,True,False,0.20298868184909225,0.010149434092454612,6.632192847375843e-05,0,0.30448302277363837,0.05953634676399339,0.017636201930900985
S1,294,11801000000,True,False,0.1918112684506923,0.009590563422534615,6.06858789170614e-05,0,0.28771690267603844,0.054491954758007825,0.01543920214144856
S1,295,11851000000,True,False,0.19161128002451733,0.009580564001225866,6.055988485797188e-05,0,0.287416920036776,0.05437908076544175,0.023370078578473175
S1,296,11901000000,True,False,0.17021893290802836,0.008510946645401418,5.129282373084047e-05,0,0.25532839936204255,0.04608009681144884,0.017117357121168353
S1,297,11951000000,True,False,0.1700189444818534,0.00850094722409267,5.117691596888552e-05,0,0.2550284167227801,0.045976163764705986,0.024272160739705506
S1,298,12001000000,True,False,0.1465849156375043,0.0073292457818752155,4.152379088258701e-05,0,0.21987737345625646,0.03732130664638465,0.016861199559272455
S1,299,12051000000,True,False,0.14638491702498868,0.007319245851249434,4.141950582401088e-05,0,0.21957737553748302,0.03722771214674896,0.023128466789667845
S1,300,12101000000,True,False,0.12491250527091324,0.006245625263545662,3.303106839238424e-05,0,0.18736875790636986,0.029699014454966113,0.016073816684039177
S1,301,12151000000,True,False,0.12471251684473827,0.006235625842236914,3.2938060580209464e-05,0,0.1870687752671074,0.029615481251704177,0.021492296363359253
S1,302,12201000000,True,False,0.10508211562409997,0.0052541057812049985,2.57505836670271e-05,0,0.15762317343614995,0.023159553101466137,0.014799133172376577
S1,303,12251000000,True,False,0.10488212792552076,0.005244106396276038,2.5668366235185305e-05,0,0.15732319188828114,0.023085668936231023,0.01941223361499478
S1,304,12301000000,True,False,0.0888345530256629,0.004441727651283145,2.00440979584546e-05,0,0.13325182953849435,0.018030802199049577,0.013865975881744208
S1,305,12351000000,True,False,0.08863456532708369,0.004431728266354185,1.9971426640928013e-05,0,0.13295184799062554,0.01796547004107402,0.017799063249459124
S1,306,12401000000,True,False,0.07534027827205136,0.003767013913602568,1.5490872904777587e-05,0,0.11301041740807705,0.013936845823994855,0.013153506911771307
S1,307,12451000000,True,False,0.07534027827205136,0.003767013913602568,1.5490872850294554e-05,0,0.11301041740807705,0.013936845774977497,0.01573295414007614
S1,308,12501000000,True,False,0.06712355389026925,0.0033561776945134625,1.2523523665930819e-05,0,0.10068533083540387,0.011268001240690224,0.013924434229297122
S1,309,12551000000,True,False,0.06712355389026925,0.0033561776945134625,1.2523523727807997e-05,0,0.10068533083540387,0.011268001296364022,0.016235688732823217
S1,310,12601000000,True,False,0.06066163768991828,0.003033081884495914,1.0131537325889717e-05,0,0.09099245653487742,0.009116288982047622,0.0149881746077557
S1,311,12651000000,True,False,0.06066163768991828,0.003033081884495914,1.013153739104916e-05,0,0.09099245653487742,0.00911628904067765,0.017086153126447012
S1,312,12701000000,False,False,0.027661762942443602,0.00138308814712218,3.3818327059433507e-06,0,0.0414926444136654,0.0030435040424335084,0.004037735347054983
S1,313,12751000000,False,False,1.0931169164285492e-10,5.465584582142746e-12,4.373008526723225e-15,0,1.6396753746428239e-10,3.935707674050902e-12,0
S1,314,12801000000,False,False,1.8089696407486144e-12,9.044848203743072e-14,1.720438369024095e-18,0,2.7134544611229217e-12,1.5483945321216855e-15,0
S1,315,12851000000,False,False,0.0,0.0,0.0,0,0.0,0.0,0
S1,316,12901000000,False,False,0.0,0.0,0.0,0,0.0,0.0,0
S1,317,12951000000,False,False,0.0,0.0,0.0,0,0.0,0.0,0
S1,318,13001000000,False,False,0.0,0.0,0.0,0,0.0,0.0,0
S1,319,13051000000,False,False,0.0,0.0,0.0,0,0.0,0.0,0
S1,320,13101000000,False,False,0.0,0.0,0.0,0,0.0,0.0,0
S1,321,13151000000,False,False,0.0,0.0,0.0,0,0.0,0.0,0
S1,322,13201000000,False,False,0.0,0.0,0.0,0,0.0,0.0,0
S1,323,13251000000,False,False,0.0,0.0,0.0,0,0.0,0.0,0
S1,324,13301000000,False,False,0.0,0.0,0.0,0,0.0,0.0,0
S1,325,13351000000,False,False,0.0,0.0,0.0,0,0.0,0.0,0
S1,326,13401000000,False,False,0.0,0.0,0.0,0,0.0,0.0,0
S1,327,13451000000,False,False,0.0,0.0,0.0,0,0.0,0.0,0
S1,328,13501000000,False,False,0.0,0.0,0.0,0,0.0,0.0,0
S1,329,13551000000,False,False,0.0,0.0,0.0,0,0.0,0.0,0
S1,330,13601000000,False,False,0.0,0.0,0.0,0,0.0,0.0,0
S1,331,13651000000,False,False,0.0,0.0,0.0,0,0.0,0.0,0
S1,332,13701000000,False,False,0.0,0.0,0.0,0,0.0,0.0,0
S1,333,13751000000,False,False,0.0,0.0,0.0,0,0.0,0.0,0
S1,334,13801000000,False,False,0.0,0.0,0.0,0,0.0,0.0,0
S1,335,13851000000,False,False,0.0,0.0,0.0,0,0.0,0.0,0
S1,336,13901000000,False,False,0.0,0.0,0.0,0,0.0,0.0,0
S1,337,13951000000,False,False,0.0,0.0,0.0,0,0.0,0.0,0
S1,338,14001000000,False,False,0.0,0.0,0.0,0,0.0,0.0,0
S1,339,14051000000,False,False,0.0,0.0,0.0,0,0.0,0.0,0
S1,340,14101000000,False,False,0.0,0.0,0.0,0,0.0,0.0,0
S1,341,14151000000,False,False,0.0,0.0,0.0,0,0.0,0.0,0
S1,342,14201000000,False,False,0.0,0.0,0.0,0,0.0,0.0,0
S1,343,14251000000,False,False,0.0,0.0,0.0,0,0.0,0.0,0
S1,344,14301000000,False,False,0.0,0.0,0.0,0,0.0,0.0,0
S1,345,14351000000,False,False,0.0,0.0,0.0,0,0.0,0.0,0
S1,346,14401000000,False,False,0.0,0.0,0.0,0,0.0,0.0,0
S1,347,14451000000,False,False,0.0,0.0,0.0,0,0.0,0.0,0
S1,348,14501000000,False,False,0.0,0.0,0.0,0,0.0,0.0,0
S1,349,14551000000,False,False,0.0,0.0,0.0,0,0.0,0.0,0
S1,350,14601000000,False,False,0.0,0.0,0.0,0,0.0,0.0,0
S1,351,14651000000,False,False,0.0,0.0,0.0,0,0.0,0.0,0
S1,352,14701000000,False,False,0.0,0.0,0.0,0,0.0,0.0,0
S1,353,14751000000,False,False,0.0,0.0,0.0,0,0.0,0.0,0
S1,354,14801000000,False,False,0.0,0.0,0.0,0,0.0,0.0,0
S1,355,14851000000,False,False,0.0,0.0,0.0,0,0.0,0.0,0
S1,356,14901000000,False,False,0.0,0.0,0.0,0,0.0,0.0,0
S1,357,14951000000,False,False,0.0,0.0,0.0,0,0.0,0.0,0
S1,358,15001000000,False,False,0.0,0.0,0.0,0,0.0,0.0,0
S1,359,15051000000,False,False,0.0,0.0,0.0,0,0.0,0.0,0
S1,360,15101000000,False,False,0.0,0.0,0.0,0,0.0,0.0,0
S1,361,15151000000,False,False,0.0,0.0,0.0,0,0.0,0.0,0
S1,362,15201000000,False,False,0.0,0.0,0.0,0,0.0,0.0,0
S1,363,15251000000,False,False,0.0,0.0,0.0,0,0.0,0.0,0
S1,364,15301000000,False,False,0.0,0.0,0.0,0,0.0,0.0,0
S1,365,15351000000,False,False,0.0,0.0,0.0,0,0.0,0.0,0
S1,366,15401000000,False,False,0.0,0.0,0.0,0,0.0,0.0,0
S1,367,15451000000,False,False,0.0,0.0,0.0,0,0.0,0.0,0
S1,368,15501000000,False,False,0.0,0.0,0.0,0,0.0,0.0,0
S1,369,15551000000,False,False,0.0,0.0,0.0,0,0.0,0.0,0
S1,370,15601000000,False,False,0.0,0.0,0.0,0,0.0,0.0,0
S1,371,15651000000,False,False,0.0,0.0,0.0,0,0.0,0.0,0
S1,372,15701000000,False,False,0.0,0.0,0.0,0,0.0,0.0,0
S1,373,15751000000,False,False,0.0,0.0,0.0,0,0.0,0.0,0
S1,374,15801000000,False,False,0.0,0.0,0.0,0,0.0,0.0,0
S1,375,15851000000,False,False,0.0,0.0,0.0,0,0.0,0.0,0
S1,376,15901000000,False,False,0.0,0.0,0.0,0,0.0,0.0,0
S1,377,15951000000,False,False,0.0,0.0,0.0,0,0.0,0.0,0
S1,378,16001000000,False,False,0.0,0.0,0.0,0,0.0,0.0,0
S1,379,16051000000,False,False,0.0,0.0,0.0,0,0.0,0.0,0
S1,380,16101000000,False,False,0.0,0.0,0.0,0,0.0,0.0,0
S1,381,16151000000,False,False,0.0,0.0,0.0,0,0.0,0.0,0
S1,382,16201000000,False,False,0.0,0.0,0.0,0,0.0,0.0,0
S1,383,16251000000,False,False,0.0,0.0,0.0,0,0.0,0.0,0
S1,384,16301000000,False,False,0.0,0.0,0.0,0,0.0,0.0,0
S1,385,16351000000,False,False,0.0,0.0,0.0,0,0.0,0.0,0
S1,386,16401000000,False,False,0.0,0.0,0.0,0,0.0,0.0,0
S1,387,16451000000,False,False,0.0,0.0,0.0,0,0.0,0.0,0
S1,388,16501000000,False,False,0.0,0.0,0.0,0,0.0,0.0,0
S1,389,16551000000,False,False,0.0,0.0,0.0,0,0.0,0.0,0
S1,390,16601000000,False,False,0.0,0.0,0.0,0,0.0,0.0,0
S1,391,16651000000,False,False,0.0,0.0,0.0,0,0.0,0.0,0
S1,392,16701000000,False,False,0.0,0.0,0.0,0,0.0,0.0,0
S1,393,16751000000,False,False,0.0,0.0,0.0,0,0.0,0.0,0
S1,394,16801000000,False,False,0.0,0.0,0.0,0,0.0,0.0,0
S1,395,16851000000,False,False,0.0,0.0,0.0,0,0.0,0.0,0
S1,396,16901000000,False,False,0.0,0.0,0.0,0,0.0,0.0,0
S1,397,16951000000,False,False,0.0,0.0,0.0,0,0.0,0.0,0
S1,398,17001000000,False,False,0.0,0.0,0.0,0,0.0,0.0,0
S1,399,17051000000,False,False,0.0,0.0,0.0,0,0.0,0.0,0
S1,400,17101000000,False,False,0.0,0.0,0.0,0,0.0,0.0,0
S1,401,17151000000,False,False,0.0,0.0,0.0,0,0.0,0.0,0
S1,402,17201000000,False,False,0.0,0.0,0.0,0,0.0,0.0,0
S1,403,17251000000,False,False,0.0,0.0,0.0,0,0.0,0.0,0
S1,404,17301000000,False,False,0.0,0.0,0.0,0,0.0,0.0,0
S1,405,17351000000,False,False,0.0,0.0,0.0,0,0.0,0.0,0
S1,406,17401000000,False,False,0.0,0.0,0.0,0,0.0,0.0,0
S1,407,17451000000,False,False,0.0,0.0,0.0,0,0.0,0.0,0
S1,408,17501000000,False,False,0.0,0.0,0.0,0,0.0,0.0,0
S1,409,17551000000,False,False,0.0,0.0,0.0,0,0.0,0.0,0
S1,410,17601000000,False,False,0.0,0.0,0.0,0,0.0,0.0,0
S1,411,17651000000,False,False,0.0,0.0,0.0,0,0.0,0.0,0
S1,412,17701000000,False,False,0.0,0.0,0.0,0,0.0,0.0,0
S1,413,17751000000,False,False,0.0,0.0,0.0,0,0.0,0.0,0
S1,414,17801000000,False,False,0.0,0.0,0.0,0,0.0,0.0,0
S1,415,17851000000,False,False,0.0,0.0,0.0,0,0.0,0.0,0
S1,416,17901000000,False,False,0.0,0.0,0.0,0,0.0,0.0,0
S1,417,17951000000,False,False,0.0,0.0,0.0,0,0.0,0.0,0
S1,418,18001000000,False,False,0.0,0.0,0.0,0,0.0,0.0,0
S1,419,18051000000,False,False,0.0,0.0,0.0,0,0.0,0.0,0
S1,420,18101000000,False,False,0.0,0.0,0.0,0,0.0,0.0,0
S1,421,18151000000,False,False,0.0,0.0,0.0,0,0.0,0.0,0
S1,422,18201000000,False,False,0.0,0.0,0.0,0,0.0,0.0,0
S1,423,18251000000,False,False,0.0,0.0,0.0,0,0.0,0.0,0
S1,424,18301000000,False,False,0.0,0.0,0.0,0,0.0,0.0,0
S1,425,18351000000,False,False,0.0,0.0,0.0,0,0.0,0.0,0
S1,426,18401000000,False,False,0.0,0.0,0.0,0,0.0,0.0,0
S1,427,18451000000,False,False,0.0,0.0,0.0,0,0.0,0.0,0
S1,428,18501000000,False,False,0.0,0.0,0.0,0,0.0,0.0,0
S1,429,18551000000,False,False,0.0,0.0,0.0,0,0.0,0.0,0
S1,430,18601000000,False,False,0.0,0.0,0.0,0,0.0,0.0,0
S1,431,18651000000,False,False,0.0,0.0,0.0,0,0.0,0.0,0
S1,432,18701000000,False,False,0.0,0.0,0.0,0,0.0,0.0,0
S1,433,18751000000,False,False,0.0,0.0,0.0,0,0.0,0.0,0
S1,434,18801000000,False,False,0.0,0.0,0.0,0,0.0,0.0,0
S1,435,18851000000,False,False,0.0,0.0,0.0,0,0.0,0.0,0
S1,436,18901000000,False,False,0.0,0.0,0.0,0,0.0,0.0,0
S1,437,18951000000,False,False,0.0,0.0,0.0,0,0.0,0.0,0
S1,438,19001000000,False,False,0.0,0.0,0.0,0,0.0,0.0,0
S1,439,19051000000,False,False,0.0,0.0,0.0,0,0.0,0.0,0
S1,440,19101000000,False,False,0.0,0.0,0.0,0,0.0,0.0,0
S1,441,19151000000,False,False,0.0,0.0,0.0,0,0.0,0.0,0
S1,442,19201000000,False,False,0.0,0.0,0.0,0,0.0,0.0,0
S1,443,19251000000,False,False,0.0,0.0,0.0,0,0.0,0.0,0
S1,444,19301000000,False,False,0.0,0.0,0.0,0,0.0,0.0,0
S1,445,19351000000,False,False,0.0,0.0,0.0,0,0.0,0.0,0
S1,446,19401000000,False,False,0.0,0.0,0.0,0,0.0,0.0,0
S1,447,19451000000,False,False,0.0,0.0,0.0,0,0.0,0.0,0
S1,448,19501000000,False,False,0.0,0.0,0.0,0,0.0,0.0,0
S1,449,19551000000,False,False,0.0,0.0,0.0,0,0.0,0.0,0
S1,450,19601000000,False,False,0.0,0.0,0.0,0,0.0,0.0,0
S1,451,19651000000,False,False,0.0,0.0,0.0,0,0.0,0.0,0
S1,452,19701000000,False,False,0.0,0.0,0.0,0,0.0,0.0,0
S1,453,19751000000,False,False,0.0,0.0,0.0,0,0.0,0.0,0
S1,454,19801000000,False,False,0.0,0.0,0.0,0,0.0,0.0,0
S1,455,19851000000,False,False,0.0,0.0,0.0,0,0.0,0.0,0
S1,456,19901000000,False,False,0.0,0.0,0.0,0,0.0,0.0,0
S1,457,19951000000,False,False,0.0,0.0,0.0,0,0.0,0.0,0
S1,458,20001000000,False,False,0.0,0.0,0.0,0,0.0,0.0,0
S1,459,20051000000,False,False,0.0,0.0,0.0,0,0.0,0.0,0
S1,460,20101000000,False,False,0.0,0.0,0.0,0,0.0,0.0,0
S1,461,20151000000,False,False,0.0,0.0,0.0,0,0.0,0.0,0
S1,462,20201000000,False,False,0.0,0.0,0.0,0,0.0,0.0,0
S1,463,20251000000,False,False,0.0,0.0,0.0,0,0.0,0.0,0
S1,464,20301000000,False,False,0.0,0.0,0.0,0,0.0,0.0,0
S1,465,20351000000,False,False,0.0,0.0,0.0,0,0.0,0.0,0
S1,466,20401000000,False,False,0.0,0.0,0.0,0,0.0,0.0,0
S1,467,20451000000,False,False,0.0,0.0,0.0,0,0.0,0.0,0
S1,468,20501000000,False,False,0.0,0.0,0.0,0,0.0,0.0,0
S1,469,20551000000,False,False,0.0,0.0,0.0,0,0.0,0.0,0
S1,470,20601000000,False,False,0.0,0.0,0.0,0,0.0,0.0,0
S1,471,20651000000,False,False,0.0,0.0,0.0,0,0.0,0.0,0
S1,472,20701000000,False,False,0.0,0.0,0.0,0,0.0,0.0,0
S1,473,20751000000,False,False,0.0,0.0,0.0,0,0.0,0.0,0
S1,474,20801000000,False,False,0.0,0.0,0.0,0,0.0,0.0,0
S1,475,20851000000,False,False,0.0,0.0,0.0,0,0.0,0.0,0
S1,476,20901000000,False,False,0.0,0.0,0.0,0,0.0,0.0,0
S1,477,20951000000,False,False,0.0,0.0,0.0,0,0.0,0.0,0
S1,478,21001000000,False,False,0.0,0.0,0.0,0,0.0,0.0,0
S1,479,21051000000,False,False,0.0,0.0,0.0,0,0.0,0.0,0
S1,480,21101000000,False,False,0.0,0.0,0.0,0,0.0,0.0,0
S1,481,21151000000,False,False,0.0,0.0,0.0,0,0.0,0.0,0
S2,83,1235000000,True,False,0.0,0.0,0.0,0,0.0,0.0,0
S2,84,1285000000,True,False,0.0,0.0,0.0,0,0.0,0.0,0
S2,85,1335000000,True,False,0.0,0.0,0.0,0,0.0,0.0,0
S2,86,1385000000,True,False,0.0,0.0,0.0,0,0.0,0.0,0
S2,87,1435000000,True,False,0.0,0.0,0.0,0,0.0,0.0,0
S2,88,1485000000,True,False,0.002999940079462249,0.00014999700397311244,1.4825982096786022e-08,4.499516355893629e-05,0.004499910119193373,1.3343376390094772e-05,0.0013474034949086944
S2,89,1535000000,True,False,0.080999869533116,0.0040499934766558,5.110162754153386e-06,0.0012108408673274784,0.121499804299674,0.004597262951250248,0.03444994749207131
S2,90,1585000000,True,False,0.14823228411842138,0.007411614205921069,1.9172390802266523e-05,0.002197727515337533,0.22234842617763206,0.017231494518843055,0.05936870887797141
S2,91,1635000000,True,False,0.22623221593676135,0.011311610796838067,4.341773518301607e-05,0.003325835460519122,0.339348323905142,0.038951263250119585,0.08379243207394194
S2,92,1685000000,True,False,0.27770474553108215,0.013885237276554108,7.203484641644112e-05,0.004019842930264916,0.41655711829662323,0.06451982246872222,0.09563344495002424
S2,93,1735000000,True,False,0.2955434028990567,0.014777170144952834,9.702201622448518e-05,0.004230305934360246,0.443315104348585,0.08684469214929537,0.0981628096206546
S2,94,1785000000,True,False,0.29254345572553575,0.014627172786276788,0.00011492636145755164,0.004118235858157182,0.4388151835883036,0.10288226751235724,0.09501578607000571
S2,95,1835000000,True,False,0.24620912154205143,0.012310456077102572,0.00011378567984494563,0.003435665683974465,0.36931368231307715,0.10202014085801733,0.08304770341767898
S2,96,1885000000,True,False,0.24320917727891356,0.012160458863945678,0.0001280193316811993,0.0033447211756395534,0.36481376591837034,0.11479255016966987,0.08059786484895404
S2,97,1935000000,True,False,0.1652092396398075,0.008260461981990375,9.70047714451626e-05,0.0022585847427052386,0.24781385945971124,0.08715563037356122,0.05886513332248133
S2,98,1985000000,True,False,0.12462213562685065,0.0062311067813425325,8.099787238880063e-05,0.0016918599495245878,0.18693320344027597,0.07282743137818695,0.04574815925480158
S2,99,2035000000,True,False,0.04662220744648948,0.002331110372324474,3.053224736504417e-05,0.0006322103227277553,0.06993331116973422,0.027475293901556636,0.01828770240475397
S2,100,2085000000,True,False,0.011500624259497272,0.0005750312129748636,7.480076463740239e-06,0,0.017250936389245908,0.006732013228586279,0
S2,101,2135000000,True,False,0.08950055416789837,0.004475027708394919,5.324772374624983e-05,0,0.13425083125184756,0.0478989903474802,0
S2,102,2185000000,True,False,0.1257986223208718,0.00628993111604359,7.429697606286159e-05,0,0.1886979334813077,0.06680124088792634,0
S2,103,2235000000,True,True,0.19228146993555129,0.009614073496777564,0.0001060504503627213,0,0.28842220490332693,0.09522530215408724,0.02792724701506899
S2,104,2285000000,True,True,0.19528141274349764,0.009764070637174882,0.00010690935494481653,0,0.29292211911524646,0.09598956264110799,0.03503718035348147
S2,105,2335000000,True,True,0.213945924770087,0.01069729623850435,0.000114193619181666,0,0.3209188871551305,0.10248090234249314,0.04599281108848052
S2,106,2385000000,True,True,0.21694586757803336,0.010847293378901668,0.00011660243373920996,0,0.32541880136705004,0.10463419805905973,0.0535627706599241
S2,107,2435000000,True,True,0.22448944218922406,0.011224472109461203,0.00012268298072429958,0,0.3367341632838361,0.11006773053226246,0.06059660394618571
S2,108,2485000000,True,True,0.2202895047958009,0.011014475239790045,0.00012154113480048659,0,0.33043425719370134,0.10905602395414178,0.06601600904838367
S2,109,2535000000,True,True,0.1597667287569493,0.007988336437847465,8.995479976192643e-05,0,0.23965009313542396,0.08083038798729736,0.04901077902712492
S2,110,2585000000,True,True,0.15676678594900295,0.007838339297450148,8.885416775793229e-05,0,0.23515017892350443,0.07984613157277166,0.05303460997562559
S2,111,2635000000,True,True,0.08435084600932896,0.004217542300466448,4.8931186335910646e-05,0,0.12652626901399344,0.04401850957736787,0.02872753942023243
S2,112,2685000000,True,True,0.08135090683936141,0.004067545341968071,4.749564182255249e-05,0,0.12202636025904212,0.04272841943622209,0.029409709462498324
S2,113,2735000000,True,True,0.0039735182326694485,0.00019867591163347242,2.361244898812153e-06,5.919892679828731e-05,0.005960277349004173,0.0021251183141867648,0.001771623688720747
S2,114,2785000000,True,True,0.006973458494030638,0.0003486729247015319,4.1692309823818515e-06,0.00010386989949684455,0.010460187741045956,0.0037522964923639326,0.0031026899456884083
S2,115,2835000000,True,True,0.07736200495855883,0.0038681002479279414,4.682680284797022e-05,0.0011469901766337776,0.11604300743783824,0.042128378211693074,0.03268424133320458
S2,116,2885000000,True,True,0.08036194412852637,0.004018097206426319,4.885258751222653e-05,0.001188195135944481,0.12054291619278956,0.04394960490764196,0.03377464294539445
S2,117,2935000000,True,True,0.18426842871122062,0.009213421435561031,0.0001126976945974718,0.002697644298752966,0.27640264306683093,0.10121309830442167,0.07047037714095239
S2,118,2985000000,True,True,0.1884683602838777,0.009423418014193885,0.00011476393390316774,0.002740746329597088,0.28270254042581655,0.10305869785203987,0.07118371845797955
S2,119,3035000000,True,True,0.290812662569806,0.014540633128490299,0.00017647058670432227,0.004160872344850186,0.43621899385470897,0.15798672787177045,0.09703011253376881
S2,120,3085000000,True,True,0.29381260101217777,0.014690630050608888,0.00017877212616161948,0.004157685133307276,0.44071890151826665,0.16002965793777202,0.09606082889884227
S2,121,3135000000,True,True,0.41181253327522427,0.020590626663761213,0.0002513267790030016,0.005689054361953327,0.6177187999128364,0.2238093749073338,0.11119233301942522
S2,122,3185000000,True,True,0.4459683405002579,0.022298417025012895,0.00027221256078851103,0.006046204508576736,0.6689525107503869,0.24196439848265217,0.11017995949675541
S2,123,3235000000,True,True,0.5601186770945787,0.028005933854728937,0.00034192241100253483,0.007324371436608468,0.8401780156418681,0.3017498578718279,0.10420660038643714
S2,124,3285000000,True,True,0.5654690088704228,0.028273450443521142,0.0003463226384729388,0.00720663898851448,0.8482035133056343,0.3055177584051966,0.09829673230526337
S2,125,3335000000,True,True,0.6624340312555432,0.03312170156277716,0.00040746422552882263,0.008041775587988798,0.9936510468833148,0.35678087171972545,0.08872352643962034
S2,126,3385000000,True,True,0.6654339784290642,0.03327169892145321,0.0004068974085062549,0.007804665818168632,0.9981509676435962,0.3561954768683138,0.08225600099129904
S2,127,3435000000,True,True,0.723774079233408,0.0361887039616704,0.00044167237683395526,0.007980766180421206,1.085661118850112,0.38467416259831616,0.07228191575343801
S2,128,3485000000,True,True,0.723774079233408,0.0361887039616704,0.0004417276350053919,0.007811122425838368,1.085661118850112,0.3847222896534344,0.06903900568731025
S2,129,3535000000,True,True,0.722886121366173,0.03614430606830865,0.0004543163692245431,0.007108785403429074,1.0843291820492595,0.3957183777892771,0.05675925253531555
S2,130,3585000000,True,True,0.722886121366173,0.03614430606830865,0.0004543163703419243,0.0069317644754171015,1.0843291820492595,0.39571837876253785,0.0538628890119196
S2,131,3635000000,True,True,0.6311477045528591,0.03155738522764295,0.0004191284302286081,0.005490093700939891,0.9467215568292886,0.3679274985001781,0.043685095499984894
S2,132,3685000000,True,True,0.6311477045528591,0.03155738522764295,0.0004191284312160268,0.005350397179961441,0.9467215568292886,0.3679274993669732,0.04144730028093313
S2,133,3735000000,True,True,0.536377658136189,0.02681888290680945,0.0003578687633393758,0.0041270548419223285,0.8045664872042835,0.3163382901152005,0.03369654767552033
S2,134,3785000000,True,True,0.536377658136189,0.02681888290680945,0.00035786876491523343,0.004023563184347934,0.8045664872042835,0.31633829150818066,0.032014760284722055
S2,135,3835000000,True,True,0.42397625220473856,0.021198812610236928,0.0002786235727066862,0.0029049621005839965,0.6359643783071078,0.24795971137175465,0.02630678420402266
S2,136,3885000000,True,True,0.4239762492943555,0.021198812464717776,0.0002786235704621876,0.00283912677057907,0.6359643739415333,0.24795970941256304,0.02512508492026344
S2,137,3935000000,True,True,0.3511568938847631,0.017557844694238156,0.00023337009664926346,0.0021660223557701253,0.5267353408271447,0.2084211418198035,0.021095667513982175
S2,138,3985000000,True,True,0.3511568938847631,0.017557844694238156,0.00023337009576334636,0.0021202813727901892,0.5267353408271447,0.2084211410285974,0.020215554755831144
S2,139,4035000000,True,True,0.25643539265729487,0.012821769632864743,0.00017139870433065043,0.0014443754363503425,0.3846530889859423,0.1536265818170967,0.01733093607465952
S2,140,4085000000,True,True,0.25643539265729487,0.012821769632864743,0.00017139870529515858,0.0014197686346127947,0.3846530889859423,0.1536265826815962,0.016745810464309563
S2,141,4135000000,True,True,0.1734355158987455,0.008671775794937275,0.00011252922691927493,0.000923973835182057,0.26015327384811826,0.10108625984040061,0.015200167427870115
S2,142,4185000000,True,True,0.15194948355201632,0.007597474177600816,9.858860837939792e-05,0.0007935862677455052,0.22792422532802448,0.08860192288842446,0.014203567376992354
S2,143,4235000000,True,True,0.0859867432154715,0.004299337160773575,5.457487761199737e-05,0.00044009093058949844,0.12898011482320726,0.04909472173952821,0.010141829872846286
S2,144,4285000000,True,True,0.04498686575971078,0.002249343287985539,2.801541659725689e-05,0.0002258341548474485,0.06748029863956617,0.025210689373559258,0.0059398543730426745
S2,145,4335000000,True,True,0.004986871997925135,0.00024934359989625676,3.1055578944452377e-06,2.5100000094036012e-05,0.007480307996887703,0.002794997765542494,0.0007427889164131063
S2,146,4385000000,True,True,0.017702897730487166,0.0008851448865243583,1.0723644483033454e-05,8.937375501771871e-05,0.02655434659573075,0.009651091206274746,0.002552353916304373
S2,147,4435000000,True,True,0.057702892809174955,0.0028851446404587477,3.5202010207970245e-05,0.0002891878690709504,0.08655433921376243,0.03167522402833574,0.007299507511379977
S2,148,4485000000,True,True,0.1375987456412986,0.00687993728206493,8.922413089538408e-05,0.0006631633253350033,0.2063981184619479,0.08020684412501679,0.011995730203385513
S2,149,4535000000,True,True,0.150713007315062,0.007535650365753099,9.881828917852272e-05,0.0007168394040673043,0.22606951097259298,0.08881041332593248,0.012014134330340043
S2,150,4585000000,True,True,0.12705659901257604,0.006352829950628802,8.947968498347148e-05,0.0005778701317376012,0.19058489851886407,0.0804505860849955,0.010588790214358434
S2,151,4635000000,True,True,0.12705659901257604,0.006352829950628802,9.031935620664179e-05,0.0005717375005950265,0.19058489851886407,0.0812055288637417,0.01040184342941941
S2,152,4685000000,True,True,0.08696240256540477,0.004348120128270239,6.342396478858249e-05,0.0003772258331874445,0.13044360384810716,0.05705462355821442,0.00815920086199462
S2,153,4735000000,True,True,0.08207562495954335,0.004103781247977167,5.985991223663634e-05,0.0003536535545997088,0.12311343743931502,0.05385126772935124,0.007797251645793701
S2,154,4785000000,True,True,0.07787569775246084,0.003893784887623042,5.645256905953703e-05,0.0003284673259023041,0.11681354662869126,0.050788078509092824,0.0073207662033274445
S2,155,4835000000,True,True,0.020813038645428605,0.0010406519322714303,1.4999549803876993e-05,8.779080150023155e-05,0.031219557968142908,0.013499229746702649,0.0024537104177818625
S2,156,4885000000,True,True,0.016613112074992387,0.0008306556037496193,1.1854913211119404e-05,6.972622712553278e-05,0.02491966811248858,0.010669238051245696,0.001977116172396376
S2,157,4935000000,True,True,0.04836115476791747,0.0024180577383958735,3.337618299332448e-05,0,0.0725417321518762,0.030034178939158288,0
S2,158,4985000000,True,True,0.05136109502927866,0.002568054751463933,3.537247346617093e-05,0,0.07704164254391799,0.03182998353922519,0
S2,159,5035000000,True,True,0.11980910348938778,0.005990455174469389,7.75647672930003e-05,0,0.17971365523408167,0.06974575483072305,0
S2,160,5085000000,True,True,0.12280905575607903,0.006140452787803952,7.915359608136624e-05,0,0.18421358363411855,0.0711711851027848,0
S2,161,5135000000,True,True,0.16468808462377638,0.008234404231188819,9.988946645566277e-05,0,0.24703212693566456,0.08974839860621016,0
S2,162,5185000000,True,True,0.16888801037566736,0.008444400518783368,0.00010099803950178015,0,0.25333201556350105,0.0907364867403311,0
S2,163,5235000000,True,True,0.1958372158696875,0.009791860793484375,0.00011073485992189273,0,0.29375582380453125,0.0994229780366293,0
S2,164,5285000000,True,True,0.19883715285686776,0.009941857642843388,0.0001115595254682084,0,0.29825572928530164,0.10015599446563991,0
S2,165,5335000000,True,True,0.22645722492597997,0.011322861246298999,0.00012100922198119296,0,0.33968583738896996,0.10856006303868036,0
S2,166,5385000000,True,True,0.22945717500988394,0.011472858750494197,0.000122299567341284,0,0.3441857625148259,0.10970828633254778,0
S2,167,5435000000,True,True,0.2505471056792885,0.012527355283964425,0.00012965303184990902,0,0.37582065851893276,0.11623114472828956,0
S2,168,5485000000,True,True,0.254747032886371,0.01273735164431855,0.00012967836602159486,0,0.3821205493295565,0.11623844250956526,0
S2,169,5535000000,True,True,0.3329742408823222,0.01664871204411611,0.00015423471791301016,0,0.4994613613234833,0.13785307958970966,0
S2,170,5585000000,True,True,0.34288324241060764,0.017144162120530382,0.00015537404393418927,0,0.5143248636159115,0.13881326187943369,0
S2,171,5635000000,True,True,0.3653434687294066,0.01826717343647033,0.00016521869161090515,0,0.5480152030941099,0.14746185850122503,0
S2,172,5685000000,True,True,0.3623435215558857,0.018117176077794284,0.00016721750222829467,0,0.5435152823338285,0.14926622288679572,0
S2,173,5735000000,True,True,0.3246109117753804,0.01623054558876902,0.00015547377663568824,0,0.48691636766307056,0.1390083188114047,0
S2,174,5785000000,True,True,0.32161096460185945,0.016080548230092973,0.00016242910423464247,0,0.4824164469027892,0.14524464293227157,0
S2,175,5835000000,True,True,0.27702192892320454,0.013851096446160227,0.00014889796639992807,0,0.4155328933848068,0.13336736639609018,0
S2,176,5885000000,True,True,0.27402199048083276,0.013701099524041638,0.00015749365395134165,0,0.41103298572124913,0.14108106562037667,0
S2,177,5935000000,True,True,0.25455275317654014,0.012727637658827007,0.00015426384363620261,0,0.3818291297648102,0.138276725159075,0
S2,178,5985000000,True,True,0.25755268579814583,0.012877634289907292,0.00015628722378665166,0,0.38632902869721875,0.14007696592644212,0
S2,179,6035000000,True,True,0.2731457643676549,0.013657288218382746,0.00016827711003693252,0,0.4097186465514824,0.15074528203493992,0
S2,180,6085000000,True,True,0.2773456886643544,0.01386728443321772,0.00017118834406738162,0,0.4160185329965316,0.1533310567585096,0
S2,181,6135000000,True,True,0.30910622444935143,0.015455311222467571,0.00019047550666819997,0,0.46365933667402714,0.17040781917882994,0
S2,182,6185000000,True,True,0.3121061628917232,0.01560530814458616,0.00019269148348564455,0,0.4681592443375848,0.17237025024554217,0
S2,183,6235000000,True,True,0.3267870924901217,0.016339354624506086,0.0001992347962413048,0,0.4901806387351826,0.17811904054032487,0
S2,184,6285000000,True,True,0.32934920163825154,0.016467460081912577,0.00020137516611920867,0,0.4940238024573773,0.18001364572311376,0
S2,185,6335000000,True,True,0.33359782537445426,0.016679891268722713,0.00020348291461186885,0,0.5003967380616814,0.18186578145370844,0
S2,186,6385000000,True,True,0.337314311764203,0.01686571558821015,0.0002068539895158305,0,0.5059714676463045,0.18484991042719703,0
S2,187,6435000000,True,True,0.3421805158723146,0.01710902579361573,0.00021180410651531467,0,0.5132707738084719,0.189234334897291,0
S2,188,6485000000,True,True,0.3379805799340829,0.016899028996704146,0.0002102253997184091,0,0.5069708699011244,0.18785740273062582,0.0030057230606713725
S2,189,6535000000,True,True,0.22322611621348187,0.011161305810674094,0.00013668954186139877,0,0.3348391743202228,0.12263835763936787,0
S2,190,6585000000,True,True,0.218923159991391,0.01094615799956955,0.00013472734109598426,0,0.3283847399870865,0.12089223109239398,0
S2,191,6635000000,True,True,0.1792714698240161,0.008963573491200805,0.0001134072977149515,0,0.26890720473602414,0.10186194483196698,0
S2,192,6685000000,True,True,0.17627152556087822,0.00881357627804391,0.00011215468407137445,0,0.2644072883413173,0.10074356351202456,0
S2,193,6735000000,True,True,0.15209225384751335,0.007604612692375667,0.00010003105898695107,0,0.22813838077127002,0.0898980145380208,0
S2,194,6785000000,True,True,0.15209225239232183,0.007604612619616091,0.0001000310566467785,0,0.22813837858848274,0.08989801243739037,0
S2,195,6835000000,True,True,0.20838089403696358,0.010419044701848179,0.00014260338633610513,0,0.3125713410554454,0.1279954998435909,0
S2,196,6885000000,True,True,0.20838089403696358,0.010419044701848179,0.00014260338861513407,0,0.3125713410554454,0.12799550188916256,0
S2,197,6935000000,True,True,0.22930015984456986,0.011465007992228493,0.00016121550213155572,0,0.3439502397668548,0.14461830440547807,0.008943135533073798
S2,198,6985000000,True,True,0.22930015984456986,0.011465007992228493,0.00016121550175569015,0,0.3439502397668548,0.14461830406830803,0.011261284545913464
S2,199,7035000000,True,True,0.23298378800973296,0.011649189400486648,0.0001674404225122933,0,0.34947568201459944,0.15018638872680734,0.021976725807775432
S2,200,7085000000,True,True,0.23298378800973296,0.011649189400486648,0.00016744042407583406,0,0.34947568201459944,0.15018639012923182,0.024322433869232385
S2,201,7135000000,True,True,0.24328040308319032,0.012164020154159516,0.000177786931198839,0,0.3649206046247855,0.15941788454469089,0.03755915380116248
S2,202,7185000000,True,True,0.24328040308319032,0.012164020154159516,0.00017778693322754102,0,0.3649206046247855,0.15941788636378626,0.03998128947035673
S2,203,7235000000,True,True,0.22732448996976018,0.011366224498488009,0.00016579445065940745,0,0.34098673495464027,0.14873423052640264,0.04383351305690031
S2,204,7285000000,True,True,0.22732448996976018,0.011366224498488009,0.0001657944491163394,0,0.34098673495464027,0.14873422914211604,0.046127056368371555
S2,205,7335000000,True,True,0.20851149747613817,0.010425574873806909,0.00015602660385977945,0,0.31276724621420726,0.14004320473711762,0.04838011684149013
S2,206,7385000000,True,True,0.20851149747613817,0.010425574873806909,0.00015602660470890586,0,0.31276724621420726,0.1400432054992593,0.050517042630454534
S2,207,7435000000,True,True,0.21967252541799098,0.010983626270899549,0.0001668918495084159,0,0.3295087881269865,0.14975070123337128,0.06085779008649539
S2,208,7485000000,True,True,0.21967252541799098,0.010983626270899549,0.0001668918484208603,0,0.3295087881269865,0.1497507002575164,0.0653035338935738
S2,209,7535000000,True,True,0.25921399355866015,0.012960699677933007,0.0001969264951954619,0,0.3888209903379902,0.17649162627273352,0.08457191573925016
S2,210,7585000000,True,True,0.28182113892398775,0.014091056946199387,0.00021396197082341106,0.003912085014406097,0.4227317083859816,0.19161284076416135,0.10083963279590191
S2,211,7635000000,True,True,0.28182115056551993,0.014091057528275996,0.00021396198292295357,0.004184008248699245,0.4227317258482799,0.19161285152128946,0.10040337200654503
S2,212,7685000000,True,True,0.26950842584483325,0.013475421292241663,0.00020368230475757706,0.0039251902774689595,0.4042626387672499,0.18248431858672393,0.09445472569574398
S2,213,7735000000,True,True,0.26950842584483325,0.013475421292241663,0.00020368230331381035,0.0039062412300455707,0.4042626387672499,0.18248431729321551,0.09377875542431069
S2,214,7785000000,True,True,0.24701884831301868,0.012350942415650934,0.00018500173133780576,0.0035131871760234468,0.370528272469528,0.1658682513560887,0.08555930993969485
S2,215,7835000000,True,True,0.24701884831301868,0.012350942415650934,0.00018500172911403086,0.0034968183472415815,0.370528272469528,0.16586824936230382,0.08498684636800202
S2,216,7885000000,True,True,0.22020572214387357,0.011010286107193679,0.00016422796074746804,0.003061755527373089,0.33030858321581036,0.1473582564570723,0.07594203599168559
S2,217,7935000000,True,True,0.22020572214387357,0.011010286107193679,0.0001642279608936192,0.003048431218711234,0.33030858321581036,0.1473582565882106,0.07548530166921275
S2,218,7985000000,True,True,0.19200870883651078,0.009600435441825539,0.0001428201697634796,0.002614319553591815,0.28801306325476617,0.12824257523122867,0.0662556576097586
S2,219,8035000000,True,True,0.19200870883651078,0.009600435441825539,0.00014282016986027563,0.0026039810891232973,0.28801306325476617,0.12824257531814476,0.06590799841220818
S2,220,8085000000,True,True,0.1878087772638537,0.009390438863192685,0.00013950958902394088,0.0025168532625934326,0.28171316589578055,0.1252823859152375,0.06373512273712134
S2,221,8135000000,True,True,0.1761534222168848,0.00880767111084424,0.00013137457605499997,0.0023437038780436126,0.2642301333253272,0.1180082442515531,0.059945243909597434
S2,222,8185000000,True,True,0.17195349355461076,0.008597674677730538,0.00012820539809220446,0.0022620897422784836,0.25793024033191614,0.11517202109761107,0.05792020021593003
S2,223,8235000000,True,True,0.1522213569842279,0.007611067849211395,0.00011373426706897077,0.0019901234618773245,0.22833203547634184,0.10221285081378027,0.05193354851420939
S2,224,8285000000,True,True,0.14802142686676234,0.007401071343338117,0.00011019282762084618,0.0019158458084508334,0.2220321403001435,0.09903796202611725,0.05008831150430704
S2,225,8335000000,True,True,0.12517065624706447,0.0062585328123532236,9.286236434904182e-05,0.0016118653556783658,0.1877559843705967,0.08349441048955926,0.04309893137867271
S2,226,8385000000,True,True,0.1209707283123862,0.00604853641561931,8.929939426409322e-05,0.0015446659016025155,0.1814560924685793,0.08029605583049687,0.04140943785676032
S2,227,8435000000,True,True,0.11313073628116399,0.0056565368140581995,8.27612606913334e-05,0.0014373096829632948,0.16969610442174599,0.07442563841210405,0.038805079460335734
S2,228,8485000000,True,True,0.10966353220283054,0.005483176610141527,7.962531517513124e-05,0.0013823891026850665,0.1644952983042458,0.07160899570971617,0.0374023280324044
S2,229,8535000000,True,True,0.10557323548709974,0.005278661774354987,7.498013976010207e-05,0.0013243298903294898,0.1583598532306496,0.06743518257201449,0.03595223581267337
S2,230,8585000000,True,True,0.10977316269418225,0.005488658134709112,7.763553674433044e-05,0.001366339617396406,0.16465974404127337,0.06981943436659209,0.036880054780045635
S2,231,8635000000,True,True,0.13009131362196058,0.006504565681098029,9.144591875043744e-05,0.0016080981219755985,0.19513697043294087,0.08221440738219446,0.04240598789943184
S2,232,8685000000,True,True,0.13037454918958247,0.006518727459479123,9.123983324350523e-05,0.0015961496603141834,0.1955618237843737,0.08202874842956957,0.04198889924066518
S2,233,8735000000,True,True,0.1305633777519688,0.00652816888759844,9.087759054390702e-05,0.001588058594567232,0.1958450666279532,0.08170282443154457,0.04170702353106848
S2,234,8785000000,True,True,0.12711019080597907,0.006355509540298954,8.80678506951135e-05,0.0015310364429900192,0.1906652862089686,0.0791811479746271,0.040282368365574084
S2,235,8835000000,True,True,0.12305261043366045,0.006152630521683022,8.44560380925837e-05,0.0014730299623666454,0.18457891565049067,0.07593860724791884,0.03888646092506243
S2,236,8885000000,True,True,0.12641413050005212,0.006320706525002606,8.721288257761294e-05,0.0014986005388069046,0.1896211957500782,0.07841331656349304,0.03932531540819173
S2,237,8935000000,True,True,0.13025781663600355,0.006512890831800178,9.0597332324827e-05,0.0015334204314090272,0.19538672495400533,0.08145126570356903,0.039993856806976535
S2,238,8985000000,True,True,0.1344577394775115,0.006722886973875575,9.290974995980602e-05,0.0015661348608423387,0.20168660921626724,0.08352443914138234,0.040539971939789976
S2,239,9035000000,True,True,0.15467389312107116,0.007733694656053558,0.00010590192962032072,0.0017854246334036983,0.23201083968160674,0.09516946503703101,0.04494812056825381
S2,240,9085000000,True,True,0.15887382469372824,0.007943691234686412,0.00010778004299942265,0.0018102365846559554,0.23831073704059236,0.09684927887463256,0.045154655223651585
S2,241,9135000000,True,True,0.17854415636975318,0.008927207818487659,0.00011906198609480744,0.0020127761133700295,0.2678162345546298,0.1069426997032727,0.04870960051901507
S2,242,9185000000,True,True,0.18274408066645265,0.009137204033322632,0.00012078560466958632,0.0020283634931620442,0.27411612099967897,0.10848059045646988,0.04853159657320949
S2,243,9235000000,True,True,0.19501698261592537,0.009750849130796269,0.0001272752389629888,0.0021268220277834704,0.29252547392388806,0.11427599843763354,0.04963822586045974
S2,244,9285000000,True,True,0.19801692542387173,0.009900846271193586,0.00012833394847302633,0.0021341172814995923,0.2970253881358076,0.11521809110447878,0.04934531299382039
S2,245,9335000000,True,True,0.21067245688755065,0.010533622844377533,0.00013154484156641157,0.002225896510831271,0.316008685331326,0.11806267893322071,0.050002044455697
S2,246,9385000000,True,True,0.2148723797290586,0.01074361898645293,0.0001328200074826009,0.002239937768975131,0.3223085695935879,0.1191938439679373,0.04965679076176599
S2,247,9435000000,True,True,0.22743208683095872,0.011371604341547936,0.00013410202371265455,0.0023182313922840425,0.3411481302464381,0.12030258106690433,0.049710924387339483
S2,248,9485000000,True,True,0.22956325265113264,0.011478162632556632,0.00013433112292547062,0.0023047914734316555,0.34434487897669896,0.12050077354414467,0.04883990824760287
S2,249,9535000000,True,True,0.2325360692339018,0.01162680346169509,0.0001271746652730404,0.0022797885045803268,0.3488041038508527,0.11407133429571038,0.047417908445501755
S2,250,9585000000,True,True,0.23363387008430436,0.011681693504215218,0.0001263321446090522,0.002253605438019779,0.35045080512645654,0.11331199922677425,0.046344235975138925
S2,251,9635000000,True,True,0.2343657542951405,0.011718287714757025,0.00011683957122464899,0.0022044214887922964,0.35154863144271076,0.10479551461031084,0.04460665111216422
S2,252,9685000000,True,True,0.2351626375457272,0.01175813187728636,0.00011622214455567915,0.002173985845605353,0.3527439563185908,0.10423929688639419,0.04346186707664723
S2,253,9735000000,True,True,0.23595953825861216,0.011797976912930608,0.00010924991622836063,0.0021236016332765173,0.35393930738791823,0.09798362773245031,0.041678861839777315
S2,254,9785000000,True,True,0.23573877406306565,0.011786938703153282,0.00010815709984021823,0.002082998659984958,0.35360816109459847,0.09700413801811647,0.04042491632177414
S2,255,9835000000,True,True,0.23551800404675305,0.011775900202337652,0.0001023194865284504,0.0020229163531215733,0.3532770060701296,0.09176908516132123,0.038551779449271906
S2,256,9885000000,True,True,0.23955947544891387,0.011977973772445694,0.00010270617629425899,0.0020173683571211853,0.3593392131733708,0.09210485361353525,0.03752986400407543
S2,257,9935000000,True,True,0.24593333364464343,0.012296666682232171,0.0001001203885557543,0.002006195704842395,0.36890000046696514,0.08976861388875744,0.035814610104252353
S2,258,9985000000,True,True,0.2462843229295686,0.01231421614647843,9.890929971561613e-05,0.001965928759645408,0.3694264843943529,0.08868178626276171,0.034459970533553985
S2,259,10035000000,True,True,0.24651832063682377,0.012325916031841189,9.499297429154972e-05,0.0019025837654735867,0.36977748095523566,0.08516980682483431,0.032402555370653285
S2,260,10085000000,True,True,0.24651832063682377,0.012325916031841189,9.49929749379242e-05,0.0018807615204289307,0.36977748095523566,0.08516980740436761,0.031712517282670216
S2,261,10135000000,True,True,0.24782668333500624,0.012391334166750312,9.017895582302887e-05,0.0018020020970271888,0.37174002500250936,0.08085033595127505,0.028945728473901977
S2,262,10185000000,True,True,0.24782668333500624,0.012391334166750312,9.017895614574808e-05,0.0017797207880088095,0.37174002500250936,0.08085033624061036,0.028244509908018633
S2,263,10235000000,True,False,0.2428307052468881,0.012141535262344405,8.413146523880986e-05,0.0016580938776411536,0.36424605787033215,0.0754399848143611,0.02549296419205438
S2,264,10285000000,True,False,0.2428307052468881,0.012141535262344405,8.413146532565007e-05,0.0016365012415301416,0.36424605787033215,0.07543998489222997,0.024823255650450404
S2,265,10335000000,True,False,0.24565524654462934,0.012282762327231467,7.888804818761049e-05,0.0015666271907935903,0.368482869816944,0.07073215880450667,0.022207098269854453
S2,266,10385000000,True,False,0.24565524654462934,0.012282762327231467,7.888804803467648e-05,0.0015443348807766544,0.368482869816944,0.07073215866738385,0.021573766262836913
S2,267,10435000000,True,False,0.23738574236631393,0.011869287118315697,7.47379765798772e-05,0.001409091455457201,0.3560786135494709,0.06702787039112205,0.019194008874440893
S2,268,10485000000,True,False,0.23738574236631393,0.011869287118315697,7.47379771547144e-05,0.0013881111689129089,0.3560786135494709,0.06702787090665802,0.01862408371274038
S2,269,10535000000,True,False,0.2548340999055654,0.012741704995278269,7.448275006268809e-05,0.0013924583424295145,0.38225114985834807,0.06676313965196988,0.016307064022572093
S2,270,10585000000,True,False,0.2548340999055654,0.012741704995278269,7.448274976093579e-05,0.0013680937621234346,0.38225114985834807,0.06676313938149207,0.01574277756287057
S2,271,10635000000,True,False,0.24177490558940917,0.012088745279470459,7.042807948428177e-05,0.0012103881705936015,0.36266235838411376,0.06315429158271119,0.013666204336357679
S2,272,10685000000,True,False,0.24177490558940917,0.012088745279470459,7.04280790463879e-05,0.0011883098710602225,0.36266235838411376,0.06315429119004283,0.01317543047148384
S2,273,10735000000,True,False,0.22785527107771486,0.011392763553885743,6.832008103729661e-05,0.0010614106839782478,0.3417829066165723,0.061289031537510134,0.01181310211439035
S2,274,10785000000,True,False,0.22785527107771486,0.011392763553885743,6.832008128934771e-05,0.001021988963354925,0.3417829066165723,0.06128903176362182,0.010960034615556724
S2,275,10835000000,True,False,0.1448554074158892,0.00724277037079446,4.517389883369067e-05,0.0006237166367232261,0.2172831111238338,0.040603277382973174,0.009913112845422067
S2,276,10885000000,True,False,0.07161834219004959,0.0035809171095024794,2.286610663362493e-05,0.00029917531090117855,0.10742751328507438,0.02057290688899897,0.006832997335075919
S2,277,10935000000,True,False,0.03161834829370491,0.0015809174146852456,1.0095021934458643e-05,0.0001321822466443523,0.04742752244055737,0.009084952699965447,0.003549411667957636
S2,278,10985000000,True,False,0.05610408043139614,0.002805204021569807,1.809577646149387e-05,0,0.08415612064709421,0.016282998655214664,0
S2,279,11035000000,True,False,0.09610407432774082,0.004805203716387041,3.099733761272134e-05,0,0.14415611149161123,0.027881521572578637,0
S2,280,11085000000,True,False,0.20183110755169764,0.010091555377584882,6.494462321179632e-05,0,0.30274666132754646,0.05830166394440095,0
S2,281,11135000000,True,False,0.2418311036308296,0.01209155518154148,7.781560872478577e-05,0,0.3627466554462444,0.06977872085457736,0
S2,282,11185000000,True,False,0.33809635788202286,0.016904817894101143,0.00010746333508241991,0,0.5071445368230343,0.09602875889971256,0
S2,283,11235000000,True,False,0.3780963510507718,0.01890481755253859,0.00012017702463079346,0,0.5671445265761577,0.10719745305098403,0
S2,284,11285000000,True,False,0.4578814230626449,0.022894071153132245,0.00014483361762279893,0,0.6868221345939673,0.12865302339403706,0
S2,285,11335000000,True,False,0.4978814220521599,0.024894071102607995,0.00015748569996545597,0,0.7468221330782399,0.13955719285890375,0
S2,286,11385000000,True,False,0.512143736705184,0.0256071868352592,0.00016071910661940209,0,0.768215605057776,0.14229406618830717,0
S2,287,11435000000,True,False,0.5613547982648015,0.028067739913240075,0.00017490692599578863,0,0.8420321973972023,0.15434365479326845,0
S2,288,11485000000,True,False,0.5643547512590885,0.028217737562954426,0.0001739943669182918,0,0.8465321268886328,0.15350588684473981,0
S2,289,11535000000,True,False,0.5797044723294675,0.028985223616473377,0.00017277106172124615,0,0.8695567084942013,0.1522589274107738,0
S2,290,11585000000,True,False,0.576400855788961,0.028820042789448053,0.00016901166746106873,0,0.8646012836834416,0.1489815324854952,0.004119624217247542
S2,291,11635000000,True,False,0.572692253626883,0.02863461268134415,0.00015964352036690931,0,0.8590383804403245,0.14076123461547627,0.01093013677520216
S2,292,11685000000,True,False,0.5684923438820988,0.02842461719410494,0.00015572856535190418,0,0.8527385158231482,0.1373505912016481,0.021571459082603828
S2,293,11735000000,True,False,0.5490178009495139,0.027450890047475696,0.00014079977648814819,0,0.8235267014242709,0.12435309090117384,0.024798222874291453
S2,294,11785000000,True,False,0.5448178621008992,0.02724089310504496,0.0001371665361106112,0,0.8172267931513488,0.12117912595504882,0.035384893352386926
S2,295,11835000000,True,False,0.511951744556427,0.02559758722782135,0.00011982184095089019,0,0.7679276168346405,0.1060866209423621,0.03562329992959745
S2,296,11885000000,True,False,0.5077518173493445,0.025387590867467225,0.00011658111327654746,0,0.7616277260240167,0.10324506966832687,0.04598663787011881
S2,297,11935000000,True,False,0.46403324813582003,0.023201662406791,9.939206335743578e-05,0,0.69604987220373,0.08825679344970276,0.043311856184576114
S2,298,11985000000,True,False,0.4598333209287375,0.022991666046436876,9.659947136250107e-05,0,0.6897499813931063,0.08579790284895256,0.05322440713773735
S2,299,12035000000,True,False,0.40861210436560214,0.020430605218280107,8.118946563666101e-05,0,0.6129181565484032,0.07231202662315918,0.047627703392971954
S2,300,12085000000,True,False,0.4056121688336134,0.02028060844168067,7.953346131189945e-05,0,0.6084182532504201,0.07084791900027138,0.057121112745848635
S2,301,12135000000,True,False,0.3502792678773403,0.017513963393867016,6.582347695612649e-05,0,0.5254189018160105,0.05878873298296339,0.04873855137506422
S2,302,12185000000,True,False,0.3472793207038194,0.01736396603519097,6.447978889249403e-05,0,0.5209189810557291,0.057596184308259114,0.05728564243268264
S2,303,12235000000,True,False,0.2940681588370353,0.014703407941851765,5.317250372553593e-05,0,0.44110223825555295,0.04759745195525816,0.0474001953745693
S2,304,12285000000,True,False,0.28986822289880365,0.014493411144940183,5.1692447620297286e-05,0,0.4348023343482055,0.046279670283573174,0.05446316173078114
S2,305,12335000000,True,False,0.2442102413624525,0.012210512068122625,4.2826610366767355e-05,0,0.36631536204367876,0.03840065314989853,0.04486230622794374
S2,306,12385000000,False,False,0.24001031852094457,0.012000515926047228,4.0341657246199365e-05,0,0.36001547778141685,0.036177106177279934,0.05074531468563104
S2,307,12435000000,False,False,0.16121038497658446,0.008060519248829223,1.4529367217637416e-05,0,0.2418155774648767,0.013055227817749426,0.026783295690793518
S2,308,12485000000,False,False,0.04121040110476315,0.0020605200552381575,6.15379863562161e-07,0,0.061815601657144725,0.000553783158258107,0
S2,309,12535000000,False,False,0.0,0.0,0.0,0,0.0,0.0,0
S2,310,12585000000,False,False,0.0,0.0,0.0,0,0.0,0.0,0
S2,311,12635000000,False,False,0.0,0.0,0.0,0,0.0,0.0,0
S2,312,12685000000,False,False,0.0,0.0,0.0,0,0.0,0.0,0
S2,313,12735000000,False,False,0.0,0.0,0.0,0,0.0,0.0,0
S2,314,12785000000,False,False,0.0,0.0,0.0,0,0.0,0.0,0
S2,315,12835000000,False,False,0.0,0.0,0.0,0,0.0,0.0,0
S2,316,12885000000,False,False,0.0,0.0,0.0,0,0.0,0.0,0
S2,317,12935000000,False,False,0.0,0.0,0.0,0,0.0,0.0,0
S2,318,12985000000,False,False,0.0,0.0,0.0,0,0.0,0.0,0
S2,319,13035000000,False,False,0.0,0.0,0.0,0,0.0,0.0,0
S2,320,13085000000,False,False,0.0,0.0,0.0,0,0.0,0.0,0
S2,321,13135000000,False,False,0.0,0.0,0.0,0,0.0,0.0,0
S2,322,13185000000,False,False,0.0,0.0,0.0,0,0.0,0.0,0
S2,323,13235000000,False,False,0.0,0.0,0.0,0,0.0,0.0,0
S2,324,13285000000,False,False,0.0,0.0,0.0,0,0.0,0.0,0
S2,325,13335000000,False,False,0.0,0.0,0.0,0,0.0,0.0,0
S2,326,13385000000,False,False,0.0,0.0,0.0,0,0.0,0.0,0
S2,327,13435000000,False,False,0.0,0.0,0.0,0,0.0,0.0,0
S2,328,13485000000,False,False,0.0,0.0,0.0,0,0.0,0.0,0
S2,329,13535000000,False,False,0.0,0.0,0.0,0,0.0,0.0,0
S2,330,13585000000,False,False,0.0,0.0,0.0,0,0.0,0.0,0
S2,331,13635000000,False,False,0.0,0.0,0.0,0,0.0,0.0,0
S2,332,13685000000,False,False,0.0,0.0,0.0,0,0.0,0.0,0
S2,333,13735000000,False,False,0.0,0.0,0.0,0,0.0,0.0,0
S2,334,13785000000,False,False,0.0,0.0,0.0,0,0.0,0.0,0
S2,335,13835000000,False,False,0.0,0.0,0.0,0,0.0,0.0,0
S2,336,13885000000,False,False,0.0,0.0,0.0,0,0.0,0.0,0
S2,337,13935000000,False,False,0.0,0.0,0.0,0,0.0,0.0,0
S2,338,13985000000,False,False,0.0,0.0,0.0,0,0.0,0.0,0
S2,339,14035000000,False,False,0.0,0.0,0.0,0,0.0,0.0,0
S2,340,14085000000,False,False,0.0,0.0,0.0,0,0.0,0.0,0
S2,341,14135000000,False,False,0.0,0.0,0.0,0,0.0,0.0,0
S2,342,14185000000,False,False,0.0,0.0,0.0,0,0.0,0.0,0
S2,343,14235000000,False,False,0.0,0.0,0.0,0,0.0,0.0,0
S2,344,14285000000,False,False,0.0,0.0,0.0,0,0.0,0.0,0
S2,345,14335000000,False,False,0.0,0.0,0.0,0,0.0,0.0,0
S2,346,14385000000,False,False,0.0,0.0,0.0,0,0.0,0.0,0
S2,347,14435000000,False,False,0.0,0.0,0.0,0,0.0,0.0,0
S2,348,14485000000,False,False,0.0,0.0,0.0,0,0.0,0.0,0
S2,349,14535000000,False,False,0.0,0.0,0.0,0,0.0,0.0,0
S2,350,14585000000,False,False,0.0,0.0,0.0,0,0.0,0.0,0
S2,351,14635000000,False,False,0.0,0.0,0.0,0,0.0,0.0,0
S2,352,14685000000,False,False,0.0,0.0,0.0,0,0.0,0.0,0
S2,353,14735000000,False,False,0.0,0.0,0.0,0,0.0,0.0,0
S2,354,14785000000,False,False,0.0,0.0,0.0,0,0.0,0.0,0
S2,355,14835000000,False,False,0.0,0.0,0.0,0,0.0,0.0,0
S2,356,14885000000,False,False,0.0,0.0,0.0,0,0.0,0.0,0
S2,357,14935000000,False,False,0.0,0.0,0.0,0,0.0,0.0,0
S2,358,14985000000,False,False,0.0,0.0,0.0,0,0.0,0.0,0
S2,359,15035000000,False,False,0.0,0.0,0.0,0,0.0,0.0,0
S2,360,15085000000,False,False,0.0,0.0,0.0,0,0.0,0.0,0
S2,361,15135000000,False,False,0.0,0.0,0.0,0,0.0,0.0,0
S2,362,15185000000,False,False,0.0,0.0,0.0,0,0.0,0.0,0
S2,363,15235000000,False,False,0.0,0.0,0.0,0,0.0,0.0,0
S2,364,15285000000,False,False,0.0,0.0,0.0,0,0.0,0.0,0
S2,365,15335000000,False,False,0.0,0.0,0.0,0,0.0,0.0,0
S2,366,15385000000,False,False,0.0,0.0,0.0,0,0.0,0.0,0
S2,367,15435000000,False,False,0.0,0.0,0.0,0,0.0,0.0,0
S2,368,15485000000,False,False,0.0,0.0,0.0,0,0.0,0.0,0
S2,369,15535000000,False,False,0.0,0.0,0.0,0,0.0,0.0,0
S2,370,15584000000,False,False,0.0,0.0,0.0,0,0.0,0.0,0
S2,371,15635000000,False,False,0.0,0.0,0.0,0,0.0,0.0,0
S2,372,15685000000,False,False,0.0,0.0,0.0,0,0.0,0.0,0
S2,373,15735000000,False,False,0.0,0.0,0.0,0,0.0,0.0,0
S2,374,15784000000,False,False,0.0,0.0,0.0,0,0.0,0.0,0
S2,375,15834000000,False,False,0.0,0.0,0.0,0,0.0,0.0,0
S2,376,15885000000,False,False,0.0,0.0,0.0,0,0.0,0.0,0
S2,377,15935000000,False,False,0.0,0.0,0.0,0,0.0,0.0,0
S2,378,15985000000,False,False,0.0,0.0,0.0,0,0.0,0.0,0
S2,379,16035000000,False,False,0.0,0.0,0.0,0,0.0,0.0,0
S2,380,16085000000,False,False,0.0,0.0,0.0,0,0.0,0.0,0
S2,381,16135000000,False,False,0.0,0.0,0.0,0,0.0,0.0,0
S2,382,16185000000,False,False,0.0,0.0,0.0,0,0.0,0.0,0
S2,383,16235000000,False,False,0.0,0.0,0.0,0,0.0,0.0,0
S2,384,16285000000,False,False,0.0,0.0,0.0,0,0.0,0.0,0
S2,385,16335000000,False,False,0.0,0.0,0.0,0,0.0,0.0,0
S2,386,16385000000,False,False,0.0,0.0,0.0,0,0.0,0.0,0
S2,387,16434000000,False,False,0.0,0.0,0.0,0,0.0,0.0,0
S2,388,16485000000,False,False,0.0,0.0,0.0,0,0.0,0.0,0
S2,389,16535000000,False,False,0.0,0.0,0.0,0,0.0,0.0,0
S2,390,16585000000,False,False,0.0,0.0,0.0,0,0.0,0.0,0
S2,391,16635000000,False,False,0.0,0.0,0.0,0,0.0,0.0,0
S2,392,16685000000,False,False,0.0,0.0,0.0,0,0.0,0.0,0
S2,393,16735000000,False,False,0.0,0.0,0.0,0,0.0,0.0,0
S2,394,16785000000,False,False,0.0,0.0,0.0,0,0.0,0.0,0
S2,395,16835000000,False,False,0.0,0.0,0.0,0,0.0,0.0,0
S2,396,16885000000,False,False,0.0,0.0,0.0,0,0.0,0.0,0
S2,397,16935000000,False,False,0.0,0.0,0.0,0,0.0,0.0,0
S2,398,16985000000,False,False,0.0,0.0,0.0,0,0.0,0.0,0
S2,399,17035000000,False,False,0.0,0.0,0.0,0,0.0,0.0,0
S2,400,17085000000,False,False,0.0,0.0,0.0,0,0.0,0.0,0
S2,401,17135000000,False,False,0.0,0.0,0.0,0,0.0,0.0,0
S2,402,17185000000,False,False,0.0,0.0,0.0,0,0.0,0.0,0
S2,403,17235000000,False,False,0.0,0.0,0.0,0,0.0,0.0,0
S2,404,17285000000,False,False,0.0,0.0,0.0,0,0.0,0.0,0
S2,405,17335000000,False,False,0.0,0.0,0.0,0,0.0,0.0,0
S2,406,17385000000,False,False,0.0,0.0,0.0,0,0.0,0.0,0
S2,407,17435000000,False,False,0.0,0.0,0.0,0,0.0,0.0,0
S2,408,17485000000,False,False,0.0,0.0,0.0,0,0.0,0.0,0
S2,409,17535000000,False,False,0.0,0.0,0.0,0,0.0,0.0,0
S2,410,17585000000,False,False,0.0,0.0,0.0,0,0.0,0.0,0
S2,411,17635000000,False,False,0.0,0.0,0.0,0,0.0,0.0,0
S2,412,17685000000,False,False,0.0,0.0,0.0,0,0.0,0.0,0
S2,413,17735000000,False,False,0.0,0.0,0.0,0,0.0,0.0,0
S2,414,17785000000,False,False,0.0,0.0,0.0,0,0.0,0.0,0
S2,415,17835000000,False,False,0.0,0.0,0.0,0,0.0,0.0,0
S2,416,17885000000,False,False,0.0,0.0,0.0,0,0.0,0.0,0
S2,417,17935000000,False,False,0.0,0.0,0.0,0,0.0,0.0,0
S2,418,17985000000,False,False,0.0,0.0,0.0,0,0.0,0.0,0
S2,419,18035000000,False,False,0.0,0.0,0.0,0,0.0,0.0,0
S2,420,18085000000,False,False,0.0,0.0,0.0,0,0.0,0.0,0
S2,421,18135000000,False,False,0.0,0.0,0.0,0,0.0,0.0,0
S2,422,18185000000,False,False,0.0,0.0,0.0,0,0.0,0.0,0
S2,423,18235000000,False,False,0.0,0.0,0.0,0,0.0,0.0,0
S2,424,18285000000,False,False,0.0,0.0,0.0,0,0.0,0.0,0
S2,425,18335000000,False,False,0.0,0.0,0.0,0,0.0,0.0,0
S2,426,18385000000,False,False,0.0,0.0,0.0,0,0.0,0.0,0
S2,427,18435000000,False,False,0.0,0.0,0.0,0,0.0,0.0,0
S2,428,18485000000,False,False,0.0,0.0,0.0,0,0.0,0.0,0
S2,429,18535000000,False,False,0.0,0.0,0.0,0,0.0,0.0,0
S2,430,18585000000,False,False,0.0,0.0,0.0,0,0.0,0.0,0
S2,431,18635000000,False,False,0.0,0.0,0.0,0,0.0,0.0,0
S2,432,18685000000,False,False,0.0,0.0,0.0,0,0.0,0.0,0
S2,433,18735000000,False,False,0.0,0.0,0.0,0,0.0,0.0,0
S2,434,18785000000,False,False,0.0,0.0,0.0,0,0.0,0.0,0
S2,435,18835000000,False,False,0.0,0.0,0.0,0,0.0,0.0,0
S2,436,18885000000,False,False,0.0,0.0,0.0,0,0.0,0.0,0
S2,437,18935000000,False,False,0.0,0.0,0.0,0,0.0,0.0,0
S2,438,18985000000,False,False,0.0,0.0,0.0,0,0.0,0.0,0
S2,439,19035000000,False,False,0.0,0.0,0.0,0,0.0,0.0,0
S2,440,19085000000,False,False,0.0,0.0,0.0,0,0.0,0.0,0
S2,441,19135000000,False,False,0.0,0.0,0.0,0,0.0,0.0,0
S2,442,19185000000,False,False,0.0,0.0,0.0,0,0.0,0.0,0
S2,443,19235000000,False,False,0.0,0.0,0.0,0,0.0,0.0,0
S2,444,19285000000,False,False,0.0,0.0,0.0,0,0.0,0.0,0
S2,445,19335000000,False,False,0.0,0.0,0.0,0,0.0,0.0,0
S2,446,19385000000,False,False,0.0,0.0,0.0,0,0.0,0.0,0
S2,447,19434000000,False,False,0.0,0.0,0.0,0,0.0,0.0,0
S2,448,19485000000,False,False,0.0,0.0,0.0,0,0.0,0.0,0
S2,449,19535000000,False,False,0.0,0.0,0.0,0,0.0,0.0,0
S2,450,19585000000,False,False,0.0,0.0,0.0,0,0.0,0.0,0
S2,451,19635000000,False,False,0.0,0.0,0.0,0,0.0,0.0,0
S2,452,19685000000,False,False,0.0,0.0,0.0,0,0.0,0.0,0
S2,453,19735000000,False,False,0.0,0.0,0.0,0,0.0,0.0,0
S2,454,19785000000,False,False,0.0,0.0,0.0,0,0.0,0.0,0
S2,455,19835000000,False,False,0.0,0.0,0.0,0,0.0,0.0,0
S2,456,19885000000,False,False,0.0,0.0,0.0,0,0.0,0.0,0
S2,457,19935000000,False,False,0.0,0.0,0.0,0,0.0,0.0,0
S2,458,19985000000,False,False,0.0,0.0,0.0,0,0.0,0.0,0
S2,459,20035000000,False,False,0.0,0.0,0.0,0,0.0,0.0,0
S2,460,20085000000,False,False,0.0,0.0,0.0,0,0.0,0.0,0
S2,461,20135000000,False,False,0.0,0.0,0.0,0,0.0,0.0,0
S2,462,20185000000,False,False,0.0,0.0,0.0,0,0.0,0.0,0
S2,463,20235000000,False,False,0.0,0.0,0.0,0,0.0,0.0,0
S2,464,20285000000,False,False,0.0,0.0,0.0,0,0.0,0.0,0
S2,465,20335000000,False,False,0.0,0.0,0.0,0,0.0,0.0,0
S2,466,20385000000,False,False,0.0,0.0,0.0,0,0.0,0.0,0
S2,467,20435000000,False,False,0.0,0.0,0.0,0,0.0,0.0,0
S2,468,20485000000,False,False,0.0,0.0,0.0,0,0.0,0.0,0
S2,469,20535000000,False,False,0.0,0.0,0.0,0,0.0,0.0,0
S2,470,20585000000,False,False,0.0,0.0,0.0,0,0.0,0.0,0
S2,471,20635000000,False,False,0.0,0.0,0.0,0,0.0,0.0,0
S2,472,20685000000,False,False,0.0,0.0,0.0,0,0.0,0.0,0
S2,473,20734000000,False,False,0.0,0.0,0.0,0,0.0,0.0,0
S2,474,20785000000,False,False,0.0,0.0,0.0,0,0.0,0.0,0
S2,475,20835000000,False,False,0.0,0.0,0.0,0,0.0,0.0,0
S2,476,20885000000,False,False,0.0,0.0,0.0,0,0.0,0.0,0
S2,477,20935000000,False,False,0.0,0.0,0.0,0,0.0,0.0,0
S2,478,20985000000,False,False,0.0,0.0,0.0,0,0.0,0.0,0
S2,479,21035000000,False,False,0.0,0.0,0.0,0,0.0,0.0,0
S2,480,21085000000,False,False,0.0,0.0,0.0,0,0.0,0.0,0
S2,481,21134000000,False,False,0.0,0.0,0.0,0,0.0,0.0,0
S2,482,21185000000,False,False,0.0,0.0,0.0,0,0.0,0.0,0
