scene,cycle,epoch_ns,baseline_valid,valid,reason,status,iterations,vx,vy,wz,progress_end,yaw_delta,nominal_cost,solved_cost,solver_ms,elapsed_ms,used_warm,minimum_clearance,plateau_stages
S0,79,1094000000,1,1,"solved_soft_dynamic","solved",120,0.049883172678392387,-5.0133160716926299e-21,-4.8621225162023035e-18,0.575700907003458,2.9582526773277258e-20,0,0,3.0295389999999998,7.2500960000000001,0,1000000000,0
S0,80,1144000000,1,1,"solved_soft_dynamic","solved",360,0.095361177152806884,-8.9267126818985971e-06,0.00061187657106114176,0.58929693529356775,0.02739660204839595,0,0,6.9283510000000001,7.6873310000000004,1,1000000000,0
S0,81,1194000000,1,0,"solver_not_solved","solved inaccurate",400,0,0,0,0,0,0,0,7.3476679999999996,8.0529659999999996,1,1000000000,0
S0,82,1244000000,1,1,"solved_soft_dynamic","solved",210,0.049883172678392387,-5.0133160716926299e-21,-4.8621225162023035e-18,0.575700907003458,2.9582526773277258e-20,0,0,4.2658300000000002,5.0039619999999996,0,1000000000,0
S0,83,1294000000,1,1,"solved_soft_dynamic","solved",360,0.095361177152806884,-8.9267126818985971e-06,0.00061187657106114176,0.58929693529356775,0.02739660204839595,0,0,6.7085939999999997,7.4428489999999998,1,1000000000,0
S0,84,1344000000,1,0,"solver_not_solved","solved inaccurate",400,0,0,0,0,0,0,0,7.4520430000000006,8.1460500000000007,1,1000000000,0
S0,85,1394000000,0,1,"solved_soft_dynamic","solved",210,0.049809506441019467,1.2606628300495138e-05,0.012365070432914793,0.57660805565036588,0.00019621485373737615,0,0,4.3700980000000005,6.3784929999999997,0,1000000000,0
S0,86,1444000000,0,0,"solver_not_solved","solved inaccurate",400,0,0,0,0,0,0,0,7.1196989999999998,9.0389660000000003,1,1000000000,0
S0,87,1494000000,0,1,"solved_soft_dynamic","solved",380,0.04957833058405986,-0.00069312069703478924,0.10000000000000001,0.58636656122429276,-0.023750738033894707,0,0,7.1379239999999999,9.0958859999999984,0,1000000000,0
S0,88,1544000000,0,0,"solver_not_solved","maximum iterations reached",400,0,0,0,0,0,0,0,7.5418389999999995,9.571275,1,1000000000,0
S0,89,1594000000,0,0,"solver_not_solved","maximum iterations reached",400,0,0,0,0,0,0,0,7.3646409999999998,9.2628829999999986,0,1000000000,0
S0,90,1644000000,0,0,"nonlinear_static_support","solved",350,0,0,0,0,0,0,0,6.7483639999999996,8.7364810000000013,0,1000000000,0
S0,91,1694000000,0,0,"solver_not_solved","solved inaccurate",400,0,0,0,0,0,0,0,7.4721609999999998,9.3175749999999997,0,1000000000,0
S0,92,1744000000,0,1,"solved_soft_dynamic","solved",400,0.04939751105565611,0.0012585075518284088,0.099998956805295108,0.65797042758913515,-0.052148165054839345,0,0,7.2679349999999996,9.2509170000000012,0,1000000000,0
S0,93,1794000000,0,0,"solver_not_solved","solved inaccurate",400,0,0,0,0,0,0,0,7.4335900000000006,9.367229,1,1000000000,0
S0,94,1844000000,0,0,"solver_not_solved","maximum iterations reached",400,0,0,0,0,0,0,0,7.104349,8.9405950000000001,0,1000000000,0
S0,95,1894000000,0,0,"solver_not_solved","solved inaccurate",400,0,0,0,0,0,0,0,7.2957270000000003,9.1901640000000011,0,1000000000,0
S0,96,1944000000,0,0,"solver_not_solved","maximum iterations reached",400,0,0,0,0,0,0,0,7.6876059999999997,9.6397410000000008,0,1000000000,0
S0,97,1994000000,0,0,"solver_not_solved","maximum iterations reached",400,0,0,0,0,0,0,0,8.2710729999999995,10.194563,0,1000000000,0
S0,98,2044000000,0,0,"solver_not_solved","maximum iterations reached",400,0,0,0,0,0,0,0,7.0360659999999999,8.9970250000000007,0,1000000000,0
S0,99,2094000000,0,0,"solver_not_solved","solved inaccurate",400,0,0,0,0,0,0,0,7.6845929999999996,9.5137769999999993,0,1000000000,0
S0,100,2144000000,0,0,"solver_not_solved","maximum iterations reached",400,0,0,0,0,0,0,0,7.8500779999999999,9.7225190000000001,0,1000000000,0
S0,101,2194000000,0,0,"solver_not_solved","maximum iterations reached",400,0,0,0,0,0,0,0,7.706785,9.5601830000000003,0,1000000000,0
S0,102,2244000000,0,0,"solver_not_solved","maximum iterations reached",400,0,0,0,0,0,0,0,7.4550709999999993,9.3244539999999994,0,1000000000,0
S0,103,2294000000,0,0,"solver_not_solved","solved inaccurate",400,0,0,0,0,0,0,0,7.4536510000000007,9.3744689999999995,0,1000000000,0
S0,104,2344000000,0,0,"solver_not_solved","maximum iterations reached",400,0,0,0,0,0,0,0,6.9339079999999997,8.8797819999999987,0,1000000000,0
S0,105,2394000000,0,0,"solver_not_solved","maximum iterations reached",400,0,0,0,0,0,0,0,7.7215219999999993,9.6530509999999996,0,1000000000,0
S0,106,2444000000,0,0,"solver_not_solved","solved inaccurate",400,0,0,0,0,0,0,0,7.0876380000000001,8.9973790000000005,0,1000000000,0
S0,107,2494000000,0,0,"solver_not_solved","maximum iterations reached",400,0,0,0,0,0,0,0,7.5425300000000002,9.4614239999999992,0,1000000000,0
S0,108,2544000000,0,1,"solved_soft_dynamic","solved",400,0.048577880002007821,-0.0017103495696045121,-0.10000000000000001,0.77157053320446334,0.020413748488695607,0,0,7.250489,9.185352,0,1000000000,0
S0,109,2594000000,0,0,"solver_not_solved","solved inaccurate",400,0,0,0,0,0,0,0,7.267226,9.1114319999999989,1,1000000000,0
S0,110,2644000000,0,0,"solver_not_solved","solved inaccurate",400,0,0,0,0,0,0,0,7.0711380000000004,8.9218899999999994,0,1000000000,0
S0,111,2694000000,0,0,"solver_not_solved","maximum iterations reached",400,0,0,0,0,0,0,0,7.7541859999999998,9.6110139999999991,0,1000000000,0
S0,112,2744000000,0,0,"solver_not_solved","maximum iterations reached",400,0,0,0,0,0,0,0,7.2450910000000004,9.1310699999999994,0,1000000000,0
S0,113,2794000000,0,0,"solver_not_solved","maximum iterations reached",400,0,0,0,0,0,0,0,7.1454810000000002,9.0599730000000012,0,1000000000,0
S0,114,2844000000,0,0,"solver_not_solved","maximum iterations reached",400,0,0,0,0,0,0,0,7.7450160000000006,9.6423290000000001,0,1000000000,0
S0,115,2894000000,0,0,"solver_not_solved","maximum iterations reached",400,0,0,0,0,0,0,0,7.528619,9.4476069999999996,0,1000000000,0
S0,116,2944000000,0,1,"solved_soft_dynamic","solved",320,0.048318435055344056,-0.0011274441581012493,-0.10000000000000001,0.9692361038647912,0.018309386888644079,0,0,6.0121609999999999,7.91967,0,1000000000,0
S0,117,2994000000,0,0,"nonlinear_static_support","solved",270,0,0,0,0,0,0,0,5.6379450000000002,7.5961580000000009,1,1000000000,0
S0,118,3044000000,0,1,"solved_soft_dynamic","solved",230,0.048174273142527778,-0.0014224649651551288,-0.10000000000000001,1.0242183774696116,0.014515842263488874,0,0,5.0384859999999998,6.8763319999999997,0,1000000000,0
S0,119,3094000000,0,1,"solved_soft_dynamic","solved",210,0.091439547964086876,-0.0026735153317682999,-0.20000000000000001,1.067157642852822,0.029903068092565096,0,0,4.8722880000000002,6.8048900000000003,1,1000000000,0
S0,120,3144000000,0,0,"solver_not_solved","maximum iterations reached",400,0,0,0,0,0,0,0,7.4462070000000002,9.2783090000000001,0,1000000000,0
S0,121,3194000000,0,0,"solver_not_solved","solved inaccurate",400,0,0,0,0,0,0,0,7.110112,8.8987159999999985,0,1000000000,0
S0,122,3244000000,0,0,"solver_not_solved","solved inaccurate",400,0,0,0,0,0,0,0,7.598433,9.4672330000000002,0,1000000000,0
S0,123,3294000000,0,1,"solved_soft_dynamic","solved",320,0.048434269754097911,-0.0029725411680486535,0.099999061902067463,0.67645800864153338,-0.030537818015856772,0,0,6.2588299999999997,8.1306650000000005,0,1000000000,0
S0,124,3344000000,0,0,"solver_not_solved","solved inaccurate",400,0,0,0,0,0,0,0,7.2645689999999998,9.0778219999999994,1,1000000000,0
S0,125,3394000000,0,0,"solver_not_solved","solved inaccurate",400,0,0,0,0,0,0,0,7.3861129999999999,9.1659240000000004,0,1000000000,0
S0,126,3444000000,0,0,"solver_not_solved","solved inaccurate",400,0,0,0,0,0,0,0,7.2299169999999995,9.0948190000000011,0,1000000000,0
S0,127,3494000000,0,1,"solved_soft_dynamic","solved",330,0.048398130697082146,-0.0031416400196399097,0.10000000000000001,0.80266275582520963,-0.0031382493547544715,0,0,6.5021089999999999,8.3931160000000009,0,1000000000,0
S0,128,3544000000,0,0,"solver_not_solved","solved inaccurate",400,0,0,0,0,0,0,0,7.3164540000000002,9.1585760000000001,1,1000000000,0
S0,129,3594000000,0,1,"solved_soft_dynamic","solved",400,0.048409769477598646,-0.0031133897513056109,0.099999296015449907,0.86633700727790419,-0.022174935924893266,0,0,7.204307,9.0603160000000003,0,1000000000,0
S0,130,3644000000,0,0,"solver_not_solved","solved inaccurate",400,0,0,0,0,0,0,0,7.3278619999999997,9.1984530000000007,1,1000000000,0
S0,131,3694000000,0,0,"solver_not_solved","maximum iterations reached",400,0,0,0,0,0,0,0,7.2358169999999999,9.1119800000000009,0,1000000000,0
S0,132,3744000000,0,0,"solver_not_solved","solved inaccurate",400,0,0,0,0,0,0,0,7.0405349999999993,8.9105940000000015,0,1000000000,0
S0,133,3794000000,0,0,"solver_not_solved","maximum iterations reached",400,0,0,0,0,0,0,0,7.2902979999999999,9.1490549999999988,0,1000000000,0
S0,134,3844000000,0,0,"solver_not_solved","maximum iterations reached",400,0,0,0,0,0,0,0,7.2112150000000002,9.0212529999999997,0,1000000000,0
S0,135,3894000000,0,0,"solver_not_solved","solved inaccurate",400,0,0,0,0,0,0,0,7.5182890000000002,9.364472000000001,0,1000000000,0
S0,136,3944000000,0,0,"solver_not_solved","maximum iterations reached",400,0,0,0,0,0,0,0,7.531752,9.3015509999999999,0,1000000000,0
S0,137,3994000000,0,1,"solved_soft_dynamic","solved",340,0.048561809942939779,-0.0027577225123754999,0.09999846211940927,1.112588539166439,-0.02691110470378251,0,0,6.7901619999999996,8.6906689999999998,0,1000000000,0
S0,138,4044000000,0,0,"nonlinear_static_support","solved",330,0,0,0,0,0,0,0,6.3276490000000001,8.1526770000000006,1,1000000000,0
S0,139,4094000000,0,0,"solver_not_solved","solved inaccurate",400,0,0,0,0,0,0,0,7.3544830000000001,9.1413870000000017,0,1000000000,0
S0,140,4144000000,0,0,"solver_not_solved","solved inaccurate",400,0,0,0,0,0,0,0,7.4499559999999994,9.2091770000000004,0,1000000000,0
S0,141,4194000000,0,0,"solver_not_solved","maximum iterations reached",400,0,0,0,0,0,0,0,7.2763299999999997,8.9888769999999987,0,1000000000,0
S0,142,4244000000,0,0,"solver_not_solved","maximum iterations reached",400,0,0,0,0,0,0,0,7.5098180000000001,9.2646990000000002,0,1000000000,0
S0,143,4294000000,0,0,"solver_not_solved","maximum iterations reached",400,0,0,0,0,0,0,0,7.4297360000000001,9.1782050000000002,0,1000000000,0
S0,144,4344000000,0,0,"solver_not_solved","solved inaccurate",400,0,0,0,0,0,0,0,7.3524539999999998,9.1136210000000002,0,1000000000,0
S0,145,4394000000,0,0,"solver_not_solved","maximum iterations reached",400,0,0,0,0,0,0,0,7.3150960000000005,9.0496590000000001,0,1000000000,0
S0,146,4444000000,0,0,"solver_not_solved","maximum iterations reached",400,0,0,0,0,0,0,0,7.1618019999999998,8.8692150000000005,0,1000000000,0
S0,147,4493000000,0,0,"solver_not_solved","maximum iterations reached",400,0,0,0,0,0,0,0,7.4874549999999997,9.2045689999999993,0,1000000000,0
S0,148,4543000000,0,0,"solver_not_solved","maximum iterations reached",400,0,0,0,0,0,0,0,7.5517329999999996,9.3752829999999996,0,1000000000,0
S0,149,4593000000,0,0,"solver_not_solved","maximum iterations reached",400,0,0,0,0,0,0,0,7.4386359999999998,9.2190720000000006,0,1000000000,0
S0,150,4643000000,0,1,"solved_soft_dynamic","solved",400,0.049081850851402854,-0.0032613233197185741,0.09999957865605115,0.81825924571883391,-0.059317576819384717,0,0,7.4430549999999993,9.1927880000000002,0,1000000000,0
S0,151,4693000000,0,0,"nonlinear_static_support","solved",300,0,0,0,0,0,0,0,5.7746729999999999,7.5226729999999993,1,1000000000,0
S0,152,4743000000,0,0,"solver_not_solved","solved inaccurate",400,0,0,0,0,0,0,0,6.976064,8.7178589999999989,0,1000000000,0
S0,153,4793000000,0,0,"solver_not_solved","solved inaccurate",400,0,0,0,0,0,0,0,7.3535190000000004,9.105811000000001,0,1000000000,0
S0,154,4843000000,0,0,"solver_not_solved","maximum iterations reached",400,0,0,0,0,0,0,0,7.3856770000000003,9.1514419999999994,0,1000000000,0
S0,155,4893000000,0,0,"solver_not_solved","solved inaccurate",400,0,0,0,0,0,0,0,7.2731630000000003,9.0244509999999991,0,1000000000,0
S0,156,4943000000,0,0,"solver_not_solved","maximum iterations reached",400,0,0,0,0,0,0,0,7.0393400000000002,8.7848360000000003,0,1000000000,0
S0,157,4993000000,0,0,"solver_not_solved","maximum iterations reached",400,0,0,0,0,0,0,0,7.6162359999999998,9.3734640000000002,0,1000000000,0
S0,158,5043000000,0,0,"solver_not_solved","solved inaccurate",400,0,0,0,0,0,0,0,7.0494380000000003,8.8239149999999995,0,1000000000,0
S0,159,5093000000,0,0,"solver_not_solved","solved inaccurate",400,0,0,0,0,0,0,0,7.2686920000000006,9.0055039999999984,0,1000000000,0
S0,160,5143000000,0,0,"nonlinear_static_support","solved",360,0,0,0,0,0,0,0,6.4966779999999993,8.264225999999999,0,1000000000,0
S0,161,5193000000,0,0,"solver_not_solved","maximum iterations reached",400,0,0,0,0,0,0,0,7.3118400000000001,9.0448609999999992,0,1000000000,0
S0,162,5243000000,0,0,"solver_not_solved","solved inaccurate",400,0,0,0,0,0,0,0,7.2920049999999996,8.9532559999999997,0,1000000000,0
S0,163,5293000000,0,0,"solver_not_solved","solved inaccurate",400,0,0,0,0,0,0,0,7.0615100000000002,8.7254290000000001,0,1000000000,0
S0,164,5343000000,0,0,"solver_not_solved","maximum iterations reached",400,0,0,0,0,0,0,0,7.3184770000000006,8.9767419999999998,0,1000000000,0
S0,165,5393000000,0,0,"nonlinear_static_support","solved",400,0,0,0,0,0,0,0,7.1546690000000002,8.8695909999999998,0,1000000000,0
S0,166,5443000000,0,0,"solver_not_solved","maximum iterations reached",400,0,0,0,0,0,0,0,7.1886989999999997,8.8355010000000007,0,1000000000,0
S0,167,5493000000,0,0,"nonlinear_static_support","solved",360,0,0,0,0,0,0,0,6.8279819999999996,8.5277140000000013,0,1000000000,0
S0,168,5543000000,0,0,"solver_not_solved","maximum iterations reached",400,0,0,0,0,0,0,0,7.1012840000000006,8.792644000000001,0,1000000000,0
S0,169,5593000000,0,0,"solver_not_solved","solved inaccurate",400,0,0,0,0,0,0,0,7.2307430000000004,8.8633790000000001,0,1000000000,0
S0,170,5643000000,0,0,"solver_not_solved","maximum iterations reached",400,0,0,0,0,0,0,0,7.0711840000000006,8.7446219999999997,0,1000000000,0
S0,171,5693000000,0,0,"solver_not_solved","maximum iterations reached",400,0,0,0,0,0,0,0,7.4958150000000003,9.1863069999999993,0,1000000000,0
S0,172,5743000000,0,0,"solver_not_solved","solved inaccurate",400,0,0,0,0,0,0,0,7.2713079999999994,8.9826960000000007,0,1000000000,0
S0,173,5793000000,0,0,"solver_not_solved","maximum iterations reached",400,0,0,0,0,0,0,0,7.4419469999999999,9.1393559999999994,0,1000000000,0
S0,174,5843000000,0,1,"solved_soft_dynamic","solved",380,0.04826278913820526,-0.0049537485728121328,0.099999841539012521,0.87695815929374321,-0.1200526402790851,0,0,7.2060570000000004,8.9242650000000001,0,1000000000,0
S0,175,5893000000,0,1,"solved_soft_dynamic","solved",320,0.092961102182501837,-0.0093392548347697966,0.19999984153901251,0.9229426562776043,-0.080926982511579537,0,0,6.2210760000000001,7.9598649999999997,1,1000000000,0
S0,176,5943000000,0,0,"nonlinear_static_support","solved",330,0,0,0,0,0,0,0,6.7795529999999999,8.5165459999999999,1,1000000000,0
S0,177,5993000000,0,0,"nonlinear_static_support","solved",390,0,0,0,0,0,0,0,7.5510860000000006,9.3551109999999991,0,1000000000,0
S0,178,6043000000,0,0,"solver_not_solved","maximum iterations reached",400,0,0,0,0,0,0,0,7.2626059999999999,8.9487430000000003,0,1000000000,0
S0,179,6093000000,0,0,"solver_not_solved","maximum iterations reached",400,0,0,0,0,0,0,0,7.4382090000000005,9.1399589999999993,0,1000000000,0
S0,180,6143000000,0,0,"solver_not_solved","solved inaccurate",400,0,0,0,0,0,0,0,7.0056959999999995,8.690785,0,1000000000,0
S0,181,6193000000,0,0,"solver_not_solved","solved inaccurate",400,0,0,0,0,0,0,0,7.3533650000000002,9.0597589999999997,0,1000000000,0
S0,182,6243000000,0,0,"solver_not_solved","solved inaccurate",400,0,0,0,0,0,0,0,7.2952579999999996,8.9126770000000004,0,1000000000,0
S0,183,6293000000,0,0,"solver_not_solved","maximum iterations reached",400,0,0,0,0,0,0,0,7.0400870000000006,8.6724370000000004,0,1000000000,0
S0,184,6343000000,0,0,"solver_not_solved","solved inaccurate",400,0,0,0,0,0,0,0,7.0496670000000003,8.6510809999999996,0,1000000000,0
S0,185,6393000000,0,0,"solver_not_solved","solved inaccurate",400,0,0,0,0,0,0,0,7.3307729999999998,8.9560040000000001,0,1000000000,0
S0,186,6443000000,0,0,"solver_not_solved","maximum iterations reached",400,0,0,0,0,0,0,0,7.4289269999999998,9.0616760000000003,0,1000000000,0
S0,187,6493000000,0,0,"solver_not_solved","solved inaccurate",400,0,0,0,0,0,0,0,7.0766640000000001,8.7069480000000006,0,1000000000,0
S0,188,6543000000,0,0,"solver_not_solved","solved inaccurate",400,0,0,0,0,0,0,0,7.1219200000000003,8.7738689999999995,0,1000000000,0
S0,189,6593000000,0,0,"solver_not_solved","solved inaccurate",400,0,0,0,0,0,0,0,7.4304749999999995,9.0505589999999998,0,1000000000,0
S0,190,6643000000,0,0,"solver_not_solved","maximum iterations reached",400,0,0,0,0,0,0,0,7.4403730000000001,9.0505410000000008,0,1000000000,0
S0,191,6693000000,0,0,"solver_not_solved","maximum iterations reached",400,0,0,0,0,0,0,0,7.3781730000000003,8.9943639999999991,0,1000000000,0
S0,192,6743000000,0,0,"solver_not_solved","maximum iterations reached",400,0,0,0,0,0,0,0,7.3435839999999999,8.9629750000000001,0,1000000000,0
S0,193,6793000000,0,0,"solver_not_solved","solved inaccurate",400,0,0,0,0,0,0,0,6.9290899999999995,8.5693760000000001,0,1000000000,0
S0,194,6843000000,0,0,"solver_not_solved","solved inaccurate",400,0,0,0,0,0,0,0,7.0776839999999996,8.6920439999999992,0,1000000000,0
S0,195,6893000000,0,1,"solved_soft_dynamic","solved",320,0.048590673402125056,0.010691963451910976,0.099999999999999992,0.83352374941110652,0.091139764929054803,0,0,6.0206189999999999,7.6706079999999996,0,1000000000,0
S0,196,6943000000,0,1,"solved_soft_dynamic","solved",360,0.090384596376982679,0.020624529847739444,0.19999997355026844,0.84843293833382516,0.055595500367893055,0,0,6.8703109999999992,8.5091000000000001,1,1000000000,0
S0,197,6993000000,0,0,"solver_not_solved","solved inaccurate",400,0,0,0,0,0,0,0,7.2646749999999995,8.8573349999999991,1,1000000000,0
S0,198,7043000000,0,0,"nonlinear_static_support","solved",370,0,0,0,0,0,0,0,6.6748839999999996,8.3232870000000005,0,1000000000,0
S0,199,7093000000,0,1,"solved_soft_dynamic","solved",380,0.048077602998371147,0.013621750057967993,0.099999999999999922,0.91390456394825237,0.060882092824069395,0,0,6.8138730000000001,8.4566940000000006,0,1000000000,0
S0,200,7143000000,0,0,"solver_not_solved","solved inaccurate",400,0,0,0,0,0,0,0,7.1963400000000002,8.8038809999999987,1,1000000000,0
S0,201,7193000000,0,0,"solver_not_solved","solved inaccurate",400,0,0,0,0,0,0,0,7.2499279999999997,8.8590679999999988,0,1000000000,0
S0,202,7243000000,0,1,"solved_soft_dynamic","solved",390,0.047915594755216617,0.015300842535009313,0.099999999999999992,0.97703706413404956,0.17498471395483273,0,0,7.6917150000000003,9.335127,0,1000000000,0
S0,203,7293000000,0,0,"solver_not_solved","solved inaccurate",400,0,0,0,0,0,0,0,7.2420809999999998,8.8334980000000005,0,1000000000,0
S0,204,7343000000,0,0,"solver_not_solved","solved inaccurate",400,0,0,0,0,0,0,0,7.3419339999999993,8.8850879999999997,0,1000000000,0
S0,205,7393000000,0,1,"solved_soft_dynamic","solved",380,0.046655024266524438,0.016824941120988465,0.099999999999999992,0.63305480477407927,0.26429893828532119,0,0,7.3634729999999999,8.9294760000000011,0,1000000000,0
S0,206,7443000000,0,0,"nonlinear_static_support","solved",280,0,0,0,0,0,0,0,5.5325350000000002,7.1119640000000004,1,1000000000,0
S0,207,7493000000,0,0,"solver_not_solved","solved inaccurate",400,0,0,0,0,0,0,0,6.9630320000000001,8.5241679999999995,0,1000000000,0
S0,208,7543000000,0,0,"solver_not_solved","solved inaccurate",400,0,0,0,0,0,0,0,7.4352410000000004,8.9976210000000005,0,1000000000,0
S0,209,7593000000,0,0,"solver_not_solved","solved inaccurate",400,0,0,0,0,0,0,0,7.2656960000000002,8.8362820000000006,0,1000000000,0
S0,210,7643000000,0,1,"solved_soft_dynamic","solved",380,0.045609585419868245,0.019949311700522113,0.099999999999999992,0.72992352784974557,0.35440768831820701,0,0,6.9148649999999998,8.5291629999999987,0,1000000000,0
S0,211,7693000000,0,0,"solver_not_solved","solved inaccurate",400,0,0,0,0,0,0,0,7.1692559999999999,8.7322640000000007,1,1000000000,0
S0,212,7743000000,0,1,"solved_soft_dynamic","solved",380,0.045030186535644223,0.02158098966453291,0.099999999999999992,0.76727906769403664,0.3150995711040786,0,0,7.1411350000000002,8.7542910000000003,0,1000000000,0
S0,213,7793000000,0,1,"solved_soft_dynamic","solved",350,0.084261817060038047,0.04064131599145844,0.20000000000000001,0.78935048901903504,0.30890166556000992,0,0,6.548343,8.1817810000000009,1,1000000000,0
S0,214,7843000000,0,1,"solved_soft_dynamic","solved",290,0.11734381364463084,0.056817950732641287,0.30000000000000004,0.79803035067418127,0.31609064312722646,0,0,5.7165059999999999,7.3122990000000003,1,1000000000,0
S0,215,7893000000,0,0,"nonlinear_static_support","solved",270,0,0,0,0,0,0,0,5.4406330000000001,7.019908,1,1000000000,0
S0,216,7943000000,0,1,"solved_soft_dynamic","solved",350,0.043213403395848671,0.023413295167244524,0.099999999999999992,0.82851431953145127,0.46753870661069175,0,0,6.5891780000000004,8.1560950000000005,0,1000000000,0
S0,217,7993000000,0,0,"nonlinear_static_support","solved",330,0,0,0,0,0,0,0,6.4209389999999997,8.0322949999999995,1,1000000000,0
S0,218,8043000000,0,0,"nonlinear_static_support","solved",360,0,0,0,0,0,0,0,6.7279460000000002,8.3400400000000001,0,1000000000,0
S0,219,8093000000,0,1,"solved_soft_dynamic","solved",330,0.041904810759505945,0.024645064964406004,0.099999999999999992,0.87229790582199374,0.48231718004706892,0,0,6.2838390000000004,7.866879,0,1000000000,0
S0,220,8143000000,0,0,"nonlinear_static_support","solved",320,0,0,0,0,0,0,0,6.1710120000000002,7.7498670000000001,1,1000000000,0
S0,221,8193000000,0,1,"solved_soft_dynamic","solved",330,0.041693604709367157,0.025981136106340553,0.099999999999999992,0.90755615467024664,0.41032398302266232,0,0,6.3370600000000001,7.924021999999999,0,1000000000,0
S0,222,8243000000,0,1,"solved_soft_dynamic","solved",340,0.079640110963209457,0.049239951150150854,0.19999931827846137,0.93922086810422489,0.4039887341804248,0,0,6.4386130000000001,8.0235029999999998,1,1000000000,0
S0,223,8293000000,0,0,"solver_not_solved","solved inaccurate",400,0,0,0,0,0,0,0,7.5228570000000001,9.0280559999999994,0,1000000000,0
S0,224,8343000000,0,1,"solved_soft_dynamic","solved",280,0.048222857300247279,0.014178108943538957,-0.099999999999999992,0.6147696798072072,0.54263015332205244,0,0,5.6307989999999997,7.1506509999999999,0,1000000000,0
S0,225,8393000000,0,0,"nonlinear_static_support","solved",370,0,0,0,0,0,0,0,7.0633349999999995,8.5723440000000011,1,1000000000,0
S0,226,8443000000,0,0,"nonlinear_static_support","solved",320,0,0,0,0,0,0,0,6.1261609999999997,7.6427370000000003,0,1000000000,0
S0,227,8493000000,0,0,"nonlinear_static_support","solved",370,0,0,0,0,0,0,0,6.9661089999999994,8.4928329999999992,0,1000000000,0
S0,228,8543000000,0,1,"solved_soft_dynamic","solved",270,0.047589085667578641,0.014899770397969565,-0.099999999999999992,0.66551951393909903,0.63970647610243248,0,0,5.3358509999999999,6.8928260000000003,0,1000000000,0
S0,229,8593000000,0,0,"solver_not_solved","solved inaccurate",400,0,0,0,0,0,0,0,7.4252700000000003,8.9053690000000003,1,1000000000,0
S0,230,8643000000,0,0,"nonlinear_static_support","solved",210,0,0,0,0,0,0,0,4.4418280000000001,5.9748999999999999,0,1000000000,0
S0,231,8693000000,0,0,"nonlinear_static_support","solved",300,0,0,0,0,0,0,0,5.8426590000000003,7.3962439999999994,0,1000000000,0
S0,232,8743000000,0,1,"solved_soft_dynamic","solved",290,0.045804785439421701,0.017803157007054898,-0.099999999999999992,0.70996713859161353,0.65082806154669726,0,0,5.6862659999999998,7.1988750000000001,0,1000000000,0
S0,233,8793000000,0,0,"nonlinear_static_support","solved",240,0,0,0,0,0,0,0,5.0517599999999998,6.5689820000000001,1,1000000000,0
S0,234,8843000000,0,0,"nonlinear_static_support","solved",300,0,0,0,0,0,0,0,5.8683769999999997,7.3930020000000001,0,1000000000,0
S0,235,8893000000,0,0,"nonlinear_static_support","solved",350,0,0,0,0,0,0,0,6.5842429999999998,8.0984809999999996,0,1000000000,0
S0,236,8943000000,0,1,"solved_soft_dynamic","solved",170,0.043899208072737179,0.020632266503499513,-0.099999999999999992,0.75067119224395151,0.60163064499098029,0,0,3.8323519999999998,5.3684249999999993,0,1000000000,0
S0,237,8993000000,0,0,"nonlinear_static_support","solved",140,0,0,0,0,0,0,0,3.3431540000000002,4.8604240000000001,1,1000000000,0
S0,238,9040000000,0,1,"solved_soft_dynamic","solved",220,0.043249892432421763,0.020364522012854266,-0.099999999999999992,0.76096194300713293,0.723900750149438,0,0,4.579097,6.1406430000000007,0,1000000000,0
S0,239,9090000000,0,0,"nonlinear_static_support","solved",210,0,0,0,0,0,0,0,4.4254930000000003,5.9545849999999998,1,1000000000,0
S0,240,9140000000,0,0,"nonlinear_static_support","solved",270,0,0,0,0,0,0,0,5.3648159999999994,6.8891200000000001,0,1000000000,0
S0,241,9190000000,0,0,"nonlinear_static_support","solved",210,0,0,0,0,0,0,0,4.444706,5.9738150000000001,0,1000000000,0
S0,242,9240000000,0,1,"solved_soft_dynamic","solved",240,0.042747712175724289,0.023104109454754964,-0.099999999999999992,0.8035666235925627,0.66825954860992298,0,0,4.909014,6.4488519999999996,0,1000000000,0
S0,243,9290000000,0,1,"solved_soft_dynamic","solved",310,0.082207183333956102,0.043980453196681923,-0.17407344115567841,0.82255194741028248,0.39737286898294272,0,0,6.3549110000000004,7.8753239999999991,1,1000000000,0
S0,244,9340000000,0,0,"nonlinear_static_support","solved",290,0,0,0,0,0,0,0,5.6705210000000008,7.1626340000000006,0,1000000000,0
S0,245,9390000000,0,0,"nonlinear_static_support","solved",230,0,0,0,0,0,0,0,4.7695600000000002,6.2974009999999998,0,1000000000,0
S0,246,9440000000,0,0,"nonlinear_static_support","solved",250,0,0,0,0,0,0,0,5.1104039999999999,6.6070010000000003,0,1000000000,0
S0,247,9490000000,0,0,"nonlinear_static_support","solved",260,0,0,0,0,0,0,0,5.2383500000000005,6.7371809999999996,0,1000000000,0
S0,248,9540000000,0,1,"solved_soft_dynamic","solved",340,0.041684908485320631,0.02381872881040813,-0.10000000000000001,0.57690861583281805,0.49753526543363358,0,0,6.7256720000000003,8.2317710000000002,0,1000000000,0
S0,249,9590000000,0,0,"solver_not_solved","solved inaccurate",400,0,0,0,0,0,0,0,7.4285230000000002,8.8893129999999996,1,1000000000,0
S0,250,9640000000,0,0,"solver_not_solved","solved inaccurate",400,0,0,0,0,0,0,0,7.4208449999999999,8.8812749999999987,0,1000000000,0
S0,251,9690000000,0,0,"solver_not_solved","maximum iterations reached",400,0,0,0,0,0,0,0,7.3830539999999996,8.8461449999999999,0,1000000000,0
S0,252,9740000000,0,0,"solver_not_solved","solved inaccurate",400,0,0,0,0,0,0,0,7.3828390000000006,8.8397849999999991,0,1000000000,0
S0,253,9790000000,0,0,"solver_not_solved","maximum iterations reached",400,0,0,0,0,0,0,0,7.3772780000000004,8.8428850000000008,0,1000000000,0
S0,254,9840000000,0,1,"solved_soft_dynamic","solved",360,0.042336482014525681,0.021922965108477157,-0.099999973649879517,0.57690973859965611,1.0014240797711005,0,0,7.1748519999999996,8.7031379999999992,0,1000000000,0
S0,255,9890000000,0,1,"solved_soft_dynamic","solved",210,0.078791990030453965,0.040670222202827941,-0.19999997364987954,0.57690995641524867,0.79654362322851857,0,0,4.6931969999999996,6.2120099999999994,1,1000000000,0
S0,256,9940000000,0,1,"solved_soft_dynamic","solved",300,0.10995483785217648,0.055560716481374672,-0.29260727734574693,0.57690995641524867,0.88120316093532491,0,0,5.8172190000000006,7.3140799999999997,1,1000000000,0
S0,257,9990000000,0,1,"solved_soft_dynamic","solved",230,0.13558784822932357,0.067368686063361327,-0.30459986597488053,0.57690995641524878,0.76140496242118516,0,0,4.9194800000000001,6.4240839999999997,1,1000000000,0
S0,258,10040000000,0,0,"solver_not_solved","solved inaccurate",400,0,0,0,0,0,0,0,7.594112,9.0507170000000006,1,1000000000,0
S0,259,10090000000,0,0,"nonlinear_static_support","solved",360,0,0,0,0,0,0,0,7.2275539999999996,8.7227560000000004,0,1000000000,0
S0,260,10140000000,0,1,"solved_soft_dynamic","solved",320,0.044164955733512028,0.018460443066658696,-0.099999513738402768,0.57690995223026342,1.1469438454349372,0,0,6.5819140000000003,8.0891750000000009,0,1000000000,0
S0,261,10190000000,0,1,"solved_soft_dynamic","solved",220,0.078969495103482043,0.033338479854930214,-0.19999943714805563,0.57690991375971623,0.82335902426597141,0,0,4.6921759999999999,6.1953740000000002,1,1000000000,0
S0,262,10240000000,0,1,"solved_soft_dynamic","solved",220,0.10823032544190823,0.044412496997585607,-0.23406861842948451,0.57690995641524878,1.0038213465232317,0,0,4.9781110000000002,6.4774570000000002,1,1000000000,0
S0,263,10290000000,0,1,"solved_soft_dynamic","solved",330,0.13177506121466229,0.053413639263223359,-0.28125196108243777,0.57690995641524867,0.77790772042573231,0,0,6.5993969999999997,8.1037130000000008,1,1000000000,0
S0,264,10340000000,0,1,"solved_soft_dynamic","solved",340,0.15253381201793212,0.060173180224558566,-0.21296044751603566,0.576909956415249,0.9711803069019348,0,0,6.6008969999999998,8.0965599999999984,1,1000000000,0
S0,265,10390000000,0,0,"solver_not_solved","solved inaccurate",400,0,0,0,0,0,0,0,7.622808,9.0509550000000001,0,1000000000,0
S0,266,10440000000,0,0,"solver_not_solved","solved inaccurate",400,0,0,0,0,0,0,0,7.4518270000000006,8.8826329999999984,0,1000000000,0
S0,267,10490000000,0,0,"solver_not_solved","maximum iterations reached",400,0,0,0,0,0,0,0,7.6228800000000003,9.0557970000000001,0,1000000000,0
S0,268,10540000000,0,0,"solver_not_solved","solved inaccurate",400,0,0,0,0,0,0,0,7.3164119999999997,8.7795749999999995,0,1000000000,0
S0,269,10590000000,0,0,"solver_not_solved","maximum iterations reached",400,0,0,0,0,0,0,0,7.3597349999999997,8.8290710000000008,0,1000000000,0
S0,270,10640000000,0,0,"solver_not_solved","solved inaccurate",400,0,0,0,0,0,0,0,7.4032249999999999,8.8733339999999998,0,1000000000,0
S0,271,10690000000,0,0,"solver_not_solved","maximum iterations reached",400,0,0,0,0,0,0,0,7.5500369999999997,9.0144450000000003,0,1000000000,0
S0,272,10740000000,0,0,"solver_not_solved","solved inaccurate",400,0,0,0,0,0,0,0,7.287115,8.7641790000000004,0,1000000000,0
S0,273,10790000000,0,0,"solver_not_solved","maximum iterations reached",400,0,0,0,0,0,0,0,7.323334,8.8013220000000008,0,1000000000,0
S0,274,10840000000,0,0,"solver_not_solved","maximum iterations reached",400,0,0,0,0,0,0,0,7.4249010000000002,8.8737790000000007,0,1000000000,0
S0,275,10890000000,0,0,"solver_not_solved","maximum iterations reached",400,0,0,0,0,0,0,0,7.2810619999999995,8.7732899999999994,0,1000000000,0
S0,276,10940000000,0,0,"solver_not_solved","solved inaccurate",400,0,0,0,0,0,0,0,7.4312550000000002,8.8951650000000004,0,1000000000,0
S0,277,10990000000,0,0,"solver_not_solved","solved inaccurate",400,0,0,0,0,0,0,0,7.2482360000000003,8.732527000000001,0,1000000000,0
S0,278,11040000000,0,0,"solver_not_solved","solved inaccurate",400,0,0,0,0,0,0,0,7.4687269999999994,8.9253040000000006,0,1000000000,0
S0,279,11090000000,0,0,"solver_not_solved","maximum iterations reached",400,0,0,0,0,0,0,0,7.2995169999999998,8.7433340000000008,0,1000000000,0
S0,280,11140000000,0,0,"solver_not_solved","maximum iterations reached",400,0,0,0,0,0,0,0,7.3051640000000004,8.773415,0,1000000000,0
S0,281,11190000000,0,0,"solver_not_solved","solved inaccurate",400,0,0,0,0,0,0,0,7.2715610000000002,8.741515999999999,0,1000000000,0
S0,282,11240000000,0,1,"solved_soft_dynamic","solved",400,0.040734508342969669,0.012047839818229465,0.063944574059100048,0.38036661043951653,0.11711084906152687,0,0,7.2724000000000002,8.7613409999999998,0,1000000000,0
S0,283,11290000000,0,0,"solver_not_solved","maximum iterations reached",400,0,0,0,0,0,0,0,7.5216419999999999,8.9850110000000001,1,1000000000,0
S0,284,11340000000,0,0,"solver_not_solved","maximum iterations reached",400,0,0,0,0,0,0,0,7.5194179999999999,8.9663120000000003,0,1000000000,0
S0,285,11390000000,0,0,"solver_not_solved","maximum iterations reached",400,0,0,0,0,0,0,0,7.2299910000000001,8.6555090000000003,0,1000000000,0
S0,286,11440000000,0,0,"solver_not_solved","maximum iterations reached",400,0,0,0,0,0,0,0,7.0913900000000005,8.500573000000001,0,1000000000,0
S0,287,11490000000,0,0,"solver_not_solved","maximum iterations reached",400,0,0,0,0,0,0,0,7.0420829999999999,8.4630780000000012,0,1000000000,0
S0,288,11540000000,0,0,"solver_not_solved","maximum iterations reached",400,0,0,0,0,0,0,0,6.9852159999999994,8.4013799999999996,0,1000000000,0
S0,289,11590000000,0,0,"solver_not_solved","maximum iterations reached",400,0,0,0,0,0,0,0,7.5161480000000003,8.9270940000000003,0,1000000000,0
S0,290,11640000000,0,0,"solver_not_solved","solved inaccurate",400,0,0,0,0,0,0,0,7.2006250000000005,8.6105990000000006,0,1000000000,0
S0,291,11690000000,0,1,"solved_soft_dynamic","solved",350,0.033227106639102326,0.020224210651533552,-0.099998877860695043,0.23885637276777805,0.0073018235314491232,0,0,6.3427149999999992,7.7962659999999993,0,1000000000,0
S0,292,11740000000,0,0,"solver_not_solved","maximum iterations reached",400,0,0,0,0,0,0,0,7.4837910000000001,8.8975080000000002,1,1000000000,0
S0,293,11790000000,0,1,"solved_soft_dynamic","solved",390,0.032206886307452567,0.020171081410680358,-0.10000000000000001,0.23885633048326896,-0.11759573275881259,0,0,6.9409590000000003,8.3952200000000001,0,1000000000,0
S0,294,11840000000,0,0,"solver_not_solved","maximum iterations reached",400,0,0,0,0,0,0,0,7.3793950000000006,8.7889339999999994,1,1000000000,0
S0,295,11890000000,0,1,"solved_soft_dynamic","solved",290,0.031407211351800815,0.019824120977784153,-0.099999974796769073,0.23885661484456733,0.012686688809401429,0,0,5.5142730000000002,6.9561789999999997,0,1000000000,0
S0,296,11940000000,0,0,"solver_not_solved","solved inaccurate",400,0,0,0,0,0,0,0,7.5718119999999995,8.9816739999999999,1,1000000000,0
S0,297,11990000000,0,1,"solved_soft_dynamic","solved",330,0.029558105632096356,0.021112067314358975,-0.099998821988145595,0.23885634349564724,0.007600968052477286,0,0,5.9966749999999998,7.4552109999999994,0,1000000000,0
S0,298,12040000000,0,0,"solver_not_solved","solved inaccurate",400,0,0,0,0,0,0,0,7.369281,8.7815879999999993,1,1000000000,0
S0,299,12090000000,0,0,"solver_not_solved","maximum iterations reached",400,0,0,0,0,0,0,0,7.0343020000000003,8.4437899999999999,0,1000000000,0
S0,300,12140000000,0,1,"solved_soft_dynamic","solved",350,0.028426226171312987,0.020574770728608194,-0.030556183381340352,0.23885631811897762,0.010743611174489853,0,0,6.4151950000000006,7.8673149999999996,0,1000000000,0
S0,301,12190000000,0,0,"solver_not_solved","maximum iterations reached",400,0,0,0,0,0,0,0,7.457808,8.8877319999999997,1,1000000000,0
S1,82,1202000000,1,1,"solved_soft_dynamic","solved",180,0.049883407110032002,8.4241959299429764e-05,-0.0030206951538120988,0.57570169857191178,0.0087870310893291784,0,0,4.1930889999999996,6.6228689999999997,0,1000000000,0
S1,83,1252000000,1,0,"solver_not_solved","solved inaccurate",400,0,0,0,0,0,0,0,7.23855,7.9837620000000005,1,1000000000,0
S1,84,1302000000,1,1,"solved_soft_dynamic","solved",210,0.04988347144967592,8.1389668385408018e-05,-0.0039246671821045317,0.57570191417639704,0.0092236800072150668,0,0,4.3655940000000006,5.1588570000000002,0,1000000000,0
S1,85,1352000000,1,0,"solver_not_solved","solved inaccurate",400,0,0,0,0,0,0,0,7.227792,7.9633129999999994,1,1000000000,0
S1,86,1401000000,1,1,"solved_soft_dynamic","solved",210,0.04988347144967592,8.1389668385408018e-05,-0.0039246671821045317,0.57570191417639704,0.0092236800072150668,0,0,4.4185449999999999,5.2176689999999999,0,1000000000,0
S1,87,1451000000,0,0,"solver_not_solved","solved inaccurate",400,0,0,0,0,0,0,0,7.291531,9.2858579999999993,1,1000000000,0
S1,88,1501000000,0,1,"solved_soft_dynamic","solved",210,0.049814221921788832,-3.2014272152001268e-05,0.011406316623563277,0.57756741075658735,0.010833892805237402,0,0,4.5391539999999999,6.595828,0,1000000000,0
S1,89,1552000000,0,0,"solver_not_solved","solved inaccurate",400,0,0,0,0,0,0,0,7.310549,9.273047,1,1000000000,0
S1,90,1602000000,0,0,"solver_not_solved","maximum iterations reached",400,0,0,0,0,0,0,0,7.4233770000000003,9.3352899999999988,0,1000000000,0
S1,91,1652000000,0,0,"solver_not_solved","solved inaccurate",400,0,0,0,0,0,0,0,7.4296850000000001,9.3560310000000015,0,1000000000,0
S1,92,1701000000,0,0,"solver_not_solved","maximum iterations reached",400,0,0,0,0,0,0,0,7.3751639999999998,9.3643679999999989,0,1000000000,0
S1,93,1752000000,0,0,"solver_not_solved","maximum iterations reached",400,0,0,0,0,0,0,0,7.4708920000000001,9.4718059999999991,0,1000000000,0
S1,94,1802000000,0,0,"solver_not_solved","maximum iterations reached",400,0,0,0,0,0,0,0,7.5373089999999996,9.5299049999999994,0,1000000000,0
S1,95,1852000000,0,0,"solver_not_solved","solved inaccurate",400,0,0,0,0,0,0,0,7.4848909999999993,9.4646049999999988,0,1000000000,0
S1,96,1902000000,0,0,"solver_not_solved","solved inaccurate",400,0,0,0,0,0,0,0,7.1958489999999999,9.0515140000000009,0,1000000000,0
S1,97,1951000000,0,0,"nonlinear_static_support","solved",330,0,0,0,0,0,0,0,6.284211,8.2610060000000001,0,1000000000,0
S1,98,2001000000,0,0,"solver_not_solved","solved inaccurate",400,0,0,0,0,0,0,0,7.2445449999999996,9.1428589999999996,0,1000000000,0
S1,99,2051000000,0,1,"solved_soft_dynamic","solved",390,0.049946679132473991,0.0048595510290773171,0.10000000000000001,0.76417891616310962,-0.092381717289961252,0,0,7.2690259999999993,9.2219069999999999,0,1000000000,0
S1,100,2101000000,0,0,"nonlinear_static_support","solved",260,0,0,0,0,0,0,0,5.5240219999999995,7.4828010000000003,1,1000000000,0
S1,101,2152000000,0,0,"solver_not_solved","maximum iterations reached",400,0,0,0,0,0,0,0,7.2801910000000003,9.2412810000000007,0,1000000000,0
S1,102,2201000000,0,0,"solver_not_solved","maximum iterations reached",400,0,0,0,0,0,0,0,7.3731249999999999,9.3425770000000004,0,1000000000,0
S1,103,2252000000,0,0,"solver_not_solved","maximum iterations reached",400,0,0,0,0,0,0,0,7.7024169999999996,9.6249690000000001,0,1000000000,0
S1,104,2301000000,0,0,"solver_not_solved","maximum iterations reached",400,0,0,0,0,0,0,0,7.6644209999999999,9.6267650000000007,0,1000000000,0
S1,105,2351000000,0,0,"solver_not_solved","maximum iterations reached",400,0,0,0,0,0,0,0,7.8065490000000004,9.6759180000000011,0,1000000000,0
S1,106,2402000000,0,0,"solver_not_solved","maximum iterations reached",400,0,0,0,0,0,0,0,7.3284549999999999,9.169554999999999,0,1000000000,0
S1,107,2451000000,0,0,"solver_not_solved","maximum iterations reached",400,0,0,0,0,0,0,0,7.6147730000000005,9.5449199999999994,0,1000000000,0
S1,108,2502000000,0,0,"solver_not_solved","maximum iterations reached",400,0,0,0,0,0,0,0,7.6442579999999998,9.5713980000000003,0,1000000000,0
S1,109,2552000000,0,1,"solved_soft_dynamic","solved",400,0.04881217785848363,-0.0069590996556864919,-0.099999999999999992,0.73349752178988492,-0.021492220972716761,0,0,7.8849030000000004,9.8990130000000001,0,1000000000,0
S1,110,2602000000,0,0,"solver_not_solved","solved inaccurate",400,0,0,0,0,0,0,0,7.3724059999999998,9.4301139999999997,1,1000000000,0
S1,111,2652000000,0,0,"solver_not_solved","solved inaccurate",400,0,0,0,0,0,5.7969855988022658e-06,0,7.3820030000000001,9.2724130000000002,0,1000000000,0
S1,112,2702000000,0,0,"solver_not_solved","maximum iterations reached",400,0,0,0,0,0,1.8880458854117821e-05,0,7.3511669999999993,9.246461,0,1000000000,0
S1,113,2751000000,0,0,"solver_not_solved","solved inaccurate",400,0,0,0,0,0,7.4803696480635096e-05,0,7.3690439999999997,9.2079880000000003,0,1000000000,0
S1,114,2801000000,0,0,"solver_not_solved","solved inaccurate",400,0,0,0,0,0,0.00017199723933694231,0,7.5845069999999994,9.5001840000000009,0,1000000000,0
S1,115,2851000000,0,0,"solver_not_solved","solved inaccurate",400,0,0,0,0,0,0.00051162519550245096,0,7.4642379999999999,9.4176199999999994,0,1000000000,0
S1,116,2902000000,0,0,"solver_not_solved","maximum iterations reached",400,0,0,0,0,0,0.00037629689428137007,0,8.1223660000000013,9.9850979999999989,0,1000000000,0
S1,117,2951000000,0,0,"solver_not_solved","maximum iterations reached",400,0,0,0,0,0,0.00088607624877625087,0,7.4797630000000002,9.4212800000000012,0,1000000000,0
S1,118,3002000000,0,0,"nonlinear_static_support","solved",330,0,0,0,0,0,0.0041522030390103099,0,6.4345950000000007,8.4221780000000006,0,1000000000,0
S1,119,3052000000,0,0,"solver_not_solved","solved inaccurate",400,0,0,0,0,0,0.020049540849816569,0,7.4719799999999994,9.3566710000000004,0,1000000000,0
S1,120,3102000000,0,0,"solver_not_solved","solved inaccurate",400,0,0,0,0,0,0.067679861779758627,0,7.861193000000001,9.805669,0,1000000000,0
S1,121,3151000000,0,0,"solver_not_solved","solved inaccurate",400,0,0,0,0,0,0.18161379864884547,0,7.9941890000000004,9.8329000000000004,0,1000000000,0
S1,122,3201000000,0,0,"solver_not_solved","solved inaccurate",400,0,0,0,0,0,0.35593269681587225,0,7.7466849999999994,9.6927449999999986,0,1000000000,0
S1,123,3252000000,0,1,"solved_soft_dynamic","solved",220,0.044317093883493891,0.014495770861473934,0.10000000000000001,0.56315794835629673,-0.38801156860354813,0.079355393422701148,0.27750921705163539,5.023263,6.8857359999999996,0,0.071369970021826601,0
S1,124,3301000000,0,0,"solver_not_solved","solved inaccurate",400,0,0,0,0,0,0.93742701293477748,0,7.7369669999999999,9.6193430000000006,1,1000000000,0
S1,125,3352000000,0,1,"solved_soft_dynamic","solved",190,0.039933249483843122,0.027396229557545084,-0.10000000000000001,0.61037827451583093,-0.22618533807801688,0.017055681293780104,0.0023302112466388127,4.3960739999999996,6.3357270000000003,0,0.26474832584320174,0
S1,126,3402000000,0,0,"solver_not_solved","solved inaccurate",400,0,0,0,0,0,0.0067308607131645881,0,7.2339919999999998,9.0629939999999998,1,1000000000,0
S1,127,3452000000,0,1,"solved_soft_dynamic","solved",220,0.04075050464092278,0.026729835237900741,0.099999999999999992,0.65959392760155278,0.084531151091965656,0.0075018379231322702,0.0010966270710920504,4.9636180000000003,6.8446740000000004,0,0.29459499724358701,0
S1,128,3501000000,0,1,"solved_soft_dynamic","solved",310,0.077009577520230965,0.053129535423470799,4.6906922790412864e-15,0.70867800233902423,-0.015210656515608156,0.00044452505118110723,0.0002419197010333626,6.3270710000000001,8.266255000000001,1,0.34893115836044253,0
S1,129,3552000000,0,0,"solver_not_solved","solved inaccurate",400,0,0,0,0,0,0.00027616022030811849,0,7.3205879999999999,9.1734790000000004,1,1000000000,0
S1,130,3602000000,0,1,"solved_soft_dynamic","solved",370,0.042702542983651018,0.024300268424253098,0.10000000000000001,0.74481072009178251,0.28491061574361182,0.0015437872185063424,0.00059052719839334871,6.863397,8.8165180000000003,0,0.31257056424972202,0
S1,131,3652000000,0,1,"solved_soft_dynamic","solved",280,0.080728024973381413,0.045161140527716012,1.3877787807814457e-17,0.78299574421472529,-0.3763465006168607,0.00094492177255684319,0.00066364090663244019,5.5063559999999994,7.4944939999999995,1,0.3102433257385051,0
S1,132,3701000000,0,1,"solved_soft_dynamic","solved",290,0.11617360929537918,0.06150161835519774,-0.099999999999995801,0.82614619359034058,-0.47879551511161239,0.00066986828715215785,0.00066339800219764598,5.8617820000000007,7.781053,1,0.30874089852783065,0
S1,133,3752000000,0,0,"solver_not_solved","solved inaccurate",400,0,0,0,0,0,0.0013751834076788873,0,7.4301979999999999,9.3416090000000001,1,1000000000,0
S1,134,3802000000,0,1,"solved_soft_dynamic","solved",170,0.043679436000651752,0.013454983519571001,-0.099999999999999992,0.83941361230258027,-0.53296086919496521,0.0018448918202891552,0.0012717482222529652,3.944385,5.8897079999999997,0,0.28699516496085326,0
S1,135,3852000000,0,0,"solver_not_solved","solved inaccurate",400,0,0,0,0,0,0.0020139714523272211,0,7.6914180000000005,9.5890119999999985,1,1000000000,0
S1,136,3901000000,0,1,"solved_soft_dynamic","solved",150,0.043395738655154011,0.0041340679613336394,-0.099999999999999992,0.87764521189131339,-0.10643562103090987,0.0022289067075358061,0.0019947994540927875,3.520394,5.4406100000000004,0,0.27076358087704949,0
S1,137,3951000000,0,1,"solved_soft_dynamic","solved",170,0.083131174186243342,0.0082886705808583351,-0.20000000000000001,0.9339591897066023,-0.020053112736750256,0.0034755240338218089,0.0029096859097710371,3.8428400000000003,5.7170440000000005,1,0.25605157893566044,0
S1,138,4002000000,0,1,"solved_soft_dynamic","solved",270,0.1195728632250353,0.012547861658760553,-0.30000000000000004,0.97864608034348577,-0.45101847889363267,0.005657555433277995,0.0047433268513935494,5.7248710000000003,7.7053649999999996,1,0.2279346107742137,0
S1,139,4052000000,0,1,"solved_soft_dynamic","solved",300,0.15001480228906824,0.015534228939471416,-0.39999932311941955,1.0052473010219054,-0.67017429394614503,0.0060829138295769034,0.0050199717731599456,5.9020710000000003,7.8848029999999989,1,0.2377052605139178,0
S1,140,4101000000,0,1,"solved_soft_dynamic","solved",300,0.17440925459172968,0.020366683273781053,-0.49999932311941953,1.0500742938424645,-0.84096962449155277,0.022829441963751376,0.020210888704272002,5.8284160000000007,7.8314030000000008,1,0.18737774340261193,0
S1,141,4151000000,0,1,"solved_soft_dynamic","solved",330,0.19106917591015612,0.02321274615398768,-0.5999993231194195,1.0674355571948433,-0.90238364819180583,0.031174507990282256,0.027515516457271502,6.5413329999999998,8.5251440000000009,1,0.17678940537104634,0
S1,142,4201000000,0,0,"solver_not_solved","maximum iterations reached",400,0,0,0,0,0,0.033031155232103433,0,7.6178729999999995,9.4992289999999997,1,1000000000,0
S1,143,4251000000,0,1,"solved_soft_dynamic","solved",350,0.033888166657962612,-0.012328258804854891,-0.099999999999999992,1.031571988937753,-0.45935922858228195,0.035976954330069012,0.030610470123126336,6.6168440000000004,8.5245409999999993,0,0.17332775774347203,0
S1,144,4301000000,0,1,"solved_soft_dynamic","solved",290,-0.0045784700796568864,-0.049678503855316435,-0.20000000000000001,0.56057443918070715,0.6866882259064172,0.02240920681046046,0.022573030862645799,5.9212090000000002,7.7663849999999996,0,0.16873982872135446,0
S1,145,4351000000,0,1,"solved_soft_dynamic","solved",320,-0.047172290141258719,-0.083012350996434336,-0.27219676098987411,0.58463956644959125,0.77006748655859636,0.035867641656846978,0.03437639232446494,6.262372,8.1661860000000015,1,0.16346705286412561,0
S1,146,4401000000,0,1,"solved_soft_dynamic","solved",360,-0.094832246227554262,-0.10916883173340172,-0.17219676098987413,0.59600957626491446,0.84379680971264737,0.057994450942680603,0.054261702187755563,6.8823699999999999,8.8293390000000009,1,0.15100371652616157,0
S1,147,4451000000,0,1,"solved_soft_dynamic","solved",390,-0.13947172040760603,-0.13240928292889478,-0.07219676098987414,0.60297617691859373,0.91586087752481804,0.058287906579075864,0.056432246693600446,7.2350149999999998,9.1687409999999989,1,0.14537564835124245,0
S1,148,4501000000,0,0,"solver_not_solved","solved inaccurate",400,0,0,0,0,0,0.058230401851307095,0,7.1649820000000002,8.9987209999999997,1,1000000000,0
S1,149,4551000000,0,0,"solver_not_solved","maximum iterations reached",400,0,0,0,0,0,0.068453910833918677,0,7.1930120000000004,9.0065849999999994,0,1000000000,0
S1,150,4601000000,0,0,"solver_not_solved","solved inaccurate",400,0,0,0,0,0,0.28021937249966639,0,7.3258270000000003,9.1808740000000011,0,1000000000,0
S1,151,4651000000,0,0,"solver_not_solved","solved inaccurate",400,0,0,0,0,0,0.30726674859390996,0,7.3453889999999999,9.2370030000000014,0,1000000000,0
S1,152,4701000000,0,0,"solver_not_solved","maximum iterations reached",400,0,0,0,0,0,0.10807107344955479,0,7.5038520000000002,9.3033800000000006,0,1000000000,0
S1,153,4752000000,0,0,"solver_not_solved","solved inaccurate",400,0,0,0,0,0,0.12089940449337531,0,7.2623569999999997,9.1208100000000005,0,1000000000,0
S1,154,4801000000,0,0,"solver_not_solved","maximum iterations reached",400,0,0,0,0,0,0.813383704192853,0,7.2542470000000003,9.0924490000000002,0,1000000000,0
S1,155,4851000000,0,0,"solver_not_solved","maximum iterations reached",400,0,0,0,0,0,0.36292453794847901,0,7.4664730000000006,9.2798840000000009,0,1000000000,0
S1,156,4901000000,0,0,"solver_not_solved","maximum iterations reached",400,0,0,0,0,0,0.65165612481140756,0,7.2424159999999995,9.0255019999999995,0,1000000000,0
S1,157,4951000000,0,0,"solver_not_solved","maximum iterations reached",400,0,0,0,0,0,1.2642356392798071,0,7.2939110000000005,9.078379,0,1000000000,0
S1,158,5001000000,0,0,"solver_not_solved","maximum iterations reached",400,0,0,0,0,0,1.3451935432554887,0,7.4307610000000004,9.3060940000000016,0,1000000000,0
S1,159,5052000000,0,0,"solver_not_solved","maximum iterations reached",400,0,0,0,0,0,2.7447684588246362,0,7.3330779999999995,9.1533549999999995,0,1000000000,0
S1,160,5101000000,0,0,"solver_not_solved","maximum iterations reached",400,0,0,0,0,0,5.4321670900080372,0,7.2455319999999999,9.0289370000000009,0,1000000000,0
S1,161,5151000000,0,0,"solver_not_solved","maximum iterations reached",400,0,0,0,0,0,10.474318659859833,0,7.272462,9.1325160000000007,0,1000000000,0
S1,162,5201000000,0,0,"solver_not_solved","maximum iterations reached",400,0,0,0,0,0,15.294312327661878,0,7.3869629999999997,9.2018350000000009,0,1000000000,0
S1,163,5252000000,0,0,"solver_not_solved","maximum iterations reached",400,0,0,0,0,0,15.607290617649657,0,7.3885149999999999,9.2703530000000001,0,1000000000,0
S1,164,5301000000,0,0,"solver_not_solved","maximum iterations reached",400,0,0,0,0,0,0.94292047811297863,0,7.5545770000000001,9.5459980000000009,0,1000000000,0
S1,165,5351000000,0,0,"solver_not_solved","maximum iterations reached",400,0,0,0,0,0,0.99079996148118554,0,7.5790800000000003,9.4184710000000003,0,1000000000,0
S1,166,5401000000,0,0,"solver_not_solved","maximum iterations reached",400,0,0,0,0,0,0.9102371830552386,0,7.6333199999999994,9.5278310000000008,0,1000000000,0
S1,167,5451000000,0,0,"solver_not_solved","maximum iterations reached",400,0,0,0,0,0,1.0572105256425472,0,7.4314169999999997,9.3917760000000001,0,1000000000,0
S1,168,5501000000,0,0,"solver_not_solved","maximum iterations reached",400,0,0,0,0,0,1.0886732176122949,0,7.2461410000000006,9.1408149999999999,0,1000000000,0
S1,169,5551000000,0,0,"solver_not_solved","maximum iterations reached",400,0,0,0,0,0,1.0367986707652386,0,7.458888,9.4157530000000005,0,1000000000,0
S1,170,5602000000,0,0,"solver_not_solved","maximum iterations reached",400,0,0,0,0,0,0.99566222974225338,0,7.5483970000000005,9.3865000000000016,0,1000000000,0
S1,171,5651000000,0,0,"solver_not_solved","maximum iterations reached",400,0,0,0,0,0,4.9973060299347809,0,7.4142849999999996,9.3443749999999994,0,1000000000,0
S1,172,5701000000,0,0,"solver_not_solved","maximum iterations reached",400,0,0,0,0,0,5.5597020244857163,0,7.3417910000000006,9.1933999999999987,0,1000000000,0
S1,173,5751000000,0,0,"solver_not_solved","maximum iterations reached",400,0,0,0,0,0,5.0634792774739701,0,7.3830090000000004,9.3165599999999991,0,1000000000,0
S1,174,5801000000,0,0,"solver_not_solved","maximum iterations reached",400,0,0,0,0,0,4.1105002478556862,0,7.4800360000000001,9.6052700000000009,0,1000000000,0
S1,175,5852000000,0,0,"solver_not_solved","maximum iterations reached",400,0,0,0,0,0,4.2402813703919806,0,7.3769229999999997,9.3437889999999992,0,1000000000,0
S1,176,5901000000,0,0,"solver_not_solved","maximum iterations reached",400,0,0,0,0,0,3.6691578081015686,0,7.2661730000000002,9.1795220000000004,0,1000000000,0
S1,177,5951000000,0,0,"solver_not_solved","maximum iterations reached",400,0,0,0,0,0,41.06414122150921,0,7.9516599999999995,9.9331639999999997,0,1000000000,0
S1,178,6001000000,0,0,"solver_not_solved","maximum iterations reached",400,0,0,0,0,0,34.919899170015739,0,7.3643470000000004,9.6611590000000014,0,1000000000,0
S1,179,6051000000,0,0,"solver_not_solved","maximum iterations reached",400,0,0,0,0,0,36.946990302284519,0,7.3226209999999998,9.2066030000000012,0,1000000000,0
S1,180,6101000000,0,0,"solver_not_solved","maximum iterations reached",400,0,0,0,0,0,31.410856483470329,0,7.2840980000000002,9.2203860000000013,0,1000000000,0
S1,181,6151000000,0,0,"solver_not_solved","solved inaccurate",400,0,0,0,0,0,28.751075312902717,0,7.5190049999999999,9.4534800000000008,0,1000000000,0
S1,182,6201000000,0,0,"solver_not_solved","maximum iterations reached",400,0,0,0,0,0,12.361458193728739,0,8.0214669999999995,9.8959469999999996,0,1000000000,0
S1,183,6251000000,0,0,"solver_not_solved","maximum iterations reached",400,0,0,0,0,0,12.6143585122479,0,7.2944810000000002,9.1574259999999992,0,1000000000,0
S1,184,6301000000,0,0,"solver_not_solved","maximum iterations reached",400,0,0,0,0,0,11.868040158233903,0,7.4775930000000006,9.3152990000000013,0,1000000000,0
S1,185,6351000000,0,0,"solver_not_solved","solved inaccurate",400,0,0,0,0,0,1.2172983732719003,0,7.3007580000000001,9.1648049999999994,0,1000000000,0
S1,186,6401000000,0,0,"solver_not_solved","solved inaccurate",400,0,0,0,0,0,0.86230125408117797,0,7.2823439999999993,9.0850939999999998,0,1000000000,0
S1,187,6451000000,0,0,"solver_not_solved","solved inaccurate",400,0,0,0,0,0,0.64911114266150616,0,7.2607559999999998,9.1518529999999991,0,1000000000,0
S1,188,6501000000,0,0,"solver_not_solved","maximum iterations reached",400,0,0,0,0,0,0.47958506196765466,0,7.3247059999999999,9.1958000000000002,0,1000000000,0
S1,189,6551000000,0,0,"solver_not_solved","maximum iterations reached",400,0,0,0,0,0,0.54215026941286526,0,7.4474429999999998,9.3260579999999997,0,1000000000,0
S1,190,6601000000,0,0,"solver_not_solved","solved inaccurate",400,0,0,0,0,0,0.63256236054566639,0,7.234083,9.1315029999999986,0,1000000000,0
S1,191,6651000000,0,0,"solver_not_solved","solved inaccurate",400,0,0,0,0,0,0.34252752637415518,0,7.4663000000000004,9.3609669999999987,0,1000000000,0
S1,192,6701000000,0,0,"solver_not_solved","maximum iterations reached",400,0,0,0,0,0,0.24741729101258195,0,7.2503799999999998,9.0833589999999997,0,1000000000,0
S1,193,6751000000,0,0,"solver_not_solved","maximum iterations reached",400,0,0,0,0,0,0.19789725945351316,0,7.305644,9.1597089999999994,0,1000000000,0
S1,194,6801000000,0,0,"solver_not_solved","solved inaccurate",400,0,0,0,0,0,0.14041341431126142,0,7.1873930000000001,9.0322619999999993,0,1000000000,0
S1,195,6851000000,0,0,"solver_not_solved","maximum iterations reached",400,0,0,0,0,0,0.097863115436770412,0,7.2573430000000005,9.1383130000000001,0,1000000000,0
S1,196,6901000000,0,0,"solver_not_solved","solved inaccurate",400,0,0,0,0,0,0.085229731042919143,0,7.3115569999999996,9.2143519999999999,0,1000000000,0
S1,197,6951000000,0,0,"solver_not_solved","solved inaccurate",400,0,0,0,0,0,0.063662317817053893,0,7.3108720000000007,9.1785240000000012,0,1000000000,0
S1,198,7001000000,0,0,"solver_not_solved","solved inaccurate",400,0,0,0,0,0,0.075344604401977516,0,7.2824289999999996,9.1376730000000013,0,1000000000,0
S1,199,7051000000,0,0,"solver_not_solved","maximum iterations reached",400,0,0,0,0,0,0.046826439698650975,0,7.251277,9.0998000000000001,0,1000000000,0
S1,200,7101000000,0,0,"solver_not_solved","solved inaccurate",400,0,0,0,0,0,0.049421574599640784,0,7.3064780000000003,9.162236,0,1000000000,0
S1,201,7151000000,0,1,"solved_soft_dynamic","solved",300,0.036715255382360784,-0.030629151008056757,-0.099999999999998035,1.0483970254014903,-0.1425063647676228,0.011776876721314947,0.0039850911113962651,5.883375,7.8357459999999994,0,0.26050278961809586,0
S1,202,7201000000,0,0,"solver_not_solved","maximum iterations reached",400,0,0,0,0,0,0.0023284848701055467,0,7.2717850000000004,9.1209199999999999,1,1000000000,0
S1,203,7251000000,0,1,"solved_soft_dynamic","solved",390,0.043146453481775086,-0.025735297550590838,-0.099999999999999589,1.1105532142664098,-0.19423019810755501,0.0074467501271928659,0.0025897980259394749,7.2188950000000007,9.1460080000000001,0,0.27565941347487893,0
S1,204,7301000000,0,0,"nonlinear_static_support","solved",400,0,0,0,0,0,0.001749746248993567,0,7.3992270000000007,9.2901709999999991,1,1000000000,0
S1,205,7351000000,0,1,"solved_soft_dynamic","solved",350,0.043463353051653331,-0.022005951181101949,-0.09999999999999977,1.1575722600987322,-0.20305851554422061,0.0076172886124966557,0.0023354924717876166,6.7605060000000003,8.6958739999999999,0,0.28374732549930498,0
S1,206,7401000000,0,1,"solved_soft_dynamic","solved",360,0.081416381288743289,-0.037397009673291438,-0.19999999999999951,0.62301667327705212,-0.20777146775701158,0.012004970341185377,0.0028753450192525896,7.059552,8.9085940000000008,0,0.28252722006866543,0
S1,207,7451000000,0,0,"nonlinear_static_support","solved",400,0,0,0,0,0,0.0023792519637701932,0,7.5118840000000002,9.3443680000000011,1,1000000000,0
S1,208,7501000000,0,0,"nonlinear_static_support","solved",340,0,0,0,0,0,0.0036390477549209459,0,6.5120529999999999,8.3768579999999986,0,1000000000,0
S1,209,7551000000,0,0,"solver_not_solved","solved inaccurate",400,0,0,0,0,0,0.0071362315637853143,0,7.5275539999999994,9.3235299999999999,0,1000000000,0
S1,210,7601000000,0,0,"solver_not_solved","solved inaccurate",400,0,0,0,0,0,0.011589334679480524,0,7.5279720000000001,9.339129999999999,0,1000000000,0
S1,211,7651000000,0,0,"solver_not_solved","maximum iterations reached",400,0,0,0,0,0,0.0055903067963438465,0,7.5617970000000003,9.3402790000000007,0,1000000000,0
S1,212,7701000000,0,0,"solver_not_solved","solved inaccurate",400,0,0,0,0,0,0.006849464083832359,0,7.3023040000000004,9.0235190000000003,0,1000000000,0
S1,213,7751000000,0,0,"nonlinear_static_support","solved",380,0,0,0,0,0,0.0069744358520130046,0,7.3295870000000001,9.1107619999999994,0,1000000000,0
S1,214,7801000000,0,0,"nonlinear_static_support","solved",370,0,0,0,0,0,0.0071860552442539489,0,7.2415229999999999,9.051711000000001,0,1000000000,0
S1,215,7851000000,0,0,"nonlinear_static_support","solved",240,0,0,0,0,0,0.0043028244536982216,0,5.2422700000000004,7.049919,0,1000000000,0
S1,216,7901000000,0,0,"solver_not_solved","maximum iterations reached",400,0,0,0,0,0,0.0048005159242450589,0,7.7951039999999994,9.5566440000000004,0,1000000000,0
S1,217,7951000000,0,0,"nonlinear_static_support","solved",360,0,0,0,0,0,0.0050223151802343564,0,6.9636940000000003,8.7631770000000007,0,1000000000,0
S1,218,8001000000,0,0,"nonlinear_static_support","solved",250,0,0,0,0,0,0.0063334200214001952,0,5.2546200000000001,7.0485670000000002,0,1000000000,0
S1,219,8051000000,0,0,"nonlinear_static_support","solved",340,0,0,0,0,0,0.0091547614762952506,0,6.5776189999999994,8.3689130000000009,0,1000000000,0
S1,220,8101000000,0,0,"nonlinear_static_support","solved",340,0,0,0,0,0,0.0034832654617540427,0,6.7792539999999999,8.5100249999999988,0,1000000000,0
S1,221,8151000000,0,0,"nonlinear_static_support","solved",240,0,0,0,0,0,0.0023285368519861986,0,5.1753840000000002,6.9720750000000002,0,1000000000,0
S1,222,8201000000,0,1,"solved_soft_dynamic","solved",210,0.045267565228931106,0.001169058677659981,-0.10000000000000001,1.0925186922720413,-0.23302093414483133,0.0055865115638854945,0.013661628302557212,4.7703420000000003,6.6100530000000006,0,0.21532950959585356,0
S1,223,8251000000,0,0,"nonlinear_static_support","solved",260,0,0,0,0,0,0.0091213873238597497,0,5.4174579999999999,7.1564829999999997,1,1000000000,0
S1,224,8301000000,0,0,"nonlinear_static_support","solved",350,0,0,0,0,0,0.00097688058787491353,0,6.9171129999999996,8.7405059999999999,0,1000000000,0
S1,225,8351000000,0,0,"nonlinear_static_support","solved",360,0,0,0,0,0,0.00086292716378968287,0,7.2244109999999999,9.0356550000000002,0,1000000000,0
S1,226,8401000000,0,0,"solver_not_solved","solved inaccurate",400,0,0,0,0,0,0.00094937411964184407,0,7.3096829999999997,9.0119629999999997,0,1000000000,0
S1,227,8451000000,0,0,"solver_not_solved","maximum iterations reached",400,0,0,0,0,0,0.00071771174416039693,0,7.3286799999999994,9.0418280000000006,0,1000000000,0
S1,228,8501000000,0,1,"solved_soft_dynamic","solved",380,0.04785725447074525,-0.0097067525358557616,-0.10000000000000001,0.62802116716827849,-0.13994927015850181,0.00082853396692860793,0.00045733539345870085,7.1807720000000002,8.9464899999999989,0,0.32936179808798322,0
S1,229,8551000000,0,0,"solver_not_solved","solved inaccurate",400,0,0,0,0,0,0.00038581849867829555,0,7.2941710000000004,9.0343490000000006,1,1000000000,0
S1,230,8601000000,0,1,"solved_soft_dynamic","solved",330,0.047849736945795661,-0.010959259093044127,-0.099999999999999895,0.68511474478687928,-0.094172064071224526,0.00057004928264464585,0.00036483733475420392,6.4573929999999997,8.2780869999999993,0,0.34474750674411253,0
S1,231,8651000000,0,0,"nonlinear_static_support","solved",380,0,0,0,0,0,0.00037963990020688655,0,7.4152330000000006,9.151902999999999,1,1000000000,0
S1,232,8701000000,0,0,"solver_not_solved","maximum iterations reached",400,0,0,0,0,0,9.9958204622646661e-05,0,7.2721239999999998,8.9771580000000011,0,1000000000,0
S1,233,8751000000,0,0,"solver_not_solved","solved inaccurate",400,0,0,0,0,0,8.3617396898204782e-05,0,7.3593089999999997,9.0723120000000002,0,1000000000,0
S1,234,8801000000,0,0,"solver_not_solved","solved inaccurate",400,0,0,0,0,0,0,0,7.2073460000000003,8.9499490000000002,0,1000000000,0
S1,235,8851000000,0,0,"solver_not_solved","maximum iterations reached",400,0,0,0,0,0,0,0,7.4884770000000005,9.1715400000000002,0,1000000000,0
S1,236,8901000000,0,1,"solved_soft_dynamic","solved",310,0.047967873724655073,-0.0091884373093344598,-0.099999449260398374,0.86081207628315115,0.061464703218613873,0,0,6.1664459999999996,7.9266379999999996,0,1000000000,0
S1,237,8951000000,0,0,"nonlinear_static_support","solved",350,0,0,0,0,0,5.7457776060315751e-05,0,6.8291510000000004,8.5699850000000009,1,1000000000,0
S1,238,9001000000,0,1,"solved_soft_dynamic","solved",340,0.048022161895393156,-0.0064573017951334135,-0.10000000000000001,0.92215548942200654,0.017619114850781738,4.3398116889166085e-05,3.7375259468695655e-05,6.6816949999999995,8.456683,0,0.38820379069010497,0
S1,239,9051000000,0,0,"nonlinear_static_support","solved",370,0,0,0,0,0,0,0,7.1918570000000006,8.9540500000000005,1,1000000000,0
S1,240,9101000000,0,0,"solver_not_solved","maximum iterations reached",400,0,0,0,0,0,0,0,7.5928779999999998,9.254486,0,1000000000,0
S1,241,9151000000,0,0,"solver_not_solved","solved inaccurate",400,0,0,0,0,0,0,0,7.4091260000000005,9.1073799999999991,0,1000000000,0
S1,242,9201000000,0,0,"nonlinear_static_support","solved",320,0,0,0,0,0,0,0,6.5678469999999995,8.3361169999999998,0,1000000000,0
S1,243,9251000000,0,0,"solver_not_solved","maximum iterations reached",400,0,0,0,0,0,0,0,7.4002039999999996,9.0944439999999993,0,1000000000,0
S1,244,9301000000,0,1,"solved_soft_dynamic","solved",290,0.048028146573394867,0.0020482218168004487,-0.10000000000000001,1.1119058487963469,-0.029130962160780972,0,0,5.6217280000000001,7.3831129999999998,0,1000000000,0
S1,245,9351000000,0,0,"solver_not_solved","maximum iterations reached",400,0,0,0,0,0,0,0,7.528168,9.2344209999999993,1,1000000000,0
S1,246,9401000000,0,1,"solved_soft_dynamic","solved",230,0.04802651324941825,0.0028757547066978442,-0.099999697503848212,1.1736183878224518,-0.032138008459199369,0,0,4.9046419999999999,6.6630480000000007,0,1000000000,0
S1,247,9451000000,0,1,"solved_soft_dynamic","solved",260,0.091425256360707613,-0.0014878415098127143,-0.1999993880641078,0.61795286545431272,0.12249904743593211,0,0,5.411181,7.0923660000000002,0,1000000000,0
S1,248,9501000000,0,0,"nonlinear_static_support","solved",340,0,0,0,0,0,0,0,6.5533910000000004,8.2347549999999998,1,1000000000,0
S1,249,9551000000,0,0,"solver_not_solved","solved inaccurate",400,0,0,0,0,0,0,0,7.3674020000000002,8.9936340000000001,0,1000000000,0
S1,250,9601000000,0,0,"solver_not_solved","maximum iterations reached",400,0,0,0,0,0,0,0,7.3554780000000006,8.9953540000000007,0,1000000000,0
S1,251,9651000000,0,1,"solved_soft_dynamic","solved",290,0.048720601710883042,-0.0038907815124148665,-0.099998687591544622,0.72598372954757362,0.091928088345477735,0,0,6.0185519999999997,7.7706729999999995,0,1000000000,0
S1,252,9701000000,0,1,"solved_soft_dynamic","solved",340,0.094487315552933299,-0.0074872473830948309,-0.19999861426909854,0.77953743095554129,0.044471731982749438,0,0,6.5431080000000001,8.199800999999999,1,1000000000,0
S1,253,9751000000,0,0,"solver_not_solved","solved inaccurate",400,0,0,0,0,0,0,0,7.6851859999999999,9.3025480000000016,1,1000000000,0
S1,254,9801000000,0,1,"solved_soft_dynamic","solved",290,0.049145315025435468,-0.0022377414576668256,-0.10000000000000001,0.81664282877623506,0.024047194966660572,0,0,5.9416149999999996,7.6547849999999995,0,1000000000,0
S1,255,9851000000,0,0,"nonlinear_static_support","solved",300,0,0,0,0,0,0,0,6.2132949999999996,7.8616940000000008,1,1000000000,0
S1,256,9901000000,0,1,"solved_soft_dynamic","solved",400,0.049114467159780094,0.00026522141573439277,-0.099998965977128929,0.87427008398437489,0.030252816974490879,0,0,7.5318579999999997,9.1871770000000001,0,1000000000,0
S1,257,9951000000,0,0,"solver_not_solved","solved inaccurate",400,0,0,0,0,0,0,0,7.4787739999999996,9.0672240000000013,1,1000000000,0
S1,258,10001000000,0,0,"solver_not_solved","solved inaccurate",400,0,0,0,0,0,0,0,7.2273520000000007,8.8223850000000006,0,1000000000,0
S1,259,10051000000,0,0,"solver_not_solved","solved inaccurate",400,0,0,0,0,0,0,0,7.4963230000000003,9.1211500000000001,0,1000000000,0
S1,260,10101000000,0,0,"solver_not_solved","solved inaccurate",400,0,0,0,0,0,0,0,7.4079590000000008,9.0219769999999997,0,1000000000,0
S1,261,10151000000,0,0,"solver_not_solved","maximum iterations reached",400,0,0,0,0,0,0,0,7.3257160000000008,8.9472240000000003,0,1000000000,0
S1,262,10201000000,0,0,"solver_not_solved","maximum iterations reached",400,0,0,0,0,0,0,0,7.3958529999999998,9.0015180000000008,0,1000000000,0
S1,263,10251000000,0,0,"solver_not_solved","solved inaccurate",400,0,0,0,0,0,0,0,7.3456060000000001,8.9546899999999994,0,1000000000,0
S1,264,10301000000,0,0,"solver_not_solved","maximum iterations reached",400,0,0,0,0,0,0,0,7.4803250000000006,9.1271110000000011,0,1000000000,0
S1,265,10351000000,0,0,"nonlinear_static_support","solved",350,0,0,0,0,0,0,0,6.7892749999999999,8.4379339999999985,0,1000000000,0
S1,266,10401000000,0,0,"solver_not_solved","solved inaccurate",400,0,0,0,0,0,0,0,7.1965900000000005,8.800986,0,1000000000,0
S1,267,10451000000,0,0,"nonlinear_static_support","solved",330,0,0,0,0,0,0,0,6.3111249999999997,7.8948609999999997,0,1000000000,0
S1,268,10501000000,0,0,"nonlinear_static_support","solved",360,0,0,0,0,0,0,0,6.7289620000000001,8.3079769999999993,0,1000000000,0
S1,269,10551000000,0,1,"solved_soft_dynamic","solved",330,0.049172946211976251,0.0021752048248538636,-0.09999879519812474,0.62712025195851151,0.27113341052391099,0,0,6.4014889999999998,7.9661530000000003,0,1000000000,0
S1,270,10601000000,0,0,"nonlinear_static_support","solved",360,0,0,0,0,0,0,0,6.9559009999999999,8.5099370000000008,1,1000000000,0
S1,271,10651000000,0,0,"solver_not_solved","maximum iterations reached",400,0,0,0,0,0,0,0,7.9078269999999993,9.4403100000000002,0,1000000000,0
S1,272,10701000000,0,0,"solver_not_solved","solved inaccurate",400,0,0,0,0,0,0,0,7.4027000000000003,8.9504859999999997,0,1000000000,0
S1,273,10751000000,0,0,"solver_not_solved","solved inaccurate",400,0,0,0,0,0,0,0,7.7724869999999999,9.3035910000000008,0,1000000000,0
S1,274,10801000000,0,0,"solver_not_solved","solved inaccurate",400,0,0,0,0,0,0,0,7.2545530000000005,8.79955,0,1000000000,0
S1,275,10851000000,0,0,"nonlinear_static_support","solved",340,0,0,0,0,0,0,0,6.5203689999999996,8.085585,0,1000000000,0
S1,276,10901000000,0,0,"nonlinear_static_support","solved",340,0,0,0,0,0,0,0,6.5152999999999999,8.1040450000000011,0,1000000000,0
S1,277,10951000000,0,0,"solver_not_solved","maximum iterations reached",400,0,0,0,0,0,0,0,7.6472689999999997,9.1648890000000005,0,1000000000,0
S1,278,11001000000,0,0,"solver_not_solved","solved inaccurate",400,0,0,0,0,0,0,0,7.5651409999999997,9.0943190000000005,0,1000000000,0
S1,279,11051000000,0,0,"solver_not_solved","solved inaccurate",400,0,0,0,0,0,0,0,7.543253,9.0862100000000012,0,1000000000,0
S1,280,11101000000,0,0,"solver_not_solved","solved inaccurate",400,0,0,0,0,0,0,0,7.5069170000000005,9.0503070000000001,0,1000000000,0
S1,281,11151000000,0,0,"solver_not_solved","solved inaccurate",400,0,0,0,0,0,0,0,7.5762609999999997,9.1267180000000003,0,1000000000,0
S1,282,11201000000,0,0,"solver_not_solved","solved inaccurate",400,0,0,0,0,0,0,0,7.7897599999999994,9.3839079999999999,0,1000000000,0
S1,283,11251000000,0,0,"solver_not_solved","solved inaccurate",400,0,0,0,0,0,0,0,7.5272409999999992,9.0906130000000012,0,1000000000,0
S1,284,11301000000,0,0,"solver_not_solved","maximum iterations reached",400,0,0,0,0,0,0,0,7.433109,8.9631620000000005,0,1000000000,0
S1,285,11351000000,0,0,"solver_not_solved","maximum iterations reached",400,0,0,0,0,0,0,0,7.6989869999999998,9.2533139999999996,0,1000000000,0
S1,286,11401000000,0,0,"solver_not_solved","solved inaccurate",400,0,0,0,0,0,0,0,7.4926719999999998,9.0542810000000014,0,1000000000,0
S1,287,11451000000,0,0,"solver_not_solved","solved inaccurate",400,0,0,0,0,0,0,0,7.6142579999999995,9.1803469999999994,0,1000000000,0
S1,288,11501000000,0,0,"solver_not_solved","solved inaccurate",400,0,0,0,0,0,0,0,7.5272689999999995,9.0263779999999993,0,1000000000,0
S1,289,11551000000,0,1,"solved_soft_dynamic","solved",400,0.045733290039202269,0.010260156332864256,-0.099999999999999992,0.3803666104395162,1.1250311661645112,0,0,7.6802999999999999,9.2320260000000012,0,1000000000,0
S1,290,11601000000,0,1,"solved_soft_dynamic","solved",290,0.079932055402002225,0.020260789015331966,-0.087968684294929142,0.38036661043951614,0.72461262204514909,0,0,5.9588339999999995,7.4945330000000006,1,1000000000,0
S1,291,11651000000,0,1,"solved_soft_dynamic","solved",310,0.10956764550179714,0.025293121109598568,-0.18796868429492913,0.38036661043951631,1.190238805540889,0,0,6.0880980000000005,7.610055,1,1000000000,0
S1,292,11701000000,0,1,"solved_soft_dynamic","solved",330,0.13290534277100383,0.030151087002493141,-0.28796868429492917,0.38036661043951631,0.70198534835732729,0,0,6.6776520000000001,8.1982309999999998,1,1000000000,0
S1,293,11751000000,0,0,"solver_not_solved","maximum iterations reached",400,0,0,0,0,0,0,0,7.4446430000000001,8.9196829999999991,1,1000000000,0
S1,294,11801000000,0,0,"solver_not_solved","solved inaccurate",400,0,0,0,0,0,0,0,7.3581810000000001,8.8330490000000008,0,1000000000,0
S1,295,11851000000,0,0,"solver_not_solved","maximum iterations reached",400,0,0,0,0,0,0,0,7.3484170000000004,8.8177260000000004,0,1000000000,0
S1,296,11901000000,0,0,"solver_not_solved","solved inaccurate",400,0,0,0,0,0,0,0,7.3580050000000004,8.8274019999999993,0,1000000000,0
S1,297,11951000000,0,0,"solver_not_solved","maximum iterations reached",400,0,0,0,0,0,0,0,7.3673109999999999,8.8413760000000003,0,1000000000,0
S1,298,12001000000,0,0,"solver_not_solved","maximum iterations reached",400,0,0,0,0,0,0,0,7.3504440000000004,8.819547,0,1000000000,0
S1,299,12051000000,0,0,"solver_not_solved","maximum iterations reached",400,0,0,0,0,0,0,0,7.2354250000000002,8.7022190000000013,0,1000000000,0
S1,300,12101000000,0,0,"solver_not_solved","maximum iterations reached",400,0,0,0,0,0,0,0,7.3327289999999996,8.8196639999999995,0,1000000000,0
S1,301,12151000000,0,0,"solver_not_solved","maximum iterations reached",400,0,0,0,0,0,0,0,7.3244590000000001,8.7910050000000002,0,1000000000,0
S1,302,12201000000,0,0,"solver_not_solved","maximum iterations reached",400,0,0,0,0,0,0,0,7.4416359999999999,8.9138649999999995,0,1000000000,0
S1,303,12251000000,0,0,"solver_not_solved","maximum iterations reached",400,0,0,0,0,0,0,0,7.0849349999999998,8.5593519999999987,0,1000000000,0
S1,304,12301000000,0,0,"solver_not_solved","maximum iterations reached",400,0,0,0,0,0,0,0,7.3092839999999999,8.8345959999999994,0,1000000000,0
S1,305,12351000000,0,0,"solver_not_solved","maximum iterations reached",400,0,0,0,0,0,0,0,7.0798920000000001,8.571689000000001,0,1000000000,0
S1,306,12401000000,0,0,"solver_not_solved","maximum iterations reached",400,0,0,0,0,0,0,0,7.1292150000000003,8.6187459999999998,0,1000000000,0
S1,307,12451000000,0,0,"solver_not_solved","maximum iterations reached",400,0,0,0,0,0,0,0,7.1008629999999995,8.6145449999999997,0,1000000000,0
S1,308,12501000000,0,0,"solver_not_solved","maximum iterations reached",400,0,0,0,0,0,0,0,7.1034889999999997,8.6180679999999992,0,1000000000,0
S1,309,12551000000,0,0,"solver_not_solved","maximum iterations reached",400,0,0,0,0,0,0,0,7.0871650000000006,8.569647999999999,0,1000000000,0
S1,310,12601000000,0,0,"solver_not_solved","maximum iterations reached",400,0,0,0,0,0,0,0,7.0804029999999996,8.5461029999999987,0,1000000000,0
S1,311,12651000000,0,0,"solver_not_solved","maximum iterations reached",400,0,0,0,0,0,0,0,7.2213629999999993,8.6877570000000013,0,1000000000,0
S2,83,1235000000,1,1,"solved_soft_dynamic","solved",210,0.049883471440401742,8.1385835709588562e-05,-0.0039239988112086165,0.57570191411292504,0.0092254646037676427,0,0,4.3886669999999999,6.535012,0,1000000000,0
S2,84,1285000000,1,0,"solver_not_solved","solved inaccurate",400,0,0,0,0,0,0,0,7.2205710000000005,7.9689489999999994,1,1000000000,0
S2,85,1335000000,1,1,"solved_soft_dynamic","solved",210,0.049883471440401742,8.1385835709588562e-05,-0.0039239988112086165,0.57570191411292504,0.0092254646037676427,0,0,4.423794,5.2173289999999994,0,1000000000,0
S2,86,1385000000,1,0,"solver_not_solved","solved inaccurate",400,0,0,0,0,0,0,0,7.2159169999999992,7.9556090000000008,1,1000000000,0
S2,87,1435000000,1,1,"solved_soft_dynamic","solved",210,0.049883471440401742,8.1385835709588562e-05,-0.0039239988112086165,0.57570191411292504,0.0092254646037676427,0,0,4.3204560000000001,5.1185,0,1000000000,0
S2,88,1485000000,0,0,"solver_not_solved","solved inaccurate",400,0,0,0,0,0,0,0,7.4171590000000007,9.4117230000000003,1,1000000000,0
S2,89,1535000000,0,1,"solved_soft_dynamic","solved",230,0.049767687007949868,-0.0001665971543176611,0.05107209076438856,0.57804571928993165,0.01335993407713571,0,0,4.9664130000000002,7.0177149999999999,0,1000000000,0
S2,90,1585000000,0,0,"solver_not_solved","solved inaccurate",400,0,0,0,0,0,0,0,7.2924180000000005,9.1485830000000004,1,1000000000,0
S2,91,1635000000,0,0,"solver_not_solved","maximum iterations reached",400,0,0,0,0,0,0,0,7.3799190000000001,9.2542249999999999,0,1000000000,0
S2,92,1685000000,0,0,"solver_not_solved","solved inaccurate",400,0,0,0,0,0,0,0,7.3535120000000003,9.226227999999999,0,1000000000,0
S2,93,1735000000,0,0,"solver_not_solved","solved inaccurate",400,0,0,0,0,0,0,0,7.3300340000000004,9.3204370000000001,0,1000000000,0
S2,94,1785000000,0,0,"solver_not_solved","maximum iterations reached",400,0,0,0,0,0,0,0,7.2895690000000002,9.2913219999999992,0,1000000000,0
S2,95,1835000000,0,0,"solver_not_solved","solved inaccurate",400,0,0,0,0,0,0,0,7.3954930000000001,9.3933780000000002,0,1000000000,0
S2,96,1885000000,0,0,"solver_not_solved","solved inaccurate",400,0,0,0,0,0,0,0,7.35677,9.3686380000000007,0,1000000000,0
S2,97,1935000000,0,0,"solver_not_solved","solved inaccurate",400,0,0,0,0,0,0,0,7.2931299999999997,9.3343920000000011,0,1000000000,0
S2,98,1985000000,0,0,"solver_not_solved","maximum iterations reached",400,0,0,0,0,0,0,0,7.6287580000000004,9.6320599999999992,0,1000000000,0
S2,99,2035000000,0,0,"solver_not_solved","solved inaccurate",400,0,0,0,0,0,0,0,7.2847299999999997,9.1783179999999991,0,1000000000,0
S2,100,2085000000,0,0,"solver_not_solved","maximum iterations reached",400,0,0,0,0,0,0,0,7.5388520000000003,9.4621279999999999,0,1000000000,0
S2,101,2135000000,0,0,"solver_not_solved","maximum iterations reached",400,0,0,0,0,0,0,0,8.036855000000001,10.015838,0,1000000000,0
S2,102,2185000000,0,0,"solver_not_solved","solved inaccurate",400,0,0,0,0,0,0,0,7.2763020000000003,9.2410449999999997,0,1000000000,0
S2,103,2235000000,0,0,"solver_not_solved","maximum iterations reached",400,0,0,0,0,0,0,0,7.246353,9.1269270000000002,0,1000000000,0
S2,104,2285000000,0,0,"solver_not_solved","maximum iterations reached",400,0,0,0,0,0,0,0,7.3686189999999998,9.2323539999999991,0,1000000000,0
S2,105,2335000000,0,0,"solver_not_solved","solved inaccurate",400,0,0,0,0,0,0,0,7.2301390000000003,9.1268990000000016,0,1000000000,0
S2,106,2385000000,0,0,"solver_not_solved","maximum iterations reached",400,0,0,0,0,0,0,0,7.5871640000000005,9.5288369999999993,0,1000000000,0
S2,107,2435000000,0,0,"solver_not_solved","solved inaccurate",400,0,0,0,0,0,0,0,7.3497459999999997,9.2808519999999994,0,1000000000,0
S2,108,2485000000,0,0,"solver_not_solved","solved inaccurate",400,0,0,0,0,0,0,0,7.1616580000000001,9.0758149999999986,0,1000000000,0
S2,109,2535000000,0,0,"solver_not_solved","maximum iterations reached",400,0,0,0,0,0,0,0,7.5335299999999998,9.4885200000000012,0,1000000000,0
S2,110,2585000000,0,0,"solver_not_solved","solved inaccurate",400,0,0,0,0,0,0,0,7.3198720000000002,9.2996189999999999,0,1000000000,0
S2,111,2635000000,0,0,"solver_not_solved","maximum iterations reached",400,0,0,0,0,0,0,0,7.2542749999999998,9.0962680000000002,0,1000000000,0
S2,112,2685000000,0,0,"solver_not_solved","solved inaccurate",400,0,0,0,0,0,7.0021549802514623e-06,0,7.2906979999999999,9.2479510000000005,0,1000000000,0
S2,113,2735000000,0,0,"solver_not_solved","solved inaccurate",400,0,0,0,0,0,2.3296226144766577e-05,0,7.3915790000000001,9.3041049999999998,0,1000000000,0
S2,114,2785000000,0,0,"nonlinear_static_support","solved",400,0,0,0,0,0,1.6883169580718517e-05,0,7.5432269999999999,9.5489409999999992,0,1000000000,0
S2,115,2835000000,0,0,"solver_not_solved","maximum iterations reached",400,0,0,0,0,0,4.5615102076262878e-05,0,7.6266490000000005,9.5758639999999993,0,1000000000,0
S2,116,2885000000,0,0,"solver_not_solved","maximum iterations reached",400,0,0,0,0,0,0.00020042512518881697,0,7.7066799999999995,9.6185069999999993,0,1000000000,0
S2,117,2935000000,0,0,"solver_not_solved","solved inaccurate",400,0,0,0,0,0,0.00049944012900905266,0,7.4548810000000003,9.3274699999999999,0,1000000000,0
S2,118,2985000000,0,0,"solver_not_solved","solved inaccurate",400,0,0,0,0,0,0.0020840749092598258,0,7.501169,9.4308060000000005,0,1000000000,0
S2,119,3035000000,0,0,"solver_not_solved","solved inaccurate",400,0,0,0,0,0,0.0052834543238576767,0,7.5782280000000002,9.4725169999999999,0,1000000000,0
S2,120,3085000000,0,0,"nonlinear_static_support","solved",210,0,0,0,0,0,0.029617256858403718,0,4.8619459999999997,6.8719599999999996,0,1000000000,0
S2,121,3135000000,0,0,"nonlinear_static_support","solved",260,0,0,0,0,0,0.10681700735170979,0,5.7716390000000004,7.6965519999999996,0,1000000000,0
S2,122,3185000000,0,0,"solver_not_solved","solved inaccurate",400,0,0,0,0,0,0.3208276927975604,0,7.6352159999999998,9.5379249999999995,0,1000000000,0
S2,123,3235000000,0,0,"solver_not_solved","solved inaccurate",400,0,0,0,0,0,0.063851219130597367,0,7.3521389999999993,9.2091310000000011,0,1000000000,0
S2,124,3285000000,0,1,"solved_soft_dynamic","solved",170,0.042143662586039646,0.027534419768370007,0.099999999999999672,0.56979379578233846,-0.26691768720039821,0.079430540625664778,0.12111273474344478,4.218845,6.1921299999999997,0,0.11161606241250228,0
S2,125,3335000000,0,1,"solved_soft_dynamic","solved",130,0.078083280471229644,0.054904669988997998,0.19999999999999843,0.60489386524174726,-0.13267639426742164,0.21713874828467719,0.13262789767339594,3.6087659999999997,5.5772440000000003,1,0.1179460473171003,0
S2,126,3385000000,0,1,"solved_soft_dynamic","solved",290,0.10718655040953448,0.08186962804999931,0.25385046622894974,0.62921710629349048,-0.30466459953085645,0.047564574628624262,0.01514800093691156,5.6996909999999996,7.5826030000000006,1,0.20757864842250595,0
S2,127,3435000000,0,1,"solved_soft_dynamic","solved",390,0.13457131241153308,0.10517605701786557,0.27634120783623961,0.66329157312531462,-0.1730494361672815,0.020063419138982418,0.056265140962483882,7.8862759999999996,9.8523940000000003,1,0.15987483389551441,0
S2,128,3485000000,0,0,"solver_not_solved","solved inaccurate",400,0,0,0,0,0,0.0069428202217371362,0,7.6347849999999999,9.4586769999999998,1,1000000000,0
S2,129,3535000000,0,1,"solved_soft_dynamic","solved",190,0.040652145844436417,0.03316360673365118,0.10000000000000001,0.68570735135861982,-0.33724485976347096,0.0096261154371865189,0.0011471504801565508,4.2252229999999997,6.1417109999999999,0,0.28895242947082994,0
S2,130,3585000000,0,1,"solved_soft_dynamic","solved",340,0.073630452748301503,0.064653281942450402,0.047990765173762787,0.71155693919836538,-0.48596658437197321,0.0020081941878941369,0.00051802667368133542,6.6770149999999999,8.6507970000000007,1,0.32769082448345443,0
S2,131,3635000000,0,0,"solver_not_solved","maximum iterations reached",400,0,0,0,0,0,0.0010745919490073761,0,7.5022279999999997,9.4140049999999995,1,1000000000,0
S2,132,3685000000,0,1,"solved_soft_dynamic","solved",190,0.039626377847835272,0.030646797755030649,0.10000000000000001,0.74896237469139704,-0.37331754082226359,0.019990624503534258,0.0027586540650163431,4.2334269999999998,6.1038100000000002,0,0.26142325395008909,0
S2,133,3735000000,0,0,"solver_not_solved","solved inaccurate",400,0,0,0,0,0,0.012113812734784339,0,7.6116889999999993,9.5135270000000016,1,1000000000,0
S2,134,3785000000,0,1,"solved_soft_dynamic","solved",240,0.038859297356339008,0.029194658541904891,0.099999972826657332,0.79922267940281411,-0.50137367841347891,0.1186009386726042,0.011533696290896534,5.0603480000000003,6.9569840000000003,0,0.21271914495340036,0
S2,135,3835000000,0,0,"solver_not_solved","solved inaccurate",400,0,0,0,0,0,0.033051824612980882,0,7.396401,9.2957040000000006,1,1000000000,0
S2,136,3885000000,0,1,"solved_soft_dynamic","solved",390,0.034405638519451921,0.028624367880948926,0.016800519649554719,0.84463769795083299,-0.52785920328190084,0.32298557798572763,0.02938294677199528,7.637664,9.5314479999999993,0,0.18488513554174779,0
S2,137,3935000000,0,0,"solver_not_solved","maximum iterations reached",400,0,0,0,0,0,1.8590609647198328,0,7.6573530000000005,9.5519049999999996,1,1000000000,0
S2,138,3985000000,0,1,"solved_soft_dynamic","solved",180,0.028235576659610281,0.025254201655031568,-0.10000000000000001,0.87007634826963731,-0.47042134848207096,11.413745626008136,1.2010002270323248,4.2116100000000003,6.104406,0,0.053674281554848956,0
S2,139,4035000000,0,0,"solver_not_solved","maximum iterations reached",400,0,0,0,0,0,12.482502913604446,0,7.6061749999999995,9.5333030000000001,1,1000000000,0
S2,140,4085000000,0,0,"solver_not_solved","maximum iterations reached",400,0,0,0,0,0,22.194576092207154,0,7.7141130000000002,9.5716099999999997,0,1000000000,0
S2,141,4135000000,0,0,"solver_not_solved","maximum iterations reached",400,0,0,0,0,0,23.861306958597911,0,7.6010979999999995,9.4809979999999996,0,1000000000,0
S2,142,4185000000,0,0,"solver_not_solved","maximum iterations reached",400,0,0,0,0,0,24.735724681013483,0,7.5372669999999999,9.4771869999999989,0,1000000000,0
S2,143,4235000000,0,0,"solver_not_solved","solved inaccurate",400,0,0,0,0,0,25.87226503915042,0,7.3838339999999993,9.2965559999999989,0,1000000000,0
S2,144,4285000000,0,0,"solver_not_solved","solved inaccurate",400,0,0,0,0,0,27.828408188031975,0,7.2826999999999993,9.195373,0,1000000000,0
S2,145,4335000000,0,0,"solver_not_solved","solved inaccurate",400,0,0,0,0,0,0.053687139492162077,0,7.6328680000000002,9.5922300000000007,0,1000000000,0
S2,146,4385000000,0,1,"solved_soft_dynamic","solved",370,-0.050000000000000003,0.037595681638224923,-0.099999999999999992,0.52991217915814959,-1.0202864176321635,0.077464344514635644,0.076370960714744959,7.1515909999999998,9.2078109999999995,0,0.14279293649033059,0
S2,147,4435000000,0,0,"solver_not_solved","solved inaccurate",400,0,0,0,0,0,0.058515337790501588,0,7.4787270000000001,9.4108850000000004,1,1000000000,0
S2,148,4485000000,0,0,"solver_not_solved","maximum iterations reached",400,0,0,0,0,0,0.44904440981294719,0,7.6117779999999993,9.6141439999999996,0,1000000000,0
S2,149,4535000000,0,0,"solver_not_solved","maximum iterations reached",400,0,0,0,0,0,0.83265819907408789,0,7.4864349999999993,9.3729980000000008,0,1000000000,0
S2,150,4585000000,0,0,"solver_not_solved","maximum iterations reached",400,0,0,0,0,0,0.85633338350866428,0,7.7057590000000005,9.6082270000000012,0,1000000000,0
S2,151,4635000000,0,0,"solver_not_solved","maximum iterations reached",400,0,0,0,0,0,0.49133697087040917,0,7.61435,9.5038309999999999,0,1000000000,0
S2,152,4685000000,0,0,"solver_not_solved","maximum iterations reached",400,0,0,0,0,0,0.33033721863237825,0,7.8268769999999996,9.8368750000000009,0,1000000000,0
S2,153,4735000000,0,1,"solved_soft_dynamic","solved",340,-0.050000000000000003,0.049999999999999989,-0.099999999999999992,0.86980962250455862,-1.3171273531264158,0.28360755239410962,0.1477421815207122,6.7643929999999992,8.7800069999999995,0,0.11635323787281532,0
S2,154,4785000000,0,1,"solved_soft_dynamic","solved",370,-0.072151363598216861,0.099999999999999992,-0.20000000000000001,0.93769751630268439,-1.1805396781326147,0.1224254022525731,0.12622233833784438,7.1709839999999998,9.1302559999999993,1,0.11726936593627896,0
S2,155,4835000000,0,0,"solver_not_solved","maximum iterations reached",400,0,0,0,0,0,0.050559327681222427,0,7.2529810000000001,9.2148570000000003,1,1000000000,0
S2,156,4885000000,0,0,"solver_not_solved","solved inaccurate",400,0,0,0,0,0,0.044981614919014215,0,7.3032009999999996,9.2416649999999994,0,1000000000,0
S2,157,4935000000,0,0,"solver_not_solved","solved inaccurate",400,0,0,0,0,0,0.021955447500610931,0,7.2592990000000004,9.2300650000000015,0,1000000000,0
S2,158,4985000000,0,1,"solved_soft_dynamic","solved",310,0.027215978427889899,0.049998859769495627,0.099999915476853538,1.1263159633923703,-0.71765657725012277,0.021477818573016502,0.021140431201658674,6.0007489999999999,8.0657829999999997,0,0.16850723093190462,0
S2,159,5035000000,0,0,"solver_not_solved","solved inaccurate",400,0,0,0,0,0,0.008972570096543191,0,7.4843720000000005,9.4769269999999999,1,1000000000,0
S2,160,5085000000,0,1,"solved_soft_dynamic","solved",200,0.031673369194041748,0.04648957731220172,0.10000000000000001,1.1674581333058922,-0.43872273911642667,0.010518092624068812,0.010727636000749139,4.4316230000000001,6.4818379999999998,0,0.18982740347019017,0
S2,161,5135000000,0,1,"solved_soft_dynamic","solved",370,0.060063255691694309,0.08247876149854734,1.3877787807814457e-17,1.2028012321706196,-1.1946368212696428,0.010695211005893138,0.01078796849475161,7.098293,9.1251289999999994,1,0.18798444957611865,0
S2,162,5185000000,0,0,"solver_not_solved","solved inaccurate",400,0,0,0,0,0,0.0047327676484791399,0,7.5801699999999999,9.5501290000000001,1,1000000000,0
S2,163,5235000000,0,1,"solved_soft_dynamic","solved",160,0.036627224702281934,0.038220063740378799,-0.099999999999999992,1.2372422512156611,-1.0997163995250032,0.014684545532792609,0.014902148484828475,3.9374270000000005,5.9004720000000006,0,0.18115921730642912,0
S2,164,5285000000,0,1,"solved_soft_dynamic","solved",270,0.067489356106236395,0.065896233631232204,-0.20000000000000001,1.2694588929836474,-1.3049717504148823,0.0061737928137370899,0.0062551266667390144,5.6210329999999997,7.5988699999999998,1,0.20506928515211018,0
S2,165,5335000000,0,1,"solved_soft_dynamic","solved",350,0.095086533846724691,0.032741810665923042,-0.30000000000000004,0.5439157613935266,-0.34627718461815959,0.0055743327148337386,0.0039652145406490723,6.7521719999999998,8.6661840000000012,0,0.22715217816948116,0
S2,166,5385000000,0,0,"nonlinear_static_support","solved",380,0,0,0,0,0,0.014527475751588362,0,7.0807070000000003,8.9783350000000013,1,1000000000,0
S2,167,5435000000,0,1,"solved_soft_dynamic","solved",360,0.03464616939426389,-0.026913673318231759,-0.099999999999999992,0.56407441159809824,-0.72257486729027987,0.0210038305663349,0.010545217795891071,6.8048000000000002,8.7552989999999991,0,0.21542736240491708,0
S2,168,5485000000,0,0,"nonlinear_static_support","solved",330,0,0,0,0,0,0.055272282669540158,0,6.3661330000000005,8.2423970000000004,1,1000000000,0
S2,169,5535000000,0,0,"nonlinear_static_support","solved",270,0,0,0,0,0,0.097978950596033954,0,5.3829200000000004,7.2276290000000003,0,1000000000,0
S2,170,5585000000,0,0,"solver_not_solved","maximum iterations reached",400,0,0,0,0,0,0.78667953723620343,0,7.3279390000000006,9.1773579999999999,0,1000000000,0
S2,171,5635000000,0,0,"solver_not_solved","solved inaccurate",400,0,0,0,0,0,0.69964429108954951,0,7.3217839999999992,9.0853559999999991,0,1000000000,0
S2,172,5685000000,0,0,"solver_not_solved","maximum iterations reached",400,0,0,0,0,0,1.1725339010927343,0,7.4182220000000001,9.2605699999999995,0,1000000000,0
S2,173,5735000000,0,0,"solver_not_solved","maximum iterations reached",400,0,0,0,0,0,1.3640450597487028,0,7.4751569999999994,9.2674220000000016,0,1000000000,0
S2,174,5785000000,0,0,"solver_not_solved","solved inaccurate",400,0,0,0,0,0,3.2081302174401607,0,7.4384420000000002,9.3312380000000008,0,1000000000,0
S2,175,5835000000,0,0,"solver_not_solved","maximum iterations reached",400,0,0,0,0,0,8.9225089213307314,0,7.751989,9.6312289999999994,0,1000000000,0
S2,176,5885000000,0,0,"solver_not_solved","solved inaccurate",400,0,0,0,0,0,10.811282358449057,0,7.7906690000000003,9.7226710000000001,0,1000000000,0
S2,177,5935000000,0,0,"solver_not_solved","solved inaccurate",400,0,0,0,0,0,13.758947700050438,0,7.2884869999999999,9.0928740000000001,0,1000000000,0
S2,178,5985000000,0,0,"solver_not_solved","solved inaccurate",400,0,0,0,0,0,7.2644143421543408,0,7.4932169999999996,9.2709019999999995,0,1000000000,0
S2,179,6035000000,0,0,"solver_not_solved","solved inaccurate",400,0,0,0,0,0,9.2938669139777623,0,7.4859330000000002,9.375121,0,1000000000,0
S2,180,6085000000,0,0,"solver_not_solved","maximum iterations reached",400,0,0,0,0,0,13.874387382376497,0,7.435117,9.2591419999999989,0,1000000000,0
S2,181,6135000000,0,0,"solver_not_solved","solved inaccurate",400,0,0,0,0,0,15.818602947689888,0,7.4095469999999999,9.291525,0,1000000000,0
S2,182,6185000000,0,0,"solver_not_solved","maximum iterations reached",400,0,0,0,0,0,13.675782395113199,0,7.4687609999999998,9.3545599999999993,0,1000000000,0
S2,183,6235000000,0,0,"solver_not_solved","solved inaccurate",400,0,0,0,0,0,15.055107458610793,0,7.4335190000000004,9.2716410000000007,0,1000000000,0
S2,184,6285000000,0,0,"solver_not_solved","maximum iterations reached",400,0,0,0,0,0,15.709653902030889,0,7.5696160000000008,9.3739170000000005,0,1000000000,0
S2,185,6335000000,0,0,"solver_not_solved","maximum iterations reached",400,0,0,0,0,0,11.97366216459554,0,7.2534289999999997,9.1399040000000014,0,1000000000,0
S2,186,6385000000,0,0,"solver_not_solved","maximum iterations reached",400,0,0,0,0,0,0.46331988964580606,0,7.4233190000000002,9.2155170000000002,0,1000000000,0
S2,187,6435000000,0,0,"solver_not_solved","solved inaccurate",400,0,0,0,0,0,0.057550884811799138,0,7.5483449999999994,9.3817269999999997,0,1000000000,0
S2,188,6485000000,0,1,"solved_soft_dynamic","solved",190,-0.004653793493301815,0.04007224233556822,-0.10000000000000001,0.49929432358001624,-0.39571222577741816,0.066639228894670499,0.033872305804614838,4.3152549999999996,6.1930259999999997,0,0.18101033836181618,0
S2,189,6535000000,0,1,"solved_soft_dynamic","solved",340,-0.0063446659014785621,0.079375536301671074,-0.20000000000000001,0.57041391696643495,-0.21120635703260981,0.019263266225427799,0.011416328013312486,6.6969589999999997,8.4830769999999998,1,0.2266216124665536,0
S2,190,6585000000,0,1,"solved_soft_dynamic","solved",280,-0.011784223680980942,0.11234631867701295,-0.30000000000000004,0.58650507158899234,-0.46836345293802728,0.0082137905938850665,0.019497934430917144,5.6059589999999995,7.3776650000000004,1,0.18944378411484625,0
S2,191,6635000000,0,0,"solver_not_solved","maximum iterations reached",400,0,0,0,0,0,0.013962463461360312,0,7.2041820000000003,9.0063849999999999,1,1000000000,0
S2,192,6685000000,0,1,"solved_soft_dynamic","solved",310,0.049999965004086225,0.037760303669363206,-0.099999544710872385,0.77807068868530882,0.21182907479621438,0.88947167011070971,0.10068289541500718,6.4482080000000002,8.3157490000000003,0,0.13741679837406423,0
S2,193,6735000000,0,1,"solved_soft_dynamic","solved",400,0.096868057059719112,0.067177827014131275,-0.19999954471087239,0.83800255057455053,-0.2478097386857262,0.051260292445186359,0.0071363703284899622,7.5684000000000005,9.4259129999999995,1,0.23094452621466549,0
S2,194,6785000000,0,0,"nonlinear_static_support","solved",230,0,0,0,0,0,0.0039774982054819885,0,4.7373010000000004,6.5115269999999992,1,1000000000,0
S2,195,6835000000,0,0,"solver_not_solved","maximum iterations reached",400,0,0,0,0,0,0.093575171750512234,0,7.6541559999999995,9.4549369999999993,0,1000000000,0
S2,196,6885000000,0,1,"solved_soft_dynamic","solved",400,0.049373868288409818,0.026762684802733985,0.099999631288359189,0.9040887202510427,0.065538235287130236,0.084245946140239655,0.01251589238078935,7.5696199999999996,9.4378250000000001,0,0.21814589657085509,0
S2,197,6935000000,0,0,"nonlinear_static_support","solved",230,0,0,0,0,0,0.0065909320842616409,0,4.7627519999999999,6.6101090000000005,1,1000000000,0
S2,198,6985000000,0,0,"solver_not_solved","solved inaccurate",400,0,0,0,0,0,0.02947068166325046,0,7.2943259999999999,9.0993390000000005,0,1000000000,0
S2,199,7035000000,0,0,"solver_not_solved","maximum iterations reached",400,0,0,0,0,0,0.032492778128706309,0,7.3332500000000005,9.1199550000000009,0,1000000000,0
S2,200,7085000000,0,0,"solver_not_solved","solved inaccurate",400,0,0,0,0,0,0.013730535333372373,0,7.3479299999999999,9.1500079999999997,0,1000000000,0
S2,201,7135000000,0,1,"solved_soft_dynamic","solved",390,0.04999981182539235,0.021581544589519247,0.099999683619636362,1.0774118196077729,0.0036855677956175587,0.011303470846274871,0.0019743244920474635,7.675929,9.5348849999999992,0,0.28994693018816314,0
S2,202,7185000000,0,0,"solver_not_solved","solved inaccurate",400,0,0,0,0,0,0.0017562612348166759,0,7.5350859999999997,9.3631860000000007,1,1000000000,0
S2,203,7235000000,0,1,"solved_soft_dynamic","solved",340,0.050000000000000003,0.020319054987456404,0.10000000000000001,1.1342151823909794,0.01734000721479087,0.014393581454795251,0.0023243656932231769,6.4472760000000005,8.3387429999999991,0,0.27726036387381597,0
S2,204,7285000000,0,0,"solver_not_solved","solved inaccurate",400,0,0,0,0,0,0.0022079902126185755,0,7.4296229999999994,9.2180479999999996,1,1000000000,0
S2,205,7335000000,0,1,"solved_soft_dynamic","solved",280,0.049999999999999989,0.018753283883905743,0.099999999999999992,1.205080860694643,0.0099960089232667346,0.019016089296458892,0.002691656461416685,5.506456,7.4317389999999994,0,0.26387446027163014,0
S2,206,7385000000,0,0,"nonlinear_static_support","solved",290,0,0,0,0,0,0.007556485440019866,0,5.6716439999999997,7.411473,0,1000000000,0
S2,207,7435000000,0,0,"nonlinear_static_support","solved",280,0,0,0,0,0,0.0073562207966589941,0,5.6231149999999994,7.3505460000000005,0,1000000000,0
S2,208,7485000000,0,1,"solved_soft_dynamic","solved",270,0.048237906421161832,0.0041400100217401951,0.099999999999999978,0.61837575461213923,-0.18922585264264805,0.017175021049989921,0.10664272350224918,5.518103,7.2843739999999997,0,0.13126564590195947,0
S2,209,7535000000,0,1,"solved_soft_dynamic","solved",160,0.089860163773626711,0.0065882310640621253,0.19999999999999998,0.65358350564551726,0.015729883724417998,0.17475092846251372,0.023850557069978698,3.8181030000000002,5.5903970000000003,1,0.19466377697693169,0
S2,210,7585000000,0,1,"solved_soft_dynamic","solved",300,0.12969068913645113,0.0095835428030152953,0.29999999999999999,0.71028164341704414,-0.0256247275162786,0.025264421087275842,0.017663837780975123,6.1411069999999999,7.9002570000000008,1,0.20921391247714841,0
S2,211,7635000000,0,1,"solved_soft_dynamic","solved",400,0.16516771248171261,0.013258738756715113,0.40000000000000002,0.74701685963242304,0.147635571971171,0.016823631249362838,0.034017019319260697,7.434653,9.2032419999999995,1,0.18519437888440035,0
S2,212,7685000000,0,0,"solver_not_solved","maximum iterations reached",400,0,0,0,0,0,0.072648679854628154,0,7.2547920000000001,9.0146280000000001,1,1000000000,0
S2,213,7735000000,0,1,"solved_soft_dynamic","solved",320,0.047911382050892293,0.0083357970322912103,0.10000000000000001,0.76872167315995454,0.057083512567585065,0.096750485182387283,0.030936382015488685,6.4795360000000004,8.3132059999999992,0,0.2082500905444884,0
S2,214,7785000000,0,1,"solved_soft_dynamic","solved",340,0.096698900164585155,0.015955211513744252,0.20000000000000001,0.83302194221523695,-0.09241220047694898,0.044674425015641776,0.31224097350451985,6.4616129999999998,8.2598759999999984,1,0.12151191349792176,0
S2,215,7835000000,0,1,"solved_soft_dynamic","solved",230,0.13578597980198406,0.016759325044048003,0.30000000000000004,0.86274560478100282,0.21397765732750212,0.3251737563851973,0.054493505510219815,4.7759309999999999,6.5675590000000001,1,0.18528214566235437,0
S2,216,7885000000,0,0,"nonlinear_static_support","solved",260,0,0,0,0,0,0.075521823186763107,0,5.273898,7.0484040000000006,1,1000000000,0
S2,217,7935000000,0,1,"solved_soft_dynamic","solved",330,0.050000000000000003,0.0057782571478884543,0.099999938364957741,0.91198228373570744,-0.041659475165816057,0.26764279188114692,0.041855996387360296,6.5470139999999999,8.3257919999999999,0,0.19679211028180174,0
S2,218,7985000000,0,1,"solved_soft_dynamic","solved",370,0.097028839074017104,0.0029422808748111903,0.19999879718470329,0.96726110258142661,0.17375262463672403,0.038501062285689322,0.029187950471834499,6.9765440000000005,8.7202389999999994,1,0.21345807391145658,0
S2,219,8035000000,0,1,"solved_soft_dynamic","solved",260,0.13691213617527784,0.0026933144685104358,0.29999879718470329,0.9895964114926753,-0.13471405136692521,0.026852281691687557,0.053676994012697897,5.4035910000000005,7.2153559999999999,1,0.19139901600481463,0
S2,220,8085000000,0,1,"solved_soft_dynamic","solved",270,0.17138894434955568,-0.0036333722299040153,0.39999879718470327,1.0424150611939886,0.170038532768992,0.072261249810778028,0.02428768023597596,5.5477549999999995,7.2712399999999997,1,0.19390323504993373,0
S2,221,8135000000,0,1,"solved_soft_dynamic","solved",370,0.20519138778339138,-0.0073502384650894629,0.4999987971847033,1.0750137314349826,0.03460583349904725,0.030843730597645228,0.033099136560192491,7.1934610000000001,8.9781490000000002,1,0.165468864879629,0
S2,222,8185000000,0,0,"solver_not_solved","solved inaccurate",400,0,0,0,0,0,0.10441836002474117,0,7.5439889999999998,9.2682579999999994,1,1000000000,0
S2,223,8235000000,0,1,"solved_soft_dynamic","solved",340,0.049999284888044254,0.010364135812203955,0.099999673886211934,1.0985087912033624,0.048663512600774506,0.26400073595682122,0.077937284338239404,6.5634569999999997,8.3538980000000009,0,0.14812202624270424,0
S2,224,8285000000,0,1,"solved_soft_dynamic","solved",290,0.099999284888044257,0.0085929924110888442,0.19999967388621143,1.1484834654857581,0.23401304192338318,0.066680820810353009,0.052777923687951193,5.7341839999999999,7.5219469999999999,1,0.15003854807159328,0
S2,225,8335000000,0,0,"solver_not_solved","solved inaccurate",400,0,0,0,0,0,0.039442982233856831,0,7.2656869999999998,8.9842879999999994,1,1000000000,0
S2,226,8385000000,0,1,"solved_soft_dynamic","solved",370,0.050000000000000003,0.00069008224946776476,0.099999999999999811,1.1946601767167671,0.067867136618573215,0.14250685468836569,0.050584479540845349,6.9839380000000002,8.730124,0,0.16198202096654646,0
S2,227,8435000000,0,0,"solver_not_solved","maximum iterations reached",400,0,0,0,0,0,0.043608459730289213,0,7.3483999999999998,8.9803630000000005,0,1000000000,0
S2,228,8485000000,0,0,"solver_not_solved","maximum iterations reached",400,0,0,0,0,0,0.037450340405429744,0,7.4054570000000002,9.0357579999999995,0,1000000000,0
S2,229,8535000000,0,0,"solver_not_solved","maximum iterations reached",400,0,0,0,0,0,0.037834482112702114,0,7.3614839999999999,8.9787040000000005,0,1000000000,0
S2,230,8585000000,0,1,"solved_soft_dynamic","solved",380,0.049999923411971375,-0.013079636799144121,0.099999320583664952,0.70406776350458,0.12111848809657666,0.022682346871477271,0.015639489853820774,7.167726,8.8876299999999997,0,0.20042908226419048,0
S2,231,8635000000,0,0,"solver_not_solved","solved inaccurate",400,0,0,0,0,0,0.0073996489481729143,0,7.2227269999999999,8.8920469999999998,1,1000000000,0
S2,232,8685000000,0,0,"solver_not_solved","solved inaccurate",400,0,0,0,0,0,0.0081773124196549314,0,7.2214499999999999,8.8706500000000013,0,1000000000,0
S2,233,8735000000,0,1,"solved_soft_dynamic","solved",230,0.049969576269557885,-0.012609190541896163,0.10000000000000001,0.78389178278919691,0.062066025954439524,0.0059989529950231577,0.0042770616350624778,4.7838940000000001,6.5275300000000005,0,0.24283479864734842,0
S2,234,8785000000,0,0,"solver_not_solved","solved inaccurate",400,0,0,0,0,0,0.0019598061523128808,0,7.1865410000000001,8.786700999999999,1,1000000000,0
S2,235,8835000000,0,1,"solved_soft_dynamic","solved",300,0.048120443864224004,-0.010856276992794787,0.099998996529800654,0.8358163509915395,-0.057275063199558496,0.0004130064282984078,0.00032379886782792105,5.8455329999999996,7.5245009999999999,0,0.32590966409663452,0
S2,236,8885000000,0,1,"solved_soft_dynamic","solved",250,0.091640122569244392,-0.020242679199059109,0.19999898380691367,0.87736650129041971,-0.084723675479224603,0.00013588821827374353,0.00014827801167602934,5.2098509999999996,6.8897050000000002,1,0.34914010885597052,0
S2,237,8935000000,0,0,"solver_not_solved","solved inaccurate",400,0,0,0,0,0,6.562455188220299e-05,0,7.3347330000000008,8.950393,1,1000000000,0
S2,238,8985000000,0,0,"solver_not_solved","solved inaccurate",400,0,0,0,0,0,6.428750857268836e-05,0,7.3143260000000003,8.9513339999999992,0,1000000000,0
S2,239,9035000000,0,1,"solved_soft_dynamic","solved",370,0.047779076574324356,-0.010941117308146578,0.099999493902703421,0.94614641174546565,-0.054400350547347376,2.6775868960177838e-05,1.4425996621843254e-05,6.9213879999999994,8.6007289999999994,0,0.3952810024217927,0
S2,240,9085000000,0,1,"solved_soft_dynamic","solved",240,0.091122326087703043,-0.020288939689958214,0.19999949390270344,0.98775889315217547,-0.067343382672568064,0,0,5.3021580000000004,7.0315259999999995,1,1000000000,0
S2,241,9135000000,0,0,"solver_not_solved","maximum iterations reached",400,0,0,0,0,0,0,0,7.4593669999999994,9.197908,1,1000000000,0
S2,242,9185000000,0,1,"solved_soft_dynamic","solved",320,0.048508439514203562,-0.01036287634774846,0.099998747680019526,1.0302192978883609,-0.047703229399570113,0,0,6.362717,8.0498340000000006,0,1000000000,0
S2,243,9235000000,0,0,"solver_not_solved","solved inaccurate",400,0,0,0,0,0,0,0,7.2748520000000001,8.8943370000000002,1,1000000000,0
S2,244,9285000000,0,1,"solved_soft_dynamic","solved",360,0.048603785265054184,-0.0098064418727109252,0.10000000000000001,1.0822019869342563,-0.045353461621911673,0,0,6.7926679999999999,8.452259999999999,0,1000000000,0
S2,245,9335000000,0,1,"solved_soft_dynamic","solved",400,0.092583674338857808,-0.018256199194307786,0.20000000000000001,1.1212103371277593,-0.024320167306314255,0,0,7.3752560000000003,9.0612300000000001,1,1000000000,0
S2,246,9385000000,0,1,"solved_soft_dynamic","solved",260,0.13063970727689597,-0.025659780467939215,0.30000000000000004,1.1491791485942053,0.19326705854672377,0,0,5.2460979999999999,6.946612,1,1000000000,0
S2,247,9435000000,0,0,"solver_not_solved","solved inaccurate",400,0,0,0,0,0,0,0,7.293183,8.8451789999999999,0,1000000000,0
S2,248,9485000000,0,1,"solved_soft_dynamic","solved",310,0.049055139553049854,-0.00060098910326222778,-0.099999999999999992,0.59144726843823903,0.0038766922863709974,0,0,6.1423320000000006,7.7497249999999998,0,1000000000,0
S2,249,9535000000,0,0,"solver_not_solved","maximum iterations reached",400,0,0,0,0,0,0,0,7.5153689999999997,9.0621409999999987,1,1000000000,0
S2,250,9585000000,0,0,"solver_not_solved","solved inaccurate",400,0,0,0,0,0,0,0,7.2334570000000005,8.7734879999999986,0,1000000000,0
S2,251,9635000000,0,0,"solver_not_solved","solved inaccurate",400,0,0,0,0,0,0,0,7.24587,8.8089859999999991,0,1000000000,0
S2,252,9685000000,0,1,"solved_soft_dynamic","solved",290,0.049154628116448613,-0.0020945994873500795,0.10000000000000001,0.67519961109217264,-0.071180719639398038,0,0,5.8041730000000005,7.3971289999999996,0,1000000000,0
S2,253,9735000000,0,1,"solved_soft_dynamic","solved",350,0.093937447162154381,-0.00448388694207375,0.20000000000000001,0.70711832761524818,0.096867798190728716,0,0,6.7240919999999997,8.3282740000000004,1,1000000000,0
S2,254,9785000000,0,1,"solved_soft_dynamic","solved",380,0.13303154387863103,-0.0066921068320546142,0.30000000000000004,0.73144104822579714,0.2264329401167865,0,0,7.1204399999999994,8.7297060000000002,1,1000000000,0
S2,255,9835000000,0,1,"solved_soft_dynamic","solved",330,0.16801732901630081,-0.009538465159999867,0.39999992966711634,0.75872963071805199,0.35602707346259244,0,0,6.362527,7.9656380000000002,1,1000000000,0
S2,256,9885000000,0,0,"solver_not_solved","solved inaccurate",400,0,0,0,0,0,0,0,7.2835369999999999,8.8341960000000004,1,1000000000,0
S2,257,9935000000,0,1,"solved_soft_dynamic","solved",400,0.049563511105283647,-0.0021335092145937725,0.099999428340322286,0.76581887722985142,0.10962237500206751,0,0,7.4427060000000003,9.0229040000000005,0,1000000000,0
S2,258,9985000000,0,0,"solver_not_solved","solved inaccurate",400,0,0,0,0,0,0,0,7.2145239999999999,8.7545439999999992,1,1000000000,0
S2,259,10035000000,0,1,"solved_soft_dynamic","solved",290,0.049627129990662822,-0.0012549316075410189,0.10000000000000001,0.79791515780546995,-0.027406726664574832,0,0,5.7663190000000002,7.3594879999999998,0,1000000000,0
S2,260,10085000000,0,0,"solver_not_solved","solved inaccurate",400,0,0,0,0,0,0,0,7.3052630000000001,8.8634679999999992,1,1000000000,0
S2,261,10135000000,0,0,"solver_not_solved","solved inaccurate",400,0,0,0,0,0,0,0,7.1669230000000006,8.7436489999999996,0,1000000000,0
S2,262,10185000000,0,0,"solver_not_solved","solved inaccurate",400,0,0,0,0,0,0,0,7.3322020000000006,8.8766160000000003,0,1000000000,0
S2,263,10235000000,0,1,"solved_soft_dynamic","solved",240,0.049649701336797677,0.00054165979982333267,0.099999560510100116,0.85573960260476811,-0.022595003988187812,0,0,4.9927019999999995,6.5914570000000001,0,1000000000,0
S2,264,10285000000,0,1,"solved_soft_dynamic","solved",390,0.093696345486989574,0.0016132286150577222,0.19999956051010012,0.862399274486502,0.11938791208027244,0,0,7.6129980000000002,9.1949400000000008,1,1000000000,0
S2,265,10335000000,0,1,"solved_soft_dynamic","solved",200,0.13362677658031774,0.0027363720439117982,0.2999991547149482,0.87379815943659689,0.22628322378998256,0,0,4.2676429999999996,5.857056,1,1000000000,0
S2,266,10385000000,0,0,"solver_not_solved","solved inaccurate",400,0,0,0,0,0,0,0,7.2939980000000002,8.8422699999999992,1,1000000000,0
S2,267,10435000000,0,1,"solved_soft_dynamic","solved",390,0.048284833584654852,0.0013229793164309508,0.099999791659554721,0.88030803584048967,0.22598330683311851,0,0,7.124441,8.7292299999999994,0,1000000000,0
S2,268,10485000000,0,0,"solver_not_solved","solved inaccurate",400,0,0,0,0,0,0,0,7.7601709999999997,9.2603650000000002,0,1000000000,0
S2,269,10535000000,0,1,"solved_soft_dynamic","solved",260,0.04628247197611219,0.012368823394222028,-0.10000000000000001,0.54459662522845775,-0.373633591506916,0,0,5.2574120000000004,6.8447279999999999,0,1000000000,0
S2,270,10585000000,0,0,"solver_not_solved","solved inaccurate",400,0,0,0,0,0,0,0,7.4425159999999995,8.9372699999999998,1,1000000000,0
S2,271,10635000000,0,0,"solver_not_solved","solved inaccurate",400,0,0,0,0,0,0,0,7.4431180000000001,8.9578609999999994,0,1000000000,0
S2,272,10685000000,0,0,"solver_not_solved","solved inaccurate",400,0,0,0,0,0,0,0,7.4687979999999996,8.9607880000000009,0,1000000000,0
S2,273,10735000000,0,0,"solver_not_solved","solved inaccurate",400,0,0,0,0,0,0,0,7.3858040000000003,8.9172999999999991,0,1000000000,0
S2,274,10785000000,0,0,"solver_not_solved","solved inaccurate",400,0,0,0,0,0,0,0,7.4619340000000003,8.9787040000000005,0,1000000000,0
S2,275,10835000000,0,1,"solved_soft_dynamic","solved",380,0.044038123887767081,0.014176611703622239,0.10000000000000001,0.54459679058748378,-0.30865815209184788,0,0,7.4007860000000001,9.0062979999999992,0,1000000000,0
S2,276,10885000000,0,1,"solved_soft_dynamic","solved",320,0.083411719380649202,0.027356067552992844,0.20000000000000001,0.54459679324657884,0.088275530098909871,0,0,6.2090369999999995,7.8094400000000004,1,1000000000,0
S2,277,10935000000,0,1,"solved_soft_dynamic","solved",210,0.113569567114994,0.039741139903352998,0.21052625112607945,0.54459679324657873,-0.14994607911795199,0,0,4.4227590000000001,5.9730920000000003,1,1000000000,0
S2,278,10985000000,0,1,"solved_soft_dynamic","solved",240,0.14071181626942109,0.05135955520792311,0.14420585827031834,0.54459679324657884,0.093134939954702567,0,0,4.9112400000000003,6.472296,1,1000000000,0
S2,279,11035000000,0,1,"solved_soft_dynamic","solved",310,0.16098931549982395,0.061797724490757627,0.087017066097867413,0.54459679324657873,-0.16611075825172861,0,0,6.0167760000000001,7.5636109999999999,1,1000000000,0
S2,280,11085000000,0,1,"solved_soft_dynamic","solved",240,0.17995567420359718,0.071388772443641182,0.035198878579178978,0.54459679324657895,0.093754157752926059,0,0,5.2075240000000003,6.7707189999999997,1,1000000000,0
S2,281,11135000000,0,0,"solver_not_solved","solved inaccurate",400,0,0,0,0,0,0,0,7.4071850000000001,8.9079060000000005,1,1000000000,0
S2,282,11185000000,0,0,"solver_not_solved","maximum iterations reached",400,0,0,0,0,0,0,0,7.4532160000000003,8.9426290000000002,0,1000000000,0
S2,283,11235000000,0,0,"solver_not_solved","maximum iterations reached",400,0,0,0,0,0,0,0,7.405157,8.8891349999999996,0,1000000000,0
S2,284,11285000000,0,0,"solver_not_solved","solved inaccurate",400,0,0,0,0,0,0,0,7.4666610000000002,8.9565200000000011,0,1000000000,0
S2,285,11335000000,0,0,"solver_not_solved","maximum iterations reached",400,0,0,0,0,0,0,0,7.3883809999999999,8.8772380000000002,0,1000000000,0
S2,286,11385000000,0,0,"solver_not_solved","maximum iterations reached",400,0,0,0,0,0,0,0,7.6192570000000002,9.1131510000000002,0,1000000000,0
S2,287,11435000000,0,0,"solver_not_solved","solved inaccurate",400,0,0,0,0,0,0,0,7.4157299999999999,8.9251569999999987,0,1000000000,0
S2,288,11485000000,0,0,"solver_not_solved","maximum iterations reached",400,0,0,0,0,0,0,0,7.1761600000000003,8.6738400000000002,0,1000000000,0
S2,289,11535000000,0,0,"solver_not_solved","maximum iterations reached",400,0,0,0,0,0,0,0,7.3534250000000005,8.8138670000000001,0,1000000000,0
S2,290,11585000000,0,0,"solver_not_solved","maximum iterations reached",400,0,0,0,0,0,0,0,7.312252,8.7942739999999997,0,1000000000,0
S2,291,11635000000,0,0,"solver_not_solved","maximum iterations reached",400,0,0,0,0,0,0,0,7.2987330000000004,8.7783110000000004,0,1000000000,0
S2,292,11685000000,0,0,"solver_not_solved","maximum iterations reached",400,0,0,0,0,0,0,0,7.1590109999999996,8.6804229999999993,0,1000000000,0
S2,293,11735000000,0,0,"solver_not_solved","maximum iterations reached",400,0,0,0,0,0,0,0,7.3399470000000004,8.8302120000000013,0,1000000000,0
S2,294,11785000000,0,0,"solver_not_solved","solved inaccurate",400,0,0,0,0,0,0,0,7.4042240000000001,8.8874689999999994,0,1000000000,0
S2,295,11835000000,0,0,"solver_not_solved","maximum iterations reached",400,0,0,0,0,0,0,0,7.294149,8.8366710000000008,0,1000000000,0
S2,296,11885000000,0,0,"solver_not_solved","maximum iterations reached",400,0,0,0,0,0,0,0,7.1079689999999998,8.5955829999999995,0,1000000000,0
S2,297,11935000000,0,0,"solver_not_solved","maximum iterations reached",400,0,0,0,0,0,0,0,7.0788600000000006,8.5580990000000003,0,1000000000,0
S2,298,11985000000,0,0,"solver_not_solved","maximum iterations reached",400,0,0,0,0,0,0,0,7.0031280000000002,8.5186679999999999,0,1000000000,0
S2,299,12035000000,0,0,"solver_not_solved","maximum iterations reached",400,0,0,0,0,0,0,0,7.060136,8.6270370000000014,0,1000000000,0
S2,300,12085000000,0,0,"solver_not_solved","maximum iterations reached",400,0,0,0,0,0,0,0,7.0448680000000001,8.5254729999999999,0,1000000000,0
S2,301,12135000000,0,0,"solver_not_solved","maximum iterations reached",400,0,0,0,0,0,0,0,7.0628039999999999,8.5566099999999992,0,1000000000,0
S2,302,12185000000,0,0,"solver_not_solved","maximum iterations reached",400,0,0,0,0,0,0,0,7.0251519999999994,8.530736000000001,0,1000000000,0
S2,303,12235000000,0,0,"solver_not_solved","maximum iterations reached",400,0,0,0,0,0,0,0,7.2020169999999997,8.695862,0,1000000000,0
S2,304,12285000000,0,0,"solver_not_solved","maximum iterations reached",400,0,0,0,0,0,0,0,6.9920210000000003,8.5046229999999987,0,1000000000,0
S2,305,12335000000,0,0,"solver_not_solved","maximum iterations reached",400,0,0,0,0,0,0,0,7.0018859999999998,8.4947600000000012,0,1000000000,0
