group,source_t,selected_point_count,selected_min_x_m,selected_max_x_m,center_lower_x_m,center_upper_x_m,valid_interval,physical_center_x_m,physical_center_covered,full_physical_x_union_width_m,tracker_center_x_error_m,original_v1_x_width_m
offset_south,16.039,35,4.675670888625082,5.122575182720558,4.847575182720559,4.950670888625082,True,4.9,True,0.553095705904523,0.011693884186830594,1.347205050185095
offset_south,16.105,33,4.68840224210845,5.121540879843089,4.846540879843089,4.963402242108449,True,4.9,True,0.56686136226536,0.011993412904369727,1.3429851264499582
offset_south,16.171,32,4.6806394543236225,5.122408342500223,4.8474083425002235,4.955639454323622,True,4.9,True,0.5582311118233985,0.011847671229538115,1.342620254967951
offset_south,16.237,31,4.684217621042079,5.1218218484226465,4.846821848422647,4.959217621042079,True,4.9,True,0.5623957726194317,0.009852432137758882,1.3411027643696483
offset_south,16.303,31,4.682358083109744,5.125355564669777,4.850355564669777,4.957358083109743,True,4.9,True,0.5570025184399661,0.009302803286048267,1.340798620134203
offset_south,16.369,30,4.683980121868243,5.12283056570452,4.847830565704521,4.958980121868242,True,4.9,True,0.5611495561637214,0.008480965988733935,1.34017849237914
offset_south,16.435,29,4.68685928667853,5.1240797758668615,4.849079775866862,4.961859286678529,True,4.9,True,0.5627795108116673,0.007832490513885126,1.3389538813670914
offset_south,16.501,28,4.6886273735353265,5.12430387414572,4.84930387414572,4.963627373535326,True,4.9,True,0.5643234993896058,0.007276120867999225,1.3371008844842889
offset_south,16.567,28,4.6767949150453925,5.1232079093129315,4.848207909312932,4.951794915045392,True,4.9,True,0.5535870057324599,0.005347924701450957,1.3395000428575572
offset_south,16.633,27,4.678994047360543,5.123338539606691,4.848338539606692,4.953994047360543,True,4.9,True,0.555655507753851,0.005360434401803005,1.3409533776741345
offset_south,16.699,27,4.6812188023446355,5.126852192974999,4.851852192975,4.956218802344635,True,4.9,True,0.5543666093696353,0.00571511260013402,1.3413163064138787
offset_south,16.765,26,4.694764467458768,5.126409203233851,4.851409203233851,4.969764467458767,True,4.9,True,0.5683552642249159,0.006696409772000145,1.3379178978599553
offset_south,16.831,26,4.680514987780856,5.126497458698189,4.85149745869819,4.955514987780855,True,4.9,True,0.5540175290826654,0.006279600818452025,1.3398011005580672
offset_south,16.897,25,4.685263614117716,5.1263074639631565,4.851307463963157,4.960263614117715,True,4.9,True,0.5589561501545581,0.0064930755386338745,1.3394196635074405
offset_south,16.963,24,4.699951493176275,5.125924337053247,4.8509243370532475,4.974951493176275,True,4.9,True,0.5740271561230272,0.007544775763243194,1.3346422745285214
offset_south,17.029,24,4.689325021653837,5.12652691710284,4.851526917102841,4.964325021653837,True,4.9,True,0.562798104550996,0.007291624192295565,1.333858238218808
offset_south,17.095,24,4.676274619513826,5.126189546519828,4.851189546519828,4.951274619513826,True,4.9,True,0.5500850729939974,0.005987686350283461,1.3363942172746759
offset_south,17.161,24,4.674136143104697,5.126759135551204,4.851759135551204,4.949136143104696,True,4.9,True,0.5473770075534918,0.00574330750267027,1.3412628498262253
offset_south,17.227,23,4.684755301358278,5.1261007162573495,4.85110071625735,4.959755301358277,True,4.9,True,0.5586545851009272,0.006767320494116547,1.3412876193480792
offset_south,17.293,23,4.68039981808487,5.1258228612317005,4.850822861231701,4.955399818084869,True,4.9,True,0.554576956853168,0.006722425673715726,1.3425282464877046
offset_south,17.359,22,4.693001656988225,5.126617256210434,4.851617256210434,4.968001656988225,True,4.9,True,0.5663844007777905,0.008007688993330042,1.3398544523080558
offset_south,17.425,23,4.685583559353315,5.128916949473622,4.853916949473622,4.9605835593533145,True,4.9,True,0.5566666098796922,0.008410262767885257,1.340077394431244
offset_south,17.491,23,4.68209182898578,5.1288773451050185,4.853877345105019,4.95709182898578,True,4.9,True,0.5532144838807607,0.008215595506315232,1.3412668473634577
offset_south,17.557,23,4.678590268202976,5.128516047994692,4.853516047994693,4.9535902682029755,True,4.9,True,0.5500742202082829,0.007565716975151737,1.3431588492069877
offset_south,17.623,22,4.696356340619053,5.129584920731733,4.8545849207317335,4.971356340619052,True,4.9,True,0.5667714198873186,0.008600594446073195,1.3389937031471293
offset_south,17.689,22,4.6925354900358585,5.12878429512083,4.85378429512083,4.967535490035858,True,4.9,True,0.5637511949150278,0.009228003269672769,1.3374539520120394
offset_south,17.755,22,4.683532820649403,5.129865772395866,4.854865772395867,4.958532820649403,True,4.9,True,0.553667048253536,0.009342275482944196,1.3390324987297173
offset_south,17.821,22,4.683305558161184,5.128798443071642,4.853798443071643,4.958305558161183,True,4.9,True,0.5545071150895404,0.00911511351062888,1.3399139609002182
offset_south,17.887,22,4.687116992672183,5.129511450324227,4.854511450324227,4.962116992672183,True,4.9,True,0.5576055423479553,0.0086168481894342,1.3393950911068733
offset_south,17.953,22,4.682541951944914,5.12871043886012,4.85371043886012,4.957541951944913,True,4.9,True,0.5538315130847928,0.008004396212720977,1.3405118565743839
offset_south,18.019,22,4.685685856094915,5.1293346108327444,4.854334610832745,4.960685856094915,True,4.9,True,0.5563512452621697,0.007645212922386513,1.3405267620408672
offset_south,18.085,22,4.6840461827775215,5.12927408134808,4.8542740813480805,4.959046182777521,True,4.9,True,0.5547721014294404,0.007431891041078664,1.3407555801679352
offset_south,18.151,22,4.683989207561022,5.12908750648345,4.8540875064834506,4.958989207561022,True,4.9,True,0.554901701077571,0.00755304334846052,1.3413595755606091
offset_south,18.217,22,4.689232363828918,5.12864737659545,4.85364737659545,4.964232363828917,True,4.9,True,0.5605849872334667,0.007682268150309035,1.3400946921539765
offset_south,18.283,22,4.689093037879328,5.128749172585596,4.853749172585596,4.964093037879327,True,4.9,True,0.5603438652937311,0.008091243209197962,1.3392223783495836
offset_south,18.349,22,4.694341141574986,5.1295783315462495,4.85457833154625,4.9693411415749855,True,4.9,True,0.5647628100287354,0.008748482394018708,1.3370020601194637
offset_south,18.415,22,4.693687708723207,5.129812979762625,4.854812979762626,4.968687708723206,True,4.9,True,0.5638747289605808,0.009527985987139331,1.3355107511497781
offset_south,18.481,22,4.696820600856575,5.129299409148135,4.854299409148136,4.971820600856574,True,4.9,True,0.5675211917084384,0.01069803484166254,1.333743364360562
offset_south,18.547,23,4.6796078266374845,5.129889240185606,4.8548892401856065,4.954607826637484,True,4.9,True,0.5497185864518774,0.010004332199881283,1.3375150207780526
offset_south,18.613,23,4.681492725924855,5.128490126574323,4.853490126574323,4.956492725924854,True,4.9,True,0.553002599350531,0.009752513878342306,1.3399417348271663
offset_south,18.679,23,4.684118109526466,5.128838146376964,4.853838146376964,4.959118109526465,True,4.9,True,0.5552799631495009,0.010027975707100012,1.34059151275435
offset_south,18.745,22,4.689967317065988,5.126959967626159,4.8519599676261596,4.964967317065987,True,4.9,True,0.5630073494398278,0.010922525832500085,1.3395118540960964
offset_south,18.811,23,4.674370923740972,5.126151490093007,4.851151490093008,4.949370923740972,True,4.9,True,0.548219433647964,0.010242050863523922,1.343192467772878
offset_south,18.877,23,4.687048405248465,5.126309942780134,4.8513099427801345,4.962048405248464,True,4.9,True,0.5607384624683298,0.010405997716528503,1.3420131887005153
offset_south,18.943,23,4.690438566955638,5.126464695204237,4.851464695204237,4.965438566955638,True,4.9,True,0.5639738717514005,0.01125438839315418,1.34021707056494
offset_south,19.009,24,4.674557271043023,5.12467540847073,4.8496754084707305,4.949557271043022,True,4.9,True,0.5498818625722917,0.008731360164091484,1.3412202211667261
offset_south,19.075,24,4.681712889671372,5.126557022155397,4.851557022155397,4.956712889671372,True,4.9,True,0.5551558675159745,0.007485142969120062,1.3401402745745563
offset_south,19.141,24,4.688365407111753,5.126342610474396,4.851342610474396,4.963365407111753,True,4.9,True,0.5620227966373565,0.007502317388115465,1.3379717590055293
offset_south,19.207,24,4.699389060663006,5.126460563842609,4.851460563842609,4.974389060663006,True,4.9,True,0.5729284968203963,0.008864513440424382,1.33423771799078
offset_south,19.273,25,4.69373365509179,5.125551652309539,4.850551652309539,4.968733655091789,True,4.9,True,0.56818200278225,0.009352303522716987,1.3332817983395864
offset_south,19.339,26,4.675321815380492,5.125847505701932,4.850847505701933,4.950321815380492,True,4.9,True,0.549474309678559,0.009235445026872569,1.3379256674010223
offset_south,19.405,27,4.676006008807672,5.126268808788274,4.851268808788275,4.9510060088076715,True,4.9,True,0.5497372000193967,0.008664782671782945,1.3408266780543903
offset_south,19.471,27,4.684460357715262,5.126773469579808,4.8517734695798085,4.959460357715262,True,4.9,True,0.5576868881354533,0.009481802066264144,1.340229268572966
offset_south,19.537,28,4.6839815943835506,5.126519564476638,4.8515195644766385,4.95898159438355,True,4.9,True,0.5574620299069115,0.008376751128529314,1.3389974691336346
offset_south,19.603,28,4.682631654142482,5.124152863614607,4.8491528636146075,4.957631654142482,True,4.9,True,0.5584787905278741,0.0074610311188809675,1.3391716593649095
offset_south,19.669,28,4.699107321366175,5.123766496480417,4.848766496480417,4.974107321366175,True,4.9,True,0.5753408248857574,0.008358273663255034,1.3343660331036387
offset_south,19.735,29,4.693233960398995,5.124108519029196,4.849108519029197,4.968233960398995,True,4.9,True,0.5691254413697979,0.009203568504647208,1.33255247384326
offset_south,19.801,30,4.68890761643145,5.1240500015417165,4.849050001541717,4.96390761643145,True,4.9,True,0.5648576148897326,0.010315586057612514,1.3333294472233619
offset_south,19.867,32,4.67640814888621,5.124542547808119,4.849542547808119,4.95140814888621,True,4.9,True,0.5518656010780905,0.010049597931199195,1.337001534341418
offset_south,19.933,32,4.694570021868664,5.1242379967853955,4.849237996785396,4.969570021868663,True,4.9,True,0.5703320250832673,0.010650750035464895,1.3340174890845198
offset_south,19.999,33,4.677430046996265,5.122357647468814,4.847357647468814,4.952430046996264,True,4.9,True,0.55507239952745,0.011413725651952866,1.3372905225009286
offset_south,20.065,34,4.67799022438643,5.122207272646172,4.847207272646172,4.952990224386429,True,4.9,True,0.5557829517402568,0.012759870941135176,1.3393684802285726
offset_south,20.131,35,4.693433295602663,5.12196548703408,4.846965487034081,4.9684332956026624,True,4.9,True,0.5714678085685818,0.013485678287251446,1.3360298126726182
offset_south,20.197,37,4.674801336769328,5.123946239687166,4.848946239687167,4.949801336769328,True,4.9,True,0.5508550970821611,0.014770465748017436,1.3399643397461842
offset_south,20.263,38,4.689802262301557,5.122288965217903,4.847288965217904,4.964802262301556,True,4.9,True,0.5675132970836525,0.015827230919412294,1.3377210486972326
offset_south,20.329,38,4.697013497665082,5.12551431401638,4.8505143140163804,4.972013497665081,True,4.9,True,0.5714991836487007,0.017790887680799727,1.3349549789934523
offset_south,20.395,40,4.6869655912203125,5.12756631415098,4.85256631415098,4.961965591220312,True,4.9,True,0.5593992770693317,0.017169407125138925,1.3366487021746167
offset_south,20.461,42,4.670357802578087,5.131091408957286,4.856091408957287,4.945357802578086,True,4.9,True,0.5392663936207993,0.01661593209186929,1.3438741734359916
offset_south,20.527,43,4.689637053911932,5.12908193494738,4.854081934947381,4.9646370539119316,True,4.9,True,0.5605551189645508,0.017590126833622044,1.3425453857158285
offset_south,20.593,45,4.66978048057658,5.130769952605311,4.8557699526053115,4.944780480576579,True,4.9,True,0.5390105279712676,0.017554877505843614,1.3480786116096994
offset_south,20.659,46,4.6793374071839215,5.1285582139244985,4.853558213924499,4.954337407183921,True,4.9,True,0.5507791932594219,0.018958043791156953,1.3484212701489626
offset_south,20.725,48,4.689003426262832,5.129234483302119,4.854234483302119,4.964003426262831,True,4.9,True,0.559768942960712,0.020759320333314513,1.3459642062160597
offset_south,20.791,49,4.684152021910431,5.1288748171767855,4.853874817176786,4.95915202191043,True,4.9,True,0.5552772047336443,0.022729527062551824,1.3455917829311481
offset_south,20.857,51,4.679736150769335,5.129544298924195,4.854544298924195,4.954736150769334,True,4.9,True,0.550191851845139,0.02515092198743396,1.3468566924982617
offset_south,20.923000000000002,53,4.680567572330401,5.130756053059428,4.855756053059428,4.9555675723304,True,4.9,True,0.5498115192709718,0.027439468547292734,1.3478562289674914
offset_south,20.989,56,4.672484453419168,5.129020443714225,4.854020443714226,4.947484453419167,True,4.9,True,0.5434640097049417,0.029307078188376856,1.350460157365761
offset_south,21.055,57,4.681949519317993,5.129006119242563,4.854006119242563,4.956949519317993,True,4.9,True,0.5529434000754294,0.03220771265767741,1.3494390901334037
offset_south,21.121,60,4.6792737368434985,5.128652726363601,4.853652726363602,4.954273736843498,True,4.9,True,0.5506210104798963,0.0346110131092594,1.3494210599494132
offset_south,21.187,61,4.68452453207232,5.127220901345106,4.852220901345107,4.95952453207232,True,4.9,True,0.5573036307272126,0.037286395068717226,1.34801457758438
offset_south,21.253,63,4.6859180849209885,5.1301043093084235,4.855104309308424,4.960918084920988,True,4.9,True,0.5558137756125638,0.039979032120927016,1.3472566122005167
offset_south,21.319,65,4.684388397660705,5.131063351923461,4.856063351923462,4.959388397660704,True,4.9,True,0.5533250457372423,0.042491160103800496,1.3470821148191887
offset_south,21.385,67,4.6828843159735385,5.129060821662421,4.854060821662421,4.957884315973538,True,4.9,True,0.5538234943111167,0.04500050028903324,1.3468104320800967
offset_south,21.451,68,4.68014256980845,5.1293600945541185,4.854360094554119,4.95514256980845,True,4.9,True,0.5507824752543307,0.047251718585927804,1.347532559879768
offset_south,21.517,70,4.686375772480257,5.130072855078754,4.855072855078754,4.961375772480256,True,4.9,True,0.5563029174015017,0.049458605252970855,1.3463819166953868
offset_south,21.583,71,4.687837350149968,5.128109902114707,4.853109902114707,4.962837350149967,True,4.9,True,0.5597274480352599,0.05137757991948799,1.3445491072761924
offset_south,21.649,72,4.688121877085923,5.12861536186671,4.85361536186671,4.963121877085922,True,4.9,True,0.5595065152192118,0.0531727196486278,1.3433324205275707
offset_south,21.715,74,4.681452938766937,5.129815129389007,4.854815129389007,4.956452938766937,True,4.9,True,0.5516378093779293,0.05456520894927408,1.3448413515559205
offset_south,21.781,75,4.676780317165685,5.129419972948098,4.854419972948098,4.951780317165684,True,4.9,True,0.5473603442175861,0.056127387560641395,1.347180842823868
offset_south,21.847,76,4.676606045917861,5.129223211162018,4.854223211162019,4.951606045917861,True,4.9,True,0.5473828347558418,0.05748252021249467,1.3488117395499548
offset_south,21.913,76,4.671314343466408,5.126879480186083,4.851879480186083,4.946314343466407,True,4.9,True,0.5444348632803242,0.05846139437853104,1.3508863542682157
offset_south,21.979,76,4.680855262850872,5.12948186690374,4.854481866903741,4.955855262850871,True,4.9,True,0.5513733959471308,0.0588181124141931,1.3502084292036116
offset_south,22.045,75,4.68024379649049,5.130193872336674,4.855193872336675,4.95524379649049,True,4.9,True,0.550049924153815,0.05951271592665908,1.3501309231963832
offset_south,22.111,76,4.67994627457586,5.127050913208062,4.852050913208062,4.9549462745758595,True,4.9,True,0.5528953613677972,0.05952128043870264,1.3492230378271288
offset_south,22.177,74,4.679042459740951,5.128969024924344,4.853969024924345,4.9540424597409505,True,4.9,True,0.5500734348166059,0.05957361224076507,1.3494340960340079
offset_south,22.243,74,4.680346470936375,5.127179414830594,4.852179414830594,4.955346470936375,True,4.9,True,0.5531670561057804,0.059420939314131616,1.3486537503920712
offset_south,22.309,73,4.6829874888349865,5.129167573795381,4.854167573795381,4.957987488834986,True,4.9,True,0.5538199150396046,0.0592397778626772,1.3479327633388505
offset_south,22.375,72,4.686809455947956,5.128054090086884,4.853054090086885,4.9618094559479555,True,4.9,True,0.5587553658610707,0.058915391753931345,1.3459263245788737
offset_south,22.441,71,4.680695056086363,5.129059761433813,4.854059761433813,4.955695056086363,True,4.9,True,0.5516352946525493,0.05837903223576735,1.3466578388094463
offset_south,22.507,71,4.685518550204446,5.130174287219139,4.85517428721914,4.960518550204445,True,4.9,True,0.5553442629853051,0.05695390640948084,1.3460572082710205
offset_south,22.573,70,4.670114304383439,5.129029655654995,4.854029655654996,4.945114304383439,True,4.9,True,0.5410846487284429,0.0556984871614592,1.3502369849504732
offset_south,22.639,68,4.6883146374642255,5.129835176152855,4.854835176152855,4.963314637464225,True,4.9,True,0.5584794613113695,0.05476128899258814,1.34762205107192
offset_south,22.705,67,4.6784737345596605,5.1281442131732895,4.85314421317329,4.95347373455966,True,4.9,True,0.5503295213863699,0.05297056369736808,1.3484426249076567
offset_south,22.771,65,4.67246739438752,5.128035491793709,4.85303549179371,4.94746739438752,True,4.9,True,0.5444319025938096,0.05093163807858847,1.3505802666572166
offset_south,22.837,65,4.677352050680177,5.12880219929173,4.853802199291731,4.952352050680177,True,4.9,True,0.5485498513884461,0.04887232731980884,1.3508412312435174
offset_south,22.903,62,4.689295457227136,5.128495339594904,4.853495339594905,4.964295457227135,True,4.9,True,0.5608001176322304,0.04777142269538981,1.3476635814731242
offset_south,22.969,61,4.6868740559656645,5.127734965885509,4.852734965885509,4.961874055965664,True,4.9,True,0.5591390900801547,0.045591361169130984,1.3461198590231283
offset_south,23.035,59,4.668866735513337,5.129761402450602,4.8547614024506025,4.943866735513336,True,4.9,True,0.5391053330627338,0.04392114712223094,1.3505523013973693
offset_south,23.101,57,4.687037435657548,5.12892256541566,4.853922565415661,4.962037435657548,True,4.9,True,0.558114870241887,0.04199371840671251,1.3479521499055922
offset_south,23.167,56,4.6736042425130755,5.129722130362796,4.854722130362797,4.948604242513075,True,4.9,True,0.5438821121502782,0.0390541680162837,1.3504018712888306
offset_south,23.233,53,4.679999405678356,5.129108358621493,4.8541083586214935,4.954999405678356,True,4.9,True,0.5508910470568622,0.036742647742190826,1.3500139957851225
offset_south,23.299,51,4.673869418314507,5.128761518545337,4.853761518545338,4.948869418314507,True,4.9,True,0.545107899769169,0.03414614046803699,1.3514774271188346
offset_south,23.365,49,4.678018253060183,5.131504548637257,4.856504548637258,4.953018253060183,True,4.9,True,0.5465137044229251,0.03153536166903592,1.3520800876563064
offset_south,23.431,47,4.686438933575675,5.129663054497229,4.854663054497229,4.961438933575675,True,4.9,True,0.5567758790784454,0.028708282723517442,1.3494232976358806
offset_south,23.497,46,4.685364077766504,5.129701387275417,4.8547013872754174,4.960364077766504,True,4.9,True,0.5556626904910862,0.025797372728612267,1.34789750119779
offset_south,23.563,44,4.681035228024863,5.129160412029447,4.854160412029447,4.956035228024862,True,4.9,True,0.5518748159954148,0.023020891925900067,1.3479658060398283
offset_south,23.629,42,4.6866049972545305,5.129744304779117,4.854744304779118,4.96160499725453,True,4.9,True,0.5568606924754123,0.02050132313712183,1.3465178564852558
offset_south,23.695,41,4.685775253266246,5.129586959235977,4.854586959235977,4.960775253266245,True,4.9,True,0.556188294030268,0.018018693527148244,1.3457060113305983
offset_south,23.761,40,4.681943004262242,5.128193359231756,4.853193359231756,4.956943004262241,True,4.9,True,0.5537496450304846,0.017015537058060914,1.345869314422273
offset_south,23.827,38,4.6862197847429625,5.123710202162665,4.848710202162666,4.961219784742962,True,4.9,True,0.5625095825802962,0.017356419970662174,1.3433556453215019
offset_south,23.893,37,4.683970046608405,5.121606617513176,4.846606617513176,4.958970046608404,True,4.9,True,0.562363429095228,0.01703552230823835,1.3419532133553975
offset_south,23.959,36,4.683927479148721,5.121581765014824,4.846581765014824,4.958927479148721,True,4.9,True,0.5623457141338963,0.015820022786618537,1.340390639786418
offset_south,24.025,35,4.680057280409533,5.122747234428846,4.847747234428846,4.955057280409532,True,4.9,True,0.5573100459806859,0.01522775053609493,1.3410804340562865
offset_south,24.091,34,4.686712941744366,5.122800325453943,4.847800325453943,4.9617129417443655,True,4.9,True,0.5639126162904222,0.01405438739685394,1.3395825189522736
offset_south,24.157,32,4.695853723552949,5.121781261741707,4.846781261741707,4.970853723552948,True,4.9,True,0.5740724618112407,0.012727263207033879,1.3351953298808954
offset_south,24.223,32,4.690950815465166,5.1253132581081005,4.850313258108101,4.965950815465165,True,4.9,True,0.565637557357064,0.012411703938822072,1.334017310465372
offset_south,24.289,32,4.67353987703087,5.123537549110602,4.848537549110603,4.9485398770308695,True,4.9,True,0.5500023279202668,0.010171619389978126,1.3382870812050238
offset_south,24.355,30,4.6900538453319705,5.124035599945483,4.849035599945483,4.96505384533197,True,4.9,True,0.5660182453864866,0.009705513316356829,1.3365941692358287
offset_south,24.421,29,4.692055835114721,5.124428826083693,4.8494288260836935,4.967055835114721,True,4.9,True,0.5676270090310271,0.009379004961874493,1.3350253205271263
offset_south,24.487,28,4.689974617192459,5.124338211331824,4.849338211331824,4.964974617192459,True,4.9,True,0.5656364058606342,0.008989934926119325,1.3342383233318524
offset_south,24.553,28,4.68065562747603,5.123365033915249,4.8483650339152495,4.9556556274760295,True,4.9,True,0.5572905935607799,0.006968185987390463,1.3365011163646978
offset_south,24.619,27,4.683600033776908,5.123283049139749,4.8482830491397495,4.958600033776907,True,4.9,True,0.5603169846371576,0.0052515884695738535,1.3358854366495398
offset_south,24.685,27,4.689624041724278,5.126357866575016,4.851357866575016,4.964624041724277,True,4.9,True,0.5632661751492607,0.005795996320151708,1.3351770580275426
offset_south,24.751,27,4.675321675372356,5.126387923727728,4.851387923727729,4.950321675372355,True,4.9,True,0.5489337516446262,0.004913655560630836,1.3391124084706285
offset_south,24.817,26,4.683533208282478,5.125107712872901,4.8501077128729015,4.958533208282478,True,4.9,True,0.558425495409576,0.004846236981183694,1.3398510373065668
offset_south,24.883,25,4.690688936417171,5.126640990583611,4.851640990583611,4.965688936417171,True,4.9,True,0.5640479458335592,0.005449625657225177,1.3377676401520435
offset_south,24.949,24,4.703735658143833,5.126882381852285,4.851882381852286,4.978735658143832,True,4.9,True,0.5768532762915466,0.006825255378098305,1.3327085770170668
offset_south,25.015,24,4.693809723018731,5.126236967366338,4.851236967366338,4.9688097230187305,True,4.9,True,0.5675727556523922,0.006843025789272872,1.3311453753677878
offset_south,25.081,24,4.680665552490482,5.126064420149832,4.851064420149832,4.955665552490482,True,4.9,True,0.5546011323406492,0.005785376793956409,1.3335083673101256
offset_south,25.147,24,4.6743657037669255,5.126428027872921,4.851428027872921,4.949365703766925,True,4.9,True,0.5479376758940038,0.00577491098204419,1.3390745543488864
offset_south,25.213,23,4.685588772170286,5.126008952129368,4.8510089521293684,4.9605887721702855,True,4.9,True,0.559579820040917,0.006889020903476428,1.3394782420319449
offset_south,25.279,23,4.68523163582427,5.125956274274874,4.850956274274875,4.960231635824269,True,4.9,True,0.5592753615493942,0.0071011134345955185,1.339852160957543
offset_south,25.345,23,4.670789541226538,5.125633058096048,4.850633058096048,4.945789541226538,True,4.9,True,0.5451564831304896,0.006421424317014868,1.3443495677311328
offset_south,25.411,22,4.690516715780045,5.126386893881062,4.851386893881062,4.965516715780044,True,4.9,True,0.5641298218989819,0.007222037435661299,1.3418057508420982
offset_south,25.477,23,4.6794214905637785,5.129095658869093,4.8540956588690936,4.954421490563778,True,4.9,True,0.5503258316946844,0.007336668671486635,1.3432359494806108
offset_south,25.543,23,4.682880857878796,5.129563441570045,4.854563441570045,4.957880857878796,True,4.9,True,0.5533174163087506,0.006870220795526905,1.3433082097654794
offset_south,25.609,22,4.697829503733233,5.129050187553055,4.854050187553056,4.972829503733233,True,4.9,True,0.5687793161801771,0.008096136434085466,1.3388935114260438
offset_south,25.675,22,4.692784191377719,5.12890775825243,4.85390775825243,4.967784191377718,True,4.9,True,0.5638764331252879,0.008752306897520157,1.3374296743172993
offset_south,25.741,22,4.688998611166643,5.129035732898414,4.8540357328984145,4.963998611166643,True,4.9,True,0.5599628782682282,0.008878726132181214,1.3372790430313
offset_south,25.807,22,4.687792662349823,5.129296401471879,4.8542964014718795,4.962792662349822,True,4.9,True,0.5584962608779429,0.008780927941704597,1.3377445117092557
offset_south,25.873,22,4.686077926445613,5.12940996103791,4.85440996103791,4.961077926445612,True,4.9,True,0.556667965407702,0.008462504927356562,1.3384176344035352
offset_south,25.939,22,4.678326637094362,5.128600777400816,4.853600777400817,4.953326637094362,True,4.9,True,0.549725859693545,0.007959084662661375,1.3411178601492582
offset_south,26.005,22,4.683961597722215,5.129618885707354,4.854618885707355,4.958961597722214,True,4.9,True,0.5543427120148594,0.007751354941569311,1.3414321231769974
offset_south,26.071,22,4.687580933720817,5.129102366778639,4.85410236677864,4.962580933720816,True,4.9,True,0.5584785669421766,0.007518562431613418,1.340560612402765
offset_south,26.137,22,4.6820833307110785,5.128813085706049,4.85381308570605,4.957083330711078,True,4.9,True,0.553270245005028,0.007389109442334174,1.3416891593946045
offset_south,26.203,22,4.685687930822687,5.128987768377058,4.853987768377059,4.9606879308226866,True,4.9,True,0.5567001624456276,0.007529099484861135,1.3413472985712485
offset_south,26.269,22,4.6850682787948825,5.129042925597883,4.854042925597883,4.960068278794882,True,4.9,True,0.5560253531969985,0.007875763310946304,1.3416268039081831
offset_south,26.335,22,4.689628690031454,5.129651871209458,4.854651871209459,4.964628690031454,True,4.9,True,0.5599768188219947,0.00857751398579687,1.3396699934717895
offset_south,26.401,22,4.690721805576384,5.129150390662026,4.854150390662027,4.965721805576384,True,4.9,True,0.5615714149143567,0.009463614974181134,1.338378346871031
offset_south,26.467,22,4.6962336656897845,5.129281343303252,4.854281343303253,4.971233665689784,True,4.9,True,0.5669523223865311,0.010544879599545531,1.335825108864503
offset_south,26.533,23,4.674231031301424,5.128844141942134,4.853844141942134,4.949231031301424,True,4.9,True,0.5453868893592897,0.009602544391198897,1.340513484651515
offset_south,26.599,23,4.685436544940687,5.1295023679334255,4.854502367933426,4.960436544940687,True,4.9,True,0.5559341770072608,0.009334950277262166,1.3403520830522986
offset_south,26.665,23,4.679776103465162,5.128929524330602,4.853929524330603,4.954776103465162,True,4.9,True,0.5508465791345587,0.009547946496526016,1.3420969923334063
offset_south,26.731,22,4.691458889288469,5.126339975982924,4.851339975982924,4.966458889288469,True,4.9,True,0.5651189133055448,0.010308887745424933,1.3399322206417206
offset_south,26.797,23,4.671174387414085,5.126654917463533,4.8516549174635335,4.946174387414085,True,4.9,True,0.5445194699505513,0.009506857728289297,1.3445967134640386
offset_south,26.863,23,4.680566764154921,5.127034835083831,4.852034835083831,4.955566764154921,True,4.9,True,0.5535319290710896,0.009498736293428678,1.3451581207035
offset_south,26.929,23,4.685394059006964,5.126408592510828,4.851408592510828,4.960394059006964,True,4.9,True,0.5589854664961356,0.010268332527209267,1.3439150445436088
offset_south,26.995,24,4.674083568793465,5.125779176573097,4.850779176573098,4.949083568793465,True,4.9,True,0.548304392220367,0.007712132906032565,1.3434746949453524
offset_south,27.061,24,4.67958751238601,5.126988755432979,4.85198875543298,4.954587512386009,True,4.9,True,0.5525987569530295,0.00647215349180108,1.342387264417365
offset_south,27.127,24,4.687583371641201,5.125939820678131,4.850939820678131,4.962583371641201,True,4.9,True,0.5616435509630697,0.006580866131499441,1.3397772427848627
offset_south,27.193,24,4.699352252717939,5.126285166585328,4.8512851665853285,4.974352252717939,True,4.9,True,0.5730670861326101,0.007809432854231524,1.3351771642070864
offset_south,27.259,25,4.6925577252781885,5.12547855714613,4.850478557146131,4.967557725278188,True,4.9,True,0.567079168132057,0.00820668143751302,1.3338552823233243
offset_south,27.325,26,4.680323698356001,5.1261310967340155,4.851131096734016,4.9553236983560005,True,4.9,True,0.5541926016219845,0.00787593403792286,1.336730377498423
offset_south,27.391,26,4.699368516537781,5.126531287963692,4.8515312879636925,4.974368516537781,True,4.9,True,0.5728372285740881,0.009096475765270284,1.3331829154711112
offset_south,27.457,27,4.686223729355726,5.126009874201384,4.8510098742013845,4.9612237293557255,True,4.9,True,0.560213855154341,0.009666262244389934,1.334610647730405
offset_south,27.523,28,4.678250243115701,5.1255346598395395,4.85053465983954,4.953250243115701,True,4.9,True,0.5527155832761605,0.010004728338087965,1.3380035566946038
offset_south,27.589,28,4.678160697163343,5.123700309902698,4.848700309902698,4.953160697163343,True,4.9,True,0.5544603872606444,0.008603482682271846,1.3395913599342812
offset_south,27.655,28,4.694282193157108,5.125012839354192,4.850012839354193,4.969282193157108,True,4.9,True,0.569269353802915,0.0089426782652966,1.3360594808143105
offset_south,27.721,29,4.68835459679728,5.123912587643892,4.848912587643892,4.96335459679728,True,4.9,True,0.5644420091533877,0.009460856028953302,1.335074916792662
offset_south,27.787,30,4.687261955036908,5.125120700003462,4.850120700003463,4.962261955036907,True,4.9,True,0.5621412550334444,0.010003535644853123,1.3350395656828908
offset_south,27.853,31,4.683373022429071,5.123761422504082,4.848761422504083,4.95837302242907,True,4.9,True,0.5596115999249871,0.010859290651835884,1.3363839272722091
offset_south,27.919,32,4.684949633553387,5.124157895424933,4.849157895424933,4.959949633553387,True,4.9,True,0.5607917381284533,0.01210306826286267,1.3366968431451318
offset_south,27.985,33,4.689519704971992,5.123776194662329,4.84877619466233,4.964519704971991,True,4.9,True,0.5657435103096613,0.013817711142538158,1.3356867613213628
offset_south,28.051,34,4.677993341349537,5.1217470966465415,4.846747096646542,4.952993341349536,True,4.9,True,0.5562462447029943,0.014454754524421354,1.3381068595140553
offset_south,28.117,35,4.683906761778616,5.1220638437850265,4.847063843785027,4.958906761778615,True,4.9,True,0.561842917993588,0.01575994736487818,1.338121926261762
offset_south,28.183,36,4.683896154947343,5.121712323595073,4.8467123235950735,4.958896154947342,True,4.9,True,0.5621838313522687,0.016523862373310827,1.3380301989775527
offset_south,28.249,38,4.6763405871631685,5.122242494560102,4.847242494560103,4.951340587163168,True,4.9,True,0.5540980926030652,0.0179024649431323,1.340391711503367
offset_south,28.315,39,4.690037827180035,5.123121378037505,4.848121378037505,4.965037827180034,True,4.9,True,0.5669164491425291,0.020072348349694735,1.3381992633095978
offset_south,28.381,40,4.674257495914977,5.127051550116233,4.852051550116234,4.949257495914977,True,4.9,True,0.547205945798743,0.01856489900857472,1.3425777005770954
offset_south,28.447,41,4.684596248493456,5.129049416943013,4.854049416943013,4.9595962484934555,True,4.9,True,0.5555468315504422,0.018586963883920227,1.3431403409388336
offset_south,28.513,43,4.681064939957527,5.129067543382174,4.8540675433821745,4.9560649399575265,True,4.9,True,0.551997396575352,0.018569325008297,1.3445990196845776
offset_south,28.579,44,4.68225027469424,5.128471081775245,4.853471081775245,4.957250274694239,True,4.9,True,0.5537791929189939,0.019094370867869692,1.3450855559035058
offset_south,28.645,46,4.676055825310241,5.129239392313094,4.854239392313095,4.951055825310241,True,4.9,True,0.5468164329971461,0.01948203231457768,1.34751495923331
offset_south,28.711,47,4.690948977506531,5.129891919207101,4.854891919207102,4.965948977506531,True,4.9,True,0.561057058299429,0.021573177582840053,1.3449433539734879
offset_south,28.777,48,4.690169080672426,5.129300056836382,4.854300056836382,4.965169080672426,True,4.9,True,0.5608690238360434,0.023858965698396517,1.3431996406306281
offset_south,28.843,50,4.6874712398521545,5.129916444448728,4.854916444448729,4.962471239852154,True,4.9,True,0.5575547954034252,0.026273679636562797,1.3429733098204117
offset_south,28.909,53,4.6729555187510945,5.129099088530152,4.854099088530153,4.947955518751094,True,4.9,True,0.5438564302209412,0.02778620503647833,1.3469243878080055
offset_south,28.975,55,4.679476278375739,5.129180417087842,4.854180417087843,4.954476278375738,True,4.9,True,0.5502958612878952,0.03000007668059812,1.347758313079235
offset_south,29.041,57,4.682077949480048,5.129574871215784,4.854574871215784,4.957077949480047,True,4.9,True,0.552503078264263,0.03243035731663646,1.347679895676185
offset_south,29.107,59,4.692627229336859,5.128939830821005,4.853939830821005,4.967627229336858,True,4.9,True,0.5636873985158528,0.03516781325378027,1.3442697074185734
offset_south,29.173,61,4.677439275310062,5.128067349934761,4.853067349934761,4.952439275310062,True,4.9,True,0.5493719253753004,0.0371638137929553,1.3462876759684006
offset_south,29.239,62,4.689560472032123,5.128184660563852,4.853184660563852,4.964560472032122,True,4.9,True,0.5613758114682701,0.04030770685876739,1.3444468380488899
offset_south,29.305,65,4.677154199440849,5.1286026056898955,4.853602605689896,4.952154199440849,True,4.9,True,0.5485515937509529,0.0424696873493593,1.3468527893087217
offset_south,29.371,67,4.682786411994386,5.132512510001191,4.857512510001191,4.957786411994386,True,4.9,True,0.5502739019931944,0.04454401240983952,1.3477147819181465
offset_south,29.437,68,4.6717048408987685,5.128364202266488,4.853364202266489,4.946704840898768,True,4.9,True,0.543340638632279,0.04643483069424459,1.3503981557530187
offset_south,29.503,69,4.688163440305437,5.12731016774484,4.85231016774484,4.963163440305436,True,4.9,True,0.5608532725605959,0.04903323397607018,1.347022727258934
offset_south,29.569,72,4.666967916944162,5.128818076838518,4.853818076838518,4.9419679169441615,True,4.9,True,0.5381498401056433,0.05065070627629176,1.3518340591875064
offset_south,29.635,72,4.6878984891475675,5.1296549247591186,4.854654924759119,4.962898489147567,True,4.9,True,0.5582435643884478,0.05227689884371678,1.3488107721147198
offset_south,29.701,73,4.691824349686982,5.1297409498983075,4.854740949898308,4.9668243496869815,True,4.9,True,0.5620833997886734,0.0542261554886494,1.3455425205437015
offset_south,29.767,75,4.663457588561419,5.128788849264584,4.853788849264585,4.938457588561419,True,4.9,True,0.5346687392968341,0.05530730298632314,1.3514791425915404
offset_south,29.833,76,4.686232218915781,5.129340655547006,4.8543406555470066,4.9612322189157805,True,4.9,True,0.5568915633687739,0.05651635465717231,1.348967930803446
offset_south,29.899,77,4.673448768479772,5.129217999187587,4.854217999187587,4.948448768479771,True,4.9,True,0.5442307692921842,0.05758365604744409,1.3510083207747563
offset_south,29.965,77,4.664393439416507,5.128240590836618,4.853240590836618,4.939393439416507,True,4.9,True,0.5361528485798883,0.05808291741150384,1.3548599699683626
offset_south,30.031,75,4.69251795235095,5.128585840097935,4.853585840097936,4.967517952350949,True,4.9,True,0.5639321122530132,0.0589227243457886,1.3492223453019494
offset_south,30.097,76,4.676081368891296,5.128409323599909,4.85340932359991,4.951081368891296,True,4.9,True,0.5476720452913859,0.059368382113843765,1.3502196247190859
offset_south,30.163,75,4.671206682065206,5.127753627749396,4.852753627749396,4.946206682065205,True,4.9,True,0.5434530543158089,0.05953260437411423,1.352117821008617
offset_south,30.229,75,4.685307086799957,5.129747217177992,4.854747217177993,4.960307086799957,True,4.9,True,0.5555598696219641,0.05913572933479472,1.3498145138194424
offset_south,30.295,74,4.686359795753157,5.128488755152613,4.853488755152614,4.9613597957531566,True,4.9,True,0.5578710406005427,0.05848145597577936,1.3475088474934465
offset_south,30.361,73,4.675041687118678,5.128378546166509,4.8533785461665095,4.950041687118677,True,4.9,True,0.5466631409521676,0.05771040699496055,1.349257250959762
offset_south,30.427,72,4.6692505295852555,5.130134260841,4.855134260841001,4.944250529585255,True,4.9,True,0.5391162687442541,0.056643023521110614,1.3527451950485567
offset_south,30.493,71,4.672540463157912,5.130744481522495,4.855744481522495,4.947540463157911,True,4.9,True,0.5417959816354159,0.055541622406011903,1.3543828420433646
offset_south,30.559,71,4.67448455130738,5.128315655395102,4.853315655395103,4.949484551307379,True,4.9,True,0.5461688959122764,0.05412258031938766,1.3542950127161633
offset_south,30.625,69,4.688321696415723,5.12887248968035,4.8538724896803505,4.963321696415722,True,4.9,True,0.5594492067353716,0.052915714319214935,1.3501717468807024
offset_south,30.691,67,4.676622784347496,5.129050322787536,4.854050322787536,4.951622784347496,True,4.9,True,0.5475724615599595,0.05179625028711232,1.3508484843485036
offset_south,30.757,66,4.665026672836744,5.127979160749013,4.852979160749014,4.940026672836743,True,4.9,True,0.5370475120877296,0.04984559045807391,1.3544796854176333
offset_south,30.823,65,4.676447960547932,5.128165354594453,4.853165354594454,4.951447960547932,True,4.9,True,0.5482826059534778,0.0484670102444511,1.3538875174473843
offset_south,30.889,63,4.685136896612153,5.127604414262306,4.852604414262307,4.960136896612153,True,4.9,True,0.5575324823498462,0.046864332936678466,1.350711628173698
offset_south,30.955,61,4.67754485420733,5.128891515642175,4.853891515642175,4.952544854207329,True,4.9,True,0.5486533385651542,0.045288677069282635,1.3509021381520419
offset_south,31.021,59,4.677810526030333,5.12777723129573,4.852777231295731,4.952810526030333,True,4.9,True,0.5500332947346018,0.04341914455253626,1.3508711507228885
offset_south,31.087,58,4.683311167937974,5.1279031237422945,4.852903123742295,4.958311167937974,True,4.9,True,0.5554080441956788,0.0412143903202411,1.348987392247318
offset_south,31.153,56,4.681851640792721,5.129544198283879,4.85454419828388,4.956851640792721,True,4.9,True,0.5523074425088408,0.038969148218324534,1.34859894182047
offset_south,31.219,54,4.679733750321177,5.128861487926026,4.853861487926027,4.954733750321177,True,4.9,True,0.5508722623951499,0.0363968983309535,1.3487575805557839
offset_south,31.285,52,4.676222854752435,5.128452653415136,4.853452653415136,4.951222854752435,True,4.9,True,0.5477702013372985,0.03343348993946105,1.3497992459878587
offset_south,31.351,50,4.684213268985166,5.129764634122975,4.854764634122976,4.959213268985166,True,4.9,True,0.55444863486219,0.030522927387655052,1.348524881732844
offset_south,31.417,48,4.671308222138372,5.1302957242534495,4.85529572425345,4.946308222138372,True,4.9,True,0.5410124978849218,0.027505587228488615,1.3516636678475138
offset_south,31.483,47,4.667719590682338,5.1297829059314815,4.854782905931482,4.942719590682337,True,4.9,True,0.5379366847508551,0.02449507732854972,1.3547835620680027
offset_south,31.549,45,4.6823670060726075,5.130017896766912,4.855017896766912,4.957367006072607,True,4.9,True,0.5523491093056945,0.021534543083146396,1.3526437606558932
offset_south,31.615,42,4.692968761145446,5.130438991334589,4.85543899133459,4.967968761145445,True,4.9,True,0.5625297698108553,0.019921172032510093,1.3480917015158682
offset_south,31.681,41,4.680786207728577,5.129636653187631,4.854636653187631,4.955786207728576,True,4.9,True,0.551149554540945,0.017053719699331005,1.3483193246988239
offset_south,31.747,40,4.690310874439383,5.128318991893058,4.853318991893058,4.965310874439383,True,4.9,True,0.5619918825463246,0.014522235038253228,1.3452259625252792
offset_south,31.813,38,4.687287221897545,5.126437789557187,4.851437789557187,4.962287221897545,True,4.9,True,0.5608494323403572,0.014681713874700186,1.343403344065588
offset_south,31.879,37,4.68174249672702,5.120534489620373,4.845534489620373,4.95674249672702,True,4.9,True,0.5612080071066463,0.015059377369197158,1.342945172328291
offset_south,31.945,36,4.677270402735247,5.121483289698136,4.846483289698137,4.952270402735246,True,4.9,True,0.5557871130371097,0.013278258741484805,1.3433254867186704
offset_south,32.011,35,4.683367809717053,5.121900738733301,4.846900738733302,4.9583678097170525,True,4.9,True,0.5614670709837506,0.012387740483320364,1.3416010864198245
offset_south,32.077,34,4.6792716286997305,5.122190347411306,4.847190347411306,4.95427162869973,True,4.9,True,0.5570812812884236,0.0122726587552906,1.3419963761073497
offset_south,32.143,33,4.671610977849355,5.122479601127283,4.847479601127284,4.946610977849354,True,4.9,True,0.5491313767220702,0.010215731106303139,1.3444058587637158
offset_south,32.209,31,4.696849470830335,5.1227569071441,4.847756907144101,4.9718494708303345,True,4.9,True,0.5740925636862337,0.010813388010220137,1.3388563320287306
offset_south,32.275,32,4.676377294381224,5.1245500533575985,4.849550053357599,4.951377294381223,True,4.9,True,0.5518272410236242,0.009376087859250148,1.3409421479120969
offset_south,32.341,31,4.6726831209908575,5.123569370391544,4.8485693703915445,4.947683120990857,True,4.9,True,0.5491137505993124,0.00789238978764839,1.3435223251658246
offset_south,32.407,29,4.692196746741007,5.1224038175897,4.847403817589701,4.967196746741006,True,4.9,True,0.5697929291513055,0.00803215243226063,1.3393497940486245
offset_south,32.473,28,4.696167814507166,5.1238892698412934,4.848889269841294,4.971167814507165,True,4.9,True,0.5722785446658711,0.008210220836326165,1.3349143928411302
offset_south,32.539,28,4.684053190248198,5.124141942618453,4.849141942618454,4.959053190248198,True,4.9,True,0.5599112476297436,0.006705667605751309,1.3364180796161187
offset_south,32.605,27,4.685882902338523,5.123387016460917,4.848387016460918,4.960882902338523,True,4.9,True,0.562495885877605,0.005582717838053419,1.3357702563675273
offset_south,32.671,27,4.693895656382552,5.126201760980292,4.851201760980293,4.968895656382552,True,4.9,True,0.567693895402259,0.006600030696657377,1.333829351341092
offset_south,32.737,27,4.67932416720527,5.125828824762397,4.850828824762398,4.95432416720527,True,4.9,True,0.5534953424428719,0.006151700593783005,1.337002665269822
offset_south,32.803,26,4.6818806626125005,5.126241398101996,4.851241398101997,4.9568806626125,True,4.9,True,0.5556392645105033,0.0062778292316449935,1.338572642942761
offset_south,32.869,25,4.692190672395838,5.125739946600075,4.850739946600076,4.967190672395837,True,4.9,True,0.5664507257957616,0.007080607612131473,1.3365748167882667
offset_south,32.935,25,4.68823631957865,5.126082119142544,4.851082119142545,4.963236319578649,True,4.9,True,0.5621542004361044,0.006576697306277524,1.3362458065328369
offset_south,33.001,24,4.693236977168197,5.126930293672206,4.851930293672207,4.968236977168196,True,4.9,True,0.5663066834959893,0.0068283700887903365,1.333895934014234
offset_south,33.067,24,4.681604895990355,5.125438920024426,4.850438920024427,4.956604895990354,True,4.9,True,0.5561659759659274,0.005922507516947562,1.3350339832546123
offset_south,33.133,24,4.676662140197961,5.127193658994756,4.852193658994756,4.951662140197961,True,4.9,True,0.5494684812032042,0.004204298452164856,1.3371687686694655
offset_south,33.199,23,4.69092766855936,5.126788138907327,4.851788138907327,4.96592766855936,True,4.9,True,0.5641395296520322,0.005809783407779712,1.336776279173016
offset_south,33.265,23,4.681256017837141,5.126218657650602,4.851218657650603,4.95625601783714,True,4.9,True,0.5550373601865377,0.00642131387124234,1.3392321873651496
offset_south,33.331,23,4.67161883266162,5.126007335509601,4.8510073355096015,4.94661883266162,True,4.9,True,0.5456114971520181,0.006057476795461092,1.3437790820099988
offset_south,33.397,22,4.687953683520228,5.12660148518648,4.851601485186481,4.962953683520228,True,4.9,True,0.5613521983337468,0.007303834656366526,1.3422396979068747
offset_south,33.463,23,4.684820155812462,5.129531138731302,4.854531138731303,4.959820155812461,True,4.9,True,0.5552890170811586,0.007530980352231431,1.3419507495921859
offset_south,33.529,23,4.681531550542465,5.129429639551312,4.854429639551313,4.956531550542464,True,4.9,True,0.5521019109911511,0.007229730648891319,1.3426968684240435
offset_south,33.595,22,4.696116576566055,5.129393488074202,4.854393488074202,4.971116576566055,True,4.9,True,0.5667230884918524,0.00859137310514857,1.338853537512243
offset_south,33.661,22,4.692071495789077,5.129458657690986,4.854458657690986,4.967071495789076,True,4.9,True,0.5626128380980899,0.009369957787135341,1.3374987813070258
offset_south,33.727,22,4.692026702948468,5.12923631720245,4.85423631720245,4.967026702948467,True,4.9,True,0.5627903857460168,0.009662408546903478,1.3363770013854692
offset_south,33.793,22,4.689818767014228,5.12911551546859,4.854115515468591,4.964818767014227,True,4.9,True,0.5607032515456367,0.009480774744842435,1.336296991014441
offset_south,33.859,22,4.68668294898272,5.129477277581495,4.854477277581496,4.96168294898272,True,4.9,True,0.5572056714012239,0.00911377662635715,1.3373210961580762
offset_south,33.925,22,4.687108268175913,5.1285702158483275,4.853570215848328,4.962108268175912,True,4.9,True,0.5585380523275842,0.008535266241937123,1.3374831804308862
offset_south,33.991,22,4.679784000358589,5.129059675584404,4.854059675584405,4.954784000358589,True,4.9,True,0.550724324774184,0.008008269325647355,1.3398194264344914
offset_south,34.057,22,4.685829331500049,5.129245637041376,4.854245637041377,4.960829331500048,True,4.9,True,0.5565836944586715,0.007751705018479882,1.3396279106800892
offset_south,34.123,22,4.683603999771416,5.129151775776092,4.854151775776092,4.958603999771415,True,4.9,True,0.5544522239953229,0.007613770751458304,1.340765138101601
offset_south,34.189,22,4.684794042341986,5.129279186482778,4.854279186482779,4.9597940423419855,True,4.9,True,0.5555148558592069,0.0077631556392629975,1.3409375320760784
offset_south,34.255,22,4.685210796633351,5.129475763849696,4.854475763849696,4.96021079663335,True,4.9,True,0.5557350327836541,0.007957472015726275,1.34080939519897
offset_south,34.321,22,4.687636685379912,5.129020318557599,4.854020318557599,4.962636685379912,True,4.9,True,0.5586163668223125,0.00845022802184836,1.339820808169915
offset_south,34.387,22,4.696704628893953,5.129221377757886,4.854221377757886,4.971704628893953,True,4.9,True,0.5674832511360666,0.009323954803404533,1.336844718315652
offset_south,34.453,22,4.7015121987260935,5.128068379128707,4.8530683791287075,4.976512198726093,True,4.9,True,0.5734438195973854,0.010412038500049903,1.3333144603458167
offset_south,34.519,23,4.677691282249275,5.1288198727649705,4.853819872764971,4.952691282249274,True,4.9,True,0.5488714094843032,0.009390706746831512,1.3376292712361293
offset_south,34.585,23,4.681214823398806,5.129691901005953,4.854691901005953,4.956214823398805,True,4.9,True,0.5515229223928519,0.00898200045912656,1.339975679474476
offset_south,34.651,23,4.687688483216157,5.129018656420721,4.854018656420721,4.962688483216157,True,4.9,True,0.5586698267954355,0.009089817682824908,1.3397711425008774
offset_south,34.717,22,4.69495956643844,5.125528444834655,4.850528444834656,4.9699595664384395,True,4.9,True,0.5694311216037835,0.009802495067328998,1.3370104632694786
offset_south,34.783,23,4.672481616363843,5.125326906236988,4.8503269062369885,4.947481616363842,True,4.9,True,0.5471547101268539,0.008860583519912701,1.3417609112505786
offset_south,34.849,23,4.674248748530585,5.126239003109748,4.8512390031097485,4.949248748530584,True,4.9,True,0.5480097454208355,0.008762632965377826,1.3448297142491539
offset_south,34.915,23,4.685876462157258,5.125948167226115,4.850948167226115,4.960876462157257,True,4.9,True,0.5599282949311417,0.0095501241542717,1.343402311495065
offset_south,34.981,24,4.6669304395913525,5.1261864689547885,4.851186468954789,4.941930439591352,True,4.9,True,0.5407439706365629,0.008918666995380242,1.3481584268555762
offset_south,35.047,24,4.679940773823367,5.125985133931462,4.850985133931463,4.954940773823367,True,4.9,True,0.5539556398919039,0.007538233559229113,1.3455044500223803
offset_south,35.113,24,4.686722682155989,5.126851510402209,4.851851510402209,4.9617226821559886,True,4.9,True,0.5598711717537792,0.007232930363831436,1.3420036852419774
offset_south,35.179,24,4.700610064959912,5.126002749099446,4.851002749099447,4.975610064959912,True,4.9,True,0.574607315860465,0.008288227427327044,1.3362500732447269
offset_south,35.245,25,4.688058033247917,5.127185851320027,4.852185851320027,4.963058033247917,True,4.9,True,0.5608721819278892,0.00826872499540432,1.3359043662851273
offset_south,35.311,25,4.699581557057935,5.126303787650056,4.851303787650057,4.974581557057935,True,4.9,True,0.5732777694078777,0.00957436708269821,1.3322887903170635
offset_south,35.377,26,4.691735359537862,5.1273893777612605,4.852389377761261,4.966735359537862,True,4.9,True,0.5643459817766006,0.0102401012652793,1.3321638171991088
offset_south,35.443,27,4.684404521749312,5.125471372169386,4.850471372169387,4.9594045217493115,True,4.9,True,0.5589331495799248,0.010431992763972886,1.334378084486118
offset_south,35.509,28,4.675010040405456,5.125480329440394,4.850480329440394,4.950010040405456,True,4.9,True,0.5495297109650614,0.010165282401918496,1.338594415963407
offset_south,35.575,28,4.675010198364306,5.123163705280881,4.848163705280881,4.950010198364305,True,4.9,True,0.5518464930834239,0.008230914497501018,1.3410341692972403
offset_south,35.641,28,4.694163893521166,5.124644364662863,4.849644364662864,4.9691638935211655,True,4.9,True,0.5695195288583015,0.008273112810226912,1.3370317432823222
offset_south,35.707,29,4.683399483839165,5.123569036061509,4.84856903606151,4.958399483839164,True,4.9,True,0.5598304477776546,0.008254515557635678,1.3379730859643288
offset_south,35.773,30,4.683736835846652,5.12388960716936,4.848889607169361,4.9587368358466515,True,4.9,True,0.5598472286772906,0.008725466822398609,1.3383819322237027
offset_south,35.839,31,4.682936183093535,5.124115153147837,4.849115153147838,4.957936183093534,True,4.9,True,0.5588210299456964,0.009348304800910867,1.3384878550016854
offset_south,35.905,32,4.6814334943261215,5.124522392456144,4.849522392456144,4.956433494326121,True,4.9,True,0.5569111018699766,0.010292574895936824,1.3391999346834471
offset_south,35.971000000000004,33,4.679415046888052,5.123499374817741,4.848499374817742,4.954415046888052,True,4.9,True,0.55591567207031,0.01169185446477794,1.3405262825870314
offset_south,36.037,33,4.692877777988184,5.122110214733554,4.847110214733554,4.967877777988184,True,4.9,True,0.5707675632546294,0.013566307205592487,1.3371381288345328
offset_south,36.103,35,4.673061196908784,5.122747629727468,4.847747629727468,4.9480611969087835,True,4.9,True,0.5503135671813151,0.014578203785475807,1.340902620029778
offset_south,36.169,36,4.675497396958372,5.122837628736126,4.8478376287361264,4.950497396958371,True,4.9,True,0.5526597682222449,0.014955616305337038,1.342560801386088
offset_south,36.235,38,4.674926802062106,5.122532087103469,4.8475320871034695,4.949926802062105,True,4.9,True,0.5523947149586357,0.015908602114942383,1.3440741464826704
offset_south,36.301,39,4.676566589328326,5.1235968588021885,4.848596858802189,4.951566589328325,True,4.9,True,0.5529697305261363,0.01782206324384461,1.344960983380028
offset_south,36.367,40,4.678132522653206,5.1267203875648795,4.85172038756488,4.953132522653205,True,4.9,True,0.5514121350883252,0.01622759150775721,1.3460490478395217
offset_south,36.433,41,4.683715677302481,5.1299517915642046,4.854951791564205,4.9587156773024805,True,4.9,True,0.5537638857382754,0.01619782042193396,1.3461051677661824
offset_south,36.499,43,4.679232304042475,5.129926452569054,4.854926452569055,4.954232304042474,True,4.9,True,0.549305851473419,0.01611977726992908,1.3474818619943014
offset_south,36.565,45,4.673578710280205,5.12943655787465,4.85443655787465,4.948578710280205,True,4.9,True,0.5441421524055545,0.01610706031985565,1.3499946576743445
offset_south,36.631,45,4.686145532091761,5.132254945198835,4.857254945198836,4.96114553209176,True,4.9,True,0.5538905868929243,0.017838491726585914,1.3488290843041635
offset_south,36.697,47,4.686640184803877,5.128081726756653,4.8530817267566535,4.961640184803876,True,4.9,True,0.5585584580472227,0.019529688031892256,1.3466128215987472
offset_south,36.763,49,4.682799834031194,5.1305443952923495,4.85554439529235,4.957799834031193,True,4.9,True,0.552255438738843,0.021757636878053432,1.3469523434974697
offset_south,36.829,50,4.685616685210489,5.1295433931613506,4.854543393161351,4.960616685210488,True,4.9,True,0.5560732920491371,0.023970045350255376,1.3460446528334873
offset_south,36.895,52,4.684313484820086,5.129412415381036,4.854412415381036,4.959313484820085,True,4.9,True,0.554901069439049,0.026661989678641973,1.345760936151726
offset_south,36.961,54,4.689108728602225,5.128593136114195,4.8535931361141955,4.964108728602224,True,4.9,True,0.5605155924880287,0.029503472445111534,1.3438779775597993
offset_south,37.027,57,4.678117282810028,5.129599371541633,4.854599371541633,4.953117282810028,True,4.9,True,0.5485179112683942,0.0313577200343067,1.346159210911341
offset_south,37.093,59,4.67868725324793,5.128115843823821,4.853115843823821,4.95368725324793,True,4.9,True,0.5505714094241083,0.03370407742953496,1.347140024810706
offset_south,37.159,61,4.680242220684115,5.128809937719653,4.853809937719654,4.955242220684115,True,4.9,True,0.5514322829644607,0.03620685153184411,1.3475683324781556
offset_south,37.225,62,4.680608400746293,5.1287138640668015,4.853713864066802,4.955608400746293,True,4.9,True,0.5518945366794907,0.038937894527506955,1.3477294717308612
offset_south,37.291,64,4.683738510266391,5.127459587004281,4.852459587004281,4.95873851026639,True,4.9,True,0.556278923262109,0.041668211143448985,1.3472186988413053
offset_south,37.357,66,4.691275705509328,5.127177934785568,4.852177934785568,4.966275705509328,True,4.9,True,0.5640977707237596,0.04434049708394383,1.3438237579717855
offset_south,37.423,67,4.68155836413084,5.130048240930952,4.8550482409309526,4.9565583641308395,True,4.9,True,0.5515101231998869,0.04676791664064428,1.3452235936202834
offset_south,37.489,69,4.687113901553513,5.12816001442011,4.85316001442011,4.962113901553512,True,4.9,True,0.5589538871334019,0.04905852633476826,1.3442160167784816
offset_south,37.555,71,4.677959802636511,5.127291334883187,4.852291334883187,4.95295980263651,True,4.9,True,0.5506684677533229,0.05102425536178412,1.3460529286655447
offset_south,37.621,73,4.694436001016902,5.127637504805681,4.852637504805681,4.969436001016901,True,4.9,True,0.5667984962112198,0.05264597669359272,1.3421975012025151
offset_south,37.687,73,4.683170962486701,5.1280803705334765,4.853080370533477,4.9581709624867,True,4.9,True,0.555090591953223,0.054476234996152506,1.3430110732557932
offset_south,37.753,75,4.684193987425558,5.130385067500375,4.855385067500375,4.959193987425557,True,4.9,True,0.5538089199251821,0.05549261137425088,1.3439650753015004
offset_south,37.819,76,4.678576558062488,5.1281447135169085,4.853144713516909,4.953576558062488,True,4.9,True,0.5504318445455787,0.05662616504226836,1.3456459993473762
offset_south,37.885,77,4.669325418726156,5.128419241084826,4.8534192410848265,4.944325418726155,True,4.9,True,0.5409061776413286,0.05745534520264606,1.3496803462507643
offset_south,37.951,76,4.682199971849141,5.127766335390237,4.852766335390237,4.957199971849141,True,4.9,True,0.5544336364589035,0.0581853333372111,1.3484461514378636
offset_south,38.017,75,4.693339124269246,5.128257255497847,4.853257255497848,4.968339124269246,True,4.9,True,0.5650818687713979,0.05923711667356635,1.3443877453750848
offset_south,38.083,75,4.676569865612283,5.128831438278271,4.853831438278272,4.951569865612282,True,4.9,True,0.5477384273340105,0.059410079569556906,1.3467498935623556
offset_south,38.149,75,4.684499178737362,5.128733803746245,4.853733803746246,4.959499178737362,True,4.9,True,0.5557653749911162,0.05990681153273414,1.3459953129963136
offset_south,38.215,75,4.661601778042207,5.129623585969819,4.8546235859698195,4.936601778042206,True,4.9,True,0.5319781920723867,0.05934041481483554,1.352603261475703
offset_south,38.281,74,4.68090749110676,5.126831577905174,4.851831577905174,4.9559074911067595,True,4.9,True,0.5540759132015853,0.05895003025572976,1.3510534850141385
offset_south,38.347,73,4.681423795670061,5.127131094167321,4.852131094167322,4.9564237956700605,True,4.9,True,0.5542927015027386,0.0583146534229364,1.3495564874413972
offset_south,38.413,72,4.6739136001353945,5.127584993672065,4.852584993672066,4.948913600135394,True,4.9,True,0.5463286064633281,0.05719885518833845,1.3507909592699792
offset_south,38.479,71,4.675207331196588,5.128807975184893,4.8538079751848935,4.950207331196587,True,4.9,True,0.5463993560116938,0.05627719028922229,1.351633864685477
offset_south,38.545,70,4.6762254140018475,5.129592101083816,4.854592101083816,4.951225414001847,True,4.9,True,0.5466333129180307,0.055024881242991874,1.3521537114044242
offset_south,38.611,69,4.681271993595724,5.128249649330214,4.853249649330214,4.956271993595723,True,4.9,True,0.5530223442655087,0.054011456038214334,1.350600894703444
offset_south,38.677,67,4.687098231516096,5.133132808951033,4.858132808951034,4.962098231516095,True,4.9,True,0.5539654225650616,0.05314217948420463,1.349230999522892
offset_south,38.743,66,4.682814428615724,5.127175531383931,4.852175531383931,4.957814428615723,True,4.9,True,0.5556388972317918,0.05132194979246485,1.3478981870798454
offset_south,38.809,65,4.683375031589083,5.128880198376041,4.853880198376041,4.958375031589083,True,4.9,True,0.5544948332130415,0.04948916435473549,1.3471802809919788
offset_south,38.875,64,4.677825551875227,5.129304991276733,4.8543049912767335,4.952825551875226,True,4.9,True,0.5485205605984926,0.047331616789249686,1.3488622528662786
offset_south,38.941,61,4.681216300033999,5.129503156806366,4.854503156806366,4.956216300033998,True,4.9,True,0.5517131432276317,0.045906765182712306,1.3486896340381054
offset_south,39.007,59,4.682655149094646,5.1274718670670945,4.852471867067095,4.957655149094646,True,4.9,True,0.5551832820275509,0.04438390663297831,1.348036939355333
offset_south,39.073,58,4.677244127133054,5.130286588349197,4.855286588349197,4.952244127133054,True,4.9,True,0.5469575387838563,0.04252899687881939,1.349538595913576
offset_south,39.139,56,4.6802412151095885,5.1291304530637465,4.854130453063747,4.955241215109588,True,4.9,True,0.5511107620458409,0.04053909802208455,1.3493437885257507
offset_south,39.205,54,4.681498747980223,5.129177554429961,4.8541775544299615,4.9564987479802225,True,4.9,True,0.552321193550261,0.0379592823076953,1.3488442939029466
offset_south,39.271,52,4.6742610499947945,5.128516425828789,4.85351642582879,4.949261049994794,True,4.9,True,0.545744624166004,0.03556215115023953,1.350467618482261
offset_south,39.337,50,4.683161464857134,5.129653862681689,4.8546538626816895,4.958161464857134,True,4.9,True,0.5535076021754441,0.03278563158161596,1.3492750522849493
offset_south,39.403,48,4.673821988823947,5.128699758938006,4.853699758938006,4.948821988823947,True,4.9,True,0.5451222298859404,0.03002643233315183,1.350955867633682
offset_south,39.469,46,4.667164647157163,5.128207140747782,4.853207140747783,4.9421646471571625,True,4.9,True,0.5389575064093799,0.02707324869236949,1.353981855420763
offset_south,39.535,45,4.668435215672405,5.129464233961586,4.854464233961586,4.943435215672404,True,4.9,True,0.5389709817108181,0.02414015950046089,1.3560960042812882
offset_south,39.601,43,4.679440905522224,5.130055137986613,4.855055137986613,4.954440905522223,True,4.9,True,0.54938576753561,0.02133019060668051,1.3544514727362185
offset_south,39.667,41,4.680511009659122,5.129351226068829,4.85435122606883,4.955511009659121,True,4.9,True,0.5511597835902913,0.018700477174848906,1.352768095838265
offset_south,39.733,40,4.685951662607765,5.129319680920851,4.8543196809208515,4.960951662607765,True,4.9,True,0.5566319816869132,0.016473333410156776,1.3499480725807114
offset_south,39.799,39,4.67872816394215,5.125398857209265,4.850398857209266,4.9537281639421495,True,4.9,True,0.5533293067328839,0.015338128304599685,1.3489648587866325
offset_south,39.865,37,4.688697597854943,5.121165732938802,4.846165732938802,4.963697597854942,True,4.9,True,0.56753186491614,0.016030226758307897,1.344758938679619
offset_south,39.931,37,4.681466707473405,5.123672894723885,4.848672894723886,4.956466707473404,True,4.9,True,0.5577938127495183,0.015751840320047172,1.3439931132508776
offset_south,39.997,35,4.689532688010077,5.124343175974635,4.849343175974636,4.964532688010077,True,4.9,True,0.5651895120354407,0.016259520354202195,1.3412383256649818
offset_south,40.063,34,4.685256114747367,5.122724210300959,4.847724210300959,4.9602561147473665,True,4.9,True,0.5625319044464072,0.01592022322735076,1.3401072566315646
offset_south,40.129,33,4.6827847820856325,5.121956524242881,4.846956524242882,4.957784782085632,True,4.9,True,0.5608282578427504,0.013702297494235793,1.3396671449952156
offset_south,40.195,31,4.697105111409827,5.122458133991926,4.8474581339919265,4.972105111409826,True,4.9,True,0.5746469774178997,0.014269969608984745,1.3353729082712806
offset_south,40.261,32,4.6838681812227705,5.124633106338643,4.8496331063386435,4.95886818122277,True,4.9,True,0.5592350748841264,0.01129609247606922,1.3361589752164829
offset_south,40.327,31,4.673710891924743,5.124770047478314,4.849770047478315,4.948710891924742,True,4.9,True,0.5489408444464272,0.009776373408128869,1.3399431902169692
offset_south,40.393,30,4.6701772674495965,5.125091254074322,4.850091254074322,4.945177267449596,True,4.9,True,0.5450860133752735,0.008094980068188207,1.343726610352757
offset_south,40.459,29,4.6799982842665875,5.123708786225276,4.848708786225276,4.954998284266587,True,4.9,True,0.5562894980413107,0.0067930031341001396,1.3437217778345363
offset_south,40.525,28,4.685774529649221,5.1231886113364595,4.84818861133646,4.96077452964922,True,4.9,True,0.5625859183127602,0.0056607141467939215,1.341569180040854
offset_south,40.591,28,4.671535432431949,5.1241765046899355,4.849176504689936,4.946535432431949,True,4.9,True,0.5473589277420128,0.0030399080658209954,1.3439412131310824
offset_south,40.657,28,4.677247712645435,5.127409711245446,4.852409711245446,4.952247712645434,True,4.9,True,0.5498380013999877,0.002722910079778984,1.3447697260297455
offset_south,40.723,27,4.67644002732195,5.126641637231518,4.851641637231518,4.95144002732195,True,4.9,True,0.5497983900904317,0.0028429757258958688,1.3452955467509975
offset_south,40.789,26,4.689806957046735,5.125677904325891,4.850677904325892,4.964806957046735,True,4.9,True,0.5641290527208429,0.003606138890406285,1.3419157179283383
offset_south,40.855,25,4.695152958923727,5.1250925442705615,4.850092544270562,4.970152958923727,True,4.9,True,0.5700604146531647,0.004854986894578417,1.337915319252322
offset_south,40.921,25,4.682017258444778,5.126407826113309,4.851407826113309,4.957017258444777,True,4.9,True,0.5556094323314678,0.0048375907362272486,1.3392749334506178
offset_south,40.987,24,4.693568545034065,5.126348897329047,4.851348897329047,4.968568545034064,True,4.9,True,0.5672196477050171,0.0056915207124683675,1.3360800813317084
offset_south,41.053,24,4.686187929691586,5.125573159339925,4.850573159339926,4.961187929691586,True,4.9,True,0.5606147703516597,0.0053284339277634984,1.3355282180041699
offset_south,41.119,24,4.68084253884148,5.12585994768666,4.8508599476866605,4.9558425388414795,True,4.9,True,0.554982591154819,0.003944528071218478,1.3363187518933648
offset_south,41.185,24,4.673066104727413,5.126515768413925,4.851515768413925,4.948066104727412,True,4.9,True,0.5465503363134869,0.003675768662835921,1.3414580254313089
offset_south,41.251,23,4.683483911996948,5.126221148442539,4.85122114844254,4.9584839119969475,True,4.9,True,0.5572627635544076,0.004682325519708819,1.3418417887355938
offset_south,41.317,23,4.67900631076489,5.126799970169032,4.851799970169033,4.954006310764889,True,4.9,True,0.5522063405958562,0.004783742999423524,1.3436273499361584
offset_south,41.383,22,4.69130491626728,5.126619770952294,4.851619770952294,4.96630491626728,True,4.9,True,0.5646851453149855,0.006180691077280365,1.3411336013608148
offset_south,41.449,23,4.6856705971873875,5.129112784815146,4.854112784815147,4.960670597187387,True,4.9,True,0.5565578123722401,0.006911854926558547,1.340913884406629
offset_south,41.515,23,4.67865952292628,5.129284529065602,4.854284529065603,4.953659522926279,True,4.9,True,0.5493749938606765,0.0068353347473228965,1.342993143942097
offset_south,41.581,22,4.702397628701265,5.129732841020261,4.854732841020262,4.977397628701264,True,4.9,True,0.5726647876810025,0.008479333469098016,1.337055903532531
offset_south,41.647,22,4.692712852661262,5.12955814845558,4.85455814845558,4.967712852661261,True,4.9,True,0.563154704205681,0.009387030934298046,1.3359301142137383
offset_south,41.713,22,4.688025989426914,5.128517057149225,4.853517057149226,4.963025989426914,True,4.9,True,0.5595089322776878,0.009755674209061205,1.3365598070255618
offset_south,41.779,22,4.685770973131702,5.129598356338168,4.854598356338169,4.960770973131702,True,4.9,True,0.5561726167935326,0.009728289902555254,1.3377526469128644
offset_south,41.845,22,4.686823551687862,5.129647982996403,4.854647982996403,4.9618235516878615,True,4.9,True,0.5571755686914581,0.009426142288987194,1.3381522493667837
offset_south,41.911,22,4.684701796753369,5.129328051328277,4.854328051328277,4.959701796753368,True,4.9,True,0.5553737454250907,0.008991024117023017,1.3386858257034921
offset_south,41.977,22,4.684957307458172,5.1291756492063785,4.854175649206379,4.959957307458171,True,4.9,True,0.555781658251792,0.00845204122513632,1.3393719831151532
offset_south,42.043,22,4.680224321429515,5.1289267936771585,4.853926793677159,4.955224321429514,True,4.9,True,0.5512975277523553,0.008169182276215992,1.341145740706196
offset_south,42.109,22,4.688731662860022,5.129082114432267,4.854082114432267,4.963731662860021,True,4.9,True,0.5596495484277539,0.008008218800412692,1.340195232922832
offset_south,42.175,22,4.690556359336131,5.1298548794631085,4.854854879463109,4.96555635933613,True,4.9,True,0.560701479873021,0.008124215317150352,1.3388852270563918
offset_south,42.241,22,4.69094491860906,5.1296283440576875,4.854628344057688,4.965944918609059,True,4.9,True,0.5613165745513713,0.008260839468428038,1.3377655899240777
offset_south,42.307,22,4.686514098060996,5.128921134496834,4.853921134496835,4.961514098060995,True,4.9,True,0.5575929635641603,0.008702117322770597,1.3383748064696421
offset_south,42.373,22,4.688227557209654,5.129053432677438,4.854053432677438,4.963227557209653,True,4.9,True,0.559174124532215,0.00917696953052527,1.3382026064283148
offset_south,42.439,22,4.697958562440261,5.129138923896297,4.854138923896298,4.972958562440261,True,4.9,True,0.5688196385439628,0.010248545356589034,1.3350250934908126
offset_south,42.505,23,4.674954781818887,5.128801975112509,4.85380197511251,4.949954781818886,True,4.9,True,0.5461528067063763,0.009121069098696921,1.3400053003766612
offset_south,42.571,23,4.676801132623907,5.129537322276237,4.854537322276237,4.951801132623906,True,4.9,True,0.5472638103476688,0.008577861368934236,1.3427644826053942
offset_south,42.637,23,4.682827177184178,5.128801045107351,4.853801045107351,4.9578271771841775,True,4.9,True,0.554026132076826,0.008719123005979768,1.3429053910364488
offset_south,42.703,22,4.690776338151856,5.125705530561471,4.850705530561472,4.965776338151856,True,4.9,True,0.5650708075903841,0.009342245937063787,1.3405125314483985
offset_south,42.769,23,4.67251831472835,5.1261428202210695,4.85114282022107,4.94751831472835,True,4.9,True,0.5463754945072796,0.008377974661518905,1.3444461236616947
offset_south,42.835,23,4.677317384473214,5.126475424769508,4.851475424769508,4.952317384473213,True,4.9,True,0.5508419597037049,0.008232007847283285,1.3458596986520746
offset_south,42.901,23,4.692764361588623,5.126289968544786,4.851289968544786,4.967764361588623,True,4.9,True,0.5664743930438367,0.008920479702410056,1.342159471143301
offset_south,42.967,24,4.6700982344771855,5.126121959838589,4.85112195983859,4.945098234477185,True,4.9,True,0.543976274638595,0.008111428021542189,1.3463187474087317
offset_south,43.033,24,4.675772525950764,5.126888980055928,4.851888980055929,4.950772525950764,True,4.9,True,0.5488835458948349,0.0064243781003305855,1.3453898247453218
offset_south,43.099,24,4.689696064707168,5.126691764419268,4.851691764419269,4.964696064707168,True,4.9,True,0.5630043002878986,0.006046270198837966,1.3411682952124715
offset_south,43.165,24,4.696260444604371,5.126846217469341,4.851846217469341,4.97126044460437,True,4.9,True,0.5694142271350289,0.0067420839551779466,1.3364123469071307
offset_south,43.231,25,4.68273089407044,5.12711778564034,4.85211778564034,4.95773089407044,True,4.9,True,0.5556131084300995,0.0067397889598073135,1.3380947934280505
offset_south,43.297,25,4.6940023409886384,5.1261547113575805,4.851154711357581,4.969002340988638,True,4.9,True,0.5678476296310568,0.007906761677375584,1.3355992156740815
offset_south,43.363,26,4.687599532786992,5.125721804533796,4.850721804533797,4.962599532786991,True,4.9,True,0.5618777282531944,0.008460887368710424,1.3355709634803254
offset_south,43.429,27,4.679706921119231,5.126755219738879,4.851755219738879,4.9547069211192305,True,4.9,True,0.5529517013803511,0.008601047560348185,1.3380529613696472
offset_south,43.495,28,4.673431096981355,5.126389372698038,4.851389372698039,4.948431096981355,True,4.9,True,0.5470417242833159,0.00835114971782236,1.3414927546827704
offset_south,43.561,28,4.674742620804626,5.12464026050472,4.849640260504721,4.949742620804625,True,4.9,True,0.5501023602999042,0.006362721427191964,1.3428564259800682
offset_south,43.627,28,4.687378955467445,5.123700717507445,4.8487007175074455,4.962378955467445,True,4.9,True,0.5636782379599994,0.0061866668768928434,1.340476643615692
offset_south,43.693,29,4.6812688059422936,5.124221833148875,4.849221833148875,4.956268805942293,True,4.9,True,0.5570469727934177,0.006294997975256678,1.340304614095821
offset_south,43.759,30,4.67317320290343,5.124371522478393,4.8493715224783935,4.94817320290343,True,4.9,True,0.5488016804250362,0.006545082689751958,1.3429080220426708
offset_south,43.825,31,4.674387505594504,5.12417020789936,4.849170207899361,4.949387505594504,True,4.9,True,0.5502172976951429,0.007167230160050941,1.3446009580622023
offset_south,43.891,32,4.674592444292987,5.125645062427531,4.850645062427532,4.949592444292986,True,4.9,True,0.5489473818654547,0.0065353736507081095,1.345527129958886
offset_north,16.039,33,4.685566841743981,5.123025381103637,4.848025381103637,4.96056684174398,True,4.9,True,0.5625414606403429,0.012530765641093566,1.3377640676967986
offset_north,16.105,35,4.675649916171768,5.122914414528515,4.847914414528516,4.950649916171767,True,4.9,True,0.5527355016432514,0.01354907426992824,1.3406141968947831
offset_north,16.171,36,4.683612963306311,5.122149088023091,4.847149088023092,4.958612963306311,True,4.9,True,0.5614638752832188,0.014337419806630614,1.339853817684677
offset_north,16.237,38,4.667873530760716,5.121763887584783,4.846763887584784,4.942873530760716,True,4.9,True,0.5461096431759322,0.014475273323402149,1.3438041696892413
offset_north,16.303,39,4.677199265588184,5.1241204660462065,4.849120466046207,4.952199265588184,True,4.9,True,0.5530787995419766,0.016811653942832905,1.3447392789198758
offset_north,16.369,40,4.672545892005128,5.128295635403081,4.853295635403081,4.947545892005127,True,4.9,True,0.544250256602046,0.015579604132334168,1.3480424182632988
offset_north,16.435,41,4.67384611081762,5.129180177794919,4.85418017779492,4.94884611081762,True,4.9,True,0.5446659330226999,0.015530816382663737,1.3502299128774988
offset_north,16.501,43,4.672933975272474,5.129129533152652,4.854129533152652,4.947933975272473,True,4.9,True,0.5438044421198212,0.01572229179378315,1.3520196063783025
offset_north,16.567,44,4.674453111176978,5.128620056326345,4.853620056326346,4.949453111176977,True,4.9,True,0.5458330548506314,0.01619817312111671,1.352663808009622
offset_north,16.633,45,4.683995890244878,5.130331429253375,4.855331429253376,4.958995890244878,True,4.9,True,0.553664460991502,0.018039567089775943,1.3507653273092843
offset_north,16.699,47,4.689153613891886,5.129485421071574,4.854485421071574,4.964153613891885,True,4.9,True,0.5596681928203109,0.019998648499181648,1.3476352712704054
offset_north,16.765,48,4.675360286238354,5.13061665621083,4.855616656210831,4.950360286238354,True,4.9,True,0.5447436300275228,0.02212181081325415,1.3499216008810266
offset_north,16.831,50,4.690787770497382,5.130091345245983,4.855091345245984,4.965787770497381,True,4.9,True,0.5606964252513975,0.0246550434652697,1.3467361930412989
offset_north,16.897,52,4.685228898219625,5.129145971135459,4.854145971135459,4.960228898219625,True,4.9,True,0.5560829270841656,0.027328205992224852,1.3458904570036592
offset_north,16.963,54,4.689041017770607,5.129318212121293,4.854318212121293,4.964041017770606,True,4.9,True,0.5597228056493131,0.030259456343046054,1.3442064782077672
offset_north,17.029,57,4.674186985390536,5.127870866911932,4.852870866911933,4.9491869853905355,True,4.9,True,0.5463161184786027,0.032460777929498974,1.347049699201856
offset_north,17.095,59,4.681525752074093,5.130878746987042,4.855878746987043,4.956525752074093,True,4.9,True,0.5506470050870502,0.03472006357347723,1.3477406879151839
offset_north,17.161,60,4.6753953061086495,5.128079152187375,4.853079152187376,4.950395306108649,True,4.9,True,0.5473161539212732,0.03739172445497907,1.349229722286438
offset_north,17.227,62,4.67697212326012,5.130841671061983,4.855841671061984,4.951972123260119,True,4.9,True,0.5461304521981354,0.0401694949453093,1.3506216699410656
offset_north,17.293,65,4.667177288807591,5.127212665402354,4.852212665402354,4.94217728880759,True,4.9,True,0.539964623405236,0.04219886526671335,1.3544450764062999
offset_north,17.359,66,4.687423508031879,5.128930243982831,4.853930243982831,4.962423508031878,True,4.9,True,0.5584932640490468,0.04449375476544759,1.3505635742696955
offset_north,17.425,67,4.689935480551723,5.127706440025576,4.852706440025576,4.9649354805517225,True,4.9,True,0.5622290405261461,0.04704852867748155,1.3467257898309426
offset_north,17.491,69,4.68498102577607,5.128118389565318,4.853118389565319,4.959981025776069,True,4.9,True,0.5568626362107503,0.049238944466715395,1.3456492620184344
offset_north,17.557,71,4.694271743017538,5.128640145994071,4.8536401459940715,4.969271743017537,True,4.9,True,0.5656315970234658,0.05141399122510748,1.342265004305864
offset_north,17.623,72,4.674055174484812,5.129439342627271,4.854439342627272,4.949055174484811,True,4.9,True,0.5446158318575394,0.05277854277100591,1.346200753456843
offset_north,17.689,73,4.692737842444545,5.129403116675179,4.854403116675179,4.967737842444545,True,4.9,True,0.5633347257693655,0.05445744303577005,1.34334010968898
offset_north,17.755,75,4.676676787498512,5.127752063120727,4.852752063120728,4.951676787498512,True,4.9,True,0.5489247243777837,0.05557418995558816,1.3456606594689506
offset_north,17.821,76,4.680611406733403,5.128473587383552,4.853473587383553,4.955611406733403,True,4.9,True,0.5521378193498501,0.05664917059995922,1.3463211158233102
offset_north,17.887,77,4.677822616322682,5.128215501954583,4.853215501954583,4.952822616322681,True,4.9,True,0.5496071143680978,0.057549098729810844,1.3475426467658873
offset_north,17.953,77,4.677542856579312,5.12841869577039,4.85341869577039,4.952542856579312,True,4.9,True,0.5491241608089215,0.058055636944040145,1.3485426044934443
offset_north,18.019,76,4.671968030237694,5.1279826946040235,4.852982694604024,4.946968030237693,True,4.9,True,0.5439853356336692,0.0590372715467975,1.35078422245531
offset_north,18.085,76,4.6796927996393896,5.128494214327602,4.853494214327602,4.954692799639389,True,4.9,True,0.5511985853117867,0.05952863123849372,1.3501893801251805
offset_north,18.151,74,4.67115563225184,5.128431983574079,4.85343198357408,4.946155632251839,True,4.9,True,0.5427236486777598,0.06006404883807548,1.3523154714842982
offset_north,18.217,75,4.674649179421519,5.12703080507677,4.852030805076771,4.9496491794215185,True,4.9,True,0.5476183743447478,0.0594288569393191,1.3523353177355841
offset_north,18.283,74,4.665898190813857,5.128530587733405,4.853530587733405,4.940898190813856,True,4.9,True,0.5373676030804508,0.058825953857977176,1.3554244414907732
offset_north,18.349,73,4.67721969809605,5.128603063414063,4.853603063414064,4.95221969809605,True,4.9,True,0.5486166346819858,0.05829544694831856,1.354212118638945
offset_north,18.415,72,4.683430101614493,5.127371350672156,4.852371350672157,4.958430101614493,True,4.9,True,0.5560587509423358,0.05740363299211548,1.351400529126792
offset_north,18.481,71,4.676715541706231,5.129133727025056,4.854133727025056,4.95171554170623,True,4.9,True,0.547581814681174,0.0565846755423447,1.351705825984402
offset_north,18.547,71,4.6705500238326,5.129218883072674,4.854218883072675,4.9455500238326,True,4.9,True,0.5413311407599248,0.055359521564303016,1.3537947359611036
offset_north,18.613,69,4.683668720293157,5.129469921459616,4.854469921459617,4.958668720293156,True,4.9,True,0.5541987988335391,0.054058859344913834,1.3513966755227105
offset_north,18.679,67,4.676933330965618,5.1275596792138405,4.852559679213841,4.951933330965617,True,4.9,True,0.549373651751776,0.052972216914019654,1.3511703006037705
offset_north,18.745,66,4.668627965186653,5.128266093218248,4.853266093218249,4.943627965186653,True,4.9,True,0.5403618719684038,0.0512232965031556,1.3540634794190356
offset_north,18.811,65,4.691447121261265,5.128832422319541,4.853832422319542,4.966447121261265,True,4.9,True,0.5626146989417229,0.049429845262292105,1.3490600259108076
offset_north,18.877,64,4.677516886656183,5.127643233175594,4.852643233175595,4.952516886656182,True,4.9,True,0.5498736534805875,0.0471412275083134,1.3499628344146186
offset_north,18.943,61,4.679149019418933,5.127959124834291,4.852959124834292,4.954149019418932,True,4.9,True,0.5511898945846407,0.04568568045651755,1.3498653840443526
offset_north,19.009,59,4.683323481182356,5.127302328511071,4.852302328511072,4.958323481182355,True,4.9,True,0.5560211526712837,0.04409857256933414,1.348476760233867
offset_north,19.075,58,4.679718335444236,5.129891606981426,4.854891606981426,4.954718335444236,True,4.9,True,0.5498267284628093,0.042251755608217145,1.3489857136248637
offset_north,19.141,56,4.681056307093271,5.129871747214443,4.854871747214443,4.95605630709327,True,4.9,True,0.5511845598788268,0.03987461287178551,1.3489346315737563
offset_north,19.207,54,4.676523349194277,5.130455194963381,4.8554551949633815,4.951523349194276,True,4.9,True,0.5460681542308945,0.03758715845410787,1.3504337958323607
offset_north,19.273,52,4.677620369210539,5.130595432203097,4.855595432203097,4.952620369210538,True,4.9,True,0.5470249370074407,0.03504741459804617,1.3511961759804199
offset_north,19.339,50,4.679600089452768,5.129826827910405,4.854826827910405,4.954600089452767,True,4.9,True,0.5497732615423618,0.032278964979126634,1.350905344723585
offset_north,19.405,48,4.680231677911211,5.127902233115268,4.852902233115269,4.95523167791121,True,4.9,True,0.5523294447959415,0.029403689719779358,1.3499349078677267
offset_north,19.471,47,4.681075005608567,5.129035590640024,4.8540355906400245,4.956075005608566,True,4.9,True,0.5520394149685417,0.02647018612919716,1.3493426110168458
offset_north,19.537,45,4.680757798786738,5.130559481104645,4.855559481104645,4.955757798786737,True,4.9,True,0.5501983176820919,0.0235918774349404,1.3494803324071643
offset_north,19.603,43,4.682502247937058,5.127582506506787,4.852582506506788,4.957502247937057,True,4.9,True,0.5549197414302698,0.020876870093998967,1.3481603102559336
offset_north,19.669,41,4.686989841621253,5.129278537316531,4.854278537316532,4.961989841621253,True,4.9,True,0.557711304304721,0.018345997170813533,1.3463988258877368
offset_north,19.735,40,4.694382986452907,5.129256675917628,4.854256675917629,4.969382986452906,True,4.9,True,0.5651263105352775,0.016111159589949686,1.3429412849608322
offset_north,19.801,39,4.681286432647216,5.123985238477441,4.848985238477441,4.956286432647215,True,4.9,True,0.5573011941697741,0.015187678040182284,1.34286854122165
offset_north,19.867,37,4.6905812390748975,5.120867892452252,4.845867892452253,4.965581239074897,True,4.9,True,0.5697133466226443,0.015637731744796213,1.3394041250962894
offset_north,19.933,36,4.67551488391925,5.120728923855976,4.845728923855977,4.95051488391925,True,4.9,True,0.554785960063273,0.014135440648209041,1.3411470995484203
offset_north,19.999,35,4.688022729442449,5.123299348743851,4.8482993487438515,4.963022729442448,True,4.9,True,0.5647233806985967,0.014732783202735966,1.3393859554743148
offset_north,20.065,34,4.68172141242278,5.121503892616914,4.846503892616915,4.956721412422779,True,4.9,True,0.5602175198058645,0.013268874949136311,1.3391716718125182
offset_north,20.131,33,4.6788811468392595,5.121714773480141,4.846714773480142,4.953881146839259,True,4.9,True,0.5571663733591172,0.011358812414973052,1.3401871450393394
offset_north,20.197,31,4.691177430939388,5.123135492538304,4.8481354925383044,4.966177430939387,True,4.9,True,0.5680419384010829,0.012122055161189138,1.3377184200072125
offset_north,20.263,32,4.680345595788706,5.123579668557571,4.848579668557572,4.955345595788706,True,4.9,True,0.5567659272311338,0.010780172719349501,1.3390190552767924
offset_north,20.329,31,4.673904381546433,5.123830150270519,4.848830150270519,4.948904381546432,True,4.9,True,0.5500742312759133,0.009509154068247483,1.3420965010646038
offset_north,20.395,30,4.679450208481594,5.12445616480466,4.849456164804661,4.954450208481593,True,4.9,True,0.5549940436769327,0.008068013526836282,1.3424286252926492
offset_north,20.461,28,4.694314470269265,5.1240810958124605,4.849081095812461,4.969314470269264,True,4.9,True,0.5702333744568031,0.00845968545918474,1.3381945488873837
offset_north,20.527,28,4.6850869488299915,5.124036919614504,4.8490369196145044,4.960086948829991,True,4.9,True,0.5610500292154865,0.007108978118329112,1.3381129073685143
offset_north,20.593,28,4.667613995102736,5.123693545603658,4.848693545603658,4.942613995102735,True,4.9,True,0.5439204494990768,0.004261561500343625,1.3424508496549636
offset_north,20.659,27,4.673503467523025,5.124279263236895,4.8492792632368955,4.948503467523024,True,4.9,True,0.5492242042861288,0.0037567548986494614,1.3449483334726355
offset_north,20.725,27,4.681352723488368,5.125617893436129,4.850617893436129,4.956352723488368,True,4.9,True,0.5557348300522384,0.003869612727108951,1.3444331612342444
offset_north,20.791,26,4.6893822912725245,5.127206659149302,4.852206659149303,4.964382291272524,True,4.9,True,0.562175632123221,0.004597856873197692,1.3414833294020803
offset_north,20.857,25,4.69705413591951,5.126929185282427,4.851929185282428,4.972054135919509,True,4.9,True,0.5701249506370816,0.005847535786444702,1.3368940238931741
offset_north,20.923000000000002,25,4.6834225978556985,5.126456039110311,4.851456039110311,4.958422597855698,True,4.9,True,0.5569665587453867,0.005703525467495751,1.3378868612389005
offset_north,20.989,24,4.694374674363754,5.126761810018635,4.851761810018636,4.9693746743637535,True,4.9,True,0.5676128643451175,0.006316108112559782,1.3350129303279763
offset_north,21.055,24,4.6877441965756805,5.12663526967289,4.85163526967289,4.96274419657568,True,4.9,True,0.5611089269027898,0.0058159632843892695,1.334172996304054
offset_north,21.121,24,4.673542592159441,5.12680766248233,4.85180766248233,4.94854259215944,True,4.9,True,0.54673492967711,0.004247163918790875,1.3372392360657677
offset_north,21.187,24,4.670715607507385,5.125984677220537,4.850984677220538,4.945715607507385,True,4.9,True,0.5447309302868468,0.003881954524669773,1.342648186159983
offset_north,21.253,23,4.681766884558246,5.126396726691225,4.851396726691226,4.956766884558245,True,4.9,True,0.5553701578670196,0.004812224783478314,1.3432426829518818
offset_north,21.319,23,4.675776855191826,5.125550701434617,4.850550701434617,4.950776855191825,True,4.9,True,0.550226153757208,0.004805665457725539,1.3452020319391544
offset_north,21.385,22,4.689864111585473,5.126892242255397,4.851892242255397,4.964864111585473,True,4.9,True,0.5629718693300754,0.006238456564453543,1.3427498615583853
offset_north,21.451,23,4.682925871032677,5.129699843210517,4.8546998432105175,4.957925871032677,True,4.9,True,0.553226027822159,0.0067081438108651525,1.3427191636194822
offset_north,21.517,23,4.679716290690513,5.129887676243595,4.854887676243596,4.954716290690513,True,4.9,True,0.5498286144469169,0.006573164543029364,1.3435745156208494
offset_north,21.583,22,4.700037774889567,5.1292402978473115,4.854240297847312,4.975037774889566,True,4.9,True,0.5707974770422541,0.008239706653303536,1.3383077507974424
offset_north,21.649,22,4.691120048540953,5.12907501269321,4.854075012693211,4.966120048540953,True,4.9,True,0.5620450358477418,0.00903162035840488,1.3374786139332726
offset_north,21.715,22,4.690794847736996,5.129033834864204,4.854033834864205,4.965794847736995,True,4.9,True,0.5617610128727903,0.009361788994653786,1.3367958621068348
offset_north,21.781,22,4.68746378712181,5.12926253901973,4.8542625390197305,4.962463787121809,True,4.9,True,0.5582012481020786,0.009381163686447813,1.3371550735254705
offset_north,21.847,22,4.681615758465129,5.12954005898696,4.85454005898696,4.956615758465128,True,4.9,True,0.5520756994781679,0.008817240581377561,1.338816734866569
offset_north,21.913,22,4.68552843537177,5.129137303805997,4.854137303805998,4.96052843537177,True,4.9,True,0.5563911315657719,0.008490826864377965,1.3390570103359267
offset_north,21.979,22,4.685797512038942,5.12976017535883,4.85476017535883,4.960797512038941,True,4.9,True,0.556037336680111,0.008044017513658908,1.3392160861690028
offset_north,22.045,22,4.687717276706443,5.129263271157968,4.8542632711579685,4.962717276706442,True,4.9,True,0.5584540055484737,0.007767383067482925,1.3388965540437994
offset_north,22.111,22,4.686696349399268,5.129307753502805,4.854307753502805,4.961696349399268,True,4.9,True,0.5573885958964622,0.0076792894423025615,1.338884942455581
offset_north,22.177,22,4.6901899306190815,5.1292617079438925,4.854261707943893,4.965189930619081,True,4.9,True,0.5609282226751879,0.007785011973224343,1.3379142202746575
offset_north,22.243,22,4.685788361942707,5.130320884417754,4.855320884417755,4.960788361942707,True,4.9,True,0.555467477524952,0.008015794964397749,1.3387875527996735
offset_north,22.309,22,4.689077502349564,5.129365572636084,4.854365572636085,4.964077502349563,True,4.9,True,0.5597119297134785,0.008533402996327766,1.3384280798407109
offset_north,22.375,22,4.692311901773715,5.1286715550552895,4.85367155505529,4.967311901773715,True,4.9,True,0.5636403467184248,0.00921933920971707,1.337033490644241
offset_north,22.441,22,4.6947377412405045,5.1295041347445,4.8545041347445,4.969737741240504,True,4.9,True,0.5652336064960035,0.010176851924690311,1.335526058480455
offset_north,22.507,23,4.674654005555547,5.1294127856586735,4.854412785658674,4.949654005555547,True,4.9,True,0.5452412198968728,0.00925774141570912,1.3404450563667416
offset_north,22.573,23,4.680295402457805,5.129219708932808,4.854219708932809,4.955295402457804,True,4.9,True,0.5510756935249954,0.00882592408860905,1.3421191278503808
offset_north,22.639,23,4.686199017810483,5.129347437374054,4.854347437374055,4.961199017810483,True,4.9,True,0.5568515804364276,0.008971016910684249,1.341775802481256
offset_north,22.705,22,4.686764433247593,5.126483461973163,4.851483461973164,4.961764433247592,True,4.9,True,0.5602809712744283,0.009602012166229024,1.3411587703545504
offset_north,22.771,23,4.673506877611214,5.126274114161643,4.851274114161644,4.948506877611213,True,4.9,True,0.5472327634495693,0.008659125162180814,1.3446413102133141
offset_north,22.837,23,4.682628181002613,5.1265556715203235,4.851555671520324,4.957628181002613,True,4.9,True,0.5560725094822885,0.008515423070246442,1.344427164304633
offset_north,22.903,23,4.6846940558296915,5.12647503153847,4.85147503153847,4.959694055829691,True,4.9,True,0.5582190242912206,0.009225073717288979,1.3436333077258764
offset_north,22.969,24,4.674748365275633,5.126374477049662,4.851374477049663,4.9497483652756324,True,4.9,True,0.5483738882259697,0.008607548954884692,1.3460311489403223
offset_north,23.035,24,4.679402117240328,5.126223459703188,4.8512234597031885,4.954402117240328,True,4.9,True,0.5531786575371391,0.007027046593579556,1.3438999148182331
offset_north,23.101,24,4.687719776454563,5.126477570248917,4.8514775702489175,4.962719776454563,True,4.9,True,0.5612422062056452,0.006618454921630601,1.3405152628169132
offset_north,23.167,24,4.694765099940923,5.1259431477496324,4.850943147749633,4.969765099940923,True,4.9,True,0.5688219521912898,0.007436643068541748,1.336881912175179
offset_north,23.233,25,4.685298866441359,5.125549863181167,4.850549863181167,4.9602988664413585,True,4.9,True,0.5597490032601911,0.007298876306339075,1.3376200820953843
offset_north,23.299,25,4.698354359282834,5.126442004352554,4.851442004352554,4.973354359282833,True,4.9,True,0.5719123549302789,0.008620828714818174,1.3341933396545236
offset_north,23.365,26,4.687846213606895,5.126137023797482,4.851137023797483,4.962846213606895,True,4.9,True,0.561709189809412,0.009140509784455908,1.334661665451198
offset_north,23.431,27,4.68169276822772,5.125772754773423,4.850772754773423,4.956692768227719,True,4.9,True,0.5559200134542956,0.009045796134855344,1.3367215179555507
offset_north,23.497,28,4.677900001603416,5.126527817555697,4.851527817555698,4.952900001603416,True,4.9,True,0.5513721840477179,0.008842006351438947,1.339449151329271
offset_north,23.563,28,4.671059034387939,5.123929030179086,4.848929030179087,4.946059034387939,True,4.9,True,0.5471300042088518,0.006864312033982856,1.3423728568804905
offset_north,23.629,28,4.68375942016317,5.123497359994023,4.848497359994023,4.95875942016317,True,4.9,True,0.5602620601691466,0.006538221646422038,1.3411070679223216
offset_north,23.695,29,4.682139235706694,5.123824204826123,4.848824204826124,4.957139235706694,True,4.9,True,0.5583150308805702,0.006555455910885577,1.340567746826495
offset_north,23.761,30,4.683775685011253,5.123568578827954,4.848568578827955,4.958775685011252,True,4.9,True,0.5602071061832976,0.006898703320344701,1.3398737504421874
offset_north,23.827,31,4.680750149595756,5.124246710874671,4.849246710874672,4.955750149595755,True,4.9,True,0.5565034387210834,0.007527587298736371,1.3406960347294978
offset_north,23.893,32,4.683006500440051,5.124272179303146,4.849272179303147,4.95800650044005,True,4.9,True,0.5587343211369038,0.007067204028413876,1.3397774298634944
offset_north,23.959,33,4.680757380985117,5.123817163058647,4.848817163058648,4.9557573809851165,True,4.9,True,0.5569402179264686,0.007107575419197154,1.3399196265714672
offset_north,24.025,33,4.683894271587935,5.1214105048253025,4.846410504825303,4.958894271587934,True,4.9,True,0.5624837667626312,0.00929837498052688,1.3391986085712373
offset_north,24.091,35,4.683522681663524,5.122435576210349,4.84743557621035,4.958522681663523,True,4.9,True,0.5610871054531736,0.010588100053055882,1.3391128943639137
offset_north,24.157,35,4.690523535782473,5.122985625139828,4.847985625139828,4.965523535782473,True,4.9,True,0.5675379106426444,0.013865391224658019,1.337117652861946
offset_north,24.223,37,4.686464539105221,5.122885121934239,4.847885121934239,4.96146453910522,True,4.9,True,0.5635794171709809,0.015102103584910154,1.3366201685301786
offset_north,24.289,38,4.692221654733027,5.123404407386991,4.848404407386991,4.967221654733026,True,4.9,True,0.5688172473460351,0.01827965043184765,1.3349889437673141
offset_north,24.355,39,4.6911197206374995,5.126379950650291,4.8513799506502915,4.966119720637499,True,4.9,True,0.5647397699872074,0.017542954877707295,1.3350703296409574
offset_north,24.421,40,4.692999129998883,5.129680552228025,4.854680552228025,4.967999129998883,True,4.9,True,0.5633185777708574,0.018027912588166828,1.3355536574174125
offset_north,24.487,43,4.668905774250972,5.127989463995424,4.852989463995424,4.943905774250972,True,4.9,True,0.5409163102555474,0.017298522895098145,1.342612667115524
offset_north,24.553,43,4.681852563904709,5.130992873553388,4.855992873553388,4.956852563904708,True,4.9,True,0.5508596903513199,0.01818411393434527,1.3445709598754707
offset_north,24.619,45,4.685611158955985,5.12771898649329,4.852718986493291,4.9606111589559845,True,4.9,True,0.5578921724626935,0.0191767055094898,1.343832020174021
offset_north,24.685,47,4.679171208682779,5.130858417563407,4.855858417563407,4.954171208682778,True,4.9,True,0.5483127911193708,0.020440632159644423,1.3461885767860031
offset_north,24.751,48,4.680150925148581,5.130646166303774,4.855646166303774,4.955150925148581,True,4.9,True,0.5495047588448061,0.021981169667022904,1.34748057609676
offset_north,24.817,50,4.676854136331296,5.130180345181467,4.855180345181467,4.951854136331296,True,4.9,True,0.5466737911498283,0.023883029554106372,1.3492342659227832
offset_north,24.883,52,4.685916011128471,5.129399563362735,4.854399563362736,4.960916011128471,True,4.9,True,0.5565164477657347,0.025945994614467338,1.3475090518162274
offset_north,24.949,54,4.683045329202556,5.128399082573796,4.853399082573796,4.958045329202555,True,4.9,True,0.5546462466287589,0.028332205075333405,1.3468624622827312
offset_north,25.015,56,4.676916959381178,5.131043719477077,4.856043719477078,4.951916959381178,True,4.9,True,0.5458732399041002,0.030843968383991616,1.3490417516266815
offset_north,25.081,59,4.681110071791965,5.128813677872129,4.85381367787213,4.956110071791964,True,4.9,True,0.5522963939198344,0.032907031716466584,1.3486403079627263
offset_north,25.147,60,4.675165891464135,5.130618478925931,4.855618478925932,4.950165891464135,True,4.9,True,0.544547412538203,0.03607072597238492,1.3506839918124471
offset_north,25.213,62,4.669182319197955,5.128610968355999,4.853610968356,4.944182319197955,True,4.9,True,0.5405713508419552,0.03847088930402265,1.353307389016126
offset_north,25.279,64,4.680401143456625,5.128202260193179,4.8532022601931795,4.9554011434566245,True,4.9,True,0.552198883263445,0.04114589273530456,1.352090624990238
offset_north,25.345,66,4.682871910138425,5.12782076896348,4.852820768963481,4.957871910138424,True,4.9,True,0.5550511411749433,0.043246883998494745,1.3499480951406833
offset_north,25.411,67,4.68022070304125,5.128114484929184,4.8531144849291845,4.95522070304125,True,4.9,True,0.5521062181120653,0.045573079923250326,1.349633643918294
offset_north,25.477,69,4.671673242813055,5.12816532722744,4.85316532722744,4.946673242813055,True,4.9,True,0.5435079155856142,0.047569719893308715,1.3516911760671213
offset_north,25.543,71,4.680083723722777,5.128738809366824,4.853738809366824,4.955083723722776,True,4.9,True,0.5513449143559519,0.04970815642649917,1.3507803489401988
offset_north,25.609,72,4.684599718447897,5.128538801677196,4.853538801677196,4.959599718447897,True,4.9,True,0.5560609167707005,0.05181091301415375,1.3487279692269287
offset_north,25.675,73,4.675946687699291,5.129033730189242,4.854033730189243,4.9509466876992905,True,4.9,True,0.5469129575100478,0.05354181941770353,1.3500356912058353
offset_north,25.741,74,4.687333431643201,5.1274730697424875,4.852473069742488,4.9623334316432,True,4.9,True,0.5598603619007123,0.055290957918932904,1.3470668752738708
offset_north,25.807,76,4.6789782029298745,5.128736442793333,4.853736442793333,4.953978202929874,True,4.9,True,0.5502417601365408,0.05617904918239258,1.347874284650747
offset_north,25.873,77,4.676117875294888,5.127168311162911,4.852168311162911,4.951117875294887,True,4.9,True,0.5489495641319759,0.05717765721453549,1.3488347828230074
offset_north,25.939,77,4.672788161864923,5.127815241338947,4.852815241338948,4.947788161864922,True,4.9,True,0.5449729205259748,0.0580375025076485,1.3506924718183124
offset_north,26.005,75,4.691382415515751,5.127137707294139,4.85213770729414,4.96638241551575,True,4.9,True,0.5642447082216104,0.058988842394973595,1.3466882533453846
offset_north,26.071,75,4.67854910016014,5.1267791334255834,4.851779133425584,4.9535491001601395,True,4.9,True,0.5517699667345555,0.05955879424701216,1.3471507873214021
offset_north,26.137,76,4.675446765844244,5.12601776552525,4.851017765525251,4.9504467658442435,True,4.9,True,0.5494290003189926,0.05933059225243564,1.3490329571789457
offset_north,26.203,75,4.682630908844641,5.126214433085857,4.8512144330858575,4.95763090884464,True,4.9,True,0.5564164757587828,0.05917178413022128,1.3477541389756094
offset_north,26.269,74,4.674788089579874,5.129846973518998,4.854846973518999,4.949788089579873,True,4.9,True,0.5449411160608741,0.05874635023430752,1.3499455624646641
offset_north,26.335,73,4.677742204848634,5.128515263923145,4.853515263923145,4.952742204848634,True,4.9,True,0.5492269409254884,0.05833778020889202,1.350193811447618
offset_north,26.401,72,4.684430355817124,5.127249350013151,4.852249350013151,4.9594303558171235,True,4.9,True,0.5571810058039721,0.05750562299891282,1.3479813662721405
offset_north,26.467,71,4.678962064935109,5.1292241117161534,4.854224111716154,4.953962064935109,True,4.9,True,0.5497379532189546,0.056351618289020244,1.3486655704248118
offset_north,26.533,71,4.685070411916223,5.130820786281133,4.855820786281133,4.960070411916223,True,4.9,True,0.5542496256350897,0.05526072628697598,1.3477910116068408
offset_north,26.599,69,4.673526741964271,5.1272014420236784,4.852201442023679,4.948526741964271,True,4.9,True,0.5463252999405916,0.05456273212367879,1.3498610479240694
offset_north,26.665,68,4.6769434016795834,5.129875086542664,4.854875086542664,4.951943401679583,True,4.9,True,0.5470683151369184,0.05337042256539437,1.3507822390057727
offset_north,26.731,66,4.675707687200286,5.127937544675051,4.852937544675052,4.9507076872002855,True,4.9,True,0.5477701425252339,0.051961054886096925,1.3514700230247516
offset_north,26.797,65,4.6709857020603325,5.1273262320376825,4.852326232037683,4.945985702060332,True,4.9,True,0.5436594700226489,0.04955163198421619,1.352931175110531
offset_north,26.863,64,4.676725782706185,5.128588140590687,4.853588140590688,4.951725782706185,True,4.9,True,0.5481376421154971,0.04789785693860882,1.3533889292474464
offset_north,26.929,62,4.6827021935143875,5.127843251945224,4.852843251945225,4.957702193514387,True,4.9,True,0.5548589415691623,0.046049758308543076,1.35109294128255
offset_north,26.995,59,4.681297621897842,5.127873860569828,4.8528738605698285,4.956297621897842,True,4.9,True,0.5534237613280133,0.04476539259929346,1.350060584857696
offset_north,27.061,59,4.682927567212585,5.13021739214544,4.85521739214544,4.957927567212584,True,4.9,True,0.5527101750671439,0.04238122742704675,1.3492293568802438
offset_north,27.127,57,4.681717028604777,5.128114515670071,4.853114515670072,4.956717028604777,True,4.9,True,0.5536025129347049,0.03996026506529926,1.3483797959357589
offset_north,27.193,54,4.68620534688487,5.127899144548395,4.852899144548395,4.96120534688487,True,4.9,True,0.5583062023364744,0.03825406033421164,1.3463739964540884
offset_north,27.259,52,4.680504430400227,5.12999771583779,4.854997715837791,4.955504430400226,True,4.9,True,0.5505067145624352,0.03618110101702232,1.347309783149131
offset_north,27.325,50,4.688945402781448,5.127757453609519,4.852757453609519,4.963945402781447,True,4.9,True,0.5611879491719278,0.033744592674989526,1.344760463452813
offset_north,27.391,48,4.685297602470488,5.130357741208168,4.855357741208168,4.9602976024704875,True,4.9,True,0.5549398612623191,0.031116445318839503,1.3448503660382731
offset_north,27.457,46,4.688423994351293,5.129145937588555,4.854145937588555,4.963423994351293,True,4.9,True,0.5592780567627373,0.028575291638991196,1.3436118391979694
offset_north,27.523,45,4.682587278373815,5.130194054682774,4.855194054682775,4.957587278373815,True,4.9,True,0.55239322369104,0.02587536548286984,1.3448103203312662
offset_north,27.589,43,4.688838542543124,5.130848510044518,4.855848510044519,4.963838542543123,True,4.9,True,0.5579900324986047,0.023385502143461245,1.3439702144823047
offset_north,27.655,42,4.675173427719125,5.129770804581246,4.854770804581246,4.9501734277191245,True,4.9,True,0.5454026231378781,0.019891327203389153,1.3471583631962494
offset_north,27.721,40,4.68414094473517,5.127623265994768,4.852623265994769,4.95914094473517,True,4.9,True,0.5565176787404009,0.016725775981103475,1.346055550615254
offset_north,27.787,39,4.691037216518804,5.127657875217072,4.852657875217073,4.966037216518804,True,4.9,True,0.563379341301731,0.014002130898917997,1.3432250830401582
offset_north,27.853,37,4.688390927091748,5.121362340265707,4.846362340265707,4.963390927091748,True,4.9,True,0.5670285868260405,0.015097915493464065,1.3405372157614068
offset_north,27.919,36,4.688967496600505,5.120526506853471,4.845526506853472,4.963967496600504,True,4.9,True,0.5684409897470324,0.0152050742901233,1.3383067958919166
offset_north,27.985,35,4.68918255574196,5.122465562597824,4.847465562597825,4.964182555741959,True,4.9,True,0.5667169931441343,0.0149123456516298,1.3366207748766468
offset_north,28.051,35,4.680867858489462,5.122019647187189,4.84701964718719,4.955867858489461,True,4.9,True,0.5588482113022717,0.013605329637943697,1.3379800790229708
offset_north,28.117,33,4.686420191379826,5.121950897121526,4.846950897121527,4.961420191379825,True,4.9,True,0.5644692942582983,0.013365624616088034,1.3372452670385897
offset_north,28.183,32,4.683229047931616,5.122400039477276,4.847400039477277,4.958229047931615,True,4.9,True,0.5608290084543384,0.012587462126988136,1.337822984390711
offset_north,28.249,31,4.683559642375816,5.12235308626667,4.84735308626667,4.958559642375816,True,4.9,True,0.5612065561091455,0.010178347530769294,1.3381141222407535
offset_north,28.315,31,4.684074595083777,5.1239482861101076,4.848948286110108,4.959074595083776,True,4.9,True,0.5601263089736681,0.009231801524892447,1.3384573990969777
offset_north,28.381,30,4.682309701855705,5.124271293811428,4.849271293811428,4.957309701855705,True,4.9,True,0.5580384080442762,0.008127292387685614,1.3389841815784755
offset_north,28.447,29,4.681166648469708,5.124243717069337,4.849243717069338,4.956166648469708,True,4.9,True,0.5569229314003701,0.007205647018855288,1.339501468678883
offset_north,28.513,28,4.68913828315013,5.124149419229028,4.849149419229028,4.964138283150129,True,4.9,True,0.5649888639211011,0.0064225839571143695,1.337543874740157
offset_north,28.579,28,4.67495939268549,5.1240585930784714,4.849058593078472,4.949959392685489,True,4.9,True,0.5509007996070172,0.00414124901221502,1.3398461460820053
offset_north,28.645,27,4.679457543514201,5.124843096574803,4.849843096574803,4.9544575435142,True,4.9,True,0.5546144469393972,0.004027591597229652,1.3415079681755842
offset_north,28.711,27,4.684528324706044,5.1263364203430495,4.85133642034305,4.959528324706043,True,4.9,True,0.558191904362993,0.004244714710303299,1.340659982383138
offset_north,28.777,26,4.68922233461282,5.126006052683502,4.851006052683503,4.96422233461282,True,4.9,True,0.5632162819293167,0.005064857041274351,1.3389011556340713
offset_north,28.843,25,4.694721088416722,5.12626901279065,4.851269012790651,4.969721088416722,True,4.9,True,0.5684520756260711,0.006391254882534447,1.33597780921642
offset_north,28.909,25,4.687356547289827,5.127002436658875,4.852002436658876,4.962356547289827,True,4.9,True,0.5603541106309506,0.006465937294598767,1.3358548531866978
offset_north,28.975,24,4.702770869161677,5.125772563172634,4.850772563172635,4.977770869161676,True,4.9,True,0.5769983059890416,0.007202416477875673,1.3308333762139781
offset_north,29.041,24,4.686525976310375,5.126554138714015,4.8515541387140155,4.961525976310375,True,4.9,True,0.5599718375963592,0.006813610159597694,1.3320298242367583
offset_north,29.107,24,4.680116820687953,5.125930238646508,4.850930238646509,4.955116820687953,True,4.9,True,0.5541865820414438,0.005409124778295471,1.3340030595000152
offset_north,29.173,24,4.674037099612048,5.125891822688417,4.850891822688418,4.949037099612047,True,4.9,True,0.5481452769236295,0.0030912788859707163,1.3366361453908708
offset_north,29.239,23,4.682094078733968,5.126732471147899,4.8517324711478995,4.9570940787339675,True,4.9,True,0.5553616075860679,0.0042863399446959605,1.3390368194977889
offset_north,29.305,23,4.678984903913157,5.125944512905251,4.850944512905252,4.953984903913156,True,4.9,True,0.5530403910079043,0.004667132572106603,1.3414136563460806
offset_north,29.371,22,4.694061650196288,5.125913856779093,4.850913856779093,4.969061650196288,True,4.9,True,0.5681477934171946,0.006235677349453184,1.3385452214170976
offset_north,29.437,23,4.68128048891529,5.128918493410445,4.853918493410445,4.956280488915289,True,4.9,True,0.552361995504844,0.006826786686830566,1.3403975494201288
offset_north,29.503,23,4.682115523239289,5.128657209103329,4.853657209103329,4.957115523239288,True,4.9,True,0.5534583141359588,0.006937884536045047,1.34169453762494
offset_north,29.569,23,4.674337167465813,5.12850905004774,4.853509050047741,4.949337167465813,True,4.9,True,0.5458281174180717,0.006318429872800735,1.3446941742254392
offset_north,29.635,22,4.692736796068041,5.12988995180839,4.85488995180839,4.96773679606804,True,4.9,True,0.5628468442596499,0.007534677745248963,1.3410902310237358
offset_north,29.701,22,4.687416653486556,5.129562062709139,4.85456206270914,4.962416653486556,True,4.9,True,0.557854590777416,0.008184026453292859,1.3404258820967019
offset_north,29.767,22,4.690211050317949,5.129002085788453,4.854002085788453,4.965211050317948,True,4.9,True,0.5612089645294949,0.00842330650985268,1.3392818180889172
offset_north,29.833,22,4.683910623880005,5.129490382418138,4.854490382418138,4.958910623880004,True,4.9,True,0.5544202414618657,0.008226238648340711,1.3398513972486374
offset_north,29.899,22,4.680297878616209,5.1289046322527225,4.853904632252723,4.955297878616208,True,4.9,True,0.551393246363485,0.007721654805613376,1.3416574788985818
offset_north,29.965,22,4.684510753156865,5.129018113679608,4.854018113679609,4.959510753156865,True,4.9,True,0.5554926394772559,0.007469971218495353,1.3417648947067646
offset_north,30.031,22,4.681874035890814,5.129811890042206,4.854811890042207,4.956874035890814,True,4.9,True,0.552062145848607,0.007292440554694579,1.3425418916251886
offset_north,30.097,22,4.684026489633484,5.129769633793363,4.854769633793364,4.959026489633484,True,4.9,True,0.55425685584012,0.007265516926689308,1.3423485843263663
offset_north,30.163,22,4.687247855490325,5.129224487618876,4.854224487618876,4.962247855490324,True,4.9,True,0.5580233678714481,0.007370232277134292,1.341508951376213
offset_north,30.229,22,4.684576559372226,5.128902495200569,4.853902495200569,4.959576559372225,True,4.9,True,0.555674064171656,0.007678282451581531,1.3418173209838482
offset_north,30.295,22,4.687494748493952,5.128345516089154,4.8533455160891545,4.962494748493952,True,4.9,True,0.5591492324047971,0.008103513426005016,1.3409831662718297
offset_north,30.361,22,4.6896444891266915,5.128499621294487,4.853499621294487,4.964644489126691,True,4.9,True,0.5611448678322037,0.008825422043353903,1.339609852024008
offset_north,30.427,22,4.69536276729084,5.129395352853601,4.854395352853602,4.9703627672908395,True,4.9,True,0.5659674144372377,0.009885222905528401,1.3371008405967948
offset_north,30.493,23,4.677698014938494,5.129798602722563,4.854798602722563,4.952698014938494,True,4.9,True,0.5478994122159306,0.008932609978988815,1.3401900153203588
offset_north,30.559,23,4.68403190492201,5.1285452711029995,4.853545271103,4.95903190492201,True,4.9,True,0.5554866338190096,0.008519524493540764,1.340939297083536
offset_north,30.625,23,4.680787918072978,5.128785600426493,4.853785600426494,4.955787918072978,True,4.9,True,0.5520023176464839,0.008572724615182103,1.3420841551254634
offset_north,30.691,23,4.691082367018879,5.129064426370039,4.85406442637004,4.9660823670188785,True,4.9,True,0.5620179406488386,0.00921063322775506,1.340108663362706
offset_north,30.757,22,4.691954348298086,5.1259154853857956,4.850915485385796,4.966954348298086,True,4.9,True,0.5660388629122897,0.010299527803550923,1.3382644054802069
offset_north,30.823,23,4.674866665689529,5.126018470809607,4.851018470809607,4.9498666656895285,True,4.9,True,0.5488481948799213,0.009885964856308327,1.342130625372168
offset_north,30.889,23,4.6823746126729064,5.12610943328394,4.85110943328394,4.957374612672906,True,4.9,True,0.5562651793889655,0.010131755371512341,1.3426118839438277
offset_north,30.955,24,4.669421815265325,5.12659698544034,4.851596985440341,4.944421815265325,True,4.9,True,0.542824829824984,0.00907931905656234,1.3469808698131838
offset_north,31.021,24,4.675127884779293,5.125740745466696,4.850740745466696,4.950127884779293,True,4.9,True,0.5493871393125962,0.006954557170923081,1.3458972850971582
offset_north,31.087,24,4.684497091005,5.1262149693932475,4.851214969393248,4.959497091005,True,4.9,True,0.5582821216117517,0.00636896544442056,1.3428766645970196
offset_north,31.153,24,4.691977590533197,5.125992760378802,4.850992760378802,4.9669775905331965,True,4.9,True,0.5659848301543942,0.006907266077830876,1.3388648178622975
offset_north,31.219,25,4.687179057454324,5.126333785832207,4.851333785832208,4.962179057454324,True,4.9,True,0.5608452716221162,0.006629300168626173,1.3383015620718326
offset_north,31.285,25,4.6952538030749364,5.125783795768859,4.8507837957688595,4.970253803074936,True,4.9,True,0.5694700073060763,0.007678463068669927,1.3354358494740173
offset_north,31.351,26,4.687034466790888,5.1274574526063805,4.852457452606381,4.962034466790888,True,4.9,True,0.5595770141845067,0.007929840641588193,1.3357479641719945
offset_north,31.417,27,4.678246280591987,5.126253014124812,4.851253014124812,4.953246280591986,True,4.9,True,0.5519932664671738,0.007850135953472837,1.3385235349625066
offset_north,31.483,27,4.690400578011683,5.127056779432509,4.85205677943251,4.965400578011683,True,4.9,True,0.5633437985791729,0.009271272918944362,1.3372618327757781
offset_north,31.549,28,4.687376467274729,5.126019955715717,4.851019955715717,4.962376467274728,True,4.9,True,0.5613565115590109,0.00857184206013617,1.335625591596006
offset_north,31.615,28,4.6806418016806814,5.125636848540194,4.850636848540194,4.955641801680681,True,4.9,True,0.5550049531404866,0.007808178561551138,1.337523649563696
offset_north,31.681,28,4.691091130454457,5.123473268997109,4.848473268997109,4.966091130454457,True,4.9,True,0.5676178614573473,0.009078167792495151,1.3357824668555616
offset_north,31.747,29,4.693272194134517,5.124222184159611,4.849222184159611,4.968272194134516,True,4.9,True,0.569050009974905,0.010291590602569123,1.3335639996187378
offset_north,31.813,31,4.6736983605265126,5.123221733127354,4.848221733127355,4.948698360526512,True,4.9,True,0.550476627399157,0.009908324874550622,1.338054367703187
offset_north,31.879,32,4.685713049727536,5.124435967160223,4.849435967160224,4.960713049727535,True,4.9,True,0.5612770825673115,0.008693918569609771,1.3374440710967068
offset_north,31.945,32,4.694933613775884,5.123928327407881,4.848928327407881,4.969933613775884,True,4.9,True,0.5710052863680024,0.009851635048421237,1.3340388503125205
offset_north,32.011,33,4.678942181547853,5.1234876490586405,4.848487649058641,4.953942181547853,True,4.9,True,0.5554545324892117,0.011096871277676001,1.3371908354720003
offset_north,32.077,34,4.686602706179911,5.122909582178206,4.8479095821782066,4.96160270617991,True,4.9,True,0.5636931240017036,0.01302701953633445,1.3369256476298887
offset_north,32.143,35,4.694031087343384,5.123055972543321,4.848055972543322,4.969031087343383,True,4.9,True,0.5709751148000615,0.015479191620249466,1.3345554189009035
offset_north,32.209,37,4.673683173913729,5.122208310533304,4.847208310533304,4.948683173913729,True,4.9,True,0.5514748633804245,0.01705901201316795,1.3387463342165047
offset_north,32.275,38,4.686919478741028,5.121462571660091,4.8464625716600915,4.961919478741027,True,4.9,True,0.5654569070809357,0.018340652618961784,1.3374853618272722
offset_north,32.341,39,4.681856008178837,5.126696320316669,4.85169632031667,4.956856008178836,True,4.9,True,0.5551596878621667,0.019251969142745295,1.3396918469204402
offset_north,32.407,40,4.687764399706104,5.128845390878416,4.8538453908784165,4.962764399706104,True,4.9,True,0.5589190088276872,0.018890037635780565,1.3401085901960017
offset_north,32.473,42,4.683772768104915,5.129344445799977,4.854344445799978,4.9587727681049145,True,4.9,True,0.5544283223049369,0.018617810896771836,1.3417475164457198
offset_north,32.539,43,4.679506627375137,5.129548690531929,4.85454869053193,4.954506627375136,True,4.9,True,0.5499579368432064,0.018623888412640177,1.3442358804590415
offset_north,32.605,45,4.680510997641474,5.129235463092196,4.854235463092197,4.955510997641474,True,4.9,True,0.551275534549277,0.018870029222227025,1.3455824559565457
offset_north,32.671,47,4.671006434530509,5.129231405001775,4.854231405001776,4.946006434530508,True,4.9,True,0.5417750295287325,0.019475753898391623,1.3493752103109617
offset_north,32.737,49,4.675521907042362,5.129047701072255,4.854047701072256,4.950521907042361,True,4.9,True,0.5464742059701055,0.020513907468243886,1.3506203854266412
offset_north,32.803,50,4.675755541047476,5.128521719169335,4.853521719169335,4.950755541047475,True,4.9,True,0.5472338218781398,0.021822962612412233,1.351264123235207
offset_north,32.869,52,4.668960284271781,5.12958517838084,4.854585178380841,4.94396028427178,True,4.9,True,0.5393751058909391,0.023511518802749265,1.3540723544973627
offset_north,32.935,54,4.678921158207526,5.128915358537207,4.853915358537208,4.9539211582075255,True,4.9,True,0.5500057996703178,0.02558510925638835,1.3528489082470583
offset_north,33.001,56,4.681193009033646,5.129461233754015,4.854461233754016,4.956193009033646,True,4.9,True,0.5517317752796298,0.028134754915472016,1.3514747031890515
offset_north,33.067,58,4.670580708170357,5.128178970454356,4.853178970454357,4.945580708170357,True,4.9,True,0.542401737716,0.03077134726490449,1.3533117709175357
offset_north,33.133,60,4.684388993764775,5.129299694230457,4.854299694230457,4.959388993764774,True,4.9,True,0.5550892995343168,0.0336600128873501,1.3507914497819795
offset_north,33.199,61,4.684556172486223,5.129229963158381,4.854229963158382,4.959556172486223,True,4.9,True,0.555326209327841,0.03676354448742636,1.3491349129071972
offset_north,33.265,64,4.666048183873774,5.128465175208717,4.853465175208718,4.941048183873773,True,4.9,True,0.5375830086650557,0.039169891658997535,1.353503569843858
offset_north,33.331,66,4.66480255329144,5.129143183736452,4.854143183736452,4.93980255329144,True,4.9,True,0.5356593695549872,0.041223004435035904,1.356754688024204
offset_north,33.397,66,4.6867669342379825,5.128638155880982,4.853638155880983,4.961766934237982,True,4.9,True,0.558128778356999,0.04400159690250316,1.3522896481098428
offset_north,33.463,68,4.686924143306219,5.128113149953191,4.853113149953192,4.961924143306218,True,4.9,True,0.5588109933530265,0.04679768496917003,1.3492330990981551
offset_north,33.529,71,4.6637870680816444,5.1293927911418065,4.854392791141807,4.938787068081644,True,4.9,True,0.5343942769398369,0.048539603804828246,1.354144886286757
offset_north,33.595,72,4.685577545843458,5.128529786597631,4.8535297865976315,4.960577545843457,True,4.9,True,0.5570477592458258,0.050408079773879955,1.350787092626982
offset_north,33.661,72,4.689477506546184,5.128168106025553,4.853168106025554,4.964477506546183,True,4.9,True,0.5613094005206294,0.0527418931359529,1.3471581446826981
offset_north,33.727,74,4.671563021456424,5.129043112042305,4.854043112042305,4.946563021456424,True,4.9,True,0.5425199094141184,0.054286181199135974,1.350254728453653
offset_north,33.793,75,4.688683128919197,5.129387093959711,4.854387093959711,4.963683128919197,True,4.9,True,0.5592960349594855,0.05619971567270188,1.347389499429711
offset_north,33.859,76,4.68762672216673,5.126823654382562,4.851823654382563,4.962626722166729,True,4.9,True,0.5608030677841664,0.057819549398812065,1.3449317292655474
offset_north,33.925,77,4.668974798693346,5.12800050289669,4.85300050289669,4.943974798693345,True,4.9,True,0.5409742957966548,0.05846975990308412,1.3491599217468866
offset_north,33.991,77,4.673737071549768,5.129965279051819,4.85496527905182,4.948737071549767,True,4.9,True,0.5437717924979475,0.05868481710695406,1.351280407473436
offset_north,34.057,75,4.678223803564178,5.1288108045093574,4.853810804509358,4.953223803564177,True,4.9,True,0.5494129990548193,0.05937790430973333,1.351072385514959
offset_north,34.123,76,4.6732749034292,5.129668041273815,4.854668041273816,4.9482749034291995,True,4.9,True,0.5436068621553838,0.05942271362432816,1.3526686112138555
offset_north,34.189,75,4.678252446627673,5.1298774995545005,4.854877499554501,4.953252446627673,True,4.9,True,0.5483749470731716,0.05946381301248849,1.352355543727747
offset_north,34.255,74,4.689323189421874,5.128429718293617,4.853429718293618,4.964323189421873,True,4.9,True,0.5608934711282554,0.05936358080145343,1.348380839270946
offset_north,34.321,73,4.673241637826096,5.128380199283865,4.853380199283865,4.948241637826095,True,4.9,True,0.5448614385422299,0.059247004021353966,1.350408155926993
offset_north,34.387,72,4.683400905338928,5.1286267332346664,4.853626733234667,4.9584009053389275,True,4.9,True,0.5547741721042605,0.05872871739673524,1.3488534575176165
offset_north,34.453,71,4.6920720978352355,5.129179542779201,4.854179542779201,4.967072097835235,True,4.9,True,0.5628925550560335,0.05764981834990923,1.3453296537455213
offset_north,34.519,70,4.67620925580187,5.129330590866545,4.854330590866546,4.95120925580187,True,4.9,True,0.5468786649353239,0.05660112401233164,1.3476671581412671
offset_north,34.585,68,4.696379916059667,5.129790267839775,4.854790267839776,4.971379916059666,True,4.9,True,0.5665896482198904,0.056040332777103075,1.3433901162329196
offset_north,34.651,68,4.68313701497379,5.126890441802339,4.85189044180234,4.958137014973789,True,4.9,True,0.5562465731714494,0.0546050266000675,1.3440735899516296
offset_north,34.717,66,4.688276359138988,5.130015957438739,4.85501595743874,4.9632763591389875,True,4.9,True,0.5582604017002477,0.05338075199142711,1.343373392456066
offset_north,34.783,65,4.674837911229339,5.127458689843326,4.852458689843327,4.949837911229339,True,4.9,True,0.5473792213860118,0.05127310779916616,1.3461476083034425
offset_north,34.849,64,4.684712775059233,5.130033721030308,4.855033721030309,4.9597127750592325,True,4.9,True,0.5546790540289235,0.04975839276165672,1.3458996096037321
offset_north,34.915,62,4.686707847635893,5.129893369966994,4.8548933699669945,4.961707847635893,True,4.9,True,0.5568144776688981,0.048064422810662144,1.3451231449621415
offset_north,34.981,60,4.669943883888732,5.127267553203438,4.852267553203439,4.944943883888731,True,4.9,True,0.5426763306852924,0.046359687389625925,1.3497893918197277
offset_north,35.047,58,4.680661427443467,5.127725252948102,4.852725252948103,4.9556614274434665,True,4.9,True,0.5529361744953636,0.044155002101494034,1.3489828514780067
offset_north,35.113,57,4.689639957983497,5.12929262701608,4.854292627016081,4.964639957983496,True,4.9,True,0.5603473309674152,0.041713979402064005,1.3461837967443797
offset_north,35.179,55,4.68007977474635,5.129432361052241,4.8544323610522415,4.955079774746349,True,4.9,True,0.5506474136941077,0.039036497444407736,1.3471344336128332
offset_north,35.245,53,4.6777793379188655,5.128945092276176,4.853945092276176,4.952779337918865,True,4.9,True,0.5488342456426885,0.03613297988820019,1.3483438298361763
offset_north,35.311,50,4.6839277629406615,5.129054622916716,4.854054622916717,4.958927762940661,True,4.9,True,0.554873140023944,0.03426628561726819,1.34737873887814
offset_north,35.377,48,4.686899688863993,5.128150731158603,4.853150731158603,4.961899688863992,True,4.9,True,0.558748957705389,0.032227985574725615,1.3455404299030809
offset_north,35.443,46,4.686830037389507,5.131237743585706,4.856237743585707,4.961830037389507,True,4.9,True,0.5555922938037996,0.02996535770507336,1.345200612791016
offset_north,35.509,46,4.68197144437945,5.129233081262035,4.854233081262035,4.956971444379449,True,4.9,True,0.5527383631174139,0.026698734262091683,1.3458189200184867
offset_north,35.575,44,4.67864638808618,5.127956800493533,4.8529568004935335,4.953646388086179,True,4.9,True,0.5506895875926456,0.023462565244107836,1.3468663677351467
offset_north,35.641,42,4.675683468384852,5.128215704313894,4.853215704313895,4.9506834683848515,True,4.9,True,0.5474677640709567,0.020243624521049775,1.3485661281933154
offset_north,35.707,41,4.678256113460478,5.126812191322006,4.851812191322007,4.953256113460477,True,4.9,True,0.5514439221384702,0.01734190736619734,1.3485631130937792
offset_north,35.773,40,4.681520667805929,5.129114023300846,4.854114023300847,4.956520667805928,True,4.9,True,0.5524066445050815,0.013846421697789602,1.3482721858141207
offset_north,35.839,38,4.681867596215987,5.123350117314522,4.8483501173145225,4.956867596215987,True,4.9,True,0.5585174789014642,0.014166251948107167,1.346235286399445
offset_north,35.905,37,4.6774758183751866,5.12045110588259,4.84545110588259,4.952475818375186,True,4.9,True,0.5570247124925956,0.013638205934955572,1.3460119308161511
offset_north,35.971000000000004,36,4.684859015108981,5.122023024891115,4.847023024891116,4.9598590151089805,True,4.9,True,0.5628359902178646,0.012267222135706746,1.3433575545059462
offset_north,36.037,35,4.678665898400734,5.121506095006954,4.846506095006955,4.953665898400733,True,4.9,True,0.5571598033937784,0.010582536393300757,1.342995520564482
offset_north,36.103,33,4.688163089428154,5.122623892659864,4.847623892659865,4.9631630894281535,True,4.9,True,0.5655391967682888,0.011234618245680394,1.3404351053646502
offset_north,36.169,32,4.686270566474047,5.122864784112656,4.847864784112656,4.961270566474046,True,4.9,True,0.56340578236139,0.01131478844694378,1.3392828390468379
offset_north,36.235,31,4.685194083344211,5.123068960997407,4.8480689609974075,4.96019408334421,True,4.9,True,0.5621251223468027,0.010924405185257058,1.3388604506287454
offset_north,36.301,31,4.6884361071122544,5.124137162899209,4.8491371628992095,4.963436107112254,True,4.9,True,0.5642989442130444,0.010397882988661067,1.3371177574292537
offset_north,36.367,30,4.688889900122539,5.124205134930174,4.849205134930174,4.963889900122538,True,4.9,True,0.5646847651923641,0.00972842020011111,1.3359499079437174
offset_north,36.433,29,4.684996932562999,5.12309231078221,4.848092310782211,4.959996932562999,True,4.9,True,0.5619046217807877,0.0088517228663747,1.3362470129933484
offset_north,36.499,28,4.686895923642746,5.124499877173622,4.849499877173622,4.961895923642746,True,4.9,True,0.5623960464691231,0.008217836521423827,1.3360474649780447
offset_north,36.565,28,4.6762805455000835,5.124243295406614,4.849243295406614,4.951280545500083,True,4.9,True,0.5520372500934687,0.006124864336742419,1.3385073916111732
offset_north,36.631,27,4.682573031175338,5.124238853892598,4.849238853892598,4.957573031175338,True,4.9,True,0.5583341772827397,0.006088687984975749,1.3394549209429991
offset_north,36.697,27,4.68721870748443,5.126167943374724,4.851167943374724,4.962218707484429,True,4.9,True,0.5610507641097049,0.006475525354056266,1.3386083921849978
offset_north,36.763,26,4.6934097556296095,5.125374476609407,4.8503744766094075,4.968409755629609,True,4.9,True,0.5680352790202015,0.0073785823409977525,1.3361394990552857
offset_north,36.829,26,4.686604096656606,5.127349904688794,4.852349904688794,4.961604096656606,True,4.9,True,0.5592541919678113,0.006887673583475973,1.3362793434968965
offset_north,36.895,25,4.687020566876075,5.126900528989499,4.8519005289895,4.962020566876075,True,4.9,True,0.5601200378865749,0.0069212841947488,1.3364397521369926
offset_north,36.961,24,4.697443785702122,5.126721322377018,4.851721322377019,4.972443785702121,True,4.9,True,0.5707224633251025,0.007921919867523108,1.3333494473278575
offset_north,37.027,24,4.6863633928341075,5.125990233643403,4.850990233643404,4.961363392834107,True,4.9,True,0.5603731591907033,0.007586334493874247,1.3342721461163327
offset_north,37.093,24,4.682402650714298,5.1263921522224,4.851392152222401,4.957402650714298,True,4.9,True,0.556010498491897,0.00625263537216636,1.3351387949523228
offset_north,37.159,24,4.671403638492626,5.12617715218762,4.851177152187621,4.946403638492625,True,4.9,True,0.5452264863050045,0.005965734735070782,1.3410292105751243
offset_north,37.225,23,4.689510537302157,5.126663626589586,4.851663626589587,4.964510537302156,True,4.9,True,0.5628469107125695,0.006901797189502901,1.3398663741888157
offset_north,37.291,23,4.678702595167665,5.126485234280456,4.851485234280457,4.953702595167664,True,4.9,True,0.5522173608872076,0.006776672933576755,1.3422412536660082
offset_north,37.357,22,4.693548590085842,5.126480061059167,4.851480061059168,4.968548590085842,True,4.9,True,0.5670685290266737,0.008169722162620019,1.3394483188582034
offset_north,37.423,22,4.690547657870403,5.125385433779499,4.8503854337795,4.9655476578704025,True,4.9,True,0.5651622240909029,0.008738538566635867,1.3380651559734709
offset_north,37.489,23,4.680175780477264,5.128977123832041,4.853977123832042,4.955175780477264,True,4.9,True,0.5511986566452218,0.008410384615840982,1.3404768516564136
offset_north,37.555,23,4.680114257445721,5.129468477633559,4.854468477633559,4.955114257445721,True,4.9,True,0.5506457798121616,0.0076417382854723215,1.3421590772209488
offset_north,37.621,22,4.694230389683601,5.128848109202,4.8538481092020005,4.9692303896836005,True,4.9,True,0.5653822804816,0.008539312740447613,1.33911884911244
offset_north,37.687,22,4.687594282389617,5.129105040254727,4.854105040254727,4.962594282389617,True,4.9,True,0.5584892421348895,0.009123799010506417,1.3388917123475907
offset_north,37.753,22,4.688513441475301,5.128841846451937,4.853841846451938,4.963513441475301,True,4.9,True,0.5596715950233626,0.009201948021146045,1.338264758567997
offset_north,37.819,22,4.687049106888397,5.128741959051254,4.853741959051255,4.962049106888396,True,4.9,True,0.5583071478371415,0.00897200363645112,1.3385184779606916
offset_north,37.885,22,4.681577349340238,5.1292487273308085,4.854248727330809,4.956577349340238,True,4.9,True,0.5523286220094288,0.008388676365901127,1.3402010393505073
offset_north,37.951,22,4.679354567532325,5.129753853246207,4.854753853246208,4.954354567532325,True,4.9,True,0.549600714286117,0.007911972889550256,1.3422920954173683
offset_north,38.017,22,4.6836524528507875,5.129324404700839,4.854324404700839,4.958652452850787,True,4.9,True,0.5543280481499477,0.007591851190865917,1.3422296648641228
offset_north,38.083,22,4.683050674428675,5.128414000695684,4.853414000695684,4.958050674428675,True,4.9,True,0.5546366737329904,0.007360061961962039,1.3424424319884762
offset_north,38.149,22,4.684164698645211,5.129466449412765,4.854466449412765,4.9591646986452105,True,4.9,True,0.5546982492324453,0.007361902675740772,1.3421787550753999
offset_north,38.215,22,4.68877799629259,5.129078277634001,4.8540782776340015,4.963777996292589,True,4.9,True,0.5596997186585877,0.0074998872620737345,1.340608812416356
offset_north,38.281,22,4.68953713509064,5.128644792434564,4.853644792434564,4.964537135090639,True,4.9,True,0.5608923426560748,0.007945511822062379,1.3392030648128155
offset_north,38.347,22,4.692502245054683,5.129605525996698,4.854605525996699,4.967502245054683,True,4.9,True,0.5628967190579839,0.008593213788882004,1.3374878054800559
offset_north,38.413,22,4.692673224178505,5.129508161504809,4.85450816150481,4.967673224178505,True,4.9,True,0.563165062673695,0.009439444974734812,1.3362518492334003
offset_north,38.479,22,4.69875670821852,5.128983436050905,4.853983436050905,4.973756708218519,True,4.9,True,0.5697732721676141,0.010573159141943123,1.3338143501012247
offset_north,38.545,23,4.676385597235088,5.128865551900831,4.853865551900832,4.951385597235087,True,4.9,True,0.5475200453342557,0.009732732764797802,1.338523080274161
offset_north,38.611,23,4.679372943574621,5.129261975075411,4.854261975075412,4.95437294357462,True,4.9,True,0.5501109684992087,0.00945092291839611,1.3409278697209481
offset_north,38.677,23,4.687104687643767,5.129048626035363,4.854048626035364,4.962104687643767,True,4.9,True,0.5580560616084032,0.00979326205844,1.3402216989623867
offset_north,38.743,22,4.693864986358474,5.126108714780983,4.851108714780984,4.968864986358473,True,4.9,True,0.5677562715774893,0.01059788764849845,1.3378283078004236
offset_north,38.809,23,4.678378206331333,5.126171188613079,4.85117118861308,4.953378206331332,True,4.9,True,0.5522070177182525,0.009796940182515534,1.3408177101448204
offset_north,38.875,23,4.67908744193043,5.126896840674321,4.851896840674321,4.9540874419304295,True,4.9,True,0.5521906012561082,0.009813748645388642,1.3429152167245415
offset_north,38.941,23,4.689380289401935,5.126384500165909,4.85138450016591,4.964380289401935,True,4.9,True,0.5629957892360247,0.010673977924215983,1.3411419149363715
offset_north,39.007,24,4.67612507923964,5.125648669312779,4.85064866931278,4.951125079239639,True,4.9,True,0.5504764099268591,0.008367276596835893,1.3413352737707587
offset_north,39.073,24,4.679582600902463,5.126591069765996,4.8515910697659965,4.954582600902462,True,4.9,True,0.5529915311364657,0.00721812713361647,1.340894439777186
offset_north,39.139,24,4.693688125181979,5.126506286417091,4.8515062864170915,4.968688125181979,True,4.9,True,0.5671818387648873,0.007368980955209992,1.336722816250366
offset_north,39.205,24,4.699456845346482,5.126761546567551,4.851761546567552,4.974456845346482,True,4.9,True,0.5726952987789298,0.008710230453436552,1.3330987365637046
offset_north,39.271,25,4.692619464124865,5.124388473882178,4.849388473882178,4.967619464124865,True,4.9,True,0.5682309902426865,0.00906587069100695,1.3326998185217869
offset_north,39.337,26,4.681677722713268,5.125983072563933,4.850983072563934,4.956677722713268,True,4.9,True,0.5556946501493341,0.008769569860212378,1.3355517635646024
offset_north,39.403,26,4.695746502780242,5.126859634196206,4.851859634196207,4.9707465027802415,True,4.9,True,0.5688868685840347,0.009984092141429812,1.333397799116931
offset_north,39.469,27,4.6920720673728695,5.1257243396491825,4.850724339649183,4.967072067372869,True,4.9,True,0.5663477277236859,0.01073176994827918,1.3330416259149676
offset_north,39.535,28,4.686627782367222,5.126228441323688,4.851228441323689,4.961627782367222,True,4.9,True,0.5603993410435331,0.009506610034987872,1.3331444140964217
offset_north,39.601,28,4.678062492243612,5.124473705973941,4.849473705973941,4.953062492243611,True,4.9,True,0.55358878626967,0.008272871488481215,1.3365377592726537
offset_north,39.667,28,4.694732643012112,5.123202519362605,4.848202519362606,4.969732643012112,True,4.9,True,0.5715301236495056,0.009004671473989312,1.3338350712426077
offset_north,39.733,29,4.687740951780441,5.1237438359111,4.8487438359111,4.96274095178044,True,4.9,True,0.5639971158693402,0.009757945373341848,1.3338742471283938
offset_north,39.799,30,4.694492226693129,5.124602931543148,4.849602931543148,4.969492226693128,True,4.9,True,0.5698892951499797,0.010679975751057391,1.332288035483666
offset_north,39.865,32,4.669117401462606,5.123336242667525,4.848336242667526,4.944117401462606,True,4.9,True,0.5457811587950798,0.010265850483360595,1.3384604830964042
offset_north,39.931,32,4.69318293731275,5.124643200333204,4.849643200333205,4.96818293731275,True,4.9,True,0.5685397369795451,0.0119757738095716,1.3357836890595263
offset_north,39.997,33,4.676438175813569,5.1227940656104725,4.847794065610473,4.951438175813569,True,4.9,True,0.5536441102030956,0.012439487426690654,1.3389553492807393
offset_north,40.063,34,4.677375239423884,5.12307820619516,4.848078206195161,4.952375239423883,True,4.9,True,0.5542970332287227,0.01364354856472172,1.3409796345279004
offset_north,40.129,35,4.680540556766756,5.12177105087369,4.8467710508736905,4.955540556766755,True,4.9,True,0.5587695058930648,0.01413547128775594,1.3410548924016106
offset_north,40.195,36,4.688456341995456,5.121736208463064,4.8467362084630645,4.963456341995456,True,4.9,True,0.5667201335323913,0.015528503700696028,1.3383891018026333
offset_north,40.261,38,4.677410568094742,5.123521096344751,4.848521096344752,4.9524105680947414,True,4.9,True,0.5538894717499898,0.017426141421738706,1.340705529736846
offset_north,40.327,38,4.690354019021898,5.125216253290566,4.850216253290567,4.965354019021897,True,4.9,True,0.5651377657313306,0.01908013038758405,1.3389525410963927
offset_north,40.393,40,4.6846934790370796,5.129274970162439,4.8542749701624395,4.959693479037079,True,4.9,True,0.5554185088746395,0.018119712888839068,1.3406412261050826
offset_north,40.459,42,4.679255368867507,5.129948424253972,4.854948424253973,4.954255368867506,True,4.9,True,0.5493069446135335,0.017384111008017733,1.3436567748894974
offset_north,40.525,43,4.689231797620231,5.128820979914832,4.853820979914833,4.96423179762023,True,4.9,True,0.5604108177053975,0.018276908195429264,1.3424364971110285
offset_north,40.591,45,4.675888197440244,5.1295639096439025,4.854563909643903,4.950888197440244,True,4.9,True,0.5463242877963406,0.0181227693265118,1.3458082616388176
offset_north,40.657,46,4.6818943320076984,5.129425718765311,4.854425718765311,4.956894332007698,True,4.9,True,0.5524686132423866,0.01937088848954449,1.3463251991744558
offset_north,40.723,48,4.678047400559176,5.128626698613275,4.853626698613276,4.953047400559176,True,4.9,True,0.5494207019458999,0.020894346775439665,1.3476014288383489
offset_north,40.789,49,4.685812862712018,5.13027306882326,4.85527306882326,4.960812862712017,True,4.9,True,0.5555397938887567,0.02272186353976835,1.3466590620202168
offset_north,40.855,51,4.683731586736385,5.130704918114433,4.855704918114434,4.958731586736384,True,4.9,True,0.5530266686219505,0.02482076639808284,1.3467533428275662
offset_north,40.921,53,4.691866250308329,5.1299095545748985,4.854909554574899,4.966866250308328,True,4.9,True,0.5619566957334292,0.027201823804025693,1.3441403312592672
offset_north,40.987,56,4.68121931281933,5.129203459346078,4.8542034593460786,4.9562193128193295,True,4.9,True,0.5520158534732509,0.02898342427385714,1.3452934758395114
offset_north,41.053,57,4.683718399751445,5.1306600435396,4.855660043539601,4.958718399751445,True,4.9,True,0.5530583562118438,0.03203290637968159,1.3457879262241046
offset_north,41.119,60,4.674668383827817,5.12823212118414,4.85323212118414,4.949668383827817,True,4.9,True,0.5464362626436763,0.034223704417552625,1.34812066956377
offset_north,41.185,61,4.684011001810705,5.127637801480524,4.852637801480524,4.959011001810705,True,4.9,True,0.5563732003301805,0.03667970059895165,1.346962002087508
offset_north,41.251,63,4.679762549004868,5.129021404122037,4.8540214041220375,4.954762549004868,True,4.9,True,0.5507411448828303,0.03949245928543288,1.3476510579964063
offset_north,41.317,65,4.675868457883766,5.127946869165438,4.8529468691654385,4.950868457883765,True,4.9,True,0.5479215887183269,0.041776733090729046,1.348979263981986
offset_north,41.383,67,4.680045265063537,5.1289029946211535,4.853902994621154,4.955045265063537,True,4.9,True,0.5511422704423825,0.04408467643825276,1.348942803654675
offset_north,41.449,68,4.683787166088865,5.13139224471589,4.856392244715891,4.9587871660888645,True,4.9,True,0.5523949213729737,0.04673381334180071,1.34854148614638
offset_north,41.515,70,4.689953029807998,5.131684742149286,4.8566847421492865,4.964953029807997,True,4.9,True,0.5582682876587108,0.04887517913785899,1.3464985540048524
offset_north,41.581,72,4.688461636773042,5.131437034651542,4.856437034651543,4.963461636773041,True,4.9,True,0.5570246021214984,0.05097995254570975,1.3454416071669468
offset_north,41.647,73,4.69405740893928,5.1277799075379065,4.852779907537907,4.969057408939279,True,4.9,True,0.5662775014013721,0.052787142408345034,1.3419258745964509
offset_north,41.713,74,4.676468978792046,5.128692677701125,4.853692677701125,4.951468978792046,True,4.9,True,0.5477763010909207,0.0542150580902252,1.3450152218902391
offset_north,41.779,75,4.683432655029001,5.12990241763959,4.8549024176395905,4.958432655029,True,4.9,True,0.5535302373894095,0.055799689155528576,1.3454515841063441
offset_north,41.845,76,4.678765852030161,5.127983052870362,4.852983052870362,4.953765852030161,True,4.9,True,0.5507827991597984,0.057071170634374724,1.3465812691265011
offset_north,41.911,76,4.672964269465602,5.127764620314523,4.852764620314524,4.947964269465602,True,4.9,True,0.5451996491510778,0.05788358499074864,1.349046993643227
offset_north,41.977,77,4.6729385879842695,5.129769729907161,4.8547697299071615,4.947938587984269,True,4.9,True,0.5431688580771075,0.058409798313719286,1.3513822381271263
offset_north,42.043,75,4.680910620003655,5.127779568688494,4.8527795686884945,4.955910620003655,True,4.9,True,0.5531310513151604,0.05936571248225331,1.35002825129444
offset_north,42.109,76,4.6779607763991855,5.12967743661413,4.85467743661413,4.952960776399185,True,4.9,True,0.5482833397850546,0.05945457197571624,1.3505347739705913
offset_north,42.175,74,4.676821040603384,5.127993205959798,4.852993205959798,4.951821040603384,True,4.9,True,0.5488278346435853,0.05950509361442169,1.3509272818871572
offset_north,42.241,74,4.687407155213737,5.128674184414439,4.853674184414439,4.962407155213737,True,4.9,True,0.5587329707992976,0.05962251836693788,1.3480292060812205
offset_north,42.307,74,4.677394969786956,5.1270773182320495,4.85207731823205,4.952394969786956,True,4.9,True,0.5503176515549055,0.059124053178472025,1.3485251487903822
offset_north,42.373,73,4.675212224393583,5.1288086697207245,4.853808669720725,4.950212224393582,True,4.9,True,0.5464035546728574,0.05795062370587978,1.35004653775141
offset_north,42.439,71,4.691111115842331,5.12792085921899,4.85292085921899,4.96611111584233,True,4.9,True,0.5631902566233398,0.05726339143741299,1.3460754994389847
offset_north,42.505,71,4.673535081066507,5.1278141306362395,4.85281413063624,4.948535081066506,True,4.9,True,0.545720950430266,0.055891838844800645,1.3485494504473179
offset_north,42.571,70,4.665843089020648,5.128852285831363,4.853852285831364,4.940843089020648,True,4.9,True,0.536990803189284,0.05492847045497662,1.352887374356337
offset_north,42.637,68,4.673977971926041,5.129468257301165,4.854468257301166,4.94897797192604,True,4.9,True,0.5445097146248743,0.053965487301289805,1.3536682476619732
offset_north,42.703,67,4.668984308786672,5.127323145438864,4.852323145438865,4.943984308786671,True,4.9,True,0.5416611633478066,0.05225910503274811,1.35537684253596
offset_north,42.769,65,4.6807148820309035,5.128562504245939,4.853562504245939,4.955714882030903,True,4.9,True,0.5521523777849635,0.0507469997679344,1.3532400036885774
offset_north,42.835,65,4.693050428435546,5.129512632856244,4.8545126328562445,4.968050428435546,True,4.9,True,0.5635377955793011,0.04906866843968505,1.3482066639082135
offset_north,42.901,62,4.676149720467799,5.127905862161778,4.852905862161778,4.951149720467798,True,4.9,True,0.5482438583060201,0.047831948589392326,1.3496579248483487
offset_north,42.967,61,4.670058773142738,5.126141412417292,4.8511414124172925,4.945058773142738,True,4.9,True,0.5439173607254453,0.04547167967960064,1.352809048925125
offset_north,43.033,59,4.673290340842251,5.129478722873138,4.8544787228731385,4.9482903408422505,True,4.9,True,0.5438116179691119,0.04381970092356546,1.3538228488568538
offset_north,43.099,57,4.692903590889481,5.13032309843896,4.85532309843896,4.96790359088948,True,4.9,True,0.5625804924505198,0.04209202016389657,1.3489018464646412
offset_north,43.165,56,4.670606512747799,5.129508892721854,4.854508892721855,4.945606512747799,True,4.9,True,0.5410976200259439,0.03910205669790834,1.3519020065174654
offset_north,43.231,53,4.677149090771007,5.130524525231002,4.855524525231003,4.952149090771006,True,4.9,True,0.5466245655400035,0.03674301827511339,1.3523440349002245
offset_north,43.297,51,4.684060520854473,5.129685684904289,4.85468568490429,4.9590605208544725,True,4.9,True,0.5543748359501828,0.03442865637519077,1.3503283736451017
offset_north,43.363,49,4.682026145127568,5.130857500614706,4.8558575006147064,4.957026145127568,True,4.9,True,0.5511686445128612,0.03191899682616217,1.3498792681977125
offset_north,43.429,47,4.684639788928911,5.1310370694731215,4.856037069473122,4.959639788928911,True,4.9,True,0.5536027194557886,0.02937278944598809,1.348834671901662
offset_north,43.495,46,4.682014912705733,5.129671259735703,4.854671259735704,4.957014912705732,True,4.9,True,0.5523436529700285,0.026693344539709507,1.3484811744401544
offset_north,43.561,45,4.672569061968071,5.1303762255521,4.8553762255521,4.94756906196807,True,4.9,True,0.54219283641597,0.02268248804942985,1.3512789711833166
offset_north,43.627,42,4.6847234289396,5.128975049661169,4.8539750496611695,4.9597234289396,True,4.9,True,0.5557483792784301,0.020288331704046314,1.3491707660447922
offset_north,43.693,42,4.676113559396882,5.1295175478230055,4.854517547823006,4.951113559396881,True,4.9,True,0.546596011573875,0.016879910540618326,1.3504407327591919
offset_north,43.759,40,4.68387250875628,5.12801671526352,4.853016715263521,4.958872508756279,True,4.9,True,0.5558557934927586,0.01372551433387681,1.3485517748836062
offset_north,43.825,38,4.682598446784703,5.123696287813677,4.848696287813677,4.9575984467847025,True,4.9,True,0.5589021589710252,0.011114081821303579,1.3463155947272165
offset_north,43.891,37,4.689004410097921,5.120695520861348,4.845695520861349,4.96400441009792,True,4.9,True,0.5683088892365713,0.011529477627527207,1.3424332206119494
moving_prebreach,36.037,36,4.665037997331244,5.118487816202032,4.843487816202033,4.940037997331244,True,4.9,True,0.5465501811292108,-0.10625006087701294,1.3434338515389266
moving_prebreach,36.103,35,4.663621756035607,5.111211381891646,4.836211381891647,4.938621756035606,True,4.9,True,0.5524103741439592,-0.10034888387184093,1.3446775998510923
moving_prebreach,36.169,34,4.6624091443580555,5.115917805683761,4.840917805683762,4.937409144358055,True,4.9,True,0.5464913386742933,-0.09409566028635652,1.3473213877701555
moving_prebreach,36.235,34,4.667766157215139,5.121081317915792,4.846081317915792,4.9427661572151385,True,4.9,True,0.5466848392993462,-0.08857530454253748,1.3491192147545006
moving_prebreach,36.301,34,4.665689609339629,5.111631410627679,4.836631410627679,4.940689609339628,True,4.9,True,0.5540581987119493,-0.08274993894677252,1.3481658030582477
moving_prebreach,36.367,33,4.667471873540735,5.1105214110261485,4.835521411026149,4.942471873540734,True,4.9,True,0.5569504625145851,-0.07961865789696443,1.3466308061123955
moving_prebreach,36.433,32,4.6667062442701095,5.11369524046069,4.838695240460691,4.941706244270109,True,4.9,True,0.553011003809418,-0.07624739964005744,1.3467360680047564
moving_prebreach,36.499,31,4.659900473329922,5.111423153373715,4.836423153373715,4.934900473329922,True,4.9,True,0.5484773199562063,-0.07185977473948757,1.3481709505969728
moving_prebreach,36.565,31,4.6669193953554045,5.109091226890116,4.834091226890116,4.941919395355404,True,4.9,True,0.5578281684652875,-0.06928020823989023,1.3463719933952172
moving_prebreach,36.631,31,4.663861399581867,5.116182804891941,4.841182804891941,4.938861399581866,True,4.9,True,0.547678594689925,-0.06550212594116633,1.348159818801715
moving_prebreach,36.697,30,4.668946865972836,5.1114706988690015,4.836470698869002,4.943946865972835,True,4.9,True,0.5574761671038331,-0.06181701573533971,1.3464707936266638
moving_prebreach,36.763,30,4.66547946858438,5.103312060955641,4.828312060955642,4.940479468584379,True,4.9,True,0.5621674076287373,-0.05923147854621025,1.3438842755469926
moving_prebreach,36.829,30,4.6680655551362475,5.125644961436055,4.850644961436055,4.943065555136247,True,4.9,True,0.5424205937001918,-0.05434672600680468,1.347991997158534
moving_prebreach,36.895,29,4.665359605352494,5.123179470994593,4.848179470994594,4.940359605352493,True,4.9,True,0.5421801343578998,-0.050604513974729315,1.3509319500328485
moving_prebreach,36.961,29,4.668854996289649,5.117253558132035,4.842253558132035,4.943854996289648,True,4.9,True,0.5516014381576129,-0.04726775217390777,1.3501776084412351
moving_prebreach,37.027,28,4.665461562058709,5.110601625327822,4.835601625327823,4.940461562058709,True,4.9,True,0.554859936730886,-0.04536500483401529,1.3486738830130465
moving_prebreach,37.093,28,4.668333436639639,5.12745164584495,4.85245164584495,4.943333436639638,True,4.9,True,0.5408817907946879,-0.04181712044746799,1.3518078946668188
moving_prebreach,37.159,27,4.670123276364741,5.118334067983547,4.843334067983547,4.945123276364741,True,4.9,True,0.5517892083811933,-0.03861159978831452,1.3507430017049515
moving_prebreach,37.225,28,4.667324886561208,5.114451212336479,4.8394512123364795,4.942324886561208,True,4.9,True,0.5528736742247282,-0.03232458297619534,1.349658436242284
moving_prebreach,37.291,26,4.668750837349079,5.103981465988237,4.828981465988238,4.943750837349079,True,4.9,True,0.5647693713608406,-0.03100026320838456,1.3453320857984665
moving_prebreach,37.357,27,4.669100528047567,5.106046968047288,4.831046968047288,4.944100528047566,True,4.9,True,0.563053560000278,-0.031134501558215177,1.3428194189865743
moving_prebreach,37.423,27,4.667930230351227,5.121954898793437,4.846954898793437,4.942930230351227,True,4.9,True,0.5459753315577893,-0.02805651438420309,1.3461842071481513
moving_prebreach,37.489,27,4.670298734419188,5.122250965206735,4.847250965206736,4.945298734419188,True,4.9,True,0.5480477692124521,-0.021972706038493328,1.3479162881500466
moving_prebreach,37.555,26,4.66823883345391,5.115088370523982,4.840088370523983,4.9432388334539095,True,4.9,True,0.5531504629299266,-0.020867020941158998,1.347599952155686
moving_prebreach,37.621,27,4.667283212800138,5.1216680154159056,4.846668015415906,4.942283212800137,True,4.9,True,0.5456151973842311,-0.016956691710760197,1.349635455943881
moving_prebreach,37.687,26,4.668590392664181,5.116041924021719,4.841041924021719,4.943590392664181,True,4.9,True,0.5525484686424613,-0.01674839527095795,1.3489799866032144
moving_prebreach,37.753,26,4.6707926353087545,5.112811903896171,4.8378119038961716,4.945792635308754,True,4.9,True,0.5579807314125824,-0.013958781800826436,1.3468919432905637
moving_prebreach,37.819,27,4.668811276603862,5.122512352410963,4.847512352410964,4.943811276603862,True,4.9,True,0.5462989241928982,-0.013288117408871258,1.3489348194863395
moving_prebreach,37.885,26,4.669734537278896,5.1133534297498215,4.838353429749822,4.944734537278896,True,4.9,True,0.5563811075290734,-0.011449025481055308,1.347340606759964
moving_prebreach,37.951,27,4.670483374186737,5.121126827115897,4.8461268271158975,4.945483374186736,True,4.9,True,0.5493565470708386,-0.00790955605590593,1.345843309254939
moving_prebreach,38.017,26,4.6691078644419095,5.112337208032241,4.837337208032242,4.944107864441909,True,4.9,True,0.556770656409667,-0.006528016032793182,1.343534802096284
moving_prebreach,38.083,27,4.673788264128102,5.120440615327628,4.845440615327629,4.948788264128101,True,4.9,True,0.5533476488004723,-0.004739543059022466,1.3428944730704668
moving_prebreach,38.149,26,4.673600272359037,5.1133214183766835,4.838321418376684,4.9486002723590365,True,4.9,True,0.5602788539823524,-0.003973330438206801,1.3419424736507644
moving_prebreach,38.215,28,4.673114963405432,5.122265687693648,4.847265687693649,4.948114963405431,True,4.9,True,0.5508492757117824,-0.0019304714636758646,1.3423568942188981
moving_prebreach,38.281,27,4.680204710522517,5.119622377729806,4.844622377729807,4.9552047105225165,True,4.9,True,0.5605823327927097,-0.0002201047935797007,1.341475125723929
moving_prebreach,38.347,28,4.672193886426856,5.117649511825682,4.842649511825683,4.947193886426856,True,4.9,True,0.5545443746011729,-0.00019131768608993127,1.3426694511811683
moving_prebreach,38.413,28,4.680026252787727,5.116247118312019,4.84124711831202,4.955026252787727,True,4.9,True,0.563779134475707,0.000767227648829305,1.3407349485883602
moving_prebreach,38.479,28,4.691916492945654,5.119024499038273,4.844024499038274,4.9669164929456535,True,4.9,True,0.5728919939073795,0.0028938777482787614,1.3366469306666524
moving_prebreach,38.545,28,4.692100300034044,5.111986121940867,4.836986121940868,4.967100300034043,True,4.9,True,0.5801141780931756,0.0037673654960119762,1.3316185958323987
moving_prebreach,38.611,30,4.6827396726735335,5.125666785411546,4.850666785411547,4.957739672673533,True,4.9,True,0.5570728872619861,0.004463385879945214,1.3350106288795174
moving_prebreach,38.677,30,4.681076092202301,5.109271071059661,4.8342710710596615,4.9560760922023,True,4.9,True,0.5718050211426389,0.0032953919448068802,1.3329656488789012
moving_prebreach,38.743,31,4.684928954315974,5.116653565828534,4.841653565828534,4.9599289543159735,True,4.9,True,0.5682753884874392,0.003223262865865273,1.3325933063178328
moving_prebreach,38.809,33,4.679900107885306,5.122135500739676,4.847135500739676,4.954900107885305,True,4.9,True,0.5577646071456293,0.003609275011815072,1.335486218510145
moving_prebreach,38.875,34,4.678389963712269,5.125942919723294,4.850942919723295,4.953389963712269,True,4.9,True,0.5524470439889739,0.0037512874864917833,1.339106262169035
moving_prebreach,38.941,35,4.677205569792831,5.125108241880386,4.8501082418803865,4.952205569792831,True,4.9,True,0.5520973279124444,0.0035353156277988518,1.3417452522142557
moving_prebreach,39.007,35,4.679819265456185,5.1131152315405926,4.838115231540593,4.954819265456185,True,4.9,True,0.5667040339155915,0.002668931695657406,1.3392103988688757
moving_prebreach,39.073,36,4.6836170686231995,5.12292470240156,4.847924702401561,4.958617068623199,True,4.9,True,0.5606923662216381,0.003255321969027669,1.3392394106798182
moving_prebreach,39.139,37,4.682030647822111,5.125475474563579,4.85047547456358,4.95703064782211,True,4.9,True,0.5565551732585303,0.003662903599431111,1.3405010334244265
moving_prebreach,39.205,37,4.687996953222712,5.12434310640438,4.849343106404381,4.962996953222712,True,4.9,True,0.5636538468183312,0.004646159174023445,1.3392539858578296
moving_prebreach,39.271,38,4.680097501169226,5.122166645237022,4.847166645237023,4.9550975011692255,True,4.9,True,0.5579308559322029,0.004226188889838944,1.3400988745377562
moving_prebreach,39.337,39,4.674780952387996,5.121714905384716,4.846714905384717,4.949780952387996,True,4.9,True,0.5530660470032787,0.003605775240063558,1.3421494918538424
moving_prebreach,39.403,40,4.668247208165832,5.124057777888038,4.849057777888039,4.943247208165832,True,4.9,True,0.544189430277793,0.002873346388803988,1.3462458051076365
moving_prebreach,39.469,39,4.682028216591106,5.120108770784002,4.845108770784003,4.957028216591105,True,4.9,True,0.5619194458071026,0.0029390947142742263,1.3437956984364705
moving_prebreach,39.535,39,4.6802930626521295,5.120211051241881,4.845211051241882,4.955293062652129,True,4.9,True,0.5600820114102472,0.0024798570567199363,1.3426326080955686
moving_prebreach,39.601,40,4.678830722858716,5.12361753163895,4.848617531638951,4.953830722858715,True,4.9,True,0.5552131912197644,0.002651455841697903,1.343277899351064
moving_prebreach,39.667,39,4.68805045019041,5.116477539602495,4.841477539602495,4.963050450190409,True,4.9,True,0.5715729105879139,0.0026137997963049386,1.3388229714666042
moving_prebreach,39.733,40,4.676890217046416,5.1152681914819995,4.840268191482,4.951890217046415,True,4.9,True,0.5616220255644151,0.0013575165301338288,1.3386896174308545
moving_prebreach,39.799,41,4.679776038694824,5.125441328834978,4.850441328834979,4.954776038694823,True,4.9,True,0.5543347098598443,0.0013196572504323711,1.3407818068155424
moving_prebreach,39.865,42,4.680001180621672,5.128034055384195,4.853034055384196,4.955001180621672,True,4.9,True,0.5519671252374756,0.0020067983707665604,1.3429576163148758
moving_prebreach,39.931,43,4.671359628612773,5.120215184494664,4.8452151844946645,4.946359628612773,True,4.9,True,0.5511444441181081,0.0006590331742275524,1.3447269921086895
