scenario,trial,planner,seed,start_x,start_y,goal_x,goal_y,returned,accepted,optimized,common_geometry_ok,physical_clearance_m,length_m,turning_rad,prepare_ms,planner_ms,prepare_plus_plan_ms,rss_max_kb,reason
open,0,navfn,20260913,-0.025,5.575,-0.925,1.075,1,1,0,1,0.1331219406,4.642338638,0.7794299648,1.333476,0.445939,1.779415,41984,returned
open,0,smac2d,20260913,-0.025,5.575,-0.925,1.075,1,1,0,1,0.1581219406,4.747422968,1.910197189,1.333476,2.00419,3.337666,41984,returned
open,0,tdt_astar,20260913,-0.025,5.575,-0.925,1.075,1,1,0,1,0.1581219406,4.872792265,0.7853982031,1.333476,2.317171,3.650647,43364,validated A*
open,0,tdt_qp,20260913,-0.025,5.575,-0.925,1.075,1,1,1,1,0.1581219406,4.646336925,0.5471480212,1.333476,2.10709,3.440566,43492,validated minimum-jerk polyline
open,1,smac2d,20260913,5.825,2.075,-0.825,3.925,1,1,0,1,0.25,7.229822426,1.288160861,1.333476,2.62119,3.954666,43492,returned
open,1,tdt_astar,20260913,5.825,2.075,-0.825,3.925,1,1,0,1,0.25,7.363525762,1.382395946,1.333476,2.781282,4.114758,43748,validated A*
open,1,tdt_qp,20260913,5.825,2.075,-0.825,3.925,1,1,1,1,0.25,7.372319379,0.9822292998,1.333476,3.03335,4.366826,43748,validated minimum-jerk polyline
open,1,navfn,20260913,5.825,2.075,-0.825,3.925,1,1,0,1,0.25,7.052186042,7.876037651,1.333476,0.59984,1.933316,43748,returned
open,2,tdt_astar,20260913,1.975,-0.475,-2.175,-0.275,1,1,0,1,0.25,4.357106771,2.356194431,1.333476,2.275075,3.608551,43748,validated A*
open,2,tdt_qp,20260913,1.975,-0.475,-2.175,-0.275,1,1,1,1,0.25,4.154816482,8.011380871e-05,1.333476,3.852119,5.185595,43748,validated minimum-jerk polyline
open,2,navfn,20260913,1.975,-0.475,-2.175,-0.275,1,1,0,1,0.25,4.226576401,3.05207341,1.333476,0.58613,1.919606,43748,returned
open,2,smac2d,20260913,1.975,-0.475,-2.175,-0.275,1,1,0,1,0.25,4.163132596,0.8482012803,1.333476,2.908526,4.242002,44260,returned
open,3,tdt_qp,20260913,4.875,4.625,2.775,1.425,1,1,1,1,0.25,3.827531842,0.0004607385265,1.333476,2.40525,3.738726,44260,validated minimum-jerk polyline
open,3,navfn,20260913,4.875,4.625,2.775,1.425,1,1,0,1,0.25,3.869359003,0.5973267679,1.333476,0.889548,2.223024,44260,returned
open,3,smac2d,20260913,4.875,4.625,2.775,1.425,1,1,0,1,0.25,3.880506622,0.4838163862,1.333476,1.112279,2.445755,44260,returned
open,3,tdt_astar,20260913,4.875,4.625,2.775,1.425,1,1,0,1,0.25,4.069848441,1.570796215,1.333476,2.137901,3.471377,44260,validated A*
open,4,navfn,20260913,1.425,-0.325,5.075,0.975,1,1,0,1,0.25,3.948383694,3.257666489,1.333476,0.491809,1.825285,44260,returned
open,4,smac2d,20260913,1.425,-0.325,5.075,0.975,1,1,0,1,0.25,4.110325264,1.163537404,1.333476,1.18165,2.515126,44260,returned
open,4,tdt_astar,20260913,1.425,-0.325,5.075,0.975,1,1,0,1,0.25,4.188477621,0.7853981326,1.333476,1.891458,3.224934,44260,validated A*
open,4,tdt_qp,20260913,1.425,-0.325,5.075,0.975,1,1,1,1,0.25,3.934036229,0.5926787061,1.333476,2.034838,3.368314,44260,validated minimum-jerk polyline
open,5,smac2d,20260913,-2.575,1.225,3.025,3.075,1,1,0,1,0.1581219406,6.179814601,1.268971523,1.333476,2.022679,3.356155,44260,returned
open,5,tdt_astar,20260913,-2.575,1.225,3.025,3.075,1,1,0,1,0.1581219406,6.346417557,2.289552689,1.333476,2.301244,3.63472,44260,validated A*
open,5,tdt_qp,20260913,-2.575,1.225,3.025,3.075,1,1,1,1,0.1581219406,5.988151559,0.5985783219,1.333476,2.527558,3.861034,44260,validated minimum-jerk polyline
open,5,navfn,20260913,-2.575,1.225,3.025,3.075,1,1,0,1,0.1331219406,6.02400888,5.346961444,1.333476,0.886975,2.220451,44260,returned
open,6,tdt_astar,20260913,5.425,0.225,6.125,2.925,1,1,0,1,0.1081219406,2.989949401,0.785398034,1.333476,3.608856,4.942332,44260,validated A*
open,6,tdt_qp,20260913,5.425,0.225,6.125,2.925,1,1,1,1,0.1081219406,2.789265136,7.237298375e-05,1.333476,2.657992,3.991468,44260,validated minimum-jerk polyline
open,6,navfn,20260913,5.425,0.225,6.125,2.925,1,1,0,1,0.08312194057,2.79751769,3.125828042,1.333476,0.81033,2.143806,44260,returned
open,6,smac2d,20260913,5.425,0.225,6.125,2.925,1,1,0,1,0.1081219406,2.913881029,1.490328682,1.333476,1.018097,2.351573,44260,returned
open,7,tdt_qp,20260913,-1.425,5.175,1.825,3.325,1,1,1,1,0.25,3.754533689,0.3155066116,1.333476,2.489631,3.823107,44260,validated minimum-jerk polyline
open,7,navfn,20260913,-1.425,5.175,1.825,3.325,1,1,0,1,0.25,3.781509713,2.363518781,1.333476,0.408752,1.742228,44260,returned
open,7,smac2d,20260913,-1.425,5.175,1.825,3.325,1,1,0,1,0.25,3.830885606,1.107497163,1.333476,1.345816,2.679292,44260,returned
open,7,tdt_astar,20260913,-1.425,5.175,1.825,3.325,1,1,0,1,0.25,4.016294832,0.7853978302,1.333476,1.833386,3.166862,44260,validated A*
open,8,navfn,20260913,5.725,5.125,3.575,1.225,1,1,0,1,0.25,4.476878123,0.6721376562,1.333476,0.351756,1.685232,44260,returned
open,8,smac2d,20260913,5.725,5.125,3.575,1.225,1,1,0,1,0.25,4.546567884,1.170043847,1.333476,1.344009,2.677485,44260,returned
open,8,tdt_astar,20260913,5.725,5.125,3.575,1.225,1,1,0,1,0.25,4.790559069,0.7853980221,1.333476,1.888681,3.222157,44260,validated A*
open,8,tdt_qp,20260913,5.725,5.125,3.575,1.225,1,1,1,1,0.25,4.493770622,0.4761288152,1.333476,2.092573,3.426049,44260,validated minimum-jerk polyline
open,9,smac2d,20260913,-0.625,1.725,2.725,-0.675,1,1,0,1,0.25,4.179106561,0.4569992268,1.333476,1.06888,2.402356,44388,returned
open,9,tdt_astar,20260913,-0.625,1.725,2.725,-0.675,1,1,0,1,0.25,4.344112665,0.7853983537,1.333476,2.231466,3.564942,44388,validated A*
open,9,tdt_qp,20260913,-0.625,1.725,2.725,-0.675,1,1,1,1,0.25,4.125637121,0.1751742153,1.333476,2.396064,3.72954,44388,validated minimum-jerk polyline
open,9,navfn,20260913,-0.625,1.725,2.725,-0.675,1,1,0,1,0.25,4.117873463,1.002428574,1.333476,0.753874,2.08735,44388,returned
open,10,tdt_astar,20260913,1.075,3.825,-2.225,4.775,1,1,0,1,0.25,3.693502701,1.570796012,1.333476,3.552858,4.886334,44388,validated A*
open,10,tdt_qp,20260913,1.075,3.825,-2.225,4.775,1,1,1,1,0.25,3.434494104,0.05762133833,1.333476,2.6359,3.969376,44388,validated minimum-jerk polyline
open,10,navfn,20260913,1.075,3.825,-2.225,4.775,1,1,0,1,0.25,3.523285715,4.086328781,1.333476,1.384616,2.718092,44388,returned
open,10,smac2d,20260913,1.075,3.825,-2.225,4.775,1,1,0,1,0.25,3.598715366,1.681771862,1.333476,0.954223,2.287699,44388,returned
open,11,tdt_qp,20260913,-0.125,2.175,-1.325,5.125,1,1,1,1,0.25,3.184729188,9.651186792e-05,1.333476,2.435071,3.768547,44388,validated minimum-jerk polyline
open,11,navfn,20260913,-0.125,2.175,-1.325,5.125,1,1,0,1,0.25,3.235961151,2.692803929,1.333476,0.46355,1.797026,44388,returned
open,11,smac2d,20260913,-0.125,2.175,-1.325,5.125,1,1,0,1,0.25,3.391620187,0.982808573,1.333476,1.216234,2.54971,44388,returned
open,11,tdt_astar,20260913,-0.125,2.175,-1.325,5.125,1,1,0,1,0.25,3.447056393,1.570796637,1.333476,1.816687,3.150163,44388,validated A*
open,12,navfn,20260913,5.725,4.325,-1.975,1.125,1,1,0,1,0.25,8.374539857,3.305237744,1.333476,0.729598,2.063074,44388,returned
open,12,smac2d,20260913,5.725,4.325,-1.975,1.125,1,1,0,1,0.25,8.573838358,1.549937587,1.333476,3.817976,5.151452,44388,returned
open,12,tdt_astar,20260913,5.725,4.325,-1.975,1.125,1,1,0,1,0.25,9.005382565,3.092822282,1.333476,3.980545,5.314021,44388,validated A*
open,12,tdt_qp,20260913,5.725,4.325,-1.975,1.125,1,1,1,1,0.25,8.449525771,0.6057184381,1.333476,5.141207,6.474683,44388,validated minimum-jerk polyline
open,13,smac2d,20260913,3.575,0.075,2.175,2.275,1,1,0,1,0.25,2.684702427,0.9877477451,1.333476,1.706053,3.039529,44388,returned
open,13,tdt_astar,20260913,3.575,0.075,2.175,2.275,1,1,0,1,0.25,2.779899259,0.7853987084,1.333476,2.298378,3.631854,44388,validated A*
open,13,tdt_qp,20260913,3.575,0.075,2.175,2.275,1,1,1,1,0.25,2.607684011,0.005361500661,1.333476,2.256931,3.590407,44388,validated minimum-jerk polyline
open,13,navfn,20260913,3.575,0.075,2.175,2.275,1,1,0,1,0.25,2.649594145,2.196267177,1.333476,0.744758,2.078234,44388,returned
open,14,tdt_astar,20260913,-0.025,4.975,0.875,2.775,1,1,0,1,0.25,2.572792049,0.7853978679,1.333476,3.418044,4.75152,44388,validated A*
open,14,tdt_qp,20260913,-0.025,4.975,0.875,2.775,1,1,1,1,0.25,2.376972865,6.664744231e-05,1.333476,2.178599,3.512075,44388,validated minimum-jerk polyline
open,14,navfn,20260913,-0.025,4.975,0.875,2.775,1,1,0,1,0.25,2.431955156,2.489082321,1.333476,0.344507,1.677983,44388,returned
open,14,smac2d,20260913,-0.025,4.975,0.875,2.775,1,1,0,1,0.25,2.491962572,1.426604885,1.333476,0.712498,2.045974,44388,returned
open,15,tdt_qp,20260913,2.975,1.775,-0.325,-0.575,1,1,1,1,0.25,4.055892779,0.1764058157,1.333476,2.641352,3.974828,44388,validated minimum-jerk polyline
open,15,navfn,20260913,2.975,1.775,-0.325,-0.575,1,1,0,1,0.25,4.089872184,0.6039118296,1.333476,0.635876,1.969352,44388,returned
open,15,smac2d,20260913,2.975,1.775,-0.325,-0.575,1,1,0,1,0.25,4.10838804,0.4378293565,1.333476,1.041067,2.374543,44388,returned
open,15,tdt_astar,20260913,2.975,1.775,-0.325,-0.575,1,1,0,1,0.25,4.273401911,0.7853982638,1.333476,2.358984,3.69246,44388,validated A*
open,16,navfn,20260913,3.425,2.675,-0.575,-0.025,1,1,0,1,0.25,4.838070053,0.6780064178,1.333476,0.629284,1.96276,44388,returned
open,16,smac2d,20260913,3.425,2.675,-0.575,-0.025,1,1,0,1,0.25,4.89611469,0.5017619948,1.333476,1.382116,2.715592,44516,returned
open,16,tdt_astar,20260913,3.425,2.675,-0.575,-0.025,1,1,0,1,0.25,5.104661795,2.251029225,1.333476,2.35835,3.691826,44516,validated A*
open,16,tdt_qp,20260913,3.425,2.675,-0.575,-0.025,1,1,1,1,0.25,4.948269032,0.7769219071,1.333476,3.759323,5.092799,44516,validated minimum-jerk polyline
open,17,smac2d,20260913,2.675,4.225,-1.075,-1.025,1,1,0,1,0.2081219406,6.547266264,0.5234947989,1.333476,2.855337,4.188813,44516,returned
open,17,tdt_astar,20260913,2.675,4.225,-1.075,-1.025,1,1,0,1,0.2081219406,6.788773188,0.7787756118,1.333476,6.871315,8.204791,44516,validated A*
open,17,tdt_qp,20260913,2.675,4.225,-1.075,-1.025,1,1,1,1,0.2081219406,6.492183061,0.4082349992,1.333476,4.616575,5.950051,44516,validated minimum-jerk polyline
open,17,navfn,20260913,2.675,4.225,-1.075,-1.025,1,1,0,1,0.2081219406,6.491285864,0.5787350138,1.333476,0.866285,2.199761,44516,returned
open,18,tdt_astar,20260913,-2.625,1.325,5.075,1.225,1,1,0,1,0.1081219406,7.700649323,4.052948949e-12,1.333476,2.51808,3.851556,44516,validated A*
open,18,tdt_qp,20260913,-2.625,1.325,5.075,1.225,1,1,1,1,0.1081219406,7.700649323,2.431342567e-06,1.333476,2.821274,4.15475,44516,validated minimum-jerk polyline
open,18,navfn,20260913,-2.625,1.325,5.075,1.225,1,1,0,1,0.1331219406,7.756757112,2.461316147,1.333476,0.663491,1.996967,44516,returned
open,18,smac2d,20260913,-2.625,1.325,5.075,1.225,1,1,0,1,0.1081219406,7.711781886,0.3192715673,1.333476,1.278082,2.611558,44516,returned
open,19,tdt_qp,20260913,5.475,3.725,2.925,3.775,1,1,1,1,0.25,2.550490149,1.7038423e-05,1.333476,1.506232,2.839708,44516,validated minimum-jerk polyline
open,19,navfn,20260913,5.475,3.725,2.925,3.775,1,1,0,1,0.25,2.556066017,2.35619449,1.333476,0.320775,1.654251,44516,returned
open,19,smac2d,20260913,5.475,3.725,2.925,3.775,1,1,0,1,0.25,2.553735581,0.2170511941,1.333476,0.616622,1.950098,44516,returned
open,19,tdt_astar,20260913,5.475,3.725,2.925,3.775,1,1,0,1,0.25,2.550490149,1.676880856e-12,1.333476,3.194854,4.52833,44516,validated A*
open,20,navfn,20260913,-1.225,2.775,5.625,2.225,1,1,0,1,0.25,7.012574821,2.910750982,1.333476,0.901411,2.234887,44516,returned
open,20,smac2d,20260913,-1.225,2.775,5.625,2.225,1,1,0,1,0.25,6.984611497,1.590301849,1.333476,1.934601,3.268077,44516,returned
open,20,tdt_astar,20260913,-1.225,2.775,5.625,2.225,1,1,0,1,0.25,7.057361878,1.560592645,1.333476,4.879107,6.212583,44516,validated A*
open,20,tdt_qp,20260913,-1.225,2.775,5.625,2.225,1,1,1,1,0.25,6.872132301,0.03374276342,1.333476,3.679176,5.012652,44516,validated minimum-jerk polyline
open,21,smac2d,20260913,2.175,1.575,-1.025,0.275,1,1,0,1,0.25,3.660325269,1.163240199,1.333476,1.14421,2.477686,44516,returned
open,21,tdt_astar,20260913,2.175,1.575,-1.025,0.275,1,1,0,1,0.25,3.738477637,0.7853981702,1.333476,1.747939,3.081415,44516,validated A*
open,21,tdt_qp,20260913,2.175,1.575,-1.025,0.275,1,1,1,1,0.25,3.490478738,0.496734073,1.333476,1.842668,3.176144,44516,validated minimum-jerk polyline
open,21,navfn,20260913,2.175,1.575,-1.025,0.275,1,1,0,1,0.25,3.526136601,2.779648236,1.333476,0.494411,1.827887,44516,returned
open,22,tdt_astar,20260913,0.725,3.875,0.675,-1.175,1,1,0,1,0.05812194057,5.050247519,3.024247519e-12,1.333476,2.697061,4.030537,44516,validated A*
open,22,tdt_qp,20260913,0.725,3.875,0.675,-1.175,1,1,1,1,0.05812194057,5.050247519,3.275723381e-06,1.333476,3.129923,4.463399,44516,validated minimum-jerk polyline
open,22,navfn,20260913,0.725,3.875,0.675,-1.175,1,1,0,1,0.05812194057,5.106066017,0.7853981634,1.333476,0.743613,2.077089,44516,returned
open,22,smac2d,20260913,0.725,3.875,0.675,-1.175,1,1,0,1,0.05812194057,5.053735581,0.2170511941,1.333476,0.986939,2.320415,44516,returned
open,23,tdt_qp,20260913,-1.725,0.975,4.625,3.575,1,1,1,1,0.25,6.903275064,0.3795457134,1.333476,6.068812,7.402288,44516,validated minimum-jerk polyline
open,23,navfn,20260913,-1.725,0.975,4.625,3.575,1,1,0,1,0.25,6.899798324,7.485340096,1.333476,1.125013,2.458489,44516,returned
open,23,smac2d,20260913,-1.725,0.975,4.625,3.575,1,1,0,1,0.25,7.092328488,1.400936604,1.333476,5.800242,7.133718,44516,returned
open,23,tdt_astar,20260913,-1.725,0.975,4.625,3.575,1,1,0,1,0.25,7.406854327,3.092822282,1.333476,3.830709,5.164185,44516,validated A*
open,24,navfn,20260913,0.325,2.475,-2.675,2.225,1,1,0,1,0.05812194057,3.090852659,0.7859173877,1.333476,0.397917,1.731393,44516,returned
open,24,smac2d,20260913,0.325,2.475,-2.675,2.225,1,1,0,1,0.05812194057,3.028165401,0.9489506363,1.333476,0.670224,2.0037,44516,returned
open,24,tdt_astar,20260913,0.325,2.475,-2.675,2.225,1,1,0,1,0.05812194057,3.103553303,0.7853979206,1.333476,2.035821,3.369297,44516,validated A*
open,24,tdt_qp,20260913,0.325,2.475,-2.675,2.225,1,1,1,1,0.05812194057,3.010398645,0.000100031525,1.333476,2.184335,3.517811,44516,validated minimum-jerk polyline
open,25,smac2d,20260913,5.125,3.925,-2.025,2.575,1,1,0,1,0.25,7.51811147,2.146564938,1.333476,2.507013,3.840489,44516,returned
open,25,tdt_astar,20260913,5.125,3.925,-2.025,2.575,1,1,0,1,0.25,7.70918827,1.570796543,1.333476,4.315091,5.648567,44516,validated A*
open,25,tdt_qp,20260913,5.125,3.925,-2.025,2.575,1,1,1,1,0.25,7.34007549,0.4613871485,1.333476,4.411412,5.744888,44516,validated minimum-jerk polyline
open,25,navfn,20260913,5.125,3.925,-2.025,2.575,1,1,0,1,0.25,7.362086867,2.924683045,1.333476,0.957416,2.290892,44516,returned
open,26,tdt_astar,20260913,3.025,2.925,4.425,-0.075,1,1,0,1,0.25,3.579899027,1.57079652,1.333476,1.739598,3.073074,44516,validated A*
open,26,tdt_qp,20260913,3.025,2.925,4.425,-0.075,1,1,1,1,0.25,3.310589071,0.000143204889,1.333476,2.176536,3.510012,44516,validated minimum-jerk polyline
open,26,navfn,20260913,3.025,2.925,4.425,-0.075,1,1,0,1,0.25,3.320755086,2.553566715,1.333476,0.5757,1.909176,44516,returned
open,26,smac2d,20260913,3.025,2.925,4.425,-0.075,1,1,0,1,0.25,3.482986057,1.214495238,1.333476,1.371818,2.705294,44516,returned
open,27,tdt_qp,20260913,0.275,0.875,-1.775,0.875,1,1,1,1,0.25,2.05,0,1.333476,1.46881,2.802286,44516,validated minimum-jerk polyline
open,27,navfn,20260913,0.275,0.875,-1.775,0.875,1,1,0,1,0.25,2.085355339,0.7853981634,1.333476,0.322174,1.65565,44516,returned
open,27,smac2d,20260913,0.275,0.875,-1.775,0.875,1,1,0,1,0.25,2.05,0,1.333476,0.19029,1.523766,44516,returned
open,27,tdt_astar,20260913,0.275,0.875,-1.775,0.875,1,1,0,1,0.25,2.05,0,1.333476,1.358514,2.69199,44516,validated A*
open,28,navfn,20260913,1.075,1.075,4.575,-0.375,1,1,0,1,0.25,3.843321811,3.189752047,1.333476,0.527673,1.861149,44516,returned
open,28,smac2d,20260913,1.075,1.075,4.575,-0.375,1,1,0,1,0.25,3.993048029,1.231553375,1.333476,1.004976,2.338452,44516,returned
open,28,tdt_astar,20260913,1.075,1.075,4.575,-0.375,1,1,0,1,0.25,4.100609699,0.7853982031,1.333476,1.914282,3.247758,44516,validated A*
open,28,tdt_qp,20260913,1.075,1.075,4.575,-0.375,1,1,1,1,0.25,3.841734805,0.5716047237,1.333476,2.056681,3.390157,44516,validated minimum-jerk polyline
open,29,smac2d,20260913,0.775,2.125,4.825,0.875,1,1,0,1,0.25,4.4999323,1.104666086,1.333476,1.187832,2.521308,44516,returned
open,29,tdt_astar,20260913,0.775,2.125,4.825,0.875,1,1,0,1,0.25,4.567766953,1.5707961,1.333476,1.937144,3.27062,44516,validated A*
open,29,tdt_qp,20260913,0.775,2.125,4.825,0.875,1,1,1,1,0.25,4.243887617,0.1756454865,1.333476,2.349773,3.683249,44516,validated minimum-jerk polyline
open,29,navfn,20260913,0.775,2.125,4.825,0.875,1,1,0,1,0.25,4.295278471,5.030996601,1.333476,1.196808,2.530284,44516,returned
open,30,tdt_astar,20260913,2.925,3.775,6.075,5.325,1,1,0,1,0.1581219406,3.79203124,1.570797708,1.333476,2.483597,3.817073,44516,validated A*
open,30,tdt_qp,20260913,2.925,3.775,6.075,5.325,1,1,1,1,0.1581219406,3.511002818,0.0464627375,1.333476,3.39049,4.723966,44516,validated minimum-jerk polyline
open,30,navfn,20260913,2.925,3.775,6.075,5.325,1,1,0,1,0.1581219406,3.497561201,2.703922621,1.333476,0.582966,1.916442,44516,returned
open,30,smac2d,20260913,2.925,3.775,6.075,5.325,1,1,0,1,0.1581219406,3.664405269,1.210051126,1.333476,1.142616,2.476092,44516,returned
open,31,tdt_qp,20260913,0.325,1.975,0.575,-0.275,1,1,1,1,0.25,2.263846285,5.154429885e-05,1.333476,2.60749,3.940966,44516,validated minimum-jerk polyline
open,31,navfn,20260913,0.325,1.975,0.575,-0.275,1,1,0,1,0.25,2.31825417,2.363833758,1.333476,0.544222,1.877698,44516,returned
open,31,smac2d,20260913,0.325,1.975,0.575,-0.275,1,1,0,1,0.25,2.279275142,0.7610963538,1.333476,0.800121,2.133597,44516,returned
open,31,tdt_astar,20260913,0.325,1.975,0.575,-0.275,1,1,0,1,0.25,2.353553466,0.7853985687,1.333476,1.540721,2.874197,44516,validated A*
open,32,navfn,20260913,2.425,5.425,3.925,-0.025,1,1,0,1,0.25,5.709434431,2.427949388,1.333476,0.699275,2.032751,44516,returned
open,32,smac2d,20260913,2.425,5.425,3.925,-0.025,1,1,0,1,0.25,5.953524061,1.218531139,1.333476,1.948945,3.282421,44516,returned
open,32,tdt_astar,20260913,2.425,5.425,3.925,-0.025,1,1,0,1,0.25,6.071320274,1.570796274,1.333476,2.384821,3.718297,44516,validated A*
open,32,tdt_qp,20260913,2.425,5.425,3.925,-0.025,1,1,1,1,0.25,5.665686705,0.2353973223,1.333476,2.462073,3.795549,44516,validated minimum-jerk polyline
open,33,smac2d,20260913,-1.675,4.325,3.225,0.225,1,1,0,1,0.25,6.458315836,0.4398196157,1.333476,1.60025,2.933726,44516,returned
open,33,tdt_astar,20260913,-1.675,4.325,3.225,0.225,1,1,0,1,0.25,6.598275878,2.356195439,1.333476,2.742237,4.075713,44516,validated A*
open,33,tdt_qp,20260913,-1.675,4.325,3.225,0.225,1,1,1,1,0.25,6.416579307,0.3194809564,1.333476,4.818625,6.152101,44516,validated minimum-jerk polyline
open,33,navfn,20260913,-1.675,4.325,3.225,0.225,1,1,0,1,0.25,6.425579927,2.25319669,1.333476,0.811894,2.14537,44516,returned
open,34,tdt_astar,20260913,0.525,-0.425,2.625,-1.025,1,1,0,1,0.2081219406,2.348528199,0.7853983144,1.333476,3.620235,4.953711,44516,validated A*
open,34,tdt_qp,20260913,0.525,-0.425,2.625,-1.025,1,1,1,1,0.2081219406,2.184032967,3.036303402e-05,1.333476,2.256447,3.589923,44516,validated minimum-jerk polyline
open,34,navfn,20260913,0.525,-0.425,2.625,-1.025,1,1,0,1,0.2081219406,2.247805116,3.911446722,1.333476,0.258271,1.591747,44516,returned
open,34,smac2d,20260913,0.525,-0.425,2.625,-1.025,1,1,0,1,0.2081219406,2.256891206,1.515914894,1.333476,0.958098,2.291574,44516,returned
open,35,tdt_qp,20260913,5.625,-0.725,5.175,4.825,1,1,1,1,0.25,5.614234789,0.4762615587,1.333476,3.260638,4.594114,44516,validated minimum-jerk polyline
open,35,navfn,20260913,5.625,-0.725,5.175,4.825,1,1,0,1,0.25,5.622274743,2.539001959,1.333476,0.430337,1.763813,44516,returned
open,35,smac2d,20260913,5.625,-0.725,5.175,4.825,1,1,0,1,0.25,5.630409242,1.441696352,1.333476,1.201826,2.535302,44516,returned
open,35,tdt_astar,20260913,5.625,-0.725,5.175,4.825,1,1,0,1,0.25,5.884713428,1.277429022,1.333476,2.589062,3.922538,44516,validated A*
open,36,navfn,20260913,4.875,-1.025,1.225,2.725,1,1,0,1,0.2331219406,5.268614578,2.045386801,1.333476,0.429196,1.762672,44516,returned
open,36,smac2d,20260913,4.875,-1.025,1.225,2.725,1,1,0,1,0.2081219406,5.238006245,0.2216177427,1.333476,0.651892,1.985368,44516,returned
open,36,tdt_astar,20260913,4.875,-1.025,1.225,2.725,1,1,0,1,0.2081219406,5.233067934,3.989697461e-12,1.333476,1.92825,3.261726,44516,validated A*
open,36,tdt_qp,20260913,4.875,-1.025,1.225,2.725,1,1,1,1,0.2081219406,5.233067934,7.633326291e-06,1.333476,2.018321,3.351797,44516,validated minimum-jerk polyline
open,37,smac2d,20260913,4.425,4.275,2.725,1.075,1,1,0,1,0.25,3.747306536,1.206071332,1.333476,1.192584,2.52606,44516,returned
open,37,tdt_astar,20260913,4.425,4.275,2.725,1.075,1,1,0,1,0.25,3.904162907,1.5707964,1.333476,4.064973,5.398449,44516,validated A*
open,37,tdt_qp,20260913,4.425,4.275,2.725,1.075,1,1,1,1,0.25,3.623538069,0.005343724862,1.333476,2.888498,4.221974,44516,validated minimum-jerk polyline
open,37,navfn,20260913,4.425,4.275,2.725,1.075,1,1,0,1,0.25,3.670833006,0.6950159676,1.333476,0.7682,2.101676,44516,returned
open,38,tdt_astar,20260913,1.675,5.425,1.325,2.575,1,1,0,1,0.25,2.994974826,0.7853982397,1.333476,2.838207,4.171683,44516,validated A*
open,38,tdt_qp,20260913,1.675,5.425,1.325,2.575,1,1,1,1,0.25,2.871410803,7.705518649e-05,1.333476,3.006449,4.339925,44516,validated minimum-jerk polyline
open,38,navfn,20260913,1.675,5.425,1.325,2.575,1,1,0,1,0.25,2.924707381,0.7914689944,1.333476,0.454088,1.787564,44516,returned
open,38,smac2d,20260913,1.675,5.425,1.325,2.575,1,1,0,1,0.25,2.925583516,1.170459966,1.333476,0.858905,2.192381,44516,returned
open,39,tdt_qp,20260913,2.125,2.925,0.125,-0.475,1,1,1,1,0.25,3.961142207,0.3258360124,1.333476,2.389613,3.723089,44516,validated minimum-jerk polyline
open,39,navfn,20260913,2.125,2.925,0.125,-0.475,1,1,0,1,0.25,3.946088548,0.6449511998,1.333476,0.620453,1.953929,44516,returned
open,39,smac2d,20260913,2.125,2.925,0.125,-0.475,1,1,0,1,0.25,4.016630032,0.9228503995,1.333476,1.106305,2.439781,44516,returned
open,39,tdt_astar,20260913,2.125,2.925,0.125,-0.475,1,1,0,1,0.25,4.228427012,0.7853979812,1.333476,2.206942,3.540418,44516,validated A*
open,40,navfn,20260913,0.575,4.375,2.325,2.175,1,1,0,1,0.25,2.856692561,2.951456073,1.333476,0.326548,1.660024,44516,returned
open,40,smac2d,20260913,0.575,4.375,2.325,2.175,1,1,0,1,0.25,2.842630002,0.363192527,1.333476,0.502237,1.835713,44516,returned
open,40,tdt_astar,20260913,0.575,4.375,2.325,2.175,1,1,0,1,0.25,2.924873645,0.7853979893,1.333476,1.484061,2.817537,44516,validated A*
open,40,tdt_qp,20260913,0.575,4.375,2.325,2.175,1,1,1,1,0.25,2.811138559,9.757473323e-05,1.333476,1.598707,2.932183,44516,validated minimum-jerk polyline
open,41,smac2d,20260913,-1.225,5.525,3.275,4.875,1,1,0,1,0.2081219406,4.646745154,1.924674011,1.333476,1.034627,2.368103,44516,returned
open,41,tdt_astar,20260913,-1.225,5.525,3.275,4.875,1,1,0,1,0.2081219406,4.976345569,1.570796412,1.333476,2.154029,3.487505,44516,validated A*
open,41,tdt_qp,20260913,-1.225,5.525,3.275,4.875,1,1,1,1,0.2081219406,4.650035967,0.7397495279,1.333476,3.74481,5.078286,44516,validated minimum-jerk polyline
open,41,navfn,20260913,-1.225,5.525,3.275,4.875,1,1,0,1,0.1831219406,4.677917667,3.084955285,1.333476,0.599128,1.932604,44516,returned
open,42,tdt_astar,20260913,-1.325,2.675,-0.575,-0.875,1,1,0,1,0.25,3.860660363,0.7853984858,1.333476,2.66237,3.995846,44516,validated A*
open,42,tdt_qp,20260913,-1.325,2.675,-0.575,-0.875,1,1,1,1,0.25,3.643174906,0.3165014462,1.333476,4.257378,5.590854,44516,validated minimum-jerk polyline
open,42,navfn,20260913,-1.325,2.675,-0.575,-0.875,1,1,0,1,0.25,3.634915749,2.422986178,1.333476,0.586371,1.919847,44516,returned
open,42,smac2d,20260913,-1.325,2.675,-0.575,-0.875,1,1,0,1,0.25,3.767350794,1.688092737,1.333476,1.16729,2.500766,44516,returned
open,43,tdt_qp,20260913,-0.825,-1.025,3.625,3.725,1,1,1,1,0.2081219406,6.508840142,8.92706207e-05,1.333476,3.379375,4.712851,44516,validated minimum-jerk polyline
open,43,navfn,20260913,-0.825,-1.025,3.625,3.725,1,1,0,1,0.2331219406,6.473781903,0.5704022387,1.333476,0.671653,2.005129,44516,returned
open,43,smac2d,20260913,-0.825,-1.025,3.625,3.725,1,1,0,1,0.2081219406,6.534754027,0.3651665564,1.333476,1.093324,2.4268,44516,returned
open,43,tdt_astar,20260913,-0.825,-1.025,3.625,3.725,1,1,0,1,0.2081219406,6.593250211,0.7853975035,1.333476,2.693801,4.027277,44516,validated A*
open,44,navfn,20260913,5.975,4.025,-2.325,0.125,1,1,0,1,0.25,9.249219599,4.338480663,1.333476,0.735084,2.06856,44516,returned
open,44,smac2d,20260913,5.975,4.025,-2.325,0.125,1,1,0,1,0.25,9.324957586,1.644817596,1.333476,4.786347,6.119823,44516,returned
open,44,tdt_astar,20260913,5.975,4.025,-2.325,0.125,1,1,0,1,0.25,9.895331939,3.092821946,1.333476,6.960126,8.293602,44516,validated A*
open,44,tdt_qp,20260913,5.975,4.025,-2.325,0.125,1,1,1,1,0.25,9.207226077,0.4235810163,1.333476,6.461758,7.795234,44516,validated minimum-jerk polyline
open,45,smac2d,20260913,-1.225,4.825,6.175,5.375,1,1,0,1,0.05812194057,7.534611497,1.590301849,1.333476,1.852881,3.186357,44516,returned
open,45,tdt_astar,20260913,-1.225,4.825,6.175,5.375,1,1,0,1,0.05812194057,8.083452117,2.356193927,1.333476,4.197889,5.531365,44516,validated A*
open,45,tdt_qp,20260913,-1.225,4.825,6.175,5.375,1,1,1,1,0.05812194057,7.579480144,0.7215379556,1.333476,4.538544,5.87202,44516,validated minimum-jerk polyline
open,45,navfn,20260913,-1.225,4.825,6.175,5.375,0,0,0,0,-0.4668780594,0,0,1.333476,0.823492,2.156968,44516,empty
open,46,tdt_astar,20260913,-0.225,4.125,1.825,4.025,1,1,0,1,0.25,2.052437575,2.525188392e-12,1.333476,1.507949,2.841425,44516,validated A*
open,46,tdt_qp,20260913,-0.225,4.125,1.825,4.025,1,1,1,1,0.25,2.052437575,1.584975849e-05,1.333476,1.432573,2.766049,44516,validated minimum-jerk polyline
open,46,navfn,20260913,-0.225,4.125,1.825,4.025,1,1,0,1,0.25,2.107054993,2.479929253,1.333476,0.309358,1.642834,44516,returned
open,46,smac2d,20260913,-0.225,4.125,1.825,4.025,1,1,0,1,0.25,2.057493409,0.4161749151,1.333476,0.795716,2.129192,44516,returned
open,47,tdt_qp,20260913,1.875,5.525,-1.375,-0.825,1,1,1,1,0.2081219406,7.211947598,0.5688667622,1.333476,6.35991,7.693386,44516,validated minimum-jerk polyline
open,47,navfn,20260913,1.875,5.525,-1.375,-0.825,1,1,0,1,0.1831219406,7.18325622,0.758729849,1.333476,1.211573,2.545049,44516,returned
open,47,smac2d,20260913,1.875,5.525,-1.375,-0.825,1,1,0,1,0.2081219406,7.234870237,1.393538293,1.333476,5.65864,6.992116,44516,returned
open,47,tdt_astar,20260913,1.875,5.525,-1.375,-0.825,1,1,0,1,0.2081219406,7.696194078,1.570796327,1.333476,4.5666,5.900076,44516,validated A*
open,48,navfn,20260913,5.025,3.375,0.375,-0.675,1,1,0,1,0.25,6.235519514,1.833544784,1.333476,0.615695,1.949171,44516,returned
open,48,smac2d,20260913,5.025,3.375,0.375,-0.675,1,1,0,1,0.25,6.219674731,0.3916062607,1.333476,1.354147,2.687623,44516,returned
open,48,tdt_astar,20260913,5.025,3.375,0.375,-0.675,1,1,0,1,0.25,6.327564872,0.7853981399,1.333476,3.085336,4.418812,44516,validated A*
open,48,tdt_qp,20260913,5.025,3.375,0.375,-0.675,1,1,1,1,0.25,6.166441437,9.904095037e-05,1.333476,3.545677,4.879153,44516,validated minimum-jerk polyline
open,49,smac2d,20260913,3.175,3.375,2.125,0.375,1,1,0,1,0.25,3.320848852,1.52707659,1.333476,1.882703,3.216179,44516,returned
open,49,tdt_astar,20260913,3.175,3.375,2.125,0.375,1,1,0,1,0.25,3.434924319,1.570796674,1.333476,2.321846,3.655322,44516,validated A*
open,49,tdt_qp,20260913,3.175,3.375,2.125,0.375,1,1,1,1,0.25,3.178702675,0.04460996435,1.333476,2.67468,4.008156,44516,validated minimum-jerk polyline
open,49,navfn,20260913,3.175,3.375,2.125,0.375,1,1,0,1,0.25,3.230721005,0.7488102651,1.333476,0.961389,2.294865,44516,returned
open,50,tdt_astar,20260913,3.425,-0.275,1.225,5.025,1,1,0,1,0.25,6.211269688,1.57079613,1.333476,2.872174,4.20565,44516,validated A*
open,50,tdt_qp,20260913,3.425,-0.275,1.225,5.025,1,1,1,1,0.25,5.745579599,0.3115618583,1.333476,3.795172,5.128648,44516,validated minimum-jerk polyline
open,50,navfn,20260913,3.425,-0.275,1.225,5.025,1,1,0,1,0.25,5.791883271,2.864532621,1.333476,0.649023,1.982499,44516,returned
open,50,smac2d,20260913,3.425,-0.275,1.225,5.025,1,1,0,1,0.25,5.955561844,1.364060412,1.333476,2.225361,3.558837,44516,returned
open,51,tdt_qp,20260913,-1.225,4.475,1.075,2.825,1,1,1,1,0.25,2.830635971,5.619769642e-05,1.333476,1.648458,2.981934,44516,validated minimum-jerk polyline
open,51,navfn,20260913,-1.225,4.475,1.075,2.825,1,1,0,1,0.25,2.910143506,2.361928865,1.333476,0.296368,1.629844,44516,returned
open,51,smac2d,20260913,-1.225,4.475,1.075,2.825,1,1,0,1,0.25,2.867819923,0.3939505985,1.333476,0.605743,1.939219,44516,returned
open,51,tdt_astar,20260913,-1.225,4.475,1.075,2.825,1,1,0,1,0.25,2.98345212,0.7853975787,1.333476,1.446326,2.779802,44516,validated A*
open,52,navfn,20260913,-0.825,-1.125,-2.275,2.525,1,1,0,1,0.1331219406,3.97961077,2.665114108,1.333476,0.318267,1.651743,44516,returned
open,52,smac2d,20260913,-0.825,-1.125,-2.275,2.525,1,1,0,1,0.1081219406,4.143048022,1.231783779,1.333476,1.057626,2.391102,44516,returned
open,52,tdt_astar,20260913,-0.825,-1.125,-2.275,2.525,1,1,0,1,0.1081219406,4.250609814,0.7853983323,1.333476,1.963077,3.296553,44516,validated A*
open,52,tdt_qp,20260913,-0.825,-1.125,-2.275,2.525,1,1,1,1,0.1081219406,3.989585861,0.6037425536,1.333476,2.059394,3.39287,44516,validated minimum-jerk polyline
open,53,smac2d,20260913,3.575,2.975,2.375,5.025,1,1,0,1,0.25,2.49175788,0.9214295568,1.333476,0.990314,2.32379,44516,returned
open,53,tdt_astar,20260913,3.575,2.975,2.375,5.025,1,1,0,1,0.25,2.547056219,0.7853980839,1.333476,3.837844,5.17132,44516,validated A*
open,53,tdt_qp,20260913,3.575,2.975,2.375,5.025,1,1,1,1,0.25,2.375394704,4.81977326e-05,1.333476,2.566277,3.899753,44516,validated minimum-jerk polyline
open,53,navfn,20260913,3.575,2.975,2.375,5.025,1,1,0,1,0.25,2.419312439,2.56294199,1.333476,0.350966,1.684442,44516,returned
open,54,tdt_astar,20260913,5.275,3.675,-0.775,0.675,1,1,0,1,0.25,7.272555023,2.306205139,1.333476,4.65699,5.990466,44516,validated A*
open,54,tdt_qp,20260913,5.275,3.675,-0.775,0.675,1,1,1,1,0.25,6.884339083,0.6905021905,1.333476,3.501225,4.834701,44516,validated minimum-jerk polyline
open,54,navfn,20260913,5.275,3.675,-0.775,0.675,1,1,0,1,0.25,6.82814457,1.545939068,1.333476,0.682421,2.015897,44516,returned
open,54,smac2d,20260913,5.275,3.675,-0.775,0.675,1,1,0,1,0.25,6.878630403,1.429951374,1.333476,2.740673,4.074149,44516,returned
open,55,tdt_qp,20260913,-2.275,5.475,-0.125,3.575,1,1,1,1,0.25,2.869233347,9.699362818e-05,1.333476,1.572761,2.906237,44516,validated minimum-jerk polyline
open,55,navfn,20260913,-2.275,5.475,-0.125,3.575,1,1,0,1,0.2331219406,2.904845928,1.910276417,1.333476,0.206781,1.540257,44516,returned
open,55,smac2d,20260913,-2.275,5.475,-0.125,3.575,1,1,0,1,0.25,2.887055696,0.3429935223,1.333476,0.478054,1.81153,44516,returned
open,55,tdt_astar,20260913,-2.275,5.475,-0.125,3.575,1,1,0,1,0.25,2.937005496,0.785396881,1.333476,1.393978,2.727454,44516,validated A*
open,56,navfn,20260913,2.025,5.175,-2.575,-0.825,1,1,0,1,0.1331219406,7.628546869,1.964262461,1.333476,0.720121,2.053597,44516,returned
open,56,smac2d,20260913,2.025,5.175,-2.575,-0.825,1,1,0,1,0.1581219406,7.666650597,0.5086451948,1.333476,2.349924,3.6834,44516,returned
open,56,tdt_astar,20260913,2.025,5.175,-2.575,-0.825,1,1,0,1,0.1581219406,7.920123601,0.7908626241,1.333476,5.22952,6.562996,44516,validated A*
open,56,tdt_qp,20260913,2.025,5.175,-2.575,-0.825,1,1,1,1,0.1581219406,7.629159084,0.4978541179,1.333476,6.401034,7.73451,44516,validated minimum-jerk polyline
open,57,smac2d,20260913,4.825,4.825,3.475,-0.275,1,1,0,1,0.25,5.57149206,1.190665971,1.333476,2.191716,3.525192,44516,returned
open,57,tdt_astar,20260913,4.825,4.825,3.475,-0.275,1,1,0,1,0.25,5.659187933,1.570795475,1.333476,2.781031,4.114507,44516,validated A*
open,57,tdt_qp,20260913,4.825,4.825,3.475,-0.275,1,1,1,1,0.25,5.310959943,0.405188461,1.333476,2.69549,4.028966,44516,validated minimum-jerk polyline
open,57,navfn,20260913,4.825,4.825,3.475,-0.275,1,1,0,1,0.25,5.329432695,0.7693041815,1.333476,0.505452,1.838928,44516,returned
open,58,tdt_astar,20260913,1.825,4.675,-1.175,2.175,1,1,0,1,0.25,4.035533785,0.7853977533,1.333476,1.758968,3.092444,44516,validated A*
open,58,tdt_qp,20260913,1.825,4.675,-1.175,2.175,1,1,1,1,0.25,3.905124838,7.358354296e-05,1.333476,1.965766,3.299242,44516,validated minimum-jerk polyline
open,58,navfn,20260913,1.825,4.675,-1.175,2.175,1,1,0,1,0.25,3.941555537,0.4492332236,1.333476,0.441324,1.7748,44516,returned
open,58,smac2d,20260913,1.825,4.675,-1.175,2.175,1,1,0,1,0.25,3.944956226,0.3958077908,1.333476,0.842975,2.176451,44516,returned
open,59,tdt_qp,20260913,2.825,0.475,-1.825,3.125,1,1,1,1,0.25,5.567076724,0.7621696947,1.333476,3.117979,4.451455,44516,validated minimum-jerk polyline
open,59,navfn,20260913,2.825,0.475,-1.825,3.125,1,1,0,1,0.25,5.405119009,3.142080472,1.333476,1.062014,2.39549,44516,returned
open,59,smac2d,20260913,2.825,0.475,-1.825,3.125,1,1,0,1,0.25,5.417585001,0.7515071438,1.333476,3.588879,4.922355,44516,returned
open,59,tdt_astar,20260913,2.825,0.475,-1.825,3.125,1,1,0,1,0.25,5.747666066,2.356194613,1.333476,3.161738,4.495214,44516,validated A*
open,60,navfn,20260913,-2.425,2.575,-0.275,2.875,1,1,0,1,0.25,2.16515187,2.067080996,1.333476,0.555982,1.889458,44516,returned
open,60,smac2d,20260913,-2.425,2.575,-0.275,2.875,1,1,0,1,0.25,2.208235148,1.060617081,1.333476,1.4292,2.762676,44516,returned
open,60,tdt_astar,20260913,-2.425,2.575,-0.275,2.875,1,1,0,1,0.25,2.274263922,0.7853978498,1.333476,1.466376,2.799852,44516,validated A*
open,60,tdt_qp,20260913,-2.425,2.575,-0.275,2.875,1,1,1,1,0.25,2.170829335,0.0001241668114,1.333476,1.852676,3.186152,44516,validated minimum-jerk polyline
open,61,smac2d,20260913,-2.075,3.225,2.225,0.875,1,1,0,1,0.25,4.989774005,1.149529241,1.333476,1.805508,3.138984,44516,returned
open,61,tdt_astar,20260913,-2.075,3.225,2.225,0.875,1,1,0,1,0.25,5.24484933,0.7645681501,1.333476,2.679031,4.012507,44516,validated A*
open,61,tdt_qp,20260913,-2.075,3.225,2.225,0.875,1,1,1,1,0.25,4.963636841,0.5714035378,1.333476,2.286625,3.620101,44516,validated minimum-jerk polyline
open,61,navfn,20260913,-2.075,3.225,2.225,0.875,1,1,0,1,0.25,4.988519168,2.886972277,1.333476,0.498835,1.832311,44516,returned
open,62,tdt_astar,20260913,-1.025,2.425,5.725,4.125,1,1,0,1,0.25,7.454162977,1.570796279,1.333476,3.136094,4.46957,44516,validated A*
open,62,tdt_qp,20260913,-1.025,2.425,5.725,4.125,1,1,1,1,0.25,7.016862283,0.3919150791,1.333476,3.48378,4.817256,44516,validated minimum-jerk polyline
open,62,navfn,20260913,-1.025,2.425,5.725,4.125,1,1,0,1,0.25,7.077325828,8.621710912,1.333476,0.733552,2.067028,44516,returned
open,62,smac2d,20260913,-1.025,2.425,5.725,4.125,1,1,0,1,0.25,7.29721924,1.276225046,1.333476,4.456463,5.789939,44516,returned
open,63,tdt_qp,20260913,2.325,-0.975,5.875,2.225,1,1,1,1,0.25,4.779382805,0.0001473137475,1.333476,3.187587,4.521063,44516,validated minimum-jerk polyline
open,63,navfn,20260913,2.325,-0.975,5.875,2.225,1,1,0,1,0.25,4.744589005,0.5626096797,1.333476,0.942598,2.276074,44516,returned
open,63,smac2d,20260913,2.325,-0.975,5.875,2.225,1,1,0,1,0.25,4.809164074,0.3544601269,1.333476,1.302471,2.635947,44516,returned
open,63,tdt_astar,20260913,2.325,-0.975,5.875,2.225,1,1,0,1,0.25,4.875483612,0.7853986541,1.333476,2.680306,4.013782,44516,validated A*
open,64,navfn,20260913,-2.025,3.575,-2.475,0.075,1,1,0,1,0.2331219406,3.58868688,2.36171212,1.333476,0.345974,1.67945,44516,returned
open,64,smac2d,20260913,-2.025,3.575,-2.475,0.075,1,1,0,1,0.25,3.580711617,1.458533686,1.333476,1.105031,2.438507,44516,returned
open,64,tdt_astar,20260913,-2.025,3.575,-2.475,0.075,1,1,0,1,0.25,3.893502974,1.570796896,1.333476,2.248049,3.581525,44516,validated A*
open,64,tdt_qp,20260913,-2.025,3.575,-2.475,0.075,1,1,1,1,0.25,3.579355205,0.5961600302,1.333476,2.264935,3.598411,44516,validated minimum-jerk polyline
open,65,smac2d,20260913,4.075,1.825,-0.525,-0.175,1,1,0,1,0.25,5.211840128,1.307007501,1.333476,1.64811,2.981586,44516,returned
open,65,tdt_astar,20260913,4.075,1.825,-0.525,-0.175,1,1,0,1,0.25,5.428427047,0.7853980983,1.333476,2.344475,3.677951,44516,validated A*
open,65,tdt_qp,20260913,4.075,1.825,-0.525,-0.175,1,1,1,1,0.25,5.138173233,0.7479069023,1.333476,2.481266,3.814742,44516,validated minimum-jerk polyline
open,65,navfn,20260913,4.075,1.825,-0.525,-0.175,1,1,0,1,0.25,5.072702357,1.819988067,1.333476,0.62405,1.957526,44516,returned
open,66,tdt_astar,20260913,0.425,4.325,5.925,0.675,1,1,0,1,0.25,6.941581955,0.7522974928,1.333476,3.690815,5.024291,44516,validated A*
open,66,tdt_qp,20260913,0.425,4.325,5.925,0.675,1,1,1,1,0.25,6.643280996,0.4140628404,1.333476,6.027356,7.360832,44516,validated minimum-jerk polyline
open,66,navfn,20260913,0.425,4.325,5.925,0.675,1,1,0,1,0.25,6.640777489,2.600418517,1.333476,1.593807,2.927283,44516,returned
open,66,smac2d,20260913,0.425,4.325,5.925,0.675,1,1,0,1,0.25,6.698719404,0.5698225887,1.333476,4.390202,5.723678,44516,returned
open,67,tdt_qp,20260913,4.375,-0.775,0.225,4.625,1,1,1,1,0.25,6.811237234,0.05847178845,1.333476,4.433727,5.767203,44516,validated minimum-jerk polyline
open,67,navfn,20260913,4.375,-0.775,0.225,4.625,1,1,0,1,0.25,6.848061505,2.348954446,1.333476,0.668741,2.002217,44516,returned
open,67,smac2d,20260913,4.375,-0.775,0.225,4.625,1,1,0,1,0.25,6.904598206,0.5009970205,1.333476,2.046031,3.379507,44516,returned
open,67,tdt_astar,20260913,4.375,-0.775,0.225,4.625,1,1,0,1,0.25,7.118986155,1.570795861,1.333476,2.96007,4.293546,44516,validated A*
open,68,navfn,20260913,3.425,3.125,4.725,4.725,1,1,0,1,0.25,2.028170283,0.5418643946,1.333476,0.257007,1.590483,44516,returned
open,68,smac2d,20260913,3.425,3.125,4.725,4.725,1,1,0,1,0.25,2.083432796,0.3838744235,1.333476,0.38088,1.714356,44516,returned
open,68,tdt_astar,20260913,3.425,3.125,4.725,4.725,1,1,0,1,0.25,2.138477845,0.7853995083,1.333476,1.512257,2.845733,44516,validated A*
open,68,tdt_qp,20260913,3.425,3.125,4.725,4.725,1,1,1,1,0.25,2.061552813,0.0001337972375,1.333476,2.135937,3.469413,44516,validated minimum-jerk polyline
open,69,smac2d,20260913,-0.425,5.175,3.175,0.925,1,1,0,1,0.25,5.625544926,0.4130008928,1.333476,2.171927,3.505403,44516,returned
open,69,tdt_astar,20260913,-0.425,5.175,3.175,0.925,1,1,0,1,0.25,5.741168763,0.7853980702,1.333476,3.026848,4.360324,44516,validated A*
open,69,tdt_qp,20260913,-0.425,5.175,3.175,0.925,1,1,1,1,0.25,5.569784556,4.272353046e-05,1.333476,3.827549,5.161025,44516,validated minimum-jerk polyline
open,69,navfn,20260913,-0.425,5.175,3.175,0.925,1,1,0,1,0.25,5.609085567,2.506086565,1.333476,0.654652,1.988128,44516,returned
open,70,tdt_astar,20260913,0.375,1.175,-1.025,5.575,1,1,0,1,0.1581219406,4.979899027,1.570796399,1.333476,2.998739,4.332215,44516,validated A*
open,70,tdt_qp,20260913,0.375,1.175,-1.025,5.575,1,1,1,1,0.1581219406,4.618298552,0.1290643371,1.333476,4.056948,5.390424,44516,validated minimum-jerk polyline
open,70,navfn,20260913,0.375,1.175,-1.025,5.575,1,1,0,1,0.1331219406,4.670832019,2.339312942,1.333476,0.628755,1.962231,44516,returned
open,70,smac2d,20260913,0.375,1.175,-1.025,5.575,1,1,0,1,0.1581219406,4.88298547,1.218028243,1.333476,1.447377,2.780853,44516,returned
open,71,tdt_qp,20260913,3.125,1.275,-1.025,4.575,1,1,1,1,0.25,5.309923264,0.2564583652,1.333476,2.611254,3.94473,44516,validated minimum-jerk polyline
open,71,navfn,20260913,3.125,1.275,-1.025,4.575,1,1,0,1,0.25,5.341370691,2.321276812,1.333476,0.677735,2.011211,44516,returned
open,71,smac2d,20260913,3.125,1.275,-1.025,4.575,1,1,0,1,0.25,5.368369076,0.4506995442,1.333476,1.285138,2.618614,44516,returned
open,71,tdt_astar,20260913,3.125,1.275,-1.025,4.575,1,1,0,1,0.25,5.516904728,1.570796333,1.333476,2.604861,3.938337,44516,validated A*
open,72,navfn,20260913,4.325,4.925,-0.075,5.525,1,1,0,1,0.1831219406,4.5484616,4.128015197,1.333476,0.422459,1.755935,44516,returned
open,72,smac2d,20260913,4.325,4.925,-0.075,5.525,1,1,0,1,0.2081219406,4.538081613,1.785280442,1.333476,1.128815,2.462291,44516,returned
open,72,tdt_astar,20260913,4.325,4.925,-0.075,5.525,1,1,0,1,0.2081219406,4.855634705,1.570796349,1.333476,3.90362,5.237096,44516,validated A*
open,72,tdt_qp,20260913,4.325,4.925,-0.075,5.525,1,1,1,1,0.2081219406,4.525791919,0.6852915865,1.333476,3.566679,4.900155,44516,validated minimum-jerk polyline
open,73,smac2d,20260913,-2.175,2.425,5.275,1.775,1,1,0,1,0.25,7.596393383,1.909573416,1.333476,3.189612,4.523088,44516,returned
open,73,tdt_astar,20260913,-2.175,2.425,5.275,1.775,1,1,0,1,0.25,7.659402159,1.540193614,1.333476,3.863426,5.196902,44516,validated A*
open,73,tdt_qp,20260913,-2.175,2.425,5.275,1.775,1,1,1,1,0.25,7.478771933,0.07220589174,1.333476,2.9726,4.306076,44516,validated minimum-jerk polyline
open,73,navfn,20260913,-2.175,2.425,5.275,1.775,1,1,0,1,0.25,7.583282057,2.910868763,1.333476,0.643941,1.977417,44516,returned
open,74,tdt_astar,20260913,5.375,-0.325,2.575,4.725,1,1,0,1,0.25,6.209797661,0.785397917,1.333476,2.580389,3.913865,44516,validated A*
open,74,tdt_qp,20260913,5.375,-0.325,2.575,4.725,1,1,1,1,0.25,5.881853362,0.6702684087,1.333476,2.767756,4.101232,44516,validated minimum-jerk polyline
open,74,navfn,20260913,5.375,-0.325,2.575,4.725,1,1,0,1,0.25,5.821206199,2.276911826,1.333476,0.520351,1.853827,44516,returned
open,74,smac2d,20260913,5.375,-0.325,2.575,4.725,1,1,0,1,0.25,5.845055536,0.8811959407,1.333476,2.046096,3.379572,44516,returned
open,75,tdt_qp,20260913,0.275,4.075,5.575,4.125,1,1,1,1,0.25,5.300235844,8.302006707e-06,1.333476,2.505634,3.83911,44516,validated minimum-jerk polyline
open,75,navfn,20260913,0.275,4.075,5.575,4.125,1,1,0,1,0.25,5.285355339,0.7853981634,1.333476,1.137749,2.471225,44516,returned
open,75,smac2d,20260913,0.275,4.075,5.575,4.125,1,1,0,1,0.25,5.303469765,0.1977944082,1.333476,1.37651,2.709986,44516,returned
open,75,tdt_astar,20260913,0.275,4.075,5.575,4.125,1,1,0,1,0.25,5.300235844,6.833440064e-13,1.333476,2.783766,4.117242,44516,validated A*
open,76,navfn,20260913,2.475,1.025,0.575,5.675,0,0,0,0,-0.4668780594,0,0,1.333476,1.612282,2.945758,44516,empty
open,76,smac2d,20260913,2.475,1.025,0.575,5.675,1,1,0,1,0.05812194057,5.241319484,1.287759668,1.333476,2.939867,4.273343,44516,returned
open,76,tdt_astar,20260913,2.475,1.025,0.575,5.675,1,1,0,1,0.05812194057,5.437005977,1.570797959,1.333476,4.663573,5.997049,44516,validated A*
open,76,tdt_qp,20260913,2.475,1.025,0.575,5.675,1,1,1,1,0.05812194057,5.082885951,0.5253882404,1.333476,3.924457,5.257933,44516,validated minimum-jerk polyline
open,77,smac2d,20260913,5.525,2.875,0.775,2.125,1,1,0,1,0.25,4.967350794,1.688123504,1.333476,1.623973,2.957449,44516,returned
open,77,tdt_astar,20260913,5.525,2.875,0.775,2.125,1,1,0,1,0.25,5.040075728,2.111215939,1.333476,1.900505,3.233981,44516,validated A*
open,77,tdt_qp,20260913,5.525,2.875,0.775,2.125,1,1,1,1,0.25,4.810657151,0.09607278198,1.333476,2.157901,3.491377,44516,validated minimum-jerk polyline
open,77,navfn,20260913,5.525,2.875,0.775,2.125,1,1,0,1,0.25,4.903246088,1.850185712,1.333476,0.479402,1.812878,44516,returned
open,78,tdt_astar,20260913,-1.525,-0.725,2.975,3.325,1,1,0,1,0.25,6.177564872,1.570796325,1.333476,2.512668,3.846144,44516,validated A*
open,78,tdt_qp,20260913,-1.525,-0.725,2.975,3.325,1,1,1,1,0.25,6.054401768,0.03297550093,1.333476,4.309157,5.642633,44516,validated minimum-jerk polyline
open,78,navfn,20260913,-1.525,-0.725,2.975,3.325,1,1,0,1,0.25,6.019762074,0.8974302019,1.333476,0.782812,2.116288,44516,returned
open,78,smac2d,20260913,-1.525,-0.725,2.975,3.325,1,1,0,1,0.25,6.095321195,0.3631925998,1.333476,2.571997,3.905473,44516,returned
open,79,tdt_qp,20260913,2.925,-0.725,4.325,2.425,1,1,1,1,0.25,3.467888158,0.3784303102,1.333476,2.610481,3.943957,44516,validated minimum-jerk polyline
open,79,navfn,20260913,2.925,-0.725,4.325,2.425,1,1,0,1,0.25,3.45761464,2.876437987,1.333476,0.416317,1.749793,44516,returned
open,79,smac2d,20260913,2.925,-0.725,4.325,2.425,1,1,0,1,0.25,3.632985577,1.216607178,1.333476,1.397813,2.731289,44516,returned
open,79,tdt_astar,20260913,2.925,-0.725,4.325,2.425,1,1,0,1,0.25,3.72989888,0.7853980203,1.333476,1.753522,3.086998,44516,validated A*
open,80,navfn,20260913,1.425,-0.725,-0.075,5.575,1,1,0,1,0.1331219406,6.518877368,2.755244718,1.333476,0.786893,2.120369,44516,returned
open,80,smac2d,20260913,1.425,-0.725,-0.075,5.575,1,1,0,1,0.1581219406,6.803505343,1.238866957,1.333476,2.223652,3.557128,44516,returned
open,80,tdt_astar,20260913,1.425,-0.725,-0.075,5.575,1,1,0,1,0.1581219406,6.921320274,1.570796174,1.333476,3.301436,4.634912,44516,validated A*
open,80,tdt_qp,20260913,1.425,-0.725,-0.075,5.575,1,1,1,1,0.1581219406,6.483450455,0.2916910048,1.333476,3.635939,4.969415,44516,validated minimum-jerk polyline
open,81,smac2d,20260913,3.425,4.675,0.475,0.025,1,1,0,1,0.25,5.583823971,0.5718129883,1.333476,1.881899,3.215375,44516,returned
open,81,tdt_astar,20260913,3.425,4.675,0.475,0.025,1,1,0,1,0.25,5.871929959,1.570796256,1.333476,3.351023,4.684499,44516,validated A*
open,81,tdt_qp,20260913,3.425,4.675,0.475,0.025,1,1,1,1,0.25,5.506813961,6.760865891e-05,1.333476,3.354168,4.687644,44516,validated minimum-jerk polyline
open,81,navfn,20260913,3.425,4.675,0.475,0.025,1,1,0,1,0.25,5.549900919,0.587931726,1.333476,0.909014,2.24249,44516,returned
open,82,tdt_astar,20260913,1.625,3.725,2.875,1.325,1,1,0,1,0.25,2.917767023,1.570796518,1.333476,2.489536,3.823012,44516,validated A*
open,82,tdt_qp,20260913,1.625,3.725,2.875,1.325,1,1,1,1,0.25,2.706011826,0.0002351179818,1.333476,2.949574,4.28305,44516,validated minimum-jerk polyline
open,82,navfn,20260913,1.625,3.725,2.875,1.325,1,1,0,1,0.25,2.758278536,2.481137794,1.333476,0.487852,1.821328,44516,returned
open,82,smac2d,20260913,1.625,3.725,2.875,1.325,1,1,0,1,0.25,2.850296913,1.104602698,1.333476,0.962009,2.295485,44516,returned
open,83,tdt_qp,20260913,5.325,2.625,1.325,-0.525,1,1,1,1,0.25,5.092115401,0.06261770165,1.333476,2.768697,4.102173,44516,validated minimum-jerk polyline
open,83,navfn,20260913,5.325,2.625,1.325,-0.525,1,1,0,1,0.25,5.128461167,0.3886026669,1.333476,0.5146,1.848076,44516,returned
open,83,smac2d,20260913,5.325,2.625,1.325,-0.525,1,1,0,1,0.25,5.156229187,0.4315296402,1.333476,1.186915,2.520391,44516,returned
open,83,tdt_astar,20260913,5.325,2.625,1.325,-0.525,1,1,0,1,0.25,5.30477261,0.7853981028,1.333476,2.521236,3.854712,44516,validated A*
open,84,navfn,20260913,3.125,2.075,6.125,1.275,1,1,0,1,0.08312194057,3.172297927,4.28987288,1.333476,0.428033,1.761509,44516,returned
open,84,smac2d,20260913,3.125,2.075,6.125,1.275,1,1,0,1,0.1081219406,3.237958006,1.693458765,1.333476,0.73076,2.064236,44516,returned
open,84,tdt_astar,20260913,3.125,2.075,6.125,1.275,1,1,0,1,0.1081219406,3.331370727,0.7853979412,1.333476,2.167579,3.501055,44516,validated A*
open,84,tdt_qp,20260913,3.125,2.075,6.125,1.275,1,1,1,1,0.1081219406,3.107390718,0.1413099637,1.333476,2.260368,3.593844,44516,validated minimum-jerk polyline
open,85,smac2d,20260913,4.025,4.125,-2.475,0.825,1,1,0,1,0.25,7.395093213,1.40607607,1.333476,3.324001,4.657477,44516,returned
open,85,tdt_astar,20260913,4.025,4.125,-2.475,0.825,1,1,0,1,0.25,7.866904764,2.356194489,1.333476,5.917176,7.250652,44516,validated A*
open,85,tdt_qp,20260913,4.025,4.125,-2.475,0.825,1,1,1,1,0.25,7.478605925,0.6663265439,1.333476,6.33762,7.671096,44516,validated minimum-jerk polyline
open,85,navfn,20260913,4.025,4.125,-2.475,0.825,1,1,0,1,0.2331219406,7.39885586,3.165591666,1.333476,0.778672,2.112148,44516,returned
open,86,tdt_astar,20260913,1.625,0.975,4.675,-0.675,1,1,0,1,0.25,3.733452507,0.7853983378,1.333476,2.186794,3.52027,44516,validated A*
open,86,tdt_qp,20260913,1.625,0.975,4.675,-0.675,1,1,1,1,0.25,3.490406113,0.4019463548,1.333476,2.176782,3.510258,44516,validated minimum-jerk polyline
open,86,navfn,20260913,1.625,0.975,4.675,-0.675,1,1,0,1,0.25,3.463241095,1.038961433,1.333476,0.528478,1.861954,44516,returned
open,86,smac2d,20260913,1.625,0.975,4.675,-0.675,1,1,0,1,0.25,3.587260273,1.186973792,1.333476,1.123187,2.456663,44516,returned
open,87,tdt_qp,20260913,-1.875,4.775,5.425,-0.475,1,1,1,1,0.25,9.239549859,1.404458272,1.333476,4.916875,6.250351,44516,validated minimum-jerk polyline
open,87,navfn,20260913,-1.875,4.775,5.425,-0.475,1,1,0,1,0.25,9.030187179,2.311389269,1.333476,0.817044,2.15052,44516,returned
open,87,smac2d,20260913,-1.875,4.775,5.425,-0.475,1,1,0,1,0.25,9.128557165,0.6266907089,1.333476,5.784044,7.11752,44516,returned
open,87,tdt_astar,20260913,-1.875,4.775,5.425,-0.475,1,1,0,1,0.25,9.446011815,1.551567979,1.333476,7.620613,8.954089,44516,validated A*
open,88,navfn,20260913,2.625,-0.575,4.875,-0.425,1,1,0,1,0.25,2.244831356,1.681376348,1.333476,0.724809,2.058285,44516,returned
open,88,smac2d,20260913,2.625,-0.575,4.875,-0.425,1,1,0,1,0.25,2.266382777,0.6330450464,1.333476,0.590516,1.923992,44516,returned
open,88,tdt_astar,20260913,2.625,-0.575,4.875,-0.425,1,1,0,1,0.25,2.31213204,0.7853980272,1.333476,2.094285,3.427761,44516,validated A*
open,88,tdt_qp,20260913,2.625,-0.575,4.875,-0.425,1,1,1,1,0.25,2.254994457,2.783462171e-05,1.333476,1.696383,3.029859,44516,validated minimum-jerk polyline
open,89,smac2d,20260913,-0.475,3.475,5.075,2.725,1,1,0,1,0.25,5.767350794,1.688123514,1.333476,1.444478,2.777954,44516,returned
open,89,tdt_astar,20260913,-0.475,3.475,5.075,2.725,1,1,0,1,0.25,5.860659874,0.785397766,1.333476,2.364067,3.697543,44516,validated A*
open,89,tdt_qp,20260913,-0.475,3.475,5.075,2.725,1,1,1,1,0.25,5.631087614,0.3811309196,1.333476,2.592135,3.925611,44516,validated minimum-jerk polyline
open,89,navfn,20260913,-0.475,3.475,5.075,2.725,1,1,0,1,0.25,5.702691534,3.437409751,1.333476,0.668666,2.002142,44516,returned
open,90,tdt_astar,20260913,1.375,5.675,2.925,3.975,1,1,0,1,0.05812194057,2.342030994,0.7853981326,1.333476,1.325375,2.658851,44516,validated A*
open,90,tdt_qp,20260913,1.375,5.675,2.925,3.975,1,1,1,1,0.05812194057,2.300543414,0.000105173399,1.333476,1.513522,2.846998,44516,validated minimum-jerk polyline
open,90,navfn,20260913,1.375,5.675,2.925,3.975,1,1,0,0,0.03312194057,2.362902456,3.316586378,1.333476,0.212091,1.545567,44516,returned
open,90,smac2d,20260913,1.375,5.675,2.925,3.975,1,1,0,1,0.05812194057,2.309168582,0.2927757923,1.333476,0.675719,2.009195,44516,returned
open,91,tdt_qp,20260913,5.625,5.325,5.375,2.475,1,1,1,1,0.25,2.8609439,0.0001480981113,1.333476,4.236808,5.570284,44516,validated minimum-jerk polyline
open,91,navfn,20260913,5.625,5.325,5.375,2.475,1,1,0,1,0.25,2.914787964,0.8000793482,1.333476,0.458457,1.791933,44516,returned
open,91,smac2d,20260913,5.625,5.325,5.375,2.475,1,1,0,1,0.25,2.878519728,0.9616901215,1.333476,0.758637,2.092113,44516,returned
open,91,tdt_astar,20260913,5.625,5.325,5.375,2.475,1,1,0,1,0.25,2.914781507,0.5070985044,1.333476,3.072439,4.405915,44516,validated A*
open,92,navfn,20260913,-0.125,1.975,-0.625,-0.375,1,1,0,1,0.25,2.455278691,0.7725691215,1.333476,1.275168,2.608644,44516,returned
open,92,smac2d,20260913,-0.125,1.975,-0.625,-0.375,1,1,0,1,0.25,2.482713093,1.36612968,1.333476,1.384024,2.7175,44516,returned
open,92,tdt_astar,20260913,-0.125,1.975,-0.625,-0.375,1,1,0,1,0.25,2.557106781,1.570796533,1.333476,1.736348,3.069824,44516,validated A*
open,92,tdt_qp,20260913,-0.125,1.975,-0.625,-0.375,1,1,1,1,0.25,2.402602755,6.681378687e-05,1.333476,2.086152,3.419628,44516,validated minimum-jerk polyline
open,93,smac2d,20260913,3.625,1.175,-2.025,-1.125,1,1,0,1,0.1081219406,6.326910612,1.374775634,1.333476,2.340207,3.673683,44516,returned
open,93,tdt_astar,20260913,3.625,1.175,-2.025,-1.125,1,1,0,1,0.1081219406,6.632766172,0.8076167821,1.333476,3.674568,5.008044,44516,validated A*
open,93,tdt_qp,20260913,3.625,1.175,-2.025,-1.125,1,1,1,1,0.1081219406,6.326084562,0.9011374626,1.333476,3.825131,5.158607,44516,validated minimum-jerk polyline
open,93,navfn,20260913,3.625,1.175,-2.025,-1.125,1,1,0,1,0.1081219406,6.163791572,2.609916374,1.333476,0.737219,2.070695,44516,returned
open,94,tdt_astar,20260913,-1.125,1.875,1.475,4.075,1,1,0,1,0.25,3.511269697,0.7853975348,1.333476,2.329021,3.662497,44516,validated A*
open,94,tdt_qp,20260913,-1.125,1.875,1.475,4.075,1,1,1,1,0.25,3.405877273,5.796579386e-05,1.333476,2.950682,4.284158,44516,validated minimum-jerk polyline
open,94,navfn,20260913,-1.125,1.875,1.475,4.075,1,1,0,1,0.25,3.371545674,0.5149418841,1.333476,0.611025,1.944501,44516,returned
open,94,smac2d,20260913,-1.125,1.875,1.475,4.075,1,1,0,1,0.25,3.437110321,0.3577729435,1.333476,1.580059,2.913535,44516,returned
open,95,tdt_qp,20260913,4.275,-0.675,2.825,4.025,1,1,1,1,0.25,4.920454769,0.172288276,1.333476,3.37112,4.704596,44516,validated minimum-jerk polyline
open,95,navfn,20260913,4.275,-0.675,2.825,4.025,1,1,0,1,0.25,5.020712271,2.824431384,1.333476,0.66455,1.998026,44516,returned
open,95,smac2d,20260913,4.275,-0.675,2.825,4.025,1,1,0,1,0.25,5.19304802,1.231944119,1.333476,1.711554,3.04503,44516,returned
open,95,tdt_astar,20260913,4.275,-0.675,2.825,4.025,1,1,0,1,0.25,5.300609517,1.570796076,1.333476,2.611704,3.94518,44516,validated A*
open,96,navfn,20260913,6.175,0.825,3.025,0.575,1,1,0,0,0.03312194057,3.234236535,0.788568119,1.333476,0.351748,1.685224,44516,returned
open,96,smac2d,20260913,6.175,0.825,3.025,0.575,1,1,0,1,0.05812194057,3.178516127,0.9694289138,1.333476,0.809524,2.143,44516,returned
open,96,tdt_astar,20260913,6.175,0.825,3.025,0.575,1,1,0,1,0.05812194057,3.253553396,0.7853980845,1.333476,1.4052,2.738676,44516,validated A*
open,96,tdt_qp,20260913,6.175,0.825,3.025,0.575,1,1,1,1,0.05812194057,3.159905062,4.627737365e-05,1.333476,1.525899,2.859375,44516,validated minimum-jerk polyline
open,97,smac2d,20260913,5.725,2.225,3.375,1.825,1,1,0,1,0.25,2.429429275,1.331550044,1.333476,0.460966,1.794442,44516,returned
open,97,tdt_astar,20260913,5.725,2.225,3.375,1.825,1,1,0,1,0.25,2.515685498,0.7853982964,1.333476,1.305825,2.639301,44516,validated A*
open,97,tdt_qp,20260913,5.725,2.225,3.375,1.825,1,1,1,1,0.25,2.383799488,4.038451955e-05,1.333476,1.441073,2.774549,44516,validated minimum-jerk polyline
open,97,navfn,20260913,5.725,2.225,3.375,1.825,1,1,0,1,0.25,2.392650217,1.285303895,1.333476,0.22549,1.558966,44516,returned
open,98,tdt_astar,20260913,3.125,3.125,-1.775,-0.825,1,1,0,1,0.25,6.521976625,1.543775906,1.333476,3.306978,4.640454,44516,validated A*
open,98,tdt_qp,20260913,3.125,3.125,-1.775,-0.825,1,1,1,1,0.25,6.309237391,0.2218487186,1.333476,4.119161,5.452637,44516,validated minimum-jerk polyline
open,98,navfn,20260913,3.125,3.125,-1.775,-0.825,1,1,0,1,0.25,6.330616746,0.3549085193,1.333476,1.270852,2.604328,44516,returned
open,98,smac2d,20260913,3.125,3.125,-1.775,-0.825,1,1,0,1,0.25,6.371129739,0.4378293624,1.333476,2.109885,3.443361,44516,returned
open,99,tdt_qp,20260913,4.225,0.175,1.525,5.425,1,1,1,1,0.25,5.950454433,0.4383459273,1.333476,6.361296,7.694772,44516,validated minimum-jerk polyline
open,99,navfn,20260913,4.225,0.175,1.525,5.425,1,1,0,1,0.25,5.952840571,2.593407859,1.333476,0.779264,2.11274,44516,returned
open,99,smac2d,20260913,4.225,0.175,1.525,5.425,1,1,0,1,0.25,6.014286043,1.347175973,1.333476,2.580308,3.913784,44516,returned
open,99,tdt_astar,20260913,4.225,0.175,1.525,5.425,1,1,0,1,0.25,6.368376737,1.570796914,1.333476,3.382773,4.716249,44516,validated A*
wall_detour,0,navfn,20260913,-1.025,2.175,4.375,-1.125,1,1,0,0,0.004820997173,9.692713915,14.16621,1.054629,0.705623,1.760252,44516,returned
wall_detour,0,smac2d,20260913,-1.025,2.175,4.375,-1.125,1,1,0,0,0.0419161108,9.753871325,6.411558927,1.054629,5.087598,6.142227,44516,returned
wall_detour,0,tdt_astar,20260913,-1.025,2.175,4.375,-1.125,1,1,0,1,0.1081219406,11.25112356,3.889033994,1.054629,7.649301,8.70393,44516,validated A*
wall_detour,0,tdt_qp,20260913,-1.025,2.175,4.375,-1.125,1,1,1,1,0.1081219406,10.52495704,2.432526077,1.054629,9.791499,10.846128,44516,validated minimum-jerk polyline
wall_detour,1,smac2d,20260913,-1.025,2.675,3.275,1.325,1,1,0,0,0.04191671249,6.854836019,5.177696276,1.054629,3.691831,4.74646,45668,returned
wall_detour,1,tdt_astar,20260913,-1.025,2.675,3.275,1.325,1,1,0,1,0.25,7.93406279,2.356194601,1.054629,4.543852,5.598481,45668,validated A*
wall_detour,1,tdt_qp,20260913,-1.025,2.675,3.275,1.325,1,1,1,1,0.25,7.378483827,2.310295084,1.054629,4.864096,5.918725,45668,validated minimum-jerk polyline
wall_detour,1,navfn,20260913,-1.025,2.675,3.275,1.325,1,1,0,0,0.004820997173,6.761453746,14.20383538,1.054629,0.615948,1.670577,45668,returned
wall_detour,2,tdt_astar,20260913,4.725,4.975,-0.325,0.975,1,1,0,1,0.25,8.024873767,2.356194405,1.054629,5.938695,6.993324,45668,validated A*
wall_detour,2,tdt_qp,20260913,4.725,4.975,-0.325,0.975,1,1,1,1,0.25,7.579478126,1.591022087,1.054629,7.772372,8.827001,45668,validated minimum-jerk polyline
wall_detour,2,navfn,20260913,4.725,4.975,-0.325,0.975,1,1,0,0,0.04790344762,7.140616734,4.721788053,1.054629,0.797544,1.852173,45668,returned
wall_detour,2,smac2d,20260913,4.725,4.975,-0.325,0.975,1,1,0,0,0.04295272199,7.215000923,4.388789672,1.054629,3.20019,4.254819,45668,returned
wall_detour,3,tdt_qp,20260913,2.975,3.475,3.875,0.425,1,1,1,1,0.25,3.196780253,0.3530022524,1.054629,1.861437,2.916066,45668,validated minimum-jerk polyline
wall_detour,3,navfn,20260913,2.975,3.475,3.875,0.425,1,1,0,1,0.25,3.235613407,2.388408189,1.054629,0.362797,1.417426,45668,returned
wall_detour,3,smac2d,20260913,2.975,3.475,3.875,0.425,1,1,0,1,0.25,3.306663181,1.872949145,1.054629,0.828475,1.883104,45668,returned
wall_detour,3,tdt_astar,20260913,2.975,3.475,3.875,0.425,1,1,0,1,0.25,3.42279229,0.7853983223,1.054629,1.62069,2.675319,45668,validated A*
wall_detour,4,navfn,20260913,-0.425,1.225,0.875,3.725,1,1,0,1,0.25,2.801496674,1.737772358,1.054629,0.332933,1.387562,45668,returned
wall_detour,4,smac2d,20260913,-0.425,1.225,0.875,3.725,1,1,0,1,0.25,2.960340012,1.14433738,1.054629,1.102186,2.156815,45668,returned
wall_detour,4,tdt_astar,20260913,-0.425,1.225,0.875,3.725,1,1,0,1,0.25,3.038477653,0.7853981787,1.054629,1.909545,2.964174,45668,validated A*
wall_detour,4,tdt_qp,20260913,-0.425,1.225,0.875,3.725,1,1,1,1,0.25,2.819213607,0.1101739323,1.054629,2.096645,3.151274,45668,validated minimum-jerk polyline
wall_detour,5,smac2d,20260913,0.175,-1.025,-2.575,-0.425,1,1,0,1,0.1581219406,2.906181778,1.606324759,1.054629,0.986582,2.041211,45668,returned
wall_detour,5,tdt_astar,20260913,0.175,-1.025,-2.575,-0.425,1,1,0,1,0.1581219406,2.998528185,0.785398265,1.054629,3.096653,4.151282,45668,validated A*
wall_detour,5,tdt_qp,20260913,0.175,-1.025,-2.575,-0.425,1,1,1,1,0.1581219406,2.814693589,1.178618203e-05,1.054629,3.145937,4.200566,45668,validated minimum-jerk polyline
wall_detour,5,navfn,20260913,0.175,-1.025,-2.575,-0.425,1,1,0,1,0.1581219406,2.878370301,2.472140919,1.054629,0.416344,1.470973,45668,returned
wall_detour,6,tdt_astar,20260913,0.525,5.575,2.425,-0.775,1,1,0,1,0.1581219406,8.55121965,3.141592419,1.054629,7.249171,8.3038,45668,validated A*
wall_detour,6,tdt_qp,20260913,0.525,5.575,2.425,-0.775,1,1,1,1,0.1581219406,7.996894406,1.952855801,1.054629,6.248313,7.302942,45668,validated minimum-jerk polyline
wall_detour,6,navfn,20260913,0.525,5.575,2.425,-0.775,1,1,0,0,0.004820997173,7.164601174,7.434718459,1.054629,0.702542,1.757171,45668,returned
wall_detour,6,smac2d,20260913,0.525,5.575,2.425,-0.775,1,1,0,0,0.04192825973,7.1553897,2.016720522,1.054629,1.584507,2.639136,45668,returned
wall_detour,7,tdt_qp,20260913,3.325,2.475,-1.975,3.075,1,1,1,1,0.25,7.094253467,2.002748101,1.054629,4.67229,5.726919,45668,validated minimum-jerk polyline
wall_detour,7,navfn,20260913,3.325,2.475,-1.975,3.075,1,1,0,0,0.004820997173,6.421902475,9.530540223,1.054629,0.828954,1.883583,45668,returned
wall_detour,7,smac2d,20260913,3.325,2.475,-1.975,3.075,1,1,0,0,0.04191607929,6.511655376,4.002519478,1.054629,2.426372,3.481001,45668,returned
wall_detour,7,tdt_astar,20260913,3.325,2.475,-1.975,3.075,1,1,0,1,0.25,7.598044925,3.141592261,1.054629,6.329079,7.383708,45668,validated A*
wall_detour,8,navfn,20260913,5.675,-0.525,4.675,2.425,1,1,0,1,0.25,3.119696812,0.7635079752,1.054629,0.265571,1.3202,45668,returned
wall_detour,8,smac2d,20260913,5.675,-0.525,4.675,2.425,1,1,0,1,0.25,3.262802526,1.42517188,1.054629,1.080903,2.135532,45668,returned
wall_detour,8,tdt_astar,20260913,5.675,-0.525,4.675,2.425,1,1,0,1,0.25,3.364213386,0.7853978987,1.054629,2.375224,3.429853,45668,validated A*
wall_detour,8,tdt_qp,20260913,5.675,-0.525,4.675,2.425,1,1,1,1,0.25,3.123637982,0.2580270745,1.054629,1.889301,2.94393,45668,validated minimum-jerk polyline
wall_detour,9,smac2d,20260913,2.425,4.475,5.325,-1.125,1,1,0,1,0.1081219406,6.408709029,1.337236824,1.054629,2.312483,3.367112,45668,returned
wall_detour,9,tdt_astar,20260913,2.425,4.475,5.325,-1.125,1,1,0,1,0.1081219406,6.80121921,2.35619376,1.054629,3.258831,4.31346,45668,validated A*
wall_detour,9,tdt_qp,20260913,2.425,4.475,5.325,-1.125,1,1,1,1,0.1081219406,6.457265735,0.8098654902,1.054629,3.908903,4.963532,45668,validated minimum-jerk polyline
wall_detour,9,navfn,20260913,2.425,4.475,5.325,-1.125,1,1,0,1,0.1081219406,6.362060527,2.579172242,1.054629,0.773185,1.827814,45668,returned
wall_detour,10,tdt_astar,20260913,4.225,5.475,-1.125,-0.275,1,1,0,1,0.25,9.371929966,3.92699045,1.054629,6.425017,7.479646,45668,validated A*
wall_detour,10,tdt_qp,20260913,4.225,5.475,-1.125,-0.275,1,1,1,1,0.1922427951,8.50736797,1.2180011,1.054629,11.079204,12.133833,45668,validated minimum-jerk polyline
wall_detour,10,navfn,20260913,4.225,5.475,-1.125,-0.275,1,1,0,0,0.04790344762,8.292611081,4.024440542,1.054629,1.111817,2.166446,45668,returned
wall_detour,10,smac2d,20260913,4.225,5.475,-1.125,-0.275,1,1,0,0,0.04295321058,8.481248198,3.669849687,1.054629,5.125997,6.180626,45668,returned
wall_detour,11,tdt_qp,20260913,-1.325,1.625,4.125,2.325,1,1,1,1,0.25,7.76080419,2.149585735,1.054629,8.128605,9.183234,45668,validated minimum-jerk polyline
wall_detour,11,navfn,20260913,-1.325,1.625,4.125,2.325,1,1,0,0,0.02556483066,7.245992709,9.557728154,1.054629,0.928631,1.98326,45668,returned
wall_detour,11,smac2d,20260913,-1.325,1.625,4.125,2.325,1,1,0,0,0.04278286791,7.230820606,3.156005789,1.054629,4.982978,6.037607,45668,returned
wall_detour,11,tdt_astar,20260913,-1.325,1.625,4.125,2.325,1,1,0,1,0.25,8.431118983,3.926990777,1.054629,7.487085,8.541714,45668,validated A*
wall_detour,12,navfn,20260913,3.875,4.275,6.125,4.975,1,1,0,1,0.1081219406,2.348891275,3.473829236,1.054629,0.296853,1.351482,45668,returned
wall_detour,12,smac2d,20260913,3.875,4.275,6.125,4.975,1,1,0,1,0.1081219406,2.463881031,1.490182056,1.054629,0.657669,1.712298,45668,returned
wall_detour,12,tdt_astar,20260913,3.875,4.275,6.125,4.975,1,1,0,1,0.1081219406,2.539949752,1.570797489,1.054629,1.675884,2.730513,45668,validated A*
wall_detour,12,tdt_qp,20260913,3.875,4.275,6.125,4.975,1,1,1,1,0.1081219406,2.356374334,0.0001569523356,1.054629,1.905323,2.959952,45668,validated minimum-jerk polyline
wall_detour,13,smac2d,20260913,2.675,3.675,-2.525,3.175,1,1,0,0,0.04282041992,5.637862986,3.498976743,1.054629,1.009903,2.064532,45668,returned
wall_detour,13,tdt_astar,20260913,2.675,3.675,-2.525,3.175,1,1,0,1,0.2081219406,6.488091209,3.141592931,1.054629,3.59139,4.646019,45668,validated A*
wall_detour,13,tdt_qp,20260913,2.675,3.675,-2.525,3.175,1,1,1,1,0.1531409332,5.798112619,1.504035054,1.054629,3.854534,4.909163,45668,validated minimum-jerk polyline
wall_detour,13,navfn,20260913,2.675,3.675,-2.525,3.175,1,1,0,0,0.004820997173,5.626897884,9.753164722,1.054629,1.319201,2.37383,45668,returned
wall_detour,14,tdt_astar,20260913,-0.275,0.425,5.475,4.825,1,1,0,1,0.25,9.242031123,1.570796345,1.054629,6.028939,7.083568,45668,validated A*
wall_detour,14,tdt_qp,20260913,-0.275,0.425,5.475,4.825,1,1,1,1,0.25,8.924354601,1.71165416,1.054629,5.826599,6.881228,45668,validated minimum-jerk polyline
wall_detour,14,navfn,20260913,-0.275,0.425,5.475,4.825,1,1,0,0,0.02556483066,8.321935215,11.17006046,1.054629,0.720662,1.775291,45668,returned
wall_detour,14,smac2d,20260913,-0.275,0.425,5.475,4.825,1,1,0,0,0.04191597476,8.575447637,3.374235378,1.054629,2.318717,3.373346,45668,returned
wall_detour,15,tdt_qp,20260913,0.225,3.625,-0.225,0.325,1,1,1,1,0.25,3.330540497,5.935471803e-05,1.054629,2.029489,3.084118,45668,validated minimum-jerk polyline
wall_detour,15,navfn,20260913,0.225,3.625,-0.225,0.325,1,1,0,1,0.25,3.383729596,0.7930971811,1.054629,0.404691,1.45932,45668,returned
wall_detour,15,smac2d,20260913,0.225,3.625,-0.225,0.325,1,1,0,1,0.25,3.38736542,1.489159634,1.054629,0.970219,2.024848,45668,returned
wall_detour,15,tdt_astar,20260913,0.225,3.625,-0.225,0.325,1,1,0,1,0.25,3.486396091,0.7853982359,1.054629,2.123401,3.17803,45668,validated A*
wall_detour,16,navfn,20260913,-2.225,-0.025,0.625,-0.675,1,1,0,1,0.25,2.929731566,2.002959289,1.054629,0.27579,1.330419,45668,returned
wall_detour,16,smac2d,20260913,-2.225,-0.025,0.625,-0.675,1,1,0,1,0.25,3.014845367,1.745631524,1.054629,0.697119,1.751748,45668,returned
wall_detour,16,tdt_astar,20260913,-2.225,-0.025,0.625,-0.675,1,1,0,1,0.25,3.119238874,0.7853983026,1.054629,1.60317,2.657799,45668,validated A*
wall_detour,16,tdt_qp,20260913,-2.225,-0.025,0.625,-0.675,1,1,1,1,0.25,2.92405677,0.08591351547,1.054629,1.877092,2.931721,45668,validated minimum-jerk polyline
wall_detour,17,smac2d,20260913,-1.075,1.875,-1.975,3.725,1,1,0,1,0.25,2.111182142,0.9762409328,1.054629,0.972238,2.026867,45668,returned
wall_detour,17,tdt_astar,20260913,-1.075,1.875,-1.975,3.725,1,1,0,1,0.25,2.222792425,0.7853986291,1.054629,2.344569,3.399198,45668,validated A*
wall_detour,17,tdt_qp,20260913,-1.075,1.875,-1.975,3.725,1,1,1,1,0.25,2.057304061,3.838547864e-05,1.054629,2.025358,3.079987,45668,validated minimum-jerk polyline
wall_detour,17,navfn,20260913,-1.075,1.875,-1.975,3.725,1,1,0,1,0.25,2.10460442,2.265119922,1.054629,0.938881,1.99351,45668,returned
wall_detour,18,tdt_astar,20260913,5.625,4.125,-1.325,1.125,1,1,0,1,0.25,9.298930678,3.508945026,1.054629,7.439106,8.493735,45668,validated A*
wall_detour,18,tdt_qp,20260913,5.625,4.125,-1.325,1.125,1,1,1,1,0.25,8.84027548,1.400381989,1.054629,5.009182,6.063811,45668,validated minimum-jerk polyline
wall_detour,18,navfn,20260913,5.625,4.125,-1.325,1.125,1,1,0,0,0.004820997173,8.422484959,6.325033937,1.054629,0.610814,1.665443,45668,returned
wall_detour,18,smac2d,20260913,5.625,4.125,-1.325,1.125,1,1,0,0,0.04295319974,8.36374597,2.640730414,1.054629,2.816602,3.871231,45668,returned
wall_detour,19,tdt_qp,20260913,5.575,-0.125,6.075,3.275,1,1,1,1,0.1581219406,3.474474698,0.5231637932,1.054629,2.383262,3.437891,45668,validated minimum-jerk polyline
wall_detour,19,navfn,20260913,5.575,-0.125,6.075,3.275,1,1,0,1,0.1581219406,3.420875446,1.164816519,1.054629,0.319754,1.374383,45668,returned
wall_detour,19,smac2d,20260913,5.575,-0.125,6.075,3.275,1,1,0,1,0.1581219406,3.498060749,1.565293788,1.054629,1.827484,2.882113,45668,returned
wall_detour,19,tdt_astar,20260913,5.575,-0.125,6.075,3.275,1,1,0,1,0.1581219406,3.81421386,1.570796899,1.054629,3.193028,4.247657,45668,validated A*
wall_detour,20,navfn,20260913,5.475,1.725,0.825,-0.975,1,1,0,0,0.004820997173,10.17924021,12.20052842,1.054629,1.160775,2.215404,45668,returned
wall_detour,20,smac2d,20260913,5.475,1.725,0.825,-0.975,1,1,0,0,0.04191561491,10.3272142,4.82634917,1.054629,5.566291,6.62092,45668,returned
wall_detour,20,tdt_astar,20260913,5.475,1.725,0.825,-0.975,1,1,0,1,0.25,11.90893635,3.92699246,1.054629,6.362331,7.41696,45668,validated A*
wall_detour,20,tdt_qp,20260913,5.475,1.725,0.825,-0.975,1,1,1,1,0.25,11.40309046,2.724472916,1.054629,5.768069,6.822698,45668,validated minimum-jerk polyline
wall_detour,21,smac2d,20260913,0.475,2.975,6.075,5.225,1,1,0,0,0.04281214162,6.406780175,3.727407673,1.054629,1.414984,2.469613,45668,returned
wall_detour,21,tdt_astar,20260913,0.475,2.975,6.075,5.225,1,1,0,1,0.1581219406,7.059188534,3.141594644,1.054629,3.647231,4.70186,45668,validated A*
wall_detour,21,tdt_qp,20260913,0.475,2.975,6.075,5.225,1,1,1,1,0.07987309273,6.450026244,1.098460165,1.054629,5.776699,6.831328,45668,validated minimum-jerk polyline
wall_detour,21,navfn,20260913,0.475,2.975,6.075,5.225,1,1,0,0,0.02556483066,6.335793153,12.444922,1.054629,1.269296,2.323925,45668,returned
wall_detour,22,tdt_astar,20260913,5.975,4.125,3.575,0.075,1,1,0,1,0.25,5.024137215,1.5119903,1.054629,3.257968,4.312597,45668,validated A*
wall_detour,22,tdt_qp,20260913,5.975,4.125,3.575,0.075,1,1,1,1,0.25,4.742289855,0.3868004699,1.054629,3.198224,4.252853,45668,validated minimum-jerk polyline
wall_detour,22,navfn,20260913,5.975,4.125,3.575,0.075,1,1,0,1,0.25,4.72798099,0.6309413917,1.054629,0.451635,1.506264,45668,returned
wall_detour,22,smac2d,20260913,5.975,4.125,3.575,0.075,1,1,0,1,0.25,4.768009901,0.5980427388,1.054629,1.484087,2.538716,45668,returned
wall_detour,23,tdt_qp,20260913,-2.575,3.125,4.775,3.475,1,1,1,1,0.1581219406,7.798365757,1.12948669,1.054629,4.145303,5.199932,45668,validated minimum-jerk polyline
wall_detour,23,navfn,20260913,-2.575,3.125,4.775,3.475,1,1,0,0,0.02556483066,7.813681225,13.07790466,1.054629,0.548587,1.603216,45668,returned
wall_detour,23,smac2d,20260913,-2.575,3.125,4.775,3.475,1,1,0,1,0.05812189311,7.951390541,1.32022312,1.054629,2.984013,4.038642,45668,returned
wall_detour,23,tdt_astar,20260913,-2.575,3.125,4.775,3.475,1,1,0,1,0.1581219406,8.439813535,3.084463694,1.054629,3.71507,4.769699,45668,validated A*
wall_detour,24,navfn,20260913,3.125,2.725,-0.775,4.875,1,1,0,0,0.004820997173,4.798404126,8.922288211,1.054629,0.922673,1.977302,45668,returned
wall_detour,24,smac2d,20260913,3.125,2.725,-0.775,4.875,1,1,0,0,0.04192824272,4.80659906,3.762087487,1.054629,1.996864,3.051493,45668,returned
wall_detour,24,tdt_astar,20260913,3.125,2.725,-0.775,4.875,1,1,0,1,0.25,5.464213562,1.570796327,1.054629,3.453129,4.507758,45668,validated A*
wall_detour,24,tdt_qp,20260913,3.125,2.725,-0.775,4.875,1,1,1,1,0.1973946286,4.939879409,1.392371855,1.054629,4.409571,5.4642,45668,validated minimum-jerk polyline
wall_detour,25,smac2d,20260913,5.425,2.125,-1.275,-0.025,1,1,0,0,0.04278287489,9.899112929,4.65683483,1.054629,5.134307,6.188936,45668,returned
wall_detour,25,tdt_astar,20260913,5.425,2.125,-1.275,-0.025,1,1,0,1,0.25,11.13319994,3.926990758,1.054629,4.99791,6.052539,45668,validated A*
wall_detour,25,tdt_qp,20260913,5.425,2.125,-1.275,-0.025,1,1,1,1,0.25,10.96295071,2.290516628,1.054629,5.812413,6.867042,45668,validated minimum-jerk polyline
wall_detour,25,navfn,20260913,5.425,2.125,-1.275,-0.025,1,1,0,0,0.004820997173,9.687397057,8.505004298,1.054629,0.722055,1.776684,45668,returned
wall_detour,26,tdt_astar,20260913,2.875,3.625,-2.625,0.225,1,1,0,1,0.1081219406,8.394206109,3.954011265,1.054629,7.358573,8.413202,45668,validated A*
wall_detour,26,tdt_qp,20260913,2.875,3.625,-2.625,0.225,1,1,1,1,0.1081219406,7.606462006,2.212457419,1.054629,10.691189,11.745818,45668,validated minimum-jerk polyline
wall_detour,26,navfn,20260913,2.875,3.625,-2.625,0.225,1,1,0,0,0.004820997173,7.393634886,8.036124254,1.054629,1.031094,2.085723,45668,returned
wall_detour,26,smac2d,20260913,2.875,3.625,-2.625,0.225,1,1,0,0,0.0427846902,7.344396205,2.682408996,1.054629,1.131886,2.186515,45668,returned
wall_detour,27,tdt_qp,20260913,-0.275,1.675,-1.475,-0.475,1,1,1,1,0.25,2.46221445,0.0001362458494,1.054629,2.181751,3.23638,45668,validated minimum-jerk polyline
wall_detour,27,navfn,20260913,-0.275,1.675,-1.475,-0.475,1,1,0,1,0.25,2.507588307,0.742368381,1.054629,0.672155,1.726784,45668,returned
wall_detour,27,smac2d,20260913,-0.275,1.675,-1.475,-0.475,1,1,0,1,0.25,2.591928835,0.9686593067,1.054629,1.171739,2.226368,45668,returned
wall_detour,27,tdt_astar,20260913,-0.275,1.675,-1.475,-0.475,1,1,0,1,0.25,2.647056299,2.356194591,1.054629,1.833886,2.888515,45668,validated A*
wall_detour,28,navfn,20260913,4.875,1.025,4.375,4.725,1,1,0,1,0.25,3.787043024,2.626156619,1.054629,0.49056,1.545189,45668,returned
wall_detour,28,smac2d,20260913,4.875,1.025,4.375,4.725,1,1,0,1,0.25,3.791576042,1.468582438,1.054629,1.01627,2.070899,45668,returned
wall_detour,28,tdt_astar,20260913,4.875,1.025,4.375,4.725,1,1,0,1,0.25,3.907106753,0.785398068,1.054629,2.165826,3.220455,45668,validated A*
wall_detour,28,tdt_qp,20260913,4.875,1.025,4.375,4.725,1,1,1,1,0.25,3.733630941,0.0001199329102,1.054629,3.451189,4.505818,45668,validated minimum-jerk polyline
wall_detour,29,smac2d,20260913,1.125,0.525,4.175,1.725,1,1,0,0,0.04188898179,7.659781089,3.968776514,1.054629,4.20674,5.261369,45668,returned
wall_detour,29,tdt_astar,20260913,1.125,0.525,4.175,1.725,1,1,0,1,0.1581219406,9.599747536,3.92699076,1.054629,7.050584,8.105213,45668,validated A*
wall_detour,29,tdt_qp,20260913,1.125,0.525,4.175,1.725,1,1,1,1,0.1488847227,8.497477004,3.274443819,1.054629,4.769912,5.824541,45668,validated minimum-jerk polyline
wall_detour,29,navfn,20260913,1.125,0.525,4.175,1.725,1,1,0,0,0.02556483066,7.776048421,9.826889079,1.054629,0.630507,1.685136,45668,returned
wall_detour,30,tdt_astar,20260913,2.625,1.075,-1.675,4.675,1,1,0,1,0.25,8.151908343,2.382162653,1.054629,4.486031,5.54066,45668,validated A*
wall_detour,30,tdt_qp,20260913,2.625,1.075,-1.675,4.675,1,1,1,1,0.106799279,7.398589239,1.944037206,1.054629,4.586377,5.641006,45668,validated minimum-jerk polyline
wall_detour,30,navfn,20260913,2.625,1.075,-1.675,4.675,1,1,0,0,0.004820997173,7.064513224,11.3161363,1.054629,1.07415,2.128779,45668,returned
wall_detour,30,smac2d,20260913,2.625,1.075,-1.675,4.675,1,1,0,0,0.04191597476,7.116089911,4.046623028,1.054629,2.214503,3.269132,45668,returned
wall_detour,31,tdt_qp,20260913,4.725,2.075,-1.125,4.075,1,1,1,1,0.2030170684,6.845551195,1.334668411,1.054629,8.513547,9.568176,45668,validated minimum-jerk polyline
wall_detour,31,navfn,20260913,4.725,2.075,-1.125,4.075,1,1,0,0,0.004820997173,6.676660102,7.277808378,1.054629,0.546034,1.600663,45668,returned
wall_detour,31,smac2d,20260913,4.725,2.075,-1.125,4.075,1,1,0,0,0.04281293656,6.732092884,2.960466439,1.054629,1.332328,2.386957,45668,returned
wall_detour,31,tdt_astar,20260913,4.725,2.075,-1.125,4.075,1,1,0,1,0.25,7.356055466,3.532198439,1.054629,3.598944,4.653573,45668,validated A*
wall_detour,32,navfn,20260913,0.625,-0.425,2.675,3.575,1,1,0,0,0.02556483066,6.330949177,10.30006525,1.054629,0.706569,1.761198,45668,returned
wall_detour,32,smac2d,20260913,0.625,-0.425,2.675,3.575,1,1,0,0,0.0418889819,6.365481413,4.498613964,1.054629,1.799984,2.854613,45668,returned
wall_detour,32,tdt_astar,20260913,0.625,-0.425,2.675,3.575,1,1,0,1,0.25,7.849137731,3.926991013,1.054629,4.86996,5.924589,45668,validated A*
wall_detour,32,tdt_qp,20260913,0.625,-0.425,2.675,3.575,1,1,1,1,0.081605737,6.672594836,2.696576848,1.054629,5.82178,6.876409,45668,validated minimum-jerk polyline
wall_detour,33,smac2d,20260913,2.525,-0.275,4.175,1.275,1,1,0,1,0.25,2.268157764,0.2216177206,1.054629,0.696813,1.751442,45668,returned
wall_detour,33,tdt_astar,20260913,2.525,-0.275,4.175,1.275,1,1,0,1,0.25,2.263846285,9.674483437e-13,1.054629,2.987305,4.041934,45668,validated A*
wall_detour,33,tdt_qp,20260913,2.525,-0.275,4.175,1.275,1,1,1,1,0.25,2.263846285,6.441660903e-06,1.054629,1.986837,3.041466,45668,validated minimum-jerk polyline
wall_detour,33,navfn,20260913,2.525,-0.275,4.175,1.275,1,1,0,1,0.25,2.230790621,1.168049721,1.054629,0.204495,1.259124,45668,returned
wall_detour,34,tdt_astar,20260913,-2.425,0.975,5.525,0.225,1,1,0,1,0.25,12.15401617,3.087958113,1.054629,5.071272,6.125901,45668,validated A*
wall_detour,34,tdt_qp,20260913,-2.425,0.975,5.525,0.225,1,1,1,1,0.25,11.67415905,2.347353236,1.054629,5.571768,6.626397,45668,validated minimum-jerk polyline
wall_detour,34,navfn,20260913,-2.425,0.975,5.525,0.225,1,1,0,0,0.02556483066,10.98837807,10.33506706,1.054629,0.73229,1.786919,45668,returned
wall_detour,34,smac2d,20260913,-2.425,0.975,5.525,0.225,1,1,0,0,0.04278286791,11.12118676,3.828093538,1.054629,4.025298,5.079927,45668,returned
wall_detour,35,tdt_qp,20260913,-2.525,5.275,-0.825,0.125,1,1,1,1,0.2081219406,5.5907797,0.8226443669,1.054629,4.015264,5.069893,45668,validated minimum-jerk polyline
wall_detour,35,navfn,20260913,-2.525,5.275,-0.825,0.125,1,1,0,1,0.2273011894,5.480896448,2.454908829,1.054629,0.44247,1.497099,45668,returned
wall_detour,35,smac2d,20260913,-2.525,5.275,-0.825,0.125,1,1,0,1,0.2081219406,5.697211845,1.256436417,1.054629,5.595682,6.650311,45668,returned
wall_detour,35,tdt_astar,20260913,-2.525,5.275,-0.825,0.125,1,1,0,1,0.2081219406,5.854163275,0.7853983589,1.054629,2.776695,3.831324,45668,validated A*
wall_detour,36,navfn,20260913,-0.725,-0.425,4.325,5.675,0,0,0,0,-0.4668780594,0,0,1.054629,0.867482,1.922111,45668,empty
wall_detour,36,smac2d,20260913,-0.725,-0.425,4.325,5.675,1,1,0,0,0.04295080693,8.729098503,3.070217566,1.054629,2.689802,3.744431,45668,returned
wall_detour,36,tdt_astar,20260913,-0.725,-0.425,4.325,5.675,1,1,0,1,0.05812194057,9.554341307,2.390663436,1.054629,4.054533,5.109162,45668,validated A*
wall_detour,36,tdt_qp,20260913,-0.725,-0.425,4.325,5.675,1,1,1,1,0.05812194057,8.787740344,1.50117282,1.054629,4.711967,5.766596,45668,validated minimum-jerk polyline
wall_detour,37,smac2d,20260913,-0.175,-0.325,1.075,2.325,1,1,0,1,0.2081219406,3.099933274,1.100169808,1.054629,0.909411,1.96404,45668,returned
wall_detour,37,tdt_astar,20260913,-0.175,-0.325,1.075,2.325,1,1,0,1,0.2081219406,3.167766933,0.7853981293,1.054629,3.042739,4.097368,45668,validated A*
wall_detour,37,tdt_qp,20260913,-0.175,-0.325,1.075,2.325,1,1,1,1,0.2081219406,2.934610007,0.1938915948,1.054629,3.128937,4.183566,45668,validated minimum-jerk polyline
wall_detour,37,navfn,20260913,-0.175,-0.325,1.075,2.325,1,1,0,1,0.2081219406,2.915989,1.805746983,1.054629,0.438534,1.493163,45668,returned
wall_detour,38,tdt_astar,20260913,3.175,0.275,-1.075,3.475,1,1,0,1,0.25,8.747790492,2.995108776,1.054629,5.508514,6.563143,45668,validated A*
wall_detour,38,tdt_qp,20260913,3.175,0.275,-1.075,3.475,1,1,1,1,0.25,7.991760276,2.291571842,1.054629,4.499978,5.554607,45668,validated minimum-jerk polyline
wall_detour,38,navfn,20260913,3.175,0.275,-1.075,3.475,1,1,0,0,0.004820997173,7.4749258,7.856948317,1.054629,0.557313,1.611942,45668,returned
wall_detour,38,smac2d,20260913,3.175,0.275,-1.075,3.475,1,1,0,0,0.04191597475,7.610656514,4.808367679,1.054629,2.143144,3.197773,45668,returned
wall_detour,39,tdt_qp,20260913,-2.675,4.975,4.775,-0.275,1,1,1,1,0.05812194057,10.35053312,1.493902736,1.054629,6.451695,7.506324,45668,validated minimum-jerk polyline
wall_detour,39,navfn,20260913,-2.675,4.975,4.775,-0.275,1,1,0,0,0.004820997173,10.11841657,7.236528364,1.054629,0.670616,1.725245,45668,returned
wall_detour,39,smac2d,20260913,-2.675,4.975,4.775,-0.275,1,1,0,0,0.04295321094,10.27994706,4.670109385,1.054629,7.284092,8.338721,45668,returned
wall_detour,39,tdt_astar,20260913,-2.675,4.975,4.775,-0.275,1,1,0,1,0.05812194057,11.12753681,4.66588578,1.054629,7.015373,8.070002,45668,validated A*
wall_detour,40,navfn,20260913,3.725,3.875,4.475,0.475,1,1,0,1,0.25,3.537022875,2.395354726,1.054629,0.439004,1.493633,45668,returned
wall_detour,40,smac2d,20260913,3.725,3.875,4.475,0.475,1,1,0,1,0.25,3.617350794,1.688039495,1.054629,0.977413,2.032042,45668,returned
wall_detour,40,tdt_astar,20260913,3.725,3.875,4.475,0.475,1,1,0,1,0.25,3.678805869,1.343996907,1.054629,1.805092,2.859721,45668,validated A*
wall_detour,40,tdt_qp,20260913,3.725,3.875,4.475,0.475,1,1,1,1,0.25,3.481738072,0.0002510853431,1.054629,1.868432,2.923061,45668,validated minimum-jerk polyline
wall_detour,41,smac2d,20260913,3.775,-0.425,-1.675,3.025,1,1,0,0,0.04191597286,9.309595125,4.115519251,1.054629,2.971971,4.0266,45668,returned
wall_detour,41,tdt_astar,20260913,3.775,-0.425,-1.675,3.025,1,1,0,1,0.25,10.43444093,3.141592361,1.054629,4.447124,5.501753,45668,validated A*
wall_detour,41,tdt_qp,20260913,3.775,-0.425,-1.675,3.025,1,1,1,1,0.25,9.950793504,2.274868709,1.054629,4.544834,5.599463,45668,validated minimum-jerk polyline
wall_detour,41,navfn,20260913,3.775,-0.425,-1.675,3.025,1,1,0,0,0.004820997173,8.974442141,8.339110818,1.054629,0.960344,2.014973,45668,returned
wall_detour,42,tdt_astar,20260913,-0.075,3.075,4.275,1.425,1,1,0,1,0.25,7.347087451,3.105893185,1.054629,7.069599,8.124228,45668,validated A*
wall_detour,42,tdt_qp,20260913,-0.075,3.075,4.275,1.425,1,1,1,1,0.25,6.592150524,2.259967835,1.054629,5.290853,6.345482,45668,validated minimum-jerk polyline
wall_detour,42,navfn,20260913,-0.075,3.075,4.275,1.425,1,1,0,0,0.02556483066,6.125796686,10.16655246,1.054629,0.639533,1.694162,45668,returned
wall_detour,42,smac2d,20260913,-0.075,3.075,4.275,1.425,1,1,0,0,0.04292151376,6.208380628,2.766065691,1.054629,1.697374,2.752003,45668,returned
wall_detour,43,tdt_qp,20260913,5.625,3.675,2.375,1.925,1,1,1,1,0.1081219406,3.691205765,0.0001650964705,1.054629,2.425591,3.48022,45668,validated minimum-jerk polyline
wall_detour,43,navfn,20260913,5.625,3.675,2.375,1.925,1,1,0,1,0.1081219406,3.734258266,0.9262724827,1.054629,0.383531,1.43816,45668,returned
wall_detour,43,smac2d,20260913,5.625,3.675,2.375,1.925,1,1,0,1,0.1081219406,3.807837979,1.195813988,1.054629,1.791714,2.846343,45668,returned
wall_detour,43,tdt_astar,20260913,5.625,3.675,2.375,1.925,1,1,0,1,0.1081219406,3.974873734,1.570796569,1.054629,2.444552,3.499181,45668,validated A*
wall_detour,44,navfn,20260913,3.775,3.125,-1.925,0.525,1,1,0,0,0.004820997173,7.750973066,9.243260305,1.054629,0.865873,1.920502,45668,returned
wall_detour,44,smac2d,20260913,3.775,3.125,-1.925,0.525,1,1,0,0,0.04295321012,7.800728887,2.136550146,1.054629,3.088794,4.143423,45668,returned
wall_detour,44,tdt_astar,20260913,3.775,3.125,-1.925,0.525,1,1,0,1,0.25,8.834672413,3.926991433,1.054629,6.219742,7.274371,45668,validated A*
wall_detour,44,tdt_qp,20260913,3.775,3.125,-1.925,0.525,1,1,1,1,0.25,8.194515632,2.318744154,1.054629,7.339688,8.394317,45668,validated minimum-jerk polyline
wall_detour,45,smac2d,20260913,2.525,0.975,-0.425,5.675,1,1,0,0,0.04295319047,6.286791081,3.630425533,1.054629,1.080306,2.134935,45668,returned
wall_detour,45,tdt_astar,20260913,2.525,0.975,-0.425,5.675,1,1,0,1,0.05812194057,7.459366639,3.17606152,1.054629,3.642312,4.696941,45668,validated A*
wall_detour,45,tdt_qp,20260913,2.525,0.975,-0.425,5.675,1,1,1,1,0.05812194057,6.46927592,1.692484405,1.054629,4.620262,5.674891,45668,validated minimum-jerk polyline
wall_detour,45,navfn,20260913,2.525,0.975,-0.425,5.675,0,0,0,0,-0.4668780594,0,0,1.054629,0.833256,1.887885,45668,empty
wall_detour,46,tdt_astar,20260913,1.075,5.425,3.575,-0.425,1,1,0,1,0.25,7.237005971,2.356194033,1.054629,3.822472,4.877101,45668,validated A*
wall_detour,46,tdt_qp,20260913,1.075,5.425,3.575,-0.425,1,1,1,1,0.25,6.798841365,1.250951681,1.054629,5.886655,6.941284,45668,validated minimum-jerk polyline
wall_detour,46,navfn,20260913,1.075,5.425,3.575,-0.425,1,1,0,0,0.004820997173,6.524969856,8.113998166,1.054629,1.313951,2.36858,45668,returned
wall_detour,46,smac2d,20260913,1.075,5.425,3.575,-0.425,1,1,0,0,0.0475115421,6.587297475,2.633073795,1.054629,3.206091,4.26072,45668,returned
wall_detour,47,tdt_qp,20260913,0.625,5.025,3.975,-1.175,1,1,1,1,0.05812194057,8.075187599,1.511052722,1.054629,6.135734,7.190363,45668,validated minimum-jerk polyline
wall_detour,47,navfn,20260913,0.625,5.025,3.975,-1.175,1,1,0,0,0.004820997173,7.429350403,8.072841905,1.054629,0.748539,1.803168,45668,returned
wall_detour,47,smac2d,20260913,0.625,5.025,3.975,-1.175,1,1,0,0,0.04191648589,7.506297608,5.529210911,1.054629,2.418301,3.47293,45668,returned
wall_detour,47,tdt_astar,20260913,0.625,5.025,3.975,-1.175,1,1,0,1,0.05812194057,8.446391293,1.538549782,1.054629,6.381347,7.435976,45668,validated A*
wall_detour,48,navfn,20260913,1.025,1.075,5.725,-0.375,1,1,0,0,0.02556483066,9.753333637,8.216692638,1.054629,0.776136,1.830765,45668,returned
wall_detour,48,smac2d,20260913,1.025,1.075,5.725,-0.375,1,1,0,0,0.04188898179,9.788069961,4.996917221,1.054629,6.188029,7.242658,45668,returned
wall_detour,48,tdt_astar,20260913,1.025,1.075,5.725,-0.375,1,1,0,1,0.25,11.64751814,4.655261603,1.054629,9.923683,10.978312,45668,validated A*
wall_detour,48,tdt_qp,20260913,1.025,1.075,5.725,-0.375,1,1,1,1,0.1140653018,10.19027688,3.419235604,1.054629,6.67747,7.732099,45668,validated minimum-jerk polyline
wall_detour,49,smac2d,20260913,0.925,3.925,-2.025,2.675,1,1,0,1,0.25,3.399932332,1.103906679,1.054629,1.096138,2.150767,45668,returned
wall_detour,49,tdt_astar,20260913,0.925,3.925,-2.025,2.675,1,1,0,1,0.25,3.467766883,1.570796054,1.054629,1.749483,2.804112,45668,validated A*
wall_detour,49,tdt_qp,20260913,0.925,3.925,-2.025,2.675,1,1,1,1,0.25,3.203903869,0.000168168084,1.054629,1.879106,2.933735,45668,validated minimum-jerk polyline
wall_detour,49,navfn,20260913,0.925,3.925,-2.025,2.675,1,1,0,1,0.25,3.227196175,2.670964432,1.054629,0.801103,1.855732,45668,returned
wall_detour,50,tdt_astar,20260913,4.725,3.625,1.275,4.975,1,1,0,1,0.25,3.863215426,1.398777146,1.054629,3.809815,4.864444,45668,validated A*
wall_detour,50,tdt_qp,20260913,4.725,3.625,1.275,4.975,1,1,1,1,0.25,3.712496929,0.2288855207,1.054629,3.253936,4.308565,45668,validated minimum-jerk polyline
wall_detour,50,navfn,20260913,4.725,3.625,1.275,4.975,1,1,0,1,0.25,3.775712029,3.899267895,1.054629,1.187054,2.241683,45668,returned
wall_detour,50,smac2d,20260913,4.725,3.625,1.275,4.975,1,1,0,1,0.25,3.921492061,1.190544742,1.054629,1.815511,2.87014,45668,returned
wall_detour,51,tdt_qp,20260913,-2.175,2.025,4.475,1.375,1,1,1,1,0.25,9.416029211,2.132502568,1.054629,5.610119,6.664748,45668,validated minimum-jerk polyline
wall_detour,51,navfn,20260913,-2.175,2.025,4.475,1.375,1,1,0,0,0.02556483066,8.639362415,11.01248811,1.054629,0.666853,1.721482,45668,returned
wall_detour,51,smac2d,20260913,-2.175,2.025,4.475,1.375,1,1,0,0,0.04278286933,8.868986993,3.944176867,1.054629,3.568187,4.622816,45668,returned
wall_detour,51,tdt_astar,20260913,-2.175,2.025,4.475,1.375,1,1,0,1,0.25,9.863313549,2.90561902,1.054629,5.499919,6.554548,45668,validated A*
wall_detour,52,navfn,20260913,-1.675,2.625,4.225,-0.325,1,1,0,0,0.004820997173,9.23012107,14.11134614,1.054629,0.727357,1.781986,45668,returned
wall_detour,52,smac2d,20260913,-1.675,2.625,4.225,-0.325,1,1,0,0,0.04224901477,9.393803541,5.524236728,1.054629,7.195398,8.250027,45668,returned
wall_detour,52,tdt_astar,20260913,-1.675,2.625,4.225,-0.325,1,1,0,1,0.25,10.71546325,2.321725588,1.054629,7.671471,8.7261,45668,validated A*
wall_detour,52,tdt_qp,20260913,-1.675,2.625,4.225,-0.325,1,1,1,1,0.25,10.41827265,2.341870835,1.054629,5.39153,6.446159,45668,validated minimum-jerk polyline
wall_detour,53,smac2d,20260913,-2.175,5.475,1.125,0.675,1,1,0,1,0.1581219406,5.910878002,0.5426648114,1.054629,1.87797,2.932599,45668,returned
wall_detour,53,tdt_astar,20260913,-2.175,5.475,1.125,0.675,1,1,0,1,0.1581219406,6.181791471,2.369892137,1.054629,3.41234,4.466969,45668,validated A*
wall_detour,53,tdt_qp,20260913,-2.175,5.475,1.125,0.675,1,1,1,1,0.1581219406,5.884497547,0.6337682065,1.054629,3.141157,4.195786,45668,validated minimum-jerk polyline
wall_detour,53,navfn,20260913,-2.175,5.475,1.125,0.675,1,1,0,1,0.1331219406,5.873693034,2.686415387,1.054629,0.403327,1.457956,45668,returned
wall_detour,54,tdt_astar,20260913,5.475,4.475,1.225,2.775,1,1,0,1,0.05812194057,6.465040303,3.596692946,1.054629,5.830201,6.88483,45668,validated A*
wall_detour,54,tdt_qp,20260913,5.475,4.475,1.225,2.775,1,1,1,1,0.05812194057,5.679825936,1.826141403,1.054629,6.921874,7.976503,45668,validated minimum-jerk polyline
wall_detour,54,navfn,20260913,5.475,4.475,1.225,2.775,0,0,0,0,-0.4668780594,0,0,1.054629,1.063227,2.117856,45668,empty
wall_detour,54,smac2d,20260913,5.475,4.475,1.225,2.775,1,1,0,0,0.04191597476,5.5440706,2.460713509,1.054629,2.418238,3.472867,45668,returned
wall_detour,55,tdt_qp,20260913,6.025,0.375,1.475,4.675,1,1,1,1,0.1980876333,6.30530581,0.5414509156,1.054629,3.656207,4.710836,45668,validated minimum-jerk polyline
wall_detour,55,navfn,20260913,6.025,0.375,1.475,4.675,1,1,0,1,0.1205166521,6.304371196,2.373232214,1.054629,0.406658,1.461287,45668,returned
wall_detour,55,smac2d,20260913,6.025,0.375,1.475,4.675,1,1,0,1,0.1313790684,6.281168246,0.3429935235,1.054629,0.888483,1.943112,45668,returned
wall_detour,55,tdt_astar,20260913,6.025,0.375,1.475,4.675,1,1,0,1,0.2081219406,6.711879665,2.356194543,1.054629,4.416871,5.4715,45668,validated A*
wall_detour,56,navfn,20260913,5.625,0.375,3.925,1.575,1,1,0,1,0.25,2.124429959,2.546322323,1.054629,0.217998,1.272627,45668,returned
wall_detour,56,smac2d,20260913,5.625,0.375,3.925,1.575,1,1,0,1,0.25,2.144188141,0.7329723739,1.054629,0.502297,1.556926,45668,returned
wall_detour,56,tdt_astar,20260913,5.625,0.375,3.925,1.575,1,1,0,1,0.25,2.197056106,0.7853975872,1.054629,3.66898,4.723609,45668,validated A*
wall_detour,56,tdt_qp,20260913,5.625,0.375,3.925,1.575,1,1,1,1,0.25,2.080865205,8.054058272e-05,1.054629,2.011022,3.065651,45668,validated minimum-jerk polyline
wall_detour,57,smac2d,20260913,-1.525,-0.225,3.925,2.525,1,1,0,0,0.04188898179,8.742888038,3.662274806,1.054629,3.69305,4.747679,45668,returned
wall_detour,57,tdt_astar,20260913,-1.525,-0.225,3.925,2.525,1,1,0,1,0.25,10.08111907,4.712389179,1.054629,5.399719,6.454348,45668,validated A*
wall_detour,57,tdt_qp,20260913,-1.525,-0.225,3.925,2.525,1,1,1,1,0.25,9.318042835,2.331144341,1.054629,5.31197,6.366599,45668,validated minimum-jerk polyline
wall_detour,57,navfn,20260913,-1.525,-0.225,3.925,2.525,1,1,0,0,0.02556483066,8.534322833,11.03944824,1.054629,0.555993,1.610622,45668,returned
wall_detour,58,tdt_astar,20260913,5.875,5.675,4.825,1.975,1,1,0,1,0.05812194057,4.134924459,1.570796862,1.054629,1.71813,2.772759,45668,validated A*
wall_detour,58,tdt_qp,20260913,5.875,5.675,4.825,1.975,1,1,1,1,0.05812194057,3.849386929,0.1450663299,1.054629,2.609947,3.664576,45668,validated minimum-jerk polyline
wall_detour,58,navfn,20260913,5.875,5.675,4.825,1.975,1,1,0,0,0.03312194057,3.901253858,0.7767197604,1.054629,0.429599,1.484228,45668,returned
wall_detour,58,smac2d,20260913,5.875,5.675,4.825,1.975,1,1,0,1,0.05812194057,4.010725922,1.926382091,1.054629,1.181964,2.236593,45668,returned
wall_detour,59,tdt_qp,20260913,-1.625,-0.725,3.925,-1.175,1,1,1,1,0.05812194057,13.65692748,2.776442521,1.054629,7.028114,8.082743,45668,validated minimum-jerk polyline
wall_detour,59,navfn,20260913,-1.625,-0.725,3.925,-1.175,1,1,0,0,0.004820997173,12.21505841,14.81305632,1.054629,1.274759,2.329388,45668,returned
wall_detour,59,smac2d,20260913,-1.625,-0.725,3.925,-1.175,1,1,0,0,0.0418891091,12.57166725,6.200526431,1.054629,8.618517,9.673146,45668,returned
wall_detour,59,tdt_astar,20260913,-1.625,-0.725,3.925,-1.175,1,1,0,1,0.05812194057,14.32254043,4.712389025,1.054629,5.49428,6.548909,45668,validated A*
wall_detour,60,navfn,20260913,1.775,4.575,5.725,3.975,1,1,0,1,0.25,4.034202001,1.314497087,1.054629,0.488237,1.542866,45668,returned
wall_detour,60,smac2d,20260913,1.775,4.575,5.725,3.975,1,1,0,1,0.25,4.088374569,1.779945172,1.054629,1.587452,2.642081,45668,returned
wall_detour,60,tdt_astar,20260913,1.775,4.575,5.725,3.975,1,1,0,1,0.25,4.15,1.287002381,1.054629,2.301988,3.356617,45668,validated A*
wall_detour,60,tdt_qp,20260913,1.775,4.575,5.725,3.975,1,1,1,1,0.25,3.99530975,0.0001041343377,1.054629,2.086767,3.141396,45668,validated minimum-jerk polyline
wall_detour,61,smac2d,20260913,5.675,-1.075,2.325,5.375,1,1,0,1,0.1581219406,7.357707311,1.29062355,1.054629,4.916999,5.971628,45668,returned
wall_detour,61,tdt_astar,20260913,5.675,-1.075,2.325,5.375,1,1,0,1,0.1581219406,7.817359679,2.319835749,1.054629,4.390968,5.445597,45668,validated A*
wall_detour,61,tdt_qp,20260913,5.675,-1.075,2.325,5.375,1,1,1,1,0.1581219406,7.464239943,1.215188709,1.054629,4.938344,5.992973,45668,validated minimum-jerk polyline
wall_detour,61,navfn,20260913,5.675,-1.075,2.325,5.375,1,1,0,1,0.1831219406,7.317661302,2.62734513,1.054629,0.427063,1.481692,45668,returned
wall_detour,62,tdt_astar,20260913,-0.425,1.925,-1.875,5.675,1,1,0,1,0.05812194057,4.350609735,2.356194507,1.054629,2.46619,3.520819,45668,validated A*
wall_detour,62,tdt_qp,20260913,-0.425,1.925,-1.875,5.675,1,1,1,1,0.05812194057,4.020572099,0.0001788006885,1.054629,2.647354,3.701983,45668,validated minimum-jerk polyline
wall_detour,62,navfn,20260913,-0.425,1.925,-1.875,5.675,0,0,0,0,-0.4668780594,0,0,1.054629,0.816243,1.870872,45668,empty
wall_detour,62,smac2d,20260913,-0.425,1.925,-1.875,5.675,1,1,0,1,0.05812194057,4.243097387,1.216424995,1.054629,1.38886,2.443489,45668,returned
wall_detour,63,tdt_qp,20260913,-1.925,5.025,0.825,1.975,1,1,1,1,0.25,4.10670184,6.051720139e-05,1.054629,3.19952,4.254149,45668,validated minimum-jerk polyline
wall_detour,63,navfn,20260913,-1.925,5.025,0.825,1.975,1,1,0,1,0.25,4.143402182,2.14468547,1.054629,0.400772,1.455401,45668,returned
wall_detour,63,smac2d,20260913,-1.925,5.025,0.825,1.975,1,1,0,1,0.25,4.130590971,0.3651665564,1.054629,0.809522,1.864151,45668,returned
wall_detour,63,tdt_astar,20260913,-1.925,5.025,0.825,1.975,1,1,0,1,0.25,4.161211693,1.530817764,1.054629,2.147017,3.201646,45668,validated A*
wall_detour,64,navfn,20260913,-0.575,2.475,3.225,4.225,1,1,0,0,0.02556483066,4.446647547,7.789352732,1.054629,0.542769,1.597398,45668,returned
wall_detour,64,smac2d,20260913,-0.575,2.475,3.225,4.225,1,1,0,0,0.04281474843,4.485692401,2.521726523,1.054629,2.010779,3.065408,45668,returned
wall_detour,64,tdt_astar,20260913,-0.575,2.475,3.225,4.225,1,1,0,1,0.25,5.273401927,2.356194369,1.054629,4.140248,5.194877,45668,validated A*
wall_detour,64,tdt_qp,20260913,-0.575,2.475,3.225,4.225,1,1,1,1,0.1444649629,4.588000082,1.410065728,1.054629,5.867413,6.922042,45668,validated minimum-jerk polyline
wall_detour,65,smac2d,20260913,4.125,4.525,4.325,-0.725,1,1,0,1,0.25,5.262839288,0.8562971365,1.054629,1.078179,2.132808,45668,returned
wall_detour,65,tdt_astar,20260913,4.125,4.525,4.325,-0.725,1,1,0,1,0.25,5.253808143,5.5191407e-12,1.054629,2.236156,3.290785,45668,validated A*
wall_detour,65,tdt_qp,20260913,4.125,4.525,4.325,-0.725,1,1,1,1,0.25,5.253808143,9.107181236e-06,1.054629,2.304188,3.358817,45668,validated minimum-jerk polyline
wall_detour,65,navfn,20260913,4.125,4.525,4.325,-0.725,1,1,0,1,0.25,5.310217142,2.368781785,1.054629,0.534243,1.588872,45668,returned
wall_detour,66,tdt_astar,20260913,-1.125,-0.775,6.175,5.475,1,1,0,1,0.05812194057,11.79264083,4.712391414,1.054629,5.178097,6.232726,45668,validated A*
wall_detour,66,tdt_qp,20260913,-1.125,-0.775,6.175,5.475,1,1,1,1,0.05812194057,11.08465202,1.435239609,1.054629,5.459728,6.514357,45668,validated minimum-jerk polyline
wall_detour,66,navfn,20260913,-1.125,-0.775,6.175,5.475,0,0,0,0,-0.4668780594,0,0,1.054629,1.368408,2.423037,45668,empty
wall_detour,66,smac2d,20260913,-1.125,-0.775,6.175,5.475,1,1,0,0,0.04191597476,10.97060643,4.090818499,1.054629,4.814801,5.86943,45668,returned
wall_detour,67,tdt_qp,20260913,0.925,5.275,-1.425,4.025,1,1,1,1,0.25,2.661766331,5.533372947e-05,1.054629,3.962434,5.017063,45668,validated minimum-jerk polyline
wall_detour,67,navfn,20260913,0.925,5.275,-1.425,4.025,1,1,0,1,0.25,2.660345477,0.8534773954,1.054629,0.302212,1.356841,45668,returned
wall_detour,67,smac2d,20260913,0.925,5.275,-1.425,4.025,1,1,0,1,0.25,2.800305785,1.099564979,1.054629,0.833646,1.888275,45668,returned
wall_detour,67,tdt_astar,20260913,0.925,5.275,-1.425,4.025,1,1,0,1,0.25,2.839836897,0.7469554576,1.054629,1.603198,2.657827,45668,validated A*
wall_detour,68,navfn,20260913,-1.075,2.675,1.125,3.625,1,1,0,1,0.1581219406,2.400892551,2.286601854,1.054629,0.302438,1.357067,45668,returned
wall_detour,68,smac2d,20260913,-1.075,2.675,1.125,3.625,1,1,0,1,0.1581219406,2.507587815,1.175956191,1.054629,0.571125,1.625754,45668,returned
wall_detour,68,tdt_astar,20260913,-1.075,2.675,1.125,3.625,1,1,0,1,0.1581219406,2.593502814,0.7853980379,1.054629,1.741841,2.79647,45668,validated A*
wall_detour,68,tdt_qp,20260913,-1.075,2.675,1.125,3.625,1,1,1,1,0.1581219406,2.397445073,0.1043576139,1.054629,1.899352,2.953981,45668,validated minimum-jerk polyline
wall_detour,69,smac2d,20260913,0.475,2.125,-1.325,3.225,1,1,0,1,0.25,2.130161628,0.7791787477,1.054629,0.431252,1.485881,45668,returned
wall_detour,69,tdt_astar,20260913,0.475,2.125,-1.325,3.225,1,1,0,1,0.25,2.241382868,0.7631791023,1.054629,1.387279,2.441908,45668,validated A*
wall_detour,69,tdt_qp,20260913,0.475,2.125,-1.325,3.225,1,1,1,1,0.25,2.109502311,4.623482481e-05,1.054629,2.161922,3.216551,45668,validated minimum-jerk polyline
wall_detour,69,navfn,20260913,0.475,2.125,-1.325,3.225,1,1,0,1,0.25,2.158104361,2.763394539,1.054629,0.2889,1.343529,45668,returned
wall_detour,70,tdt_astar,20260913,-0.725,4.475,0.175,-1.025,1,1,0,1,0.2081219406,5.872792246,1.570796513,1.054629,2.673832,3.728461,45668,validated A*
wall_detour,70,tdt_qp,20260913,-0.725,4.475,0.175,-1.025,1,1,1,1,0.2081219406,5.574474388,0.07656636483,1.054629,2.755341,3.80997,45668,validated minimum-jerk polyline
wall_detour,70,navfn,20260913,-0.725,4.475,0.175,-1.025,1,1,0,1,0.2081219406,5.627921361,2.404202615,1.054629,1.157163,2.211792,45668,returned
wall_detour,70,smac2d,20260913,-0.725,4.475,0.175,-1.025,1,1,0,1,0.2081219406,5.747422968,1.910197663,1.054629,2.246544,3.301173,45668,returned
wall_detour,71,tdt_qp,20260913,-0.425,5.675,-2.175,-0.075,1,1,1,1,0.05812194057,6.391985824,1.033915399,1.054629,4.397542,5.452171,45668,validated minimum-jerk polyline
wall_detour,71,navfn,20260913,-0.425,5.675,-2.175,-0.075,1,1,0,0,0.03312194057,6.066784561,0.776480318,1.054629,0.817101,1.87173,45668,returned
wall_detour,71,smac2d,20260913,-0.425,5.675,-2.175,-0.075,1,1,0,1,0.05812194057,6.307668952,1.263608851,1.054629,2.649556,3.704185,45668,returned
wall_detour,71,tdt_astar,20260913,-0.425,5.675,-2.175,-0.075,1,1,0,1,0.05812194057,6.474873782,2.356195264,1.054629,2.669614,3.724243,45668,validated A*
wall_detour,72,navfn,20260913,-0.075,3.225,3.325,1.075,1,1,0,0,0.004820997173,5.893747857,14.55779984,1.054629,0.621084,1.675713,45668,returned
wall_detour,72,smac2d,20260913,-0.075,3.225,3.325,1.075,1,1,0,0,0.04191573707,5.929793111,5.312833941,1.054629,2.188329,3.242958,45668,returned
wall_detour,72,tdt_astar,20260913,-0.075,3.225,3.325,1.075,1,1,0,1,0.25,7.073402125,3.141591494,1.054629,6.078904,7.133533,45668,validated A*
wall_detour,72,tdt_qp,20260913,-0.075,3.225,3.325,1.075,1,1,1,1,0.2226002904,6.314343084,2.401539761,1.054629,6.806729,7.861358,45668,validated minimum-jerk polyline
wall_detour,73,smac2d,20260913,2.325,0.375,-0.825,3.025,1,1,0,0,0.04188900249,7.110657334,3.579675382,1.054629,3.223103,4.277732,45668,returned
wall_detour,73,tdt_astar,20260913,2.325,0.375,-0.825,3.025,1,1,0,1,0.05812194057,8.849748375,3.141592794,1.054629,8.224598,9.279227,45668,validated A*
wall_detour,73,tdt_qp,20260913,2.325,0.375,-0.825,3.025,1,1,1,1,0.05812194057,8.495161961,3.138321724,1.054629,4.065309,5.119938,45668,validated minimum-jerk polyline
wall_detour,73,navfn,20260913,2.325,0.375,-0.825,3.025,1,1,0,0,0.004820997173,7.137495771,7.534118049,1.054629,0.546696,1.601325,45668,returned
wall_detour,74,tdt_astar,20260913,-2.275,4.575,5.975,2.825,1,1,0,1,0.25,9.077523346,2.584993118,1.054629,5.044827,6.099456,45668,validated A*
wall_detour,74,tdt_qp,20260913,-2.275,4.575,5.975,2.825,1,1,1,1,0.25,8.701915765,0.7247331335,1.054629,5.64766,6.702289,45668,validated minimum-jerk polyline
wall_detour,74,navfn,20260913,-2.275,4.575,5.975,2.825,1,1,0,1,0.08810560958,8.53572959,3.848920348,1.054629,0.965452,2.020081,45668,returned
wall_detour,74,smac2d,20260913,-2.275,4.575,5.975,2.825,1,1,0,1,0.05812118888,8.612412467,1.679125436,1.054629,3.983223,5.037852,45668,returned
wall_detour,75,tdt_qp,20260913,0.725,4.275,-2.625,0.425,1,1,1,1,0.1081219406,5.107286557,0.1885649851,1.054629,3.958248,5.012877,45668,validated minimum-jerk polyline
wall_detour,75,navfn,20260913,0.725,4.275,-2.625,0.425,1,1,0,1,0.1081219406,5.139586381,0.4222913196,1.054629,0.635954,1.690583,45668,returned
wall_detour,75,smac2d,20260913,0.725,4.275,-2.625,0.425,1,1,0,1,0.1081219406,5.147022011,0.3776659956,1.054629,1.196688,2.251317,45668,returned
wall_detour,75,tdt_astar,20260913,0.725,4.275,-2.625,0.425,1,1,0,1,0.1081219406,5.267860172,1.597816827,1.054629,2.953744,4.008373,45668,validated A*
wall_detour,76,navfn,20260913,-2.575,0.075,3.225,2.875,1,1,0,0,0.02556483066,8.232779742,9.861188764,1.054629,0.480331,1.53496,45668,returned
wall_detour,76,smac2d,20260913,-2.575,0.075,3.225,2.875,1,1,0,0,0.04194846651,8.168595841,2.443079185,1.054629,3.346021,4.40065,45668,returned
wall_detour,76,tdt_astar,20260913,-2.575,0.075,3.225,2.875,1,1,0,1,0.1581219406,9.446804338,3.92699124,1.054629,5.178737,6.233366,45668,validated A*
wall_detour,76,tdt_qp,20260913,-2.575,0.075,3.225,2.875,1,1,1,1,0.1581219406,8.627433337,2.473288635,1.054629,5.240485,6.295114,45668,validated minimum-jerk polyline
wall_detour,77,smac2d,20260913,-0.825,-0.425,2.575,3.325,1,1,0,0,0.04188904105,7.16388277,3.789815001,1.054629,4.40173,5.456359,45668,returned
wall_detour,77,tdt_astar,20260913,-0.825,-0.425,2.575,3.325,1,1,0,1,0.25,8.29726042,3.172276064,1.054629,5.895758,6.950387,45668,validated A*
wall_detour,77,tdt_qp,20260913,-0.825,-0.425,2.575,3.325,1,1,1,1,0.07252422488,7.810919261,2.649912389,1.054629,4.838771,5.8934,45668,validated minimum-jerk polyline
wall_detour,77,navfn,20260913,-0.825,-0.425,2.575,3.325,1,1,0,0,0.004820997173,6.881527828,12.61361659,1.054629,0.443679,1.498308,45668,returned
wall_detour,78,tdt_astar,20260913,-1.475,5.125,-1.825,-1.025,1,1,0,1,0.2081219406,6.315932984,1.580697071,1.054629,2.925348,3.979977,45668,validated A*
wall_detour,78,tdt_qp,20260913,-1.475,5.125,-1.825,-1.025,1,1,1,1,0.2081219406,6.159951539,0.001031222758,1.054629,3.146757,4.201386,45668,validated minimum-jerk polyline
wall_detour,78,navfn,20260913,-1.475,5.125,-1.825,-1.025,1,1,0,1,0.2081219406,6.214778274,0.7994873195,1.054629,0.484599,1.539228,45668,returned
wall_detour,78,smac2d,20260913,-1.475,5.125,-1.825,-1.025,1,1,0,1,0.2081219406,6.211969973,1.280587573,1.054629,1.351986,2.406615,45668,returned
wall_detour,79,tdt_qp,20260913,-1.025,5.625,3.175,0.125,1,1,1,1,0.1081219406,7.933401672,1.53145675,1.054629,6.82374,7.878369,45668,validated minimum-jerk polyline
wall_detour,79,navfn,20260913,-1.025,5.625,3.175,0.125,1,1,0,0,0.004820997173,7.710001272,10.40418149,1.054629,1.322327,2.376956,45668,returned
wall_detour,79,smac2d,20260913,-1.025,5.625,3.175,0.125,1,1,0,0,0.04191597476,7.978573136,3.609801714,1.054629,4.381813,5.436442,45668,returned
wall_detour,79,tdt_astar,20260913,-1.025,5.625,3.175,0.125,1,1,0,1,0.1081219406,8.840559215,3.141592439,1.054629,4.942461,5.99709,45668,validated A*
wall_detour,80,navfn,20260913,3.525,2.625,0.275,2.425,1,1,0,0,0.004820997173,5.011207305,11.3827081,1.054629,0.510463,1.565092,45668,returned
wall_detour,80,smac2d,20260913,3.525,2.625,0.275,2.425,1,1,0,0,0.04191600393,4.9360116,2.84630114,1.054629,1.363002,2.417631,45668,returned
wall_detour,80,tdt_astar,20260913,3.525,2.625,0.275,2.425,1,1,0,1,0.25,6.26127033,3.141592689,1.054629,5.055859,6.110488,45668,validated A*
wall_detour,80,tdt_qp,20260913,3.525,2.625,0.275,2.425,1,1,1,1,0.1979541692,5.294971371,2.400064462,1.054629,4.575966,5.630595,45668,validated minimum-jerk polyline
wall_detour,81,smac2d,20260913,5.225,0.625,-2.225,0.175,1,1,0,0,0.04188921253,10.95124008,3.666137205,1.054629,6.858993,7.913622,45668,returned
wall_detour,81,tdt_astar,20260913,5.225,0.625,-2.225,0.175,1,1,0,1,0.25,12.41908596,4.63550413,1.054629,10.564945,11.619574,45668,validated A*
wall_detour,81,tdt_qp,20260913,5.225,0.625,-2.225,0.175,1,1,1,1,0.1462482573,11.28966087,2.51828151,1.054629,6.528916,7.583545,45668,validated minimum-jerk polyline
wall_detour,81,navfn,20260913,5.225,0.625,-2.225,0.175,1,1,0,0,0.004820997173,10.8642763,7.641395639,1.054629,0.806008,1.860637,45668,returned
wall_detour,82,tdt_astar,20260913,0.425,-0.275,6.125,3.125,1,1,0,1,0.1081219406,11.0930193,3.926990857,1.054629,4.825849,5.880478,45668,validated A*
wall_detour,82,tdt_qp,20260913,0.425,-0.275,6.125,3.125,1,1,1,1,0.1081219406,10.04029602,2.152231158,1.054629,7.159461,8.21409,45668,validated minimum-jerk polyline
wall_detour,82,navfn,20260913,0.425,-0.275,6.125,3.125,1,1,0,0,0.02556483066,9.571682081,12.25866338,1.054629,1.130147,2.184776,45668,returned
wall_detour,82,smac2d,20260913,0.425,-0.275,6.125,3.125,1,1,0,0,0.04191597476,9.716819512,5.320060446,1.054629,3.528807,4.583436,45668,returned
wall_detour,83,tdt_qp,20260913,0.975,1.575,4.375,0.775,1,1,1,1,0.1172229458,7.866848241,3.007432279,1.054629,5.155149,6.209778,45668,validated minimum-jerk polyline
wall_detour,83,navfn,20260913,0.975,1.575,4.375,0.775,1,1,0,0,0.02556483066,7.560229261,10.6165601,1.054629,0.768443,1.823072,45668,returned
wall_detour,83,smac2d,20260913,0.975,1.575,4.375,0.775,1,1,0,0,0.04188898179,7.563312117,5.27832299,1.054629,3.591856,4.646485,45668,returned
wall_detour,83,tdt_astar,20260913,0.975,1.575,4.375,0.775,1,1,0,1,0.25,9.375609805,4.467408815,1.054629,5.574235,6.628864,45668,validated A*
wall_detour,84,navfn,20260913,0.425,1.525,2.525,3.225,1,1,0,0,0.004820997173,4.680838929,14.80849304,1.054629,1.027243,2.081872,45668,returned
wall_detour,84,smac2d,20260913,0.425,1.525,2.525,3.225,1,1,0,0,0.04188910901,4.718705174,5.515040282,1.054629,2.477121,3.53175,45668,returned
wall_detour,84,tdt_astar,20260913,0.425,1.525,2.525,3.225,1,1,0,1,0.25,5.914726688,3.25224979,1.054629,7.904445,8.959074,45668,validated A*
wall_detour,84,tdt_qp,20260913,0.425,1.525,2.525,3.225,1,1,1,1,0.0759952619,5.221497327,2.702186322,1.054629,4.812661,5.86729,45668,validated minimum-jerk polyline
wall_detour,85,smac2d,20260913,5.125,5.325,0.125,1.025,1,1,0,0,0.0419183528,7.559087579,4.012735048,1.054629,3.153447,4.208076,45668,returned
wall_detour,85,tdt_astar,20260913,5.125,5.325,0.125,1.025,1,1,0,1,0.25,8.304162804,2.356194112,1.054629,5.252574,6.307203,45668,validated A*
wall_detour,85,tdt_qp,20260913,5.125,5.325,0.125,1.025,1,1,1,1,0.25,7.732290493,1.511035379,1.054629,4.621509,5.676138,45668,validated minimum-jerk polyline
wall_detour,85,navfn,20260913,5.125,5.325,0.125,1.025,1,1,0,0,0.04790344762,7.386347401,8.735302542,1.054629,0.692759,1.747388,45668,returned
wall_detour,86,tdt_astar,20260913,-0.925,-0.825,-2.175,2.775,1,1,0,1,0.25,4.117767015,0.7853982409,1.054629,2.306546,3.361175,45668,validated A*
wall_detour,86,tdt_qp,20260913,-0.925,-0.825,-2.175,2.775,1,1,1,1,0.25,3.866041245,0.5763357984,1.054629,3.26621,4.320839,45668,validated minimum-jerk polyline
wall_detour,86,navfn,20260913,-0.925,-0.825,-2.175,2.775,1,1,0,1,0.25,3.863530824,2.343064342,1.054629,0.54257,1.597199,45668,returned
wall_detour,86,smac2d,20260913,-0.925,-0.825,-2.175,2.775,1,1,0,1,0.25,4.0499323,1.10465383,1.054629,2.161721,3.21635,45668,returned
wall_detour,87,tdt_qp,20260913,-1.925,3.675,4.075,5.375,1,1,1,1,0.25,6.242066525,0.2549095426,1.054629,3.471117,4.525746,45668,validated minimum-jerk polyline
wall_detour,87,navfn,20260913,-1.925,3.675,4.075,5.375,1,1,0,1,0.25,6.289992936,5.836375131,1.054629,0.544473,1.599102,45668,returned
wall_detour,87,smac2d,20260913,-1.925,3.675,4.075,5.375,1,1,0,1,0.25,6.54721924,1.276225045,1.054629,2.040643,3.095272,45668,returned
wall_detour,87,tdt_astar,20260913,-1.925,3.675,4.075,5.375,1,1,0,1,0.25,6.577443143,2.244422438,1.054629,3.237381,4.29201,45668,validated A*
wall_detour,88,navfn,20260913,4.425,3.975,0.575,3.575,1,1,0,0,0.004820997173,4.22018165,7.185107729,1.054629,0.443511,1.49814,45668,returned
wall_detour,88,smac2d,20260913,4.425,3.975,0.575,3.575,1,1,0,0,0.04296323252,4.150717535,2.752054614,1.054629,0.937029,1.991658,45668,returned
wall_detour,88,tdt_astar,20260913,4.425,3.975,0.575,3.575,1,1,0,1,0.25,4.794301945,2.746800261,1.054629,3.128974,4.183603,45668,validated A*
wall_detour,88,tdt_qp,20260913,4.425,3.975,0.575,3.575,1,1,1,1,0.1122793987,4.236300928,1.338435282,1.054629,3.218745,4.273374,45668,validated minimum-jerk polyline
wall_detour,89,smac2d,20260913,0.575,2.475,-1.525,4.125,1,1,0,1,0.25,2.701233719,0.3790724679,1.054629,0.911937,1.966566,45668,returned
wall_detour,89,tdt_astar,20260913,0.575,2.475,-1.525,4.125,1,1,0,1,0.25,2.783452038,0.7853971278,1.054629,2.038644,3.093273,45668,validated A*
wall_detour,89,tdt_qp,20260913,0.575,2.475,-1.525,4.125,1,1,1,1,0.25,2.670674072,7.974807795e-05,1.054629,2.291532,3.346161,45668,validated minimum-jerk polyline
wall_detour,89,navfn,20260913,0.575,2.475,-1.525,4.125,1,1,0,1,0.25,2.711802249,2.492941159,1.054629,0.662734,1.717363,45668,returned
wall_detour,90,tdt_astar,20260913,4.425,-1.125,-0.025,-0.175,1,1,0,1,0.1081219406,13.15977032,3.091634313,1.054629,6.557749,7.612378,45668,validated A*
wall_detour,90,tdt_qp,20260913,4.425,-1.125,-0.025,-0.175,1,1,1,1,0.1081219406,13.06795568,2.968738978,1.054629,4.980137,6.034766,45668,validated minimum-jerk polyline
wall_detour,90,navfn,20260913,4.425,-1.125,-0.025,-0.175,1,1,0,0,0.004820997173,11.18227294,11.88258312,1.054629,0.8941,1.948729,45668,returned
wall_detour,90,smac2d,20260913,4.425,-1.125,-0.025,-0.175,1,1,0,0,0.0418891091,11.58623845,5.686276043,1.054629,4.617224,5.671853,45668,returned
wall_detour,91,tdt_qp,20260913,-2.275,0.025,3.275,-0.625,1,1,1,1,0.1639687192,11.83431029,3.135699617,1.054629,5.973679,7.028308,45668,validated minimum-jerk polyline
wall_detour,91,navfn,20260913,-2.275,0.025,3.275,-0.625,1,1,0,0,0.004820997173,11.27883925,13.92696178,1.054629,0.927989,1.982618,45668,returned
wall_detour,91,smac2d,20260913,-2.275,0.025,3.275,-0.625,1,1,0,0,0.0419156165,11.41472848,5.324059421,1.054629,8.049113,9.103742,45668,returned
wall_detour,91,tdt_astar,20260913,-2.275,0.025,3.275,-0.625,1,1,0,1,0.25,13.1175153,5.497787715,1.054629,5.721613,6.776242,45668,validated A*
wall_detour,92,navfn,20260913,5.475,-0.425,2.625,-1.125,1,1,0,1,0.1081219406,2.952884087,1.844474393,1.054629,0.290406,1.345035,45668,returned
wall_detour,92,smac2d,20260913,5.475,-0.425,2.625,-1.125,1,1,0,1,0.1081219406,3.063881029,1.49032905,1.054629,1.44605,2.500679,45668,returned
wall_detour,92,tdt_astar,20260913,5.475,-0.425,2.625,-1.125,1,1,0,1,0.1081219406,3.139949444,0.7853980153,1.054629,2.411809,3.466438,45668,validated A*
wall_detour,92,tdt_qp,20260913,5.475,-0.425,2.625,-1.125,1,1,1,1,0.1081219406,2.937308017,0.14712782,1.054629,2.099855,3.154484,45668,validated minimum-jerk polyline
wall_detour,93,smac2d,20260913,-0.725,4.425,3.725,5.475,1,1,0,1,0.25,4.760488909,2.010539779,1.054629,1.317583,2.372212,45668,returned
wall_detour,93,tdt_astar,20260913,-0.725,4.425,3.725,5.475,1,1,0,1,0.25,4.79078772,1.674236394,1.054629,2.354011,3.40864,45668,validated A*
wall_detour,93,tdt_qp,20260913,-0.725,4.425,3.725,5.475,1,1,1,1,0.25,4.572198596,0.0002159522209,1.054629,3.38001,4.434639,45668,validated minimum-jerk polyline
wall_detour,93,navfn,20260913,-0.725,4.425,3.725,5.475,1,1,0,1,0.25,4.589252469,5.61094429,1.054629,0.626894,1.681523,45668,returned
wall_detour,94,tdt_astar,20260913,1.425,4.725,5.625,3.475,1,1,0,1,0.25,4.641230839,1.357325061,1.054629,4.625931,5.68056,45668,validated A*
wall_detour,94,tdt_qp,20260913,1.425,4.725,5.625,3.475,1,1,1,1,0.25,4.382409275,0.04415057743,1.054629,4.175926,5.230555,45668,validated minimum-jerk polyline
wall_detour,94,navfn,20260913,1.425,4.725,5.625,3.475,1,1,0,1,0.25,4.491843781,4.991435931,1.054629,0.742079,1.796708,45668,returned
wall_detour,94,smac2d,20260913,1.425,4.725,5.625,3.475,1,1,0,1,0.2057878246,4.55379618,2.059232302,1.054629,1.708567,2.763196,45668,returned
wall_detour,95,tdt_qp,20260913,-1.725,5.025,3.875,0.175,1,1,1,1,0.25,9.04119245,1.698107917,1.054629,6.998938,8.053567,45668,validated minimum-jerk polyline
wall_detour,95,navfn,20260913,-1.725,5.025,3.875,0.175,1,1,0,0,0.004820997173,8.358979091,7.800695052,1.054629,0.721697,1.776326,45668,returned
wall_detour,95,smac2d,20260913,-1.725,5.025,3.875,0.175,1,1,0,0,0.04193944457,8.483757423,5.420510823,1.054629,4.137726,5.192355,45668,returned
wall_detour,95,tdt_astar,20260913,-1.725,5.025,3.875,0.175,1,1,0,1,0.25,9.395584545,2.356193715,1.054629,6.052644,7.107273,45668,validated A*
wall_detour,96,navfn,20260913,-1.025,2.875,3.325,1.275,1,1,0,0,0.004820997173,6.70891485,14.89715761,1.054629,1.152561,2.20719,45668,returned
wall_detour,96,smac2d,20260913,-1.025,2.875,3.325,1.275,1,1,0,0,0.04191804977,6.837065761,4.905527146,1.054629,4.37525,5.429879,45668,returned
wall_detour,96,tdt_astar,20260913,-1.025,2.875,3.325,1.275,1,1,0,1,0.25,7.992641192,2.356194635,1.054629,5.215506,6.270135,45668,validated A*
wall_detour,96,tdt_qp,20260913,-1.025,2.875,3.325,1.275,1,1,1,1,0.25,7.461188648,2.323216894,1.054629,5.440942,6.495571,45668,validated minimum-jerk polyline
wall_detour,97,smac2d,20260913,5.825,5.275,-1.275,-1.075,1,1,0,0,0.04295297917,10.75417287,4.474037331,1.054629,5.951503,7.006132,45668,returned
wall_detour,97,tdt_astar,20260913,5.825,5.275,-1.275,-1.075,1,1,0,1,0.1581219406,11.70821492,3.874407231,1.054629,7.32837,8.382999,45668,validated A*
wall_detour,97,tdt_qp,20260913,5.825,5.275,-1.275,-1.075,1,1,1,1,0.1581219406,11.42239207,1.54918807,1.054629,8.683384,9.738013,45668,validated minimum-jerk polyline
wall_detour,97,navfn,20260913,5.825,5.275,-1.275,-1.075,1,1,0,0,0.04790344762,10.53811823,5.371699437,1.054629,0.71859,1.773219,45668,returned
wall_detour,98,tdt_astar,20260913,3.175,1.675,-0.675,1.625,1,1,0,1,0.25,8.259798597,3.141592707,1.054629,5.077184,6.131813,45668,validated A*
wall_detour,98,tdt_qp,20260913,3.175,1.675,-0.675,1.625,1,1,1,1,0.2196985141,7.718397279,2.623064545,1.054629,5.381761,6.43639,45668,validated minimum-jerk polyline
wall_detour,98,navfn,20260913,3.175,1.675,-0.675,1.625,1,1,0,0,0.004820997173,6.794345364,8.179182493,1.054629,0.669917,1.724546,45668,returned
wall_detour,98,smac2d,20260913,3.175,1.675,-0.675,1.625,1,1,0,0,0.04188898179,6.893569019,5.22404623,1.054629,2.686592,3.741221,45668,returned
wall_detour,99,tdt_qp,20260913,4.025,1.075,3.075,5.075,1,1,1,1,0.25,4.125681722,0.2933988425,1.054629,3.17739,4.232019,45668,validated minimum-jerk polyline
wall_detour,99,navfn,20260913,4.025,1.075,3.075,5.075,1,1,0,1,0.25,4.165012677,2.7707062,1.054629,0.876355,1.930984,45668,returned
wall_detour,99,smac2d,20260913,4.025,1.075,3.075,5.075,1,1,0,1,0.25,4.298706885,1.692960054,1.054629,3.431121,4.48575,45668,returned
wall_detour,99,tdt_astar,20260913,4.025,1.075,3.075,5.075,1,1,0,1,0.25,4.393502805,1.57079493,1.054629,2.86485,3.919479,45668,validated A*
passage_080m,0,navfn,20260913,-0.425,2.075,5.225,2.925,0,0,0,0,-0.4668780594,0,0,1.164184,0.450213,1.614397,45668,empty
passage_080m,0,smac2d,20260913,-0.425,2.075,5.225,2.925,0,0,0,0,-0.4668780594,0,0,1.164184,4.158194,5.322378,45668,empty
passage_080m,0,tdt_astar,20260913,-0.425,2.075,5.225,2.925,0,0,0,0,-0.4668780594,0,0,1.164184,4.514806,5.67899,45668,no A* path
passage_080m,0,tdt_qp,20260913,-0.425,2.075,5.225,2.925,0,0,0,0,-0.4668780594,0,0,1.164184,4.28712,5.451304,45668,no A* path
passage_080m,1,smac2d,20260913,-0.325,3.075,5.275,1.875,0,0,0,0,-0.4668780594,0,0,1.164184,5.064485,6.228669,45668,empty
passage_080m,1,tdt_astar,20260913,-0.325,3.075,5.275,1.875,0,0,0,0,-0.4668780594,0,0,1.164184,5.575872,6.740056,45668,no A* path
passage_080m,1,tdt_qp,20260913,-0.325,3.075,5.275,1.875,0,0,0,0,-0.4668780594,0,0,1.164184,6.708993,7.873177,45668,no A* path
passage_080m,1,navfn,20260913,-0.325,3.075,5.275,1.875,0,0,0,0,-0.4668780594,0,0,1.164184,0.428461,1.592645,45668,empty
passage_080m,2,tdt_astar,20260913,-0.775,3.025,5.425,2.825,0,0,0,0,-0.4668780594,0,0,1.164184,3.824532,4.988716,45668,no A* path
passage_080m,2,tdt_qp,20260913,-0.775,3.025,5.425,2.825,0,0,0,0,-0.4668780594,0,0,1.164184,3.933713,5.097897,45668,no A* path
passage_080m,2,navfn,20260913,-0.775,3.025,5.425,2.825,0,0,0,0,-0.4668780594,0,0,1.164184,0.498814,1.662998,45668,empty
passage_080m,2,smac2d,20260913,-0.775,3.025,5.425,2.825,0,0,0,0,-0.4668780594,0,0,1.164184,4.849209,6.013393,45668,empty
passage_080m,3,tdt_qp,20260913,-1.775,1.275,4.725,2.075,0,0,0,0,-0.4668780594,0,0,1.164184,4.005629,5.169813,45668,no A* path
passage_080m,3,navfn,20260913,-1.775,1.275,4.725,2.075,0,0,0,0,-0.4668780594,0,0,1.164184,0.658135,1.822319,45668,empty
passage_080m,3,smac2d,20260913,-1.775,1.275,4.725,2.075,0,0,0,0,-0.4668780594,0,0,1.164184,6.467693,7.631877,45668,empty
passage_080m,3,tdt_astar,20260913,-1.775,1.275,4.725,2.075,0,0,0,0,-0.4668780594,0,0,1.164184,4.791589,5.955773,45668,no A* path
passage_080m,4,navfn,20260913,-1.375,2.975,4.425,2.325,0,0,0,0,-0.4668780594,0,0,1.164184,0.454607,1.618791,45668,empty
passage_080m,4,smac2d,20260913,-1.375,2.975,4.425,2.325,0,0,0,0,-0.4668780594,0,0,1.164184,4.407983,5.572167,45668,empty
passage_080m,4,tdt_astar,20260913,-1.375,2.975,4.425,2.325,0,0,0,0,-0.4668780594,0,0,1.164184,3.849569,5.013753,45668,no A* path
passage_080m,4,tdt_qp,20260913,-1.375,2.975,4.425,2.325,0,0,0,0,-0.4668780594,0,0,1.164184,4.172295,5.336479,45668,no A* path
passage_080m,5,smac2d,20260913,-0.725,3.125,5.425,2.225,0,0,0,0,-0.4668780594,0,0,1.164184,4.548878,5.713062,45668,empty
passage_080m,5,tdt_astar,20260913,-0.725,3.125,5.425,2.225,0,0,0,0,-0.4668780594,0,0,1.164184,3.882851,5.047035,45668,no A* path
passage_080m,5,tdt_qp,20260913,-0.725,3.125,5.425,2.225,0,0,0,0,-0.4668780594,0,0,1.164184,4.318675,5.482859,45668,no A* path
passage_080m,5,navfn,20260913,-0.725,3.125,5.425,2.225,0,0,0,0,-0.4668780594,0,0,1.164184,0.596796,1.76098,45668,empty
passage_080m,6,tdt_astar,20260913,-1.825,2.975,4.775,2.875,0,0,0,0,-0.4668780594,0,0,1.164184,4.98928,6.153464,45668,no A* path
passage_080m,6,tdt_qp,20260913,-1.825,2.975,4.775,2.875,0,0,0,0,-0.4668780594,0,0,1.164184,6.940315,8.104499,45668,no A* path
passage_080m,6,navfn,20260913,-1.825,2.975,4.775,2.875,0,0,0,0,-0.4668780594,0,0,1.164184,0.440422,1.604606,45668,empty
passage_080m,6,smac2d,20260913,-1.825,2.975,4.775,2.875,0,0,0,0,-0.4668780594,0,0,1.164184,4.396002,5.560186,45668,empty
passage_080m,7,tdt_qp,20260913,-0.975,1.775,4.825,1.975,0,0,0,0,-0.4668780594,0,0,1.164184,4.183171,5.347355,45668,no A* path
passage_080m,7,navfn,20260913,-0.975,1.775,4.825,1.975,0,0,0,0,-0.4668780594,0,0,1.164184,0.629387,1.793571,45668,empty
passage_080m,7,smac2d,20260913,-0.975,1.775,4.825,1.975,0,0,0,0,-0.4668780594,0,0,1.164184,4.612716,5.7769,45668,empty
passage_080m,7,tdt_astar,20260913,-0.975,1.775,4.825,1.975,0,0,0,0,-0.4668780594,0,0,1.164184,4.266935,5.431119,45668,no A* path
passage_080m,8,navfn,20260913,-1.625,2.975,4.225,1.775,0,0,0,0,-0.4668780594,0,0,1.164184,0.86075,2.024934,45668,empty
passage_080m,8,smac2d,20260913,-1.625,2.975,4.225,1.775,0,0,0,0,-0.4668780594,0,0,1.164184,6.839547,8.003731,45668,empty
passage_080m,8,tdt_astar,20260913,-1.625,2.975,4.225,1.775,0,0,0,0,-0.4668780594,0,0,1.164184,4.893186,6.05737,45668,no A* path
passage_080m,8,tdt_qp,20260913,-1.625,2.975,4.225,1.775,0,0,0,0,-0.4668780594,0,0,1.164184,3.797678,4.961862,45668,no A* path
passage_080m,9,smac2d,20260913,-0.475,2.275,4.575,2.725,0,0,0,0,-0.4668780594,0,0,1.164184,4.414258,5.578442,45668,empty
passage_080m,9,tdt_astar,20260913,-0.475,2.275,4.575,2.725,0,0,0,0,-0.4668780594,0,0,1.164184,4.956846,6.12103,45668,no A* path
passage_080m,9,tdt_qp,20260913,-0.475,2.275,4.575,2.725,0,0,0,0,-0.4668780594,0,0,1.164184,3.890981,5.055165,45668,no A* path
passage_080m,9,navfn,20260913,-0.475,2.275,4.575,2.725,0,0,0,0,-0.4668780594,0,0,1.164184,0.435563,1.599747,45668,empty
passage_080m,10,tdt_astar,20260913,-0.825,2.075,4.525,1.975,0,0,0,0,-0.4668780594,0,0,1.164184,4.218264,5.382448,45668,no A* path
passage_080m,10,tdt_qp,20260913,-0.825,2.075,4.525,1.975,0,0,0,0,-0.4668780594,0,0,1.164184,5.113277,6.277461,45668,no A* path
passage_080m,10,navfn,20260913,-0.825,2.075,4.525,1.975,0,0,0,0,-0.4668780594,0,0,1.164184,0.5586,1.722784,45668,empty
passage_080m,10,smac2d,20260913,-0.825,2.075,4.525,1.975,0,0,0,0,-0.4668780594,0,0,1.164184,7.480337,8.644521,45668,empty
passage_080m,11,tdt_qp,20260913,-0.725,1.925,3.825,2.175,0,0,0,0,-0.4668780594,0,0,1.164184,3.857062,5.021246,45668,no A* path
passage_080m,11,navfn,20260913,-0.725,1.925,3.825,2.175,0,0,0,0,-0.4668780594,0,0,1.164184,0.403558,1.567742,45668,empty
passage_080m,11,smac2d,20260913,-0.725,1.925,3.825,2.175,0,0,0,0,-0.4668780594,0,0,1.164184,5.036317,6.200501,45668,empty
passage_080m,11,tdt_astar,20260913,-0.725,1.925,3.825,2.175,0,0,0,0,-0.4668780594,0,0,1.164184,5.289927,6.454111,45668,no A* path
passage_080m,12,navfn,20260913,-1.775,1.775,5.125,1.775,0,0,0,0,-0.4668780594,0,0,1.164184,0.547746,1.71193,45668,empty
passage_080m,12,smac2d,20260913,-1.775,1.775,5.125,1.775,0,0,0,0,-0.4668780594,0,0,1.164184,6.485894,7.650078,45668,empty
passage_080m,12,tdt_astar,20260913,-1.775,1.775,5.125,1.775,0,0,0,0,-0.4668780594,0,0,1.164184,6.4698,7.633984,45668,no A* path
passage_080m,12,tdt_qp,20260913,-1.775,1.775,5.125,1.775,0,0,0,0,-0.4668780594,0,0,1.164184,6.149022,7.313206,45668,no A* path
passage_080m,13,smac2d,20260913,-0.575,2.275,5.275,2.375,0,0,0,0,-0.4668780594,0,0,1.164184,4.309874,5.474058,45668,empty
passage_080m,13,tdt_astar,20260913,-0.575,2.275,5.275,2.375,0,0,0,0,-0.4668780594,0,0,1.164184,4.709227,5.873411,45668,no A* path
passage_080m,13,tdt_qp,20260913,-0.575,2.275,5.275,2.375,0,0,0,0,-0.4668780594,0,0,1.164184,4.074232,5.238416,45668,no A* path
passage_080m,13,navfn,20260913,-0.575,2.275,5.275,2.375,0,0,0,0,-0.4668780594,0,0,1.164184,0.451606,1.61579,45668,empty
passage_080m,14,tdt_astar,20260913,-0.925,2.275,4.875,2.175,0,0,0,0,-0.4668780594,0,0,1.164184,4.157225,5.321409,45668,no A* path
passage_080m,14,tdt_qp,20260913,-0.925,2.275,4.875,2.175,0,0,0,0,-0.4668780594,0,0,1.164184,5.791671,6.955855,45668,no A* path
passage_080m,14,navfn,20260913,-0.925,2.275,4.875,2.175,0,0,0,0,-0.4668780594,0,0,1.164184,0.676041,1.840225,45668,empty
passage_080m,14,smac2d,20260913,-0.925,2.275,4.875,2.175,0,0,0,0,-0.4668780594,0,0,1.164184,8.016421,9.180605,45668,empty
passage_080m,15,tdt_qp,20260913,-1.325,2.825,4.525,2.425,0,0,0,0,-0.4668780594,0,0,1.164184,3.868238,5.032422,45668,no A* path
passage_080m,15,navfn,20260913,-1.325,2.825,4.525,2.425,0,0,0,0,-0.4668780594,0,0,1.164184,0.415496,1.57968,45668,empty
passage_080m,15,smac2d,20260913,-1.325,2.825,4.525,2.425,0,0,0,0,-0.4668780594,0,0,1.164184,5.265026,6.42921,45668,empty
passage_080m,15,tdt_astar,20260913,-1.325,2.825,4.525,2.425,0,0,0,0,-0.4668780594,0,0,1.164184,4.322699,5.486883,45668,no A* path
passage_080m,16,navfn,20260913,-0.875,2.575,5.325,2.075,0,0,0,0,-0.4668780594,0,0,1.164184,0.426669,1.590853,45668,empty
passage_080m,16,smac2d,20260913,-0.875,2.575,5.325,2.075,0,0,0,0,-0.4668780594,0,0,1.164184,5.225606,6.38979,45668,empty
passage_080m,16,tdt_astar,20260913,-0.875,2.575,5.325,2.075,0,0,0,0,-0.4668780594,0,0,1.164184,5.668454,6.832638,45668,no A* path
passage_080m,16,tdt_qp,20260913,-0.875,2.575,5.325,2.075,0,0,0,0,-0.4668780594,0,0,1.164184,4.451416,5.6156,45668,no A* path
passage_080m,17,smac2d,20260913,-0.375,2.325,4.925,1.825,0,0,0,0,-0.4668780594,0,0,1.164184,4.295977,5.460161,45668,empty
passage_080m,17,tdt_astar,20260913,-0.375,2.325,4.925,1.825,0,0,0,0,-0.4668780594,0,0,1.164184,3.908457,5.072641,45668,no A* path
passage_080m,17,tdt_qp,20260913,-0.375,2.325,4.925,1.825,0,0,0,0,-0.4668780594,0,0,1.164184,4.272985,5.437169,45668,no A* path
passage_080m,17,navfn,20260913,-0.375,2.325,4.925,1.825,0,0,0,0,-0.4668780594,0,0,1.164184,0.582279,1.746463,45668,empty
passage_080m,18,tdt_astar,20260913,-1.475,1.925,5.125,2.075,0,0,0,0,-0.4668780594,0,0,1.164184,4.227489,5.391673,45668,no A* path
passage_080m,18,tdt_qp,20260913,-1.475,1.925,5.125,2.075,0,0,0,0,-0.4668780594,0,0,1.164184,3.830335,4.994519,45668,no A* path
passage_080m,18,navfn,20260913,-1.475,1.925,5.125,2.075,0,0,0,0,-0.4668780594,0,0,1.164184,0.449664,1.613848,45668,empty
passage_080m,18,smac2d,20260913,-1.475,1.925,5.125,2.075,0,0,0,0,-0.4668780594,0,0,1.164184,5.569765,6.733949,45668,empty
passage_080m,19,tdt_qp,20260913,-1.775,2.375,4.925,1.475,0,0,0,0,-0.4668780594,0,0,1.164184,5.856454,7.020638,45668,no A* path
passage_080m,19,navfn,20260913,-1.775,2.375,4.925,1.475,0,0,0,0,-0.4668780594,0,0,1.164184,0.624685,1.788869,45668,empty
passage_080m,19,smac2d,20260913,-1.775,2.375,4.925,1.475,0,0,0,0,-0.4668780594,0,0,1.164184,4.521377,5.685561,45668,empty
passage_080m,19,tdt_astar,20260913,-1.775,2.375,4.925,1.475,0,0,0,0,-0.4668780594,0,0,1.164184,3.948321,5.112505,45668,no A* path
passage_080m,20,navfn,20260913,-1.625,2.825,5.225,1.775,0,0,0,0,-0.4668780594,0,0,1.164184,0.618853,1.783037,45668,empty
passage_080m,20,smac2d,20260913,-1.625,2.825,5.225,1.775,0,0,0,0,-0.4668780594,0,0,1.164184,5.388549,6.552733,45668,empty
passage_080m,20,tdt_astar,20260913,-1.625,2.825,5.225,1.775,0,0,0,0,-0.4668780594,0,0,1.164184,3.880028,5.044212,45668,no A* path
passage_080m,20,tdt_qp,20260913,-1.625,2.825,5.225,1.775,0,0,0,0,-0.4668780594,0,0,1.164184,4.205641,5.369825,45668,no A* path
passage_080m,21,smac2d,20260913,-0.375,2.575,4.475,1.525,0,0,0,0,-0.4668780594,0,0,1.164184,6.452983,7.617167,45668,empty
passage_080m,21,tdt_astar,20260913,-0.375,2.575,4.475,1.525,0,0,0,0,-0.4668780594,0,0,1.164184,6.649193,7.813377,45668,no A* path
passage_080m,21,tdt_qp,20260913,-0.375,2.575,4.475,1.525,0,0,0,0,-0.4668780594,0,0,1.164184,3.873126,5.03731,45668,no A* path
passage_080m,21,navfn,20260913,-0.375,2.575,4.475,1.525,0,0,0,0,-0.4668780594,0,0,1.164184,0.436713,1.600897,45668,empty
passage_080m,22,tdt_astar,20260913,-1.175,2.975,4.625,1.475,0,0,0,0,-0.4668780594,0,0,1.164184,4.456775,5.620959,45668,no A* path
passage_080m,22,tdt_qp,20260913,-1.175,2.975,4.625,1.475,0,0,0,0,-0.4668780594,0,0,1.164184,4.86058,6.024764,45668,no A* path
passage_080m,22,navfn,20260913,-1.175,2.975,4.625,1.475,0,0,0,0,-0.4668780594,0,0,1.164184,0.447345,1.611529,45668,empty
passage_080m,22,smac2d,20260913,-1.175,2.975,4.625,1.475,0,0,0,0,-0.4668780594,0,0,1.164184,6.976593,8.140777,45668,empty
passage_080m,23,tdt_qp,20260913,-1.975,2.775,4.475,1.275,0,0,0,0,-0.4668780594,0,0,1.164184,4.227406,5.39159,45668,no A* path
passage_080m,23,navfn,20260913,-1.975,2.775,4.475,1.275,0,0,0,0,-0.4668780594,0,0,1.164184,0.796834,1.961018,45668,empty
passage_080m,23,smac2d,20260913,-1.975,2.775,4.475,1.275,0,0,0,0,-0.4668780594,0,0,1.164184,4.875686,6.03987,45668,empty
passage_080m,23,tdt_astar,20260913,-1.975,2.775,4.475,1.275,0,0,0,0,-0.4668780594,0,0,1.164184,3.795591,4.959775,45668,no A* path
passage_080m,24,navfn,20260913,-1.425,2.925,5.225,1.575,0,0,0,0,-0.4668780594,0,0,1.164184,0.415932,1.580116,45668,empty
passage_080m,24,smac2d,20260913,-1.425,2.925,5.225,1.575,0,0,0,0,-0.4668780594,0,0,1.164184,4.65574,5.819924,45668,empty
passage_080m,24,tdt_astar,20260913,-1.425,2.925,5.225,1.575,0,0,0,0,-0.4668780594,0,0,1.164184,5.549455,6.713639,45668,no A* path
passage_080m,24,tdt_qp,20260913,-1.425,2.925,5.225,1.575,0,0,0,0,-0.4668780594,0,0,1.164184,3.852711,5.016895,45668,no A* path
passage_080m,25,smac2d,20260913,-0.425,1.625,4.275,3.225,0,0,0,0,-0.4668780594,0,0,1.164184,4.653209,5.817393,45668,empty
passage_080m,25,tdt_astar,20260913,-0.425,1.625,4.275,3.225,0,0,0,0,-0.4668780594,0,0,1.164184,5.095796,6.25998,45668,no A* path
passage_080m,25,tdt_qp,20260913,-0.425,1.625,4.275,3.225,0,0,0,0,-0.4668780594,0,0,1.164184,6.798047,7.962231,45668,no A* path
passage_080m,25,navfn,20260913,-0.425,1.625,4.275,3.225,0,0,0,0,-0.4668780594,0,0,1.164184,0.433925,1.598109,45668,empty
passage_080m,26,tdt_astar,20260913,-1.425,3.025,4.725,3.175,0,0,0,0,-0.4668780594,0,0,1.164184,3.830388,4.994572,45668,no A* path
passage_080m,26,tdt_qp,20260913,-1.425,3.025,4.725,3.175,0,0,0,0,-0.4668780594,0,0,1.164184,4.098159,5.262343,45668,no A* path
passage_080m,26,navfn,20260913,-1.425,3.025,4.725,3.175,0,0,0,0,-0.4668780594,0,0,1.164184,0.582598,1.746782,45668,empty
passage_080m,26,smac2d,20260913,-1.425,3.025,4.725,3.175,0,0,0,0,-0.4668780594,0,0,1.164184,5.229519,6.393703,45668,empty
passage_080m,27,tdt_qp,20260913,-1.275,2.775,5.475,1.375,0,0,0,0,-0.4668780594,0,0,1.164184,4.372449,5.536633,45668,no A* path
passage_080m,27,navfn,20260913,-1.275,2.775,5.475,1.375,0,0,0,0,-0.4668780594,0,0,1.164184,0.512743,1.676927,45668,empty
passage_080m,27,smac2d,20260913,-1.275,2.775,5.475,1.375,0,0,0,0,-0.4668780594,0,0,1.164184,6.465826,7.63001,45668,empty
passage_080m,27,tdt_astar,20260913,-1.275,2.775,5.475,1.375,0,0,0,0,-0.4668780594,0,0,1.164184,4.441595,5.605779,45668,no A* path
passage_080m,28,navfn,20260913,-0.625,1.525,4.625,1.575,0,0,0,0,-0.4668780594,0,0,1.164184,0.58461,1.748794,45668,empty
passage_080m,28,smac2d,20260913,-0.625,1.525,4.625,1.575,0,0,0,0,-0.4668780594,0,0,1.164184,4.236005,5.400189,45668,empty
passage_080m,28,tdt_astar,20260913,-0.625,1.525,4.625,1.575,0,0,0,0,-0.4668780594,0,0,1.164184,3.800662,4.964846,45668,no A* path
passage_080m,28,tdt_qp,20260913,-0.625,1.525,4.625,1.575,0,0,0,0,-0.4668780594,0,0,1.164184,4.31751,5.481694,45668,no A* path
passage_080m,29,smac2d,20260913,-1.875,3.075,4.025,1.725,0,0,0,0,-0.4668780594,0,0,1.164184,4.816273,5.980457,45668,empty
passage_080m,29,tdt_astar,20260913,-1.875,3.075,4.025,1.725,0,0,0,0,-0.4668780594,0,0,1.164184,3.815583,4.979767,45668,no A* path
passage_080m,29,tdt_qp,20260913,-1.875,3.075,4.025,1.725,0,0,0,0,-0.4668780594,0,0,1.164184,4.169558,5.333742,45668,no A* path
passage_080m,29,navfn,20260913,-1.875,3.075,4.025,1.725,0,0,0,0,-0.4668780594,0,0,1.164184,1.113003,2.277187,45668,empty
passage_080m,30,tdt_astar,20260913,-1.425,1.775,4.025,2.125,0,0,0,0,-0.4668780594,0,0,1.164184,6.81507,7.979254,45668,no A* path
passage_080m,30,tdt_qp,20260913,-1.425,1.775,4.025,2.125,0,0,0,0,-0.4668780594,0,0,1.164184,4.249418,5.413602,45668,no A* path
passage_080m,30,navfn,20260913,-1.425,1.775,4.025,2.125,0,0,0,0,-0.4668780594,0,0,1.164184,0.458388,1.622572,45668,empty
passage_080m,30,smac2d,20260913,-1.425,1.775,4.025,2.125,0,0,0,0,-0.4668780594,0,0,1.164184,4.830829,5.995013,45668,empty
passage_080m,31,tdt_qp,20260913,-0.875,1.925,5.475,1.425,0,0,0,0,-0.4668780594,0,0,1.164184,4.666709,5.830893,45668,no A* path
passage_080m,31,navfn,20260913,-0.875,1.925,5.475,1.425,0,0,0,0,-0.4668780594,0,0,1.164184,0.604579,1.768763,45668,empty
passage_080m,31,smac2d,20260913,-0.875,1.925,5.475,1.425,0,0,0,0,-0.4668780594,0,0,1.164184,4.600509,5.764693,45668,empty
passage_080m,31,tdt_astar,20260913,-0.875,1.925,5.475,1.425,0,0,0,0,-0.4668780594,0,0,1.164184,4.893608,6.057792,45668,no A* path
passage_080m,32,navfn,20260913,-0.525,1.375,5.175,2.775,0,0,0,0,-0.4668780594,0,0,1.164184,0.550839,1.715023,45668,empty
passage_080m,32,smac2d,20260913,-0.525,1.375,5.175,2.775,0,0,0,0,-0.4668780594,0,0,1.164184,6.479163,7.643347,45668,empty
passage_080m,32,tdt_astar,20260913,-0.525,1.375,5.175,2.775,0,0,0,0,-0.4668780594,0,0,1.164184,4.581251,5.745435,45668,no A* path
passage_080m,32,tdt_qp,20260913,-0.525,1.375,5.175,2.775,0,0,0,0,-0.4668780594,0,0,1.164184,4.982723,6.146907,45668,no A* path
passage_080m,33,smac2d,20260913,-0.275,2.075,4.425,2.625,0,0,0,0,-0.4668780594,0,0,1.164184,6.693005,7.857189,45668,empty
passage_080m,33,tdt_astar,20260913,-0.275,2.075,4.425,2.625,0,0,0,0,-0.4668780594,0,0,1.164184,4.35415,5.518334,45668,no A* path
passage_080m,33,tdt_qp,20260913,-0.275,2.075,4.425,2.625,0,0,0,0,-0.4668780594,0,0,1.164184,4.599312,5.763496,45668,no A* path
passage_080m,33,navfn,20260913,-0.275,2.075,4.425,2.625,0,0,0,0,-0.4668780594,0,0,1.164184,0.492258,1.656442,45668,empty
passage_080m,34,tdt_astar,20260913,-0.625,2.975,5.125,2.575,0,0,0,0,-0.4668780594,0,0,1.164184,6.333432,7.497616,45668,no A* path
passage_080m,34,tdt_qp,20260913,-0.625,2.975,5.125,2.575,0,0,0,0,-0.4668780594,0,0,1.164184,5.827261,6.991445,45668,no A* path
passage_080m,34,navfn,20260913,-0.625,2.975,5.125,2.575,0,0,0,0,-0.4668780594,0,0,1.164184,0.432454,1.596638,45668,empty
passage_080m,34,smac2d,20260913,-0.625,2.975,5.125,2.575,0,0,0,0,-0.4668780594,0,0,1.164184,4.457189,5.621373,45668,empty
passage_080m,35,tdt_qp,20260913,-0.275,2.775,3.975,2.775,0,0,0,0,-0.4668780594,0,0,1.164184,4.826219,5.990403,45668,no A* path
passage_080m,35,navfn,20260913,-0.275,2.775,3.975,2.775,0,0,0,0,-0.4668780594,0,0,1.164184,0.475512,1.639696,45668,empty
passage_080m,35,smac2d,20260913,-0.275,2.775,3.975,2.775,0,0,0,0,-0.4668780594,0,0,1.164184,4.358932,5.523116,45668,empty
passage_080m,35,tdt_astar,20260913,-0.275,2.775,3.975,2.775,0,0,0,0,-0.4668780594,0,0,1.164184,4.1356,5.299784,45668,no A* path
passage_080m,36,navfn,20260913,-1.475,2.475,4.525,2.075,0,0,0,0,-0.4668780594,0,0,1.164184,0.786627,1.950811,45668,empty
passage_080m,36,smac2d,20260913,-1.475,2.475,4.525,2.075,0,0,0,0,-0.4668780594,0,0,1.164184,6.932905,8.097089,45668,empty
passage_080m,36,tdt_astar,20260913,-1.475,2.475,4.525,2.075,0,0,0,0,-0.4668780594,0,0,1.164184,7.429967,8.594151,45668,no A* path
passage_080m,36,tdt_qp,20260913,-1.475,2.475,4.525,2.075,0,0,0,0,-0.4668780594,0,0,1.164184,3.859616,5.0238,45668,no A* path
passage_080m,37,smac2d,20260913,-1.675,2.475,4.475,3.175,0,0,0,0,-0.4668780594,0,0,1.164184,5.555506,6.71969,45668,empty
passage_080m,37,tdt_astar,20260913,-1.675,2.475,4.475,3.175,0,0,0,0,-0.4668780594,0,0,1.164184,3.96598,5.130164,45668,no A* path
passage_080m,37,tdt_qp,20260913,-1.675,2.475,4.475,3.175,0,0,0,0,-0.4668780594,0,0,1.164184,4.010589,5.174773,45668,no A* path
passage_080m,37,navfn,20260913,-1.675,2.475,4.475,3.175,0,0,0,0,-0.4668780594,0,0,1.164184,0.549474,1.713658,45668,empty
passage_080m,38,tdt_astar,20260913,-1.225,2.125,4.975,2.575,0,0,0,0,-0.4668780594,0,0,1.164184,5.842404,7.006588,45668,no A* path
passage_080m,38,tdt_qp,20260913,-1.225,2.125,4.975,2.575,0,0,0,0,-0.4668780594,0,0,1.164184,4.191824,5.356008,45668,no A* path
passage_080m,38,navfn,20260913,-1.225,2.125,4.975,2.575,0,0,0,0,-0.4668780594,0,0,1.164184,0.516147,1.680331,45668,empty
passage_080m,38,smac2d,20260913,-1.225,2.125,4.975,2.575,0,0,0,0,-0.4668780594,0,0,1.164184,4.373532,5.537716,45668,empty
passage_080m,39,tdt_qp,20260913,-1.425,2.375,4.875,1.275,0,0,0,0,-0.4668780594,0,0,1.164184,3.856441,5.020625,45668,no A* path
passage_080m,39,navfn,20260913,-1.425,2.375,4.875,1.275,0,0,0,0,-0.4668780594,0,0,1.164184,0.393611,1.557795,45668,empty
passage_080m,39,smac2d,20260913,-1.425,2.375,4.875,1.275,0,0,0,0,-0.4668780594,0,0,1.164184,5.031798,6.195982,45668,empty
passage_080m,39,tdt_astar,20260913,-1.425,2.375,4.875,1.275,0,0,0,0,-0.4668780594,0,0,1.164184,3.994849,5.159033,45668,no A* path
passage_080m,40,navfn,20260913,-1.475,2.525,5.225,1.875,0,0,0,0,-0.4668780594,0,0,1.164184,0.429544,1.593728,45668,empty
passage_080m,40,smac2d,20260913,-1.475,2.525,5.225,1.875,0,0,0,0,-0.4668780594,0,0,1.164184,4.566715,5.730899,45668,empty
passage_080m,40,tdt_astar,20260913,-1.475,2.525,5.225,1.875,0,0,0,0,-0.4668780594,0,0,1.164184,4.744824,5.909008,45668,no A* path
passage_080m,40,tdt_qp,20260913,-1.475,2.525,5.225,1.875,0,0,0,0,-0.4668780594,0,0,1.164184,5.965925,7.130109,45668,no A* path
passage_080m,41,smac2d,20260913,-0.975,3.125,5.175,1.975,0,0,0,0,-0.4668780594,0,0,1.164184,4.408732,5.572916,45668,empty
passage_080m,41,tdt_astar,20260913,-0.975,3.125,5.175,1.975,0,0,0,0,-0.4668780594,0,0,1.164184,3.855745,5.019929,45668,no A* path
passage_080m,41,tdt_qp,20260913,-0.975,3.125,5.175,1.975,0,0,0,0,-0.4668780594,0,0,1.164184,4.422186,5.58637,45668,no A* path
passage_080m,41,navfn,20260913,-0.975,3.125,5.175,1.975,0,0,0,0,-0.4668780594,0,0,1.164184,0.591298,1.755482,45668,empty
passage_080m,42,tdt_astar,20260913,-1.325,1.775,4.675,1.275,0,0,0,0,-0.4668780594,0,0,1.164184,3.911725,5.075909,45668,no A* path
passage_080m,42,tdt_qp,20260913,-1.325,1.775,4.675,1.275,0,0,0,0,-0.4668780594,0,0,1.164184,3.873855,5.038039,45668,no A* path
passage_080m,42,navfn,20260913,-1.325,1.775,4.675,1.275,0,0,0,0,-0.4668780594,0,0,1.164184,0.640209,1.804393,45668,empty
passage_080m,42,smac2d,20260913,-1.325,1.775,4.675,1.275,0,0,0,0,-0.4668780594,0,0,1.164184,6.692239,7.856423,45668,empty
passage_080m,43,tdt_qp,20260913,-0.825,1.625,3.825,1.975,0,0,0,0,-0.4668780594,0,0,1.164184,4.79616,5.960344,45668,no A* path
passage_080m,43,navfn,20260913,-0.825,1.625,3.825,1.975,0,0,0,0,-0.4668780594,0,0,1.164184,0.519611,1.683795,45668,empty
passage_080m,43,smac2d,20260913,-0.825,1.625,3.825,1.975,0,0,0,0,-0.4668780594,0,0,1.164184,4.25892,5.423104,45668,empty
passage_080m,43,tdt_astar,20260913,-0.825,1.625,3.825,1.975,0,0,0,0,-0.4668780594,0,0,1.164184,3.85694,5.021124,45668,no A* path
passage_080m,44,navfn,20260913,-1.775,1.725,5.425,3.225,0,0,0,0,-0.4668780594,0,0,1.164184,0.503236,1.66742,45668,empty
passage_080m,44,smac2d,20260913,-1.775,1.725,5.425,3.225,0,0,0,0,-0.4668780594,0,0,1.164184,5.48476,6.648944,45668,empty
passage_080m,44,tdt_astar,20260913,-1.775,1.725,5.425,3.225,0,0,0,0,-0.4668780594,0,0,1.164184,4.028197,5.192381,45668,no A* path
passage_080m,44,tdt_qp,20260913,-1.775,1.725,5.425,3.225,0,0,0,0,-0.4668780594,0,0,1.164184,3.927021,5.091205,45668,no A* path
passage_080m,45,smac2d,20260913,-1.325,1.925,4.425,3.025,0,0,0,0,-0.4668780594,0,0,1.164184,6.915183,8.079367,45668,empty
passage_080m,45,tdt_astar,20260913,-1.325,1.925,4.425,3.025,0,0,0,0,-0.4668780594,0,0,1.164184,5.110635,6.274819,45668,no A* path
passage_080m,45,tdt_qp,20260913,-1.325,1.925,4.425,3.025,0,0,0,0,-0.4668780594,0,0,1.164184,3.824368,4.988552,45668,no A* path
passage_080m,45,navfn,20260913,-1.325,1.925,4.425,3.025,0,0,0,0,-0.4668780594,0,0,1.164184,0.439542,1.603726,45668,empty
passage_080m,46,tdt_astar,20260913,-1.075,1.775,4.875,2.125,0,0,0,0,-0.4668780594,0,0,1.164184,4.065799,5.229983,45668,no A* path
passage_080m,46,tdt_qp,20260913,-1.075,1.775,4.875,2.125,0,0,0,0,-0.4668780594,0,0,1.164184,4.50708,5.671264,45668,no A* path
passage_080m,46,navfn,20260913,-1.075,1.775,4.875,2.125,0,0,0,0,-0.4668780594,0,0,1.164184,0.448993,1.613177,45668,empty
passage_080m,46,smac2d,20260913,-1.075,1.775,4.875,2.125,0,0,0,0,-0.4668780594,0,0,1.164184,4.468853,5.633037,45668,empty
passage_080m,47,tdt_qp,20260913,-0.475,1.625,4.525,3.125,0,0,0,0,-0.4668780594,0,0,1.164184,4.236325,5.400509,45668,no A* path
passage_080m,47,navfn,20260913,-0.475,1.625,4.525,3.125,0,0,0,0,-0.4668780594,0,0,1.164184,0.50482,1.669004,45668,empty
passage_080m,47,smac2d,20260913,-0.475,1.625,4.525,3.125,0,0,0,0,-0.4668780594,0,0,1.164184,6.961208,8.125392,45668,empty
passage_080m,47,tdt_astar,20260913,-0.475,1.625,4.525,3.125,0,0,0,0,-0.4668780594,0,0,1.164184,4.793929,5.958113,45668,no A* path
passage_080m,48,navfn,20260913,-0.375,1.725,4.025,2.825,0,0,0,0,-0.4668780594,0,0,1.164184,0.430699,1.594883,45668,empty
passage_080m,48,smac2d,20260913,-0.375,1.725,4.025,2.825,0,0,0,0,-0.4668780594,0,0,1.164184,4.277692,5.441876,45668,empty
passage_080m,48,tdt_astar,20260913,-0.375,1.725,4.025,2.825,0,0,0,0,-0.4668780594,0,0,1.164184,4.488191,5.652375,45668,no A* path
passage_080m,48,tdt_qp,20260913,-0.375,1.725,4.025,2.825,0,0,0,0,-0.4668780594,0,0,1.164184,4.579337,5.743521,45668,no A* path
passage_080m,49,smac2d,20260913,-1.775,1.775,4.225,2.525,0,0,0,0,-0.4668780594,0,0,1.164184,4.583958,5.748142,45668,empty
passage_080m,49,tdt_astar,20260913,-1.775,1.775,4.225,2.525,0,0,0,0,-0.4668780594,0,0,1.164184,4.764525,5.928709,45668,no A* path
passage_080m,49,tdt_qp,20260913,-1.775,1.775,4.225,2.525,0,0,0,0,-0.4668780594,0,0,1.164184,6.209741,7.373925,45668,no A* path
passage_080m,49,navfn,20260913,-1.775,1.775,4.225,2.525,0,0,0,0,-0.4668780594,0,0,1.164184,0.601325,1.765509,45668,empty
passage_080m,50,tdt_astar,20260913,-1.225,1.525,5.475,1.975,0,0,0,0,-0.4668780594,0,0,1.164184,4.248154,5.412338,45668,no A* path
passage_080m,50,tdt_qp,20260913,-1.225,1.525,5.475,1.975,0,0,0,0,-0.4668780594,0,0,1.164184,4.11754,5.281724,45668,no A* path
passage_080m,50,navfn,20260913,-1.225,1.525,5.475,1.975,0,0,0,0,-0.4668780594,0,0,1.164184,0.562911,1.727095,45668,empty
passage_080m,50,smac2d,20260913,-1.225,1.525,5.475,1.975,0,0,0,0,-0.4668780594,0,0,1.164184,5.648212,6.812396,45668,empty
passage_080m,51,tdt_qp,20260913,-1.475,3.025,3.775,1.525,0,0,0,0,-0.4668780594,0,0,1.164184,3.904338,5.068522,45668,no A* path
passage_080m,51,navfn,20260913,-1.475,3.025,3.775,1.525,0,0,0,0,-0.4668780594,0,0,1.164184,0.42625,1.590434,45668,empty
passage_080m,51,smac2d,20260913,-1.475,3.025,3.775,1.525,0,0,0,0,-0.4668780594,0,0,1.164184,4.637452,5.801636,45668,empty
passage_080m,51,tdt_astar,20260913,-1.475,3.025,3.775,1.525,0,0,0,0,-0.4668780594,0,0,1.164184,5.206649,6.370833,45668,no A* path
passage_080m,52,navfn,20260913,-0.525,1.775,5.475,1.825,0,0,0,0,-0.4668780594,0,0,1.164184,0.647428,1.811612,45668,empty
passage_080m,52,smac2d,20260913,-0.525,1.775,5.475,1.825,0,0,0,0,-0.4668780594,0,0,1.164184,6.973526,8.13771,45668,empty
passage_080m,52,tdt_astar,20260913,-0.525,1.775,5.475,1.825,0,0,0,0,-0.4668780594,0,0,1.164184,3.904309,5.068493,45668,no A* path
passage_080m,52,tdt_qp,20260913,-0.525,1.775,5.475,1.825,0,0,0,0,-0.4668780594,0,0,1.164184,4.669318,5.833502,45668,no A* path
passage_080m,53,smac2d,20260913,-1.175,3.125,4.075,2.025,0,0,0,0,-0.4668780594,0,0,1.164184,5.179539,6.343723,45668,empty
passage_080m,53,tdt_astar,20260913,-1.175,3.125,4.075,2.025,0,0,0,0,-0.4668780594,0,0,1.164184,3.888052,5.052236,45668,no A* path
passage_080m,53,tdt_qp,20260913,-1.175,3.125,4.075,2.025,0,0,0,0,-0.4668780594,0,0,1.164184,4.432619,5.596803,45668,no A* path
passage_080m,53,navfn,20260913,-1.175,3.125,4.075,2.025,0,0,0,0,-0.4668780594,0,0,1.164184,1.453474,2.617658,45668,empty
passage_080m,54,tdt_astar,20260913,-1.875,1.275,4.575,2.375,0,0,0,0,-0.4668780594,0,0,1.164184,6.379899,7.544083,45668,no A* path
passage_080m,54,tdt_qp,20260913,-1.875,1.275,4.575,2.375,0,0,0,0,-0.4668780594,0,0,1.164184,6.018073,7.182257,45668,no A* path
passage_080m,54,navfn,20260913,-1.875,1.275,4.575,2.375,0,0,0,0,-0.4668780594,0,0,1.164184,0.452304,1.616488,45668,empty
passage_080m,54,smac2d,20260913,-1.875,1.275,4.575,2.375,0,0,0,0,-0.4668780594,0,0,1.164184,6.294037,7.458221,45668,empty
passage_080m,55,tdt_qp,20260913,-0.725,2.025,5.275,1.275,0,0,0,0,-0.4668780594,0,0,1.164184,4.484981,5.649165,45668,no A* path
passage_080m,55,navfn,20260913,-0.725,2.025,5.275,1.275,0,0,0,0,-0.4668780594,0,0,1.164184,0.426089,1.590273,45668,empty
passage_080m,55,smac2d,20260913,-0.725,2.025,5.275,1.275,0,0,0,0,-0.4668780594,0,0,1.164184,4.615095,5.779279,45668,empty
passage_080m,55,tdt_astar,20260913,-0.725,2.025,5.275,1.275,0,0,0,0,-0.4668780594,0,0,1.164184,5.457716,6.6219,45668,no A* path
passage_080m,56,navfn,20260913,-0.375,2.725,4.075,1.825,0,0,0,0,-0.4668780594,0,0,1.164184,0.53958,1.703764,45668,empty
passage_080m,56,smac2d,20260913,-0.375,2.725,4.075,1.825,0,0,0,0,-0.4668780594,0,0,1.164184,6.060168,7.224352,45668,empty
passage_080m,56,tdt_astar,20260913,-0.375,2.725,4.075,1.825,0,0,0,0,-0.4668780594,0,0,1.164184,3.903656,5.06784,45668,no A* path
passage_080m,56,tdt_qp,20260913,-0.375,2.725,4.075,1.825,0,0,0,0,-0.4668780594,0,0,1.164184,4.049866,5.21405,45668,no A* path
passage_080m,57,smac2d,20260913,-0.675,2.275,4.325,1.425,0,0,0,0,-0.4668780594,0,0,1.164184,5.085018,6.249202,45668,empty
passage_080m,57,tdt_astar,20260913,-0.675,2.275,4.325,1.425,0,0,0,0,-0.4668780594,0,0,1.164184,3.964896,5.12908,45668,no A* path
passage_080m,57,tdt_qp,20260913,-0.675,2.275,4.325,1.425,0,0,0,0,-0.4668780594,0,0,1.164184,4.24736,5.411544,45668,no A* path
passage_080m,57,navfn,20260913,-0.675,2.275,4.325,1.425,0,0,0,0,-0.4668780594,0,0,1.164184,0.601769,1.765953,45668,empty
passage_080m,58,tdt_astar,20260913,-0.575,1.825,5.275,3.075,0,0,0,0,-0.4668780594,0,0,1.164184,6.517505,7.681689,45668,no A* path
passage_080m,58,tdt_qp,20260913,-0.575,1.825,5.275,3.075,0,0,0,0,-0.4668780594,0,0,1.164184,7.746893,8.911077,45668,no A* path
passage_080m,58,navfn,20260913,-0.575,1.825,5.275,3.075,0,0,0,0,-0.4668780594,0,0,1.164184,0.436646,1.60083,45668,empty
passage_080m,58,smac2d,20260913,-0.575,1.825,5.275,3.075,0,0,0,0,-0.4668780594,0,0,1.164184,6.286852,7.451036,45668,empty
passage_080m,59,tdt_qp,20260913,-1.375,1.825,4.475,1.575,0,0,0,0,-0.4668780594,0,0,1.164184,5.164926,6.32911,45668,no A* path
passage_080m,59,navfn,20260913,-1.375,1.825,4.475,1.575,0,0,0,0,-0.4668780594,0,0,1.164184,0.428059,1.592243,45668,empty
passage_080m,59,smac2d,20260913,-1.375,1.825,4.475,1.575,0,0,0,0,-0.4668780594,0,0,1.164184,4.722648,5.886832,45668,empty
passage_080m,59,tdt_astar,20260913,-1.375,1.825,4.475,1.575,0,0,0,0,-0.4668780594,0,0,1.164184,5.805519,6.969703,45668,no A* path
passage_080m,60,navfn,20260913,-1.125,1.975,3.825,1.525,0,0,0,0,-0.4668780594,0,0,1.164184,0.560969,1.725153,45668,empty
passage_080m,60,smac2d,20260913,-1.125,1.975,3.825,1.525,0,0,0,0,-0.4668780594,0,0,1.164184,4.752531,5.916715,45668,empty
passage_080m,60,tdt_astar,20260913,-1.125,1.975,3.825,1.525,0,0,0,0,-0.4668780594,0,0,1.164184,4.009203,5.173387,45668,no A* path
passage_080m,60,tdt_qp,20260913,-1.125,1.975,3.825,1.525,0,0,0,0,-0.4668780594,0,0,1.164184,3.810827,4.975011,45668,no A* path
passage_080m,61,smac2d,20260913,-0.975,2.125,4.525,2.875,0,0,0,0,-0.4668780594,0,0,1.164184,5.408739,6.572923,45668,empty
passage_080m,61,tdt_astar,20260913,-0.975,2.125,4.525,2.875,0,0,0,0,-0.4668780594,0,0,1.164184,4.31666,5.480844,45668,no A* path
passage_080m,61,tdt_qp,20260913,-0.975,2.125,4.525,2.875,0,0,0,0,-0.4668780594,0,0,1.164184,3.868638,5.032822,45668,no A* path
passage_080m,61,navfn,20260913,-0.975,2.125,4.525,2.875,0,0,0,0,-0.4668780594,0,0,1.164184,0.557496,1.72168,45668,empty
passage_080m,62,tdt_astar,20260913,-1.575,2.475,4.375,2.525,0,0,0,0,-0.4668780594,0,0,1.164184,4.948256,6.11244,45668,no A* path
passage_080m,62,tdt_qp,20260913,-1.575,2.475,4.375,2.525,0,0,0,0,-0.4668780594,0,0,1.164184,5.50398,6.668164,45668,no A* path
passage_080m,62,navfn,20260913,-1.575,2.475,4.375,2.525,0,0,0,0,-0.4668780594,0,0,1.164184,0.460601,1.624785,45668,empty
passage_080m,62,smac2d,20260913,-1.575,2.475,4.375,2.525,0,0,0,0,-0.4668780594,0,0,1.164184,4.447234,5.611418,45668,empty
passage_080m,63,tdt_qp,20260913,-1.425,2.275,4.525,2.475,0,0,0,0,-0.4668780594,0,0,1.164184,3.904726,5.06891,45668,no A* path
passage_080m,63,navfn,20260913,-1.425,2.275,4.525,2.475,0,0,0,0,-0.4668780594,0,0,1.164184,0.396934,1.561118,45668,empty
passage_080m,63,smac2d,20260913,-1.425,2.275,4.525,2.475,0,0,0,0,-0.4668780594,0,0,1.164184,5.444525,6.608709,45668,empty
passage_080m,63,tdt_astar,20260913,-1.425,2.275,4.525,2.475,0,0,0,0,-0.4668780594,0,0,1.164184,3.95328,5.117464,45668,no A* path
passage_080m,64,navfn,20260913,-0.675,1.725,4.875,2.275,0,0,0,0,-0.4668780594,0,0,1.164184,0.425799,1.589983,45668,empty
passage_080m,64,smac2d,20260913,-0.675,1.725,4.875,2.275,0,0,0,0,-0.4668780594,0,0,1.164184,4.324146,5.48833,45668,empty
passage_080m,64,tdt_astar,20260913,-0.675,1.725,4.875,2.275,0,0,0,0,-0.4668780594,0,0,1.164184,5.543473,6.707657,45668,no A* path
passage_080m,64,tdt_qp,20260913,-0.675,1.725,4.875,2.275,0,0,0,0,-0.4668780594,0,0,1.164184,5.952281,7.116465,45668,no A* path
passage_080m,65,smac2d,20260913,-0.675,2.125,5.425,1.875,0,0,0,0,-0.4668780594,0,0,1.164184,4.359438,5.523622,45668,empty
passage_080m,65,tdt_astar,20260913,-0.675,2.125,5.425,1.875,0,0,0,0,-0.4668780594,0,0,1.164184,3.893592,5.057776,45668,no A* path
passage_080m,65,tdt_qp,20260913,-0.675,2.125,5.425,1.875,0,0,0,0,-0.4668780594,0,0,1.164184,5.114155,6.278339,45668,no A* path
passage_080m,65,navfn,20260913,-0.675,2.125,5.425,1.875,0,0,0,0,-0.4668780594,0,0,1.164184,0.465885,1.630069,45668,empty
passage_080m,66,tdt_astar,20260913,-0.975,2.025,4.125,1.475,0,0,0,0,-0.4668780594,0,0,1.164184,3.894532,5.058716,45668,no A* path
passage_080m,66,tdt_qp,20260913,-0.975,2.025,4.125,1.475,0,0,0,0,-0.4668780594,0,0,1.164184,3.81634,4.980524,45668,no A* path
passage_080m,66,navfn,20260913,-0.975,2.025,4.125,1.475,0,0,0,0,-0.4668780594,0,0,1.164184,0.439377,1.603561,45668,empty
passage_080m,66,smac2d,20260913,-0.975,2.025,4.125,1.475,0,0,0,0,-0.4668780594,0,0,1.164184,6.489046,7.65323,45668,empty
passage_080m,67,tdt_qp,20260913,-1.725,1.475,4.275,2.125,0,0,0,0,-0.4668780594,0,0,1.164184,5.164223,6.328407,45668,no A* path
passage_080m,67,navfn,20260913,-1.725,1.475,4.275,2.125,0,0,0,0,-0.4668780594,0,0,1.164184,0.47295,1.637134,45668,empty
passage_080m,67,smac2d,20260913,-1.725,1.475,4.275,2.125,0,0,0,0,-0.4668780594,0,0,1.164184,4.379399,5.543583,45668,empty
passage_080m,67,tdt_astar,20260913,-1.725,1.475,4.275,2.125,0,0,0,0,-0.4668780594,0,0,1.164184,5.207512,6.371696,45668,no A* path
passage_080m,68,navfn,20260913,-0.375,1.925,3.775,2.025,0,0,0,0,-0.4668780594,0,0,1.164184,0.52508,1.689264,45668,empty
passage_080m,68,smac2d,20260913,-0.375,1.925,3.775,2.025,0,0,0,0,-0.4668780594,0,0,1.164184,5.18978,6.353964,45668,empty
passage_080m,68,tdt_astar,20260913,-0.375,1.925,3.775,2.025,0,0,0,0,-0.4668780594,0,0,1.164184,4.222675,5.386859,45668,no A* path
passage_080m,68,tdt_qp,20260913,-0.375,1.925,3.775,2.025,0,0,0,0,-0.4668780594,0,0,1.164184,4.940839,6.105023,45668,no A* path
passage_080m,69,smac2d,20260913,-1.875,1.725,5.025,1.825,0,0,0,0,-0.4668780594,0,0,1.164184,7.910202,9.074386,45668,empty
passage_080m,69,tdt_astar,20260913,-1.875,1.725,5.025,1.825,0,0,0,0,-0.4668780594,0,0,1.164184,4.747954,5.912138,45668,no A* path
passage_080m,69,tdt_qp,20260913,-1.875,1.725,5.025,1.825,0,0,0,0,-0.4668780594,0,0,1.164184,3.892683,5.056867,45668,no A* path
passage_080m,69,navfn,20260913,-1.875,1.725,5.025,1.825,0,0,0,0,-0.4668780594,0,0,1.164184,0.859881,2.024065,45668,empty
passage_080m,70,tdt_astar,20260913,-1.675,2.725,5.275,1.325,0,0,0,0,-0.4668780594,0,0,1.164184,4.188393,5.352577,45668,no A* path
passage_080m,70,tdt_qp,20260913,-1.675,2.725,5.275,1.325,0,0,0,0,-0.4668780594,0,0,1.164184,3.874414,5.038598,45668,no A* path
passage_080m,70,navfn,20260913,-1.675,2.725,5.275,1.325,0,0,0,0,-0.4668780594,0,0,1.164184,0.474103,1.638287,45668,empty
passage_080m,70,smac2d,20260913,-1.675,2.725,5.275,1.325,0,0,0,0,-0.4668780594,0,0,1.164184,4.739097,5.903281,45668,empty
passage_080m,71,tdt_qp,20260913,-0.875,2.975,3.975,1.775,0,0,0,0,-0.4668780594,0,0,1.164184,6.068344,7.232528,45668,no A* path
passage_080m,71,navfn,20260913,-0.875,2.975,3.975,1.775,0,0,0,0,-0.4668780594,0,0,1.164184,1.943633,3.107817,45668,empty
passage_080m,71,smac2d,20260913,-0.875,2.975,3.975,1.775,0,0,0,0,-0.4668780594,0,0,1.164184,5.468052,6.632236,45668,empty
passage_080m,71,tdt_astar,20260913,-0.875,2.975,3.975,1.775,0,0,0,0,-0.4668780594,0,0,1.164184,3.867735,5.031919,45668,no A* path
passage_080m,72,navfn,20260913,-0.675,2.225,5.475,3.125,0,0,0,0,-0.4668780594,0,0,1.164184,0.6957,1.859884,45668,empty
passage_080m,72,smac2d,20260913,-0.675,2.225,5.475,3.125,0,0,0,0,-0.4668780594,0,0,1.164184,6.318155,7.482339,45668,empty
passage_080m,72,tdt_astar,20260913,-0.675,2.225,5.475,3.125,0,0,0,0,-0.4668780594,0,0,1.164184,4.179369,5.343553,45668,no A* path
passage_080m,72,tdt_qp,20260913,-0.675,2.225,5.475,3.125,0,0,0,0,-0.4668780594,0,0,1.164184,4.771364,5.935548,45668,no A* path
passage_080m,73,smac2d,20260913,-1.025,2.925,3.875,2.825,0,0,0,0,-0.4668780594,0,0,1.164184,6.032378,7.196562,45668,empty
passage_080m,73,tdt_astar,20260913,-1.025,2.925,3.875,2.825,0,0,0,0,-0.4668780594,0,0,1.164184,4.073299,5.237483,45668,no A* path
passage_080m,73,tdt_qp,20260913,-1.025,2.925,3.875,2.825,0,0,0,0,-0.4668780594,0,0,1.164184,3.813681,4.977865,45668,no A* path
passage_080m,73,navfn,20260913,-1.025,2.925,3.875,2.825,0,0,0,0,-0.4668780594,0,0,1.164184,0.432078,1.596262,45668,empty
passage_080m,74,tdt_astar,20260913,-1.175,2.075,5.225,2.425,0,0,0,0,-0.4668780594,0,0,1.164184,4.310262,5.474446,45668,no A* path
passage_080m,74,tdt_qp,20260913,-1.175,2.075,5.225,2.425,0,0,0,0,-0.4668780594,0,0,1.164184,4.452763,5.616947,45668,no A* path
passage_080m,74,navfn,20260913,-1.175,2.075,5.225,2.425,0,0,0,0,-0.4668780594,0,0,1.164184,0.501971,1.666155,45668,empty
passage_080m,74,smac2d,20260913,-1.175,2.075,5.225,2.425,0,0,0,0,-0.4668780594,0,0,1.164184,5.670443,6.834627,45668,empty
passage_080m,75,tdt_qp,20260913,-1.925,2.075,4.075,2.975,0,0,0,0,-0.4668780594,0,0,1.164184,4.994826,6.15901,45668,no A* path
passage_080m,75,navfn,20260913,-1.925,2.075,4.075,2.975,0,0,0,0,-0.4668780594,0,0,1.164184,1.348242,2.512426,45668,empty
passage_080m,75,smac2d,20260913,-1.925,2.075,4.075,2.975,0,0,0,0,-0.4668780594,0,0,1.164184,8.399688,9.563872,45668,empty
passage_080m,75,tdt_astar,20260913,-1.925,2.075,4.075,2.975,0,0,0,0,-0.4668780594,0,0,1.164184,4.040975,5.205159,45668,no A* path
passage_080m,76,navfn,20260913,-0.475,2.575,5.175,2.025,0,0,0,0,-0.4668780594,0,0,1.164184,0.414933,1.579117,45668,empty
passage_080m,76,smac2d,20260913,-0.475,2.575,5.175,2.025,0,0,0,0,-0.4668780594,0,0,1.164184,4.771438,5.935622,45668,empty
passage_080m,76,tdt_astar,20260913,-0.475,2.575,5.175,2.025,0,0,0,0,-0.4668780594,0,0,1.164184,4.411967,5.576151,45668,no A* path
passage_080m,76,tdt_qp,20260913,-0.475,2.575,5.175,2.025,0,0,0,0,-0.4668780594,0,0,1.164184,3.997723,5.161907,45668,no A* path
passage_080m,77,smac2d,20260913,-1.075,2.225,5.375,2.525,0,0,0,0,-0.4668780594,0,0,1.164184,4.66954,5.833724,45668,empty
passage_080m,77,tdt_astar,20260913,-1.075,2.225,5.375,2.525,0,0,0,0,-0.4668780594,0,0,1.164184,5.966596,7.13078,45668,no A* path
passage_080m,77,tdt_qp,20260913,-1.075,2.225,5.375,2.525,0,0,0,0,-0.4668780594,0,0,1.164184,5.622307,6.786491,45668,no A* path
passage_080m,77,navfn,20260913,-1.075,2.225,5.375,2.525,0,0,0,0,-0.4668780594,0,0,1.164184,0.426832,1.591016,45668,empty
passage_080m,78,tdt_astar,20260913,-1.025,2.025,4.675,2.475,0,0,0,0,-0.4668780594,0,0,1.164184,3.841839,5.006023,45668,no A* path
passage_080m,78,tdt_qp,20260913,-1.025,2.025,4.675,2.475,0,0,0,0,-0.4668780594,0,0,1.164184,4.431003,5.595187,45668,no A* path
passage_080m,78,navfn,20260913,-1.025,2.025,4.675,2.475,0,0,0,0,-0.4668780594,0,0,1.164184,0.66561,1.829794,45668,empty
passage_080m,78,smac2d,20260913,-1.025,2.025,4.675,2.475,0,0,0,0,-0.4668780594,0,0,1.164184,4.675277,5.839461,45668,empty
passage_080m,79,tdt_qp,20260913,-1.975,2.175,4.675,2.075,0,0,0,0,-0.4668780594,0,0,1.164184,3.805548,4.969732,45668,no A* path
passage_080m,79,navfn,20260913,-1.975,2.175,4.675,2.075,0,0,0,0,-0.4668780594,0,0,1.164184,0.503638,1.667822,45668,empty
passage_080m,79,smac2d,20260913,-1.975,2.175,4.675,2.075,0,0,0,0,-0.4668780594,0,0,1.164184,5.508542,6.672726,45668,empty
passage_080m,79,tdt_astar,20260913,-1.975,2.175,4.675,2.075,0,0,0,0,-0.4668780594,0,0,1.164184,6.127699,7.291883,45668,no A* path
passage_080m,80,navfn,20260913,-1.325,2.675,4.975,1.275,0,0,0,0,-0.4668780594,0,0,1.164184,0.459071,1.623255,45668,empty
passage_080m,80,smac2d,20260913,-1.325,2.675,4.975,1.275,0,0,0,0,-0.4668780594,0,0,1.164184,4.718706,5.88289,45668,empty
passage_080m,80,tdt_astar,20260913,-1.325,2.675,4.975,1.275,0,0,0,0,-0.4668780594,0,0,1.164184,3.944886,5.10907,45668,no A* path
passage_080m,80,tdt_qp,20260913,-1.325,2.675,4.975,1.275,0,0,0,0,-0.4668780594,0,0,1.164184,5.217299,6.381483,45668,no A* path
passage_080m,81,smac2d,20260913,-1.575,2.275,4.425,3.225,0,0,0,0,-0.4668780594,0,0,1.164184,4.495841,5.660025,45668,empty
passage_080m,81,tdt_astar,20260913,-1.575,2.275,4.425,3.225,0,0,0,0,-0.4668780594,0,0,1.164184,3.95719,5.121374,45668,no A* path
passage_080m,81,tdt_qp,20260913,-1.575,2.275,4.425,3.225,0,0,0,0,-0.4668780594,0,0,1.164184,5.065748,6.229932,45668,no A* path
passage_080m,81,navfn,20260913,-1.575,2.275,4.425,3.225,0,0,0,0,-0.4668780594,0,0,1.164184,0.581725,1.745909,45668,empty
passage_080m,82,tdt_astar,20260913,-1.375,1.925,4.175,1.575,0,0,0,0,-0.4668780594,0,0,1.164184,7.097699,8.261883,45668,no A* path
passage_080m,82,tdt_qp,20260913,-1.375,1.925,4.175,1.575,0,0,0,0,-0.4668780594,0,0,1.164184,3.803879,4.968063,45668,no A* path
passage_080m,82,navfn,20260913,-1.375,1.925,4.175,1.575,0,0,0,0,-0.4668780594,0,0,1.164184,0.434081,1.598265,45668,empty
passage_080m,82,smac2d,20260913,-1.375,1.925,4.175,1.575,0,0,0,0,-0.4668780594,0,0,1.164184,5.443577,6.607761,45668,empty
passage_080m,83,tdt_qp,20260913,-1.125,2.275,5.275,1.275,0,0,0,0,-0.4668780594,0,0,1.164184,4.520965,5.685149,45668,no A* path
passage_080m,83,navfn,20260913,-1.125,2.275,5.275,1.275,0,0,0,0,-0.4668780594,0,0,1.164184,0.431345,1.595529,45668,empty
passage_080m,83,smac2d,20260913,-1.125,2.275,5.275,1.275,0,0,0,0,-0.4668780594,0,0,1.164184,4.343665,5.507849,45668,empty
passage_080m,83,tdt_astar,20260913,-1.125,2.275,5.275,1.275,0,0,0,0,-0.4668780594,0,0,1.164184,4.59286,5.757044,45668,no A* path
passage_080m,84,navfn,20260913,-1.175,3.175,4.125,3.125,0,0,0,0,-0.4668780594,0,0,1.164184,1.152926,2.31711,45668,empty
passage_080m,84,smac2d,20260913,-1.175,3.175,4.125,3.125,0,0,0,0,-0.4668780594,0,0,1.164184,7.284941,8.449125,45668,empty
passage_080m,84,tdt_astar,20260913,-1.175,3.175,4.125,3.125,0,0,0,0,-0.4668780594,0,0,1.164184,3.868281,5.032465,45668,no A* path
passage_080m,84,tdt_qp,20260913,-1.175,3.175,4.125,3.125,0,0,0,0,-0.4668780594,0,0,1.164184,3.792835,4.957019,45668,no A* path
passage_080m,85,smac2d,20260913,-1.075,2.825,4.825,2.475,0,0,0,0,-0.4668780594,0,0,1.164184,5.692193,6.856377,45668,empty
passage_080m,85,tdt_astar,20260913,-1.075,2.825,4.825,2.475,0,0,0,0,-0.4668780594,0,0,1.164184,3.99714,5.161324,45668,no A* path
passage_080m,85,tdt_qp,20260913,-1.075,2.825,4.825,2.475,0,0,0,0,-0.4668780594,0,0,1.164184,3.919808,5.083992,45668,no A* path
passage_080m,85,navfn,20260913,-1.075,2.825,4.825,2.475,0,0,0,0,-0.4668780594,0,0,1.164184,0.601275,1.765459,45668,empty
passage_080m,86,tdt_astar,20260913,-1.375,2.425,3.975,2.925,0,0,0,0,-0.4668780594,0,0,1.164184,4.840685,6.004869,45668,no A* path
passage_080m,86,tdt_qp,20260913,-1.375,2.425,3.975,2.925,0,0,0,0,-0.4668780594,0,0,1.164184,6.096843,7.261027,45668,no A* path
passage_080m,86,navfn,20260913,-1.375,2.425,3.975,2.925,0,0,0,0,-0.4668780594,0,0,1.164184,0.534724,1.698908,45668,empty
passage_080m,86,smac2d,20260913,-1.375,2.425,3.975,2.925,0,0,0,0,-0.4668780594,0,0,1.164184,4.396608,5.560792,45668,empty
passage_080m,87,tdt_qp,20260913,-0.825,3.175,4.725,2.925,0,0,0,0,-0.4668780594,0,0,1.164184,4.119079,5.283263,45668,no A* path
passage_080m,87,navfn,20260913,-0.825,3.175,4.725,2.925,0,0,0,0,-0.4668780594,0,0,1.164184,0.656176,1.82036,45668,empty
passage_080m,87,smac2d,20260913,-0.825,3.175,4.725,2.925,0,0,0,0,-0.4668780594,0,0,1.164184,4.593791,5.757975,45668,empty
passage_080m,87,tdt_astar,20260913,-0.825,3.175,4.725,2.925,0,0,0,0,-0.4668780594,0,0,1.164184,4.078336,5.24252,45668,no A* path
passage_080m,88,navfn,20260913,-0.275,2.925,5.275,3.225,0,0,0,0,-0.4668780594,0,0,1.164184,0.430672,1.594856,45668,empty
passage_080m,88,smac2d,20260913,-0.275,2.925,5.275,3.225,0,0,0,0,-0.4668780594,0,0,1.164184,4.593983,5.758167,45668,empty
passage_080m,88,tdt_astar,20260913,-0.275,2.925,5.275,3.225,0,0,0,0,-0.4668780594,0,0,1.164184,6.921937,8.086121,45668,no A* path
passage_080m,88,tdt_qp,20260913,-0.275,2.925,5.275,3.225,0,0,0,0,-0.4668780594,0,0,1.164184,5.369985,6.534169,45668,no A* path
passage_080m,89,smac2d,20260913,-1.375,2.275,5.375,2.225,0,0,0,0,-0.4668780594,0,0,1.164184,4.38581,5.549994,45668,empty
passage_080m,89,tdt_astar,20260913,-1.375,2.275,5.375,2.225,0,0,0,0,-0.4668780594,0,0,1.164184,4.831629,5.995813,45668,no A* path
passage_080m,89,tdt_qp,20260913,-1.375,2.275,5.375,2.225,0,0,0,0,-0.4668780594,0,0,1.164184,4.083584,5.247768,45668,no A* path
passage_080m,89,navfn,20260913,-1.375,2.275,5.375,2.225,0,0,0,0,-0.4668780594,0,0,1.164184,0.443929,1.608113,45668,empty
passage_080m,90,tdt_astar,20260913,-0.825,2.475,3.775,1.975,0,0,0,0,-0.4668780594,0,0,1.164184,3.902934,5.067118,45668,no A* path
passage_080m,90,tdt_qp,20260913,-0.825,2.475,3.775,1.975,0,0,0,0,-0.4668780594,0,0,1.164184,4.628386,5.79257,45668,no A* path
passage_080m,90,navfn,20260913,-0.825,2.475,3.775,1.975,0,0,0,0,-0.4668780594,0,0,1.164184,1.26565,2.429834,45668,empty
passage_080m,90,smac2d,20260913,-0.825,2.475,3.775,1.975,0,0,0,0,-0.4668780594,0,0,1.164184,7.540581,8.704765,45668,empty
passage_080m,91,tdt_qp,20260913,-0.975,2.375,3.825,2.775,0,0,0,0,-0.4668780594,0,0,1.164184,4.027471,5.191655,45668,no A* path
passage_080m,91,navfn,20260913,-0.975,2.375,3.825,2.775,0,0,0,0,-0.4668780594,0,0,1.164184,0.401737,1.565921,45668,empty
passage_080m,91,smac2d,20260913,-0.975,2.375,3.825,2.775,0,0,0,0,-0.4668780594,0,0,1.164184,4.92667,6.090854,45668,empty
passage_080m,91,tdt_astar,20260913,-0.975,2.375,3.825,2.775,0,0,0,0,-0.4668780594,0,0,1.164184,4.239945,5.404129,45668,no A* path
passage_080m,92,navfn,20260913,-1.925,1.675,4.625,1.975,0,0,0,0,-0.4668780594,0,0,1.164184,0.488893,1.653077,45668,empty
passage_080m,92,smac2d,20260913,-1.925,1.675,4.625,1.975,0,0,0,0,-0.4668780594,0,0,1.164184,4.523018,5.687202,45668,empty
passage_080m,92,tdt_astar,20260913,-1.925,1.675,4.625,1.975,0,0,0,0,-0.4668780594,0,0,1.164184,4.180369,5.344553,45668,no A* path
passage_080m,92,tdt_qp,20260913,-1.925,1.675,4.625,1.975,0,0,0,0,-0.4668780594,0,0,1.164184,6.712256,7.87644,45668,no A* path
passage_080m,93,smac2d,20260913,-1.875,2.775,4.475,2.175,0,0,0,0,-0.4668780594,0,0,1.164184,5.849746,7.01393,45668,empty
passage_080m,93,tdt_astar,20260913,-1.875,2.775,4.475,2.175,0,0,0,0,-0.4668780594,0,0,1.164184,3.764424,4.928608,45668,no A* path
passage_080m,93,tdt_qp,20260913,-1.875,2.775,4.475,2.175,0,0,0,0,-0.4668780594,0,0,1.164184,4.424981,5.589165,45668,no A* path
passage_080m,93,navfn,20260913,-1.875,2.775,4.475,2.175,0,0,0,0,-0.4668780594,0,0,1.164184,0.613876,1.77806,45668,empty
passage_080m,94,tdt_astar,20260913,-1.425,3.225,4.175,1.825,0,0,0,0,-0.4668780594,0,0,1.164184,3.97262,5.136804,45668,no A* path
passage_080m,94,tdt_qp,20260913,-1.425,3.225,4.175,1.825,0,0,0,0,-0.4668780594,0,0,1.164184,3.870196,5.03438,45668,no A* path
passage_080m,94,navfn,20260913,-1.425,3.225,4.175,1.825,0,0,0,0,-0.4668780594,0,0,1.164184,0.627451,1.791635,45668,empty
passage_080m,94,smac2d,20260913,-1.425,3.225,4.175,1.825,0,0,0,0,-0.4668780594,0,0,1.164184,8.213026,9.37721,45668,empty
passage_080m,95,tdt_qp,20260913,-1.325,2.675,4.925,2.675,0,0,0,0,-0.4668780594,0,0,1.164184,4.585549,5.749733,45668,no A* path
passage_080m,95,navfn,20260913,-1.325,2.675,4.925,2.675,0,0,0,0,-0.4668780594,0,0,1.164184,0.535551,1.699735,45668,empty
passage_080m,95,smac2d,20260913,-1.325,2.675,4.925,2.675,0,0,0,0,-0.4668780594,0,0,1.164184,4.784123,5.948307,45668,empty
passage_080m,95,tdt_astar,20260913,-1.325,2.675,4.925,2.675,0,0,0,0,-0.4668780594,0,0,1.164184,5.188139,6.352323,45668,no A* path
passage_080m,96,navfn,20260913,-1.225,2.625,5.425,2.625,0,0,0,0,-0.4668780594,0,0,1.164184,0.643567,1.807751,45668,empty
passage_080m,96,smac2d,20260913,-1.225,2.625,5.425,2.625,0,0,0,0,-0.4668780594,0,0,1.164184,5.366394,6.530578,45668,empty
passage_080m,96,tdt_astar,20260913,-1.225,2.625,5.425,2.625,0,0,0,0,-0.4668780594,0,0,1.164184,3.977316,5.1415,45668,no A* path
passage_080m,96,tdt_qp,20260913,-1.225,2.625,5.425,2.625,0,0,0,0,-0.4668780594,0,0,1.164184,4.567308,5.731492,45668,no A* path
passage_080m,97,smac2d,20260913,-0.875,1.875,5.375,2.125,0,0,0,0,-0.4668780594,0,0,1.164184,8.715046,9.87923,45668,empty
passage_080m,97,tdt_astar,20260913,-0.875,1.875,5.375,2.125,0,0,0,0,-0.4668780594,0,0,1.164184,3.875033,5.039217,45668,no A* path
passage_080m,97,tdt_qp,20260913,-0.875,1.875,5.375,2.125,0,0,0,0,-0.4668780594,0,0,1.164184,4.246879,5.411063,45668,no A* path
passage_080m,97,navfn,20260913,-0.875,1.875,5.375,2.125,0,0,0,0,-0.4668780594,0,0,1.164184,0.619641,1.783825,45668,empty
passage_080m,98,tdt_astar,20260913,-0.925,2.725,5.325,2.575,0,0,0,0,-0.4668780594,0,0,1.164184,4.216221,5.380405,45668,no A* path
passage_080m,98,tdt_qp,20260913,-0.925,2.725,5.325,2.575,0,0,0,0,-0.4668780594,0,0,1.164184,3.935288,5.099472,45668,no A* path
passage_080m,98,navfn,20260913,-0.925,2.725,5.325,2.575,0,0,0,0,-0.4668780594,0,0,1.164184,0.427669,1.591853,45668,empty
passage_080m,98,smac2d,20260913,-0.925,2.725,5.325,2.575,0,0,0,0,-0.4668780594,0,0,1.164184,4.645535,5.809719,45668,empty
passage_080m,99,tdt_qp,20260913,-1.225,2.875,4.475,2.175,0,0,0,0,-0.4668780594,0,0,1.164184,5.74209,6.906274,45668,no A* path
passage_080m,99,navfn,20260913,-1.225,2.875,4.475,2.175,0,0,0,0,-0.4668780594,0,0,1.164184,1.223508,2.387692,45668,empty
passage_080m,99,smac2d,20260913,-1.225,2.875,4.475,2.175,0,0,0,0,-0.4668780594,0,0,1.164184,5.549274,6.713458,45668,empty
passage_080m,99,tdt_astar,20260913,-1.225,2.875,4.475,2.175,0,0,0,0,-0.4668780594,0,0,1.164184,3.869246,5.03343,45668,no A* path
passage_140m,0,navfn,20260913,-0.425,2.075,5.225,2.925,1,1,0,1,0.1449162957,5.752639722,6.357988844,1.121654,1.127628,2.249282,45668,returned
passage_140m,0,smac2d,20260913,-0.425,2.075,5.225,2.925,1,1,0,1,0.1081710353,5.817295823,1.53457783,1.121654,1.777751,2.899405,45668,returned
passage_140m,0,tdt_astar,20260913,-0.425,2.075,5.225,2.925,1,1,0,1,0.2081220836,6.002081677,2.356195149,1.121654,3.391776,4.51343,45668,validated A*
passage_140m,0,tdt_qp,20260913,-0.425,2.075,5.225,2.925,1,1,1,1,0.06738515453,5.713580314,0.0002115010118,1.121654,3.658258,4.779912,45668,validated minimum-jerk polyline
passage_140m,1,smac2d,20260913,-0.325,3.075,5.275,1.875,1,1,0,1,0.1580878732,5.943646299,2.122154595,1.121654,1.680865,2.802519,45668,returned
passage_140m,1,tdt_astar,20260913,-0.325,3.075,5.275,1.875,1,1,0,1,0.2081218452,6.097056036,2.356193465,1.121654,4.368019,5.489673,45668,validated A*
passage_140m,1,tdt_qp,20260913,-0.325,3.075,5.275,1.875,1,1,1,1,0.1925524076,5.799666213,0.5824521558,1.121654,4.940203,6.061857,45668,validated minimum-jerk polyline
passage_140m,1,navfn,20260913,-0.325,3.075,5.275,1.875,1,1,0,1,0.07163842128,5.908055908,9.421270774,1.121654,0.707927,1.829581,45668,returned
passage_140m,2,tdt_astar,20260913,-0.775,3.025,5.425,2.825,1,1,0,1,0.2081218452,6.73847774,2.356195516,1.121654,3.670483,4.792137,45668,validated A*
passage_140m,2,tdt_qp,20260913,-0.775,3.025,5.425,2.825,1,1,1,1,0.1255009855,6.359022709,0.8220399326,1.121654,5.283055,6.404709,45668,validated minimum-jerk polyline
passage_140m,2,navfn,20260913,-0.775,3.025,5.425,2.825,1,1,0,1,0.07163842128,6.427957203,11.78021568,1.121654,0.839769,1.961423,45668,returned
passage_140m,2,smac2d,20260913,-0.775,3.025,5.425,2.825,1,1,0,0,0.04608156273,6.430875412,2.053333201,1.121654,1.63323,2.754884,45668,returned
passage_140m,3,tdt_qp,20260913,-1.775,1.275,4.725,2.075,1,1,1,1,0.08949366205,6.618893387,0.5156844037,1.121654,4.047771,5.169425,45668,validated minimum-jerk polyline
passage_140m,3,navfn,20260913,-1.775,1.275,4.725,2.075,1,1,0,0,0.02556483066,6.685935039,9.91324161,1.121654,0.647718,1.769372,45668,returned
passage_140m,3,smac2d,20260913,-1.775,1.275,4.725,2.075,1,1,0,0,0.04773318517,6.759299609,2.221626977,1.121654,0.960717,2.082371,45668,returned
passage_140m,3,tdt_astar,20260913,-1.775,1.275,4.725,2.075,1,1,0,1,0.2081220836,6.955634943,3.141592231,1.121654,5.533015,6.654669,45668,validated A*
passage_140m,4,navfn,20260913,-1.375,2.975,4.425,2.325,1,1,0,1,0.07163842128,6.039876782,10.75950102,1.121654,0.81133,1.932984,45668,returned
passage_140m,4,smac2d,20260913,-1.375,2.975,4.425,2.325,1,1,0,0,0.04608186131,5.946393383,1.909572526,1.121654,2.165591,3.287245,45668,returned
passage_140m,4,tdt_astar,20260913,-1.375,2.975,4.425,2.325,1,1,0,1,0.1851490968,6.090207476,1.581107427,1.121654,4.946589,6.068243,45668,validated A*
passage_140m,4,tdt_qp,20260913,-1.375,2.975,4.425,2.325,1,1,1,1,0.1856561265,6.047172242,0.9204614736,1.121654,4.871575,5.993229,45668,validated minimum-jerk polyline
passage_140m,5,smac2d,20260913,-0.725,3.125,5.425,2.225,1,1,0,1,0.05812163029,6.397422968,1.910197664,1.121654,1.899881,3.021535,45668,returned
passage_140m,5,tdt_astar,20260913,-0.725,3.125,5.425,2.225,1,1,0,1,0.2234213439,6.502317235,0.7759642662,1.121654,3.507216,4.62887,45668,validated A*
passage_140m,5,tdt_qp,20260913,-0.725,3.125,5.425,2.225,1,1,1,1,0.08942489296,6.278687373,0.5138977469,1.121654,3.738241,4.859895,45668,validated minimum-jerk polyline
passage_140m,5,navfn,20260913,-0.725,3.125,5.425,2.225,1,1,0,1,0.07163842128,6.427530411,9.555263561,1.121654,0.750111,1.871765,45668,returned
passage_140m,6,tdt_astar,20260913,-1.825,2.975,4.775,2.875,1,1,0,1,0.2081218452,7.13847785,3.14159388,1.121654,5.800863,6.922517,45668,validated A*
passage_140m,6,tdt_qp,20260913,-1.825,2.975,4.775,2.875,1,1,1,1,0.2322285376,6.989653796,1.783414944,1.121654,5.528203,6.649857,45668,validated minimum-jerk polyline
passage_140m,6,navfn,20260913,-1.825,2.975,4.775,2.875,1,1,0,1,0.07163842128,6.821536434,11.47265142,1.121654,0.587805,1.709459,45668,returned
passage_140m,6,smac2d,20260913,-1.825,2.975,4.775,2.875,1,1,0,1,0.05798848237,6.822108583,2.027209901,1.121654,1.767764,2.889418,45668,returned
passage_140m,7,tdt_qp,20260913,-0.975,1.775,4.825,1.975,1,1,1,1,0.2042889066,6.104181145,2.134312079,1.121654,4.851761,5.973415,45668,validated minimum-jerk polyline
passage_140m,7,navfn,20260913,-0.975,1.775,4.825,1.975,1,1,0,0,0.02556483066,6.029471546,9.133433547,1.121654,0.787788,1.909442,45668,returned
passage_140m,7,smac2d,20260913,-0.975,1.775,4.825,1.975,1,1,0,1,0.05812185957,5.870367661,1.400827125,1.121654,1.114866,2.23652,45668,returned
passage_140m,7,tdt_astar,20260913,-0.975,1.775,4.825,1.975,1,1,0,1,0.2081220836,6.089949553,2.356194172,1.121654,3.592351,4.714005,45668,validated A*
passage_140m,8,navfn,20260913,-1.625,2.975,4.225,1.775,1,1,0,1,0.1304493147,6.059994477,4.282617499,1.121654,0.541043,1.662697,45668,returned
passage_140m,8,smac2d,20260913,-1.625,2.975,4.225,1.775,1,1,0,1,0.2081219442,6.162886635,1.967991982,1.121654,1.739807,2.861461,45668,returned
passage_140m,8,tdt_astar,20260913,-1.625,2.975,4.225,1.775,1,1,0,1,0.2081220836,6.347056573,2.356195921,1.121654,4.794474,5.916128,45668,validated A*
passage_140m,8,tdt_qp,20260913,-1.625,2.975,4.225,1.775,1,1,1,1,0.1868190739,5.971808771,0.0001650783104,1.121654,4.650805,5.772459,45668,validated minimum-jerk polyline
passage_140m,9,smac2d,20260913,-0.475,2.275,4.575,2.725,1,1,0,1,0.1081829394,5.114317604,1.084617199,1.121654,1.224088,2.345742,45668,returned
passage_140m,9,tdt_astar,20260913,-0.475,2.275,4.575,2.725,1,1,0,1,0.2081218924,5.210633481,0.6857294708,1.121654,2.850328,3.971982,45668,validated A*
passage_140m,9,tdt_qp,20260913,-0.475,2.275,4.575,2.725,1,1,0,1,0.2081218924,5.210633481,0.6857294708,1.121654,3.191052,4.312706,45668,validated A* fallback: optimizer geometry rejected
passage_140m,9,navfn,20260913,-0.475,2.275,4.575,2.725,1,1,0,1,0.1422006162,5.096032651,4.584330835,1.121654,1.113101,2.234755,45668,returned
passage_140m,10,tdt_astar,20260913,-0.825,2.075,4.525,1.975,1,1,0,1,0.2081220836,5.483831254,1.343998054,1.121654,3.399307,4.520961,45668,validated A*
passage_140m,10,tdt_qp,20260913,-0.825,2.075,4.525,1.975,1,1,1,1,0.2079575884,5.533919458,2.058016305,1.121654,3.8336,4.955254,45668,validated minimum-jerk polyline
passage_140m,10,navfn,20260913,-0.825,2.075,4.525,1.975,1,1,0,1,0.08312194057,5.40680053,2.479012526,1.121654,0.569921,1.691575,45668,returned
passage_140m,10,smac2d,20260913,-0.825,2.075,4.525,1.975,1,1,0,1,0.05812194057,5.362133269,0.3372907457,1.121654,0.795153,1.916807,45668,returned
passage_140m,11,tdt_qp,20260913,-0.725,1.925,3.825,2.175,1,1,1,1,0.04334113505,4.556862956,6.454285574e-05,1.121654,3.114593,4.236247,45668,validated minimum-jerk polyline
passage_140m,11,navfn,20260913,-0.725,1.925,3.825,2.175,1,1,0,0,0.02556483066,4.61864138,5.812057849,1.121654,1.360861,2.482515,45668,returned
passage_140m,11,smac2d,20260913,-0.725,1.925,3.825,2.175,1,1,0,1,0.05812006232,4.578164606,0.9530918983,1.121654,1.431687,2.553341,45668,returned
passage_140m,11,tdt_astar,20260913,-0.725,1.925,3.825,2.175,1,1,0,1,0.1819006415,4.674558265,0.7971625193,1.121654,3.783602,4.905256,45668,validated A*
passage_140m,12,navfn,20260913,-1.775,1.775,5.125,1.775,1,1,0,0,0.02556483066,7.110364215,8.812421035,1.121654,1.22111,2.342764,45668,returned
passage_140m,12,smac2d,20260913,-1.775,1.775,5.125,1.775,1,1,0,1,0.05812194057,7.013181365,1.494651625,1.121654,1.530647,2.652301,45668,returned
passage_140m,12,tdt_astar,20260913,-1.775,1.775,5.125,1.775,1,1,0,1,0.2081220836,7.272792176,3.141591858,1.121654,3.821936,4.94359,45668,validated A*
passage_140m,12,tdt_qp,20260913,-1.775,1.775,5.125,1.775,1,1,1,1,0.2081320972,7.095314765,1.367653894,1.121654,6.983405,8.105059,45668,validated minimum-jerk polyline
passage_140m,13,smac2d,20260913,-0.575,2.275,5.275,2.375,1,1,0,1,0.2081219406,5.861781886,0.3192715673,1.121654,1.344709,2.466363,45668,returned
passage_140m,13,tdt_astar,20260913,-0.575,2.275,5.275,2.375,1,1,0,1,0.1674309825,5.850854638,4.834008194e-12,1.121654,3.324374,4.446028,45668,validated A*
passage_140m,13,tdt_qp,20260913,-0.575,2.275,5.275,2.375,1,1,1,1,0.1674309395,5.850854638,5.681273274e-06,1.121654,3.78772,4.909374,45668,validated minimum-jerk polyline
passage_140m,13,navfn,20260913,-0.575,2.275,5.275,2.375,1,1,0,1,0.1831234664,5.836721223,0.9003530045,1.121654,1.239812,2.361466,45668,returned
passage_140m,14,tdt_astar,20260913,-0.925,2.275,4.875,2.175,1,1,0,1,0.211038429,5.800862005,2.447129305e-12,1.121654,4.853021,5.974675,45668,validated A*
passage_140m,14,tdt_qp,20260913,-0.925,2.275,4.875,2.175,1,1,1,1,0.2110383485,5.800862005,3.010867468e-06,1.121654,3.759272,4.880926,45668,validated minimum-jerk polyline
passage_140m,14,navfn,20260913,-0.925,2.275,4.875,2.175,1,1,0,1,0.1846740725,5.856757571,2.461208946,1.121654,0.609416,1.73107,45668,returned
passage_140m,14,smac2d,20260913,-0.925,2.275,4.875,2.175,1,1,0,1,0.2081219406,5.811781886,0.3192715673,1.121654,0.786186,1.90784,45668,returned
passage_140m,15,tdt_qp,20260913,-1.325,2.825,4.525,2.425,1,1,1,1,0.2011374117,6.040423683,0.9611529712,1.121654,5.732998,6.854652,45668,validated minimum-jerk polyline
passage_140m,15,navfn,20260913,-1.325,2.825,4.525,2.425,1,1,0,1,0.07163842128,5.993904319,8.600707367,1.121654,0.548225,1.669879,45668,returned
passage_140m,15,smac2d,20260913,-1.325,2.825,4.525,2.425,1,1,0,0,0.04608186098,5.927481977,1.394070309,1.121654,1.031362,2.153016,45668,returned
passage_140m,15,tdt_astar,20260913,-1.325,2.825,4.525,2.425,1,1,0,1,0.2081218452,6.105017762,1.929568366,1.121654,3.394141,4.515795,45668,validated A*
passage_140m,16,navfn,20260913,-0.875,2.575,5.325,2.075,1,1,0,1,0.07163842128,6.378068016,9.668108933,1.121654,0.627894,1.749548,45668,returned
passage_140m,16,smac2d,20260913,-0.875,2.575,5.325,2.075,1,1,0,1,0.2081216358,6.291576039,1.468807189,1.121654,1.596596,2.71825,45668,returned
passage_140m,16,tdt_astar,20260913,-0.875,2.575,5.325,2.075,1,1,0,1,0.2081218452,6.407106608,2.356192774,1.121654,6.204818,7.326472,45668,validated A*
passage_140m,16,tdt_qp,20260913,-0.875,2.575,5.325,2.075,1,1,1,1,0.1179153217,6.220128616,0.0002140801658,1.121654,5.036457,6.158111,45668,validated minimum-jerk polyline
passage_140m,17,smac2d,20260913,-0.375,2.325,4.925,1.825,1,1,0,1,0.2083269041,5.374724695,1.10974459,1.121654,1.191499,2.313153,45668,returned
passage_140m,17,tdt_astar,20260913,-0.375,2.325,4.925,1.825,1,1,0,1,0.1822277125,5.486680134,1.559432566,1.121654,3.002151,4.123805,45668,validated A*
passage_140m,17,tdt_qp,20260913,-0.375,2.325,4.925,1.825,1,1,1,1,0.1131500376,5.323635978,0.02298354093,1.121654,4.934051,6.055705,45668,validated minimum-jerk polyline
passage_140m,17,navfn,20260913,-0.375,2.325,4.925,1.825,1,1,0,1,0.1451868799,5.416796184,3.045202002,1.121654,0.814862,1.936516,45668,returned
passage_140m,18,tdt_astar,20260913,-1.475,1.925,5.125,2.075,1,1,0,1,0.2081220836,6.786396123,3.14159228,1.121654,4.418187,5.539841,45668,validated A*
passage_140m,18,tdt_qp,20260913,-1.475,1.925,5.125,2.075,1,1,1,1,0.207828185,6.669629306,0.9003696423,1.121654,7.199043,8.320697,45668,validated minimum-jerk polyline
passage_140m,18,navfn,20260913,-1.475,1.925,5.125,2.075,1,1,0,0,0.02556483066,6.639331437,6.224315724,1.121654,1.053693,2.175347,45668,returned
passage_140m,18,smac2d,20260913,-1.475,1.925,5.125,2.075,1,1,0,0,0.04608186115,6.609369583,0.6579438323,1.121654,2.247785,3.369439,45668,returned
passage_140m,19,tdt_qp,20260913,-1.775,2.375,4.925,1.475,1,1,1,1,0.1771665377,6.799041056,0.394050051,1.121654,5.072298,6.193952,45668,validated minimum-jerk polyline
passage_140m,19,navfn,20260913,-1.775,2.375,4.925,1.475,1,1,0,1,0.1532658598,6.868120348,4.065194806,1.121654,0.587117,1.708771,45668,returned
passage_140m,19,smac2d,20260913,-1.775,2.375,4.925,1.475,1,1,0,1,0.05812194056,6.877760615,1.561085788,1.121654,2.488807,3.610461,45668,returned
passage_140m,19,tdt_astar,20260913,-1.775,2.375,4.925,1.475,1,1,0,1,0.2081220836,7.072792077,3.141590492,1.121654,4.311766,5.43342,45668,validated A*
passage_140m,20,navfn,20260913,-1.625,2.825,5.225,1.775,1,1,0,1,0.07163842128,7.0608869,8.87280973,1.121654,0.666656,1.78831,45668,returned
passage_140m,20,smac2d,20260913,-1.625,2.825,5.225,1.775,1,1,0,1,0.1081219406,7.129254676,1.923465084,1.121654,1.893127,3.014781,45668,returned
passage_140m,20,tdt_astar,20260913,-1.625,2.825,5.225,1.775,1,1,0,1,0.2081218452,7.284924389,3.141593471,1.121654,3.890172,5.011826,45668,validated A*
passage_140m,20,tdt_qp,20260913,-1.625,2.825,5.225,1.775,1,1,1,1,0.1680425166,6.930007215,0.000292961073,1.121654,6.335764,7.457418,45668,validated minimum-jerk polyline
passage_140m,21,smac2d,20260913,-0.375,2.575,4.475,1.525,1,1,0,1,0.05815944129,5.083685958,2.02415987,1.121654,2.583967,3.705621,45668,returned
passage_140m,21,tdt_astar,20260913,-0.375,2.575,4.475,1.525,1,1,0,1,0.2081218452,5.284924296,1.570796168,1.121654,3.612747,4.734401,45668,validated A*
passage_140m,21,tdt_qp,20260913,-0.375,2.575,4.475,1.525,1,1,1,1,0.09176964261,5.005925207,0.4801556046,1.121654,3.168516,4.29017,45668,validated minimum-jerk polyline
passage_140m,21,navfn,20260913,-0.375,2.575,4.475,1.525,1,1,0,1,0.1827804731,5.031987199,3.949162218,1.121654,0.859709,1.981363,45668,returned
passage_140m,22,tdt_astar,20260913,-1.175,2.975,4.625,1.475,1,1,0,1,0.2081220836,6.42132033,1.570796295,1.121654,3.844711,4.966365,45668,validated A*
passage_140m,22,tdt_qp,20260913,-1.175,2.975,4.625,1.475,1,1,1,1,0.1977300757,6.034287245,0.8099510328,1.121654,3.799523,4.921177,45668,validated minimum-jerk polyline
passage_140m,22,navfn,20260913,-1.175,2.975,4.625,1.475,1,1,0,1,0.141849985,6.069143594,5.472072435,1.121654,0.581798,1.703452,45668,returned
passage_140m,22,smac2d,20260913,-1.175,2.975,4.625,1.475,1,1,0,1,0.2081221178,6.177113316,2.005982398,1.121654,1.787548,2.909202,45668,returned
passage_140m,23,tdt_qp,20260913,-1.975,2.775,4.475,1.275,1,1,1,1,0.1756574162,7.037287529,1.843572588,1.121654,6.711115,7.832769,45668,validated minimum-jerk polyline
passage_140m,23,navfn,20260913,-1.975,2.775,4.475,1.275,1,1,0,1,0.1353869928,6.713090089,5.120910612,1.121654,1.215329,2.336983,45668,returned
passage_140m,23,smac2d,20260913,-1.975,2.775,4.475,1.275,1,1,0,1,0.05811958383,6.827113316,2.005983,1.121654,2.229797,3.351451,45668,returned
passage_140m,23,tdt_astar,20260913,-1.975,2.775,4.475,1.275,1,1,0,1,0.2081220836,7.071320453,2.356194716,1.121654,3.799085,4.920739,45668,validated A*
passage_140m,24,navfn,20260913,-1.425,2.925,5.225,1.575,1,1,0,1,0.07163842128,6.906670349,8.855746572,1.121654,0.632809,1.754463,45668,returned
passage_140m,24,smac2d,20260913,-1.425,2.925,5.225,1.575,1,1,0,1,0.2081219406,6.994290835,1.972554617,1.121654,2.052506,3.17416,45668,returned
passage_140m,24,tdt_astar,20260913,-1.425,2.925,5.225,1.575,1,1,0,1,0.2081220836,7.209188438,3.141593557,1.121654,4.537429,5.659083,45668,validated A*
passage_140m,24,tdt_qp,20260913,-1.425,2.925,5.225,1.575,1,1,1,1,0.2120564608,6.785863719,0.03000909126,1.121654,4.468819,5.590473,45668,validated minimum-jerk polyline
passage_140m,25,smac2d,20260913,-0.425,1.625,4.275,3.225,1,1,0,1,0.1080205906,5.108177941,2.017814582,1.121654,1.540496,2.66215,45668,returned
passage_140m,25,tdt_astar,20260913,-0.425,1.625,4.275,3.225,1,1,0,1,0.2081218452,5.362741742,1.570796391,1.121654,4.060038,5.181692,45668,validated A*
passage_140m,25,tdt_qp,20260913,-0.425,1.625,4.275,3.225,1,1,1,1,0.2079046064,4.994545273,0.6283205671,1.121654,5.179493,6.301147,45668,validated minimum-jerk polyline
passage_140m,25,navfn,20260913,-0.425,1.625,4.275,3.225,1,1,0,1,0.1802170768,4.982550983,9.310932394,1.121654,2.156331,3.277985,45668,returned
passage_140m,26,tdt_astar,20260913,-1.425,3.025,4.725,3.175,1,1,0,1,0.2081218452,6.833452394,2.356194978,1.121654,4.324868,5.446522,45668,validated A*
passage_140m,26,tdt_qp,20260913,-1.425,3.025,4.725,3.175,1,1,1,1,0.1786974487,6.44074998,1.06626538,1.121654,5.67688,6.798534,45668,validated minimum-jerk polyline
passage_140m,26,navfn,20260913,-1.425,3.025,4.725,3.175,1,1,0,1,0.07163842128,6.445894968,13.37007295,1.121654,0.586646,1.7083,45668,returned
passage_140m,26,smac2d,20260913,-1.425,3.025,4.725,3.175,1,1,0,0,0.04608185782,6.45777856,2.139882383,1.121654,1.936729,3.058383,45668,returned
passage_140m,27,tdt_qp,20260913,-1.275,2.775,5.475,1.375,1,1,1,1,0.2054031617,6.899420273,0.147489414,1.121654,4.422424,5.544078,45668,validated minimum-jerk polyline
passage_140m,27,navfn,20260913,-1.275,2.775,5.475,1.375,1,1,0,1,0.192163036,6.92632816,4.312332496,1.121654,0.746451,1.868105,45668,returned
passage_140m,27,smac2d,20260913,-1.275,2.775,5.475,1.375,1,1,0,1,0.05812194066,7.105545216,1.973905588,1.121654,4.669584,5.791238,45668,returned
passage_140m,27,tdt_astar,20260913,-1.275,2.775,5.475,1.375,1,1,0,1,0.2081220836,7.329898788,3.141592156,1.121654,6.629267,7.750921,45668,validated A*
passage_140m,28,navfn,20260913,-0.625,1.525,4.625,1.575,1,1,0,0,0.02556483066,5.504836121,10.49471293,1.121654,0.585173,1.706827,45668,returned
passage_140m,28,smac2d,20260913,-0.625,1.525,4.625,1.575,1,1,0,1,0.05812079416,5.501710169,1.869866839,1.121654,1.402297,2.523951,45668,returned
passage_140m,28,tdt_astar,20260913,-0.625,1.525,4.625,1.575,1,1,0,1,0.2081220836,5.795198388,1.533776525,1.121654,3.721202,4.842856,45668,validated A*
passage_140m,28,tdt_qp,20260913,-0.625,1.525,4.625,1.575,1,1,1,1,0.08628397863,5.413794816,0.9164768778,1.121654,3.73449,4.856144,45668,validated minimum-jerk polyline
passage_140m,29,smac2d,20260913,-1.875,3.075,4.025,1.725,1,1,0,1,0.1081287673,6.27495318,2.150378432,1.121654,1.910696,3.03235,45668,returned
passage_140m,29,tdt_astar,20260913,-1.875,3.075,4.025,1.725,1,1,0,1,0.2081220836,6.459188498,2.356195169,1.121654,3.500634,4.622288,45668,validated A*
passage_140m,29,tdt_qp,20260913,-1.875,3.075,4.025,1.725,1,1,1,1,0.199997267,6.052478831,0.0002358132952,1.121654,4.496924,5.618578,45668,validated minimum-jerk polyline
passage_140m,29,navfn,20260913,-1.875,3.075,4.025,1.725,1,1,0,1,0.1942005077,6.124676568,4.441352891,1.121654,0.878743,2.000397,45668,returned
passage_140m,30,tdt_astar,20260913,-1.425,1.775,4.025,2.125,1,1,0,1,0.1568724825,5.637494894,1.592770631,1.121654,5.282592,6.404246,45668,validated A*
passage_140m,30,tdt_qp,20260913,-1.425,1.775,4.025,2.125,1,1,1,1,0.2066368951,5.577072835,0.6829115945,1.121654,4.011526,5.13318,45668,validated minimum-jerk polyline
passage_140m,30,navfn,20260913,-1.425,1.775,4.025,2.125,1,1,0,1,0.07126213946,5.477207598,3.951776418,1.121654,0.497652,1.619306,45668,returned
passage_140m,30,smac2d,20260913,-1.425,1.775,4.025,2.125,1,1,0,1,0.0581219404,5.511704157,1.261330787,1.121654,0.996788,2.118442,45668,returned
passage_140m,31,tdt_qp,20260913,-0.875,1.925,5.475,1.425,1,1,1,1,0.2208993933,6.586987221,0.8344793897,1.121654,5.845762,6.967416,45668,validated minimum-jerk polyline
passage_140m,31,navfn,20260913,-0.875,1.925,5.475,1.425,1,1,0,0,0.02556483066,6.457047276,6.192631479,1.121654,0.661958,1.783612,45668,returned
passage_140m,31,smac2d,20260913,-0.875,1.925,5.475,1.425,1,1,0,1,0.05812167248,6.496907,1.153539586,1.121654,1.605408,2.727062,45668,returned
passage_140m,31,tdt_astar,20260913,-0.875,1.925,5.475,1.425,1,1,0,1,0.2081220836,6.805634874,2.356193874,1.121654,3.755305,4.876959,45668,validated A*
passage_140m,32,navfn,20260913,-0.525,1.375,5.175,2.775,1,1,0,1,0.1532476134,5.937981913,6.577683632,1.121654,0.661809,1.783463,45668,returned
passage_140m,32,smac2d,20260913,-0.525,1.375,5.175,2.775,1,1,0,1,0.2077147611,6.086203971,2.12978741,1.121654,2.468797,3.590451,45668,returned
passage_140m,32,tdt_astar,20260913,-0.525,1.375,5.175,2.775,1,1,0,1,0.2081220836,6.279899125,2.356195126,1.121654,5.132406,6.25406,45668,validated A*
passage_140m,32,tdt_qp,20260913,-0.525,1.375,5.175,2.775,1,1,0,1,0.2081220836,6.279899125,2.356195126,1.121654,4.583316,5.70497,45668,validated A* fallback: optimizer geometry rejected
passage_140m,33,smac2d,20260913,-0.275,2.075,4.425,2.625,1,1,0,1,0.1084109537,4.803173807,1.492736359,1.121654,1.127072,2.248726,45668,returned
passage_140m,33,tdt_astar,20260913,-0.275,2.075,4.425,2.625,1,1,0,1,0.2081220836,4.927817417,1.570795949,1.121654,2.702235,3.823889,45668,validated A*
passage_140m,33,tdt_qp,20260913,-0.275,2.075,4.425,2.625,1,1,1,1,0.161023838,4.732071428,0.0002092262179,1.121654,3.749292,4.870946,45668,validated minimum-jerk polyline
passage_140m,33,navfn,20260913,-0.275,2.075,4.425,2.625,1,1,0,1,0.1473619443,4.746307116,4.420862557,1.121654,0.615227,1.736881,45668,returned
passage_140m,34,tdt_astar,20260913,-0.625,2.975,5.125,2.575,1,1,0,1,0.2081218452,6.1642137,2.356196359,1.121654,3.332706,4.45436,45668,validated A*
passage_140m,34,tdt_qp,20260913,-0.625,2.975,5.125,2.575,1,1,1,1,0.08702086467,5.848279354,0.6384140085,1.121654,3.588459,4.710113,45668,validated minimum-jerk polyline
passage_140m,34,navfn,20260913,-0.625,2.975,5.125,2.575,1,1,0,1,0.07163842128,5.929568425,8.696290397,1.121654,0.870551,1.992205,45668,returned
passage_140m,34,smac2d,20260913,-0.625,2.975,5.125,2.575,1,1,0,1,0.05812079418,5.925188407,1.808078627,1.121654,1.472027,2.593681,45668,returned
passage_140m,35,tdt_qp,20260913,-0.275,2.775,3.975,2.775,1,1,1,1,0.2304077358,4.689183837,2.359852711,1.121654,6.972388,8.094042,45668,validated minimum-jerk polyline
passage_140m,35,navfn,20260913,-0.275,2.775,3.975,2.775,1,1,0,1,0.07163842128,4.443225777,10.02323323,1.121654,0.794058,1.915712,45668,returned
passage_140m,35,smac2d,20260913,-0.275,2.775,3.975,2.775,1,1,0,1,0.05782319036,4.390938446,1.623931975,1.121654,0.984573,2.106227,45668,returned
passage_140m,35,tdt_astar,20260913,-0.275,2.775,3.975,2.775,1,1,0,1,0.2081218452,4.664213497,1.570796374,1.121654,2.707637,3.829291,45668,validated A*
passage_140m,36,navfn,20260913,-1.475,2.475,4.525,2.075,1,1,0,1,0.07163842128,6.125079837,7.147728227,1.121654,0.537779,1.659433,45668,returned
passage_140m,36,smac2d,20260913,-1.475,2.475,4.525,2.075,1,1,0,1,0.1581219406,6.070367661,1.400827125,1.121654,1.213198,2.334852,45668,returned
passage_140m,36,tdt_astar,20260913,-1.475,2.475,4.525,2.075,1,1,0,1,0.2081218452,6.130056539,2.034445905,1.121654,5.022061,6.143715,45668,validated A*
passage_140m,36,tdt_qp,20260913,-1.475,2.475,4.525,2.075,1,1,1,1,0.2216473995,6.013318553,0.0002814978141,1.121654,4.144879,5.266533,45668,validated minimum-jerk polyline
passage_140m,37,smac2d,20260913,-1.675,2.475,4.475,3.175,1,1,0,0,0.04608175302,6.305074484,0.7468768066,1.121654,1.56484,2.686494,45668,returned
passage_140m,37,tdt_astar,20260913,-1.675,2.475,4.475,3.175,1,1,0,1,0.2081218452,6.605635123,2.356196237,1.121654,4.393996,5.51565,45668,validated A*
passage_140m,37,tdt_qp,20260913,-1.675,2.475,4.475,3.175,1,1,1,1,0.1754259933,6.383815403,0.8857694936,1.121654,6.04999,7.171644,45668,validated minimum-jerk polyline
passage_140m,37,navfn,20260913,-1.675,2.475,4.475,3.175,1,1,0,1,0.07163842128,6.311617329,9.05964532,1.121654,0.719157,1.840811,45668,returned
passage_140m,38,tdt_astar,20260913,-1.225,2.125,4.975,2.575,1,1,0,1,0.2081218452,6.386396193,3.141592601,1.121654,3.521883,4.643537,45668,validated A*
passage_140m,38,tdt_qp,20260913,-1.225,2.125,4.975,2.575,1,1,1,1,0.1372803062,6.216309264,0.0008219955208,1.121654,4.078758,5.200412,45668,validated minimum-jerk polyline
passage_140m,38,navfn,20260913,-1.225,2.125,4.975,2.575,1,1,0,1,0.1587276351,6.309906668,5.118883575,1.121654,0.593605,1.715259,45668,returned
passage_140m,38,smac2d,20260913,-1.225,2.125,4.975,2.575,1,1,0,1,0.05812194196,6.280409242,1.441696352,1.121654,1.620655,2.742309,45668,returned
passage_140m,39,tdt_qp,20260913,-1.425,2.375,4.875,1.275,1,1,1,1,0.1982294666,6.766146976,1.532525948,1.121654,4.645274,5.766928,45668,validated minimum-jerk polyline
passage_140m,39,navfn,20260913,-1.425,2.375,4.875,1.275,1,1,0,1,0.1076339306,6.496821948,4.316485906,1.121654,0.599601,1.721255,45668,returned
passage_140m,39,smac2d,20260913,-1.425,2.375,4.875,1.275,1,1,0,1,0.05812192821,6.52147452,1.598364278,1.121654,1.849182,2.970836,45668,returned
passage_140m,39,tdt_astar,20260913,-1.425,2.375,4.875,1.275,1,1,0,1,0.2081220836,6.728112301,2.306234715,1.121654,5.231103,6.352757,45668,validated A*
passage_140m,40,navfn,20260913,-1.475,2.525,5.225,1.875,1,1,0,1,0.07395463189,6.842452207,6.231920506,1.121654,1.158231,2.279885,45668,returned
passage_140m,40,smac2d,20260913,-1.475,2.525,5.225,1.875,1,1,0,1,0.2081219406,6.823608039,1.496672358,1.121654,3.401803,4.523457,45668,returned
passage_140m,40,tdt_astar,20260913,-1.475,2.525,5.225,1.875,1,1,0,1,0.2081220836,6.969238756,3.141592515,1.121654,3.947148,5.068802,45668,validated A*
passage_140m,40,tdt_qp,20260913,-1.475,2.525,5.225,1.875,1,1,1,1,0.1873229551,6.731456009,0.0003810759827,1.121654,5.660648,6.782302,45668,validated minimum-jerk polyline
passage_140m,41,smac2d,20260913,-0.975,3.125,5.175,1.975,1,1,0,1,0.1846236219,6.482248825,2.112831379,1.121654,2.296567,3.418221,45668,returned
passage_140m,41,tdt_astar,20260913,-0.975,3.125,5.175,1.975,1,1,0,1,0.2081218452,6.62634551,2.35619491,1.121654,4.734945,5.856599,45668,validated A*
passage_140m,41,tdt_qp,20260913,-0.975,3.125,5.175,1.975,1,1,1,1,0.06074027801,6.373381718,0.7006417036,1.121654,4.366346,5.488,45668,validated minimum-jerk polyline
passage_140m,41,navfn,20260913,-0.975,3.125,5.175,1.975,1,1,0,1,0.07395463189,6.509921737,8.304384984,1.121654,1.251064,2.372718,45668,returned
passage_140m,42,tdt_astar,20260913,-1.325,1.775,4.675,1.275,1,1,0,1,0.2081220836,6.57989922,2.356194494,1.121654,6.357658,7.479312,45668,validated A*
passage_140m,42,tdt_qp,20260913,-1.325,1.775,4.675,1.275,1,1,1,1,0.1089264324,6.350776144,1.122906959,1.121654,4.309135,5.430789,45668,validated minimum-jerk polyline
passage_140m,42,navfn,20260913,-1.325,1.775,4.675,1.275,1,1,0,0,0.02556483066,6.286885107,9.950107964,1.121654,0.617729,1.739383,45668,returned
passage_140m,42,smac2d,20260913,-1.325,1.775,4.675,1.275,1,1,0,1,0.05812176226,6.22147452,1.598364337,1.121654,2.841654,3.963308,45668,returned
passage_140m,43,tdt_qp,20260913,-0.825,1.625,3.825,1.975,1,1,1,1,0.2090805064,5.063840897,2.526692888,1.121654,4.009543,5.131197,45668,validated minimum-jerk polyline
passage_140m,43,navfn,20260913,-0.825,1.625,3.825,1.975,1,1,0,0,0.02556483066,4.848748414,9.656539827,1.121654,0.544418,1.666072,45668,returned
passage_140m,43,smac2d,20260913,-0.825,1.625,3.825,1.975,1,1,0,0,0.04608028558,4.75601121,1.749515299,1.121654,0.985524,2.107178,45668,returned
passage_140m,43,tdt_astar,20260913,-0.825,1.625,3.825,1.975,1,1,0,1,0.2081220836,5.002081786,1.570797225,1.121654,2.950929,4.072583,45668,validated A*
passage_140m,44,navfn,20260913,-1.775,1.725,5.425,3.225,1,1,0,1,0.1462574967,7.416714623,9.861249228,1.121654,0.673151,1.794805,45668,returned
passage_140m,44,smac2d,20260913,-1.775,1.725,5.425,3.225,1,1,0,1,0.05812194056,7.577121156,2.025157063,1.121654,2.627934,3.749588,45668,returned
passage_140m,44,tdt_astar,20260913,-1.775,1.725,5.425,3.225,1,1,0,1,0.2081218452,7.821320722,3.141594054,1.121654,7.256207,8.377861,45668,validated A*
passage_140m,44,tdt_qp,20260913,-1.775,1.725,5.425,3.225,1,1,1,1,0.1970541561,7.36889732,0.2262195198,1.121654,5.039488,6.161142,45668,validated minimum-jerk polyline
passage_140m,45,smac2d,20260913,-1.325,1.925,4.425,3.025,1,1,0,1,0.2081242961,5.97147452,1.598362043,1.121654,1.759762,2.881416,45668,returned
passage_140m,45,tdt_astar,20260913,-1.325,1.925,4.425,3.025,1,1,0,1,0.2081218452,6.205634798,2.356193396,1.121654,4.835378,5.957032,45668,validated A*
passage_140m,45,tdt_qp,20260913,-1.325,1.925,4.425,3.025,1,1,1,1,0.1368564793,5.912129099,0.5232489296,1.121654,3.803435,4.925089,45668,validated minimum-jerk polyline
passage_140m,45,navfn,20260913,-1.325,1.925,4.425,3.025,1,1,0,1,0.1453386542,5.89630108,8.203315121,1.121654,0.567216,1.68887,45668,returned
passage_140m,46,tdt_astar,20260913,-1.075,1.775,4.875,2.125,1,1,0,1,0.1649581374,6.111559428,0.7042459683,1.121654,3.306743,4.428397,45668,validated A*
passage_140m,46,tdt_qp,20260913,-1.075,1.775,4.875,2.125,1,1,1,1,0.1220569477,6.187005258,1.143617328,1.121654,6.013552,7.135206,45668,validated minimum-jerk polyline
passage_140m,46,navfn,20260913,-1.075,1.775,4.875,2.125,1,1,0,1,0.06977434916,5.977207163,3.952520433,1.121654,0.911832,2.033486,45668,returned
passage_140m,46,smac2d,20260913,-1.075,1.775,4.875,2.125,1,1,0,1,0.05812191939,6.011704157,1.261330787,1.121654,2.588204,3.709858,45668,returned
passage_140m,47,tdt_qp,20260913,-0.475,1.625,4.525,3.125,1,1,1,1,0.1252092703,5.250271641,0.5874519601,1.121654,4.565881,5.687535,45668,validated minimum-jerk polyline
passage_140m,47,navfn,20260913,-0.475,1.625,4.525,3.125,1,1,0,1,0.2131333118,5.247183097,7.864290865,1.121654,0.652298,1.773952,45668,returned
passage_140m,47,smac2d,20260913,-0.475,1.625,4.525,3.125,1,1,0,1,0.1581248447,5.377121157,2.025044601,1.121654,2.521457,3.643111,45668,returned
passage_140m,47,tdt_astar,20260913,-0.475,1.625,4.525,3.125,1,1,0,1,0.2081220836,5.621320274,1.570796168,1.121654,3.662003,4.783657,45668,validated A*
passage_140m,48,navfn,20260913,-0.375,1.725,4.025,2.825,1,1,0,1,0.1545540705,4.561082979,8.880859054,1.121654,0.589499,1.711153,45668,returned
passage_140m,48,smac2d,20260913,-0.375,1.725,4.025,2.825,1,1,0,1,0.0581365877,4.690127324,1.947739235,1.121654,1.203554,2.325208,45668,returned
passage_140m,48,tdt_astar,20260913,-0.375,1.725,4.025,2.825,1,1,0,1,0.2081220836,4.855634905,1.570796271,1.121654,2.793253,3.914907,45668,validated A*
passage_140m,48,tdt_qp,20260913,-0.375,1.725,4.025,2.825,1,1,1,1,0.1940317823,4.535416188,0.0001422532356,1.121654,3.371766,4.49342,45668,validated minimum-jerk polyline
passage_140m,49,smac2d,20260913,-1.775,1.775,4.225,2.525,1,1,0,1,0.1582541538,6.168153436,2.010169506,1.121654,3.10555,4.227204,45668,returned
passage_140m,49,tdt_astar,20260913,-1.775,1.775,4.225,2.525,1,1,0,1,0.2081218452,6.310660216,2.356194935,1.121654,5.685269,6.806923,45668,validated A*
passage_140m,49,tdt_qp,20260913,-1.775,1.775,4.225,2.525,1,1,1,1,0.1936002041,6.046693311,0.0003036257232,1.121654,3.752745,4.874399,45668,validated minimum-jerk polyline
passage_140m,49,navfn,20260913,-1.775,1.775,4.225,2.525,1,1,0,1,0.1540681663,6.094983961,4.353608845,1.121654,0.509049,1.630703,45668,returned
passage_140m,50,tdt_astar,20260913,-1.225,1.525,5.475,1.975,1,1,0,1,0.2081220836,7.066568054,2.289626268,1.121654,4.613036,5.73469,45668,validated A*
passage_140m,50,tdt_qp,20260913,-1.225,1.525,5.475,1.975,1,1,1,1,0.1932427902,6.849379214,0.7360597171,1.121654,4.139228,5.260882,45668,validated minimum-jerk polyline
passage_140m,50,navfn,20260913,-1.225,1.525,5.475,1.975,1,1,0,0,0.02556483066,6.913574519,8.446414026,1.121654,0.64352,1.765174,45668,returned
passage_140m,50,smac2d,20260913,-1.225,1.525,5.475,1.975,1,1,0,1,0.05812194022,6.864493079,1.731941988,1.121654,1.342703,2.464357,45668,returned
passage_140m,51,tdt_qp,20260913,-1.475,3.025,3.775,1.525,1,1,1,1,0.1766618621,5.481872811,0.4337807365,1.121654,3.913028,5.034682,45668,validated minimum-jerk polyline
passage_140m,51,navfn,20260913,-1.475,3.025,3.775,1.525,1,1,0,1,0.1711988267,5.533453491,5.911337221,1.121654,1.296357,2.418011,45668,returned
passage_140m,51,smac2d,20260913,-1.475,3.025,3.775,1.525,1,1,0,1,0.05877572768,5.657769424,2.158947816,1.121654,2.35503,3.476684,45668,returned
passage_140m,51,tdt_astar,20260913,-1.475,3.025,3.775,1.525,1,1,0,1,0.2081220836,5.871320439,2.356194817,1.121654,5.753722,6.875376,45668,validated A*
passage_140m,52,navfn,20260913,-0.525,1.775,5.475,1.825,1,1,0,0,0.02556483066,6.136919856,7.197121561,1.121654,0.705958,1.827612,45668,returned
passage_140m,52,smac2d,20260913,-0.525,1.775,5.475,1.825,1,1,0,1,0.0580952375,6.103173807,1.492737011,1.121654,1.358788,2.480442,45668,returned
passage_140m,52,tdt_astar,20260913,-0.525,1.775,5.475,1.825,1,1,0,1,0.2081220836,6.352081613,2.35619439,1.121654,4.234765,5.356419,45668,validated A*
passage_140m,52,tdt_qp,20260913,-0.525,1.775,5.475,1.825,1,1,1,1,0.2089508012,6.308587139,1.93811177,1.121654,4.943319,6.064973,45668,validated minimum-jerk polyline
passage_140m,53,smac2d,20260913,-1.175,3.125,4.075,2.025,1,1,0,1,0.1669641404,5.570881735,2.071099408,1.121654,1.386513,2.508167,45668,returned
passage_140m,53,tdt_astar,20260913,-1.175,3.125,4.075,2.025,1,1,0,1,0.2081218452,5.705634947,1.570796921,1.121654,3.257421,4.379075,45668,validated A*
passage_140m,53,tdt_qp,20260913,-1.175,3.125,4.075,2.025,1,1,1,1,0.1617788275,5.419610766,0.518634112,1.121654,5.004793,6.126447,45668,validated minimum-jerk polyline
passage_140m,53,navfn,20260913,-1.175,3.125,4.075,2.025,1,1,0,1,0.07395463189,5.537105734,8.230723357,1.121654,0.65551,1.777164,45668,returned
passage_140m,54,tdt_astar,20260913,-1.875,1.275,4.575,2.375,1,1,0,1,0.2081220836,6.867844473,1.892546311,1.121654,5.967272,7.088926,45668,validated A*
passage_140m,54,tdt_qp,20260913,-1.875,1.275,4.575,2.375,1,1,1,1,0.1049203738,6.567381688,0.3030630174,1.121654,3.996144,5.117798,45668,validated minimum-jerk polyline
passage_140m,54,navfn,20260913,-1.875,1.275,4.575,2.375,1,1,0,0,0.02556483066,6.667999379,10.72766449,1.121654,0.97843,2.100084,45668,returned
passage_140m,54,smac2d,20260913,-1.875,1.275,4.575,2.375,1,1,0,1,0.2081093227,6.767086634,2.028628532,1.121654,1.847053,2.968707,45668,returned
passage_140m,55,tdt_qp,20260913,-0.725,2.025,5.275,1.275,1,1,1,1,0.2207882823,6.335520788,1.036855579,1.121654,4.676864,5.798518,45668,validated minimum-jerk polyline
passage_140m,55,navfn,20260913,-0.725,2.025,5.275,1.275,1,1,0,1,0.03312194057,6.161935853,4.97720387,1.121654,0.639995,1.761649,45668,returned
passage_140m,55,smac2d,20260913,-0.725,2.025,5.275,1.275,1,1,0,1,0.04608186164,6.16513062,0.7408697142,1.121654,1.557305,2.678959,45668,returned
passage_140m,55,tdt_astar,20260913,-0.725,2.025,5.275,1.275,1,1,0,1,0.2081220836,6.476345885,2.356195052,1.121654,3.619336,4.74099,45668,validated A*
passage_140m,56,navfn,20260913,-0.375,2.725,4.075,1.825,1,1,0,1,0.07163842128,4.698502494,8.84158458,1.121654,1.556503,2.678157,45668,returned
passage_140m,56,smac2d,20260913,-0.375,2.725,4.075,1.825,1,1,0,1,0.2081593991,4.650124088,1.975542468,1.121654,2.112314,3.233968,45668,returned
passage_140m,56,tdt_astar,20260913,-0.375,2.725,4.075,1.825,1,1,0,1,0.2081218452,4.822792192,1.570796274,1.121654,4.997736,6.11939,45668,validated A*
passage_140m,56,tdt_qp,20260913,-0.375,2.725,4.075,1.825,1,1,1,1,0.1749030117,4.540099118,0.0001198464665,1.121654,3.264638,4.386292,45668,validated minimum-jerk polyline
passage_140m,57,smac2d,20260913,-0.675,2.275,4.325,1.425,1,1,0,1,0.1580849395,5.154132671,0.9361229077,1.121654,1.393934,2.515588,45668,returned
passage_140m,57,tdt_astar,20260913,-0.675,2.275,4.325,1.425,1,1,0,1,0.2286084585,5.331668586,0.7734941472,1.121654,4.194072,5.315726,45668,validated A*
passage_140m,57,tdt_qp,20260913,-0.675,2.275,4.325,1.425,1,1,1,1,0.1278140397,5.119222666,0.4855020992,1.121654,3.429578,4.551232,45668,validated minimum-jerk polyline
passage_140m,57,navfn,20260913,-0.675,2.275,4.325,1.425,1,1,0,1,0.168951125,5.168910521,3.811660133,1.121654,0.540584,1.662238,45668,returned
passage_140m,58,tdt_astar,20260913,-0.575,1.825,5.275,3.075,1,1,0,1,0.2081220836,6.36776703,2.356194849,1.121654,3.423811,4.545465,45668,validated A*
passage_140m,58,tdt_qp,20260913,-0.575,1.825,5.275,3.075,1,1,1,1,0.1630583759,5.982399814,0.03818792764,1.121654,4.525439,5.647093,45668,validated minimum-jerk polyline
passage_140m,58,navfn,20260913,-0.575,1.825,5.275,3.075,1,1,0,1,0.1529252898,6.020224364,8.730431074,1.121654,1.284859,2.406513,45668,returned
passage_140m,58,smac2d,20260913,-0.575,1.825,5.275,3.075,1,1,0,1,0.1579924723,6.126283762,2.0907293,1.121654,2.565215,3.686869,45668,returned
passage_140m,59,tdt_qp,20260913,-1.375,1.825,4.475,1.575,1,1,1,1,0.1519774827,5.967401639,0.7297077684,1.121654,5.638388,6.760042,45668,validated minimum-jerk polyline
passage_140m,59,navfn,20260913,-1.375,1.825,4.475,1.575,1,1,0,0,0.02556483066,6.051748688,8.888711215,1.121654,0.585102,1.706756,45668,returned
passage_140m,59,smac2d,20260913,-1.375,1.825,4.475,1.575,1,1,0,0,0.04773318517,5.994010834,2.502329979,1.121654,1.076577,2.198231,45668,returned
passage_140m,59,tdt_astar,20260913,-1.375,1.825,4.475,1.575,1,1,0,1,0.2081220836,6.284924465,2.356194701,1.121654,4.719376,5.84103,45668,validated A*
passage_140m,60,navfn,20260913,-1.125,1.975,3.825,1.525,1,1,0,0,0.02556483066,5.116924818,5.863949726,1.121654,0.503088,1.624742,45668,returned
passage_140m,60,smac2d,20260913,-1.125,1.975,3.825,1.525,1,1,0,1,0.05305919078,5.058542397,1.066980933,1.121654,1.202896,2.32455,45668,returned
passage_140m,60,tdt_astar,20260913,-1.125,1.975,3.825,1.525,1,1,0,1,0.2081220836,5.343502985,2.35619402,1.121654,3.316824,4.438478,45668,validated A*
passage_140m,60,tdt_qp,20260913,-1.125,1.975,3.825,1.525,1,1,1,1,0.1183109531,5.0724351,0.7335407882,1.121654,3.487979,4.609633,45668,validated minimum-jerk polyline
passage_140m,61,smac2d,20260913,-0.975,2.125,4.525,2.875,1,1,0,1,0.05812198204,5.645735104,1.522298129,1.121654,1.904448,3.026102,45668,returned
passage_140m,61,tdt_astar,20260913,-0.975,2.125,4.525,2.875,1,1,0,1,0.2081218452,5.779316799,1.190290013,1.121654,6.020655,7.142309,45668,validated A*
passage_140m,61,tdt_qp,20260913,-0.975,2.125,4.525,2.875,1,1,1,1,0.06913303853,5.555559705,0.1572076087,1.121654,6.175609,7.297263,45668,validated minimum-jerk polyline
passage_140m,61,navfn,20260913,-0.975,2.125,4.525,2.875,1,1,0,1,0.1533981284,5.634669585,6.192831348,1.121654,0.586207,1.707861,45668,returned
passage_140m,62,tdt_astar,20260913,-1.575,2.475,4.375,2.525,1,1,0,1,0.2081218452,6.136396224,2.356196,1.121654,4.54733,5.668984,45668,validated A*
passage_140m,62,tdt_qp,20260913,-1.575,2.475,4.375,2.525,1,1,1,1,0.2033058553,5.982155329,0.368576697,1.121654,4.362598,5.484252,45668,validated minimum-jerk polyline
passage_140m,62,navfn,20260913,-1.575,2.475,4.375,2.525,1,1,0,1,0.07163842128,6.002572939,5.509964782,1.121654,0.530587,1.652241,45668,returned
passage_140m,62,smac2d,20260913,-1.575,2.475,4.375,2.525,1,1,0,1,0.04608186166,5.963680219,0.5444873794,1.121654,0.946512,2.068166,45668,returned
passage_140m,63,tdt_qp,20260913,-1.425,2.275,4.525,2.475,1,1,1,1,0.0993988681,5.953360396,0.0001073137895,1.121654,3.547883,4.669537,45668,validated minimum-jerk polyline
passage_140m,63,navfn,20260913,-1.425,2.275,4.525,2.475,1,1,0,1,0.1450158196,5.969300724,3.773489487,1.121654,0.908858,2.030512,45668,returned
passage_140m,63,smac2d,20260913,-1.425,2.275,4.525,2.475,1,1,0,1,0.07491052355,5.963105104,0.8756086626,1.121654,1.992197,3.113851,45668,returned
passage_140m,63,tdt_astar,20260913,-1.425,2.275,4.525,2.475,1,1,0,1,0.2081218852,5.997213553,0.4636474011,1.121654,5.269228,6.390882,45668,validated A*
passage_140m,64,navfn,20260913,-0.675,1.725,4.875,2.275,1,1,0,0,0.02556483066,5.700618984,7.060801105,1.121654,1.011298,2.132952,45668,returned
passage_140m,64,smac2d,20260913,-0.675,1.725,4.875,2.275,1,1,0,1,0.208350236,5.684611497,1.590301849,1.121654,2.417674,3.539328,45668,returned
passage_140m,64,tdt_astar,20260913,-0.675,1.725,4.875,2.275,1,1,0,1,0.2271474182,5.757354386,0.7754976204,1.121654,4.114674,5.236328,45668,validated A*
passage_140m,64,tdt_qp,20260913,-0.675,1.725,4.875,2.275,1,1,1,1,0.1304806537,5.833469488,1.37193018,1.121654,4.678897,5.800551,45668,validated minimum-jerk polyline
passage_140m,65,smac2d,20260913,-0.675,2.125,5.425,1.875,1,1,0,1,0.1081219406,6.144835056,0.4326335565,1.121654,1.10161,2.223264,45668,returned
passage_140m,65,tdt_astar,20260913,-0.675,2.125,5.425,1.875,1,1,0,1,0.1590359504,6.246027225,1.591845639,1.121654,3.440633,4.562287,45668,validated A*
passage_140m,65,tdt_qp,20260913,-0.675,2.125,5.425,1.875,1,1,1,1,0.03867783677,6.105587616,0.04854306886,1.121654,4.211373,5.333027,45668,validated minimum-jerk polyline
passage_140m,65,navfn,20260913,-0.675,2.125,5.425,1.875,1,1,0,1,0.1294271862,6.172272434,2.530396184,1.121654,1.214017,2.335671,45668,returned
passage_140m,66,tdt_astar,20260913,-0.975,2.025,4.125,1.475,1,1,0,1,0.2081220836,5.4637732,1.304544388,1.121654,4.214134,5.335788,45668,validated A*
passage_140m,66,tdt_qp,20260913,-0.975,2.025,4.125,1.475,1,1,1,1,0.1230533299,5.222778001,0.6833142438,1.121654,5.196593,6.318247,45668,validated minimum-jerk polyline
passage_140m,66,navfn,20260913,-0.975,2.025,4.125,1.475,1,1,0,1,0.03312194057,5.30488482,4.600670311,1.121654,0.566395,1.688049,45668,returned
passage_140m,66,smac2d,20260913,-0.975,2.025,4.125,1.475,1,1,0,0,0.04608165874,5.22141564,0.7034281734,1.121654,1.412872,2.534526,45668,returned
passage_140m,67,tdt_qp,20260913,-1.725,1.475,4.275,2.125,1,1,1,1,0.187274551,6.229379203,0.7739669029,1.121654,4.714299,5.835953,45668,validated minimum-jerk polyline
passage_140m,67,navfn,20260913,-1.725,1.475,4.275,2.125,1,1,0,0,0.02556483066,6.160896368,8.901115062,1.121654,0.552981,1.674635,45668,returned
passage_140m,67,smac2d,20260913,-1.725,1.475,4.275,2.125,1,1,0,0,0.0454077453,6.141484538,1.838615844,1.121654,1.257375,2.379029,45668,returned
passage_140m,67,tdt_astar,20260913,-1.725,1.475,4.275,2.125,1,1,0,1,0.16063957,6.311723884,1.592069483,1.121654,3.505256,4.62691,45668,validated A*
passage_140m,68,navfn,20260913,-0.375,1.925,3.775,2.025,1,1,0,0,0.02556483066,4.187905985,6.129909087,1.121654,0.491626,1.61328,45668,returned
passage_140m,68,smac2d,20260913,-0.375,1.925,3.775,2.025,1,1,0,1,0.0579814676,4.1701183,0.8508717453,1.121654,0.694024,1.815678,45668,returned
passage_140m,68,tdt_astar,20260913,-0.375,1.925,3.775,2.025,1,1,0,1,0.2081220836,4.357107011,1.57079732,1.121654,3.09982,4.221474,45668,validated A*
passage_140m,68,tdt_qp,20260913,-0.375,1.925,3.775,2.025,1,1,1,1,0.2081320972,4.402206456,2.457408187,1.121654,4.722267,5.843921,45668,validated minimum-jerk polyline
passage_140m,69,smac2d,20260913,-1.875,1.725,5.025,1.825,1,1,0,1,0.04608186165,7.00507214,1.717876556,1.121654,3.182909,4.304563,45668,returned
passage_140m,69,tdt_astar,20260913,-1.875,1.725,5.025,1.825,1,1,0,1,0.2081220836,7.272792246,3.141592399,1.121654,4.16067,5.282324,45668,validated A*
passage_140m,69,tdt_qp,20260913,-1.875,1.725,5.025,1.825,1,1,1,1,0.2081320972,7.096758712,1.378414271,1.121654,5.524494,6.646148,45668,validated minimum-jerk polyline
passage_140m,69,navfn,20260913,-1.875,1.725,5.025,1.825,1,1,0,0,0.02556483066,7.118888967,8.48647415,1.121654,0.593045,1.714699,45668,returned
passage_140m,70,tdt_astar,20260913,-1.675,2.725,5.275,1.325,1,1,0,1,0.2081220836,7.529899195,3.141593631,1.121654,4.239651,5.361305,45668,validated A*
passage_140m,70,tdt_qp,20260913,-1.675,2.725,5.275,1.325,1,1,1,1,0.1984828473,7.111464129,0.2832717341,1.121654,4.42863,5.550284,45668,validated minimum-jerk polyline
passage_140m,70,navfn,20260913,-1.675,2.725,5.275,1.325,1,1,0,1,0.07163842128,7.284735677,11.50493621,1.121654,1.750878,2.872532,45668,returned
passage_140m,70,smac2d,20260913,-1.675,2.725,5.275,1.325,1,1,0,1,0.1585180058,7.25830902,2.131825874,1.121654,2.843109,3.964763,45668,returned
passage_140m,71,tdt_qp,20260913,-0.875,2.975,3.975,1.775,1,1,1,1,0.1151707789,5.012811737,0.3000742632,1.121654,5.299349,6.421003,45668,validated minimum-jerk polyline
passage_140m,71,navfn,20260913,-0.875,2.975,3.975,1.775,1,1,0,1,0.1174797416,5.083799127,4.931453663,1.121654,0.505902,1.627556,45668,returned
passage_140m,71,smac2d,20260913,-0.875,2.975,3.975,1.775,1,1,0,0,0.0460818643,5.193541988,2.124635852,1.121654,1.387162,2.508816,45668,returned
passage_140m,71,tdt_astar,20260913,-0.875,2.975,3.975,1.775,1,1,0,1,0.2081220836,5.347056233,1.570796337,1.121654,3.539799,4.661453,45668,validated A*
passage_140m,72,navfn,20260913,-0.675,2.225,5.475,3.125,1,1,0,1,0.1814594833,6.287302069,8.286535417,1.121654,0.753902,1.875556,45668,returned
passage_140m,72,smac2d,20260913,-0.675,2.225,5.475,3.125,1,1,0,1,0.1580856944,6.312627438,1.193204973,1.121654,1.75016,2.871814,45668,returned
passage_140m,72,tdt_astar,20260913,-0.675,2.225,5.475,3.125,1,1,0,1,0.2308819574,6.502356067,1.559807176,1.121654,3.836778,4.958432,45668,validated A*
passage_140m,72,tdt_qp,20260913,-0.675,2.225,5.475,3.125,1,1,1,1,0.05724456508,6.232287969,0.2572422688,1.121654,4.084324,5.205978,45668,validated minimum-jerk polyline
passage_140m,73,smac2d,20260913,-1.025,2.925,3.875,2.825,1,1,0,0,0.04608182993,5.099987082,2.017554918,1.121654,1.851366,2.97302,45668,returned
passage_140m,73,tdt_astar,20260913,-1.025,2.925,3.875,2.825,1,1,0,1,0.2081218452,5.397056154,1.570796243,1.121654,5.998871,7.120525,45668,validated A*
passage_140m,73,tdt_qp,20260913,-1.025,2.925,3.875,2.825,1,1,1,1,0.1208189625,5.276041947,1.270024279,1.121654,5.986419,7.108073,45668,validated minimum-jerk polyline
passage_140m,73,navfn,20260913,-1.025,2.925,3.875,2.825,1,1,0,1,0.07163842128,5.109287721,9.847851594,1.121654,0.512536,1.63419,45668,returned
passage_140m,74,tdt_astar,20260913,-1.175,2.075,5.225,2.425,1,1,0,1,0.2081218452,6.544974806,3.141592718,1.121654,3.99291,5.114564,45668,validated A*
passage_140m,74,tdt_qp,20260913,-1.175,2.075,5.225,2.425,1,1,1,1,0.2183086322,6.409564079,0.002206883568,1.121654,4.366918,5.488572,45668,validated minimum-jerk polyline
passage_140m,74,navfn,20260913,-1.175,2.075,5.225,2.425,1,1,0,1,0.1221590934,6.436332487,2.026894712,1.121654,0.620296,1.74195,45668,returned
passage_140m,74,smac2d,20260913,-1.175,2.075,5.225,2.425,1,1,0,1,0.1081219433,6.461704157,1.261330787,1.121654,1.303946,2.4256,45668,returned
passage_140m,75,tdt_qp,20260913,-1.925,2.075,4.075,2.975,1,1,1,1,0.1857602501,6.122889106,0.5092477087,1.121654,3.781269,4.902923,45668,validated minimum-jerk polyline
passage_140m,75,navfn,20260913,-1.925,2.075,4.075,2.975,1,1,0,1,0.1434135259,6.123560316,6.315274471,1.121654,0.524586,1.64624,45668,returned
passage_140m,75,smac2d,20260913,-1.925,2.075,4.075,2.975,1,1,0,1,0.1081205569,6.177760615,1.561085767,1.121654,3.204919,4.326573,45668,returned
passage_140m,75,tdt_astar,20260913,-1.925,2.075,4.075,2.975,1,1,0,1,0.2081218452,6.372792158,2.356194379,1.121654,4.119374,5.241028,45668,validated A*
passage_140m,76,navfn,20260913,-0.475,2.575,5.175,2.025,1,1,0,1,0.07163842128,5.834117198,8.992696019,1.121654,1.475417,2.597071,45668,returned
passage_140m,76,smac2d,20260913,-0.475,2.575,5.175,2.025,1,1,0,1,0.05809467767,5.784611497,1.590301849,1.121654,1.547528,2.669182,45668,returned
passage_140m,76,tdt_astar,20260913,-0.475,2.575,5.175,2.025,1,1,0,1,0.2081218452,5.877817378,2.35619414,1.121654,3.25631,4.377964,45668,validated A*
passage_140m,76,tdt_qp,20260913,-0.475,2.575,5.175,2.025,1,1,1,1,0.1219325723,5.676706792,0.00030206925,1.121654,4.629974,5.751628,45668,validated minimum-jerk polyline
passage_140m,77,smac2d,20260913,-1.075,2.225,5.375,2.525,1,1,0,1,0.1549108083,6.481544373,1.036717843,1.121654,1.229819,2.351473,45668,returned
passage_140m,77,tdt_astar,20260913,-1.075,2.225,5.375,2.525,1,1,0,1,0.230445422,6.553793771,1.561181316,1.121654,3.547605,4.669259,45668,validated A*
passage_140m,77,tdt_qp,20260913,-1.075,2.225,5.375,2.525,1,1,1,1,0.1237678876,6.456972975,9.707543753e-05,1.121654,3.584436,4.70609,45668,validated minimum-jerk polyline
passage_140m,77,navfn,20260913,-1.075,2.225,5.375,2.525,1,1,0,1,0.1941228696,6.466168716,2.218254235,1.121654,0.5847,1.706354,45668,returned
passage_140m,78,tdt_astar,20260913,-1.025,2.025,4.675,2.475,1,1,0,1,0.2081218452,5.854541902,2.129396636,1.121654,5.064442,6.186096,45668,validated A*
passage_140m,78,tdt_qp,20260913,-1.025,2.025,4.675,2.475,1,1,1,1,0.2250397188,5.717735566,0.0006081573916,1.121654,4.748352,5.870006,45668,validated minimum-jerk polyline
passage_140m,78,navfn,20260913,-1.025,2.025,4.675,2.475,1,1,0,1,0.1491275156,5.755503224,4.158073565,1.121654,0.825182,1.946836,45668,returned
passage_140m,78,smac2d,20260913,-1.025,2.025,4.675,2.475,1,1,0,1,0.1581219617,5.780711607,1.458944586,1.121654,1.408354,2.530008,45668,returned
passage_140m,79,tdt_qp,20260913,-1.975,2.175,4.675,2.075,1,1,1,1,0.1013113814,6.650751843,0.0003958583998,1.121654,4.929838,6.051492,45668,validated minimum-jerk polyline
passage_140m,79,navfn,20260913,-1.975,2.175,4.675,2.075,1,1,0,1,0.1809919481,6.706757167,2.461377204,1.121654,0.726717,1.848371,45668,returned
passage_140m,79,smac2d,20260913,-1.975,2.175,4.675,2.075,1,1,0,1,0.1581219406,6.661781886,0.3192715673,1.121654,1.03447,2.156124,45668,returned
passage_140m,79,tdt_astar,20260913,-1.975,2.175,4.675,2.075,1,1,0,1,0.1886327944,6.71233699,1.578992769,1.121654,3.670331,4.791985,45668,validated A*
passage_140m,80,navfn,20260913,-1.325,2.675,4.975,1.275,1,1,0,1,0.1498076425,6.500517898,3.022957344,1.121654,0.679527,1.801181,45668,returned
passage_140m,80,smac2d,20260913,-1.325,2.675,4.975,1.275,1,1,0,1,0.1170417392,6.6083091,2.130573699,1.121654,2.00557,3.127224,45668,returned
passage_140m,80,tdt_astar,20260913,-1.325,2.675,4.975,1.275,1,1,0,1,0.2081220836,6.879899236,3.141593475,1.121654,5.45338,6.575034,45668,validated A*
passage_140m,80,tdt_qp,20260913,-1.325,2.675,4.975,1.275,1,1,1,1,0.1129969151,6.510456012,0.4748451706,1.121654,6.66336,7.785014,45668,validated minimum-jerk polyline
passage_140m,81,smac2d,20260913,-1.575,2.275,4.425,3.225,1,1,0,1,0.06434853328,6.17261491,1.181933632,1.121654,2.402883,3.524537,45668,returned
passage_140m,81,tdt_astar,20260913,-1.575,2.275,4.425,3.225,1,1,0,1,0.2081218768,6.393502929,0.7853982951,1.121654,4.162143,5.283797,45668,validated A*
passage_140m,81,tdt_qp,20260913,-1.575,2.275,4.425,3.225,1,1,1,1,0.1142844759,6.163980373,0.6046640264,1.121654,4.251585,5.373239,45668,validated minimum-jerk polyline
passage_140m,81,navfn,20260913,-1.575,2.275,4.425,3.225,1,1,0,1,0.1391614628,6.152665426,7.18709164,1.121654,0.515483,1.637137,45668,returned
passage_140m,82,tdt_astar,20260913,-1.375,1.925,4.175,1.575,1,1,0,1,0.2081220836,5.943502994,2.356194292,1.121654,3.430169,4.551823,45668,validated A*
passage_140m,82,tdt_qp,20260913,-1.375,1.925,4.175,1.575,1,1,1,1,0.1440999971,5.657614557,0.6929339783,1.121654,3.830022,4.951676,45668,validated minimum-jerk polyline
passage_140m,82,navfn,20260913,-1.375,1.925,4.175,1.575,1,1,0,0,0.02556483066,5.698971587,7.183517596,1.121654,0.787528,1.909182,45668,returned
passage_140m,82,smac2d,20260913,-1.375,1.925,4.175,1.575,1,1,0,1,0.05812192616,5.665388326,1.111483432,1.121654,2.912279,4.033933,45668,returned
passage_140m,83,tdt_qp,20260913,-1.125,2.275,5.275,1.275,1,1,1,1,0.1133894591,6.535770842,0.5203041086,1.121654,6.328894,7.450548,45668,validated minimum-jerk polyline
passage_140m,83,navfn,20260913,-1.125,2.275,5.275,1.275,1,1,0,1,0.2090398698,6.582593079,4.907130899,1.121654,0.642874,1.764528,45668,returned
passage_140m,83,smac2d,20260913,-1.125,2.275,5.275,1.275,1,1,0,1,0.1529091565,6.583059448,1.178646573,1.121654,1.902348,3.024002,45668,returned
passage_140m,83,tdt_astar,20260913,-1.125,2.275,5.275,1.275,1,1,0,1,0.2285410964,6.793755631,1.560696252,1.121654,4.385735,5.507389,45668,validated A*
passage_140m,84,navfn,20260913,-1.175,3.175,4.125,3.125,1,1,0,1,0.07163842128,5.625577846,10.63810236,1.121654,0.580493,1.702147,45668,returned
passage_140m,84,smac2d,20260913,-1.175,3.175,4.125,3.125,1,1,0,1,0.05811241105,5.676160239,1.998967923,1.121654,1.775212,2.896866,45668,returned
passage_140m,84,tdt_astar,20260913,-1.175,3.175,4.125,3.125,1,1,0,1,0.2081218452,6.024873585,1.570796194,1.121654,3.4941,4.615754,45668,validated A*
passage_140m,84,tdt_qp,20260913,-1.175,3.175,4.125,3.125,1,1,1,1,0.09020049045,5.597728993,1.164007179,1.121654,3.669211,4.790865,45668,validated minimum-jerk polyline
passage_140m,85,smac2d,20260913,-1.075,2.825,4.825,2.475,1,1,0,1,0.05812191912,5.997429693,1.443803189,1.121654,1.674327,2.795981,45668,returned
passage_140m,85,tdt_astar,20260913,-1.075,2.825,4.825,2.475,1,1,0,1,0.2081218452,6.210660181,2.356195036,1.121654,5.532314,6.653968,45668,validated A*
passage_140m,85,tdt_qp,20260913,-1.075,2.825,4.825,2.475,1,1,1,1,0.1987718423,5.984307409,0.6230700576,1.121654,6.972403,8.094057,45668,validated minimum-jerk polyline
passage_140m,85,navfn,20260913,-1.075,2.825,4.825,2.475,1,1,0,1,0.07163842128,6.063916112,8.555466953,1.121654,0.607101,1.728755,45668,returned
passage_140m,86,tdt_astar,20260913,-1.375,2.425,3.975,2.925,1,1,0,1,0.2081218452,5.681370976,2.356196573,1.121654,4.237056,5.35871,45668,validated A*
passage_140m,86,tdt_qp,20260913,-1.375,2.425,3.975,2.925,1,1,1,1,0.09688009018,5.710008851,1.648080962,1.121654,4.607384,5.729038,45668,validated minimum-jerk polyline
passage_140m,86,navfn,20260913,-1.375,2.425,3.975,2.925,1,1,0,1,0.08312194057,5.512554237,8.869542494,1.121654,0.572728,1.694382,45668,returned
passage_140m,86,smac2d,20260913,-1.375,2.425,3.975,2.925,1,1,0,1,0.05812173619,5.449005606,0.4776628808,1.121654,1.203456,2.32511,45668,returned
passage_140m,87,tdt_qp,20260913,-0.825,3.175,4.725,2.925,1,1,1,1,0.0636824218,5.7569598,0.9356879784,1.121654,4.728407,5.850061,45668,validated minimum-jerk polyline
passage_140m,87,navfn,20260913,-0.825,3.175,4.725,2.925,1,1,0,1,0.07163842128,5.892381824,13.12265362,1.121654,1.365072,2.486726,45668,returned
passage_140m,87,smac2d,20260913,-0.825,3.175,4.725,2.925,1,1,0,1,0.05812191903,5.883493832,1.973865105,1.121654,2.044295,3.165949,45668,returned
passage_140m,87,tdt_astar,20260913,-0.825,3.175,4.725,2.925,1,1,0,1,0.2081218452,6.153568514,1.467714684,1.121654,5.406288,6.527942,45668,validated A*
passage_140m,88,navfn,20260913,-0.275,2.925,5.275,3.225,1,1,0,1,0.07163842128,5.83011033,11.02130358,1.121654,0.652015,1.773669,45668,returned
passage_140m,88,smac2d,20260913,-0.275,2.925,5.275,3.225,1,1,0,1,0.05781764073,5.837797071,2.072741641,1.121654,1.686821,2.808475,45668,returned
passage_140m,88,tdt_astar,20260913,-0.275,2.925,5.275,3.225,1,1,0,1,0.2081218452,6.21274196,2.356196,1.121654,4.434103,5.555757,45668,validated A*
passage_140m,88,tdt_qp,20260913,-0.275,2.925,5.275,3.225,1,1,1,1,0.1118019224,6.017704306,1.326914434,1.121654,4.567735,5.689389,45668,validated minimum-jerk polyline
passage_140m,89,smac2d,20260913,-1.375,2.275,5.375,2.225,1,1,0,1,0.2081219406,6.753735581,0.2170511941,1.121654,1.008533,2.130187,45668,returned
passage_140m,89,tdt_astar,20260913,-1.375,2.275,5.375,2.225,1,1,0,1,0.2312509359,6.750185183,4.907377456e-12,1.121654,3.567806,4.68946,45668,validated A*
passage_140m,89,tdt_qp,20260913,-1.375,2.275,5.375,2.225,1,1,1,1,0.2312509246,6.750185183,3.529846762e-06,1.121654,5.449577,6.571231,45668,validated minimum-jerk polyline
passage_140m,89,navfn,20260913,-1.375,2.275,5.375,2.225,1,1,0,1,0.1831219406,6.806066017,2.35619449,1.121654,0.738205,1.859859,45668,returned
passage_140m,90,tdt_astar,20260913,-0.825,2.475,3.775,1.975,1,1,0,1,0.2081220836,4.807106753,1.570796136,1.121654,4.781499,5.903153,45668,validated A*
passage_140m,90,tdt_qp,20260913,-0.825,2.475,3.775,1.975,1,1,1,1,0.1690498573,4.627094121,0.0002200010299,1.121654,4.24155,5.363204,45668,validated minimum-jerk polyline
passage_140m,90,navfn,20260913,-0.825,2.475,3.775,1.975,1,1,0,1,0.07163842128,4.757880262,8.006013453,1.121654,0.999567,2.121221,45668,returned
passage_140m,90,smac2d,20260913,-0.825,2.475,3.775,1.975,1,1,0,1,0.1581222448,4.691776332,1.483404288,1.121654,1.281416,2.40307,45668,returned
passage_140m,91,tdt_qp,20260913,-0.975,2.375,3.825,2.775,1,1,1,1,0.1051801735,5.060973195,1.212013869,1.121654,4.85451,5.976164,45668,validated minimum-jerk polyline
passage_140m,91,navfn,20260913,-0.975,2.375,3.825,2.775,1,1,0,1,0.08312194057,4.918036203,4.637191943,1.121654,0.49361,1.615264,45668,returned
passage_140m,91,smac2d,20260913,-0.975,2.375,3.825,2.775,1,1,0,1,0.1081218357,4.876246295,0.4574278621,1.121654,1.063361,2.185015,45668,returned
passage_140m,91,tdt_astar,20260913,-0.975,2.375,3.825,2.775,1,1,0,1,0.171321413,5.008269429,0.8086499532,1.121654,3.047742,4.169396,45668,validated A*
passage_140m,92,navfn,20260913,-1.925,1.675,4.625,1.975,1,1,0,0,0.02556483066,6.742943618,9.365543278,1.121654,0.561487,1.683141,45668,returned
passage_140m,92,smac2d,20260913,-1.925,1.675,4.625,1.975,1,1,0,0,0.04773318517,6.66093943,2.503424225,1.121654,0.742633,1.864287,45668,returned
passage_140m,92,tdt_astar,20260913,-1.925,1.675,4.625,1.975,1,1,0,1,0.2081220836,6.88137083,3.141591857,1.121654,5.288237,6.409891,45668,validated A*
passage_140m,92,tdt_qp,20260913,-1.925,1.675,4.625,1.975,1,1,1,1,0.2081271246,6.740378277,1.558843163,1.121654,6.371095,7.492749,45668,validated minimum-jerk polyline
passage_140m,93,smac2d,20260913,-1.875,2.775,4.475,2.175,1,1,0,1,0.2081636547,6.488347077,1.807353035,1.121654,1.369435,2.491089,45668,returned
passage_140m,93,tdt_astar,20260913,-1.875,2.775,4.475,2.175,1,1,0,1,0.2114863335,6.558106683,1.550799085,1.121654,4.224884,5.346538,45668,validated A*
passage_140m,93,tdt_qp,20260913,-1.875,2.775,4.475,2.175,1,1,1,1,0.0492116485,6.378283819,0.001178086288,1.121654,3.992555,5.114209,45668,validated minimum-jerk polyline
passage_140m,93,navfn,20260913,-1.875,2.775,4.475,2.175,1,1,0,1,0.07163842128,6.570338629,8.594162047,1.121654,0.546318,1.667972,45668,returned
passage_140m,94,tdt_astar,20260913,-1.425,3.225,4.175,1.825,1,1,0,1,0.2081220836,6.13966049,1.501141919,1.121654,3.481511,4.603165,45668,validated A*
passage_140m,94,tdt_qp,20260913,-1.425,3.225,4.175,1.825,1,1,1,1,0.1830788875,6.264581662,2.3452725,1.121654,4.352315,5.473969,45668,validated minimum-jerk polyline
passage_140m,94,navfn,20260913,-1.425,3.225,4.175,1.825,1,1,0,1,0.07163842128,5.933873932,10.05611403,1.121654,1.46775,2.589404,45668,returned
passage_140m,94,smac2d,20260913,-1.425,3.225,4.175,1.825,1,1,0,1,0.05812194056,6.08298547,1.218028719,1.121654,2.436978,3.558632,45668,returned
passage_140m,95,tdt_qp,20260913,-1.325,2.675,4.925,2.675,1,1,1,1,0.2328746698,6.434010146,1.43014923,1.121654,6.321435,7.443089,45668,validated minimum-jerk polyline
passage_140m,95,navfn,20260913,-1.325,2.675,4.925,2.675,1,1,0,1,0.1229054045,6.383877114,5.001666202,1.121654,0.629413,1.751067,45668,returned
passage_140m,95,smac2d,20260913,-1.325,2.675,4.925,2.675,1,1,0,0,0.04773318516,6.33956235,2.269111891,1.121654,0.969063,2.090717,45668,returned
passage_140m,95,tdt_astar,20260913,-1.325,2.675,4.925,2.675,1,1,0,1,0.2081218452,6.555997948,2.920279413,1.121654,4.753949,5.875603,45668,validated A*
passage_140m,96,navfn,20260913,-1.225,2.625,5.425,2.625,1,1,0,1,0.1221804261,6.764164738,3.49707162,1.121654,0.679681,1.801335,45668,returned
passage_140m,96,smac2d,20260913,-1.225,2.625,5.425,2.625,1,1,0,0,0.04608185699,6.701623263,1.260818918,1.121654,1.273787,2.395441,45668,returned
passage_140m,96,tdt_astar,20260913,-1.225,2.625,5.425,2.625,1,1,0,1,0.2081218452,6.939949345,3.141591972,1.121654,4.051216,5.17287,45668,validated A*
passage_140m,96,tdt_qp,20260913,-1.225,2.625,5.425,2.625,1,1,1,1,0.2044704138,6.724213342,0.4710614923,1.121654,6.676378,7.798032,45668,validated minimum-jerk polyline
passage_140m,97,smac2d,20260913,-0.875,1.875,5.375,2.125,1,1,0,0,0.04608136446,6.271771814,1.033219241,1.121654,1.86329,2.984944,45668,returned
passage_140m,97,tdt_astar,20260913,-0.875,1.875,5.375,2.125,1,1,0,1,0.1686239738,6.395822205,0.8023457179,1.121654,5.463769,6.585423,45668,validated A*
passage_140m,97,tdt_qp,20260913,-0.875,1.875,5.375,2.125,1,1,1,1,0.0764994539,6.485375927,1.273764255,1.121654,5.904192,7.025846,45668,validated minimum-jerk polyline
passage_140m,97,navfn,20260913,-0.875,1.875,5.375,2.125,1,1,0,0,0.02556483066,6.332778874,7.392013366,1.121654,0.712867,1.834521,45668,returned
passage_140m,98,tdt_astar,20260913,-0.925,2.725,5.325,2.575,1,1,0,1,0.2081218452,6.560660295,2.356196169,1.121654,3.636248,4.757902,45668,validated A*
passage_140m,98,tdt_qp,20260913,-0.925,2.725,5.325,2.575,1,1,1,1,0.1993308013,6.325259294,0.4924686614,1.121654,4.472499,5.594153,45668,validated minimum-jerk polyline
passage_140m,98,navfn,20260913,-0.925,2.725,5.325,2.575,1,1,0,1,0.07163842128,6.414939254,7.924985708,1.121654,0.620737,1.742391,45668,returned
passage_140m,98,smac2d,20260913,-0.925,2.725,5.325,2.575,1,1,0,1,0.05812178312,6.330409242,1.441696353,1.121654,1.161376,2.28303,45668,returned
passage_140m,99,tdt_qp,20260913,-1.225,2.875,4.475,2.175,1,1,1,1,0.06319280979,5.747473318,0.1536285674,1.121654,5.449853,6.571507,45668,validated minimum-jerk polyline
passage_140m,99,navfn,20260913,-1.225,2.875,4.475,2.175,1,1,0,1,0.07163842128,5.972064025,9.055693167,1.121654,0.750124,1.871778,45668,returned
passage_140m,99,smac2d,20260913,-1.225,2.875,4.475,2.175,1,1,0,1,0.1581219407,5.913881029,1.490329106,1.121654,2.264375,3.386029,45668,returned
passage_140m,99,tdt_astar,20260913,-1.225,2.875,4.475,2.175,1,1,0,1,0.2120238738,5.911478555,0.6545415104,1.121654,3.885317,5.006971,45668,validated A*
blocker_present,0,navfn,20260913,-0.425,2.075,5.225,2.925,0,0,0,0,-0.4668780594,0,0,1.191545,1.08364,2.275185,45668,empty
blocker_present,0,smac2d,20260913,-0.425,2.075,5.225,2.925,0,0,0,0,-0.4668780594,0,0,1.191545,4.694085,5.88563,45668,empty
blocker_present,0,tdt_astar,20260913,-0.425,2.075,5.225,2.925,0,0,0,0,-0.4668780594,0,0,1.191545,4.145402,5.336947,45668,no A* path
blocker_present,0,tdt_qp,20260913,-0.425,2.075,5.225,2.925,0,0,0,0,-0.4668780594,0,0,1.191545,3.929671,5.121216,45668,no A* path
blocker_present,1,smac2d,20260913,-0.325,3.075,5.275,1.875,0,0,0,0,-0.4668780594,0,0,1.191545,5.585269,6.776814,45668,empty
blocker_present,1,tdt_astar,20260913,-0.325,3.075,5.275,1.875,0,0,0,0,-0.4668780594,0,0,1.191545,5.517681,6.709226,45668,no A* path
blocker_present,1,tdt_qp,20260913,-0.325,3.075,5.275,1.875,0,0,0,0,-0.4668780594,0,0,1.191545,6.390714,7.582259,45668,no A* path
blocker_present,1,navfn,20260913,-0.325,3.075,5.275,1.875,0,0,0,0,-0.4668780594,0,0,1.191545,0.440125,1.63167,45668,empty
blocker_present,2,tdt_astar,20260913,-0.775,3.025,5.425,2.825,0,0,0,0,-0.4668780594,0,0,1.191545,4.311836,5.503381,45668,no A* path
blocker_present,2,tdt_qp,20260913,-0.775,3.025,5.425,2.825,0,0,0,0,-0.4668780594,0,0,1.191545,4.218138,5.409683,45668,no A* path
blocker_present,2,navfn,20260913,-0.775,3.025,5.425,2.825,0,0,0,0,-0.4668780594,0,0,1.191545,0.428345,1.61989,45668,empty
blocker_present,2,smac2d,20260913,-0.775,3.025,5.425,2.825,0,0,0,0,-0.4668780594,0,0,1.191545,4.22927,5.420815,45668,empty
blocker_present,3,tdt_qp,20260913,-1.775,1.275,4.725,2.075,0,0,0,0,-0.4668780594,0,0,1.191545,3.790404,4.981949,45668,no A* path
blocker_present,3,navfn,20260913,-1.775,1.275,4.725,2.075,0,0,0,0,-0.4668780594,0,0,1.191545,0.432781,1.624326,45668,empty
blocker_present,3,smac2d,20260913,-1.775,1.275,4.725,2.075,0,0,0,0,-0.4668780594,0,0,1.191545,6.838072,8.029617,45668,empty
blocker_present,3,tdt_astar,20260913,-1.775,1.275,4.725,2.075,0,0,0,0,-0.4668780594,0,0,1.191545,5.312823,6.504368,45668,no A* path
blocker_present,4,navfn,20260913,-1.375,2.975,4.425,2.325,0,0,0,0,-0.4668780594,0,0,1.191545,0.429355,1.6209,45668,empty
blocker_present,4,smac2d,20260913,-1.375,2.975,4.425,2.325,0,0,0,0,-0.4668780594,0,0,1.191545,4.548042,5.739587,45668,empty
blocker_present,4,tdt_astar,20260913,-1.375,2.975,4.425,2.325,0,0,0,0,-0.4668780594,0,0,1.191545,4.80618,5.997725,45668,no A* path
blocker_present,4,tdt_qp,20260913,-1.375,2.975,4.425,2.325,0,0,0,0,-0.4668780594,0,0,1.191545,3.866764,5.058309,45668,no A* path
blocker_present,5,smac2d,20260913,-0.725,3.125,5.425,2.225,0,0,0,0,-0.4668780594,0,0,1.191545,4.327,5.518545,45668,empty
blocker_present,5,tdt_astar,20260913,-0.725,3.125,5.425,2.225,0,0,0,0,-0.4668780594,0,0,1.191545,4.247551,5.439096,45668,no A* path
blocker_present,5,tdt_qp,20260913,-0.725,3.125,5.425,2.225,0,0,0,0,-0.4668780594,0,0,1.191545,5.586087,6.777632,45668,no A* path
blocker_present,5,navfn,20260913,-0.725,3.125,5.425,2.225,0,0,0,0,-0.4668780594,0,0,1.191545,0.864152,2.055697,45668,empty
blocker_present,6,tdt_astar,20260913,-1.825,2.975,4.775,2.875,0,0,0,0,-0.4668780594,0,0,1.191545,5.525634,6.717179,45668,no A* path
blocker_present,6,tdt_qp,20260913,-1.825,2.975,4.775,2.875,0,0,0,0,-0.4668780594,0,0,1.191545,4.457555,5.6491,45668,no A* path
blocker_present,6,navfn,20260913,-1.825,2.975,4.775,2.875,0,0,0,0,-0.4668780594,0,0,1.191545,0.457422,1.648967,45668,empty
blocker_present,6,smac2d,20260913,-1.825,2.975,4.775,2.875,0,0,0,0,-0.4668780594,0,0,1.191545,4.822802,6.014347,45668,empty
blocker_present,7,tdt_qp,20260913,-0.975,1.775,4.825,1.975,0,0,0,0,-0.4668780594,0,0,1.191545,4.029547,5.221092,45668,no A* path
blocker_present,7,navfn,20260913,-0.975,1.775,4.825,1.975,0,0,0,0,-0.4668780594,0,0,1.191545,0.426717,1.618262,45668,empty
blocker_present,7,smac2d,20260913,-0.975,1.775,4.825,1.975,0,0,0,0,-0.4668780594,0,0,1.191545,4.363917,5.555462,45668,empty
blocker_present,7,tdt_astar,20260913,-0.975,1.775,4.825,1.975,0,0,0,0,-0.4668780594,0,0,1.191545,5.000733,6.192278,45668,no A* path
blocker_present,8,navfn,20260913,-1.625,2.975,4.225,1.775,0,0,0,0,-0.4668780594,0,0,1.191545,1.295442,2.486987,45668,empty
blocker_present,8,smac2d,20260913,-1.625,2.975,4.225,1.775,0,0,0,0,-0.4668780594,0,0,1.191545,7.642641,8.834186,45668,empty
blocker_present,8,tdt_astar,20260913,-1.625,2.975,4.225,1.775,0,0,0,0,-0.4668780594,0,0,1.191545,5.596473,6.788018,45668,no A* path
blocker_present,8,tdt_qp,20260913,-1.625,2.975,4.225,1.775,0,0,0,0,-0.4668780594,0,0,1.191545,4.730863,5.922408,45668,no A* path
blocker_present,9,smac2d,20260913,-0.475,2.275,4.575,2.725,0,0,0,0,-0.4668780594,0,0,1.191545,4.885472,6.077017,45668,empty
blocker_present,9,tdt_astar,20260913,-0.475,2.275,4.575,2.725,0,0,0,0,-0.4668780594,0,0,1.191545,3.946689,5.138234,45668,no A* path
blocker_present,9,tdt_qp,20260913,-0.475,2.275,4.575,2.725,0,0,0,0,-0.4668780594,0,0,1.191545,5.404067,6.595612,45668,no A* path
blocker_present,9,navfn,20260913,-0.475,2.275,4.575,2.725,0,0,0,0,-0.4668780594,0,0,1.191545,0.53617,1.727715,45668,empty
blocker_present,10,tdt_astar,20260913,-0.825,2.075,4.525,1.975,0,0,0,0,-0.4668780594,0,0,1.191545,5.820457,7.012002,45668,no A* path
blocker_present,10,tdt_qp,20260913,-0.825,2.075,4.525,1.975,0,0,0,0,-0.4668780594,0,0,1.191545,4.506797,5.698342,45668,no A* path
blocker_present,10,navfn,20260913,-0.825,2.075,4.525,1.975,0,0,0,0,-0.4668780594,0,0,1.191545,0.603919,1.795464,45668,empty
blocker_present,10,smac2d,20260913,-0.825,2.075,4.525,1.975,0,0,0,0,-0.4668780594,0,0,1.191545,5.729289,6.920834,45668,empty
blocker_present,11,tdt_qp,20260913,-0.725,1.925,3.825,2.175,0,0,0,0,-0.4668780594,0,0,1.191545,3.910157,5.101702,45668,no A* path
blocker_present,11,navfn,20260913,-0.725,1.925,3.825,2.175,0,0,0,0,-0.4668780594,0,0,1.191545,0.416458,1.608003,45668,empty
blocker_present,11,smac2d,20260913,-0.725,1.925,3.825,2.175,0,0,0,0,-0.4668780594,0,0,1.191545,4.244553,5.436098,45668,empty
blocker_present,11,tdt_astar,20260913,-0.725,1.925,3.825,2.175,0,0,0,0,-0.4668780594,0,0,1.191545,3.936405,5.12795,45668,no A* path
blocker_present,12,navfn,20260913,-1.775,1.775,5.125,1.775,0,0,0,0,-0.4668780594,0,0,1.191545,0.519606,1.711151,45668,empty
blocker_present,12,smac2d,20260913,-1.775,1.775,5.125,1.775,0,0,0,0,-0.4668780594,0,0,1.191545,6.494421,7.685966,45668,empty
blocker_present,12,tdt_astar,20260913,-1.775,1.775,5.125,1.775,0,0,0,0,-0.4668780594,0,0,1.191545,5.21926,6.410805,45668,no A* path
blocker_present,12,tdt_qp,20260913,-1.775,1.775,5.125,1.775,0,0,0,0,-0.4668780594,0,0,1.191545,4.038343,5.229888,45668,no A* path
blocker_present,13,smac2d,20260913,-0.575,2.275,5.275,2.375,0,0,0,0,-0.4668780594,0,0,1.191545,4.731417,5.922962,45668,empty
blocker_present,13,tdt_astar,20260913,-0.575,2.275,5.275,2.375,0,0,0,0,-0.4668780594,0,0,1.191545,4.060668,5.252213,45668,no A* path
blocker_present,13,tdt_qp,20260913,-0.575,2.275,5.275,2.375,0,0,0,0,-0.4668780594,0,0,1.191545,3.894149,5.085694,45668,no A* path
blocker_present,13,navfn,20260913,-0.575,2.275,5.275,2.375,0,0,0,0,-0.4668780594,0,0,1.191545,0.417855,1.6094,45668,empty
blocker_present,14,tdt_astar,20260913,-0.925,2.275,4.875,2.175,0,0,0,0,-0.4668780594,0,0,1.191545,3.965702,5.157247,45668,no A* path
blocker_present,14,tdt_qp,20260913,-0.925,2.275,4.875,2.175,0,0,0,0,-0.4668780594,0,0,1.191545,5.233326,6.424871,45668,no A* path
blocker_present,14,navfn,20260913,-0.925,2.275,4.875,2.175,0,0,0,0,-0.4668780594,0,0,1.191545,0.777631,1.969176,45668,empty
blocker_present,14,smac2d,20260913,-0.925,2.275,4.875,2.175,0,0,0,0,-0.4668780594,0,0,1.191545,6.459035,7.65058,45668,empty
blocker_present,15,tdt_qp,20260913,-1.325,2.825,4.525,2.425,0,0,0,0,-0.4668780594,0,0,1.191545,4.743243,5.934788,45668,no A* path
blocker_present,15,navfn,20260913,-1.325,2.825,4.525,2.425,0,0,0,0,-0.4668780594,0,0,1.191545,0.640184,1.831729,45668,empty
blocker_present,15,smac2d,20260913,-1.325,2.825,4.525,2.425,0,0,0,0,-0.4668780594,0,0,1.191545,5.24777,6.439315,45668,empty
blocker_present,15,tdt_astar,20260913,-1.325,2.825,4.525,2.425,0,0,0,0,-0.4668780594,0,0,1.191545,3.98899,5.180535,45668,no A* path
blocker_present,16,navfn,20260913,-0.875,2.575,5.325,2.075,0,0,0,0,-0.4668780594,0,0,1.191545,0.431588,1.623133,45668,empty
blocker_present,16,smac2d,20260913,-0.875,2.575,5.325,2.075,0,0,0,0,-0.4668780594,0,0,1.191545,4.687575,5.87912,45668,empty
blocker_present,16,tdt_astar,20260913,-0.875,2.575,5.325,2.075,0,0,0,0,-0.4668780594,0,0,1.191545,6.343709,7.535254,45668,no A* path
blocker_present,16,tdt_qp,20260913,-0.875,2.575,5.325,2.075,0,0,0,0,-0.4668780594,0,0,1.191545,5.476403,6.667948,45668,no A* path
blocker_present,17,smac2d,20260913,-0.375,2.325,4.925,1.825,0,0,0,0,-0.4668780594,0,0,1.191545,6.128741,7.320286,45668,empty
blocker_present,17,tdt_astar,20260913,-0.375,2.325,4.925,1.825,0,0,0,0,-0.4668780594,0,0,1.191545,4.617386,5.808931,45668,no A* path
blocker_present,17,tdt_qp,20260913,-0.375,2.325,4.925,1.825,0,0,0,0,-0.4668780594,0,0,1.191545,4.074501,5.266046,45668,no A* path
blocker_present,17,navfn,20260913,-0.375,2.325,4.925,1.825,0,0,0,0,-0.4668780594,0,0,1.191545,0.427084,1.618629,45668,empty
blocker_present,18,tdt_astar,20260913,-1.475,1.925,5.125,2.075,0,0,0,0,-0.4668780594,0,0,1.191545,3.923537,5.115082,45668,no A* path
blocker_present,18,tdt_qp,20260913,-1.475,1.925,5.125,2.075,0,0,0,0,-0.4668780594,0,0,1.191545,4.499631,5.691176,45668,no A* path
blocker_present,18,navfn,20260913,-1.475,1.925,5.125,2.075,0,0,0,0,-0.4668780594,0,0,1.191545,1.07753,2.269075,45668,empty
blocker_present,18,smac2d,20260913,-1.475,1.925,5.125,2.075,0,0,0,0,-0.4668780594,0,0,1.191545,6.957687,8.149232,45668,empty
blocker_present,19,tdt_qp,20260913,-1.775,2.375,4.925,1.475,0,0,0,0,-0.4668780594,0,0,1.191545,4.914525,6.10607,45668,no A* path
blocker_present,19,navfn,20260913,-1.775,2.375,4.925,1.475,0,0,0,0,-0.4668780594,0,0,1.191545,0.665785,1.85733,45668,empty
blocker_present,19,smac2d,20260913,-1.775,2.375,4.925,1.475,0,0,0,0,-0.4668780594,0,0,1.191545,5.533386,6.724931,45668,empty
blocker_present,19,tdt_astar,20260913,-1.775,2.375,4.925,1.475,0,0,0,0,-0.4668780594,0,0,1.191545,3.880523,5.072068,45668,no A* path
blocker_present,20,navfn,20260913,-1.625,2.825,5.225,1.775,0,0,0,0,-0.4668780594,0,0,1.191545,0.422013,1.613558,45668,empty
blocker_present,20,smac2d,20260913,-1.625,2.825,5.225,1.775,0,0,0,0,-0.4668780594,0,0,1.191545,4.378727,5.570272,45668,empty
blocker_present,20,tdt_astar,20260913,-1.625,2.825,5.225,1.775,0,0,0,0,-0.4668780594,0,0,1.191545,3.897286,5.088831,45668,no A* path
blocker_present,20,tdt_qp,20260913,-1.625,2.825,5.225,1.775,0,0,0,0,-0.4668780594,0,0,1.191545,5.64641,6.837955,45668,no A* path
blocker_present,21,smac2d,20260913,-0.375,2.575,4.475,1.525,0,0,0,0,-0.4668780594,0,0,1.191545,6.140203,7.331748,45668,empty
blocker_present,21,tdt_astar,20260913,-0.375,2.575,4.475,1.525,0,0,0,0,-0.4668780594,0,0,1.191545,4.347151,5.538696,45668,no A* path
blocker_present,21,tdt_qp,20260913,-0.375,2.575,4.475,1.525,0,0,0,0,-0.4668780594,0,0,1.191545,4.380079,5.571624,45668,no A* path
blocker_present,21,navfn,20260913,-0.375,2.575,4.475,1.525,0,0,0,0,-0.4668780594,0,0,1.191545,0.482119,1.673664,45668,empty
blocker_present,22,tdt_astar,20260913,-1.175,2.975,4.625,1.475,0,0,0,0,-0.4668780594,0,0,1.191545,3.951587,5.143132,45668,no A* path
blocker_present,22,tdt_qp,20260913,-1.175,2.975,4.625,1.475,0,0,0,0,-0.4668780594,0,0,1.191545,3.891836,5.083381,45668,no A* path
blocker_present,22,navfn,20260913,-1.175,2.975,4.625,1.475,0,0,0,0,-0.4668780594,0,0,1.191545,0.416938,1.608483,45668,empty
blocker_present,22,smac2d,20260913,-1.175,2.975,4.625,1.475,0,0,0,0,-0.4668780594,0,0,1.191545,4.80485,5.996395,45668,empty
blocker_present,23,tdt_qp,20260913,-1.975,2.775,4.475,1.275,0,0,0,0,-0.4668780594,0,0,1.191545,6.081738,7.273283,45668,no A* path
blocker_present,23,navfn,20260913,-1.975,2.775,4.475,1.275,0,0,0,0,-0.4668780594,0,0,1.191545,0.595335,1.78688,45668,empty
blocker_present,23,smac2d,20260913,-1.975,2.775,4.475,1.275,0,0,0,0,-0.4668780594,0,0,1.191545,6.237514,7.429059,45668,empty
blocker_present,23,tdt_astar,20260913,-1.975,2.775,4.475,1.275,0,0,0,0,-0.4668780594,0,0,1.191545,4.401833,5.593378,45668,no A* path
blocker_present,24,navfn,20260913,-1.425,2.925,5.225,1.575,0,0,0,0,-0.4668780594,0,0,1.191545,0.599866,1.791411,45668,empty
blocker_present,24,smac2d,20260913,-1.425,2.925,5.225,1.575,0,0,0,0,-0.4668780594,0,0,1.191545,4.493293,5.684838,45668,empty
blocker_present,24,tdt_astar,20260913,-1.425,2.925,5.225,1.575,0,0,0,0,-0.4668780594,0,0,1.191545,3.859789,5.051334,45668,no A* path
blocker_present,24,tdt_qp,20260913,-1.425,2.925,5.225,1.575,0,0,0,0,-0.4668780594,0,0,1.191545,3.805159,4.996704,45668,no A* path
blocker_present,25,smac2d,20260913,-0.425,1.625,4.275,3.225,0,0,0,0,-0.4668780594,0,0,1.191545,5.148153,6.339698,45668,empty
blocker_present,25,tdt_astar,20260913,-0.425,1.625,4.275,3.225,0,0,0,0,-0.4668780594,0,0,1.191545,5.580556,6.772101,45668,no A* path
blocker_present,25,tdt_qp,20260913,-0.425,1.625,4.275,3.225,0,0,0,0,-0.4668780594,0,0,1.191545,5.357382,6.548927,45668,no A* path
blocker_present,25,navfn,20260913,-0.425,1.625,4.275,3.225,0,0,0,0,-0.4668780594,0,0,1.191545,0.507827,1.699372,45668,empty
blocker_present,26,tdt_astar,20260913,-1.425,3.025,4.725,3.175,0,0,0,0,-0.4668780594,0,0,1.191545,4.677573,5.869118,45668,no A* path
blocker_present,26,tdt_qp,20260913,-1.425,3.025,4.725,3.175,0,0,0,0,-0.4668780594,0,0,1.191545,3.955421,5.146966,45668,no A* path
blocker_present,26,navfn,20260913,-1.425,3.025,4.725,3.175,0,0,0,0,-0.4668780594,0,0,1.191545,0.43798,1.629525,45668,empty
blocker_present,26,smac2d,20260913,-1.425,3.025,4.725,3.175,0,0,0,0,-0.4668780594,0,0,1.191545,4.276445,5.46799,45668,empty
blocker_present,27,tdt_qp,20260913,-1.275,2.775,5.475,1.375,0,0,0,0,-0.4668780594,0,0,1.191545,3.910338,5.101883,45668,no A* path
blocker_present,27,navfn,20260913,-1.275,2.775,5.475,1.375,0,0,0,0,-0.4668780594,0,0,1.191545,0.483445,1.67499,45668,empty
blocker_present,27,smac2d,20260913,-1.275,2.775,5.475,1.375,0,0,0,0,-0.4668780594,0,0,1.191545,5.637319,6.828864,45668,empty
blocker_present,27,tdt_astar,20260913,-1.275,2.775,5.475,1.375,0,0,0,0,-0.4668780594,0,0,1.191545,5.124214,6.315759,45668,no A* path
blocker_present,28,navfn,20260913,-0.625,1.525,4.625,1.575,0,0,0,0,-0.4668780594,0,0,1.191545,0.860619,2.052164,45668,empty
blocker_present,28,smac2d,20260913,-0.625,1.525,4.625,1.575,0,0,0,0,-0.4668780594,0,0,1.191545,5.594098,6.785643,45668,empty
blocker_present,28,tdt_astar,20260913,-0.625,1.525,4.625,1.575,0,0,0,0,-0.4668780594,0,0,1.191545,4.46142,5.652965,45668,no A* path
blocker_present,28,tdt_qp,20260913,-0.625,1.525,4.625,1.575,0,0,0,0,-0.4668780594,0,0,1.191545,3.89432,5.085865,45668,no A* path
blocker_present,29,smac2d,20260913,-1.875,3.075,4.025,1.725,0,0,0,0,-0.4668780594,0,0,1.191545,4.698456,5.890001,45668,empty
blocker_present,29,tdt_astar,20260913,-1.875,3.075,4.025,1.725,0,0,0,0,-0.4668780594,0,0,1.191545,4.397398,5.588943,45668,no A* path
blocker_present,29,tdt_qp,20260913,-1.875,3.075,4.025,1.725,0,0,0,0,-0.4668780594,0,0,1.191545,6.39571,7.587255,45668,no A* path
blocker_present,29,navfn,20260913,-1.875,3.075,4.025,1.725,0,0,0,0,-0.4668780594,0,0,1.191545,0.784887,1.976432,45668,empty
blocker_present,30,tdt_astar,20260913,-1.425,1.775,4.025,2.125,0,0,0,0,-0.4668780594,0,0,1.191545,5.201386,6.392931,45668,no A* path
blocker_present,30,tdt_qp,20260913,-1.425,1.775,4.025,2.125,0,0,0,0,-0.4668780594,0,0,1.191545,4.89216,6.083705,45668,no A* path
blocker_present,30,navfn,20260913,-1.425,1.775,4.025,2.125,0,0,0,0,-0.4668780594,0,0,1.191545,0.6055,1.797045,45668,empty
blocker_present,30,smac2d,20260913,-1.425,1.775,4.025,2.125,0,0,0,0,-0.4668780594,0,0,1.191545,4.443034,5.634579,45668,empty
blocker_present,31,tdt_qp,20260913,-0.875,1.925,5.475,1.425,0,0,0,0,-0.4668780594,0,0,1.191545,3.852375,5.04392,45668,no A* path
blocker_present,31,navfn,20260913,-0.875,1.925,5.475,1.425,0,0,0,0,-0.4668780594,0,0,1.191545,0.389462,1.581007,45668,empty
blocker_present,31,smac2d,20260913,-0.875,1.925,5.475,1.425,0,0,0,0,-0.4668780594,0,0,1.191545,4.328924,5.520469,45668,empty
blocker_present,31,tdt_astar,20260913,-0.875,1.925,5.475,1.425,0,0,0,0,-0.4668780594,0,0,1.191545,5.742826,6.934371,45668,no A* path
blocker_present,32,navfn,20260913,-0.525,1.375,5.175,2.775,0,0,0,0,-0.4668780594,0,0,1.191545,0.580653,1.772198,45668,empty
blocker_present,32,smac2d,20260913,-0.525,1.375,5.175,2.775,0,0,0,0,-0.4668780594,0,0,1.191545,6.13928,7.330825,45668,empty
blocker_present,32,tdt_astar,20260913,-0.525,1.375,5.175,2.775,0,0,0,0,-0.4668780594,0,0,1.191545,4.585018,5.776563,45668,no A* path
blocker_present,32,tdt_qp,20260913,-0.525,1.375,5.175,2.775,0,0,0,0,-0.4668780594,0,0,1.191545,4.400251,5.591796,45668,no A* path
blocker_present,33,smac2d,20260913,-0.275,2.075,4.425,2.625,0,0,0,0,-0.4668780594,0,0,1.191545,4.275977,5.467522,45668,empty
blocker_present,33,tdt_astar,20260913,-0.275,2.075,4.425,2.625,0,0,0,0,-0.4668780594,0,0,1.191545,3.926646,5.118191,45668,no A* path
blocker_present,33,tdt_qp,20260913,-0.275,2.075,4.425,2.625,0,0,0,0,-0.4668780594,0,0,1.191545,3.930462,5.122007,45668,no A* path
blocker_present,33,navfn,20260913,-0.275,2.075,4.425,2.625,0,0,0,0,-0.4668780594,0,0,1.191545,0.442662,1.634207,45668,empty
blocker_present,34,tdt_astar,20260913,-0.625,2.975,5.125,2.575,0,0,0,0,-0.4668780594,0,0,1.191545,5.653957,6.845502,45668,no A* path
blocker_present,34,tdt_qp,20260913,-0.625,2.975,5.125,2.575,0,0,0,0,-0.4668780594,0,0,1.191545,5.142974,6.334519,45668,no A* path
blocker_present,34,navfn,20260913,-0.625,2.975,5.125,2.575,0,0,0,0,-0.4668780594,0,0,1.191545,0.63189,1.823435,45668,empty
blocker_present,34,smac2d,20260913,-0.625,2.975,5.125,2.575,0,0,0,0,-0.4668780594,0,0,1.191545,4.983037,6.174582,45668,empty
blocker_present,35,tdt_qp,20260913,-0.275,2.775,3.975,2.775,0,0,0,0,-0.4668780594,0,0,1.191545,4.284471,5.476016,45668,no A* path
blocker_present,35,navfn,20260913,-0.275,2.775,3.975,2.775,0,0,0,0,-0.4668780594,0,0,1.191545,0.475862,1.667407,45668,empty
blocker_present,35,smac2d,20260913,-0.275,2.775,3.975,2.775,0,0,0,0,-0.4668780594,0,0,1.191545,4.23627,5.427815,45668,empty
blocker_present,35,tdt_astar,20260913,-0.275,2.775,3.975,2.775,0,0,0,0,-0.4668780594,0,0,1.191545,3.926827,5.118372,45668,no A* path
blocker_present,36,navfn,20260913,-1.475,2.475,4.525,2.075,0,0,0,0,-0.4668780594,0,0,1.191545,0.406602,1.598147,45668,empty
blocker_present,36,smac2d,20260913,-1.475,2.475,4.525,2.075,0,0,0,0,-0.4668780594,0,0,1.191545,4.810041,6.001586,45668,empty
blocker_present,36,tdt_astar,20260913,-1.475,2.475,4.525,2.075,0,0,0,0,-0.4668780594,0,0,1.191545,5.799525,6.99107,45668,no A* path
blocker_present,36,tdt_qp,20260913,-1.475,2.475,4.525,2.075,0,0,0,0,-0.4668780594,0,0,1.191545,4.907459,6.099004,45668,no A* path
blocker_present,37,smac2d,20260913,-1.675,2.475,4.475,3.175,0,0,0,0,-0.4668780594,0,0,1.191545,5.250517,6.442062,45668,empty
blocker_present,37,tdt_astar,20260913,-1.675,2.475,4.475,3.175,0,0,0,0,-0.4668780594,0,0,1.191545,4.451173,5.642718,45668,no A* path
blocker_present,37,tdt_qp,20260913,-1.675,2.475,4.475,3.175,0,0,0,0,-0.4668780594,0,0,1.191545,3.85235,5.043895,45668,no A* path
blocker_present,37,navfn,20260913,-1.675,2.475,4.475,3.175,0,0,0,0,-0.4668780594,0,0,1.191545,0.435821,1.627366,45668,empty
blocker_present,38,tdt_astar,20260913,-1.225,2.125,4.975,2.575,0,0,0,0,-0.4668780594,0,0,1.191545,3.911578,5.103123,45668,no A* path
blocker_present,38,tdt_qp,20260913,-1.225,2.125,4.975,2.575,0,0,0,0,-0.4668780594,0,0,1.191545,4.00847,5.200015,45668,no A* path
blocker_present,38,navfn,20260913,-1.225,2.125,4.975,2.575,0,0,0,0,-0.4668780594,0,0,1.191545,0.74608,1.937625,45668,empty
blocker_present,38,smac2d,20260913,-1.225,2.125,4.975,2.575,0,0,0,0,-0.4668780594,0,0,1.191545,7.581191,8.772736,45668,empty
blocker_present,39,tdt_qp,20260913,-1.425,2.375,4.875,1.275,0,0,0,0,-0.4668780594,0,0,1.191545,5.640597,6.832142,45668,no A* path
blocker_present,39,navfn,20260913,-1.425,2.375,4.875,1.275,0,0,0,0,-0.4668780594,0,0,1.191545,0.765244,1.956789,45668,empty
blocker_present,39,smac2d,20260913,-1.425,2.375,4.875,1.275,0,0,0,0,-0.4668780594,0,0,1.191545,5.131973,6.323518,45668,empty
blocker_present,39,tdt_astar,20260913,-1.425,2.375,4.875,1.275,0,0,0,0,-0.4668780594,0,0,1.191545,4.028669,5.220214,45668,no A* path
blocker_present,40,navfn,20260913,-1.475,2.525,5.225,1.875,0,0,0,0,-0.4668780594,0,0,1.191545,0.413206,1.604751,45668,empty
blocker_present,40,smac2d,20260913,-1.475,2.525,5.225,1.875,0,0,0,0,-0.4668780594,0,0,1.191545,4.397863,5.589408,45668,empty
blocker_present,40,tdt_astar,20260913,-1.475,2.525,5.225,1.875,0,0,0,0,-0.4668780594,0,0,1.191545,4.053668,5.245213,45668,no A* path
blocker_present,40,tdt_qp,20260913,-1.475,2.525,5.225,1.875,0,0,0,0,-0.4668780594,0,0,1.191545,5.801063,6.992608,45668,no A* path
blocker_present,41,smac2d,20260913,-0.975,3.125,5.175,1.975,0,0,0,0,-0.4668780594,0,0,1.191545,6.404037,7.595582,45668,empty
blocker_present,41,tdt_astar,20260913,-0.975,3.125,5.175,1.975,0,0,0,0,-0.4668780594,0,0,1.191545,4.531045,5.72259,45668,no A* path
blocker_present,41,tdt_qp,20260913,-0.975,3.125,5.175,1.975,0,0,0,0,-0.4668780594,0,0,1.191545,4.382969,5.574514,45668,no A* path
blocker_present,41,navfn,20260913,-0.975,3.125,5.175,1.975,0,0,0,0,-0.4668780594,0,0,1.191545,0.466101,1.657646,45668,empty
blocker_present,42,tdt_astar,20260913,-1.325,1.775,4.675,1.275,0,0,0,0,-0.4668780594,0,0,1.191545,3.79591,4.987455,45668,no A* path
blocker_present,42,tdt_qp,20260913,-1.325,1.775,4.675,1.275,0,0,0,0,-0.4668780594,0,0,1.191545,3.79174,4.983285,45668,no A* path
blocker_present,42,navfn,20260913,-1.325,1.775,4.675,1.275,0,0,0,0,-0.4668780594,0,0,1.191545,0.415263,1.606808,45668,empty
blocker_present,42,smac2d,20260913,-1.325,1.775,4.675,1.275,0,0,0,0,-0.4668780594,0,0,1.191545,4.441301,5.632846,45668,empty
blocker_present,43,tdt_qp,20260913,-0.825,1.625,3.825,1.975,0,0,0,0,-0.4668780594,0,0,1.191545,5.71437,6.905915,45668,no A* path
blocker_present,43,navfn,20260913,-0.825,1.625,3.825,1.975,0,0,0,0,-0.4668780594,0,0,1.191545,0.630151,1.821696,45668,empty
blocker_present,43,smac2d,20260913,-0.825,1.625,3.825,1.975,0,0,0,0,-0.4668780594,0,0,1.191545,6.306069,7.497614,45668,empty
blocker_present,43,tdt_astar,20260913,-0.825,1.625,3.825,1.975,0,0,0,0,-0.4668780594,0,0,1.191545,4.770573,5.962118,45668,no A* path
blocker_present,44,navfn,20260913,-1.775,1.725,5.425,3.225,0,0,0,0,-0.4668780594,0,0,1.191545,0.457045,1.64859,45668,empty
blocker_present,44,smac2d,20260913,-1.775,1.725,5.425,3.225,0,0,0,0,-0.4668780594,0,0,1.191545,4.440858,5.632403,45668,empty
blocker_present,44,tdt_astar,20260913,-1.775,1.725,5.425,3.225,0,0,0,0,-0.4668780594,0,0,1.191545,3.794219,4.985764,45668,no A* path
blocker_present,44,tdt_qp,20260913,-1.775,1.725,5.425,3.225,0,0,0,0,-0.4668780594,0,0,1.191545,3.776931,4.968476,45668,no A* path
blocker_present,45,smac2d,20260913,-1.325,1.925,4.425,3.025,0,0,0,0,-0.4668780594,0,0,1.191545,5.352009,6.543554,45668,empty
blocker_present,45,tdt_astar,20260913,-1.325,1.925,4.425,3.025,0,0,0,0,-0.4668780594,0,0,1.191545,5.170177,6.361722,45668,no A* path
blocker_present,45,tdt_qp,20260913,-1.325,1.925,4.425,3.025,0,0,0,0,-0.4668780594,0,0,1.191545,5.326328,6.517873,45668,no A* path
blocker_present,45,navfn,20260913,-1.325,1.925,4.425,3.025,0,0,0,0,-0.4668780594,0,0,1.191545,0.717293,1.908838,45668,empty
blocker_present,46,tdt_astar,20260913,-1.075,1.775,4.875,2.125,0,0,0,0,-0.4668780594,0,0,1.191545,4.846846,6.038391,45668,no A* path
blocker_present,46,tdt_qp,20260913,-1.075,1.775,4.875,2.125,0,0,0,0,-0.4668780594,0,0,1.191545,3.932235,5.12378,45668,no A* path
blocker_present,46,navfn,20260913,-1.075,1.775,4.875,2.125,0,0,0,0,-0.4668780594,0,0,1.191545,0.451902,1.643447,45668,empty
blocker_present,46,smac2d,20260913,-1.075,1.775,4.875,2.125,0,0,0,0,-0.4668780594,0,0,1.191545,4.286446,5.477991,45668,empty
blocker_present,47,tdt_qp,20260913,-0.475,1.625,4.525,3.125,0,0,0,0,-0.4668780594,0,0,1.191545,3.944251,5.135796,45668,no A* path
blocker_present,47,navfn,20260913,-0.475,1.625,4.525,3.125,0,0,0,0,-0.4668780594,0,0,1.191545,0.424174,1.615719,45668,empty
blocker_present,47,smac2d,20260913,-0.475,1.625,4.525,3.125,0,0,0,0,-0.4668780594,0,0,1.191545,6.00092,7.192465,45668,empty
blocker_present,47,tdt_astar,20260913,-0.475,1.625,4.525,3.125,0,0,0,0,-0.4668780594,0,0,1.191545,5.733182,6.924727,45668,no A* path
blocker_present,48,navfn,20260913,-0.375,1.725,4.025,2.825,0,0,0,0,-0.4668780594,0,0,1.191545,0.464903,1.656448,45668,empty
blocker_present,48,smac2d,20260913,-0.375,1.725,4.025,2.825,0,0,0,0,-0.4668780594,0,0,1.191545,4.965238,6.156783,45668,empty
blocker_present,48,tdt_astar,20260913,-0.375,1.725,4.025,2.825,0,0,0,0,-0.4668780594,0,0,1.191545,4.27375,5.465295,45668,no A* path
blocker_present,48,tdt_qp,20260913,-0.375,1.725,4.025,2.825,0,0,0,0,-0.4668780594,0,0,1.191545,3.949673,5.141218,45668,no A* path
blocker_present,49,smac2d,20260913,-1.775,1.775,4.225,2.525,0,0,0,0,-0.4668780594,0,0,1.191545,4.530753,5.722298,45668,empty
blocker_present,49,tdt_astar,20260913,-1.775,1.775,4.225,2.525,0,0,0,0,-0.4668780594,0,0,1.191545,3.874472,5.066017,45668,no A* path
blocker_present,49,tdt_qp,20260913,-1.775,1.775,4.225,2.525,0,0,0,0,-0.4668780594,0,0,1.191545,4.676231,5.867776,45668,no A* path
blocker_present,49,navfn,20260913,-1.775,1.775,4.225,2.525,0,0,0,0,-0.4668780594,0,0,1.191545,0.648251,1.839796,45668,empty
blocker_present,50,tdt_astar,20260913,-1.225,1.525,5.475,1.975,0,0,0,0,-0.4668780594,0,0,1.191545,5.696011,6.887556,45668,no A* path
blocker_present,50,tdt_qp,20260913,-1.225,1.525,5.475,1.975,0,0,0,0,-0.4668780594,0,0,1.191545,6.488021,7.679566,45668,no A* path
blocker_present,50,navfn,20260913,-1.225,1.525,5.475,1.975,0,0,0,0,-0.4668780594,0,0,1.191545,0.842051,2.033596,45668,empty
blocker_present,50,smac2d,20260913,-1.225,1.525,5.475,1.975,0,0,0,0,-0.4668780594,0,0,1.191545,5.991985,7.18353,45668,empty
blocker_present,51,tdt_qp,20260913,-1.475,3.025,3.775,1.525,0,0,0,0,-0.4668780594,0,0,1.191545,4.292299,5.483844,45668,no A* path
blocker_present,51,navfn,20260913,-1.475,3.025,3.775,1.525,0,0,0,0,-0.4668780594,0,0,1.191545,0.499963,1.691508,45668,empty
blocker_present,51,smac2d,20260913,-1.475,3.025,3.775,1.525,0,0,0,0,-0.4668780594,0,0,1.191545,6.268503,7.460048,45668,empty
blocker_present,51,tdt_astar,20260913,-1.475,3.025,3.775,1.525,0,0,0,0,-0.4668780594,0,0,1.191545,7.266234,8.457779,45668,no A* path
blocker_present,52,navfn,20260913,-0.525,1.775,5.475,1.825,0,0,0,0,-0.4668780594,0,0,1.191545,0.935377,2.126922,45668,empty
blocker_present,52,smac2d,20260913,-0.525,1.775,5.475,1.825,0,0,0,0,-0.4668780594,0,0,1.191545,8.385466,9.577011,45668,empty
blocker_present,52,tdt_astar,20260913,-0.525,1.775,5.475,1.825,0,0,0,0,-0.4668780594,0,0,1.191545,4.099488,5.291033,45668,no A* path
blocker_present,52,tdt_qp,20260913,-0.525,1.775,5.475,1.825,0,0,0,0,-0.4668780594,0,0,1.191545,3.915055,5.1066,45668,no A* path
blocker_present,53,smac2d,20260913,-1.175,3.125,4.075,2.025,0,0,0,0,-0.4668780594,0,0,1.191545,4.756312,5.947857,45668,empty
blocker_present,53,tdt_astar,20260913,-1.175,3.125,4.075,2.025,0,0,0,0,-0.4668780594,0,0,1.191545,5.9087,7.100245,45668,no A* path
blocker_present,53,tdt_qp,20260913,-1.175,3.125,4.075,2.025,0,0,0,0,-0.4668780594,0,0,1.191545,4.883818,6.075363,45668,no A* path
blocker_present,53,navfn,20260913,-1.175,3.125,4.075,2.025,0,0,0,0,-0.4668780594,0,0,1.191545,0.473233,1.664778,45668,empty
blocker_present,54,tdt_astar,20260913,-1.875,1.275,4.575,2.375,0,0,0,0,-0.4668780594,0,0,1.191545,4.113623,5.305168,45668,no A* path
blocker_present,54,tdt_qp,20260913,-1.875,1.275,4.575,2.375,0,0,0,0,-0.4668780594,0,0,1.191545,4.885944,6.077489,45668,no A* path
blocker_present,54,navfn,20260913,-1.875,1.275,4.575,2.375,0,0,0,0,-0.4668780594,0,0,1.191545,0.463341,1.654886,45668,empty
blocker_present,54,smac2d,20260913,-1.875,1.275,4.575,2.375,0,0,0,0,-0.4668780594,0,0,1.191545,4.46885,5.660395,45668,empty
blocker_present,55,tdt_qp,20260913,-0.725,2.025,5.275,1.275,0,0,0,0,-0.4668780594,0,0,1.191545,3.929756,5.121301,45668,no A* path
blocker_present,55,navfn,20260913,-0.725,2.025,5.275,1.275,0,0,0,0,-0.4668780594,0,0,1.191545,0.406588,1.598133,45668,empty
blocker_present,55,smac2d,20260913,-0.725,2.025,5.275,1.275,0,0,0,0,-0.4668780594,0,0,1.191545,4.349517,5.541062,45668,empty
blocker_present,55,tdt_astar,20260913,-0.725,2.025,5.275,1.275,0,0,0,0,-0.4668780594,0,0,1.191545,5.402097,6.593642,45668,no A* path
blocker_present,56,navfn,20260913,-0.375,2.725,4.075,1.825,0,0,0,0,-0.4668780594,0,0,1.191545,0.797045,1.98859,45668,empty
blocker_present,56,smac2d,20260913,-0.375,2.725,4.075,1.825,0,0,0,0,-0.4668780594,0,0,1.191545,6.94797,8.139515,45668,empty
blocker_present,56,tdt_astar,20260913,-0.375,2.725,4.075,1.825,0,0,0,0,-0.4668780594,0,0,1.191545,5.117491,6.309036,45668,no A* path
blocker_present,56,tdt_qp,20260913,-0.375,2.725,4.075,1.825,0,0,0,0,-0.4668780594,0,0,1.191545,4.45867,5.650215,45668,no A* path
blocker_present,57,smac2d,20260913,-0.675,2.275,4.325,1.425,0,0,0,0,-0.4668780594,0,0,1.191545,4.458441,5.649986,45668,empty
blocker_present,57,tdt_astar,20260913,-0.675,2.275,4.325,1.425,0,0,0,0,-0.4668780594,0,0,1.191545,4.396351,5.587896,45668,no A* path
blocker_present,57,tdt_qp,20260913,-0.675,2.275,4.325,1.425,0,0,0,0,-0.4668780594,0,0,1.191545,4.677477,5.869022,45668,no A* path
blocker_present,57,navfn,20260913,-0.675,2.275,4.325,1.425,0,0,0,0,-0.4668780594,0,0,1.191545,0.962685,2.15423,45668,empty
blocker_present,58,tdt_astar,20260913,-0.575,1.825,5.275,3.075,0,0,0,0,-0.4668780594,0,0,1.191545,5.650207,6.841752,45668,no A* path
blocker_present,58,tdt_qp,20260913,-0.575,1.825,5.275,3.075,0,0,0,0,-0.4668780594,0,0,1.191545,6.402931,7.594476,45668,no A* path
blocker_present,58,navfn,20260913,-0.575,1.825,5.275,3.075,0,0,0,0,-0.4668780594,0,0,1.191545,0.517697,1.709242,45668,empty
blocker_present,58,smac2d,20260913,-0.575,1.825,5.275,3.075,0,0,0,0,-0.4668780594,0,0,1.191545,5.010242,6.201787,45668,empty
blocker_present,59,tdt_qp,20260913,-1.375,1.825,4.475,1.575,0,0,0,0,-0.4668780594,0,0,1.191545,3.837815,5.02936,45668,no A* path
blocker_present,59,navfn,20260913,-1.375,1.825,4.475,1.575,0,0,0,0,-0.4668780594,0,0,1.191545,0.407203,1.598748,45668,empty
blocker_present,59,smac2d,20260913,-1.375,1.825,4.475,1.575,0,0,0,0,-0.4668780594,0,0,1.191545,4.324434,5.515979,45668,empty
blocker_present,59,tdt_astar,20260913,-1.375,1.825,4.475,1.575,0,0,0,0,-0.4668780594,0,0,1.191545,3.897913,5.089458,45668,no A* path
blocker_present,60,navfn,20260913,-1.125,1.975,3.825,1.525,0,0,0,0,-0.4668780594,0,0,1.191545,0.582339,1.773884,45668,empty
blocker_present,60,smac2d,20260913,-1.125,1.975,3.825,1.525,0,0,0,0,-0.4668780594,0,0,1.191545,7.166171,8.357716,45668,empty
blocker_present,60,tdt_astar,20260913,-1.125,1.975,3.825,1.525,0,0,0,0,-0.4668780594,0,0,1.191545,6.041351,7.232896,45668,no A* path
blocker_present,60,tdt_qp,20260913,-1.125,1.975,3.825,1.525,0,0,0,0,-0.4668780594,0,0,1.191545,4.793018,5.984563,45668,no A* path
blocker_present,61,smac2d,20260913,-0.975,2.125,4.525,2.875,0,0,0,0,-0.4668780594,0,0,1.191545,4.429272,5.620817,45668,empty
blocker_present,61,tdt_astar,20260913,-0.975,2.125,4.525,2.875,0,0,0,0,-0.4668780594,0,0,1.191545,4.025685,5.21723,45668,no A* path
blocker_present,61,tdt_qp,20260913,-0.975,2.125,4.525,2.875,0,0,0,0,-0.4668780594,0,0,1.191545,4.516041,5.707586,45668,no A* path
blocker_present,61,navfn,20260913,-0.975,2.125,4.525,2.875,0,0,0,0,-0.4668780594,0,0,1.191545,0.520923,1.712468,45668,empty
blocker_present,62,tdt_astar,20260913,-1.575,2.475,4.375,2.525,0,0,0,0,-0.4668780594,0,0,1.191545,5.90309,7.094635,45668,no A* path
blocker_present,62,tdt_qp,20260913,-1.575,2.475,4.375,2.525,0,0,0,0,-0.4668780594,0,0,1.191545,5.63764,6.829185,45668,no A* path
blocker_present,62,navfn,20260913,-1.575,2.475,4.375,2.525,0,0,0,0,-0.4668780594,0,0,1.191545,1.158403,2.349948,45668,empty
blocker_present,62,smac2d,20260913,-1.575,2.475,4.375,2.525,0,0,0,0,-0.4668780594,0,0,1.191545,7.819087,9.010632,45668,empty
blocker_present,63,tdt_qp,20260913,-1.425,2.275,4.525,2.475,0,0,0,0,-0.4668780594,0,0,1.191545,4.304085,5.49563,45668,no A* path
blocker_present,63,navfn,20260913,-1.425,2.275,4.525,2.475,0,0,0,0,-0.4668780594,0,0,1.191545,0.446116,1.637661,45668,empty
blocker_present,63,smac2d,20260913,-1.425,2.275,4.525,2.475,0,0,0,0,-0.4668780594,0,0,1.191545,4.667293,5.858838,45668,empty
blocker_present,63,tdt_astar,20260913,-1.425,2.275,4.525,2.475,0,0,0,0,-0.4668780594,0,0,1.191545,4.227182,5.418727,45668,no A* path
blocker_present,64,navfn,20260913,-0.675,1.725,4.875,2.275,0,0,0,0,-0.4668780594,0,0,1.191545,0.839843,2.031388,45668,empty
blocker_present,64,smac2d,20260913,-0.675,1.725,4.875,2.275,0,0,0,0,-0.4668780594,0,0,1.191545,7.248797,8.440342,45668,empty
blocker_present,64,tdt_astar,20260913,-0.675,1.725,4.875,2.275,0,0,0,0,-0.4668780594,0,0,1.191545,6.231423,7.422968,45668,no A* path
blocker_present,64,tdt_qp,20260913,-0.675,1.725,4.875,2.275,0,0,0,0,-0.4668780594,0,0,1.191545,4.869574,6.061119,45668,no A* path
blocker_present,65,smac2d,20260913,-0.675,2.125,5.425,1.875,0,0,0,0,-0.4668780594,0,0,1.191545,5.101315,6.29286,45668,empty
blocker_present,65,tdt_astar,20260913,-0.675,2.125,5.425,1.875,0,0,0,0,-0.4668780594,0,0,1.191545,4.382999,5.574544,45668,no A* path
blocker_present,65,tdt_qp,20260913,-0.675,2.125,5.425,1.875,0,0,0,0,-0.4668780594,0,0,1.191545,4.257783,5.449328,45668,no A* path
blocker_present,65,navfn,20260913,-0.675,2.125,5.425,1.875,0,0,0,0,-0.4668780594,0,0,1.191545,0.98624,2.177785,45668,empty
blocker_present,66,tdt_astar,20260913,-0.975,2.025,4.125,1.475,0,0,0,0,-0.4668780594,0,0,1.191545,6.159736,7.351281,45668,no A* path
blocker_present,66,tdt_qp,20260913,-0.975,2.025,4.125,1.475,0,0,0,0,-0.4668780594,0,0,1.191545,6.381968,7.573513,45668,no A* path
blocker_present,66,navfn,20260913,-0.975,2.025,4.125,1.475,0,0,0,0,-0.4668780594,0,0,1.191545,0.824949,2.016494,45668,empty
blocker_present,66,smac2d,20260913,-0.975,2.025,4.125,1.475,0,0,0,0,-0.4668780594,0,0,1.191545,4.843405,6.03495,45668,empty
blocker_present,67,tdt_qp,20260913,-1.725,1.475,4.275,2.125,0,0,0,0,-0.4668780594,0,0,1.191545,3.827053,5.018598,45668,no A* path
blocker_present,67,navfn,20260913,-1.725,1.475,4.275,2.125,0,0,0,0,-0.4668780594,0,0,1.191545,0.422346,1.613891,45668,empty
blocker_present,67,smac2d,20260913,-1.725,1.475,4.275,2.125,0,0,0,0,-0.4668780594,0,0,1.191545,4.394534,5.586079,45668,empty
blocker_present,67,tdt_astar,20260913,-1.725,1.475,4.275,2.125,0,0,0,0,-0.4668780594,0,0,1.191545,3.87327,5.064815,45668,no A* path
blocker_present,68,navfn,20260913,-0.375,1.925,3.775,2.025,0,0,0,0,-0.4668780594,0,0,1.191545,0.426601,1.618146,45668,empty
blocker_present,68,smac2d,20260913,-0.375,1.925,3.775,2.025,0,0,0,0,-0.4668780594,0,0,1.191545,6.457395,7.64894,45668,empty
blocker_present,68,tdt_astar,20260913,-0.375,1.925,3.775,2.025,0,0,0,0,-0.4668780594,0,0,1.191545,5.478508,6.670053,45668,no A* path
blocker_present,68,tdt_qp,20260913,-0.375,1.925,3.775,2.025,0,0,0,0,-0.4668780594,0,0,1.191545,4.734162,5.925707,45668,no A* path
blocker_present,69,smac2d,20260913,-1.875,1.725,5.025,1.825,0,0,0,0,-0.4668780594,0,0,1.191545,4.778062,5.969607,45668,empty
blocker_present,69,tdt_astar,20260913,-1.875,1.725,5.025,1.825,0,0,0,0,-0.4668780594,0,0,1.191545,3.780428,4.971973,45668,no A* path
blocker_present,69,tdt_qp,20260913,-1.875,1.725,5.025,1.825,0,0,0,0,-0.4668780594,0,0,1.191545,3.8109,5.002445,45668,no A* path
blocker_present,69,navfn,20260913,-1.875,1.725,5.025,1.825,0,0,0,0,-0.4668780594,0,0,1.191545,0.413823,1.605368,45668,empty
blocker_present,70,tdt_astar,20260913,-1.675,2.725,5.275,1.325,0,0,0,0,-0.4668780594,0,0,1.191545,3.882608,5.074153,45668,no A* path
blocker_present,70,tdt_qp,20260913,-1.675,2.725,5.275,1.325,0,0,0,0,-0.4668780594,0,0,1.191545,5.350251,6.541796,45668,no A* path
blocker_present,70,navfn,20260913,-1.675,2.725,5.275,1.325,0,0,0,0,-0.4668780594,0,0,1.191545,0.819845,2.01139,45668,empty
blocker_present,70,smac2d,20260913,-1.675,2.725,5.275,1.325,0,0,0,0,-0.4668780594,0,0,1.191545,7.727409,8.918954,45668,empty
blocker_present,71,tdt_qp,20260913,-0.875,2.975,3.975,1.775,0,0,0,0,-0.4668780594,0,0,1.191545,5.991233,7.182778,45668,no A* path
blocker_present,71,navfn,20260913,-0.875,2.975,3.975,1.775,0,0,0,0,-0.4668780594,0,0,1.191545,0.473124,1.664669,45668,empty
blocker_present,71,smac2d,20260913,-0.875,2.975,3.975,1.775,0,0,0,0,-0.4668780594,0,0,1.191545,5.180222,6.371767,45668,empty
blocker_present,71,tdt_astar,20260913,-0.875,2.975,3.975,1.775,0,0,0,0,-0.4668780594,0,0,1.191545,3.983921,5.175466,45668,no A* path
blocker_present,72,navfn,20260913,-0.675,2.225,5.475,3.125,0,0,0,0,-0.4668780594,0,0,1.191545,0.398438,1.589983,45668,empty
blocker_present,72,smac2d,20260913,-0.675,2.225,5.475,3.125,0,0,0,0,-0.4668780594,0,0,1.191545,4.974591,6.166136,45668,empty
blocker_present,72,tdt_astar,20260913,-0.675,2.225,5.475,3.125,0,0,0,0,-0.4668780594,0,0,1.191545,6.33203,7.523575,45668,no A* path
blocker_present,72,tdt_qp,20260913,-0.675,2.225,5.475,3.125,0,0,0,0,-0.4668780594,0,0,1.191545,6.579758,7.771303,45668,no A* path
blocker_present,73,smac2d,20260913,-1.025,2.925,3.875,2.825,0,0,0,0,-0.4668780594,0,0,1.191545,5.018336,6.209881,45668,empty
blocker_present,73,tdt_astar,20260913,-1.025,2.925,3.875,2.825,0,0,0,0,-0.4668780594,0,0,1.191545,4.016415,5.20796,45668,no A* path
blocker_present,73,tdt_qp,20260913,-1.025,2.925,3.875,2.825,0,0,0,0,-0.4668780594,0,0,1.191545,3.793727,4.985272,45668,no A* path
blocker_present,73,navfn,20260913,-1.025,2.925,3.875,2.825,0,0,0,0,-0.4668780594,0,0,1.191545,0.428127,1.619672,45668,empty
blocker_present,74,tdt_astar,20260913,-1.175,2.075,5.225,2.425,0,0,0,0,-0.4668780594,0,0,1.191545,3.882587,5.074132,45668,no A* path
blocker_present,74,tdt_qp,20260913,-1.175,2.075,5.225,2.425,0,0,0,0,-0.4668780594,0,0,1.191545,5.152591,6.344136,45668,no A* path
blocker_present,74,navfn,20260913,-1.175,2.075,5.225,2.425,0,0,0,0,-0.4668780594,0,0,1.191545,0.561812,1.753357,45668,empty
blocker_present,74,smac2d,20260913,-1.175,2.075,5.225,2.425,0,0,0,0,-0.4668780594,0,0,1.191545,6.490006,7.681551,45668,empty
blocker_present,75,tdt_qp,20260913,-1.925,2.075,4.075,2.975,0,0,0,0,-0.4668780594,0,0,1.191545,4.499575,5.69112,45668,no A* path
blocker_present,75,navfn,20260913,-1.925,2.075,4.075,2.975,0,0,0,0,-0.4668780594,0,0,1.191545,0.599088,1.790633,45668,empty
blocker_present,75,smac2d,20260913,-1.925,2.075,4.075,2.975,0,0,0,0,-0.4668780594,0,0,1.191545,5.119381,6.310926,45668,empty
blocker_present,75,tdt_astar,20260913,-1.925,2.075,4.075,2.975,0,0,0,0,-0.4668780594,0,0,1.191545,3.7736,4.965145,45668,no A* path
blocker_present,76,navfn,20260913,-0.475,2.575,5.175,2.025,0,0,0,0,-0.4668780594,0,0,1.191545,0.412898,1.604443,45668,empty
blocker_present,76,smac2d,20260913,-0.475,2.575,5.175,2.025,0,0,0,0,-0.4668780594,0,0,1.191545,4.308207,5.499752,45668,empty
blocker_present,76,tdt_astar,20260913,-0.475,2.575,5.175,2.025,0,0,0,0,-0.4668780594,0,0,1.191545,3.955041,5.146586,45668,no A* path
blocker_present,76,tdt_qp,20260913,-0.475,2.575,5.175,2.025,0,0,0,0,-0.4668780594,0,0,1.191545,5.662167,6.853712,45668,no A* path
blocker_present,77,smac2d,20260913,-1.075,2.225,5.375,2.525,0,0,0,0,-0.4668780594,0,0,1.191545,7.016252,8.207797,45668,empty
blocker_present,77,tdt_astar,20260913,-1.075,2.225,5.375,2.525,0,0,0,0,-0.4668780594,0,0,1.191545,5.652821,6.844366,45668,no A* path
blocker_present,77,tdt_qp,20260913,-1.075,2.225,5.375,2.525,0,0,0,0,-0.4668780594,0,0,1.191545,3.877586,5.069131,45668,no A* path
blocker_present,77,navfn,20260913,-1.075,2.225,5.375,2.525,0,0,0,0,-0.4668780594,0,0,1.191545,0.423939,1.615484,45668,empty
blocker_present,78,tdt_astar,20260913,-1.025,2.025,4.675,2.475,0,0,0,0,-0.4668780594,0,0,1.191545,3.834185,5.02573,45668,no A* path
blocker_present,78,tdt_qp,20260913,-1.025,2.025,4.675,2.475,0,0,0,0,-0.4668780594,0,0,1.191545,3.898586,5.090131,45668,no A* path
blocker_present,78,navfn,20260913,-1.025,2.025,4.675,2.475,0,0,0,0,-0.4668780594,0,0,1.191545,0.454847,1.646392,45668,empty
blocker_present,78,smac2d,20260913,-1.025,2.025,4.675,2.475,0,0,0,0,-0.4668780594,0,0,1.191545,5.205932,6.397477,45668,empty
blocker_present,79,tdt_qp,20260913,-1.975,2.175,4.675,2.075,0,0,0,0,-0.4668780594,0,0,1.191545,6.529377,7.720922,45668,no A* path
blocker_present,79,navfn,20260913,-1.975,2.175,4.675,2.075,0,0,0,0,-0.4668780594,0,0,1.191545,1.01947,2.211015,45668,empty
blocker_present,79,smac2d,20260913,-1.975,2.175,4.675,2.075,0,0,0,0,-0.4668780594,0,0,1.191545,6.426956,7.618501,45668,empty
blocker_present,79,tdt_astar,20260913,-1.975,2.175,4.675,2.075,0,0,0,0,-0.4668780594,0,0,1.191545,4.111915,5.30346,45668,no A* path
blocker_present,80,navfn,20260913,-1.325,2.675,4.975,1.275,0,0,0,0,-0.4668780594,0,0,1.191545,0.484344,1.675889,45668,empty
blocker_present,80,smac2d,20260913,-1.325,2.675,4.975,1.275,0,0,0,0,-0.4668780594,0,0,1.191545,4.354481,5.546026,45668,empty
blocker_present,80,tdt_astar,20260913,-1.325,2.675,4.975,1.275,0,0,0,0,-0.4668780594,0,0,1.191545,3.939059,5.130604,45668,no A* path
blocker_present,80,tdt_qp,20260913,-1.325,2.675,4.975,1.275,0,0,0,0,-0.4668780594,0,0,1.191545,4.205347,5.396892,45668,no A* path
blocker_present,81,smac2d,20260913,-1.575,2.275,4.425,3.225,0,0,0,0,-0.4668780594,0,0,1.191545,7.317865,8.50941,45668,empty
blocker_present,81,tdt_astar,20260913,-1.575,2.275,4.425,3.225,0,0,0,0,-0.4668780594,0,0,1.191545,7.003537,8.195082,45668,no A* path
blocker_present,81,tdt_qp,20260913,-1.575,2.275,4.425,3.225,0,0,0,0,-0.4668780594,0,0,1.191545,4.209775,5.40132,45668,no A* path
blocker_present,81,navfn,20260913,-1.575,2.275,4.425,3.225,0,0,0,0,-0.4668780594,0,0,1.191545,0.550394,1.741939,45668,empty
blocker_present,82,tdt_astar,20260913,-1.375,1.925,4.175,1.575,0,0,0,0,-0.4668780594,0,0,1.191545,3.595318,4.786863,45668,no A* path
blocker_present,82,tdt_qp,20260913,-1.375,1.925,4.175,1.575,0,0,0,0,-0.4668780594,0,0,1.191545,3.582625,4.77417,45668,no A* path
blocker_present,82,navfn,20260913,-1.375,1.925,4.175,1.575,0,0,0,0,-0.4668780594,0,0,1.191545,0.37871,1.570255,45668,empty
blocker_present,82,smac2d,20260913,-1.375,1.925,4.175,1.575,0,0,0,0,-0.4668780594,0,0,1.191545,4.275341,5.466886,45668,empty
blocker_present,83,tdt_qp,20260913,-1.125,2.275,5.275,1.275,0,0,0,0,-0.4668780594,0,0,1.191545,5.012598,6.204143,45668,no A* path
blocker_present,83,navfn,20260913,-1.125,2.275,5.275,1.275,0,0,0,0,-0.4668780594,0,0,1.191545,0.983578,2.175123,45668,empty
blocker_present,83,smac2d,20260913,-1.125,2.275,5.275,1.275,0,0,0,0,-0.4668780594,0,0,1.191545,7.04079,8.232335,45668,empty
blocker_present,83,tdt_astar,20260913,-1.125,2.275,5.275,1.275,0,0,0,0,-0.4668780594,0,0,1.191545,5.971056,7.162601,45668,no A* path
blocker_present,84,navfn,20260913,-1.175,3.175,4.125,3.125,0,0,0,0,-0.4668780594,0,0,1.191545,0.482591,1.674136,45668,empty
blocker_present,84,smac2d,20260913,-1.175,3.175,4.125,3.125,0,0,0,0,-0.4668780594,0,0,1.191545,4.490657,5.682202,45668,empty
blocker_present,84,tdt_astar,20260913,-1.175,3.175,4.125,3.125,0,0,0,0,-0.4668780594,0,0,1.191545,3.779406,4.970951,45668,no A* path
blocker_present,84,tdt_qp,20260913,-1.175,3.175,4.125,3.125,0,0,0,0,-0.4668780594,0,0,1.191545,4.016395,5.20794,45668,no A* path
blocker_present,85,smac2d,20260913,-1.075,2.825,4.825,2.475,0,0,0,0,-0.4668780594,0,0,1.191545,5.478484,6.670029,45668,empty
blocker_present,85,tdt_astar,20260913,-1.075,2.825,4.825,2.475,0,0,0,0,-0.4668780594,0,0,1.191545,6.834598,8.026143,45668,no A* path
blocker_present,85,tdt_qp,20260913,-1.075,2.825,4.825,2.475,0,0,0,0,-0.4668780594,0,0,1.191545,6.397624,7.589169,45668,no A* path
blocker_present,85,navfn,20260913,-1.075,2.825,4.825,2.475,0,0,0,0,-0.4668780594,0,0,1.191545,0.691981,1.883526,45668,empty
blocker_present,86,tdt_astar,20260913,-1.375,2.425,3.975,2.925,0,0,0,0,-0.4668780594,0,0,1.191545,4.172318,5.363863,45668,no A* path
blocker_present,86,tdt_qp,20260913,-1.375,2.425,3.975,2.925,0,0,0,0,-0.4668780594,0,0,1.191545,3.7092,4.900745,45668,no A* path
blocker_present,86,navfn,20260913,-1.375,2.425,3.975,2.925,0,0,0,0,-0.4668780594,0,0,1.191545,0.449314,1.640859,45668,empty
blocker_present,86,smac2d,20260913,-1.375,2.425,3.975,2.925,0,0,0,0,-0.4668780594,0,0,1.191545,4.210253,5.401798,45668,empty
blocker_present,87,tdt_qp,20260913,-0.825,3.175,4.725,2.925,0,0,0,0,-0.4668780594,0,0,1.191545,3.842182,5.033727,45668,no A* path
blocker_present,87,navfn,20260913,-0.825,3.175,4.725,2.925,0,0,0,0,-0.4668780594,0,0,1.191545,0.525398,1.716943,45668,empty
blocker_present,87,smac2d,20260913,-0.825,3.175,4.725,2.925,0,0,0,0,-0.4668780594,0,0,1.191545,8.019667,9.211212,45668,empty
blocker_present,87,tdt_astar,20260913,-0.825,3.175,4.725,2.925,0,0,0,0,-0.4668780594,0,0,1.191545,5.634412,6.825957,45668,no A* path
blocker_present,88,navfn,20260913,-0.275,2.925,5.275,3.225,0,0,0,0,-0.4668780594,0,0,1.191545,0.601541,1.793086,45668,empty
blocker_present,88,smac2d,20260913,-0.275,2.925,5.275,3.225,0,0,0,0,-0.4668780594,0,0,1.191545,4.750257,5.941802,45668,empty
blocker_present,88,tdt_astar,20260913,-0.275,2.925,5.275,3.225,0,0,0,0,-0.4668780594,0,0,1.191545,3.875708,5.067253,45668,no A* path
blocker_present,88,tdt_qp,20260913,-0.275,2.925,5.275,3.225,0,0,0,0,-0.4668780594,0,0,1.191545,3.796463,4.988008,45668,no A* path
blocker_present,89,smac2d,20260913,-1.375,2.275,5.375,2.225,0,0,0,0,-0.4668780594,0,0,1.191545,4.429883,5.621428,45668,empty
blocker_present,89,tdt_astar,20260913,-1.375,2.275,5.375,2.225,0,0,0,0,-0.4668780594,0,0,1.191545,4.860053,6.051598,45668,no A* path
blocker_present,89,tdt_qp,20260913,-1.375,2.275,5.375,2.225,0,0,0,0,-0.4668780594,0,0,1.191545,6.107719,7.299264,45668,no A* path
blocker_present,89,navfn,20260913,-1.375,2.275,5.375,2.225,0,0,0,0,-0.4668780594,0,0,1.191545,0.875456,2.067001,45668,empty
blocker_present,90,tdt_astar,20260913,-0.825,2.475,3.775,1.975,0,0,0,0,-0.4668780594,0,0,1.191545,5.309471,6.501016,45668,no A* path
blocker_present,90,tdt_qp,20260913,-0.825,2.475,3.775,1.975,0,0,0,0,-0.4668780594,0,0,1.191545,4.263372,5.454917,45668,no A* path
blocker_present,90,navfn,20260913,-0.825,2.475,3.775,1.975,0,0,0,0,-0.4668780594,0,0,1.191545,0.489281,1.680826,45668,empty
blocker_present,90,smac2d,20260913,-0.825,2.475,3.775,1.975,0,0,0,0,-0.4668780594,0,0,1.191545,4.263505,5.45505,45668,empty
blocker_present,91,tdt_qp,20260913,-0.975,2.375,3.825,2.775,0,0,0,0,-0.4668780594,0,0,1.191545,4.225458,5.417003,45668,no A* path
blocker_present,91,navfn,20260913,-0.975,2.375,3.825,2.775,0,0,0,0,-0.4668780594,0,0,1.191545,0.709106,1.900651,45668,empty
blocker_present,91,smac2d,20260913,-0.975,2.375,3.825,2.775,0,0,0,0,-0.4668780594,0,0,1.191545,6.399157,7.590702,45668,empty
blocker_present,91,tdt_astar,20260913,-0.975,2.375,3.825,2.775,0,0,0,0,-0.4668780594,0,0,1.191545,5.473077,6.664622,45668,no A* path
blocker_present,92,navfn,20260913,-1.925,1.675,4.625,1.975,0,0,0,0,-0.4668780594,0,0,1.191545,0.884694,2.076239,45668,empty
blocker_present,92,smac2d,20260913,-1.925,1.675,4.625,1.975,0,0,0,0,-0.4668780594,0,0,1.191545,7.293212,8.484757,45668,empty
blocker_present,92,tdt_astar,20260913,-1.925,1.675,4.625,1.975,0,0,0,0,-0.4668780594,0,0,1.191545,4.042401,5.233946,45668,no A* path
blocker_present,92,tdt_qp,20260913,-1.925,1.675,4.625,1.975,0,0,0,0,-0.4668780594,0,0,1.191545,3.737362,4.928907,45668,no A* path
blocker_present,93,smac2d,20260913,-1.875,2.775,4.475,2.175,0,0,0,0,-0.4668780594,0,0,1.191545,4.46072,5.652265,45668,empty
blocker_present,93,tdt_astar,20260913,-1.875,2.775,4.475,2.175,0,0,0,0,-0.4668780594,0,0,1.191545,3.835591,5.027136,45668,no A* path
blocker_present,93,tdt_qp,20260913,-1.875,2.775,4.475,2.175,0,0,0,0,-0.4668780594,0,0,1.191545,5.716733,6.908278,45668,no A* path
blocker_present,93,navfn,20260913,-1.875,2.775,4.475,2.175,0,0,0,0,-0.4668780594,0,0,1.191545,0.786249,1.977794,45668,empty
blocker_present,94,tdt_astar,20260913,-1.425,3.225,4.175,1.825,0,0,0,0,-0.4668780594,0,0,1.191545,5.477387,6.668932,45668,no A* path
blocker_present,94,tdt_qp,20260913,-1.425,3.225,4.175,1.825,0,0,0,0,-0.4668780594,0,0,1.191545,5.647074,6.838619,45668,no A* path
blocker_present,94,navfn,20260913,-1.425,3.225,4.175,1.825,0,0,0,0,-0.4668780594,0,0,1.191545,0.582241,1.773786,45668,empty
blocker_present,94,smac2d,20260913,-1.425,3.225,4.175,1.825,0,0,0,0,-0.4668780594,0,0,1.191545,4.847355,6.0389,45668,empty
blocker_present,95,tdt_qp,20260913,-1.325,2.675,4.925,2.675,0,0,0,0,-0.4668780594,0,0,1.191545,3.871702,5.063247,45668,no A* path
blocker_present,95,navfn,20260913,-1.325,2.675,4.925,2.675,0,0,0,0,-0.4668780594,0,0,1.191545,0.396444,1.587989,45668,empty
blocker_present,95,smac2d,20260913,-1.325,2.675,4.925,2.675,0,0,0,0,-0.4668780594,0,0,1.191545,4.791642,5.983187,45668,empty
blocker_present,95,tdt_astar,20260913,-1.325,2.675,4.925,2.675,0,0,0,0,-0.4668780594,0,0,1.191545,5.956195,7.14774,45668,no A* path
blocker_present,96,navfn,20260913,-1.225,2.625,5.425,2.625,0,0,0,0,-0.4668780594,0,0,1.191545,0.595179,1.786724,45668,empty
blocker_present,96,smac2d,20260913,-1.225,2.625,5.425,2.625,0,0,0,0,-0.4668780594,0,0,1.191545,6.259245,7.45079,45668,empty
blocker_present,96,tdt_astar,20260913,-1.225,2.625,5.425,2.625,0,0,0,0,-0.4668780594,0,0,1.191545,5.273755,6.4653,45668,no A* path
blocker_present,96,tdt_qp,20260913,-1.225,2.625,5.425,2.625,0,0,0,0,-0.4668780594,0,0,1.191545,3.915372,5.106917,45668,no A* path
blocker_present,97,smac2d,20260913,-0.875,1.875,5.375,2.125,0,0,0,0,-0.4668780594,0,0,1.191545,4.323236,5.514781,45668,empty
blocker_present,97,tdt_astar,20260913,-0.875,1.875,5.375,2.125,0,0,0,0,-0.4668780594,0,0,1.191545,3.910277,5.101822,45668,no A* path
blocker_present,97,tdt_qp,20260913,-0.875,1.875,5.375,2.125,0,0,0,0,-0.4668780594,0,0,1.191545,3.872474,5.064019,45668,no A* path
blocker_present,97,navfn,20260913,-0.875,1.875,5.375,2.125,0,0,0,0,-0.4668780594,0,0,1.191545,0.436716,1.628261,45668,empty
blocker_present,98,tdt_astar,20260913,-0.925,2.725,5.325,2.575,0,0,0,0,-0.4668780594,0,0,1.191545,5.7525,6.944045,45668,no A* path
blocker_present,98,tdt_qp,20260913,-0.925,2.725,5.325,2.575,0,0,0,0,-0.4668780594,0,0,1.191545,5.410037,6.601582,45668,no A* path
blocker_present,98,navfn,20260913,-0.925,2.725,5.325,2.575,0,0,0,0,-0.4668780594,0,0,1.191545,0.617307,1.808852,45668,empty
blocker_present,98,smac2d,20260913,-0.925,2.725,5.325,2.575,0,0,0,0,-0.4668780594,0,0,1.191545,6.050069,7.241614,45668,empty
blocker_present,99,tdt_qp,20260913,-1.225,2.875,4.475,2.175,0,0,0,0,-0.4668780594,0,0,1.191545,3.922644,5.114189,45668,no A* path
blocker_present,99,navfn,20260913,-1.225,2.875,4.475,2.175,0,0,0,0,-0.4668780594,0,0,1.191545,0.411659,1.603204,45668,empty
blocker_present,99,smac2d,20260913,-1.225,2.875,4.475,2.175,0,0,0,0,-0.4668780594,0,0,1.191545,4.291675,5.48322,45668,empty
blocker_present,99,tdt_astar,20260913,-1.225,2.875,4.475,2.175,0,0,0,0,-0.4668780594,0,0,1.191545,4.006654,5.198199,45668,no A* path
blocker_removed,0,navfn,20260913,-0.425,2.075,5.225,2.925,1,1,0,1,0.1449162957,5.752639722,6.357988844,1.080768,0.639878,1.720646,45668,returned
blocker_removed,0,smac2d,20260913,-0.425,2.075,5.225,2.925,1,1,0,1,0.1081710353,5.817295823,1.53457783,1.080768,2.989714,4.070482,45668,returned
blocker_removed,0,tdt_astar,20260913,-0.425,2.075,5.225,2.925,1,1,0,1,0.2081220836,6.002081677,2.356195149,1.080768,4.480503,5.561271,45668,validated A*
blocker_removed,0,tdt_qp,20260913,-0.425,2.075,5.225,2.925,1,1,1,1,0.06738515453,5.713580314,0.0002115010118,1.080768,5.641663,6.722431,45668,validated minimum-jerk polyline
blocker_removed,1,smac2d,20260913,-0.325,3.075,5.275,1.875,1,1,0,1,0.1580878732,5.943646299,2.122154595,1.080768,1.936462,3.01723,45668,returned
blocker_removed,1,tdt_astar,20260913,-0.325,3.075,5.275,1.875,1,1,0,1,0.2081218452,6.097056036,2.356193465,1.080768,3.266863,4.347631,45668,validated A*
blocker_removed,1,tdt_qp,20260913,-0.325,3.075,5.275,1.875,1,1,1,1,0.1925524076,5.799666213,0.5824521558,1.080768,3.453363,4.534131,45668,validated minimum-jerk polyline
blocker_removed,1,navfn,20260913,-0.325,3.075,5.275,1.875,1,1,0,1,0.07163842128,5.908055908,9.421270774,1.080768,0.646468,1.727236,45668,returned
blocker_removed,2,tdt_astar,20260913,-0.775,3.025,5.425,2.825,1,1,0,1,0.2081218452,6.73847774,2.356195516,1.080768,3.70699,4.787758,45668,validated A*
blocker_removed,2,tdt_qp,20260913,-0.775,3.025,5.425,2.825,1,1,1,1,0.1255009855,6.359022709,0.8220399326,1.080768,4.773035,5.853803,45668,validated minimum-jerk polyline
blocker_removed,2,navfn,20260913,-0.775,3.025,5.425,2.825,1,1,0,1,0.07163842128,6.427957203,11.78021568,1.080768,1.047228,2.127996,45668,returned
blocker_removed,2,smac2d,20260913,-0.775,3.025,5.425,2.825,1,1,0,0,0.04608156273,6.430875412,2.053333201,1.080768,2.142197,3.222965,45668,returned
blocker_removed,3,tdt_qp,20260913,-1.775,1.275,4.725,2.075,1,1,1,1,0.08949366205,6.618893387,0.5156844037,1.080768,6.930709,8.011477,45668,validated minimum-jerk polyline
blocker_removed,3,navfn,20260913,-1.775,1.275,4.725,2.075,1,1,0,0,0.02556483066,6.685935039,9.91324161,1.080768,0.737578,1.818346,45668,returned
blocker_removed,3,smac2d,20260913,-1.775,1.275,4.725,2.075,1,1,0,0,0.04773318517,6.759299609,2.221626977,1.080768,0.97507,2.055838,45668,returned
blocker_removed,3,tdt_astar,20260913,-1.775,1.275,4.725,2.075,1,1,0,1,0.2081220836,6.955634943,3.141592231,1.080768,3.614888,4.695656,45668,validated A*
blocker_removed,4,navfn,20260913,-1.375,2.975,4.425,2.325,1,1,0,1,0.07163842128,6.039876782,10.75950102,1.080768,0.525435,1.606203,45668,returned
blocker_removed,4,smac2d,20260913,-1.375,2.975,4.425,2.325,1,1,0,0,0.04608186131,5.946393383,1.909572526,1.080768,1.124766,2.205534,45668,returned
blocker_removed,4,tdt_astar,20260913,-1.375,2.975,4.425,2.325,1,1,0,1,0.1851490968,6.090207476,1.581107427,1.080768,3.337738,4.418506,45668,validated A*
blocker_removed,4,tdt_qp,20260913,-1.375,2.975,4.425,2.325,1,1,1,1,0.1856561265,6.047172242,0.9204614736,1.080768,4.180967,5.261735,45668,validated minimum-jerk polyline
blocker_removed,5,smac2d,20260913,-0.725,3.125,5.425,2.225,1,1,0,1,0.05812163029,6.397422968,1.910197664,1.080768,3.224863,4.305631,45668,returned
blocker_removed,5,tdt_astar,20260913,-0.725,3.125,5.425,2.225,1,1,0,1,0.2234213439,6.502317235,0.7759642662,1.080768,4.638599,5.719367,45668,validated A*
blocker_removed,5,tdt_qp,20260913,-0.725,3.125,5.425,2.225,1,1,1,1,0.08942489296,6.278687373,0.5138977469,1.080768,4.481159,5.561927,45668,validated minimum-jerk polyline
blocker_removed,5,navfn,20260913,-0.725,3.125,5.425,2.225,1,1,0,1,0.07163842128,6.427530411,9.555263561,1.080768,0.881194,1.961962,45668,returned
blocker_removed,6,tdt_astar,20260913,-1.825,2.975,4.775,2.875,1,1,0,1,0.2081218452,7.13847785,3.14159388,1.080768,3.708852,4.78962,45668,validated A*
blocker_removed,6,tdt_qp,20260913,-1.825,2.975,4.775,2.875,1,1,1,1,0.2322285376,6.989653796,1.783414944,1.080768,4.698448,5.779216,45668,validated minimum-jerk polyline
blocker_removed,6,navfn,20260913,-1.825,2.975,4.775,2.875,1,1,0,1,0.07163842128,6.821536434,11.47265142,1.080768,0.573193,1.653961,45668,returned
blocker_removed,6,smac2d,20260913,-1.825,2.975,4.775,2.875,1,1,0,1,0.05798848237,6.822108583,2.027209901,1.080768,1.793385,2.874153,45668,returned
blocker_removed,7,tdt_qp,20260913,-0.975,1.775,4.825,1.975,1,1,1,1,0.2042889066,6.104181145,2.134312079,1.080768,4.299967,5.380735,45668,validated minimum-jerk polyline
blocker_removed,7,navfn,20260913,-0.975,1.775,4.825,1.975,1,1,0,0,0.02556483066,6.029471546,9.133433547,1.080768,1.421984,2.502752,45668,returned
blocker_removed,7,smac2d,20260913,-0.975,1.775,4.825,1.975,1,1,0,1,0.05812185957,5.870367661,1.400827125,1.080768,1.912649,2.993417,45668,returned
blocker_removed,7,tdt_astar,20260913,-0.975,1.775,4.825,1.975,1,1,0,1,0.2081220836,6.089949553,2.356194172,1.080768,4.422539,5.503307,45668,validated A*
blocker_removed,8,navfn,20260913,-1.625,2.975,4.225,1.775,1,1,0,1,0.1304493147,6.059994477,4.282617499,1.080768,0.939443,2.020211,45668,returned
blocker_removed,8,smac2d,20260913,-1.625,2.975,4.225,1.775,1,1,0,1,0.2081219442,6.162886635,1.967991982,1.080768,2.31701,3.397778,45668,returned
blocker_removed,8,tdt_astar,20260913,-1.625,2.975,4.225,1.775,1,1,0,1,0.2081220836,6.347056573,2.356195921,1.080768,3.789487,4.870255,45668,validated A*
blocker_removed,8,tdt_qp,20260913,-1.625,2.975,4.225,1.775,1,1,1,1,0.1868190739,5.971808771,0.0001650783104,1.080768,3.770287,4.851055,45668,validated minimum-jerk polyline
blocker_removed,9,smac2d,20260913,-0.475,2.275,4.575,2.725,1,1,0,1,0.1081829394,5.114317604,1.084617199,1.080768,1.123149,2.203917,45668,returned
blocker_removed,9,tdt_astar,20260913,-0.475,2.275,4.575,2.725,1,1,0,1,0.2081218924,5.210633481,0.6857294708,1.080768,2.872651,3.953419,45668,validated A*
blocker_removed,9,tdt_qp,20260913,-0.475,2.275,4.575,2.725,1,1,0,1,0.2081218924,5.210633481,0.6857294708,1.080768,3.192588,4.273356,45668,validated A* fallback: optimizer geometry rejected
blocker_removed,9,navfn,20260913,-0.475,2.275,4.575,2.725,1,1,0,1,0.1422006162,5.096032651,4.584330835,1.080768,0.642833,1.723601,45668,returned
blocker_removed,10,tdt_astar,20260913,-0.825,2.075,4.525,1.975,1,1,0,1,0.2081220836,5.483831254,1.343998054,1.080768,5.863082,6.94385,45668,validated A*
blocker_removed,10,tdt_qp,20260913,-0.825,2.075,4.525,1.975,1,1,1,1,0.2079575884,5.533919458,2.058016305,1.080768,6.694911,7.775679,45668,validated minimum-jerk polyline
blocker_removed,10,navfn,20260913,-0.825,2.075,4.525,1.975,1,1,0,1,0.08312194057,5.40680053,2.479012526,1.080768,0.793484,1.874252,45668,returned
blocker_removed,10,smac2d,20260913,-0.825,2.075,4.525,1.975,1,1,0,1,0.05812194057,5.362133269,0.3372907457,1.080768,0.845849,1.926617,45668,returned
blocker_removed,11,tdt_qp,20260913,-0.725,1.925,3.825,2.175,1,1,1,1,0.04334113505,4.556862956,6.454285574e-05,1.080768,3.342951,4.423719,45668,validated minimum-jerk polyline
blocker_removed,11,navfn,20260913,-0.725,1.925,3.825,2.175,1,1,0,0,0.02556483066,4.61864138,5.812057849,1.080768,0.488358,1.569126,45668,returned
blocker_removed,11,smac2d,20260913,-0.725,1.925,3.825,2.175,1,1,0,1,0.05812006232,4.578164606,0.9530918983,1.080768,0.723364,1.804132,45668,returned
blocker_removed,11,tdt_astar,20260913,-0.725,1.925,3.825,2.175,1,1,0,1,0.1819006415,4.674558265,0.7971625193,1.080768,2.750181,3.830949,45668,validated A*
blocker_removed,12,navfn,20260913,-1.775,1.775,5.125,1.775,1,1,0,0,0.02556483066,7.110364215,8.812421035,1.080768,0.604397,1.685165,45668,returned
blocker_removed,12,smac2d,20260913,-1.775,1.775,5.125,1.775,1,1,0,1,0.05812194057,7.013181365,1.494651625,1.080768,1.609449,2.690217,45668,returned
blocker_removed,12,tdt_astar,20260913,-1.775,1.775,5.125,1.775,1,1,0,1,0.2081220836,7.272792176,3.141591858,1.080768,5.276156,6.356924,45668,validated A*
blocker_removed,12,tdt_qp,20260913,-1.775,1.775,5.125,1.775,1,1,1,1,0.2081320972,7.095314765,1.367653894,1.080768,6.617271,7.698039,45668,validated minimum-jerk polyline
blocker_removed,13,smac2d,20260913,-0.575,2.275,5.275,2.375,1,1,0,1,0.2081219406,5.861781886,0.3192715673,1.080768,0.89269,1.973458,45668,returned
blocker_removed,13,tdt_astar,20260913,-0.575,2.275,5.275,2.375,1,1,0,1,0.1674309825,5.850854638,4.834008194e-12,1.080768,5.65191,6.732678,45668,validated A*
blocker_removed,13,tdt_qp,20260913,-0.575,2.275,5.275,2.375,1,1,1,1,0.1674309395,5.850854638,5.681273274e-06,1.080768,3.945039,5.025807,45668,validated minimum-jerk polyline
blocker_removed,13,navfn,20260913,-0.575,2.275,5.275,2.375,1,1,0,1,0.1831234664,5.836721223,0.9003530045,1.080768,0.626434,1.707202,45668,returned
blocker_removed,14,tdt_astar,20260913,-0.925,2.275,4.875,2.175,1,1,0,1,0.211038429,5.800862005,2.447129305e-12,1.080768,3.285662,4.36643,45668,validated A*
blocker_removed,14,tdt_qp,20260913,-0.925,2.275,4.875,2.175,1,1,1,1,0.2110383485,5.800862005,3.010867468e-06,1.080768,3.276996,4.357764,45668,validated minimum-jerk polyline
blocker_removed,14,navfn,20260913,-0.925,2.275,4.875,2.175,1,1,0,1,0.1846740725,5.856757571,2.461208946,1.080768,0.569094,1.649862,45668,returned
blocker_removed,14,smac2d,20260913,-0.925,2.275,4.875,2.175,1,1,0,1,0.2081219406,5.811781886,0.3192715673,1.080768,0.800059,1.880827,45668,returned
blocker_removed,15,tdt_qp,20260913,-1.325,2.825,4.525,2.425,1,1,1,1,0.2011374117,6.040423683,0.9611529712,1.080768,6.767895,7.848663,45668,validated minimum-jerk polyline
blocker_removed,15,navfn,20260913,-1.325,2.825,4.525,2.425,1,1,0,1,0.07163842128,5.993904319,8.600707367,1.080768,1.311694,2.392462,45668,returned
blocker_removed,15,smac2d,20260913,-1.325,2.825,4.525,2.425,1,1,0,0,0.04608186098,5.927481977,1.394070309,1.080768,1.55899,2.639758,45668,returned
blocker_removed,15,tdt_astar,20260913,-1.325,2.825,4.525,2.425,1,1,0,1,0.2081218452,6.105017762,1.929568366,1.080768,5.020682,6.10145,45668,validated A*
blocker_removed,16,navfn,20260913,-0.875,2.575,5.325,2.075,1,1,0,1,0.07163842128,6.378068016,9.668108933,1.080768,0.707224,1.787992,45668,returned
blocker_removed,16,smac2d,20260913,-0.875,2.575,5.325,2.075,1,1,0,1,0.2081216358,6.291576039,1.468807189,1.080768,1.314445,2.395213,45668,returned
blocker_removed,16,tdt_astar,20260913,-0.875,2.575,5.325,2.075,1,1,0,1,0.2081218452,6.407106608,2.356192774,1.080768,3.398442,4.47921,45668,validated A*
blocker_removed,16,tdt_qp,20260913,-0.875,2.575,5.325,2.075,1,1,1,1,0.1179153217,6.220128616,0.0002140801658,1.080768,3.685186,4.765954,45668,validated minimum-jerk polyline
blocker_removed,17,smac2d,20260913,-0.375,2.325,4.925,1.825,1,1,0,1,0.2083269041,5.374724695,1.10974459,1.080768,1.188603,2.269371,45668,returned
blocker_removed,17,tdt_astar,20260913,-0.375,2.325,4.925,1.825,1,1,0,1,0.1822277125,5.486680134,1.559432566,1.080768,2.917582,3.99835,45668,validated A*
blocker_removed,17,tdt_qp,20260913,-0.375,2.325,4.925,1.825,1,1,1,1,0.1131500376,5.323635978,0.02298354093,1.080768,5.233144,6.313912,45668,validated minimum-jerk polyline
blocker_removed,17,navfn,20260913,-0.375,2.325,4.925,1.825,1,1,0,1,0.1451868799,5.416796184,3.045202002,1.080768,0.742752,1.82352,45668,returned
blocker_removed,18,tdt_astar,20260913,-1.475,1.925,5.125,2.075,1,1,0,1,0.2081220836,6.786396123,3.14159228,1.080768,7.037799,8.118567,45668,validated A*
blocker_removed,18,tdt_qp,20260913,-1.475,1.925,5.125,2.075,1,1,1,1,0.207828185,6.669629306,0.9003696423,1.080768,5.15109,6.231858,45668,validated minimum-jerk polyline
blocker_removed,18,navfn,20260913,-1.475,1.925,5.125,2.075,1,1,0,0,0.02556483066,6.639331437,6.224315724,1.080768,0.589788,1.670556,45668,returned
blocker_removed,18,smac2d,20260913,-1.475,1.925,5.125,2.075,1,1,0,0,0.04608186115,6.609369583,0.6579438323,1.080768,0.965415,2.046183,45668,returned
blocker_removed,19,tdt_qp,20260913,-1.775,2.375,4.925,1.475,1,1,1,1,0.1770867259,6.799065405,0.3943481761,1.080768,4.067898,5.148666,45668,validated minimum-jerk polyline
blocker_removed,19,navfn,20260913,-1.775,2.375,4.925,1.475,1,1,0,1,0.1532658598,6.868120348,4.065194806,1.080768,0.743681,1.824449,45668,returned
blocker_removed,19,smac2d,20260913,-1.775,2.375,4.925,1.475,1,1,0,1,0.05812194056,6.877760615,1.561085788,1.080768,2.09998,3.180748,45668,returned
blocker_removed,19,tdt_astar,20260913,-1.775,2.375,4.925,1.475,1,1,0,1,0.2081220836,7.072792077,3.141590492,1.080768,7.208586,8.289354,45668,validated A*
blocker_removed,20,navfn,20260913,-1.625,2.825,5.225,1.775,1,1,0,1,0.07163842128,7.0608869,8.87280973,1.080768,1.204057,2.284825,45668,returned
blocker_removed,20,smac2d,20260913,-1.625,2.825,5.225,1.775,1,1,0,1,0.1081219406,7.129254676,1.923465084,1.080768,2.24731,3.328078,45668,returned
blocker_removed,20,tdt_astar,20260913,-1.625,2.825,5.225,1.775,1,1,0,1,0.2081218452,7.284924389,3.141593471,1.080768,5.976659,7.057427,45668,validated A*
blocker_removed,20,tdt_qp,20260913,-1.625,2.825,5.225,1.775,1,1,1,1,0.1680425166,6.930007215,0.000292961073,1.080768,4.310644,5.391412,45668,validated minimum-jerk polyline
blocker_removed,21,smac2d,20260913,-0.375,2.575,4.475,1.525,1,1,0,1,0.05815944129,5.083685958,2.02415987,1.080768,1.362317,2.443085,45668,returned
blocker_removed,21,tdt_astar,20260913,-0.375,2.575,4.475,1.525,1,1,0,1,0.2081218452,5.284924296,1.570796168,1.080768,3.034305,4.115073,45668,validated A*
blocker_removed,21,tdt_qp,20260913,-0.375,2.575,4.475,1.525,1,1,1,1,0.09176964261,5.005925207,0.4801556046,1.080768,3.40428,4.485048,45668,validated minimum-jerk polyline
blocker_removed,21,navfn,20260913,-0.375,2.575,4.475,1.525,1,1,0,1,0.1827804731,5.031987199,3.949162218,1.080768,0.832756,1.913524,45668,returned
blocker_removed,22,tdt_astar,20260913,-1.175,2.975,4.625,1.475,1,1,0,1,0.2081220836,6.42132033,1.570796295,1.080768,6.877286,7.958054,45668,validated A*
blocker_removed,22,tdt_qp,20260913,-1.175,2.975,4.625,1.475,1,1,1,1,0.1977300757,6.034287245,0.8099510328,1.080768,6.231799,7.312567,45668,validated minimum-jerk polyline
blocker_removed,22,navfn,20260913,-1.175,2.975,4.625,1.475,1,1,0,1,0.141849985,6.069143594,5.472072435,1.080768,0.752037,1.832805,45668,returned
blocker_removed,22,smac2d,20260913,-1.175,2.975,4.625,1.475,1,1,0,1,0.2081221178,6.177113316,2.005982398,1.080768,1.941446,3.022214,45668,returned
blocker_removed,23,tdt_qp,20260913,-1.975,2.775,4.475,1.275,1,1,1,1,0.1756574162,7.037287529,1.843572588,1.080768,4.716986,5.797754,45668,validated minimum-jerk polyline
blocker_removed,23,navfn,20260913,-1.975,2.775,4.475,1.275,1,1,0,1,0.1353869928,6.713090089,5.120910612,1.080768,0.579274,1.660042,45668,returned
blocker_removed,23,smac2d,20260913,-1.975,2.775,4.475,1.275,1,1,0,1,0.05811958383,6.827113316,2.005983,1.080768,2.058483,3.139251,45668,returned
blocker_removed,23,tdt_astar,20260913,-1.975,2.775,4.475,1.275,1,1,0,1,0.2081220836,7.071320453,2.356194716,1.080768,3.8289,4.909668,45668,validated A*
blocker_removed,24,navfn,20260913,-1.425,2.925,5.225,1.575,1,1,0,1,0.07163842128,6.906670349,8.855746572,1.080768,1.027247,2.108015,45668,returned
blocker_removed,24,smac2d,20260913,-1.425,2.925,5.225,1.575,1,1,0,1,0.2081219406,6.994290835,1.972554617,1.080768,4.074683,5.155451,45668,returned
blocker_removed,24,tdt_astar,20260913,-1.425,2.925,5.225,1.575,1,1,0,1,0.2081220836,7.209188438,3.141593557,1.080768,7.559902,8.64067,45668,validated A*
blocker_removed,24,tdt_qp,20260913,-1.425,2.925,5.225,1.575,1,1,1,1,0.2120564608,6.785863719,0.03000909126,1.080768,6.373324,7.454092,45668,validated minimum-jerk polyline
blocker_removed,25,smac2d,20260913,-0.425,1.625,4.275,3.225,1,1,0,1,0.1080205906,5.108177941,2.017814582,1.080768,1.582183,2.662951,45668,returned
blocker_removed,25,tdt_astar,20260913,-0.425,1.625,4.275,3.225,1,1,0,1,0.2081218452,5.362741742,1.570796391,1.080768,3.103863,4.184631,45668,validated A*
blocker_removed,25,tdt_qp,20260913,-0.425,1.625,4.275,3.225,1,1,1,1,0.2079046064,4.994545273,0.6283205671,1.080768,3.469889,4.550657,45668,validated minimum-jerk polyline
blocker_removed,25,navfn,20260913,-0.425,1.625,4.275,3.225,1,1,0,1,0.1802170768,4.982550983,9.310932394,1.080768,0.683118,1.763886,45668,returned
blocker_removed,26,tdt_astar,20260913,-1.425,3.025,4.725,3.175,1,1,0,1,0.2081218452,6.833452394,2.356194978,1.080768,7.69838,8.779148,45668,validated A*
blocker_removed,26,tdt_qp,20260913,-1.425,3.025,4.725,3.175,1,1,1,1,0.1786974487,6.44074998,1.06626538,1.080768,5.568711,6.649479,45668,validated minimum-jerk polyline
blocker_removed,26,navfn,20260913,-1.425,3.025,4.725,3.175,1,1,0,1,0.07163842128,6.445894968,13.37007295,1.080768,0.904199,1.984967,45668,returned
blocker_removed,26,smac2d,20260913,-1.425,3.025,4.725,3.175,1,1,0,0,0.04608185782,6.45777856,2.139882383,1.080768,2.040917,3.121685,45668,returned
blocker_removed,27,tdt_qp,20260913,-1.275,2.775,5.475,1.375,1,1,1,1,0.2054031617,6.899420273,0.147489414,1.080768,4.43271,5.513478,45668,validated minimum-jerk polyline
blocker_removed,27,navfn,20260913,-1.275,2.775,5.475,1.375,1,1,0,1,0.192163036,6.92632816,4.312332496,1.080768,0.680343,1.761111,45668,returned
blocker_removed,27,smac2d,20260913,-1.275,2.775,5.475,1.375,1,1,0,1,0.05812194066,7.105545216,1.973905588,1.080768,2.214508,3.295276,45668,returned
blocker_removed,27,tdt_astar,20260913,-1.275,2.775,5.475,1.375,1,1,0,1,0.2081220836,7.329898788,3.141592156,1.080768,4.650725,5.731493,45668,validated A*
blocker_removed,28,navfn,20260913,-0.625,1.525,4.625,1.575,1,1,0,0,0.02556483066,5.504836121,10.49471293,1.080768,1.035166,2.115934,45668,returned
blocker_removed,28,smac2d,20260913,-0.625,1.525,4.625,1.575,1,1,0,1,0.05812079416,5.501710169,1.869866839,1.080768,3.881539,4.962307,45668,returned
blocker_removed,28,tdt_astar,20260913,-0.625,1.525,4.625,1.575,1,1,0,1,0.2081220836,5.795198388,1.533776525,1.080768,5.54362,6.624388,45668,validated A*
blocker_removed,28,tdt_qp,20260913,-0.625,1.525,4.625,1.575,1,1,1,1,0.08628397863,5.413794816,0.9164768778,1.080768,6.103565,7.184333,45668,validated minimum-jerk polyline
blocker_removed,29,smac2d,20260913,-1.875,3.075,4.025,1.725,1,1,0,1,0.1081287673,6.27495318,2.150378432,1.080768,1.802482,2.88325,45668,returned
blocker_removed,29,tdt_astar,20260913,-1.875,3.075,4.025,1.725,1,1,0,1,0.2081220836,6.459188498,2.356195169,1.080768,3.56305,4.643818,45668,validated A*
blocker_removed,29,tdt_qp,20260913,-1.875,3.075,4.025,1.725,1,1,1,1,0.199997267,6.052478831,0.0002358132952,1.080768,4.265371,5.346139,45668,validated minimum-jerk polyline
blocker_removed,29,navfn,20260913,-1.875,3.075,4.025,1.725,1,1,0,1,0.1942005077,6.124676568,4.441352891,1.080768,0.618503,1.699271,45668,returned
blocker_removed,30,tdt_astar,20260913,-1.425,1.775,4.025,2.125,1,1,0,1,0.1568724825,5.637494894,1.592770631,1.080768,5.397687,6.478455,45668,validated A*
blocker_removed,30,tdt_qp,20260913,-1.425,1.775,4.025,2.125,1,1,1,1,0.2066368951,5.577072835,0.6829115945,1.080768,5.227189,6.307957,45668,validated minimum-jerk polyline
blocker_removed,30,navfn,20260913,-1.425,1.775,4.025,2.125,1,1,0,1,0.07126213946,5.477207598,3.951776418,1.080768,0.879315,1.960083,45668,returned
blocker_removed,30,smac2d,20260913,-1.425,1.775,4.025,2.125,1,1,0,1,0.0581219404,5.511704157,1.261330787,1.080768,1.100179,2.180947,45668,returned
blocker_removed,31,tdt_qp,20260913,-0.875,1.925,5.475,1.425,1,1,1,1,0.2208993933,6.586987221,0.8344793897,1.080768,5.915528,6.996296,45668,validated minimum-jerk polyline
blocker_removed,31,navfn,20260913,-0.875,1.925,5.475,1.425,1,1,0,0,0.02556483066,6.457047276,6.192631479,1.080768,0.640269,1.721037,45668,returned
blocker_removed,31,smac2d,20260913,-0.875,1.925,5.475,1.425,1,1,0,1,0.05812167248,6.496907,1.153539586,1.080768,1.526923,2.607691,45668,returned
blocker_removed,31,tdt_astar,20260913,-0.875,1.925,5.475,1.425,1,1,0,1,0.2081220836,6.805634874,2.356193874,1.080768,3.976371,5.057139,45668,validated A*
blocker_removed,32,navfn,20260913,-0.525,1.375,5.175,2.775,1,1,0,1,0.1532476134,5.937981913,6.577683632,1.080768,0.688213,1.768981,45668,returned
blocker_removed,32,smac2d,20260913,-0.525,1.375,5.175,2.775,1,1,0,1,0.2077147611,6.086203971,2.12978741,1.080768,1.631246,2.712014,45668,returned
blocker_removed,32,tdt_astar,20260913,-0.525,1.375,5.175,2.775,1,1,0,1,0.2081220836,6.279899125,2.356195126,1.080768,3.8798,4.960568,45668,validated A*
blocker_removed,32,tdt_qp,20260913,-0.525,1.375,5.175,2.775,1,1,0,1,0.2081220836,6.279899125,2.356195126,1.080768,5.991944,7.072712,45668,validated A* fallback: optimizer geometry rejected
blocker_removed,33,smac2d,20260913,-0.275,2.075,4.425,2.625,1,1,0,1,0.1084109537,4.803173807,1.492736359,1.080768,1.400021,2.480789,45668,returned
blocker_removed,33,tdt_astar,20260913,-0.275,2.075,4.425,2.625,1,1,0,1,0.2081220836,4.927817417,1.570795949,1.080768,4.291825,5.372593,45668,validated A*
blocker_removed,33,tdt_qp,20260913,-0.275,2.075,4.425,2.625,1,1,1,1,0.161023838,4.732071428,0.0002092262179,1.080768,3.269567,4.350335,45668,validated minimum-jerk polyline
blocker_removed,33,navfn,20260913,-0.275,2.075,4.425,2.625,1,1,0,1,0.1473619443,4.746307116,4.420862557,1.080768,0.601452,1.68222,45668,returned
blocker_removed,34,tdt_astar,20260913,-0.625,2.975,5.125,2.575,1,1,0,1,0.2081218452,6.1642137,2.356196359,1.080768,3.287567,4.368335,45668,validated A*
blocker_removed,34,tdt_qp,20260913,-0.625,2.975,5.125,2.575,1,1,1,1,0.08702086467,5.848279354,0.6384140085,1.080768,4.555444,5.636212,45668,validated minimum-jerk polyline
blocker_removed,34,navfn,20260913,-0.625,2.975,5.125,2.575,1,1,0,1,0.07163842128,5.929568425,8.696290397,1.080768,0.745177,1.825945,45668,returned
blocker_removed,34,smac2d,20260913,-0.625,2.975,5.125,2.575,1,1,0,1,0.05812079418,5.925188407,1.808078627,1.080768,1.20351,2.284278,45668,returned
blocker_removed,35,tdt_qp,20260913,-0.275,2.775,3.975,2.775,1,1,1,1,0.2304077358,4.689183837,2.359852711,1.080768,4.948735,6.029503,45668,validated minimum-jerk polyline
blocker_removed,35,navfn,20260913,-0.275,2.775,3.975,2.775,1,1,0,1,0.07163842128,4.443225777,10.02323323,1.080768,0.973699,2.054467,45668,returned
blocker_removed,35,smac2d,20260913,-0.275,2.775,3.975,2.775,1,1,0,1,0.05782319036,4.390938446,1.623931975,1.080768,1.325277,2.406045,45668,returned
blocker_removed,35,tdt_astar,20260913,-0.275,2.775,3.975,2.775,1,1,0,1,0.2081218452,4.664213497,1.570796374,1.080768,6.658446,7.739214,45668,validated A*
blocker_removed,36,navfn,20260913,-1.475,2.475,4.525,2.075,1,1,0,1,0.07163842128,6.125079837,7.147728227,1.080768,0.894021,1.974789,45668,returned
blocker_removed,36,smac2d,20260913,-1.475,2.475,4.525,2.075,1,1,0,1,0.1581219406,6.070367661,1.400827125,1.080768,1.635513,2.716281,45668,returned
blocker_removed,36,tdt_astar,20260913,-1.475,2.475,4.525,2.075,1,1,0,1,0.2081218452,6.130056539,2.034445905,1.080768,3.424228,4.504996,45668,validated A*
blocker_removed,36,tdt_qp,20260913,-1.475,2.475,4.525,2.075,1,1,1,1,0.2216473995,6.013318553,0.0002814978141,1.080768,4.255942,5.33671,45668,validated minimum-jerk polyline
blocker_removed,37,smac2d,20260913,-1.675,2.475,4.475,3.175,1,1,0,0,0.04608175302,6.305074484,0.7468768066,1.080768,1.970913,3.051681,45668,returned
blocker_removed,37,tdt_astar,20260913,-1.675,2.475,4.475,3.175,1,1,0,1,0.2081218452,6.605635123,2.356196237,1.080768,5.663374,6.744142,45668,validated A*
blocker_removed,37,tdt_qp,20260913,-1.675,2.475,4.475,3.175,1,1,1,1,0.1754259933,6.383815403,0.8857694936,1.080768,4.54662,5.627388,45668,validated minimum-jerk polyline
blocker_removed,37,navfn,20260913,-1.675,2.475,4.475,3.175,1,1,0,1,0.07163842128,6.311617329,9.05964532,1.080768,0.879714,1.960482,45668,returned
blocker_removed,38,tdt_astar,20260913,-1.225,2.125,4.975,2.575,1,1,0,1,0.2081218452,6.386396193,3.141592601,1.080768,4.76255,5.843318,45668,validated A*
blocker_removed,38,tdt_qp,20260913,-1.225,2.125,4.975,2.575,1,1,1,1,0.1372803062,6.216309264,0.0008219955208,1.080768,4.066248,5.147016,45668,validated minimum-jerk polyline
blocker_removed,38,navfn,20260913,-1.225,2.125,4.975,2.575,1,1,0,1,0.1587276351,6.309906668,5.118883575,1.080768,0.595093,1.675861,45668,returned
blocker_removed,38,smac2d,20260913,-1.225,2.125,4.975,2.575,1,1,0,1,0.05812194196,6.280409242,1.441696352,1.080768,1.35796,2.438728,45668,returned
blocker_removed,39,tdt_qp,20260913,-1.425,2.375,4.875,1.275,1,1,1,1,0.1982294666,6.766146976,1.532525948,1.080768,5.053574,6.134342,45668,validated minimum-jerk polyline
blocker_removed,39,navfn,20260913,-1.425,2.375,4.875,1.275,1,1,0,1,0.1076339306,6.496821948,4.316485906,1.080768,0.644251,1.725019,45668,returned
blocker_removed,39,smac2d,20260913,-1.425,2.375,4.875,1.275,1,1,0,1,0.05812192821,6.52147452,1.598364278,1.080768,2.600084,3.680852,45668,returned
blocker_removed,39,tdt_astar,20260913,-1.425,2.375,4.875,1.275,1,1,0,1,0.2081220836,6.728112301,2.306234715,1.080768,5.089425,6.170193,45668,validated A*
blocker_removed,40,navfn,20260913,-1.475,2.525,5.225,1.875,1,1,0,1,0.07395463189,6.842452207,6.231920506,1.080768,0.867886,1.948654,45668,returned
blocker_removed,40,smac2d,20260913,-1.475,2.525,5.225,1.875,1,1,0,1,0.2081219406,6.823608039,1.496672358,1.080768,1.84997,2.930738,45668,returned
blocker_removed,40,tdt_astar,20260913,-1.475,2.525,5.225,1.875,1,1,0,1,0.2081220836,6.969238756,3.141592515,1.080768,5.146034,6.226802,45668,validated A*
blocker_removed,40,tdt_qp,20260913,-1.475,2.525,5.225,1.875,1,1,1,1,0.1873229551,6.731456009,0.0003810759827,1.080768,4.2146,5.295368,45668,validated minimum-jerk polyline
blocker_removed,41,smac2d,20260913,-0.975,3.125,5.175,1.975,1,1,0,1,0.1846236219,6.482248825,2.112831379,1.080768,1.608802,2.68957,45668,returned
blocker_removed,41,tdt_astar,20260913,-0.975,3.125,5.175,1.975,1,1,0,1,0.2081218452,6.62634551,2.35619491,1.080768,3.741884,4.822652,45668,validated A*
blocker_removed,41,tdt_qp,20260913,-0.975,3.125,5.175,1.975,1,1,1,1,0.06074027801,6.373381718,0.7006417036,1.080768,4.110271,5.191039,45668,validated minimum-jerk polyline
blocker_removed,41,navfn,20260913,-0.975,3.125,5.175,1.975,1,1,0,1,0.07395463189,6.509921737,8.304384984,1.080768,0.623797,1.704565,45668,returned
blocker_removed,42,tdt_astar,20260913,-1.325,1.775,4.675,1.275,1,1,0,1,0.2081220836,6.57989922,2.356194494,1.080768,4.782948,5.863716,45668,validated A*
blocker_removed,42,tdt_qp,20260913,-1.325,1.775,4.675,1.275,1,1,1,1,0.1089264324,6.350776144,1.122906959,1.080768,5.993797,7.074565,45668,validated minimum-jerk polyline
blocker_removed,42,navfn,20260913,-1.325,1.775,4.675,1.275,1,1,0,0,0.02556483066,6.286885107,9.950107964,1.080768,0.989548,2.070316,45668,returned
blocker_removed,42,smac2d,20260913,-1.325,1.775,4.675,1.275,1,1,0,1,0.05812176226,6.22147452,1.598364337,1.080768,2.170615,3.251383,45668,returned
blocker_removed,43,tdt_qp,20260913,-0.825,1.625,3.825,1.975,1,1,1,1,0.2090805064,5.063840897,2.526692888,1.080768,3.738615,4.819383,45668,validated minimum-jerk polyline
blocker_removed,43,navfn,20260913,-0.825,1.625,3.825,1.975,1,1,0,0,0.02556483066,4.848748414,9.656539827,1.080768,0.483252,1.56402,45668,returned
blocker_removed,43,smac2d,20260913,-0.825,1.625,3.825,1.975,1,1,0,0,0.04608028558,4.75601121,1.749515299,1.080768,0.93398,2.014748,45668,returned
blocker_removed,43,tdt_astar,20260913,-0.825,1.625,3.825,1.975,1,1,0,1,0.2081220836,5.002081786,1.570797225,1.080768,3.245108,4.325876,45668,validated A*
blocker_removed,44,navfn,20260913,-1.775,1.725,5.425,3.225,1,1,0,1,0.1462574967,7.416714623,9.861249228,1.080768,0.791605,1.872373,45668,returned
blocker_removed,44,smac2d,20260913,-1.775,1.725,5.425,3.225,1,1,0,1,0.05812194056,7.577121156,2.025157063,1.080768,3.105937,4.186705,45668,returned
blocker_removed,44,tdt_astar,20260913,-1.775,1.725,5.425,3.225,1,1,0,1,0.2081218452,7.821320722,3.141594054,1.080768,6.331491,7.412259,45668,validated A*
blocker_removed,44,tdt_qp,20260913,-1.775,1.725,5.425,3.225,1,1,1,1,0.1970541561,7.36889732,0.2262195198,1.080768,5.01058,6.091348,45668,validated minimum-jerk polyline
blocker_removed,45,smac2d,20260913,-1.325,1.925,4.425,3.025,1,1,0,1,0.2081242961,5.97147452,1.598362043,1.080768,2.737336,3.818104,45668,returned
blocker_removed,45,tdt_astar,20260913,-1.325,1.925,4.425,3.025,1,1,0,1,0.2081218452,6.205634798,2.356193396,1.080768,3.571265,4.652033,45668,validated A*
blocker_removed,45,tdt_qp,20260913,-1.325,1.925,4.425,3.025,1,1,1,1,0.1368564793,5.912129099,0.5232489296,1.080768,3.838478,4.919246,45668,validated minimum-jerk polyline
blocker_removed,45,navfn,20260913,-1.325,1.925,4.425,3.025,1,1,0,1,0.1453386542,5.89630108,8.203315121,1.080768,0.560817,1.641585,45668,returned
blocker_removed,46,tdt_astar,20260913,-1.075,1.775,4.875,2.125,1,1,0,1,0.1649581374,6.111559428,0.7042459683,1.080768,3.632322,4.71309,45668,validated A*
blocker_removed,46,tdt_qp,20260913,-1.075,1.775,4.875,2.125,1,1,1,1,0.1220569477,6.187005258,1.143617328,1.080768,3.938768,5.019536,45668,validated minimum-jerk polyline
blocker_removed,46,navfn,20260913,-1.075,1.775,4.875,2.125,1,1,0,1,0.06977434916,5.977207163,3.952520433,1.080768,0.791239,1.872007,45668,returned
blocker_removed,46,smac2d,20260913,-1.075,1.775,4.875,2.125,1,1,0,1,0.05812191939,6.011704157,1.261330787,1.080768,1.841886,2.922654,45668,returned
blocker_removed,47,tdt_qp,20260913,-0.475,1.625,4.525,3.125,1,1,1,1,0.1252092703,5.250271641,0.5874519601,1.080768,5.071566,6.152334,45668,validated minimum-jerk polyline
blocker_removed,47,navfn,20260913,-0.475,1.625,4.525,3.125,1,1,0,1,0.2131333118,5.247183097,7.864290865,1.080768,1.191568,2.272336,45668,returned
blocker_removed,47,smac2d,20260913,-0.475,1.625,4.525,3.125,1,1,0,1,0.1581248447,5.377121157,2.025044601,1.080768,2.494795,3.575563,45668,returned
blocker_removed,47,tdt_astar,20260913,-0.475,1.625,4.525,3.125,1,1,0,1,0.2081220836,5.621320274,1.570796168,1.080768,3.227694,4.308462,45668,validated A*
blocker_removed,48,navfn,20260913,-0.375,1.725,4.025,2.825,1,1,0,1,0.1545540705,4.561082979,8.880859054,1.080768,0.559366,1.640134,45668,returned
blocker_removed,48,smac2d,20260913,-0.375,1.725,4.025,2.825,1,1,0,1,0.0581365877,4.690127324,1.947739235,1.080768,1.240414,2.321182,45668,returned
blocker_removed,48,tdt_astar,20260913,-0.375,1.725,4.025,2.825,1,1,0,1,0.2081220836,4.855634905,1.570796271,1.080768,2.773192,3.85396,45668,validated A*
blocker_removed,48,tdt_qp,20260913,-0.375,1.725,4.025,2.825,1,1,1,1,0.1940317823,4.535416188,0.0001422532356,1.080768,3.353866,4.434634,45668,validated minimum-jerk polyline
blocker_removed,49,smac2d,20260913,-1.775,1.775,4.225,2.525,1,1,0,1,0.1582541538,6.168153436,2.010169506,1.080768,1.539506,2.620274,45668,returned
blocker_removed,49,tdt_astar,20260913,-1.775,1.775,4.225,2.525,1,1,0,1,0.2081218452,6.310660216,2.356194935,1.080768,3.863436,4.944204,45668,validated A*
blocker_removed,49,tdt_qp,20260913,-1.775,1.775,4.225,2.525,1,1,1,1,0.1936002041,6.046693311,0.0003036257232,1.080768,5.087197,6.167965,45668,validated minimum-jerk polyline
blocker_removed,49,navfn,20260913,-1.775,1.775,4.225,2.525,1,1,0,1,0.1540681663,6.094983961,4.353608845,1.080768,0.963093,2.043861,45668,returned
blocker_removed,50,tdt_astar,20260913,-1.225,1.525,5.475,1.975,1,1,0,1,0.2081220836,7.066568054,2.289626268,1.080768,6.671236,7.752004,45668,validated A*
blocker_removed,50,tdt_qp,20260913,-1.225,1.525,5.475,1.975,1,1,1,1,0.1932427902,6.849379214,0.7360597171,1.080768,4.160982,5.24175,45668,validated minimum-jerk polyline
blocker_removed,50,navfn,20260913,-1.225,1.525,5.475,1.975,1,1,0,0,0.02556483066,6.913574519,8.446414026,1.080768,0.640363,1.721131,45668,returned
blocker_removed,50,smac2d,20260913,-1.225,1.525,5.475,1.975,1,1,0,1,0.05812194022,6.864493079,1.731941988,1.080768,1.345552,2.42632,45668,returned
blocker_removed,51,tdt_qp,20260913,-1.475,3.025,3.775,1.525,1,1,1,1,0.1766618621,5.481872811,0.4337807365,1.080768,4.257933,5.338701,45668,validated minimum-jerk polyline
blocker_removed,51,navfn,20260913,-1.475,3.025,3.775,1.525,1,1,0,1,0.1711988267,5.533453491,5.911337221,1.080768,0.52187,1.602638,45668,returned
blocker_removed,51,smac2d,20260913,-1.475,3.025,3.775,1.525,1,1,0,1,0.05877572768,5.657769424,2.158947816,1.080768,1.669001,2.749769,45668,returned
blocker_removed,51,tdt_astar,20260913,-1.475,3.025,3.775,1.525,1,1,0,1,0.2081220836,5.871320439,2.356194817,1.080768,5.103879,6.184647,45668,validated A*
blocker_removed,52,navfn,20260913,-0.525,1.775,5.475,1.825,1,1,0,0,0.02556483066,6.136919856,7.197121561,1.080768,0.888031,1.968799,45668,returned
blocker_removed,52,smac2d,20260913,-0.525,1.775,5.475,1.825,1,1,0,1,0.0580952375,6.103173807,1.492737011,1.080768,3.247799,4.328567,45668,returned
blocker_removed,52,tdt_astar,20260913,-0.525,1.775,5.475,1.825,1,1,0,1,0.2081220836,6.352081613,2.35619439,1.080768,5.535031,6.615799,45668,validated A*
blocker_removed,52,tdt_qp,20260913,-0.525,1.775,5.475,1.825,1,1,1,1,0.2089508012,6.308587139,1.93811177,1.080768,4.395338,5.476106,45668,validated minimum-jerk polyline
blocker_removed,53,smac2d,20260913,-1.175,3.125,4.075,2.025,1,1,0,1,0.1669641404,5.570881735,2.071099408,1.080768,1.38431,2.465078,45668,returned
blocker_removed,53,tdt_astar,20260913,-1.175,3.125,4.075,2.025,1,1,0,1,0.2081218452,5.705634947,1.570796921,1.080768,3.705384,4.786152,45668,validated A*
blocker_removed,53,tdt_qp,20260913,-1.175,3.125,4.075,2.025,1,1,1,1,0.1617788275,5.419610766,0.518634112,1.080768,3.657143,4.737911,45668,validated minimum-jerk polyline
blocker_removed,53,navfn,20260913,-1.175,3.125,4.075,2.025,1,1,0,1,0.07395463189,5.537105734,8.230723357,1.080768,0.918111,1.998879,45668,returned
blocker_removed,54,tdt_astar,20260913,-1.875,1.275,4.575,2.375,1,1,0,1,0.2081220836,6.867844473,1.892546311,1.080768,4.708302,5.78907,45668,validated A*
blocker_removed,54,tdt_qp,20260913,-1.875,1.275,4.575,2.375,1,1,1,1,0.1049203738,6.567381688,0.3030630174,1.080768,4.795498,5.876266,45668,validated minimum-jerk polyline
blocker_removed,54,navfn,20260913,-1.875,1.275,4.575,2.375,1,1,0,0,0.02556483066,6.667999379,10.72766449,1.080768,1.068665,2.149433,45668,returned
blocker_removed,54,smac2d,20260913,-1.875,1.275,4.575,2.375,1,1,0,1,0.2081093227,6.767086634,2.028628532,1.080768,1.812317,2.893085,45668,returned
blocker_removed,55,tdt_qp,20260913,-0.725,2.025,5.275,1.275,1,1,1,1,0.2207882823,6.335520788,1.036855579,1.080768,4.515766,5.596534,45668,validated minimum-jerk polyline
blocker_removed,55,navfn,20260913,-0.725,2.025,5.275,1.275,1,1,0,1,0.03312194057,6.161935853,4.97720387,1.080768,0.612773,1.693541,45668,returned
blocker_removed,55,smac2d,20260913,-0.725,2.025,5.275,1.275,1,1,0,1,0.04608186164,6.16513062,0.7408697142,1.080768,1.449906,2.530674,45668,returned
blocker_removed,55,tdt_astar,20260913,-0.725,2.025,5.275,1.275,1,1,0,1,0.2081220836,6.476345885,2.356195052,1.080768,3.92216,5.002928,45668,validated A*
blocker_removed,56,navfn,20260913,-0.375,2.725,4.075,1.825,1,1,0,1,0.07163842128,4.698502494,8.84158458,1.080768,0.557777,1.638545,45668,returned
blocker_removed,56,smac2d,20260913,-0.375,2.725,4.075,1.825,1,1,0,1,0.2081593991,4.650124088,1.975542468,1.080768,1.16937,2.250138,45668,returned
blocker_removed,56,tdt_astar,20260913,-0.375,2.725,4.075,1.825,1,1,0,1,0.2081218452,4.822792192,1.570796274,1.080768,3.236109,4.316877,45668,validated A*
blocker_removed,56,tdt_qp,20260913,-0.375,2.725,4.075,1.825,1,1,1,1,0.1749030117,4.540099118,0.0001198464665,1.080768,4.586317,5.667085,45668,validated minimum-jerk polyline
blocker_removed,57,smac2d,20260913,-0.675,2.275,4.325,1.425,1,1,0,1,0.1580849395,5.154132671,0.9361229077,1.080768,4.679918,5.760686,45668,returned
blocker_removed,57,tdt_astar,20260913,-0.675,2.275,4.325,1.425,1,1,0,1,0.2286084585,5.331668586,0.7734941472,1.080768,4.298576,5.379344,45668,validated A*
blocker_removed,57,tdt_qp,20260913,-0.675,2.275,4.325,1.425,1,1,1,1,0.1278140397,5.119222666,0.4855020992,1.080768,3.75765,4.838418,45668,validated minimum-jerk polyline
blocker_removed,57,navfn,20260913,-0.675,2.275,4.325,1.425,1,1,0,1,0.168951125,5.168910521,3.811660133,1.080768,0.564686,1.645454,45668,returned
blocker_removed,58,tdt_astar,20260913,-0.575,1.825,5.275,3.075,1,1,0,1,0.2081220836,6.36776703,2.356194849,1.080768,4.658617,5.739385,45668,validated A*
blocker_removed,58,tdt_qp,20260913,-0.575,1.825,5.275,3.075,1,1,1,1,0.1630583759,5.982399814,0.03818792764,1.080768,4.177202,5.25797,45668,validated minimum-jerk polyline
blocker_removed,58,navfn,20260913,-0.575,1.825,5.275,3.075,1,1,0,1,0.1529252898,6.020224364,8.730431074,1.080768,0.90062,1.981388,45668,returned
blocker_removed,58,smac2d,20260913,-0.575,1.825,5.275,3.075,1,1,0,1,0.1579924723,6.126283762,2.0907293,1.080768,2.965516,4.046284,45668,returned
blocker_removed,59,tdt_qp,20260913,-1.375,1.825,4.475,1.575,1,1,1,1,0.1519774827,5.967401639,0.7297077684,1.080768,6.892236,7.973004,45668,validated minimum-jerk polyline
blocker_removed,59,navfn,20260913,-1.375,1.825,4.475,1.575,1,1,0,0,0.02556483066,6.051748688,8.888711215,1.080768,0.837639,1.918407,45668,returned
blocker_removed,59,smac2d,20260913,-1.375,1.825,4.475,1.575,1,1,0,0,0.04773318517,5.994010834,2.502329979,1.080768,1.071879,2.152647,45668,returned
blocker_removed,59,tdt_astar,20260913,-1.375,1.825,4.475,1.575,1,1,0,1,0.2081220836,6.284924465,2.356194701,1.080768,3.725367,4.806135,45668,validated A*
blocker_removed,60,navfn,20260913,-1.125,1.975,3.825,1.525,1,1,0,0,0.02556483066,5.116924818,5.863949726,1.080768,0.496259,1.577027,45668,returned
blocker_removed,60,smac2d,20260913,-1.125,1.975,3.825,1.525,1,1,0,1,0.05305919078,5.058542397,1.066980933,1.080768,1.121909,2.202677,45668,returned
blocker_removed,60,tdt_astar,20260913,-1.125,1.975,3.825,1.525,1,1,0,1,0.2081220836,5.343502985,2.35619402,1.080768,3.289591,4.370359,45668,validated A*
blocker_removed,60,tdt_qp,20260913,-1.125,1.975,3.825,1.525,1,1,1,1,0.1183109531,5.0724351,0.7335407882,1.080768,4.621113,5.701881,45668,validated minimum-jerk polyline
blocker_removed,61,smac2d,20260913,-0.975,2.125,4.525,2.875,1,1,0,1,0.05812198204,5.645735104,1.522298129,1.080768,1.438482,2.51925,45668,returned
blocker_removed,61,tdt_astar,20260913,-0.975,2.125,4.525,2.875,1,1,0,1,0.2081218452,5.779316799,1.190290013,1.080768,4.205106,5.285874,45668,validated A*
blocker_removed,61,tdt_qp,20260913,-0.975,2.125,4.525,2.875,1,1,1,1,0.06913303853,5.555559705,0.1572076087,1.080768,5.742882,6.82365,45668,validated minimum-jerk polyline
blocker_removed,61,navfn,20260913,-0.975,2.125,4.525,2.875,1,1,0,1,0.1533981284,5.634669585,6.192831348,1.080768,0.885705,1.966473,45668,returned
blocker_removed,62,tdt_astar,20260913,-1.575,2.475,4.375,2.525,1,1,0,1,0.2081218452,6.136396224,2.356196,1.080768,4.201639,5.282407,45668,validated A*
blocker_removed,62,tdt_qp,20260913,-1.575,2.475,4.375,2.525,1,1,1,1,0.2033058553,5.982155329,0.368576697,1.080768,4.26289,5.343658,45668,validated minimum-jerk polyline
blocker_removed,62,navfn,20260913,-1.575,2.475,4.375,2.525,1,1,0,1,0.07163842128,6.002572939,5.509964782,1.080768,0.556194,1.636962,45668,returned
blocker_removed,62,smac2d,20260913,-1.575,2.475,4.375,2.525,1,1,0,1,0.04608186166,5.963680219,0.5444873794,1.080768,0.99119,2.071958,45668,returned
blocker_removed,63,tdt_qp,20260913,-1.425,2.275,4.525,2.475,1,1,1,1,0.0993988681,5.953360396,0.0001073137895,1.080768,4.071592,5.15236,45668,validated minimum-jerk polyline
blocker_removed,63,navfn,20260913,-1.425,2.275,4.525,2.475,1,1,0,1,0.1450158196,5.969300724,3.773489487,1.080768,0.532147,1.612915,45668,returned
blocker_removed,63,smac2d,20260913,-1.425,2.275,4.525,2.475,1,1,0,1,0.07491052355,5.963105104,0.8756086626,1.080768,1.015465,2.096233,45668,returned
blocker_removed,63,tdt_astar,20260913,-1.425,2.275,4.525,2.475,1,1,0,1,0.2081218852,5.997213553,0.4636474011,1.080768,4.221337,5.302105,45668,validated A*
blocker_removed,64,navfn,20260913,-0.675,1.725,4.875,2.275,1,1,0,0,0.02556483066,5.700618984,7.060801105,1.080768,0.883679,1.964447,45668,returned
blocker_removed,64,smac2d,20260913,-0.675,1.725,4.875,2.275,1,1,0,1,0.208350236,5.684611497,1.590301849,1.080768,1.948719,3.029487,45668,returned
blocker_removed,64,tdt_astar,20260913,-0.675,1.725,4.875,2.275,1,1,0,1,0.2271474182,5.757354386,0.7754976204,1.080768,5.966222,7.04699,45668,validated A*
blocker_removed,64,tdt_qp,20260913,-0.675,1.725,4.875,2.275,1,1,1,1,0.1304806537,5.833469488,1.37193018,1.080768,3.790769,4.871537,45668,validated minimum-jerk polyline
blocker_removed,65,smac2d,20260913,-0.675,2.125,5.425,1.875,1,1,0,1,0.1081219406,6.144835056,0.4326335565,1.080768,1.092692,2.17346,45668,returned
blocker_removed,65,tdt_astar,20260913,-0.675,2.125,5.425,1.875,1,1,0,1,0.1590359504,6.246027225,1.591845639,1.080768,3.377006,4.457774,45668,validated A*
blocker_removed,65,tdt_qp,20260913,-0.675,2.125,5.425,1.875,1,1,1,1,0.03867783677,6.105587616,0.04854306886,1.080768,4.238523,5.319291,45668,validated minimum-jerk polyline
blocker_removed,65,navfn,20260913,-0.675,2.125,5.425,1.875,1,1,0,1,0.1294271862,6.172272434,2.530396184,1.080768,0.642298,1.723066,45668,returned
blocker_removed,66,tdt_astar,20260913,-0.975,2.025,4.125,1.475,1,1,0,1,0.2081220836,5.4637732,1.304544388,1.080768,3.352699,4.433467,45668,validated A*
blocker_removed,66,tdt_qp,20260913,-0.975,2.025,4.125,1.475,1,1,1,1,0.1230533299,5.222778001,0.6833142438,1.080768,4.062881,5.143649,45668,validated minimum-jerk polyline
blocker_removed,66,navfn,20260913,-0.975,2.025,4.125,1.475,1,1,0,1,0.03312194057,5.30488482,4.600670311,1.080768,1.392607,2.473375,45668,returned
blocker_removed,66,smac2d,20260913,-0.975,2.025,4.125,1.475,1,1,0,0,0.04608165874,5.22141564,0.7034281734,1.080768,2.00786,3.088628,45668,returned
blocker_removed,67,tdt_qp,20260913,-1.725,1.475,4.275,2.125,1,1,1,1,0.187274551,6.229379203,0.7739669029,1.080768,6.299387,7.380155,45668,validated minimum-jerk polyline
blocker_removed,67,navfn,20260913,-1.725,1.475,4.275,2.125,1,1,0,0,0.02556483066,6.160896368,8.901115062,1.080768,0.533936,1.614704,45668,returned
blocker_removed,67,smac2d,20260913,-1.725,1.475,4.275,2.125,1,1,0,0,0.0454077453,6.141484538,1.838615844,1.080768,1.236237,2.317005,45668,returned
blocker_removed,67,tdt_astar,20260913,-1.725,1.475,4.275,2.125,1,1,0,1,0.16063957,6.311723884,1.592069483,1.080768,3.419481,4.500249,45668,validated A*
blocker_removed,68,navfn,20260913,-0.375,1.925,3.775,2.025,1,1,0,0,0.02556483066,4.187905985,6.129909087,1.080768,0.706042,1.78681,45668,returned
blocker_removed,68,smac2d,20260913,-0.375,1.925,3.775,2.025,1,1,0,1,0.0579814676,4.1701183,0.8508717453,1.080768,1.098907,2.179675,45668,returned
blocker_removed,68,tdt_astar,20260913,-0.375,1.925,3.775,2.025,1,1,0,1,0.2081220836,4.357107011,1.57079732,1.080768,3.443507,4.524275,45668,validated A*
blocker_removed,68,tdt_qp,20260913,-0.375,1.925,3.775,2.025,1,1,1,1,0.2081320972,4.402206456,2.457408187,1.080768,4.557498,5.638266,45668,validated minimum-jerk polyline
blocker_removed,69,smac2d,20260913,-1.875,1.725,5.025,1.825,1,1,0,1,0.04608186165,7.00507214,1.717876556,1.080768,1.836351,2.917119,45668,returned
blocker_removed,69,tdt_astar,20260913,-1.875,1.725,5.025,1.825,1,1,0,1,0.2081220836,7.272792246,3.141592399,1.080768,4.167484,5.248252,45668,validated A*
blocker_removed,69,tdt_qp,20260913,-1.875,1.725,5.025,1.825,1,1,1,1,0.2081320972,7.096758712,1.378414271,1.080768,6.062103,7.142871,45668,validated minimum-jerk polyline
blocker_removed,69,navfn,20260913,-1.875,1.725,5.025,1.825,1,1,0,0,0.02556483066,7.118888967,8.48647415,1.080768,0.595151,1.675919,45668,returned
blocker_removed,70,tdt_astar,20260913,-1.675,2.725,5.275,1.325,1,1,0,1,0.2081220836,7.529899195,3.141593631,1.080768,4.106841,5.187609,45668,validated A*
blocker_removed,70,tdt_qp,20260913,-1.675,2.725,5.275,1.325,1,1,1,1,0.1984828473,7.111464129,0.2832717341,1.080768,5.013371,6.094139,45668,validated minimum-jerk polyline
blocker_removed,70,navfn,20260913,-1.675,2.725,5.275,1.325,1,1,0,1,0.07163842128,7.284735677,11.50493621,1.080768,0.714648,1.795416,45668,returned
blocker_removed,70,smac2d,20260913,-1.675,2.725,5.275,1.325,1,1,0,1,0.1585180058,7.25830902,2.131825874,1.080768,4.749306,5.830074,45668,returned
blocker_removed,71,tdt_qp,20260913,-0.875,2.975,3.975,1.775,1,1,1,1,0.1151707789,5.012811737,0.3000742632,1.080768,4.814494,5.895262,45668,validated minimum-jerk polyline
blocker_removed,71,navfn,20260913,-0.875,2.975,3.975,1.775,1,1,0,1,0.1174797416,5.083799127,4.931453663,1.080768,0.598892,1.67966,45668,returned
blocker_removed,71,smac2d,20260913,-0.875,2.975,3.975,1.775,1,1,0,0,0.0460818643,5.193541988,2.124635852,1.080768,1.745396,2.826164,45668,returned
blocker_removed,71,tdt_astar,20260913,-0.875,2.975,3.975,1.775,1,1,0,1,0.2081220836,5.347056233,1.570796337,1.080768,4.061321,5.142089,45668,validated A*
blocker_removed,72,navfn,20260913,-0.675,2.225,5.475,3.125,1,1,0,1,0.1814594833,6.287302069,8.286535417,1.080768,0.718224,1.798992,45668,returned
blocker_removed,72,smac2d,20260913,-0.675,2.225,5.475,3.125,1,1,0,1,0.1580856944,6.312627438,1.193204973,1.080768,1.650784,2.731552,45668,returned
blocker_removed,72,tdt_astar,20260913,-0.675,2.225,5.475,3.125,1,1,0,1,0.2308819574,6.502356067,1.559807176,1.080768,3.627359,4.708127,45668,validated A*
blocker_removed,72,tdt_qp,20260913,-0.675,2.225,5.475,3.125,1,1,1,1,0.05724456508,6.232287969,0.2572422688,1.080768,4.527265,5.608033,45668,validated minimum-jerk polyline
blocker_removed,73,smac2d,20260913,-1.025,2.925,3.875,2.825,1,1,0,0,0.04608182993,5.099987082,2.017554918,1.080768,1.348632,2.4294,45668,returned
blocker_removed,73,tdt_astar,20260913,-1.025,2.925,3.875,2.825,1,1,0,1,0.2081218452,5.397056154,1.570796243,1.080768,3.339379,4.420147,45668,validated A*
blocker_removed,73,tdt_qp,20260913,-1.025,2.925,3.875,2.825,1,1,1,1,0.1208189625,5.276041947,1.270024279,1.080768,6.682932,7.7637,45668,validated minimum-jerk polyline
blocker_removed,73,navfn,20260913,-1.025,2.925,3.875,2.825,1,1,0,1,0.07163842128,5.109287721,9.847851594,1.080768,1.224505,2.305273,45668,returned
blocker_removed,74,tdt_astar,20260913,-1.175,2.075,5.225,2.425,1,1,0,1,0.2081218452,6.544974806,3.141592718,1.080768,5.39457,6.475338,45668,validated A*
blocker_removed,74,tdt_qp,20260913,-1.175,2.075,5.225,2.425,1,1,1,1,0.2183086322,6.409564079,0.002206883568,1.080768,4.097318,5.178086,45668,validated minimum-jerk polyline
blocker_removed,74,navfn,20260913,-1.175,2.075,5.225,2.425,1,1,0,1,0.1221590934,6.436332487,2.026894712,1.080768,0.611444,1.692212,45668,returned
blocker_removed,74,smac2d,20260913,-1.175,2.075,5.225,2.425,1,1,0,1,0.1081219433,6.461704157,1.261330787,1.080768,1.290083,2.370851,45668,returned
blocker_removed,75,tdt_qp,20260913,-1.925,2.075,4.075,2.975,1,1,1,1,0.1857602501,6.122889106,0.5092477087,1.080768,4.400333,5.481101,45668,validated minimum-jerk polyline
blocker_removed,75,navfn,20260913,-1.925,2.075,4.075,2.975,1,1,0,1,0.1434135259,6.123560316,6.315274471,1.080768,0.52389,1.604658,45668,returned
blocker_removed,75,smac2d,20260913,-1.925,2.075,4.075,2.975,1,1,0,1,0.1081205569,6.177760615,1.561085767,1.080768,1.657142,2.73791,45668,returned
blocker_removed,75,tdt_astar,20260913,-1.925,2.075,4.075,2.975,1,1,0,1,0.2081218452,6.372792158,2.356194379,1.080768,6.663538,7.744306,45668,validated A*
blocker_removed,76,navfn,20260913,-0.475,2.575,5.175,2.025,1,1,0,1,0.07163842128,5.834117198,8.992696019,1.080768,0.913628,1.994396,45668,returned
blocker_removed,76,smac2d,20260913,-0.475,2.575,5.175,2.025,1,1,0,1,0.05809467767,5.784611497,1.590301849,1.080768,2.53297,3.613738,45668,returned
blocker_removed,76,tdt_astar,20260913,-0.475,2.575,5.175,2.025,1,1,0,1,0.2081218452,5.877817378,2.35619414,1.080768,4.072445,5.153213,45668,validated A*
blocker_removed,76,tdt_qp,20260913,-0.475,2.575,5.175,2.025,1,1,1,1,0.1219325723,5.676706792,0.00030206925,1.080768,3.580306,4.661074,45668,validated minimum-jerk polyline
blocker_removed,77,smac2d,20260913,-1.075,2.225,5.375,2.525,1,1,0,1,0.1549108083,6.481544373,1.036717843,1.080768,1.23154,2.312308,45668,returned
blocker_removed,77,tdt_astar,20260913,-1.075,2.225,5.375,2.525,1,1,0,1,0.230445422,6.553793771,1.561181316,1.080768,3.628224,4.708992,45668,validated A*
blocker_removed,77,tdt_qp,20260913,-1.075,2.225,5.375,2.525,1,1,1,1,0.1237678876,6.456972975,9.707543753e-05,1.080768,4.530018,5.610786,45668,validated minimum-jerk polyline
blocker_removed,77,navfn,20260913,-1.075,2.225,5.375,2.525,1,1,0,1,0.1941228696,6.466168716,2.218254235,1.080768,0.596626,1.677394,45668,returned
blocker_removed,78,tdt_astar,20260913,-1.025,2.025,4.675,2.475,1,1,0,1,0.2081218452,5.854541902,2.129396636,1.080768,3.781239,4.862007,45668,validated A*
blocker_removed,78,tdt_qp,20260913,-1.025,2.025,4.675,2.475,1,1,1,1,0.2250397188,5.717735566,0.0006081573916,1.080768,4.811423,5.892191,45668,validated minimum-jerk polyline
blocker_removed,78,navfn,20260913,-1.025,2.025,4.675,2.475,1,1,0,1,0.1491275156,5.755503224,4.158073565,1.080768,1.76724,2.848008,45668,returned
blocker_removed,78,smac2d,20260913,-1.025,2.025,4.675,2.475,1,1,0,1,0.1581219617,5.780711607,1.458944586,1.080768,1.950068,3.030836,45668,returned
blocker_removed,79,tdt_qp,20260913,-1.975,2.175,4.675,2.075,1,1,1,1,0.1013113814,6.650751843,0.0003958583998,1.080768,4.076804,5.157572,45668,validated minimum-jerk polyline
blocker_removed,79,navfn,20260913,-1.975,2.175,4.675,2.075,1,1,0,1,0.1809919481,6.706757167,2.461377204,1.080768,0.521966,1.602734,45668,returned
blocker_removed,79,smac2d,20260913,-1.975,2.175,4.675,2.075,1,1,0,1,0.1581219406,6.661781886,0.3192715673,1.080768,0.953367,2.034135,45668,returned
blocker_removed,79,tdt_astar,20260913,-1.975,2.175,4.675,2.075,1,1,0,1,0.1886327944,6.71233699,1.578992769,1.080768,3.357776,4.438544,45668,validated A*
blocker_removed,80,navfn,20260913,-1.325,2.675,4.975,1.275,1,1,0,1,0.1498076425,6.500517898,3.022957344,1.080768,0.951195,2.031963,45668,returned
blocker_removed,80,smac2d,20260913,-1.325,2.675,4.975,1.275,1,1,0,1,0.1170417392,6.6083091,2.130573699,1.080768,2.470379,3.551147,45668,returned
blocker_removed,80,tdt_astar,20260913,-1.325,2.675,4.975,1.275,1,1,0,1,0.2081220836,6.879899236,3.141593475,1.080768,5.584304,6.665072,45668,validated A*
blocker_removed,80,tdt_qp,20260913,-1.325,2.675,4.975,1.275,1,1,1,1,0.1129969151,6.510456012,0.4748451706,1.080768,7.649191,8.729959,45668,validated minimum-jerk polyline
blocker_removed,81,smac2d,20260913,-1.575,2.275,4.425,3.225,1,1,0,1,0.06434853328,6.17261491,1.181933632,1.080768,2.522251,3.603019,45668,returned
blocker_removed,81,tdt_astar,20260913,-1.575,2.275,4.425,3.225,1,1,0,1,0.2081218768,6.393502929,0.7853982951,1.080768,3.698381,4.779149,45668,validated A*
blocker_removed,81,tdt_qp,20260913,-1.575,2.275,4.425,3.225,1,1,1,1,0.1142844759,6.163980373,0.6046640264,1.080768,3.777189,4.857957,45668,validated minimum-jerk polyline
blocker_removed,81,navfn,20260913,-1.575,2.275,4.425,3.225,1,1,0,1,0.1391614628,6.152665426,7.18709164,1.080768,0.519936,1.600704,45668,returned
blocker_removed,82,tdt_astar,20260913,-1.375,1.925,4.175,1.575,1,1,0,1,0.2081220836,5.943502994,2.356194292,1.080768,4.043088,5.123856,45668,validated A*
blocker_removed,82,tdt_qp,20260913,-1.375,1.925,4.175,1.575,1,1,1,1,0.1440999971,5.657614557,0.6929339783,1.080768,4.296131,5.376899,45668,validated minimum-jerk polyline
blocker_removed,82,navfn,20260913,-1.375,1.925,4.175,1.575,1,1,0,0,0.02556483066,5.698971587,7.183517596,1.080768,1.192007,2.272775,45668,returned
blocker_removed,82,smac2d,20260913,-1.375,1.925,4.175,1.575,1,1,0,1,0.05812192616,5.665388326,1.111483432,1.080768,1.850876,2.931644,45668,returned
blocker_removed,83,tdt_qp,20260913,-1.125,2.275,5.275,1.275,1,1,1,1,0.1133894591,6.535770842,0.5203041086,1.080768,8.078221,9.158989,45668,validated minimum-jerk polyline
blocker_removed,83,navfn,20260913,-1.125,2.275,5.275,1.275,1,1,0,1,0.2090398698,6.582593079,4.907130899,1.080768,0.702252,1.78302,45668,returned
blocker_removed,83,smac2d,20260913,-1.125,2.275,5.275,1.275,1,1,0,1,0.1529091565,6.583059448,1.178646573,1.080768,1.800092,2.88086,45668,returned
blocker_removed,83,tdt_astar,20260913,-1.125,2.275,5.275,1.275,1,1,0,1,0.2285410964,6.793755631,1.560696252,1.080768,3.611509,4.692277,45668,validated A*
blocker_removed,84,navfn,20260913,-1.175,3.175,4.125,3.125,1,1,0,1,0.07163842128,5.625577846,10.63810236,1.080768,0.500223,1.580991,45668,returned
blocker_removed,84,smac2d,20260913,-1.175,3.175,4.125,3.125,1,1,0,1,0.05811241105,5.676160239,1.998967923,1.080768,1.500324,2.581092,45668,returned
blocker_removed,84,tdt_astar,20260913,-1.175,3.175,4.125,3.125,1,1,0,1,0.2081218452,6.024873585,1.570796194,1.080768,3.920247,5.001015,45668,validated A*
blocker_removed,84,tdt_qp,20260913,-1.175,3.175,4.125,3.125,1,1,1,1,0.09020049045,5.597728993,1.164007179,1.080768,3.739413,4.820181,45668,validated minimum-jerk polyline
blocker_removed,85,smac2d,20260913,-1.075,2.825,4.825,2.475,1,1,0,1,0.05812191912,5.997429693,1.443803189,1.080768,2.62582,3.706588,45668,returned
blocker_removed,85,tdt_astar,20260913,-1.075,2.825,4.825,2.475,1,1,0,1,0.2081218452,6.210660181,2.356195036,1.080768,4.747401,5.828169,45668,validated A*
blocker_removed,85,tdt_qp,20260913,-1.075,2.825,4.825,2.475,1,1,1,1,0.1987718423,5.984307409,0.6230700576,1.080768,7.801095,8.881863,45668,validated minimum-jerk polyline
blocker_removed,85,navfn,20260913,-1.075,2.825,4.825,2.475,1,1,0,1,0.07163842128,6.063916112,8.555466953,1.080768,0.579476,1.660244,45668,returned
blocker_removed,86,tdt_astar,20260913,-1.375,2.425,3.975,2.925,1,1,0,1,0.2081218452,5.681370976,2.356196573,1.080768,3.378619,4.459387,45668,validated A*
blocker_removed,86,tdt_qp,20260913,-1.375,2.425,3.975,2.925,1,1,1,1,0.09688009018,5.710008851,1.648080962,1.080768,4.538272,5.61904,45668,validated minimum-jerk polyline
blocker_removed,86,navfn,20260913,-1.375,2.425,3.975,2.925,1,1,0,1,0.08312194057,5.512554237,8.869542494,1.080768,0.568012,1.64878,45668,returned
blocker_removed,86,smac2d,20260913,-1.375,2.425,3.975,2.925,1,1,0,1,0.05812173619,5.449005606,0.4776628808,1.080768,1.191142,2.27191,45668,returned
blocker_removed,87,tdt_qp,20260913,-0.825,3.175,4.725,2.925,1,1,1,1,0.0636824218,5.7569598,0.9356879784,1.080768,5.007629,6.088397,45668,validated minimum-jerk polyline
blocker_removed,87,navfn,20260913,-0.825,3.175,4.725,2.925,1,1,0,1,0.07163842128,5.892381824,13.12265362,1.080768,0.785132,1.8659,45668,returned
blocker_removed,87,smac2d,20260913,-0.825,3.175,4.725,2.925,1,1,0,1,0.05812191903,5.883493832,1.973865105,1.080768,2.012741,3.093509,45668,returned
blocker_removed,87,tdt_astar,20260913,-0.825,3.175,4.725,2.925,1,1,0,1,0.2081218452,6.153568514,1.467714684,1.080768,4.176089,5.256857,45668,validated A*
blocker_removed,88,navfn,20260913,-0.275,2.925,5.275,3.225,1,1,0,1,0.07163842128,5.83011033,11.02130358,1.080768,1.273068,2.353836,45668,returned
blocker_removed,88,smac2d,20260913,-0.275,2.925,5.275,3.225,1,1,0,1,0.05781764073,5.837797071,2.072741641,1.080768,1.702418,2.783186,45668,returned
blocker_removed,88,tdt_astar,20260913,-0.275,2.925,5.275,3.225,1,1,0,1,0.2081218452,6.21274196,2.356196,1.080768,3.722957,4.803725,45668,validated A*
blocker_removed,88,tdt_qp,20260913,-0.275,2.925,5.275,3.225,1,1,1,1,0.1118019224,6.017704306,1.326914434,1.080768,4.455118,5.535886,45668,validated minimum-jerk polyline
blocker_removed,89,smac2d,20260913,-1.375,2.275,5.375,2.225,1,1,0,1,0.2081219406,6.753735581,0.2170511941,1.080768,1.835708,2.916476,45668,returned
blocker_removed,89,tdt_astar,20260913,-1.375,2.275,5.375,2.225,1,1,0,1,0.2312509359,6.750185183,4.907377456e-12,1.080768,3.886611,4.967379,45668,validated A*
blocker_removed,89,tdt_qp,20260913,-1.375,2.275,5.375,2.225,1,1,1,1,0.2312509246,6.750185183,3.529846762e-06,1.080768,4.842862,5.92363,45668,validated minimum-jerk polyline
blocker_removed,89,navfn,20260913,-1.375,2.275,5.375,2.225,1,1,0,1,0.1831219406,6.806066017,2.35619449,1.080768,0.96257,2.043338,45668,returned
blocker_removed,90,tdt_astar,20260913,-0.825,2.475,3.775,1.975,1,1,0,1,0.2081220836,4.807106753,1.570796136,1.080768,6.095636,7.176404,45668,validated A*
blocker_removed,90,tdt_qp,20260913,-0.825,2.475,3.775,1.975,1,1,1,1,0.1690498573,4.627094121,0.0002200010299,1.080768,3.758682,4.83945,45668,validated minimum-jerk polyline
blocker_removed,90,navfn,20260913,-0.825,2.475,3.775,1.975,1,1,0,1,0.07163842128,4.757880262,8.006013453,1.080768,0.468491,1.549259,45668,returned
blocker_removed,90,smac2d,20260913,-0.825,2.475,3.775,1.975,1,1,0,1,0.1581222448,4.691776332,1.483404288,1.080768,1.009209,2.089977,45668,returned
blocker_removed,91,tdt_qp,20260913,-0.975,2.375,3.825,2.775,1,1,1,1,0.1051801735,5.060973195,1.212013869,1.080768,3.580732,4.6615,45668,validated minimum-jerk polyline
blocker_removed,91,navfn,20260913,-0.975,2.375,3.825,2.775,1,1,0,1,0.08312194057,4.918036203,4.637191943,1.080768,0.481466,1.562234,45668,returned
blocker_removed,91,smac2d,20260913,-0.975,2.375,3.825,2.775,1,1,0,1,0.1081218357,4.876246295,0.4574278621,1.080768,1.037683,2.118451,45668,returned
blocker_removed,91,tdt_astar,20260913,-0.975,2.375,3.825,2.775,1,1,0,1,0.171321413,5.008269429,0.8086499532,1.080768,3.858192,4.93896,45668,validated A*
blocker_removed,92,navfn,20260913,-1.925,1.675,4.625,1.975,1,1,0,0,0.02556483066,6.742943618,9.365543278,1.080768,0.57821,1.658978,45668,returned
blocker_removed,92,smac2d,20260913,-1.925,1.675,4.625,1.975,1,1,0,0,0.04773318517,6.66093943,2.503424225,1.080768,0.809147,1.889915,45668,returned
blocker_removed,92,tdt_astar,20260913,-1.925,1.675,4.625,1.975,1,1,0,1,0.2081220836,6.88137083,3.141591857,1.080768,6.995502,8.07627,45668,validated A*
blocker_removed,92,tdt_qp,20260913,-1.925,1.675,4.625,1.975,1,1,1,1,0.2081271246,6.740378277,1.558843163,1.080768,7.692334,8.773102,45668,validated minimum-jerk polyline
blocker_removed,93,smac2d,20260913,-1.875,2.775,4.475,2.175,1,1,0,1,0.2081636547,6.488347077,1.807353035,1.080768,1.407304,2.488072,45668,returned
blocker_removed,93,tdt_astar,20260913,-1.875,2.775,4.475,2.175,1,1,0,1,0.2114863335,6.558106683,1.550799085,1.080768,3.477602,4.55837,45668,validated A*
blocker_removed,93,tdt_qp,20260913,-1.875,2.775,4.475,2.175,1,1,1,1,0.0492116485,6.378283819,0.001178086288,1.080768,3.938289,5.019057,45668,validated minimum-jerk polyline
blocker_removed,93,navfn,20260913,-1.875,2.775,4.475,2.175,1,1,0,1,0.07163842128,6.570338629,8.594162047,1.080768,0.695295,1.776063,45668,returned
blocker_removed,94,tdt_astar,20260913,-1.425,3.225,4.175,1.825,1,1,0,1,0.2081220836,6.13966049,1.501141919,1.080768,3.545414,4.626182,45668,validated A*
blocker_removed,94,tdt_qp,20260913,-1.425,3.225,4.175,1.825,1,1,1,1,0.1830788875,6.264581662,2.3452725,1.080768,5.700917,6.781685,45668,validated minimum-jerk polyline
blocker_removed,94,navfn,20260913,-1.425,3.225,4.175,1.825,1,1,0,1,0.07163842128,5.933873932,10.05611403,1.080768,0.889975,1.970743,45668,returned
blocker_removed,94,smac2d,20260913,-1.425,3.225,4.175,1.825,1,1,0,1,0.05812194056,6.08298547,1.218028719,1.080768,3.471604,4.552372,45668,returned
blocker_removed,95,tdt_qp,20260913,-1.325,2.675,4.925,2.675,1,1,1,1,0.2328746698,6.434010146,1.43014923,1.080768,6.992556,8.073324,45668,validated minimum-jerk polyline
blocker_removed,95,navfn,20260913,-1.325,2.675,4.925,2.675,1,1,0,1,0.1229054045,6.383877114,5.001666202,1.080768,0.587789,1.668557,45668,returned
blocker_removed,95,smac2d,20260913,-1.325,2.675,4.925,2.675,1,1,0,0,0.04773318516,6.33956235,2.269111891,1.080768,0.798499,1.879267,45668,returned
blocker_removed,95,tdt_astar,20260913,-1.325,2.675,4.925,2.675,1,1,0,1,0.2081218452,6.555997948,2.920279413,1.080768,4.129232,5.21,45668,validated A*
blocker_removed,96,navfn,20260913,-1.225,2.625,5.425,2.625,1,1,0,1,0.1221804261,6.764164738,3.49707162,1.080768,0.989973,2.070741,45668,returned
blocker_removed,96,smac2d,20260913,-1.225,2.625,5.425,2.625,1,1,0,0,0.04608185699,6.701623263,1.260818918,1.080768,1.521047,2.601815,45668,returned
blocker_removed,96,tdt_astar,20260913,-1.225,2.625,5.425,2.625,1,1,0,1,0.2081218452,6.939949345,3.141591972,1.080768,5.906431,6.987199,45668,validated A*
blocker_removed,96,tdt_qp,20260913,-1.225,2.625,5.425,2.625,1,1,1,1,0.2044704138,6.724213342,0.4710614923,1.080768,9.403132,10.4839,45668,validated minimum-jerk polyline
blocker_removed,97,smac2d,20260913,-0.875,1.875,5.375,2.125,1,1,0,0,0.04608136446,6.271771814,1.033219241,1.080768,1.057896,2.138664,45668,returned
blocker_removed,97,tdt_astar,20260913,-0.875,1.875,5.375,2.125,1,1,0,1,0.1686239738,6.395822205,0.8023457179,1.080768,3.669813,4.750581,45668,validated A*
blocker_removed,97,tdt_qp,20260913,-0.875,1.875,5.375,2.125,1,1,1,1,0.0764994539,6.485375927,1.273764255,1.080768,4.0507,5.131468,45668,validated minimum-jerk polyline
blocker_removed,97,navfn,20260913,-0.875,1.875,5.375,2.125,1,1,0,0,0.02556483066,6.332778874,7.392013366,1.080768,0.732504,1.813272,45668,returned
blocker_removed,98,tdt_astar,20260913,-0.925,2.725,5.325,2.575,1,1,0,1,0.2081218452,6.560660295,2.356196169,1.080768,5.29884,6.379608,45668,validated A*
blocker_removed,98,tdt_qp,20260913,-0.925,2.725,5.325,2.575,1,1,1,1,0.1993308013,6.325259294,0.4924686614,1.080768,6.368475,7.449243,45668,validated minimum-jerk polyline
blocker_removed,98,navfn,20260913,-0.925,2.725,5.325,2.575,1,1,0,1,0.07163842128,6.414939254,7.924985708,1.080768,0.978852,2.05962,45668,returned
blocker_removed,98,smac2d,20260913,-0.925,2.725,5.325,2.575,1,1,0,1,0.05812178312,6.330409242,1.441696353,1.080768,2.054905,3.135673,45668,returned
blocker_removed,99,tdt_qp,20260913,-1.225,2.875,4.475,2.175,1,1,1,1,0.06319280979,5.747473318,0.1536285674,1.080768,6.744324,7.825092,45668,validated minimum-jerk polyline
blocker_removed,99,navfn,20260913,-1.225,2.875,4.475,2.175,1,1,0,1,0.07163842128,5.972064025,9.055693167,1.080768,0.573941,1.654709,45668,returned
blocker_removed,99,smac2d,20260913,-1.225,2.875,4.475,2.175,1,1,0,1,0.1581219407,5.913881029,1.490329106,1.080768,1.27046,2.351228,45668,returned
blocker_removed,99,tdt_astar,20260913,-1.225,2.875,4.475,2.175,1,1,0,1,0.2120238738,5.911478555,0.6545415104,1.080768,3.334748,4.415516,45668,validated A*
unknown_barrier,0,navfn,20260913,-0.425,2.075,5.225,2.925,0,0,0,0,-0.4668780594,0,0,1.102708,0.964626,2.067334,45668,empty
unknown_barrier,0,smac2d,20260913,-0.425,2.075,5.225,2.925,0,0,0,0,-0.4668780594,0,0,1.102708,4.621801,5.724509,45668,empty
unknown_barrier,0,tdt_astar,20260913,-0.425,2.075,5.225,2.925,0,0,0,0,-0.4668780594,0,0,1.102708,4.649783,5.752491,45668,no A* path
unknown_barrier,0,tdt_qp,20260913,-0.425,2.075,5.225,2.925,0,0,0,0,-0.4668780594,0,0,1.102708,5.073352,6.17606,45668,no A* path
unknown_barrier,1,smac2d,20260913,-0.325,3.075,5.275,1.875,0,0,0,0,-0.4668780594,0,0,1.102708,8.096762,9.19947,45668,empty
unknown_barrier,1,tdt_astar,20260913,-0.325,3.075,5.275,1.875,0,0,0,0,-0.4668780594,0,0,1.102708,5.148849,6.251557,45668,no A* path
unknown_barrier,1,tdt_qp,20260913,-0.325,3.075,5.275,1.875,0,0,0,0,-0.4668780594,0,0,1.102708,4.994115,6.096823,45668,no A* path
unknown_barrier,1,navfn,20260913,-0.325,3.075,5.275,1.875,0,0,0,0,-0.4668780594,0,0,1.102708,1.089028,2.191736,45668,empty
unknown_barrier,2,tdt_astar,20260913,-0.775,3.025,5.425,2.825,0,0,0,0,-0.4668780594,0,0,1.102708,4.310687,5.413395,45668,no A* path
unknown_barrier,2,tdt_qp,20260913,-0.775,3.025,5.425,2.825,0,0,0,0,-0.4668780594,0,0,1.102708,4.293288,5.395996,45668,no A* path
unknown_barrier,2,navfn,20260913,-0.775,3.025,5.425,2.825,0,0,0,0,-0.4668780594,0,0,1.102708,1.412674,2.515382,45668,empty
unknown_barrier,2,smac2d,20260913,-0.775,3.025,5.425,2.825,0,0,0,0,-0.4668780594,0,0,1.102708,7.05713,8.159838,45668,empty
unknown_barrier,3,tdt_qp,20260913,-1.775,1.275,4.725,2.075,0,0,0,0,-0.4668780594,0,0,1.102708,5.139973,6.242681,45668,no A* path
unknown_barrier,3,navfn,20260913,-1.775,1.275,4.725,2.075,0,0,0,0,-0.4668780594,0,0,1.102708,0.520145,1.622853,45668,empty
unknown_barrier,3,smac2d,20260913,-1.775,1.275,4.725,2.075,0,0,0,0,-0.4668780594,0,0,1.102708,4.430574,5.533282,45668,empty
unknown_barrier,3,tdt_astar,20260913,-1.775,1.275,4.725,2.075,0,0,0,0,-0.4668780594,0,0,1.102708,3.991088,5.093796,45668,no A* path
unknown_barrier,4,navfn,20260913,-1.375,2.975,4.425,2.325,0,0,0,0,-0.4668780594,0,0,1.102708,1.133928,2.236636,45668,empty
unknown_barrier,4,smac2d,20260913,-1.375,2.975,4.425,2.325,0,0,0,0,-0.4668780594,0,0,1.102708,4.65082,5.753528,45668,empty
unknown_barrier,4,tdt_astar,20260913,-1.375,2.975,4.425,2.325,0,0,0,0,-0.4668780594,0,0,1.102708,4.587676,5.690384,45668,no A* path
unknown_barrier,4,tdt_qp,20260913,-1.375,2.975,4.425,2.325,0,0,0,0,-0.4668780594,0,0,1.102708,5.199622,6.30233,45668,no A* path
unknown_barrier,5,smac2d,20260913,-0.725,3.125,5.425,2.225,0,0,0,0,-0.4668780594,0,0,1.102708,8.502968,9.605676,45668,empty
unknown_barrier,5,tdt_astar,20260913,-0.725,3.125,5.425,2.225,0,0,0,0,-0.4668780594,0,0,1.102708,3.918242,5.02095,45668,no A* path
unknown_barrier,5,tdt_qp,20260913,-0.725,3.125,5.425,2.225,0,0,0,0,-0.4668780594,0,0,1.102708,3.879425,4.982133,45668,no A* path
unknown_barrier,5,navfn,20260913,-0.725,3.125,5.425,2.225,0,0,0,0,-0.4668780594,0,0,1.102708,0.569302,1.67201,45668,empty
unknown_barrier,6,tdt_astar,20260913,-1.825,2.975,4.775,2.875,0,0,0,0,-0.4668780594,0,0,1.102708,5.146844,6.249552,45668,no A* path
unknown_barrier,6,tdt_qp,20260913,-1.825,2.975,4.775,2.875,0,0,0,0,-0.4668780594,0,0,1.102708,4.688151,5.790859,45668,no A* path
unknown_barrier,6,navfn,20260913,-1.825,2.975,4.775,2.875,0,0,0,0,-0.4668780594,0,0,1.102708,0.604346,1.707054,45668,empty
unknown_barrier,6,smac2d,20260913,-1.825,2.975,4.775,2.875,0,0,0,0,-0.4668780594,0,0,1.102708,5.972498,7.075206,45668,empty
unknown_barrier,7,tdt_qp,20260913,-0.975,1.775,4.825,1.975,0,0,0,0,-0.4668780594,0,0,1.102708,5.512177,6.614885,45668,no A* path
unknown_barrier,7,navfn,20260913,-0.975,1.775,4.825,1.975,0,0,0,0,-0.4668780594,0,0,1.102708,0.466297,1.569005,45668,empty
unknown_barrier,7,smac2d,20260913,-0.975,1.775,4.825,1.975,0,0,0,0,-0.4668780594,0,0,1.102708,4.440435,5.543143,45668,empty
unknown_barrier,7,tdt_astar,20260913,-0.975,1.775,4.825,1.975,0,0,0,0,-0.4668780594,0,0,1.102708,3.911712,5.01442,45668,no A* path
unknown_barrier,8,navfn,20260913,-1.625,2.975,4.225,1.775,0,0,0,0,-0.4668780594,0,0,1.102708,0.413674,1.516382,45668,empty
unknown_barrier,8,smac2d,20260913,-1.625,2.975,4.225,1.775,0,0,0,0,-0.4668780594,0,0,1.102708,5.483637,6.586345,45668,empty
unknown_barrier,8,tdt_astar,20260913,-1.625,2.975,4.225,1.775,0,0,0,0,-0.4668780594,0,0,1.102708,4.125771,5.228479,45668,no A* path
unknown_barrier,8,tdt_qp,20260913,-1.625,2.975,4.225,1.775,0,0,0,0,-0.4668780594,0,0,1.102708,3.863576,4.966284,45668,no A* path
unknown_barrier,9,smac2d,20260913,-0.475,2.275,4.575,2.725,0,0,0,0,-0.4668780594,0,0,1.102708,6.21413,7.316838,45668,empty
unknown_barrier,9,tdt_astar,20260913,-0.475,2.275,4.575,2.725,0,0,0,0,-0.4668780594,0,0,1.102708,7.482052,8.58476,45668,no A* path
unknown_barrier,9,tdt_qp,20260913,-0.475,2.275,4.575,2.725,0,0,0,0,-0.4668780594,0,0,1.102708,4.181705,5.284413,45668,no A* path
unknown_barrier,9,navfn,20260913,-0.475,2.275,4.575,2.725,0,0,0,0,-0.4668780594,0,0,1.102708,0.440315,1.543023,45668,empty
unknown_barrier,10,tdt_astar,20260913,-0.825,2.075,4.525,1.975,0,0,0,0,-0.4668780594,0,0,1.102708,4.210081,5.312789,45668,no A* path
unknown_barrier,10,tdt_qp,20260913,-0.825,2.075,4.525,1.975,0,0,0,0,-0.4668780594,0,0,1.102708,4.593728,5.696436,45668,no A* path
unknown_barrier,10,navfn,20260913,-0.825,2.075,4.525,1.975,0,0,0,0,-0.4668780594,0,0,1.102708,0.451284,1.553992,45668,empty
unknown_barrier,10,smac2d,20260913,-0.825,2.075,4.525,1.975,0,0,0,0,-0.4668780594,0,0,1.102708,5.839962,6.94267,45668,empty
unknown_barrier,11,tdt_qp,20260913,-0.725,1.925,3.825,2.175,0,0,0,0,-0.4668780594,0,0,1.102708,5.146262,6.24897,45668,no A* path
unknown_barrier,11,navfn,20260913,-0.725,1.925,3.825,2.175,0,0,0,0,-0.4668780594,0,0,1.102708,1.035714,2.138422,45668,empty
unknown_barrier,11,smac2d,20260913,-0.725,1.925,3.825,2.175,0,0,0,0,-0.4668780594,0,0,1.102708,6.2515,7.354208,45668,empty
unknown_barrier,11,tdt_astar,20260913,-0.725,1.925,3.825,2.175,0,0,0,0,-0.4668780594,0,0,1.102708,4.145565,5.248273,45668,no A* path
unknown_barrier,12,navfn,20260913,-1.775,1.775,5.125,1.775,0,0,0,0,-0.4668780594,0,0,1.102708,0.411864,1.514572,45668,empty
unknown_barrier,12,smac2d,20260913,-1.775,1.775,5.125,1.775,0,0,0,0,-0.4668780594,0,0,1.102708,4.705098,5.807806,45668,empty
unknown_barrier,12,tdt_astar,20260913,-1.775,1.775,5.125,1.775,0,0,0,0,-0.4668780594,0,0,1.102708,4.70894,5.811648,45668,no A* path
unknown_barrier,12,tdt_qp,20260913,-1.775,1.775,5.125,1.775,0,0,0,0,-0.4668780594,0,0,1.102708,3.86118,4.963888,45668,no A* path
unknown_barrier,13,smac2d,20260913,-0.575,2.275,5.275,2.375,0,0,0,0,-0.4668780594,0,0,1.102708,5.002492,6.1052,45668,empty
unknown_barrier,13,tdt_astar,20260913,-0.575,2.275,5.275,2.375,0,0,0,0,-0.4668780594,0,0,1.102708,7.181972,8.28468,45668,no A* path
unknown_barrier,13,tdt_qp,20260913,-0.575,2.275,5.275,2.375,0,0,0,0,-0.4668780594,0,0,1.102708,4.680893,5.783601,45668,no A* path
unknown_barrier,13,navfn,20260913,-0.575,2.275,5.275,2.375,0,0,0,0,-0.4668780594,0,0,1.102708,0.42973,1.532438,45668,empty
unknown_barrier,14,tdt_astar,20260913,-0.925,2.275,4.875,2.175,0,0,0,0,-0.4668780594,0,0,1.102708,3.925653,5.028361,45668,no A* path
unknown_barrier,14,tdt_qp,20260913,-0.925,2.275,4.875,2.175,0,0,0,0,-0.4668780594,0,0,1.102708,4.668384,5.771092,45668,no A* path
unknown_barrier,14,navfn,20260913,-0.925,2.275,4.875,2.175,0,0,0,0,-0.4668780594,0,0,1.102708,0.595805,1.698513,45668,empty
unknown_barrier,14,smac2d,20260913,-0.925,2.275,4.875,2.175,0,0,0,0,-0.4668780594,0,0,1.102708,4.697559,5.800267,45668,empty
unknown_barrier,15,tdt_qp,20260913,-1.325,2.825,4.525,2.425,0,0,0,0,-0.4668780594,0,0,1.102708,3.98619,5.088898,45668,no A* path
unknown_barrier,15,navfn,20260913,-1.325,2.825,4.525,2.425,0,0,0,0,-0.4668780594,0,0,1.102708,0.781631,1.884339,45668,empty
unknown_barrier,15,smac2d,20260913,-1.325,2.825,4.525,2.425,0,0,0,0,-0.4668780594,0,0,1.102708,7.621269,8.723977,45668,empty
unknown_barrier,15,tdt_astar,20260913,-1.325,2.825,4.525,2.425,0,0,0,0,-0.4668780594,0,0,1.102708,5.513234,6.615942,45668,no A* path
unknown_barrier,16,navfn,20260913,-0.875,2.575,5.325,2.075,0,0,0,0,-0.4668780594,0,0,1.102708,0.429521,1.532229,45668,empty
unknown_barrier,16,smac2d,20260913,-0.875,2.575,5.325,2.075,0,0,0,0,-0.4668780594,0,0,1.102708,4.349523,5.452231,45668,empty
unknown_barrier,16,tdt_astar,20260913,-0.875,2.575,5.325,2.075,0,0,0,0,-0.4668780594,0,0,1.102708,4.916687,6.019395,45668,no A* path
unknown_barrier,16,tdt_qp,20260913,-0.875,2.575,5.325,2.075,0,0,0,0,-0.4668780594,0,0,1.102708,4.884726,5.987434,45668,no A* path
unknown_barrier,17,smac2d,20260913,-0.375,2.325,4.925,1.825,0,0,0,0,-0.4668780594,0,0,1.102708,4.55698,5.659688,45668,empty
unknown_barrier,17,tdt_astar,20260913,-0.375,2.325,4.925,1.825,0,0,0,0,-0.4668780594,0,0,1.102708,5.50922,6.611928,45668,no A* path
unknown_barrier,17,tdt_qp,20260913,-0.375,2.325,4.925,1.825,0,0,0,0,-0.4668780594,0,0,1.102708,7.157891,8.260599,45668,no A* path
unknown_barrier,17,navfn,20260913,-0.375,2.325,4.925,1.825,0,0,0,0,-0.4668780594,0,0,1.102708,0.486914,1.589622,45668,empty
unknown_barrier,18,tdt_astar,20260913,-1.475,1.925,5.125,2.075,0,0,0,0,-0.4668780594,0,0,1.102708,4.031581,5.134289,45668,no A* path
unknown_barrier,18,tdt_qp,20260913,-1.475,1.925,5.125,2.075,0,0,0,0,-0.4668780594,0,0,1.102708,3.836068,4.938776,45668,no A* path
unknown_barrier,18,navfn,20260913,-1.475,1.925,5.125,2.075,0,0,0,0,-0.4668780594,0,0,1.102708,0.509951,1.612659,45668,empty
unknown_barrier,18,smac2d,20260913,-1.475,1.925,5.125,2.075,0,0,0,0,-0.4668780594,0,0,1.102708,6.157253,7.259961,45668,empty
unknown_barrier,19,tdt_qp,20260913,-1.775,2.375,4.925,1.475,0,0,0,0,-0.4668780594,0,0,1.102708,3.873006,4.975714,45668,no A* path
unknown_barrier,19,navfn,20260913,-1.775,2.375,4.925,1.475,0,0,0,0,-0.4668780594,0,0,1.102708,0.443639,1.546347,45668,empty
unknown_barrier,19,smac2d,20260913,-1.775,2.375,4.925,1.475,0,0,0,0,-0.4668780594,0,0,1.102708,5.591786,6.694494,45668,empty
unknown_barrier,19,tdt_astar,20260913,-1.775,2.375,4.925,1.475,0,0,0,0,-0.4668780594,0,0,1.102708,6.47435,7.577058,45668,no A* path
unknown_barrier,20,navfn,20260913,-1.625,2.825,5.225,1.775,0,0,0,0,-0.4668780594,0,0,1.102708,0.601284,1.703992,45668,empty
unknown_barrier,20,smac2d,20260913,-1.625,2.825,5.225,1.775,0,0,0,0,-0.4668780594,0,0,1.102708,4.546306,5.649014,45668,empty
unknown_barrier,20,tdt_astar,20260913,-1.625,2.825,5.225,1.775,0,0,0,0,-0.4668780594,0,0,1.102708,3.903826,5.006534,45668,no A* path
unknown_barrier,20,tdt_qp,20260913,-1.625,2.825,5.225,1.775,0,0,0,0,-0.4668780594,0,0,1.102708,4.84108,5.943788,45668,no A* path
unknown_barrier,21,smac2d,20260913,-0.375,2.575,4.475,1.525,0,0,0,0,-0.4668780594,0,0,1.102708,4.492526,5.595234,45668,empty
unknown_barrier,21,tdt_astar,20260913,-0.375,2.575,4.475,1.525,0,0,0,0,-0.4668780594,0,0,1.102708,4.334278,5.436986,45668,no A* path
unknown_barrier,21,tdt_qp,20260913,-0.375,2.575,4.475,1.525,0,0,0,0,-0.4668780594,0,0,1.102708,5.962606,7.065314,45668,no A* path
unknown_barrier,21,navfn,20260913,-0.375,2.575,4.475,1.525,0,0,0,0,-0.4668780594,0,0,1.102708,1.050485,2.153193,45668,empty
unknown_barrier,22,tdt_astar,20260913,-1.175,2.975,4.625,1.475,0,0,0,0,-0.4668780594,0,0,1.102708,7.211471,8.314179,45668,no A* path
unknown_barrier,22,tdt_qp,20260913,-1.175,2.975,4.625,1.475,0,0,0,0,-0.4668780594,0,0,1.102708,4.216048,5.318756,45668,no A* path
unknown_barrier,22,navfn,20260913,-1.175,2.975,4.625,1.475,0,0,0,0,-0.4668780594,0,0,1.102708,0.492245,1.594953,45668,empty
unknown_barrier,22,smac2d,20260913,-1.175,2.975,4.625,1.475,0,0,0,0,-0.4668780594,0,0,1.102708,6.435117,7.537825,45668,empty
unknown_barrier,23,tdt_qp,20260913,-1.975,2.775,4.475,1.275,0,0,0,0,-0.4668780594,0,0,1.102708,3.899306,5.002014,45668,no A* path
unknown_barrier,23,navfn,20260913,-1.975,2.775,4.475,1.275,0,0,0,0,-0.4668780594,0,0,1.102708,0.484172,1.58688,45668,empty
unknown_barrier,23,smac2d,20260913,-1.975,2.775,4.475,1.275,0,0,0,0,-0.4668780594,0,0,1.102708,5.353399,6.456107,45668,empty
unknown_barrier,23,tdt_astar,20260913,-1.975,2.775,4.475,1.275,0,0,0,0,-0.4668780594,0,0,1.102708,7.004103,8.106811,45668,no A* path
unknown_barrier,24,navfn,20260913,-1.425,2.925,5.225,1.575,0,0,0,0,-0.4668780594,0,0,1.102708,0.558779,1.661487,45668,empty
unknown_barrier,24,smac2d,20260913,-1.425,2.925,5.225,1.575,0,0,0,0,-0.4668780594,0,0,1.102708,4.817249,5.919957,45668,empty
unknown_barrier,24,tdt_astar,20260913,-1.425,2.925,5.225,1.575,0,0,0,0,-0.4668780594,0,0,1.102708,3.939664,5.042372,45668,no A* path
unknown_barrier,24,tdt_qp,20260913,-1.425,2.925,5.225,1.575,0,0,0,0,-0.4668780594,0,0,1.102708,4.683756,5.786464,45668,no A* path
unknown_barrier,25,smac2d,20260913,-0.425,1.625,4.275,3.225,0,0,0,0,-0.4668780594,0,0,1.102708,4.60651,5.709218,45668,empty
unknown_barrier,25,tdt_astar,20260913,-0.425,1.625,4.275,3.225,0,0,0,0,-0.4668780594,0,0,1.102708,3.960245,5.062953,45668,no A* path
unknown_barrier,25,tdt_qp,20260913,-0.425,1.625,4.275,3.225,0,0,0,0,-0.4668780594,0,0,1.102708,4.677483,5.780191,45668,no A* path
unknown_barrier,25,navfn,20260913,-0.425,1.625,4.275,3.225,0,0,0,0,-0.4668780594,0,0,1.102708,0.968744,2.071452,45668,empty
unknown_barrier,26,tdt_astar,20260913,-1.425,3.025,4.725,3.175,0,0,0,0,-0.4668780594,0,0,1.102708,7.251072,8.35378,45668,no A* path
unknown_barrier,26,tdt_qp,20260913,-1.425,3.025,4.725,3.175,0,0,0,0,-0.4668780594,0,0,1.102708,3.927244,5.029952,45668,no A* path
unknown_barrier,26,navfn,20260913,-1.425,3.025,4.725,3.175,0,0,0,0,-0.4668780594,0,0,1.102708,0.43761,1.540318,45668,empty
unknown_barrier,26,smac2d,20260913,-1.425,3.025,4.725,3.175,0,0,0,0,-0.4668780594,0,0,1.102708,4.318849,5.421557,45668,empty
unknown_barrier,27,tdt_qp,20260913,-1.275,2.775,5.475,1.375,0,0,0,0,-0.4668780594,0,0,1.102708,5.321299,6.424007,45668,no A* path
unknown_barrier,27,navfn,20260913,-1.275,2.775,5.475,1.375,0,0,0,0,-0.4668780594,0,0,1.102708,0.4576,1.560308,45668,empty
unknown_barrier,27,smac2d,20260913,-1.275,2.775,5.475,1.375,0,0,0,0,-0.4668780594,0,0,1.102708,4.40325,5.505958,45668,empty
unknown_barrier,27,tdt_astar,20260913,-1.275,2.775,5.475,1.375,0,0,0,0,-0.4668780594,0,0,1.102708,4.450605,5.553313,45668,no A* path
unknown_barrier,28,navfn,20260913,-0.625,1.525,4.625,1.575,0,0,0,0,-0.4668780594,0,0,1.102708,0.687929,1.790637,45668,empty
unknown_barrier,28,smac2d,20260913,-0.625,1.525,4.625,1.575,0,0,0,0,-0.4668780594,0,0,1.102708,8.470967,9.573675,45668,empty
unknown_barrier,28,tdt_astar,20260913,-0.625,1.525,4.625,1.575,0,0,0,0,-0.4668780594,0,0,1.102708,4.617917,5.720625,45668,no A* path
unknown_barrier,28,tdt_qp,20260913,-0.625,1.525,4.625,1.575,0,0,0,0,-0.4668780594,0,0,1.102708,4.02974,5.132448,45668,no A* path
unknown_barrier,29,smac2d,20260913,-1.875,3.075,4.025,1.725,0,0,0,0,-0.4668780594,0,0,1.102708,6.427037,7.529745,45668,empty
unknown_barrier,29,tdt_astar,20260913,-1.875,3.075,4.025,1.725,0,0,0,0,-0.4668780594,0,0,1.102708,4.120897,5.223605,45668,no A* path
unknown_barrier,29,tdt_qp,20260913,-1.875,3.075,4.025,1.725,0,0,0,0,-0.4668780594,0,0,1.102708,4.175222,5.27793,45668,no A* path
unknown_barrier,29,navfn,20260913,-1.875,3.075,4.025,1.725,0,0,0,0,-0.4668780594,0,0,1.102708,0.672311,1.775019,45668,empty
unknown_barrier,30,tdt_astar,20260913,-1.425,1.775,4.025,2.125,0,0,0,0,-0.4668780594,0,0,1.102708,6.99524,8.097948,45668,no A* path
unknown_barrier,30,tdt_qp,20260913,-1.425,1.775,4.025,2.125,0,0,0,0,-0.4668780594,0,0,1.102708,6.557525,7.660233,45668,no A* path
unknown_barrier,30,navfn,20260913,-1.425,1.775,4.025,2.125,0,0,0,0,-0.4668780594,0,0,1.102708,0.435188,1.537896,45668,empty
unknown_barrier,30,smac2d,20260913,-1.425,1.775,4.025,2.125,0,0,0,0,-0.4668780594,0,0,1.102708,4.771849,5.874557,45668,empty
unknown_barrier,31,tdt_qp,20260913,-0.875,1.925,5.475,1.425,0,0,0,0,-0.4668780594,0,0,1.102708,5.485886,6.588594,45668,no A* path
unknown_barrier,31,navfn,20260913,-0.875,1.925,5.475,1.425,0,0,0,0,-0.4668780594,0,0,1.102708,0.44877,1.551478,45668,empty
unknown_barrier,31,smac2d,20260913,-0.875,1.925,5.475,1.425,0,0,0,0,-0.4668780594,0,0,1.102708,4.351271,5.453979,45668,empty
unknown_barrier,31,tdt_astar,20260913,-0.875,1.925,5.475,1.425,0,0,0,0,-0.4668780594,0,0,1.102708,4.5027,5.605408,45668,no A* path
unknown_barrier,32,navfn,20260913,-0.525,1.375,5.175,2.775,0,0,0,0,-0.4668780594,0,0,1.102708,0.53875,1.641458,45668,empty
unknown_barrier,32,smac2d,20260913,-0.525,1.375,5.175,2.775,0,0,0,0,-0.4668780594,0,0,1.102708,9.454401,10.557109,45668,empty
unknown_barrier,32,tdt_astar,20260913,-0.525,1.375,5.175,2.775,0,0,0,0,-0.4668780594,0,0,1.102708,4.002549,5.105257,45668,no A* path
unknown_barrier,32,tdt_qp,20260913,-0.525,1.375,5.175,2.775,0,0,0,0,-0.4668780594,0,0,1.102708,3.868324,4.971032,45668,no A* path
unknown_barrier,33,smac2d,20260913,-0.275,2.075,4.425,2.625,0,0,0,0,-0.4668780594,0,0,1.102708,6.048591,7.151299,45668,empty
unknown_barrier,33,tdt_astar,20260913,-0.275,2.075,4.425,2.625,0,0,0,0,-0.4668780594,0,0,1.102708,4.265371,5.368079,45668,no A* path
unknown_barrier,33,tdt_qp,20260913,-0.275,2.075,4.425,2.625,0,0,0,0,-0.4668780594,0,0,1.102708,4.783845,5.886553,45668,no A* path
unknown_barrier,33,navfn,20260913,-0.275,2.075,4.425,2.625,0,0,0,0,-0.4668780594,0,0,1.102708,0.684243,1.786951,45668,empty
unknown_barrier,34,tdt_astar,20260913,-0.625,2.975,5.125,2.575,0,0,0,0,-0.4668780594,0,0,1.102708,5.780158,6.882866,45668,no A* path
unknown_barrier,34,tdt_qp,20260913,-0.625,2.975,5.125,2.575,0,0,0,0,-0.4668780594,0,0,1.102708,3.994308,5.097016,45668,no A* path
unknown_barrier,34,navfn,20260913,-0.625,2.975,5.125,2.575,0,0,0,0,-0.4668780594,0,0,1.102708,0.455662,1.55837,45668,empty
unknown_barrier,34,smac2d,20260913,-0.625,2.975,5.125,2.575,0,0,0,0,-0.4668780594,0,0,1.102708,4.267489,5.370197,45668,empty
unknown_barrier,35,tdt_qp,20260913,-0.275,2.775,3.975,2.775,0,0,0,0,-0.4668780594,0,0,1.102708,4.659226,5.761934,45668,no A* path
unknown_barrier,35,navfn,20260913,-0.275,2.775,3.975,2.775,0,0,0,0,-0.4668780594,0,0,1.102708,0.582057,1.684765,45668,empty
unknown_barrier,35,smac2d,20260913,-0.275,2.775,3.975,2.775,0,0,0,0,-0.4668780594,0,0,1.102708,4.555033,5.657741,45668,empty
unknown_barrier,35,tdt_astar,20260913,-0.275,2.775,3.975,2.775,0,0,0,0,-0.4668780594,0,0,1.102708,3.964185,5.066893,45668,no A* path
unknown_barrier,36,navfn,20260913,-1.475,2.475,4.525,2.075,0,0,0,0,-0.4668780594,0,0,1.102708,0.428018,1.530726,45668,empty
unknown_barrier,36,smac2d,20260913,-1.475,2.475,4.525,2.075,0,0,0,0,-0.4668780594,0,0,1.102708,6.94783,8.050538,45668,empty
unknown_barrier,36,tdt_astar,20260913,-1.475,2.475,4.525,2.075,0,0,0,0,-0.4668780594,0,0,1.102708,6.618181,7.720889,45668,no A* path
unknown_barrier,36,tdt_qp,20260913,-1.475,2.475,4.525,2.075,0,0,0,0,-0.4668780594,0,0,1.102708,3.92323,5.025938,45668,no A* path
unknown_barrier,37,smac2d,20260913,-1.675,2.475,4.475,3.175,0,0,0,0,-0.4668780594,0,0,1.102708,4.563542,5.66625,45668,empty
unknown_barrier,37,tdt_astar,20260913,-1.675,2.475,4.475,3.175,0,0,0,0,-0.4668780594,0,0,1.102708,5.559342,6.66205,45668,no A* path
unknown_barrier,37,tdt_qp,20260913,-1.675,2.475,4.475,3.175,0,0,0,0,-0.4668780594,0,0,1.102708,4.462238,5.564946,45668,no A* path
unknown_barrier,37,navfn,20260913,-1.675,2.475,4.475,3.175,0,0,0,0,-0.4668780594,0,0,1.102708,0.65422,1.756928,45668,empty
unknown_barrier,38,tdt_astar,20260913,-1.225,2.125,4.975,2.575,0,0,0,0,-0.4668780594,0,0,1.102708,4.581018,5.683726,45668,no A* path
unknown_barrier,38,tdt_qp,20260913,-1.225,2.125,4.975,2.575,0,0,0,0,-0.4668780594,0,0,1.102708,5.854109,6.956817,45668,no A* path
unknown_barrier,38,navfn,20260913,-1.225,2.125,4.975,2.575,0,0,0,0,-0.4668780594,0,0,1.102708,0.505963,1.608671,45668,empty
unknown_barrier,38,smac2d,20260913,-1.225,2.125,4.975,2.575,0,0,0,0,-0.4668780594,0,0,1.102708,4.63233,5.735038,45668,empty
unknown_barrier,39,tdt_qp,20260913,-1.425,2.375,4.875,1.275,0,0,0,0,-0.4668780594,0,0,1.102708,3.869724,4.972432,45668,no A* path
unknown_barrier,39,navfn,20260913,-1.425,2.375,4.875,1.275,0,0,0,0,-0.4668780594,0,0,1.102708,0.408182,1.51089,45668,empty
unknown_barrier,39,smac2d,20260913,-1.425,2.375,4.875,1.275,0,0,0,0,-0.4668780594,0,0,1.102708,5.933217,7.035925,45668,empty
unknown_barrier,39,tdt_astar,20260913,-1.425,2.375,4.875,1.275,0,0,0,0,-0.4668780594,0,0,1.102708,4.299483,5.402191,45668,no A* path
unknown_barrier,40,navfn,20260913,-1.475,2.525,5.225,1.875,0,0,0,0,-0.4668780594,0,0,1.102708,0.436228,1.538936,45668,empty
unknown_barrier,40,smac2d,20260913,-1.475,2.525,5.225,1.875,0,0,0,0,-0.4668780594,0,0,1.102708,5.260768,6.363476,45668,empty
unknown_barrier,40,tdt_astar,20260913,-1.475,2.525,5.225,1.875,0,0,0,0,-0.4668780594,0,0,1.102708,6.250222,7.35293,45668,no A* path
unknown_barrier,40,tdt_qp,20260913,-1.475,2.525,5.225,1.875,0,0,0,0,-0.4668780594,0,0,1.102708,6.859214,7.961922,45668,no A* path
unknown_barrier,41,smac2d,20260913,-0.975,3.125,5.175,1.975,0,0,0,0,-0.4668780594,0,0,1.102708,4.33512,5.437828,45668,empty
unknown_barrier,41,tdt_astar,20260913,-0.975,3.125,5.175,1.975,0,0,0,0,-0.4668780594,0,0,1.102708,5.067878,6.170586,45668,no A* path
unknown_barrier,41,tdt_qp,20260913,-0.975,3.125,5.175,1.975,0,0,0,0,-0.4668780594,0,0,1.102708,5.082716,6.185424,45668,no A* path
unknown_barrier,41,navfn,20260913,-0.975,3.125,5.175,1.975,0,0,0,0,-0.4668780594,0,0,1.102708,0.560599,1.663307,45668,empty
unknown_barrier,42,tdt_astar,20260913,-1.325,1.775,4.675,1.275,0,0,0,0,-0.4668780594,0,0,1.102708,4.996823,6.099531,45668,no A* path
unknown_barrier,42,tdt_qp,20260913,-1.325,1.775,4.675,1.275,0,0,0,0,-0.4668780594,0,0,1.102708,6.363203,7.465911,45668,no A* path
unknown_barrier,42,navfn,20260913,-1.325,1.775,4.675,1.275,0,0,0,0,-0.4668780594,0,0,1.102708,1.461198,2.563906,45668,empty
unknown_barrier,42,smac2d,20260913,-1.325,1.775,4.675,1.275,0,0,0,0,-0.4668780594,0,0,1.102708,6.16382,7.266528,45668,empty
unknown_barrier,43,tdt_qp,20260913,-0.825,1.625,3.825,1.975,0,0,0,0,-0.4668780594,0,0,1.102708,3.863668,4.966376,45668,no A* path
unknown_barrier,43,navfn,20260913,-0.825,1.625,3.825,1.975,0,0,0,0,-0.4668780594,0,0,1.102708,0.40701,1.509718,45668,empty
unknown_barrier,43,smac2d,20260913,-0.825,1.625,3.825,1.975,0,0,0,0,-0.4668780594,0,0,1.102708,5.824705,6.927413,45668,empty
unknown_barrier,43,tdt_astar,20260913,-0.825,1.625,3.825,1.975,0,0,0,0,-0.4668780594,0,0,1.102708,3.920002,5.02271,45668,no A* path
unknown_barrier,44,navfn,20260913,-1.775,1.725,5.425,3.225,0,0,0,0,-0.4668780594,0,0,1.102708,0.415816,1.518524,45668,empty
unknown_barrier,44,smac2d,20260913,-1.775,1.725,5.425,3.225,0,0,0,0,-0.4668780594,0,0,1.102708,5.283991,6.386699,45668,empty
unknown_barrier,44,tdt_astar,20260913,-1.775,1.725,5.425,3.225,0,0,0,0,-0.4668780594,0,0,1.102708,6.344614,7.447322,45668,no A* path
unknown_barrier,44,tdt_qp,20260913,-1.775,1.725,5.425,3.225,0,0,0,0,-0.4668780594,0,0,1.102708,5.274155,6.376863,45668,no A* path
unknown_barrier,45,smac2d,20260913,-1.325,1.925,4.425,3.025,0,0,0,0,-0.4668780594,0,0,1.102708,4.422798,5.525506,45668,empty
unknown_barrier,45,tdt_astar,20260913,-1.325,1.925,4.425,3.025,0,0,0,0,-0.4668780594,0,0,1.102708,4.922363,6.025071,45668,no A* path
unknown_barrier,45,tdt_qp,20260913,-1.325,1.925,4.425,3.025,0,0,0,0,-0.4668780594,0,0,1.102708,4.407552,5.51026,45668,no A* path
unknown_barrier,45,navfn,20260913,-1.325,1.925,4.425,3.025,0,0,0,0,-0.4668780594,0,0,1.102708,0.473603,1.576311,45668,empty
unknown_barrier,46,tdt_astar,20260913,-1.075,1.775,4.875,2.125,0,0,0,0,-0.4668780594,0,0,1.102708,3.899031,5.001739,45668,no A* path
unknown_barrier,46,tdt_qp,20260913,-1.075,1.775,4.875,2.125,0,0,0,0,-0.4668780594,0,0,1.102708,4.550059,5.652767,45668,no A* path
unknown_barrier,46,navfn,20260913,-1.075,1.775,4.875,2.125,0,0,0,0,-0.4668780594,0,0,1.102708,0.783127,1.885835,45668,empty
unknown_barrier,46,smac2d,20260913,-1.075,1.775,4.875,2.125,0,0,0,0,-0.4668780594,0,0,1.102708,8.606546,9.709254,45668,empty
unknown_barrier,47,tdt_qp,20260913,-0.475,1.625,4.525,3.125,0,0,0,0,-0.4668780594,0,0,1.102708,3.98679,5.089498,45668,no A* path
unknown_barrier,47,navfn,20260913,-0.475,1.625,4.525,3.125,0,0,0,0,-0.4668780594,0,0,1.102708,0.407419,1.510127,45668,empty
unknown_barrier,47,smac2d,20260913,-0.475,1.625,4.525,3.125,0,0,0,0,-0.4668780594,0,0,1.102708,4.947427,6.050135,45668,empty
unknown_barrier,47,tdt_astar,20260913,-0.475,1.625,4.525,3.125,0,0,0,0,-0.4668780594,0,0,1.102708,4.820557,5.923265,45668,no A* path
unknown_barrier,48,navfn,20260913,-0.375,1.725,4.025,2.825,0,0,0,0,-0.4668780594,0,0,1.102708,0.441266,1.543974,45668,empty
unknown_barrier,48,smac2d,20260913,-0.375,1.725,4.025,2.825,0,0,0,0,-0.4668780594,0,0,1.102708,5.274018,6.376726,45668,empty
unknown_barrier,48,tdt_astar,20260913,-0.375,1.725,4.025,2.825,0,0,0,0,-0.4668780594,0,0,1.102708,6.126297,7.229005,45668,no A* path
unknown_barrier,48,tdt_qp,20260913,-0.375,1.725,4.025,2.825,0,0,0,0,-0.4668780594,0,0,1.102708,5.320005,6.422713,45668,no A* path
unknown_barrier,49,smac2d,20260913,-1.775,1.775,4.225,2.525,0,0,0,0,-0.4668780594,0,0,1.102708,4.549538,5.652246,45668,empty
unknown_barrier,49,tdt_astar,20260913,-1.775,1.775,4.225,2.525,0,0,0,0,-0.4668780594,0,0,1.102708,3.842996,4.945704,45668,no A* path
unknown_barrier,49,tdt_qp,20260913,-1.775,1.775,4.225,2.525,0,0,0,0,-0.4668780594,0,0,1.102708,4.864672,5.96738,45668,no A* path
unknown_barrier,49,navfn,20260913,-1.775,1.775,4.225,2.525,0,0,0,0,-0.4668780594,0,0,1.102708,0.618887,1.721595,45668,empty
unknown_barrier,50,tdt_astar,20260913,-1.225,1.525,5.475,1.975,0,0,0,0,-0.4668780594,0,0,1.102708,4.071484,5.174192,45668,no A* path
unknown_barrier,50,tdt_qp,20260913,-1.225,1.525,5.475,1.975,0,0,0,0,-0.4668780594,0,0,1.102708,3.892227,4.994935,45668,no A* path
unknown_barrier,50,navfn,20260913,-1.225,1.525,5.475,1.975,0,0,0,0,-0.4668780594,0,0,1.102708,0.520829,1.623537,45668,empty
unknown_barrier,50,smac2d,20260913,-1.225,1.525,5.475,1.975,0,0,0,0,-0.4668780594,0,0,1.102708,7.583566,8.686274,45668,empty
unknown_barrier,51,tdt_qp,20260913,-1.475,3.025,3.775,1.525,0,0,0,0,-0.4668780594,0,0,1.102708,6.395882,7.49859,45668,no A* path
unknown_barrier,51,navfn,20260913,-1.475,3.025,3.775,1.525,0,0,0,0,-0.4668780594,0,0,1.102708,0.460248,1.562956,45668,empty
unknown_barrier,51,smac2d,20260913,-1.475,3.025,3.775,1.525,0,0,0,0,-0.4668780594,0,0,1.102708,4.398908,5.501616,45668,empty
unknown_barrier,51,tdt_astar,20260913,-1.475,3.025,3.775,1.525,0,0,0,0,-0.4668780594,0,0,1.102708,5.274329,6.377037,45668,no A* path
unknown_barrier,52,navfn,20260913,-0.525,1.775,5.475,1.825,0,0,0,0,-0.4668780594,0,0,1.102708,0.487442,1.59015,45668,empty
unknown_barrier,52,smac2d,20260913,-0.525,1.775,5.475,1.825,0,0,0,0,-0.4668780594,0,0,1.102708,5.317048,6.419756,45668,empty
unknown_barrier,52,tdt_astar,20260913,-0.525,1.775,5.475,1.825,0,0,0,0,-0.4668780594,0,0,1.102708,4.793027,5.895735,45668,no A* path
unknown_barrier,52,tdt_qp,20260913,-0.525,1.775,5.475,1.825,0,0,0,0,-0.4668780594,0,0,1.102708,5.419143,6.521851,45668,no A* path
unknown_barrier,53,smac2d,20260913,-1.175,3.125,4.075,2.025,0,0,0,0,-0.4668780594,0,0,1.102708,5.191048,6.293756,45668,empty
unknown_barrier,53,tdt_astar,20260913,-1.175,3.125,4.075,2.025,0,0,0,0,-0.4668780594,0,0,1.102708,3.899613,5.002321,45668,no A* path
unknown_barrier,53,tdt_qp,20260913,-1.175,3.125,4.075,2.025,0,0,0,0,-0.4668780594,0,0,1.102708,3.858303,4.961011,45668,no A* path
unknown_barrier,53,navfn,20260913,-1.175,3.125,4.075,2.025,0,0,0,0,-0.4668780594,0,0,1.102708,0.927495,2.030203,45668,empty
unknown_barrier,54,tdt_astar,20260913,-1.875,1.275,4.575,2.375,0,0,0,0,-0.4668780594,0,0,1.102708,4.968387,6.071095,45668,no A* path
unknown_barrier,54,tdt_qp,20260913,-1.875,1.275,4.575,2.375,0,0,0,0,-0.4668780594,0,0,1.102708,3.716393,4.819101,45668,no A* path
unknown_barrier,54,navfn,20260913,-1.875,1.275,4.575,2.375,0,0,0,0,-0.4668780594,0,0,1.102708,0.463939,1.566647,45668,empty
unknown_barrier,54,smac2d,20260913,-1.875,1.275,4.575,2.375,0,0,0,0,-0.4668780594,0,0,1.102708,6.015519,7.118227,45668,empty
unknown_barrier,55,tdt_qp,20260913,-0.725,2.025,5.275,1.275,0,0,0,0,-0.4668780594,0,0,1.102708,9.153023,10.255731,45668,no A* path
unknown_barrier,55,navfn,20260913,-0.725,2.025,5.275,1.275,0,0,0,0,-0.4668780594,0,0,1.102708,0.477032,1.57974,45668,empty
unknown_barrier,55,smac2d,20260913,-0.725,2.025,5.275,1.275,0,0,0,0,-0.4668780594,0,0,1.102708,4.287269,5.389977,45668,empty
unknown_barrier,55,tdt_astar,20260913,-0.725,2.025,5.275,1.275,0,0,0,0,-0.4668780594,0,0,1.102708,4.079243,5.181951,45668,no A* path
unknown_barrier,56,navfn,20260913,-0.375,2.725,4.075,1.825,0,0,0,0,-0.4668780594,0,0,1.102708,0.603163,1.705871,45668,empty
unknown_barrier,56,smac2d,20260913,-0.375,2.725,4.075,1.825,0,0,0,0,-0.4668780594,0,0,1.102708,5.050416,6.153124,45668,empty
unknown_barrier,56,tdt_astar,20260913,-0.375,2.725,4.075,1.825,0,0,0,0,-0.4668780594,0,0,1.102708,3.982816,5.085524,45668,no A* path
unknown_barrier,56,tdt_qp,20260913,-0.375,2.725,4.075,1.825,0,0,0,0,-0.4668780594,0,0,1.102708,3.966774,5.069482,45668,no A* path
unknown_barrier,57,smac2d,20260913,-0.675,2.275,4.325,1.425,0,0,0,0,-0.4668780594,0,0,1.102708,8.629363,9.732071,45668,empty
unknown_barrier,57,tdt_astar,20260913,-0.675,2.275,4.325,1.425,0,0,0,0,-0.4668780594,0,0,1.102708,4.044163,5.146871,45668,no A* path
unknown_barrier,57,tdt_qp,20260913,-0.675,2.275,4.325,1.425,0,0,0,0,-0.4668780594,0,0,1.102708,3.701405,4.804113,45668,no A* path
unknown_barrier,57,navfn,20260913,-0.675,2.275,4.325,1.425,0,0,0,0,-0.4668780594,0,0,1.102708,0.396441,1.499149,45668,empty
unknown_barrier,58,tdt_astar,20260913,-0.575,1.825,5.275,3.075,0,0,0,0,-0.4668780594,0,0,1.102708,5.054051,6.156759,45668,no A* path
unknown_barrier,58,tdt_qp,20260913,-0.575,1.825,5.275,3.075,0,0,0,0,-0.4668780594,0,0,1.102708,4.225135,5.327843,45668,no A* path
unknown_barrier,58,navfn,20260913,-0.575,1.825,5.275,3.075,0,0,0,0,-0.4668780594,0,0,1.102708,0.424362,1.52707,45668,empty
unknown_barrier,58,smac2d,20260913,-0.575,1.825,5.275,3.075,0,0,0,0,-0.4668780594,0,0,1.102708,4.155596,5.258304,45668,empty
unknown_barrier,59,tdt_qp,20260913,-1.375,1.825,4.475,1.575,0,0,0,0,-0.4668780594,0,0,1.102708,4.768184,5.870892,45668,no A* path
unknown_barrier,59,navfn,20260913,-1.375,1.825,4.475,1.575,0,0,0,0,-0.4668780594,0,0,1.102708,1.19149,2.294198,45668,empty
unknown_barrier,59,smac2d,20260913,-1.375,1.825,4.475,1.575,0,0,0,0,-0.4668780594,0,0,1.102708,7.701268,8.803976,45668,empty
unknown_barrier,59,tdt_astar,20260913,-1.375,1.825,4.475,1.575,0,0,0,0,-0.4668780594,0,0,1.102708,4.72436,5.827068,45668,no A* path
unknown_barrier,60,navfn,20260913,-1.125,1.975,3.825,1.525,0,0,0,0,-0.4668780594,0,0,1.102708,0.499192,1.6019,45668,empty
unknown_barrier,60,smac2d,20260913,-1.125,1.975,3.825,1.525,0,0,0,0,-0.4668780594,0,0,1.102708,5.911759,7.014467,45668,empty
unknown_barrier,60,tdt_astar,20260913,-1.125,1.975,3.825,1.525,0,0,0,0,-0.4668780594,0,0,1.102708,5.117411,6.220119,45668,no A* path
unknown_barrier,60,tdt_qp,20260913,-1.125,1.975,3.825,1.525,0,0,0,0,-0.4668780594,0,0,1.102708,4.280956,5.383664,45668,no A* path
unknown_barrier,61,smac2d,20260913,-0.975,2.125,4.525,2.875,0,0,0,0,-0.4668780594,0,0,1.102708,9.033655,10.136363,45668,empty
unknown_barrier,61,tdt_astar,20260913,-0.975,2.125,4.525,2.875,0,0,0,0,-0.4668780594,0,0,1.102708,6.898601,8.001309,45668,no A* path
unknown_barrier,61,tdt_qp,20260913,-0.975,2.125,4.525,2.875,0,0,0,0,-0.4668780594,0,0,1.102708,5.212549,6.315257,45668,no A* path
unknown_barrier,61,navfn,20260913,-0.975,2.125,4.525,2.875,0,0,0,0,-0.4668780594,0,0,1.102708,0.762687,1.865395,45668,empty
unknown_barrier,62,tdt_astar,20260913,-1.575,2.475,4.375,2.525,0,0,0,0,-0.4668780594,0,0,1.102708,5.15875,6.261458,45668,no A* path
unknown_barrier,62,tdt_qp,20260913,-1.575,2.475,4.375,2.525,0,0,0,0,-0.4668780594,0,0,1.102708,4.281469,5.384177,45668,no A* path
unknown_barrier,62,navfn,20260913,-1.575,2.475,4.375,2.525,0,0,0,0,-0.4668780594,0,0,1.102708,0.505903,1.608611,45668,empty
unknown_barrier,62,smac2d,20260913,-1.575,2.475,4.375,2.525,0,0,0,0,-0.4668780594,0,0,1.102708,6.346625,7.449333,45668,empty
unknown_barrier,63,tdt_qp,20260913,-1.425,2.275,4.525,2.475,0,0,0,0,-0.4668780594,0,0,1.102708,7.030905,8.133613,45668,no A* path
unknown_barrier,63,navfn,20260913,-1.425,2.275,4.525,2.475,0,0,0,0,-0.4668780594,0,0,1.102708,0.519667,1.622375,45668,empty
unknown_barrier,63,smac2d,20260913,-1.425,2.275,4.525,2.475,0,0,0,0,-0.4668780594,0,0,1.102708,4.406716,5.509424,45668,empty
unknown_barrier,63,tdt_astar,20260913,-1.425,2.275,4.525,2.475,0,0,0,0,-0.4668780594,0,0,1.102708,4.796934,5.899642,45668,no A* path
unknown_barrier,64,navfn,20260913,-0.675,1.725,4.875,2.275,0,0,0,0,-0.4668780594,0,0,1.102708,0.758756,1.861464,45668,empty
unknown_barrier,64,smac2d,20260913,-0.675,1.725,4.875,2.275,0,0,0,0,-0.4668780594,0,0,1.102708,5.800091,6.902799,45668,empty
unknown_barrier,64,tdt_astar,20260913,-0.675,1.725,4.875,2.275,0,0,0,0,-0.4668780594,0,0,1.102708,4.373841,5.476549,45668,no A* path
unknown_barrier,64,tdt_qp,20260913,-0.675,1.725,4.875,2.275,0,0,0,0,-0.4668780594,0,0,1.102708,6.033361,7.136069,45668,no A* path
unknown_barrier,65,smac2d,20260913,-0.675,2.125,5.425,1.875,0,0,0,0,-0.4668780594,0,0,1.102708,5.143765,6.246473,45668,empty
unknown_barrier,65,tdt_astar,20260913,-0.675,2.125,5.425,1.875,0,0,0,0,-0.4668780594,0,0,1.102708,3.968157,5.070865,45668,no A* path
unknown_barrier,65,tdt_qp,20260913,-0.675,2.125,5.425,1.875,0,0,0,0,-0.4668780594,0,0,1.102708,3.896864,4.999572,45668,no A* path
unknown_barrier,65,navfn,20260913,-0.675,2.125,5.425,1.875,0,0,0,0,-0.4668780594,0,0,1.102708,0.455457,1.558165,45668,empty
unknown_barrier,66,tdt_astar,20260913,-0.975,2.025,4.125,1.475,0,0,0,0,-0.4668780594,0,0,1.102708,4.994409,6.097117,45668,no A* path
unknown_barrier,66,tdt_qp,20260913,-0.975,2.025,4.125,1.475,0,0,0,0,-0.4668780594,0,0,1.102708,3.974624,5.077332,45668,no A* path
unknown_barrier,66,navfn,20260913,-0.975,2.025,4.125,1.475,0,0,0,0,-0.4668780594,0,0,1.102708,0.441071,1.543779,45668,empty
unknown_barrier,66,smac2d,20260913,-0.975,2.025,4.125,1.475,0,0,0,0,-0.4668780594,0,0,1.102708,4.755791,5.858499,45668,empty
unknown_barrier,67,tdt_qp,20260913,-1.725,1.475,4.275,2.125,0,0,0,0,-0.4668780594,0,0,1.102708,5.477795,6.580503,45668,no A* path
unknown_barrier,67,navfn,20260913,-1.725,1.475,4.275,2.125,0,0,0,0,-0.4668780594,0,0,1.102708,0.86786,1.970568,45668,empty
unknown_barrier,67,smac2d,20260913,-1.725,1.475,4.275,2.125,0,0,0,0,-0.4668780594,0,0,1.102708,7.478958,8.581666,45668,empty
unknown_barrier,67,tdt_astar,20260913,-1.725,1.475,4.275,2.125,0,0,0,0,-0.4668780594,0,0,1.102708,3.819364,4.922072,45668,no A* path
unknown_barrier,68,navfn,20260913,-0.375,1.925,3.775,2.025,0,0,0,0,-0.4668780594,0,0,1.102708,0.416627,1.519335,45668,empty
unknown_barrier,68,smac2d,20260913,-0.375,1.925,3.775,2.025,0,0,0,0,-0.4668780594,0,0,1.102708,6.142263,7.244971,45668,empty
unknown_barrier,68,tdt_astar,20260913,-0.375,1.925,3.775,2.025,0,0,0,0,-0.4668780594,0,0,1.102708,4.083289,5.185997,45668,no A* path
unknown_barrier,68,tdt_qp,20260913,-0.375,1.925,3.775,2.025,0,0,0,0,-0.4668780594,0,0,1.102708,4.151445,5.254153,45668,no A* path
unknown_barrier,69,smac2d,20260913,-1.875,1.725,5.025,1.825,0,0,0,0,-0.4668780594,0,0,1.102708,7.145149,8.247857,45668,empty
unknown_barrier,69,tdt_astar,20260913,-1.875,1.725,5.025,1.825,0,0,0,0,-0.4668780594,0,0,1.102708,4.614055,5.716763,45668,no A* path
unknown_barrier,69,tdt_qp,20260913,-1.875,1.725,5.025,1.825,0,0,0,0,-0.4668780594,0,0,1.102708,3.917027,5.019735,45668,no A* path
unknown_barrier,69,navfn,20260913,-1.875,1.725,5.025,1.825,0,0,0,0,-0.4668780594,0,0,1.102708,0.446052,1.54876,45668,empty
unknown_barrier,70,tdt_astar,20260913,-1.675,2.725,5.275,1.325,0,0,0,0,-0.4668780594,0,0,1.102708,3.867104,4.969812,45668,no A* path
unknown_barrier,70,tdt_qp,20260913,-1.675,2.725,5.275,1.325,0,0,0,0,-0.4668780594,0,0,1.102708,5.334712,6.43742,45668,no A* path
unknown_barrier,70,navfn,20260913,-1.675,2.725,5.275,1.325,0,0,0,0,-0.4668780594,0,0,1.102708,0.448193,1.550901,45668,empty
unknown_barrier,70,smac2d,20260913,-1.675,2.725,5.275,1.325,0,0,0,0,-0.4668780594,0,0,1.102708,4.514104,5.616812,45668,empty
unknown_barrier,71,tdt_qp,20260913,-0.875,2.975,3.975,1.775,0,0,0,0,-0.4668780594,0,0,1.102708,4.205582,5.30829,45668,no A* path
unknown_barrier,71,navfn,20260913,-0.875,2.975,3.975,1.775,0,0,0,0,-0.4668780594,0,0,1.102708,0.572507,1.675215,45668,empty
unknown_barrier,71,smac2d,20260913,-0.875,2.975,3.975,1.775,0,0,0,0,-0.4668780594,0,0,1.102708,7.883729,8.986437,45668,empty
unknown_barrier,71,tdt_astar,20260913,-0.875,2.975,3.975,1.775,0,0,0,0,-0.4668780594,0,0,1.102708,4.182101,5.284809,45668,no A* path
unknown_barrier,72,navfn,20260913,-0.675,2.225,5.475,3.125,0,0,0,0,-0.4668780594,0,0,1.102708,0.436064,1.538772,45668,empty
unknown_barrier,72,smac2d,20260913,-0.675,2.225,5.475,3.125,0,0,0,0,-0.4668780594,0,0,1.102708,4.272088,5.374796,45668,empty
unknown_barrier,72,tdt_astar,20260913,-0.675,2.225,5.475,3.125,0,0,0,0,-0.4668780594,0,0,1.102708,5.052569,6.155277,45668,no A* path
unknown_barrier,72,tdt_qp,20260913,-0.675,2.225,5.475,3.125,0,0,0,0,-0.4668780594,0,0,1.102708,4.326166,5.428874,45668,no A* path
unknown_barrier,73,smac2d,20260913,-1.025,2.925,3.875,2.825,0,0,0,0,-0.4668780594,0,0,1.102708,4.434089,5.536797,45668,empty
unknown_barrier,73,tdt_astar,20260913,-1.025,2.925,3.875,2.825,0,0,0,0,-0.4668780594,0,0,1.102708,5.847711,6.950419,45668,no A* path
unknown_barrier,73,tdt_qp,20260913,-1.025,2.925,3.875,2.825,0,0,0,0,-0.4668780594,0,0,1.102708,6.784802,7.88751,45668,no A* path
unknown_barrier,73,navfn,20260913,-1.025,2.925,3.875,2.825,0,0,0,0,-0.4668780594,0,0,1.102708,0.444227,1.546935,45668,empty
unknown_barrier,74,tdt_astar,20260913,-1.175,2.075,5.225,2.425,0,0,0,0,-0.4668780594,0,0,1.102708,3.909303,5.012011,45668,no A* path
unknown_barrier,74,tdt_qp,20260913,-1.175,2.075,5.225,2.425,0,0,0,0,-0.4668780594,0,0,1.102708,3.9443,5.047008,45668,no A* path
unknown_barrier,74,navfn,20260913,-1.175,2.075,5.225,2.425,0,0,0,0,-0.4668780594,0,0,1.102708,0.864587,1.967295,45668,empty
unknown_barrier,74,smac2d,20260913,-1.175,2.075,5.225,2.425,0,0,0,0,-0.4668780594,0,0,1.102708,5.64189,6.744598,45668,empty
unknown_barrier,75,tdt_qp,20260913,-1.925,2.075,4.075,2.975,0,0,0,0,-0.4668780594,0,0,1.102708,3.970895,5.073603,45668,no A* path
unknown_barrier,75,navfn,20260913,-1.925,2.075,4.075,2.975,0,0,0,0,-0.4668780594,0,0,1.102708,0.656849,1.759557,45668,empty
unknown_barrier,75,smac2d,20260913,-1.925,2.075,4.075,2.975,0,0,0,0,-0.4668780594,0,0,1.102708,6.103132,7.20584,45668,empty
unknown_barrier,75,tdt_astar,20260913,-1.925,2.075,4.075,2.975,0,0,0,0,-0.4668780594,0,0,1.102708,5.32153,6.424238,45668,no A* path
unknown_barrier,76,navfn,20260913,-0.475,2.575,5.175,2.025,0,0,0,0,-0.4668780594,0,0,1.102708,0.608381,1.711089,45668,empty
unknown_barrier,76,smac2d,20260913,-0.475,2.575,5.175,2.025,0,0,0,0,-0.4668780594,0,0,1.102708,5.420429,6.523137,45668,empty
unknown_barrier,76,tdt_astar,20260913,-0.475,2.575,5.175,2.025,0,0,0,0,-0.4668780594,0,0,1.102708,4.44139,5.544098,45668,no A* path
unknown_barrier,76,tdt_qp,20260913,-0.475,2.575,5.175,2.025,0,0,0,0,-0.4668780594,0,0,1.102708,6.383942,7.48665,45668,no A* path
unknown_barrier,77,smac2d,20260913,-1.075,2.225,5.375,2.525,0,0,0,0,-0.4668780594,0,0,1.102708,4.647032,5.74974,45668,empty
unknown_barrier,77,tdt_astar,20260913,-1.075,2.225,5.375,2.525,0,0,0,0,-0.4668780594,0,0,1.102708,4.758249,5.860957,45668,no A* path
unknown_barrier,77,tdt_qp,20260913,-1.075,2.225,5.375,2.525,0,0,0,0,-0.4668780594,0,0,1.102708,7.501774,8.604482,45668,no A* path
unknown_barrier,77,navfn,20260913,-1.075,2.225,5.375,2.525,0,0,0,0,-0.4668780594,0,0,1.102708,0.590295,1.693003,45668,empty
unknown_barrier,78,tdt_astar,20260913,-1.025,2.025,4.675,2.475,0,0,0,0,-0.4668780594,0,0,1.102708,5.750141,6.852849,45668,no A* path
unknown_barrier,78,tdt_qp,20260913,-1.025,2.025,4.675,2.475,0,0,0,0,-0.4668780594,0,0,1.102708,4.896382,5.99909,45668,no A* path
unknown_barrier,78,navfn,20260913,-1.025,2.025,4.675,2.475,0,0,0,0,-0.4668780594,0,0,1.102708,0.747271,1.849979,45668,empty
unknown_barrier,78,smac2d,20260913,-1.025,2.025,4.675,2.475,0,0,0,0,-0.4668780594,0,0,1.102708,5.975193,7.077901,45668,empty
unknown_barrier,79,tdt_qp,20260913,-1.975,2.175,4.675,2.075,0,0,0,0,-0.4668780594,0,0,1.102708,4.160109,5.262817,45668,no A* path
unknown_barrier,79,navfn,20260913,-1.975,2.175,4.675,2.075,0,0,0,0,-0.4668780594,0,0,1.102708,0.456367,1.559075,45668,empty
unknown_barrier,79,smac2d,20260913,-1.975,2.175,4.675,2.075,0,0,0,0,-0.4668780594,0,0,1.102708,8.67604,9.778748,45668,empty
unknown_barrier,79,tdt_astar,20260913,-1.975,2.175,4.675,2.075,0,0,0,0,-0.4668780594,0,0,1.102708,7.046588,8.149296,45668,no A* path
unknown_barrier,80,navfn,20260913,-1.325,2.675,4.975,1.275,0,0,0,0,-0.4668780594,0,0,1.102708,0.480219,1.582927,45668,empty
unknown_barrier,80,smac2d,20260913,-1.325,2.675,4.975,1.275,0,0,0,0,-0.4668780594,0,0,1.102708,5.668393,6.771101,45668,empty
unknown_barrier,80,tdt_astar,20260913,-1.325,2.675,4.975,1.275,0,0,0,0,-0.4668780594,0,0,1.102708,5.533019,6.635727,45668,no A* path
unknown_barrier,80,tdt_qp,20260913,-1.325,2.675,4.975,1.275,0,0,0,0,-0.4668780594,0,0,1.102708,4.569551,5.672259,45668,no A* path
unknown_barrier,81,smac2d,20260913,-1.575,2.275,4.425,3.225,0,0,0,0,-0.4668780594,0,0,1.102708,9.763444,10.866152,45668,empty
unknown_barrier,81,tdt_astar,20260913,-1.575,2.275,4.425,3.225,0,0,0,0,-0.4668780594,0,0,1.102708,6.932533,8.035241,45668,no A* path
unknown_barrier,81,tdt_qp,20260913,-1.575,2.275,4.425,3.225,0,0,0,0,-0.4668780594,0,0,1.102708,4.233707,5.336415,45668,no A* path
unknown_barrier,81,navfn,20260913,-1.575,2.275,4.425,3.225,0,0,0,0,-0.4668780594,0,0,1.102708,1.242051,2.344759,45668,empty
unknown_barrier,82,tdt_astar,20260913,-1.375,1.925,4.175,1.575,0,0,0,0,-0.4668780594,0,0,1.102708,5.397633,6.500341,45668,no A* path
unknown_barrier,82,tdt_qp,20260913,-1.375,1.925,4.175,1.575,0,0,0,0,-0.4668780594,0,0,1.102708,4.26486,5.367568,45668,no A* path
unknown_barrier,82,navfn,20260913,-1.375,1.925,4.175,1.575,0,0,0,0,-0.4668780594,0,0,1.102708,0.492422,1.59513,45668,empty
unknown_barrier,82,smac2d,20260913,-1.375,1.925,4.175,1.575,0,0,0,0,-0.4668780594,0,0,1.102708,5.823171,6.925879,45668,empty
unknown_barrier,83,tdt_qp,20260913,-1.125,2.275,5.275,1.275,0,0,0,0,-0.4668780594,0,0,1.102708,7.596228,8.698936,45668,no A* path
unknown_barrier,83,navfn,20260913,-1.125,2.275,5.275,1.275,0,0,0,0,-0.4668780594,0,0,1.102708,0.553416,1.656124,45668,empty
unknown_barrier,83,smac2d,20260913,-1.125,2.275,5.275,1.275,0,0,0,0,-0.4668780594,0,0,1.102708,4.403159,5.505867,45668,empty
unknown_barrier,83,tdt_astar,20260913,-1.125,2.275,5.275,1.275,0,0,0,0,-0.4668780594,0,0,1.102708,4.874349,5.977057,45668,no A* path
unknown_barrier,84,navfn,20260913,-1.175,3.175,4.125,3.125,0,0,0,0,-0.4668780594,0,0,1.102708,0.719796,1.822504,45668,empty
unknown_barrier,84,smac2d,20260913,-1.175,3.175,4.125,3.125,0,0,0,0,-0.4668780594,0,0,1.102708,5.744246,6.846954,45668,empty
unknown_barrier,84,tdt_astar,20260913,-1.175,3.175,4.125,3.125,0,0,0,0,-0.4668780594,0,0,1.102708,3.907318,5.010026,45668,no A* path
unknown_barrier,84,tdt_qp,20260913,-1.175,3.175,4.125,3.125,0,0,0,0,-0.4668780594,0,0,1.102708,4.064577,5.167285,45668,no A* path
unknown_barrier,85,smac2d,20260913,-1.075,2.825,4.825,2.475,0,0,0,0,-0.4668780594,0,0,1.102708,9.526415,10.629123,45668,empty
unknown_barrier,85,tdt_astar,20260913,-1.075,2.825,4.825,2.475,0,0,0,0,-0.4668780594,0,0,1.102708,6.549454,7.652162,45668,no A* path
unknown_barrier,85,tdt_qp,20260913,-1.075,2.825,4.825,2.475,0,0,0,0,-0.4668780594,0,0,1.102708,4.727968,5.830676,45668,no A* path
unknown_barrier,85,navfn,20260913,-1.075,2.825,4.825,2.475,0,0,0,0,-0.4668780594,0,0,1.102708,0.670781,1.773489,45668,empty
unknown_barrier,86,tdt_astar,20260913,-1.375,2.425,3.975,2.925,0,0,0,0,-0.4668780594,0,0,1.102708,4.308742,5.41145,45668,no A* path
unknown_barrier,86,tdt_qp,20260913,-1.375,2.425,3.975,2.925,0,0,0,0,-0.4668780594,0,0,1.102708,3.89634,4.999048,45668,no A* path
unknown_barrier,86,navfn,20260913,-1.375,2.425,3.975,2.925,0,0,0,0,-0.4668780594,0,0,1.102708,0.433411,1.536119,45668,empty
unknown_barrier,86,smac2d,20260913,-1.375,2.425,3.975,2.925,0,0,0,0,-0.4668780594,0,0,1.102708,10.264466,11.367174,45668,empty
unknown_barrier,87,tdt_qp,20260913,-0.825,3.175,4.725,2.925,0,0,0,0,-0.4668780594,0,0,1.102708,5.95797,7.060678,45668,no A* path
unknown_barrier,87,navfn,20260913,-0.825,3.175,4.725,2.925,0,0,0,0,-0.4668780594,0,0,1.102708,0.507624,1.610332,45668,empty
unknown_barrier,87,smac2d,20260913,-0.825,3.175,4.725,2.925,0,0,0,0,-0.4668780594,0,0,1.102708,5.515157,6.617865,45668,empty
unknown_barrier,87,tdt_astar,20260913,-0.825,3.175,4.725,2.925,0,0,0,0,-0.4668780594,0,0,1.102708,4.503069,5.605777,45668,no A* path
unknown_barrier,88,navfn,20260913,-0.275,2.925,5.275,3.225,0,0,0,0,-0.4668780594,0,0,1.102708,0.530645,1.633353,45668,empty
unknown_barrier,88,smac2d,20260913,-0.275,2.925,5.275,3.225,0,0,0,0,-0.4668780594,0,0,1.102708,4.331652,5.43436,45668,empty
unknown_barrier,88,tdt_astar,20260913,-0.275,2.925,5.275,3.225,0,0,0,0,-0.4668780594,0,0,1.102708,6.083501,7.186209,45668,no A* path
unknown_barrier,88,tdt_qp,20260913,-0.275,2.925,5.275,3.225,0,0,0,0,-0.4668780594,0,0,1.102708,8.79451,9.897218,45668,no A* path
unknown_barrier,89,smac2d,20260913,-1.375,2.275,5.375,2.225,0,0,0,0,-0.4668780594,0,0,1.102708,4.415532,5.51824,45668,empty
unknown_barrier,89,tdt_astar,20260913,-1.375,2.275,5.375,2.225,0,0,0,0,-0.4668780594,0,0,1.102708,4.43845,5.541158,45668,no A* path
unknown_barrier,89,tdt_qp,20260913,-1.375,2.275,5.375,2.225,0,0,0,0,-0.4668780594,0,0,1.102708,4.551442,5.65415,45668,no A* path
unknown_barrier,89,navfn,20260913,-1.375,2.275,5.375,2.225,0,0,0,0,-0.4668780594,0,0,1.102708,0.559583,1.662291,45668,empty
unknown_barrier,90,tdt_astar,20260913,-0.825,2.475,3.775,1.975,0,0,0,0,-0.4668780594,0,0,1.102708,4.020579,5.123287,45668,no A* path
unknown_barrier,90,tdt_qp,20260913,-0.825,2.475,3.775,1.975,0,0,0,0,-0.4668780594,0,0,1.102708,5.158337,6.261045,45668,no A* path
unknown_barrier,90,navfn,20260913,-0.825,2.475,3.775,1.975,0,0,0,0,-0.4668780594,0,0,1.102708,1.625228,2.727936,45668,empty
unknown_barrier,90,smac2d,20260913,-0.825,2.475,3.775,1.975,0,0,0,0,-0.4668780594,0,0,1.102708,7.973251,9.075959,45668,empty
unknown_barrier,91,tdt_qp,20260913,-0.975,2.375,3.825,2.775,0,0,0,0,-0.4668780594,0,0,1.102708,3.927022,5.02973,45668,no A* path
unknown_barrier,91,navfn,20260913,-0.975,2.375,3.825,2.775,0,0,0,0,-0.4668780594,0,0,1.102708,0.406297,1.509005,45668,empty
unknown_barrier,91,smac2d,20260913,-0.975,2.375,3.825,2.775,0,0,0,0,-0.4668780594,0,0,1.102708,4.899665,6.002373,45668,empty
unknown_barrier,91,tdt_astar,20260913,-0.975,2.375,3.825,2.775,0,0,0,0,-0.4668780594,0,0,1.102708,4.656584,5.759292,45668,no A* path
unknown_barrier,92,navfn,20260913,-1.925,1.675,4.625,1.975,0,0,0,0,-0.4668780594,0,0,1.102708,0.484806,1.587514,45668,empty
unknown_barrier,92,smac2d,20260913,-1.925,1.675,4.625,1.975,0,0,0,0,-0.4668780594,0,0,1.102708,4.777799,5.880507,45668,empty
unknown_barrier,92,tdt_astar,20260913,-1.925,1.675,4.625,1.975,0,0,0,0,-0.4668780594,0,0,1.102708,6.190613,7.293321,45668,no A* path
unknown_barrier,92,tdt_qp,20260913,-1.925,1.675,4.625,1.975,0,0,0,0,-0.4668780594,0,0,1.102708,10.215569,11.318277,45668,no A* path
unknown_barrier,93,smac2d,20260913,-1.875,2.775,4.475,2.175,0,0,0,0,-0.4668780594,0,0,1.102708,5.083682,6.18639,45668,empty
unknown_barrier,93,tdt_astar,20260913,-1.875,2.775,4.475,2.175,0,0,0,0,-0.4668780594,0,0,1.102708,5.087077,6.189785,45668,no A* path
unknown_barrier,93,tdt_qp,20260913,-1.875,2.775,4.475,2.175,0,0,0,0,-0.4668780594,0,0,1.102708,4.61695,5.719658,45668,no A* path
unknown_barrier,93,navfn,20260913,-1.875,2.775,4.475,2.175,0,0,0,0,-0.4668780594,0,0,1.102708,0.781707,1.884415,45668,empty
unknown_barrier,94,tdt_astar,20260913,-1.425,3.225,4.175,1.825,0,0,0,0,-0.4668780594,0,0,1.102708,9.20802,10.310728,45668,no A* path
unknown_barrier,94,tdt_qp,20260913,-1.425,3.225,4.175,1.825,0,0,0,0,-0.4668780594,0,0,1.102708,4.810454,5.913162,45668,no A* path
unknown_barrier,94,navfn,20260913,-1.425,3.225,4.175,1.825,0,0,0,0,-0.4668780594,0,0,1.102708,0.457626,1.560334,45668,empty
unknown_barrier,94,smac2d,20260913,-1.425,3.225,4.175,1.825,0,0,0,0,-0.4668780594,0,0,1.102708,4.856802,5.95951,45668,empty
unknown_barrier,95,tdt_qp,20260913,-1.325,2.675,4.925,2.675,0,0,0,0,-0.4668780594,0,0,1.102708,4.575937,5.678645,45668,no A* path
unknown_barrier,95,navfn,20260913,-1.325,2.675,4.925,2.675,0,0,0,0,-0.4668780594,0,0,1.102708,0.684235,1.786943,45668,empty
unknown_barrier,95,smac2d,20260913,-1.325,2.675,4.925,2.675,0,0,0,0,-0.4668780594,0,0,1.102708,5.18659,6.289298,45668,empty
unknown_barrier,95,tdt_astar,20260913,-1.325,2.675,4.925,2.675,0,0,0,0,-0.4668780594,0,0,1.102708,3.984343,5.087051,45668,no A* path
unknown_barrier,96,navfn,20260913,-1.225,2.625,5.425,2.625,0,0,0,0,-0.4668780594,0,0,1.102708,0.470264,1.572972,45668,empty
unknown_barrier,96,smac2d,20260913,-1.225,2.625,5.425,2.625,0,0,0,0,-0.4668780594,0,0,1.102708,10.00414,11.106848,45668,empty
unknown_barrier,96,tdt_astar,20260913,-1.225,2.625,5.425,2.625,0,0,0,0,-0.4668780594,0,0,1.102708,4.26894,5.371648,45668,no A* path
unknown_barrier,96,tdt_qp,20260913,-1.225,2.625,5.425,2.625,0,0,0,0,-0.4668780594,0,0,1.102708,3.924438,5.027146,45668,no A* path
unknown_barrier,97,smac2d,20260913,-0.875,1.875,5.375,2.125,0,0,0,0,-0.4668780594,0,0,1.102708,4.850366,5.953074,45668,empty
unknown_barrier,97,tdt_astar,20260913,-0.875,1.875,5.375,2.125,0,0,0,0,-0.4668780594,0,0,1.102708,4.307609,5.410317,45668,no A* path
unknown_barrier,97,tdt_qp,20260913,-0.875,1.875,5.375,2.125,0,0,0,0,-0.4668780594,0,0,1.102708,3.982523,5.085231,45668,no A* path
unknown_barrier,97,navfn,20260913,-0.875,1.875,5.375,2.125,0,0,0,0,-0.4668780594,0,0,1.102708,0.422238,1.524946,45668,empty
unknown_barrier,98,tdt_astar,20260913,-0.925,2.725,5.325,2.575,0,0,0,0,-0.4668780594,0,0,1.102708,4.652269,5.754977,45668,no A* path
unknown_barrier,98,tdt_qp,20260913,-0.925,2.725,5.325,2.575,0,0,0,0,-0.4668780594,0,0,1.102708,9.045006,10.147714,45668,no A* path
unknown_barrier,98,navfn,20260913,-0.925,2.725,5.325,2.575,0,0,0,0,-0.4668780594,0,0,1.102708,0.529899,1.632607,45668,empty
unknown_barrier,98,smac2d,20260913,-0.925,2.725,5.325,2.575,0,0,0,0,-0.4668780594,0,0,1.102708,4.317139,5.419847,45668,empty
unknown_barrier,99,tdt_qp,20260913,-1.225,2.875,4.475,2.175,0,0,0,0,-0.4668780594,0,0,1.102708,3.93656,5.039268,45668,no A* path
unknown_barrier,99,navfn,20260913,-1.225,2.875,4.475,2.175,0,0,0,0,-0.4668780594,0,0,1.102708,0.76131,1.864018,45668,empty
unknown_barrier,99,smac2d,20260913,-1.225,2.875,4.475,2.175,0,0,0,0,-0.4668780594,0,0,1.102708,5.82572,6.928428,45668,empty
unknown_barrier,99,tdt_astar,20260913,-1.225,2.875,4.475,2.175,0,0,0,0,-0.4668780594,0,0,1.102708,4.534143,5.636851,45668,no A* path
field_map,0,navfn,20260913,0.475000177,0.4750002962,0.275000174,3.475000341,1,1,0,1,0.07163842931,3.174699296,14.88035168,27.657294,1.080041,28.737335,51684,returned
field_map,0,smac2d,20260913,0.475000177,0.4750002962,0.275000174,3.475000341,1,1,0,0,0.04374604441,3.069015394,1.746920092,27.657294,0.605933,28.263227,51684,returned
field_map,0,tdt_astar,20260913,0.475000177,0.4750002962,0.275000174,3.475000341,1,1,0,1,0.25,3.481484686,1.387685345,27.657294,17.23658,44.893874,54256,validated A*
field_map,0,tdt_qp,20260913,0.475000177,0.4750002962,0.275000174,3.475000341,1,1,1,1,0.09028160721,3.081277832,0.7638588681,27.657294,12.289442,39.946736,54256,validated minimum-jerk polyline
field_map,1,smac2d,20260913,-0.324999835,-0.7749997225,-1.674999855,2.525000327,1,1,0,1,0.06748426862,3.771492122,1.19035006,27.657294,1.069413,28.726707,54256,returned
field_map,1,tdt_astar,20260913,-0.324999835,-0.7749997225,-1.674999855,2.525000327,1,1,0,1,0.2481394335,3.794971496,0.8110329973,27.657294,17.331242,44.988536,54256,validated A*
field_map,1,tdt_qp,20260913,-0.324999835,-0.7749997225,-1.674999855,2.525000327,1,1,1,1,0.2481100242,3.593508223,0.4325575451,27.657294,9.105313,36.762607,54256,validated minimum-jerk polyline
field_map,1,navfn,20260913,-0.324999835,-0.7749997225,-1.674999855,2.525000327,1,1,0,1,0.2481394335,3.616753563,2.328394469,27.657294,1.86768,29.524974,54256,returned
field_map,2,tdt_astar,20260913,-0.2249998335,1.175000307,1.225000188,-1.424999732,1,1,0,1,0.06345203436,4.340653936,2.33041892,27.657294,11.990623,39.647917,54256,validated A*
field_map,2,tdt_qp,20260913,-0.2249998335,1.175000307,1.225000188,-1.424999732,1,1,0,1,0.06345203436,4.340653936,2.33041892,27.657294,16.956022,44.613316,54256,validated A* fallback: optimizer geometry rejected
field_map,2,navfn,20260913,-0.2249998335,1.175000307,1.225000188,-1.424999732,0,0,0,0,-0.4668780594,0,0,27.657294,1.75153,29.408824,54256,empty
field_map,2,smac2d,20260913,-0.2249998335,1.175000307,1.225000188,-1.424999732,1,1,0,0,0.04288774589,3.195116154,2.299590605,27.657294,0.99206,28.649354,54256,returned
field_map,3,tdt_qp,20260913,-0.5749998387,-1.074999727,-1.224999848,2.475000326,1,1,1,1,0.25,3.609224622,0.03716071546,27.657294,14.036592,41.693886,54256,validated minimum-jerk polyline
field_map,3,navfn,20260913,-0.5749998387,-1.074999727,-1.224999848,2.475000326,1,1,0,1,0.25,3.662396653,2.700014868,27.657294,3.819815,31.477109,54256,returned
field_map,3,smac2d,20260913,-0.5749998387,-1.074999727,-1.224999848,2.475000326,1,1,0,1,0.25,3.698485256,1.687946318,27.657294,1.42605,29.083344,54256,returned
field_map,3,tdt_astar,20260913,-0.5749998387,-1.074999727,-1.224999848,2.475000326,1,1,0,1,0.25,3.787263412,0.7919044352,27.657294,10.892738,38.550032,54256,validated A*
field_map,4,navfn,20260913,-0.7249998409,-0.07499971204,0.4250001762,4.07500035,0,0,0,0,-0.4668780594,0,0,27.657294,1.167991,28.825285,54256,empty
field_map,4,smac2d,20260913,-0.7249998409,-0.07499971204,0.4250001762,4.07500035,1,1,0,1,0.09991092851,4.451381808,1.948921662,27.657294,1.331257,28.988551,54256,returned
field_map,4,tdt_astar,20260913,-0.7249998409,-0.07499971204,0.4250001762,4.07500035,1,1,0,1,0.09991115145,4.498394644,1.834743904,27.657294,22.351557,50.008851,54256,validated A*
field_map,4,tdt_qp,20260913,-0.7249998409,-0.07499971204,0.4250001762,4.07500035,1,1,1,1,0.09991115145,4.306390664,0.001363397727,27.657294,21.032807,48.690101,54256,validated minimum-jerk polyline
field_map,5,smac2d,20260913,0.8250001822,-2.124999743,-0.0249998305,0.0750002902,1,1,0,0,0.04281311281,2.49457471,1.440742041,27.657294,1.727172,29.384466,54256,returned
field_map,5,tdt_astar,20260913,0.8250001822,-2.124999743,-0.0249998305,0.0750002902,1,1,0,1,0.1586217501,2.959188767,2.857799244,27.657294,17.67927,45.336564,54256,validated A*
field_map,5,tdt_qp,20260913,0.8250001822,-2.124999743,-0.0249998305,0.0750002902,1,1,1,1,0.1586217501,2.870792695,1.8905322,27.657294,15.754917,43.412211,54256,validated minimum-jerk polyline
field_map,5,navfn,20260913,0.8250001822,-2.124999743,-0.0249998305,0.0750002902,1,1,0,1,0.07163842931,2.576639751,8.367190172,27.657294,1.791852,29.449146,54256,returned
field_map,6,tdt_astar,20260913,-0.6249998394,-1.524999734,-1.97499986,2.77500033,1,1,0,1,0.0393333664,5.018781274,2.034440741,27.657294,13.650215,41.307509,54256,validated A*
field_map,6,tdt_qp,20260913,-0.6249998394,-1.524999734,-1.97499986,2.77500033,1,1,1,1,0.0393333664,4.657679503,0.8523301318,27.657294,15.481036,43.13833,54256,validated minimum-jerk polyline
field_map,6,navfn,20260913,-0.6249998394,-1.524999734,-1.97499986,2.77500033,1,1,0,1,0.07163842931,4.568975895,2.344942416,27.657294,0.769668,28.426962,54256,returned
field_map,6,smac2d,20260913,-0.6249998394,-1.524999734,-1.97499986,2.77500033,1,1,0,1,0.03933340878,4.583366744,1.623793803,27.657294,1.680577,29.337871,54256,returned
field_map,7,tdt_qp,20260913,-0.5749998387,2.325000324,0.07500017099,-1.574999734,1,1,1,1,0.09274898868,3.953921237,0.02883669541,27.657294,14.546652,42.203946,54256,validated minimum-jerk polyline
field_map,7,navfn,20260913,-0.5749998387,2.325000324,0.07500017099,-1.574999734,1,1,0,1,0.1495673886,4.017094596,3.594775179,27.657294,1.237949,28.895243,54256,returned
field_map,7,smac2d,20260913,-0.5749998387,2.325000324,0.07500017099,-1.574999734,1,1,0,1,0.1061256459,4.046549078,1.841627592,27.657294,4.096843,31.754137,54256,returned
field_map,7,tdt_astar,20260913,-0.5749998387,2.325000324,0.07500017099,-1.574999734,1,1,0,1,0.241112064,4.149293661,1.77144901,27.657294,23.943388,51.600682,54256,validated A*
field_map,8,navfn,20260913,-0.324999835,-1.324999731,-1.624999854,1.725000315,1,1,0,1,0.1081219491,3.366269416,2.325577824,27.657294,1.011977,28.669271,54256,returned
field_map,8,smac2d,20260913,-0.324999835,-1.324999731,-1.624999854,1.725000315,1,1,0,1,0.1081223306,3.366084363,1.593107085,27.657294,2.087529,29.744823,54256,returned
field_map,8,tdt_astar,20260913,-0.324999835,-1.324999731,-1.624999854,1.725000315,1,1,0,1,0.1081219491,3.597019844,0.8020072542,27.657294,26.322003,53.979297,54256,validated A*
field_map,8,tdt_qp,20260913,-0.324999835,-1.324999731,-1.624999854,1.725000315,1,1,1,1,0.1081219491,3.331195802,0.3339812218,27.657294,12.64976,40.307054,54256,validated minimum-jerk polyline
field_map,9,smac2d,20260913,-0.0249998305,-0.274999715,-1.524999853,1.37500031,1,1,0,1,0.1581223314,2.238457937,0.2927757553,27.657294,1.549865,29.207159,54256,returned
field_map,9,tdt_astar,20260913,-0.0249998305,-0.274999715,-1.524999853,1.37500031,1,1,0,1,0.1581219499,2.3020822,1.612438875,27.657294,9.30507,36.962364,54256,validated A*
field_map,9,tdt_qp,20260913,-0.0249998305,-0.274999715,-1.524999853,1.37500031,1,1,1,1,0.1581219499,2.229910345,0.0002358147489,27.657294,10.045244,37.702538,54256,validated minimum-jerk polyline
field_map,9,navfn,20260913,-0.0249998305,-0.274999715,-1.524999853,1.37500031,1,1,0,1,0.1581219499,2.265392244,1.848679601,27.657294,0.873914,28.531208,54256,returned
field_map,10,tdt_astar,20260913,-0.8249998424,0.02500028946,0.9250001837,-2.024999741,1,1,0,1,0.07279777723,2.992350882,2.077894907,27.657294,20.911395,48.568689,54256,validated A*
field_map,10,tdt_qp,20260913,-0.8249998424,0.02500028946,0.9250001837,-2.024999741,1,1,1,1,0.07279777723,2.788729787,0.8970825291,27.657294,12.542972,40.200266,54256,validated minimum-jerk polyline
field_map,10,navfn,20260913,-0.8249998424,0.02500028946,0.9250001837,-2.024999741,1,1,0,0,0.05513727379,2.824066528,6.321406273,27.657294,3.271094,30.928388,54256,returned
field_map,10,smac2d,20260913,-0.8249998424,0.02500028946,0.9250001837,-2.024999741,1,1,0,0,0.0442276056,2.744557222,2.529058127,27.657294,0.706237,28.363531,54256,returned
field_map,11,tdt_qp,20260913,-0.5249998379,0.0750002902,-0.07499983124,3.025000334,1,1,1,1,0.25,2.984124707,0.0001108301528,27.657294,19.984169,47.641463,54256,validated minimum-jerk polyline
field_map,11,navfn,20260913,-0.5249998379,0.0750002902,-0.07499983124,3.025000334,1,1,0,1,0.25,2.968286772,1.162287788,27.657294,0.669787,28.327081,54256,returned
field_map,11,smac2d,20260913,-0.5249998379,0.0750002902,-0.07499983124,3.025000334,1,1,0,1,0.25,3.037717722,1.503447981,27.657294,0.674761,28.332055,54256,returned
field_map,11,tdt_astar,20260913,-0.5249998379,0.0750002902,-0.07499983124,3.025000334,1,1,0,1,0.25,3.074642895,0.540419655,27.657294,16.406256,44.06355,54256,validated A*
field_map,12,navfn,20260913,-0.07499983124,-2.124999743,-1.524999853,2.175000321,1,1,0,1,0.1032096616,4.591690786,2.702131557,27.657294,0.658048,28.315342,54256,returned
field_map,12,smac2d,20260913,-0.07499983124,-2.124999743,-1.524999853,2.175000321,1,1,0,1,0.06066570356,4.69938499,1.937351111,27.657294,1.441016,29.09831,54256,returned
field_map,12,tdt_astar,20260913,-0.07499983124,-2.124999743,-1.524999853,2.175000321,1,1,0,1,0.08652053935,4.83201926,2.072400013,27.657294,14.024577,41.681871,54256,validated A*
field_map,12,tdt_qp,20260913,-0.07499983124,-2.124999743,-1.524999853,2.175000321,1,1,1,1,0.08652053935,4.709073217,0.9189275341,27.657294,18.376412,46.033706,54256,validated minimum-jerk polyline
field_map,13,smac2d,20260913,-0.0249998305,-1.674999736,0.1750001725,1.42500031,1,1,0,1,0.1080438688,3.119852603,0.8304368658,27.657294,0.700819,28.358113,54256,returned
field_map,13,tdt_astar,20260913,-0.0249998305,-1.674999736,0.1750001725,1.42500031,1,1,0,1,0.25,3.386951985,1.42889997,27.657294,12.916966,40.57426,54256,validated A*
field_map,13,tdt_qp,20260913,-0.0249998305,-1.674999736,0.1750001725,1.42500031,1,1,1,1,0.06347128293,3.10644496,0.0004498079199,27.657294,13.461814,41.119108,54256,validated minimum-jerk polyline
field_map,13,navfn,20260913,-0.0249998305,-1.674999736,0.1750001725,1.42500031,1,1,0,1,0.08312194877,3.114490014,3.502594029,27.657294,1.189404,28.846698,54256,returned
field_map,14,tdt_astar,20260913,-0.9249998439,-0.5749997195,0.1250001717,1.975000319,1,1,0,1,0.1081219491,2.984924139,1.570795894,27.657294,9.724695,37.381989,54256,validated A*
field_map,14,tdt_qp,20260913,-0.9249998439,-0.5749997195,0.1250001717,1.975000319,1,1,1,1,0.1081219491,2.757716488,0.0004264762003,27.657294,9.500668,37.157962,54256,validated minimum-jerk polyline
field_map,14,navfn,20260913,-0.9249998439,-0.5749997195,0.1250001717,1.975000319,1,1,0,1,0.1323408623,2.741961834,1.142405776,27.657294,4.366734,32.024028,54256,returned
field_map,14,smac2d,20260913,-0.9249998439,-0.5749997195,0.1250001717,1.975000319,1,1,0,1,0.1081223306,2.870853819,1.516939018,27.657294,1.00811,28.665404,54256,returned
field_map,15,tdt_qp,20260913,1.32500019,-0.5249997187,-0.4749998372,2.875000332,1,1,1,1,0.1016642434,3.847243873,0.03295311686,27.657294,12.014251,39.671545,54256,validated minimum-jerk polyline
field_map,15,navfn,20260913,1.32500019,-0.5249997187,-0.4749998372,2.875000332,1,1,0,1,0.1372742483,3.895394545,3.058728196,27.657294,1.701801,29.359095,54256,returned
field_map,15,smac2d,20260913,1.32500019,-0.5249997187,-0.4749998372,2.875000332,1,1,0,1,0.06345328207,3.968669279,1.212556761,27.657294,1.103381,28.760675,54256,returned
field_map,15,tdt_astar,20260913,1.32500019,-0.5249997187,-0.4749998372,2.875000332,1,1,0,1,0.104304932,4.16047769,1.59896026,27.657294,16.663467,44.320761,54256,validated A*
field_map,16,navfn,20260913,0.6250001792,1.025000304,-0.8749998432,-1.424999732,1,1,0,1,0.0393333664,2.916127397,0.6574161762,27.657294,1.538332,29.195626,54256,returned
field_map,16,smac2d,20260913,0.6250001792,1.025000304,-0.8749998432,-1.424999732,1,1,0,1,0.03933340878,2.955044902,0.9994726719,27.657294,0.847359,28.504653,54256,returned
field_map,16,tdt_astar,20260913,0.6250001792,1.025000304,-0.8749998432,-1.424999732,1,1,0,1,0.0393333664,2.981982745,1.083696691,27.657294,10.318092,37.975386,54256,validated A*
field_map,16,tdt_qp,20260913,0.6250001792,1.025000304,-0.8749998432,-1.424999732,1,1,1,1,0.0393333664,2.872716527,0.0002818052842,27.657294,9.519487,37.176781,54256,validated minimum-jerk polyline
field_map,17,smac2d,20260913,-0.1749998327,0.6250002984,-0.07499983124,-1.92499974,1,1,0,1,0.1765842581,2.5574712,0.4340457773,27.657294,0.668235,28.325529,54256,returned
field_map,17,tdt_astar,20260913,-0.1749998327,0.6250002984,-0.07499983124,-1.92499974,1,1,0,1,0.25,2.636028203,1.319282187,27.657294,21.113388,48.770682,54256,validated A*
field_map,17,tdt_qp,20260913,-0.1749998327,0.6250002984,-0.07499983124,-1.92499974,1,1,1,1,0.1919294102,2.551960069,0.0005276670769,27.657294,14.493785,42.151079,54256,validated minimum-jerk polyline
field_map,17,navfn,20260913,-0.1749998327,0.6250002984,-0.07499983124,-1.92499974,1,1,0,1,0.227744917,2.607489409,2.358054427,27.657294,1.023713,28.681007,54256,returned
field_map,18,tdt_astar,20260913,0.475000177,0.7750003006,-1.32499985,2.77500033,1,1,0,1,0.2446344247,2.760478369,0.7994832362,27.657294,14.658596,42.31589,54256,validated A*
field_map,18,tdt_qp,20260913,0.475000177,0.7750003006,-1.32499985,2.77500033,1,1,1,1,0.2446344247,2.69072485,0.0001576012272,27.657294,10.823555,38.480849,54256,validated minimum-jerk polyline
field_map,18,navfn,20260913,0.475000177,0.7750003006,-1.32499985,2.77500033,1,1,0,1,0.2295413648,2.726293256,1.979832744,27.657294,0.854489,28.511783,54256,returned
field_map,18,smac2d,20260913,0.475000177,0.7750003006,-1.32499985,2.77500033,1,1,0,1,0.2446346358,2.704189528,0.3281646954,27.657294,0.950714,28.608008,54256,returned
field_map,19,tdt_qp,20260913,0.8250001822,0.1750002917,-1.574999854,2.375000324,1,1,1,1,0.25,3.255764168,1.57181437e-05,27.657294,14.92455,42.581844,54256,validated minimum-jerk polyline
field_map,19,navfn,20260913,0.8250001822,0.1750002917,-1.574999854,2.375000324,1,1,0,1,0.25,3.292103812,2.106335297,27.657294,1.544873,29.202167,54256,returned
field_map,19,smac2d,20260913,0.8250001822,0.1750002917,-1.574999854,2.375000324,1,1,0,1,0.25,3.269874962,0.3281646978,27.657294,0.71131,28.368604,54256,returned
field_map,19,tdt_astar,20260913,0.8250001822,0.1750002917,-1.574999854,2.375000324,1,1,0,1,0.25,3.255764168,3.124167591e-12,27.657294,12.898674,40.555968,54256,validated A*
field_map,20,navfn,20260913,1.475000192,-0.1749997135,-0.5249998379,1.525000312,1,1,0,1,0.1850421908,2.6656659,2.285553729,27.657294,1.72384,29.381134,54256,returned
field_map,20,smac2d,20260913,1.475000192,-0.1749997135,-0.5249998379,1.525000312,1,1,0,1,0.2048731968,2.64566677,0.36516652,27.657294,0.611281,28.268575,54256,returned
field_map,20,tdt_astar,20260913,1.475000192,-0.1749997135,-0.5249998379,1.525000312,1,1,0,1,0.2195984617,2.642409823,0.2449789831,27.657294,14.848272,42.505566,54256,validated A*
field_map,20,tdt_qp,20260913,1.475000192,-0.1749997135,-0.5249998379,1.525000312,1,1,1,1,0.2141053272,2.624880989,7.93356462e-05,27.657294,15.053308,42.710602,54256,validated minimum-jerk polyline
field_map,21,smac2d,20260913,-0.0249998305,2.875000332,-0.8249998424,0.5750002977,1,1,0,1,0.25,2.538249829,1.6879288,27.657294,1.025608,28.682902,54256,returned
field_map,21,tdt_astar,20260913,-0.0249998305,2.875000332,-0.8249998424,0.5750002977,1,1,0,1,0.25,2.582842737,1.428898662,27.657294,13.253515,40.910809,54256,validated A*
field_map,21,tdt_qp,20260913,-0.0249998305,2.875000332,-0.8249998424,0.5750002977,1,1,1,1,0.25,2.435159169,0.0006604223945,27.657294,12.92535,40.582644,54256,validated minimum-jerk polyline
field_map,21,navfn,20260913,-0.0249998305,2.875000332,-0.8249998424,0.5750002977,1,1,0,1,0.2366776027,2.486733896,0.7695507117,27.657294,1.109808,28.767102,54256,returned
field_map,22,tdt_astar,20260913,1.275000189,-0.3749997165,-0.9249998439,2.325000324,1,1,0,1,0.1383078714,3.609635376,2.182013901,27.657294,18.623107,46.280401,54256,validated A*
field_map,22,tdt_qp,20260913,1.275000189,-0.3749997165,-0.9249998439,2.325000324,1,1,1,1,0.1382360039,3.482815006,0.001435582962,27.657294,12.082129,39.739423,54256,validated minimum-jerk polyline
field_map,22,navfn,20260913,1.275000189,-0.3749997165,-0.9249998439,2.325000324,1,1,0,1,0.1734343739,3.519345617,2.180768201,27.657294,1.282001,28.939295,54256,returned
field_map,22,smac2d,20260913,1.275000189,-0.3749997165,-0.9249998439,2.325000324,1,1,0,1,0.1341629159,3.520676466,0.3776659953,27.657294,1.709421,29.366715,54256,returned
field_map,23,tdt_qp,20260913,-1.124999847,0.2250002924,1.275000189,0.1250002909,1,1,1,1,0.1704993893,2.402082466,2.277734807e-06,27.657294,15.201418,42.858712,54256,validated minimum-jerk polyline
field_map,23,navfn,20260913,-1.124999847,0.2250002924,1.275000189,0.1250002909,1,1,0,1,0.1352016785,2.456942983,2.476877224,27.657294,0.723933,28.381227,54256,returned
field_map,23,smac2d,20260913,-1.124999847,0.2250002924,1.275000189,0.1250002909,1,1,0,1,0.1704990863,2.40747121,0.4337450032,27.657294,0.583858,28.241152,54256,returned
field_map,23,tdt_astar,20260913,-1.124999847,0.2250002924,1.275000189,0.1250002909,1,1,0,1,0.1704993893,2.402082466,8.658490591e-13,27.657294,11.495661,39.152955,54256,validated A*
field_map,24,navfn,20260913,0.5750001784,0.2250002924,-0.5749998387,1.875000317,1,1,0,1,0.25,2.050754824,2.397889814,27.657294,2.619687,30.276981,54256,returned
field_map,24,smac2d,20260913,0.5750001784,0.2250002924,-0.5749998387,1.875000317,1,1,0,1,0.25,2.088170372,0.7693289684,27.657294,0.57408,28.231374,54256,returned
field_map,24,tdt_astar,20260913,0.5750001784,0.2250002924,-0.5749998387,1.875000317,1,1,0,1,0.25,2.1263458,0.7853989064,27.657294,15.204353,42.861647,54256,validated A*
field_map,24,tdt_qp,20260913,0.5750001784,0.2250002924,-0.5749998387,1.875000317,1,1,1,1,0.25,2.011218566,0.000140991023,27.657294,12.041738,39.699032,54256,validated minimum-jerk polyline
field_map,25,smac2d,20260913,-0.5749998387,-0.9749997254,1.975000199,-0.1749997135,1,1,0,0,0.04281304897,2.816363548,1.890619502,27.657294,0.368916,28.02621,54256,returned
field_map,25,tdt_astar,20260913,-0.5749998387,-0.9749997254,1.975000199,-0.1749997135,1,1,0,1,0.09991115145,3.189945277,2.749441889,27.657294,16.71653,44.373824,54256,validated A*
field_map,25,tdt_qp,20260913,-0.5749998387,-0.9749997254,1.975000199,-0.1749997135,1,1,1,1,0.07188643749,2.926922551,1.266047606,27.657294,12.862981,40.520275,54256,validated minimum-jerk polyline
field_map,25,navfn,20260913,-0.5749998387,-0.9749997254,1.975000199,-0.1749997135,1,1,0,0,0.025564838,2.80300675,8.443195941,27.657294,0.720838,28.378132,54256,returned
field_map,26,tdt_astar,20260913,0.2250001732,-0.5249997187,-0.2249998335,2.925000333,1,1,0,1,0.104304932,3.64525463,0.8298135114,27.657294,18.773735,46.431029,54256,validated A*
field_map,26,tdt_qp,20260913,0.2250001732,-0.5249997187,-0.2249998335,2.925000333,1,1,1,1,0.104304932,3.479285564,0.02068903543,27.657294,13.866119,41.523413,54256,validated minimum-jerk polyline
field_map,26,navfn,20260913,0.2250001732,-0.5249997187,-0.2249998335,2.925000333,1,1,0,1,0.09213894327,3.532655259,2.619049502,27.657294,1.135665,28.792959,54256,returned
field_map,26,smac2d,20260913,0.2250001732,-0.5249997187,-0.2249998335,2.925000333,1,1,0,1,0.1043045438,3.530711677,1.458373781,27.657294,1.386199,29.043493,54256,returned
field_map,27,tdt_qp,20260913,-1.32499985,2.77500033,0.3250001747,0.3250002939,1,1,1,1,0.2446344247,2.961227177,0.2481157937,27.657294,23.368923,51.026217,54256,validated minimum-jerk polyline
field_map,27,navfn,20260913,-1.32499985,2.77500033,0.3250001747,0.3250002939,1,1,0,1,0.2295413648,3.002328152,2.636732786,27.657294,0.789644,28.446938,54256,returned
field_map,27,smac2d,20260913,-1.32499985,2.77500033,0.3250001747,0.3250002939,1,1,0,1,0.2446346358,3.000892769,0.5552212356,27.657294,0.706433,28.363727,54256,returned
field_map,27,tdt_astar,20260913,-1.32499985,2.77500033,0.3250001747,0.3250002939,1,1,0,1,0.2446344247,3.114821469,2.18991148,27.657294,13.862441,41.519735,54256,validated A*
field_map,28,navfn,20260913,0.4250001762,4.175000351,-0.5749998387,1.575000313,0,0,0,0,-0.4668780594,0,0,27.657294,1.977476,29.63477,54256,empty
field_map,28,smac2d,20260913,0.4250001762,4.175000351,-0.5749998387,1.575000313,1,1,0,1,0.03933309793,2.908595399,1.777010804,27.657294,1.167272,28.824566,54256,returned
field_map,28,tdt_astar,20260913,0.4250001762,4.175000351,-0.5749998387,1.575000313,1,1,0,1,0.0393333664,2.885761646,1.069345299,27.657294,11.255037,38.912331,54256,validated A*
field_map,28,tdt_qp,20260913,0.4250001762,4.175000351,-0.5749998387,1.575000313,1,1,1,1,0.0393333664,2.785677697,0.0003462579206,27.657294,10.549801,38.207095,54256,validated minimum-jerk polyline
field_map,29,smac2d,20260913,-1.624999854,2.77500033,-0.7249998409,0.1750002917,1,1,0,1,0.208122046,2.896808554,1.468640043,27.657294,0.911725,28.569019,54256,returned
field_map,29,tdt_astar,20260913,-1.624999854,2.77500033,-0.7249998409,0.1750002917,1,1,0,1,0.2081219506,2.972792068,0.7853978116,27.657294,14.184152,41.841446,54256,validated A*
field_map,29,tdt_qp,20260913,-1.624999854,2.77500033,-0.7249998409,0.1750002917,1,1,1,1,0.2081219506,2.758091972,0.240830299,27.657294,11.776612,39.433906,54256,validated minimum-jerk polyline
field_map,29,navfn,20260913,-1.624999854,2.77500033,-0.7249998409,0.1750002917,1,1,0,1,0.1831219503,2.806955708,2.43498894,27.657294,1.881535,29.538829,54256,returned
field_map,30,tdt_astar,20260913,0.275000174,-1.92499974,-1.524999853,1.925000318,1,1,0,1,0.230438235,4.554548746,1.478215656,27.657294,17.770411,45.427705,54256,validated A*
field_map,30,tdt_qp,20260913,0.275000174,-1.92499974,-1.524999853,1.925000318,1,1,1,1,0.05638731814,4.271006355,0.3458690802,27.657294,10.173471,37.830765,54256,validated minimum-jerk polyline
field_map,30,navfn,20260913,0.275000174,-1.92499974,-1.524999853,1.925000318,1,1,0,1,0.09880737395,4.362723115,5.164755935,27.657294,1.151157,28.808451,54256,returned
field_map,30,smac2d,20260913,0.275000174,-1.92499974,-1.524999853,1.925000318,1,1,0,1,0.1643796808,4.418569086,1.282262588,27.657294,2.757422,30.414716,54256,returned
field_map,31,tdt_qp,20260913,-1.174999848,1.475000311,1.32500019,-0.6249997202,1,1,1,1,0.07279777723,3.533191072,1.245225087,27.657294,17.476878,45.134172,54256,validated minimum-jerk polyline
field_map,31,navfn,20260913,-1.174999848,1.475000311,1.32500019,-0.6249997202,1,1,0,0,0.02809669478,3.321654802,5.005274103,27.657294,0.774117,28.431411,54256,returned
field_map,31,smac2d,20260913,-1.174999848,1.475000311,1.32500019,-0.6249997202,1,1,0,0,0.04261261748,3.356183977,1.856918727,27.657294,0.757102,28.414396,54256,returned
field_map,31,tdt_astar,20260913,-1.174999848,1.475000311,1.32500019,-0.6249997202,1,1,0,1,0.07279777723,3.476413136,1.796579836,27.657294,8.197305,35.854599,54256,validated A*
field_map,32,navfn,20260913,-1.174999848,0.8250003014,0.8750001829,-1.574999734,1,1,0,1,0.07163842931,3.481190341,8.949394757,27.657294,1.491756,29.14905,54256,returned
field_map,32,smac2d,20260913,-1.174999848,0.8250003014,0.8750001829,-1.574999734,1,1,0,0,0.04191588213,3.486422195,2.351535124,27.657294,1.443196,29.10049,54256,returned
field_map,32,tdt_astar,20260913,-1.174999848,0.8250003014,0.8750001829,-1.574999734,1,1,0,1,0.125785429,3.904307781,2.993712114,27.657294,17.665271,45.322565,54256,validated A*
field_map,32,tdt_qp,20260913,-1.174999848,0.8250003014,0.8750001829,-1.574999734,1,1,1,1,0.07081653305,3.405265701,1.422799652,27.657294,9.728262,37.385556,54256,validated minimum-jerk polyline
field_map,33,smac2d,20260913,-1.924999859,2.625000328,-0.324999835,-1.27499973,1,1,0,1,0.1341623988,4.425651194,1.243930098,27.657294,1.147595,28.804889,54256,returned
field_map,33,tdt_astar,20260913,-1.924999859,2.625000328,-0.324999835,-1.27499973,1,1,0,1,0.1505764015,4.640369578,1.545798897,27.657294,23.581665,51.238959,54256,validated A*
field_map,33,tdt_qp,20260913,-1.924999859,2.625000328,-0.324999835,-1.27499973,1,1,1,1,0.1451797385,4.318044228,0.7723678011,27.657294,11.257113,38.914407,54256,validated minimum-jerk polyline
field_map,33,navfn,20260913,-1.924999859,2.625000328,-0.324999835,-1.27499973,1,1,0,0,0.004821004202,4.30317447,7.059549766,27.657294,1.063976,28.72127,54256,returned
field_map,34,tdt_astar,20260913,-0.9749998447,0.6750002991,-0.324999835,3.025000334,1,1,0,1,0.1704993893,2.576183953,1.918854972,27.657294,15.263955,42.921249,54256,validated A*
field_map,34,tdt_qp,20260913,-0.9749998447,0.6750002991,-0.324999835,3.025000334,1,1,1,1,0.1704993893,2.438237105,0.0009163895603,27.657294,9.290096,36.94739,54256,validated minimum-jerk polyline
field_map,34,navfn,20260913,-0.9749998447,0.6750002991,-0.324999835,3.025000334,1,1,0,1,0.1704993893,2.422635537,0.9928557271,27.657294,0.715395,28.372689,54256,returned
field_map,34,smac2d,20260913,-0.9749998447,0.6750002991,-0.324999835,3.025000334,1,1,0,1,0.1704997147,2.515001191,1.68467923,27.657294,0.998175,28.655469,54256,returned
field_map,35,tdt_qp,20260913,-1.124999847,2.675000329,1.775000196,-0.3249997158,1,1,1,1,0.1172768939,4.175588395,0.1366958914,27.657294,21.544978,49.202272,54256,validated minimum-jerk polyline
field_map,35,navfn,20260913,-1.124999847,2.675000329,1.775000196,-0.3249997158,1,1,0,1,0.1352016785,4.237990562,5.30911406,27.657294,1.178967,28.836261,54256,returned
field_map,35,smac2d,20260913,-1.124999847,2.675000329,1.775000196,-0.3249997158,1,1,0,0,0.05215172361,4.174922788,0.1347748362,27.657294,0.516466,28.17376,54256,returned
field_map,35,tdt_astar,20260913,-1.124999847,2.675000329,1.775000196,-0.3249997158,1,1,0,1,0.1505764015,4.410025081,2.715909849,27.657294,10.926664,38.583958,54256,validated A*
field_map,36,navfn,20260913,-0.0249998305,2.575000327,0.5750001784,0.6250002984,1,1,0,1,0.1766549794,2.104883841,3.230509643,27.657294,2.34381,30.001104,54256,returned
field_map,36,smac2d,20260913,-0.0249998305,2.575000327,0.5750001784,0.6250002984,1,1,0,1,0.1360111773,2.096741854,1.344271609,27.657294,1.133068,28.790362,54256,returned
field_map,36,tdt_astar,20260913,-0.0249998305,2.575000327,0.5750001784,0.6250002984,1,1,0,1,0.25,2.322793058,1.57079739,27.657294,9.500203,37.157497,54256,validated A*
field_map,36,tdt_qp,20260913,-0.0249998305,2.575000327,0.5750001784,0.6250002984,1,1,1,1,0.2060069572,2.05676112,0.4375402689,27.657294,10.714254,38.371548,54256,validated minimum-jerk polyline
field_map,37,smac2d,20260913,0.5750001784,-0.274999715,-0.07499983124,-2.174999743,1,1,0,0,0.03895850077,2.135963275,2.161173228,27.657294,0.251897,27.909191,54256,returned
field_map,37,tdt_astar,20260913,0.5750001784,-0.274999715,-0.07499983124,-2.174999743,1,1,0,1,0.0393333664,2.497430852,1.812361676,27.657294,25.459198,53.116492,54256,validated A*
field_map,37,tdt_qp,20260913,0.5750001784,-0.274999715,-0.07499983124,-2.174999743,1,1,1,1,0.0393333664,2.20616441,1.581889192,27.657294,15.606785,43.264079,54256,validated minimum-jerk polyline
field_map,37,navfn,20260913,0.5750001784,-0.274999715,-0.07499983124,-2.174999743,1,1,0,0,0.0393333664,2.28090249,9.487936779,27.657294,1.51362,29.170914,54256,returned
field_map,38,tdt_astar,20260913,-0.3749998357,-0.2249997143,1.225000188,-1.624999735,1,1,0,1,0.0393333664,2.82460151,1.712693708,27.657294,18.52734,46.184634,54256,validated A*
field_map,38,tdt_qp,20260913,-0.3749998357,-0.2249997143,1.225000188,-1.624999735,1,1,1,1,0.0393333664,2.519268171,1.707920567,27.657294,19.908215,47.565509,54256,validated minimum-jerk polyline
field_map,38,navfn,20260913,-0.3749998357,-0.2249997143,1.225000188,-1.624999735,1,1,0,1,0.0393333664,2.549192456,8.76098179,27.657294,1.282554,28.939848,54256,returned
field_map,38,smac2d,20260913,-0.3749998357,-0.2249997143,1.225000188,-1.624999735,1,1,0,0,0.03933307909,2.450236956,3.360643267,27.657294,0.415087,28.072381,54256,returned
field_map,39,tdt_qp,20260913,0.3750001755,3.225000337,1.175000187,-1.524999734,1,1,1,1,0.05871684944,6.779103842,2.766615485,27.657294,14.457242,42.114536,54256,validated minimum-jerk polyline
field_map,39,navfn,20260913,0.3750001755,3.225000337,1.175000187,-1.524999734,1,1,0,0,0.004821004202,5.249369857,15.41410465,27.657294,1.519927,29.177221,54256,returned
field_map,39,smac2d,20260913,0.3750001755,3.225000337,1.175000187,-1.524999734,1,1,0,0,0.04280046674,5.248985144,3.299569033,27.657294,1.177767,28.835061,54256,returned
field_map,39,tdt_astar,20260913,0.3750001755,3.225000337,1.175000187,-1.524999734,1,1,0,1,0.05871684944,6.627244313,3.133045128,27.657294,13.866055,41.523349,54256,validated A*
field_map,40,navfn,20260913,1.425000191,0.0750002902,-1.424999851,0.2750002932,1,1,0,0,0.03312194802,2.920334872,3.436961167,27.657294,0.666994,28.324288,54256,returned
field_map,40,smac2d,20260913,1.425000191,0.0750002902,-1.424999851,0.2750002932,1,1,0,1,0.06814506743,2.869853683,0.8264343248,27.657294,0.5767,28.233994,54256,returned
field_map,40,tdt_astar,20260913,1.425000191,0.0750002902,-1.424999851,0.2750002932,1,1,0,1,0.06814531252,2.952437632,1.335743226,27.657294,9.598115,37.255409,54256,validated A*
field_map,40,tdt_qp,20260913,1.425000191,0.0750002902,-1.424999851,0.2750002932,1,1,1,1,0.06814531252,2.857008968,0.0001983460111,27.657294,22.658591,50.315885,54256,validated minimum-jerk polyline
field_map,41,smac2d,20260913,1.475000192,-0.274999715,-1.174999848,1.875000317,1,1,0,1,0.25,3.449965787,0.377665995,27.657294,0.926943,28.584237,54256,returned
field_map,41,tdt_astar,20260913,1.475000192,-0.274999715,-1.174999848,1.875000317,1,1,0,1,0.25,3.49078498,1.446440919,27.657294,10.138803,37.796097,54256,validated A*
field_map,41,tdt_qp,20260913,1.475000192,-0.274999715,-1.174999848,1.875000317,1,1,1,1,0.25,3.412477157,0.0001333805378,27.657294,21.522399,49.179693,54256,validated minimum-jerk polyline
field_map,41,navfn,20260913,1.475000192,-0.274999715,-1.174999848,1.875000317,1,1,0,1,0.25,3.450752814,2.159333976,27.657294,0.711911,28.369205,54256,returned
field_map,42,tdt_astar,20260913,1.025000185,0.4750002962,-1.624999854,2.575000327,1,1,0,1,0.25,3.519848458,0.785397834,27.657294,12.037827,39.695121,54256,validated A*
field_map,42,tdt_qp,20260913,1.025000185,0.4750002962,-1.624999854,2.575000327,1,1,1,1,0.25,3.381198063,0.0001787755259,27.657294,17.463449,45.120743,54256,validated minimum-jerk polyline
field_map,42,navfn,20260913,1.025000185,0.4750002962,-1.624999854,2.575000327,1,1,0,1,0.2349053934,3.421160519,2.340651393,27.657294,0.73572,28.393014,54256,returned
field_map,42,smac2d,20260913,1.025000185,0.4750002962,-1.624999854,2.575000327,1,1,0,1,0.25,3.420694942,0.4066970661,27.657294,0.760005,28.417299,54256,returned
field_map,43,tdt_qp,20260913,-1.374999851,1.525000312,0.5250001777,-1.674999736,1,1,1,1,0.1586217501,4.027775864,2.062465419,27.657294,13.45533,41.112624,54256,validated minimum-jerk polyline
field_map,43,navfn,20260913,-1.374999851,1.525000312,0.5250001777,-1.674999736,1,1,0,1,0.07163842931,3.900261862,8.015273389,27.657294,1.358322,29.015616,54256,returned
field_map,43,smac2d,20260913,-1.374999851,1.525000312,0.5250001777,-1.674999736,1,1,0,0,0.04288311147,3.918850815,2.80406523,27.657294,1.104351,28.761645,54256,returned
field_map,43,tdt_astar,20260913,-1.374999851,1.525000312,0.5250001777,-1.674999736,1,1,0,1,0.1586217501,4.221320422,2.356193854,27.657294,11.117245,38.774539,54256,validated A*
field_map,44,navfn,20260913,1.37500019,-0.4249997173,-0.124999832,-1.92499974,1,1,0,0,0.04790345529,2.457696946,10.94681184,27.657294,0.689855,28.347149,54256,returned
field_map,44,smac2d,20260913,1.37500019,-0.4249997173,-0.124999832,-1.92499974,1,1,0,0,0.04313851734,2.340399012,2.731947818,27.657294,0.394341,28.051635,54256,returned
field_map,44,tdt_astar,20260913,1.37500019,-0.4249997173,-0.124999832,-1.92499974,1,1,0,1,0.1851473919,3.546853874,2.57358735,27.657294,7.959032,35.616326,54256,validated A*
field_map,44,tdt_qp,20260913,1.37500019,-0.4249997173,-0.124999832,-1.92499974,1,1,1,1,0.05473352196,2.867490795,2.218565955,27.657294,21.162865,48.820159,54256,validated minimum-jerk polyline
field_map,45,smac2d,20260913,-1.424999851,1.675000314,0.275000174,0.3750002947,1,1,0,1,0.25,2.173643931,0.5238169168,27.657294,0.505266,28.16256,54256,returned
field_map,45,tdt_astar,20260913,-1.424999851,1.675000314,0.275000174,0.3750002947,1,1,0,1,0.25,2.19743372,0.7309042467,27.657294,8.729762,36.387056,54256,validated A*
field_map,45,tdt_qp,20260913,-1.424999851,1.675000314,0.275000174,0.3750002947,1,1,1,1,0.25,2.140093488,0.0004957471578,27.657294,18.961035,46.618329,54256,validated minimum-jerk polyline
field_map,45,navfn,20260913,-1.424999851,1.675000314,0.275000174,0.3750002947,1,1,0,1,0.25,2.177217591,2.026259393,27.657294,0.950848,28.608142,54256,returned
field_map,46,tdt_astar,20260913,-0.4749998372,-1.074999727,-0.07499983124,3.175000336,1,1,0,1,0.1782963452,4.328004709,0.4223431672,27.657294,11.024097,38.681391,54256,validated A*
field_map,46,tdt_qp,20260913,-0.4749998372,-1.074999727,-0.07499983124,3.175000336,1,1,1,1,0.1782963452,4.268782091,6.194811886e-05,27.657294,15.626737,43.284031,54256,validated minimum-jerk polyline
field_map,46,navfn,20260913,-0.4749998372,-1.074999727,-0.07499983124,3.175000336,1,1,0,1,0.1782963452,4.25272032,0.9948497378,27.657294,1.931444,29.588738,54256,returned
field_map,46,smac2d,20260913,-0.4749998372,-1.074999727,-0.07499983124,3.175000336,1,1,0,1,0.1782966445,4.320016343,1.382806176,27.657294,1.514606,29.1719,54256,returned
field_map,47,tdt_qp,20260913,0.6250001792,0.1250002909,-1.224999848,0.9250003029,1,1,1,1,0.25,2.015564467,0.0004236775772,27.657294,17.232017,44.889311,54256,validated minimum-jerk polyline
field_map,47,navfn,20260913,0.6250001792,0.1250002909,-1.224999848,0.9250003029,1,1,0,1,0.25,2.06755337,3.012414155,27.657294,1.954052,29.611346,54256,returned
field_map,47,smac2d,20260913,0.6250001792,0.1250002909,-1.224999848,0.9250003029,1,1,0,1,0.25,2.054212816,1.153265778,27.657294,0.735406,28.3927,54256,returned
field_map,47,tdt_astar,20260913,0.6250001792,0.1250002909,-1.224999848,0.9250003029,1,1,0,1,0.25,2.163429176,2.134877831,27.657294,11.988665,39.645959,54256,validated A*
field_map,48,navfn,20260913,1.575000193,-0.474999718,-0.4749998372,2.07500032,1,1,0,1,0.1434497305,3.308564999,2.009356529,27.657294,0.804364,28.461658,54256,returned
field_map,48,smac2d,20260913,1.575000193,-0.474999718,-0.4749998372,2.07500032,1,1,0,1,0.1383075602,3.308560172,0.3958077884,27.657294,0.699879,28.357173,54256,returned
field_map,48,tdt_astar,20260913,1.575000193,-0.474999718,-0.4749998372,2.07500032,1,1,0,1,0.1383078714,3.429310998,0.8103929833,27.657294,8.03954,35.696834,54256,validated A*
field_map,48,tdt_qp,20260913,1.575000193,-0.474999718,-0.4749998372,2.07500032,1,1,1,1,0.1383078714,3.271849679,0.0002415813005,27.657294,16.485322,44.142616,54256,validated minimum-jerk polyline
field_map,49,smac2d,20260913,-1.424999851,0.2750002932,-0.0249998305,2.925000333,1,1,0,1,0.0865205695,3.133114852,1.190008377,27.657294,1.30706,28.964354,54256,returned
field_map,49,tdt_astar,20260913,-1.424999851,0.2750002932,-0.0249998305,2.925000333,1,1,0,1,0.08652053935,3.170840305,1.410883258,27.657294,11.460923,39.118217,54256,validated A*
field_map,49,tdt_qp,20260913,-1.424999851,0.2750002932,-0.0249998305,2.925000333,1,1,1,1,0.08652053935,2.997081959,0.0003414219835,27.657294,19.645278,47.302572,54256,validated minimum-jerk polyline
field_map,49,navfn,20260913,-1.424999851,0.2750002932,-0.0249998305,2.925000333,1,1,0,1,0.1183569448,2.979264302,1.257578931,27.657294,1.364396,29.02169,54256,returned
field_map,50,tdt_astar,20260913,0.6750001799,0.0750002902,-1.424999851,1.975000319,1,1,0,1,0.25,2.831960494,3.629097023e-12,27.657294,12.978996,40.63629,54256,validated A*
field_map,50,tdt_qp,20260913,0.6750001799,0.0750002902,-1.424999851,1.975000319,1,1,1,1,0.25,2.831960494,1.794441588e-05,27.657294,21.360932,49.018226,54256,validated minimum-jerk polyline
field_map,50,navfn,20260913,0.6750001799,0.0750002902,-1.424999851,1.975000319,1,1,0,1,0.25,2.868420832,2.111781811,27.657294,0.818411,28.475705,54256,returned
field_map,50,smac2d,20260913,0.6750001799,0.0750002902,-1.424999851,1.975000319,1,1,0,1,0.25,2.845857593,0.3444842397,27.657294,0.653744,28.311038,54256,returned
field_map,51,tdt_qp,20260913,0.8750001829,0.3750002947,-1.624999854,1.775000316,1,1,1,1,0.1086651708,2.865309799,0.0002757538291,27.657294,8.037008,35.694302,54256,validated minimum-jerk polyline
field_map,51,navfn,20260913,0.8750001829,0.3750002947,-1.624999854,1.775000316,1,1,0,1,0.1086651708,2.91541961,2.850968251,27.657294,0.70745,28.364744,54256,returned
field_map,51,smac2d,20260913,0.8750001829,0.3750002947,-1.624999854,1.775000316,1,1,0,1,0.1086655478,2.983200435,1.159068842,27.657294,0.916388,28.573682,54256,returned
field_map,51,tdt_astar,20260913,0.8750001829,0.3750002947,-1.624999854,1.775000316,1,1,0,1,0.1086651708,3.044703481,1.446441279,27.657294,19.890006,47.5473,54256,validated A*
field_map,52,navfn,20260913,-0.6749998402,2.125000321,0.02500017025,0.1250002909,1,1,0,1,0.25,2.173680728,2.409813611,27.657294,0.627403,28.284697,54256,returned
field_map,52,smac2d,20260913,-0.6749998402,2.125000321,0.02500017025,0.1250002909,1,1,0,1,0.25,2.200169398,1.433915758,27.657294,0.553441,28.210735,54256,returned
field_map,52,tdt_astar,20260913,-0.6749998402,2.125000321,0.02500017025,0.1250002909,1,1,0,1,0.25,2.180163161,0.4779326336,27.657294,8.77234,36.429634,54256,validated A*
field_map,52,tdt_qp,20260913,-0.6749998402,2.125000321,0.02500017025,0.1250002909,1,1,1,1,0.25,2.118962042,0.0001123033767,27.657294,17.203595,44.860889,54256,validated minimum-jerk polyline
field_map,53,smac2d,20260913,-0.6249998394,2.175000321,1.225000188,-1.474999733,1,1,0,0,0.04280063987,4.401985249,3.068360347,27.657294,1.527501,29.184795,54256,returned
field_map,53,tdt_astar,20260913,-0.6249998394,2.175000321,1.225000188,-1.474999733,1,1,0,1,0.07279777723,5.366748628,3.091602198,27.657294,11.1117,38.768994,54256,validated A*
field_map,53,tdt_qp,20260913,-0.6249998394,2.175000321,1.225000188,-1.474999733,1,1,1,1,0.06798724882,5.006084318,1.969102441,27.657294,14.172058,41.829352,54256,validated minimum-jerk polyline
field_map,53,navfn,20260913,-0.6249998394,2.175000321,1.225000188,-1.474999733,0,0,0,0,-0.4668780594,0,0,27.657294,0.9184,28.575694,54256,empty
field_map,54,tdt_astar,20260913,0.475000177,-1.97499974,0.1250001717,2.175000321,1,1,0,1,0.230438235,4.699411111,1.63736461,27.657294,12.071715,39.729009,54256,validated A*
field_map,54,tdt_qp,20260913,0.475000177,-1.97499974,0.1250001717,2.175000321,1,1,1,1,0.0865293527,4.359941515,1.031585381,27.657294,11.872547,39.529841,54256,validated minimum-jerk polyline
field_map,54,navfn,20260913,0.475000177,-1.97499974,0.1250001717,2.175000321,1,1,0,1,0.07163842931,4.338273903,8.362316754,27.657294,1.570702,29.227996,54256,returned
field_map,54,smac2d,20260913,0.475000177,-1.97499974,0.1250001717,2.175000321,1,1,0,0,0.04810985105,4.28220123,2.057128728,27.657294,1.120377,28.777671,54256,returned
field_map,55,tdt_qp,20260913,1.175000187,-0.07499971204,0.9250001837,-2.474999748,1,1,0,1,0.0393333664,2.673230569,3.425388416,27.657294,11.744032,39.401326,54256,validated A* fallback: optimizer geometry rejected
field_map,55,navfn,20260913,1.175000187,-0.07499971204,0.9250001837,-2.474999748,0,0,0,0,-0.4668780594,0,0,27.657294,1.116684,28.773978,54256,empty
field_map,55,smac2d,20260913,1.175000187,-0.07499971204,0.9250001837,-2.474999748,1,1,0,0,0.03933349356,2.510354592,2.7099089,27.657294,0.295198,27.952492,54256,returned
field_map,55,tdt_astar,20260913,1.175000187,-0.07499971204,0.9250001837,-2.474999748,1,1,0,1,0.0393333664,2.673230569,3.425388416,27.657294,8.016366,35.67366,54256,validated A*
field_map,56,navfn,20260913,-0.4249998365,-1.024999726,-1.474999852,2.325000324,1,1,0,1,0.25,3.56412536,2.83654104,27.657294,0.961164,28.618458,54256,returned
field_map,56,smac2d,20260913,-0.4249998365,-1.024999726,-1.474999852,2.325000324,1,1,0,1,0.07925929065,3.663293454,1.793091473,27.657294,1.166986,28.82428,54256,returned
field_map,56,tdt_astar,20260913,-0.4249998365,-1.024999726,-1.474999852,2.325000324,1,1,0,1,0.25,3.7246738,0.7853972325,27.657294,18.724501,46.381795,54256,validated A*
field_map,56,tdt_qp,20260913,-0.4249998365,-1.024999726,-1.474999852,2.325000324,1,1,1,1,0.25,3.526389509,0.3354090476,27.657294,8.900777,36.558071,54256,validated minimum-jerk polyline
field_map,57,smac2d,20260913,-1.024999845,-0.8249997232,-0.9749998447,2.425000325,1,1,0,0,0.03933375731,3.258931203,0.5017552445,27.657294,0.267022,27.924316,54256,returned
field_map,57,tdt_astar,20260913,-1.024999845,-0.8249997232,-0.9749998447,2.425000325,1,1,0,1,0.0393333664,3.583449799,2.414946446,27.657294,21.638225,49.295519,54256,validated A*
field_map,57,tdt_qp,20260913,-1.024999845,-0.8249997232,-0.9749998447,2.425000325,1,1,1,1,0.0393333664,4.066744622,2.128201111,27.657294,14.008274,41.665568,54256,validated minimum-jerk polyline
field_map,57,navfn,20260913,-1.024999845,-0.8249997232,-0.9749998447,2.425000325,1,1,0,1,0.03312194802,3.245500732,2.456022796,27.657294,3.017655,30.674949,54256,returned
field_map,58,tdt_astar,20260913,0.275000174,4.275000353,-0.124999832,1.475000311,1,1,0,1,0.1191287942,2.968199411,1.29974438,27.657294,19.181298,46.838592,54256,validated A*
field_map,58,tdt_qp,20260913,0.275000174,4.275000353,-0.124999832,1.475000311,1,1,1,1,0.07052335633,2.828427167,0.0003264895892,27.657294,19.312257,46.969551,54256,validated minimum-jerk polyline
field_map,58,navfn,20260913,0.275000174,4.275000353,-0.124999832,1.475000311,1,1,0,0,0.04790345529,2.93712969,4.359378868,27.657294,1.095089,28.752383,54256,returned
field_map,58,smac2d,20260913,0.275000174,4.275000353,-0.124999832,1.475000311,1,1,0,1,0.1081146036,2.879320211,1.382736357,27.657294,1.236903,28.894197,54256,returned
field_map,59,tdt_qp,20260913,-1.624999854,2.525000327,-0.8249998424,0.2750002932,1,1,1,1,0.25,2.388396593,0.06370407818,27.657294,14.399824,42.057118,54256,validated minimum-jerk polyline
field_map,59,navfn,20260913,-1.624999854,2.525000327,-0.8249998424,0.2750002932,1,1,0,1,0.2281300996,2.443308409,2.444405336,27.657294,0.993799,28.651093,54256,returned
field_map,59,smac2d,20260913,-1.624999854,2.525000327,-0.8249998424,0.2750002932,1,1,0,1,0.1850575554,2.488011133,1.656795887,27.657294,1.068148,28.725442,54256,returned
field_map,59,tdt_astar,20260913,-1.624999854,2.525000327,-0.8249998424,0.2750002932,1,1,0,1,0.25,2.58137055,0.7853975087,27.657294,19.386813,47.044107,54256,validated A*
field_map,60,navfn,20260913,0.02500017025,0.8750003021,0.07500017099,3.625000343,1,1,0,1,0.04302389953,2.73535538,0.7853981634,27.657294,0.667126,28.32442,54256,returned
field_map,60,smac2d,20260913,0.02500017025,0.8750003021,0.07500017099,3.625000343,1,1,0,1,0.0626241309,2.753469806,0.1977944082,27.657294,0.437233,28.094527,54256,returned
field_map,60,tdt_astar,20260913,0.02500017025,0.8750003021,0.07500017099,3.625000343,1,1,0,1,0.06345203436,3.007450316,2.167343339,27.657294,8.001091,35.658385,54256,validated A*
field_map,60,tdt_qp,20260913,0.02500017025,0.8750003021,0.07500017099,3.625000343,1,1,1,1,0.06345203436,2.750454549,0.0007909261504,27.657294,20.899947,48.557241,54256,validated minimum-jerk polyline
field_map,61,smac2d,20260913,-0.6249998394,-0.7749997225,-1.024999845,1.275000308,1,1,0,1,0.25,2.130768645,1.137739184,27.657294,0.476467,28.133761,54256,returned
field_map,61,tdt_astar,20260913,-0.6249998394,-0.7749997225,-1.024999845,1.275000308,1,1,0,1,0.25,2.260329115,0.8498246313,27.657294,7.692558,35.349852,54256,validated A*
field_map,61,tdt_qp,20260913,-0.6249998394,-0.7749997225,-1.024999845,1.275000308,1,1,1,1,0.25,2.088659889,0.0001776624195,27.657294,11.394946,39.05224,54256,validated minimum-jerk polyline
field_map,61,navfn,20260913,-0.6249998394,-0.7749997225,-1.024999845,1.275000308,1,1,0,1,0.25,2.141215218,2.350681447,27.657294,2.527191,30.184485,54256,returned
field_map,62,tdt_astar,20260913,-0.4249998365,1.525000312,0.1750001725,-1.97499974,1,1,0,1,0.2085847549,3.67128765,0.5837715445,27.657294,14.521019,42.178313,54256,validated A*
field_map,62,tdt_qp,20260913,-0.4249998365,1.525000312,0.1750001725,-1.97499974,1,1,1,1,0.05902177029,3.551056234,0.0001890462892,27.657294,10.11632,37.773614,54256,validated minimum-jerk polyline
field_map,62,navfn,20260913,-0.4249998365,1.525000312,0.1750001725,-1.97499974,1,1,0,1,0.1597623857,3.615017418,3.038117537,27.657294,1.20917,28.866464,54256,returned
field_map,62,smac2d,20260913,-0.4249998365,1.525000312,0.1750001725,-1.97499974,1,1,0,1,0.1570642983,3.620418685,1.602025497,27.657294,1.149806,28.8071,54256,returned
field_map,63,tdt_qp,20260913,-1.274999849,2.525000327,0.8250001822,-2.324999746,1,1,1,1,0.1317303611,5.387396861,0.8773920646,27.657294,18.416595,46.073889,54256,validated minimum-jerk polyline
field_map,63,navfn,20260913,-1.274999849,2.525000327,0.8250001822,-2.324999746,1,1,0,1,0.1331219495,5.432175279,4.998613774,27.657294,0.691965,28.349259,54256,returned
field_map,63,smac2d,20260913,-1.274999849,2.525000327,0.8250001822,-2.324999746,1,1,0,0,0.04295512151,5.586368966,2.955304452,27.657294,1.324637,28.981931,54256,returned
field_map,63,tdt_astar,20260913,-1.274999849,2.525000327,0.8250001822,-2.324999746,1,1,0,1,0.1310184042,5.657604328,2.325840712,27.657294,12.675913,40.333207,54256,validated A*
field_map,64,navfn,20260913,-0.5249998379,1.42500031,0.8250001822,-2.074999742,1,1,0,1,0.1352016785,3.998168029,5.39318101,27.657294,2.60531,30.262604,54256,returned
field_map,64,smac2d,20260913,-0.5249998379,1.42500031,0.8250001822,-2.074999742,1,1,0,0,0.04295292636,3.956073379,2.419562146,27.657294,0.876951,28.534245,54256,returned
field_map,64,tdt_astar,20260913,-0.5249998379,1.42500031,0.8250001822,-2.074999742,1,1,0,1,0.1626058656,4.184590546,2.463006291,27.657294,13.165104,40.822398,54256,validated A*
field_map,64,tdt_qp,20260913,-0.5249998379,1.42500031,0.8250001822,-2.074999742,1,1,1,1,0.06955556401,3.95449887,1.072225713,27.657294,15.962026,43.61932,54256,validated minimum-jerk polyline
field_map,65,smac2d,20260913,0.07500017099,2.975000333,-0.07499983124,-0.4249997173,1,1,0,1,0.1581215843,3.40980498,0.577186552,27.657294,1.690817,29.348111,54256,returned
field_map,65,tdt_astar,20260913,0.07500017099,2.975000333,-0.07499983124,-0.4249997173,1,1,0,1,0.1821596995,3.648975001,1.570797491,27.657294,12.730702,40.387996,54256,validated A*
field_map,65,tdt_qp,20260913,0.07500017099,2.975000333,-0.07499983124,-0.4249997173,1,1,1,1,0.1652271124,3.403307266,0.0005176992836,27.657294,9.821746,37.47904,54256,validated minimum-jerk polyline
field_map,65,navfn,20260913,0.07500017099,2.975000333,-0.07499983124,-0.4249997173,1,1,0,1,0.1332375451,3.458405464,0.7873759682,27.657294,1.272282,28.929576,54256,returned
field_map,66,tdt_astar,20260913,-0.6249998394,2.325000324,-0.2749998342,-0.274999715,1,1,0,1,0.25,2.694622443,1.056150293,27.657294,16.342961,44.000255,54256,validated A*
field_map,66,tdt_qp,20260913,-0.6249998394,2.325000324,-0.2749998342,-0.274999715,1,1,1,1,0.25,2.623451964,0.0001293025308,27.657294,7.954121,35.611415,54256,validated minimum-jerk polyline
field_map,66,navfn,20260913,-0.6249998394,2.325000324,-0.2749998342,-0.274999715,1,1,0,1,0.25,2.678002133,2.388769801,27.657294,0.695441,28.352735,54256,returned
field_map,66,smac2d,20260913,-0.6249998394,2.325000324,-0.2749998342,-0.274999715,1,1,0,1,0.25,2.675583556,1.170454235,27.657294,0.555528,28.212822,54256,returned
field_map,67,tdt_qp,20260913,0.07500017099,-0.5749997195,-0.4749998372,3.075000335,1,1,1,1,0.0393333664,3.693422128,0.1288759608,27.657294,27.745337,55.402631,54256,validated minimum-jerk polyline
field_map,67,navfn,20260913,0.07500017099,-0.5749997195,-0.4749998372,3.075000335,0,0,0,0,-0.4668780594,0,0,27.657294,0.882205,28.539499,54256,empty
field_map,67,smac2d,20260913,0.07500017099,-0.5749997195,-0.4749998372,3.075000335,1,1,0,1,0.0393336537,3.7846117,1.588975857,27.657294,1.063999,28.721293,54256,returned
field_map,67,tdt_astar,20260913,0.07500017099,-0.5749997195,-0.4749998372,3.075000335,1,1,0,1,0.0393333664,3.865131041,2.134879477,27.657294,22.82047,50.477764,54256,validated A*
field_map,68,navfn,20260913,-1.624999854,2.125000321,-0.6749998402,0.0750002902,1,1,0,1,0.1824528523,2.312267365,2.4060618,27.657294,0.617805,28.275099,54256,returned
field_map,68,smac2d,20260913,-1.624999854,2.125000321,-0.6749998402,0.0750002902,1,1,0,1,0.1586221274,2.350208921,1.005534812,27.657294,0.55646,28.213754,54256,returned
field_map,68,tdt_astar,20260913,-1.624999854,2.125000321,-0.6749998402,0.0750002902,1,1,0,1,0.1586217501,2.443502397,0.7853971019,27.657294,10.261844,37.919138,54256,validated A*
field_map,68,tdt_qp,20260913,-1.624999854,2.125000321,-0.6749998402,0.0750002902,1,1,1,1,0.1586217501,2.259424739,0.0001643283786,27.657294,18.897079,46.554373,54256,validated minimum-jerk polyline
field_map,69,smac2d,20260913,1.025000185,-1.724999737,0.07500017099,0.8250003014,1,1,0,0,0.04291299379,3.091231487,2.511118718,27.657294,0.670381,28.327675,54256,returned
field_map,69,tdt_astar,20260913,1.025000185,-1.724999737,0.07500017099,0.8250003014,1,1,0,1,0.1086651708,3.76130285,2.196281221,27.657294,8.568188,36.225482,54256,validated A*
field_map,69,tdt_qp,20260913,1.025000185,-1.724999737,0.07500017099,0.8250003014,1,1,1,1,0.07119372748,3.499992415,1.975995363,27.657294,19.623368,47.280662,54256,validated minimum-jerk polyline
field_map,69,navfn,20260913,1.025000185,-1.724999737,0.07500017099,0.8250003014,1,1,0,0,0.025564838,3.148870418,8.95692284,27.657294,0.962124,28.619418,54256,returned
field_map,70,tdt_astar,20260913,1.32500019,-0.7749997225,-0.0249998305,1.075000305,1,1,0,1,0.05812194839,2.447358441,0.9032453276,27.657294,8.989498,36.646792,54256,validated A*
field_map,70,tdt_qp,20260913,1.32500019,-0.7749997225,-0.0249998305,1.075000305,1,1,1,1,0.05289613163,2.345167177,0.8273735786,27.657294,11.68846,39.345754,54256,validated minimum-jerk polyline
field_map,70,navfn,20260913,1.32500019,-0.7749997225,-0.0249998305,1.075000305,1,1,0,1,0.08312194877,2.360223872,2.810615928,27.657294,1.74543,29.402724,54256,returned
field_map,70,smac2d,20260913,1.32500019,-0.7749997225,-0.0249998305,1.075000305,1,1,0,0,0.04299322263,2.33239363,1.142303798,27.657294,0.681463,28.338757,54256,returned
field_map,71,tdt_qp,20260913,-0.3749998357,1.925000318,-0.2249998335,-1.97499974,1,1,1,1,0.1086651708,3.902883608,0.0001797457503,27.657294,13.634124,41.291418,54256,validated minimum-jerk polyline
field_map,71,navfn,20260913,-0.3749998357,1.925000318,-0.2249998335,-1.97499974,1,1,0,1,0.09213894327,3.958842973,2.366583095,27.657294,0.673201,28.330495,54256,returned
field_map,71,smac2d,20260913,-0.3749998357,1.925000318,-0.2249998335,-1.97499974,1,1,0,1,0.1086655478,3.909369631,0.6578089317,27.657294,0.630651,28.287945,54256,returned
field_map,71,tdt_astar,20260913,-0.3749998357,1.925000318,-0.2249998335,-1.97499974,1,1,0,1,0.1086651708,3.972424134,1.440139665,27.657294,11.178116,38.83541,54256,validated A*
field_map,72,navfn,20260913,0.275000174,-1.624999735,-1.124999847,2.825000331,1,1,0,1,0.07163842931,4.771289496,7.193085304,27.657294,1.408641,29.065935,54256,returned
field_map,72,smac2d,20260913,0.275000174,-1.624999735,-1.124999847,2.825000331,1,1,0,1,0.1341614657,4.932985543,1.218028384,27.657294,2.048688,29.705982,54256,returned
field_map,72,tdt_astar,20260913,0.275000174,-1.624999735,-1.124999847,2.825000331,1,1,0,1,0.1626058656,5.079024345,3.828562192,27.657294,12.961366,40.61866,54256,validated A*
field_map,72,tdt_qp,20260913,0.275000174,-1.624999735,-1.124999847,2.825000331,1,1,1,1,0.1319331083,4.782414181,0.8509812135,27.657294,8.875071,36.532365,54256,validated minimum-jerk polyline
field_map,73,smac2d,20260913,-0.0249998305,2.525000327,-0.0249998305,-1.324999731,1,1,0,1,0.1081215677,3.850000057,0,27.657294,0.461326,28.11862,54256,returned
field_map,73,tdt_astar,20260913,-0.0249998305,2.525000327,-0.0249998305,-1.324999731,1,1,0,1,0.1704993893,4.098528548,1.570796637,27.657294,20.419684,48.076978,54256,validated A*
field_map,73,tdt_qp,20260913,-0.0249998305,2.525000327,-0.0249998305,-1.324999731,1,1,1,1,0.1081221186,3.850000057,9.529788701e-05,27.657294,8.404289,36.061583,54256,validated minimum-jerk polyline
field_map,73,navfn,20260913,-0.0249998305,2.525000327,-0.0249998305,-1.324999731,1,1,0,1,0.08312194877,3.885355397,0.7853981634,27.657294,0.676461,28.333755,54256,returned
field_map,74,tdt_astar,20260913,-0.1749998327,-2.174999743,1.725000196,-0.2249997143,1,1,0,1,0.08198440875,4.012533673,3.048583499,27.657294,20.821559,48.478853,54256,validated A*
field_map,74,tdt_qp,20260913,-0.1749998327,-2.174999743,1.725000196,-0.2249997143,1,1,1,1,0.05494437807,3.643915264,2.161767454,27.657294,8.510271,36.167565,54256,validated minimum-jerk polyline
field_map,74,navfn,20260913,-0.1749998327,-2.174999743,1.725000196,-0.2249997143,1,1,0,0,0.025564838,2.833028842,10.10249331,27.657294,0.852066,28.50936,54256,returned
field_map,74,smac2d,20260913,-0.1749998327,-2.174999743,1.725000196,-0.2249997143,1,1,0,0,0.04492759416,2.799956741,2.141249221,27.657294,0.510753,28.168047,54256,returned
field_map,75,tdt_qp,20260913,1.32500019,-0.474999718,0.475000177,3.42500034,1,1,1,1,0.09938067677,4.423677618,1.543491999,27.657294,22.981543,50.638837,54256,validated minimum-jerk polyline
field_map,75,navfn,20260913,1.32500019,-0.474999718,0.475000177,3.42500034,1,1,0,1,0.07163842931,4.420010278,17.24412605,27.657294,0.687225,28.344519,54256,returned
field_map,75,smac2d,20260913,1.32500019,-0.474999718,0.475000177,3.42500034,1,1,0,0,0.04338956619,4.433112575,1.693083257,27.657294,0.541255,28.198549,54256,returned
field_map,75,tdt_astar,20260913,1.32500019,-0.474999718,0.475000177,3.42500034,1,1,0,1,0.09991115145,4.923209878,3.141585007,27.657294,9.972624,37.629918,54256,validated A*
field_map,76,navfn,20260913,0.2250001732,3.725000345,-1.924999859,2.525000327,1,1,0,0,0.04790345529,2.67746434,12.32185518,27.657294,1.839842,29.497136,54256,returned
field_map,76,smac2d,20260913,0.2250001732,3.725000345,-1.924999859,2.525000327,1,1,0,0,0.04484492279,2.618758033,1.742847943,27.657294,0.81069,28.467984,54256,returned
field_map,76,tdt_astar,20260913,0.2250001732,3.725000345,-1.924999859,2.525000327,1,1,0,1,0.06814531252,2.84985129,1.373399933,27.657294,17.161824,44.819118,54256,validated A*
field_map,76,tdt_qp,20260913,0.2250001732,3.725000345,-1.924999859,2.525000327,1,1,1,1,0.06814531252,2.558757388,0.942528825,27.657294,8.917792,36.575086,54256,validated minimum-jerk polyline
field_map,77,smac2d,20260913,-0.6749998402,1.725000315,0.07500017099,-1.97499974,1,1,0,1,0.05811369296,3.917350852,1.688111289,27.657294,1.952547,29.609841,54256,returned
field_map,77,tdt_astar,20260913,-0.6749998402,1.725000315,0.07500017099,-1.97499974,1,1,0,1,0.2085847549,3.8619088,0.8038462623,27.657294,21.114689,48.771983,54256,validated A*
field_map,77,tdt_qp,20260913,-0.6749998402,1.725000315,0.07500017099,-1.97499974,1,1,1,1,0.1824166388,3.775248393,0.0003227149187,27.657294,11.773673,39.430967,54256,validated minimum-jerk polyline
field_map,77,navfn,20260913,-0.6749998402,1.725000315,0.07500017099,-1.97499974,1,1,0,1,0.1886638263,3.831843834,3.179914468,27.657294,1.589115,29.246409,54256,returned
field_map,78,tdt_astar,20260913,1.075000186,-1.27499973,-0.4249998365,1.675000314,1,1,0,1,0.03933297802,3.966296104,18.22674584,27.657294,14.656581,42.313875,54256,validated A*
field_map,78,tdt_qp,20260913,1.075000186,-1.27499973,-0.4249998365,1.675000314,1,1,0,1,0.03933297802,3.966296104,18.22674584,27.657294,7.646851,35.304145,54256,validated A* fallback: waypoint or time budget
field_map,78,navfn,20260913,1.075000186,-1.27499973,-0.4249998365,1.675000314,1,1,0,0,0.025564838,3.654466147,7.512792158,27.657294,0.968711,28.626005,54256,returned
field_map,78,smac2d,20260913,1.075000186,-1.27499973,-0.4249998365,1.675000314,1,1,0,0,0.04284894846,3.63788124,2.220905099,27.657294,0.462846,28.12014,54256,returned
field_map,79,tdt_qp,20260913,0.3250001747,3.975000348,-0.7249998409,-0.274999715,1,1,1,1,0.157867487,4.377784893,0.0006817153533,27.657294,20.077568,47.734862,54256,validated minimum-jerk polyline
field_map,79,navfn,20260913,0.3250001747,3.975000348,-0.7249998409,-0.274999715,1,1,0,1,0.1140809543,4.429083737,0.9215057426,27.657294,1.388008,29.045302,54256,returned
field_map,79,smac2d,20260913,0.3250001747,3.975000348,-0.7249998409,-0.274999715,1,1,0,1,0.1317350314,4.560841363,2.025132033,27.657294,1.141199,28.798493,54256,returned
field_map,79,tdt_astar,20260913,0.3250001747,3.975000348,-0.7249998409,-0.274999715,1,1,0,1,0.1619480739,4.57247173,1.817087271,27.657294,8.173325,35.830619,54256,validated A*
field_map,80,navfn,20260913,0.4250001762,3.675000344,-0.4249998365,1.725000315,1,1,0,1,0.1177225342,2.172416502,0.9345083124,27.657294,1.817639,29.474933,54256,returned
field_map,80,smac2d,20260913,0.4250001762,3.675000344,-0.4249998365,1.725000315,1,1,0,1,0.1025944059,2.162439691,1.184027829,27.657294,1.042386,28.69968,54256,returned
field_map,80,tdt_astar,20260913,0.4250001762,3.675000344,-0.4249998365,1.725000315,1,1,0,1,0.25,2.211622003,0.5971779197,27.657294,14.443654,42.100948,54256,validated A*
field_map,80,tdt_qp,20260913,0.4250001762,3.675000344,-0.4249998365,1.725000315,1,1,1,1,0.1348508251,2.12720477,0.0001716753719,27.657294,8.675725,36.333019,54256,validated minimum-jerk polyline
field_map,81,smac2d,20260913,0.1750001725,-2.074999742,0.1250001717,2.825000331,1,1,0,0,0.04563304963,4.939877165,1.298211105,27.657294,0.367832,28.025126,54256,returned
field_map,81,tdt_astar,20260913,0.1750001725,-2.074999742,0.1250001717,2.825000331,1,1,0,1,0.1086651708,5.297332109,2.117336027,27.657294,11.77411,39.431404,54256,validated A*
field_map,81,tdt_qp,20260913,0.1750001725,-2.074999742,0.1250001717,2.825000331,1,1,1,1,0.1086651708,5.109405372,0.8367998183,27.657294,14.994872,42.652166,54256,validated minimum-jerk polyline
field_map,81,navfn,20260913,0.1750001725,-2.074999742,0.1250001717,2.825000331,1,1,0,1,0.07163842931,4.993340336,8.353295639,27.657294,0.660109,28.317403,54256,returned
field_map,82,tdt_astar,20260913,-0.4249998365,2.975000333,-0.2749998342,-1.724999737,1,1,0,1,0.125785429,4.702393078,3.580025165e-12,27.657294,8.219656,35.87695,54256,validated A*
field_map,82,tdt_qp,20260913,-0.4249998365,2.975000333,-0.2749998342,-1.724999737,1,1,1,1,0.125785429,4.702393078,1.110986562e-05,27.657294,19.608272,47.265566,54256,validated minimum-jerk polyline
field_map,82,navfn,20260913,-0.4249998365,2.975000333,-0.2749998342,-1.724999737,1,1,0,1,0.125785429,4.758837852,2.364078465,27.657294,0.68154,28.338834,54256,returned
field_map,82,smac2d,20260913,-0.4249998365,2.975000333,-0.2749998342,-1.724999737,1,1,0,1,0.1257857226,4.709369593,0.6585579276,27.657294,0.769262,28.426556,54256,returned
field_map,83,tdt_qp,20260913,-0.1749998327,2.275000323,0.1750001725,-0.6249997202,1,1,1,1,0.06345203436,2.921044377,0.000225627664,27.657294,8.284652,35.941946,54256,validated minimum-jerk polyline
field_map,83,navfn,20260913,-0.1749998327,2.275000323,0.1750001725,-0.6249997202,1,1,0,0,0.06345203436,2.975569219,2.386085661,27.657294,0.70582,28.363114,54256,returned
field_map,83,smac2d,20260913,-0.1749998327,2.275000323,0.1750001725,-0.6249997202,1,1,0,1,0.06345169719,2.97558356,1.170460072,27.657294,0.674376,28.33167,54256,returned
field_map,83,tdt_astar,20260913,-0.1749998327,2.275000323,0.1750001725,-0.6249997202,1,1,0,1,0.06345203436,3.066185431,0.8053955754,27.657294,20.667085,48.324379,54256,validated A*
field_map,84,navfn,20260913,0.1750001725,1.225000307,-0.6749998402,-0.8249997232,1,1,0,1,0.25,2.269139519,0.7421442475,27.657294,0.780978,28.438272,54256,returned
field_map,84,smac2d,20260913,0.1750001725,1.225000307,-0.6749998402,-0.8249997232,1,1,0,1,0.25,2.268886974,1.433988052,27.657294,0.593085,28.250379,54256,returned
field_map,84,tdt_astar,20260913,0.1750001725,1.225000307,-0.6749998402,-0.8249997232,1,1,0,1,0.25,2.340555366,1.262615221,27.657294,7.758371,35.415665,54256,validated A*
field_map,84,tdt_qp,20260913,0.1750001725,1.225000307,-0.6749998402,-0.8249997232,1,1,1,1,0.25,2.219234135,0.0004812468558,27.657294,14.873692,42.530986,54256,validated minimum-jerk polyline
field_map,85,smac2d,20260913,0.275000174,-2.124999743,1.075000186,-0.1749997135,1,1,0,0,0.04303462777,2.39684107,1.745012663,27.657294,0.588423,28.245717,54256,returned
field_map,85,tdt_astar,20260913,0.275000174,-2.124999743,1.075000186,-0.1749997135,1,1,0,1,0.05812194839,3.431484571,2.95848031,27.657294,11.734707,39.392001,54256,validated A*
field_map,85,tdt_qp,20260913,0.275000174,-2.124999743,1.075000186,-0.1749997135,1,1,1,1,0.05812194839,2.709637401,2.210232433,27.657294,18.391589,46.048883,54256,validated minimum-jerk polyline
field_map,85,navfn,20260913,0.275000174,-2.124999743,1.075000186,-0.1749997135,1,1,0,0,0.025564838,2.462868267,10.28514789,27.657294,1.573281,29.230575,54256,returned
field_map,86,tdt_astar,20260913,-0.0249998305,3.325000339,1.125000187,-0.274999715,1,1,0,1,0.09991115145,4.226318322,1.937966328,27.657294,10.889805,38.547099,54256,validated A*
field_map,86,tdt_qp,20260913,-0.0249998305,3.325000339,1.125000187,-0.274999715,1,1,1,1,0.09991115145,3.869594227,0.7366120334,27.657294,9.642352,37.299646,54256,validated minimum-jerk polyline
field_map,86,navfn,20260913,-0.0249998305,3.325000339,1.125000187,-0.274999715,1,1,0,1,0.1032096616,3.894034184,3.931575042,27.657294,1.02835,28.685644,54256,returned
field_map,86,smac2d,20260913,-0.0249998305,3.325000339,1.125000187,-0.274999715,1,1,0,1,0.07214248032,3.838825585,0.9188540329,27.657294,1.142215,28.799509,54256,returned
field_map,87,tdt_qp,20260913,-1.524999853,2.575000327,-0.4249998365,-0.5749997195,1,1,1,1,0.25,3.34748951,0.2844650978,27.657294,17.968053,45.625347,54256,validated minimum-jerk polyline
field_map,87,navfn,20260913,-1.524999853,2.575000327,-0.4249998365,-0.5749997195,1,1,0,1,0.25,3.392226973,2.394373681,27.657294,0.635303,28.292597,54256,returned
field_map,87,smac2d,20260913,-1.524999853,2.575000327,-0.4249998365,-0.5749997195,1,1,0,1,0.25,3.481241855,1.586141705,27.657294,0.93214,28.589434,54256,returned
field_map,87,tdt_astar,20260913,-1.524999853,2.575000327,-0.4249998365,-0.5749997195,1,1,0,1,0.25,3.536158069,0.7853970221,27.657294,15.932799,43.590093,54256,validated A*
field_map,88,navfn,20260913,-1.374999851,1.775000316,-0.4749998372,-1.424999732,1,1,0,1,0.1936141911,3.380343993,2.4548934,27.657294,1.484366,29.14166,54256,returned
field_map,88,smac2d,20260913,-1.374999851,1.775000316,-0.4749998372,-1.424999732,1,1,0,1,0.1936142958,3.45696551,1.891031746,27.657294,1.732196,29.38949,54256,returned
field_map,88,tdt_astar,20260913,-1.374999851,1.775000316,-0.4749998372,-1.424999732,1,1,0,1,0.1936141911,3.572792358,0.7853983411,27.657294,12.591323,40.248617,54256,validated A*
field_map,88,tdt_qp,20260913,-1.374999851,1.775000316,-0.4749998372,-1.424999732,1,1,1,1,0.1936141911,3.344678148,0.3820358441,27.657294,11.927622,39.584916,54256,validated minimum-jerk polyline
field_map,89,smac2d,20260913,-1.074999846,2.77500033,-0.0249998305,-0.5249997187,1,1,0,1,0.2085848361,3.614163183,1.797098109,27.657294,1.989687,29.646981,54256,returned
field_map,89,tdt_astar,20260913,-1.074999846,2.77500033,-0.0249998305,-0.5249997187,1,1,0,1,0.2085847549,3.652175447,3.141286344,27.657294,13.894422,41.551716,54256,validated A*
field_map,89,tdt_qp,20260913,-1.074999846,2.77500033,-0.0249998305,-0.5249997187,1,1,1,1,0.2085847549,3.463018966,0.001599202877,27.657294,11.354709,39.012003,54256,validated minimum-jerk polyline
field_map,89,navfn,20260913,-1.074999846,2.77500033,-0.0249998305,-0.5249997187,1,1,0,1,0.1831219503,3.518906896,2.392756722,27.657294,2.379177,30.036471,54256,returned
field_map,90,tdt_astar,20260913,-0.9249998439,2.325000324,0.1750001725,-0.474999718,1,1,0,1,0.1704993893,3.153213188,2.396543034,27.657294,11.933388,39.590682,54256,validated A*
field_map,90,tdt_qp,20260913,-0.9249998439,2.325000324,0.1750001725,-0.474999718,1,1,1,1,0.1704993893,3.008321836,0.001094033465,27.657294,8.170049,35.827343,54256,validated minimum-jerk polyline
field_map,90,navfn,20260913,-0.9249998439,2.325000324,0.1750001725,-0.474999718,1,1,0,1,0.1596201542,3.064669601,2.524882231,27.657294,0.977766,28.63506,54256,returned
field_map,90,smac2d,20260913,-0.9249998439,2.325000324,0.1750001725,-0.474999718,1,1,0,1,0.170499004,3.131242841,1.582145116,27.657294,0.853612,28.510906,54256,returned
field_map,91,tdt_qp,20260913,1.625000194,-0.5249997187,-1.024999845,0.6250002984,1,1,1,1,0.06795187895,2.888771408,6.86255817e-05,27.657294,19.839956,47.49725,54256,validated minimum-jerk polyline
field_map,91,navfn,20260913,1.625000194,-0.5249997187,-1.024999845,0.6250002984,1,1,0,1,0.07395463995,2.94889551,3.553680828,27.657294,0.997914,28.655208,54256,returned
field_map,91,smac2d,20260913,1.625000194,-0.5249997187,-1.024999845,0.6250002984,1,1,0,1,0.06814500504,3.08815046,0.785395107,27.657294,0.726062,28.383356,54256,returned
field_map,91,tdt_astar,20260913,1.625000194,-0.5249997187,-1.024999845,0.6250002984,1,1,0,1,0.06814531252,3.028431627,0.6110843491,27.657294,7.439729,35.097023,54256,validated A*
field_map,92,navfn,20260913,0.07500017099,0.7250002999,-1.524999853,2.72500033,1,1,0,1,0.2349053934,2.598051089,2.109178245,27.657294,1.000807,28.658101,54256,returned
field_map,92,smac2d,20260913,0.07500017099,0.7250002999,-1.524999853,2.72500033,1,1,0,1,0.25,2.588626105,0.3696074929,27.657294,0.545628,28.202922,54256,returned
field_map,92,tdt_astar,20260913,0.07500017099,0.7250002999,-1.524999853,2.72500033,1,1,0,1,0.25,2.662741626,1.570796181,27.657294,17.127363,44.784657,54256,validated A*
field_map,92,tdt_qp,20260913,0.07500017099,0.7250002999,-1.524999853,2.72500033,1,1,1,1,0.25,2.561249733,0.0001778860335,27.657294,12.452349,40.109643,54256,validated minimum-jerk polyline
field_map,93,smac2d,20260913,0.07500017099,2.125000321,-0.324999835,-0.7249997217,1,1,0,1,0.25,2.929319757,1.383890475,27.657294,1.043255,28.700549,54256,returned
field_map,93,tdt_astar,20260913,0.07500017099,2.125000321,-0.324999835,-0.7249997217,1,1,0,1,0.25,3.015685629,0.7853983598,27.657294,16.643968,44.301262,54256,validated A*
field_map,93,tdt_qp,20260913,0.07500017099,2.125000321,-0.324999835,-0.7249997217,1,1,1,1,0.25,2.877933329,0.0001584289006,27.657294,12.897807,40.555101,54256,validated minimum-jerk polyline
field_map,93,navfn,20260913,0.07500017099,2.125000321,-0.324999835,-0.7249997217,1,1,0,1,0.2349746018,2.931064207,0.7839868932,27.657294,0.998538,28.655832,54256,returned
field_map,94,tdt_astar,20260913,-0.2249998335,0.1750002917,-1.374999851,2.275000323,1,1,0,1,0.25,2.508415113,1.582441153,27.657294,19.371992,47.029286,54256,validated A*
field_map,94,tdt_qp,20260913,-0.2249998335,0.1750002917,-1.374999851,2.275000323,1,1,1,1,0.25,2.394264015,0.0008354535443,27.657294,9.699057,37.356351,54256,validated minimum-jerk polyline
field_map,94,navfn,20260913,-0.2249998335,0.1750002917,-1.374999851,2.275000323,1,1,0,1,0.25,2.43967604,2.307282633,27.657294,0.663688,28.320982,54256,returned
field_map,94,smac2d,20260913,-0.2249998335,0.1750002917,-1.374999851,2.275000323,1,1,0,1,0.25,2.538150452,0.7853166339,27.657294,0.602435,28.259729,54256,returned
field_map,95,tdt_qp,20260913,0.1750001725,2.675000329,-0.7749998417,0.1250002909,1,1,1,1,0.05812194839,2.721275028,0.02409909439,27.657294,11.668311,39.325605,54256,validated minimum-jerk polyline
field_map,95,navfn,20260913,0.1750001725,2.675000329,-0.7749998417,0.1250002909,1,1,0,0,0.03312194802,2.779028226,2.235795586,27.657294,1.228688,28.885982,54256,returned
field_map,95,smac2d,20260913,0.1750001725,2.675000329,-0.7749998417,0.1250002909,1,1,0,1,0.05812156692,2.859066977,1.208564509,27.657294,1.218639,28.875933,54256,returned
field_map,95,tdt_astar,20260913,0.1750001725,2.675000329,-0.7749998417,0.1250002909,1,1,0,1,0.05812194839,2.943502754,1.570795124,27.657294,16.429376,44.08667,54256,validated A*
field_map,96,navfn,20260913,-0.7249998409,-1.174999728,-0.4249998365,1.42500031,1,1,0,1,0.25,2.601103691,1.031982666,27.657294,0.692573,28.349867,54256,returned
field_map,96,smac2d,20260913,-0.7249998409,-1.174999728,-0.4249998365,1.42500031,1,1,0,1,0.25,2.658234432,1.063525085,27.657294,0.57196,28.229254,54256,returned
field_map,96,tdt_astar,20260913,-0.7249998409,-1.174999728,-0.4249998365,1.42500031,1,1,0,1,0.25,2.707106703,0.7853976391,27.657294,18.931268,46.588562,54256,validated A*
field_map,96,tdt_qp,20260913,-0.7249998409,-1.174999728,-0.4249998365,1.42500031,1,1,1,1,0.25,2.617254981,0.006506638513,27.657294,10.869537,38.526831,54256,validated minimum-jerk polyline
field_map,97,smac2d,20260913,-0.07499983124,3.275000338,0.3250001747,0.1750002917,1,1,0,1,0.09503411772,3.179053377,1.367276305,27.657294,0.670599,28.327893,54256,returned
field_map,97,tdt_astar,20260913,-0.07499983124,3.275000338,0.3250001747,0.1750002917,1,1,0,1,0.09991115145,3.440938208,1.902596665,27.657294,10.320644,37.977938,54256,validated A*
field_map,97,tdt_qp,20260913,-0.07499983124,3.275000338,0.3250001747,0.1750002917,1,1,1,1,0.09991115145,3.150326607,0.4536975304,27.657294,17.613499,45.270793,54256,validated minimum-jerk polyline
field_map,97,navfn,20260913,-0.07499983124,3.275000338,0.3250001747,0.1750002917,1,1,0,1,0.09880737395,3.180118995,2.665828687,27.657294,0.579835,28.237129,54256,returned
field_map,98,tdt_astar,20260913,-1.524999853,1.775000316,0.1250001717,-1.97499974,1,1,0,1,0.2081219506,4.369743742,1.343997789,27.657294,10.380051,38.037345,54256,validated A*
field_map,98,tdt_qp,20260913,-1.524999853,1.775000316,0.1250001717,-1.97499974,1,1,1,1,0.1736156445,4.127499487,0.4223939303,27.657294,27.137827,54.795121,54256,validated minimum-jerk polyline
field_map,98,navfn,20260913,-1.524999853,1.775000316,0.1250001717,-1.97499974,1,1,0,1,0.2081219506,4.152665315,2.585455695,27.657294,1.17603,28.833324,54256,returned
field_map,98,smac2d,20260913,-1.524999853,1.775000316,0.1250001717,-1.97499974,1,1,0,1,0.2081218553,4.287156144,1.261981904,27.657294,3.336019,30.993313,54256,returned
field_map,99,tdt_qp,20260913,-0.4249998365,0.6750002991,1.725000196,-0.1749997135,1,1,1,1,0.1138067566,2.311925639,0.0004160188717,27.657294,21.493662,49.150956,54256,validated minimum-jerk polyline
field_map,99,navfn,20260913,-0.4249998365,0.6750002991,1.725000196,-0.1749997135,1,1,0,1,0.07163842931,2.362581356,5.324569821,27.657294,0.79755,28.454844,54256,returned
field_map,99,smac2d,20260913,-0.4249998365,0.6750002991,1.725000196,-0.1749997135,1,1,0,1,0.118350803,2.378877868,1.609526537,27.657294,0.651114,28.308408,54256,returned
field_map,99,tdt_astar,20260913,-0.4249998365,0.6750002991,1.725000196,-0.1749997135,1,1,0,1,0.1215520641,2.41550171,1.715083204,27.657294,17.414258,45.071552,54256,validated A*
