[0.000000] (-) TimerEvent: {}
[0.000116] (rm_competition_interfaces) JobQueued: {'identifier': 'rm_competition_interfaces', 'dependencies': OrderedDict()}
[0.000172] (rm_description) JobQueued: {'identifier': 'rm_description', 'dependencies': OrderedDict()}
[0.000212] (rm_temporal_mpc_msgs) JobQueued: {'identifier': 'rm_temporal_mpc_msgs', 'dependencies': OrderedDict()}
[0.000248] (rm_chassis_interface) JobQueued: {'identifier': 'rm_chassis_interface', 'dependencies': OrderedDict([('rm_competition_interfaces', '/workspace/build/temporal_mpc_ros2/install/rm_competition_interfaces')])}
[0.000295] (rm_dynamic_obstacle_tracking) JobQueued: {'identifier': 'rm_dynamic_obstacle_tracking', 'dependencies': OrderedDict([('rm_competition_interfaces', '/workspace/build/temporal_mpc_ros2/install/rm_competition_interfaces')])}
[0.000335] (rm_localization_adapters) JobQueued: {'identifier': 'rm_localization_adapters', 'dependencies': OrderedDict([('rm_description', '/workspace/build/temporal_mpc_ros2/install/rm_description')])}
[0.000545] (rm_temporal_mpc_controller) JobQueued: {'identifier': 'rm_temporal_mpc_controller', 'dependencies': OrderedDict([('rm_competition_interfaces', '/workspace/build/temporal_mpc_ros2/install/rm_competition_interfaces'), ('rm_temporal_mpc_msgs', '/workspace/build/temporal_mpc_ros2/install/rm_temporal_mpc_msgs')])}
[0.000849] (rm_simulation) JobQueued: {'identifier': 'rm_simulation', 'dependencies': OrderedDict([('rm_competition_interfaces', '/workspace/build/temporal_mpc_ros2/install/rm_competition_interfaces'), ('rm_description', '/workspace/build/temporal_mpc_ros2/install/rm_description'), ('rm_chassis_interface', '/workspace/build/temporal_mpc_ros2/install/rm_chassis_interface'), ('rm_localization_adapters', '/workspace/build/temporal_mpc_ros2/install/rm_localization_adapters')])}
[0.000933] (rm_competition_interfaces) JobStarted: {'identifier': 'rm_competition_interfaces'}
[0.009925] (rm_competition_interfaces) JobProgress: {'identifier': 'rm_competition_interfaces', 'progress': 'cmake'}
[0.010635] (rm_competition_interfaces) JobProgress: {'identifier': 'rm_competition_interfaces', 'progress': 'build'}
[0.011446] (rm_competition_interfaces) Command: {'cmd': ['/usr/bin/cmake', '--build', '/workspace/build/temporal_mpc_ros2/build/rm_competition_interfaces', '--', '-j32', '-l32'], 'cwd': '/workspace/build/temporal_mpc_ros2/build/rm_competition_interfaces', 'env': OrderedDict([('HOSTNAME', 'e34b9bc3b68c'), ('SHLVL', '2'), ('LD_LIBRARY_PATH', '/opt/ros/humble/opt/rviz_ogre_vendor/lib:/opt/ros/humble/lib/x86_64-linux-gnu:/opt/ros/humble/opt/openvdb_vendor/lib:/opt/ros/humble/lib'), ('HOME', '/home/rmnav'), ('OLDPWD', '/workspace/rm2027_navigation'), ('ROS_PYTHON_VERSION', '3'), ('ROS_DISTRO', 'humble'), ('_', '/usr/bin/colcon'), ('ROS_VERSION', '2'), ('ROS_LOCALHOST_ONLY', '0'), ('PATH', '/opt/ros/humble/bin:/usr/local/sbin:/usr/local/bin:/usr/sbin:/usr/bin:/sbin:/bin'), ('LANG', 'C.UTF-8'), ('AMENT_PREFIX_PATH', '/opt/ros/humble'), ('PWD', '/workspace/build/temporal_mpc_ros2/build/rm_competition_interfaces'), ('LC_ALL', 'C.UTF-8'), ('PYTHONPATH', '/opt/ros/humble/lib/python3.10/site-packages:/opt/ros/humble/local/lib/python3.10/dist-packages'), ('COLCON', '1'), ('CMAKE_PREFIX_PATH', '/opt/ros/humble')]), 'shell': False}
[0.093421] (rm_competition_interfaces) StdoutLine: {'line': b'[  1%] Built target rm_competition_interfaces__rs\n'}
[0.098827] (rm_competition_interfaces) StdoutLine: {'line': b'[  2%] Built target rm_competition_interfaces__cpp\n'}
[0.099310] (-) TimerEvent: {}
[0.111557] (rm_competition_interfaces) StdoutLine: {'line': b'[  4%] Built target ament_cmake_python_copy_rm_competition_interfaces\n'}
[0.111907] (rm_competition_interfaces) StdoutLine: {'line': b'[ 13%] Built target rm_competition_interfaces__rosidl_generator_c\n'}
[0.133525] (rm_competition_interfaces) StdoutLine: {'line': b'[ 25%] Built target rm_competition_interfaces__rosidl_typesupport_fastrtps_cpp\n'}
[0.140334] (rm_competition_interfaces) StdoutLine: {'line': b'[ 36%] Built target rm_competition_interfaces__rosidl_typesupport_introspection_cpp\n'}
[0.140958] (rm_competition_interfaces) StdoutLine: {'line': b'[ 47%] Built target rm_competition_interfaces__rosidl_typesupport_cpp\n'}
[0.147839] (rm_competition_interfaces) StdoutLine: {'line': b'[ 59%] Built target rm_competition_interfaces__rosidl_typesupport_c\n'}
[0.148351] (rm_competition_interfaces) StdoutLine: {'line': b'[ 70%] Built target rm_competition_interfaces__rosidl_typesupport_fastrtps_c\n'}
[0.153354] (rm_competition_interfaces) StdoutLine: {'line': b'[ 81%] Built target rm_competition_interfaces__rosidl_typesupport_introspection_c\n'}
[0.190214] (rm_competition_interfaces) StdoutLine: {'line': b'[ 81%] Built target rm_competition_interfaces\n'}
[0.199440] (-) TimerEvent: {}
[0.228803] (rm_competition_interfaces) StdoutLine: {'line': b'[ 82%] Built target rm_competition_interfaces__py\n'}
[0.276760] (rm_competition_interfaces) StdoutLine: {'line': b'[ 93%] Built target rm_competition_interfaces__rosidl_generator_py\n'}
[0.299542] (-) TimerEvent: {}
[0.318245] (rm_competition_interfaces) StdoutLine: {'line': b'[ 95%] Built target rm_competition_interfaces__rosidl_typesupport_fastrtps_c__pyext\n'}
[0.318452] (rm_competition_interfaces) StdoutLine: {'line': b'[ 97%] Built target rm_competition_interfaces__rosidl_typesupport_introspection_c__pyext\n'}
[0.318828] (rm_competition_interfaces) StdoutLine: {'line': b'[100%] Built target rm_competition_interfaces__rosidl_typesupport_c__pyext\n'}
[0.325485] (rm_competition_interfaces) StdoutLine: {'line': b'running egg_info\n'}
[0.326216] (rm_competition_interfaces) StdoutLine: {'line': b'writing rm_competition_interfaces.egg-info/PKG-INFO\n'}
[0.326401] (rm_competition_interfaces) StdoutLine: {'line': b'writing dependency_links to rm_competition_interfaces.egg-info/dependency_links.txt\n'}
[0.326696] (rm_competition_interfaces) StdoutLine: {'line': b'writing top-level names to rm_competition_interfaces.egg-info/top_level.txt\n'}
[0.328890] (rm_competition_interfaces) StdoutLine: {'line': b"reading manifest file 'rm_competition_interfaces.egg-info/SOURCES.txt'\n"}
[0.329638] (rm_competition_interfaces) StdoutLine: {'line': b"writing manifest file 'rm_competition_interfaces.egg-info/SOURCES.txt'\n"}
[0.362405] (rm_competition_interfaces) StdoutLine: {'line': b'[100%] Built target ament_cmake_python_build_rm_competition_interfaces_egg\n'}
[0.383396] (rm_competition_interfaces) CommandEnded: {'returncode': 0}
[0.384316] (rm_competition_interfaces) JobProgress: {'identifier': 'rm_competition_interfaces', 'progress': 'install'}
[0.396841] (rm_competition_interfaces) Command: {'cmd': ['/usr/bin/cmake', '--install', '/workspace/build/temporal_mpc_ros2/build/rm_competition_interfaces'], 'cwd': '/workspace/build/temporal_mpc_ros2/build/rm_competition_interfaces', 'env': OrderedDict([('HOSTNAME', 'e34b9bc3b68c'), ('SHLVL', '2'), ('LD_LIBRARY_PATH', '/opt/ros/humble/opt/rviz_ogre_vendor/lib:/opt/ros/humble/lib/x86_64-linux-gnu:/opt/ros/humble/opt/openvdb_vendor/lib:/opt/ros/humble/lib'), ('HOME', '/home/rmnav'), ('OLDPWD', '/workspace/rm2027_navigation'), ('ROS_PYTHON_VERSION', '3'), ('ROS_DISTRO', 'humble'), ('_', '/usr/bin/colcon'), ('ROS_VERSION', '2'), ('ROS_LOCALHOST_ONLY', '0'), ('PATH', '/opt/ros/humble/bin:/usr/local/sbin:/usr/local/bin:/usr/sbin:/usr/bin:/sbin:/bin'), ('LANG', 'C.UTF-8'), ('AMENT_PREFIX_PATH', '/opt/ros/humble'), ('PWD', '/workspace/build/temporal_mpc_ros2/build/rm_competition_interfaces'), ('LC_ALL', 'C.UTF-8'), ('PYTHONPATH', '/opt/ros/humble/lib/python3.10/site-packages:/opt/ros/humble/local/lib/python3.10/dist-packages'), ('COLCON', '1'), ('CMAKE_PREFIX_PATH', '/opt/ros/humble')]), 'shell': False}
[0.399647] (-) TimerEvent: {}
[0.412373] (rm_competition_interfaces) StdoutLine: {'line': b'-- Install configuration: "Release"\n'}
[0.412764] (rm_competition_interfaces) StdoutLine: {'line': b'-- Up-to-date: /workspace/build/temporal_mpc_ros2/install/rm_competition_interfaces/share/ament_index/resource_index/rosidl_interfaces/rm_competition_interfaces\n'}
[0.412828] (rm_competition_interfaces) StdoutLine: {'line': b'-- Up-to-date: /workspace/build/temporal_mpc_ros2/install/rm_competition_interfaces/include/rm_competition_interfaces/rm_competition_interfaces\n'}
[0.412894] (rm_competition_interfaces) StdoutLine: {'line': b'-- Up-to-date: /workspace/build/temporal_mpc_ros2/install/rm_competition_interfaces/include/rm_competition_interfaces/rm_competition_interfaces/srv\n'}
[0.412942] (rm_competition_interfaces) StdoutLine: {'line': b'-- Up-to-date: /workspace/build/temporal_mpc_ros2/install/rm_competition_interfaces/include/rm_competition_interfaces/rm_competition_interfaces/srv/set_mission_mode.h\n'}
[0.412986] (rm_competition_interfaces) StdoutLine: {'line': b'-- Up-to-date: /workspace/build/temporal_mpc_ros2/install/rm_competition_interfaces/include/rm_competition_interfaces/rm_competition_interfaces/srv/detail\n'}
[0.414302] (rm_competition_interfaces) StdoutLine: {'line': b'-- Up-to-date: /workspace/build/temporal_mpc_ros2/install/rm_competition_interfaces/include/rm_competition_interfaces/rm_competition_interfaces/srv/detail/set_mission_mode__functions.c\n'}
[0.415039] (rm_competition_interfaces) StdoutLine: {'line': b'-- Up-to-date: /workspace/build/temporal_mpc_ros2/install/rm_competition_interfaces/include/rm_competition_interfaces/rm_competition_interfaces/srv/detail/set_mission_mode__functions.h\n'}
[0.415187] (rm_competition_interfaces) StdoutLine: {'line': b'-- Up-to-date: /workspace/build/temporal_mpc_ros2/install/rm_competition_interfaces/include/rm_competition_interfaces/rm_competition_interfaces/srv/detail/set_mission_mode__type_support.h\n'}
[0.415307] (rm_competition_interfaces) StdoutLine: {'line': b'-- Up-to-date: /workspace/build/temporal_mpc_ros2/install/rm_competition_interfaces/include/rm_competition_interfaces/rm_competition_interfaces/srv/detail/set_mission_mode__struct.h\n'}
[0.415594] (rm_competition_interfaces) StdoutLine: {'line': b'-- Up-to-date: /workspace/build/temporal_mpc_ros2/install/rm_competition_interfaces/include/rm_competition_interfaces/rm_competition_interfaces/msg\n'}
[0.416684] (rm_competition_interfaces) StdoutLine: {'line': b'-- Up-to-date: /workspace/build/temporal_mpc_ros2/install/rm_competition_interfaces/include/rm_competition_interfaces/rm_competition_interfaces/msg/mission_state.h\n'}
[0.416848] (rm_competition_interfaces) StdoutLine: {'line': b'-- Up-to-date: /workspace/build/temporal_mpc_ros2/install/rm_competition_interfaces/include/rm_competition_interfaces/rm_competition_interfaces/msg/dynamic_obstacle_prediction.h\n'}
[0.417186] (rm_competition_interfaces) StdoutLine: {'line': b'-- Up-to-date: /workspace/build/temporal_mpc_ros2/install/rm_competition_interfaces/include/rm_competition_interfaces/rm_competition_interfaces/msg/dynamic_obstacle_prediction_array.h\n'}
[0.417490] (rm_competition_interfaces) StdoutLine: {'line': b'-- Up-to-date: /workspace/build/temporal_mpc_ros2/install/rm_competition_interfaces/include/rm_competition_interfaces/rm_competition_interfaces/msg/target_track.h\n'}
[0.417822] (rm_competition_interfaces) StdoutLine: {'line': b'-- Up-to-date: /workspace/build/temporal_mpc_ros2/install/rm_competition_interfaces/include/rm_competition_interfaces/rm_competition_interfaces/msg/rosidl_generator_c__visibility_control.h\n'}
[0.418075] (rm_competition_interfaces) StdoutLine: {'line': b'-- Up-to-date: /workspace/build/temporal_mpc_ros2/install/rm_competition_interfaces/include/rm_competition_interfaces/rm_competition_interfaces/msg/referee_state.h\n'}
[0.418368] (rm_competition_interfaces) StdoutLine: {'line': b'-- Up-to-date: /workspace/build/temporal_mpc_ros2/install/rm_competition_interfaces/include/rm_competition_interfaces/rm_competition_interfaces/msg/system_readiness.h\n'}
[0.418669] (rm_competition_interfaces) StdoutLine: {'line': b'-- Up-to-date: /workspace/build/temporal_mpc_ros2/install/rm_competition_interfaces/include/rm_competition_interfaces/rm_competition_interfaces/msg/detail\n'}
[0.418863] (rm_competition_interfaces) StdoutLine: {'line': b'-- Up-to-date: /workspace/build/temporal_mpc_ros2/install/rm_competition_interfaces/include/rm_competition_interfaces/rm_competition_interfaces/msg/detail/chassis_mode__functions.h\n'}
[0.419096] (rm_competition_interfaces) StdoutLine: {'line': b'-- Up-to-date: /workspace/build/temporal_mpc_ros2/install/rm_competition_interfaces/include/rm_competition_interfaces/rm_competition_interfaces/msg/detail/target_track__functions.h\n'}
[0.419218] (rm_competition_interfaces) StdoutLine: {'line': b'-- Up-to-date: /workspace/build/temporal_mpc_ros2/install/rm_competition_interfaces/include/rm_competition_interfaces/rm_competition_interfaces/msg/detail/target_track__struct.h\n'}
[0.420164] (rm_competition_interfaces) StdoutLine: {'line': b'-- Up-to-date: /workspace/build/temporal_mpc_ros2/install/rm_competition_interfaces/include/rm_competition_interfaces/rm_competition_interfaces/msg/detail/chassis_mode__type_support.h\n'}
[0.420354] (rm_competition_interfaces) StdoutLine: {'line': b'-- Up-to-date: /workspace/build/temporal_mpc_ros2/install/rm_competition_interfaces/include/rm_competition_interfaces/rm_competition_interfaces/msg/detail/chassis_mode__struct.h\n'}
[0.420476] (rm_competition_interfaces) StdoutLine: {'line': b'-- Up-to-date: /workspace/build/temporal_mpc_ros2/install/rm_competition_interfaces/include/rm_competition_interfaces/rm_competition_interfaces/msg/detail/referee_state__functions.h\n'}
[0.420788] (rm_competition_interfaces) StdoutLine: {'line': b'-- Up-to-date: /workspace/build/temporal_mpc_ros2/install/rm_competition_interfaces/include/rm_competition_interfaces/rm_competition_interfaces/msg/detail/dynamic_obstacle_prediction__struct.h\n'}
[0.420902] (rm_competition_interfaces) StdoutLine: {'line': b'-- Up-to-date: /workspace/build/temporal_mpc_ros2/install/rm_competition_interfaces/include/rm_competition_interfaces/rm_competition_interfaces/msg/detail/system_readiness__type_support.h\n'}
[0.420961] (rm_competition_interfaces) StdoutLine: {'line': b'-- Up-to-date: /workspace/build/temporal_mpc_ros2/install/rm_competition_interfaces/include/rm_competition_interfaces/rm_competition_interfaces/msg/detail/dynamic_obstacle_prediction__type_support.h\n'}
[0.421011] (rm_competition_interfaces) StdoutLine: {'line': b'-- Up-to-date: /workspace/build/temporal_mpc_ros2/install/rm_competition_interfaces/include/rm_competition_interfaces/rm_competition_interfaces/msg/detail/referee_state__type_support.h\n'}
[0.421060] (rm_competition_interfaces) StdoutLine: {'line': b'-- Up-to-date: /workspace/build/temporal_mpc_ros2/install/rm_competition_interfaces/include/rm_competition_interfaces/rm_competition_interfaces/msg/detail/system_readiness__functions.c\n'}
[0.421106] (rm_competition_interfaces) StdoutLine: {'line': b'-- Up-to-date: /workspace/build/temporal_mpc_ros2/install/rm_competition_interfaces/include/rm_competition_interfaces/rm_competition_interfaces/msg/detail/dynamic_obstacle_prediction_array__functions.c\n'}
[0.421152] (rm_competition_interfaces) StdoutLine: {'line': b'-- Up-to-date: /workspace/build/temporal_mpc_ros2/install/rm_competition_interfaces/include/rm_competition_interfaces/rm_competition_interfaces/msg/detail/system_readiness__struct.h\n'}
[0.421229] (rm_competition_interfaces) StdoutLine: {'line': b'-- Up-to-date: /workspace/build/temporal_mpc_ros2/install/rm_competition_interfaces/include/rm_competition_interfaces/rm_competition_interfaces/msg/detail/dynamic_obstacle_prediction_array__functions.h\n'}
[0.421280] (rm_competition_interfaces) StdoutLine: {'line': b'-- Up-to-date: /workspace/build/temporal_mpc_ros2/install/rm_competition_interfaces/include/rm_competition_interfaces/rm_competition_interfaces/msg/detail/dynamic_obstacle_prediction_array__type_support.h\n'}
[0.421329] (rm_competition_interfaces) StdoutLine: {'line': b'-- Up-to-date: /workspace/build/temporal_mpc_ros2/install/rm_competition_interfaces/include/rm_competition_interfaces/rm_competition_interfaces/msg/detail/dynamic_obstacle_prediction_array__struct.h\n'}
[0.421377] (rm_competition_interfaces) StdoutLine: {'line': b'-- Up-to-date: /workspace/build/temporal_mpc_ros2/install/rm_competition_interfaces/include/rm_competition_interfaces/rm_competition_interfaces/msg/detail/mission_state__functions.h\n'}
[0.421426] (rm_competition_interfaces) StdoutLine: {'line': b'-- Up-to-date: /workspace/build/temporal_mpc_ros2/install/rm_competition_interfaces/include/rm_competition_interfaces/rm_competition_interfaces/msg/detail/referee_state__functions.c\n'}
[0.421475] (rm_competition_interfaces) StdoutLine: {'line': b'-- Up-to-date: /workspace/build/temporal_mpc_ros2/install/rm_competition_interfaces/include/rm_competition_interfaces/rm_competition_interfaces/msg/detail/system_readiness__functions.h\n'}
[0.421520] (rm_competition_interfaces) StdoutLine: {'line': b'-- Up-to-date: /workspace/build/temporal_mpc_ros2/install/rm_competition_interfaces/include/rm_competition_interfaces/rm_competition_interfaces/msg/detail/referee_state__struct.h\n'}
[0.421569] (rm_competition_interfaces) StdoutLine: {'line': b'-- Up-to-date: /workspace/build/temporal_mpc_ros2/install/rm_competition_interfaces/include/rm_competition_interfaces/rm_competition_interfaces/msg/detail/mission_state__type_support.h\n'}
[0.421621] (rm_competition_interfaces) StdoutLine: {'line': b'-- Up-to-date: /workspace/build/temporal_mpc_ros2/install/rm_competition_interfaces/include/rm_competition_interfaces/rm_competition_interfaces/msg/detail/mission_state__struct.h\n'}
[0.421671] (rm_competition_interfaces) StdoutLine: {'line': b'-- Up-to-date: /workspace/build/temporal_mpc_ros2/install/rm_competition_interfaces/include/rm_competition_interfaces/rm_competition_interfaces/msg/detail/chassis_mode__functions.c\n'}
[0.421717] (rm_competition_interfaces) StdoutLine: {'line': b'-- Up-to-date: /workspace/build/temporal_mpc_ros2/install/rm_competition_interfaces/include/rm_competition_interfaces/rm_competition_interfaces/msg/detail/mission_state__functions.c\n'}
[0.421761] (rm_competition_interfaces) StdoutLine: {'line': b'-- Up-to-date: /workspace/build/temporal_mpc_ros2/install/rm_competition_interfaces/include/rm_competition_interfaces/rm_competition_interfaces/msg/detail/target_track__functions.c\n'}
[0.421806] (rm_competition_interfaces) StdoutLine: {'line': b'-- Up-to-date: /workspace/build/temporal_mpc_ros2/install/rm_competition_interfaces/include/rm_competition_interfaces/rm_competition_interfaces/msg/detail/dynamic_obstacle_prediction__functions.c\n'}
[0.421853] (rm_competition_interfaces) StdoutLine: {'line': b'-- Up-to-date: /workspace/build/temporal_mpc_ros2/install/rm_competition_interfaces/include/rm_competition_interfaces/rm_competition_interfaces/msg/detail/dynamic_obstacle_prediction__functions.h\n'}
[0.421900] (rm_competition_interfaces) StdoutLine: {'line': b'-- Up-to-date: /workspace/build/temporal_mpc_ros2/install/rm_competition_interfaces/include/rm_competition_interfaces/rm_competition_interfaces/msg/detail/target_track__type_support.h\n'}
[0.421945] (rm_competition_interfaces) StdoutLine: {'line': b'-- Up-to-date: /workspace/build/temporal_mpc_ros2/install/rm_competition_interfaces/include/rm_competition_interfaces/rm_competition_interfaces/msg/chassis_mode.h\n'}
[0.421992] (rm_competition_interfaces) StdoutLine: {'line': b'-- Up-to-date: /workspace/build/temporal_mpc_ros2/install/rm_competition_interfaces/share/rm_competition_interfaces/environment/library_path.sh\n'}
[0.422093] (rm_competition_interfaces) StdoutLine: {'line': b'-- Up-to-date: /workspace/build/temporal_mpc_ros2/install/rm_competition_interfaces/share/rm_competition_interfaces/environment/library_path.dsv\n'}
[0.422148] (rm_competition_interfaces) StdoutLine: {'line': b'-- Up-to-date: /workspace/build/temporal_mpc_ros2/install/rm_competition_interfaces/lib/librm_competition_interfaces__rosidl_generator_c.so\n'}
[0.422198] (rm_competition_interfaces) StdoutLine: {'line': b'-- Up-to-date: /workspace/build/temporal_mpc_ros2/install/rm_competition_interfaces/include/rm_competition_interfaces/rm_competition_interfaces\n'}
[0.422249] (rm_competition_interfaces) StdoutLine: {'line': b'-- Up-to-date: /workspace/build/temporal_mpc_ros2/install/rm_competition_interfaces/include/rm_competition_interfaces/rm_competition_interfaces/srv\n'}
[0.422296] (rm_competition_interfaces) StdoutLine: {'line': b'-- Up-to-date: /workspace/build/temporal_mpc_ros2/install/rm_competition_interfaces/include/rm_competition_interfaces/rm_competition_interfaces/srv/detail\n'}
[0.422530] (rm_competition_interfaces) StdoutLine: {'line': b'-- Up-to-date: /workspace/build/temporal_mpc_ros2/install/rm_competition_interfaces/include/rm_competition_interfaces/rm_competition_interfaces/srv/detail/set_mission_mode__rosidl_typesupport_fastrtps_c.h\n'}
[0.422579] (rm_competition_interfaces) StdoutLine: {'line': b'-- Up-to-date: /workspace/build/temporal_mpc_ros2/install/rm_competition_interfaces/include/rm_competition_interfaces/rm_competition_interfaces/msg\n'}
[0.422668] (rm_competition_interfaces) StdoutLine: {'line': b'-- Up-to-date: /workspace/build/temporal_mpc_ros2/install/rm_competition_interfaces/include/rm_competition_interfaces/rm_competition_interfaces/msg/detail\n'}
[0.422715] (rm_competition_interfaces) StdoutLine: {'line': b'-- Up-to-date: /workspace/build/temporal_mpc_ros2/install/rm_competition_interfaces/include/rm_competition_interfaces/rm_competition_interfaces/msg/detail/dynamic_obstacle_prediction_array__rosidl_typesupport_fastrtps_c.h\n'}
[0.422762] (rm_competition_interfaces) StdoutLine: {'line': b'-- Up-to-date: /workspace/build/temporal_mpc_ros2/install/rm_competition_interfaces/include/rm_competition_interfaces/rm_competition_interfaces/msg/detail/chassis_mode__rosidl_typesupport_fastrtps_c.h\n'}
[0.422806] (rm_competition_interfaces) StdoutLine: {'line': b'-- Up-to-date: /workspace/build/temporal_mpc_ros2/install/rm_competition_interfaces/include/rm_competition_interfaces/rm_competition_interfaces/msg/detail/mission_state__rosidl_typesupport_fastrtps_c.h\n'}
[0.422853] (rm_competition_interfaces) StdoutLine: {'line': b'-- Up-to-date: /workspace/build/temporal_mpc_ros2/install/rm_competition_interfaces/include/rm_competition_interfaces/rm_competition_interfaces/msg/detail/target_track__rosidl_typesupport_fastrtps_c.h\n'}
[0.422898] (rm_competition_interfaces) StdoutLine: {'line': b'-- Up-to-date: /workspace/build/temporal_mpc_ros2/install/rm_competition_interfaces/include/rm_competition_interfaces/rm_competition_interfaces/msg/detail/system_readiness__rosidl_typesupport_fastrtps_c.h\n'}
[0.422982] (rm_competition_interfaces) StdoutLine: {'line': b'-- Up-to-date: /workspace/build/temporal_mpc_ros2/install/rm_competition_interfaces/include/rm_competition_interfaces/rm_competition_interfaces/msg/detail/dynamic_obstacle_prediction__rosidl_typesupport_fastrtps_c.h\n'}
[0.423028] (rm_competition_interfaces) StdoutLine: {'line': b'-- Up-to-date: /workspace/build/temporal_mpc_ros2/install/rm_competition_interfaces/include/rm_competition_interfaces/rm_competition_interfaces/msg/detail/referee_state__rosidl_typesupport_fastrtps_c.h\n'}
[0.423074] (rm_competition_interfaces) StdoutLine: {'line': b'-- Up-to-date: /workspace/build/temporal_mpc_ros2/install/rm_competition_interfaces/include/rm_competition_interfaces/rm_competition_interfaces/msg/rosidl_typesupport_fastrtps_c__visibility_control.h\n'}
[0.423118] (rm_competition_interfaces) StdoutLine: {'line': b'-- Up-to-date: /workspace/build/temporal_mpc_ros2/install/rm_competition_interfaces/lib/librm_competition_interfaces__rosidl_typesupport_fastrtps_c.so\n'}
[0.423203] (rm_competition_interfaces) StdoutLine: {'line': b'-- Up-to-date: /workspace/build/temporal_mpc_ros2/install/rm_competition_interfaces/include/rm_competition_interfaces/rm_competition_interfaces\n'}
[0.423282] (rm_competition_interfaces) StdoutLine: {'line': b'-- Up-to-date: /workspace/build/temporal_mpc_ros2/install/rm_competition_interfaces/include/rm_competition_interfaces/rm_competition_interfaces/srv\n'}
[0.423328] (rm_competition_interfaces) StdoutLine: {'line': b'-- Up-to-date: /workspace/build/temporal_mpc_ros2/install/rm_competition_interfaces/include/rm_competition_interfaces/rm_competition_interfaces/srv/set_mission_mode.hpp\n'}
[0.423376] (rm_competition_interfaces) StdoutLine: {'line': b'-- Up-to-date: /workspace/build/temporal_mpc_ros2/install/rm_competition_interfaces/include/rm_competition_interfaces/rm_competition_interfaces/srv/detail\n'}
[0.423424] (rm_competition_interfaces) StdoutLine: {'line': b'-- Up-to-date: /workspace/build/temporal_mpc_ros2/install/rm_competition_interfaces/include/rm_competition_interfaces/rm_competition_interfaces/srv/detail/set_mission_mode__builder.hpp\n'}
[0.423470] (rm_competition_interfaces) StdoutLine: {'line': b'-- Up-to-date: /workspace/build/temporal_mpc_ros2/install/rm_competition_interfaces/include/rm_competition_interfaces/rm_competition_interfaces/srv/detail/set_mission_mode__struct.hpp\n'}
[0.423516] (rm_competition_interfaces) StdoutLine: {'line': b'-- Up-to-date: /workspace/build/temporal_mpc_ros2/install/rm_competition_interfaces/include/rm_competition_interfaces/rm_competition_interfaces/srv/detail/set_mission_mode__type_support.hpp\n'}
[0.423560] (rm_competition_interfaces) StdoutLine: {'line': b'-- Up-to-date: /workspace/build/temporal_mpc_ros2/install/rm_competition_interfaces/include/rm_competition_interfaces/rm_competition_interfaces/srv/detail/set_mission_mode__traits.hpp\n'}
[0.423606] (rm_competition_interfaces) StdoutLine: {'line': b'-- Up-to-date: /workspace/build/temporal_mpc_ros2/install/rm_competition_interfaces/include/rm_competition_interfaces/rm_competition_interfaces/msg\n'}
[0.423666] (rm_competition_interfaces) StdoutLine: {'line': b'-- Up-to-date: /workspace/build/temporal_mpc_ros2/install/rm_competition_interfaces/include/rm_competition_interfaces/rm_competition_interfaces/msg/dynamic_obstacle_prediction_array.hpp\n'}
[0.423715] (rm_competition_interfaces) StdoutLine: {'line': b'-- Up-to-date: /workspace/build/temporal_mpc_ros2/install/rm_competition_interfaces/include/rm_competition_interfaces/rm_competition_interfaces/msg/mission_state.hpp\n'}
[0.423759] (rm_competition_interfaces) StdoutLine: {'line': b'-- Up-to-date: /workspace/build/temporal_mpc_ros2/install/rm_competition_interfaces/include/rm_competition_interfaces/rm_competition_interfaces/msg/referee_state.hpp\n'}
[0.423803] (rm_competition_interfaces) StdoutLine: {'line': b'-- Up-to-date: /workspace/build/temporal_mpc_ros2/install/rm_competition_interfaces/include/rm_competition_interfaces/rm_competition_interfaces/msg/dynamic_obstacle_prediction.hpp\n'}
[0.423847] (rm_competition_interfaces) StdoutLine: {'line': b'-- Up-to-date: /workspace/build/temporal_mpc_ros2/install/rm_competition_interfaces/include/rm_competition_interfaces/rm_competition_interfaces/msg/rosidl_generator_cpp__visibility_control.hpp\n'}
[0.423892] (rm_competition_interfaces) StdoutLine: {'line': b'-- Up-to-date: /workspace/build/temporal_mpc_ros2/install/rm_competition_interfaces/include/rm_competition_interfaces/rm_competition_interfaces/msg/target_track.hpp\n'}
[0.424276] (rm_competition_interfaces) StdoutLine: {'line': b'-- Up-to-date: /workspace/build/temporal_mpc_ros2/install/rm_competition_interfaces/include/rm_competition_interfaces/rm_competition_interfaces/msg/detail\n'}
[0.424319] (rm_competition_interfaces) StdoutLine: {'line': b'-- Up-to-date: /workspace/build/temporal_mpc_ros2/install/rm_competition_interfaces/include/rm_competition_interfaces/rm_competition_interfaces/msg/detail/system_readiness__traits.hpp\n'}
[0.424360] (rm_competition_interfaces) StdoutLine: {'line': b'-- Up-to-date: /workspace/build/temporal_mpc_ros2/install/rm_competition_interfaces/include/rm_competition_interfaces/rm_competition_interfaces/msg/detail/referee_state__traits.hpp\n'}
[0.424401] (rm_competition_interfaces) StdoutLine: {'line': b'-- Up-to-date: /workspace/build/temporal_mpc_ros2/install/rm_competition_interfaces/include/rm_competition_interfaces/rm_competition_interfaces/msg/detail/chassis_mode__builder.hpp\n'}
[0.424445] (rm_competition_interfaces) StdoutLine: {'line': b'-- Up-to-date: /workspace/build/temporal_mpc_ros2/install/rm_competition_interfaces/include/rm_competition_interfaces/rm_competition_interfaces/msg/detail/dynamic_obstacle_prediction__builder.hpp\n'}
[0.424486] (rm_competition_interfaces) StdoutLine: {'line': b'-- Up-to-date: /workspace/build/temporal_mpc_ros2/install/rm_competition_interfaces/include/rm_competition_interfaces/rm_competition_interfaces/msg/detail/dynamic_obstacle_prediction_array__traits.hpp\n'}
[0.424527] (rm_competition_interfaces) StdoutLine: {'line': b'-- Up-to-date: /workspace/build/temporal_mpc_ros2/install/rm_competition_interfaces/include/rm_competition_interfaces/rm_competition_interfaces/msg/detail/target_track__traits.hpp\n'}
[0.424567] (rm_competition_interfaces) StdoutLine: {'line': b'-- Up-to-date: /workspace/build/temporal_mpc_ros2/install/rm_competition_interfaces/include/rm_competition_interfaces/rm_competition_interfaces/msg/detail/dynamic_obstacle_prediction__traits.hpp\n'}
[0.424606] (rm_competition_interfaces) StdoutLine: {'line': b'-- Up-to-date: /workspace/build/temporal_mpc_ros2/install/rm_competition_interfaces/include/rm_competition_interfaces/rm_competition_interfaces/msg/detail/mission_state__type_support.hpp\n'}
[0.424655] (rm_competition_interfaces) StdoutLine: {'line': b'-- Up-to-date: /workspace/build/temporal_mpc_ros2/install/rm_competition_interfaces/include/rm_competition_interfaces/rm_competition_interfaces/msg/detail/target_track__type_support.hpp\n'}
[0.424694] (rm_competition_interfaces) StdoutLine: {'line': b'-- Up-to-date: /workspace/build/temporal_mpc_ros2/install/rm_competition_interfaces/include/rm_competition_interfaces/rm_competition_interfaces/msg/detail/dynamic_obstacle_prediction_array__type_support.hpp\n'}
[0.424734] (rm_competition_interfaces) StdoutLine: {'line': b'-- Up-to-date: /workspace/build/temporal_mpc_ros2/install/rm_competition_interfaces/include/rm_competition_interfaces/rm_competition_interfaces/msg/detail/dynamic_obstacle_prediction_array__builder.hpp\n'}
[0.424775] (rm_competition_interfaces) StdoutLine: {'line': b'-- Up-to-date: /workspace/build/temporal_mpc_ros2/install/rm_competition_interfaces/include/rm_competition_interfaces/rm_competition_interfaces/msg/detail/chassis_mode__struct.hpp\n'}
[0.424815] (rm_competition_interfaces) StdoutLine: {'line': b'-- Up-to-date: /workspace/build/temporal_mpc_ros2/install/rm_competition_interfaces/include/rm_competition_interfaces/rm_competition_interfaces/msg/detail/dynamic_obstacle_prediction__struct.hpp\n'}
[0.424856] (rm_competition_interfaces) StdoutLine: {'line': b'-- Up-to-date: /workspace/build/temporal_mpc_ros2/install/rm_competition_interfaces/include/rm_competition_interfaces/rm_competition_interfaces/msg/detail/dynamic_obstacle_prediction__type_support.hpp\n'}
[0.424895] (rm_competition_interfaces) StdoutLine: {'line': b'-- Up-to-date: /workspace/build/temporal_mpc_ros2/install/rm_competition_interfaces/include/rm_competition_interfaces/rm_competition_interfaces/msg/detail/chassis_mode__traits.hpp\n'}
[0.424938] (rm_competition_interfaces) StdoutLine: {'line': b'-- Up-to-date: /workspace/build/temporal_mpc_ros2/install/rm_competition_interfaces/include/rm_competition_interfaces/rm_competition_interfaces/msg/detail/mission_state__traits.hpp\n'}
[0.424977] (rm_competition_interfaces) StdoutLine: {'line': b'-- Up-to-date: /workspace/build/temporal_mpc_ros2/install/rm_competition_interfaces/include/rm_competition_interfaces/rm_competition_interfaces/msg/detail/target_track__struct.hpp\n'}
[0.425017] (rm_competition_interfaces) StdoutLine: {'line': b'-- Up-to-date: /workspace/build/temporal_mpc_ros2/install/rm_competition_interfaces/include/rm_competition_interfaces/rm_competition_interfaces/msg/detail/referee_state__struct.hpp\n'}
[0.425059] (rm_competition_interfaces) StdoutLine: {'line': b'-- Up-to-date: /workspace/build/temporal_mpc_ros2/install/rm_competition_interfaces/include/rm_competition_interfaces/rm_competition_interfaces/msg/detail/mission_state__builder.hpp\n'}
[0.425102] (rm_competition_interfaces) StdoutLine: {'line': b'-- Up-to-date: /workspace/build/temporal_mpc_ros2/install/rm_competition_interfaces/include/rm_competition_interfaces/rm_competition_interfaces/msg/detail/mission_state__struct.hpp\n'}
[0.425142] (rm_competition_interfaces) StdoutLine: {'line': b'-- Up-to-date: /workspace/build/temporal_mpc_ros2/install/rm_competition_interfaces/include/rm_competition_interfaces/rm_competition_interfaces/msg/detail/system_readiness__builder.hpp\n'}
[0.425184] (rm_competition_interfaces) StdoutLine: {'line': b'-- Up-to-date: /workspace/build/temporal_mpc_ros2/install/rm_competition_interfaces/include/rm_competition_interfaces/rm_competition_interfaces/msg/detail/referee_state__type_support.hpp\n'}
[0.425225] (rm_competition_interfaces) StdoutLine: {'line': b'-- Up-to-date: /workspace/build/temporal_mpc_ros2/install/rm_competition_interfaces/include/rm_competition_interfaces/rm_competition_interfaces/msg/detail/system_readiness__struct.hpp\n'}
[0.425265] (rm_competition_interfaces) StdoutLine: {'line': b'-- Up-to-date: /workspace/build/temporal_mpc_ros2/install/rm_competition_interfaces/include/rm_competition_interfaces/rm_competition_interfaces/msg/detail/system_readiness__type_support.hpp\n'}
[0.425306] (rm_competition_interfaces) StdoutLine: {'line': b'-- Up-to-date: /workspace/build/temporal_mpc_ros2/install/rm_competition_interfaces/include/rm_competition_interfaces/rm_competition_interfaces/msg/detail/referee_state__builder.hpp\n'}
[0.425359] (rm_competition_interfaces) StdoutLine: {'line': b'-- Up-to-date: /workspace/build/temporal_mpc_ros2/install/rm_competition_interfaces/include/rm_competition_interfaces/rm_competition_interfaces/msg/detail/target_track__builder.hpp\n'}
[0.425400] (rm_competition_interfaces) StdoutLine: {'line': b'-- Up-to-date: /workspace/build/temporal_mpc_ros2/install/rm_competition_interfaces/include/rm_competition_interfaces/rm_competition_interfaces/msg/detail/dynamic_obstacle_prediction_array__struct.hpp\n'}
[0.425441] (rm_competition_interfaces) StdoutLine: {'line': b'-- Up-to-date: /workspace/build/temporal_mpc_ros2/install/rm_competition_interfaces/include/rm_competition_interfaces/rm_competition_interfaces/msg/detail/chassis_mode__type_support.hpp\n'}
[0.425483] (rm_competition_interfaces) StdoutLine: {'line': b'-- Up-to-date: /workspace/build/temporal_mpc_ros2/install/rm_competition_interfaces/include/rm_competition_interfaces/rm_competition_interfaces/msg/chassis_mode.hpp\n'}
[0.425522] (rm_competition_interfaces) StdoutLine: {'line': b'-- Up-to-date: /workspace/build/temporal_mpc_ros2/install/rm_competition_interfaces/include/rm_competition_interfaces/rm_competition_interfaces/msg/system_readiness.hpp\n'}
[0.425562] (rm_competition_interfaces) StdoutLine: {'line': b'-- Up-to-date: /workspace/build/temporal_mpc_ros2/install/rm_competition_interfaces/include/rm_competition_interfaces/rm_competition_interfaces\n'}
[0.425602] (rm_competition_interfaces) StdoutLine: {'line': b'-- Up-to-date: /workspace/build/temporal_mpc_ros2/install/rm_competition_interfaces/include/rm_competition_interfaces/rm_competition_interfaces/srv\n'}
[0.425651] (rm_competition_interfaces) StdoutLine: {'line': b'-- Up-to-date: /workspace/build/temporal_mpc_ros2/install/rm_competition_interfaces/include/rm_competition_interfaces/rm_competition_interfaces/srv/detail\n'}
[0.425694] (rm_competition_interfaces) StdoutLine: {'line': b'-- Up-to-date: /workspace/build/temporal_mpc_ros2/install/rm_competition_interfaces/include/rm_competition_interfaces/rm_competition_interfaces/srv/detail/set_mission_mode__rosidl_typesupport_fastrtps_cpp.hpp\n'}
[0.425738] (rm_competition_interfaces) StdoutLine: {'line': b'-- Up-to-date: /workspace/build/temporal_mpc_ros2/install/rm_competition_interfaces/include/rm_competition_interfaces/rm_competition_interfaces/srv/detail/dds_fastrtps\n'}
[0.425779] (rm_competition_interfaces) StdoutLine: {'line': b'-- Up-to-date: /workspace/build/temporal_mpc_ros2/install/rm_competition_interfaces/include/rm_competition_interfaces/rm_competition_interfaces/msg\n'}
[0.425821] (rm_competition_interfaces) StdoutLine: {'line': b'-- Up-to-date: /workspace/build/temporal_mpc_ros2/install/rm_competition_interfaces/include/rm_competition_interfaces/rm_competition_interfaces/msg/rosidl_typesupport_fastrtps_cpp__visibility_control.h\n'}
[0.425864] (rm_competition_interfaces) StdoutLine: {'line': b'-- Up-to-date: /workspace/build/temporal_mpc_ros2/install/rm_competition_interfaces/include/rm_competition_interfaces/rm_competition_interfaces/msg/detail\n'}
[0.425908] (rm_competition_interfaces) StdoutLine: {'line': b'-- Up-to-date: /workspace/build/temporal_mpc_ros2/install/rm_competition_interfaces/include/rm_competition_interfaces/rm_competition_interfaces/msg/detail/mission_state__rosidl_typesupport_fastrtps_cpp.hpp\n'}
[0.425950] (rm_competition_interfaces) StdoutLine: {'line': b'-- Up-to-date: /workspace/build/temporal_mpc_ros2/install/rm_competition_interfaces/include/rm_competition_interfaces/rm_competition_interfaces/msg/detail/dynamic_obstacle_prediction_array__rosidl_typesupport_fastrtps_cpp.hpp\n'}
[0.425992] (rm_competition_interfaces) StdoutLine: {'line': b'-- Up-to-date: /workspace/build/temporal_mpc_ros2/install/rm_competition_interfaces/include/rm_competition_interfaces/rm_competition_interfaces/msg/detail/referee_state__rosidl_typesupport_fastrtps_cpp.hpp\n'}
[0.426033] (rm_competition_interfaces) StdoutLine: {'line': b'-- Up-to-date: /workspace/build/temporal_mpc_ros2/install/rm_competition_interfaces/include/rm_competition_interfaces/rm_competition_interfaces/msg/detail/target_track__rosidl_typesupport_fastrtps_cpp.hpp\n'}
[0.426075] (rm_competition_interfaces) StdoutLine: {'line': b'-- Up-to-date: /workspace/build/temporal_mpc_ros2/install/rm_competition_interfaces/include/rm_competition_interfaces/rm_competition_interfaces/msg/detail/dynamic_obstacle_prediction__rosidl_typesupport_fastrtps_cpp.hpp\n'}
[0.426116] (rm_competition_interfaces) StdoutLine: {'line': b'-- Up-to-date: /workspace/build/temporal_mpc_ros2/install/rm_competition_interfaces/include/rm_competition_interfaces/rm_competition_interfaces/msg/detail/system_readiness__rosidl_typesupport_fastrtps_cpp.hpp\n'}
[0.426157] (rm_competition_interfaces) StdoutLine: {'line': b'-- Up-to-date: /workspace/build/temporal_mpc_ros2/install/rm_competition_interfaces/include/rm_competition_interfaces/rm_competition_interfaces/msg/detail/chassis_mode__rosidl_typesupport_fastrtps_cpp.hpp\n'}
[0.426197] (rm_competition_interfaces) StdoutLine: {'line': b'-- Up-to-date: /workspace/build/temporal_mpc_ros2/install/rm_competition_interfaces/include/rm_competition_interfaces/rm_competition_interfaces/msg/detail/dds_fastrtps\n'}
[0.426239] (rm_competition_interfaces) StdoutLine: {'line': b'-- Up-to-date: /workspace/build/temporal_mpc_ros2/install/rm_competition_interfaces/lib/librm_competition_interfaces__rosidl_typesupport_fastrtps_cpp.so\n'}
[0.426283] (rm_competition_interfaces) StdoutLine: {'line': b'-- Up-to-date: /workspace/build/temporal_mpc_ros2/install/rm_competition_interfaces/include/rm_competition_interfaces/rm_competition_interfaces\n'}
[0.426324] (rm_competition_interfaces) StdoutLine: {'line': b'-- Up-to-date: /workspace/build/temporal_mpc_ros2/install/rm_competition_interfaces/include/rm_competition_interfaces/rm_competition_interfaces/srv\n'}
[0.426365] (rm_competition_interfaces) StdoutLine: {'line': b'-- Up-to-date: /workspace/build/temporal_mpc_ros2/install/rm_competition_interfaces/include/rm_competition_interfaces/rm_competition_interfaces/srv/detail\n'}
[0.426406] (rm_competition_interfaces) StdoutLine: {'line': b'-- Up-to-date: /workspace/build/temporal_mpc_ros2/install/rm_competition_interfaces/include/rm_competition_interfaces/rm_competition_interfaces/srv/detail/set_mission_mode__type_support.c\n'}
[0.426447] (rm_competition_interfaces) StdoutLine: {'line': b'-- Up-to-date: /workspace/build/temporal_mpc_ros2/install/rm_competition_interfaces/include/rm_competition_interfaces/rm_competition_interfaces/srv/detail/set_mission_mode__rosidl_typesupport_introspection_c.h\n'}
[0.426488] (rm_competition_interfaces) StdoutLine: {'line': b'-- Up-to-date: /workspace/build/temporal_mpc_ros2/install/rm_competition_interfaces/include/rm_competition_interfaces/rm_competition_interfaces/msg\n'}
[0.426528] (rm_competition_interfaces) StdoutLine: {'line': b'-- Up-to-date: /workspace/build/temporal_mpc_ros2/install/rm_competition_interfaces/include/rm_competition_interfaces/rm_competition_interfaces/msg/rosidl_typesupport_introspection_c__visibility_control.h\n'}
[0.426570] (rm_competition_interfaces) StdoutLine: {'line': b'-- Up-to-date: /workspace/build/temporal_mpc_ros2/install/rm_competition_interfaces/include/rm_competition_interfaces/rm_competition_interfaces/msg/detail\n'}
[0.426615] (rm_competition_interfaces) StdoutLine: {'line': b'-- Up-to-date: /workspace/build/temporal_mpc_ros2/install/rm_competition_interfaces/include/rm_competition_interfaces/rm_competition_interfaces/msg/detail/system_readiness__type_support.c\n'}
[0.426661] (rm_competition_interfaces) StdoutLine: {'line': b'-- Up-to-date: /workspace/build/temporal_mpc_ros2/install/rm_competition_interfaces/include/rm_competition_interfaces/rm_competition_interfaces/msg/detail/dynamic_obstacle_prediction__rosidl_typesupport_introspection_c.h\n'}
[0.426704] (rm_competition_interfaces) StdoutLine: {'line': b'-- Up-to-date: /workspace/build/temporal_mpc_ros2/install/rm_competition_interfaces/include/rm_competition_interfaces/rm_competition_interfaces/msg/detail/referee_state__type_support.c\n'}
[0.426746] (rm_competition_interfaces) StdoutLine: {'line': b'-- Up-to-date: /workspace/build/temporal_mpc_ros2/install/rm_competition_interfaces/include/rm_competition_interfaces/rm_competition_interfaces/msg/detail/mission_state__rosidl_typesupport_introspection_c.h\n'}
[0.426786] (rm_competition_interfaces) StdoutLine: {'line': b'-- Up-to-date: /workspace/build/temporal_mpc_ros2/install/rm_competition_interfaces/include/rm_competition_interfaces/rm_competition_interfaces/msg/detail/target_track__rosidl_typesupport_introspection_c.h\n'}
[0.426827] (rm_competition_interfaces) StdoutLine: {'line': b'-- Up-to-date: /workspace/build/temporal_mpc_ros2/install/rm_competition_interfaces/include/rm_competition_interfaces/rm_competition_interfaces/msg/detail/dynamic_obstacle_prediction_array__type_support.c\n'}
[0.426868] (rm_competition_interfaces) StdoutLine: {'line': b'-- Up-to-date: /workspace/build/temporal_mpc_ros2/install/rm_competition_interfaces/include/rm_competition_interfaces/rm_competition_interfaces/msg/detail/chassis_mode__type_support.c\n'}
[0.426909] (rm_competition_interfaces) StdoutLine: {'line': b'-- Up-to-date: /workspace/build/temporal_mpc_ros2/install/rm_competition_interfaces/include/rm_competition_interfaces/rm_competition_interfaces/msg/detail/system_readiness__rosidl_typesupport_introspection_c.h\n'}
[0.426948] (rm_competition_interfaces) StdoutLine: {'line': b'-- Up-to-date: /workspace/build/temporal_mpc_ros2/install/rm_competition_interfaces/include/rm_competition_interfaces/rm_competition_interfaces/msg/detail/referee_state__rosidl_typesupport_introspection_c.h\n'}
[0.426990] (rm_competition_interfaces) StdoutLine: {'line': b'-- Up-to-date: /workspace/build/temporal_mpc_ros2/install/rm_competition_interfaces/include/rm_competition_interfaces/rm_competition_interfaces/msg/detail/mission_state__type_support.c\n'}
[0.427030] (rm_competition_interfaces) StdoutLine: {'line': b'-- Up-to-date: /workspace/build/temporal_mpc_ros2/install/rm_competition_interfaces/include/rm_competition_interfaces/rm_competition_interfaces/msg/detail/chassis_mode__rosidl_typesupport_introspection_c.h\n'}
[0.427073] (rm_competition_interfaces) StdoutLine: {'line': b'-- Up-to-date: /workspace/build/temporal_mpc_ros2/install/rm_competition_interfaces/include/rm_competition_interfaces/rm_competition_interfaces/msg/detail/dynamic_obstacle_prediction__type_support.c\n'}
[0.427115] (rm_competition_interfaces) StdoutLine: {'line': b'-- Up-to-date: /workspace/build/temporal_mpc_ros2/install/rm_competition_interfaces/include/rm_competition_interfaces/rm_competition_interfaces/msg/detail/dynamic_obstacle_prediction_array__rosidl_typesupport_introspection_c.h\n'}
[0.427156] (rm_competition_interfaces) StdoutLine: {'line': b'-- Up-to-date: /workspace/build/temporal_mpc_ros2/install/rm_competition_interfaces/include/rm_competition_interfaces/rm_competition_interfaces/msg/detail/target_track__type_support.c\n'}
[0.427202] (rm_competition_interfaces) StdoutLine: {'line': b'-- Up-to-date: /workspace/build/temporal_mpc_ros2/install/rm_competition_interfaces/lib/librm_competition_interfaces__rosidl_typesupport_introspection_c.so\n'}
[0.427245] (rm_competition_interfaces) StdoutLine: {'line': b'-- Up-to-date: /workspace/build/temporal_mpc_ros2/install/rm_competition_interfaces/lib/librm_competition_interfaces__rosidl_typesupport_c.so\n'}
[0.427285] (rm_competition_interfaces) StdoutLine: {'line': b'-- Up-to-date: /workspace/build/temporal_mpc_ros2/install/rm_competition_interfaces/include/rm_competition_interfaces/rm_competition_interfaces\n'}
[0.427328] (rm_competition_interfaces) StdoutLine: {'line': b'-- Up-to-date: /workspace/build/temporal_mpc_ros2/install/rm_competition_interfaces/include/rm_competition_interfaces/rm_competition_interfaces/srv\n'}
[0.427369] (rm_competition_interfaces) StdoutLine: {'line': b'-- Up-to-date: /workspace/build/temporal_mpc_ros2/install/rm_competition_interfaces/include/rm_competition_interfaces/rm_competition_interfaces/srv/detail\n'}
[0.427410] (rm_competition_interfaces) StdoutLine: {'line': b'-- Up-to-date: /workspace/build/temporal_mpc_ros2/install/rm_competition_interfaces/include/rm_competition_interfaces/rm_competition_interfaces/srv/detail/set_mission_mode__type_support.cpp\n'}
[0.427451] (rm_competition_interfaces) StdoutLine: {'line': b'-- Up-to-date: /workspace/build/temporal_mpc_ros2/install/rm_competition_interfaces/include/rm_competition_interfaces/rm_competition_interfaces/srv/detail/set_mission_mode__rosidl_typesupport_introspection_cpp.hpp\n'}
[0.427492] (rm_competition_interfaces) StdoutLine: {'line': b'-- Up-to-date: /workspace/build/temporal_mpc_ros2/install/rm_competition_interfaces/include/rm_competition_interfaces/rm_competition_interfaces/msg\n'}
[0.427532] (rm_competition_interfaces) StdoutLine: {'line': b'-- Up-to-date: /workspace/build/temporal_mpc_ros2/install/rm_competition_interfaces/include/rm_competition_interfaces/rm_competition_interfaces/msg/detail\n'}
[0.427572] (rm_competition_interfaces) StdoutLine: {'line': b'-- Up-to-date: /workspace/build/temporal_mpc_ros2/install/rm_competition_interfaces/include/rm_competition_interfaces/rm_competition_interfaces/msg/detail/dynamic_obstacle_prediction__type_support.cpp\n'}
[0.427620] (rm_competition_interfaces) StdoutLine: {'line': b'-- Up-to-date: /workspace/build/temporal_mpc_ros2/install/rm_competition_interfaces/include/rm_competition_interfaces/rm_competition_interfaces/msg/detail/chassis_mode__type_support.cpp\n'}
[0.427665] (rm_competition_interfaces) StdoutLine: {'line': b'-- Up-to-date: /workspace/build/temporal_mpc_ros2/install/rm_competition_interfaces/include/rm_competition_interfaces/rm_competition_interfaces/msg/detail/dynamic_obstacle_prediction_array__rosidl_typesupport_introspection_cpp.hpp\n'}
[0.427707] (rm_competition_interfaces) StdoutLine: {'line': b'-- Up-to-date: /workspace/build/temporal_mpc_ros2/install/rm_competition_interfaces/include/rm_competition_interfaces/rm_competition_interfaces/msg/detail/system_readiness__type_support.cpp\n'}
[0.427748] (rm_competition_interfaces) StdoutLine: {'line': b'-- Up-to-date: /workspace/build/temporal_mpc_ros2/install/rm_competition_interfaces/include/rm_competition_interfaces/rm_competition_interfaces/msg/detail/mission_state__type_support.cpp\n'}
[0.427789] (rm_competition_interfaces) StdoutLine: {'line': b'-- Up-to-date: /workspace/build/temporal_mpc_ros2/install/rm_competition_interfaces/include/rm_competition_interfaces/rm_competition_interfaces/msg/detail/dynamic_obstacle_prediction__rosidl_typesupport_introspection_cpp.hpp\n'}
[0.427830] (rm_competition_interfaces) StdoutLine: {'line': b'-- Up-to-date: /workspace/build/temporal_mpc_ros2/install/rm_competition_interfaces/include/rm_competition_interfaces/rm_competition_interfaces/msg/detail/dynamic_obstacle_prediction_array__type_support.cpp\n'}
[0.427873] (rm_competition_interfaces) StdoutLine: {'line': b'-- Up-to-date: /workspace/build/temporal_mpc_ros2/install/rm_competition_interfaces/include/rm_competition_interfaces/rm_competition_interfaces/msg/detail/target_track__rosidl_typesupport_introspection_cpp.hpp\n'}
[0.427916] (rm_competition_interfaces) StdoutLine: {'line': b'-- Up-to-date: /workspace/build/temporal_mpc_ros2/install/rm_competition_interfaces/include/rm_competition_interfaces/rm_competition_interfaces/msg/detail/system_readiness__rosidl_typesupport_introspection_cpp.hpp\n'}
[0.427957] (rm_competition_interfaces) StdoutLine: {'line': b'-- Up-to-date: /workspace/build/temporal_mpc_ros2/install/rm_competition_interfaces/include/rm_competition_interfaces/rm_competition_interfaces/msg/detail/target_track__type_support.cpp\n'}
[0.427998] (rm_competition_interfaces) StdoutLine: {'line': b'-- Up-to-date: /workspace/build/temporal_mpc_ros2/install/rm_competition_interfaces/include/rm_competition_interfaces/rm_competition_interfaces/msg/detail/chassis_mode__rosidl_typesupport_introspection_cpp.hpp\n'}
[0.428039] (rm_competition_interfaces) StdoutLine: {'line': b'-- Up-to-date: /workspace/build/temporal_mpc_ros2/install/rm_competition_interfaces/include/rm_competition_interfaces/rm_competition_interfaces/msg/detail/mission_state__rosidl_typesupport_introspection_cpp.hpp\n'}
[0.428081] (rm_competition_interfaces) StdoutLine: {'line': b'-- Up-to-date: /workspace/build/temporal_mpc_ros2/install/rm_competition_interfaces/include/rm_competition_interfaces/rm_competition_interfaces/msg/detail/referee_state__rosidl_typesupport_introspection_cpp.hpp\n'}
[0.428126] (rm_competition_interfaces) StdoutLine: {'line': b'-- Up-to-date: /workspace/build/temporal_mpc_ros2/install/rm_competition_interfaces/include/rm_competition_interfaces/rm_competition_interfaces/msg/detail/referee_state__type_support.cpp\n'}
[0.428166] (rm_competition_interfaces) StdoutLine: {'line': b'-- Up-to-date: /workspace/build/temporal_mpc_ros2/install/rm_competition_interfaces/lib/librm_competition_interfaces__rosidl_typesupport_introspection_cpp.so\n'}
[0.428209] (rm_competition_interfaces) StdoutLine: {'line': b'-- Up-to-date: /workspace/build/temporal_mpc_ros2/install/rm_competition_interfaces/lib/librm_competition_interfaces__rosidl_typesupport_cpp.so\n'}
[0.428250] (rm_competition_interfaces) StdoutLine: {'line': b'-- Up-to-date: /workspace/build/temporal_mpc_ros2/install/rm_competition_interfaces/share/rm_competition_interfaces/environment/pythonpath.sh\n'}
[0.428289] (rm_competition_interfaces) StdoutLine: {'line': b'-- Up-to-date: /workspace/build/temporal_mpc_ros2/install/rm_competition_interfaces/share/rm_competition_interfaces/environment/pythonpath.dsv\n'}
[0.428331] (rm_competition_interfaces) StdoutLine: {'line': b'-- Up-to-date: /workspace/build/temporal_mpc_ros2/install/rm_competition_interfaces/local/lib/python3.10/dist-packages/rm_competition_interfaces-0.1.0-py3.10.egg-info\n'}
[0.428372] (rm_competition_interfaces) StdoutLine: {'line': b'-- Installing: /workspace/build/temporal_mpc_ros2/install/rm_competition_interfaces/local/lib/python3.10/dist-packages/rm_competition_interfaces-0.1.0-py3.10.egg-info/PKG-INFO\n'}
[0.428414] (rm_competition_interfaces) StdoutLine: {'line': b'-- Installing: /workspace/build/temporal_mpc_ros2/install/rm_competition_interfaces/local/lib/python3.10/dist-packages/rm_competition_interfaces-0.1.0-py3.10.egg-info/SOURCES.txt\n'}
[0.428456] (rm_competition_interfaces) StdoutLine: {'line': b'-- Installing: /workspace/build/temporal_mpc_ros2/install/rm_competition_interfaces/local/lib/python3.10/dist-packages/rm_competition_interfaces-0.1.0-py3.10.egg-info/top_level.txt\n'}
[0.428498] (rm_competition_interfaces) StdoutLine: {'line': b'-- Installing: /workspace/build/temporal_mpc_ros2/install/rm_competition_interfaces/local/lib/python3.10/dist-packages/rm_competition_interfaces-0.1.0-py3.10.egg-info/dependency_links.txt\n'}
[0.428540] (rm_competition_interfaces) StdoutLine: {'line': b'-- Up-to-date: /workspace/build/temporal_mpc_ros2/install/rm_competition_interfaces/local/lib/python3.10/dist-packages/rm_competition_interfaces\n'}
[0.428581] (rm_competition_interfaces) StdoutLine: {'line': b'-- Up-to-date: /workspace/build/temporal_mpc_ros2/install/rm_competition_interfaces/local/lib/python3.10/dist-packages/rm_competition_interfaces/_rm_competition_interfaces_s.ep.rosidl_typesupport_fastrtps_c.c\n'}
[0.428633] (rm_competition_interfaces) StdoutLine: {'line': b'-- Up-to-date: /workspace/build/temporal_mpc_ros2/install/rm_competition_interfaces/local/lib/python3.10/dist-packages/rm_competition_interfaces/srv\n'}
[0.428677] (rm_competition_interfaces) StdoutLine: {'line': b'-- Up-to-date: /workspace/build/temporal_mpc_ros2/install/rm_competition_interfaces/local/lib/python3.10/dist-packages/rm_competition_interfaces/srv/_set_mission_mode_s.c\n'}
[0.428719] (rm_competition_interfaces) StdoutLine: {'line': b'-- Up-to-date: /workspace/build/temporal_mpc_ros2/install/rm_competition_interfaces/local/lib/python3.10/dist-packages/rm_competition_interfaces/srv/_set_mission_mode.py\n'}
[0.428763] (rm_competition_interfaces) StdoutLine: {'line': b'-- Up-to-date: /workspace/build/temporal_mpc_ros2/install/rm_competition_interfaces/local/lib/python3.10/dist-packages/rm_competition_interfaces/srv/__init__.py\n'}
[0.428805] (rm_competition_interfaces) StdoutLine: {'line': b'-- Up-to-date: /workspace/build/temporal_mpc_ros2/install/rm_competition_interfaces/local/lib/python3.10/dist-packages/rm_competition_interfaces/_rm_competition_interfaces_s.ep.rosidl_typesupport_introspection_c.c\n'}
[0.428846] (rm_competition_interfaces) StdoutLine: {'line': b'-- Up-to-date: /workspace/build/temporal_mpc_ros2/install/rm_competition_interfaces/local/lib/python3.10/dist-packages/rm_competition_interfaces/rm_competition_interfaces_s__rosidl_typesupport_introspection_c.cpython-310-x86_64-linux-gnu.so\n'}
[0.428886] (rm_competition_interfaces) StdoutLine: {'line': b'-- Up-to-date: /workspace/build/temporal_mpc_ros2/install/rm_competition_interfaces/local/lib/python3.10/dist-packages/rm_competition_interfaces/__init__.py\n'}
[0.428926] (rm_competition_interfaces) StdoutLine: {'line': b'-- Up-to-date: /workspace/build/temporal_mpc_ros2/install/rm_competition_interfaces/local/lib/python3.10/dist-packages/rm_competition_interfaces/librm_competition_interfaces__rosidl_generator_py.so\n'}
[0.428966] (rm_competition_interfaces) StdoutLine: {'line': b'-- Up-to-date: /workspace/build/temporal_mpc_ros2/install/rm_competition_interfaces/local/lib/python3.10/dist-packages/rm_competition_interfaces/rm_competition_interfaces_s__rosidl_typesupport_fastrtps_c.cpython-310-x86_64-linux-gnu.so\n'}
[0.429007] (rm_competition_interfaces) StdoutLine: {'line': b'-- Up-to-date: /workspace/build/temporal_mpc_ros2/install/rm_competition_interfaces/local/lib/python3.10/dist-packages/rm_competition_interfaces/rm_competition_interfaces_s__rosidl_typesupport_c.cpython-310-x86_64-linux-gnu.so\n'}
[0.429052] (rm_competition_interfaces) StdoutLine: {'line': b'-- Up-to-date: /workspace/build/temporal_mpc_ros2/install/rm_competition_interfaces/local/lib/python3.10/dist-packages/rm_competition_interfaces/_rm_competition_interfaces_s.ep.rosidl_typesupport_c.c\n'}
[0.429094] (rm_competition_interfaces) StdoutLine: {'line': b'-- Up-to-date: /workspace/build/temporal_mpc_ros2/install/rm_competition_interfaces/local/lib/python3.10/dist-packages/rm_competition_interfaces/msg\n'}
[0.429135] (rm_competition_interfaces) StdoutLine: {'line': b'-- Up-to-date: /workspace/build/temporal_mpc_ros2/install/rm_competition_interfaces/local/lib/python3.10/dist-packages/rm_competition_interfaces/msg/_referee_state_s.c\n'}
[0.429175] (rm_competition_interfaces) StdoutLine: {'line': b'-- Up-to-date: /workspace/build/temporal_mpc_ros2/install/rm_competition_interfaces/local/lib/python3.10/dist-packages/rm_competition_interfaces/msg/_mission_state_s.c\n'}
[0.429219] (rm_competition_interfaces) StdoutLine: {'line': b'-- Up-to-date: /workspace/build/temporal_mpc_ros2/install/rm_competition_interfaces/local/lib/python3.10/dist-packages/rm_competition_interfaces/msg/_chassis_mode.py\n'}
[0.429260] (rm_competition_interfaces) StdoutLine: {'line': b'-- Up-to-date: /workspace/build/temporal_mpc_ros2/install/rm_competition_interfaces/local/lib/python3.10/dist-packages/rm_competition_interfaces/msg/_dynamic_obstacle_prediction.py\n'}
[0.429303] (rm_competition_interfaces) StdoutLine: {'line': b'-- Up-to-date: /workspace/build/temporal_mpc_ros2/install/rm_competition_interfaces/local/lib/python3.10/dist-packages/rm_competition_interfaces/msg/__init__.py\n'}
[0.429344] (rm_competition_interfaces) StdoutLine: {'line': b'-- Up-to-date: /workspace/build/temporal_mpc_ros2/install/rm_competition_interfaces/local/lib/python3.10/dist-packages/rm_competition_interfaces/msg/_target_track_s.c\n'}
[0.429388] (rm_competition_interfaces) StdoutLine: {'line': b'-- Up-to-date: /workspace/build/temporal_mpc_ros2/install/rm_competition_interfaces/local/lib/python3.10/dist-packages/rm_competition_interfaces/msg/_chassis_mode_s.c\n'}
[0.429431] (rm_competition_interfaces) StdoutLine: {'line': b'-- Up-to-date: /workspace/build/temporal_mpc_ros2/install/rm_competition_interfaces/local/lib/python3.10/dist-packages/rm_competition_interfaces/msg/_dynamic_obstacle_prediction_array.py\n'}
[0.429473] (rm_competition_interfaces) StdoutLine: {'line': b'-- Up-to-date: /workspace/build/temporal_mpc_ros2/install/rm_competition_interfaces/local/lib/python3.10/dist-packages/rm_competition_interfaces/msg/_mission_state.py\n'}
[0.429515] (rm_competition_interfaces) StdoutLine: {'line': b'-- Up-to-date: /workspace/build/temporal_mpc_ros2/install/rm_competition_interfaces/local/lib/python3.10/dist-packages/rm_competition_interfaces/msg/_system_readiness_s.c\n'}
[0.429556] (rm_competition_interfaces) StdoutLine: {'line': b'-- Up-to-date: /workspace/build/temporal_mpc_ros2/install/rm_competition_interfaces/local/lib/python3.10/dist-packages/rm_competition_interfaces/msg/_dynamic_obstacle_prediction_s.c\n'}
[0.429600] (rm_competition_interfaces) StdoutLine: {'line': b'-- Up-to-date: /workspace/build/temporal_mpc_ros2/install/rm_competition_interfaces/local/lib/python3.10/dist-packages/rm_competition_interfaces/msg/_system_readiness.py\n'}
[0.429648] (rm_competition_interfaces) StdoutLine: {'line': b'-- Up-to-date: /workspace/build/temporal_mpc_ros2/install/rm_competition_interfaces/local/lib/python3.10/dist-packages/rm_competition_interfaces/msg/_dynamic_obstacle_prediction_array_s.c\n'}
[0.429691] (rm_competition_interfaces) StdoutLine: {'line': b'-- Up-to-date: /workspace/build/temporal_mpc_ros2/install/rm_competition_interfaces/local/lib/python3.10/dist-packages/rm_competition_interfaces/msg/_target_track.py\n'}
[0.429732] (rm_competition_interfaces) StdoutLine: {'line': b'-- Up-to-date: /workspace/build/temporal_mpc_ros2/install/rm_competition_interfaces/local/lib/python3.10/dist-packages/rm_competition_interfaces/msg/_referee_state.py\n'}
[0.462305] (rm_competition_interfaces) StdoutLine: {'line': b"Listing '/workspace/build/temporal_mpc_ros2/install/rm_competition_interfaces/local/lib/python3.10/dist-packages/rm_competition_interfaces'...\n"}
[0.462481] (rm_competition_interfaces) StdoutLine: {'line': b"Listing '/workspace/build/temporal_mpc_ros2/install/rm_competition_interfaces/local/lib/python3.10/dist-packages/rm_competition_interfaces/msg'...\n"}
[0.462540] (rm_competition_interfaces) StdoutLine: {'line': b"Listing '/workspace/build/temporal_mpc_ros2/install/rm_competition_interfaces/local/lib/python3.10/dist-packages/rm_competition_interfaces/srv'...\n"}
[0.467162] (rm_competition_interfaces) StdoutLine: {'line': b'-- Up-to-date: /workspace/build/temporal_mpc_ros2/install/rm_competition_interfaces/local/lib/python3.10/dist-packages/rm_competition_interfaces/rm_competition_interfaces_s__rosidl_typesupport_fastrtps_c.cpython-310-x86_64-linux-gnu.so\n'}
[0.467384] (rm_competition_interfaces) StdoutLine: {'line': b'-- Up-to-date: /workspace/build/temporal_mpc_ros2/install/rm_competition_interfaces/local/lib/python3.10/dist-packages/rm_competition_interfaces/rm_competition_interfaces_s__rosidl_typesupport_introspection_c.cpython-310-x86_64-linux-gnu.so\n'}
[0.467651] (rm_competition_interfaces) StdoutLine: {'line': b'-- Up-to-date: /workspace/build/temporal_mpc_ros2/install/rm_competition_interfaces/local/lib/python3.10/dist-packages/rm_competition_interfaces/rm_competition_interfaces_s__rosidl_typesupport_c.cpython-310-x86_64-linux-gnu.so\n'}
[0.468014] (rm_competition_interfaces) StdoutLine: {'line': b'-- Up-to-date: /workspace/build/temporal_mpc_ros2/install/rm_competition_interfaces/lib/librm_competition_interfaces__rosidl_generator_py.so\n'}
[0.468557] (rm_competition_interfaces) StdoutLine: {'line': b'-- Up-to-date: /workspace/build/temporal_mpc_ros2/install/rm_competition_interfaces/share/ament_index/resource_index/rust_packages/rm_competition_interfaces\n'}
[0.468893] (rm_competition_interfaces) StdoutLine: {'line': b'-- Up-to-date: /workspace/build/temporal_mpc_ros2/install/rm_competition_interfaces/share/rm_competition_interfaces/rust\n'}
[0.469136] (rm_competition_interfaces) StdoutLine: {'line': b'-- Up-to-date: /workspace/build/temporal_mpc_ros2/install/rm_competition_interfaces/share/rm_competition_interfaces/rust/build.rs\n'}
[0.469267] (rm_competition_interfaces) StdoutLine: {'line': b'-- Up-to-date: /workspace/build/temporal_mpc_ros2/install/rm_competition_interfaces/share/rm_competition_interfaces/rust/Cargo.toml\n'}
[0.469562] (rm_competition_interfaces) StdoutLine: {'line': b'-- Up-to-date: /workspace/build/temporal_mpc_ros2/install/rm_competition_interfaces/share/rm_competition_interfaces/rust/src\n'}
[0.469880] (rm_competition_interfaces) StdoutLine: {'line': b'-- Up-to-date: /workspace/build/temporal_mpc_ros2/install/rm_competition_interfaces/share/rm_competition_interfaces/rust/src/srv\n'}
[0.470128] (rm_competition_interfaces) StdoutLine: {'line': b'-- Up-to-date: /workspace/build/temporal_mpc_ros2/install/rm_competition_interfaces/share/rm_competition_interfaces/rust/src/srv/rmw.rs\n'}
[0.470301] (rm_competition_interfaces) StdoutLine: {'line': b'-- Up-to-date: /workspace/build/temporal_mpc_ros2/install/rm_competition_interfaces/share/rm_competition_interfaces/rust/src/lib.rs\n'}
[0.470477] (rm_competition_interfaces) StdoutLine: {'line': b'-- Up-to-date: /workspace/build/temporal_mpc_ros2/install/rm_competition_interfaces/share/rm_competition_interfaces/rust/src/msg\n'}
[0.470701] (rm_competition_interfaces) StdoutLine: {'line': b'-- Up-to-date: /workspace/build/temporal_mpc_ros2/install/rm_competition_interfaces/share/rm_competition_interfaces/rust/src/msg/rmw.rs\n'}
[0.470927] (rm_competition_interfaces) StdoutLine: {'line': b'-- Up-to-date: /workspace/build/temporal_mpc_ros2/install/rm_competition_interfaces/share/rm_competition_interfaces/rust/src/msg.rs\n'}
[0.471184] (rm_competition_interfaces) StdoutLine: {'line': b'-- Up-to-date: /workspace/build/temporal_mpc_ros2/install/rm_competition_interfaces/share/rm_competition_interfaces/rust/src/srv.rs\n'}
[0.471425] (rm_competition_interfaces) StdoutLine: {'line': b'-- Up-to-date: /workspace/build/temporal_mpc_ros2/install/rm_competition_interfaces/share/rm_competition_interfaces/msg/DynamicObstaclePrediction.idl\n'}
[0.471682] (rm_competition_interfaces) StdoutLine: {'line': b'-- Up-to-date: /workspace/build/temporal_mpc_ros2/install/rm_competition_interfaces/share/rm_competition_interfaces/msg/DynamicObstaclePredictionArray.idl\n'}
[0.471950] (rm_competition_interfaces) StdoutLine: {'line': b'-- Up-to-date: /workspace/build/temporal_mpc_ros2/install/rm_competition_interfaces/share/rm_competition_interfaces/msg/ChassisMode.idl\n'}
[0.472206] (rm_competition_interfaces) StdoutLine: {'line': b'-- Up-to-date: /workspace/build/temporal_mpc_ros2/install/rm_competition_interfaces/share/rm_competition_interfaces/msg/MissionState.idl\n'}
[0.472428] (rm_competition_interfaces) StdoutLine: {'line': b'-- Up-to-date: /workspace/build/temporal_mpc_ros2/install/rm_competition_interfaces/share/rm_competition_interfaces/msg/RefereeState.idl\n'}
[0.472538] (rm_competition_interfaces) StdoutLine: {'line': b'-- Up-to-date: /workspace/build/temporal_mpc_ros2/install/rm_competition_interfaces/share/rm_competition_interfaces/msg/SystemReadiness.idl\n'}
[0.472658] (rm_competition_interfaces) StdoutLine: {'line': b'-- Up-to-date: /workspace/build/temporal_mpc_ros2/install/rm_competition_interfaces/share/rm_competition_interfaces/msg/TargetTrack.idl\n'}
[0.472785] (rm_competition_interfaces) StdoutLine: {'line': b'-- Up-to-date: /workspace/build/temporal_mpc_ros2/install/rm_competition_interfaces/share/rm_competition_interfaces/srv/SetMissionMode.idl\n'}
[0.472895] (rm_competition_interfaces) StdoutLine: {'line': b'-- Up-to-date: /workspace/build/temporal_mpc_ros2/install/rm_competition_interfaces/share/rm_competition_interfaces/msg/DynamicObstaclePrediction.msg\n'}
[0.473004] (rm_competition_interfaces) StdoutLine: {'line': b'-- Up-to-date: /workspace/build/temporal_mpc_ros2/install/rm_competition_interfaces/share/rm_competition_interfaces/msg/DynamicObstaclePredictionArray.msg\n'}
[0.473113] (rm_competition_interfaces) StdoutLine: {'line': b'-- Up-to-date: /workspace/build/temporal_mpc_ros2/install/rm_competition_interfaces/share/rm_competition_interfaces/msg/ChassisMode.msg\n'}
[0.473223] (rm_competition_interfaces) StdoutLine: {'line': b'-- Up-to-date: /workspace/build/temporal_mpc_ros2/install/rm_competition_interfaces/share/rm_competition_interfaces/msg/MissionState.msg\n'}
[0.473335] (rm_competition_interfaces) StdoutLine: {'line': b'-- Up-to-date: /workspace/build/temporal_mpc_ros2/install/rm_competition_interfaces/share/rm_competition_interfaces/msg/RefereeState.msg\n'}
[0.473446] (rm_competition_interfaces) StdoutLine: {'line': b'-- Up-to-date: /workspace/build/temporal_mpc_ros2/install/rm_competition_interfaces/share/rm_competition_interfaces/msg/SystemReadiness.msg\n'}
[0.473557] (rm_competition_interfaces) StdoutLine: {'line': b'-- Up-to-date: /workspace/build/temporal_mpc_ros2/install/rm_competition_interfaces/share/rm_competition_interfaces/msg/TargetTrack.msg\n'}
[0.473683] (rm_competition_interfaces) StdoutLine: {'line': b'-- Up-to-date: /workspace/build/temporal_mpc_ros2/install/rm_competition_interfaces/share/rm_competition_interfaces/srv/SetMissionMode.srv\n'}
[0.473797] (rm_competition_interfaces) StdoutLine: {'line': b'-- Up-to-date: /workspace/build/temporal_mpc_ros2/install/rm_competition_interfaces/share/rm_competition_interfaces/srv/SetMissionMode_Request.msg\n'}
[0.473921] (rm_competition_interfaces) StdoutLine: {'line': b'-- Up-to-date: /workspace/build/temporal_mpc_ros2/install/rm_competition_interfaces/share/rm_competition_interfaces/srv/SetMissionMode_Response.msg\n'}
[0.474031] (rm_competition_interfaces) StdoutLine: {'line': b'-- Up-to-date: /workspace/build/temporal_mpc_ros2/install/rm_competition_interfaces/share/ament_index/resource_index/package_run_dependencies/rm_competition_interfaces\n'}
[0.474142] (rm_competition_interfaces) StdoutLine: {'line': b'-- Up-to-date: /workspace/build/temporal_mpc_ros2/install/rm_competition_interfaces/share/ament_index/resource_index/parent_prefix_path/rm_competition_interfaces\n'}
[0.474261] (rm_competition_interfaces) StdoutLine: {'line': b'-- Up-to-date: /workspace/build/temporal_mpc_ros2/install/rm_competition_interfaces/share/rm_competition_interfaces/environment/ament_prefix_path.sh\n'}
[0.474538] (rm_competition_interfaces) StdoutLine: {'line': b'-- Up-to-date: /workspace/build/temporal_mpc_ros2/install/rm_competition_interfaces/share/rm_competition_interfaces/environment/ament_prefix_path.dsv\n'}
[0.474814] (rm_competition_interfaces) StdoutLine: {'line': b'-- Up-to-date: /workspace/build/temporal_mpc_ros2/install/rm_competition_interfaces/share/rm_competition_interfaces/environment/path.sh\n'}
[0.474958] (rm_competition_interfaces) StdoutLine: {'line': b'-- Up-to-date: /workspace/build/temporal_mpc_ros2/install/rm_competition_interfaces/share/rm_competition_interfaces/environment/path.dsv\n'}
[0.475074] (rm_competition_interfaces) StdoutLine: {'line': b'-- Up-to-date: /workspace/build/temporal_mpc_ros2/install/rm_competition_interfaces/share/rm_competition_interfaces/local_setup.bash\n'}
[0.475192] (rm_competition_interfaces) StdoutLine: {'line': b'-- Up-to-date: /workspace/build/temporal_mpc_ros2/install/rm_competition_interfaces/share/rm_competition_interfaces/local_setup.sh\n'}
[0.475306] (rm_competition_interfaces) StdoutLine: {'line': b'-- Up-to-date: /workspace/build/temporal_mpc_ros2/install/rm_competition_interfaces/share/rm_competition_interfaces/local_setup.zsh\n'}
[0.475460] (rm_competition_interfaces) StdoutLine: {'line': b'-- Up-to-date: /workspace/build/temporal_mpc_ros2/install/rm_competition_interfaces/share/rm_competition_interfaces/local_setup.dsv\n'}
[0.475579] (rm_competition_interfaces) StdoutLine: {'line': b'-- Installing: /workspace/build/temporal_mpc_ros2/install/rm_competition_interfaces/share/rm_competition_interfaces/package.dsv\n'}
[0.476423] (rm_competition_interfaces) StdoutLine: {'line': b'-- Up-to-date: /workspace/build/temporal_mpc_ros2/install/rm_competition_interfaces/share/ament_index/resource_index/packages/rm_competition_interfaces\n'}
[0.476556] (rm_competition_interfaces) StdoutLine: {'line': b'-- Up-to-date: /workspace/build/temporal_mpc_ros2/install/rm_competition_interfaces/share/rm_competition_interfaces/cmake/export_rm_competition_interfaces__rosidl_generator_cExport.cmake\n'}
[0.476778] (rm_competition_interfaces) StdoutLine: {'line': b'-- Up-to-date: /workspace/build/temporal_mpc_ros2/install/rm_competition_interfaces/share/rm_competition_interfaces/cmake/export_rm_competition_interfaces__rosidl_generator_cExport-release.cmake\n'}
[0.476940] (rm_competition_interfaces) StdoutLine: {'line': b'-- Up-to-date: /workspace/build/temporal_mpc_ros2/install/rm_competition_interfaces/share/rm_competition_interfaces/cmake/export_rm_competition_interfaces__rosidl_typesupport_fastrtps_cExport.cmake\n'}
[0.477061] (rm_competition_interfaces) StdoutLine: {'line': b'-- Up-to-date: /workspace/build/temporal_mpc_ros2/install/rm_competition_interfaces/share/rm_competition_interfaces/cmake/export_rm_competition_interfaces__rosidl_typesupport_fastrtps_cExport-release.cmake\n'}
[0.477179] (rm_competition_interfaces) StdoutLine: {'line': b'-- Up-to-date: /workspace/build/temporal_mpc_ros2/install/rm_competition_interfaces/share/rm_competition_interfaces/cmake/export_rm_competition_interfaces__rosidl_generator_cppExport.cmake\n'}
[0.477298] (rm_competition_interfaces) StdoutLine: {'line': b'-- Up-to-date: /workspace/build/temporal_mpc_ros2/install/rm_competition_interfaces/share/rm_competition_interfaces/cmake/export_rm_competition_interfaces__rosidl_typesupport_fastrtps_cppExport.cmake\n'}
[0.477416] (rm_competition_interfaces) StdoutLine: {'line': b'-- Up-to-date: /workspace/build/temporal_mpc_ros2/install/rm_competition_interfaces/share/rm_competition_interfaces/cmake/export_rm_competition_interfaces__rosidl_typesupport_fastrtps_cppExport-release.cmake\n'}
[0.477534] (rm_competition_interfaces) StdoutLine: {'line': b'-- Up-to-date: /workspace/build/temporal_mpc_ros2/install/rm_competition_interfaces/share/rm_competition_interfaces/cmake/rm_competition_interfaces__rosidl_typesupport_introspection_cExport.cmake\n'}
[0.477732] (rm_competition_interfaces) StdoutLine: {'line': b'-- Up-to-date: /workspace/build/temporal_mpc_ros2/install/rm_competition_interfaces/share/rm_competition_interfaces/cmake/rm_competition_interfaces__rosidl_typesupport_introspection_cExport-release.cmake\n'}
[0.477911] (rm_competition_interfaces) StdoutLine: {'line': b'-- Up-to-date: /workspace/build/temporal_mpc_ros2/install/rm_competition_interfaces/share/rm_competition_interfaces/cmake/rm_competition_interfaces__rosidl_typesupport_cExport.cmake\n'}
[0.478030] (rm_competition_interfaces) StdoutLine: {'line': b'-- Up-to-date: /workspace/build/temporal_mpc_ros2/install/rm_competition_interfaces/share/rm_competition_interfaces/cmake/rm_competition_interfaces__rosidl_typesupport_cExport-release.cmake\n'}
[0.478149] (rm_competition_interfaces) StdoutLine: {'line': b'-- Up-to-date: /workspace/build/temporal_mpc_ros2/install/rm_competition_interfaces/share/rm_competition_interfaces/cmake/rm_competition_interfaces__rosidl_typesupport_introspection_cppExport.cmake\n'}
[0.478322] (rm_competition_interfaces) StdoutLine: {'line': b'-- Up-to-date: /workspace/build/temporal_mpc_ros2/install/rm_competition_interfaces/share/rm_competition_interfaces/cmake/rm_competition_interfaces__rosidl_typesupport_introspection_cppExport-release.cmake\n'}
[0.478467] (rm_competition_interfaces) StdoutLine: {'line': b'-- Up-to-date: /workspace/build/temporal_mpc_ros2/install/rm_competition_interfaces/share/rm_competition_interfaces/cmake/rm_competition_interfaces__rosidl_typesupport_cppExport.cmake\n'}
[0.478587] (rm_competition_interfaces) StdoutLine: {'line': b'-- Up-to-date: /workspace/build/temporal_mpc_ros2/install/rm_competition_interfaces/share/rm_competition_interfaces/cmake/rm_competition_interfaces__rosidl_typesupport_cppExport-release.cmake\n'}
[0.478869] (rm_competition_interfaces) StdoutLine: {'line': b'-- Up-to-date: /workspace/build/temporal_mpc_ros2/install/rm_competition_interfaces/share/rm_competition_interfaces/cmake/export_rm_competition_interfaces__rosidl_generator_pyExport.cmake\n'}
[0.479001] (rm_competition_interfaces) StdoutLine: {'line': b'-- Up-to-date: /workspace/build/temporal_mpc_ros2/install/rm_competition_interfaces/share/rm_competition_interfaces/cmake/export_rm_competition_interfaces__rosidl_generator_pyExport-release.cmake\n'}
[0.479121] (rm_competition_interfaces) StdoutLine: {'line': b'-- Up-to-date: /workspace/build/temporal_mpc_ros2/install/rm_competition_interfaces/share/rm_competition_interfaces/cmake/rosidl_cmake-extras.cmake\n'}
[0.479241] (rm_competition_interfaces) StdoutLine: {'line': b'-- Up-to-date: /workspace/build/temporal_mpc_ros2/install/rm_competition_interfaces/share/rm_competition_interfaces/cmake/ament_cmake_export_dependencies-extras.cmake\n'}
[0.479362] (rm_competition_interfaces) StdoutLine: {'line': b'-- Up-to-date: /workspace/build/temporal_mpc_ros2/install/rm_competition_interfaces/share/rm_competition_interfaces/cmake/ament_cmake_export_include_directories-extras.cmake\n'}
[0.479487] (rm_competition_interfaces) StdoutLine: {'line': b'-- Up-to-date: /workspace/build/temporal_mpc_ros2/install/rm_competition_interfaces/share/rm_competition_interfaces/cmake/ament_cmake_export_libraries-extras.cmake\n'}
[0.479618] (rm_competition_interfaces) StdoutLine: {'line': b'-- Up-to-date: /workspace/build/temporal_mpc_ros2/install/rm_competition_interfaces/share/rm_competition_interfaces/cmake/ament_cmake_export_targets-extras.cmake\n'}
[0.479813] (rm_competition_interfaces) StdoutLine: {'line': b'-- Up-to-date: /workspace/build/temporal_mpc_ros2/install/rm_competition_interfaces/share/rm_competition_interfaces/cmake/rosidl_cmake_export_typesupport_targets-extras.cmake\n'}
[0.479939] (rm_competition_interfaces) StdoutLine: {'line': b'-- Up-to-date: /workspace/build/temporal_mpc_ros2/install/rm_competition_interfaces/share/rm_competition_interfaces/cmake/rosidl_cmake_export_typesupport_libraries-extras.cmake\n'}
[0.480059] (rm_competition_interfaces) StdoutLine: {'line': b'-- Up-to-date: /workspace/build/temporal_mpc_ros2/install/rm_competition_interfaces/share/rm_competition_interfaces/cmake/rm_competition_interfacesConfig.cmake\n'}
[0.480171] (rm_competition_interfaces) StdoutLine: {'line': b'-- Up-to-date: /workspace/build/temporal_mpc_ros2/install/rm_competition_interfaces/share/rm_competition_interfaces/cmake/rm_competition_interfacesConfig-version.cmake\n'}
[0.480290] (rm_competition_interfaces) StdoutLine: {'line': b'-- Up-to-date: /workspace/build/temporal_mpc_ros2/install/rm_competition_interfaces/share/rm_competition_interfaces/package.xml\n'}
[0.480411] (rm_competition_interfaces) CommandEnded: {'returncode': 0}
[0.499755] (-) TimerEvent: {}
[0.515482] (rm_competition_interfaces) JobEnded: {'identifier': 'rm_competition_interfaces', 'rc': 0}
[0.516378] (rm_description) JobStarted: {'identifier': 'rm_description'}
[0.522533] (rm_description) JobProgress: {'identifier': 'rm_description', 'progress': 'cmake'}
[0.523623] (rm_description) JobProgress: {'identifier': 'rm_description', 'progress': 'build'}
[0.524148] (rm_description) Command: {'cmd': ['/usr/bin/cmake', '--build', '/workspace/build/temporal_mpc_ros2/build/rm_description', '--', '-j32', '-l32'], 'cwd': '/workspace/build/temporal_mpc_ros2/build/rm_description', 'env': OrderedDict([('HOSTNAME', 'e34b9bc3b68c'), ('SHLVL', '2'), ('LD_LIBRARY_PATH', '/opt/ros/humble/opt/rviz_ogre_vendor/lib:/opt/ros/humble/lib/x86_64-linux-gnu:/opt/ros/humble/opt/openvdb_vendor/lib:/opt/ros/humble/lib'), ('HOME', '/home/rmnav'), ('OLDPWD', '/workspace/rm2027_navigation'), ('ROS_PYTHON_VERSION', '3'), ('ROS_DISTRO', 'humble'), ('_', '/usr/bin/colcon'), ('ROS_VERSION', '2'), ('ROS_LOCALHOST_ONLY', '0'), ('PATH', '/opt/ros/humble/bin:/usr/local/sbin:/usr/local/bin:/usr/sbin:/usr/bin:/sbin:/bin'), ('LANG', 'C.UTF-8'), ('AMENT_PREFIX_PATH', '/opt/ros/humble'), ('PWD', '/workspace/build/temporal_mpc_ros2/build/rm_description'), ('LC_ALL', 'C.UTF-8'), ('PYTHONPATH', '/opt/ros/humble/lib/python3.10/site-packages:/opt/ros/humble/local/lib/python3.10/dist-packages'), ('COLCON', '1'), ('CMAKE_PREFIX_PATH', '/opt/ros/humble')]), 'shell': False}
[0.572785] (rm_description) CommandEnded: {'returncode': 0}
[0.573756] (rm_description) JobProgress: {'identifier': 'rm_description', 'progress': 'install'}
[0.574604] (rm_description) Command: {'cmd': ['/usr/bin/cmake', '--install', '/workspace/build/temporal_mpc_ros2/build/rm_description'], 'cwd': '/workspace/build/temporal_mpc_ros2/build/rm_description', 'env': OrderedDict([('HOSTNAME', 'e34b9bc3b68c'), ('SHLVL', '2'), ('LD_LIBRARY_PATH', '/opt/ros/humble/opt/rviz_ogre_vendor/lib:/opt/ros/humble/lib/x86_64-linux-gnu:/opt/ros/humble/opt/openvdb_vendor/lib:/opt/ros/humble/lib'), ('HOME', '/home/rmnav'), ('OLDPWD', '/workspace/rm2027_navigation'), ('ROS_PYTHON_VERSION', '3'), ('ROS_DISTRO', 'humble'), ('_', '/usr/bin/colcon'), ('ROS_VERSION', '2'), ('ROS_LOCALHOST_ONLY', '0'), ('PATH', '/opt/ros/humble/bin:/usr/local/sbin:/usr/local/bin:/usr/sbin:/usr/bin:/sbin:/bin'), ('LANG', 'C.UTF-8'), ('AMENT_PREFIX_PATH', '/opt/ros/humble'), ('PWD', '/workspace/build/temporal_mpc_ros2/build/rm_description'), ('LC_ALL', 'C.UTF-8'), ('PYTHONPATH', '/opt/ros/humble/lib/python3.10/site-packages:/opt/ros/humble/local/lib/python3.10/dist-packages'), ('COLCON', '1'), ('CMAKE_PREFIX_PATH', '/opt/ros/humble')]), 'shell': False}
[0.582549] (rm_description) StdoutLine: {'line': b'-- Install configuration: "Release"\n'}
[0.583032] (rm_description) StdoutLine: {'line': b'-- Up-to-date: /workspace/build/temporal_mpc_ros2/install/rm_description/share/rm_description/launch\n'}
[0.583316] (rm_description) StdoutLine: {'line': b'-- Up-to-date: /workspace/build/temporal_mpc_ros2/install/rm_description/share/rm_description/launch/description.launch.py\n'}
[0.583451] (rm_description) StdoutLine: {'line': b'-- Up-to-date: /workspace/build/temporal_mpc_ros2/install/rm_description/share/rm_description/launch/old_car_2026_description.launch.py\n'}
[0.583570] (rm_description) StdoutLine: {'line': b'-- Up-to-date: /workspace/build/temporal_mpc_ros2/install/rm_description/share/rm_description/urdf\n'}
[0.583706] (rm_description) StdoutLine: {'line': b'-- Up-to-date: /workspace/build/temporal_mpc_ros2/install/rm_description/share/rm_description/urdf/rm_sentry_2027.urdf.xacro\n'}
[0.583822] (rm_description) StdoutLine: {'line': b'-- Up-to-date: /workspace/build/temporal_mpc_ros2/install/rm_description/share/rm_description/urdf/rm_old_car_2026.urdf.xacro\n'}
[0.584046] (rm_description) StdoutLine: {'line': b'-- Up-to-date: /workspace/build/temporal_mpc_ros2/install/rm_description/share/ament_index/resource_index/package_run_dependencies/rm_description\n'}
[0.584164] (rm_description) StdoutLine: {'line': b'-- Up-to-date: /workspace/build/temporal_mpc_ros2/install/rm_description/share/ament_index/resource_index/parent_prefix_path/rm_description\n'}
[0.584586] (rm_description) StdoutLine: {'line': b'-- Up-to-date: /workspace/build/temporal_mpc_ros2/install/rm_description/share/rm_description/environment/ament_prefix_path.sh\n'}
[0.585645] (rm_description) StdoutLine: {'line': b'-- Up-to-date: /workspace/build/temporal_mpc_ros2/install/rm_description/share/rm_description/environment/ament_prefix_path.dsv\n'}
[0.585809] (rm_description) StdoutLine: {'line': b'-- Up-to-date: /workspace/build/temporal_mpc_ros2/install/rm_description/share/rm_description/environment/path.sh\n'}
[0.585889] (rm_description) StdoutLine: {'line': b'-- Up-to-date: /workspace/build/temporal_mpc_ros2/install/rm_description/share/rm_description/environment/path.dsv\n'}
[0.585941] (rm_description) StdoutLine: {'line': b'-- Up-to-date: /workspace/build/temporal_mpc_ros2/install/rm_description/share/rm_description/local_setup.bash\n'}
[0.585991] (rm_description) StdoutLine: {'line': b'-- Up-to-date: /workspace/build/temporal_mpc_ros2/install/rm_description/share/rm_description/local_setup.sh\n'}
[0.586038] (rm_description) StdoutLine: {'line': b'-- Up-to-date: /workspace/build/temporal_mpc_ros2/install/rm_description/share/rm_description/local_setup.zsh\n'}
[0.586085] (rm_description) StdoutLine: {'line': b'-- Up-to-date: /workspace/build/temporal_mpc_ros2/install/rm_description/share/rm_description/local_setup.dsv\n'}
[0.586130] (rm_description) StdoutLine: {'line': b'-- Installing: /workspace/build/temporal_mpc_ros2/install/rm_description/share/rm_description/package.dsv\n'}
[0.586177] (rm_description) StdoutLine: {'line': b'-- Up-to-date: /workspace/build/temporal_mpc_ros2/install/rm_description/share/ament_index/resource_index/packages/rm_description\n'}
[0.586226] (rm_description) StdoutLine: {'line': b'-- Up-to-date: /workspace/build/temporal_mpc_ros2/install/rm_description/share/rm_description/cmake/rm_descriptionConfig.cmake\n'}
[0.586274] (rm_description) StdoutLine: {'line': b'-- Up-to-date: /workspace/build/temporal_mpc_ros2/install/rm_description/share/rm_description/cmake/rm_descriptionConfig-version.cmake\n'}
[0.586321] (rm_description) StdoutLine: {'line': b'-- Up-to-date: /workspace/build/temporal_mpc_ros2/install/rm_description/share/rm_description/package.xml\n'}
[0.586367] (rm_description) CommandEnded: {'returncode': 0}
[0.598179] (rm_description) JobEnded: {'identifier': 'rm_description', 'rc': 0}
[0.598645] (rm_temporal_mpc_msgs) JobStarted: {'identifier': 'rm_temporal_mpc_msgs'}
[0.600010] (-) TimerEvent: {}
[0.604739] (rm_temporal_mpc_msgs) JobProgress: {'identifier': 'rm_temporal_mpc_msgs', 'progress': 'cmake'}
[0.605784] (rm_temporal_mpc_msgs) JobProgress: {'identifier': 'rm_temporal_mpc_msgs', 'progress': 'build'}
[0.606250] (rm_temporal_mpc_msgs) Command: {'cmd': ['/usr/bin/cmake', '--build', '/workspace/build/temporal_mpc_ros2/build/rm_temporal_mpc_msgs', '--', '-j32', '-l32'], 'cwd': '/workspace/build/temporal_mpc_ros2/build/rm_temporal_mpc_msgs', 'env': OrderedDict([('HOSTNAME', 'e34b9bc3b68c'), ('SHLVL', '2'), ('LD_LIBRARY_PATH', '/opt/ros/humble/opt/rviz_ogre_vendor/lib:/opt/ros/humble/lib/x86_64-linux-gnu:/opt/ros/humble/opt/openvdb_vendor/lib:/opt/ros/humble/lib'), ('HOME', '/home/rmnav'), ('OLDPWD', '/workspace/rm2027_navigation'), ('ROS_PYTHON_VERSION', '3'), ('ROS_DISTRO', 'humble'), ('_', '/usr/bin/colcon'), ('ROS_VERSION', '2'), ('ROS_LOCALHOST_ONLY', '0'), ('PATH', '/opt/ros/humble/bin:/usr/local/sbin:/usr/local/bin:/usr/sbin:/usr/bin:/sbin:/bin'), ('LANG', 'C.UTF-8'), ('AMENT_PREFIX_PATH', '/opt/ros/humble'), ('PWD', '/workspace/build/temporal_mpc_ros2/build/rm_temporal_mpc_msgs'), ('LC_ALL', 'C.UTF-8'), ('PYTHONPATH', '/opt/ros/humble/lib/python3.10/site-packages:/opt/ros/humble/local/lib/python3.10/dist-packages'), ('COLCON', '1'), ('CMAKE_PREFIX_PATH', '/opt/ros/humble')]), 'shell': False}
[0.685287] (rm_temporal_mpc_msgs) StdoutLine: {'line': b'[  2%] Built target rm_temporal_mpc_msgs__cpp\n'}
[0.685617] (rm_temporal_mpc_msgs) StdoutLine: {'line': b'[  4%] Built target rm_temporal_mpc_msgs__rs\n'}
[0.689134] (rm_temporal_mpc_msgs) StdoutLine: {'line': b'[ 14%] Built target rm_temporal_mpc_msgs__rosidl_generator_c\n'}
[0.700263] (rm_temporal_mpc_msgs) StdoutLine: {'line': b'[ 14%] Built target ament_cmake_python_copy_rm_temporal_mpc_msgs\n'}
[0.700440] (-) TimerEvent: {}
[0.717846] (rm_temporal_mpc_msgs) StdoutLine: {'line': b'[ 25%] Built target rm_temporal_mpc_msgs__rosidl_typesupport_fastrtps_c\n'}
[0.723183] (rm_temporal_mpc_msgs) StdoutLine: {'line': b'[ 35%] Built target rm_temporal_mpc_msgs__rosidl_typesupport_c\n'}
[0.723586] (rm_temporal_mpc_msgs) StdoutLine: {'line': b'[ 45%] Built target rm_temporal_mpc_msgs__rosidl_typesupport_introspection_c\n'}
[0.728210] (rm_temporal_mpc_msgs) StdoutLine: {'line': b'[ 66%] Built target rm_temporal_mpc_msgs__rosidl_typesupport_fastrtps_cpp\n'}
[0.728387] (rm_temporal_mpc_msgs) StdoutLine: {'line': b'[ 66%] Built target rm_temporal_mpc_msgs__rosidl_typesupport_cpp\n'}
[0.728455] (rm_temporal_mpc_msgs) StdoutLine: {'line': b'[ 77%] Built target rm_temporal_mpc_msgs__rosidl_typesupport_introspection_cpp\n'}
[0.764725] (rm_temporal_mpc_msgs) StdoutLine: {'line': b'[ 77%] Built target rm_temporal_mpc_msgs\n'}
[0.798664] (rm_temporal_mpc_msgs) StdoutLine: {'line': b'[ 79%] Built target rm_temporal_mpc_msgs__py\n'}
[0.800602] (-) TimerEvent: {}
[0.838076] (rm_temporal_mpc_msgs) StdoutLine: {'line': b'[ 87%] Built target rm_temporal_mpc_msgs__rosidl_generator_py\n'}
[0.873625] (rm_temporal_mpc_msgs) StdoutLine: {'line': b'[ 91%] Built target rm_temporal_mpc_msgs__rosidl_typesupport_c__pyext\n'}
[0.874012] (rm_temporal_mpc_msgs) StdoutLine: {'line': b'[ 95%] Built target rm_temporal_mpc_msgs__rosidl_typesupport_introspection_c__pyext\n'}
[0.878079] (rm_temporal_mpc_msgs) StdoutLine: {'line': b'[100%] Built target rm_temporal_mpc_msgs__rosidl_typesupport_fastrtps_c__pyext\n'}
[0.900695] (-) TimerEvent: {}
[0.916884] (rm_temporal_mpc_msgs) StdoutLine: {'line': b'running egg_info\n'}
[0.917642] (rm_temporal_mpc_msgs) StdoutLine: {'line': b'writing rm_temporal_mpc_msgs.egg-info/PKG-INFO\n'}
[0.917986] (rm_temporal_mpc_msgs) StdoutLine: {'line': b'writing dependency_links to rm_temporal_mpc_msgs.egg-info/dependency_links.txt\n'}
[0.918125] (rm_temporal_mpc_msgs) StdoutLine: {'line': b'writing top-level names to rm_temporal_mpc_msgs.egg-info/top_level.txt\n'}
[0.919945] (rm_temporal_mpc_msgs) StdoutLine: {'line': b"reading manifest file 'rm_temporal_mpc_msgs.egg-info/SOURCES.txt'\n"}
[0.920642] (rm_temporal_mpc_msgs) StdoutLine: {'line': b"writing manifest file 'rm_temporal_mpc_msgs.egg-info/SOURCES.txt'\n"}
[0.947739] (rm_temporal_mpc_msgs) StdoutLine: {'line': b'[100%] Built target ament_cmake_python_build_rm_temporal_mpc_msgs_egg\n'}
[0.963090] (rm_temporal_mpc_msgs) CommandEnded: {'returncode': 0}
[0.963954] (rm_temporal_mpc_msgs) JobProgress: {'identifier': 'rm_temporal_mpc_msgs', 'progress': 'install'}
[0.964238] (rm_temporal_mpc_msgs) Command: {'cmd': ['/usr/bin/cmake', '--install', '/workspace/build/temporal_mpc_ros2/build/rm_temporal_mpc_msgs'], 'cwd': '/workspace/build/temporal_mpc_ros2/build/rm_temporal_mpc_msgs', 'env': OrderedDict([('HOSTNAME', 'e34b9bc3b68c'), ('SHLVL', '2'), ('LD_LIBRARY_PATH', '/opt/ros/humble/opt/rviz_ogre_vendor/lib:/opt/ros/humble/lib/x86_64-linux-gnu:/opt/ros/humble/opt/openvdb_vendor/lib:/opt/ros/humble/lib'), ('HOME', '/home/rmnav'), ('OLDPWD', '/workspace/rm2027_navigation'), ('ROS_PYTHON_VERSION', '3'), ('ROS_DISTRO', 'humble'), ('_', '/usr/bin/colcon'), ('ROS_VERSION', '2'), ('ROS_LOCALHOST_ONLY', '0'), ('PATH', '/opt/ros/humble/bin:/usr/local/sbin:/usr/local/bin:/usr/sbin:/usr/bin:/sbin:/bin'), ('LANG', 'C.UTF-8'), ('AMENT_PREFIX_PATH', '/opt/ros/humble'), ('PWD', '/workspace/build/temporal_mpc_ros2/build/rm_temporal_mpc_msgs'), ('LC_ALL', 'C.UTF-8'), ('PYTHONPATH', '/opt/ros/humble/lib/python3.10/site-packages:/opt/ros/humble/local/lib/python3.10/dist-packages'), ('COLCON', '1'), ('CMAKE_PREFIX_PATH', '/opt/ros/humble')]), 'shell': False}
[0.977579] (rm_temporal_mpc_msgs) StdoutLine: {'line': b'-- Install configuration: "Release"\n'}
[0.978081] (rm_temporal_mpc_msgs) StdoutLine: {'line': b'-- Up-to-date: /workspace/build/temporal_mpc_ros2/install/rm_temporal_mpc_msgs/share/ament_index/resource_index/rosidl_interfaces/rm_temporal_mpc_msgs\n'}
[0.978341] (rm_temporal_mpc_msgs) StdoutLine: {'line': b'-- Up-to-date: /workspace/build/temporal_mpc_ros2/install/rm_temporal_mpc_msgs/include/rm_temporal_mpc_msgs/rm_temporal_mpc_msgs\n'}
[0.978604] (rm_temporal_mpc_msgs) StdoutLine: {'line': b'-- Up-to-date: /workspace/build/temporal_mpc_ros2/install/rm_temporal_mpc_msgs/include/rm_temporal_mpc_msgs/rm_temporal_mpc_msgs/msg\n'}
[0.978834] (rm_temporal_mpc_msgs) StdoutLine: {'line': b'-- Up-to-date: /workspace/build/temporal_mpc_ros2/install/rm_temporal_mpc_msgs/include/rm_temporal_mpc_msgs/rm_temporal_mpc_msgs/msg/rosidl_generator_c__visibility_control.h\n'}
[0.979120] (rm_temporal_mpc_msgs) StdoutLine: {'line': b'-- Up-to-date: /workspace/build/temporal_mpc_ros2/install/rm_temporal_mpc_msgs/include/rm_temporal_mpc_msgs/rm_temporal_mpc_msgs/msg/plan.h\n'}
[0.979343] (rm_temporal_mpc_msgs) StdoutLine: {'line': b'-- Up-to-date: /workspace/build/temporal_mpc_ros2/install/rm_temporal_mpc_msgs/include/rm_temporal_mpc_msgs/rm_temporal_mpc_msgs/msg/proposal.h\n'}
[0.979465] (rm_temporal_mpc_msgs) StdoutLine: {'line': b'-- Up-to-date: /workspace/build/temporal_mpc_ros2/install/rm_temporal_mpc_msgs/include/rm_temporal_mpc_msgs/rm_temporal_mpc_msgs/msg/state_request.h\n'}
[0.979659] (rm_temporal_mpc_msgs) StdoutLine: {'line': b'-- Up-to-date: /workspace/build/temporal_mpc_ros2/install/rm_temporal_mpc_msgs/include/rm_temporal_mpc_msgs/rm_temporal_mpc_msgs/msg/detail\n'}
[0.979957] (rm_temporal_mpc_msgs) StdoutLine: {'line': b'-- Up-to-date: /workspace/build/temporal_mpc_ros2/install/rm_temporal_mpc_msgs/include/rm_temporal_mpc_msgs/rm_temporal_mpc_msgs/msg/detail/state_request__functions.c\n'}
[0.980245] (rm_temporal_mpc_msgs) StdoutLine: {'line': b'-- Up-to-date: /workspace/build/temporal_mpc_ros2/install/rm_temporal_mpc_msgs/include/rm_temporal_mpc_msgs/rm_temporal_mpc_msgs/msg/detail/state_request__type_support.h\n'}
[0.980492] (rm_temporal_mpc_msgs) StdoutLine: {'line': b'-- Up-to-date: /workspace/build/temporal_mpc_ros2/install/rm_temporal_mpc_msgs/include/rm_temporal_mpc_msgs/rm_temporal_mpc_msgs/msg/detail/proposal__type_support.h\n'}
[0.980704] (rm_temporal_mpc_msgs) StdoutLine: {'line': b'-- Up-to-date: /workspace/build/temporal_mpc_ros2/install/rm_temporal_mpc_msgs/include/rm_temporal_mpc_msgs/rm_temporal_mpc_msgs/msg/detail/proposal__functions.c\n'}
[0.980981] (rm_temporal_mpc_msgs) StdoutLine: {'line': b'-- Up-to-date: /workspace/build/temporal_mpc_ros2/install/rm_temporal_mpc_msgs/include/rm_temporal_mpc_msgs/rm_temporal_mpc_msgs/msg/detail/plan__type_support.h\n'}
[0.981151] (rm_temporal_mpc_msgs) StdoutLine: {'line': b'-- Up-to-date: /workspace/build/temporal_mpc_ros2/install/rm_temporal_mpc_msgs/include/rm_temporal_mpc_msgs/rm_temporal_mpc_msgs/msg/detail/plan__functions.h\n'}
[0.981317] (rm_temporal_mpc_msgs) StdoutLine: {'line': b'-- Up-to-date: /workspace/build/temporal_mpc_ros2/install/rm_temporal_mpc_msgs/include/rm_temporal_mpc_msgs/rm_temporal_mpc_msgs/msg/detail/state_request__struct.h\n'}
[0.981563] (rm_temporal_mpc_msgs) StdoutLine: {'line': b'-- Up-to-date: /workspace/build/temporal_mpc_ros2/install/rm_temporal_mpc_msgs/include/rm_temporal_mpc_msgs/rm_temporal_mpc_msgs/msg/detail/proposal__struct.h\n'}
[0.981737] (rm_temporal_mpc_msgs) StdoutLine: {'line': b'-- Up-to-date: /workspace/build/temporal_mpc_ros2/install/rm_temporal_mpc_msgs/include/rm_temporal_mpc_msgs/rm_temporal_mpc_msgs/msg/detail/proposal__functions.h\n'}
[0.981913] (rm_temporal_mpc_msgs) StdoutLine: {'line': b'-- Up-to-date: /workspace/build/temporal_mpc_ros2/install/rm_temporal_mpc_msgs/include/rm_temporal_mpc_msgs/rm_temporal_mpc_msgs/msg/detail/plan__struct.h\n'}
[0.982165] (rm_temporal_mpc_msgs) StdoutLine: {'line': b'-- Up-to-date: /workspace/build/temporal_mpc_ros2/install/rm_temporal_mpc_msgs/include/rm_temporal_mpc_msgs/rm_temporal_mpc_msgs/msg/detail/state_request__functions.h\n'}
[0.982434] (rm_temporal_mpc_msgs) StdoutLine: {'line': b'-- Up-to-date: /workspace/build/temporal_mpc_ros2/install/rm_temporal_mpc_msgs/include/rm_temporal_mpc_msgs/rm_temporal_mpc_msgs/msg/detail/plan__functions.c\n'}
[0.982616] (rm_temporal_mpc_msgs) StdoutLine: {'line': b'-- Up-to-date: /workspace/build/temporal_mpc_ros2/install/rm_temporal_mpc_msgs/share/rm_temporal_mpc_msgs/environment/library_path.sh\n'}
[0.982738] (rm_temporal_mpc_msgs) StdoutLine: {'line': b'-- Up-to-date: /workspace/build/temporal_mpc_ros2/install/rm_temporal_mpc_msgs/share/rm_temporal_mpc_msgs/environment/library_path.dsv\n'}
[0.982856] (rm_temporal_mpc_msgs) StdoutLine: {'line': b'-- Up-to-date: /workspace/build/temporal_mpc_ros2/install/rm_temporal_mpc_msgs/lib/librm_temporal_mpc_msgs__rosidl_generator_c.so\n'}
[0.982967] (rm_temporal_mpc_msgs) StdoutLine: {'line': b'-- Up-to-date: /workspace/build/temporal_mpc_ros2/install/rm_temporal_mpc_msgs/include/rm_temporal_mpc_msgs/rm_temporal_mpc_msgs\n'}
[0.983074] (rm_temporal_mpc_msgs) StdoutLine: {'line': b'-- Up-to-date: /workspace/build/temporal_mpc_ros2/install/rm_temporal_mpc_msgs/include/rm_temporal_mpc_msgs/rm_temporal_mpc_msgs/msg\n'}
[0.983182] (rm_temporal_mpc_msgs) StdoutLine: {'line': b'-- Up-to-date: /workspace/build/temporal_mpc_ros2/install/rm_temporal_mpc_msgs/include/rm_temporal_mpc_msgs/rm_temporal_mpc_msgs/msg/detail\n'}
[0.983292] (rm_temporal_mpc_msgs) StdoutLine: {'line': b'-- Up-to-date: /workspace/build/temporal_mpc_ros2/install/rm_temporal_mpc_msgs/include/rm_temporal_mpc_msgs/rm_temporal_mpc_msgs/msg/detail/proposal__rosidl_typesupport_fastrtps_c.h\n'}
[0.983401] (rm_temporal_mpc_msgs) StdoutLine: {'line': b'-- Up-to-date: /workspace/build/temporal_mpc_ros2/install/rm_temporal_mpc_msgs/include/rm_temporal_mpc_msgs/rm_temporal_mpc_msgs/msg/detail/state_request__rosidl_typesupport_fastrtps_c.h\n'}
[0.983510] (rm_temporal_mpc_msgs) StdoutLine: {'line': b'-- Up-to-date: /workspace/build/temporal_mpc_ros2/install/rm_temporal_mpc_msgs/include/rm_temporal_mpc_msgs/rm_temporal_mpc_msgs/msg/detail/plan__rosidl_typesupport_fastrtps_c.h\n'}
[0.983627] (rm_temporal_mpc_msgs) StdoutLine: {'line': b'-- Up-to-date: /workspace/build/temporal_mpc_ros2/install/rm_temporal_mpc_msgs/include/rm_temporal_mpc_msgs/rm_temporal_mpc_msgs/msg/rosidl_typesupport_fastrtps_c__visibility_control.h\n'}
[0.983746] (rm_temporal_mpc_msgs) StdoutLine: {'line': b'-- Up-to-date: /workspace/build/temporal_mpc_ros2/install/rm_temporal_mpc_msgs/lib/librm_temporal_mpc_msgs__rosidl_typesupport_fastrtps_c.so\n'}
[0.983857] (rm_temporal_mpc_msgs) StdoutLine: {'line': b'-- Up-to-date: /workspace/build/temporal_mpc_ros2/install/rm_temporal_mpc_msgs/include/rm_temporal_mpc_msgs/rm_temporal_mpc_msgs\n'}
[0.983965] (rm_temporal_mpc_msgs) StdoutLine: {'line': b'-- Up-to-date: /workspace/build/temporal_mpc_ros2/install/rm_temporal_mpc_msgs/include/rm_temporal_mpc_msgs/rm_temporal_mpc_msgs/msg\n'}
[0.984081] (rm_temporal_mpc_msgs) StdoutLine: {'line': b'-- Up-to-date: /workspace/build/temporal_mpc_ros2/install/rm_temporal_mpc_msgs/include/rm_temporal_mpc_msgs/rm_temporal_mpc_msgs/msg/rosidl_typesupport_introspection_c__visibility_control.h\n'}
[0.984194] (rm_temporal_mpc_msgs) StdoutLine: {'line': b'-- Up-to-date: /workspace/build/temporal_mpc_ros2/install/rm_temporal_mpc_msgs/include/rm_temporal_mpc_msgs/rm_temporal_mpc_msgs/msg/detail\n'}
[0.984305] (rm_temporal_mpc_msgs) StdoutLine: {'line': b'-- Up-to-date: /workspace/build/temporal_mpc_ros2/install/rm_temporal_mpc_msgs/include/rm_temporal_mpc_msgs/rm_temporal_mpc_msgs/msg/detail/state_request__type_support.c\n'}
[0.984422] (rm_temporal_mpc_msgs) StdoutLine: {'line': b'-- Up-to-date: /workspace/build/temporal_mpc_ros2/install/rm_temporal_mpc_msgs/include/rm_temporal_mpc_msgs/rm_temporal_mpc_msgs/msg/detail/proposal__type_support.c\n'}
[0.984544] (rm_temporal_mpc_msgs) StdoutLine: {'line': b'-- Up-to-date: /workspace/build/temporal_mpc_ros2/install/rm_temporal_mpc_msgs/include/rm_temporal_mpc_msgs/rm_temporal_mpc_msgs/msg/detail/state_request__rosidl_typesupport_introspection_c.h\n'}
[0.984671] (rm_temporal_mpc_msgs) StdoutLine: {'line': b'-- Up-to-date: /workspace/build/temporal_mpc_ros2/install/rm_temporal_mpc_msgs/include/rm_temporal_mpc_msgs/rm_temporal_mpc_msgs/msg/detail/plan__rosidl_typesupport_introspection_c.h\n'}
[0.984785] (rm_temporal_mpc_msgs) StdoutLine: {'line': b'-- Up-to-date: /workspace/build/temporal_mpc_ros2/install/rm_temporal_mpc_msgs/include/rm_temporal_mpc_msgs/rm_temporal_mpc_msgs/msg/detail/proposal__rosidl_typesupport_introspection_c.h\n'}
[0.984895] (rm_temporal_mpc_msgs) StdoutLine: {'line': b'-- Up-to-date: /workspace/build/temporal_mpc_ros2/install/rm_temporal_mpc_msgs/include/rm_temporal_mpc_msgs/rm_temporal_mpc_msgs/msg/detail/plan__type_support.c\n'}
[0.985012] (rm_temporal_mpc_msgs) StdoutLine: {'line': b'-- Up-to-date: /workspace/build/temporal_mpc_ros2/install/rm_temporal_mpc_msgs/lib/librm_temporal_mpc_msgs__rosidl_typesupport_introspection_c.so\n'}
[0.985122] (rm_temporal_mpc_msgs) StdoutLine: {'line': b'-- Up-to-date: /workspace/build/temporal_mpc_ros2/install/rm_temporal_mpc_msgs/lib/librm_temporal_mpc_msgs__rosidl_typesupport_c.so\n'}
[0.985231] (rm_temporal_mpc_msgs) StdoutLine: {'line': b'-- Up-to-date: /workspace/build/temporal_mpc_ros2/install/rm_temporal_mpc_msgs/include/rm_temporal_mpc_msgs/rm_temporal_mpc_msgs\n'}
[0.985350] (rm_temporal_mpc_msgs) StdoutLine: {'line': b'-- Up-to-date: /workspace/build/temporal_mpc_ros2/install/rm_temporal_mpc_msgs/include/rm_temporal_mpc_msgs/rm_temporal_mpc_msgs/msg\n'}
[0.985460] (rm_temporal_mpc_msgs) StdoutLine: {'line': b'-- Up-to-date: /workspace/build/temporal_mpc_ros2/install/rm_temporal_mpc_msgs/include/rm_temporal_mpc_msgs/rm_temporal_mpc_msgs/msg/plan.hpp\n'}
[0.985569] (rm_temporal_mpc_msgs) StdoutLine: {'line': b'-- Up-to-date: /workspace/build/temporal_mpc_ros2/install/rm_temporal_mpc_msgs/include/rm_temporal_mpc_msgs/rm_temporal_mpc_msgs/msg/state_request.hpp\n'}
[0.985697] (rm_temporal_mpc_msgs) StdoutLine: {'line': b'-- Up-to-date: /workspace/build/temporal_mpc_ros2/install/rm_temporal_mpc_msgs/include/rm_temporal_mpc_msgs/rm_temporal_mpc_msgs/msg/proposal.hpp\n'}
[0.985809] (rm_temporal_mpc_msgs) StdoutLine: {'line': b'-- Up-to-date: /workspace/build/temporal_mpc_ros2/install/rm_temporal_mpc_msgs/include/rm_temporal_mpc_msgs/rm_temporal_mpc_msgs/msg/rosidl_generator_cpp__visibility_control.hpp\n'}
[0.985918] (rm_temporal_mpc_msgs) StdoutLine: {'line': b'-- Up-to-date: /workspace/build/temporal_mpc_ros2/install/rm_temporal_mpc_msgs/include/rm_temporal_mpc_msgs/rm_temporal_mpc_msgs/msg/detail\n'}
[0.986027] (rm_temporal_mpc_msgs) StdoutLine: {'line': b'-- Up-to-date: /workspace/build/temporal_mpc_ros2/install/rm_temporal_mpc_msgs/include/rm_temporal_mpc_msgs/rm_temporal_mpc_msgs/msg/detail/proposal__builder.hpp\n'}
[0.986136] (rm_temporal_mpc_msgs) StdoutLine: {'line': b'-- Up-to-date: /workspace/build/temporal_mpc_ros2/install/rm_temporal_mpc_msgs/include/rm_temporal_mpc_msgs/rm_temporal_mpc_msgs/msg/detail/state_request__struct.hpp\n'}
[0.986243] (rm_temporal_mpc_msgs) StdoutLine: {'line': b'-- Up-to-date: /workspace/build/temporal_mpc_ros2/install/rm_temporal_mpc_msgs/include/rm_temporal_mpc_msgs/rm_temporal_mpc_msgs/msg/detail/state_request__builder.hpp\n'}
[0.986351] (rm_temporal_mpc_msgs) StdoutLine: {'line': b'-- Up-to-date: /workspace/build/temporal_mpc_ros2/install/rm_temporal_mpc_msgs/include/rm_temporal_mpc_msgs/rm_temporal_mpc_msgs/msg/detail/state_request__type_support.hpp\n'}
[0.986459] (rm_temporal_mpc_msgs) StdoutLine: {'line': b'-- Up-to-date: /workspace/build/temporal_mpc_ros2/install/rm_temporal_mpc_msgs/include/rm_temporal_mpc_msgs/rm_temporal_mpc_msgs/msg/detail/plan__builder.hpp\n'}
[0.986567] (rm_temporal_mpc_msgs) StdoutLine: {'line': b'-- Up-to-date: /workspace/build/temporal_mpc_ros2/install/rm_temporal_mpc_msgs/include/rm_temporal_mpc_msgs/rm_temporal_mpc_msgs/msg/detail/state_request__traits.hpp\n'}
[0.986692] (rm_temporal_mpc_msgs) StdoutLine: {'line': b'-- Up-to-date: /workspace/build/temporal_mpc_ros2/install/rm_temporal_mpc_msgs/include/rm_temporal_mpc_msgs/rm_temporal_mpc_msgs/msg/detail/plan__traits.hpp\n'}
[0.986804] (rm_temporal_mpc_msgs) StdoutLine: {'line': b'-- Up-to-date: /workspace/build/temporal_mpc_ros2/install/rm_temporal_mpc_msgs/include/rm_temporal_mpc_msgs/rm_temporal_mpc_msgs/msg/detail/proposal__type_support.hpp\n'}
[0.986912] (rm_temporal_mpc_msgs) StdoutLine: {'line': b'-- Up-to-date: /workspace/build/temporal_mpc_ros2/install/rm_temporal_mpc_msgs/include/rm_temporal_mpc_msgs/rm_temporal_mpc_msgs/msg/detail/proposal__struct.hpp\n'}
[0.987019] (rm_temporal_mpc_msgs) StdoutLine: {'line': b'-- Up-to-date: /workspace/build/temporal_mpc_ros2/install/rm_temporal_mpc_msgs/include/rm_temporal_mpc_msgs/rm_temporal_mpc_msgs/msg/detail/plan__struct.hpp\n'}
[0.987135] (rm_temporal_mpc_msgs) StdoutLine: {'line': b'-- Up-to-date: /workspace/build/temporal_mpc_ros2/install/rm_temporal_mpc_msgs/include/rm_temporal_mpc_msgs/rm_temporal_mpc_msgs/msg/detail/plan__type_support.hpp\n'}
[0.987252] (rm_temporal_mpc_msgs) StdoutLine: {'line': b'-- Up-to-date: /workspace/build/temporal_mpc_ros2/install/rm_temporal_mpc_msgs/include/rm_temporal_mpc_msgs/rm_temporal_mpc_msgs/msg/detail/proposal__traits.hpp\n'}
[0.987361] (rm_temporal_mpc_msgs) StdoutLine: {'line': b'-- Up-to-date: /workspace/build/temporal_mpc_ros2/install/rm_temporal_mpc_msgs/include/rm_temporal_mpc_msgs/rm_temporal_mpc_msgs\n'}
[0.987470] (rm_temporal_mpc_msgs) StdoutLine: {'line': b'-- Up-to-date: /workspace/build/temporal_mpc_ros2/install/rm_temporal_mpc_msgs/include/rm_temporal_mpc_msgs/rm_temporal_mpc_msgs/msg\n'}
[0.987579] (rm_temporal_mpc_msgs) StdoutLine: {'line': b'-- Up-to-date: /workspace/build/temporal_mpc_ros2/install/rm_temporal_mpc_msgs/include/rm_temporal_mpc_msgs/rm_temporal_mpc_msgs/msg/rosidl_typesupport_fastrtps_cpp__visibility_control.h\n'}
[0.987706] (rm_temporal_mpc_msgs) StdoutLine: {'line': b'-- Up-to-date: /workspace/build/temporal_mpc_ros2/install/rm_temporal_mpc_msgs/include/rm_temporal_mpc_msgs/rm_temporal_mpc_msgs/msg/detail\n'}
[0.987818] (rm_temporal_mpc_msgs) StdoutLine: {'line': b'-- Up-to-date: /workspace/build/temporal_mpc_ros2/install/rm_temporal_mpc_msgs/include/rm_temporal_mpc_msgs/rm_temporal_mpc_msgs/msg/detail/state_request__rosidl_typesupport_fastrtps_cpp.hpp\n'}
[0.987930] (rm_temporal_mpc_msgs) StdoutLine: {'line': b'-- Up-to-date: /workspace/build/temporal_mpc_ros2/install/rm_temporal_mpc_msgs/include/rm_temporal_mpc_msgs/rm_temporal_mpc_msgs/msg/detail/plan__rosidl_typesupport_fastrtps_cpp.hpp\n'}
[0.988040] (rm_temporal_mpc_msgs) StdoutLine: {'line': b'-- Up-to-date: /workspace/build/temporal_mpc_ros2/install/rm_temporal_mpc_msgs/include/rm_temporal_mpc_msgs/rm_temporal_mpc_msgs/msg/detail/dds_fastrtps\n'}
[0.988148] (rm_temporal_mpc_msgs) StdoutLine: {'line': b'-- Up-to-date: /workspace/build/temporal_mpc_ros2/install/rm_temporal_mpc_msgs/include/rm_temporal_mpc_msgs/rm_temporal_mpc_msgs/msg/detail/proposal__rosidl_typesupport_fastrtps_cpp.hpp\n'}
[0.988274] (rm_temporal_mpc_msgs) StdoutLine: {'line': b'-- Up-to-date: /workspace/build/temporal_mpc_ros2/install/rm_temporal_mpc_msgs/lib/librm_temporal_mpc_msgs__rosidl_typesupport_fastrtps_cpp.so\n'}
[0.988384] (rm_temporal_mpc_msgs) StdoutLine: {'line': b'-- Up-to-date: /workspace/build/temporal_mpc_ros2/install/rm_temporal_mpc_msgs/include/rm_temporal_mpc_msgs/rm_temporal_mpc_msgs\n'}
[0.988494] (rm_temporal_mpc_msgs) StdoutLine: {'line': b'-- Up-to-date: /workspace/build/temporal_mpc_ros2/install/rm_temporal_mpc_msgs/include/rm_temporal_mpc_msgs/rm_temporal_mpc_msgs/msg\n'}
[0.988602] (rm_temporal_mpc_msgs) StdoutLine: {'line': b'-- Up-to-date: /workspace/build/temporal_mpc_ros2/install/rm_temporal_mpc_msgs/include/rm_temporal_mpc_msgs/rm_temporal_mpc_msgs/msg/detail\n'}
[0.988728] (rm_temporal_mpc_msgs) StdoutLine: {'line': b'-- Up-to-date: /workspace/build/temporal_mpc_ros2/install/rm_temporal_mpc_msgs/include/rm_temporal_mpc_msgs/rm_temporal_mpc_msgs/msg/detail/plan__rosidl_typesupport_introspection_cpp.hpp\n'}
[0.988837] (rm_temporal_mpc_msgs) StdoutLine: {'line': b'-- Up-to-date: /workspace/build/temporal_mpc_ros2/install/rm_temporal_mpc_msgs/include/rm_temporal_mpc_msgs/rm_temporal_mpc_msgs/msg/detail/state_request__type_support.cpp\n'}
[0.988945] (rm_temporal_mpc_msgs) StdoutLine: {'line': b'-- Up-to-date: /workspace/build/temporal_mpc_ros2/install/rm_temporal_mpc_msgs/include/rm_temporal_mpc_msgs/rm_temporal_mpc_msgs/msg/detail/plan__type_support.cpp\n'}
[0.989052] (rm_temporal_mpc_msgs) StdoutLine: {'line': b'-- Up-to-date: /workspace/build/temporal_mpc_ros2/install/rm_temporal_mpc_msgs/include/rm_temporal_mpc_msgs/rm_temporal_mpc_msgs/msg/detail/proposal__rosidl_typesupport_introspection_cpp.hpp\n'}
[0.989168] (rm_temporal_mpc_msgs) StdoutLine: {'line': b'-- Up-to-date: /workspace/build/temporal_mpc_ros2/install/rm_temporal_mpc_msgs/include/rm_temporal_mpc_msgs/rm_temporal_mpc_msgs/msg/detail/proposal__type_support.cpp\n'}
[0.989275] (rm_temporal_mpc_msgs) StdoutLine: {'line': b'-- Up-to-date: /workspace/build/temporal_mpc_ros2/install/rm_temporal_mpc_msgs/include/rm_temporal_mpc_msgs/rm_temporal_mpc_msgs/msg/detail/state_request__rosidl_typesupport_introspection_cpp.hpp\n'}
[0.989383] (rm_temporal_mpc_msgs) StdoutLine: {'line': b'-- Up-to-date: /workspace/build/temporal_mpc_ros2/install/rm_temporal_mpc_msgs/lib/librm_temporal_mpc_msgs__rosidl_typesupport_introspection_cpp.so\n'}
[0.989490] (rm_temporal_mpc_msgs) StdoutLine: {'line': b'-- Up-to-date: /workspace/build/temporal_mpc_ros2/install/rm_temporal_mpc_msgs/lib/librm_temporal_mpc_msgs__rosidl_typesupport_cpp.so\n'}
[0.989597] (rm_temporal_mpc_msgs) StdoutLine: {'line': b'-- Up-to-date: /workspace/build/temporal_mpc_ros2/install/rm_temporal_mpc_msgs/share/rm_temporal_mpc_msgs/environment/pythonpath.sh\n'}
[0.989722] (rm_temporal_mpc_msgs) StdoutLine: {'line': b'-- Up-to-date: /workspace/build/temporal_mpc_ros2/install/rm_temporal_mpc_msgs/share/rm_temporal_mpc_msgs/environment/pythonpath.dsv\n'}
[0.989832] (rm_temporal_mpc_msgs) StdoutLine: {'line': b'-- Up-to-date: /workspace/build/temporal_mpc_ros2/install/rm_temporal_mpc_msgs/local/lib/python3.10/dist-packages/rm_temporal_mpc_msgs-0.1.0-py3.10.egg-info\n'}
[0.989960] (rm_temporal_mpc_msgs) StdoutLine: {'line': b'-- Installing: /workspace/build/temporal_mpc_ros2/install/rm_temporal_mpc_msgs/local/lib/python3.10/dist-packages/rm_temporal_mpc_msgs-0.1.0-py3.10.egg-info/PKG-INFO\n'}
[0.990071] (rm_temporal_mpc_msgs) StdoutLine: {'line': b'-- Installing: /workspace/build/temporal_mpc_ros2/install/rm_temporal_mpc_msgs/local/lib/python3.10/dist-packages/rm_temporal_mpc_msgs-0.1.0-py3.10.egg-info/SOURCES.txt\n'}
[0.990179] (rm_temporal_mpc_msgs) StdoutLine: {'line': b'-- Installing: /workspace/build/temporal_mpc_ros2/install/rm_temporal_mpc_msgs/local/lib/python3.10/dist-packages/rm_temporal_mpc_msgs-0.1.0-py3.10.egg-info/top_level.txt\n'}
[0.990290] (rm_temporal_mpc_msgs) StdoutLine: {'line': b'-- Installing: /workspace/build/temporal_mpc_ros2/install/rm_temporal_mpc_msgs/local/lib/python3.10/dist-packages/rm_temporal_mpc_msgs-0.1.0-py3.10.egg-info/dependency_links.txt\n'}
[0.990402] (rm_temporal_mpc_msgs) StdoutLine: {'line': b'-- Up-to-date: /workspace/build/temporal_mpc_ros2/install/rm_temporal_mpc_msgs/local/lib/python3.10/dist-packages/rm_temporal_mpc_msgs\n'}
[0.990513] (rm_temporal_mpc_msgs) StdoutLine: {'line': b'-- Up-to-date: /workspace/build/temporal_mpc_ros2/install/rm_temporal_mpc_msgs/local/lib/python3.10/dist-packages/rm_temporal_mpc_msgs/rm_temporal_mpc_msgs_s__rosidl_typesupport_introspection_c.cpython-310-x86_64-linux-gnu.so\n'}
[0.990638] (rm_temporal_mpc_msgs) StdoutLine: {'line': b'-- Up-to-date: /workspace/build/temporal_mpc_ros2/install/rm_temporal_mpc_msgs/local/lib/python3.10/dist-packages/rm_temporal_mpc_msgs/rm_temporal_mpc_msgs_s__rosidl_typesupport_c.cpython-310-x86_64-linux-gnu.so\n'}
[0.990771] (rm_temporal_mpc_msgs) StdoutLine: {'line': b'-- Up-to-date: /workspace/build/temporal_mpc_ros2/install/rm_temporal_mpc_msgs/local/lib/python3.10/dist-packages/rm_temporal_mpc_msgs/librm_temporal_mpc_msgs__rosidl_generator_py.so\n'}
[0.990889] (rm_temporal_mpc_msgs) StdoutLine: {'line': b'-- Up-to-date: /workspace/build/temporal_mpc_ros2/install/rm_temporal_mpc_msgs/local/lib/python3.10/dist-packages/rm_temporal_mpc_msgs/__init__.py\n'}
[0.991010] (rm_temporal_mpc_msgs) StdoutLine: {'line': b'-- Up-to-date: /workspace/build/temporal_mpc_ros2/install/rm_temporal_mpc_msgs/local/lib/python3.10/dist-packages/rm_temporal_mpc_msgs/_rm_temporal_mpc_msgs_s.ep.rosidl_typesupport_fastrtps_c.c\n'}
[0.991153] (rm_temporal_mpc_msgs) StdoutLine: {'line': b'-- Up-to-date: /workspace/build/temporal_mpc_ros2/install/rm_temporal_mpc_msgs/local/lib/python3.10/dist-packages/rm_temporal_mpc_msgs/rm_temporal_mpc_msgs_s__rosidl_typesupport_fastrtps_c.cpython-310-x86_64-linux-gnu.so\n'}
[0.991287] (rm_temporal_mpc_msgs) StdoutLine: {'line': b'-- Up-to-date: /workspace/build/temporal_mpc_ros2/install/rm_temporal_mpc_msgs/local/lib/python3.10/dist-packages/rm_temporal_mpc_msgs/_rm_temporal_mpc_msgs_s.ep.rosidl_typesupport_c.c\n'}
[0.991409] (rm_temporal_mpc_msgs) StdoutLine: {'line': b'-- Up-to-date: /workspace/build/temporal_mpc_ros2/install/rm_temporal_mpc_msgs/local/lib/python3.10/dist-packages/rm_temporal_mpc_msgs/msg\n'}
[0.991528] (rm_temporal_mpc_msgs) StdoutLine: {'line': b'-- Up-to-date: /workspace/build/temporal_mpc_ros2/install/rm_temporal_mpc_msgs/local/lib/python3.10/dist-packages/rm_temporal_mpc_msgs/msg/_plan.py\n'}
[0.991663] (rm_temporal_mpc_msgs) StdoutLine: {'line': b'-- Up-to-date: /workspace/build/temporal_mpc_ros2/install/rm_temporal_mpc_msgs/local/lib/python3.10/dist-packages/rm_temporal_mpc_msgs/msg/_state_request.py\n'}
[0.991795] (rm_temporal_mpc_msgs) StdoutLine: {'line': b'-- Up-to-date: /workspace/build/temporal_mpc_ros2/install/rm_temporal_mpc_msgs/local/lib/python3.10/dist-packages/rm_temporal_mpc_msgs/msg/_proposal.py\n'}
[0.991915] (rm_temporal_mpc_msgs) StdoutLine: {'line': b'-- Up-to-date: /workspace/build/temporal_mpc_ros2/install/rm_temporal_mpc_msgs/local/lib/python3.10/dist-packages/rm_temporal_mpc_msgs/msg/__init__.py\n'}
[0.992029] (rm_temporal_mpc_msgs) StdoutLine: {'line': b'-- Up-to-date: /workspace/build/temporal_mpc_ros2/install/rm_temporal_mpc_msgs/local/lib/python3.10/dist-packages/rm_temporal_mpc_msgs/msg/_proposal_s.c\n'}
[0.992141] (rm_temporal_mpc_msgs) StdoutLine: {'line': b'-- Up-to-date: /workspace/build/temporal_mpc_ros2/install/rm_temporal_mpc_msgs/local/lib/python3.10/dist-packages/rm_temporal_mpc_msgs/msg/_plan_s.c\n'}
[0.992251] (rm_temporal_mpc_msgs) StdoutLine: {'line': b'-- Up-to-date: /workspace/build/temporal_mpc_ros2/install/rm_temporal_mpc_msgs/local/lib/python3.10/dist-packages/rm_temporal_mpc_msgs/msg/_state_request_s.c\n'}
[0.992359] (rm_temporal_mpc_msgs) StdoutLine: {'line': b'-- Up-to-date: /workspace/build/temporal_mpc_ros2/install/rm_temporal_mpc_msgs/local/lib/python3.10/dist-packages/rm_temporal_mpc_msgs/_rm_temporal_mpc_msgs_s.ep.rosidl_typesupport_introspection_c.c\n'}
[1.000762] (-) TimerEvent: {}
[1.020913] (rm_temporal_mpc_msgs) StdoutLine: {'line': b"Listing '/workspace/build/temporal_mpc_ros2/install/rm_temporal_mpc_msgs/local/lib/python3.10/dist-packages/rm_temporal_mpc_msgs'...\n"}
[1.021108] (rm_temporal_mpc_msgs) StdoutLine: {'line': b"Listing '/workspace/build/temporal_mpc_ros2/install/rm_temporal_mpc_msgs/local/lib/python3.10/dist-packages/rm_temporal_mpc_msgs/msg'...\n"}
[1.025759] (rm_temporal_mpc_msgs) StdoutLine: {'line': b'-- Up-to-date: /workspace/build/temporal_mpc_ros2/install/rm_temporal_mpc_msgs/local/lib/python3.10/dist-packages/rm_temporal_mpc_msgs/rm_temporal_mpc_msgs_s__rosidl_typesupport_fastrtps_c.cpython-310-x86_64-linux-gnu.so\n'}
[1.026145] (rm_temporal_mpc_msgs) StdoutLine: {'line': b'-- Up-to-date: /workspace/build/temporal_mpc_ros2/install/rm_temporal_mpc_msgs/local/lib/python3.10/dist-packages/rm_temporal_mpc_msgs/rm_temporal_mpc_msgs_s__rosidl_typesupport_introspection_c.cpython-310-x86_64-linux-gnu.so\n'}
[1.026334] (rm_temporal_mpc_msgs) StdoutLine: {'line': b'-- Up-to-date: /workspace/build/temporal_mpc_ros2/install/rm_temporal_mpc_msgs/local/lib/python3.10/dist-packages/rm_temporal_mpc_msgs/rm_temporal_mpc_msgs_s__rosidl_typesupport_c.cpython-310-x86_64-linux-gnu.so\n'}
[1.026522] (rm_temporal_mpc_msgs) StdoutLine: {'line': b'-- Up-to-date: /workspace/build/temporal_mpc_ros2/install/rm_temporal_mpc_msgs/lib/librm_temporal_mpc_msgs__rosidl_generator_py.so\n'}
[1.027349] (rm_temporal_mpc_msgs) StdoutLine: {'line': b'-- Up-to-date: /workspace/build/temporal_mpc_ros2/install/rm_temporal_mpc_msgs/share/ament_index/resource_index/rust_packages/rm_temporal_mpc_msgs\n'}
[1.027633] (rm_temporal_mpc_msgs) StdoutLine: {'line': b'-- Up-to-date: /workspace/build/temporal_mpc_ros2/install/rm_temporal_mpc_msgs/share/rm_temporal_mpc_msgs/rust\n'}
[1.027899] (rm_temporal_mpc_msgs) StdoutLine: {'line': b'-- Up-to-date: /workspace/build/temporal_mpc_ros2/install/rm_temporal_mpc_msgs/share/rm_temporal_mpc_msgs/rust/build.rs\n'}
[1.028075] (rm_temporal_mpc_msgs) StdoutLine: {'line': b'-- Up-to-date: /workspace/build/temporal_mpc_ros2/install/rm_temporal_mpc_msgs/share/rm_temporal_mpc_msgs/rust/Cargo.toml\n'}
[1.028201] (rm_temporal_mpc_msgs) StdoutLine: {'line': b'-- Up-to-date: /workspace/build/temporal_mpc_ros2/install/rm_temporal_mpc_msgs/share/rm_temporal_mpc_msgs/rust/src\n'}
[1.029496] (rm_temporal_mpc_msgs) StdoutLine: {'line': b'-- Up-to-date: /workspace/build/temporal_mpc_ros2/install/rm_temporal_mpc_msgs/share/rm_temporal_mpc_msgs/rust/src/lib.rs\n'}
[1.029690] (rm_temporal_mpc_msgs) StdoutLine: {'line': b'-- Up-to-date: /workspace/build/temporal_mpc_ros2/install/rm_temporal_mpc_msgs/share/rm_temporal_mpc_msgs/rust/src/msg\n'}
[1.029818] (rm_temporal_mpc_msgs) StdoutLine: {'line': b'-- Up-to-date: /workspace/build/temporal_mpc_ros2/install/rm_temporal_mpc_msgs/share/rm_temporal_mpc_msgs/rust/src/msg/rmw.rs\n'}
[1.029932] (rm_temporal_mpc_msgs) StdoutLine: {'line': b'-- Up-to-date: /workspace/build/temporal_mpc_ros2/install/rm_temporal_mpc_msgs/share/rm_temporal_mpc_msgs/rust/src/msg.rs\n'}
[1.030070] (rm_temporal_mpc_msgs) StdoutLine: {'line': b'-- Up-to-date: /workspace/build/temporal_mpc_ros2/install/rm_temporal_mpc_msgs/share/rm_temporal_mpc_msgs/msg/Plan.idl\n'}
[1.030180] (rm_temporal_mpc_msgs) StdoutLine: {'line': b'-- Up-to-date: /workspace/build/temporal_mpc_ros2/install/rm_temporal_mpc_msgs/share/rm_temporal_mpc_msgs/msg/StateRequest.idl\n'}
[1.030290] (rm_temporal_mpc_msgs) StdoutLine: {'line': b'-- Up-to-date: /workspace/build/temporal_mpc_ros2/install/rm_temporal_mpc_msgs/share/rm_temporal_mpc_msgs/msg/Proposal.idl\n'}
[1.030407] (rm_temporal_mpc_msgs) StdoutLine: {'line': b'-- Up-to-date: /workspace/build/temporal_mpc_ros2/install/rm_temporal_mpc_msgs/share/rm_temporal_mpc_msgs/msg/Plan.msg\n'}
[1.030517] (rm_temporal_mpc_msgs) StdoutLine: {'line': b'-- Up-to-date: /workspace/build/temporal_mpc_ros2/install/rm_temporal_mpc_msgs/share/rm_temporal_mpc_msgs/msg/StateRequest.msg\n'}
[1.030635] (rm_temporal_mpc_msgs) StdoutLine: {'line': b'-- Up-to-date: /workspace/build/temporal_mpc_ros2/install/rm_temporal_mpc_msgs/share/rm_temporal_mpc_msgs/msg/Proposal.msg\n'}
[1.030755] (rm_temporal_mpc_msgs) StdoutLine: {'line': b'-- Up-to-date: /workspace/build/temporal_mpc_ros2/install/rm_temporal_mpc_msgs/share/ament_index/resource_index/package_run_dependencies/rm_temporal_mpc_msgs\n'}
[1.030865] (rm_temporal_mpc_msgs) StdoutLine: {'line': b'-- Up-to-date: /workspace/build/temporal_mpc_ros2/install/rm_temporal_mpc_msgs/share/ament_index/resource_index/parent_prefix_path/rm_temporal_mpc_msgs\n'}
[1.030977] (rm_temporal_mpc_msgs) StdoutLine: {'line': b'-- Up-to-date: /workspace/build/temporal_mpc_ros2/install/rm_temporal_mpc_msgs/share/rm_temporal_mpc_msgs/environment/ament_prefix_path.sh\n'}
[1.031586] (rm_temporal_mpc_msgs) StdoutLine: {'line': b'-- Up-to-date: /workspace/build/temporal_mpc_ros2/install/rm_temporal_mpc_msgs/share/rm_temporal_mpc_msgs/environment/ament_prefix_path.dsv\n'}
[1.032325] (rm_temporal_mpc_msgs) StdoutLine: {'line': b'-- Up-to-date: /workspace/build/temporal_mpc_ros2/install/rm_temporal_mpc_msgs/share/rm_temporal_mpc_msgs/environment/path.sh\n'}
[1.033641] (rm_temporal_mpc_msgs) StdoutLine: {'line': b'-- Up-to-date: /workspace/build/temporal_mpc_ros2/install/rm_temporal_mpc_msgs/share/rm_temporal_mpc_msgs/environment/path.dsv\n'}
[1.034000] (rm_temporal_mpc_msgs) StdoutLine: {'line': b'-- Up-to-date: /workspace/build/temporal_mpc_ros2/install/rm_temporal_mpc_msgs/share/rm_temporal_mpc_msgs/local_setup.bash\n'}
[1.034179] (rm_temporal_mpc_msgs) StdoutLine: {'line': b'-- Up-to-date: /workspace/build/temporal_mpc_ros2/install/rm_temporal_mpc_msgs/share/rm_temporal_mpc_msgs/local_setup.sh\n'}
[1.034499] (rm_temporal_mpc_msgs) StdoutLine: {'line': b'-- Up-to-date: /workspace/build/temporal_mpc_ros2/install/rm_temporal_mpc_msgs/share/rm_temporal_mpc_msgs/local_setup.zsh\n'}
[1.034713] (rm_temporal_mpc_msgs) StdoutLine: {'line': b'-- Up-to-date: /workspace/build/temporal_mpc_ros2/install/rm_temporal_mpc_msgs/share/rm_temporal_mpc_msgs/local_setup.dsv\n'}
[1.034945] (rm_temporal_mpc_msgs) StdoutLine: {'line': b'-- Installing: /workspace/build/temporal_mpc_ros2/install/rm_temporal_mpc_msgs/share/rm_temporal_mpc_msgs/package.dsv\n'}
[1.035168] (rm_temporal_mpc_msgs) StdoutLine: {'line': b'-- Up-to-date: /workspace/build/temporal_mpc_ros2/install/rm_temporal_mpc_msgs/share/ament_index/resource_index/packages/rm_temporal_mpc_msgs\n'}
[1.035299] (rm_temporal_mpc_msgs) StdoutLine: {'line': b'-- Up-to-date: /workspace/build/temporal_mpc_ros2/install/rm_temporal_mpc_msgs/share/rm_temporal_mpc_msgs/cmake/export_rm_temporal_mpc_msgs__rosidl_generator_cExport.cmake\n'}
[1.035551] (rm_temporal_mpc_msgs) StdoutLine: {'line': b'-- Up-to-date: /workspace/build/temporal_mpc_ros2/install/rm_temporal_mpc_msgs/share/rm_temporal_mpc_msgs/cmake/export_rm_temporal_mpc_msgs__rosidl_generator_cExport-release.cmake\n'}
[1.035857] (rm_temporal_mpc_msgs) StdoutLine: {'line': b'-- Up-to-date: /workspace/build/temporal_mpc_ros2/install/rm_temporal_mpc_msgs/share/rm_temporal_mpc_msgs/cmake/export_rm_temporal_mpc_msgs__rosidl_typesupport_fastrtps_cExport.cmake\n'}
[1.036001] (rm_temporal_mpc_msgs) StdoutLine: {'line': b'-- Up-to-date: /workspace/build/temporal_mpc_ros2/install/rm_temporal_mpc_msgs/share/rm_temporal_mpc_msgs/cmake/export_rm_temporal_mpc_msgs__rosidl_typesupport_fastrtps_cExport-release.cmake\n'}
[1.036168] (rm_temporal_mpc_msgs) StdoutLine: {'line': b'-- Up-to-date: /workspace/build/temporal_mpc_ros2/install/rm_temporal_mpc_msgs/share/rm_temporal_mpc_msgs/cmake/rm_temporal_mpc_msgs__rosidl_typesupport_introspection_cExport.cmake\n'}
[1.036344] (rm_temporal_mpc_msgs) StdoutLine: {'line': b'-- Up-to-date: /workspace/build/temporal_mpc_ros2/install/rm_temporal_mpc_msgs/share/rm_temporal_mpc_msgs/cmake/rm_temporal_mpc_msgs__rosidl_typesupport_introspection_cExport-release.cmake\n'}
[1.036542] (rm_temporal_mpc_msgs) StdoutLine: {'line': b'-- Up-to-date: /workspace/build/temporal_mpc_ros2/install/rm_temporal_mpc_msgs/share/rm_temporal_mpc_msgs/cmake/rm_temporal_mpc_msgs__rosidl_typesupport_cExport.cmake\n'}
[1.036680] (rm_temporal_mpc_msgs) StdoutLine: {'line': b'-- Up-to-date: /workspace/build/temporal_mpc_ros2/install/rm_temporal_mpc_msgs/share/rm_temporal_mpc_msgs/cmake/rm_temporal_mpc_msgs__rosidl_typesupport_cExport-release.cmake\n'}
[1.036962] (rm_temporal_mpc_msgs) StdoutLine: {'line': b'-- Up-to-date: /workspace/build/temporal_mpc_ros2/install/rm_temporal_mpc_msgs/share/rm_temporal_mpc_msgs/cmake/export_rm_temporal_mpc_msgs__rosidl_generator_cppExport.cmake\n'}
[1.037180] (rm_temporal_mpc_msgs) StdoutLine: {'line': b'-- Up-to-date: /workspace/build/temporal_mpc_ros2/install/rm_temporal_mpc_msgs/share/rm_temporal_mpc_msgs/cmake/export_rm_temporal_mpc_msgs__rosidl_typesupport_fastrtps_cppExport.cmake\n'}
[1.037417] (rm_temporal_mpc_msgs) StdoutLine: {'line': b'-- Up-to-date: /workspace/build/temporal_mpc_ros2/install/rm_temporal_mpc_msgs/share/rm_temporal_mpc_msgs/cmake/export_rm_temporal_mpc_msgs__rosidl_typesupport_fastrtps_cppExport-release.cmake\n'}
[1.037771] (rm_temporal_mpc_msgs) StdoutLine: {'line': b'-- Up-to-date: /workspace/build/temporal_mpc_ros2/install/rm_temporal_mpc_msgs/share/rm_temporal_mpc_msgs/cmake/rm_temporal_mpc_msgs__rosidl_typesupport_introspection_cppExport.cmake\n'}
[1.037973] (rm_temporal_mpc_msgs) StdoutLine: {'line': b'-- Up-to-date: /workspace/build/temporal_mpc_ros2/install/rm_temporal_mpc_msgs/share/rm_temporal_mpc_msgs/cmake/rm_temporal_mpc_msgs__rosidl_typesupport_introspection_cppExport-release.cmake\n'}
[1.038104] (rm_temporal_mpc_msgs) StdoutLine: {'line': b'-- Up-to-date: /workspace/build/temporal_mpc_ros2/install/rm_temporal_mpc_msgs/share/rm_temporal_mpc_msgs/cmake/rm_temporal_mpc_msgs__rosidl_typesupport_cppExport.cmake\n'}
[1.038234] (rm_temporal_mpc_msgs) StdoutLine: {'line': b'-- Up-to-date: /workspace/build/temporal_mpc_ros2/install/rm_temporal_mpc_msgs/share/rm_temporal_mpc_msgs/cmake/rm_temporal_mpc_msgs__rosidl_typesupport_cppExport-release.cmake\n'}
[1.038429] (rm_temporal_mpc_msgs) StdoutLine: {'line': b'-- Up-to-date: /workspace/build/temporal_mpc_ros2/install/rm_temporal_mpc_msgs/share/rm_temporal_mpc_msgs/cmake/export_rm_temporal_mpc_msgs__rosidl_generator_pyExport.cmake\n'}
[1.038560] (rm_temporal_mpc_msgs) StdoutLine: {'line': b'-- Up-to-date: /workspace/build/temporal_mpc_ros2/install/rm_temporal_mpc_msgs/share/rm_temporal_mpc_msgs/cmake/export_rm_temporal_mpc_msgs__rosidl_generator_pyExport-release.cmake\n'}
[1.038698] (rm_temporal_mpc_msgs) StdoutLine: {'line': b'-- Up-to-date: /workspace/build/temporal_mpc_ros2/install/rm_temporal_mpc_msgs/share/rm_temporal_mpc_msgs/cmake/rosidl_cmake-extras.cmake\n'}
[1.038833] (rm_temporal_mpc_msgs) StdoutLine: {'line': b'-- Up-to-date: /workspace/build/temporal_mpc_ros2/install/rm_temporal_mpc_msgs/share/rm_temporal_mpc_msgs/cmake/ament_cmake_export_dependencies-extras.cmake\n'}
[1.038969] (rm_temporal_mpc_msgs) StdoutLine: {'line': b'-- Up-to-date: /workspace/build/temporal_mpc_ros2/install/rm_temporal_mpc_msgs/share/rm_temporal_mpc_msgs/cmake/ament_cmake_export_include_directories-extras.cmake\n'}
[1.039199] (rm_temporal_mpc_msgs) StdoutLine: {'line': b'-- Up-to-date: /workspace/build/temporal_mpc_ros2/install/rm_temporal_mpc_msgs/share/rm_temporal_mpc_msgs/cmake/ament_cmake_export_libraries-extras.cmake\n'}
[1.039368] (rm_temporal_mpc_msgs) StdoutLine: {'line': b'-- Up-to-date: /workspace/build/temporal_mpc_ros2/install/rm_temporal_mpc_msgs/share/rm_temporal_mpc_msgs/cmake/ament_cmake_export_targets-extras.cmake\n'}
[1.039495] (rm_temporal_mpc_msgs) StdoutLine: {'line': b'-- Up-to-date: /workspace/build/temporal_mpc_ros2/install/rm_temporal_mpc_msgs/share/rm_temporal_mpc_msgs/cmake/rosidl_cmake_export_typesupport_targets-extras.cmake\n'}
[1.039633] (rm_temporal_mpc_msgs) StdoutLine: {'line': b'-- Up-to-date: /workspace/build/temporal_mpc_ros2/install/rm_temporal_mpc_msgs/share/rm_temporal_mpc_msgs/cmake/rosidl_cmake_export_typesupport_libraries-extras.cmake\n'}
[1.039907] (rm_temporal_mpc_msgs) StdoutLine: {'line': b'-- Up-to-date: /workspace/build/temporal_mpc_ros2/install/rm_temporal_mpc_msgs/share/rm_temporal_mpc_msgs/cmake/rm_temporal_mpc_msgsConfig.cmake\n'}
[1.040046] (rm_temporal_mpc_msgs) StdoutLine: {'line': b'-- Up-to-date: /workspace/build/temporal_mpc_ros2/install/rm_temporal_mpc_msgs/share/rm_temporal_mpc_msgs/cmake/rm_temporal_mpc_msgsConfig-version.cmake\n'}
[1.040268] (rm_temporal_mpc_msgs) StdoutLine: {'line': b'-- Up-to-date: /workspace/build/temporal_mpc_ros2/install/rm_temporal_mpc_msgs/share/rm_temporal_mpc_msgs/package.xml\n'}
[1.040395] (rm_temporal_mpc_msgs) CommandEnded: {'returncode': 0}
[1.070668] (rm_temporal_mpc_msgs) JobEnded: {'identifier': 'rm_temporal_mpc_msgs', 'rc': 0}
[1.071946] (rm_chassis_interface) JobStarted: {'identifier': 'rm_chassis_interface'}
[1.084740] (rm_chassis_interface) JobProgress: {'identifier': 'rm_chassis_interface', 'progress': 'cmake'}
[1.085831] (rm_chassis_interface) JobProgress: {'identifier': 'rm_chassis_interface', 'progress': 'build'}
[1.086400] (rm_chassis_interface) Command: {'cmd': ['/usr/bin/cmake', '--build', '/workspace/build/temporal_mpc_ros2/build/rm_chassis_interface', '--', '-j32', '-l32'], 'cwd': '/workspace/build/temporal_mpc_ros2/build/rm_chassis_interface', 'env': OrderedDict([('HOSTNAME', 'e34b9bc3b68c'), ('SHLVL', '2'), ('LD_LIBRARY_PATH', '/workspace/build/temporal_mpc_ros2/install/rm_competition_interfaces/lib:/opt/ros/humble/opt/rviz_ogre_vendor/lib:/opt/ros/humble/lib/x86_64-linux-gnu:/opt/ros/humble/opt/openvdb_vendor/lib:/opt/ros/humble/lib'), ('HOME', '/home/rmnav'), ('OLDPWD', '/workspace/rm2027_navigation'), ('ROS_PYTHON_VERSION', '3'), ('ROS_DISTRO', 'humble'), ('_', '/usr/bin/colcon'), ('ROS_VERSION', '2'), ('ROS_LOCALHOST_ONLY', '0'), ('PATH', '/opt/ros/humble/bin:/usr/local/sbin:/usr/local/bin:/usr/sbin:/usr/bin:/sbin:/bin'), ('LANG', 'C.UTF-8'), ('AMENT_PREFIX_PATH', '/workspace/build/temporal_mpc_ros2/install/rm_competition_interfaces:/opt/ros/humble'), ('PWD', '/workspace/build/temporal_mpc_ros2/build/rm_chassis_interface'), ('LC_ALL', 'C.UTF-8'), ('PYTHONPATH', '/workspace/build/temporal_mpc_ros2/install/rm_competition_interfaces/local/lib/python3.10/dist-packages:/opt/ros/humble/lib/python3.10/site-packages:/opt/ros/humble/local/lib/python3.10/dist-packages'), ('COLCON', '1'), ('CMAKE_PREFIX_PATH', '/workspace/build/temporal_mpc_ros2/install/rm_competition_interfaces:/opt/ros/humble')]), 'shell': False}
[1.100880] (-) TimerEvent: {}
[1.167836] (rm_chassis_interface) StdoutLine: {'line': b'[ 50%] Built target chassis_interface_stub\n'}
[1.175298] (rm_chassis_interface) StdoutLine: {'line': b'[100%] Built target chassis_mode_gate_node\n'}
[1.194638] (rm_chassis_interface) CommandEnded: {'returncode': 0}
[1.195692] (rm_chassis_interface) JobProgress: {'identifier': 'rm_chassis_interface', 'progress': 'install'}
[1.196178] (rm_chassis_interface) Command: {'cmd': ['/usr/bin/cmake', '--install', '/workspace/build/temporal_mpc_ros2/build/rm_chassis_interface'], 'cwd': '/workspace/build/temporal_mpc_ros2/build/rm_chassis_interface', 'env': OrderedDict([('HOSTNAME', 'e34b9bc3b68c'), ('SHLVL', '2'), ('LD_LIBRARY_PATH', '/workspace/build/temporal_mpc_ros2/install/rm_competition_interfaces/lib:/opt/ros/humble/opt/rviz_ogre_vendor/lib:/opt/ros/humble/lib/x86_64-linux-gnu:/opt/ros/humble/opt/openvdb_vendor/lib:/opt/ros/humble/lib'), ('HOME', '/home/rmnav'), ('OLDPWD', '/workspace/rm2027_navigation'), ('ROS_PYTHON_VERSION', '3'), ('ROS_DISTRO', 'humble'), ('_', '/usr/bin/colcon'), ('ROS_VERSION', '2'), ('ROS_LOCALHOST_ONLY', '0'), ('PATH', '/opt/ros/humble/bin:/usr/local/sbin:/usr/local/bin:/usr/sbin:/usr/bin:/sbin:/bin'), ('LANG', 'C.UTF-8'), ('AMENT_PREFIX_PATH', '/workspace/build/temporal_mpc_ros2/install/rm_competition_interfaces:/opt/ros/humble'), ('PWD', '/workspace/build/temporal_mpc_ros2/build/rm_chassis_interface'), ('LC_ALL', 'C.UTF-8'), ('PYTHONPATH', '/workspace/build/temporal_mpc_ros2/install/rm_competition_interfaces/local/lib/python3.10/dist-packages:/opt/ros/humble/lib/python3.10/site-packages:/opt/ros/humble/local/lib/python3.10/dist-packages'), ('COLCON', '1'), ('CMAKE_PREFIX_PATH', '/workspace/build/temporal_mpc_ros2/install/rm_competition_interfaces:/opt/ros/humble')]), 'shell': False}
[1.200990] (-) TimerEvent: {}
[1.206637] (rm_chassis_interface) StdoutLine: {'line': b'-- Install configuration: "Release"\n'}
[1.206949] (rm_chassis_interface) StdoutLine: {'line': b'-- Up-to-date: /workspace/build/temporal_mpc_ros2/install/rm_chassis_interface/lib/rm_chassis_interface/chassis_interface_stub\n'}
[1.207273] (rm_chassis_interface) StdoutLine: {'line': b'-- Up-to-date: /workspace/build/temporal_mpc_ros2/install/rm_chassis_interface/lib/rm_chassis_interface/chassis_mode_gate_node\n'}
[1.207575] (rm_chassis_interface) StdoutLine: {'line': b'-- Up-to-date: /workspace/build/temporal_mpc_ros2/install/rm_chassis_interface/share/rm_chassis_interface/config\n'}
[1.207824] (rm_chassis_interface) StdoutLine: {'line': b'-- Up-to-date: /workspace/build/temporal_mpc_ros2/install/rm_chassis_interface/share/rm_chassis_interface/config/chassis_interface_stub.yaml\n'}
[1.208052] (rm_chassis_interface) StdoutLine: {'line': b'-- Up-to-date: /workspace/build/temporal_mpc_ros2/install/rm_chassis_interface/share/rm_chassis_interface/launch\n'}
[1.208214] (rm_chassis_interface) StdoutLine: {'line': b'-- Up-to-date: /workspace/build/temporal_mpc_ros2/install/rm_chassis_interface/share/rm_chassis_interface/launch/chassis_mode_gate.launch.py\n'}
[1.208333] (rm_chassis_interface) StdoutLine: {'line': b'-- Up-to-date: /workspace/build/temporal_mpc_ros2/install/rm_chassis_interface/share/rm_chassis_interface/launch/chassis_interface_stub.launch.py\n'}
[1.208449] (rm_chassis_interface) StdoutLine: {'line': b'-- Up-to-date: /workspace/build/temporal_mpc_ros2/install/rm_chassis_interface/share/ament_index/resource_index/package_run_dependencies/rm_chassis_interface\n'}
[1.208582] (rm_chassis_interface) StdoutLine: {'line': b'-- Up-to-date: /workspace/build/temporal_mpc_ros2/install/rm_chassis_interface/share/ament_index/resource_index/parent_prefix_path/rm_chassis_interface\n'}
[1.208714] (rm_chassis_interface) StdoutLine: {'line': b'-- Up-to-date: /workspace/build/temporal_mpc_ros2/install/rm_chassis_interface/share/rm_chassis_interface/environment/ament_prefix_path.sh\n'}
[1.208831] (rm_chassis_interface) StdoutLine: {'line': b'-- Up-to-date: /workspace/build/temporal_mpc_ros2/install/rm_chassis_interface/share/rm_chassis_interface/environment/ament_prefix_path.dsv\n'}
[1.208949] (rm_chassis_interface) StdoutLine: {'line': b'-- Up-to-date: /workspace/build/temporal_mpc_ros2/install/rm_chassis_interface/share/rm_chassis_interface/environment/path.sh\n'}
[1.209061] (rm_chassis_interface) StdoutLine: {'line': b'-- Up-to-date: /workspace/build/temporal_mpc_ros2/install/rm_chassis_interface/share/rm_chassis_interface/environment/path.dsv\n'}
[1.209276] (rm_chassis_interface) StdoutLine: {'line': b'-- Up-to-date: /workspace/build/temporal_mpc_ros2/install/rm_chassis_interface/share/rm_chassis_interface/local_setup.bash\n'}
[1.210351] (rm_chassis_interface) StdoutLine: {'line': b'-- Up-to-date: /workspace/build/temporal_mpc_ros2/install/rm_chassis_interface/share/rm_chassis_interface/local_setup.sh\n'}
[1.210453] (rm_chassis_interface) StdoutLine: {'line': b'-- Up-to-date: /workspace/build/temporal_mpc_ros2/install/rm_chassis_interface/share/rm_chassis_interface/local_setup.zsh\n'}
[1.210507] (rm_chassis_interface) StdoutLine: {'line': b'-- Up-to-date: /workspace/build/temporal_mpc_ros2/install/rm_chassis_interface/share/rm_chassis_interface/local_setup.dsv\n'}
[1.210558] (rm_chassis_interface) StdoutLine: {'line': b'-- Installing: /workspace/build/temporal_mpc_ros2/install/rm_chassis_interface/share/rm_chassis_interface/package.dsv\n'}
[1.210607] (rm_chassis_interface) StdoutLine: {'line': b'-- Up-to-date: /workspace/build/temporal_mpc_ros2/install/rm_chassis_interface/share/ament_index/resource_index/packages/rm_chassis_interface\n'}
[1.210665] (rm_chassis_interface) StdoutLine: {'line': b'-- Up-to-date: /workspace/build/temporal_mpc_ros2/install/rm_chassis_interface/share/rm_chassis_interface/cmake/rm_chassis_interfaceConfig.cmake\n'}
[1.210712] (rm_chassis_interface) StdoutLine: {'line': b'-- Up-to-date: /workspace/build/temporal_mpc_ros2/install/rm_chassis_interface/share/rm_chassis_interface/cmake/rm_chassis_interfaceConfig-version.cmake\n'}
[1.210758] (rm_chassis_interface) StdoutLine: {'line': b'-- Up-to-date: /workspace/build/temporal_mpc_ros2/install/rm_chassis_interface/share/rm_chassis_interface/package.xml\n'}
[1.210803] (rm_chassis_interface) CommandEnded: {'returncode': 0}
[1.223045] (rm_chassis_interface) JobEnded: {'identifier': 'rm_chassis_interface', 'rc': 0}
[1.224712] (rm_dynamic_obstacle_tracking) JobStarted: {'identifier': 'rm_dynamic_obstacle_tracking'}
[1.301223] (-) TimerEvent: {}
[1.401562] (-) TimerEvent: {}
[1.501800] (-) TimerEvent: {}
[1.602020] (-) TimerEvent: {}
[1.702247] (-) TimerEvent: {}
[1.764587] (rm_dynamic_obstacle_tracking) Command: {'cmd': ['/usr/bin/python3', '-W', 'ignore:setup.py install is deprecated', '-W', 'ignore:easy_install command is deprecated', 'setup.py', 'egg_info', '--egg-base', '../../../../build/temporal_mpc_ros2/build/rm_dynamic_obstacle_tracking', 'build', '--build-base', '/workspace/build/temporal_mpc_ros2/build/rm_dynamic_obstacle_tracking/build', 'install', '--record', '/workspace/build/temporal_mpc_ros2/build/rm_dynamic_obstacle_tracking/install.log', '--single-version-externally-managed', 'install_data'], 'cwd': '/workspace/experiments/temporal_mpc/ros2/rm_dynamic_obstacle_tracking', 'env': {'HOSTNAME': 'e34b9bc3b68c', 'SHLVL': '2', 'LD_LIBRARY_PATH': '/workspace/build/temporal_mpc_ros2/install/rm_competition_interfaces/lib:/opt/ros/humble/opt/rviz_ogre_vendor/lib:/opt/ros/humble/lib/x86_64-linux-gnu:/opt/ros/humble/opt/openvdb_vendor/lib:/opt/ros/humble/lib', 'HOME': '/home/rmnav', 'OLDPWD': '/workspace/rm2027_navigation', 'ROS_PYTHON_VERSION': '3', 'ROS_DISTRO': 'humble', '_': '/usr/bin/colcon', 'ROS_VERSION': '2', 'ROS_LOCALHOST_ONLY': '0', 'PATH': '/opt/ros/humble/bin:/usr/local/sbin:/usr/local/bin:/usr/sbin:/usr/bin:/sbin:/bin', 'LANG': 'C.UTF-8', 'AMENT_PREFIX_PATH': '/workspace/build/temporal_mpc_ros2/install/rm_competition_interfaces:/opt/ros/humble', 'PWD': '/workspace/build/temporal_mpc_ros2/build/rm_dynamic_obstacle_tracking', 'LC_ALL': 'C.UTF-8', 'PYTHONPATH': '/workspace/build/temporal_mpc_ros2/build/rm_dynamic_obstacle_tracking/prefix_override:/usr/lib/python3/dist-packages/colcon_core/task/python/colcon_distutils_commands:/workspace/build/temporal_mpc_ros2/install/rm_dynamic_obstacle_tracking/lib/python3.10/site-packages:/workspace/build/temporal_mpc_ros2/install/rm_competition_interfaces/local/lib/python3.10/dist-packages:/opt/ros/humble/lib/python3.10/site-packages:/opt/ros/humble/local/lib/python3.10/dist-packages', 'COLCON': '1', 'CMAKE_PREFIX_PATH': '/workspace/build/temporal_mpc_ros2/install/rm_competition_interfaces'}, 'shell': False}
[1.802426] (-) TimerEvent: {}
[1.902605] (-) TimerEvent: {}
[1.992606] (rm_dynamic_obstacle_tracking) StdoutLine: {'line': b'running egg_info\n'}
[1.993541] (rm_dynamic_obstacle_tracking) StdoutLine: {'line': b'writing ../../../../build/temporal_mpc_ros2/build/rm_dynamic_obstacle_tracking/rm_dynamic_obstacle_tracking.egg-info/PKG-INFO\n'}
[1.993778] (rm_dynamic_obstacle_tracking) StdoutLine: {'line': b'writing dependency_links to ../../../../build/temporal_mpc_ros2/build/rm_dynamic_obstacle_tracking/rm_dynamic_obstacle_tracking.egg-info/dependency_links.txt\n'}
[1.994011] (rm_dynamic_obstacle_tracking) StdoutLine: {'line': b'writing entry points to ../../../../build/temporal_mpc_ros2/build/rm_dynamic_obstacle_tracking/rm_dynamic_obstacle_tracking.egg-info/entry_points.txt\n'}
[1.994099] (rm_dynamic_obstacle_tracking) StdoutLine: {'line': b'writing requirements to ../../../../build/temporal_mpc_ros2/build/rm_dynamic_obstacle_tracking/rm_dynamic_obstacle_tracking.egg-info/requires.txt\n'}
[1.994177] (rm_dynamic_obstacle_tracking) StdoutLine: {'line': b'writing top-level names to ../../../../build/temporal_mpc_ros2/build/rm_dynamic_obstacle_tracking/rm_dynamic_obstacle_tracking.egg-info/top_level.txt\n'}
[1.995831] (rm_dynamic_obstacle_tracking) StdoutLine: {'line': b"reading manifest file '../../../../build/temporal_mpc_ros2/build/rm_dynamic_obstacle_tracking/rm_dynamic_obstacle_tracking.egg-info/SOURCES.txt'\n"}
[1.996908] (rm_dynamic_obstacle_tracking) StdoutLine: {'line': b"writing manifest file '../../../../build/temporal_mpc_ros2/build/rm_dynamic_obstacle_tracking/rm_dynamic_obstacle_tracking.egg-info/SOURCES.txt'\n"}
[1.997026] (rm_dynamic_obstacle_tracking) StdoutLine: {'line': b'running build\n'}
[1.997109] (rm_dynamic_obstacle_tracking) StdoutLine: {'line': b'running build_py\n'}
[1.997504] (rm_dynamic_obstacle_tracking) StdoutLine: {'line': b'running install\n'}
[1.997973] (rm_dynamic_obstacle_tracking) StdoutLine: {'line': b'running install_lib\n'}
[1.999202] (rm_dynamic_obstacle_tracking) StdoutLine: {'line': b'running install_data\n'}
[1.999384] (rm_dynamic_obstacle_tracking) StdoutLine: {'line': b'running install_egg_info\n'}
[2.001567] (rm_dynamic_obstacle_tracking) StdoutLine: {'line': b"removing '/workspace/build/temporal_mpc_ros2/install/rm_dynamic_obstacle_tracking/lib/python3.10/site-packages/rm_dynamic_obstacle_tracking-0.1.0-py3.10.egg-info' (and everything under it)\n"}
[2.002003] (rm_dynamic_obstacle_tracking) StdoutLine: {'line': b'Copying ../../../../build/temporal_mpc_ros2/build/rm_dynamic_obstacle_tracking/rm_dynamic_obstacle_tracking.egg-info to /workspace/build/temporal_mpc_ros2/install/rm_dynamic_obstacle_tracking/lib/python3.10/site-packages/rm_dynamic_obstacle_tracking-0.1.0-py3.10.egg-info\n'}
[2.002599] (rm_dynamic_obstacle_tracking) StdoutLine: {'line': b'running install_scripts\n'}
[2.002732] (-) TimerEvent: {}
[2.027489] (rm_dynamic_obstacle_tracking) StdoutLine: {'line': b'Installing dynamic_obstacle_tracker_node script to /workspace/build/temporal_mpc_ros2/install/rm_dynamic_obstacle_tracking/lib/rm_dynamic_obstacle_tracking\n'}
[2.027793] (rm_dynamic_obstacle_tracking) StdoutLine: {'line': b"writing list of installed files to '/workspace/build/temporal_mpc_ros2/build/rm_dynamic_obstacle_tracking/install.log'\n"}
[2.052010] (rm_dynamic_obstacle_tracking) CommandEnded: {'returncode': 0}
[2.058807] (rm_dynamic_obstacle_tracking) JobEnded: {'identifier': 'rm_dynamic_obstacle_tracking', 'rc': 0}
[2.059429] (rm_localization_adapters) JobStarted: {'identifier': 'rm_localization_adapters'}
[2.066109] (rm_localization_adapters) JobProgress: {'identifier': 'rm_localization_adapters', 'progress': 'cmake'}
[2.067317] (rm_localization_adapters) JobProgress: {'identifier': 'rm_localization_adapters', 'progress': 'build'}
[2.067375] (rm_localization_adapters) Command: {'cmd': ['/usr/bin/cmake', '--build', '/workspace/build/temporal_mpc_ros2/build/rm_localization_adapters', '--', '-j32', '-l32'], 'cwd': '/workspace/build/temporal_mpc_ros2/build/rm_localization_adapters', 'env': OrderedDict([('HOSTNAME', 'e34b9bc3b68c'), ('SHLVL', '2'), ('LD_LIBRARY_PATH', '/opt/ros/humble/opt/rviz_ogre_vendor/lib:/opt/ros/humble/lib/x86_64-linux-gnu:/opt/ros/humble/opt/openvdb_vendor/lib:/opt/ros/humble/lib'), ('HOME', '/home/rmnav'), ('OLDPWD', '/workspace/rm2027_navigation'), ('ROS_PYTHON_VERSION', '3'), ('ROS_DISTRO', 'humble'), ('_', '/usr/bin/colcon'), ('ROS_VERSION', '2'), ('ROS_LOCALHOST_ONLY', '0'), ('PATH', '/opt/ros/humble/bin:/usr/local/sbin:/usr/local/bin:/usr/sbin:/usr/bin:/sbin:/bin'), ('LANG', 'C.UTF-8'), ('AMENT_PREFIX_PATH', '/workspace/build/temporal_mpc_ros2/install/rm_description:/opt/ros/humble'), ('PWD', '/workspace/build/temporal_mpc_ros2/build/rm_localization_adapters'), ('LC_ALL', 'C.UTF-8'), ('PYTHONPATH', '/opt/ros/humble/lib/python3.10/site-packages:/opt/ros/humble/local/lib/python3.10/dist-packages'), ('COLCON', '1'), ('CMAKE_PREFIX_PATH', '/workspace/build/temporal_mpc_ros2/install/rm_description:/opt/ros/humble')]), 'shell': False}
[2.102862] (-) TimerEvent: {}
[2.149156] (rm_localization_adapters) StdoutLine: {'line': b'[ 11%] Built target gtest_main\n'}
[2.149972] (rm_localization_adapters) StdoutLine: {'line': b'[ 22%] Built target canonical_odometry\n'}
[2.155191] (rm_localization_adapters) StdoutLine: {'line': b'[ 33%] Built target gtest\n'}
[2.155374] (rm_localization_adapters) StdoutLine: {'line': b'[ 44%] Built target map_odom_stub\n'}
[2.156146] (rm_localization_adapters) StdoutLine: {'line': b'[ 55%] Built target gimbal_state_adapter\n'}
[2.159565] (rm_localization_adapters) StdoutLine: {'line': b'[ 66%] Built target imu_frame_adapter\n'}
[2.163684] (rm_localization_adapters) StdoutLine: {'line': b'[ 77%] Built target fake_lio_odom_publisher\n'}
[2.182204] (rm_localization_adapters) StdoutLine: {'line': b'[ 88%] Built target test_canonical_odometry\n'}
[2.191582] (rm_localization_adapters) StdoutLine: {'line': b'[100%] Built target lio_adapter\n'}
[2.203055] (-) TimerEvent: {}
[2.203415] (rm_localization_adapters) CommandEnded: {'returncode': 0}
[2.204204] (rm_localization_adapters) JobProgress: {'identifier': 'rm_localization_adapters', 'progress': 'install'}
[2.204551] (rm_localization_adapters) Command: {'cmd': ['/usr/bin/cmake', '--install', '/workspace/build/temporal_mpc_ros2/build/rm_localization_adapters'], 'cwd': '/workspace/build/temporal_mpc_ros2/build/rm_localization_adapters', 'env': OrderedDict([('HOSTNAME', 'e34b9bc3b68c'), ('SHLVL', '2'), ('LD_LIBRARY_PATH', '/opt/ros/humble/opt/rviz_ogre_vendor/lib:/opt/ros/humble/lib/x86_64-linux-gnu:/opt/ros/humble/opt/openvdb_vendor/lib:/opt/ros/humble/lib'), ('HOME', '/home/rmnav'), ('OLDPWD', '/workspace/rm2027_navigation'), ('ROS_PYTHON_VERSION', '3'), ('ROS_DISTRO', 'humble'), ('_', '/usr/bin/colcon'), ('ROS_VERSION', '2'), ('ROS_LOCALHOST_ONLY', '0'), ('PATH', '/opt/ros/humble/bin:/usr/local/sbin:/usr/local/bin:/usr/sbin:/usr/bin:/sbin:/bin'), ('LANG', 'C.UTF-8'), ('AMENT_PREFIX_PATH', '/workspace/build/temporal_mpc_ros2/install/rm_description:/opt/ros/humble'), ('PWD', '/workspace/build/temporal_mpc_ros2/build/rm_localization_adapters'), ('LC_ALL', 'C.UTF-8'), ('PYTHONPATH', '/opt/ros/humble/lib/python3.10/site-packages:/opt/ros/humble/local/lib/python3.10/dist-packages'), ('COLCON', '1'), ('CMAKE_PREFIX_PATH', '/workspace/build/temporal_mpc_ros2/install/rm_description:/opt/ros/humble')]), 'shell': False}
[2.217170] (rm_localization_adapters) StdoutLine: {'line': b'-- Install configuration: "Release"\n'}
[2.217398] (rm_localization_adapters) StdoutLine: {'line': b'-- Up-to-date: /workspace/build/temporal_mpc_ros2/install/rm_localization_adapters/lib/rm_localization_adapters/libcanonical_odometry.a\n'}
[2.217462] (rm_localization_adapters) StdoutLine: {'line': b'-- Up-to-date: /workspace/build/temporal_mpc_ros2/install/rm_localization_adapters/lib/rm_localization_adapters/map_odom_stub\n'}
[2.217747] (rm_localization_adapters) StdoutLine: {'line': b'-- Up-to-date: /workspace/build/temporal_mpc_ros2/install/rm_localization_adapters/lib/rm_localization_adapters/lio_adapter\n'}
[2.218019] (rm_localization_adapters) StdoutLine: {'line': b'-- Up-to-date: /workspace/build/temporal_mpc_ros2/install/rm_localization_adapters/lib/rm_localization_adapters/gimbal_state_adapter\n'}
[2.218154] (rm_localization_adapters) StdoutLine: {'line': b'-- Up-to-date: /workspace/build/temporal_mpc_ros2/install/rm_localization_adapters/lib/rm_localization_adapters/imu_frame_adapter\n'}
[2.218711] (rm_localization_adapters) StdoutLine: {'line': b'-- Up-to-date: /workspace/build/temporal_mpc_ros2/install/rm_localization_adapters/lib/rm_localization_adapters/fake_lio_odom_publisher\n'}
[2.218768] (rm_localization_adapters) StdoutLine: {'line': b'-- Up-to-date: /workspace/build/temporal_mpc_ros2/install/rm_localization_adapters/include\n'}
[2.218819] (rm_localization_adapters) StdoutLine: {'line': b'-- Up-to-date: /workspace/build/temporal_mpc_ros2/install/rm_localization_adapters/include/rm_localization_adapters\n'}
[2.218866] (rm_localization_adapters) StdoutLine: {'line': b'-- Up-to-date: /workspace/build/temporal_mpc_ros2/install/rm_localization_adapters/include/rm_localization_adapters/canonical_odometry.hpp\n'}
[2.218916] (rm_localization_adapters) StdoutLine: {'line': b'-- Up-to-date: /workspace/build/temporal_mpc_ros2/install/rm_localization_adapters/share/rm_localization_adapters/config\n'}
[2.218961] (rm_localization_adapters) StdoutLine: {'line': b'-- Up-to-date: /workspace/build/temporal_mpc_ros2/install/rm_localization_adapters/share/rm_localization_adapters/config/lio_adapter.yaml\n'}
[2.219007] (rm_localization_adapters) StdoutLine: {'line': b'-- Up-to-date: /workspace/build/temporal_mpc_ros2/install/rm_localization_adapters/share/rm_localization_adapters/config/gimbal_state_adapter.yaml\n'}
[2.219052] (rm_localization_adapters) StdoutLine: {'line': b'-- Up-to-date: /workspace/build/temporal_mpc_ros2/install/rm_localization_adapters/share/rm_localization_adapters/config/imu_frame_adapter.yaml\n'}
[2.219098] (rm_localization_adapters) StdoutLine: {'line': b'-- Up-to-date: /workspace/build/temporal_mpc_ros2/install/rm_localization_adapters/share/rm_localization_adapters/launch\n'}
[2.219142] (rm_localization_adapters) StdoutLine: {'line': b'-- Up-to-date: /workspace/build/temporal_mpc_ros2/install/rm_localization_adapters/share/rm_localization_adapters/launch/lio_dynamic_gimbal_test.launch.py\n'}
[2.219187] (rm_localization_adapters) StdoutLine: {'line': b'-- Up-to-date: /workspace/build/temporal_mpc_ros2/install/rm_localization_adapters/share/rm_localization_adapters/launch/localization_adapters.launch.py\n'}
[2.219464] (rm_localization_adapters) StdoutLine: {'line': b'-- Up-to-date: /workspace/build/temporal_mpc_ros2/install/rm_localization_adapters/share/ament_index/resource_index/package_run_dependencies/rm_localization_adapters\n'}
[2.219516] (rm_localization_adapters) StdoutLine: {'line': b'-- Up-to-date: /workspace/build/temporal_mpc_ros2/install/rm_localization_adapters/share/ament_index/resource_index/parent_prefix_path/rm_localization_adapters\n'}
[2.219568] (rm_localization_adapters) StdoutLine: {'line': b'-- Up-to-date: /workspace/build/temporal_mpc_ros2/install/rm_localization_adapters/share/rm_localization_adapters/environment/ament_prefix_path.sh\n'}
[2.219618] (rm_localization_adapters) StdoutLine: {'line': b'-- Up-to-date: /workspace/build/temporal_mpc_ros2/install/rm_localization_adapters/share/rm_localization_adapters/environment/ament_prefix_path.dsv\n'}
[2.219666] (rm_localization_adapters) StdoutLine: {'line': b'-- Up-to-date: /workspace/build/temporal_mpc_ros2/install/rm_localization_adapters/share/rm_localization_adapters/environment/path.sh\n'}
[2.219712] (rm_localization_adapters) StdoutLine: {'line': b'-- Up-to-date: /workspace/build/temporal_mpc_ros2/install/rm_localization_adapters/share/rm_localization_adapters/environment/path.dsv\n'}
[2.219755] (rm_localization_adapters) StdoutLine: {'line': b'-- Up-to-date: /workspace/build/temporal_mpc_ros2/install/rm_localization_adapters/share/rm_localization_adapters/local_setup.bash\n'}
[2.219797] (rm_localization_adapters) StdoutLine: {'line': b'-- Up-to-date: /workspace/build/temporal_mpc_ros2/install/rm_localization_adapters/share/rm_localization_adapters/local_setup.sh\n'}
[2.219838] (rm_localization_adapters) StdoutLine: {'line': b'-- Up-to-date: /workspace/build/temporal_mpc_ros2/install/rm_localization_adapters/share/rm_localization_adapters/local_setup.zsh\n'}
[2.219880] (rm_localization_adapters) StdoutLine: {'line': b'-- Up-to-date: /workspace/build/temporal_mpc_ros2/install/rm_localization_adapters/share/rm_localization_adapters/local_setup.dsv\n'}
[2.219921] (rm_localization_adapters) StdoutLine: {'line': b'-- Installing: /workspace/build/temporal_mpc_ros2/install/rm_localization_adapters/share/rm_localization_adapters/package.dsv\n'}
[2.219962] (rm_localization_adapters) StdoutLine: {'line': b'-- Up-to-date: /workspace/build/temporal_mpc_ros2/install/rm_localization_adapters/share/ament_index/resource_index/packages/rm_localization_adapters\n'}
[2.220007] (rm_localization_adapters) StdoutLine: {'line': b'-- Up-to-date: /workspace/build/temporal_mpc_ros2/install/rm_localization_adapters/share/rm_localization_adapters/cmake/rm_localization_adaptersConfig.cmake\n'}
[2.220049] (rm_localization_adapters) StdoutLine: {'line': b'-- Up-to-date: /workspace/build/temporal_mpc_ros2/install/rm_localization_adapters/share/rm_localization_adapters/cmake/rm_localization_adaptersConfig-version.cmake\n'}
[2.220089] (rm_localization_adapters) StdoutLine: {'line': b'-- Up-to-date: /workspace/build/temporal_mpc_ros2/install/rm_localization_adapters/share/rm_localization_adapters/package.xml\n'}
[2.221925] (rm_localization_adapters) CommandEnded: {'returncode': 0}
[2.260063] (rm_localization_adapters) JobEnded: {'identifier': 'rm_localization_adapters', 'rc': 0}
[2.260805] (rm_temporal_mpc_controller) JobStarted: {'identifier': 'rm_temporal_mpc_controller'}
[2.273842] (rm_temporal_mpc_controller) JobProgress: {'identifier': 'rm_temporal_mpc_controller', 'progress': 'cmake'}
[2.275052] (rm_temporal_mpc_controller) JobProgress: {'identifier': 'rm_temporal_mpc_controller', 'progress': 'build'}
[2.275693] (rm_temporal_mpc_controller) Command: {'cmd': ['/usr/bin/cmake', '--build', '/workspace/build/temporal_mpc_ros2/build/rm_temporal_mpc_controller', '--', '-j32', '-l32'], 'cwd': '/workspace/build/temporal_mpc_ros2/build/rm_temporal_mpc_controller', 'env': OrderedDict([('HOSTNAME', 'e34b9bc3b68c'), ('SHLVL', '2'), ('LD_LIBRARY_PATH', '/workspace/build/temporal_mpc_ros2/install/rm_temporal_mpc_msgs/lib:/workspace/build/temporal_mpc_ros2/install/rm_competition_interfaces/lib:/opt/ros/humble/opt/rviz_ogre_vendor/lib:/opt/ros/humble/lib/x86_64-linux-gnu:/opt/ros/humble/opt/openvdb_vendor/lib:/opt/ros/humble/lib'), ('HOME', '/home/rmnav'), ('OLDPWD', '/workspace/rm2027_navigation'), ('ROS_PYTHON_VERSION', '3'), ('ROS_DISTRO', 'humble'), ('_', '/usr/bin/colcon'), ('ROS_VERSION', '2'), ('ROS_LOCALHOST_ONLY', '0'), ('PATH', '/opt/ros/humble/bin:/usr/local/sbin:/usr/local/bin:/usr/sbin:/usr/bin:/sbin:/bin'), ('LANG', 'C.UTF-8'), ('AMENT_PREFIX_PATH', '/workspace/build/temporal_mpc_ros2/install/rm_temporal_mpc_msgs:/workspace/build/temporal_mpc_ros2/install/rm_competition_interfaces:/opt/ros/humble'), ('PWD', '/workspace/build/temporal_mpc_ros2/build/rm_temporal_mpc_controller'), ('LC_ALL', 'C.UTF-8'), ('PYTHONPATH', '/workspace/build/temporal_mpc_ros2/install/rm_temporal_mpc_msgs/local/lib/python3.10/dist-packages:/workspace/build/temporal_mpc_ros2/install/rm_competition_interfaces/local/lib/python3.10/dist-packages:/opt/ros/humble/lib/python3.10/site-packages:/opt/ros/humble/local/lib/python3.10/dist-packages'), ('COLCON', '1'), ('CMAKE_PREFIX_PATH', '/workspace/build/temporal_mpc_ros2/install/rm_temporal_mpc_msgs:/workspace/build/temporal_mpc_ros2/install/rm_competition_interfaces:/opt/ros/humble')]), 'shell': False}
[2.303184] (-) TimerEvent: {}
[2.352312] (rm_temporal_mpc_controller) StdoutLine: {'line': b'Consolidate compiler generated dependencies of target temporal_mpc_controller\n'}
[2.382204] (rm_temporal_mpc_controller) StdoutLine: {'line': b'[ 50%] Building CXX object CMakeFiles/temporal_mpc_controller.dir/src/controller.cpp.o\n'}
[2.403329] (-) TimerEvent: {}
[2.503670] (-) TimerEvent: {}
[2.603889] (-) TimerEvent: {}
[2.704189] (-) TimerEvent: {}
[2.804387] (-) TimerEvent: {}
[2.904656] (-) TimerEvent: {}
[3.004880] (-) TimerEvent: {}
[3.105121] (-) TimerEvent: {}
[3.205367] (-) TimerEvent: {}
[3.305623] (-) TimerEvent: {}
[3.405857] (-) TimerEvent: {}
[3.506084] (-) TimerEvent: {}
[3.606319] (-) TimerEvent: {}
[3.706564] (-) TimerEvent: {}
[3.806890] (-) TimerEvent: {}
[3.907132] (-) TimerEvent: {}
[4.007473] (-) TimerEvent: {}
[4.107693] (-) TimerEvent: {}
[4.207888] (-) TimerEvent: {}
[4.308175] (-) TimerEvent: {}
[4.408476] (-) TimerEvent: {}
[4.508693] (-) TimerEvent: {}
[4.608926] (-) TimerEvent: {}
[4.709193] (-) TimerEvent: {}
[4.809407] (-) TimerEvent: {}
[4.909602] (-) TimerEvent: {}
[5.009844] (-) TimerEvent: {}
[5.110068] (-) TimerEvent: {}
[5.210335] (-) TimerEvent: {}
[5.310658] (-) TimerEvent: {}
[5.410898] (-) TimerEvent: {}
[5.511137] (-) TimerEvent: {}
[5.611372] (-) TimerEvent: {}
[5.711634] (-) TimerEvent: {}
[5.811875] (-) TimerEvent: {}
[5.912120] (-) TimerEvent: {}
[6.012358] (-) TimerEvent: {}
[6.112669] (-) TimerEvent: {}
[6.212908] (-) TimerEvent: {}
[6.313142] (-) TimerEvent: {}
[6.413388] (-) TimerEvent: {}
[6.513650] (-) TimerEvent: {}
[6.613893] (-) TimerEvent: {}
[6.714174] (-) TimerEvent: {}
[6.814417] (-) TimerEvent: {}
[6.914671] (-) TimerEvent: {}
[7.014914] (-) TimerEvent: {}
[7.115160] (-) TimerEvent: {}
[7.215423] (-) TimerEvent: {}
[7.315676] (-) TimerEvent: {}
[7.415930] (-) TimerEvent: {}
[7.516181] (-) TimerEvent: {}
[7.616433] (-) TimerEvent: {}
[7.716692] (-) TimerEvent: {}
[7.816879] (-) TimerEvent: {}
[7.917070] (-) TimerEvent: {}
[8.017276] (-) TimerEvent: {}
[8.117460] (-) TimerEvent: {}
[8.217740] (-) TimerEvent: {}
[8.317934] (-) TimerEvent: {}
[8.418132] (-) TimerEvent: {}
[8.518410] (-) TimerEvent: {}
[8.618598] (-) TimerEvent: {}
[8.718789] (-) TimerEvent: {}
[8.818990] (-) TimerEvent: {}
[8.919172] (-) TimerEvent: {}
[9.019358] (-) TimerEvent: {}
[9.119546] (-) TimerEvent: {}
[9.219836] (-) TimerEvent: {}
[9.320026] (-) TimerEvent: {}
[9.420235] (-) TimerEvent: {}
[9.520448] (-) TimerEvent: {}
[9.620656] (-) TimerEvent: {}
[9.720838] (-) TimerEvent: {}
[9.821058] (-) TimerEvent: {}
[9.921320] (-) TimerEvent: {}
[10.021563] (-) TimerEvent: {}
[10.121819] (-) TimerEvent: {}
[10.222064] (-) TimerEvent: {}
[10.322381] (-) TimerEvent: {}
[10.422700] (-) TimerEvent: {}
[10.522936] (-) TimerEvent: {}
[10.623190] (-) TimerEvent: {}
[10.723446] (-) TimerEvent: {}
[10.823692] (-) TimerEvent: {}
[10.923935] (-) TimerEvent: {}
[11.024179] (-) TimerEvent: {}
[11.124425] (-) TimerEvent: {}
[11.224763] (-) TimerEvent: {}
[11.325002] (-) TimerEvent: {}
[11.425239] (-) TimerEvent: {}
[11.525482] (-) TimerEvent: {}
[11.625713] (-) TimerEvent: {}
[11.725956] (-) TimerEvent: {}
[11.826203] (-) TimerEvent: {}
[11.926454] (-) TimerEvent: {}
[12.026713] (-) TimerEvent: {}
[12.126961] (-) TimerEvent: {}
[12.227198] (-) TimerEvent: {}
[12.327444] (-) TimerEvent: {}
[12.427701] (-) TimerEvent: {}
[12.527942] (-) TimerEvent: {}
[12.628178] (-) TimerEvent: {}
[12.728457] (-) TimerEvent: {}
[12.828732] (-) TimerEvent: {}
[12.928966] (-) TimerEvent: {}
[13.029281] (-) TimerEvent: {}
[13.129527] (-) TimerEvent: {}
[13.229781] (-) TimerEvent: {}
[13.330025] (-) TimerEvent: {}
[13.430260] (-) TimerEvent: {}
[13.530564] (-) TimerEvent: {}
[13.630823] (-) TimerEvent: {}
[13.731076] (-) TimerEvent: {}
[13.831323] (-) TimerEvent: {}
[13.931677] (-) TimerEvent: {}
[14.031920] (-) TimerEvent: {}
[14.132167] (-) TimerEvent: {}
[14.232411] (-) TimerEvent: {}
[14.332683] (-) TimerEvent: {}
[14.432973] (-) TimerEvent: {}
[14.533219] (-) TimerEvent: {}
[14.633477] (-) TimerEvent: {}
[14.733704] (-) TimerEvent: {}
[14.833946] (-) TimerEvent: {}
[14.934181] (-) TimerEvent: {}
[15.034422] (-) TimerEvent: {}
[15.134741] (-) TimerEvent: {}
[15.234981] (-) TimerEvent: {}
[15.335215] (-) TimerEvent: {}
[15.435469] (-) TimerEvent: {}
[15.535709] (-) TimerEvent: {}
[15.635951] (-) TimerEvent: {}
[15.736203] (-) TimerEvent: {}
[15.836501] (-) TimerEvent: {}
[15.936710] (-) TimerEvent: {}
[16.036953] (-) TimerEvent: {}
[16.137178] (-) TimerEvent: {}
[16.237464] (-) TimerEvent: {}
[16.337706] (-) TimerEvent: {}
[16.437907] (-) TimerEvent: {}
[16.538146] (-) TimerEvent: {}
[16.638373] (-) TimerEvent: {}
[16.738661] (-) TimerEvent: {}
[16.838944] (-) TimerEvent: {}
[16.939173] (-) TimerEvent: {}
[17.039439] (-) TimerEvent: {}
[17.139699] (-) TimerEvent: {}
[17.239919] (-) TimerEvent: {}
[17.340179] (-) TimerEvent: {}
[17.440417] (-) TimerEvent: {}
[17.540759] (-) TimerEvent: {}
[17.641007] (-) TimerEvent: {}
[17.741322] (-) TimerEvent: {}
[17.841688] (-) TimerEvent: {}
[17.941930] (-) TimerEvent: {}
[18.042227] (-) TimerEvent: {}
[18.142456] (-) TimerEvent: {}
[18.242787] (-) TimerEvent: {}
[18.343020] (-) TimerEvent: {}
[18.443257] (-) TimerEvent: {}
[18.543529] (-) TimerEvent: {}
[18.643755] (-) TimerEvent: {}
[18.744042] (-) TimerEvent: {}
[18.844379] (-) TimerEvent: {}
[18.944636] (-) TimerEvent: {}
[19.044870] (-) TimerEvent: {}
[19.145099] (-) TimerEvent: {}
[19.245342] (-) TimerEvent: {}
[19.345570] (-) TimerEvent: {}
[19.445812] (-) TimerEvent: {}
[19.546055] (-) TimerEvent: {}
[19.646302] (-) TimerEvent: {}
[19.746665] (-) TimerEvent: {}
[19.846953] (-) TimerEvent: {}
[19.947191] (-) TimerEvent: {}
[20.047540] (-) TimerEvent: {}
[20.147844] (-) TimerEvent: {}
[20.248098] (-) TimerEvent: {}
[20.348344] (-) TimerEvent: {}
[20.448575] (-) TimerEvent: {}
[20.548881] (-) TimerEvent: {}
[20.649112] (-) TimerEvent: {}
[20.749406] (-) TimerEvent: {}
[20.849745] (-) TimerEvent: {}
[20.949984] (-) TimerEvent: {}
[21.050231] (-) TimerEvent: {}
[21.150529] (-) TimerEvent: {}
[21.250773] (-) TimerEvent: {}
[21.351009] (-) TimerEvent: {}
[21.451380] (-) TimerEvent: {}
[21.552633] (-) TimerEvent: {}
[21.652841] (-) TimerEvent: {}
[21.753030] (-) TimerEvent: {}
[21.853220] (-) TimerEvent: {}
[21.953431] (-) TimerEvent: {}
[22.053627] (-) TimerEvent: {}
[22.153905] (-) TimerEvent: {}
[22.254095] (-) TimerEvent: {}
[22.354300] (-) TimerEvent: {}
[22.454486] (-) TimerEvent: {}
[22.554673] (-) TimerEvent: {}
[22.654956] (-) TimerEvent: {}
[22.755232] (-) TimerEvent: {}
[22.855421] (-) TimerEvent: {}
[22.955624] (-) TimerEvent: {}
[23.055797] (-) TimerEvent: {}
[23.155974] (-) TimerEvent: {}
[23.256251] (-) TimerEvent: {}
[23.356446] (-) TimerEvent: {}
[23.456634] (-) TimerEvent: {}
[23.556926] (-) TimerEvent: {}
[23.657140] (-) TimerEvent: {}
[23.757409] (-) TimerEvent: {}
[23.857603] (-) TimerEvent: {}
[23.957810] (-) TimerEvent: {}
[24.058012] (-) TimerEvent: {}
[24.158207] (-) TimerEvent: {}
[24.258389] (-) TimerEvent: {}
[24.358582] (-) TimerEvent: {}
[24.458783] (-) TimerEvent: {}
[24.558974] (-) TimerEvent: {}
[24.659189] (-) TimerEvent: {}
[24.759478] (-) TimerEvent: {}
[24.859700] (-) TimerEvent: {}
[24.959905] (-) TimerEvent: {}
[25.060099] (-) TimerEvent: {}
[25.160303] (-) TimerEvent: {}
[25.260503] (-) TimerEvent: {}
[25.360775] (-) TimerEvent: {}
[25.460964] (-) TimerEvent: {}
[25.561153] (-) TimerEvent: {}
[25.661365] (-) TimerEvent: {}
[25.761629] (-) TimerEvent: {}
[25.861873] (-) TimerEvent: {}
[25.962084] (-) TimerEvent: {}
[26.062359] (-) TimerEvent: {}
[26.162584] (-) TimerEvent: {}
[26.262792] (-) TimerEvent: {}
[26.362994] (-) TimerEvent: {}
[26.463192] (-) TimerEvent: {}
[26.563385] (-) TimerEvent: {}
[26.663703] (-) TimerEvent: {}
[26.763885] (-) TimerEvent: {}
[26.864067] (-) TimerEvent: {}
[26.964271] (-) TimerEvent: {}
[27.064549] (-) TimerEvent: {}
[27.164744] (-) TimerEvent: {}
[27.264982] (-) TimerEvent: {}
[27.365198] (-) TimerEvent: {}
[27.465400] (-) TimerEvent: {}
[27.565693] (-) TimerEvent: {}
[27.665885] (-) TimerEvent: {}
[27.766096] (-) TimerEvent: {}
[27.866344] (-) TimerEvent: {}
[27.966590] (-) TimerEvent: {}
[28.066853] (-) TimerEvent: {}
[28.167115] (-) TimerEvent: {}
[28.267357] (-) TimerEvent: {}
[28.367596] (-) TimerEvent: {}
[28.467841] (-) TimerEvent: {}
[28.568072] (-) TimerEvent: {}
[28.668312] (-) TimerEvent: {}
[28.768679] (-) TimerEvent: {}
[28.868915] (-) TimerEvent: {}
[28.969155] (-) TimerEvent: {}
[29.069396] (-) TimerEvent: {}
[29.169647] (-) TimerEvent: {}
[29.269879] (-) TimerEvent: {}
[29.370108] (-) TimerEvent: {}
[29.470348] (-) TimerEvent: {}
[29.570590] (-) TimerEvent: {}
[29.670838] (-) TimerEvent: {}
[29.771086] (-) TimerEvent: {}
[29.871382] (-) TimerEvent: {}
[29.971708] (-) TimerEvent: {}
[30.071949] (-) TimerEvent: {}
[30.172233] (-) TimerEvent: {}
[30.272574] (-) TimerEvent: {}
[30.372888] (-) TimerEvent: {}
[30.473108] (-) TimerEvent: {}
[30.573326] (-) TimerEvent: {}
[30.673571] (-) TimerEvent: {}
[30.773772] (-) TimerEvent: {}
[30.873970] (-) TimerEvent: {}
[30.974177] (-) TimerEvent: {}
[31.074361] (-) TimerEvent: {}
[31.174566] (-) TimerEvent: {}
[31.274836] (-) TimerEvent: {}
[31.375079] (-) TimerEvent: {}
[31.475328] (-) TimerEvent: {}
[31.575604] (-) TimerEvent: {}
[31.675860] (-) TimerEvent: {}
[31.776105] (-) TimerEvent: {}
[31.876352] (-) TimerEvent: {}
[31.976646] (-) TimerEvent: {}
[32.076887] (-) TimerEvent: {}
[32.177129] (-) TimerEvent: {}
[32.277374] (-) TimerEvent: {}
[32.377627] (-) TimerEvent: {}
[32.477868] (-) TimerEvent: {}
[32.557898] (rm_temporal_mpc_controller) StdoutLine: {'line': b'[100%] Linking CXX shared library libtemporal_mpc_controller.so\n'}
[32.577992] (-) TimerEvent: {}
[32.678240] (-) TimerEvent: {}
[32.778479] (-) TimerEvent: {}
[32.878702] (-) TimerEvent: {}
[32.978947] (-) TimerEvent: {}
[33.079220] (-) TimerEvent: {}
[33.179463] (-) TimerEvent: {}
[33.191527] (rm_temporal_mpc_controller) StdoutLine: {'line': b'[100%] Built target temporal_mpc_controller\n'}
[33.230750] (rm_temporal_mpc_controller) CommandEnded: {'returncode': 0}
[33.231874] (rm_temporal_mpc_controller) JobProgress: {'identifier': 'rm_temporal_mpc_controller', 'progress': 'install'}
[33.233362] (rm_temporal_mpc_controller) Command: {'cmd': ['/usr/bin/cmake', '--install', '/workspace/build/temporal_mpc_ros2/build/rm_temporal_mpc_controller'], 'cwd': '/workspace/build/temporal_mpc_ros2/build/rm_temporal_mpc_controller', 'env': OrderedDict([('HOSTNAME', 'e34b9bc3b68c'), ('SHLVL', '2'), ('LD_LIBRARY_PATH', '/workspace/build/temporal_mpc_ros2/install/rm_temporal_mpc_msgs/lib:/workspace/build/temporal_mpc_ros2/install/rm_competition_interfaces/lib:/opt/ros/humble/opt/rviz_ogre_vendor/lib:/opt/ros/humble/lib/x86_64-linux-gnu:/opt/ros/humble/opt/openvdb_vendor/lib:/opt/ros/humble/lib'), ('HOME', '/home/rmnav'), ('OLDPWD', '/workspace/rm2027_navigation'), ('ROS_PYTHON_VERSION', '3'), ('ROS_DISTRO', 'humble'), ('_', '/usr/bin/colcon'), ('ROS_VERSION', '2'), ('ROS_LOCALHOST_ONLY', '0'), ('PATH', '/opt/ros/humble/bin:/usr/local/sbin:/usr/local/bin:/usr/sbin:/usr/bin:/sbin:/bin'), ('LANG', 'C.UTF-8'), ('AMENT_PREFIX_PATH', '/workspace/build/temporal_mpc_ros2/install/rm_temporal_mpc_msgs:/workspace/build/temporal_mpc_ros2/install/rm_competition_interfaces:/opt/ros/humble'), ('PWD', '/workspace/build/temporal_mpc_ros2/build/rm_temporal_mpc_controller'), ('LC_ALL', 'C.UTF-8'), ('PYTHONPATH', '/workspace/build/temporal_mpc_ros2/install/rm_temporal_mpc_msgs/local/lib/python3.10/dist-packages:/workspace/build/temporal_mpc_ros2/install/rm_competition_interfaces/local/lib/python3.10/dist-packages:/opt/ros/humble/lib/python3.10/site-packages:/opt/ros/humble/local/lib/python3.10/dist-packages'), ('COLCON', '1'), ('CMAKE_PREFIX_PATH', '/workspace/build/temporal_mpc_ros2/install/rm_temporal_mpc_msgs:/workspace/build/temporal_mpc_ros2/install/rm_competition_interfaces:/opt/ros/humble')]), 'shell': False}
[33.247552] (rm_temporal_mpc_controller) StdoutLine: {'line': b'-- Install configuration: "Release"\n'}
[33.247824] (rm_temporal_mpc_controller) StdoutLine: {'line': b'-- Up-to-date: /workspace/build/temporal_mpc_ros2/install/rm_temporal_mpc_controller/share/rm_temporal_mpc_controller/plugins.xml\n'}
[33.248080] (rm_temporal_mpc_controller) StdoutLine: {'line': b'-- Installing: /workspace/build/temporal_mpc_ros2/install/rm_temporal_mpc_controller/lib/libtemporal_mpc_controller.so\n'}
[33.255266] (rm_temporal_mpc_controller) StdoutLine: {'line': b'-- Set runtime path of "/workspace/build/temporal_mpc_ros2/install/rm_temporal_mpc_controller/lib/libtemporal_mpc_controller.so" to ""\n'}
[33.256140] (rm_temporal_mpc_controller) StdoutLine: {'line': b'-- Up-to-date: /workspace/build/temporal_mpc_ros2/install/rm_temporal_mpc_controller/share/ament_index/resource_index/package_run_dependencies/rm_temporal_mpc_controller\n'}
[33.256306] (rm_temporal_mpc_controller) StdoutLine: {'line': b'-- Up-to-date: /workspace/build/temporal_mpc_ros2/install/rm_temporal_mpc_controller/share/ament_index/resource_index/parent_prefix_path/rm_temporal_mpc_controller\n'}
[33.256625] (rm_temporal_mpc_controller) StdoutLine: {'line': b'-- Up-to-date: /workspace/build/temporal_mpc_ros2/install/rm_temporal_mpc_controller/share/rm_temporal_mpc_controller/environment/ament_prefix_path.sh\n'}
[33.256959] (rm_temporal_mpc_controller) StdoutLine: {'line': b'-- Up-to-date: /workspace/build/temporal_mpc_ros2/install/rm_temporal_mpc_controller/share/rm_temporal_mpc_controller/environment/ament_prefix_path.dsv\n'}
[33.257084] (rm_temporal_mpc_controller) StdoutLine: {'line': b'-- Up-to-date: /workspace/build/temporal_mpc_ros2/install/rm_temporal_mpc_controller/share/rm_temporal_mpc_controller/environment/path.sh\n'}
[33.257203] (rm_temporal_mpc_controller) StdoutLine: {'line': b'-- Up-to-date: /workspace/build/temporal_mpc_ros2/install/rm_temporal_mpc_controller/share/rm_temporal_mpc_controller/environment/path.dsv\n'}
[33.257320] (rm_temporal_mpc_controller) StdoutLine: {'line': b'-- Up-to-date: /workspace/build/temporal_mpc_ros2/install/rm_temporal_mpc_controller/share/rm_temporal_mpc_controller/local_setup.bash\n'}
[33.257435] (rm_temporal_mpc_controller) StdoutLine: {'line': b'-- Up-to-date: /workspace/build/temporal_mpc_ros2/install/rm_temporal_mpc_controller/share/rm_temporal_mpc_controller/local_setup.sh\n'}
[33.257549] (rm_temporal_mpc_controller) StdoutLine: {'line': b'-- Up-to-date: /workspace/build/temporal_mpc_ros2/install/rm_temporal_mpc_controller/share/rm_temporal_mpc_controller/local_setup.zsh\n'}
[33.257679] (rm_temporal_mpc_controller) StdoutLine: {'line': b'-- Up-to-date: /workspace/build/temporal_mpc_ros2/install/rm_temporal_mpc_controller/share/rm_temporal_mpc_controller/local_setup.dsv\n'}
[33.257799] (rm_temporal_mpc_controller) StdoutLine: {'line': b'-- Installing: /workspace/build/temporal_mpc_ros2/install/rm_temporal_mpc_controller/share/rm_temporal_mpc_controller/package.dsv\n'}
[33.257917] (rm_temporal_mpc_controller) StdoutLine: {'line': b'-- Up-to-date: /workspace/build/temporal_mpc_ros2/install/rm_temporal_mpc_controller/share/ament_index/resource_index/packages/rm_temporal_mpc_controller\n'}
[33.258063] (rm_temporal_mpc_controller) StdoutLine: {'line': b'-- Up-to-date: /workspace/build/temporal_mpc_ros2/install/rm_temporal_mpc_controller/share/ament_index/resource_index/nav2_core__pluginlib__plugin/rm_temporal_mpc_controller\n'}
[33.258182] (rm_temporal_mpc_controller) StdoutLine: {'line': b'-- Up-to-date: /workspace/build/temporal_mpc_ros2/install/rm_temporal_mpc_controller/share/rm_temporal_mpc_controller/cmake/rm_temporal_mpc_controllerConfig.cmake\n'}
[33.258308] (rm_temporal_mpc_controller) StdoutLine: {'line': b'-- Up-to-date: /workspace/build/temporal_mpc_ros2/install/rm_temporal_mpc_controller/share/rm_temporal_mpc_controller/cmake/rm_temporal_mpc_controllerConfig-version.cmake\n'}
[33.258420] (rm_temporal_mpc_controller) StdoutLine: {'line': b'-- Up-to-date: /workspace/build/temporal_mpc_ros2/install/rm_temporal_mpc_controller/share/rm_temporal_mpc_controller/package.xml\n'}
[33.259458] (rm_temporal_mpc_controller) CommandEnded: {'returncode': 0}
[33.280279] (-) TimerEvent: {}
[33.301860] (rm_temporal_mpc_controller) JobEnded: {'identifier': 'rm_temporal_mpc_controller', 'rc': 0}
[33.304360] (rm_simulation) JobStarted: {'identifier': 'rm_simulation'}
[33.321222] (rm_simulation) JobProgress: {'identifier': 'rm_simulation', 'progress': 'cmake'}
[33.322303] (rm_simulation) JobProgress: {'identifier': 'rm_simulation', 'progress': 'build'}
[33.322812] (rm_simulation) Command: {'cmd': ['/usr/bin/cmake', '--build', '/workspace/build/temporal_mpc_ros2/build/rm_simulation', '--', '-j32', '-l32'], 'cwd': '/workspace/build/temporal_mpc_ros2/build/rm_simulation', 'env': OrderedDict([('HOSTNAME', 'e34b9bc3b68c'), ('SHLVL', '2'), ('LD_LIBRARY_PATH', '/workspace/build/temporal_mpc_ros2/install/rm_competition_interfaces/lib:/opt/ros/humble/opt/rviz_ogre_vendor/lib:/opt/ros/humble/lib/x86_64-linux-gnu:/opt/ros/humble/opt/openvdb_vendor/lib:/opt/ros/humble/lib'), ('HOME', '/home/rmnav'), ('OLDPWD', '/workspace/rm2027_navigation'), ('ROS_PYTHON_VERSION', '3'), ('ROS_DISTRO', 'humble'), ('_', '/usr/bin/colcon'), ('ROS_VERSION', '2'), ('ROS_LOCALHOST_ONLY', '0'), ('PATH', '/opt/ros/humble/bin:/usr/local/sbin:/usr/local/bin:/usr/sbin:/usr/bin:/sbin:/bin'), ('LANG', 'C.UTF-8'), ('AMENT_PREFIX_PATH', '/workspace/build/temporal_mpc_ros2/install/rm_localization_adapters:/workspace/build/temporal_mpc_ros2/install/rm_chassis_interface:/workspace/build/temporal_mpc_ros2/install/rm_description:/workspace/build/temporal_mpc_ros2/install/rm_competition_interfaces:/opt/ros/humble'), ('PWD', '/workspace/build/temporal_mpc_ros2/build/rm_simulation'), ('LC_ALL', 'C.UTF-8'), ('PYTHONPATH', '/workspace/build/temporal_mpc_ros2/install/rm_competition_interfaces/local/lib/python3.10/dist-packages:/opt/ros/humble/lib/python3.10/site-packages:/opt/ros/humble/local/lib/python3.10/dist-packages'), ('COLCON', '1'), ('CMAKE_PREFIX_PATH', '/workspace/build/temporal_mpc_ros2/install/rm_localization_adapters:/workspace/build/temporal_mpc_ros2/install/rm_chassis_interface:/workspace/build/temporal_mpc_ros2/install/rm_description:/workspace/build/temporal_mpc_ros2/install/rm_competition_interfaces:/opt/ros/humble')]), 'shell': False}
[33.380437] (-) TimerEvent: {}
[33.418072] (rm_simulation) StdoutLine: {'line': b'[ 33%] Built target moving_obstacle_controller\n'}
[33.422427] (rm_simulation) StdoutLine: {'line': b'[ 66%] Built target fake_pointcloud_obstacle_publisher\n'}
[33.424037] (rm_simulation) StdoutLine: {'line': b'[100%] Built target scan_frame_adapter\n'}
[33.440008] (rm_simulation) CommandEnded: {'returncode': 0}
[33.441079] (rm_simulation) JobProgress: {'identifier': 'rm_simulation', 'progress': 'install'}
[33.441547] (rm_simulation) Command: {'cmd': ['/usr/bin/cmake', '--install', '/workspace/build/temporal_mpc_ros2/build/rm_simulation'], 'cwd': '/workspace/build/temporal_mpc_ros2/build/rm_simulation', 'env': OrderedDict([('HOSTNAME', 'e34b9bc3b68c'), ('SHLVL', '2'), ('LD_LIBRARY_PATH', '/workspace/build/temporal_mpc_ros2/install/rm_competition_interfaces/lib:/opt/ros/humble/opt/rviz_ogre_vendor/lib:/opt/ros/humble/lib/x86_64-linux-gnu:/opt/ros/humble/opt/openvdb_vendor/lib:/opt/ros/humble/lib'), ('HOME', '/home/rmnav'), ('OLDPWD', '/workspace/rm2027_navigation'), ('ROS_PYTHON_VERSION', '3'), ('ROS_DISTRO', 'humble'), ('_', '/usr/bin/colcon'), ('ROS_VERSION', '2'), ('ROS_LOCALHOST_ONLY', '0'), ('PATH', '/opt/ros/humble/bin:/usr/local/sbin:/usr/local/bin:/usr/sbin:/usr/bin:/sbin:/bin'), ('LANG', 'C.UTF-8'), ('AMENT_PREFIX_PATH', '/workspace/build/temporal_mpc_ros2/install/rm_localization_adapters:/workspace/build/temporal_mpc_ros2/install/rm_chassis_interface:/workspace/build/temporal_mpc_ros2/install/rm_description:/workspace/build/temporal_mpc_ros2/install/rm_competition_interfaces:/opt/ros/humble'), ('PWD', '/workspace/build/temporal_mpc_ros2/build/rm_simulation'), ('LC_ALL', 'C.UTF-8'), ('PYTHONPATH', '/workspace/build/temporal_mpc_ros2/install/rm_competition_interfaces/local/lib/python3.10/dist-packages:/opt/ros/humble/lib/python3.10/site-packages:/opt/ros/humble/local/lib/python3.10/dist-packages'), ('COLCON', '1'), ('CMAKE_PREFIX_PATH', '/workspace/build/temporal_mpc_ros2/install/rm_localization_adapters:/workspace/build/temporal_mpc_ros2/install/rm_chassis_interface:/workspace/build/temporal_mpc_ros2/install/rm_description:/workspace/build/temporal_mpc_ros2/install/rm_competition_interfaces:/opt/ros/humble')]), 'shell': False}
[33.455986] (rm_simulation) StdoutLine: {'line': b'-- Install configuration: "Release"\n'}
[33.456469] (rm_simulation) StdoutLine: {'line': b'-- Up-to-date: /workspace/build/temporal_mpc_ros2/install/rm_simulation/lib/rm_simulation/fake_pointcloud_obstacle_publisher\n'}
[33.456806] (rm_simulation) StdoutLine: {'line': b'-- Up-to-date: /workspace/build/temporal_mpc_ros2/install/rm_simulation/lib/rm_simulation/scan_frame_adapter\n'}
[33.458122] (rm_simulation) StdoutLine: {'line': b'-- Up-to-date: /workspace/build/temporal_mpc_ros2/install/rm_simulation/lib/rm_simulation/moving_obstacle_controller\n'}
[33.458281] (rm_simulation) StdoutLine: {'line': b'-- Up-to-date: /workspace/build/temporal_mpc_ros2/install/rm_simulation/share/rm_simulation/config\n'}
[33.458411] (rm_simulation) StdoutLine: {'line': b'-- Up-to-date: /workspace/build/temporal_mpc_ros2/install/rm_simulation/share/rm_simulation/config/ros_gz_bridge.yaml\n'}
[33.458532] (rm_simulation) StdoutLine: {'line': b'-- Up-to-date: /workspace/build/temporal_mpc_ros2/install/rm_simulation/share/rm_simulation/config/course_dynamic_bridge.yaml\n'}
[33.458846] (rm_simulation) StdoutLine: {'line': b'-- Up-to-date: /workspace/build/temporal_mpc_ros2/install/rm_simulation/share/rm_simulation/launch\n'}
[33.458969] (rm_simulation) StdoutLine: {'line': b'-- Up-to-date: /workspace/build/temporal_mpc_ros2/install/rm_simulation/share/rm_simulation/launch/phase1_5_mppi_course.launch.py\n'}
[33.459095] (rm_simulation) StdoutLine: {'line': b'-- Up-to-date: /workspace/build/temporal_mpc_ros2/install/rm_simulation/share/rm_simulation/launch/phase1_5_mppi.launch.py\n'}
[33.459209] (rm_simulation) StdoutLine: {'line': b'-- Up-to-date: /workspace/build/temporal_mpc_ros2/install/rm_simulation/share/rm_simulation/launch/phase1_5_gazebo.launch.py\n'}
[33.459318] (rm_simulation) StdoutLine: {'line': b'-- Up-to-date: /workspace/build/temporal_mpc_ros2/install/rm_simulation/share/rm_simulation/launch/phase2g_pointcloud_obstacle.launch.py\n'}
[33.459426] (rm_simulation) StdoutLine: {'line': b'-- Up-to-date: /workspace/build/temporal_mpc_ros2/install/rm_simulation/share/rm_simulation/models\n'}
[33.459648] (rm_simulation) StdoutLine: {'line': b'-- Up-to-date: /workspace/build/temporal_mpc_ros2/install/rm_simulation/share/rm_simulation/models/moving_obstacle.sdf\n'}
[33.459779] (rm_simulation) StdoutLine: {'line': b'-- Up-to-date: /workspace/build/temporal_mpc_ros2/install/rm_simulation/share/rm_simulation/models/course_wall.sdf\n'}
[33.459914] (rm_simulation) StdoutLine: {'line': b'-- Up-to-date: /workspace/build/temporal_mpc_ros2/install/rm_simulation/share/rm_simulation/worlds\n'}
[33.460280] (rm_simulation) StdoutLine: {'line': b'-- Up-to-date: /workspace/build/temporal_mpc_ros2/install/rm_simulation/share/rm_simulation/worlds/phase1_omni.sdf\n'}
[33.460398] (rm_simulation) StdoutLine: {'line': b'-- Up-to-date: /workspace/build/temporal_mpc_ros2/install/rm_simulation/share/ament_index/resource_index/package_run_dependencies/rm_simulation\n'}
[33.460514] (rm_simulation) StdoutLine: {'line': b'-- Up-to-date: /workspace/build/temporal_mpc_ros2/install/rm_simulation/share/ament_index/resource_index/parent_prefix_path/rm_simulation\n'}
[33.460801] (rm_simulation) StdoutLine: {'line': b'-- Up-to-date: /workspace/build/temporal_mpc_ros2/install/rm_simulation/share/rm_simulation/environment/ament_prefix_path.sh\n'}
[33.460923] (rm_simulation) StdoutLine: {'line': b'-- Up-to-date: /workspace/build/temporal_mpc_ros2/install/rm_simulation/share/rm_simulation/environment/ament_prefix_path.dsv\n'}
[33.461038] (rm_simulation) StdoutLine: {'line': b'-- Up-to-date: /workspace/build/temporal_mpc_ros2/install/rm_simulation/share/rm_simulation/environment/path.sh\n'}
[33.461154] (rm_simulation) StdoutLine: {'line': b'-- Up-to-date: /workspace/build/temporal_mpc_ros2/install/rm_simulation/share/rm_simulation/environment/path.dsv\n'}
[33.461269] (rm_simulation) StdoutLine: {'line': b'-- Up-to-date: /workspace/build/temporal_mpc_ros2/install/rm_simulation/share/rm_simulation/local_setup.bash\n'}
[33.461385] (rm_simulation) StdoutLine: {'line': b'-- Up-to-date: /workspace/build/temporal_mpc_ros2/install/rm_simulation/share/rm_simulation/local_setup.sh\n'}
[33.461500] (rm_simulation) StdoutLine: {'line': b'-- Up-to-date: /workspace/build/temporal_mpc_ros2/install/rm_simulation/share/rm_simulation/local_setup.zsh\n'}
[33.461623] (rm_simulation) StdoutLine: {'line': b'-- Up-to-date: /workspace/build/temporal_mpc_ros2/install/rm_simulation/share/rm_simulation/local_setup.dsv\n'}
[33.461771] (rm_simulation) StdoutLine: {'line': b'-- Installing: /workspace/build/temporal_mpc_ros2/install/rm_simulation/share/rm_simulation/package.dsv\n'}
[33.461894] (rm_simulation) StdoutLine: {'line': b'-- Up-to-date: /workspace/build/temporal_mpc_ros2/install/rm_simulation/share/ament_index/resource_index/packages/rm_simulation\n'}
[33.462008] (rm_simulation) StdoutLine: {'line': b'-- Up-to-date: /workspace/build/temporal_mpc_ros2/install/rm_simulation/share/rm_simulation/cmake/rm_simulationConfig.cmake\n'}
[33.462127] (rm_simulation) StdoutLine: {'line': b'-- Up-to-date: /workspace/build/temporal_mpc_ros2/install/rm_simulation/share/rm_simulation/cmake/rm_simulationConfig-version.cmake\n'}
[33.462242] (rm_simulation) StdoutLine: {'line': b'-- Up-to-date: /workspace/build/temporal_mpc_ros2/install/rm_simulation/share/rm_simulation/package.xml\n'}
[33.462851] (rm_simulation) CommandEnded: {'returncode': 0}
[33.480572] (-) TimerEvent: {}
[33.499937] (rm_simulation) JobEnded: {'identifier': 'rm_simulation', 'rc': 0}
[33.500589] (-) EventReactorShutdown: {}
