topic,bag_record_ns,vx,vy,wz,recorder_clock_before_ns,recorder_clock_after_ns
/cmd_vel_nav,1791186563168252405,0.037860095500946045,0.00414420198649168,0.03399660810828209,1001000000,1002000000
/cmd_vel_nav,1791186563267296954,0.07945870608091354,0.001709161326289177,0.04750750586390495,1100000000,1101000000
/cmd_vel_nav,1791186563366765231,0.12495037913322449,0.006108535453677177,0.07741960883140564,1200000000,1201000000
/cmd_vel,1791186563391832541,0.05,0.006108535453677177,0.07741960883140564,1225000000,1226000000
/simulation/chassis/cmd_vel,1791186563391901247,0.05,0.006108535453677177,0.07741960883140564,1225000000,1226000000
/cmd_vel,1791186563441790427,0.1,0.006108535453677177,0.07741960883140564,1275000000,1276000000
/simulation/chassis/cmd_vel,1791186563441900392,0.1,0.006108535453677177,0.07741960883140564,1275000000,1276000000
/cmd_vel_nav,1791186563466790369,0.19495630264282227,-0.004890445154160261,0.07034194469451904,1300000000,1301000000
/cmd_vel,1791186563491783877,0.15000000000000002,-0.004890445154160261,0.07034194469451904,1325000000,1326000000
/simulation/chassis/cmd_vel,1791186563491924760,0.15000000000000002,-0.004890445154160261,0.07034194469451904,1325000000,1326000000
/cmd_vel,1791186563541771420,0.19495630264282227,-0.004890445154160261,0.07034194469451904,1375000000,1376000000
/simulation/chassis/cmd_vel,1791186563541898986,0.19495630264282227,-0.004890445154160261,0.07034194469451904,1375000000,1376000000
/cmd_vel_nav,1791186563566784794,0.26384496688842773,-0.007051156368106604,0.0730287954211235,1400000000,1401000000
/cmd_vel,1791186563591800648,0.24495630264282225,-0.007051156368106604,0.0730287954211235,1425000000,1426000000
/simulation/chassis/cmd_vel,1791186563591880623,0.24495630264282225,-0.007051156368106604,0.0730287954211235,1425000000,1426000000
/cmd_vel,1791186563641742049,0.26384496688842773,-0.007051156368106604,0.0730287954211235,1475000000,1476000000
/simulation/chassis/cmd_vel,1791186563641885556,0.26384496688842773,-0.007051156368106604,0.0730287954211235,1475000000,1476000000
/cmd_vel_nav,1791186563657759141,0.32021743059158325,-0.010741451755166054,0.09157545864582062,1491000000,1492000000
/cmd_vel,1791186563691731384,0.3138449668884277,-0.010741451755166054,0.09157545864582062,1525000000,1526000000
/simulation/chassis/cmd_vel,1791186563691836580,0.3138449668884277,-0.010741451755166054,0.09157545864582062,1525000000,1526000000
/cmd_vel,1791186563741778207,0.32021743059158325,-0.010741451755166054,0.09157545864582062,1575000000,1576000000
/simulation/chassis/cmd_vel,1791186563741947024,0.32021743059158325,-0.010741451755166054,0.09157545864582062,1575000000,1576000000
/cmd_vel_nav,1791186563757707388,0.3655937910079956,-0.019535809755325317,0.10976576060056686,1591000000,1592000000
/cmd_vel,1791186563791797744,0.3655937910079956,-0.019535809755325317,0.10976576060056686,1625000000,1626000000
/simulation/chassis/cmd_vel,1791186563791887915,0.3655937910079956,-0.019535809755325317,0.10976576060056686,1625000000,1626000000
/cmd_vel,1791186563841764414,0.3655937910079956,-0.019535809755325317,0.10976576060056686,1675000000,1676000000
/simulation/chassis/cmd_vel,1791186563841887733,0.3655937910079956,-0.019535809755325317,0.10976576060056686,1675000000,1676000000
/cmd_vel_nav,1791186563857665997,0.4035145342350006,-0.02381640300154686,0.11203334480524063,1691000000,1692000000
/cmd_vel,1791186563891792494,0.4035145342350006,-0.02381640300154686,0.11203334480524063,1725000000,1726000000
/simulation/chassis/cmd_vel,1791186563891858502,0.4035145342350006,-0.02381640300154686,0.11203334480524063,1725000000,1726000000
/cmd_vel,1791186563941828689,0.4035145342350006,-0.02381640300154686,0.11203334480524063,1775000000,1776000000
/simulation/chassis/cmd_vel,1791186563941874357,0.4035145342350006,-0.02381640300154686,0.11203334480524063,1775000000,1776000000
/cmd_vel_nav,1791186563957817408,0.43814224004745483,-0.03407058119773865,0.08670297265052795,1791000000,1792000000
/cmd_vel,1791186563991750207,0.43814224004745483,-0.03407058119773865,0.08670297265052795,1825000000,1826000000
/simulation/chassis/cmd_vel,1791186563991827134,0.43814224004745483,-0.03407058119773865,0.08670297265052795,1825000000,1826000000
/cmd_vel,1791186564041784325,0.43814224004745483,-0.03407058119773865,0.08670297265052795,1875000000,1876000000
/simulation/chassis/cmd_vel,1791186564041832246,0.43814224004745483,-0.03407058119773865,0.08670297265052795,1875000000,1876000000
/cmd_vel_nav,1791186564057661846,0.46844521164894104,-0.03846625238656998,0.04469508305191994,1891000000,1892000000
/cmd_vel,1791186564091725928,0.46844521164894104,-0.03846625238656998,0.04469508305191994,1925000000,1926000000
/simulation/chassis/cmd_vel,1791186564091843623,0.46844521164894104,-0.03846625238656998,0.04469508305191994,1925000000,1926000000
/cmd_vel,1791186564141796185,0.46844521164894104,-0.03846625238656998,0.04469508305191994,1975000000,1976000000
/simulation/chassis/cmd_vel,1791186564141877776,0.46844521164894104,-0.03846625238656998,0.04469508305191994,1975000000,1976000000
/cmd_vel_nav,1791186564157736980,0.4966834783554077,-0.04805484786629677,-0.02157919853925705,1991000000,1992000000
/cmd_vel,1791186564191753233,0.4966834783554077,-0.04805484786629677,-0.02157919853925705,2025000000,2026000000
/simulation/chassis/cmd_vel,1791186564191929378,0.4966834783554077,-0.04805484786629677,-0.02157919853925705,2025000000,2026000000
/cmd_vel,1791186564241741814,0.4966834783554077,-0.04805484786629677,-0.02157919853925705,2075000000,2076000000
/simulation/chassis/cmd_vel,1791186564241867632,0.4966834783554077,-0.04805484786629677,-0.02157919853925705,2075000000,2076000000
/cmd_vel_nav,1791186564257965885,0.5197170972824097,-0.04670889675617218,-0.06704726070165634,2091000000,2092000000
/cmd_vel,1791186564291776616,0.5197170972824097,-0.04670889675617218,-0.06704726070165634,2125000000,2126000000
/simulation/chassis/cmd_vel,1791186564291839721,0.5197170972824097,-0.04670889675617218,-0.06704726070165634,2125000000,2126000000
/cmd_vel,1791186564341754370,0.5197170972824097,-0.04670889675617218,-0.06704726070165634,2175000000,2176000000
/simulation/chassis/cmd_vel,1791186564341904774,0.5197170972824097,-0.04670889675617218,-0.06704726070165634,2175000000,2176000000
/cmd_vel_nav,1791186564357669994,0.5530297160148621,-0.046496279537677765,-0.10227440297603607,2191000000,2192000000
/cmd_vel,1791186564391765533,0.5530297160148621,-0.046496279537677765,-0.10227440297603607,2225000000,2226000000
/simulation/chassis/cmd_vel,1791186564391917813,0.5530297160148621,-0.046496279537677765,-0.10227440297603607,2225000000,2226000000
/cmd_vel,1791186564441758592,0.5530297160148621,-0.046496279537677765,-0.10227440297603607,2275000000,2276000000
/simulation/chassis/cmd_vel,1791186564441839716,0.5530297160148621,-0.046496279537677765,-0.10227440297603607,2275000000,2276000000
/cmd_vel_nav,1791186564457240289,0.5862975120544434,-0.04261837154626846,-0.11217203736305237,2290000000,2291000000
/cmd_vel,1791186564491742457,0.5862975120544434,-0.04261837154626846,-0.11217203736305237,2325000000,2326000000
/simulation/chassis/cmd_vel,1791186564491844600,0.5862975120544434,-0.04261837154626846,-0.11217203736305237,2325000000,2326000000
/cmd_vel,1791186564541729178,0.5862975120544434,-0.04261837154626846,-0.11217203736305237,2375000000,2376000000
/simulation/chassis/cmd_vel,1791186564541844289,0.5862975120544434,-0.04261837154626846,-0.11217203736305237,2375000000,2376000000
/cmd_vel_nav,1791186564586978481,0.6076379418373108,-0.05576063320040703,-0.11052662879228592,2420000000,2421000000
/cmd_vel,1791186564591766478,0.6076379418373108,-0.05576063320040703,-0.11052662879228592,2425000000,2426000000
/simulation/chassis/cmd_vel,1791186564591890154,0.6076379418373108,-0.05576063320040703,-0.11052662879228592,2425000000,2426000000
/cmd_vel,1791186564641733945,0.6076379418373108,-0.05576063320040703,-0.11052662879228592,2475000000,2476000000
/simulation/chassis/cmd_vel,1791186564641832716,0.6076379418373108,-0.05576063320040703,-0.11052662879228592,2475000000,2476000000
/cmd_vel_nav,1791186564687024395,0.6274334788322449,-0.07157991081476212,-0.14483433961868286,2520000000,2521000000
/cmd_vel,1791186564691750420,0.6274334788322449,-0.07157991081476212,-0.14483433961868286,2525000000,2526000000
/simulation/chassis/cmd_vel,1791186564691850965,0.6274334788322449,-0.07157991081476212,-0.14483433961868286,2525000000,2526000000
/cmd_vel,1791186564741758650,0.6274334788322449,-0.07157991081476212,-0.14483433961868286,2575000000,2576000000
/simulation/chassis/cmd_vel,1791186564741874021,0.6274334788322449,-0.07157991081476212,-0.14483433961868286,2575000000,2576000000
/cmd_vel_nav,1791186564787061971,0.6396436095237732,-0.07160939276218414,-0.1641359031200409,2620000000,2621000000
/cmd_vel,1791186564791750178,0.6396436095237732,-0.07160939276218414,-0.1641359031200409,2625000000,2626000000
/simulation/chassis/cmd_vel,1791186564791856959,0.6396436095237732,-0.07160939276218414,-0.1641359031200409,2625000000,2626000000
/cmd_vel,1791186564841746400,0.6396436095237732,-0.07160939276218414,-0.1641359031200409,2675000000,2676000000
/simulation/chassis/cmd_vel,1791186564841832121,0.6396436095237732,-0.07160939276218414,-0.1641359031200409,2675000000,2676000000
/cmd_vel_nav,1791186564887313699,0.6221087574958801,-0.06407307088375092,-0.025031421333551407,2720000000,2721000000
/cmd_vel,1791186564891808482,0.6221087574958801,-0.06407307088375092,-0.06413590312004089,2725000000,2726000000
/simulation/chassis/cmd_vel,1791186564891864703,0.6221087574958801,-0.06407307088375092,-0.06413590312004089,2725000000,2726000000
/cmd_vel,1791186564941741299,0.6221087574958801,-0.06407307088375092,-0.025031421333551407,2775000000,2776000000
/simulation/chassis/cmd_vel,1791186564941841140,0.6221087574958801,-0.06407307088375092,-0.025031421333551407,2775000000,2776000000
/cmd_vel_nav,1791186564977094584,0.616523027420044,-0.012319821864366531,-0.012570788152515888,2810000000,2811000000
/cmd_vel,1791186564991757909,0.616523027420044,-0.014073070883750913,-0.012570788152515888,2825000000,2826000000
/simulation/chassis/cmd_vel,1791186564991864663,0.616523027420044,-0.014073070883750913,-0.012570788152515888,2825000000,2826000000
/cmd_vel,1791186565041706314,0.616523027420044,-0.012319821864366531,-0.012570788152515888,2875000000,2876000000
/simulation/chassis/cmd_vel,1791186565041811377,0.616523027420044,-0.012319821864366531,-0.012570788152515888,2875000000,2876000000
/cmd_vel_nav,1791186565077260818,0.5920971035957336,0.006905947811901569,-0.009594853967428207,2910000000,2911000000
/cmd_vel,1791186565091750800,0.5920971035957336,0.006905947811901569,-0.009594853967428207,2925000000,2926000000
/simulation/chassis/cmd_vel,1791186565091857286,0.5920971035957336,0.006905947811901569,-0.009594853967428207,2925000000,2926000000
/cmd_vel,1791186565141788220,0.5920971035957336,0.006905947811901569,-0.009594853967428207,2975000000,2976000000
/simulation/chassis/cmd_vel,1791186565141907101,0.5920971035957336,0.006905947811901569,-0.009594853967428207,2975000000,2976000000
/cmd_vel_nav,1791186565177140248,0.512959361076355,0.10802130401134491,0.09571965038776398,3010000000,3011000000
/cmd_vel,1791186565191717291,0.5420971035957336,0.05690594781190157,0.0904051460325718,3025000000,3026000000
/simulation/chassis/cmd_vel,1791186565191824986,0.5420971035957336,0.05690594781190157,0.0904051460325718,3025000000,3026000000
/cmd_vel,1791186565241728239,0.512959361076355,0.10690594781190157,0.09571965038776398,3075000000,3076000000
/simulation/chassis/cmd_vel,1791186565241809639,0.512959361076355,0.10690594781190157,0.09571965038776398,3075000000,3076000000
/cmd_vel_nav,1791186565277654001,0.48306652903556824,0.19546212255954742,0.10928633064031601,3111000000,3112000000
/cmd_vel,1791186565291750004,0.48306652903556824,0.1569059478119016,0.10928633064031601,3125000000,3126000000
/simulation/chassis/cmd_vel,1791186565291852052,0.48306652903556824,0.1569059478119016,0.10928633064031601,3125000000,3126000000
/cmd_vel,1791186565341736190,0.48306652903556824,0.19546212255954742,0.10928633064031601,3175000000,3176000000
/simulation/chassis/cmd_vel,1791186565341873966,0.48306652903556824,0.19546212255954742,0.10928633064031601,3175000000,3176000000
/cmd_vel_nav,1791186565377480871,0.3956906795501709,0.30273643136024475,0.2373741716146469,3211000000,3212000000
/cmd_vel,1791186565391715777,0.43306652903556825,0.2454621225595474,0.20928633064031602,3225000000,3226000000
/simulation/chassis/cmd_vel,1791186565391845861,0.43306652903556825,0.2454621225595474,0.20928633064031602,3225000000,3226000000
/cmd_vel,1791186565441738883,0.3956906795501709,0.2954621225595474,0.2373741716146469,3275000000,3276000000
/simulation/chassis/cmd_vel,1791186565441847142,0.3956906795501709,0.2954621225595474,0.2373741716146469,3275000000,3276000000
/cmd_vel_nav,1791186565477568229,0.35281044244766235,0.3427804410457611,0.2995866537094116,3311000000,3312000000
/cmd_vel,1791186565491730654,0.35281044244766235,0.3427804410457611,0.2995866537094116,3325000000,3326000000
/simulation/chassis/cmd_vel,1791186565491797579,0.35281044244766235,0.3427804410457611,0.2995866537094116,3325000000,3326000000
/cmd_vel,1791186565541699509,0.35281044244766235,0.3427804410457611,0.2995866537094116,3375000000,3376000000
/simulation/chassis/cmd_vel,1791186565541844836,0.35281044244766235,0.3427804410457611,0.2995866537094116,3375000000,3376000000
/cmd_vel_nav,1791186565577407544,0.28371119499206543,0.4166514277458191,0.38476476073265076,3411000000,3412000000
/cmd_vel,1791186565591709136,0.30281044244766236,0.3927804410457611,0.38476476073265076,3425000000,3426000000
/simulation/chassis/cmd_vel,1791186565591790817,0.30281044244766236,0.3927804410457611,0.38476476073265076,3425000000,3426000000
/cmd_vel,1791186565641675758,0.28371119499206543,0.4166514277458191,0.38476476073265076,3475000000,3476000000
/simulation/chassis/cmd_vel,1791186565641770546,0.28371119499206543,0.4166514277458191,0.38476476073265076,3475000000,3476000000
/cmd_vel_nav,1791186565677269233,0.23185713589191437,0.4592231214046478,0.4083865284919739,3510000000,3511000000
/cmd_vel,1791186565691734919,0.23371119499206544,0.4592231214046478,0.4083865284919739,3525000000,3526000000
/simulation/chassis/cmd_vel,1791186565691828426,0.23371119499206544,0.4592231214046478,0.4083865284919739,3525000000,3526000000
/cmd_vel,1791186565741748443,0.23185713589191437,0.4592231214046478,0.4083865284919739,3575000000,3576000000
/simulation/chassis/cmd_vel,1791186565741791523,0.23185713589191437,0.4592231214046478,0.4083865284919739,3575000000,3576000000
/cmd_vel_nav,1791186565777369607,0.1881171613931656,0.4742741882801056,0.4268680214881897,3610000000,3611000000
/cmd_vel,1791186565791775938,0.1881171613931656,0.4742741882801056,0.4268680214881897,3625000000,3626000000
/simulation/chassis/cmd_vel,1791186565791858996,0.1881171613931656,0.4742741882801056,0.4268680214881897,3625000000,3626000000
/cmd_vel,1791186565841717099,0.1881171613931656,0.4742741882801056,0.4268680214881897,3675000000,3676000000
/simulation/chassis/cmd_vel,1791186565841839601,0.1881171613931656,0.4742741882801056,0.4268680214881897,3675000000,3676000000
/cmd_vel_nav,1791186565877389685,0.15257228910923004,0.47945329546928406,0.42732417583465576,3710000000,3711000000
/cmd_vel,1791186565891713799,0.15257228910923004,0.47945329546928406,0.42732417583465576,3725000000,3726000000
/simulation/chassis/cmd_vel,1791186565891818000,0.15257228910923004,0.47945329546928406,0.42732417583465576,3725000000,3726000000
/cmd_vel,1791186565941736397,0.15257228910923004,0.47945329546928406,0.42732417583465576,3775000000,3776000000
/simulation/chassis/cmd_vel,1791186565941860537,0.15257228910923004,0.47945329546928406,0.42732417583465576,3775000000,3776000000
/cmd_vel_nav,1791186565967384372,0.12300017476081848,0.4732188880443573,0.4550017714500427,3801000000,3802000000
/cmd_vel,1791186565991747970,0.12300017476081848,0.4732188880443573,0.4550017714500427,3825000000,3826000000
/simulation/chassis/cmd_vel,1791186565991821074,0.12300017476081848,0.4732188880443573,0.4550017714500427,3825000000,3826000000
/cmd_vel,1791186566041714858,0.12300017476081848,0.4732188880443573,0.4550017714500427,3875000000,3876000000
/simulation/chassis/cmd_vel,1791186566041782670,0.12300017476081848,0.4732188880443573,0.4550017714500427,3875000000,3876000000
/cmd_vel_nav,1791186566067599625,0.09685862064361572,0.4731546640396118,0.4691353738307953,3901000000,3902000000
/cmd_vel,1791186566091741349,0.09685862064361572,0.4731546640396118,0.4691353738307953,3925000000,3926000000
/simulation/chassis/cmd_vel,1791186566091836797,0.09685862064361572,0.4731546640396118,0.4691353738307953,3925000000,3926000000
/cmd_vel,1791186566141782726,0.09685862064361572,0.4731546640396118,0.4691353738307953,3975000000,3976000000
/simulation/chassis/cmd_vel,1791186566141936820,0.09685862064361572,0.4731546640396118,0.4691353738307953,3975000000,3976000000
/cmd_vel_nav,1791186566167406195,0.04377603530883789,0.47707799077033997,0.3913412094116211,4001000000,4002000000
/cmd_vel,1791186566191725104,0.04685862064361572,0.47707799077033997,0.3913412094116211,4025000000,4026000000
/simulation/chassis/cmd_vel,1791186566191838984,0.04685862064361572,0.47707799077033997,0.3913412094116211,4025000000,4026000000
/cmd_vel,1791186566241704999,0.04377603530883789,0.47707799077033997,0.3913412094116211,4075000000,4076000000
/simulation/chassis/cmd_vel,1791186566241789831,0.04377603530883789,0.47707799077033997,0.3913412094116211,4075000000,4076000000
/cmd_vel_nav,1791186566268078666,-0.03397278115153313,0.45563769340515137,0.4281107485294342,4101000000,4102000000
/cmd_vel,1791186566291728166,-0.006223964691162112,0.45563769340515137,0.4281107485294342,4125000000,4126000000
/simulation/chassis/cmd_vel,1791186566291849306,-0.006223964691162112,0.45563769340515137,0.4281107485294342,4125000000,4126000000
/cmd_vel,1791186566341776108,-0.03397278115153313,0.45563769340515137,0.4281107485294342,4175000000,4176000000
/simulation/chassis/cmd_vel,1791186566341862437,-0.03397278115153313,0.45563769340515137,0.4281107485294342,4175000000,4176000000
/cmd_vel_nav,1791186566367942050,0.0,0.0,0.0,4201000000,4202000000
/cmd_vel,1791186566391712765,0.0,0.4056376934051514,0.3281107485294342,4225000000,4226000000
/simulation/chassis/cmd_vel,1791186566391793563,0.0,0.4056376934051514,0.3281107485294342,4225000000,4226000000
/cmd_vel,1791186566441720964,0.0,0.3556376934051514,0.22811074852943422,4275000000,4276000000
/simulation/chassis/cmd_vel,1791186566441786197,0.0,0.3556376934051514,0.22811074852943422,4275000000,4276000000
/cmd_vel,1791186566491748911,0.0,0.3056376934051514,0.12811074852943422,4325000000,4326000000
/simulation/chassis/cmd_vel,1791186566491823022,0.0,0.3056376934051514,0.12811074852943422,4325000000,4326000000
/cmd_vel_nav,1791186566497470427,-0.08593130111694336,0.033237434923648834,0.035553574562072754,4331000000,4332000000
/cmd_vel_nav,1791186566499739411,-0.19127967953681946,0.04610329121351242,-0.02326342463493347,4333000000,4334000000
/cmd_vel,1791186566541704250,-0.05,0.2556376934051514,0.02811074852943421,4375000000,4376000000
/simulation/chassis/cmd_vel,1791186566541786111,-0.05,0.2556376934051514,0.02811074852943421,4375000000,4376000000
/cmd_vel,1791186566591758668,-0.1,0.20563769340515142,-0.02326342463493347,4425000000,4426000000
/simulation/chassis/cmd_vel,1791186566591923434,-0.1,0.20563769340515142,-0.02326342463493347,4425000000,4426000000
/cmd_vel_nav,1791186566597787236,-0.1748787760734558,0.10367481410503387,0.0633513331413269,4431000000,4432000000
/cmd_vel,1791186566641728763,-0.15000000000000002,0.15563769340515143,0.0633513331413269,4475000000,4476000000
/simulation/chassis/cmd_vel,1791186566641842288,-0.15000000000000002,0.15563769340515143,0.0633513331413269,4475000000,4476000000
/cmd_vel,1791186566691723508,-0.1748787760734558,0.10563769340515143,0.0633513331413269,4525000000,4526000000
/simulation/chassis/cmd_vel,1791186566691841536,-0.1748787760734558,0.10563769340515143,0.0633513331413269,4525000000,4526000000
/cmd_vel_nav,1791186566699829097,-0.18335804343223572,0.08892029523849487,0.09703699499368668,4533000000,4534000000
/cmd_vel,1791186566741701223,-0.18335804343223572,0.08892029523849487,0.09703699499368668,4575000000,4576000000
/simulation/chassis/cmd_vel,1791186566741837068,-0.18335804343223572,0.08892029523849487,0.09703699499368668,4575000000,4576000000
/cmd_vel,1791186566791763993,-0.18335804343223572,0.08892029523849487,0.09703699499368668,4625000000,4626000000
/simulation/chassis/cmd_vel,1791186566791839589,-0.18335804343223572,0.08892029523849487,0.09703699499368668,4625000000,4626000000
/cmd_vel_nav,1791186566799228390,-0.1787731647491455,0.04599035531282425,0.1419541835784912,4632000000,4633000000
/cmd_vel,1791186566841737102,-0.1787731647491455,0.04599035531282425,0.1419541835784912,4675000000,4676000000
/simulation/chassis/cmd_vel,1791186566841791679,-0.1787731647491455,0.04599035531282425,0.1419541835784912,4675000000,4676000000
/cmd_vel,1791186566891690597,-0.1787731647491455,0.04599035531282425,0.1419541835784912,4725000000,4726000000
/simulation/chassis/cmd_vel,1791186566891757673,-0.1787731647491455,0.04599035531282425,0.1419541835784912,4725000000,4726000000
/cmd_vel_nav,1791186566897304336,-0.17716248333454132,-0.021176859736442566,0.15082086622714996,4730000000,4731000000
/cmd_vel,1791186566941687695,-0.17716248333454132,-0.0040096446871757535,0.15082086622714996,4775000000,4776000000
/simulation/chassis/cmd_vel,1791186566941754730,-0.17716248333454132,-0.0040096446871757535,0.15082086622714996,4775000000,4776000000
/cmd_vel,1791186566991705642,-0.17716248333454132,-0.021176859736442566,0.15082086622714996,4825000000,4826000000
/simulation/chassis/cmd_vel,1791186566991849091,-0.17716248333454132,-0.021176859736442566,0.15082086622714996,4825000000,4826000000
/cmd_vel_nav,1791186566997260766,-0.16625498235225677,-0.08967592567205429,0.1298922300338745,4830000000,4831000000
/cmd_vel,1791186567041671215,-0.16625498235225677,-0.07117685973644257,0.1298922300338745,4875000000,4876000000
/simulation/chassis/cmd_vel,1791186567041795729,-0.16625498235225677,-0.07117685973644257,0.1298922300338745,4875000000,4876000000
/cmd_vel,1791186567091705456,-0.16625498235225677,-0.08967592567205429,0.1298922300338745,4925000000,4926000000
/simulation/chassis/cmd_vel,1791186567091834093,-0.16625498235225677,-0.08967592567205429,0.1298922300338745,4925000000,4926000000
/cmd_vel_nav,1791186567097940063,-0.15769238770008087,-0.1496276557445526,0.09025757014751434,4931000000,4932000000
/cmd_vel,1791186567141655641,-0.15769238770008087,-0.13967592567205428,0.09025757014751434,4975000000,4976000000
/simulation/chassis/cmd_vel,1791186567141771295,-0.15769238770008087,-0.13967592567205428,0.09025757014751434,4975000000,4976000000
/cmd_vel,1791186567191732100,-0.15769238770008087,-0.1496276557445526,0.09025757014751434,5025000000,5026000000
/simulation/chassis/cmd_vel,1791186567191895384,-0.15769238770008087,-0.1496276557445526,0.09025757014751434,5025000000,5026000000
/cmd_vel_nav,1791186567197388434,-0.14799149334430695,-0.19135791063308716,0.051377072930336,5031000000,5032000000
/cmd_vel,1791186567241738820,-0.14799149334430695,-0.19135791063308716,0.051377072930336,5075000000,5076000000
/simulation/chassis/cmd_vel,1791186567241791081,-0.14799149334430695,-0.19135791063308716,0.051377072930336,5075000000,5076000000
/cmd_vel_nav,1791186567290084522,-0.07693472504615784,-0.04765013977885246,0.09468800574541092,5123000000,5124000000
/cmd_vel,1791186567291741575,-0.09799149334430694,-0.14135791063308717,0.09468800574541092,5125000000,5126000000
/simulation/chassis/cmd_vel,1791186567291779291,-0.09799149334430694,-0.14135791063308717,0.09468800574541092,5125000000,5126000000
/cmd_vel,1791186567341672443,-0.07693472504615784,-0.09135791063308717,0.09468800574541092,5175000000,5176000000
/simulation/chassis/cmd_vel,1791186567341805597,-0.07693472504615784,-0.09135791063308717,0.09468800574541092,5175000000,5176000000
/cmd_vel_nav,1791186567388972936,-0.0612272173166275,-0.020465578883886337,0.03896269202232361,5222000000,5223000000
/cmd_vel,1791186567391702211,-0.0612272173166275,-0.041357910633087164,0.03896269202232361,5225000000,5226000000
/simulation/chassis/cmd_vel,1791186567391882150,-0.0612272173166275,-0.041357910633087164,0.03896269202232361,5225000000,5226000000
/cmd_vel,1791186567441675582,-0.0612272173166275,-0.020465578883886337,0.03896269202232361,5275000000,5276000000
/simulation/chassis/cmd_vel,1791186567441795042,-0.0612272173166275,-0.020465578883886337,0.03896269202232361,5275000000,5276000000
/cmd_vel_nav,1791186567487807689,-0.04705774039030075,0.04241977632045746,0.018421338871121407,5321000000,5322000000
/cmd_vel,1791186567491635402,-0.04705774039030075,0.029534421116113665,0.018421338871121407,5325000000,5326000000
/simulation/chassis/cmd_vel,1791186567491733932,-0.04705774039030075,0.029534421116113665,0.018421338871121407,5325000000,5326000000
/cmd_vel,1791186567541688330,-0.04705774039030075,0.04241977632045746,0.018421338871121407,5375000000,5376000000
/simulation/chassis/cmd_vel,1791186567541831059,-0.04705774039030075,0.04241977632045746,0.018421338871121407,5375000000,5376000000
/cmd_vel_nav,1791186567587485817,-0.04845839738845825,0.0768851712346077,-0.014986509457230568,5421000000,5422000000
/cmd_vel,1791186567591664019,-0.04845839738845825,0.0768851712346077,-0.014986509457230568,5425000000,5426000000
/simulation/chassis/cmd_vel,1791186567591762434,-0.04845839738845825,0.0768851712346077,-0.014986509457230568,5425000000,5426000000
/cmd_vel,1791186567641676646,-0.04845839738845825,0.0768851712346077,-0.014986509457230568,5475000000,5476000000
/simulation/chassis/cmd_vel,1791186567641761680,-0.04845839738845825,0.0768851712346077,-0.014986509457230568,5475000000,5476000000
/cmd_vel_nav,1791186567687372191,-0.04900109022855759,0.10694621503353119,-0.008212828077375889,5520000000,5521000000
/cmd_vel,1791186567691630094,-0.04900109022855759,0.10694621503353119,-0.008212828077375889,5525000000,5526000000
/simulation/chassis/cmd_vel,1791186567691733318,-0.04900109022855759,0.10694621503353119,-0.008212828077375889,5525000000,5526000000
/cmd_vel,1791186567741674565,-0.04900109022855759,0.10694621503353119,-0.008212828077375889,5575000000,5576000000
/simulation/chassis/cmd_vel,1791186567741754897,-0.04900109022855759,0.10694621503353119,-0.008212828077375889,5575000000,5576000000
/cmd_vel_nav,1791186567787371299,-0.04870644584298134,0.126785546541214,0.020545609295368195,5621000000,5622000000
/cmd_vel,1791186567791691078,-0.04870644584298134,0.126785546541214,0.020545609295368195,5625000000,5626000000
/simulation/chassis/cmd_vel,1791186567791769730,-0.04870644584298134,0.126785546541214,0.020545609295368195,5625000000,5626000000
/cmd_vel,1791186567841644319,-0.04870644584298134,0.126785546541214,0.020545609295368195,5675000000,5676000000
/simulation/chassis/cmd_vel,1791186567841743064,-0.04870644584298134,0.126785546541214,0.020545609295368195,5675000000,5676000000
/cmd_vel_nav,1791186567887396197,-0.04163234308362007,0.14811594784259796,0.04677039384841919,5720000000,5721000000
/cmd_vel,1791186567891630035,-0.04163234308362007,0.14811594784259796,0.04677039384841919,5725000000,5726000000
/simulation/chassis/cmd_vel,1791186567891764545,-0.04163234308362007,0.14811594784259796,0.04677039384841919,5725000000,5726000000
/cmd_vel,1791186567941686507,-0.04163234308362007,0.14811594784259796,0.04677039384841919,5775000000,5776000000
/simulation/chassis/cmd_vel,1791186567941824441,-0.04163234308362007,0.14811594784259796,0.04677039384841919,5775000000,5776000000
/cmd_vel_nav,1791186567987444845,-0.032357364892959595,0.161897212266922,0.051393281668424606,5821000000,5822000000
/cmd_vel,1791186567991681434,-0.032357364892959595,0.161897212266922,0.051393281668424606,5825000000,5826000000
/simulation/chassis/cmd_vel,1791186567991837012,-0.032357364892959595,0.161897212266922,0.051393281668424606,5825000000,5826000000
/cmd_vel,1791186568041663609,-0.032357364892959595,0.161897212266922,0.051393281668424606,5875000000,5876000000
/simulation/chassis/cmd_vel,1791186568041783189,-0.032357364892959595,0.161897212266922,0.051393281668424606,5875000000,5876000000
/cmd_vel_nav,1791186568087356108,-0.02351057156920433,0.16986589133739471,0.04000763222575188,5920000000,5921000000
/cmd_vel,1791186568091659561,-0.02351057156920433,0.16986589133739471,0.04000763222575188,5925000000,5926000000
/simulation/chassis/cmd_vel,1791186568091765611,-0.02351057156920433,0.16986589133739471,0.04000763222575188,5925000000,5926000000
/cmd_vel,1791186568141714532,-0.02351057156920433,0.16986589133739471,0.04000763222575188,5975000000,5976000000
/simulation/chassis/cmd_vel,1791186568141878154,-0.02351057156920433,0.16986589133739471,0.04000763222575188,5975000000,5976000000
/cmd_vel_nav,1791186568187434616,-0.015907391905784607,0.17966143786907196,0.021851906552910805,6021000000,6022000000
/cmd_vel,1791186568191708251,-0.015907391905784607,0.17966143786907196,0.021851906552910805,6025000000,6026000000
/simulation/chassis/cmd_vel,1791186568191806883,-0.015907391905784607,0.17966143786907196,0.021851906552910805,6025000000,6026000000
/cmd_vel,1791186568241637714,-0.015907391905784607,0.17966143786907196,0.021851906552910805,6075000000,6076000000
/simulation/chassis/cmd_vel,1791186568241737793,-0.015907391905784607,0.17966143786907196,0.021851906552910805,6075000000,6076000000
/cmd_vel_nav,1791186568287429146,-0.015822764486074448,0.18358267843723297,0.0018259738571941853,6121000000,6122000000
/cmd_vel,1791186568291640639,-0.015822764486074448,0.18358267843723297,0.0018259738571941853,6125000000,6126000000
/simulation/chassis/cmd_vel,1791186568291801617,-0.015822764486074448,0.18358267843723297,0.0018259738571941853,6125000000,6126000000
/cmd_vel,1791186568341643046,-0.015822764486074448,0.18358267843723297,0.0018259738571941853,6175000000,6176000000
/simulation/chassis/cmd_vel,1791186568341750149,-0.015822764486074448,0.18358267843723297,0.0018259738571941853,6175000000,6176000000
/cmd_vel_nav,1791186568387349879,-0.020809059962630272,0.19553783535957336,-0.014788024127483368,6220000000,6221000000
/cmd_vel,1791186568391660017,-0.020809059962630272,0.19553783535957336,-0.014788024127483368,6225000000,6226000000
/simulation/chassis/cmd_vel,1791186568391761501,-0.020809059962630272,0.19553783535957336,-0.014788024127483368,6225000000,6226000000
/cmd_vel,1791186568441644680,-0.020809059962630272,0.19553783535957336,-0.014788024127483368,6275000000,6276000000
/simulation/chassis/cmd_vel,1791186568441812222,-0.020809059962630272,0.19553783535957336,-0.014788024127483368,6275000000,6276000000
/cmd_vel_nav,1791186568487309387,-0.028983546420931816,0.20562966167926788,-0.029075659811496735,6321000000,6322000000
/cmd_vel,1791186568491689031,-0.028983546420931816,0.20562966167926788,-0.029075659811496735,6325000000,6326000000
/simulation/chassis/cmd_vel,1791186568491780572,-0.028983546420931816,0.20562966167926788,-0.029075659811496735,6325000000,6326000000
/cmd_vel,1791186568541660510,-0.028983546420931816,0.20562966167926788,-0.029075659811496735,6375000000,6376000000
/simulation/chassis/cmd_vel,1791186568541765729,-0.028983546420931816,0.20562966167926788,-0.029075659811496735,6375000000,6376000000
/cmd_vel_nav,1791186568588492906,-0.037153009325265884,0.21652112901210785,-0.03630917891860008,6422000000,6423000000
/cmd_vel,1791186568591601417,-0.037153009325265884,0.21652112901210785,-0.03630917891860008,6425000000,6426000000
/simulation/chassis/cmd_vel,1791186568591735506,-0.037153009325265884,0.21652112901210785,-0.03630917891860008,6425000000,6426000000
/cmd_vel,1791186568641624982,-0.037153009325265884,0.21652112901210785,-0.03630917891860008,6475000000,6476000000
/simulation/chassis/cmd_vel,1791186568641773357,-0.037153009325265884,0.21652112901210785,-0.03630917891860008,6475000000,6476000000
/cmd_vel_nav,1791186568688934774,-0.03699437156319618,0.22774504125118256,-0.04313759133219719,6522000000,6523000000
/cmd_vel,1791186568691657782,-0.03699437156319618,0.22774504125118256,-0.04313759133219719,6525000000,6526000000
/simulation/chassis/cmd_vel,1791186568691741007,-0.03699437156319618,0.22774504125118256,-0.04313759133219719,6525000000,6526000000
/cmd_vel,1791186568741671152,-0.03699437156319618,0.22774504125118256,-0.04313759133219719,6575000000,6576000000
/simulation/chassis/cmd_vel,1791186568741765349,-0.03699437156319618,0.22774504125118256,-0.04313759133219719,6575000000,6576000000
/cmd_vel_nav,1791186568788893200,-0.025240443646907806,0.24139970541000366,-0.05201128125190735,6622000000,6623000000
/cmd_vel,1791186568791658847,-0.025240443646907806,0.24139970541000366,-0.05201128125190735,6625000000,6626000000
/simulation/chassis/cmd_vel,1791186568791812885,-0.025240443646907806,0.24139970541000366,-0.05201128125190735,6625000000,6626000000
/cmd_vel,1791186568841661200,-0.025240443646907806,0.24139970541000366,-0.05201128125190735,6675000000,6676000000
/simulation/chassis/cmd_vel,1791186568841822890,-0.025240443646907806,0.24139970541000366,-0.05201128125190735,6675000000,6676000000
/cmd_vel_nav,1791186568888843050,0.003554040566086769,0.2551676630973816,-0.06481723487377167,6722000000,6723000000
/cmd_vel,1791186568891713474,0.003554040566086769,0.2551676630973816,-0.06481723487377167,6725000000,6726000000
/simulation/chassis/cmd_vel,1791186568891801911,0.003554040566086769,0.2551676630973816,-0.06481723487377167,6725000000,6726000000
/cmd_vel,1791186568941666943,0.003554040566086769,0.2551676630973816,-0.06481723487377167,6775000000,6776000000
/simulation/chassis/cmd_vel,1791186568941740414,0.003554040566086769,0.2551676630973816,-0.06481723487377167,6775000000,6776000000
/cmd_vel_nav,1791186568988907721,0.05523984134197235,0.26640647649765015,-0.0803472027182579,6822000000,6823000000
/cmd_vel,1791186568991673286,0.05355404056608677,0.26640647649765015,-0.0803472027182579,6825000000,6826000000
/simulation/chassis/cmd_vel,1791186568991746983,0.05355404056608677,0.26640647649765015,-0.0803472027182579,6825000000,6826000000
/cmd_vel,1791186569041629020,0.05523984134197235,0.26640647649765015,-0.0803472027182579,6875000000,6876000000
/simulation/chassis/cmd_vel,1791186569041753106,0.05523984134197235,0.26640647649765015,-0.0803472027182579,6875000000,6876000000
/cmd_vel_nav,1791186569088714815,0.10688748210668564,0.2726576328277588,-0.08871433138847351,6922000000,6923000000
/cmd_vel,1791186569091586932,0.10523984134197235,0.2726576328277588,-0.08871433138847351,6925000000,6926000000
/simulation/chassis/cmd_vel,1791186569091715140,0.10523984134197235,0.2726576328277588,-0.08871433138847351,6925000000,6926000000
/cmd_vel,1791186569141613779,0.10688748210668564,0.2726576328277588,-0.08871433138847351,6975000000,6976000000
/simulation/chassis/cmd_vel,1791186569141732036,0.10688748210668564,0.2726576328277588,-0.08871433138847351,6975000000,6976000000
/cmd_vel,1791186569191641944,0.10688748210668564,0.2726576328277588,-0.08871433138847351,7025000000,7026000000
/simulation/chassis/cmd_vel,1791186569191735157,0.10688748210668564,0.2726576328277588,-0.08871433138847351,7025000000,7026000000
/cmd_vel_nav,1791186569208884016,0.15549595654010773,0.27820974588394165,-0.09807885438203812,7042000000,7043000000
/cmd_vel,1791186569241648151,0.15549595654010773,0.27820974588394165,-0.09807885438203812,7075000000,7076000000
/simulation/chassis/cmd_vel,1791186569241771412,0.15549595654010773,0.27820974588394165,-0.09807885438203812,7075000000,7076000000
/cmd_vel,1791186569291677171,0.15549595654010773,0.27820974588394165,-0.09807885438203812,7125000000,7126000000
/simulation/chassis/cmd_vel,1791186569291760241,0.15549595654010773,0.27820974588394165,-0.09807885438203812,7125000000,7126000000
/cmd_vel_nav,1791186569309146785,0.1981782615184784,0.2874554693698883,-0.10756108909845352,7142000000,7143000000
/cmd_vel,1791186569341654395,0.1981782615184784,0.2874554693698883,-0.10756108909845352,7175000000,7176000000
/simulation/chassis/cmd_vel,1791186569341759934,0.1981782615184784,0.2874554693698883,-0.10756108909845352,7175000000,7176000000
/cmd_vel,1791186569391637292,0.1981782615184784,0.2874554693698883,-0.10756108909845352,7225000000,7226000000
/simulation/chassis/cmd_vel,1791186569391782412,0.1981782615184784,0.2874554693698883,-0.10756108909845352,7225000000,7226000000
/cmd_vel_nav,1791186569407955200,0.22740492224693298,0.29401952028274536,-0.12010632455348969,7241000000,7242000000
/cmd_vel,1791186569441630065,0.22740492224693298,0.29401952028274536,-0.12010632455348969,7275000000,7276000000
/simulation/chassis/cmd_vel,1791186569441731345,0.22740492224693298,0.29401952028274536,-0.12010632455348969,7275000000,7276000000
/cmd_vel,1791186569491641213,0.22740492224693298,0.29401952028274536,-0.12010632455348969,7325000000,7326000000
/simulation/chassis/cmd_vel,1791186569491761826,0.22740492224693298,0.29401952028274536,-0.12010632455348969,7325000000,7326000000
/cmd_vel_nav,1791186569508491808,0.2449214607477188,0.3019379675388336,-0.13125962018966675,7342000000,7343000000
/cmd_vel,1791186569541580260,0.2449214607477188,0.3019379675388336,-0.13125962018966675,7375000000,7376000000
/simulation/chassis/cmd_vel,1791186569541672057,0.2449214607477188,0.3019379675388336,-0.13125962018966675,7375000000,7376000000
/cmd_vel,1791186569591633194,0.2449214607477188,0.3019379675388336,-0.13125962018966675,7425000000,7426000000
/simulation/chassis/cmd_vel,1791186569591760711,0.2449214607477188,0.3019379675388336,-0.13125962018966675,7425000000,7426000000
/cmd_vel_nav,1791186569597393445,0.2583315074443817,0.31358522176742554,-0.14598152041435242,7431000000,7432000000
/cmd_vel,1791186569641655446,0.2583315074443817,0.31358522176742554,-0.14598152041435242,7475000000,7476000000
/simulation/chassis/cmd_vel,1791186569641752397,0.2583315074443817,0.31358522176742554,-0.14598152041435242,7475000000,7476000000
/simulation/chassis/cmd_vel,1791186569691798415,0.2583315074443817,0.31358522176742554,-0.14598152041435242,7525000000,7526000000
/cmd_vel,1791186569691812673,0.2583315074443817,0.31358522176742554,-0.14598152041435242,7525000000,7526000000
/cmd_vel_nav,1791186569697475913,0.26627862453460693,0.32115182280540466,-0.15226636826992035,7531000000,7532000000
/cmd_vel,1791186569741596190,0.26627862453460693,0.32115182280540466,-0.15226636826992035,7575000000,7576000000
/simulation/chassis/cmd_vel,1791186569741693400,0.26627862453460693,0.32115182280540466,-0.15226636826992035,7575000000,7576000000
/cmd_vel,1791186569791656522,0.26627862453460693,0.32115182280540466,-0.15226636826992035,7625000000,7626000000
/simulation/chassis/cmd_vel,1791186569791754978,0.26627862453460693,0.32115182280540466,-0.15226636826992035,7625000000,7626000000
/cmd_vel_nav,1791186569797405341,0.2760513126850128,0.32691654562950134,-0.1524815857410431,7631000000,7632000000
/cmd_vel,1791186569841630582,0.2760513126850128,0.32691654562950134,-0.1524815857410431,7675000000,7676000000
/simulation/chassis/cmd_vel,1791186569841744655,0.2760513126850128,0.32691654562950134,-0.1524815857410431,7675000000,7676000000
/cmd_vel,1791186569891642012,0.2760513126850128,0.32691654562950134,-0.1524815857410431,7725000000,7726000000
/simulation/chassis/cmd_vel,1791186569891754781,0.2760513126850128,0.32691654562950134,-0.1524815857410431,7725000000,7726000000
/cmd_vel_nav,1791186569899012356,0.2824401557445526,0.3302358388900757,-0.1405862271785736,7732000000,7733000000
/cmd_vel,1791186569941626703,0.2824401557445526,0.3302358388900757,-0.1405862271785736,7775000000,7776000000
/simulation/chassis/cmd_vel,1791186569941745867,0.2824401557445526,0.3302358388900757,-0.1405862271785736,7775000000,7776000000
/cmd_vel,1791186569991627310,0.2824401557445526,0.3302358388900757,-0.1405862271785736,7825000000,7826000000
/simulation/chassis/cmd_vel,1791186569991732005,0.2824401557445526,0.3302358388900757,-0.1405862271785736,7825000000,7826000000
/cmd_vel_nav,1791186569999024901,0.288260817527771,0.33403927087783813,-0.12678076326847076,7832000000,7833000000
/cmd_vel,1791186570041591313,0.288260817527771,0.33403927087783813,-0.12678076326847076,7875000000,7876000000
/simulation/chassis/cmd_vel,1791186570041706524,0.288260817527771,0.33403927087783813,-0.12678076326847076,7875000000,7876000000
/cmd_vel,1791186570091678601,0.288260817527771,0.33403927087783813,-0.12678076326847076,7925000000,7926000000
/simulation/chassis/cmd_vel,1791186570091818345,0.288260817527771,0.33403927087783813,-0.12678076326847076,7925000000,7926000000
/cmd_vel_nav,1791186570097690335,0.2933805584907532,0.3374920189380646,-0.11322258412837982,7931000000,7932000000
/cmd_vel,1791186570141568671,0.2933805584907532,0.3374920189380646,-0.11322258412837982,7975000000,7976000000
/simulation/chassis/cmd_vel,1791186570141661768,0.2933805584907532,0.3374920189380646,-0.11322258412837982,7975000000,7976000000
/cmd_vel,1791186570191594120,0.2933805584907532,0.3374920189380646,-0.11322258412837982,8025000000,8026000000
/simulation/chassis/cmd_vel,1791186570191720602,0.2933805584907532,0.3374920189380646,-0.11322258412837982,8025000000,8026000000
/cmd_vel_nav,1791186570198586048,0.303019255399704,0.3401332199573517,-0.10724616050720215,8032000000,8033000000
/cmd_vel,1791186570241608825,0.303019255399704,0.3401332199573517,-0.10724616050720215,8075000000,8076000000
/simulation/chassis/cmd_vel,1791186570241691020,0.303019255399704,0.3401332199573517,-0.10724616050720215,8075000000,8076000000
/cmd_vel,1791186570291629922,0.303019255399704,0.3401332199573517,-0.10724616050720215,8125000000,8126000000
/simulation/chassis/cmd_vel,1791186570291736997,0.303019255399704,0.3401332199573517,-0.10724616050720215,8125000000,8126000000
/cmd_vel_nav,1791186570299122435,0.312566339969635,0.3409630060195923,-0.09903839230537415,8132000000,8133000000
/cmd_vel,1791186570341629463,0.312566339969635,0.3409630060195923,-0.09903839230537415,8175000000,8176000000
/simulation/chassis/cmd_vel,1791186570341737174,0.312566339969635,0.3409630060195923,-0.09903839230537415,8175000000,8176000000
/cmd_vel,1791186570391638634,0.312566339969635,0.3409630060195923,-0.09903839230537415,8225000000,8226000000
/simulation/chassis/cmd_vel,1791186570391749649,0.312566339969635,0.3409630060195923,-0.09903839230537415,8225000000,8226000000
/cmd_vel_nav,1791186570399273899,0.32036924362182617,0.34348154067993164,-0.08657019585371017,8232000000,8233000000
/cmd_vel,1791186570441606778,0.32036924362182617,0.34348154067993164,-0.08657019585371017,8275000000,8276000000
/simulation/chassis/cmd_vel,1791186570441739440,0.32036924362182617,0.34348154067993164,-0.08657019585371017,8275000000,8276000000
/cmd_vel,1791186570491631979,0.32036924362182617,0.34348154067993164,-0.08657019585371017,8325000000,8326000000
/simulation/chassis/cmd_vel,1791186570491741570,0.32036924362182617,0.34348154067993164,-0.08657019585371017,8325000000,8326000000
/cmd_vel_nav,1791186570499055767,0.3374361991882324,0.3448930084705353,-0.08796259760856628,8332000000,8333000000
/cmd_vel,1791186570541592041,0.3374361991882324,0.3448930084705353,-0.08796259760856628,8375000000,8376000000
/simulation/chassis/cmd_vel,1791186570541759991,0.3374361991882324,0.3448930084705353,-0.08796259760856628,8375000000,8376000000
/cmd_vel_nav,1791186570589035860,0.3509834408760071,0.3450700342655182,-0.08395160734653473,8422000000,8423000000
/cmd_vel,1791186570591585918,0.3509834408760071,0.3450700342655182,-0.08395160734653473,8425000000,8426000000
/simulation/chassis/cmd_vel,1791186570591685025,0.3509834408760071,0.3450700342655182,-0.08395160734653473,8425000000,8426000000
/cmd_vel,1791186570641572011,0.3509834408760071,0.3450700342655182,-0.08395160734653473,8475000000,8476000000
/simulation/chassis/cmd_vel,1791186570641696603,0.3509834408760071,0.3450700342655182,-0.08395160734653473,8475000000,8476000000
/cmd_vel_nav,1791186570689186907,0.3616718649864197,0.3468147814273834,-0.07197270542383194,8522000000,8523000000
/cmd_vel,1791186570691567396,0.3616718649864197,0.3468147814273834,-0.07197270542383194,8525000000,8526000000
/simulation/chassis/cmd_vel,1791186570691694364,0.3616718649864197,0.3468147814273834,-0.07197270542383194,8525000000,8526000000
/cmd_vel,1791186570741613472,0.3616718649864197,0.3468147814273834,-0.07197270542383194,8575000000,8576000000
/simulation/chassis/cmd_vel,1791186570741761386,0.3616718649864197,0.3468147814273834,-0.07197270542383194,8575000000,8576000000
/cmd_vel_nav,1791186570789133851,0.3674401640892029,0.3503418266773224,-0.05423538014292717,8622000000,8623000000
/cmd_vel,1791186570791638098,0.3674401640892029,0.3503418266773224,-0.05423538014292717,8625000000,8626000000
/simulation/chassis/cmd_vel,1791186570791753517,0.3674401640892029,0.3503418266773224,-0.05423538014292717,8625000000,8626000000
/cmd_vel,1791186570841604242,0.3674401640892029,0.3503418266773224,-0.05423538014292717,8675000000,8676000000
/simulation/chassis/cmd_vel,1791186570841705421,0.3674401640892029,0.3503418266773224,-0.05423538014292717,8675000000,8676000000
/cmd_vel_nav,1791186570889300757,0.36921417713165283,0.3544691205024719,-0.03538014367222786,8722000000,8723000000
/cmd_vel,1791186570891594107,0.36921417713165283,0.3544691205024719,-0.03538014367222786,8725000000,8726000000
/simulation/chassis/cmd_vel,1791186570891717103,0.36921417713165283,0.3544691205024719,-0.03538014367222786,8725000000,8726000000
/cmd_vel,1791186570941573684,0.36921417713165283,0.3544691205024719,-0.03538014367222786,8775000000,8776000000
/simulation/chassis/cmd_vel,1791186570941691475,0.36921417713165283,0.3544691205024719,-0.03538014367222786,8775000000,8776000000
/cmd_vel_nav,1791186570989287338,0.3730666935443878,0.35771000385284424,-0.013945318758487701,8822000000,8823000000
/cmd_vel,1791186570991631126,0.3730666935443878,0.35771000385284424,-0.013945318758487701,8825000000,8826000000
/simulation/chassis/cmd_vel,1791186570991754244,0.3730666935443878,0.35771000385284424,-0.013945318758487701,8825000000,8826000000
/cmd_vel,1791186571041592401,0.3730666935443878,0.35771000385284424,-0.013945318758487701,8875000000,8876000000
/simulation/chassis/cmd_vel,1791186571041684750,0.3730666935443878,0.35771000385284424,-0.013945318758487701,8875000000,8876000000
/cmd_vel_nav,1791186571089220307,0.36602380871772766,0.35733434557914734,0.0042601036839187145,8922000000,8923000000
/cmd_vel,1791186571091590789,0.36602380871772766,0.35733434557914734,0.0042601036839187145,8925000000,8926000000
/simulation/chassis/cmd_vel,1791186571091701865,0.36602380871772766,0.35733434557914734,0.0042601036839187145,8925000000,8926000000
/cmd_vel,1791186571141583996,0.36602380871772766,0.35733434557914734,0.0042601036839187145,8975000000,8976000000
/simulation/chassis/cmd_vel,1791186571141699262,0.36602380871772766,0.35733434557914734,0.0042601036839187145,8975000000,8976000000
/cmd_vel_nav,1791186571189133439,0.3551558256149292,0.34999898076057434,0.017394408583641052,9022000000,9023000000
/cmd_vel,1791186571191616297,0.3551558256149292,0.34999898076057434,0.017394408583641052,9025000000,9026000000
/simulation/chassis/cmd_vel,1791186571191687039,0.3551558256149292,0.34999898076057434,0.017394408583641052,9025000000,9026000000
/cmd_vel,1791186571241585923,0.3551558256149292,0.34999898076057434,0.017394408583641052,9075000000,9076000000
/simulation/chassis/cmd_vel,1791186571241684958,0.3551558256149292,0.34999898076057434,0.017394408583641052,9075000000,9076000000
/cmd_vel_nav,1791186571287938068,0.3422686755657196,0.3331150710582733,0.03183598443865776,9121000000,9122000000
/cmd_vel,1791186571291618782,0.3422686755657196,0.3331150710582733,0.03183598443865776,9125000000,9126000000
/simulation/chassis/cmd_vel,1791186571291760186,0.3422686755657196,0.3331150710582733,0.03183598443865776,9125000000,9126000000
/cmd_vel,1791186571341682483,0.3422686755657196,0.3331150710582733,0.03183598443865776,9175000000,9176000000
/simulation/chassis/cmd_vel,1791186571341756837,0.3422686755657196,0.3331150710582733,0.03183598443865776,9175000000,9176000000
/cmd_vel_nav,1791186571387596722,0.33302947878837585,0.32025033235549927,0.04355452582240105,9221000000,9222000000
/cmd_vel,1791186571391558782,0.33302947878837585,0.32025033235549927,0.04355452582240105,9225000000,9226000000
/simulation/chassis/cmd_vel,1791186571391649889,0.33302947878837585,0.32025033235549927,0.04355452582240105,9225000000,9226000000
/cmd_vel,1791186571441615260,0.33302947878837585,0.32025033235549927,0.04355452582240105,9275000000,9276000000
/simulation/chassis/cmd_vel,1791186571441708536,0.33302947878837585,0.32025033235549927,0.04355452582240105,9275000000,9276000000
/cmd_vel_nav,1791186571487563919,0.3174797296524048,0.2531718909740448,0.10584868490695953,9321000000,9322000000
/cmd_vel,1791186571491556716,0.3174797296524048,0.2702503323554993,0.10584868490695953,9325000000,9326000000
/simulation/chassis/cmd_vel,1791186571491628411,0.3174797296524048,0.2702503323554993,0.10584868490695953,9325000000,9326000000
/cmd_vel,1791186571541612284,0.3174797296524048,0.2531718909740448,0.10584868490695953,9375000000,9376000000
/simulation/chassis/cmd_vel,1791186571541730325,0.3174797296524048,0.2531718909740448,0.10584868490695953,9375000000,9376000000
/cmd_vel_nav,1791186571587458107,0.29979652166366577,0.16655686497688293,0.14147637784481049,9421000000,9422000000
/cmd_vel,1791186571591648410,0.29979652166366577,0.2031718909740448,0.14147637784481049,9425000000,9426000000
/simulation/chassis/cmd_vel,1791186571591782449,0.29979652166366577,0.2031718909740448,0.14147637784481049,9425000000,9426000000
/cmd_vel,1791186571641609113,0.29979652166366577,0.16655686497688293,0.14147637784481049,9475000000,9476000000
/simulation/chassis/cmd_vel,1791186571641686529,0.29979652166366577,0.16655686497688293,0.14147637784481049,9475000000,9476000000
/cmd_vel_nav,1791186571687513681,0.2928699851036072,0.061855487525463104,0.1605740785598755,9521000000,9522000000
/cmd_vel,1791186571691563355,0.2928699851036072,0.11655686497688293,0.1605740785598755,9525000000,9526000000
/simulation/chassis/cmd_vel,1791186571691640437,0.2928699851036072,0.11655686497688293,0.1605740785598755,9525000000,9526000000
/cmd_vel,1791186571741613701,0.2928699851036072,0.06655686497688293,0.1605740785598755,9575000000,9576000000
/simulation/chassis/cmd_vel,1791186571741689822,0.2928699851036072,0.06655686497688293,0.1605740785598755,9575000000,9576000000
/cmd_vel_nav,1791186571787466147,0.28020647168159485,-0.03975542262196541,0.21354524791240692,9621000000,9622000000
/cmd_vel,1791186571791603134,0.28020647168159485,0.016556864976882926,0.21354524791240692,9625000000,9626000000
/simulation/chassis/cmd_vel,1791186571791652886,0.28020647168159485,0.016556864976882926,0.21354524791240692,9625000000,9626000000
/cmd_vel,1791186571841556996,0.28020647168159485,-0.03344313502311708,0.21354524791240692,9675000000,9676000000
/simulation/chassis/cmd_vel,1791186571841674997,0.28020647168159485,-0.03344313502311708,0.21354524791240692,9675000000,9676000000
/cmd_vel_nav,1791186571887361024,0.2536238431930542,-0.11634480953216553,0.23284007608890533,9721000000,9722000000
/cmd_vel,1791186571891554350,0.2536238431930542,-0.08344313502311708,0.23284007608890533,9725000000,9726000000
/simulation/chassis/cmd_vel,1791186571891643453,0.2536238431930542,-0.08344313502311708,0.23284007608890533,9725000000,9726000000
/cmd_vel,1791186571941565459,0.2536238431930542,-0.11634480953216553,0.23284007608890533,9775000000,9776000000
/simulation/chassis/cmd_vel,1791186571941691576,0.2536238431930542,-0.11634480953216553,0.23284007608890533,9775000000,9776000000
/cmd_vel_nav,1791186571988502196,0.22619105875492096,-0.17843219637870789,0.2404104471206665,9822000000,9823000000
/cmd_vel,1791186571991559687,0.22619105875492096,-0.16634480953216552,0.2404104471206665,9825000000,9826000000
/simulation/chassis/cmd_vel,1791186571991648550,0.22619105875492096,-0.16634480953216552,0.2404104471206665,9825000000,9826000000
/cmd_vel,1791186572041535899,0.22619105875492096,-0.17843219637870789,0.2404104471206665,9875000000,9876000000
/simulation/chassis/cmd_vel,1791186572041640324,0.22619105875492096,-0.17843219637870789,0.2404104471206665,9875000000,9876000000
/cmd_vel_nav,1791186572089151557,0.1104268953204155,-0.1911478191614151,0.14480338990688324,9922000000,9923000000
/cmd_vel,1791186572091582036,0.17619105875492097,-0.1911478191614151,0.14480338990688324,9925000000,9926000000
/simulation/chassis/cmd_vel,1791186572091679350,0.17619105875492097,-0.1911478191614151,0.14480338990688324,9925000000,9926000000
/cmd_vel,1791186572141562156,0.12619105875492098,-0.1911478191614151,0.14480338990688324,9975000000,9976000000
/simulation/chassis/cmd_vel,1791186572141703274,0.12619105875492098,-0.1911478191614151,0.14480338990688324,9975000000,9976000000
/cmd_vel_nav,1791186572188772379,0.07130493223667145,-0.20912395417690277,0.14215295016765594,10022000000,10023000000
/cmd_vel,1791186572191534974,0.07619105875492098,-0.20912395417690277,0.14215295016765594,10025000000,10026000000
/simulation/chassis/cmd_vel,1791186572191620758,0.07619105875492098,-0.20912395417690277,0.14215295016765594,10025000000,10026000000
/cmd_vel,1791186572241521822,0.07130493223667145,-0.20912395417690277,0.14215295016765594,10075000000,10076000000
/simulation/chassis/cmd_vel,1791186572241630235,0.07130493223667145,-0.20912395417690277,0.14215295016765594,10075000000,10076000000
/cmd_vel_nav,1791186572288105685,-0.021960463374853134,-0.19571642577648163,0.10338535159826279,10121000000,10122000000
/cmd_vel,1791186572291553796,0.021304932236671445,-0.19571642577648163,0.10338535159826279,10125000000,10126000000
/simulation/chassis/cmd_vel,1791186572291657088,0.021304932236671445,-0.19571642577648163,0.10338535159826279,10125000000,10126000000
/cmd_vel,1791186572341567006,-0.021960463374853134,-0.19571642577648163,0.10338535159826279,10175000000,10176000000
/simulation/chassis/cmd_vel,1791186572341668764,-0.021960463374853134,-0.19571642577648163,0.10338535159826279,10175000000,10176000000
/cmd_vel_nav,1791186572388629023,-0.09191779047250748,-0.18412113189697266,0.10341909527778625,10222000000,10223000000
/cmd_vel,1791186572391578461,-0.07196046337485314,-0.18412113189697266,0.10341909527778625,10225000000,10226000000
/simulation/chassis/cmd_vel,1791186572391700974,-0.07196046337485314,-0.18412113189697266,0.10341909527778625,10225000000,10226000000
/cmd_vel,1791186572441556996,-0.09191779047250748,-0.18412113189697266,0.10341909527778625,10275000000,10276000000
/simulation/chassis/cmd_vel,1791186572441653346,-0.09191779047250748,-0.18412113189697266,0.10341909527778625,10275000000,10276000000
/cmd_vel,1791186572491535549,-0.09191779047250748,-0.18412113189697266,0.10341909527778625,10325000000,10326000000
/simulation/chassis/cmd_vel,1791186572491628340,-0.09191779047250748,-0.18412113189697266,0.10341909527778625,10325000000,10326000000
/cmd_vel_nav,1791186572508982254,-0.12399999797344208,-0.1876474767923355,0.12379932403564453,10342000000,10343000000
/cmd_vel,1791186572541529995,-0.12399999797344208,-0.1876474767923355,0.12379932403564453,10375000000,10376000000
/simulation/chassis/cmd_vel,1791186572541660173,-0.12399999797344208,-0.1876474767923355,0.12379932403564453,10375000000,10376000000
/cmd_vel,1791186572591554671,-0.12399999797344208,-0.1876474767923355,0.12379932403564453,10425000000,10426000000
/simulation/chassis/cmd_vel,1791186572591655175,-0.12399999797344208,-0.1876474767923355,0.12379932403564453,10425000000,10426000000
/cmd_vel_nav,1791186572610149894,-0.13854394853115082,-0.21658064424991608,0.07981938123703003,10443000000,10444000000
/cmd_vel,1791186572641554459,-0.13854394853115082,-0.21658064424991608,0.07981938123703003,10475000000,10476000000
/simulation/chassis/cmd_vel,1791186572641714420,-0.13854394853115082,-0.21658064424991608,0.07981938123703003,10475000000,10476000000
/cmd_vel,1791186572691584068,-0.13854394853115082,-0.21658064424991608,0.07981938123703003,10525000000,10526000000
/simulation/chassis/cmd_vel,1791186572691682201,-0.13854394853115082,-0.21658064424991608,0.07981938123703003,10525000000,10526000000
/cmd_vel_nav,1791186572710198435,-0.15469351410865784,-0.2466927170753479,0.01100430078804493,10543000000,10544000000
/cmd_vel,1791186572741575754,-0.15469351410865784,-0.2466927170753479,0.01100430078804493,10575000000,10576000000
/simulation/chassis/cmd_vel,1791186572741663775,-0.15469351410865784,-0.2466927170753479,0.01100430078804493,10575000000,10576000000
/cmd_vel,1791186572791547874,-0.15469351410865784,-0.2466927170753479,0.01100430078804493,10625000000,10626000000
/simulation/chassis/cmd_vel,1791186572791638329,-0.15469351410865784,-0.2466927170753479,0.01100430078804493,10625000000,10626000000
/cmd_vel_nav,1791186572800106867,-0.17197838425636292,-0.2776815593242645,-0.07852299511432648,10633000000,10634000000
/cmd_vel,1791186572841573806,-0.17197838425636292,-0.2776815593242645,-0.07852299511432648,10675000000,10676000000
/simulation/chassis/cmd_vel,1791186572841644571,-0.17197838425636292,-0.2776815593242645,-0.07852299511432648,10675000000,10676000000
/cmd_vel,1791186572891550801,-0.17197838425636292,-0.2776815593242645,-0.07852299511432648,10725000000,10726000000
/simulation/chassis/cmd_vel,1791186572891618847,-0.17197838425636292,-0.2776815593242645,-0.07852299511432648,10725000000,10726000000
/cmd_vel_nav,1791186572900108692,-0.19388748705387115,-0.30652523040771484,-0.1735236942768097,10733000000,10734000000
/cmd_vel,1791186572941536900,-0.19388748705387115,-0.30652523040771484,-0.1735236942768097,10775000000,10776000000
/simulation/chassis/cmd_vel,1791186572941674167,-0.19388748705387115,-0.30652523040771484,-0.1735236942768097,10775000000,10776000000
/cmd_vel,1791186572991560274,-0.19388748705387115,-0.30652523040771484,-0.1735236942768097,10825000000,10826000000
/simulation/chassis/cmd_vel,1791186572991656821,-0.19388748705387115,-0.30652523040771484,-0.1735236942768097,10825000000,10826000000
/cmd_vel_nav,1791186572999938917,-0.21389897167682648,-0.33961817622184753,-0.2582293152809143,10833000000,10834000000
/cmd_vel,1791186573041544456,-0.21389897167682648,-0.33961817622184753,-0.2582293152809143,10875000000,10876000000
/simulation/chassis/cmd_vel,1791186573041636457,-0.21389897167682648,-0.33961817622184753,-0.2582293152809143,10875000000,10876000000
/cmd_vel,1791186573091550968,-0.21389897167682648,-0.33961817622184753,-0.2582293152809143,10925000000,10926000000
/simulation/chassis/cmd_vel,1791186573091699724,-0.21389897167682648,-0.33961817622184753,-0.2582293152809143,10925000000,10926000000
/cmd_vel_nav,1791186573097623715,-0.22561241686344147,-0.36813363432884216,-0.3350101709365845,10931000000,10932000000
/cmd_vel,1791186573141542007,-0.22561241686344147,-0.36813363432884216,-0.3350101709365845,10975000000,10976000000
/simulation/chassis/cmd_vel,1791186573141680636,-0.22561241686344147,-0.36813363432884216,-0.3350101709365845,10975000000,10976000000
/cmd_vel,1791186573191593299,-0.22561241686344147,-0.36813363432884216,-0.3350101709365845,11025000000,11026000000
/simulation/chassis/cmd_vel,1791186573191655413,-0.22561241686344147,-0.36813363432884216,-0.3350101709365845,11025000000,11026000000
/cmd_vel_nav,1791186573197762346,-0.2283412218093872,-0.3878385126590729,-0.40007030963897705,11031000000,11032000000
/cmd_vel,1791186573241543837,-0.2283412218093872,-0.3878385126590729,-0.40007030963897705,11075000000,11076000000
/simulation/chassis/cmd_vel,1791186573241649201,-0.2283412218093872,-0.3878385126590729,-0.40007030963897705,11075000000,11076000000
/cmd_vel,1791186573291556611,-0.2283412218093872,-0.3878385126590729,-0.40007030963897705,11125000000,11126000000
/simulation/chassis/cmd_vel,1791186573291611088,-0.2283412218093872,-0.3878385126590729,-0.40007030963897705,11125000000,11126000000
/cmd_vel_nav,1791186573300014915,-0.2214730829000473,-0.40310171246528625,-0.4610269069671631,11133000000,11134000000
/cmd_vel,1791186573341529678,-0.2214730829000473,-0.40310171246528625,-0.4610269069671631,11175000000,11176000000
/simulation/chassis/cmd_vel,1791186573341634937,-0.2214730829000473,-0.40310171246528625,-0.4610269069671631,11175000000,11176000000
/cmd_vel,1791186573391582180,-0.2214730829000473,-0.40310171246528625,-0.4610269069671631,11225000000,11226000000
/simulation/chassis/cmd_vel,1791186573391693234,-0.2214730829000473,-0.40310171246528625,-0.4610269069671631,11225000000,11226000000
/cmd_vel_nav,1791186573399991814,-0.21240176260471344,-0.41512420773506165,-0.5186063647270203,11233000000,11234000000
/cmd_vel,1791186573441660155,-0.21240176260471344,-0.41512420773506165,-0.5186063647270203,11275000000,11276000000
/simulation/chassis/cmd_vel,1791186573441897623,-0.21240176260471344,-0.41512420773506165,-0.5186063647270203,11275000000,11276000000
/cmd_vel,1791186573491548570,-0.21240176260471344,-0.41512420773506165,-0.5186063647270203,11325000000,11326000000
/simulation/chassis/cmd_vel,1791186573491672529,-0.21240176260471344,-0.41512420773506165,-0.5186063647270203,11325000000,11326000000
/cmd_vel_nav,1791186573500321014,-0.20456238090991974,-0.42757123708724976,-0.5705607533454895,11333000000,11334000000
/cmd_vel,1791186573541574902,-0.20456238090991974,-0.42757123708724976,-0.5705607533454895,11374000000,11375000000
/simulation/chassis/cmd_vel,1791186573541657625,-0.20456238090991974,-0.42757123708724976,-0.5705607533454895,11374000000,11375000000
/cmd_vel,1791186573591563125,-0.20456238090991974,-0.42757123708724976,-0.5705607533454895,11423000000,11424000000
/simulation/chassis/cmd_vel,1791186573591696669,-0.20456238090991974,-0.42757123708724976,-0.5705607533454895,11424000000,11425000000
/cmd_vel_nav,1791186573600343910,-0.19268713891506195,-0.44198498129844666,-0.6199158430099487,11432000000,11433000000
/cmd_vel,1791186573641518383,-0.19268713891506195,-0.44198498129844666,-0.6199158430099487,11474000000,11475000000
/simulation/chassis/cmd_vel,1791186573641583396,-0.19268713891506195,-0.44198498129844666,-0.6199158430099487,11474000000,11475000000
/cmd_vel,1791186573691540847,-0.19268713891506195,-0.44198498129844666,-0.6199158430099487,11524000000,11525000000
/simulation/chassis/cmd_vel,1791186573691644295,-0.19268713891506195,-0.44198498129844666,-0.6199158430099487,11524000000,11525000000
/cmd_vel_nav,1791186573700335627,-0.17445136606693268,-0.45439058542251587,-0.6422926187515259,11532000000,11533000000
/cmd_vel,1791186573741513889,-0.17445136606693268,-0.45439058542251587,-0.6422926187515259,11574000000,11575000000
/simulation/chassis/cmd_vel,1791186573741554189,-0.17445136606693268,-0.45439058542251587,-0.6422926187515259,11574000000,11575000000
/cmd_vel,1791186573791525975,-0.17445136606693268,-0.45439058542251587,-0.6422926187515259,11623000000,11624000000
/simulation/chassis/cmd_vel,1791186573791652657,-0.17445136606693268,-0.45439058542251587,-0.6422926187515259,11624000000,11625000000
/cmd_vel_nav,1791186573798067011,-0.15409962832927704,-0.4665626585483551,-0.6424544453620911,11630000000,11631000000
/cmd_vel,1791186573841508147,-0.15409962832927704,-0.4665626585483551,-0.6424544453620911,11674000000,11675000000
/simulation/chassis/cmd_vel,1791186573841688734,-0.15409962832927704,-0.4665626585483551,-0.6424544453620911,11674000000,11675000000
/cmd_vel_nav,1791186573888513643,-0.13239912688732147,-0.4781253933906555,-0.6455352902412415,11721000000,11722000000
/cmd_vel,1791186573891537210,-0.13239912688732147,-0.4781253933906555,-0.6455352902412415,11724000000,11725000000
/simulation/chassis/cmd_vel,1791186573891614924,-0.13239912688732147,-0.4781253933906555,-0.6455352902412415,11724000000,11725000000
/cmd_vel,1791186573941558193,-0.13239912688732147,-0.4781253933906555,-0.6455352902412415,11774000000,11775000000
/simulation/chassis/cmd_vel,1791186573941674503,-0.13239912688732147,-0.4781253933906555,-0.6455352902412415,11774000000,11775000000
/cmd_vel_nav,1791186573988088534,-0.11157025396823883,-0.48644042015075684,-0.6439771056175232,11820000000,11821000000
/cmd_vel,1791186573991573591,-0.11157025396823883,-0.48644042015075684,-0.6439771056175232,11823000000,11824000000
/simulation/chassis/cmd_vel,1791186573991738697,-0.11157025396823883,-0.48644042015075684,-0.6439771056175232,11824000000,11825000000
/cmd_vel,1791186574041519717,-0.11157025396823883,-0.48644042015075684,-0.6439771056175232,11874000000,11875000000
/simulation/chassis/cmd_vel,1791186574041620422,-0.11157025396823883,-0.48644042015075684,-0.6439771056175232,11874000000,11875000000
/cmd_vel_nav,1791186574087552556,-0.08873515576124191,-0.49385273456573486,-0.6400693655014038,11920000000,11921000000
/cmd_vel,1791186574091513500,-0.08873515576124191,-0.49385273456573486,-0.6400693655014038,11924000000,11925000000
/simulation/chassis/cmd_vel,1791186574091631193,-0.08873515576124191,-0.49385273456573486,-0.6400693655014038,11924000000,11925000000
/cmd_vel,1791186574141544927,-0.08873515576124191,-0.49385273456573486,-0.6400693655014038,11973000000,11974000000
/simulation/chassis/cmd_vel,1791186574141616006,-0.08873515576124191,-0.49385273456573486,-0.6400693655014038,11974000000,11975000000
/cmd_vel_nav,1791186574188806662,-0.07111883908510208,-0.5013324618339539,-0.6355443000793457,12021000000,12022000000
/cmd_vel,1791186574191539968,-0.07111883908510208,-0.5,-0.6355443000793457,12024000000,12025000000
/simulation/chassis/cmd_vel,1791186574191656210,-0.07111883908510208,-0.5,-0.6355443000793457,12024000000,12025000000
/cmd_vel,1791186574241501694,-0.07111883908510208,-0.5,-0.6355443000793457,12074000000,12075000000
/simulation/chassis/cmd_vel,1791186574241594804,-0.07111883908510208,-0.5,-0.6355443000793457,12074000000,12075000000
/cmd_vel_nav,1791186574289117355,-0.05751669406890869,-0.5016452074050903,-0.6350509524345398,12121000000,12122000000
/cmd_vel,1791186574291533139,-0.05751669406890869,-0.5,-0.6350509524345398,12124000000,12125000000
/simulation/chassis/cmd_vel,1791186574291625710,-0.05751669406890869,-0.5,-0.6350509524345398,12124000000,12125000000
/cmd_vel,1791186574341506837,-0.05751669406890869,-0.5,-0.6350509524345398,12174000000,12175000000
/simulation/chassis/cmd_vel,1791186574341618119,-0.05751669406890869,-0.5,-0.6350509524345398,12174000000,12175000000
/cmd_vel_nav,1791186574388473635,-0.047685086727142334,-0.5012608766555786,-0.6414319276809692,12220000000,12221000000
/cmd_vel,1791186574391575975,-0.047685086727142334,-0.5,-0.6414319276809692,12224000000,12225000000
/simulation/chassis/cmd_vel,1791186574391770753,-0.047685086727142334,-0.5,-0.6414319276809692,12224000000,12225000000
/cmd_vel,1791186574441591196,-0.047685086727142334,-0.5,-0.6414319276809692,12274000000,12275000000
/simulation/chassis/cmd_vel,1791186574441964286,-0.047685086727142334,-0.5,-0.6414319276809692,12274000000,12275000000
/cmd_vel_nav,1791186574488740569,-0.03490718454122543,-0.500474750995636,-0.6551049947738647,12321000000,12322000000
/cmd_vel,1791186574491525190,-0.03490718454122543,-0.5,-0.6551049947738647,12324000000,12325000000
/simulation/chassis/cmd_vel,1791186574491665087,-0.03490718454122543,-0.5,-0.6551049947738647,12324000000,12325000000
/cmd_vel,1791186574541504505,-0.03490718454122543,-0.5,-0.6551049947738647,12374000000,12375000000
/simulation/chassis/cmd_vel,1791186574541652207,-0.03490718454122543,-0.5,-0.6551049947738647,12374000000,12375000000
/cmd_vel_nav,1791186574588454565,-0.019205816090106964,-0.5000776648521423,-0.6698830127716064,12421000000,12422000000
/cmd_vel,1791186574591530110,-0.019205816090106964,-0.5,-0.6698830127716064,12424000000,12425000000
/simulation/chassis/cmd_vel,1791186574591654538,-0.019205816090106964,-0.5,-0.6698830127716064,12424000000,12425000000
/cmd_vel,1791186574641537415,-0.019205816090106964,-0.5,-0.6698830127716064,12474000000,12475000000
/simulation/chassis/cmd_vel,1791186574641647096,-0.019205816090106964,-0.5,-0.6698830127716064,12474000000,12475000000
/cmd_vel_nav,1791186574687545692,-0.0049627916887402534,-0.499933123588562,-0.6826278567314148,12519000000,12520000000
/cmd_vel,1791186574691523411,-0.0049627916887402534,-0.499933123588562,-0.6826278567314148,12523000000,12524000000
/simulation/chassis/cmd_vel,1791186574691590004,-0.0049627916887402534,-0.499933123588562,-0.6826278567314148,12524000000,12525000000
/simulation/chassis/cmd_vel,1791186574741685846,-0.0049627916887402534,-0.499933123588562,-0.6826278567314148,12574000000,12575000000
/cmd_vel,1791186574741701251,-0.0049627916887402534,-0.499933123588562,-0.6826278567314148,12574000000,12575000000
/cmd_vel_nav,1791186574788744347,0.010538296774029732,-0.49992960691452026,-0.6904091835021973,12621000000,12622000000
/cmd_vel,1791186574791495410,0.010538296774029732,-0.49992960691452026,-0.6904091835021973,12624000000,12625000000
/simulation/chassis/cmd_vel,1791186574791599521,0.010538296774029732,-0.49992960691452026,-0.6904091835021973,12624000000,12625000000
/cmd_vel,1791186574841569190,0.010538296774029732,-0.49992960691452026,-0.6904091835021973,12674000000,12675000000
/simulation/chassis/cmd_vel,1791186574841749622,0.010538296774029732,-0.49992960691452026,-0.6904091835021973,12674000000,12675000000
/cmd_vel_nav,1791186574889174783,0.026502789929509163,-0.4999614953994751,-0.6954377889633179,12721000000,12722000000
/cmd_vel,1791186574891480327,0.026502789929509163,-0.4999614953994751,-0.6954377889633179,12724000000,12725000000
/simulation/chassis/cmd_vel,1791186574891606504,0.026502789929509163,-0.4999614953994751,-0.6954377889633179,12724000000,12725000000
/cmd_vel,1791186574941520986,0.026502789929509163,-0.4999614953994751,-0.6954377889633179,12773000000,12774000000
/simulation/chassis/cmd_vel,1791186574941701384,0.026502789929509163,-0.4999614953994751,-0.6954377889633179,12774000000,12775000000
/cmd_vel_nav,1791186574989540120,0.04383951425552368,-0.49998778104782104,-0.6975666880607605,12821000000,12822000000
/cmd_vel,1791186574991507571,0.04383951425552368,-0.49998778104782104,-0.6975666880607605,12823000000,12824000000
/simulation/chassis/cmd_vel,1791186574991688213,0.04383951425552368,-0.49998778104782104,-0.6975666880607605,12824000000,12825000000
/cmd_vel,1791186575041546357,0.04383951425552368,-0.49998778104782104,-0.6975666880607605,12874000000,12875000000
/simulation/chassis/cmd_vel,1791186575041704502,0.04383951425552368,-0.49998778104782104,-0.6975666880607605,12874000000,12875000000
/cmd_vel_nav,1791186575088137798,0.05965220928192139,-0.5000001788139343,-0.6948899626731873,12920000000,12921000000
/cmd_vel,1791186575091515262,0.05965220928192139,-0.5,-0.6948899626731873,12923000000,12924000000
/simulation/chassis/cmd_vel,1791186575091677141,0.05965220928192139,-0.5,-0.6948899626731873,12924000000,12925000000
/simulation/chassis/cmd_vel,1791186575141795525,0.05965220928192139,-0.5,-0.6948899626731873,12973000000,12974000000
/cmd_vel,1791186575141814909,0.05965220928192139,-0.5,-0.6948899626731873,12973000000,12974000000
/cmd_vel_nav,1791186575187448975,0.07712402194738388,-0.5000032782554626,-0.689454197883606,13019000000,13020000000
/cmd_vel,1791186575191516347,0.07712402194738388,-0.5,-0.689454197883606,13024000000,13025000000
/simulation/chassis/cmd_vel,1791186575191626014,0.07712402194738388,-0.5,-0.689454197883606,13024000000,13025000000
/cmd_vel,1791186575241551874,0.07712402194738388,-0.5,-0.689454197883606,13073000000,13074000000
/simulation/chassis/cmd_vel,1791186575241721887,0.07712402194738388,-0.5,-0.689454197883606,13074000000,13075000000
/cmd_vel_nav,1791186575289253152,0.09303342550992966,-0.5000024437904358,-0.6852508187294006,13121000000,13122000000
/simulation/chassis/cmd_vel,1791186575291575062,0.09303342550992966,-0.5,-0.6852508187294006,13123000000,13124000000
/cmd_vel,1791186575291595215,0.09303342550992966,-0.5,-0.6852508187294006,13123000000,13124000000
/cmd_vel,1791186575341470793,0.09303342550992966,-0.5,-0.6852508187294006,13174000000,13175000000
/simulation/chassis/cmd_vel,1791186575341596371,0.09303342550992966,-0.5,-0.6852508187294006,13174000000,13175000000
/cmd_vel_nav,1791186575389471164,0.1060747280716896,-0.5000011324882507,-0.6822803020477295,13222000000,13223000000
/cmd_vel,1791186575391527957,0.1060747280716896,-0.5,-0.6822803020477295,13223000000,13224000000
/simulation/chassis/cmd_vel,1791186575391689417,0.1060747280716896,-0.5,-0.6822803020477295,13224000000,13225000000
/cmd_vel,1791186575441513161,0.1060747280716896,-0.5,-0.6822803020477295,13273000000,13274000000
/simulation/chassis/cmd_vel,1791186575441853063,0.1060747280716896,-0.5,-0.6822803020477295,13274000000,13275000000
/cmd_vel_nav,1791186575489260528,0.11820755153894424,-0.5000001788139343,-0.6800395250320435,13321000000,13322000000
/cmd_vel,1791186575491445655,0.11820755153894424,-0.5,-0.6800395250320435,13324000000,13325000000
/simulation/chassis/cmd_vel,1791186575491593640,0.11820755153894424,-0.5,-0.6800395250320435,13324000000,13325000000
/cmd_vel,1791186575541515193,0.11820755153894424,-0.5,-0.6800395250320435,13374000000,13375000000
/simulation/chassis/cmd_vel,1791186575541635057,0.11820755153894424,-0.5,-0.6800395250320435,13374000000,13375000000
/cmd_vel_nav,1791186575589373518,0.13026735186576843,-0.49999988079071045,-0.6778991222381592,13421000000,13422000000
/cmd_vel,1791186575591516276,0.13026735186576843,-0.49999988079071045,-0.6778991222381592,13424000000,13425000000
/simulation/chassis/cmd_vel,1791186575591592307,0.13026735186576843,-0.49999988079071045,-0.6778991222381592,13424000000,13425000000
/cmd_vel,1791186575641582271,0.13026735186576843,-0.49999988079071045,-0.6778991222381592,13473000000,13474000000
/simulation/chassis/cmd_vel,1791186575641662938,0.13026735186576843,-0.49999988079071045,-0.6778991222381592,13474000000,13475000000
/cmd_vel,1791186575691462577,0.13026735186576843,-0.49999988079071045,-0.6778991222381592,13523000000,13524000000
/simulation/chassis/cmd_vel,1791186575691580756,0.13026735186576843,-0.49999988079071045,-0.6778991222381592,13524000000,13525000000
/cmd_vel_nav,1791186575709532486,0.14310592412948608,-0.4999998211860657,-0.6794713139533997,13542000000,13543000000
/cmd_vel,1791186575741499527,0.14310592412948608,-0.4999998211860657,-0.6794713139533997,13573000000,13574000000
/simulation/chassis/cmd_vel,1791186575741569321,0.14310592412948608,-0.4999998211860657,-0.6794713139533997,13574000000,13575000000
/cmd_vel,1791186575791506119,0.14310592412948608,-0.4999998211860657,-0.6794713139533997,13624000000,13625000000
/simulation/chassis/cmd_vel,1791186575791593285,0.14310592412948608,-0.4999998211860657,-0.6794713139533997,13624000000,13625000000
/cmd_vel_nav,1791186575809577671,0.1569458544254303,-0.49999988079071045,-0.6780831217765808,13642000000,13643000000
/cmd_vel,1791186575841534564,0.1569458544254303,-0.49999988079071045,-0.6780831217765808,13674000000,13675000000
/simulation/chassis/cmd_vel,1791186575841645070,0.1569458544254303,-0.49999988079071045,-0.6780831217765808,13674000000,13675000000
/cmd_vel,1791186575891555535,0.1569458544254303,-0.49999988079071045,-0.6780831217765808,13724000000,13725000000
/simulation/chassis/cmd_vel,1791186575891624592,0.1569458544254303,-0.49999988079071045,-0.6780831217765808,13724000000,13725000000
/cmd_vel_nav,1791186575909409376,0.17192770540714264,-0.4999999403953552,-0.6777827143669128,13741000000,13742000000
/cmd_vel,1791186575941493526,0.17192770540714264,-0.4999999403953552,-0.6777827143669128,13773000000,13774000000
/simulation/chassis/cmd_vel,1791186575941564832,0.17192770540714264,-0.4999999403953552,-0.6777827143669128,13774000000,13775000000
/cmd_vel,1791186575991470693,0.17192770540714264,-0.4999999403953552,-0.6777827143669128,13824000000,13825000000
/simulation/chassis/cmd_vel,1791186575991635888,0.17192770540714264,-0.4999999403953552,-0.6777827143669128,13824000000,13825000000
/cmd_vel_nav,1791186576009450764,0.18703795969486237,-0.4999999403953552,-0.6680508852005005,13841000000,13842000000
/cmd_vel,1791186576041577025,0.18703795969486237,-0.4999999403953552,-0.6680508852005005,13874000000,13875000000
/simulation/chassis/cmd_vel,1791186576041683278,0.18703795969486237,-0.4999999403953552,-0.6680508852005005,13874000000,13875000000
/cmd_vel,1791186576091514203,0.18703795969486237,-0.4999999403953552,-0.6680508852005005,13923000000,13924000000
/simulation/chassis/cmd_vel,1791186576091681078,0.18703795969486237,-0.4999999403953552,-0.6680508852005005,13924000000,13925000000
/cmd_vel_nav,1791186576099485083,0.2051478773355484,-0.4999999403953552,-0.6615554690361023,13931000000,13932000000
/cmd_vel,1791186576141559049,0.2051478773355484,-0.4999999403953552,-0.6615554690361023,13973000000,13974000000
/simulation/chassis/cmd_vel,1791186576141629991,0.2051478773355484,-0.4999999403953552,-0.6615554690361023,13974000000,13975000000
/cmd_vel,1791186576191575775,0.2051478773355484,-0.4999999403953552,-0.6615554690361023,14024000000,14025000000
/simulation/chassis/cmd_vel,1791186576191679395,0.2051478773355484,-0.4999999403953552,-0.6615554690361023,14024000000,14025000000
/cmd_vel_nav,1791186576199583031,0.22342778742313385,-0.4999999403953552,-0.6579526662826538,14032000000,14033000000
/cmd_vel,1791186576241502678,0.22342778742313385,-0.4999999403953552,-0.6579526662826538,14073000000,14074000000
/simulation/chassis/cmd_vel,1791186576241585852,0.22342778742313385,-0.4999999403953552,-0.6579526662826538,14074000000,14075000000
/cmd_vel,1791186576291490716,0.22342778742313385,-0.4999999403953552,-0.6579526662826538,14123000000,14124000000
/simulation/chassis/cmd_vel,1791186576291565370,0.22342778742313385,-0.4999999403953552,-0.6579526662826538,14124000000,14125000000
/cmd_vel_nav,1791186576299678818,0.2439359724521637,-0.5007190108299255,-0.6554108262062073,14132000000,14133000000
/cmd_vel,1791186576341475577,0.2439359724521637,-0.5,-0.6554108262062073,14174000000,14175000000
/simulation/chassis/cmd_vel,1791186576341617060,0.2439359724521637,-0.5,-0.6554108262062073,14174000000,14175000000
/cmd_vel,1791186576391555604,0.2439359724521637,-0.5,-0.6554108262062073,14223000000,14224000000
/simulation/chassis/cmd_vel,1791186576391692267,0.2439359724521637,-0.5,-0.6554108262062073,14224000000,14225000000
/cmd_vel_nav,1791186576399597723,0.2636041045188904,-0.501808226108551,-0.6542285680770874,14232000000,14233000000
/cmd_vel,1791186576441538307,0.2636041045188904,-0.5,-0.6542285680770874,14273000000,14274000000
/simulation/chassis/cmd_vel,1791186576441628188,0.2636041045188904,-0.5,-0.6542285680770874,14274000000,14275000000
/cmd_vel,1791186576491616830,0.2636041045188904,-0.5,-0.6542285680770874,14323000000,14324000000
/simulation/chassis/cmd_vel,1791186576491650924,0.2636041045188904,-0.5,-0.6542285680770874,14324000000,14325000000
/cmd_vel_nav,1791186576499445607,0.2820122241973877,-0.5032036900520325,-0.6506836414337158,14331000000,14332000000
/cmd_vel,1791186576541492749,0.2820122241973877,-0.5,-0.6506836414337158,14374000000,14375000000
/simulation/chassis/cmd_vel,1791186576541594553,0.2820122241973877,-0.5,-0.6506836414337158,14374000000,14375000000
/cmd_vel,1791186576591515390,0.2820122241973877,-0.5,-0.6506836414337158,14424000000,14425000000
/simulation/chassis/cmd_vel,1791186576591552551,0.2820122241973877,-0.5,-0.6506836414337158,14424000000,14425000000
/cmd_vel_nav,1791186576599489310,0.29970380663871765,-0.5050088763237,-0.6450157165527344,14431000000,14432000000
/cmd_vel,1791186576641514927,0.29970380663871765,-0.5,-0.6450157165527344,14473000000,14474000000
/simulation/chassis/cmd_vel,1791186576641610484,0.29970380663871765,-0.5,-0.6450157165527344,14474000000,14475000000
/cmd_vel,1791186576691485131,0.29970380663871765,-0.5,-0.6450157165527344,14523000000,14524000000
/simulation/chassis/cmd_vel,1791186576691670029,0.29970380663871765,-0.5,-0.6450157165527344,14524000000,14525000000
/cmd_vel_nav,1791186576698788128,0.3173426687717438,-0.5060200095176697,-0.6375128030776978,14531000000,14532000000
/cmd_vel,1791186576741518365,0.3173426687717438,-0.5,-0.6375128030776978,14574000000,14575000000
/simulation/chassis/cmd_vel,1791186576741646031,0.3173426687717438,-0.5,-0.6375128030776978,14574000000,14575000000
/cmd_vel,1791186576791491511,0.3173426687717438,-0.5,-0.6375128030776978,14624000000,14625000000
/simulation/chassis/cmd_vel,1791186576791614454,0.3173426687717438,-0.5,-0.6375128030776978,14624000000,14625000000
/cmd_vel_nav,1791186576797782134,0.33216995000839233,-0.5072958469390869,-0.6272710561752319,14630000000,14631000000
/cmd_vel,1791186576841459976,0.33216995000839233,-0.5,-0.6272710561752319,14674000000,14675000000
/simulation/chassis/cmd_vel,1791186576841556944,0.33216995000839233,-0.5,-0.6272710561752319,14674000000,14675000000
/cmd_vel,1791186576891553868,0.33216995000839233,-0.5,-0.6272710561752319,14723000000,14724000000
/simulation/chassis/cmd_vel,1791186576891628062,0.33216995000839233,-0.5,-0.6272710561752319,14724000000,14725000000
/cmd_vel_nav,1791186576898163080,0.345560222864151,-0.5080288052558899,-0.6162759065628052,14730000000,14731000000
/cmd_vel,1791186576941534020,0.345560222864151,-0.5,-0.6162759065628052,14773000000,14774000000
/simulation/chassis/cmd_vel,1791186576941716091,0.345560222864151,-0.5,-0.6162759065628052,14774000000,14775000000
/cmd_vel,1791186576991436505,0.345560222864151,-0.5,-0.6162759065628052,14824000000,14825000000
/simulation/chassis/cmd_vel,1791186576991547253,0.345560222864151,-0.5,-0.6162759065628052,14824000000,14825000000
/cmd_vel_nav,1791186576997856888,0.3574780523777008,-0.5087361335754395,-0.6041194796562195,14830000000,14831000000
/cmd_vel,1791186577041496530,0.3574780523777008,-0.5,-0.6041194796562195,14873000000,14874000000
/simulation/chassis/cmd_vel,1791186577041556408,0.3574780523777008,-0.5,-0.6041194796562195,14874000000,14875000000
/cmd_vel_nav,1791186577087570912,0.3672807216644287,-0.5091484785079956,-0.5923260450363159,14919000000,14920000000
/cmd_vel,1791186577091511767,0.3672807216644287,-0.5,-0.5923260450363159,14923000000,14924000000
/simulation/chassis/cmd_vel,1791186577091674133,0.3672807216644287,-0.5,-0.5923260450363159,14924000000,14925000000
/cmd_vel,1791186577141491815,0.3672807216644287,-0.5,-0.5923260450363159,14973000000,14974000000
/simulation/chassis/cmd_vel,1791186577141630402,0.3672807216644287,-0.5,-0.5923260450363159,14974000000,14975000000
/cmd_vel_nav,1791186577188038949,0.37671971321105957,-0.5086128115653992,-0.5807058215141296,15020000000,15021000000
/cmd_vel,1791186577191522873,0.37671971321105957,-0.5,-0.5807058215141296,15023000000,15024000000
/simulation/chassis/cmd_vel,1791186577191676658,0.37671971321105957,-0.5,-0.5807058215141296,15024000000,15025000000
/cmd_vel,1791186577241448832,0.37671971321105957,-0.5,-0.5807058215141296,15073000000,15074000000
/simulation/chassis/cmd_vel,1791186577241545361,0.37671971321105957,-0.5,-0.5807058215141296,15074000000,15075000000
/cmd_vel_nav,1791186577289215535,0.38643279671669006,-0.5075391530990601,-0.5705539584159851,15121000000,15122000000
/cmd_vel,1791186577291532764,0.38643279671669006,-0.5,-0.5705539584159851,15123000000,15124000000
/simulation/chassis/cmd_vel,1791186577291700755,0.38643279671669006,-0.5,-0.5705539584159851,15124000000,15125000000
/cmd_vel,1791186577341424710,0.38643279671669006,-0.5,-0.5705539584159851,15174000000,15175000000
/simulation/chassis/cmd_vel,1791186577341496934,0.38643279671669006,-0.5,-0.5705539584159851,15174000000,15175000000
/cmd_vel_nav,1791186577387648124,0.39573001861572266,-0.5063728094100952,-0.5608401894569397,15220000000,15221000000
/cmd_vel,1791186577391432431,0.39573001861572266,-0.5,-0.5608401894569397,15223000000,15224000000
/simulation/chassis/cmd_vel,1791186577391606859,0.39573001861572266,-0.5,-0.5608401894569397,15224000000,15225000000
/cmd_vel,1791186577441427763,0.39573001861572266,-0.5,-0.5608401894569397,15273000000,15274000000
/simulation/chassis/cmd_vel,1791186577441660747,0.39573001861572266,-0.5,-0.5608401894569397,15274000000,15275000000
/cmd_vel_nav,1791186577487366395,0.40486520528793335,-0.5053958296775818,-0.5521026253700256,15319000000,15320000000
/cmd_vel,1791186577491449398,0.40486520528793335,-0.5,-0.5521026253700256,15324000000,15325000000
/simulation/chassis/cmd_vel,1791186577491570740,0.40486520528793335,-0.5,-0.5521026253700256,15324000000,15325000000
/cmd_vel,1791186577541496511,0.40486520528793335,-0.5,-0.5521026253700256,15373000000,15374000000
/simulation/chassis/cmd_vel,1791186577541584560,0.40486520528793335,-0.5,-0.5521026253700256,15374000000,15375000000
/cmd_vel_nav,1791186577587696912,0.4168904423713684,-0.504184901714325,-0.5432353019714355,15420000000,15421000000
/cmd_vel,1791186577591548972,0.4168904423713684,-0.5,-0.5432353019714355,15423000000,15424000000
/simulation/chassis/cmd_vel,1791186577591613623,0.4168904423713684,-0.5,-0.5432353019714355,15424000000,15425000000
/cmd_vel,1791186577641486208,0.4168904423713684,-0.5,-0.5432353019714355,15473000000,15474000000
/simulation/chassis/cmd_vel,1791186577641634603,0.4168904423713684,-0.5,-0.5432353019714355,15474000000,15475000000
/cmd_vel_nav,1791186577688114731,0.4286419153213501,-0.5027027726173401,-0.5313772559165955,15520000000,15521000000
/cmd_vel,1791186577691551053,0.4286419153213501,-0.5,-0.5313772559165955,15523000000,15524000000
/simulation/chassis/cmd_vel,1791186577691658994,0.4286419153213501,-0.5,-0.5313772559165955,15524000000,15525000000
/cmd_vel,1791186577741488542,0.4286419153213501,-0.5,-0.5313772559165955,15573000000,15574000000
/simulation/chassis/cmd_vel,1791186577741600523,0.4286419153213501,-0.5,-0.5313772559165955,15574000000,15575000000
/cmd_vel_nav,1791186577787368647,0.4413246512413025,-0.5014436841011047,-0.5159575343132019,15619000000,15620000000
/cmd_vel,1791186577791549861,0.4413246512413025,-0.5,-0.5159575343132019,15623000000,15624000000
/simulation/chassis/cmd_vel,1791186577791631109,0.4413246512413025,-0.5,-0.5159575343132019,15624000000,15625000000
/cmd_vel,1791186577841412923,0.4413246512413025,-0.5,-0.5159575343132019,15673000000,15674000000
/simulation/chassis/cmd_vel,1791186577841507167,0.4413246512413025,-0.5,-0.5159575343132019,15674000000,15675000000
/cmd_vel_nav,1791186577888007515,0.4532325267791748,-0.49886447191238403,-0.4993235766887665,15720000000,15721000000
/cmd_vel,1791186577891413687,0.4532325267791748,-0.49886447191238403,-0.4993235766887665,15723000000,15724000000
/simulation/chassis/cmd_vel,1791186577891617074,0.4532325267791748,-0.49886447191238403,-0.4993235766887665,15724000000,15725000000
/cmd_vel,1791186577941475361,0.4532325267791748,-0.49886447191238403,-0.4993235766887665,15773000000,15774000000
/simulation/chassis/cmd_vel,1791186577941662443,0.4532325267791748,-0.49886447191238403,-0.4993235766887665,15774000000,15775000000
/cmd_vel_nav,1791186577987304972,0.4639076590538025,-0.4953995645046234,-0.47838112711906433,15819000000,15820000000
/cmd_vel,1791186577991437206,0.4639076590538025,-0.4953995645046234,-0.47838112711906433,15824000000,15825000000
/simulation/chassis/cmd_vel,1791186577991557372,0.4639076590538025,-0.4953995645046234,-0.47838112711906433,15824000000,15825000000
/cmd_vel,1791186578041422363,0.4639076590538025,-0.4953995645046234,-0.47838112711906433,15873000000,15874000000
/simulation/chassis/cmd_vel,1791186578041500449,0.4639076590538025,-0.4953995645046234,-0.47838112711906433,15874000000,15875000000
/cmd_vel_nav,1791186578087275737,0.4752725660800934,-0.49038827419281006,-0.45901739597320557,15919000000,15920000000
/cmd_vel,1791186578091449911,0.4752725660800934,-0.49038827419281006,-0.45901739597320557,15923000000,15924000000
/simulation/chassis/cmd_vel,1791186578091666145,0.4752725660800934,-0.49038827419281006,-0.45901739597320557,15924000000,15925000000
/cmd_vel,1791186578141461864,0.4752725660800934,-0.49038827419281006,-0.45901739597320557,15973000000,15974000000
/simulation/chassis/cmd_vel,1791186578141630917,0.4752725660800934,-0.49038827419281006,-0.45901739597320557,15974000000,15975000000
/cmd_vel_nav,1791186578187305462,0.4862098693847656,-0.4871808588504791,-0.43930888175964355,16019000000,16020000000
/cmd_vel,1791186578191409186,0.4862098693847656,-0.4871808588504791,-0.43930888175964355,16023000000,16024000000
/simulation/chassis/cmd_vel,1791186578191535960,0.4862098693847656,-0.4871808588504791,-0.43930888175964355,16024000000,16025000000
/cmd_vel,1791186578241434859,0.4862098693847656,-0.4871808588504791,-0.43930888175964355,16073000000,16074000000
/simulation/chassis/cmd_vel,1791186578241572779,0.4862098693847656,-0.4871808588504791,-0.43930888175964355,16074000000,16075000000
/cmd_vel_nav,1791186578287595370,0.4951578974723816,-0.4821166396141052,-0.420560359954834,16120000000,16121000000
/cmd_vel,1791186578291406125,0.4951578974723816,-0.4821166396141052,-0.420560359954834,16123000000,16124000000
/simulation/chassis/cmd_vel,1791186578291524857,0.4951578974723816,-0.4821166396141052,-0.420560359954834,16124000000,16125000000
/simulation/chassis/cmd_vel,1791186578341640795,0.4951578974723816,-0.4821166396141052,-0.420560359954834,16173000000,16174000000
/cmd_vel,1791186578341654805,0.4951578974723816,-0.4821166396141052,-0.420560359954834,16173000000,16174000000
/cmd_vel_nav,1791186578387419970,0.5004249215126038,-0.47491371631622314,-0.4003196656703949,16219000000,16220000000
/cmd_vel,1791186578391396066,0.5004249215126038,-0.47491371631622314,-0.4003196656703949,16224000000,16225000000
/simulation/chassis/cmd_vel,1791186578391475271,0.5004249215126038,-0.47491371631622314,-0.4003196656703949,16224000000,16225000000
/cmd_vel,1791186578441480444,0.5004249215126038,-0.47491371631622314,-0.4003196656703949,16273000000,16274000000
/simulation/chassis/cmd_vel,1791186578441554202,0.5004249215126038,-0.47491371631622314,-0.4003196656703949,16274000000,16275000000
/cmd_vel_nav,1791186578487282294,0.5077983736991882,-0.4667152166366577,-0.37944087386131287,16319000000,16320000000
/cmd_vel,1791186578491649469,0.5077983736991882,-0.4667152166366577,-0.37944087386131287,16323000000,16324000000
/simulation/chassis/cmd_vel,1791186578491719947,0.5077983736991882,-0.4667152166366577,-0.37944087386131287,16324000000,16325000000
/cmd_vel,1791186578541426798,0.5077983736991882,-0.4667152166366577,-0.37944087386131287,16373000000,16374000000
/simulation/chassis/cmd_vel,1791186578541572348,0.5077983736991882,-0.4667152166366577,-0.37944087386131287,16373000000,16374000000
/cmd_vel_nav,1791186578587256522,0.512410044670105,-0.45732003450393677,-0.3552265465259552,16419000000,16420000000
/cmd_vel,1791186578591397607,0.512410044670105,-0.45732003450393677,-0.3552265465259552,16424000000,16425000000
/simulation/chassis/cmd_vel,1791186578591461003,0.512410044670105,-0.45732003450393677,-0.3552265465259552,16424000000,16425000000
/cmd_vel,1791186578641418976,0.512410044670105,-0.45732003450393677,-0.3552265465259552,16473000000,16474000000
/simulation/chassis/cmd_vel,1791186578641558961,0.512410044670105,-0.45732003450393677,-0.3552265465259552,16474000000,16475000000
/cmd_vel_nav,1791186578687568724,0.5158756375312805,-0.4460639953613281,-0.3302707076072693,16520000000,16521000000
/cmd_vel,1791186578691498203,0.5158756375312805,-0.4460639953613281,-0.3302707076072693,16523000000,16524000000
/simulation/chassis/cmd_vel,1791186578691594179,0.5158756375312805,-0.4460639953613281,-0.3302707076072693,16523000000,16524000000
/cmd_vel,1791186578741510003,0.5158756375312805,-0.4460639953613281,-0.3302707076072693,16573000000,16574000000
/simulation/chassis/cmd_vel,1791186578741696569,0.5158756375312805,-0.4460639953613281,-0.3302707076072693,16574000000,16575000000
/cmd_vel_nav,1791186578787264397,0.5165899991989136,-0.4359218180179596,-0.3004208505153656,16619000000,16620000000
/cmd_vel,1791186578791454625,0.5165899991989136,-0.4359218180179596,-0.3004208505153656,16623000000,16624000000
/simulation/chassis/cmd_vel,1791186578791562068,0.5165899991989136,-0.4359218180179596,-0.3004208505153656,16623000000,16624000000
/simulation/chassis/cmd_vel,1791186578841570957,0.5165899991989136,-0.4359218180179596,-0.3004208505153656,16673000000,16674000000
/cmd_vel,1791186578841594742,0.5165899991989136,-0.4359218180179596,-0.3004208505153656,16673000000,16674000000
/cmd_vel_nav,1791186578887269951,0.5199390649795532,-0.4258160889148712,-0.26770222187042236,16719000000,16720000000
/cmd_vel,1791186578891420701,0.5199390649795532,-0.4258160889148712,-0.26770222187042236,16723000000,16724000000
/simulation/chassis/cmd_vel,1791186578891510045,0.5199390649795532,-0.4258160889148712,-0.26770222187042236,16723000000,16724000000
/cmd_vel,1791186578941462454,0.5199390649795532,-0.4258160889148712,-0.26770222187042236,16773000000,16774000000
/simulation/chassis/cmd_vel,1791186578941693495,0.5199390649795532,-0.4258160889148712,-0.26770222187042236,16773000000,16774000000
/cmd_vel,1791186578991421224,0.5199390649795532,-0.4258160889148712,-0.26770222187042236,16823000000,16824000000
/simulation/chassis/cmd_vel,1791186578991565847,0.5199390649795532,-0.4258160889148712,-0.26770222187042236,16824000000,16825000000
/cmd_vel_nav,1791186579008123401,0.5215619206428528,-0.4169139564037323,-0.2371360808610916,16840000000,16841000000
/cmd_vel,1791186579041436789,0.5215619206428528,-0.4169139564037323,-0.2371360808610916,16873000000,16874000000
/simulation/chassis/cmd_vel,1791186579041554236,0.5215619206428528,-0.4169139564037323,-0.2371360808610916,16874000000,16875000000
/cmd_vel,1791186579091471355,0.5215619206428528,-0.4169139564037323,-0.2371360808610916,16923000000,16924000000
/simulation/chassis/cmd_vel,1791186579091583176,0.5215619206428528,-0.4169139564037323,-0.2371360808610916,16924000000,16925000000
/cmd_vel_nav,1791186579107595012,0.5240482091903687,-0.40612947940826416,-0.2101527452468872,16939000000,16940000000
/cmd_vel,1791186579141456310,0.5240482091903687,-0.40612947940826416,-0.2101527452468872,16973000000,16974000000
/simulation/chassis/cmd_vel,1791186579141641905,0.5240482091903687,-0.40612947940826416,-0.2101527452468872,16974000000,16975000000
/cmd_vel,1791186579191391098,0.5240482091903687,-0.40612947940826416,-0.2101527452468872,17023000000,17024000000
/simulation/chassis/cmd_vel,1791186579191529102,0.5240482091903687,-0.40612947940826416,-0.2101527452468872,17024000000,17025000000
/cmd_vel_nav,1791186579208717545,0.5281336307525635,-0.3954967260360718,-0.18557003140449524,17041000000,17042000000
/cmd_vel,1791186579241385579,0.5281336307525635,-0.3954967260360718,-0.18557003140449524,17073000000,17074000000
/simulation/chassis/cmd_vel,1791186579241463971,0.5281336307525635,-0.3954967260360718,-0.18557003140449524,17074000000,17075000000
/cmd_vel,1791186579291408559,0.5281336307525635,-0.3954967260360718,-0.18557003140449524,17123000000,17124000000
/simulation/chassis/cmd_vel,1791186579291515758,0.5281336307525635,-0.3954967260360718,-0.18557003140449524,17124000000,17125000000
/cmd_vel_nav,1791186579308226060,0.531801164150238,-0.38643187284469604,-0.16321052610874176,17140000000,17141000000
/cmd_vel,1791186579341416913,0.531801164150238,-0.38643187284469604,-0.16321052610874176,17173000000,17174000000
/simulation/chassis/cmd_vel,1791186579341494710,0.531801164150238,-0.38643187284469604,-0.16321052610874176,17173000000,17174000000
/cmd_vel,1791186579391381562,0.531801164150238,-0.38643187284469604,-0.16321052610874176,17223000000,17224000000
/simulation/chassis/cmd_vel,1791186579391519940,0.531801164150238,-0.38643187284469604,-0.16321052610874176,17224000000,17225000000
/cmd_vel_nav,1791186579397737404,0.5356782674789429,-0.3755519986152649,-0.13964086771011353,17230000000,17231000000
/cmd_vel,1791186579441426586,0.5356782674789429,-0.3755519986152649,-0.13964086771011353,17273000000,17274000000
/simulation/chassis/cmd_vel,1791186579441563930,0.5356782674789429,-0.3755519986152649,-0.13964086771011353,17274000000,17275000000
/cmd_vel,1791186579491429523,0.5356782674789429,-0.3755519986152649,-0.13964086771011353,17323000000,17324000000
/simulation/chassis/cmd_vel,1791186579491489506,0.5356782674789429,-0.3755519986152649,-0.13964086771011353,17323000000,17324000000
/cmd_vel_nav,1791186579499110995,0.5373342633247375,-0.36447346210479736,-0.11958426237106323,17331000000,17332000000
/cmd_vel,1791186579541390827,0.5373342633247375,-0.36447346210479736,-0.11958426237106323,17373000000,17374000000
/simulation/chassis/cmd_vel,1791186579541483950,0.5373342633247375,-0.36447346210479736,-0.11958426237106323,17374000000,17375000000
/cmd_vel,1791186579591479934,0.5373342633247375,-0.36447346210479736,-0.11958426237106323,17423000000,17424000000
/simulation/chassis/cmd_vel,1791186579591610212,0.5373342633247375,-0.36447346210479736,-0.11958426237106323,17424000000,17425000000
/cmd_vel_nav,1791186579599128474,0.5371952652931213,-0.3540756106376648,-0.10268881916999817,17431000000,17432000000
/cmd_vel,1791186579641414465,0.5371952652931213,-0.3540756106376648,-0.10268881916999817,17473000000,17474000000
/simulation/chassis/cmd_vel,1791186579641581853,0.5371952652931213,-0.3540756106376648,-0.10268881916999817,17474000000,17475000000
/cmd_vel,1791186579691437978,0.5371952652931213,-0.3540756106376648,-0.10268881916999817,17523000000,17524000000
/simulation/chassis/cmd_vel,1791186579691533448,0.5371952652931213,-0.3540756106376648,-0.10268881916999817,17524000000,17525000000
/cmd_vel_nav,1791186579699729661,0.5300995707511902,-0.32224392890930176,-0.08289355039596558,17532000000,17533000000
/cmd_vel,1791186579741455269,0.5300995707511902,-0.32224392890930176,-0.08289355039596558,17573000000,17574000000
/simulation/chassis/cmd_vel,1791186579741665929,0.5300995707511902,-0.32224392890930176,-0.08289355039596558,17574000000,17575000000
/cmd_vel,1791186579791436938,0.5300995707511902,-0.32224392890930176,-0.08289355039596558,17623000000,17624000000
/simulation/chassis/cmd_vel,1791186579791515052,0.5300995707511902,-0.32224392890930176,-0.08289355039596558,17624000000,17625000000
/cmd_vel_nav,1791186579799548605,0.5306572318077087,-0.29256850481033325,-0.07766372710466385,17631000000,17632000000
/cmd_vel,1791186579841441125,0.5306572318077087,-0.29256850481033325,-0.07766372710466385,17673000000,17674000000
/simulation/chassis/cmd_vel,1791186579841511019,0.5306572318077087,-0.29256850481033325,-0.07766372710466385,17674000000,17675000000
/cmd_vel,1791186579891514482,0.5306572318077087,-0.29256850481033325,-0.07766372710466385,17723000000,17724000000
/simulation/chassis/cmd_vel,1791186579891578428,0.5306572318077087,-0.29256850481033325,-0.07766372710466385,17724000000,17725000000
/cmd_vel_nav,1791186579897592439,0.5271528959274292,-0.26229754090309143,-0.06628336012363434,17730000000,17731000000
/cmd_vel,1791186579941423646,0.5271528959274292,-0.26229754090309143,-0.06628336012363434,17773000000,17774000000
/simulation/chassis/cmd_vel,1791186579941556273,0.5271528959274292,-0.26229754090309143,-0.06628336012363434,17774000000,17775000000
/cmd_vel,1791186579991497369,0.5271528959274292,-0.26229754090309143,-0.06628336012363434,17823000000,17824000000
/simulation/chassis/cmd_vel,1791186579991667154,0.5271528959274292,-0.26229754090309143,-0.06628336012363434,17824000000,17825000000
/cmd_vel_nav,1791186579998111358,0.5230262279510498,-0.2372768372297287,-0.04733690619468689,17830000000,17831000000
/cmd_vel,1791186580041603614,0.5230262279510498,-0.2372768372297287,-0.04733690619468689,17873000000,17874000000
/simulation/chassis/cmd_vel,1791186580041661435,0.5230262279510498,-0.2372768372297287,-0.04733690619468689,17874000000,17875000000
/cmd_vel,1791186580091452936,0.5230262279510498,-0.2372768372297287,-0.04733690619468689,17923000000,17924000000
/simulation/chassis/cmd_vel,1791186580091624106,0.5230262279510498,-0.2372768372297287,-0.04733690619468689,17924000000,17925000000
/cmd_vel_nav,1791186580098459478,0.520185112953186,-0.21423697471618652,-0.02077636681497097,17931000000,17932000000
/cmd_vel,1791186580141400494,0.520185112953186,-0.21423697471618652,-0.02077636681497097,17973000000,17974000000
/simulation/chassis/cmd_vel,1791186580141492781,0.520185112953186,-0.21423697471618652,-0.02077636681497097,17974000000,17975000000
/cmd_vel,1791186580191413823,0.520185112953186,-0.21423697471618652,-0.02077636681497097,18023000000,18024000000
/simulation/chassis/cmd_vel,1791186580191497637,0.520185112953186,-0.21423697471618652,-0.02077636681497097,18023000000,18024000000
/cmd_vel_nav,1791186580198441891,0.5256878137588501,-0.19231729209423065,0.007403094321489334,18030000000,18031000000
/cmd_vel,1791186580241352481,0.5256878137588501,-0.19231729209423065,0.007403094321489334,18073000000,18074000000
/simulation/chassis/cmd_vel,1791186580241413877,0.5256878137588501,-0.19231729209423065,0.007403094321489334,18073000000,18074000000
/cmd_vel,1791186580291366986,0.5256878137588501,-0.19231729209423065,0.007403094321489334,18123000000,18124000000
/simulation/chassis/cmd_vel,1791186580291471435,0.5256878137588501,-0.19231729209423065,0.007403094321489334,18123000000,18124000000
/cmd_vel_nav,1791186580297687572,0.535801112651825,-0.174178808927536,0.029365871101617813,18130000000,18131000000
/cmd_vel,1791186580341401916,0.535801112651825,-0.174178808927536,0.029365871101617813,18173000000,18174000000
/simulation/chassis/cmd_vel,1791186580341473794,0.535801112651825,-0.174178808927536,0.029365871101617813,18173000000,18174000000
/cmd_vel_nav,1791186580387563898,0.5460307598114014,-0.15587374567985535,0.051035962998867035,18220000000,18221000000
/cmd_vel,1791186580391408359,0.5460307598114014,-0.15587374567985535,0.051035962998867035,18223000000,18224000000
/simulation/chassis/cmd_vel,1791186580391513205,0.5460307598114014,-0.15587374567985535,0.051035962998867035,18224000000,18225000000
/cmd_vel,1791186580441444600,0.5460307598114014,-0.15587374567985535,0.051035962998867035,18273000000,18274000000
/simulation/chassis/cmd_vel,1791186580441479718,0.5460307598114014,-0.15587374567985535,0.051035962998867035,18273000000,18274000000
/cmd_vel_nav,1791186580487266037,0.5495915412902832,-0.13994726538658142,0.06989292055368423,18319000000,18320000000
/cmd_vel,1791186580491372049,0.5495915412902832,-0.13994726538658142,0.06989292055368423,18323000000,18324000000
/simulation/chassis/cmd_vel,1791186580491499932,0.5495915412902832,-0.13994726538658142,0.06989292055368423,18323000000,18324000000
/cmd_vel,1791186580541397666,0.5495915412902832,-0.13994726538658142,0.06989292055368423,18373000000,18374000000
/simulation/chassis/cmd_vel,1791186580541567702,0.5495915412902832,-0.13994726538658142,0.06989292055368423,18374000000,18375000000
/cmd_vel_nav,1791186580587194777,0.5248582363128662,-0.04691167175769806,0.11520197242498398,18419000000,18420000000
/cmd_vel,1791186580591424503,0.5248582363128662,-0.08994726538658142,0.11520197242498398,18423000000,18424000000
/simulation/chassis/cmd_vel,1791186580591516869,0.5248582363128662,-0.08994726538658142,0.11520197242498398,18424000000,18425000000
/cmd_vel,1791186580641423401,0.5248582363128662,-0.04691167175769806,0.11520197242498398,18473000000,18474000000
/simulation/chassis/cmd_vel,1791186580641593269,0.5248582363128662,-0.04691167175769806,0.11520197242498398,18474000000,18475000000
/cmd_vel_nav,1791186580688646676,0.5366744995117188,-0.006584021262824535,0.08578483760356903,18521000000,18522000000
/cmd_vel,1791186580691397487,0.5366744995117188,-0.006584021262824535,0.08578483760356903,18523000000,18524000000
/simulation/chassis/cmd_vel,1791186580691454317,0.5366744995117188,-0.006584021262824535,0.08578483760356903,18523000000,18524000000
/cmd_vel,1791186580741357389,0.5366744995117188,-0.006584021262824535,0.08578483760356903,18573000000,18574000000
/simulation/chassis/cmd_vel,1791186580741510066,0.5366744995117188,-0.006584021262824535,0.08578483760356903,18574000000,18575000000
/cmd_vel_nav,1791186580787864739,0.5386354327201843,0.03504584729671478,0.08976259082555771,18620000000,18621000000
/cmd_vel,1791186580791436931,0.5386354327201843,0.03504584729671478,0.08976259082555771,18623000000,18624000000
/simulation/chassis/cmd_vel,1791186580791582552,0.5386354327201843,0.03504584729671478,0.08976259082555771,18623000000,18624000000
/cmd_vel,1791186580841391666,0.5386354327201843,0.03504584729671478,0.08976259082555771,18673000000,18674000000
/simulation/chassis/cmd_vel,1791186580841515496,0.5386354327201843,0.03504584729671478,0.08976259082555771,18673000000,18674000000
/cmd_vel_nav,1791186580887890931,0.5368830561637878,0.07141324132680893,0.10155537724494934,18719000000,18720000000
/cmd_vel,1791186580891412681,0.5368830561637878,0.07141324132680893,0.10155537724494934,18723000000,18724000000
/simulation/chassis/cmd_vel,1791186580891541142,0.5368830561637878,0.07141324132680893,0.10155537724494934,18724000000,18725000000
/cmd_vel,1791186580941405471,0.5368830561637878,0.07141324132680893,0.10155537724494934,18773000000,18774000000
/simulation/chassis/cmd_vel,1791186580941506990,0.5368830561637878,0.07141324132680893,0.10155537724494934,18773000000,18774000000
/cmd_vel_nav,1791186580988235838,0.49496346712112427,0.1469583660364151,0.12925565242767334,18820000000,18821000000
/cmd_vel,1791186580991382224,0.49496346712112427,0.12141324132680893,0.12925565242767334,18823000000,18824000000
/simulation/chassis/cmd_vel,1791186580991541567,0.49496346712112427,0.12141324132680893,0.12925565242767334,18823000000,18824000000
/cmd_vel,1791186581041374347,0.49496346712112427,0.1469583660364151,0.12925565242767334,18873000000,18874000000
/simulation/chassis/cmd_vel,1791186581041559259,0.49496346712112427,0.1469583660364151,0.12925565242767334,18874000000,18875000000
/cmd_vel_nav,1791186581087733310,0.4710083305835724,0.19963230192661285,0.14627103507518768,18920000000,18921000000
/cmd_vel,1791186581091344770,0.4710083305835724,0.1969583660364151,0.14627103507518768,18923000000,18924000000
/simulation/chassis/cmd_vel,1791186581091491108,0.4710083305835724,0.1969583660364151,0.14627103507518768,18923000000,18924000000
/cmd_vel,1791186581141364937,0.4710083305835724,0.19963230192661285,0.14627103507518768,18973000000,18974000000
/simulation/chassis/cmd_vel,1791186581141498415,0.4710083305835724,0.19963230192661285,0.14627103507518768,18974000000,18975000000
/cmd_vel_nav,1791186581186990962,0.44955015182495117,0.24445191025733948,0.16609883308410645,19019000000,19020000000
/cmd_vel,1791186581191363626,0.44955015182495117,0.24445191025733948,0.16609883308410645,19023000000,19024000000
/simulation/chassis/cmd_vel,1791186581191491963,0.44955015182495117,0.24445191025733948,0.16609883308410645,19024000000,19025000000
/cmd_vel,1791186581241362207,0.44955015182495117,0.24445191025733948,0.16609883308410645,19073000000,19074000000
/simulation/chassis/cmd_vel,1791186581241440279,0.44955015182495117,0.24445191025733948,0.16609883308410645,19073000000,19074000000
/cmd_vel_nav,1791186581287211442,0.42680081725120544,0.2871423363685608,0.17937257885932922,19119000000,19120000000
/cmd_vel,1791186581291336290,0.42680081725120544,0.2871423363685608,0.17937257885932922,19123000000,19124000000
/simulation/chassis/cmd_vel,1791186581291435555,0.42680081725120544,0.2871423363685608,0.17937257885932922,19123000000,19124000000
/cmd_vel,1791186581341353269,0.42680081725120544,0.2871423363685608,0.17937257885932922,19173000000,19174000000
/simulation/chassis/cmd_vel,1791186581341506423,0.42680081725120544,0.2871423363685608,0.17937257885932922,19173000000,19174000000
/cmd_vel_nav,1791186581387151345,0.3964620530605316,0.31709882616996765,0.19292931258678436,19219000000,19220000000
/cmd_vel,1791186581391391152,0.3964620530605316,0.31709882616996765,0.19292931258678436,19223000000,19224000000
/simulation/chassis/cmd_vel,1791186581391492369,0.3964620530605316,0.31709882616996765,0.19292931258678436,19224000000,19225000000
/cmd_vel,1791186581441336440,0.3964620530605316,0.31709882616996765,0.19292931258678436,19273000000,19274000000
/simulation/chassis/cmd_vel,1791186581441467405,0.3964620530605316,0.31709882616996765,0.19292931258678436,19273000000,19274000000
/cmd_vel_nav,1791186581487459132,0.3672667145729065,0.3491040766239166,0.21745352447032928,19320000000,19321000000
/cmd_vel,1791186581491358155,0.3672667145729065,0.3491040766239166,0.21745352447032928,19323000000,19324000000
/simulation/chassis/cmd_vel,1791186581491480783,0.3672667145729065,0.3491040766239166,0.21745352447032928,19324000000,19325000000
/cmd_vel,1791186581541343174,0.3672667145729065,0.3491040766239166,0.21745352447032928,19373000000,19374000000
/simulation/chassis/cmd_vel,1791186581541404257,0.3672667145729065,0.3491040766239166,0.21745352447032928,19373000000,19374000000
/cmd_vel_nav,1791186581587183719,0.35155364871025085,0.37442246079444885,0.2406919300556183,19419000000,19420000000
/cmd_vel,1791186581591382335,0.35155364871025085,0.37442246079444885,0.2406919300556183,19423000000,19424000000
/simulation/chassis/cmd_vel,1791186581591560519,0.35155364871025085,0.37442246079444885,0.2406919300556183,19424000000,19425000000
/cmd_vel,1791186581641398466,0.35155364871025085,0.37442246079444885,0.2406919300556183,19473000000,19474000000
/simulation/chassis/cmd_vel,1791186581641532120,0.35155364871025085,0.37442246079444885,0.2406919300556183,19473000000,19474000000
/cmd_vel_nav,1791186581687056515,0.3396736681461334,0.3980415463447571,0.2573282718658447,19519000000,19520000000
/cmd_vel,1791186581691354388,0.3396736681461334,0.3980415463447571,0.2573282718658447,19523000000,19524000000
/simulation/chassis/cmd_vel,1791186581691438661,0.3396736681461334,0.3980415463447571,0.2573282718658447,19524000000,19525000000
/cmd_vel,1791186581741325252,0.3396736681461334,0.3980415463447571,0.2573282718658447,19573000000,19574000000
/simulation/chassis/cmd_vel,1791186581741410707,0.3396736681461334,0.3980415463447571,0.2573282718658447,19573000000,19574000000
/cmd_vel_nav,1791186581787549893,0.35341909527778625,0.39791154861450195,0.19209295511245728,19620000000,19621000000
/cmd_vel,1791186581791354995,0.35341909527778625,0.39791154861450195,0.19209295511245728,19623000000,19624000000
/simulation/chassis/cmd_vel,1791186581791445077,0.35341909527778625,0.39791154861450195,0.19209295511245728,19623000000,19624000000
/cmd_vel,1791186581841329522,0.35341909527778625,0.39791154861450195,0.19209295511245728,19673000000,19674000000
/simulation/chassis/cmd_vel,1791186581841478574,0.35341909527778625,0.39791154861450195,0.19209295511245728,19674000000,19675000000
/cmd_vel_nav,1791186581887019671,0.3524714410305023,0.3896624743938446,0.18689563870429993,19719000000,19720000000
/cmd_vel,1791186581891293388,0.3524714410305023,0.3896624743938446,0.18689563870429993,19723000000,19724000000
/simulation/chassis/cmd_vel,1791186581891404313,0.3524714410305023,0.3896624743938446,0.18689563870429993,19724000000,19725000000
/cmd_vel,1791186581941369004,0.3524714410305023,0.3896624743938446,0.18689563870429993,19773000000,19774000000
/simulation/chassis/cmd_vel,1791186581941457676,0.3524714410305023,0.3896624743938446,0.18689563870429993,19773000000,19774000000
/cmd_vel_nav,1791186581987619374,0.3596949577331543,0.3924003839492798,0.19839589297771454,19820000000,19821000000
/cmd_vel,1791186581991349186,0.3596949577331543,0.3924003839492798,0.19839589297771454,19823000000,19824000000
/simulation/chassis/cmd_vel,1791186581991565608,0.3596949577331543,0.3924003839492798,0.19839589297771454,19824000000,19825000000
/cmd_vel,1791186582041344757,0.3596949577331543,0.3924003839492798,0.19839589297771454,19873000000,19874000000
/simulation/chassis/cmd_vel,1791186582041467584,0.3596949577331543,0.3924003839492798,0.19839589297771454,19873000000,19874000000
/cmd_vel_nav,1791186582087023156,0.35821858048439026,0.40090212225914,0.22146423161029816,19919000000,19920000000
/cmd_vel,1791186582091394332,0.35821858048439026,0.40090212225914,0.22146423161029816,19923000000,19924000000
/simulation/chassis/cmd_vel,1791186582091570399,0.35821858048439026,0.40090212225914,0.22146423161029816,19923000000,19924000000
/cmd_vel,1791186582141324675,0.35821858048439026,0.40090212225914,0.22146423161029816,19973000000,19974000000
/simulation/chassis/cmd_vel,1791186582141417150,0.35821858048439026,0.40090212225914,0.22146423161029816,19973000000,19974000000
/cmd_vel_nav,1791186582187372333,0.35409456491470337,0.41369420289993286,0.23503665626049042,20019000000,20020000000
/cmd_vel,1791186582191284900,0.35409456491470337,0.41369420289993286,0.23503665626049042,20023000000,20024000000
/simulation/chassis/cmd_vel,1791186582191553545,0.35409456491470337,0.41369420289993286,0.23503665626049042,20023000000,20024000000
/cmd_vel,1791186582241353932,0.35409456491470337,0.41369420289993286,0.23503665626049042,20073000000,20074000000
/simulation/chassis/cmd_vel,1791186582241483097,0.35409456491470337,0.41369420289993286,0.23503665626049042,20073000000,20074000000
/cmd_vel,1791186582291322103,0.35409456491470337,0.41369420289993286,0.23503665626049042,20123000000,20124000000
/simulation/chassis/cmd_vel,1791186582291434025,0.35409456491470337,0.41369420289993286,0.23503665626049042,20123000000,20124000000
/cmd_vel_nav,1791186582308327767,0.3519611060619354,0.43352019786834717,0.25172510743141174,20140000000,20141000000
/cmd_vel,1791186582341297657,0.3519611060619354,0.43352019786834717,0.25172510743141174,20173000000,20174000000
/simulation/chassis/cmd_vel,1791186582341409456,0.3519611060619354,0.43352019786834717,0.25172510743141174,20173000000,20174000000
/cmd_vel,1791186582391343692,0.3519611060619354,0.43352019786834717,0.25172510743141174,20223000000,20224000000
/simulation/chassis/cmd_vel,1791186582391453545,0.3519611060619354,0.43352019786834717,0.25172510743141174,20224000000,20225000000
/cmd_vel_nav,1791186582408330901,0.3503807783126831,0.45618176460266113,0.25861018896102905,20240000000,20241000000
/cmd_vel,1791186582441366836,0.3503807783126831,0.45618176460266113,0.25861018896102905,20273000000,20274000000
/simulation/chassis/cmd_vel,1791186582441420806,0.3503807783126831,0.45618176460266113,0.25861018896102905,20273000000,20274000000
/cmd_vel,1791186582491337382,0.3503807783126831,0.45618176460266113,0.25861018896102905,20323000000,20324000000
/simulation/chassis/cmd_vel,1791186582491491660,0.3503807783126831,0.45618176460266113,0.25861018896102905,20323000000,20324000000
/cmd_vel_nav,1791186582507673621,0.34753847122192383,0.4732532203197479,0.2493499517440796,20340000000,20341000000
/cmd_vel,1791186582541304801,0.34753847122192383,0.4732532203197479,0.2493499517440796,20373000000,20374000000
/simulation/chassis/cmd_vel,1791186582541425874,0.34753847122192383,0.4732532203197479,0.2493499517440796,20373000000,20374000000
/cmd_vel,1791186582591344536,0.34753847122192383,0.4732532203197479,0.2493499517440796,20423000000,20424000000
/simulation/chassis/cmd_vel,1791186582591427065,0.34753847122192383,0.4732532203197479,0.2493499517440796,20423000000,20424000000
/cmd_vel_nav,1791186582607612248,0.35020869970321655,0.4832956790924072,0.24515384435653687,20440000000,20441000000
/cmd_vel,1791186582641300223,0.35020869970321655,0.4832956790924072,0.24515384435653687,20473000000,20474000000
/simulation/chassis/cmd_vel,1791186582641406079,0.35020869970321655,0.4832956790924072,0.24515384435653687,20473000000,20474000000
/cmd_vel,1791186582691371358,0.35020869970321655,0.4832956790924072,0.24515384435653687,20523000000,20524000000
/simulation/chassis/cmd_vel,1791186582691462736,0.35020869970321655,0.4832956790924072,0.24515384435653687,20523000000,20524000000
/cmd_vel_nav,1791186582697241801,0.3462282717227936,0.49136775732040405,0.2273702323436737,20529000000,20530000000
/cmd_vel,1791186582741321323,0.3462282717227936,0.49136775732040405,0.2273702323436737,20573000000,20574000000
/simulation/chassis/cmd_vel,1791186582741399473,0.3462282717227936,0.49136775732040405,0.2273702323436737,20573000000,20574000000
/cmd_vel,1791186582791463180,0.3462282717227936,0.49136775732040405,0.2273702323436737,20623000000,20624000000
/simulation/chassis/cmd_vel,1791186582791501724,0.3462282717227936,0.49136775732040405,0.2273702323436737,20623000000,20624000000
/cmd_vel_nav,1791186582797970813,0.3433680534362793,0.4837879240512848,0.23313765227794647,20630000000,20631000000
/cmd_vel,1791186582841313116,0.3433680534362793,0.4837879240512848,0.23313765227794647,20673000000,20674000000
/simulation/chassis/cmd_vel,1791186582841386622,0.3433680534362793,0.4837879240512848,0.23313765227794647,20673000000,20674000000
/cmd_vel,1791186582891373774,0.3433680534362793,0.4837879240512848,0.23313765227794647,20723000000,20724000000
/simulation/chassis/cmd_vel,1791186582891430956,0.3433680534362793,0.4837879240512848,0.23313765227794647,20723000000,20724000000
/cmd_vel_nav,1791186582897151586,0.3394175171852112,0.4843696653842926,0.23035213351249695,20729000000,20730000000
/cmd_vel,1791186582941350652,0.3394175171852112,0.4843696653842926,0.23035213351249695,20773000000,20774000000
/simulation/chassis/cmd_vel,1791186582941437006,0.3394175171852112,0.4843696653842926,0.23035213351249695,20774000000,20775000000
/cmd_vel,1791186582991352917,0.3394175171852112,0.4843696653842926,0.23035213351249695,20823000000,20824000000
/simulation/chassis/cmd_vel,1791186582991470492,0.3394175171852112,0.4843696653842926,0.23035213351249695,20823000000,20824000000
/cmd_vel_nav,1791186582997396792,0.32923972606658936,0.4874124825000763,0.22982452809810638,20829000000,20830000000
/cmd_vel,1791186583041349869,0.32923972606658936,0.4874124825000763,0.22982452809810638,20873000000,20874000000
/simulation/chassis/cmd_vel,1791186583041467414,0.32923972606658936,0.4874124825000763,0.22982452809810638,20874000000,20875000000
/cmd_vel,1791186583091363694,0.32923972606658936,0.4874124825000763,0.22982452809810638,20923000000,20924000000
/simulation/chassis/cmd_vel,1791186583091539644,0.32923972606658936,0.4874124825000763,0.22982452809810638,20923000000,20924000000
/cmd_vel_nav,1791186583097246038,0.3086088001728058,0.49568676948547363,0.21956585347652435,20929000000,20930000000
/cmd_vel,1791186583141337362,0.3086088001728058,0.49568676948547363,0.21956585347652435,20973000000,20974000000
/simulation/chassis/cmd_vel,1791186583141440201,0.3086088001728058,0.49568676948547363,0.21956585347652435,20973000000,20974000000
/cmd_vel,1791186583191357274,0.3086088001728058,0.49568676948547363,0.21956585347652435,21023000000,21024000000
/simulation/chassis/cmd_vel,1791186583191539880,0.3086088001728058,0.49568676948547363,0.21956585347652435,21023000000,21024000000
/cmd_vel_nav,1791186583197685061,0.28443750739097595,0.49932044744491577,0.21612116694450378,21030000000,21031000000
/cmd_vel,1791186583241315906,0.28443750739097595,0.49932044744491577,0.21612116694450378,21073000000,21074000000
/simulation/chassis/cmd_vel,1791186583241482217,0.28443750739097595,0.49932044744491577,0.21612116694450378,21073000000,21074000000
/cmd_vel,1791186583291301945,0.28443750739097595,0.49932044744491577,0.21612116694450378,21123000000,21124000000
/simulation/chassis/cmd_vel,1791186583291405993,0.28443750739097595,0.49932044744491577,0.21612116694450378,21123000000,21124000000
/cmd_vel_nav,1791186583297310058,0.261212557554245,0.5007146000862122,0.21892142295837402,21129000000,21130000000
/cmd_vel,1791186583341321230,0.261212557554245,0.5,0.21892142295837402,21173000000,21174000000
/simulation/chassis/cmd_vel,1791186583341383132,0.261212557554245,0.5,0.21892142295837402,21173000000,21174000000
/cmd_vel,1791186583391340900,0.261212557554245,0.5,0.21892142295837402,21223000000,21224000000
/simulation/chassis/cmd_vel,1791186583391434349,0.261212557554245,0.5,0.21892142295837402,21223000000,21224000000
/cmd_vel_nav,1791186583397169176,0.24372950196266174,0.5006901621818542,0.22749483585357666,21229000000,21230000000
/cmd_vel,1791186583441315017,0.24372950196266174,0.5,0.22749483585357666,21273000000,21274000000
/simulation/chassis/cmd_vel,1791186583441399080,0.24372950196266174,0.5,0.22749483585357666,21273000000,21274000000
/cmd_vel,1791186583491347866,0.24372950196266174,0.5,0.22749483585357666,21323000000,21324000000
/simulation/chassis/cmd_vel,1791186583491448083,0.24372950196266174,0.5,0.22749483585357666,21323000000,21324000000
/cmd_vel_nav,1791186583497000059,0.22474917769432068,0.5003695487976074,0.23660048842430115,21329000000,21330000000
/cmd_vel,1791186583541298897,0.22474917769432068,0.5,0.23660048842430115,21373000000,21374000000
/simulation/chassis/cmd_vel,1791186583541457148,0.22474917769432068,0.5,0.23660048842430115,21373000000,21374000000
/cmd_vel,1791186583591333617,0.22474917769432068,0.5,0.23660048842430115,21423000000,21424000000
/simulation/chassis/cmd_vel,1791186583591476657,0.22474917769432068,0.5,0.23660048842430115,21424000000,21425000000
/cmd_vel_nav,1791186583597610842,0.21747411787509918,0.5001112222671509,0.25706130266189575,21430000000,21431000000
/cmd_vel,1791186583641356514,0.21747411787509918,0.5,0.25706130266189575,21473000000,21474000000
/simulation/chassis/cmd_vel,1791186583641435515,0.21747411787509918,0.5,0.25706130266189575,21473000000,21474000000
/cmd_vel_nav,1791186583688052924,0.21890878677368164,0.49999362230300903,0.2721494436264038,21520000000,21521000000
/cmd_vel,1791186583691367519,0.21890878677368164,0.49999362230300903,0.2721494436264038,21523000000,21524000000
/simulation/chassis/cmd_vel,1791186583691435493,0.21890878677368164,0.49999362230300903,0.2721494436264038,21523000000,21524000000
/simulation/chassis/cmd_vel,1791186583741693332,0.21890878677368164,0.49999362230300903,0.2721494436264038,21573000000,21574000000
/cmd_vel,1791186583741721783,0.21890878677368164,0.49999362230300903,0.2721494436264038,21573000000,21574000000
/cmd_vel_nav,1791186583788216315,0.23979587852954865,0.49336904287338257,0.2603645324707031,21620000000,21621000000
/cmd_vel,1791186583791325525,0.23979587852954865,0.49336904287338257,0.2603645324707031,21623000000,21624000000
/simulation/chassis/cmd_vel,1791186583791485220,0.23979587852954865,0.49336904287338257,0.2603645324707031,21623000000,21624000000
/cmd_vel,1791186583841314373,0.23979587852954865,0.49336904287338257,0.2603645324707031,21673000000,21674000000
/simulation/chassis/cmd_vel,1791186583841464026,0.23979587852954865,0.49336904287338257,0.2603645324707031,21673000000,21674000000
/cmd_vel_nav,1791186583888775932,0.2616190016269684,0.49850112199783325,0.2833901643753052,21721000000,21722000000
/cmd_vel,1791186583891335639,0.2616190016269684,0.49850112199783325,0.2833901643753052,21723000000,21724000000
/simulation/chassis/cmd_vel,1791186583891430082,0.2616190016269684,0.49850112199783325,0.2833901643753052,21723000000,21724000000
/cmd_vel,1791186583941320754,0.2616190016269684,0.49850112199783325,0.2833901643753052,21773000000,21774000000
/simulation/chassis/cmd_vel,1791186583941451221,0.2616190016269684,0.49850112199783325,0.2833901643753052,21774000000,21775000000
/cmd_vel_nav,1791186583988778052,0.25837597250938416,0.49899953603744507,0.31488895416259766,21821000000,21822000000
/cmd_vel,1791186583991310091,0.25837597250938416,0.49899953603744507,0.31488895416259766,21823000000,21824000000
/simulation/chassis/cmd_vel,1791186583991484772,0.25837597250938416,0.49899953603744507,0.31488895416259766,21823000000,21824000000
/cmd_vel,1791186584041407194,0.25837597250938416,0.49899953603744507,0.31488895416259766,21871000000,21872000000
/simulation/chassis/cmd_vel,1791186584041925210,0.25837597250938416,0.49899953603744507,0.31488895416259766,21872000000,21873000000
/cmd_vel_nav,1791186584089129801,0.24530084431171417,0.5001354217529297,0.3508143126964569,21919000000,21920000000
/cmd_vel,1791186584091339034,0.24530084431171417,0.5,0.3508143126964569,21921000000,21922000000
/simulation/chassis/cmd_vel,1791186584091503780,0.24530084431171417,0.5,0.3508143126964569,21922000000,21923000000
/cmd_vel,1791186584141639536,0.24530084431171417,0.5,0.3508143126964569,21972000000,21973000000
/simulation/chassis/cmd_vel,1791186584141732245,0.24530084431171417,0.5,0.3508143126964569,21972000000,21973000000
/cmd_vel_nav,1791186584187483569,0.23806610703468323,0.49984490871429443,0.3654155135154724,22018000000,22019000000
/cmd_vel,1791186584191273397,0.23806610703468323,0.49984490871429443,0.3654155135154724,22021000000,22022000000
/simulation/chassis/cmd_vel,1791186584191449655,0.23806610703468323,0.49984490871429443,0.3654155135154724,22022000000,22023000000
/cmd_vel,1791186584241312753,0.23806610703468323,0.49984490871429443,0.3654155135154724,22071000000,22072000000
/simulation/chassis/cmd_vel,1791186584241382550,0.23806610703468323,0.49984490871429443,0.3654155135154724,22072000000,22073000000
/cmd_vel_nav,1791186584287383094,0.2290465235710144,0.5000874996185303,0.3838216960430145,22117000000,22118000000
/cmd_vel,1791186584291556048,0.2290465235710144,0.5,0.3838216960430145,22121000000,22122000000
/simulation/chassis/cmd_vel,1791186584291598156,0.2290465235710144,0.5,0.3838216960430145,22122000000,22123000000
/cmd_vel,1791186584341438344,0.2290465235710144,0.5,0.3838216960430145,22171000000,22172000000
/simulation/chassis/cmd_vel,1791186584341551833,0.2290465235710144,0.5,0.3838216960430145,22172000000,22173000000
/cmd_vel_nav,1791186584386986200,0.21822942793369293,0.5000149011611938,0.402805358171463,22217000000,22218000000
/cmd_vel,1791186584391318884,0.21822942793369293,0.5,0.402805358171463,22221000000,22222000000
/simulation/chassis/cmd_vel,1791186584391500026,0.21822942793369293,0.5,0.402805358171463,22222000000,22223000000
/cmd_vel,1791186584441322625,0.21822942793369293,0.5,0.402805358171463,22271000000,22272000000
/simulation/chassis/cmd_vel,1791186584441415427,0.21822942793369293,0.5,0.402805358171463,22272000000,22273000000
/cmd_vel_nav,1791186584487124032,0.19997242093086243,0.5000211000442505,0.4491874873638153,22317000000,22318000000
/cmd_vel,1791186584491368471,0.19997242093086243,0.5,0.4491874873638153,22321000000,22322000000
/simulation/chassis/cmd_vel,1791186584491468724,0.19997242093086243,0.5,0.4491874873638153,22322000000,22323000000
/cmd_vel,1791186584541335293,0.19997242093086243,0.5,0.4491874873638153,22371000000,22372000000
/simulation/chassis/cmd_vel,1791186584541427639,0.19997242093086243,0.5,0.4491874873638153,22372000000,22373000000
/cmd_vel_nav,1791186584587151663,0.17984594404697418,0.5000028014183044,0.49601489305496216,22417000000,22418000000
/cmd_vel,1791186584591425852,0.17984594404697418,0.5,0.49601489305496216,22422000000,22423000000
/simulation/chassis/cmd_vel,1791186584591476833,0.17984594404697418,0.5,0.49601489305496216,22422000000,22423000000
/cmd_vel,1791186584641298706,0.17984594404697418,0.5,0.49601489305496216,22471000000,22472000000
/simulation/chassis/cmd_vel,1791186584641414929,0.17984594404697418,0.5,0.49601489305496216,22472000000,22473000000
/cmd_vel_nav,1791186584687175457,0.16075830161571503,0.4999997019767761,0.5433604121208191,22517000000,22518000000
/cmd_vel,1791186584691337729,0.16075830161571503,0.4999997019767761,0.5433604121208191,22522000000,22523000000
/simulation/chassis/cmd_vel,1791186584691443586,0.16075830161571503,0.4999997019767761,0.5433604121208191,22522000000,22523000000
/cmd_vel,1791186584741283532,0.16075830161571503,0.4999997019767761,0.5433604121208191,22571000000,22572000000
/simulation/chassis/cmd_vel,1791186584741396888,0.16075830161571503,0.4999997019767761,0.5433604121208191,22572000000,22573000000
/cmd_vel_nav,1791186584787289803,0.1767101287841797,0.4984539747238159,0.5916001796722412,22617000000,22618000000
/cmd_vel,1791186584791319957,0.1767101287841797,0.4984539747238159,0.5916001796722412,22621000000,22622000000
/simulation/chassis/cmd_vel,1791186584791464782,0.1767101287841797,0.4984539747238159,0.5916001796722412,22622000000,22623000000
/cmd_vel,1791186584841302161,0.1767101287841797,0.4984539747238159,0.5916001796722412,22671000000,22672000000
/simulation/chassis/cmd_vel,1791186584841390517,0.1767101287841797,0.4984539747238159,0.5916001796722412,22672000000,22673000000
/cmd_vel_nav,1791186584887259034,0.16510134935379028,0.49965375661849976,0.670046329498291,22717000000,22718000000
/cmd_vel,1791186584891261986,0.16510134935379028,0.49965375661849976,0.670046329498291,22721000000,22722000000
/simulation/chassis/cmd_vel,1791186584891388905,0.16510134935379028,0.49965375661849976,0.670046329498291,22722000000,22723000000
/cmd_vel,1791186584941288469,0.16510134935379028,0.49965375661849976,0.670046329498291,22771000000,22772000000
/simulation/chassis/cmd_vel,1791186584941394075,0.16510134935379028,0.49965375661849976,0.670046329498291,22771000000,22772000000
/cmd_vel_nav,1791186584987261443,0.16909314692020416,0.49976783990859985,0.7326930165290833,22817000000,22818000000
/cmd_vel,1791186584991325583,0.16909314692020416,0.49976783990859985,0.7326930165290833,22821000000,22822000000
/simulation/chassis/cmd_vel,1791186584991464939,0.16909314692020416,0.49976783990859985,0.7326930165290833,22822000000,22823000000
/cmd_vel,1791186585041319177,0.16909314692020416,0.49976783990859985,0.7326930165290833,22871000000,22872000000
/simulation/chassis/cmd_vel,1791186585041408789,0.16909314692020416,0.49976783990859985,0.7326930165290833,22872000000,22873000000
/cmd_vel_nav,1791186585087246466,0.16470646858215332,0.5000321269035339,0.7992089986801147,22917000000,22918000000
/cmd_vel,1791186585091293710,0.16470646858215332,0.5,0.7992089986801147,22921000000,22922000000
/simulation/chassis/cmd_vel,1791186585091382584,0.16470646858215332,0.5,0.7992089986801147,22922000000,22923000000
/cmd_vel,1791186585141304436,0.16470646858215332,0.5,0.7992089986801147,22971000000,22972000000
/simulation/chassis/cmd_vel,1791186585141462073,0.16470646858215332,0.5,0.7992089986801147,22972000000,22973000000
/cmd_vel_nav,1791186585187198897,0.17500483989715576,0.5000433325767517,0.8283571004867554,23017000000,23018000000
/cmd_vel,1791186585191295294,0.17500483989715576,0.5,0.8283571004867554,23021000000,23022000000
/simulation/chassis/cmd_vel,1791186585191403055,0.17500483989715576,0.5,0.8283571004867554,23022000000,23023000000
/cmd_vel,1791186585241291816,0.17500483989715576,0.5,0.8283571004867554,23071000000,23072000000
/simulation/chassis/cmd_vel,1791186585241428146,0.17500483989715576,0.5,0.8283571004867554,23072000000,23073000000
/cmd_vel_nav,1791186585287224074,0.18857993185520172,0.5000380873680115,0.8455942869186401,23117000000,23118000000
/cmd_vel,1791186585291297611,0.18857993185520172,0.5,0.8455942869186401,23121000000,23122000000
/simulation/chassis/cmd_vel,1791186585291414877,0.18857993185520172,0.5,0.8455942869186401,23122000000,23123000000
