scene,source_ns,matched_future_source_ns,horizon_seconds,yaw_delta_rad,body_vertex_rotation_displacement_m
S0,1000000000,1040000000,0.05,0.0,0.0
S0,1000000000,2500000000,1.5,0.041090371079242495,0.016045174024211965
S0,1020000000,1060000000,0.05,0.0,0.0
S0,1020000000,2520000000,1.5,0.053343715062633384,0.020828916885468576
S0,1040000000,1080000000,0.05,0.0,0.0
S0,1040000000,2540000000,1.5,0.06467605040954896,0.02525240327596601
S0,1060000000,1100000000,0.05,0.0,0.0
S0,1060000000,2560000000,1.5,0.0745862187888146,0.029120098538336865
S0,1080000000,1120000000,0.05,0.0,0.0
S0,1080000000,2580000000,1.5,0.08415411550194235,0.03285353624860556
S0,1100000000,1140000000,0.05,0.0,0.0
S0,1100000000,2600000000,1.5,0.09351091668518446,0.036503876921277455
S0,1120000000,1160000000,0.05,0.0,0.0
S0,1120000000,2620000000,1.5,0.10094122836498856,0.039402076794158476
S0,1140000000,1180000000,0.05,0.0,0.0
S0,1140000000,2640000000,1.5,0.10693942013708203,0.041741282147321396
S0,1160000000,1200000000,0.05,0.0,0.0
S0,1160000000,2660000000,1.5,0.11112865841987452,0.04337480119007625
S0,1180000000,1220000000,0.05,0.0,0.0
S0,1180000000,2680000000,1.5,0.11364892938978302,0.04435744485611496
S0,1200000000,1240000000,0.05,0.0,0.0
S0,1200000000,2700000000,1.5,0.11490438740234461,0.0448469167753024
S0,1220000000,1260000000,0.05,0.0,0.0
S0,1220000000,2720000000,1.5,0.1145342993453975,0.04470263045551223
S0,1240000000,1280000000,0.05,0.0,0.0
S0,1240000000,2740000000,1.5,0.11247532264809064,0.04389986890554587
S0,1260000000,1300000000,0.05,0.0006910359587611864,0.00026985816327832173
S0,1260000000,2760000000,1.5,0.10861154718903736,0.042393320745971644
S0,1280000000,1320000000,0.05,0.003084012285026359,0.001204344820202402
S0,1280000000,2780000000,1.5,0.10316356021626007,0.04026879552919614
S0,1300000000,1340000000,0.05,0.006407182107161875,0.002502080318985106
S0,1300000000,2800000000,1.5,0.09736634095282971,0.03800775410473181
S0,1320000000,1360000000,0.05,0.009341754750210695,0.0036480585854707995
S0,1320000000,2820000000,1.5,0.09314708402194405,0.036361950392667666
S0,1340000000,1380000000,0.05,0.011218822295588234,0.004381067184417494
S0,1340000000,2840000000,1.5,0.09052688370474404,0.03533980807703707
S0,1360000000,1400000000,0.05,0.011812883664845397,0.004613051718772167
S0,1360000000,2860000000,1.5,0.08909796300849461,0.03478235925800554
S0,1380000000,1420000000,0.05,0.012699103520737939,0.004959125135018402
S0,1380000000,2880000000,1.5,0.08815346059445603,0.03441388135099946
S0,1400000000,1440000000,0.05,0.014977753430670107,0.005848945022195835
S0,1400000000,2900000000,1.5,0.08723929520336055,0.03405723149037897
S0,1420000000,1460000000,0.05,0.017588491225821887,0.0068684368612823244
S0,1420000000,2920000000,1.5,0.08718101266817849,0.03403449306739349
S0,1440000000,1480000000,0.05,0.020339441045199032,0.007942668730527468
S0,1440000000,2940000000,1.5,0.08854549720599317,0.03456682719039419
S0,1460000000,1500000000,0.05,0.022001875790761162,0.008591833862561994
S0,1460000000,2960000000,1.5,0.09109259137187417,0.035560496301265204
S0,1480000000,1520000000,0.05,0.022027715066543878,0.008601923811033217
S0,1480000000,2980000000,1.5,0.0952001778422237,0.0371628204719167
S0,1500000000,1540000000,0.05,0.021958939759943744,0.008575067819114223
S0,1500000000,3000000000,1.5,0.0994072199700954,0.0388037786465729
S0,1520000000,1560000000,0.05,0.02186302462788671,0.00853761401043229
S0,1520000000,3020000000,1.5,0.10354064572132901,0.04041585555185519
S0,1540000000,1580000000,0.05,0.021718751749781134,0.008481276994539957
S0,1540000000,3040000000,1.5,0.10767891254733608,0.04202964758980463
S0,1560000000,1600000000,0.05,0.021646271019292576,0.008452974027796394
S0,1560000000,3060000000,1.5,0.1117181008489517,0.043604628686017645
S0,1580000000,1620000000,0.05,0.021011810157519545,0.008205223231097007
S0,1580000000,3080000000,1.5,0.11571433615843918,0.04516268632693907
S0,1600000000,1640000000,0.05,0.01935482355020199,0.007558182243197307
S0,1600000000,3100000000,1.5,0.11968160729984804,0.04670927303836975
S0,1620000000,1660000000,0.05,0.01743436682752572,0.006808251666753655
S0,1620000000,3120000000,1.5,0.12304338175079024,0.048019671483945627
S0,1640000000,1680000000,0.05,0.015392009250295297,0.0060107124282895415
S0,1640000000,3140000000,1.5,0.12535366639929876,0.04892012741364531
S0,1660000000,1700000000,0.05,0.014126193932499087,0.005516409212391975
S0,1660000000,3160000000,1.5,0.1267906977170161,0.04948019150450391
S0,1680000000,1720000000,0.05,0.013310539092711099,0.005197893310171965
S0,1680000000,3180000000,1.5,0.1273911670977792,0.04971420901225768
S0,1700000000,1740000000,0.05,0.011285562157515638,0.004407129521185255
S0,1700000000,3200000000,1.5,0.12793846687952865,0.04992750113226971
S0,1720000000,1760000000,0.05,0.008763993079510424,0.003422437752539213
S0,1720000000,3220000000,1.5,0.12776253648491215,0.04985893844441454
S0,1740000000,1780000000,0.05,0.006427007078491892,0.002509822177929809
S0,1740000000,3240000000,1.5,0.12628485933626518,0.049283050534698426
S0,1760000000,1800000000,0.05,0.005156794871599618,0.002013790542404997
S0,1760000000,3260000000,1.5,0.12368679989585478,0.04827045645795086
S0,1780000000,1820000000,0.05,0.004980916266680763,0.0019451079721596056
S0,1780000000,3280000000,1.5,0.12057049865524795,0.047055770259677485
S0,1800000000,1840000000,0.05,0.0047391851612103575,0.001850709236523275
S0,1800000000,3300000000,1.5,0.11787393731278165,0.046004599899871136
S0,1820000000,1860000000,0.05,0.003787332202012106,0.0014789996212237247
S0,1820000000,3320000000,1.5,0.1151835443078372,0.044955750729454645
S0,1840000000,1880000000,0.05,0.002276762017810602,0.0008891037985527828
S0,1840000000,3340000000,1.5,0.11227709396667973,0.04382258029559107
S0,1860000000,1900000000,0.05,0.0010400203299126276,0.00040614090392768865
S0,1860000000,3360000000,1.5,0.10890063802967073,0.042506047457640805
S0,1880000000,1920000000,0.05,0.00039085620294890266,0.00015263422564881725
S0,1880000000,3380000000,1.5,0.10564238770522207,0.04123548993089396
S0,1900000000,1940000000,0.05,0.0001719615126117291,6.715311732446839e-05
S0,1900000000,3400000000,1.5,0.10291585635930349,0.040172192429356636
S0,1920000000,1960000000,0.05,0.0013284767742582082,0.0005187867266307727
S0,1920000000,3420000000,1.5,0.10002467429833414,0.039044602636379544
S0,1940000000,1980000000,0.05,0.002670768698003728,0.0010429682079211191
S0,1940000000,3440000000,1.5,0.09676385638210244,0.037772753392657045
S0,1960000000,2000000000,0.05,0.003281500014786748,0.001281466146384529
S0,1960000000,3460000000,1.5,0.09291171235088465,0.03627013423397511
S0,1980000000,2020000000,0.05,0.003919937612729296,0.0015307835933907133
S0,1980000000,3480000000,1.5,0.08984304826655028,0.03507303325373147
S0,2000000000,2040000000,0.05,0.005533980209887296,0.0021610855994052473
S0,2000000000,3500000000,1.5,0.08719230133691853,0.03403889724534363
S0,2020000000,2060000000,0.05,0.007572034005534023,0.0029569667427155394
S0,2020000000,3520000000,1.5,0.08395652793518503,0.0327764439722995
S0,2040000000,2080000000,0.05,0.008601626097946125,0.0033590320168334657
S0,2040000000,3540000000,1.5,0.07969422494247955,0.031113354609778047
S0,2060000000,2100000000,0.05,0.008819593137101345,0.0034441500593425257
S0,2060000000,3560000000,1.5,0.07458216961353475,0.029118518384238606
S0,2080000000,2120000000,0.05,0.011826242514080737,0.004618268425068287
S0,2080000000,3580000000,1.5,0.07012935968309729,0.02738077870896139
S0,2100000000,2140000000,0.05,0.015414633682454937,0.00601954728945769
S0,2100000000,3600000000,1.5,0.0654813231061029,0.025566705848091082
S0,2120000000,2160000000,0.05,0.016204831767081207,0.006328119863043621
S0,2120000000,3620000000,1.5,0.058025466303414874,0.022656490183324007
S0,2140000000,2180000000,0.05,0.01622327290655534,0.006335321121569874
S0,2140000000,3640000000,1.5,0.04978940759308155,0.01944137696050285
S0,2160000000,2200000000,0.05,0.016391534406385577,0.0064010271535535745
S0,2160000000,3660000000,1.5,0.0420218473328912,0.016408848608039678
S0,2180000000,2220000000,0.05,0.018396009735002175,0.0071837701574364275
S0,2180000000,3680000000,1.5,0.034714728058458766,0.013555853974172192
S0,2200000000,2240000000,0.05,0.020417900421693308,0.007973306506002444
S0,2200000000,3700000000,1.5,0.027249038806442222,0.010640760615193064
S0,2220000000,2260000000,0.05,0.0205990024983497,0.008044025409574827
S0,2220000000,3720000000,1.5,0.017939555147104227,0.007005526297297751
S0,2240000000,2280000000,0.05,0.020605178239432143,0.008046436985610536
S0,2240000000,3740000000,1.5,0.008454067168281343,0.003301408936544752
S0,2260000000,2300000000,0.05,0.02069348881233335,0.008080921528690648
S0,2260000000,3760000000,1.5,0.0007304423172755092,0.00028524683724713155
S0,2280000000,2320000000,0.05,0.021819822472950806,0.008520744035626289
S0,2280000000,3780000000,1.5,0.009715830911644269,0.0037941383382055173
S0,2300000000,2340000000,0.05,0.023026934793897884,0.008992106831974812
S0,2300000000,3800000000,1.5,0.018785835077179805,0.007335995243028974
S0,2320000000,2360000000,0.05,0.023193904466070017,0.009057306220307277
S0,2320000000,3820000000,1.5,0.028894447771907597,0.011283250046801746
S0,2340000000,2380000000,0.05,0.023193904472333146,0.009057306222752942
S0,2340000000,3840000000,1.5,0.03916853617006847,0.01529482459741303
S0,2360000000,2400000000,0.05,0.023256138686486894,0.009081607821665871
S0,2360000000,3860000000,1.5,0.04900306295268837,0.019134393217228454
S0,2380000000,2420000000,0.05,0.024159746785151277,0.009434453269872179
S0,2380000000,3880000000,1.5,0.058503483687999396,0.022843082731662644
S0,2400000000,2440000000,0.05,0.025152591499080848,0.009822142058490389
S0,2400000000,3900000000,1.5,0.06806401913946328,0.026574718770362268
S0,2420000000,2460000000,0.05,0.025304062341935142,0.009881288607615587
S0,2420000000,3920000000,1.5,0.07846392773790628,0.030633283710234837
S0,2440000000,2480000000,0.05,0.025304062362815613,0.009881288615769018
S0,2440000000,3940000000,1.5,0.08901339799125783,0.03474936829618722
S0,2460000000,2500000000,0.05,0.025302431445963964,0.009880651773349455
S0,2460000000,3960000000,1.5,0.0995610768630699,0.03886378736836055
S0,2480000000,2520000000,0.05,0.024903744245640902,0.009724971708573078
S0,2480000000,3980000000,1.5,0.11010707215070814,0.04297646904513205
S0,2500000000,2540000000,0.05,0.023585679330306468,0.009210288733033638
S0,2500000000,4000000000,1.5,0.12062991495238393,0.04707893089433997
S0,2520000000,2560000000,0.05,0.021242503726181222,0.008295306923123923
S0,2520000000,4020000000,1.5,0.13042515774711905,0.0508965599274855
S0,2540000000,2580000000,0.05,0.019478065092393387,0.007606307335963728
S0,2540000000,4040000000,1.5,0.1392824126720461,0.05434756603044698
S0,2560000000,2600000000,0.05,0.018924697896369858,0.0073902204975799714
S0,2560000000,4060000000,1.5,0.14671607400548942,0.05724308488261315
S0,2580000000,2620000000,0.05,0.01678711286304621,0.006555500164815046
S0,2580000000,4080000000,1.5,0.15380618368678656,0.06000404913407705
S0,2600000000,2640000000,0.05,0.01342850345189757,0.005243958835808747
S0,2600000000,4100000000,1.5,0.16065416930845655,0.06267001216527757
S0,2620000000,2660000000,0.05,0.010187430054885954,0.00397830141071583
S0,2620000000,4120000000,1.5,0.16530915855715622,0.06448181062221502
S0,2640000000,2680000000,0.05,0.0067095092527009875,0.0026201422086348414
S0,2640000000,4140000000,1.5,0.16852977507552888,0.0657351237444898
S0,2660000000,2700000000,0.05,0.0037757289824700974,0.0014744684272398653
S0,2660000000,4160000000,1.5,0.16994143810697226,0.06628442334563223
S0,2680000000,2720000000,0.05,0.0008853699556144734,0.0003457480091520656
S0,2680000000,4180000000,1.5,0.16968413382753003,0.0661843047817943
S0,2700000000,2740000000,0.05,0.0024290647542539734,0.0009485798772767714
S0,2700000000,4200000000,1.5,0.16814481143647858,0.06558532283057146
S0,2720000000,2760000000,0.05,0.0059227521563601365,0.002312905274881393
S0,2720000000,4220000000,1.5,0.16439641453716608,0.06412658284491116
S0,2740000000,2780000000,0.05,0.009311762431830573,0.003636346338080407
S0,2740000000,4240000000,1.5,0.15862081719970655,0.061878490931432495
S0,2760000000,2800000000,0.05,0.011936242194968832,0.004661223915681351
S0,2760000000,4260000000,1.5,0.15104042110624058,0.05892711951183239
S0,2780000000,2820000000,0.05,0.013100488479342379,0.005115867711503139
S0,2780000000,4280000000,1.5,0.14187581350362555,0.055357820569078536
S0,2800000000,2840000000,0.05,0.013246639355247544,0.00517294021496149
S0,2800000000,4300000000,1.5,0.13166977439878336,0.051381555264232645
S0,2820000000,2860000000,0.05,0.013390875763660132,0.005229265084100464
S0,2820000000,4320000000,1.5,0.12162830621553597,0.04746810030036044
S0,2840000000,2880000000,0.05,0.013592245405876252,0.005307900653998619
S0,2840000000,4340000000,1.5,0.11166816337165217,0.04358515788038436
S0,2860000000,2900000000,0.05,0.013671551469979462,0.005338869942682983
S0,2860000000,4360000000,1.5,0.10158595696424759,0.039653528706707214
S0,2880000000,2920000000,0.05,0.013671551447015484,0.005338869933715473
S0,2880000000,4380000000,1.5,0.09142444448524159,0.03568995420009376
S0,2900000000,2940000000,0.05,0.013671551428037484,0.0053388699263045005
S0,2900000000,4400000000,1.5,0.08133711076549249,0.031754402193325586
S0,2920000000,2960000000,0.05,0.013676912522126189,0.00534096345153986
S0,2920000000,4420000000,1.5,0.07236588193619709,0.02825361439194657
S0,2940000000,2980000000,0.05,0.013684760408968502,0.005344028077622844
S0,2940000000,4440000000,1.5,0.06379589938688118,0.024908870581125737
S0,2960000000,3000000000,0.05,0.013687247192539938,0.005344999174914915
S0,2960000000,4460000000,1.5,0.05522055574245256,0.02156157663894317
S0,2980000000,3020000000,0.05,0.01368724718743856,0.005344999172922809
S0,2980000000,4480000000,1.5,0.04664272531939616,0.018212915452539658
S0,3000000000,3040000000,0.05,0.013687247182703071,0.0053449991710735854
S0,3000000000,4500000000,1.5,0.038065591135538396,0.014864191084682864
S0,3020000000,3060000000,0.05,0.01368556950026402,0.005344344030477525
S0,3020000000,4520000000,1.5,0.03021668819148196,0.011799545047690825
S0,3040000000,3080000000,0.05,0.013683328138678036,0.005343468771285982
S0,3040000000,4540000000,1.5,0.022697368440216935,0.008863415465244802
S0,3060000000,3100000000,0.05,0.01368276456839623,0.005343248695206029
S0,3060000000,4560000000,1.5,0.015180385677536424,0.005928073195125454
S0,3080000000,3120000000,0.05,0.013682764565168481,0.005343248693945583
S0,3080000000,4580000000,1.5,0.00766464621083532,0.002993132702652697
S0,3100000000,3140000000,0.05,0.013682764450751287,0.005343248649265286
S0,3100000000,4600000000,1.5,0.00018872578852698225,7.36997763245297e-05
S0,3120000000,3160000000,0.05,0.013687050861299857,0.005344922506910093
S0,3120000000,4620000000,1.5,0.006429445717046468,0.0025107744918098636
S0,3140000000,3180000000,0.05,0.013354508551814848,0.005215063551335712
S0,3140000000,4640000000,1.5,0.012890627271336243,0.005033916020026963
S0,3160000000,3200000000,0.05,0.012978424769986542,0.005068201322280862
S0,3160000000,4660000000,1.5,0.019355706712240895,0.00755852711284843
S0,3180000000,3220000000,0.05,0.012939169705578159,0.005052872051364448
S0,3180000000,4680000000,1.5,0.025483578020107422,0.009951386070316294
S0,3200000000,3240000000,0.05,0.012939169700779109,0.005052872049490399
S0,3200000000,4700000000,1.5,0.03154870097726724,0.012319650647597588
S0,3220000000,3260000000,0.05,0.012839729668567786,0.005014040281969425
S0,3220000000,4720000000,1.5,0.03720824355301276,0.014529445434538404
S0,3240000000,3280000000,0.05,0.012141367759509115,0.004741326558135093
S0,3240000000,4740000000,1.5,0.042786257258769674,0.01670729313317514
S0,3260000000,3300000000,0.05,0.010969657454672752,0.004283766700593434
S0,3260000000,4760000000,1.5,0.048263973313480424,0.018845854816205668
S0,3280000000,3320000000,0.05,0.010367870614091515,0.004048764771253032
S0,3280000000,4780000000,1.5,0.0531419282909602,0.020750144553300497
S0,3300000000,3340000000,0.05,0.010336028507312273,0.004036330197612943
S0,3300000000,4800000000,1.5,0.05742286132023645,0.022421263423774065
S0,3320000000,3360000000,0.05,0.010070238480178573,0.003932537224697048
S0,3320000000,4820000000,1.5,0.061307229816260356,0.023937489392350027
S0,3340000000,3380000000,0.05,0.008911468279268267,0.003480028096812029
S0,3340000000,4840000000,1.5,0.06512905341969595,0.025429213467271842
S0,3360000000,3400000000,0.05,0.00702480200027987,0.0027432672366948744
S0,3360000000,4860000000,1.5,0.06868679146052876,0.026817777022987332
S0,3380000000,3420000000,0.05,0.006008569609836825,0.002346417912702823
S0,3380000000,4880000000,1.5,0.0713476089565571,0.027856222709927308
S0,3400000000,3440000000,0.05,0.005980038464589318,0.0023352761943495593
S0,3400000000,4900000000,1.5,0.07301424879536494,0.02850664253118694
S0,3420000000,3460000000,0.05,0.005784485173191287,0.002258910523134085
S0,3420000000,4920000000,1.5,0.07460920561167673,0.029129068936178518
S0,3440000000,3480000000,0.05,0.004250039417548437,0.0016596922000598163
S0,3440000000,4940000000,1.5,0.0761929581145954,0.02974710456685266
S0,3460000000,3500000000,0.05,0.0024379109991793657,0.00095203444379766
S0,3460000000,4960000000,1.5,0.07758332055370168,0.030289657266414114
S0,3480000000,3520000000,0.05,0.001966582718635951,0.0007679749782891983
S0,3480000000,4980000000,1.5,0.07763070921945597,0.03030814920147553
S0,3500000000,3540000000,0.05,0.001964096184551692,0.0007670039561567417
S0,3500000000,5000000000,1.5,0.07720583598343683,0.030142355189333295
S0,3520000000,3560000000,0.05,0.0018023243161162522,0.0007038300500286694
S0,3520000000,5020000000,1.5,0.07665066064435186,0.029925712648385363
S0,3540000000,3580000000,0.05,0.000963239161436133,0.0003761569028792932
S0,3540000000,5040000000,1.5,0.07608704860336174,0.02970577554825539
S0,3560000000,3600000000,0.05,0.00028125337033051145,0.00010983295186156963
S0,3560000000,5060000000,1.5,0.07527950154125011,0.029390644108556952
S0,3580000000,3620000000,0.05,0.00027765086560167795,0.00010842612880576158
S0,3580000000,5080000000,1.5,0.07372806478370965,0.028785209027309844
S0,3600000000,3640000000,0.05,0.00027728183056641154,0.00010828201601891907
S0,3600000000,5100000000,1.5,0.07217320856145257,0.028178422150638684
S0,3620000000,3660000000,0.05,0.00020121279655753443,7.857610882253447e-05
S0,3620000000,5120000000,1.5,0.07061816930053165,0.027571546808755655
S0,3640000000,3680000000,0.05,0.0011485933719325575,0.0004485400258882412
S0,3640000000,5140000000,1.5,0.06906294404493653,0.026964582208917825
S0,3660000000,3700000000,0.05,0.0016187258799365972,0.0006321325949428095
S0,3660000000,5160000000,1.5,0.06678280901580905,0.026074674510827532
S0,3680000000,3720000000,0.05,0.0016208368236476367,0.0006329569445442047
S0,3680000000,5180000000,1.5,0.06375126079261975,0.024891447514165107
S0,3700000000,3740000000,0.05,0.001622928783532429,0.0006337738807261959
S0,3700000000,5200000000,1.5,0.060718652008097077,0.02370774935605433
S0,3720000000,3760000000,0.05,0.0019290050339699633,0.0007533004302744472
S0,3720000000,5220000000,1.5,0.057684992846771775,0.02252358667494589
S0,3740000000,3780000000,0.05,0.002435280159506531,0.0009510070688249948
S0,3740000000,5240000000,1.5,0.05465029210692596,0.02133896557464117
S0,3760000000,3800000000,0.05,0.0026380960524290537,0.0010302091431833027
S0,3760000000,5260000000,1.5,0.05131222698271162,0.02003586698392305
S0,3780000000,3820000000,0.05,0.0026412056126874778,0.0010314234642256938
S0,3780000000,5280000000,1.5,0.047773481914801685,0.018654367007097553
S0,3800000000,3840000000,0.05,0.0026442337010092187,0.0010326059694850452
S0,3800000000,5300000000,1.5,0.04423316141082973,0.017272193552465922
S0,3820000000,3860000000,0.05,0.0030852892852892416,0.0012048435041537404
S0,3820000000,5320000000,1.5,0.04069130678488624,0.01588936700620939
S0,3840000000,3880000000,0.05,0.0038589569544022206,0.0015069699300759684
S0,3840000000,5340000000,1.5,0.037147958194610406,0.014505907316909908
S0,3860000000,3900000000,0.05,0.004195182499711986,0.001638269936568964
S0,3860000000,5360000000,1.5,0.03316605640266504,0.012951165456227568
S0,3880000000,3920000000,0.05,0.004199302735244395,0.0016398789364373524
S0,3880000000,5380000000,1.5,0.02885038469952113,0.011266044659953118
S0,3900000000,3940000000,0.05,0.004203212647286292,0.0016414058025314919
S0,3900000000,5400000000,1.5,0.024532593500224076,0.009580043778681286
S0,3920000000,3960000000,0.05,0.00420691321677151,0.0016428509179184493
S0,3920000000,5420000000,1.5,0.020212801560543975,0.007893216972277985
S0,3940000000,3980000000,0.05,0.004210388203365306,0.0016442079405597685
S0,3940000000,5440000000,1.5,0.015891100449201,0.006205607811011862
S0,3960000000,4000000000,0.05,0.0042335933566499395,0.0016532698224144748
S0,3960000000,5460000000,1.5,0.011565419043087569,0.004516415345267257
S0,3980000000,4020000000,0.05,0.0045856586492299956,0.0017907553799274302
S0,3980000000,5480000000,1.5,0.007237271274454157,0.0028262386132367834
S0,4000000000,4040000000,0.05,0.004933181610644308,0.0019264670503246531
S0,4000000000,5500000000,1.5,0.0028876019412584497,0.0011276442145190621
S0,4020000000,4060000000,0.05,0.004951587467810853,0.001933654745376185
S0,4020000000,5520000000,1.5,0.0017926111201763822,0.0007000369272884996
S0,4040000000,4080000000,0.05,0.004954294077652938,0.0019347117070671507
S0,4040000000,5540000000,1.5,0.0064898034099872964,0.0025343448014558626
S0,4060000000,4100000000,0.05,0.004986602593402709,0.0019473285468371564
S0,4060000000,5560000000,1.5,0.011189706905266703,0.004369697439442187
S0,4080000000,4120000000,0.05,0.0052841379926765325,0.0020635194514926894
S0,4080000000,5580000000,1.5,0.015891318584588587,0.006205692992914923
S0,4100000000,4140000000,0.05,0.005552897684825253,0.0021684730811533854
S0,4100000000,5600000000,1.5,0.020623958793844183,0.008053770636979804
S0,4120000000,4160000000,0.05,0.005555150505069911,0.0021693528321904297
S0,4120000000,5620000000,1.5,0.02562310587354308,0.010005868991620027
S0,4140000000,4180000000,0.05,0.005555150500699831,0.0021693528304838655
S0,4140000000,5640000000,1.5,0.03062450577500017,0.011958784482839328
S0,4160000000,4200000000,0.05,0.005572355652963795,0.002176071631230587
S0,4160000000,5660000000,1.5,0.03562753776006204,0.013912262437740398
S0,4180000000,4220000000,0.05,0.006173089245978425,0.002410664586496799
S0,4180000000,5680000000,1.5,0.04063111388277973,0.015865865784259657
S0,4200000000,4240000000,0.05,0.007094929482518025,0.002770652723346305
S0,4200000000,5700000000,1.5,0.04565189516067829,0.017826086905557516
S0,4220000000,4260000000,0.05,0.0074332412745653775,0.0029027668299865814
S0,4220000000,5720000000,1.5,0.051256204877197946,0.02001399684432447
S0,4240000000,4280000000,0.05,0.007433241264250441,0.0029027668259584975
S0,4240000000,5740000000,1.5,0.05719882639162156,0.022333810904761775
S0,4260000000,4300000000,0.05,0.0074344045124883976,0.002903221085779257
S0,4260000000,5760000000,1.5,0.06314107417320841,0.024653281912493195
S0,4280000000,4320000000,0.05,0.007147018808747213,0.0027909941265753563
S0,4280000000,5780000000,1.5,0.0690831973742505,0.02697248667039807
S0,4300000000,4340000000,0.05,0.0067549716718836375,0.0026378957502877377
S0,4300000000,5800000000,1.5,0.07502648382690284,0.029291907281441872
S0,4320000000,4360000000,0.05,0.006651473487628238,0.0025974786443001296
S0,4320000000,5820000000,1.5,0.08068122132351407,0.03149847925929928
S0,4340000000,4380000000,0.05,0.006651473480534326,0.0025974786415298833
S0,4340000000,5840000000,1.5,0.08623246063996273,0.033664419714007826
S0,4360000000,4400000000,0.05,0.006577294728775631,0.002568511071354819
S0,4360000000,5860000000,1.5,0.09178303449605377,0.0358298412190471
S0,4380000000,4420000000,0.05,0.005387011102029011,0.002103692541979093
S0,4380000000,5880000000,1.5,0.09733338653005477,0.037994900233299454
S0,4400000000,4440000000,0.05,0.003869659950573829,0.0015111495758932095
S0,4400000000,5900000000,1.5,0.1028095598156113,0.04013073719093055
S0,4420000000,4460000000,0.05,0.0034684136716183374,0.0013544581588169923
S0,4420000000,5920000000,1.5,0.10716962822308047,0.04183105252142411
S0,4440000000,4480000000,0.05,0.003468413658516528,0.0013544581537005798
S0,4440000000,5940000000,1.5,0.11112845035728405,0.04337472006443177
S0,4460000000,4500000000,0.05,0.0034677174143742315,0.0013541862620800155
S0,4460000000,5960000000,1.5,0.11508401867748562,0.04491694911049804
S0,4480000000,4520000000,0.05,0.0027387899404756333,0.0010695313279769558
S0,4480000000,5980000000,1.5,0.11903833675991457,0.04645851508921473
S0,4500000000,4540000000,0.05,0.0016809755126183873,0.0006564418453444942
S0,4500000000,6000000000,1.5,0.12299195860466783,0.04799962807876718
S0,4520000000,4560000000,0.05,0.0013507330136815193,0.0005274780640182478
S0,4520000000,6020000000,1.5,0.12621734921197605,0.049256739498137254
S0,4540000000,4580000000,0.05,0.0013493940907035777,0.0005269551979996479
S0,4540000000,6040000000,1.5,0.12911315662873657,0.05038528524771225
S0,4560000000,4600000000,0.05,0.0013088953206132114,0.0005111399261937317
S0,4560000000,6060000000,1.5,0.13200424626344043,0.05151188702712692
S0,4580000000,4620000000,0.05,0.00041132736271330683,0.00016062846893379206
S0,4580000000,6080000000,1.5,0.13489297277218038,0.05263746043537242
S0,4600000000,4640000000,0.05,0.0006034113908880614,0.00023563967743119084
S0,4600000000,6100000000,1.5,0.13774188012554084,0.053747411029093355
S0,4620000000,4660000000,0.05,0.0007607898661054291,0.00029709793309412266
S0,4620000000,6120000000,1.5,0.13973303867633197,0.05452311317153267
S0,4640000000,4680000000,0.05,0.0007615578030436693,0.0002973978220335541
S0,4640000000,6140000000,1.5,0.14156720727611213,0.05523760842491808
S0,4660000000,4700000000,0.05,0.0007854305049601962,0.00030672040945662216
S0,4660000000,6160000000,1.5,0.1433962569881117,0.05595006336749464
S0,4680000000,4720000000,0.05,0.001214504172672816,0.0004742790119014554
S0,4680000000,6180000000,1.5,0.14522286099259482,0.05666151895332837
S0,4700000000,4740000000,0.05,0.0017016134192766753,0.0006645012026522211
S0,4700000000,6200000000,1.5,0.14702597170795081,0.05736377763675425
S0,4720000000,4760000000,0.05,0.001783999908100126,0.0006966741428164039
S0,4720000000,6220000000,1.5,0.14842350204455243,0.05790804262666112
S0,4740000000,4780000000,0.05,0.001785696727318594,0.0006973367716400937
S0,4740000000,6240000000,1.5,0.1497395035128436,0.05842053054140395
S0,4760000000,4800000000,0.05,0.0018107694479167265,0.000707127978078654
S0,4760000000,6260000000,1.5,0.15104991758288133,0.05893081743354637
S0,4780000000,4820000000,0.05,0.0022025690887913577,0.0008601305517296923
S0,4780000000,6280000000,1.5,0.1523574265504815,0.05943994783841432
S0,4800000000,4840000000,0.05,0.002629836407852769,0.0010269836516617733
S0,4800000000,6300000000,1.5,0.15364070199633276,0.05993961726062123
S0,4820000000,4860000000,0.05,0.0026906768359101618,0.001050742577319069
S0,4820000000,6320000000,1.5,0.15455641132387926,0.06029615225603041
S0,4840000000,4880000000,0.05,0.002692912742407119,0.0010516157259279012
S0,4840000000,6340000000,1.5,0.15541241945129314,0.060629430927290465
S0,4860000000,4900000000,0.05,0.002697344665443687,0.001053346445629467
S0,4860000000,6360000000,1.5,0.15625827829135408,0.06095874715990805
S0,4880000000,4920000000,0.05,0.002746972954717191,0.0010727268941881647
S0,4880000000,6380000000,1.5,0.1570971021423353,0.061285313708938874
S0,4900000000,4940000000,0.05,0.002801329145358869,0.0010939536447847234
S0,4900000000,6400000000,1.5,0.15793259074954896,0.06161057108198287
S0,4920000000,4960000000,0.05,0.0028103702311663495,0.001097484298185091
S0,4920000000,6420000000,1.5,0.15872178631141776,0.06191779660697134
S0,4940000000,4980000000,0.05,0.0028122883126878613,0.0010982333322241721
S0,4940000000,6440000000,1.5,0.15950291872780936,0.06222187374065054
S0,4960000000,5000000000,0.05,0.0028153955694442123,0.0010994467535769441
S0,4960000000,6460000000,1.5,0.1602808740092582,0.06252470465419853
S0,4980000000,5020000000,0.05,0.0029466312937400582,0.001150695889052649
S0,4980000000,6480000000,1.5,0.16105710196251505,0.06282685375030755
S0,5000000000,5040000000,0.05,0.0030828835646267844,0.0012039040413195006
S0,5000000000,6500000000,1.5,0.1618311628004945,0.06312814986606538
S0,5020000000,5060000000,0.05,0.0031734834192180088,0.0012392843722874266
S0,5020000000,6520000000,1.5,0.1624761550301997,0.06337919998359563
S0,5040000000,5080000000,0.05,0.0033222229810882173,0.0012973689514300074
S0,5040000000,6540000000,1.5,0.16311396359621602,0.06362744752416086
S0,5060000000,5100000000,0.05,0.0033875463501280532,0.0013228785066329008
S0,5060000000,6560000000,1.5,0.16367956126550307,0.06384758376188578
S0,5080000000,5120000000,0.05,0.003387546348779677,0.0013228785061063437
S0,5080000000,6580000000,1.5,0.16418967200902962,0.06404611955739509
S0,5100000000,5140000000,0.05,0.0033875463470824513,0.0013228785054435568
S0,5100000000,6600000000,1.5,0.16469978275292796,0.06424465118664135
S0,5120000000,5160000000,0.05,0.003634147488165075,0.0014191791811174815
S0,5120000000,6620000000,1.5,0.16520989349768794,0.06444317863690009
S0,5140000000,5180000000,0.05,0.004163089880384212,0.0016257373954443458
S0,5140000000,6640000000,1.5,0.1657200042429724,0.06464170189512519
S0,5160000000,5200000000,0.05,0.004445431127775366,0.0017359949218109473
S0,5160000000,6660000000,1.5,0.16599038325781723,0.06474692542566482
S0,5180000000,5220000000,0.05,0.004445431122200347,0.0017359949196338379
S0,5180000000,6680000000,1.5,0.16598206457444875,0.06474368805731283
S0,5200000000,5240000000,0.05,0.00444543111763869,0.0017359949178524586
S0,5200000000,6700000000,1.5,0.16597374589396502,0.06474045068896342
S0,5220000000,5260000000,0.05,0.004443760830090189,0.0017353426513238887
S0,5220000000,6720000000,1.5,0.16596542721582602,0.06473721332040648
S0,5240000000,5280000000,0.05,0.004441530032617741,0.0017344714992113348
S0,5240000000,6740000000,1.5,0.16595710853957785,0.06473397595146545
S0,5260000000,5300000000,0.05,0.004440969519452838,0.0017342526123627945
S0,5260000000,6760000000,1.5,0.1659506406205279,0.06473145883863901
S0,5280000000,5320000000,0.05,0.004440969517227965,0.0017342526114939559
S0,5280000000,6780000000,1.5,0.16594479337223958,0.06472918327097642
S0,5300000000,5340000000,0.05,0.004440969515210107,0.001734252610705959
S0,5300000000,6800000000,1.5,0.1659389461243896,0.06472690770293112
S0,5320000000,5360000000,0.05,0.004439961096931962,0.0017338588117500608
S0,5320000000,6820000000,1.5,0.16593309887789126,0.06472463213485856
S0,5340000000,5380000000,0.05,0.004438616540687057,0.001733333747044713
S0,5340000000,6840000000,1.5,0.16592725163240551,0.06472235656662685
S0,5360000000,5400000000,0.05,0.004438280402728978,0.0017332024812990454
S0,5360000000,6860000000,1.5,0.16592366590005295,0.06472096110952677
S0,5380000000,5420000000,0.05,0.004438280403732758,0.0017332024816910333
S0,5380000000,6880000000,1.5,0.16592083400586366,0.06471985902298161
S0,5400000000,5440000000,0.05,0.004438280403736783,0.001733202481692605
S0,5400000000,6900000000,1.5,0.16591800211014568,0.06471875693571176
S0,5420000000,5460000000,0.05,0.004440469300684896,0.0017340572711708013
S0,5420000000,6920000000,1.5,0.16591517021225954,0.06471765484746837
S0,5440000000,5480000000,0.05,0.004443440971381538,0.0017352177428134094
S0,5440000000,6940000000,1.5,0.16591233831453225,0.06471655275915707
S0,5460000000,5500000000,0.05,0.004444223745179179,0.0017355234249988119
S0,5460000000,6960000000,1.5,0.16589645374363254,0.06471037096573959
S0,5480000000,5520000000,0.05,0.004444223745400544,0.001735523425085257
S0,5480000000,6980000000,1.5,0.16587074683856934,0.06470036660900369
S0,5500000000,5540000000,0.05,0.004444223740601438,0.0017355234232111513
S0,5500000000,7000000000,1.5,0.16584503993371194,0.06469036224165865
S0,5520000000,5560000000,0.05,0.004445508317279467,0.0017360250652014542
S0,5520000000,7020000000,1.5,0.16581933302894425,0.06468035786366093
S0,5540000000,5580000000,0.05,0.004447221096948353,0.0017366939253912075
S0,5540000000,7040000000,1.5,0.16579362612937928,0.06467035347700206
S0,5560000000,5600000000,0.05,0.0044476492951747715,0.0017368611417307262
S0,5560000000,7060000000,1.5,0.1657576266881901,0.06465634351092792
S0,5580000000,5620000000,0.05,0.0044476492962779585,0.0017368611421615335
S0,5580000000,7080000000,1.5,0.1657095387413342,0.06463762900708503
S0,5600000000,5640000000,0.05,0.004447649296330736,0.0017368611421821436
S0,5600000000,7100000000,1.5,0.16526067132805555,0.06446294037760636
S0,5620000000,5660000000,0.05,0.004449281381449052,0.0017374984902189118
S0,5620000000,7120000000,1.5,0.1646933891325772,0.06424216285895777
S0,5640000000,5680000000,0.05,0.004451457607079726,0.001738348331391269
S0,5640000000,7140000000,1.5,0.16412610694103735,0.06402138017341409
S0,5660000000,5700000000,0.05,0.004452001747652451,0.0017385608245514609
S0,5660000000,7160000000,1.5,0.1627270567366932,0.06347685659451657
S0,5680000000,5720000000,0.05,0.004452001748439793,0.001738560824858927
S0,5680000000,7180000000,1.5,0.15968806150865938,0.06229394423651314
S0,5700000000,5740000000,0.05,0.004452001748425249,0.0017385608248532472
S0,5700000000,7200000000,1.5,0.15595052655743863,0.06083893215999259
S0,5720000000,5760000000,0.05,0.004451628021445095,0.00173841488016352
S0,5720000000,7220000000,1.5,0.15210151681928374,0.05934030124109111
S0,5740000000,5780000000,0.05,0.004451129718378494,0.001738220287077277
S0,5740000000,7240000000,1.5,0.14824529128110708,0.05783864042019682
S0,5760000000,5800000000,0.05,0.004451005141206027,0.001738171638256712
S0,5760000000,7260000000,1.5,0.14438225535555166,0.05633411196355379
S0,5780000000,5820000000,0.05,0.00445100514051637,0.0017381716379873931
S0,5780000000,7280000000,1.5,0.14051218279468797,0.05482663222314074
S0,5800000000,5840000000,0.05,0.004451005141176259,0.0017381716382450874
S0,5800000000,7300000000,1.5,0.13648063923629883,0.05325603768697429
S0,5820000000,5860000000,0.05,0.004450339684911445,0.0017379117699097087
S0,5820000000,7320000000,1.5,0.1305148204242935,0.050931499844959295
S0,5840000000,5880000000,0.05,0.0044494524095577,0.001737565278665143
S0,5840000000,7340000000,1.5,0.12347001751707049,0.04818596178614616
S0,5860000000,5900000000,0.05,0.004449230590781908,0.0017374786558784117
S0,5860000000,7360000000,1.5,0.11636799280185513,0.04541751787178029
S0,5880000000,5920000000,0.05,0.0044492305909966945,0.0017374786559622882
S0,5880000000,7380000000,1.5,0.10924641232943481,0.04264087588202976
S0,5900000000,5940000000,0.05,0.004449230591098918,0.0017374786560022076
S0,5900000000,7400000000,1.5,0.10192612923145145,0.03978619832562985
S0,5920000000,5960000000,0.05,0.004445976782786812,0.0017362080063783281
S0,5920000000,7420000000,1.5,0.09247646202974193,0.036100346070284825
S0,5940000000,5980000000,0.05,0.0044414727441139945,0.00173444912739061
S0,5940000000,7440000000,1.5,0.08184798156818046,0.03195373762317199
S0,5960000000,6000000000,0.05,0.004440222512807984,0.0017339608976615387
S0,5960000000,7460000000,1.5,0.07112919804411333,0.02777098462261656
S0,5980000000,6020000000,0.05,0.004440222511585851,0.0017339608971842816
S0,5980000000,7480000000,1.5,0.06038242740730407,0.023576509621862446
S0,6000000000,6040000000,0.05,0.004440222511450348,0.0017339608971313663
S0,6000000000,7500000000,1.5,0.04943460120650786,0.019302863264679008
S0,6020000000,6060000000,0.05,0.004436164037782853,0.0017323760164013483
S0,6020000000,7520000000,1.5,0.03628498374613537,0.014168961811670256
S0,6040000000,6080000000,0.05,0.004430422052740218,0.0017301337050692684
S0,6040000000,7540000000,1.5,0.022884945383924937,0.008936661847292169
S0,6060000000,6100000000,0.05,0.004428738541487204,0.0017294762745208051
S0,6060000000,7560000000,1.5,0.009458050433340803,0.0036934729999417862
S0,6080000000,6120000000,0.05,0.0044287385414382985,0.001729476274501707
S0,6080000000,7580000000,1.5,0.003996074453200382,0.0015605159218468833
S0,6100000000,6140000000,0.05,0.004428738541459365,0.0017294762745099336
S0,6100000000,7600000000,1.5,0.017636618024240658,0.006887230248127493
S0,6120000000,6160000000,0.05,0.004424008177885158,0.0017276290130054486
S0,6120000000,7620000000,1.5,0.032855347458931636,0.012829846262159257
S0,6140000000,6180000000,0.05,0.004417211519526343,0.001724974839551667
S0,6140000000,7640000000,1.5,0.048149807436234676,0.018801284566183053
S0,6160000000,6200000000,0.05,0.0044151452247992995,0.0017241679276326736
S0,6160000000,7660000000,1.5,0.06346279754723377,0.0247788559809461
S0,6180000000,6220000000,0.05,0.004415145224630435,0.0017241679275667296
S0,6180000000,7680000000,1.5,0.0787942369688864,0.030762173915622283
S0,6200000000,6240000000,0.05,0.00441514522416947,0.0017241679273867175
S0,6200000000,7700000000,1.5,0.09423885472802848,0.036787832730611134
S0,6220000000,6260000000,0.05,0.0044104154464290335,0.0017223208946293327
S0,6220000000,7720000000,1.5,0.11110113225769924,0.04336406846542046
S0,6240000000,6280000000,0.05,0.004403619764956512,0.0017196671026211096
S0,6240000000,7740000000,1.5,0.12811315151864633,0.04999557794846609
S0,6260000000,6300000000,0.05,0.004401553861368146,0.0017188603434341923
S0,6260000000,7760000000,1.5,0.1451306173471248,0.056625591518584005
S0,6280000000,6320000000,0.05,0.0044015538621891,0.0017188603437547844
S0,6280000000,7780000000,1.5,0.1621528282481241,0.06325335242681576
S0,6300000000,6340000000,0.05,0.004401553862813129,0.001718860343998475
S0,6300000000,7800000000,1.5,0.17927387313533458,0.06991497239819443
S0,6320000000,6360000000,0.05,0.004392543803384968,0.00171534181181549
S0,6320000000,7820000000,1.5,0.19741965527053773,0.07696970364257417
S0,6340000000,6380000000,0.05,0.004377595433449288,0.001709504300774325
S0,6340000000,7840000000,1.5,0.21561679109588225,0.08403803684402027
S0,6360000000,6400000000,0.05,0.004371657123638573,0.0017071853222079979
S0,6360000000,7860000000,1.5,0.2338049168515703,0.09109591856523956
S0,6380000000,6420000000,0.05,0.004371657123799638,0.0017071853222708957
S0,6380000000,7880000000,1.5,0.25198710428898463,0.09814396592049533
S0,6400000000,6440000000,0.05,0.0043716571236192825,0.0017071853222004648
S0,6400000000,7900000000,1.5,0.2702570313520149,0.10521785310652217
S0,6420000000,6460000000,0.05,0.004369457929006809,0.001706326511300604
S0,6420000000,7920000000,1.5,0.28969354805694114,0.11273377646096674
S0,6440000000,6480000000,0.05,0.004366471547393558,0.0017051602947805557
S0,6440000000,7940000000,1.5,0.30922570085742684,0.12027595453062358
S0,6460000000,6500000000,0.05,0.004365684360680522,0.0017048528892745338
S0,6460000000,7960000000,1.5,0.3287556544533975,0.1278058139819603
S0,6480000000,6520000000,0.05,0.0043656843614246765,0.0017048528895651349
S0,6480000000,7980000000,1.5,0.3482848208545436,0.13532318387592224
S0,6500000000,6540000000,0.05,0.0043656843603482876,0.0017048528891447925
S0,6500000000,8000000000,1.5,0.3678498878359276,0.1428414343861407
S0,6520000000,6560000000,0.05,0.004376889654521404,0.0017092286859522942
S0,6520000000,8020000000,1.5,0.38827548677640117,0.1506757649025807
S0,6540000000,6580000000,0.05,0.004397931393901822,0.001717445728089426
S0,6540000000,8040000000,1.5,0.40875901374523405,0.15851653074495273
S0,6560000000,6600000000,0.05,0.0044077678375529505,0.0017212869728234616
S0,6560000000,8060000000,1.5,0.42925374600011,0.16634494475213893
S0,6580000000,6620000000,0.05,0.004407767837437987,0.001721286972778567
S0,6580000000,8080000000,1.5,0.4497583146870064,0.17415963580997865
S0,6600000000,6640000000,0.05,0.004407767837126875,0.001721286972657074
S0,6600000000,8100000000,1.5,0.47028314323771614,0.18196371524387858
S0,6620000000,6660000000,0.05,0.004414637248294384,0.0017239695569493418
S0,6620000000,8120000000,1.5,0.4905194967016514,0.18963935102190005
S0,6640000000,6680000000,0.05,0.0044251502118605734,0.0017280749904384075
S0,6640000000,8140000000,1.5,0.5105367448961572,0.19721278263524186
S0,6660000000,6700000000,0.05,0.004428793763923133,0.001729497839518549
S0,6660000000,8160000000,1.5,0.530489247482271,0.20474205946461732
S0,6680000000,6720000000,0.05,0.004428793763577604,0.001729497839383616
S0,6680000000,8180000000,1.5,0.5503702300016872,0.21222408089462283
S0,6700000000,6740000000,0.05,0.004428793763251532,0.001729497839256281
S0,6700000000,8200000000,1.5,0.5701740006631669,0.2196561969180501
S0,6720000000,6760000000,0.05,0.004428974234792049,0.0017295683154730237
S0,6720000000,8220000000,1.5,0.5895417533733422,0.22690385533388285
S0,6740000000,6780000000,0.05,0.004429214865279474,0.001729662284451922
S0,6740000000,8240000000,1.5,0.6087519505261043,0.23407153692216487
S0,6760000000,6800000000,0.05,0.004429275023314583,0.0017296857768580225
S0,6760000000,8260000000,1.5,0.6279623281561575,0.24121769075670144
S0,6780000000,6820000000,0.05,0.004429275022879653,0.0017296857766881772
S0,6780000000,8280000000,1.5,0.6471727659496467,0.2483416123773229
S0,6800000000,6840000000,0.05,0.004429275023225987,0.0017296857768234247
S0,6800000000,8300000000,1.5,0.6663815728220331,0.25544202025179347
S0,6820000000,6860000000,0.05,0.004430528119093641,0.0017301751252027603
S0,6820000000,8320000000,1.5,0.6851030324243276,0.2623396149460649
S0,6840000000,6880000000,0.05,0.00443219891414523,0.0017308275899267113
S0,6840000000,8340000000,1.5,0.703617257041758,0.2691382531011845
S0,6860000000,6900000000,0.05,0.00443261661282171,0.0017309907060737634
S0,6860000000,8360000000,1.5,0.7221327347606443,0.2759142856517407
S0,6880000000,6920000000,0.05,0.004432616610128642,0.0017309907050220895
S0,6880000000,8380000000,1.5,0.7406486301833752,0.28266682299702206
S0,6900000000,6940000000,0.05,0.0044326166081233576,0.0017309907042390024
S0,6900000000,8400000000,1.5,0.7591628946851516,0.2893945416956066
S0,6920000000,6960000000,0.05,0.004421752832057868,0.0017267482744582324
S0,6920000000,8420000000,1.5,0.7772793899701009,0.2959537170238487
S0,6940000000,6980000000,0.05,0.004401849495418608,0.0017189757919419306
S0,6940000000,8440000000,1.5,0.795312049144743,0.30245842477306956
S0,6960000000,7000000000,0.05,0.00439280993525859,0.0017154457393838065
S0,6960000000,8460000000,1.5,0.8133338445477711,0.3089346481344859
S0,6980000000,7020000000,0.05,0.004392809935775455,0.0017154457395856478
S0,6980000000,8480000000,1.5,0.8313466003940103,0.3153825578691867
S0,7000000000,7040000000,0.05,0.004392809936268782,0.001715445739778298
S0,7000000000,8500000000,1.5,0.8493587100564375,0.32180465564261307
S0,7020000000,7060000000,0.05,0.004383801976525353,0.001711928027512657
S0,7020000000,8520000000,1.5,0.8673687786113115,0.3281999290437884
S0,7040000000,7080000000,0.05,0.0043631337089032884,0.0017038568302853386
S0,7040000000,8540000000,1.5,0.8853788471684563,0.3345685886825484
S0,7060000000,7100000000,0.05,0.003950693935040217,0.0015427942979578174
S0,7060000000,8560000000,1.5,0.9033799077653304,0.34090695319500386
S0,7080000000,7120000000,0.05,0.0034314996875209336,0.0013400428086473646
S0,7080000000,8580000000,1.5,0.9213693080530374,0.3472136223956743
S0,7100000000,7140000000,0.05,0.003313084909312536,0.0012938004252335638
S0,7100000000,8600000000,1.5,0.9389587050634741,0.35335290229059235
S0,7120000000,7160000000,0.05,0.002482948985565059,0.0009696223264168922
S0,7120000000,8620000000,1.5,0.9564322484059227,0.3594246853776859
S0,7140000000,7180000000,0.05,1.3412174701743496e-05,5.237621655835521e-06
S0,7140000000,8640000000,1.5,0.9738893872371073,0.36546337178528826
S0,7160000000,7200000000,0.05,0.0023245284316021353,0.0009077571671025986
S0,7160000000,8660000000,1.5,0.9904008763987142,0.37114932925591887
S0,7180000000,7220000000,0.05,0.003134542940935847,0.0012240776483027206
S0,7180000000,8680000000,1.5,1.0051399412443875,0.3762035708264486
S0,7200000000,7240000000,0.05,0.0032532335279062963,0.0012704277451150968
S0,7200000000,8700000000,1.5,1.0190428844694024,0.38095237293555906
S0,7220000000,7260000000,0.05,0.0032676334422870046,0.0012760510839740155
S0,7220000000,8720000000,1.5,1.0324796315290512,0.3855244466336626
S0,7240000000,7280000000,0.05,0.003281978768040622,0.0012816531052551351
S0,7240000000,8740000000,1.5,1.0456716128999626,0.38999630741594876
S0,7260000000,7300000000,0.05,0.003450610978046803,0.001347505995132794
S0,7260000000,8760000000,1.5,1.0587228322982185,0.3944037559879159
S0,7280000000,7320000000,0.05,0.0055463572298780905,0.002165918961679688
S0,7280000000,8780000000,1.5,1.0716326441651896,0.3987469282467253
S0,7300000000,7340000000,0.05,0.00855961657805207,0.0033426269258603814
S0,7300000000,8800000000,1.5,1.0842489271672648,0.4029752999100863
S0,7320000000,7360000000,0.05,0.00969648793752692,0.0037865847542923148
S0,7320000000,8820000000,1.5,1.094755553678429,0.4064843857540126
S0,7340000000,7380000000,0.05,0.009774152778077971,0.0038169134847677974
S0,7340000000,8840000000,1.5,1.1033636484851936,0.40935102895292974
S0,7360000000,7400000000,0.05,0.009992632979621774,0.0039022316891289596
S0,7360000000,8860000000,1.5,1.1110029648977435,0.41188870297123864
S0,7380000000,7420000000,0.05,0.012320719708696193,0.00481136442354745
S0,7380000000,8880000000,1.5,1.118051489271033,0.4142247947611032
S0,7400000000,7440000000,0.05,0.015628917072172066,0.006103225108093789
S0,7400000000,8900000000,1.5,1.124717396405907,0.41642934273307697
S0,7420000000,7460000000,0.05,0.016901287202841786,0.006600085088537771
S0,7420000000,8920000000,1.5,1.1279523428040485,0.4174975381012686
S0,7440000000,7480000000,0.05,0.0170240814167624,0.0066480360373206305
S0,7440000000,8940000000,1.5,1.1283195871097873,0.4176187350096534
S0,7460000000,7500000000,0.05,0.017254374324797483,0.006737964990573175
S0,7460000000,8960000000,1.5,1.126904385774177,0.41715161695623554
S0,7480000000,7520000000,0.05,0.01965722114958285,0.007676266664322675
S0,7480000000,8980000000,1.5,1.1241804074288944,0.4162519207964489
S0,7500000000,7540000000,0.05,0.022109433311132576,0.008633833862986134
S0,7500000000,9000000000,1.5,1.120954592917184,0.4151854758901312
S0,7520000000,7560000000,0.05,0.022390769275011713,0.008743692270171228
S0,7520000000,9020000000,1.5,1.1135902580993122,0.4127468051364709
S0,7540000000,7580000000,0.05,0.0224505977843851,0.008767054581899214
S0,7540000000,9040000000,1.5,1.1042866137250393,0.4096579430197561
S0,7560000000,7600000000,0.05,0.022665929916094257,0.008851139118602112
S0,7560000000,9060000000,1.5,1.0932631656430236,0.4059866275445355
S0,7580000000,7620000000,0.05,0.024430534464292955,0.009540191436929364
S0,7580000000,9080000000,1.5,1.080659227511752,0.4017738299842212
S0,7600000000,7640000000,0.05,0.026084450870534653,0.010186014919239919
S0,7600000000,9100000000,1.5,1.0673648034287424,0.39731295310661635
S0,7620000000,7660000000,0.05,0.02618344191041698,0.01022466885586067
S0,7620000000,9120000000,1.5,1.05027743893395,0.39155361907417624
S0,7640000000,7680000000,0.05,0.026227218013125386,0.01024176250303768
S0,7640000000,9140000000,1.5,1.031423047634004,0.38516555430368626
S0,7660000000,7700000000,0.05,0.02636091195599541,0.010293967144759938
S0,7660000000,9160000000,1.5,1.0108565071010875,0.3781583812233421
S0,7680000000,7720000000,0.05,0.027891750064182395,0.010891723536397656
S0,7680000000,9180000000,1.5,0.9891242487763032,0.37071060240978254
S0,7700000000,7740000000,0.05,0.02945915156644838,0.011503750461798573
S0,7700000000,9200000000,1.5,0.9670013466139086,0.36308399533778807
S0,7720000000,7760000000,0.05,0.029619069642996508,0.011566193655767639
S0,7720000000,9220000000,1.5,0.9411414310814992,0.35411284913423224
S0,7740000000,7780000000,0.05,0.029636056964521262,0.011572826689019365
S0,7740000000,9240000000,1.5,0.9134277651193203,0.34443293350853915
S0,7760000000,7800000000,0.05,0.029741701926841654,0.011614077820237613
S0,7760000000,9260000000,1.5,0.8840892263557785,0.33411345298880707
S0,7780000000,7820000000,0.05,0.03086527316022453,0.012052796043276966
S0,7780000000,9280000000,1.5,0.854231072545547,0.3235374005826892
S0,7800000000,7840000000,0.05,0.03194136409773455,0.012472971182251862
S0,7800000000,9300000000,1.5,0.8239825682682131,0.3127495646924772
S0,7820000000,7860000000,0.05,0.03199271777764759,0.012493022873741353
S0,7820000000,9320000000,1.5,0.7900526589883543,0.30056378358268093
S0,7840000000,7880000000,0.05,0.031992717759653115,0.012493022866715185
S0,7840000000,9340000000,1.5,0.754272418024636,0.2876198254858331
S0,7860000000,7900000000,0.05,0.03208045737680603,0.012527281886876185
S0,7860000000,9360000000,1.5,0.7160992450365635,0.27370880367079164
S0,7880000000,7920000000,0.05,0.03333478664415683,0.013017047616019186
S0,7880000000,9380000000,1.5,0.6765099917029355,0.2591764768140944
S0,7900000000,7940000000,0.05,0.03459701238179269,0.013509891434060598
S0,7900000000,9400000000,1.5,0.6356757068592872,0.24408079999725005
S0,7920000000,7960000000,0.05,0.034692648467449586,0.013547232916250948
S0,7920000000,9420000000,1.5,0.5934262548149316,0.2283549449317301
S0,7940000000,7980000000,0.05,0.034692648449723196,0.013547232909329611
S0,7940000000,9440000000,1.5,0.5508702182012362,0.2124119795350884
S0,7960000000,8000000000,0.05,0.03472854902184955,0.01356125041957317
S0,7960000000,9460000000,1.5,0.5081325647671476,0.19630420131611132
S0,7980000000,8020000000,0.05,0.03562498156043287,0.013911264368242585
S0,7980000000,9480000000,1.5,0.46537779866780615,0.18010028615459336
S0,8000000000,8040000000,0.05,0.03654344154895817,0.014269876081350344
S0,8000000000,9500000000,1.5,0.4225871051320122,0.16380035158376843
S0,8020000000,8060000000,0.05,0.036601369569187414,0.014292493914349239
S0,8020000000,9520000000,1.5,0.37883562356713885,0.14705696656080436
S0,8040000000,8080000000,0.05,0.03660136954787052,0.014292493906026119
S0,8040000000,9540000000,1.5,0.33483930356791985,0.13014893588240228
S0,8060000000,8100000000,0.05,0.036621629400053174,0.01430040430564885
S0,8060000000,9560000000,1.5,0.2907214864136225,0.11313098062881095
S0,8080000000,8120000000,0.05,0.036353414177207055,0.014195680343169387
S0,8080000000,9580000000,1.5,0.24660266814748805,0.09605759060864481
S0,8100000000,8140000000,0.05,0.03584583382131423,0.013997496166356583
S0,8100000000,9600000000,1.5,0.20246359001371605,0.0789295879537834
S0,8120000000,8160000000,0.05,0.03555511353232521,0.013883984350904047
S0,8120000000,9620000000,1.5,0.1586129869675164,0.06187544273950423
S0,8140000000,8180000000,0.05,0.035408334893669346,0.013826674480152642
S0,8140000000,9640000000,1.5,0.11498148918699225,0.044876976273509284
S0,8160000000,8200000000,0.05,0.03525595941697274,0.013767179239439625
S0,8160000000,9660000000,1.5,0.07141194335353229,0.027881330096097414
S0,8180000000,8220000000,0.05,0.03474272960807756,0.013566787280345211
S0,8180000000,9680000000,1.5,0.027918852247550807,0.010902306247155163
S0,8200000000,8240000000,0.05,0.03414915609968594,0.013335023794455544
S0,8200000000,9700000000,1.5,0.015497027002564445,0.006051721948769463
S0,8220000000,8260000000,0.05,0.03399160054802319,0.013273505311995473
S0,8220000000,9720000000,1.5,0.05847688830305675,0.02283270134288745
S0,8240000000,8280000000,0.05,0.033991600558262836,0.013273505315993602
S0,8240000000,9740000000,1.5,0.10129919404756649,0.03954168822547622
S0,8260000000,8300000000,0.05,0.03398996964256101,0.01327286851503096
S0,8260000000,9760000000,1.5,0.14410816992324743,0.05622735643727531
S0,8280000000,8320000000,0.05,0.03350099145180124,0.013081943608080543
S0,8280000000,9780000000,1.5,0.18638181528272288,0.07267912141685816
S0,8300000000,8340000000,0.05,0.03280640919649891,0.012810737834575514
S0,8300000000,9800000000,1.5,0.2281679806256653,0.08890929019396791
S0,8320000000,8360000000,0.05,0.03259917421722308,0.012729820806648539
S0,8320000000,9820000000,1.5,0.26937501948750375,0.10487654611739745
S0,8340000000,8380000000,0.05,0.03259917422747194,0.012729820810650315
S0,8340000000,9840000000,1.5,0.31028969677164964,0.12068648472807894
S0,8360000000,8400000000,0.05,0.032597543311685684,0.012729184002273417
S0,8360000000,9860000000,1.5,0.35091549460157745,0.13633483988666018
S0,8380000000,8420000000,0.05,0.03219814317659708,0.012573233727059105
S0,8380000000,9880000000,1.5,0.39079161655447403,0.15163976712324803
S0,8400000000,8440000000,0.05,0.031716537851467885,0.012385184844465538
S0,8400000000,9900000000,1.5,0.42986999874679577,0.16658006965188848
S0,8420000000,8460000000,0.05,0.03163270174561239,0.012352449904262808
S0,8420000000,9920000000,1.5,0.46833559557264837,0.18122401647933753
S0,8440000000,8480000000,0.05,0.0316327017538488,0.012352449907478828
S0,8440000000,9940000000,1.5,0.5066661917005263,0.19574989417811833
S0,8460000000,8500000000,0.05,0.03163205557340765,0.012352197597510963
S0,8460000000,9960000000,1.5,0.5446792798919763,0.21008445506347426
S0,8480000000,8520000000,0.05,0.03162936828152563,0.012351148307724168
S0,8480000000,9980000000,1.5,0.5817684342710381,0.22399749901360042
S0,8500000000,8540000000,0.05,0.03162732717575001,0.012350351330105739
S0,8500000000,10000000000,1.5,0.6180372125575051,0.23752834000698617
S0,8520000000,8560000000,0.05,0.031627327177493614,0.012350351330786552
S0,8520000000,10020000000,1.5,0.6537861797521304,0.25078883582795486
S0,8540000000,8580000000,0.05,0.031627327175677844,0.01235035133007756
S0,8540000000,10040000000,1.5,0.6895027300373364,0.2639572931613043
S0,8560000000,8600000000,0.05,0.03162810336310351,0.01235065440305714
S0,8560000000,10060000000,1.5,0.724874672366815,0.27691574492731713
S0,8580000000,8620000000,0.05,0.031631440665364385,0.01235195749827625
S0,8580000000,10080000000,1.5,0.7590794123634611,0.2893642610923645
S0,8600000000,8640000000,0.05,0.031617597264320674,0.012346552153163508
S0,8600000000,10100000000,1.5,0.7924846414264337,0.3014401393698586
S0,8620000000,8660000000,0.05,0.03148567900722654,0.012295042837330091
S0,8620000000,10120000000,1.5,0.8252911299227523,0.3132177487792556
S0,8640000000,8680000000,0.05,0.03123714183257842,0.012197997900151396
S0,8640000000,10140000000,1.5,0.8580375418414137,0.32488974932918285
S0,8660000000,8700000000,0.05,0.03096653650229031,0.012092335918037106
S0,8660000000,10160000000,1.5,0.8902672923510917,0.33629256441220995
S0,8680000000,8720000000,0.05,0.0304742332255995,0.011900108022084315
S0,8680000000,10180000000,1.5,0.9210306209614918,0.34709514436559036
S0,8700000000,8740000000,0.05,0.029881961958466485,0.01166884502872754
S0,8700000000,10200000000,1.5,0.9508671588086801,0.35749385913458254
S0,8720000000,8760000000,0.05,0.029510834211454395,0.01152393098664005
S0,8720000000,10220000000,1.5,0.9798586426021021,0.3675218617509617
S0,8740000000,8780000000,0.05,0.029243010033267458,0.01141935358402197
S0,8740000000,10240000000,1.5,1.0086046731168894,0.37738872241194676
S0,8760000000,8800000000,0.05,0.02897670584709311,0.011315369490188012
S0,8760000000,10260000000,1.5,1.0367210820978454,0.3869640661778682
S0,8780000000,8820000000,0.05,0.02866926674311754,0.01119532314955616
S0,8780000000,10280000000,1.5,1.0633341646613108,0.3959570154681869
S0,8800000000,8840000000,0.05,0.02767433789598084,0.010806829562467542
S0,8800000000,10300000000,1.5,1.0890536152708439,0.40458139330371784
S0,8820000000,8860000000,0.05,0.025943899156841588,0.010131132363396637
S0,8820000000,10320000000,1.5,1.1143717099860788,0.4130058458664155
S0,8840000000,8880000000,0.05,0.024461993563917317,0.009552475690340212
S0,8840000000,10340000000,1.5,1.1388702571104894,0.42109460737314386
S0,8860000000,8900000000,0.05,0.023707064487785146,0.009257687839269639
S0,8860000000,10360000000,1.5,1.1618661474698704,0.428629766464983
S0,8880000000,8920000000,0.05,0.02222157324171181,0.008677623216400032
S0,8880000000,10380000000,1.5,1.1829766422246863,0.4354972669646395
S0,8900000000,8940000000,0.05,0.019231107776052525,0.007509871936793263
S0,8900000000,10400000000,1.5,1.2033235657384564,0.44207045814490287
S0,8920000000,8960000000,0.05,0.01585333017297008,0.006190858511108461
S0,8920000000,10420000000,1.5,1.2223385498872081,0.4481720129851736
S0,8940000000,8980000000,0.05,0.012884901735869314,0.00503168017337174
S0,8940000000,10440000000,1.5,1.2396646452196673,0.4536963753402614
S0,8960000000,9000000000,0.05,0.011304581467804664,0.004414556680841321
S0,8960000000,10460000000,1.5,1.254646914989904,0.4584459810181668
S0,8980000000,9020000000,0.05,0.009067071820000772,0.0035407926081957833
S0,8980000000,10480000000,1.5,1.2671480118904543,0.4623893400880645
S0,9000000000,9040000000,0.05,0.005441454118987776,0.0021249531418521513
S0,9000000000,10500000000,1.5,1.279126780631157,0.4661509886756913
S0,9020000000,9060000000,0.05,0.0020636768187229926,0.0008058914172261923
S0,9020000000,10520000000,1.5,1.289168820341398,0.4692915737909349
S0,9040000000,9080000000,0.05,0.0011767884289022312,0.0004595505457555564
S0,9040000000,10540000000,1.5,1.2975219714092432,0.47189495914810486
S0,9060000000,9100000000,0.05,0.003232432298186816,0.0012623046159092116
S0,9060000000,10560000000,1.5,1.3041862338433547,0.47396607571581145
S0,9080000000,9120000000,0.05,0.005951254113509052,0.002324035595920167
S0,9080000000,10580000000,1.5,1.3092989196848313,0.4755514279028641
S0,9100000000,9140000000,0.05,0.00985730492420378,0.0038493850448046395
S0,9100000000,10600000000,1.5,1.3138142712107597,0.4769489735041255
S0,9120000000,9160000000,0.05,0.013237489922445445,0.005169367325548343
S0,9120000000,10620000000,1.5,1.3148454877373992,0.4772678043927816
S0,9140000000,9180000000,0.05,0.016071580844575384,0.006276085408376182
S0,9140000000,10640000000,1.5,1.3138933731409144,0.47697343468122466
S0,9160000000,9200000000,0.05,0.01749424853118353,0.006831635328045707
S0,9160000000,10660000000,1.5,1.311252369820898,0.4761563377945159
S0,9180000000,9220000000,0.05,0.02009106763062174,0.007845680766110754
S0,9180000000,10680000000,1.5,1.3074661643243242,0.4749834801314383
S0,9200000000,9240000000,0.05,0.024114429928139836,0.009416757760234786
S0,9200000000,10700000000,1.5,1.303297859450447,0.473690290607533
S0,9220000000,9260000000,0.05,0.027433135082724158,0.010712645791666935
S0,9220000000,10720000000,1.5,1.2957090099722817,0.4713306202566459
S0,9240000000,9280000000,0.05,0.02956063560925204,0.011543376933514884
S0,9240000000,10740000000,1.5,1.2863213368158721,0.4684022394496043
S0,9260000000,9300000000,0.05,0.030364956160723655,0.011857438900032173
S0,9260000000,10760000000,1.5,1.275318967213282,0.4649570415925332
S0,9280000000,9320000000,0.05,0.0333131403969682,0.013008595659623456
S0,9280000000,10780000000,1.5,1.2638037935489557,0.4613361999346478
S0,9300000000,9340000000,0.05,0.03776878614584267,0.014748305860394226
S0,9300000000,10800000000,1.5,1.2518881136334068,0.4575733239226614
S0,9320000000,9360000000,0.05,0.04196069617414322,0.016384973580373444
S0,9320000000,10820000000,1.5,1.2364342437756615,0.4526689435643183
S0,9340000000,9380000000,0.05,0.04576970856204732,0.017872082493585805
S0,9340000000,10840000000,1.5,1.2191627672770642,0.44715576648314065
S0,9360000000,9400000000,0.05,0.04834308080047023,0.018876738267967836
S0,9360000000,10860000000,1.5,1.1994983587525363,0.4408381747026319
S0,9380000000,9420000000,0.05,0.04974895024384707,0.019425582752052743
S0,9380000000,10880000000,1.5,1.1784178698813135,0.4340183242938112
S0,9400000000,9440000000,0.05,0.05020847627625835,0.019604977376269393
S0,9400000000,10900000000,1.5,1.1560694138050258,0.4267356292398696
S0,9420000000,9460000000,0.05,0.050601041580334405,0.019758230345013547
S0,9420000000,10920000000,1.5,1.1327937525894065,0.4190941542271948
S0,9440000000,9480000000,0.05,0.05079977108370681,0.019835811762088724
S0,9440000000,10940000000,1.5,1.1093065187534674,0.41132568506816214
S0,9460000000,9500000000,0.05,0.05081691061328586,0.01984250280267025
S0,9460000000,10960000000,1.5,1.0856376680933848,0.40343976246463964
S0,9480000000,9520000000,0.05,0.050917193540234496,0.019881651872070815
S0,9480000000,10980000000,1.5,1.0619517047650573,0.3954915747442556
S0,9500000000,9540000000,0.05,0.051204360015134176,0.019993757420186185
S0,9500000000,11000000000,1.5,1.0381575433571786,0.387451231058654
S0,9520000000,9560000000,0.05,0.05151276758432888,0.02011415471849894
S0,9520000000,11020000000,1.5,1.0137443819070986,0.37914473193877213
S0,9540000000,9580000000,0.05,0.05163526587256129,0.02016197592505412
S0,9540000000,11040000000,1.5,0.9891443100590012,0.3707174978544608
S0,9560000000,9600000000,0.05,0.0516362669998533,0.02016236674746943
S0,9560000000,11060000000,1.5,0.9644227410513126,0.3621921430200747
S0,9580000000,9620000000,0.05,0.05163626700276458,0.020162366748605942
S0,9580000000,11080000000,1.5,0.9397001709244652,0.3536111013325822
S0,9600000000,9640000000,0.05,0.051636267005409575,0.0201623667496385
S0,9600000000,11100000000,1.5,0.9148806249835224,0.3449420518086182
S0,9620000000,9660000000,0.05,0.05164593008165891,0.020166139043700647
S0,9620000000,11120000000,1.5,0.8896551293794916,0.33607678676446295
S0,9640000000,9680000000,0.05,0.051654302045772094,0.020169407310039432
S0,9640000000,11140000000,1.5,0.8644296337768935,0.32715805886142907
S0,9660000000,9700000000,0.05,0.051653010939124,0.020168903284920867
S0,9660000000,11160000000,1.5,0.8391944751057603,0.3181838406824898
S0,9680000000,9720000000,0.05,0.05165301094253,0.020168903286250504
S0,9680000000,11180000000,1.5,0.8139606075464791,0.3091594302683647
S0,9700000000,9740000000,0.05,0.0516530109453161,0.02016890328733815
S0,9700000000,11200000000,1.5,0.7886483232324399,0.30005753394551277
S0,9720000000,9760000000,0.05,0.05163968107216749,0.020163699540971816
S0,9720000000,11220000000,1.5,0.7630107298767974,0.29078967558902413
S0,9740000000,9780000000,0.05,0.051091020676893556,0.01994951146655174
S0,9740000000,11240000000,1.5,0.737373136523185,0.2814740348778733
S0,9760000000,9800000000,0.05,0.050069841059856846,0.01955085560536493
S0,9760000000,11260000000,1.5,0.7117488730471984,0.2721170218763044
S0,9780000000,9820000000,0.05,0.04949221275297966,0.019325354412596963
S0,9780000000,11280000000,1.5,0.6866599400947938,0.2629122033792785
S0,9800000000,9840000000,0.05,0.04931530694948544,0.019256291563741226
S0,9800000000,11300000000,1.5,0.6620039040691718,0.2538258936041228
S0,9820000000,9860000000,0.05,0.04894130089685059,0.01911028159349296
S0,9820000000,11320000000,1.5,0.6371764442691016,0.2446374342995618
S0,9840000000,9880000000,0.05,0.04790274555535244,0.018704831633039345
S0,9840000000,11340000000,1.5,0.6124340575608137,0.2354429535326947
S0,9860000000,9900000000,0.05,0.046356960833532634,0.01810135101384502
S0,9860000000,11360000000,1.5,0.5879804985069668,0.22632039342379207
S0,9880000000,9920000000,0.05,0.04534583584157725,0.017706597847438128
S0,9880000000,11380000000,1.5,0.5642765696484994,0.2174451811212914
S0,9900000000,9940000000,0.05,0.045079655102262646,0.017602677505668143
S0,9900000000,11400000000,1.5,0.541339744402451,0.2088280972384468
S0,9920000000,9960000000,0.05,0.04471098257371555,0.017458742552882652
S0,9920000000,11420000000,1.5,0.5184121136344872,0.2001870182616564
S0,9940000000,9980000000,0.05,0.043469540816662974,0.016974061854936787
S0,9940000000,11440000000,1.5,0.4955354436636285,0.19153892434635303
S0,9960000000,10000000000,0.05,0.04172587709212115,0.01629329386592363
S0,9960000000,11460000000,1.5,0.4729761329110914,0.1829862562045155
S0,9980000000,10020000000,0.05,0.040388377199566665,0.01577109352319963
S0,9980000000,11480000000,1.5,0.4513406047943252,0.17476192711456429
S0,10000000000,10040000000,0.05,0.03983819030408136,0.015556281886031233
S0,10000000000,11500000000,1.5,0.4305095903583509,0.1668240825300702
S0,10020000000,10060000000,0.05,0.03946116543719108,0.015409077901132278
S0,10020000000,11520000000,1.5,0.41005530044076466,0.15901217773008117
S0,10040000000,10080000000,0.05,0.037949355150446756,0.014818807677605322
S0,10040000000,11540000000,1.5,0.38963320155843717,0.1511959744942622
S0,10060000000,10100000000,0.05,0.03598186569651511,0.014050609747388039
S0,10060000000,11560000000,1.5,0.3695554963363056,0.1434962096083095
S0,10080000000,10120000000,0.05,0.03458027689392687,0.013503356994452887
S0,10080000000,11580000000,1.5,0.35064478376169006,0.13623074576044897
S0,10100000000,10140000000,0.05,0.033935303150659346,0.013251523645427
S0,10100000000,11600000000,1.5,0.33252455429122163,0.12925754926029617
S0,10120000000,10160000000,0.05,0.033490483421112785,0.013077840666403185
S0,10120000000,11620000000,1.5,0.31493434601154513,0.12247816599980153
S0,10140000000,10180000000,0.05,0.03175593728749965,0.012400568879058594
S0,10140000000,11640000000,1.5,0.2973875624800745,0.11570607945226442
S0,10160000000,10200000000,0.05,0.02963332995529816,0.011571761874777
S0,10160000000,11660000000,1.5,0.28024166929932953,0.1090801073108013
S0,10180000000,10220000000,0.05,0.028353788415010767,0.01107213744256993
S0,10180000000,11680000000,1.5,0.26442892183642497,0.10296220753235615
S0,10200000000,10240000000,0.05,0.027855552349742907,0.01087758924982281
S0,10200000000,11700000000,1.5,0.24939732452517555,0.09714055918444756
S0,10220000000,10260000000,0.05,0.027351605284288982,0.010680810373743459
S0,10220000000,11720000000,1.5,0.23483384910694138,0.09149497489738462
S0,10240000000,10280000000,0.05,0.025486481511153847,0.009952519827765228
S0,10240000000,11740000000,1.5,0.22027827707891706,0.08584760690159199
S0,10260000000,10300000000,0.05,0.023355827325905465,0.009120534836705097
S0,10260000000,11760000000,1.5,0.2062117824217959,0.08038567083155265
S0,10280000000,10320000000,0.05,0.02236827858165047,0.00873490992349539
S0,10280000000,11780000000,1.5,0.19351256477147682,0.07545121734591996
S0,10300000000,10340000000,0.05,0.02214230394366451,0.008646669469834469
S0,10300000000,11800000000,1.5,0.18157492120915075,0.07080990636382056
S0,10320000000,10360000000,0.05,0.021550538326949864,0.008415591396271765
S0,10320000000,11820000000,1.5,0.16986325230351085,0.06625400091917556
S0,10340000000,10380000000,0.05,0.019644391550279805,0.007671256787465599
S0,10340000000,11840000000,1.5,0.15815158337954327,0.06169582357138268
S0,10360000000,10400000000,0.05,0.017750353780800976,0.0069316437428475495
S0,10360000000,11860000000,1.5,0.14703655420004208,0.057367899069649314
S0,10380000000,10420000000,0.05,0.01714033442080981,0.006693432630772015
S0,10380000000,11880000000,1.5,0.13723806828723245,0.053551130929734465
S0,10400000000,10440000000,0.05,0.01710997170515849,0.006681576045930503
S0,10400000000,11900000000,1.5,0.12801923900252032,0.04995897909892815
S0,10420000000,10460000000,0.05,0.01645503492972583,0.006425824064579828
S0,10420000000,11920000000,1.5,0.11883077244979756,0.046377601915011
S0,10440000000,10480000000,0.05,0.014598464934917565,0.005700832178774603
S0,10440000000,11940000000,1.5,0.1096423058807719,0.042795245835370574
S0,10460000000,10500000000,0.05,0.01317528417344832,0.005145075733594725
S0,10460000000,11960000000,1.5,0.10111357083266442,0.03946929283262492
S0,10480000000,10520000000,0.05,0.012953736630942903,0.005058560498387264
S0,10480000000,11980000000,1.5,0.09378857819299335,0.036612188357547044
S0,10500000000,10540000000,0.05,0.012953736659098491,0.0050585605093821425
S0,10500000000,12000000000,1.5,0.08668513311154508,0.033841028814404615
S0,10520000000,10560000000,0.05,0.01295373668323374,0.005058560518807061
S0,10520000000,12020000000,1.5,0.07958168801424653,0.031069442369982964
S0,10540000000,10580000000,0.05,0.012953736704490293,0.005058560527107836
S0,10540000000,12040000000,1.5,0.07247824290510152,0.02829746398862827
S0,10560000000,10600000000,0.05,0.012860469665591734,0.005022139342548509
S0,10560000000,12060000000,1.5,0.06537944054622591,0.025526940726057663
S0,10580000000,10620000000,0.05,0.011497822166076921,0.004490018359714552
S0,10580000000,12080000000,1.5,0.058282646071023736,0.022756879639814594
S0,10600000000,10640000000,0.05,0.009936406854358482,0.003880274957816775
S0,10600000000,12100000000,1.5,0.0512791186438572,0.02002294201654448
S0,10620000000,10660000000,0.05,0.009644372005944146,0.003766233070311614
S0,10620000000,12120000000,1.5,0.045544971667812295,0.017784342798520432
S0,10640000000,10680000000,0.05,0.009644372027985348,0.0037662330789188783
S0,10640000000,12140000000,1.5,0.0401028595521295,0.01565961789120649
S0,10660000000,10700000000,0.05,0.009539738160732614,0.003725372717470636
S0,10660000000,12160000000,1.5,0.03466520873399137,0.013536518968597172
S0,10680000000,10720000000,0.05,0.00833391327857913,0.003254487755902415
S0,10680000000,12180000000,1.5,0.029229458328927205,0.011414062039724074
S0,10700000000,10740000000,0.05,0.0071379072935650045,0.002787435988840238
S0,10700000000,12200000000,1.5,0.02389834180102035,0.0093323787279244
S0,10720000000,10760000000,0.05,0.007043092323724576,0.002750409792158931
S0,10720000000,12220000000,1.5,0.019668416277937972,0.007680638290421249
S0,10740000000,10780000000,0.05,0.007043092342335688,0.002750409799426758
S0,10740000000,12240000000,1.5,0.015533305734826808,0.006065888820321449
S0,10760000000,10800000000,0.05,0.0069341025808484225,0.0027078481968079078
S0,10760000000,12260000000,1.5,0.011398195181505477,0.004451113415874421
S0,10780000000,10820000000,0.05,0.005943590623673944,0.00232104292070222
S0,10780000000,12280000000,1.5,0.007263084619728022,0.0028363189805798994
S0,10800000000,10840000000,0.05,0.005043439789500059,0.0019695241116776444
S0,10800000000,12300000000,1.5,0.0031891639763268476,0.0012454078178444831
S0,10820000000,10860000000,0.05,0.005024811151018105,0.001962249418839208
S0,10820000000,12320000000,1.5,0.00018600495813320128,7.263725809413111e-05
S0,10840000000,10880000000,0.05,0.0050248111662966055,0.001962249424805634
S0,10840000000,12340000000,1.5,0.0035425452471092855,0.0013834074200204465
S0,10860000000,10900000000,0.05,0.004914135852959689,0.0019190294667236773
S0,10860000000,12360000000,1.5,0.007044616854020358,0.0027510051365790215
S0,10880000000,10920000000,0.05,0.004124832951939994,0.0016107976193645056
S0,10880000000,12380000000,1.5,0.01060613821743539,0.00414180996566617
S0,10900000000,10940000000,0.05,0.003445581224699845,0.0013455418165795045
S0,10900000000,12400000000,1.5,0.014056984262341365,0.005489382643054228
S0,10920000000,10960000000,0.05,0.0034449570843126387,0.0013452980823282972
S0,10920000000,12420000000,1.5,0.016829202727874526,0.006571936202027703
S0,10940000000,10980000000,0.05,0.003444957095296741,0.00134529808661772
S0,10940000000,12440000000,1.5,0.01960079704806078,0.007654233409505817
S0,10960000000,11000000000,0.05,0.0033367858770796954,0.0013030559362344162
S0,10960000000,12460000000,1.5,0.022372391375092726,0.00873651592021113
S0,10980000000,11020000000,0.05,0.0027098706822757945,0.001058238007105269
S0,10980000000,12480000000,1.5,0.025143985707473615,0.009818781655107514
S0,11000000000,11040000000,0.05,0.0021911267169568704,0.0008556621653797369
S0,11000000000,12500000000,1.5,0.02784535630144741,0.010873607951719877
S0,11020000000,11060000000,0.05,0.0021911267285428804,0.0008556621699042158
S0,11020000000,12520000000,1.5,0.03016805817705559,0.011780556583862676
S0,11040000000,11080000000,0.05,0.0021911267380252952,0.000855662173607215
S0,11040000000,12540000000,1.5,0.0324907600605725,0.012687489330234537
S0,11060000000,11100000000,0.05,0.00209415093206311,0.0008177919324889048
S0,11060000000,12560000000,1.5,0.034930181609948985,0.013639978522841833
S0,11080000000,11120000000,0.05,0.0015912254577909457,0.0006213933402433452
S0,11080000000,12580000000,1.5,0.03741530613991528,0.014610291888587883
S0,11100000000,11140000000,0.05,0.0011852757987806384,0.0004628649690697753
S0,11100000000,12600000000,1.5,0.03980345486130776,0.015542719950583837
S0,11120000000,11160000000,0.05,0.0011852758079276549,0.0004628649726417988
S0,11120000000,12620000000,1.5,0.04178565392004269,0.016316632376079058
S0,11140000000,11180000000,0.05,0.0011852758153577114,0.00046286497554332814
S0,11140000000,12640000000,1.5,0.04376785298490343,0.017090528776493693
S0,11160000000,11200000000,0.05,0.001106859065803656,0.00043224226093353384
S0,11160000000,12660000000,1.5,0.045854005613995885,0.017904992909084427
S0,11180000000,11220000000,0.05,0.0007031332728482664,0.00027458231516276334
S0,11180000000,12680000000,1.5,0.047979793899734724,0.018734911329538598
S0,11200000000,11240000000,0.05,0.00037782423606108617,0.00014754507998469596
S0,11200000000,12700000000,1.5,0.050027165434320786,0.019534195458602716
S0,11220000000,11260000000,0.05,0.0003778242425684364,0.00014754508252589737
S0,11220000000,12720000000,1.5,0.051749227930183994,0.020206464667360074
S0,11240000000,11280000000,0.05,0.0003778242485024119,0.00014754508484318888
S0,11240000000,12740000000,1.5,0.0534712904304378,0.02087871889726843
S0,11260000000,11300000000,0.05,0.00032487208183029637,0.00012686660303340384
S0,11260000000,12760000000,1.5,0.05528740132980936,0.021587670713965158
S0,11280000000,11320000000,0.05,8.716927287377718e-06,3.404068926046407e-06
S0,11280000000,12780000000,1.5,0.05713824904974507,0.02231016436014256
S0,11300000000,11340000000,0.05,0.0002545395588726129,9.940087509116983e-05
S0,11300000000,12800000000,1.5,0.058936144601647145,0.02301196940270461
S0,11320000000,11360000000,0.05,0.0002546448652842037,9.944199855918654e-05
S0,11320000000,12820000000,1.5,0.06047083716953183,0.02361101898086706
S0,11340000000,11380000000,0.05,0.0002547423569619345,9.948007027609785e-05
S0,11340000000,12840000000,1.5,0.06200547623734598,0.024210033773976822
S0,11360000000,11400000000,0.05,0.000283793270983157,0.00011082481476413132
S0,11360000000,12860000000,1.5,0.06362978813078507,0.024844034974468437
S0,11380000000,11420000000,0.05,0.0005186201724348694,0.00020252764941418663
S0,11380000000,12880000000,1.5,0.06528668579245084,0.025490738161292274
S0,11400000000,11440000000,0.05,0.0007246456365598286,0.0002829831612128596
S0,11400000000,12900000000,1.5,0.06691457822762176,0.0261261032918505
S0,11420000000,11460000000,0.05,0.0007249981496802449,0.00028312082197804345
S0,11420000000,12920000000,1.5,0.06833664899019776,0.026681122236345816
S0,11440000000,11480000000,0.05,0.0007252980526403219,0.00028323793782018266
S0,11440000000,12940000000,1.5,0.06975851596330884,0.02723604815770526
S0,11460000000,11500000000,0.05,0.0007406654606193497,0.00028923910207652936
S0,11460000000,12960000000,1.5,0.0712649328976182,0.027823957194761422
S0,11480000000,11520000000,0.05,0.000896927153993865,0.0003502612389488906
S0,11480000000,12980000000,1.5,0.07280217159980518,0.028423878761757834
S0,11500000000,11540000000,0.05,0.0010381984958323653,0.00040542945507196574
S0,11500000000,13000000000,1.5,0.07432419407555907,0.029017845513709346
S0,11520000000,11560000000,0.05,0.0010386386672679992,0.00040560134748942163
S0,11520000000,13020000000,1.5,0.07570517108684077,0.02955675497432104
S0,11540000000,11580000000,0.05,0.0010390626463003816,0.0004057669165720989
S0,11540000000,13040000000,1.5,0.07708592222291344,0.0300955622014515
S0,11560000000,11600000000,0.05,0.0010490763485688226,0.00040967739178408873
S0,11560000000,13060000000,1.5,0.0785436674315162,0.030664399070746223
S0,11580000000,11620000000,0.05,0.001130160856218032,0.00044134189956204913
S0,11580000000,13080000000,1.5,0.08002969457994258,0.031244255262167463
S0,11600000000,11640000000,0.05,0.0012016886604878652,0.00046927439532003733
S0,11600000000,13100000000,1.5,0.08150591771120169,0.03182026879271561
S0,11620000000,11660000000,0.05,0.0012021932911028266,0.0004694714598392986
S0,11620000000,13120000000,1.5,0.08291086035445289,0.032368453002773905
S0,11640000000,11680000000,0.05,0.001202703356149859,0.00046967064657171234
S0,11640000000,13140000000,1.5,0.08431555568371618,0.0329165247467151
S0,11660000000,11700000000,0.05,0.0012110148188558267,0.0004729163759260605
S0,11660000000,13160000000,1.5,0.08578995062441874,0.033491773804949374
S0,11680000000,11720000000,0.05,0.0012412843144727903,0.0004847369896211077
S0,11680000000,13180000000,1.5,0.08729018022188301,0.03407708381308456
S0,11700000000,11740000000,0.05,0.0012634950965155767,0.0004934105755830849
S0,11700000000,13200000000,1.5,0.08878235110779054,0.03465923072002767
S0,11720000000,11760000000,0.05,0.0012704614008565152,0.0004961310038482721
S0,11720000000,13220000000,1.5,0.0902523112127448,0.03523269357888982
S0,11740000000,11780000000,0.05,0.0012792307962863902,0.0004995555615432603
S0,11740000000,13240000000,1.5,0.09172227132014421,0.035806137406157915
S0,11760000000,11800000000,0.05,0.0012810338867396687,0.0005002596907304422
S0,11760000000,13260000000,1.5,0.0932475763063329,0.03640115128459477
S0,11780000000,11820000000,0.05,0.001281033886315508,0.0005002596905648021
S0,11780000000,13280000000,1.5,0.09479463056800558,0.037004627818079554
S0,11800000000,11840000000,0.05,0.0012810338859429726,0.0005002596904193225
S0,11800000000,13300000000,1.5,0.09634168483580824,0.037608082212451245
S0,11820000000,11860000000,0.05,0.0012761597765189037,0.0004983562902308019
S0,11820000000,13320000000,1.5,0.09788873904765083,0.03821151408241825
S0,11840000000,11880000000,0.05,0.0012691235420310143,0.0004956085533806563
S0,11840000000,13340000000,1.5,0.09943579322266793,0.03881492307438616
S0,11860000000,11900000000,0.05,0.0012669614167207799,0.0004947642166251846
S0,11860000000,13360000000,1.5,0.10104211603899299,0.039441424472027926
S0,11880000000,11920000000,0.05,0.0012669614166250787,0.000494764216587812
S0,11880000000,13380000000,1.5,0.10267152831871473,0.040076905275081065
S0,11900000000,11940000000,0.05,0.00126696141658994,0.0004947642165740899
S0,11900000000,13400000000,1.5,0.10430094059708456,0.0407123594767191
S0,11920000000,11960000000,0.05,0.0012621666874073068,0.0004928918153461291
S0,11920000000,13420000000,1.5,0.1059303528749494,0.04134778665549215
S0,11940000000,11980000000,0.05,0.001255262752860975,0.0004901957432524267
S0,11940000000,13440000000,1.5,0.10755976515231064,0.04198318638963851
S0,11960000000,12000000000,0.05,0.0012531535476710265,0.0004893720724568241
S0,11960000000,13460000000,1.5,0.10924033195804855,0.042638504962352775
S0,11980000000,12020000000,0.05,0.0012531535478039202,0.0004893720725087208
S0,11980000000,13480000000,1.5,0.1109412698846543,0.04330173637242179
S0,12000000000,12040000000,0.05,0.001253153547345065,0.0004893720723295321
S0,12000000000,13500000000,1.5,0.11264220781097817,0.04396493646234696
S0,12020000000,12060000000,0.05,0.0012485107847868826,0.00048755901594584906
S0,12020000000,13520000000,1.5,0.1143431457372196,0.04462810475251516
S0,12040000000,12080000000,0.05,0.001241860129587491,0.000484961852568428
S0,12040000000,13540000000,1.5,0.11604408366370617,0.04529124076338618
S0,12060000000,12100000000,0.05,0.0012398522367769726,0.00048417774551071135
S0,12060000000,13560000000,1.5,0.11778547980817283,0.04597011607270575
S0,12080000000,12120000000,0.05,0.00123985223713452,0.000484177745650338
S0,12080000000,13580000000,1.5,0.1195434070959498,0.04665540062239483
S0,12100000000,12140000000,0.05,0.0012398522373692211,0.00048417774574199173
S0,12100000000,13600000000,1.5,0.12130133438349955,0.047340649127104145
S0,12120000000,12160000000,0.05,0.0012353909278767783,0.0004824355490246855
S0,12120000000,13620000000,1.5,0.1230592616708458,0.0480258610574357
S0,12140000000,12180000000,0.05,0.0012290291952169463,0.0004799512134739625
S0,12140000000,13640000000,1.5,0.12481718895796057,0.04871103588399958
S0,12160000000,12200000000,0.05,0.001227128772238406,0.00047920907471626077
S0,12160000000,13660000000,1.5,0.12660781131623416,0.049408915343316755
S0,12180000000,12220000000,0.05,0.001227128772410102,0.00047920907478331016
S0,12180000000,13680000000,1.5,0.12841208888418798,0.05011207674067289
S0,12200000000,12240000000,0.05,0.0012271287726285385,0.0004792090748686123
S0,12200000000,13700000000,1.5,0.13021636645210427,0.05081519735408375
S0,12220000000,12260000000,0.05,0.0012271287727079194,0.00047920907489961155
S0,12220000000,13720000000,1.5,0.1320206440198754,0.05151827661126962
S0,12240000000,12280000000,0.05,0.0012271287727630975,0.0004792090749211592
S0,12240000000,13740000000,1.5,0.13382492158741915,0.05222131393999439
S0,12260000000,12300000000,0.05,0.0012749286243302071,0.0004978755100294434
S0,12260000000,13760000000,1.5,0.13565022493594098,0.05293250072237565
S0,12280000000,12320000000,0.05,0.0015054989541872787,0.0005879160804289576
S0,12280000000,13780000000,1.5,0.13748463187080695,0.05364719008376845
S0,12300000000,12340000000,0.05,0.0016882694339360738,0.0006592902116644286
S0,12300000000,13800000000,1.5,0.13927123895418347,0.054343213130213966
S0,12320000000,12360000000,0.05,0.0018338007448690519,0.0007161219833231585
S0,12320000000,13820000000,1.5,0.14087507555910744,0.05496799587371211
S0,12340000000,12380000000,0.05,0.002038781804029499,0.0007961696083172944
S0,12340000000,13840000000,1.5,0.1424789121625633,0.05559274326820826
S0,12360000000,12400000000,0.05,0.0020982315553613184,0.0008193854659532688
S0,12360000000,13860000000,1.5,0.1439372174563036,0.056160770384091646
S0,12380000000,12420000000,0.05,0.0020982315584991418,0.0008193854671786273
S0,12380000000,13880000000,1.5,0.14533607300025914,0.056705613067341565
S0,12400000000,12440000000,0.05,0.00209823156101957,0.0008193854681628855
S0,12400000000,13900000000,1.5,0.14673766442053726,0.057251493529878614
S0,12420000000,12460000000,0.05,0.0020982315629055615,0.0008193854688993881
S0,12420000000,13920000000,1.5,0.14815074296841707,0.05780181944134663
S0,12440000000,12480000000,0.05,0.002098231564116093,0.0008193854693721158
S0,12440000000,13940000000,1.5,0.14956382151503905,0.058352116497788056
S0,12460000000,12500000000,0.05,0.002136179049274989,0.0008342044277517208
S0,12460000000,13960000000,1.5,0.15097690006068537,0.05890238442460582
S0,12480000000,12520000000,0.05,0.0023142017873061804,0.0009037244863010233
S0,12480000000,13980000000,1.5,0.152389978605593,0.05945262294719975
S0,12500000000,12540000000,0.05,0.002454277042168218,0.0009584255831150433
S0,12500000000,14000000000,1.5,0.15376911674377985,0.05998961680220264
S0,12520000000,12560000000,0.05,0.0025709967043505144,0.0010040060323244797
S0,12520000000,14020000000,1.5,0.15502475155222628,0.06047849746832931
S0,12540000000,12580000000,0.05,0.002733419341317489,0.001067434043922846
S0,12540000000,14040000000,1.5,0.1562803863593255,0.060967354296048666
S0,12560000000,12600000000,0.05,0.0027791223192956682,0.0010852816104209868
S0,12560000000,14060000000,1.5,0.1574193015058475,0.06141074783068452
S0,12580000000,12620000000,0.05,0.002779122322336458,0.0010852816116084518
S0,12580000000,14080000000,1.5,0.15851251367601063,0.061836329910200334
S0,12600000000,12640000000,0.05,0.002779122324815031,0.0010852816125763646
S0,12600000000,14100000000,1.5,0.1596060181504627,0.06226200729955747
S0,12620000000,12660000000,0.05,0.0028830758860255434,0.00112587673528759
S0,12620000000,14120000000,1.5,0.16070123547708803,0.06268833280852401
S0,12640000000,12680000000,0.05,0.00302666509947358,0.0011819500544664639
S0,12640000000,14140000000,1.5,0.16179645280254717,0.06311463951835775
S0,12660000000,12700000000,0.05,0.003066300754521245,0.0011974282546089524
S0,12660000000,14160000000,1.5,0.1627877165677761,0.06350046662090987
S0,12680000000,12720000000,0.05,0.0030663007576010037,0.001197428255811635
S0,12680000000,14180000000,1.5,0.16373934467955445,0.06387085176309708
S0,12700000000,12740000000,0.05,0.003066300760055929,0.001197428256770313
S0,12700000000,14200000000,1.5,0.164690105833025,0.06424088503413361
S0,12720000000,12760000000,0.05,0.0031603491570569298,0.001234155285378282
S0,12720000000,14220000000,1.5,0.16563794279535254,0.0646097657685195
S0,12740000000,12780000000,0.05,0.003289134370804858,0.0012844474536930614
S0,12740000000,14240000000,1.5,0.16658577975639044,0.06497863199113264
S0,12760000000,12800000000,0.05,0.003323871190007488,0.0012980125967004413
S0,12760000000,14260000000,1.5,0.16743956832130832,0.06531088525399409
S0,12780000000,12820000000,0.05,0.0033238711924993836,0.0012980125976735563
S0,12780000000,14280000000,1.5,0.16825862006805103,0.06562960944047781
S0,12800000000,12840000000,0.05,0.0033238711945714483,0.0012980125984827222
S0,12800000000,14300000000,1.5,0.1690768196398154,0.06594799102362012
S0,12820000000,12860000000,0.05,0.003413595826537441,0.0013330511376626187
S0,12820000000,14320000000,1.5,0.16989215415526315,0.06626524676359975
S0,12840000000,12880000000,0.05,0.0035359519120667926,0.0013808326444080597
S0,12840000000,14340000000,1.5,0.17070748866994856,0.06658249149048975
S0,12860000000,12900000000,0.05,0.003568583367819844,0.0013935756151440585
S0,12860000000,14360000000,1.5,0.171433098553692,0.06686481527186237
S0,12880000000,12920000000,0.05,0.003568583370181788,0.0013935756160664257
S0,12880000000,14380000000,1.5,0.1721260769828434,0.06713443443411081
S0,12900000000,12940000000,0.05,0.003568583372246914,0.0013935756168728817
S0,12900000000,14400000000,1.5,0.17281822000250405,0.06740372051589588
S0,12920000000,12960000000,0.05,0.003653282057100693,0.0014266514567579818
S0,12920000000,14420000000,1.5,0.1735075650239581,0.06767190998107377
S0,12940000000,12980000000,0.05,0.003768953689136656,0.0014718225953182478
S0,12940000000,14440000000,1.5,0.17419691004443075,0.06794009140650525
S0,12960000000,13000000000,0.05,0.0037999266385602137,0.0014839178970743605
S0,12960000000,14460000000,1.5,0.17480155638083467,0.06817531517962414
S0,12980000000,13020000000,0.05,0.0037999266410294608,0.0014839178980386306
S0,12980000000,14480000000,1.5,0.1753752297691288,0.06839848387826569
S0,13000000000,13040000000,0.05,0.003799926643186735,0.0014839178988810718
S0,13000000000,14500000000,1.5,0.17594808740439566,0.06862132961961576
S0,13020000000,13060000000,0.05,0.0038771350119434222,0.0015140686752006798
S0,13020000000,14520000000,1.5,0.17651822566888928,0.06884311191642936
S0,13040000000,13080000000,0.05,0.003982835003329521,0.0015553457616796274
S0,13040000000,14540000000,1.5,0.17708836393233995,0.06906488861834245
S0,13060000000,13100000000,0.05,0.004011326628254319,0.0015664720746760862
S0,13060000000,14560000000,1.5,0.17758129382792093,0.06925662770102828
S0,13080000000,13120000000,0.05,0.00401132663072834,0.0015664720756422203
S0,13080000000,14580000000,1.5,0.17804573209979915,0.06943728030841435
S0,13100000000,13140000000,0.05,0.0040113266330023545,0.0015664720765302495
S0,13100000000,14600000000,1.5,0.1785093768434678,0.06961762052218336
S0,13120000000,13160000000,0.05,0.004081283561068683,0.001593791074356308
S0,13120000000,14620000000,1.5,0.17897039111577343,0.06979693387283153
S0,13140000000,13180000000,0.05,0.004177327894316685,0.001631297505542659
S0,13140000000,14640000000,1.5,0.17943140538684232,0.06997624351444054
S0,13160000000,13200000000,0.05,0.00420341530222762,0.0016414849416412057
S0,13160000000,14660000000,1.5,0.17982246273091018,0.07012834077719614
S0,13180000000,13220000000,0.05,0.004203415305334579,0.0016414849428545092
S0,13180000000,14680000000,1.5,0.18018743266853363,0.07027028922415092
S0,13200000000,13240000000,0.05,0.004203415308869252,0.00164148494423484
S0,13200000000,14700000000,1.5,0.18055163238395033,0.07041193577447992
S0,13220000000,13260000000,0.05,0.004265726494444622,0.0016658181855393084
S0,13220000000,14720000000,1.5,0.1809132948528862,0.07055259321446374
S0,13240000000,13280000000,0.05,0.004351590044147757,0.0016993488957883782
S0,13240000000,14740000000,1.5,0.181274957319642,0.07069324834653444
S0,13260000000,13300000000,0.05,0.0043751424162150054,0.0017085463692147378
S0,13260000000,14760000000,1.5,0.18157430860276214,0.0708096681186099
S0,13280000000,13320000000,0.05,0.00437514236596076,0.0017085463495898749
S0,13280000000,14780000000,1.5,0.18185010751952782,0.07091692680951572
S0,13300000000,13340000000,0.05,0.004375142272802668,0.0017085463132105638
S0,13300000000,14800000000,1.5,0.18212515795091316,0.07102389307003336
S0,13320000000,13360000000,0.05,0.004429536767861064,0.0017297879911203125
S0,13320000000,14820000000,1.5,0.1823977581582141,0.07112990512061076
S0,13340000000,13380000000,0.05,0.004504858638077813,0.0017592020483680403
S0,13340000000,14840000000,1.5,0.1826703584030595,0.07123591586435733
S0,13360000000,13400000000,0.05,0.004525785974812346,0.0017673744137879706
S0,13360000000,14860000000,1.5,0.18288856411748214,0.07132077231836285
S0,13380000000,13420000000,0.05,0.004525785972859742,0.0017673744130254562
S0,13380000000,14880000000,1.5,0.18308584249389548,0.0713974897593987
S0,13400000000,13440000000,0.05,0.004525785971816021,0.0017673744126178712
S0,13400000000,14900000000,1.5,0.18328239151057998,0.07147392287683967
S0,13420000000,13460000000,0.05,0.004572145770506464,0.0017854784459236718
S0,13420000000,14920000000,1.5,0.18347656672035653,0.07154943220085858
S0,13440000000,13480000000,0.05,0.00463676748520464,0.0018107139653589777
S0,13440000000,14940000000,1.5,0.18367074193065003,0.07162494085065335
S0,13460000000,13500000000,0.05,0.004655029400600641,0.0018178454520579792
S0,13460000000,14960000000,1.5,0.18381632486028482,0.07168155304358337
S0,13480000000,13520000000,0.05,0.004655029400369215,0.0018178454519676046
S0,13480000000,14980000000,1.5,0.18394284442157452,0.0717307518399344
S0,13500000000,13540000000,0.05,0.004655029400073063,0.001817845451851954
S0,13500000000,15000000000,1.5,0.1840693639829872,0.07177995034928111
S0,13520000000,13560000000,0.05,0.004690844855740117,0.0018318317962261594
S0,13520000000,15020000000,1.5,0.18419588354443694,0.07182914857139325
S0,13540000000,13580000000,0.05,0.004741183561831119,0.0018514896347214221
S0,13540000000,15040000000,1.5,0.18432240310608272,0.07187834650613575
S0,13560000000,13600000000,0.05,0.004755706812103688,0.0018571611292731772
S0,13560000000,15060000000,1.5,0.18441091073039695,0.07191276308674918
S0,13580000000,13620000000,0.05,0.004755706812030525,0.0018571611292446059
S0,13580000000,15080000000,1.5,0.1844841090802411,0.07194122648197318
S0,13600000000,13640000000,0.05,0.00475570681183024,0.0018571611291663924
S0,13600000000,15100000000,1.5,0.18455730742998488,0.0719696897807929
S0,13620000000,13660000000,0.05,0.004783940573265144,0.001868186734115313
S0,13620000000,15120000000,1.5,0.184630505779819,0.07199815298324438
S0,13640000000,13680000000,0.05,0.004823929121444359,0.0018838027163399843
S0,13640000000,15140000000,1.5,0.18470370412978987,0.07202661608930755
S0,13660000000,13700000000,0.05,0.004835683908108512,0.001888393093891663
S0,13660000000,15160000000,1.5,0.18474650363209189,0.07204325858879407
S0,13680000000,13720000000,0.05,0.004835683908097521,0.001888393093887371
S0,13680000000,15180000000,1.5,0.18477677577881532,0.07205502983160401
S0,13700000000,13740000000,0.05,0.004835683907943422,0.0018883930938271933
S0,13700000000,15200000000,1.5,0.18480704792533167,0.07206680105782558
S0,13720000000,13760000000,0.05,0.004856709688773497,0.0018966038996182989
S0,13720000000,15220000000,1.5,0.1848373200720156,0.07207857226760174
S0,13740000000,13780000000,0.05,0.004886839056150893,0.0019083697588011949
S0,13740000000,15240000000,1.5,0.18486759221875787,0.07209034346088736
S0,13760000000,13800000000,0.05,0.004895942642572704,0.001911924812314047
S0,13760000000,15260000000,1.5,0.18487471592601887,0.07209311348123396
S0,13780000000,13820000000,0.05,0.004895942642487772,0.0019119248122808799
S0,13780000000,15280000000,1.5,0.1848719816612011,0.07209205027521913
S0,13800000000,13840000000,0.05,0.004895942642315909,0.0019119248122137656
S0,13800000000,15300000000,1.5,0.18486924739625882,0.07209098706902113
S0,13820000000,13860000000,0.05,0.004895942642065221,0.0019119248121158689
S0,13820000000,15320000000,1.5,0.18486651313156366,0.0720899238627845
S0,13840000000,13880000000,0.05,0.004895942641725326,0.0019119248119831365
S0,13840000000,15340000000,1.5,0.18486377886688746,0.07208886065642049
S0,13860000000,13900000000,0.05,0.004898678519594968,0.0019129932032423724
S0,13860000000,15360000000,1.5,0.18485898610134616,0.07208699701104707
S0,13880000000,13920000000,0.05,0.004912901526657076,0.0019185474483480848
S0,13880000000,15380000000,1.5,0.18485346644647688,0.07208485071750742
S0,13900000000,13940000000,0.05,0.004924388655521361,0.0019230333020066924
S0,13900000000,15400000000,1.5,0.18484521091353256,0.0720816405887765
S0,13920000000,13960000000,0.05,0.004924388655173861,0.0019230333018709896
S0,13920000000,15420000000,1.5,0.18482546825195978,0.07207396373415273
S0,13940000000,13980000000,0.05,0.004924388654670042,0.0019230333016742427
S0,13940000000,15440000000,1.5,0.18480572559144848,0.07206628687291859
S0,13960000000,14000000000,0.05,0.004928395732369473,0.001924598110792285
S0,13960000000,15460000000,1.5,0.1847839924960456,0.07205783603024665
S0,13980000000,14020000000,0.05,0.00494897473393946,0.0019326344433079278
S0,13980000000,15480000000,1.5,0.1847615616813877,0.07204911387281418
S0,14000000000,14040000000,0.05,0.004965546657713871,0.0019391059665430186
S0,14000000000,15500000000,1.5,0.18473512378843798,0.07203883356293667
S0,14020000000,14060000000,0.05,0.00496554665797172,0.0019391059666437115
S0,14020000000,15520000000,1.5,0.18469211397189172,0.07202210927428825
S0,14040000000,14080000000,0.05,0.004965546658002612,0.001939105966655775
S0,14040000000,15540000000,1.5,0.18464910415474128,0.07200538495209746
S0,14060000000,14100000000,0.05,0.004965838963910868,0.001939220115410199
S0,14060000000,15560000000,1.5,0.1846041768875555,0.0719879149959164
S0,14080000000,14120000000,0.05,0.0049678441234138615,0.001940003152813468
S0,14080000000,15580000000,1.5,0.1845585831811513,0.07197018585787987
S0,14100000000,14140000000,0.05,0.00496955697689952,0.0019406720414183358
S0,14100000000,15600000000,1.5,0.18451269716874283,0.0719523430187283
S0,14120000000,14160000000,0.05,0.004969556976713613,0.001940672041345737
S0,14120000000,15620000000,1.5,0.18446509830276042,0.07193383409408301
S0,14140000000,14180000000,0.05,0.0049695569764808545,0.0019406720412548423
S0,14140000000,15640000000,1.5,0.18441749943643093,0.07191532512855849
S0,14160000000,14200000000,0.05,0.0049686900197701556,0.0019403334848813692
S0,14160000000,15660000000,1.5,0.18428202932587462,0.07186264693663298
S0,14180000000,14220000000,0.05,0.004964898873399098,0.0019388529994608585
S0,14180000000,15680000000,1.5,0.18406521540380322,0.07177833713363828
S0,14200000000,14240000000,0.05,0.004961974683421355,0.0019377110702860985
S0,14200000000,15700000000,1.5,0.1838492684390828,0.07169436361535224
S0,14220000000,14260000000,0.05,0.00496197468301271,0.0019377110701265176
S0,14220000000,15720000000,1.5,0.18363624566471726,0.0716115263839586
S0,14240000000,14280000000,0.05,0.004961974682465453,0.0019377110699128077
S0,14240000000,15740000000,1.5,0.1834232228909419,0.07152868834038496
S0,14260000000,14300000000,0.05,0.004961122508514576,0.001937378286370643
S0,14260000000,15760000000,1.5,0.18291017261838716,0.07132917544699266
S0,14280000000,14320000000,0.05,0.004957405279711502,0.0019359266665806268
S0,14280000000,15780000000,1.5,0.1822357868058093,0.07106691591023152
S0,14300000000,14340000000,0.05,0.0049545402247045955,0.0019348078302687387
S0,14300000000,15800000000,1.5,0.18156225316927693,0.07080497970828367
S0,14320000000,14360000000,0.05,0.004954540224966275,0.0019348078303709276
S0,14320000000,15820000000,1.5,0.18089158458979487,0.07054414974364076
S0,14340000000,14380000000,0.05,0.00495454022496164,0.0019348078303691178
S0,14340000000,15840000000,1.5,0.18022091601143864,0.07028331184681061
S0,14360000000,14400000000,0.05,0.004953704816631904,0.0019344815939881578
S0,14360000000,15860000000,1.5,0.17926758562440293,0.06991252690384034
S0,14380000000,14420000000,0.05,0.0049500714112964694,0.0019330627081950904
S0,14380000000,15880000000,1.5,0.17816632511283687,0.06948418677443567
S0,14400000000,14440000000,0.05,0.004947273414173614,0.001931970058733786
S0,14400000000,15900000000,1.5,0.1770659000126935,0.06905615053875332
S0,14420000000,14460000000,0.05,0.004947273413977271,0.0019319700586571118
S0,14420000000,15920000000,1.5,0.17596827291219205,0.06862918182479144
S0,14440000000,14480000000,0.05,0.0049472734138347185,0.0019319700586014432
S0,14440000000,15940000000,1.5,0.17487064581376893,0.06820219244078207
S0,14460000000,14500000000,0.05,0.004946457662121206,0.001931651498348097
S0,14460000000,15960000000,1.5,0.17351737253492433,0.06767572553222306
S0,14480000000,14520000000,0.05,0.004942922540789929,0.001930270993555674
S0,14480000000,15980000000,1.5,0.17203722722777418,0.06709986584749494
S0,14500000000,14540000000,0.05,0.00494020317113103,0.0019292090489972868
S0,14500000000,16000000000,1.5,0.17055789767533136,0.06652428681639848
S0,14520000000,14560000000,0.05,0.0049402031709750716,0.001929209048936383
S0,14520000000,16020000000,1.5,0.16908128749492857,0.06594972954571415
S0,14540000000,14580000000,0.05,0.004940203170788721,0.001929209048863611
S0,14540000000,16040000000,1.5,0.167604677316582,0.06537513632700295
S0,14560000000,14600000000,0.05,0.004939409643801185,0.0019288991676139552
S0,14560000000,16060000000,1.5,0.16590370573383695,0.06471319322097306
S0,14580000000,14620000000,0.05,0.004935985646702612,0.0019275620580774789
S0,14580000000,16080000000,1.5,0.16409953286614679,0.06401103758302581
S0,14600000000,14640000000,0.05,0.004933355176376886,0.0019265348297037887
S0,14600000000,16100000000,1.5,0.16229615352799462,0.06330913871892795
S0,14620000000,14660000000,0.05,0.0049333551762054395,0.0019265348296368372
S0,14620000000,16120000000,1.5,0.16049540466219717,0.06260821230829262
S0,14640000000,14680000000,0.05,0.004933355176007986,0.0019265348295597292
S0,14640000000,16140000000,1.5,0.15869465579830824,0.0619072351435463
S0,14660000000,14700000000,0.05,0.004932584955267771,0.0019262340496603043
S0,14660000000,16160000000,1.5,0.1567025184314495,0.06113169776543063
S0,14680000000,14720000000,0.05,0.004929277489687162,0.0019249424469868794
S0,14680000000,16180000000,1.5,0.15462971875806727,0.06032469424576713
S0,14700000000,14740000000,0.05,0.004926740244560912,0.0019239516240984382
S0,14700000000,16200000000,1.5,0.15255768930754454,0.05951792583689731
S0,14720000000,14760000000,0.05,0.004926740244320549,0.0019239516240045736
S0,14720000000,16220000000,1.5,0.15048819710386593,0.05871208156893429
S0,14740000000,14780000000,0.05,0.004926740244033584,0.0019239516238925105
S0,14740000000,16240000000,1.5,0.1484187049018698,0.05790617443863599
S0,14760000000,14800000000,0.05,0.004925991764366033,0.001923659334125168
S0,14760000000,16260000000,1.5,0.14619077080700096,0.057038497169730897
S0,14780000000,14820000000,0.05,0.004922793004647041,0.001922410182308685
S0,14780000000,16280000000,1.5,0.14390176898426993,0.0561469631388981
S0,14800000000,14840000000,0.05,0.004920342724949012,0.00192145332039494
S0,14800000000,16300000000,1.5,0.14161351564291141,0.05525564712107245
S0,14820000000,14860000000,0.05,0.004920342727129101,0.0019214533212462894
S0,14820000000,16320000000,1.5,0.13932771258336404,0.054365213316940844
S0,14840000000,14880000000,0.05,0.004920342728913785,0.0019214533219432286
S0,14840000000,16340000000,1.5,0.13704190952453124,0.053474708499954025
S0,14860000000,14900000000,0.05,0.004919613367910192,0.001921168498227946
S0,14860000000,16360000000,1.5,0.13462928007382763,0.05253471881755874
S0,14880000000,14920000000,0.05,0.004916510199320795,0.0019199566758183184
S0,14880000000,16380000000,1.5,0.13217137985278013,0.051577012489574095
S0,14900000000,14940000000,0.05,0.004914136391886065,0.0019190296771805198
S0,14900000000,16400000000,1.5,0.1297142067587513,0.05061951161906592
S0,14920000000,14960000000,0.05,0.004911903910434751,0.0019181578679343878
S0,14920000000,16420000000,1.5,0.1272594072515793,0.04966285938176372
S0,14940000000,14980000000,0.05,0.004908869976129132,0.001916973082283967
S0,14940000000,16440000000,1.5,0.1248046077454311,0.048706132327267955
S0,14960000000,15000000000,0.05,0.0049080685233030275,0.0019166601058927726
S0,14960000000,16460000000,1.5,0.12225394484898246,0.04771196601854908
S0,14980000000,15020000000,0.05,0.00490806852323164,0.001916660105864895
S0,14980000000,16480000000,1.5,0.11967066530042268,0.04670500769863147
S0,15000000000,15040000000,0.05,0.0049080685231685794,0.001916660105840269
S0,15000000000,16500000000,1.5,0.1170872599263982,0.04569792240697007
S0,15020000000,15060000000,0.05,0.004905872041700107,0.0019158023549880662
S0,15020000000,16520000000,1.5,0.11450372629817074,0.04469071086572002
S0,15040000000,15080000000,0.05,0.004902889535989496,0.0019146376527769062
S0,15040000000,16540000000,1.5,0.11192006459748657,0.04368337481520798
S0,15060000000,15100000000,0.05,0.0049021035116916245,0.0019143307013982
S0,15060000000,16560000000,1.5,0.10926520596496044,0.04264820408326755
S0,15080000000,15120000000,0.05,0.004902103511608427,0.0019143307013657104
S0,15080000000,16580000000,1.5,0.10658649678239593,0.04160365749115477
S0,15100000000,15140000000,0.05,0.004902103511635225,0.0019143307013761753
S0,15100000000,16600000000,1.5,0.10390755709730058,0.040558946374810015
S0,15120000000,15160000000,0.05,0.004899938425538042,0.0019134852107653261
S0,15120000000,16620000000,1.5,0.10122838791628157,0.03951407298219567
S0,15140000000,15180000000,0.05,0.004897000770469825,0.001912338023228958
S0,15140000000,16640000000,1.5,0.09854898794973709,0.03846903866686613
S0,15160000000,15200000000,0.05,0.004896228201348288,0.0019120363262466222
S0,15160000000,16660000000,1.5,0.09581776435504298,0.03740372076732385
S0,15180000000,15220000000,0.05,0.0048962282012977865,0.0019120363262269007
S0,15180000000,16680000000,1.5,0.09306910068033593,0.036331529918868434
S0,15200000000,15240000000,0.05,0.004896228201369632,0.0019120363262549573
S0,15200000000,16700000000,1.5,0.09032013995402349,0.035259154563775624
S0,15220000000,15260000000,0.05,0.004894105542776778,0.001911207404058516
S0,15220000000,16720000000,1.5,0.08757088299622277,0.03418659702600928
S0,15240000000,15280000000,0.05,0.004891228498594136,0.0019100838857506466
S0,15240000000,16740000000,1.5,0.08482132414269473,0.03311385710110132
S0,15260000000,15300000000,0.05,0.00489047411281264,0.0019097892895662352
S0,15260000000,16760000000,1.5,0.08203432189411225,0.032026444781262695
S0,15280000000,15320000000,0.05,0.004890474112850304,0.0019097892895809437
S0,15280000000,16780000000,1.5,0.07923463888014007,0.030934022160114014
S0,15300000000,15340000000,0.05,0.004890474112944562,0.0019097892896177526
S0,15300000000,16800000000,1.5,0.07643460405319538,0.029841401634980846
S0,15320000000,15360000000,0.05,0.004888415611847705,0.001908985421643755
S0,15320000000,16820000000,1.5,0.07363421429436676,0.02874858410785301
S0,15340000000,15380000000,0.05,0.004885630221314732,0.0019078976951156627
S0,15340000000,16840000000,1.5,0.07083347212511643,0.027655572683455643
S0,15360000000,15400000000,0.05,0.004884903331781376,0.0019076138365253644
S0,15360000000,16860000000,1.5,0.0680059996369719,0.0265520745385032
S0,15380000000,15420000000,0.05,0.004884903332139992,0.001907613836665408
S0,15380000000,16880000000,1.5,0.06516938662267663,0.02544495573075374
S0,15400000000,15440000000,0.05,0.004884903333437288,0.0019076138371720164
S0,15400000000,16900000000,1.5,0.06233238390143228,0.024337633626586266
S0,15420000000,15460000000,0.05,0.00488291289925967,0.0019068365500950254
S0,15420000000,16920000000,1.5,0.05949498756852048,0.023230108909287842
S0,15440000000,15480000000,0.05,0.004880224744609266,0.0019057867952725974
S0,15440000000,16940000000,1.5,0.056657200929341144,0.02212238507833821
S0,15460000000,15500000000,0.05,0.004879527024761882,0.0019055143277730445
S0,15460000000,16960000000,1.5,0.05380069983528418,0.02100731112604724
S0,15480000000,15520000000,0.05,0.0048795270244434835,0.0019055143276487064
S0,15480000000,16980000000,1.5,0.05093770720963979,0.019889660119081498
S0,15500000000,15540000000,0.05,0.004879527024017172,0.0019055143274822265
S0,15500000000,17000000000,1.5,0.04807429106318473,0.018771803012209643
S0,15520000000,15560000000,0.05,0.004877609573635512,0.0019047655413988148
S0,15520000000,17020000000,1.5,0.04521045351156304,0.017653742905193764
S0,15540000000,15580000000,0.05,0.004875025684412608,0.001903756503399707
S0,15540000000,17040000000,1.5,0.04234619447361122,0.01653548204232123
S0,15560000000,15600000000,0.05,0.0048743592450981865,0.0019034962513007694
S0,15560000000,17060000000,1.5,0.03946935875959744,0.015412276872912075
S0,15580000000,15620000000,0.05,0.004874359245023004,0.0019034962512714095
S0,15580000000,17080000000,1.5,0.03658805824754455,0.01428729654721505
S0,15600000000,15640000000,0.05,0.00487435924458763,0.0019034962511013912
S0,15600000000,17100000000,1.5,0.0337063177435146,0.013162114770663827
S0,15620000000,15660000000,0.05,0.004786487999827796,0.0018691815331421755
S0,15620000000,17120000000,1.5,0.03082413640823051,0.012036733538495097
S0,15640000000,15680000000,0.05,0.004617272943853133,0.0018031011239686412
S0,15640000000,17140000000,1.5,0.027941515908160644,0.010911155826542349
S0,15660000000,15700000000,0.05,0.004535929132978338,0.0017713354335125667
S0,15660000000,17160000000,1.5,0.02514632580814741,0.009819695421409822
S0,15680000000,15720000000,0.05,0.004535929134313124,0.0017713354340338162
S0,15680000000,17180000000,1.5,0.022432036157220874,0.008759806491074823
S0,15700000000,15740000000,0.05,0.0045359291352804545,0.0017713354344115698
S0,15700000000,17200000000,1.5,0.019714244887748422,0.007698534067249209
S0,15720000000,15760000000,0.05,0.004235901636682617,0.0016541712325626938
S0,15720000000,17220000000,1.5,0.01698683193034415,0.0066334901736821
S0,15740000000,15780000000,0.05,0.003774538597332837,0.0014740035678113678
S0,15740000000,17240000000,1.5,0.014258961303546216,0.005568255222776721
S0,15760000000,15800000000,0.05,0.003613203059404352,0.00141100013364542
S0,15760000000,17260000000,1.5,0.011830659326221467,0.004619993215182472
S0,15780000000,15820000000,0.05,0.0036132030636971055,0.001411000135321791
S0,15780000000,17280000000,1.5,0.009563235263809883,0.0037345485249146437
S0,15800000000,15840000000,0.05,0.003613203066866303,0.0014110001365594002
S0,15800000000,17300000000,1.5,0.00729362223494498,0.0028482442215803047
S0,15820000000,15860000000,0.05,0.0033305412595743163,0.0013006173385296561
S0,15820000000,17320000000,1.5,0.00501835614690466,0.001959728667095484
S0,15840000000,15880000000,0.05,0.0028999493263598547,0.0011324660174961928
S0,15840000000,17340000000,1.5,0.0027426227101196646,0.0010710280709651178
S0,15860000000,15900000000,0.05,0.0027520192049224797,0.0010746975160275118
S0,15860000000,17360000000,1.5,0.0007490827474477095,0.00029252615743471477
S0,15880000000,15920000000,0.05,0.002752019210651664,0.001074697518264828
S0,15880000000,17380000000,1.5,0.0010969998578857602,0.00042839211774564466
S0,15900000000,15940000000,0.05,0.002752019215249049,0.0010746975200601626
S0,15900000000,17400000000,1.5,0.002944063700272427,0.0011496932128375148
S0,15920000000,15960000000,0.05,0.002496373036709562,0.0009748645819102077
S0,15920000000,17420000000,1.5,0.004793162127233845,0.0018717878557382394
S0,15940000000,15980000000,0.05,0.0021138548278399547,0.0008254865455112905
S0,15940000000,17440000000,1.5,0.0066427197534948655,0.00259406022072122
S0,15960000000,16000000000,0.05,0.0019869828025282157,0.0007759414618282651
S0,15960000000,17460000000,1.5,0.00823712914755349,0.003216692668838064
S0,15980000000,16020000000,0.05,0.001986982807944331,0.0007759414639433248
S0,15980000000,17480000000,1.5,0.009705115275161283,0.003789953797709348
S0,16000000000,16040000000,0.05,0.0019869828123816706,0.0007759414656761604
S0,16000000000,17500000000,1.5,0.011173308329809558,0.004363293691090504
S0,16020000000,16060000000,0.05,0.001762621409883456,0.0006883255756596838
S0,16020000000,17520000000,1.5,0.01264092716495763,0.0049364069976987
S0,16040000000,16080000000,0.05,0.001435058720353509,0.0005604082971898468
S0,16040000000,17540000000,1.5,0.014108546002209572,0.005509517646990597
S0,16060000000,16100000000,0.05,0.0013318574379588381,0.0005201069177173981
S0,16060000000,17560000000,1.5,0.015351811560724696,0.0059950151923527
S0,16080000000,16120000000,0.05,0.0013318574427530032,0.000520106919589579
S0,16080000000,17580000000,1.5,0.0164922176188423,0.0064403438762977855
S0,16100000000,16140000000,0.05,0.0013318574466905028,0.0005201069211272214
S0,16100000000,17600000000,1.5,0.017632866723437512,0.006885765375279265
S0,16120000000,16160000000,0.05,0.0011404689454577836,0.0004453673364456756
S0,16120000000,17620000000,1.5,0.018772890787332474,0.007330940559083851
S0,16140000000,16180000000,0.05,0.000868418135767041,0.00033912811251490414
S0,16140000000,17640000000,1.5,0.019912914853209233,0.007776113361739236
S0,16160000000,16200000000,0.05,0.0007877558313628026,0.0003076284783755077
S0,16160000000,17660000000,1.5,0.020861550416248084,0.008146548141467702
S0,16180000000,16220000000,0.05,0.0007877558354858049,0.0003076284799855915
S0,16180000000,17680000000,1.5,0.021729523672803522,0.008485483316801979
S0,16200000000,16240000000,0.05,0.0007877558388861717,0.0003076284813134771
S0,16200000000,17700000000,1.5,0.022597227615598115,0.008824311730270368
S0,16220000000,16260000000,0.05,0.0006293139474555891,0.0002457549486526018
S0,16220000000,17720000000,1.5,0.02346412361023142,0.009162822990631474
S0,16240000000,16280000000,0.05,0.00040980432643371485,0.00016003370426587022
S0,16240000000,17740000000,1.5,0.024331019606191287,0.009501332530025388
S0,16260000000,16300000000,0.05,0.0003487366002764645,0.0001361859952741955
S0,16260000000,17760000000,1.5,0.0250394737088106,0.0097779716268617
S0,16280000000,16320000000,0.05,0.00034873660374114615,0.00013618599662719693
S0,16280000000,17780000000,1.5,0.025686860083001035,0.01003076375801746
S0,16300000000,16340000000,0.05,0.0003487366065688495,0.00013618599773145037
S0,16300000000,17800000000,1.5,0.026333966281228666,0.010283445435450289
S0,16320000000,16360000000,0.05,0.00022191021759267703,8.665871007386929e-05
S0,16320000000,17820000000,1.5,0.02698023194689889,0.010535797827754828
S0,16340000000,16380000000,0.05,4.981305716266968e-05,1.9452620676021836e-05
S0,16340000000,17840000000,1.5,0.027626497613839035,0.010788149120461733
S0,16360000000,16400000000,0.05,4.540052833873487e-06,1.7729473087164519e-06
S0,16360000000,17860000000,1.5,0.028145936890716296,0.010990976924583694
S0,16380000000,16420000000,0.05,4.537598119981265e-06,1.7719887122973957e-06
S0,16380000000,17880000000,1.5,0.028620105397211146,0.011176126999276758
S0,16400000000,16440000000,0.05,4.5373785658737315e-06,1.7719029736775355e-06
S0,16400000000,17900000000,1.5,0.02909398430164712,0.011361163364518234
S0,16420000000,16460000000,0.05,9.355849216210327e-05,3.6535759141043926e-05
S0,16420000000,17920000000,1.5,0.02956700088420154,0.01154586238127955
S0,16440000000,16480000000,0.05,0.000225072468879298,8.789360867048236e-05
S0,16440000000,17940000000,1.5,0.030040017468461345,0.011730560752875424
S0,16460000000,16500000000,0.05,0.00025861639928124146,0.0001009929321520792
S0,16460000000,17960000000,1.5,0.030414938181515395,0.011876955249861489
S0,16480000000,16520000000,0.05,0.00025887047902029524,0.00010109215346122882
S0,16480000000,17980000000,1.5,0.030756440790050008,0.012010300687239224
S0,16500000000,16540000000,0.05,0.0002591268057430384,0.00010119225224555103
S0,16500000000,18000000000,1.5,0.031097526303475384,0.012143482913286686
S0,16520000000,16560000000,0.05,0.00033264829151020275,0.00012990330994898833
S0,16520000000,18020000000,1.5,0.03143760975216674,0.012276273515699014
S0,16540000000,16580000000,0.05,0.0004306782791011401,0.0001681852431886676
S0,16540000000,18040000000,1.5,0.031777565128574214,0.012409013755640151
S0,16560000000,16600000000,0.05,0.000455545355968227,0.000177896146902361
S0,16560000000,18060000000,1.5,0.032044127092020785,0.012513096280156882
S0,16580000000,16620000000,0.05,0.00045600535450593914,0.0001780757820692007
S0,16580000000,18080000000,1.5,0.032286052481587155,0.01260755894725353
S0,16600000000,16640000000,0.05,0.00045646563592826456,0.00017825552770600104
S0,16600000000,18100000000,1.5,0.03252611644484298,0.012701294615797337
S0,16620000000,16660000000,0.05,0.0005106851357005483,0.00019942891861265583
S0,16620000000,18120000000,1.5,0.0327338760193212,0.012782416525544021
S0,16640000000,16680000000,0.05,0.000582886498931335,0.00022762445124606924
S0,16640000000,18140000000,1.5,0.03292074638127347,0.012855381904876015
S0,16660000000,16700000000,0.05,0.0006013961996711899,0.00023485272013946523
S0,16660000000,18160000000,1.5,0.03294348069148377,0.012864258733295804
S0,16680000000,16720000000,0.05,0.0006019894828153682,0.00023508440460320753
S0,16680000000,18180000000,1.5,0.032642931117527356,0.012746906149582444
S0,16700000000,16740000000,0.05,0.0006025876099591335,0.00023531798070915342
S0,16700000000,18200000000,1.5,0.0323420844917932,0.012629437290751666
S0,16720000000,16760000000,0.05,0.0006424555593337478,0.0002508869118888183
S0,16720000000,18220000000,1.5,0.03204094163469264,0.012511852478950791
S0,16740000000,16780000000,0.05,0.0006954567639605377,0.00027158454279338517
S0,16740000000,18240000000,1.5,0.031739496881814905,0.012394149504260042
S0,16760000000,16800000000,0.05,0.000709243728104228,0.0002769685240731372
S0,16760000000,18260000000,1.5,0.03139848607533974,0.012260997116584902
S0,16780000000,16820000000,0.05,0.0007099504729229968,0.00027724451673035285
S0,16780000000,18280000000,1.5,0.031044040117835202,0.012122598410558265
S0,16800000000,16840000000,0.05,0.000710657815134387,0.00027752074267679556
S0,16800000000,18300000000,1.5,0.030689242347216407,0.011984061952546478
S0,16820000000,16860000000,0.05,0.0007397990455471452,0.0002889007561978594
S0,16820000000,18320000000,1.5,0.03033408964489313,0.011845386528072608
S0,16840000000,16880000000,0.05,0.000778455281125072,0.00030399649767992755
S0,16840000000,18340000000,1.5,0.029978584532062973,0.01170657312483166
S0,16860000000,16900000000,0.05,0.000788712403758253,0.0003080020318085734
S0,16860000000,18360000000,1.5,0.029594290599326882,0.011556518190110348
S0,16880000000,16920000000,0.05,0.0007894957220161564,0.0003083079273432599
S0,16880000000,18380000000,1.5,0.029200129250918708,0.011402609890539431
S0,16900000000,16940000000,0.05,0.0007902796386538499,0.000308614056552659
S0,16900000000,18400000000,1.5,0.028805578195549485,0.011248548978433444
S0,16920000000,16960000000,0.05,0.0008113748339766309,0.0003168519930138691
S0,16920000000,18420000000,1.5,0.028410633528883456,0.011094333933943996
S0,16940000000,16980000000,0.05,0.0008392689750920876,0.0003277450024166351
S0,16940000000,18440000000,1.5,0.02801529855687651,0.010939966052672669
S0,16960000000,17000000000,0.05,0.0008468817473375641,0.00033071788475065074
S0,16960000000,18460000000,1.5,0.02759925869488775,0.010777512996363843
S0,16980000000,17020000000,0.05,0.0008477266736332638,0.00033104783898739817
S0,16980000000,18480000000,1.5,0.02717602958176535,0.010612252240614562
S0,17000000000,17040000000,0.05,0.0008485695655563383,0.00033137699877625114
S0,17000000000,18500000000,1.5,0.026752376947531083,0.010446825634155676
S0,17020000000,17060000000,0.05,0.0008634851783300944,0.00033720173123431347
S0,17020000000,18520000000,1.5,0.026328302908112913,0.010281234009217686
S0,17040000000,17080000000,0.05,0.0008831105416540717,0.0003448656798807019
S0,17040000000,18540000000,1.5,0.02590380738195555,0.010115477340010769
S0,17060000000,17100000000,0.05,0.0008886817709846534,0.0003470413142709471
S0,17060000000,18560000000,1.5,0.025464817729763646,0.009944060537001769
S0,17080000000,17120000000,0.05,0.0008895625942910296,0.0003473852867341144
S0,17080000000,18580000000,1.5,0.02502069684028237,0.009770639599526473
S0,17100000000,17140000000,0.05,0.000890442590766323,0.0003477289363093865
S0,17100000000,18600000000,1.5,0.024576135958759904,0.009597046370840235
S0,17120000000,17160000000,0.05,0.0008913226002553037,0.00034807259096659825
S0,17120000000,18620000000,1.5,0.024131134245972265,0.009423280530395834
S0,17140000000,17180000000,0.05,0.0008922068070866367,0.00034841788473816674
S0,17140000000,18640000000,1.5,0.02368569336797452,0.009249342735966311
S0,17160000000,17200000000,0.05,0.0008961517874206508,0.0003499584486529551
S0,17160000000,18660000000,1.5,0.023239811645697838,0.00907523233915689
S0,17180000000,17220000000,0.05,0.0009092750925636002,0.0003550832626179021
S0,17180000000,18680000000,1.5,0.022793486560868697,0.008900948363917215
S0,17200000000,17240000000,0.05,0.0009193544489217512,0.0003590193766930678
S0,17200000000,18700000000,1.5,0.022343659858258015,0.00872529660528613
S0,17220000000,17260000000,0.05,0.0009202709674400664,0.00035937728857824786
S0,17220000000,18720000000,1.5,0.021884211468285973,0.008545887241279427
S0,17240000000,17280000000,0.05,0.0009211874424034962,0.00035973518345462776
S0,17240000000,18740000000,1.5,0.021424305409317203,0.008366298711076702
S0,17260000000,17300000000,0.05,0.0009238340318721353,0.0003607687095716678
S0,17260000000,18760000000,1.5,0.020963940500826832,0.008186530561855044
S0,17280000000,17320000000,0.05,0.0009316760532081178,0.0003638311164720683
S0,17280000000,18780000000,1.5,0.02050311796689459,0.008006583279821369
S0,17300000000,17340000000,0.05,0.0009377964579590121,0.0003662212106721342
S0,17300000000,18800000000,1.5,0.0200401064689356,0.007825780797861163
S0,17320000000,17360000000,0.05,0.0009387321398826344,0.00036658660610396125
S0,17320000000,18820000000,1.5,0.019571441913667328,0.007642770412757483
S0,17340000000,17380000000,0.05,0.0009396732416455701,0.00036695411805038664
S0,17340000000,18840000000,1.5,0.019102310010957396,0.0074595771112913
S0,17360000000,17400000000,0.05,0.0009411272427976569,0.00036752192358896176
S0,17360000000,18860000000,1.5,0.018632709773765556,0.007276200516865648
S0,17380000000,17420000000,0.05,0.0009441430586964207,0.00036869963721544854
S0,17380000000,18880000000,1.5,0.01816263676929273,0.007092638907382984
S0,17400000000,17440000000,0.05,0.0009466368379733893,0.00036967348904613583
S0,17400000000,18900000000,1.5,0.01769158253094886,0.006908693737003911
S0,17420000000,17460000000,0.05,0.0009475939836100823,0.00037004726632416354
S0,17420000000,18920000000,1.5,0.01721849371057724,0.00672395368314579
S0,17440000000,17480000000,0.05,0.0009485406938264627,0.0003704169684406592
S0,17440000000,18940000000,1.5,0.01674494569295634,0.006539033937087414
S0,17460000000,17500000000,0.05,0.0009491963797278527,0.00037067302194178326
S0,17460000000,18960000000,1.5,0.01627089972694802,0.006353919375811815
S0,17480000000,17520000000,0.05,0.0009488290818520165,0.0003705295875521453
S0,17480000000,18980000000,1.5,0.01579640499911074,0.006168629215943461
S0,17500000000,17540000000,0.05,0.0009482548600183438,0.00037030534678284785
S0,17500000000,19000000000,1.5,0.01532170334720101,0.005983257904803464
S0,17520000000,17560000000,0.05,0.0009482629858836092,0.00037030852003431896
S0,17520000000,19020000000,1.5,0.01484757591723962,0.005798110491254466
S0,17540000000,17580000000,0.05,0.000948612896279219,0.00037044516439664984
S0,17540000000,19040000000,1.5,0.014373448487163584,0.005612962751811501
S0,17560000000,17600000000,0.05,0.0009491977247539779,0.00037067354719121705
S0,17560000000,19060000000,1.5,0.013899312931336942,0.00542781152379407
S0,17580000000,17620000000,0.05,0.0009488157257371704,0.0003705243718231499
S0,17580000000,19080000000,1.5,0.013424835590865256,0.0052425265225637735
S0,17600000000,17640000000,0.05,0.0009481906830812181,0.00037028028489054525
S0,17600000000,19100000000,1.5,0.012950115206563792,0.005057146316612665
S0,17620000000,17660000000,0.05,0.0009481906834578266,0.0003702802850376156
S0,17620000000,19120000000,1.5,0.012476019865108934,0.004872009908028347
S0,17640000000,17680000000,0.05,0.0009481906838272464,0.0003702802851818786
S0,17640000000,19140000000,1.5,0.012001924523463409,0.004686873225603551
S0,17660000000,17700000000,0.05,0.0009479213679872284,0.0003701751139960838
S0,17660000000,19160000000,1.5,0.01152782918163199,0.004501736279743266
S0,17680000000,17720000000,0.05,0.0009468441019420959,0.0003697544282042883
S0,17680000000,19180000000,1.5,0.011053733839617094,0.004316599080851577
S0,17700000000,17740000000,0.05,0.0009460361517069985,0.0003694389135865251
S0,17700000000,19200000000,1.5,0.010579907813625708,0.004131566809201058
S0,17720000000,17760000000,0.05,0.0009460361511235901,0.00036943891335869687
S0,17720000000,19220000000,1.5,0.010106889737655916,0.003946849816196236
S0,17740000000,17780000000,0.05,0.0009460361503760353,0.00036943891306676747
S0,17740000000,19240000000,1.5,0.009633871661899558,0.0037621326025016983
S0,17760000000,17800000000,0.05,0.0009457559721416028,0.00036932949998077054
S0,17760000000,19260000000,1.5,0.00916085358651314,0.003577415178511002
S0,17780000000,17820000000,0.05,0.0009446352601567079,0.00036889184800880455
S0,17780000000,19280000000,1.5,0.008687835511504385,0.0033926975545596144
S0,17800000000,17840000000,0.05,0.0009437947260415164,0.00036856360898034627
S0,17800000000,19300000000,1.5,0.008215097614352407,0.003208089152860298
S0,17820000000,17860000000,0.05,0.0009437947262247309,0.00036856360905189385
S0,17820000000,19320000000,1.5,0.007743200251328582,0.003023808808534479
S0,17840000000,17880000000,0.05,0.0009437947262094445,0.00036856360904592434
S0,17840000000,19340000000,1.5,0.0072713028882918085,0.0028395282958627852
S0,17860000000,17900000000,0.05,0.0009435073580969511,0.00036845138822304215
S0,17860000000,19360000000,1.5,0.006799405525084741,0.0026552476250429947
S0,17880000000,17920000000,0.05,0.0009423578888704126,0.0003680025061902292
S0,17880000000,19380000000,1.5,0.006327508162063268,0.0024709668064733185
S0,17900000000,17940000000,0.05,0.0009414957882483491,0.00036766584517236247
S0,17900000000,19400000000,1.5,0.0058558981669686455,0.0022867980706223956
S0,17920000000,17960000000,0.05,0.0009414957894759574,0.0003676658456517588
S0,17920000000,19420000000,1.5,0.0053851502731736625,0.002102965867715971
S0,17940000000,17980000000,0.05,0.0009414957904679624,0.00036766584603914915
S0,17940000000,19440000000,1.5,0.00491440237870118,0.0019191335480387855
S0,17960000000,18000000000,0.05,0.0009412045212412318,0.0003675521017825646
S0,17960000000,19460000000,1.5,0.004443654483678644,0.0017353011218250818
S0,17980000000,18020000000,0.05,0.0009400394411370194,0.00036709712350756695
S0,17980000000,19480000000,1.5,0.003972906588214177,0.0015514685993015635
S0,18000000000,18040000000,0.05,0.0009391656308418705,0.0003667558897164998
S0,18000000000,19500000000,1.5,0.003502449962418344,0.0013677497350926483
S0,18020000000,18060000000,0.05,0.0009391656313642582,0.0003667558899204987
S0,18020000000,19520000000,1.5,0.003032867147058027,0.0011843720286942208
S0,18040000000,18080000000,0.05,0.0009391656321140751,0.00036675589021331156
S0,18040000000,19540000000,1.5,0.002563284331557336,0.0010009942569500928
S0,18060000000,18100000000,0.05,0.000937534708790419,0.0003661189943654093
S0,18060000000,19560000000,1.5,0.0020937015156746314,0.0008176164298749687
S0,18080000000,18120000000,0.05,0.0009038288922399856,0.0003529564536207673
S0,18080000000,19580000000,1.5,0.001624118699424082,0.0006342385575834516
S0,18100000000,18140000000,0.05,0.0008510955723587538,0.00033236343587769376
S0,18100000000,19600000000,1.5,0.0011561668068651096,0.00045149754628367165
S0,18120000000,18160000000,0.05,0.0007202898078631156,0.0002812821558405016
S0,18120000000,19620000000,1.5,0.000720289807165056,0.00028128215556790057
S0,18140000000,18180000000,0.05,0.0003050712351852225,0.00011913412532470678
S0,18140000000,19640000000,1.5,0.0003050712344872947,0.00011913412505215724
S0,18160000000,18200000000,0.05,1.938033067361289e-14,7.568261068127443e-15
S0,18160000000,19660000000,1.5,7.171624405444277e-13,2.8006088594172706e-13
S0,18180000000,18220000000,0.05,1.9345636204093353e-14,7.554712444661408e-15
S0,18180000000,19680000000,1.5,7.17065296029773e-13,2.8002294979602217e-13
S0,18200000000,18240000000,0.05,1.9158286068687858e-14,7.481549877944816e-15
S0,18200000000,19700000000,1.5,7.169612126212144e-13,2.7998230392562405e-13
S0,18220000000,18260000000,0.05,1.9158286068687858e-14,7.481549877944816e-15
S0,18220000000,19720000000,1.5,7.168501903187519e-13,2.7993894833053275e-13
S0,18240000000,18280000000,0.05,1.9165224962591765e-14,7.484259602638022e-15
S0,18240000000,19740000000,1.5,7.169403959395027e-13,2.7997417475154446e-13
S0,18260000000,18300000000,0.05,1.91027749174566e-14,7.459872080399159e-15
S0,18260000000,19760000000,1.5,7.167599846980011e-13,2.799037219095211e-13
S0,18280000000,18320000000,0.05,1.907501934184097e-14,7.44903318162633e-15
S0,18280000000,19780000000,1.5,7.167738624858089e-13,2.799091413589075e-13
S0,18300000000,18340000000,0.05,1.9047263766225342e-14,7.438194282853502e-15
S0,18300000000,19800000000,1.5,7.167530458040972e-13,2.7990101218482786e-13
S0,18320000000,18360000000,0.05,1.91027749174566e-14,7.459872080399159e-15
S0,18320000000,19820000000,1.5,7.16836312530944e-13,2.7993352888114634e-13
S0,18340000000,18380000000,0.05,1.9192980538207394e-14,7.495098501410851e-15
S0,18340000000,19840000000,1.5,7.168432514248479e-13,2.7993623860583957e-13
S0,18360000000,18400000000,0.05,1.9144408280880043e-14,7.476130428558402e-15
S0,18360000000,19860000000,1.5,7.168848847882714e-13,2.799524969539988e-13
S0,18380000000,18420000000,0.05,1.9095836023552692e-14,7.457162355705951e-15
S0,18380000000,19880000000,1.5,7.167461069101932e-13,2.7989830246013463e-13
S0,18400000000,18440000000,0.05,1.912359159916832e-14,7.46800125447878e-15
S0,18400000000,19900000000,1.5,7.168224347431362e-13,2.7992810943175994e-13
S0,18420000000,18460000000,0.05,1.907501934184097e-14,7.44903318162633e-15
S0,18420000000,19920000000,1.5,7.167391680162893e-13,2.7989559273544145e-13
S0,18440000000,18480000000,0.05,1.907501934184097e-14,7.44903318162633e-15
S0,18440000000,19940000000,1.5,7.167183513345776e-13,2.798874635613618e-13
S0,18460000000,18500000000,0.05,1.91027749174566e-14,7.459872080399159e-15
S0,18460000000,19960000000,1.5,7.167738624858089e-13,2.799091413589075e-13
S0,18480000000,18520000000,0.05,1.9172163856495672e-14,7.48696932733123e-15
S0,18480000000,19980000000,1.5,7.168501903187519e-13,2.7993894833053275e-13
S0,18500000000,18540000000,0.05,1.9192980538207394e-14,7.495098501410851e-15
S0,18500000000,20000000000,1.5,7.168154958492323e-13,2.799253997070667e-13
S0,18520000000,18560000000,0.05,1.9172163856495672e-14,7.48696932733123e-15
S0,18520000000,20020000000,1.5,7.168085569553284e-13,2.7992268998237353e-13
S0,18540000000,18580000000,0.05,1.9109713811360507e-14,7.462581805092365e-15
S0,18540000000,20040000000,1.5,7.166697790772503e-13,2.7986849548850937e-13
S0,18560000000,18600000000,0.05,1.9088897129648785e-14,7.454452631012745e-15
S0,18560000000,20060000000,1.5,7.166697790772503e-13,2.7986849548850937e-13
S0,18580000000,18620000000,0.05,1.907501934184097e-14,7.44903318162633e-15
S0,18580000000,20080000000,1.5,7.166628401833464e-13,2.7986578576381614e-13
S0,18600000000,18640000000,0.05,1.9061141554033156e-14,7.443613732239916e-15
S0,18600000000,20100000000,1.5,7.166559012894425e-13,2.7986307603912296e-13
S0,18620000000,18660000000,0.05,1.912359159916832e-14,7.46800125447878e-15
S0,18620000000,20120000000,1.5,7.16690595758962e-13,2.79876624662589e-13
S0,18640000000,18680000000,0.05,1.9186041644303486e-14,7.492388776717643e-15
S0,18640000000,20140000000,1.5,7.167738624858089e-13,2.799091413589075e-13
S0,18660000000,18700000000,0.05,1.9172163856495672e-14,7.48696932733123e-15
S0,18660000000,20160000000,1.5,7.166628401833464e-13,2.7986578576381614e-13
S0,18680000000,18720000000,0.05,1.912359159916832e-14,7.46800125447878e-15
S0,18680000000,20180000000,1.5,7.166767179711542e-13,2.798712052132026e-13
S0,18700000000,18740000000,0.05,1.9061141554033156e-14,7.443613732239916e-15
S0,18700000000,20200000000,1.5,7.165587567747878e-13,2.7982513989341807e-13
S0,18720000000,18760000000,0.05,1.907501934184097e-14,7.44903318162633e-15
S0,18720000000,20220000000,1.5,7.165795734564995e-13,2.7983326906749766e-13
S0,18740000000,18780000000,0.05,1.9116652705264414e-14,7.465291529785573e-15
S0,18740000000,20240000000,1.5,7.166350846077307e-13,2.7985494686504333e-13
S0,18760000000,18800000000,0.05,1.9095836023552692e-14,7.457162355705951e-15
S0,18760000000,20260000000,1.5,7.166489623955385e-13,2.7986036631442974e-13
S0,18780000000,18820000000,0.05,1.9144408280880043e-14,7.476130428558402e-15
S0,18780000000,20280000000,1.5,7.166489623955385e-13,2.7986036631442974e-13
S0,18800000000,18840000000,0.05,1.9192980538207394e-14,7.495098501410851e-15
S0,18800000000,20300000000,1.5,7.166836568650581e-13,2.798739149378958e-13
S0,18820000000,18860000000,0.05,1.9137469386976136e-14,7.473420703865194e-15
S0,18820000000,20320000000,1.5,7.165934512443073e-13,2.798386885168841e-13
S0,18840000000,18880000000,0.05,1.9095836023552692e-14,7.457162355705951e-15
S0,18840000000,20340000000,1.5,7.165518178808838e-13,2.7982243016872484e-13
S0,18860000000,18900000000,0.05,1.9040324872321435e-14,7.435484558160294e-15
S0,18860000000,20360000000,1.5,7.165240623052682e-13,2.7981159126995203e-13
S0,18880000000,18920000000,0.05,1.9068080447937064e-14,7.446323456933123e-15
S0,18880000000,20380000000,1.5,7.165518178808838e-13,2.7982243016872484e-13
S0,18900000000,18940000000,0.05,1.913053049307223e-14,7.470710979171986e-15
S0,18900000000,20400000000,1.5,7.166559012894425e-13,2.7986307603912296e-13
S0,18920000000,18960000000,0.05,1.9137469386976136e-14,7.473420703865194e-15
S0,18920000000,20420000000,1.5,7.166212068199229e-13,2.798495274156569e-13
S0,18940000000,18980000000,0.05,1.9137469386976136e-14,7.473420703865194e-15
S0,18940000000,20440000000,1.5,7.166350846077307e-13,2.7985494686504333e-13
S0,18960000000,19000000000,0.05,1.9158286068687858e-14,7.481549877944816e-15
S0,18960000000,20460000000,1.5,7.165865123504034e-13,2.798359787921909e-13
S0,18980000000,19020000000,0.05,1.91027749174566e-14,7.459872080399159e-15
S0,18980000000,20480000000,1.5,7.165587567747878e-13,2.7982513989341807e-13
S0,19000000000,19040000000,0.05,1.9081958235744878e-14,7.451742906319537e-15
S0,19000000000,20500000000,1.5,7.164407955784213e-13,2.7977907457363355e-13
S0,19020000000,19060000000,0.05,1.9068080447937064e-14,7.446323456933123e-15
S0,19020000000,20520000000,1.5,7.164963067296526e-13,2.7980075237117917e-13
S0,19040000000,19080000000,0.05,1.9109713811360507e-14,7.462581805092365e-15
S0,19040000000,20540000000,1.5,7.165032456235565e-13,2.798034620958724e-13
S0,19060000000,19100000000,0.05,1.9172163856495672e-14,7.48696932733123e-15
S0,19060000000,20560000000,1.5,7.166073290321151e-13,2.798441079662705e-13
S0,19080000000,19120000000,0.05,1.915134717478395e-14,7.478840153251608e-15
S0,19080000000,20580000000,1.5,7.165101845174604e-13,2.7980617182056563e-13
S0,19100000000,19140000000,0.05,1.9165224962591765e-14,7.484259602638022e-15
S0,19100000000,20600000000,1.5,7.165240623052682e-13,2.7981159126995203e-13
S0,19120000000,19160000000,0.05,1.9116652705264414e-14,7.465291529785573e-15
S0,19120000000,20620000000,1.5,7.164338566845174e-13,2.797763648489403e-13
S0,19140000000,19180000000,0.05,1.9068080447937064e-14,7.446323456933123e-15
S0,19140000000,20640000000,1.5,7.164199788967096e-13,2.797709453995539e-13
S0,19160000000,19200000000,0.05,1.905420266012925e-14,7.44090400754671e-15
S0,19160000000,20660000000,1.5,7.16392223321094e-13,2.797601065007811e-13
S0,19180000000,19220000000,0.05,1.9081958235744878e-14,7.451742906319537e-15
S0,19180000000,20680000000,1.5,7.164338566845174e-13,2.797763648489403e-13
S0,19200000000,19240000000,0.05,1.915134717478395e-14,7.478840153251608e-15
S0,19200000000,20700000000,1.5,7.164616122601331e-13,2.797872037477132e-13
S0,19220000000,19260000000,0.05,1.9186041644303486e-14,7.492388776717643e-15
S0,19220000000,20720000000,1.5,7.165310011991721e-13,2.798143009946452e-13
S0,19240000000,19280000000,0.05,1.9137469386976136e-14,7.473420703865194e-15
S0,19240000000,20740000000,1.5,7.164269177906135e-13,2.7977365512424714e-13
S0,19260000000,19300000000,0.05,1.913053049307223e-14,7.470710979171986e-15
S0,19260000000,20760000000,1.5,7.164061011089018e-13,2.797655259501675e-13
S0,19280000000,19320000000,0.05,1.9095836023552692e-14,7.457162355705951e-15
S0,19280000000,20780000000,1.5,7.163367121698627e-13,2.7973842870323543e-13
S0,19300000000,19340000000,0.05,1.9081958235744878e-14,7.451742906319537e-15
S0,19300000000,20800000000,1.5,7.163505899576705e-13,2.7974384815262183e-13
S0,19320000000,19360000000,0.05,1.9109713811360507e-14,7.462581805092365e-15
S0,19320000000,20820000000,1.5,7.163575288515744e-13,2.7974655787731506e-13
S0,19340000000,19380000000,0.05,1.9095836023552692e-14,7.457162355705951e-15
S0,19340000000,20840000000,1.5,7.163991622149979e-13,2.797628162254743e-13
S0,19360000000,19400000000,0.05,1.9144408280880043e-14,7.476130428558402e-15
S0,19360000000,20860000000,1.5,7.163644677454784e-13,2.7974926760200824e-13
S0,19380000000,19420000000,0.05,1.9192980538207394e-14,7.495098501410851e-15
S0,19380000000,20880000000,1.5,7.164477344723252e-13,2.797817842983267e-13
S0,19400000000,19440000000,0.05,1.9116652705264414e-14,7.465291529785573e-15
S0,19400000000,20900000000,1.5,7.162881399125354e-13,2.79719460630383e-13
S0,19420000000,19460000000,0.05,1.9061141554033156e-14,7.443613732239916e-15
S0,19420000000,20920000000,1.5,7.162534454430158e-13,2.7970591200691694e-13
S0,19440000000,19480000000,0.05,1.9040324872321435e-14,7.435484558160294e-15
S0,19440000000,20940000000,1.5,7.162326287613041e-13,2.796977828328373e-13
S0,19460000000,19500000000,0.05,1.9068080447937064e-14,7.446323456933123e-15
S0,19460000000,20960000000,1.5,7.162742621247276e-13,2.7971404118099657e-13
S0,19480000000,19520000000,0.05,1.913053049307223e-14,7.470710979171986e-15
S0,19480000000,20980000000,1.5,7.162881399125354e-13,2.79719460630383e-13
S0,19500000000,19540000000,0.05,1.9137469386976136e-14,7.473420703865194e-15
S0,19520000000,19560000000,0.05,1.9137469386976136e-14,7.473420703865194e-15
S0,19540000000,19580000000,0.05,1.917910275039958e-14,7.489679052024437e-15
S0,19560000000,19600000000,0.05,1.91027749174566e-14,7.459872080399159e-15
S0,19580000000,19620000000,0.05,1.9040324872321435e-14,7.435484558160294e-15
S0,19600000000,19640000000,0.05,1.9061141554033156e-14,7.443613732239916e-15
S0,19620000000,19660000000,0.05,1.91027749174566e-14,7.459872080399159e-15
S0,19640000000,19680000000,0.05,1.9137469386976136e-14,7.473420703865194e-15
S0,19660000000,19700000000,0.05,1.917910275039958e-14,7.489679052024437e-15
S0,19680000000,19720000000,0.05,1.913053049307223e-14,7.470710979171986e-15
S0,19700000000,19740000000,0.05,1.9137469386976136e-14,7.473420703865194e-15
S0,19720000000,19760000000,0.05,1.9068080447937064e-14,7.446323456933123e-15
S0,19740000000,19780000000,0.05,1.899869150889799e-14,7.419226210001053e-15
S0,19760000000,19800000000,0.05,1.9095836023552692e-14,7.457162355705951e-15
S0,19780000000,19820000000,0.05,1.9137469386976136e-14,7.473420703865194e-15
S0,19800000000,19840000000,0.05,1.9137469386976136e-14,7.473420703865194e-15
S0,19820000000,19860000000,0.05,1.915134717478395e-14,7.478840153251608e-15
S0,19840000000,19880000000,0.05,1.9095836023552692e-14,7.457162355705951e-15
S0,19860000000,19900000000,0.05,1.9081958235744878e-14,7.451742906319537e-15
S0,19880000000,19920000000,0.05,1.9088897129648785e-14,7.454452631012745e-15
S0,19900000000,19940000000,0.05,1.9019508190609713e-14,7.427355384080673e-15
S0,19920000000,19960000000,0.05,1.9109713811360507e-14,7.462581805092365e-15
S0,19940000000,19980000000,0.05,1.9206858326015208e-14,7.500517950797265e-15
S0,19960000000,20000000000,0.05,1.9144408280880043e-14,7.476130428558402e-15
S0,19980000000,20020000000,0.05,1.913053049307223e-14,7.470710979171986e-15
S0,20000000000,20040000000,0.05,1.9047263766225342e-14,7.438194282853502e-15
S0,20020000000,20060000000,0.05,1.9033385978417527e-14,7.432774833467088e-15
S0,20040000000,20080000000,0.05,1.91027749174566e-14,7.459872080399159e-15
S0,20060000000,20100000000,0.05,1.907501934184097e-14,7.44903318162633e-15
S0,20080000000,20120000000,0.05,1.91027749174566e-14,7.459872080399159e-15
S0,20100000000,20140000000,0.05,1.917910275039958e-14,7.489679052024437e-15
S0,20120000000,20160000000,0.05,1.9095836023552692e-14,7.457162355705951e-15
S0,20140000000,20180000000,0.05,1.9088897129648785e-14,7.454452631012745e-15
S0,20160000000,20200000000,0.05,1.9068080447937064e-14,7.446323456933123e-15
S0,20180000000,20220000000,0.05,1.902644708451362e-14,7.43006510877388e-15
S0,20200000000,20240000000,0.05,1.9137469386976136e-14,7.473420703865194e-15
S0,20220000000,20260000000,0.05,1.9144408280880043e-14,7.476130428558402e-15
S0,20240000000,20280000000,0.05,1.913053049307223e-14,7.470710979171986e-15
S0,20260000000,20300000000,0.05,1.913053049307223e-14,7.470710979171986e-15
S0,20280000000,20320000000,0.05,1.9088897129648785e-14,7.454452631012745e-15
S0,20300000000,20340000000,0.05,1.9061141554033156e-14,7.443613732239916e-15
S0,20320000000,20360000000,0.05,1.9068080447937064e-14,7.446323456933123e-15
S0,20340000000,20380000000,0.05,1.9095836023552692e-14,7.457162355705951e-15
S0,20360000000,20400000000,0.05,1.9172163856495672e-14,7.48696932733123e-15
S0,20380000000,20420000000,0.05,1.9137469386976136e-14,7.473420703865194e-15
S0,20400000000,20440000000,0.05,1.9109713811360507e-14,7.462581805092365e-15
S0,20420000000,20460000000,0.05,1.91027749174566e-14,7.459872080399159e-15
S0,20440000000,20480000000,0.05,1.9061141554033156e-14,7.443613732239916e-15
S0,20460000000,20500000000,0.05,1.9012569296705806e-14,7.424645659387467e-15
S0,20480000000,20520000000,0.05,1.9040324872321435e-14,7.435484558160294e-15
S0,20500000000,20540000000,0.05,1.9144408280880043e-14,7.476130428558402e-15
S0,20520000000,20560000000,0.05,1.917910275039958e-14,7.489679052024437e-15
S0,20540000000,20580000000,0.05,1.9116652705264414e-14,7.465291529785573e-15
S0,20560000000,20600000000,0.05,1.9088897129648785e-14,7.454452631012745e-15
S0,20580000000,20620000000,0.05,1.907501934184097e-14,7.44903318162633e-15
S0,20600000000,20640000000,0.05,1.9061141554033156e-14,7.443613732239916e-15
S0,20620000000,20660000000,0.05,1.907501934184097e-14,7.44903318162633e-15
S0,20640000000,20680000000,0.05,1.9081958235744878e-14,7.451742906319537e-15
S0,20660000000,20700000000,0.05,1.912359159916832e-14,7.46800125447878e-15
S0,20680000000,20720000000,0.05,1.917910275039958e-14,7.489679052024437e-15
S0,20700000000,20740000000,0.05,1.9116652705264414e-14,7.465291529785573e-15
S0,20720000000,20760000000,0.05,1.9061141554033156e-14,7.443613732239916e-15
S0,20740000000,20780000000,0.05,1.9047263766225342e-14,7.438194282853502e-15
S0,20760000000,20800000000,0.05,1.907501934184097e-14,7.44903318162633e-15
S0,20780000000,20820000000,0.05,1.9116652705264414e-14,7.465291529785573e-15
S0,20800000000,20840000000,0.05,1.913053049307223e-14,7.470710979171986e-15
S0,20820000000,20860000000,0.05,1.9116652705264414e-14,7.465291529785573e-15
S0,20840000000,20880000000,0.05,1.9144408280880043e-14,7.476130428558402e-15
S0,20860000000,20900000000,0.05,1.9068080447937064e-14,7.446323456933123e-15
S0,20880000000,20920000000,0.05,1.899869150889799e-14,7.419226210001053e-15
S0,20900000000,20940000000,0.05,1.9061141554033156e-14,7.443613732239916e-15
S0,20920000000,20960000000,0.05,1.9081958235744878e-14,7.451742906319537e-15
S1,1140000000,1180000000,0.05,0.0,0.0
S1,1140000000,2640000000,1.5,0.06535625010280063,0.025517889405034314
S1,1160000000,1200000000,0.05,0.0,0.0
S1,1160000000,2660000000,1.5,0.06995248766813641,0.02731175033008148
S1,1180000000,1220000000,0.05,0.0,0.0
S1,1180000000,2680000000,1.5,0.07357879451981912,0.0287269566492878
S1,1200000000,1240000000,0.05,0.0,0.0
S1,1200000000,2700000000,1.5,0.0771861592619378,0.030134676907073995
S1,1220000000,1260000000,0.05,0.0,0.0
S1,1220000000,2720000000,1.5,0.07976579600272457,0.03114128179637397
S1,1240000000,1280000000,0.05,0.0,0.0
S1,1240000000,2740000000,1.5,0.08087049462618506,0.03157233257164736
S1,1260000000,1300000000,0.05,0.0,0.0
S1,1260000000,2760000000,1.5,0.08031919072472667,0.03135721629644321
S1,1280000000,1320000000,0.05,0.0,0.0
S1,1280000000,2780000000,1.5,0.07922159893247153,0.030928933892815647
S1,1300000000,1340000000,0.05,0.0,0.0
S1,1300000000,2800000000,1.5,0.07811871202999862,0.03049857594472736
S1,1320000000,1360000000,0.05,0.0,0.0
S1,1320000000,2820000000,1.5,0.07618040145863904,0.02974220459327987
S1,1340000000,1380000000,0.05,0.0,0.0
S1,1340000000,2840000000,1.5,0.07269083896808899,0.02838043073623907
S1,1360000000,1400000000,0.05,2.024797662189823e-06,7.907087642445956e-07
S1,1360000000,2860000000,1.5,0.06782522359993445,0.026481519938251485
S1,1380000000,1420000000,0.05,0.0009477602398015363,0.0003701121914351461
S1,1380000000,2880000000,1.5,0.06281765452939089,0.024527045118293057
S1,1400000000,1440000000,0.05,0.0033084517880396934,0.001291991136016579
S1,1400000000,2900000000,1.5,0.057785514814480736,0.02256282540295035
S1,1420000000,1460000000,0.05,0.006227795118966864,0.0024320278101696968
S1,1420000000,2920000000,1.5,0.05163093881944302,0.020160286719872585
S1,1440000000,1480000000,0.05,0.00971834768388967,0.0037951211575861514
S1,1440000000,2940000000,1.5,0.045072597162042455,0.01759992199190173
S1,1460000000,1500000000,0.05,0.011987389270030905,0.0046811971297633335
S1,1460000000,2960000000,1.5,0.03936063935361376,0.015369828832086613
S1,1480000000,1520000000,0.05,0.01285080515232066,0.005018365307433322
S1,1480000000,2980000000,1.5,0.03561368264292383,0.013906852699650215
S1,1500000000,1540000000,0.05,0.015008989986656923,0.00586114294448787
S1,1500000000,3000000000,1.5,0.032126518391262654,0.01254526697078388
S1,1520000000,1560000000,0.05,0.01767271133179037,0.006901324586161031
S1,1520000000,3020000000,1.5,0.02900767082131988,0.011327460428697369
S1,1540000000,1580000000,0.05,0.020527661619819754,0.00801616737844353
S1,1540000000,3040000000,1.5,0.026149291499410105,0.010211333835392945
S1,1560000000,1600000000,0.05,0.02253281013210176,0.00879915749988049
S1,1560000000,3060000000,1.5,0.02269012418800307,0.008860586676434743
S1,1580000000,1620000000,0.05,0.02265890456224881,0.008848395806347366
S1,1580000000,3080000000,1.5,0.019308917181809528,0.007540256070711203
S1,1600000000,1640000000,0.05,0.02255445540578456,0.008807609712497267
S1,1600000000,3100000000,1.5,0.015076708737054419,0.0058875872138858705
S1,1620000000,1660000000,0.05,0.022493885870743427,0.008783958052930186
S1,1620000000,3120000000,1.5,0.008847525971889134,0.0034550580736375323
S1,1640000000,1680000000,0.05,0.02232445886479653,0.00871779884515738
S1,1640000000,3140000000,1.5,0.001390844449869283,0.0005431420769130602
S1,1660000000,1700000000,0.05,0.022221431834364744,0.008677567998474172
S1,1660000000,3160000000,1.5,0.006175629426064491,0.0024116565538044167
S1,1680000000,1720000000,0.05,0.02177845557189395,0.008504590703908322
S1,1680000000,3180000000,1.5,0.013854671597201343,0.0054103789451555705
S1,1700000000,1740000000,0.05,0.020503170964666334,0.008006603975025322
S1,1700000000,3200000000,1.5,0.021556676316487666,0.008417988218622073
S1,1720000000,1760000000,0.05,0.018716503841112647,0.007308921719775582
S1,1720000000,3220000000,1.5,0.030444344049709582,0.011888437279367961
S1,1740000000,1780000000,0.05,0.01627961823412441,0.006357323948973999
S1,1740000000,3240000000,1.5,0.04161570014475116,0.016250277731189554
S1,1760000000,1800000000,0.05,0.0144145627186478,0.005629017956653969
S1,1760000000,3260000000,1.5,0.055218846756555806,0.021560909512972997
S1,1780000000,1820000000,0.05,0.013515406700605054,0.005277894869397663
S1,1780000000,3280000000,1.5,0.07056856592346702,0.027552188136095276
S1,1800000000,1840000000,0.05,0.011534024965824036,0.004504155770603977
S1,1800000000,3300000000,1.5,0.08637643780243107,0.033720592252862544
S1,1820000000,1860000000,0.05,0.008986549140754085,0.0035093478170043456
S1,1820000000,3320000000,1.5,0.10290299644743284,0.04016717711979817
S1,1840000000,1880000000,0.05,0.00571505395776975,0.002231796878795266
S1,1840000000,3340000000,1.5,0.12093815008127867,0.04719908112084631
S1,1860000000,1900000000,0.05,0.002723494876421123,0.001063558420092333
S1,1860000000,3360000000,1.5,0.14021750449582904,0.054711839959010924
S1,1880000000,1920000000,0.05,0.0018395646280363331,0.0007183728507059831
S1,1880000000,3380000000,1.5,0.16180839373054753,0.06311928734818305
S1,1900000000,1940000000,0.05,0.0011035555969384492,0.0004309522152988127
S1,1900000000,3400000000,1.5,0.18434090075389944,0.07188553940982291
S1,1920000000,1960000000,0.05,0.0003382584305912373,0.0001320941392651432
S1,1920000000,3420000000,1.5,0.20699632646086275,0.0806904118170568
S1,1940000000,1980000000,0.05,0.0019072088305210622,0.0007447887446428062
S1,1940000000,3440000000,1.5,0.2303040469309195,0.08973797740543032
S1,1960000000,2000000000,0.05,0.0031206180090556646,0.001218639795216499
S1,1960000000,3460000000,1.5,0.254396792187499,0.09907744854266856
S1,1980000000,2020000000,0.05,0.003892731125381521,0.0015201591407067122
S1,1980000000,3480000000,1.5,0.2792734630627326,0.10870570359821395
S1,2000000000,2040000000,0.05,0.004571557780880725,0.0017852488292344059
S1,2000000000,3500000000,1.5,0.30457972622927654,0.11848296303954248
S1,2020000000,2060000000,0.05,0.005662896370525111,0.0022114287722527367
S1,2020000000,3520000000,1.5,0.33023104372828826,0.12837417068239163
S1,2040000000,2080000000,0.05,0.006695004927710191,0.002614478120461104
S1,2040000000,3540000000,1.5,0.35600986932851225,0.13829326837638603
S1,2060000000,2100000000,0.05,0.006973558612368008,0.0027232561765435383
S1,2060000000,3560000000,1.5,0.3816209619030329,0.14812507824845628
S1,2080000000,2120000000,0.05,0.007509581463848974,0.0029325784188963364
S1,2080000000,3580000000,1.5,0.4070576331884658,0.1578658914199358
S1,2100000000,2140000000,0.05,0.008933240593714142,0.0034885303727969345
S1,2100000000,3600000000,1.5,0.4322605992274041,0.16749202880851122
S1,2120000000,2160000000,0.05,0.010060524337789978,0.003928743778865599
S1,2120000000,3620000000,1.5,0.4579089477307201,0.17726096228935156
S1,2140000000,2180000000,0.05,0.010298585202700383,0.004021708314286444
S1,2140000000,3640000000,1.5,0.48444827710072536,0.18733854423386584
S1,2160000000,2200000000,0.05,0.010299918879116604,0.004022229124670652
S1,2160000000,3660000000,1.5,0.511225667326105,0.19747308588321186
S1,2180000000,2220000000,0.05,0.012004195075583562,0.004687759888583266
S1,2180000000,3680000000,1.5,0.5380030575710625,0.20757222960478683
S1,2200000000,2240000000,0.05,0.014834540735604779,0.005793020230246457
S1,2200000000,3700000000,1.5,0.5647818902090374,0.21763470603682566
S1,2220000000,2260000000,0.05,0.01596548554634708,0.006234655198826239
S1,2220000000,3720000000,1.5,0.5932734403820907,0.22829787600123744
S1,2240000000,2280000000,0.05,0.015971455988676386,0.006236986656774731
S1,2240000000,3740000000,1.5,0.6228312305376886,0.2393111019518103
S1,2260000000,2300000000,0.05,0.015980934136706912,0.006240687873813988
S1,2260000000,3760000000,1.5,0.6521058077202181,0.2501672908262873
S1,2280000000,2320000000,0.05,0.017135541664300688,0.006691561068237341
S1,2280000000,3780000000,1.5,0.6810724602909194,0.26085654212845694
S1,2300000000,2340000000,0.05,0.01932583590375045,0.007546862734658299
S1,2300000000,3800000000,1.5,0.7097302821658739,0.27137799067534496
S1,2320000000,2360000000,0.05,0.020371837609151747,0.007955319337929015
S1,2320000000,3820000000,1.5,0.7392555468300758,0.28215961689086
S1,2340000000,2380000000,0.05,0.02038023308795607,0.007958597707061865
S1,2340000000,3840000000,1.5,0.7689250345702439,0.2929319619340274
S1,2360000000,2400000000,0.05,0.02039859412898587,0.007965767550195083
S1,2360000000,3860000000,1.5,0.7980787265553457,0.3034542531432772
S1,2380000000,2420000000,0.05,0.02155614360191177,0.00841778019901326
S1,2380000000,3880000000,1.5,0.8269260641527798,0.31380251572614126
S1,2400000000,2440000000,0.05,0.023032766690892763,0.008994384109571067
S1,2400000000,3900000000,1.5,0.855473930981321,0.32397908796126157
S1,2420000000,2460000000,0.05,0.023365071480509595,0.009124144548233914
S1,2420000000,3920000000,1.5,0.8848525834654375,0.33438287537786077
S1,2440000000,2480000000,0.05,0.023365071497715342,0.009124144554952515
S1,2440000000,3940000000,1.5,0.9142495510566465,0.34472093012439664
S1,2460000000,2500000000,0.05,0.023364962822544688,0.009124102118837721
S1,2460000000,3960000000,1.5,0.943299457036215,0.3548637816638699
S1,2480000000,2520000000,0.05,0.023157370639303797,0.009043040262726915
S1,2480000000,3980000000,1.5,0.9718978785393253,0.364775877435143
S1,2500000000,2540000000,0.05,0.021731046150021117,0.008486077828068598
S1,2500000000,4000000000,1.5,0.9999584159143226,0.37442906451454455
S1,2520000000,2560000000,0.05,0.018965700796785504,0.00740623192368317
S1,2520000000,4020000000,1.5,1.0275065017140355,0.3838342749957267
S1,2540000000,2580000000,0.05,0.017107009590651746,0.006680419345559321
S1,2540000000,4040000000,1.5,1.053531964737311,0.3926527805131913
S1,2560000000,2600000000,0.05,0.016761629529604596,0.006545548954996045
S1,2560000000,4060000000,1.5,1.0776411112522812,0.4007626668765362
S1,2580000000,2620000000,0.05,0.015811558876504192,0.006174546809487093
S1,2580000000,4080000000,1.5,1.10126407271736,0.4086525314149296
S1,2600000000,2640000000,0.05,0.013728507832455737,0.005361111591431447
S1,2600000000,4100000000,1.5,1.124617492268422,0.4163963365338159
S1,2620000000,2660000000,0.05,0.010877404676581423,0.004247741376427453
S1,2620000000,4120000000,1.5,1.1468417869669858,0.42371302662047455
S1,2640000000,2680000000,0.05,0.008222544417018487,0.0032109971977111415
S1,2640000000,4140000000,1.5,1.167912275479289,0.4306015589751986
S1,2660000000,2700000000,0.05,0.00723367159380138,0.002824832902203229
S1,2660000000,4160000000,1.5,1.18727278529279,0.4368889375054017
S1,2680000000,2720000000,0.05,0.006187001482905449,0.0024160974627570027
S1,2680000000,4180000000,1.5,1.205411797837451,0.44274249621774714
S1,2700000000,2740000000,0.05,0.003684335364247268,0.0014387781404583157
S1,2700000000,4200000000,1.5,1.2232294390872345,0.4484568935728373
S1,2720000000,2760000000,0.05,0.0005533947220020957,0.0002161075446506823
S1,2720000000,4220000000,1.5,1.2399153279095463,0.45377605571610335
S1,2740000000,2780000000,0.05,0.0016488956937135285,0.0006439142799252069
S1,2740000000,4240000000,1.5,1.2551451738324997,0.4586034960493021
S1,2760000000,2800000000,0.05,0.0022004786947280447,0.0008593142272464778
S1,2760000000,4260000000,1.5,1.2687190172340967,0.46288362505245695
S1,2780000000,2820000000,0.05,0.0030411974738324965,0.0011876251215431003
S1,2780000000,4280000000,1.5,1.2817465727469064,0.46697144850998273
S1,2800000000,2840000000,0.05,0.00542787306190963,0.002119649589100499
S1,2800000000,4300000000,1.5,1.294762096989528,0.47103571105101355
S1,2820000000,2860000000,0.05,0.008355177858704585,0.00326279176762597
S1,2820000000,4320000000,1.5,1.3069278824620427,0.47481659757295214
S1,2840000000,2880000000,0.05,0.009873184438698099,0.003855586118012077
S1,2840000000,4340000000,1.5,1.3175711203591918,0.47810990268928777
S1,2860000000,2900000000,0.05,0.010041733583115907,0.003921405847250936
S1,2860000000,4360000000,1.5,1.3268461338294288,0.48096880463304625
S1,2880000000,2920000000,0.05,0.01213447594974941,0.004738635269951897
S1,2880000000,4380000000,1.5,1.3360031357220794,0.48378118396077824
S1,2900000000,2940000000,0.05,0.016021369440477974,0.006256477859356612
S1,2900000000,4400000000,1.5,1.3451341536313801,0.4865754847101447
S1,2920000000,2960000000,0.05,0.01849809458479612,0.007223633869951454
S1,2920000000,4420000000,1.5,1.3522239234332136,0.4887381251311658
S1,2940000000,2980000000,0.05,0.019177262203008295,0.007488845537679147
S1,2940000000,4440000000,1.5,1.3574354121609413,0.4903239058124448
S1,2960000000,3000000000,0.05,0.019221510232382017,0.007506124149354483
S1,2960000000,4460000000,1.5,1.3619395182323863,0.49169175849488367
S1,2980000000,3020000000,0.05,0.01945681697392461,0.007598010073523437
S1,2980000000,4480000000,1.5,1.3661534470609351,0.4929692294193847
S1,3000000000,3040000000,0.05,0.02098621687850947,0.008195229287032098
S1,3000000000,4500000000,1.5,1.370346425629007,0.4942381770464717
S1,3020000000,3060000000,0.05,0.02399025796510718,0.009368270565074983
S1,3020000000,4520000000,1.5,1.3731002422922165,0.49507040049053325
S1,3040000000,3080000000,0.05,0.02736803593742033,0.010687226148537456
S1,3040000000,4540000000,1.5,1.3733079731315962,0.4951331402110341
S1,3060000000,3100000000,0.05,0.030146225583050412,0.011772031652570143
S1,3060000000,4560000000,1.5,1.3717392774061696,0.49465922420394215
S1,3080000000,3120000000,0.05,0.033120295772169205,0.012933297812417855
S1,3080000000,4580000000,1.5,1.3681020171215728,0.493559207334658
S1,3100000000,3140000000,0.05,0.036240319692969696,0.014151522808217621
S1,3100000000,4600000000,1.5,1.3633755649576824,0.49212734779512385
S1,3120000000,3160000000,0.05,0.03751704126869705,0.014650013755625678
S1,3120000000,4620000000,1.5,1.3553495666680329,0.48968961216954776
S1,3140000000,3180000000,0.05,0.03756997491186716,0.014670681362148368
S1,3140000000,4640000000,1.5,1.3447893325444515,0.4864701454591818
S1,3160000000,3200000000,0.05,0.03760247872478792,0.014683372265441223
S1,3160000000,4660000000,1.5,1.3340667802620823,0.48318731689285477
S1,3180000000,3220000000,0.05,0.03836812802440219,0.014982313947974833
S1,3180000000,4680000000,1.5,1.3230570770394618,0.4798021235203068
S1,3200000000,3240000000,0.05,0.04056219479292983,0.01583895756364521
S1,3200000000,4700000000,1.5,1.3120264451208368,0.4763959141119048
S1,3220000000,3260000000,0.05,0.04349100654795887,0.016982442510102096
S1,3220000000,4720000000,1.5,1.2995400381495572,0.4725226871833067
S1,3240000000,3280000000,0.05,0.045232484012840274,0.017662343891891252
S1,3240000000,4740000000,1.5,1.285248835051062,0.4680670263235655
S1,3260000000,3300000000,0.05,0.04557215376452306,0.017794954992715478
S1,3260000000,4760000000,1.5,1.2694786012114065,0.4631225103328964
S1,3280000000,3320000000,0.05,0.045849837224570866,0.017903365528745607
S1,3280000000,4780000000,1.5,1.253445920368895,0.4580661925417301
S1,3300000000,3340000000,0.05,0.04609573724467164,0.017999367188310685
S1,3300000000,4800000000,1.5,1.2373357994977494,0.45295580300348903
S1,3320000000,3360000000,0.05,0.046301057189150285,0.01807952579977666
S1,3320000000,4820000000,1.5,1.220649166135774,0.44763155278965033
S1,3340000000,3380000000,0.05,0.04658529760703861,0.018190495304824868
S1,3340000000,4840000000,1.5,1.203004958820927,0.4419678811829931
S1,3360000000,3400000000,0.05,0.04684689113449153,0.018292622976222066
S1,3360000000,4860000000,1.5,1.1851914091292521,0.436214958538738
S1,3380000000,3420000000,0.05,0.047027497358351544,0.018363132539355356
S1,3380000000,4880000000,1.5,1.167252846825176,0.43038669378433936
S1,3400000000,3440000000,0.05,0.0470667017739585,0.018378438117365538
S1,3400000000,4900000000,1.5,1.1491774863415607,0.4244789637351625
S1,3420000000,3460000000,0.05,0.047062207296045044,0.018376683453580647
S1,3420000000,4920000000,1.5,1.13111673961976,0.4185413808729615
S1,3440000000,3480000000,0.05,0.04706220730129207,0.01837668345562911
S1,3440000000,4940000000,1.5,1.1132024986788431,0.4126182447402353
S1,3460000000,3500000000,0.05,0.04706231603272182,0.018376725904854726
S1,3460000000,4960000000,1.5,1.0952885838664868,0.4066621131958425
S1,3480000000,3520000000,0.05,0.04706484954017415,0.01837771499722687
S1,3480000000,4980000000,1.5,1.077374342528839,0.40067324709895935
S1,3500000000,3540000000,0.05,0.04685858531835502,0.018297188447968512
S1,3500000000,5000000000,1.5,1.0594601012237366,0.3946522352090738
S1,3520000000,3560000000,0.05,0.0457270218042195,0.01785541714260336
S1,3520000000,5020000000,1.5,1.0425143926330724,0.38892759978482555
S1,3540000000,3580000000,0.05,0.04435275893224333,0.01731888642461476
S1,3540000000,5040000000,1.5,1.0269517087278492,0.3836455752969708
S1,3560000000,3600000000,0.05,0.04366607871200323,0.017050794146760844
S1,3560000000,5060000000,1.5,1.0123564495770643,0.37867078359417883
S1,3580000000,3620000000,0.05,0.04334173307840539,0.016924163091403207
S1,3580000000,5080000000,1.5,0.99821257874978,0.37383060461676193
S1,3600000000,3640000000,0.05,0.043254437279607094,0.016890080980571945
S1,3600000000,5100000000,1.5,0.9843041084842176,0.36905274895109397
S1,3620000000,3660000000,0.05,0.04325619525759483,0.016890767332368658
S1,3620000000,5120000000,1.5,0.9713595582573324,0.3645899802429657
S1,3640000000,3680000000,0.05,0.04325619526763669,0.01689076733628921
S1,3640000000,5140000000,1.5,0.9586954088692557,0.3602091012593391
S1,3660000000,3700000000,0.05,0.04325630400381575,0.016890809789193415
S1,3660000000,5160000000,1.5,0.9460312594972843,0.3558137796844422
S1,3680000000,3720000000,0.05,0.04326618773544477,0.016894668606865774
S1,3680000000,5180000000,1.5,0.9333671101384943,0.35140419174788634
S1,3700000000,3740000000,0.05,0.04321479959304653,0.016874605585734077
S1,3700000000,5200000000,1.5,0.9207033874535453,0.34698066352325013
S1,3720000000,3760000000,0.05,0.04286688179178022,0.016738770801726522
S1,3720000000,5220000000,1.5,0.9080151548150951,0.342534622235395
S1,3740000000,3780000000,0.05,0.04226977376455443,0.016505645478463407
S1,3740000000,5240000000,1.5,0.8953814623490375,0.3380939944717771
S1,3760000000,3800000000,0.05,0.0416435403089489,0.016261147307778074
S1,3760000000,5260000000,1.5,0.8830345245499853,0.3337411221327834
S1,3780000000,3820000000,0.05,0.041047544874855624,0.016028453382638332
S1,3780000000,5280000000,1.5,0.8709979401259255,0.3294854186634078
S1,3800000000,3840000000,0.05,0.03986891650061952,0.015568278467184884
S1,3800000000,5300000000,1.5,0.8592773445223719,0.32532996813326276
S1,3820000000,3860000000,0.05,0.038451342116118226,0.015014804097073285
S1,3820000000,5320000000,1.5,0.8478399825858847,0.32126416382287193
S1,3840000000,3880000000,0.05,0.03762079649457983,0.014690524318340541
S1,3840000000,5340000000,1.5,0.8373011336808436,0.3175084631031247
S1,3860000000,3900000000,0.05,0.03699661029698942,0.014446814226815406
S1,3860000000,5360000000,1.5,0.8272813461359371,0.31392956171531977
S1,3880000000,3920000000,0.05,0.03637037571074597,0.014202302939070748
S1,3880000000,5380000000,1.5,0.8175730428579278,0.31045440073065944
S1,3900000000,3940000000,0.05,0.03574285338443273,0.01395728746063196
S1,3900000000,5400000000,1.5,0.8082158379157568,0.30709799401514526
S1,3920000000,3960000000,0.05,0.0350818020902679,0.013699179143834388
S1,3920000000,5420000000,1.5,0.7999323441194587,0.30412111314617457
S1,3940000000,3980000000,0.05,0.03428325598496351,0.01338738381023465
S1,3940000000,5440000000,1.5,0.7923221508912806,0.3013816003934129
S1,3960000000,4000000000,0.05,0.033293996055562824,0.013001120591780952
S1,3960000000,5460000000,1.5,0.7852945204357252,0.29884792197864873
S1,3980000000,4020000000,0.05,0.03245125253540637,0.012672063181778164
S1,3980000000,5480000000,1.5,0.7789580769214592,0.2965602736529582
S1,4000000000,4040000000,0.05,0.03184250267296718,0.012434369469941428
S1,4000000000,5500000000,1.5,0.7734025790421091,0.294552120560688
S1,4020000000,4060000000,0.05,0.031168908741460166,0.012171355269096022
S1,4020000000,5520000000,1.5,0.768350836405622,0.29272408718126275
S1,4040000000,4080000000,0.05,0.03062509838939742,0.011959015879029191
S1,4040000000,5540000000,1.5,0.7637686836981337,0.29106436496079724
S1,4060000000,4100000000,0.05,0.030214751486536295,0.011798788826543088
S1,4060000000,5560000000,1.5,0.759809663343449,0.2896291197246115
S1,4080000000,4120000000,0.05,0.02976615537312166,0.01162362613954783
S1,4080000000,5580000000,1.5,0.756282033854135,0.2883493082978917
S1,4100000000,4140000000,0.05,0.029566275378411166,0.011545579093169977
S1,4100000000,5600000000,1.5,0.7532514208192664,0.2872490961374805
S1,4120000000,4160000000,0.05,0.02955359364922283,0.011540627260512627
S1,4120000000,5620000000,1.5,0.7505215909716445,0.2862575134655131
S1,4140000000,4180000000,0.05,0.02927697794114348,0.011432617056533518
S1,4140000000,5640000000,1.5,0.7477644183905188,0.2852554574977258
S1,4160000000,4200000000,0.05,0.028722982200642955,0.011216297547139775
S1,4160000000,5660000000,1.5,0.7450322949574453,0.28426197052576546
S1,4180000000,4220000000,0.05,0.028316528589189982,0.01105758847570172
S1,4180000000,5680000000,1.5,0.7425517380756863,0.283359501652536
S1,4200000000,4240000000,0.05,0.02823139938101793,0.011024347779101464
S1,4200000000,5700000000,1.5,0.7403735016483202,0.2825666626271399
S1,4220000000,4260000000,0.05,0.028250294602548243,0.011031725863387307
S1,4220000000,5720000000,1.5,0.7382856765953063,0.2818064171144019
S1,4240000000,4280000000,0.05,0.02825029460812023,0.01103172586556302
S1,4240000000,5740000000,1.5,0.7361772693681634,0.2810383653048669
S1,4260000000,4300000000,0.05,0.028243558450159245,0.011029095574143272
S1,4260000000,5760000000,1.5,0.734068862134778,0.2802700011624306
S1,4280000000,4320000000,0.05,0.028222507188968793,0.011020875612937452
S1,4280000000,5780000000,1.5,0.7319604548976688,0.27950132554192647
S1,4300000000,4340000000,0.05,0.028236896431573566,0.01102649423206452
S1,4300000000,5800000000,1.5,0.729858892546948,0.27873483629342233
S1,4320000000,4360000000,0.05,0.028273429226090885,0.011040759320698642
S1,4320000000,5820000000,1.5,0.7277840185968321,0.27797777900438975
S1,4340000000,4380000000,0.05,0.028305199801585745,0.011053164885944192
S1,4340000000,5840000000,1.5,0.7256817015563852,0.27721040344226966
S1,4360000000,4400000000,0.05,0.028329753385067047,0.01106275240573079
S1,4360000000,5860000000,1.5,0.723571556064583,0.276439862373117
S1,4380000000,4420000000,0.05,0.02835526366088348,0.011072713486604118
S1,4380000000,5880000000,1.5,0.721437468447433,0.2756602656129148
S1,4400000000,4440000000,0.05,0.02832262797003926,0.011059970121287309
S1,4400000000,5900000000,1.5,0.7193028780985,0.2748801712285974
S1,4420000000,4460000000,0.05,0.028213689383968843,0.011017432492736552
S1,4420000000,5920000000,1.5,0.7171541103269086,0.27409457940414617
S1,4440000000,4480000000,0.05,0.02789529710300198,0.010893108564623874
S1,4440000000,5940000000,1.5,0.715063681848529,0.27333001286138253
S1,4460000000,4500000000,0.05,0.0276284176290027,0.01078889883881624
S1,4460000000,5960000000,1.5,0.71302465744767,0.2725839594829907
S1,4480000000,4520000000,0.05,0.02640361220520604,0.01031064067438578
S1,4480000000,5980000000,1.5,0.7112526212491328,0.27193536359534887
S1,4500000000,4540000000,0.05,0.0239477643810988,0.009351677481728927
S1,4500000000,6000000000,1.5,0.7094803675926451,0.27128647459818056
S1,4520000000,4560000000,0.05,0.022629293079060364,0.008836832893656242
S1,4520000000,6020000000,1.5,0.7089278224532567,0.2710841233701741
S1,4540000000,4580000000,0.05,0.022162079927396716,0.008654391764651798
S1,4540000000,6040000000,1.5,0.7096061601829673,0.2713325390457184
S1,4560000000,4600000000,0.05,0.021782513134563253,0.008506175138824913
S1,4560000000,6060000000,1.5,0.7103720355426182,0.27161297456904643
S1,4580000000,4620000000,0.05,0.02036784531862934,0.007953760379501986
S1,4580000000,6080000000,1.5,0.7115175864230319,0.2720323590164196
S1,4600000000,4640000000,0.05,0.017654087279738828,0.00689405194497437
S1,4600000000,6100000000,1.5,0.7126629198473422,0.27245157463274333
S1,4620000000,4660000000,0.05,0.016234254862746544,0.0063396095713725365
S1,4620000000,6120000000,1.5,0.7152039208773031,0.2733813141249077
S1,4640000000,4680000000,0.05,0.015837719406877282,0.006184762503396336
S1,4640000000,6140000000,1.5,0.7190388204268765,0.274783648539608
S1,4660000000,4700000000,0.05,0.015562143583542465,0.006077150019968372
S1,4660000000,6160000000,1.5,0.7229945708987822,0.2762291167652234
S1,4680000000,4720000000,0.05,0.01485108913449773,0.005799482408637244
S1,4680000000,6180000000,1.5,0.7272260059043172,0.2777741263588981
S1,4700000000,4740000000,0.05,0.013784584723155024,0.005383009799281887
S1,4700000000,6200000000,1.5,0.731457223471826,0.27931781326721594
S1,4720000000,4760000000,0.05,0.013429569609808123,0.0052443751743970765
S1,4720000000,6220000000,1.5,0.7363817556997085,0.2811128693951187
S1,4740000000,4780000000,0.05,0.013429569330673186,0.005244375065393857
S1,4740000000,6240000000,1.5,0.7416492106932704,0.2830310385860899
S1,4760000000,4800000000,0.05,0.013429352050865928,0.005244290216829491
S1,4760000000,6260000000,1.5,0.7463136832944375,0.2847279902448481
S1,4780000000,4820000000,0.05,0.013053082991449694,0.005097355672388336
S1,4780000000,6280000000,1.5,0.7502896972205535,0.2861732558393269
S1,4800000000,4840000000,0.05,0.011764896567849181,0.004594312483881719
S1,4800000000,6300000000,1.5,0.7540931804119739,0.28755474880632315
S1,4820000000,4860000000,0.05,0.01084330018262869,0.004234423342141159
S1,4820000000,6320000000,1.5,0.7581130653584953,0.28901371223469846
S1,4840000000,4880000000,0.05,0.010833185611287544,0.004230473533761687
S1,4840000000,6340000000,1.5,0.762273184820017,0.2905223424466165
S1,4860000000,4900000000,0.05,0.010832968346800032,0.004230388690511647
S1,4860000000,6360000000,1.5,0.7655904897711363,0.29172443301368844
S1,4880000000,4920000000,0.05,0.010891390152935498,0.004253202798657625
S1,4880000000,6380000000,1.5,0.7686480992986842,0.29283170713626155
S1,4900000000,4940000000,0.05,0.011091714111240991,0.004331430623752455
S1,4900000000,6400000000,1.5,0.7715758651292322,0.29389131862199125
S1,4920000000,4960000000,0.05,0.011234051542772017,0.0043870143018687755
S1,4920000000,6420000000,1.5,0.773068047860346,0.29443112443330094
S1,4940000000,4980000000,0.05,0.011234051151287838,0.004387014148991728
S1,4940000000,6440000000,1.5,0.7734408517065134,0.29456596282325886
S1,4960000000,5000000000,0.05,0.011233833389971526,0.0043869291118207145
S1,4960000000,6460000000,1.5,0.7735552481679964,0.2946073365104322
S1,4980000000,5020000000,0.05,0.012204899644407519,0.004766136092748149
S1,4980000000,6480000000,1.5,0.7735919581169881,0.2946206131674038
S1,5000000000,5040000000,0.05,0.014350192822467633,0.0056038813585770255
S1,5000000000,6500000000,1.5,0.7735502679113089,0.29460553532459083
S1,5020000000,5060000000,0.05,0.015569078748211451,0.006079858206326499
S1,5020000000,6520000000,1.5,0.7719513455011007,0.2940271662531826
S1,5040000000,5080000000,0.05,0.015613628954174175,0.006097255089270131
S1,5040000000,6540000000,1.5,0.7688237141252858,0.2928952830369775
S1,5060000000,5100000000,0.05,0.01561373761915652,0.006097297523009156
S1,5060000000,6560000000,1.5,0.7655901620106789,0.29172431428284273
S1,5080000000,5120000000,0.05,0.016488712585957854,0.0064389751637267964
S1,5080000000,6580000000,1.5,0.7622964270507677,0.29053076750938006
S1,5100000000,5140000000,0.05,0.017645737664645278,0.00689079144301328
S1,5100000000,6600000000,1.5,0.7589416503018638,0.2893142911073771
S1,5120000000,5160000000,0.05,0.01792789649754667,0.007000973632135149
S1,5120000000,6620000000,1.5,0.7543051493853714,0.287631709172157
S1,5140000000,5180000000,0.05,0.01792789653687521,0.007000973647492817
S1,5140000000,6640000000,1.5,0.7490153007387341,0.28571014056153693
S1,5160000000,5200000000,0.05,0.017928431960076763,0.007001182728536527
S1,5160000000,6660000000,1.5,0.7436781713273526,0.283769371379391
S1,5180000000,5220000000,0.05,0.017914232412045594,0.006995637850382503
S1,5180000000,6680000000,1.5,0.7382945963214096,0.28180966573273664
S1,5200000000,5240000000,0.05,0.017892874488538713,0.006987297648804453
S1,5200000000,6700000000,1.5,0.7328629456322964,0.2798303904813463
S1,5220000000,5260000000,0.05,0.01788625152667045,0.0069847114029802666
S1,5220000000,6720000000,1.5,0.7272410507654556,0.2777796174241126
S1,5240000000,5280000000,0.05,0.01788625154144241,0.006984711408748671
S1,5240000000,6740000000,1.5,0.7215002401480186,0.27568320102773497
S1,5260000000,5300000000,0.05,0.0178863602813355,0.006984753871336274
S1,5260000000,6760000000,1.5,0.7157191854428038,0.27356979307095947
S1,5280000000,5320000000,0.05,0.017889587334814827,0.006986014025601188
S1,5280000000,6780000000,1.5,0.7098985560500493,0.2714396084074243
S1,5300000000,5340000000,0.05,0.01789270565909118,0.006987231721435993
S1,5300000000,6800000000,1.5,0.7040389173363717,0.269292825246444
S1,5320000000,5360000000,0.05,0.017892705666170627,0.006987231724200495
S1,5320000000,6820000000,1.5,0.6980381081308205,0.267091926139712
S1,5340000000,5380000000,0.05,0.01789270567166401,0.006987231726345644
S1,5340000000,6840000000,1.5,0.6918027340140323,0.2648024493323078
S1,5360000000,5400000000,0.05,0.017931102076809147,0.0070022254005529866
S1,5360000000,6860000000,1.5,0.6855339881744149,0.26249812471451894
S1,5380000000,5420000000,0.05,0.0187296769722769,0.007314065766529311
S1,5380000000,6880000000,1.5,0.6792324143522621,0.26017913376847085
S1,5400000000,5440000000,0.05,0.019849166359956483,0.0077512200092577565
S1,5400000000,6900000000,1.5,0.6728602103857562,0.2578315243819728
S1,5420000000,5460000000,0.05,0.020443978406534447,0.007983489753271391
S1,5420000000,6920000000,1.5,0.6653443482332553,0.25505921302114315
S1,5440000000,5480000000,0.05,0.0209191820151422,0.008169052772591905
S1,5440000000,6940000000,1.5,0.6572471369258883,0.25206843489010516
S1,5460000000,5500000000,0.05,0.021402054661946668,0.008357610014475858
S1,5460000000,6960000000,1.5,0.648890145889679,0.24897737265975073
S1,5480000000,5520000000,0.05,0.021844012019569092,0.008530189792760592
S1,5480000000,6980000000,1.5,0.6402695300609484,0.24578424721391884
S1,5500000000,5540000000,0.05,0.02220860732899177,0.008672560177967784
S1,5500000000,7000000000,1.5,0.6313821306066638,0.2424875237090333
S1,5520000000,5560000000,0.05,0.02262773567928722,0.008836224748529707
S1,5520000000,7020000000,1.5,0.622224468946805,0.239085539981415
S1,5540000000,5580000000,0.05,0.023138448545398704,0.009035651443754983
S1,5540000000,7040000000,1.5,0.6127718334979524,0.23556871974338045
S1,5560000000,5600000000,0.05,0.023656508962353717,0.009237946659468598
S1,5560000000,7060000000,1.5,0.6030451729823354,0.2319444570502921
S1,5580000000,5620000000,0.05,0.024005712490631215,0.009374305315768074
S1,5580000000,7080000000,1.5,0.5930407143453367,0.228210961322862
S1,5600000000,5640000000,0.05,0.0240792729496635,0.009403029517734859
S1,5600000000,7100000000,1.5,0.582745295406154,0.224362923172587
S1,5620000000,5660000000,0.05,0.0240642976350236,0.00939718189399611
S1,5620000000,7120000000,1.5,0.5718765579643519,0.22029415111393352
S1,5640000000,5680000000,0.05,0.024064297626311015,0.009397181890593985
S1,5640000000,7140000000,1.5,0.5609818329904463,0.2162091214320604
S1,5660000000,5700000000,0.05,0.024064188891517846,0.009397139431373467
S1,5660000000,7160000000,1.5,0.5500736832043982,0.21211263051742008
S1,5680000000,5720000000,0.05,0.02405046710880998,0.009391781291580794
S1,5680000000,7180000000,1.5,0.5391522830396946,0.208004842365216
S1,5700000000,5740000000,0.05,0.024035167100861177,0.009385806879194531
S1,5700000000,7200000000,1.5,0.5282179166845868,0.20388596379902116
S1,5720000000,5760000000,0.05,0.024033480142019892,0.009385148148274606
S1,5720000000,7220000000,1.5,0.5172842623305529,0.1997612598748358
S1,5740000000,5780000000,0.05,0.02403348013762563,0.009385148146558716
S1,5740000000,7240000000,1.5,0.5063395676426332,0.19562641190811345
S1,5760000000,5800000000,0.05,0.024033588862329314,0.009385190601847287
S1,5760000000,7260000000,1.5,0.49525252893536265,0.19143181455716246
S1,5780000000,5820000000,0.05,0.024046070888132043,0.00939006463662884
S1,5780000000,7280000000,1.5,0.48392336947511394,0.18713953889424653
S1,5800000000,5840000000,0.05,0.02405970544101077,0.00939538871469077
S1,5800000000,7300000000,1.5,0.47258607031342303,0.18283816808776865
S1,5820000000,5860000000,0.05,0.024060966693841834,0.009395881214025905
S1,5820000000,7320000000,1.5,0.4612284589081175,0.1785231998703719
S1,5840000000,5880000000,0.05,0.024060966692633468,0.009395881213554056
S1,5840000000,7340000000,1.5,0.44986175303670506,0.17419901246665515
S1,5860000000,5900000000,0.05,0.024061075418984057,0.009395923669478704
S1,5860000000,7360000000,1.5,0.43844842375635773,0.16985142714430457
S1,5880000000,5920000000,0.05,0.024071905540359095,0.009400152660881352
S1,5880000000,7380000000,1.5,0.4269981442861164,0.16548420858421528
S1,5900000000,5940000000,0.05,0.024083431720068216,0.009404653451770769
S1,5900000000,7400000000,1.5,0.41554764735974503,0.16111148283287008
S1,5920000000,5960000000,0.05,0.02408423650473024,0.009404967707441921
S1,5920000000,7420000000,1.5,0.4039398383344741,0.15667329297014684
S1,5940000000,5980000000,0.05,0.024084236503605805,0.009404967707002847
S1,5940000000,7440000000,1.5,0.3922984564675187,0.15221696634650111
S1,5960000000,6000000000,0.05,0.024084127773977837,0.009404925249804356
S1,5960000000,7460000000,1.5,0.38065707459928433,0.14775548255868226
S1,5980000000,6020000000,0.05,0.024078813409329936,0.009402850074503736
S1,5980000000,7480000000,1.5,0.3690156927302133,0.14328899276347865
S1,6000000000,6040000000,0.05,0.024073556971420995,0.009400797518612738
S1,6000000000,7500000000,1.5,0.35737431086137716,0.1388176482875264
S1,6020000000,6060000000,0.05,0.024073506168421854,0.009400777680844533
S1,6020000000,7520000000,1.5,0.34572355800450527,0.1343379956740237
S1,6040000000,6080000000,0.05,0.02407350616746129,0.009400777680469447
S1,6040000000,7540000000,1.5,0.33407075603426684,0.12985299524507918
S1,6060000000,6100000000,0.05,0.02407339743928727,0.009400735223835955
S1,6060000000,7560000000,1.5,0.3224179540640466,0.12536358671567757
S1,6080000000,6120000000,0.05,0.024054179772900586,0.009393231028413317
S1,6080000000,7580000000,1.5,0.3107651520936585,0.12086992248703578
S1,6100000000,6140000000,0.05,0.024029987859273128,0.00938378446671587
S1,6100000000,7600000000,1.5,0.29911235246076906,0.11637215600760768
S1,6120000000,6160000000,0.05,0.024024904884225595,0.009381799644747828
S1,6120000000,7620000000,1.5,0.2874052807180245,0.11184946362195067
S1,6140000000,6180000000,0.05,0.024024904884317966,0.009381799644783898
S1,6140000000,7640000000,1.5,0.27566337006858266,0.1073094628654838
S1,6160000000,6200000000,0.05,0.02402479615658626,0.009381757188310715
S1,6160000000,7660000000,1.5,0.26392145941824285,0.10276576336423389
S1,6180000000,6220000000,0.05,0.024006838929889085,0.009374745172672345
S1,6180000000,7680000000,1.5,0.2521795487672427,0.09821852173060568
S1,6200000000,6240000000,0.05,0.023976571944599456,0.009362926387485444
S1,6200000000,7700000000,1.5,0.24043785557121033,0.0936679790052285
S1,6220000000,6260000000,0.05,0.023361497204537063,0.009122748844080953
S1,6220000000,7720000000,1.5,0.22810062931722674,0.08888315959050362
S1,6240000000,6280000000,0.05,0.022070055857956294,0.008618457413869046
S1,6240000000,7740000000,1.5,0.2156795557191673,0.084062404871751
S1,6260000000,6300000000,0.05,0.021208849168402377,0.008282165138304518
S1,6260000000,7760000000,1.5,0.203861138370788,0.07947253466607568
S1,6280000000,6320000000,0.05,0.020876451129391516,0.008152366739192316
S1,6280000000,7780000000,1.5,0.19273150611276835,0.07514762506244563
S1,6300000000,6340000000,0.05,0.0199449009758923,0.007788603721843326
S1,6300000000,7800000000,1.5,0.18177440417691626,0.07088748577867211
S1,6320000000,6360000000,0.05,0.018320724595269677,0.007154371609094617
S1,6320000000,7820000000,1.5,0.1703002203002555,0.0664240257131778
S1,6340000000,6380000000,0.05,0.01720810008995466,0.006719894994867928
S1,6340000000,7840000000,1.5,0.15942233889562107,0.06219050627779121
S1,6360000000,6400000000,0.05,0.016818343704895877,0.006567695768023357
S1,6360000000,7860000000,1.5,0.149397060154981,0.058287175910351284
S1,6380000000,6420000000,0.05,0.015311338714597333,0.005979210505072562
S1,6380000000,7880000000,1.5,0.1396318032459889,0.05448367585163357
S1,6400000000,6440000000,0.05,0.012956700688522282,0.005059717975590738
S1,6400000000,7900000000,1.5,0.12999638961001203,0.05072947535573833
S1,6420000000,6460000000,0.05,0.011721251850422387,0.0045772689706665105
S1,6420000000,7920000000,1.5,0.12112272921938416,0.04727102963614434
S1,6440000000,6480000000,0.05,0.011385157561762504,0.0044460221451938986
S1,6440000000,7940000000,1.5,0.1129798851351782,0.04409659395515584
S1,6460000000,6500000000,0.05,0.011228853133284034,0.00438498429007787
S1,6460000000,7960000000,1.5,0.10509512229751117,0.04102207248621683
S1,6480000000,6520000000,0.05,0.01056428702852008,0.004125466782836051
S1,6480000000,7980000000,1.5,0.09728837248994937,0.03797734249188784
S1,6500000000,6540000000,0.05,0.009623639036444587,0.003758136680829182
S1,6500000000,8000000000,1.5,0.08955926890719557,0.034962325313389726
S1,6520000000,6560000000,0.05,0.009207895257789644,0.0035957853447042315
S1,6520000000,8020000000,1.5,0.08176043832205027,0.03191957948559793
S1,6540000000,6580000000,0.05,0.009086341879656068,0.003548317729557811
S1,6540000000,8040000000,1.5,0.07417709354928848,0.028960440504933703
S1,6560000000,6600000000,0.05,0.008965225910341434,0.003501020913192851
S1,6560000000,8060000000,1.5,0.0666551192683631,0.026024837813779695
S1,6580000000,6620000000,0.05,0.008497434920561542,0.003318344433125565
S1,6580000000,8080000000,1.5,0.05919332786195586,0.023112358882611737
S1,6600000000,6640000000,0.05,0.007719388101515623,0.0030145099362445834
S1,6600000000,8100000000,1.5,0.05179257826858752,0.020223387844356466
S1,6620000000,6660000000,0.05,0.007300918439527848,0.002851093461588824
S1,6620000000,8120000000,1.5,0.044735470776327,0.017468303110870866
S1,6640000000,6680000000,0.05,0.007207192119550676,0.0028144924043316953
S1,6640000000,8140000000,1.5,0.03799544412424272,0.014836802753355822
S1,6660000000,6700000000,0.05,0.007113206265020544,0.002777789990051638
S1,6660000000,8160000000,1.5,0.031302698212422264,0.012223595355878698
S1,6680000000,6720000000,0.05,0.006860686856091647,0.0026791786102770164
S1,6680000000,8180000000,1.5,0.024656397874994962,0.009628387277032127
S1,6700000000,6740000000,0.05,0.006530169004260955,0.0025501079864295923
S1,6700000000,8200000000,1.5,0.018057746547090137,0.0070516796454693055
S1,6720000000,6760000000,0.05,0.0063643862040185795,0.0024853680697400466
S1,6720000000,8220000000,1.5,0.011672360713910201,0.00455817669803101
S1,6740000000,6780000000,0.05,0.006284567443473055,0.0024541980031551306
S1,6740000000,8240000000,1.5,0.00541284384609364,0.0021137805142571677
S1,6760000000,6800000000,0.05,0.0062060921749034215,0.002423552580524382
S1,6760000000,8260000000,1.5,0.0008064289435583127,0.000314920561220005
S1,6780000000,6820000000,0.05,0.006029139415586027,0.002354450642262139
S1,6780000000,8280000000,1.5,0.006986127053485003,0.002728164279812163
S1,6800000000,6840000000,0.05,0.005656522336751735,0.0022089396424587065
S1,6800000000,8300000000,1.5,0.013126815849045403,0.00512614865703459
S1,6820000000,6860000000,0.05,0.005388585709765081,0.0021043074437259034
S1,6820000000,8320000000,1.5,0.01911965862356313,0.007466351651795638
S1,6840000000,6880000000,0.05,0.005322386009893876,0.002078455727186525
S1,6840000000,8340000000,1.5,0.024877340217401844,0.009714661404429406
S1,6860000000,6900000000,0.05,0.0052573242881504,0.0020530484015001344
S1,6860000000,8360000000,1.5,0.030601650092052957,0.011949860098872452
S1,6880000000,6920000000,0.05,0.004841610853270062,0.0018907076331943547
S1,6880000000,8380000000,1.5,0.036293131987161775,0.014172143277732807
S1,6900000000,6940000000,0.05,0.004236092900088639,0.0016542459231429104
S1,6900000000,8400000000,1.5,0.041952271413296494,0.01638168433000011
S1,6920000000,6960000000,0.05,0.003989776062958139,0.0015580563267312865
S1,6920000000,8420000000,1.5,0.04724708509960207,0.018448860477923996
S1,6940000000,6980000000,0.05,0.0039415751502023255,0.0015392333055730533
S1,6940000000,8440000000,1.5,0.05249324063819305,0.020496912258768384
S1,6960000000,7000000000,0.05,0.003894039378931513,0.0015206700290819177
S1,6960000000,8460000000,1.5,0.05771511760118564,0.02253534587218634
S1,6980000000,7020000000,0.05,0.003798950905425702,0.0014835368617920476
S1,6980000000,8480000000,1.5,0.06291307222872478,0.024564288514988285
S1,7000000000,7040000000,0.05,0.003598310220280343,0.0014051843035001656
S1,7000000000,8500000000,1.5,0.06808730469355329,0.026583806802805077
S1,7020000000,7060000000,0.05,0.003448439714817564,0.0013466580909973472
S1,7020000000,8520000000,1.5,0.07439589759849419,0.02904582728304333
S1,7040000000,7080000000,0.05,0.0034073293927829873,0.0013306040206105137
S1,7040000000,8540000000,1.5,0.08207409765552942,0.03204196464178561
S1,7060000000,7100000000,0.05,0.0033566313861723707,0.0013108058444320195
S1,7060000000,8560000000,1.5,0.09001565757514074,0.035140371213452475
S1,7080000000,7120000000,0.05,0.002841556109646426,0.0011096627608922977
S1,7080000000,8580000000,1.5,0.09793681204482185,0.03823026469542652
S1,7100000000,7140000000,0.05,0.0023158105339557977,0.0009043527215301035
S1,7100000000,8600000000,1.5,0.10582756525542036,0.0413077030414944
S1,7120000000,7160000000,0.05,0.0022614228750699183,0.0008831136756770726
S1,7120000000,8620000000,1.5,0.11448945950586698,0.044685148632426286
S1,7140000000,7180000000,0.05,0.002234747675559312,0.0008726966838413185
S1,7140000000,8640000000,1.5,0.12463200853748813,0.04863886119158268
S1,7160000000,7200000000,0.05,0.0022084223717064866,0.0008624163303894206
S1,7160000000,8660000000,1.5,0.13539386108459706,0.052832617188048527
S1,7180000000,7220000000,0.05,0.0021824463996682475,0.0008522723951414792
S1,7180000000,8680000000,1.5,0.14630894502889413,0.057084522349679
S1,7200000000,7240000000,0.05,0.0021568180589075503,0.0008422642140244813
S1,7200000000,8700000000,1.5,0.15721084534198004,0.06132959479247087
S1,7220000000,7260000000,0.05,0.0020017467468296246,0.0007817069635214812
S1,7220000000,8720000000,1.5,0.1694392879031006,0.06608903281781467
S1,7240000000,7280000000,0.05,0.0016172819701063545,0.0006315687303131453
S1,7240000000,8740000000,1.5,0.18292511758000574,0.07133498724903072
S1,7260000000,7300000000,0.05,0.0013671302403897023,0.0005338813842692748
S1,7260000000,8760000000,1.5,0.19685893330142434,0.07675179760176662
S1,7280000000,7320000000,0.05,0.0013511603211355805,0.0005276449328754094
S1,7280000000,8780000000,1.5,0.21072340265876033,0.08213795220745268
S1,7300000000,7340000000,0.05,0.0013353881642927945,0.0005214857101211414
S1,7300000000,8800000000,1.5,0.22457973233216588,0.08751700098886273
S1,7320000000,7360000000,0.05,0.0012809315420820866,0.0005002197238722045
S1,7320000000,8820000000,1.5,0.23969229800246827,0.0933789243655201
S1,7340000000,7380000000,0.05,0.0011973579420447855,0.0004675831960083865
S1,7340000000,8840000000,1.5,0.2558798237416653,0.09965188480357186
S1,7360000000,7400000000,0.05,0.0011602990223713583,0.00045311122775399916
S1,7360000000,8860000000,1.5,0.27254058798907055,0.10610141246774131
S1,7380000000,7420000000,0.05,0.0010135995887168292,0.0003958232760194632
S1,7380000000,8880000000,1.5,0.28927256142420976,0.11257109502588131
S1,7400000000,7440000000,0.05,0.0008342408278418922,0.00032578144831692306
S1,7400000000,8900000000,1.5,0.3060043174204843,0.11903281488836416
S1,7420000000,7460000000,0.05,0.0008014727695404567,0.0003129851135505396
S1,7420000000,8920000000,1.5,0.32376394371020245,0.12588236875649228
S1,7440000000,7480000000,0.05,0.0008014727663003818,0.00031298511228524994
S1,7440000000,8940000000,1.5,0.3424771482074802,0.13308894971910915
S1,7460000000,7500000000,0.05,0.0008013640360706731,0.00031294265177659166
S1,7460000000,8960000000,1.5,0.3616136881555603,0.14044650542643794
S1,7480000000,7520000000,0.05,0.000786678683621922,0.0003072078387683863
S1,7480000000,8980000000,1.5,0.3807920127901361,0.14780722571034619
S1,7500000000,7540000000,0.05,0.0007700021443106664,0.0003006954424740187
S1,7500000000,9000000000,1.5,0.3999701199846468,0.15515427170265952
S1,7520000000,7560000000,0.05,0.0007679022279631909,0.00029987539898601384
S1,7520000000,9020000000,1.5,0.42025079286073463,0.16290817138128644
S1,7540000000,7580000000,0.05,0.0007679022268529678,0.0002998753985524579
S1,7540000000,9040000000,1.5,0.44144943356341204,0.17099511881560148
S1,7560000000,7600000000,0.05,0.0007677958360097215,0.00029983385160307067
S1,7560000000,9060000000,1.5,0.4629698761241168,0.17918517388420668
S1,7580000000,7620000000,0.05,0.0006943083972665853,0.0002711360912904895
S1,7580000000,9080000000,1.5,0.48449909639914446,0.1873578103898997
S1,7600000000,7640000000,0.05,0.000581005467086726,0.00022688988485942903
S1,7600000000,9100000000,1.5,0.5060281015707471,0.19550865534963874
S1,7620000000,7660000000,0.05,0.0005410835844439355,0.00021129989192447554
S1,7620000000,9120000000,1.5,0.5284317136542813,0.20396655803136995
S1,7640000000,7680000000,0.05,0.000541083582977997,0.00021129989135200831
S1,7640000000,9140000000,1.5,0.5516572810321878,0.2127077356866736
S1,7660000000,7700000000,0.05,0.0005411923095537396,0.000211342350435602
S1,7660000000,9160000000,1.5,0.5752615209849079,0.22156203397249805
S1,7680000000,7720000000,0.05,7.208052012686039e-05,2.8148342941906076e-05
S1,7680000000,9180000000,1.5,0.5992033905094729,0.23051144976938917
S1,7700000000,7740000000,0.05,0.0007817279074435746,0.000305274499014885
S1,7700000000,9200000000,1.5,0.6234875725006148,0.23955507049051988
S1,7720000000,7760000000,0.05,0.0008779937419016726,0.00034286750589397575
S1,7720000000,9220000000,1.5,0.6492944034761889,0.2491269989008609
S1,7740000000,7780000000,0.05,0.0008779937484426625,0.00034286750844831373
S1,7740000000,9240000000,1.5,0.6774782062961686,0.2595331213483615
S1,7760000000,7800000000,0.05,0.0008778850254693715,0.00034282505077405895
S1,7760000000,9260000000,1.5,0.7060799371211204,0.27004085254481175
S1,7780000000,7820000000,0.05,0.0015548346831213422,0.0006071822928355982
S1,7780000000,9280000000,1.5,0.7350863968389725,0.28064085896910007
S1,7800000000,7840000000,0.05,0.002407164305402887,0.0009400274848507743
S1,7800000000,9300000000,1.5,0.764509789373842,0.29133290799118466
S1,7820000000,7860000000,0.05,0.0025824355500048135,0.0010084730406453642
S1,7820000000,9320000000,1.5,0.7951593751085191,0.3024034549360064
S1,7840000000,7880000000,0.05,0.0025824355596775206,0.0010084730444226738
S1,7840000000,9340000000,1.5,0.8275229164410001,0.3140159396623217
S1,7860000000,7900000000,0.05,0.0025823268400730903,0.0010084305880953017
S1,7860000000,9360000000,1.5,0.8603388309708906,0.3257067725629833
S1,7880000000,7920000000,0.05,0.0031977353120073992,0.0012487550271636262
S1,7880000000,9380000000,1.5,0.8936071868076665,0.3374692683533747
S1,7900000000,7940000000,0.05,0.004059803786311544,0.001585402971537755
S1,7900000000,9400000000,1.5,0.92733864864848,0.34930015352189814
S1,7920000000,7960000000,0.05,0.004306355071450607,0.0016816841156262123
S1,7920000000,9420000000,1.5,0.9622453787216703,0.36143859825176317
S1,7940000000,7980000000,0.05,0.004306355083466329,0.0016816841203184908
S1,7940000000,9440000000,1.5,0.9983520868572329,0.3738784374283841
S1,7960000000,8000000000,0.05,0.004307000257031568,0.0016819360680658062
S1,7960000000,9460000000,1.5,1.0349474660725888,0.38636228246190557
S1,7980000000,8020000000,0.05,0.004963647139379024,0.001938364183205431
S1,7980000000,9480000000,1.5,1.0720273144590782,0.3988794440565685
S1,8000000000,8040000000,0.05,0.005758536321462504,0.002248777214787047
S1,8000000000,9500000000,1.5,1.109596882591606,0.4114220722539701
S1,8020000000,8060000000,0.05,0.005897423795897527,0.002303014277112405
S1,8020000000,9520000000,1.5,1.1481284568167296,0.42413503098237537
S1,8040000000,8080000000,0.05,0.0058974238076765495,0.00230301428171224
S1,8040000000,9540000000,1.5,1.1879331880221522,0.4371026863779487
S1,8060000000,8100000000,0.05,0.005897315089434141,0.002302971826065934
S1,8060000000,9560000000,1.5,1.2282462177951292,0.4500594512208098
S1,8080000000,8120000000,0.05,0.005960422165067314,0.002327615818630974
S1,8080000000,9580000000,1.5,1.2690632656657705,0.46299189770046006
S1,8100000000,8140000000,0.05,0.00607774604282918,0.0023734320500502382
S1,8100000000,9600000000,1.5,1.31038842991601,0.475888864153253
S1,8120000000,8160000000,0.05,0.00613185412437689,0.0023945618329331724
S1,8120000000,9620000000,1.5,1.3522243302044956,0.4887382490354252
S1,8140000000,8180000000,0.05,0.0061318541296970785,0.0023945618350107627
S1,8140000000,9640000000,1.5,1.39332986272497,0.5011550643845499
S1,8160000000,8200000000,0.05,0.0061317454003115834,0.0023945193750279288
S1,8160000000,9660000000,1.5,1.434435395125636,0.513360191131912
S1,8180000000,8220000000,0.05,0.006123350304993114,0.0023912410008900516
S1,8180000000,9680000000,1.5,1.475540927526363,0.5253484738522637
S1,8200000000,8240000000,0.05,0.0061147336967355415,0.002387876123546311
S1,8200000000,9700000000,1.5,1.5166423485871012,0.5371136830792225
S1,8220000000,8260000000,0.05,0.006114403453449935,0.0023877471600233045
S1,8220000000,9720000000,1.5,1.5571153563726656,0.5484773780079936
S1,8240000000,8280000000,0.05,0.006114403456105588,0.0023877471610603655
S1,8240000000,9740000000,1.5,1.5968823366896832,0.5594241062966626
S1,8260000000,8300000000,0.05,0.006114294730583669,0.002387704702585165
S1,8260000000,9760000000,1.5,1.6360433818605644,0.5699879252314447
S1,8280000000,8320000000,0.05,0.0061043921544921,0.002383837641041561
S1,8280000000,9780000000,1.5,1.6747721010147893,0.5802202180029375
S1,8300000000,8340000000,0.05,0.006094002031604706,0.0023797801872132082
S1,8300000000,9800000000,1.5,1.713087613371742,0.5901292592039872
S1,8320000000,8360000000,0.05,0.006093405758724746,0.0023795473362906525
S1,8320000000,9820000000,1.5,1.750721551972132,0.5996512168646275
S1,8340000000,8380000000,0.05,0.006093405759866055,0.002379547336736346
S1,8340000000,9840000000,1.5,1.787319362540631,0.6087074180810935
S1,8360000000,8400000000,0.05,0.006093297033093137,0.0023795048777712565
S1,8360000000,9860000000,1.5,1.8229422266606576,0.6173266444951561
S1,8380000000,8420000000,0.05,0.006112342259170234,0.002386942241685878
S1,8380000000,9880000000,1.5,1.8581537513350175,0.6256538934192595
S1,8400000000,8440000000,0.05,0.006304876324807918,0.002462128835567176
S1,8400000000,9900000000,1.5,1.892991570316626,0.6337019245544372
S1,8420000000,8460000000,0.05,0.006478256438625429,0.00252983558868654
S1,8420000000,9920000000,1.5,1.9269038669933218,0.6413514894892693
S1,8440000000,8480000000,0.05,0.0064782564403294,0.002529835589351958
S1,8440000000,9940000000,1.5,1.9594354011736246,0.6485163420873417
S1,8460000000,8500000000,0.05,0.006478147713436133,0.0025297931303655493
S1,8460000000,9960000000,1.5,1.99084803943685,0.6552719584878567
S1,8480000000,8520000000,0.05,0.00768387446434371,0.003000641520410642
S1,8480000000,9980000000,1.5,2.021598988771385,0.6617287097543486
S1,8500000000,8540000000,0.05,0.010388482741695793,0.004056813956030091
S1,8500000000,10000000000,1.5,2.05202977266505,0.667964242819758
S1,8520000000,8560000000,0.05,0.012171320261828988,0.004753023168147674
S1,8520000000,10020000000,1.5,2.0802194929039737,0.6736026201035795
S1,8540000000,8580000000,0.05,0.012455384996509444,0.004863951890762016
S1,8540000000,10040000000,1.5,2.1056553744614797,0.6785753695320844
S1,8560000000,8600000000,0.05,0.012455276294107254,0.0048639094419401195
S1,8560000000,10060000000,1.5,2.1297362332690923,0.6831820823449959
S1,8580000000,8620000000,0.05,0.013711091351398697,0.005354310398184088
S1,8580000000,10080000000,1.5,2.152871757562097,0.6875146736999036
S1,8600000000,8640000000,0.05,0.016488632748111964,0.006438943987110851
S1,8600000000,10100000000,1.5,2.1756544531654733,0.6916912899907859
S1,8620000000,8660000000,0.05,0.018642978703660162,0.007280210488060827
S1,8620000000,10120000000,1.5,2.1964313325518185,0.6954219560547763
S1,8640000000,8680000000,0.05,0.019442188815846695,0.007592297865293761
S1,8640000000,10140000000,1.5,2.2139050106512475,0.6985014203472246
S1,8660000000,8700000000,0.05,0.0196085618856765,0.007657265529851614
S1,8660000000,10160000000,1.5,2.2284894949222984,0.7010308959751494
S1,8680000000,8720000000,0.05,0.020947896474538208,0.008180265513227165
S1,8680000000,10180000000,1.5,2.238987573085448,0.7028285748714359
S1,8700000000,8740000000,0.05,0.023557454179118142,0.009199267224651586
S1,8700000000,10200000000,1.5,2.247687252904992,0.7043036274459002
S1,8720000000,8760000000,0.05,0.02541789865149413,0.009925739533622501
S1,8720000000,10220000000,1.5,2.25335860015033,0.705258045002426
S1,8740000000,8780000000,0.05,0.026181003108648238,0.010223716554931631
S1,8740000000,10240000000,1.5,2.2560709437845436,0.7057124946937403
S1,8760000000,8800000000,0.05,0.026353668790351836,0.010291138843776675
S1,8760000000,10260000000,1.5,2.256504068279653,0.7057849439871041
S1,8780000000,8820000000,0.05,0.027617735022572365,0.010784727545532358
S1,8780000000,10280000000,1.5,2.2550755294074105,0.7055458650122467
S1,8800000000,8840000000,0.05,0.029964703245206614,0.011701152917701203
S1,8800000000,10300000000,1.5,2.2519582103511078,0.7050229037023673
S1,8820000000,8860000000,0.05,0.03156735844452019,0.012326935714473571
S1,8820000000,10320000000,1.5,2.2458878275324436,0.7039996225559474
S1,8840000000,8880000000,0.05,0.032195379740499686,0.0125721547105978
S1,8840000000,10340000000,1.5,2.237045762670727,0.7024975196626868
S1,8860000000,8900000000,0.05,0.03230343040904238,0.012614344360165074
S1,8860000000,10360000000,1.5,2.2259949471773055,0.7006008905022961
S1,8880000000,8920000000,0.05,0.03347778269727586,0.013072881570282182
S1,8880000000,10380000000,1.5,2.213147083627414,0.6983689519878875
S1,8900000000,8940000000,0.05,0.03563858995915403,0.013916577774462506
S1,8900000000,10400000000,1.5,2.1986104401324154,0.6958088919138529
S1,8920000000,8960000000,0.05,0.03704827167581737,0.014466985183740396
S1,8920000000,10420000000,1.5,2.181460076837483,0.6927412716583543
S1,8940000000,8980000000,0.05,0.03751339181635549,0.014648588849639104
S1,8940000000,10440000000,1.5,2.163147608725852,0.6894095618656165
S1,8960000000,9000000000,0.05,0.03755506779301587,0.014664860972820132
S1,8960000000,10460000000,1.5,2.144411805161572,0.6859410170891946
S1,8980000000,9020000000,0.05,0.03867210138697663,0.01510099732449634
S1,8980000000,10480000000,1.5,2.125634216909403,0.6824043393657165
S1,9000000000,9040000000,0.05,0.040709311434454554,0.01589639659080426
S1,9000000000,10500000000,1.5,2.106856737368463,0.6788075295104684
S1,9020000000,9060000000,0.05,0.04195118103541895,0.016381258617497996
S1,9020000000,10520000000,1.5,2.0869621155223332,0.6749314579461759
S1,9040000000,9080000000,0.05,0.04228176060887945,0.016510325445090717
S1,9040000000,10540000000,1.5,2.0661474259339156,0.6708046484364079
S1,9060000000,9100000000,0.05,0.04229042961062057,0.016513710041846194
S1,9060000000,10560000000,1.5,2.045010934486822,0.6665396897958721
S1,9080000000,9120000000,0.05,0.04323830885787028,0.016883784102917635
S1,9080000000,10580000000,1.5,2.023865665324944,0.6621984699892141
S1,9100000000,9140000000,0.05,0.04504817399435401,0.017590386860599612
S1,9100000000,10600000000,1.5,2.002720504876109,0.6577832528177283
S1,9120000000,9160000000,0.05,0.04628872374618265,0.018074710726585945
S1,9120000000,10620000000,1.5,1.9806273564669812,0.6530915545366041
S1,9140000000,9180000000,0.05,0.047005025894307106,0.018354359576786064
S1,9140000000,10640000000,1.5,1.957672330881663,0.6481324181941036
S1,9160000000,9200000000,0.05,0.047684859206153174,0.018619768587582644
S1,9160000000,10660000000,1.5,1.9343386327207066,0.6430039742963687
S1,9180000000,9220000000,0.05,0.05016309348684289,0.019587260409690117
S1,9180000000,10680000000,1.5,1.910667304987264,0.6377118967869204
S1,9200000000,9240000000,0.05,0.054772361702997374,0.021386617440514684
S1,9200000000,10700000000,1.5,1.8866537735144615,0.6322520402610406
S1,9220000000,9260000000,0.05,0.05766352738683311,0.022515207630000422
S1,9220000000,10720000000,1.5,1.8605042115003294,0.6262028824917972
S1,9240000000,9280000000,0.05,0.058486184291246524,0.022836329990484204
S1,9240000000,10740000000,1.5,1.8318814118113724,0.6194589169317817
S1,9260000000,9300000000,0.05,0.05930773727819094,0.023157017583242744
S1,9260000000,10760000000,1.5,1.8028406841134044,0.6124868228527982
S1,9280000000,9320000000,0.05,0.06162781295266795,0.024062621987934036
S1,9280000000,10780000000,1.5,1.773395227520034,0.6052857214437385
S1,9300000000,9340000000,0.05,0.065420291372561,0.025542884955447407
S1,9300000000,10800000000,1.5,1.7435329468351215,0.5978486927144737
S1,9320000000,9360000000,0.05,0.06776189141237632,0.02645680213546052
S1,9320000000,10820000000,1.5,1.711767414567274,0.5897914154850157
S1,9340000000,9380000000,0.05,0.06866670592634394,0.026809937995009008
S1,9340000000,10840000000,1.5,1.6781126554624686,0.5810926685626183
S1,9360000000,9400000000,0.05,0.06958214451766254,0.02716721469186246
S1,9360000000,10860000000,1.5,1.6440055231548059,0.5721091370599307
S1,9380000000,9420000000,0.05,0.07183592722601118,0.028046794930110634
S1,9380000000,10880000000,1.5,1.6094459495360327,0.5628367439281734
S1,9400000000,9440000000,0.05,0.07507324199506438,0.02931015407544399
S1,9400000000,10900000000,1.5,1.5744233786370514,0.5532686945655888
S1,9420000000,9460000000,0.05,0.07700844242236915,0.030065327820904507
S1,9420000000,10920000000,1.5,1.5376100223099294,0.5430285765430158
S1,9440000000,9480000000,0.05,0.07798158268531163,0.03044506599627392
S1,9440000000,10940000000,1.5,1.4993501366418949,0.5321911745334776
S1,9460000000,9500000000,0.05,0.07895641677604881,0.03082545790928334
S1,9460000000,10960000000,1.5,1.460601579887468,0.5210168711929847
S1,9480000000,9520000000,0.05,0.08106478949703044,0.031648144975784526
S1,9480000000,10980000000,1.5,1.421368553956491,0.5095036276189917
S1,9500000000,9540000000,0.05,0.08409484175200865,0.03283040958260668
S1,9500000000,11000000000,1.5,1.3816451631113271,0.49764675605794206
S1,9520000000,9560000000,0.05,0.08601518477429715,0.03357964943281353
S1,9520000000,11020000000,1.5,1.3403037644593685,0.4850985347201473
S1,9540000000,9580000000,0.05,0.0870275014512949,0.03397460186619108
S1,9540000000,11040000000,1.5,1.2975503213592265,0.4719037808465583
S1,9560000000,9600000000,0.05,0.08803952721031494,0.03436943209835379
S1,9560000000,11060000000,1.5,1.2542885796849794,0.45833268255463483
S1,9580000000,9620000000,0.05,0.08912148670379239,0.03479153643816949
S1,9580000000,11080000000,1.5,1.2105228199078395,0.44438529535932764
S1,9600000000,9640000000,0.05,0.08901917885178912,0.034751623558737225
S1,9600000000,11100000000,1.5,1.1662490524745723,0.43005953225308086
S1,9620000000,9660000000,0.05,0.08834291904551728,0.03448779523006886
S1,9620000000,11120000000,1.5,1.1214013332039554,0.4153332314268072
S1,9640000000,9680000000,0.05,0.08834291893109014,0.034487795185427224
S1,9640000000,11140000000,1.5,1.0772298736226915,0.40062481874087025
S1,9660000000,9700000000,0.05,0.08833869886177681,0.03448614880305082
S1,9660000000,11160000000,1.5,1.0330584141583463,0.3857209974799521
S1,9680000000,9720000000,0.05,0.08769777915129584,0.034236103995349515
S1,9680000000,11180000000,1.5,0.9888869546915097,0.3706290370868838
S1,9700000000,9740000000,0.05,0.08635472179931736,0.03371211978821937
S1,9700000000,11200000000,1.5,0.9447197152964778,0.355357766343213
S1,9720000000,9760000000,0.05,0.08504242894134872,0.033200123442210606
S1,9720000000,11220000000,1.5,0.9011891755401221,0.3401370388398175
S1,9740000000,9780000000,0.05,0.084004167781212,0.03279503152829726
S1,9740000000,11240000000,1.5,0.8583649934970689,0.3250060302738239
S1,9760000000,9800000000,0.05,0.08315852624176123,0.0324650862807492
S1,9760000000,11260000000,1.5,0.8161467465986818,0.30994322887570347
S1,9780000000,9820000000,0.05,0.08205384311183472,0.032034061647124495
S1,9780000000,11280000000,1.5,0.7743608257157653,0.294898661871584
S1,9800000000,9840000000,0.05,0.08032575120049357,0.031359776178292983
S1,9800000000,11300000000,1.5,0.732988220356829,0.2798760634782519
S1,9820000000,9860000000,0.05,0.07831408044725041,0.03057481141418404
S1,9820000000,11320000000,1.5,0.6923069826038389,0.26498769303146896
S1,9840000000,9880000000,0.05,0.0769277945542527,0.030033857140403256
S1,9840000000,11340000000,1.5,0.6526624691562439,0.2503732113202252
S1,9860000000,9900000000,0.05,0.07614264068906135,0.02972746923202201
S1,9860000000,11360000000,1.5,0.6139929021564969,0.23602331173872274
S1,9880000000,9920000000,0.05,0.07486245791747437,0.02922789808231838
S1,9880000000,11380000000,1.5,0.5757346746018995,0.22173920946995107
S1,9900000000,9940000000,0.05,0.0727487071818066,0.028403014059838597
S1,9900000000,11400000000,1.5,0.5378502614673439,0.20751470609719055
S1,9920000000,9960000000,0.05,0.07042242888215366,0.027495155244420238
S1,9920000000,11420000000,1.5,0.5008722166843336,0.19355867358999387
S1,9940000000,9980000000,0.05,0.06864184403808998,0.026800234836953023
S1,9940000000,11440000000,1.5,0.46510155428544575,0.17999531485331827
S1,9960000000,10000000000,0.05,0.06765988094163594,0.02641698860102283
S1,9960000000,11460000000,1.5,0.43044978780208837,0.16680126776606624
S1,9980000000,10020000000,0.05,0.06630437859693236,0.025887944863793016
S1,9980000000,11480000000,1.5,0.3964597102472643,0.1538104964105462
S1,10000000000,10040000000,0.05,0.06401408453812565,0.024994031115087648
S1,10000000000,11500000000,1.5,0.362789906860361,0.14089832165774308
S1,10020000000,10060000000,0.05,0.06168806062694751,0.024086138277193678
S1,10020000000,11520000000,1.5,0.33015533165024047,0.12834500620182787
S1,10040000000,10080000000,0.05,0.05967176809712654,0.02329911327901717
S1,10040000000,11540000000,1.5,0.29877582232214384,0.11624220213319109
S1,10060000000,10100000000,0.05,0.0583734961904884,0.02279234265889489
S1,10060000000,11560000000,1.5,0.26846727102320145,0.10452525868848041
S1,10080000000,10120000000,0.05,0.05727066634112074,0.02236185381502785
S1,10080000000,11580000000,1.5,0.23910405422492584,0.09315085153826176
S1,10100000000,10140000000,0.05,0.05473919023388582,0.021373668422197286
S1,10100000000,11600000000,1.5,0.21009377483262162,0.08189343410697073
S1,10120000000,10160000000,0.05,0.05070114107413981,0.01979730791176351
S1,10120000000,11620000000,1.5,0.1818333878837135,0.07091042455168903
S1,10140000000,10180000000,0.05,0.044524751250046915,0.017386034992753978
S1,10140000000,11640000000,1.5,0.1553545845986442,0.06060691382337695
S1,10160000000,10200000000,0.05,0.038806319868370215,0.015153401484951104
S1,10160000000,11660000000,1.5,0.1311322468094822,0.051172096914753114
S1,10180000000,10220000000,0.05,0.03531892353942031,0.013791763688208914
S1,10180000000,11680000000,1.5,0.11082983334850582,0.04325828588081376
S1,10200000000,10240000000,0.05,0.03194114505866947,0.012472885655670911
S1,10200000000,11700000000,1.5,0.09232592694102057,0.03604162296678192
S1,10220000000,10260000000,0.05,0.028563366780817303,0.011153972125371439
S1,10220000000,11720000000,1.5,0.07551090980899411,0.029480947722246922
S1,10240000000,10280000000,0.05,0.02518558873151522,0.009835026869330495
S1,10240000000,11740000000,1.5,0.06038478188225971,0.023577428654696395
S1,10260000000,10300000000,0.05,0.021807810861806554,0.008516053630524618
S1,10260000000,11760000000,1.5,0.046947543028085466,0.018331917991776997
S1,10280000000,10320000000,0.05,0.018430033147605523,0.007197056161719511
S1,10280000000,11780000000,1.5,0.03519919315065312,0.013745014742446708
S1,10300000000,10340000000,0.05,0.015052255564826207,0.00587803821574838
S1,10300000000,11800000000,1.5,0.025139732166187527,0.009817120725380523
S1,10320000000,10360000000,0.05,0.011674478089382226,0.0045590035455013375
S1,10320000000,11820000000,1.5,0.01676916000295625,0.006548489595526888
S1,10340000000,10380000000,0.05,0.008296700697186521,0.003239955903914862
S1,10340000000,11840000000,1.5,0.01008747660126999,0.003939268840701967
S1,10360000000,10400000000,0.05,0.004918923364152061,0.0019208990439616048
S1,10360000000,11860000000,1.5,0.00509468191348271,0.001989534736515767
S1,10380000000,10420000000,0.05,0.001790775907345027,0.000699320254055014
S1,10380000000,11880000000,1.5,0.00179077590399207,0.0006993202527456431
S1,10400000000,10440000000,0.05,0.00017575855259077677,6.863590883215365e-05
S1,10400000000,11900000000,1.5,0.00017575854923926326,6.86359075233458e-05
S1,10420000000,10460000000,0.05,9.404976797355857e-14,3.672760849172909e-14
S1,10420000000,11920000000,1.5,3.4443142782336622e-12,1.3450477237647561e-12
S1,10440000000,10480000000,0.05,9.366118991493977e-14,3.6575863908909493e-14
S1,10440000000,11940000000,1.5,3.442829354938226e-12,1.3444678426804098e-12
S1,10460000000,10500000000,0.05,9.317546734166626e-14,3.6386183180385e-14
S1,10460000000,11960000000,1.5,3.4415387206720993e-12,1.3439638338874733e-12
S1,10480000000,10520000000,0.05,9.288403379770216e-14,3.62723747432703e-14
S1,10480000000,11980000000,1.5,3.440664420040207e-12,1.343622408576129e-12
S1,10500000000,10540000000,0.05,9.264811140496931e-14,3.618024410370126e-14
S1,10500000000,12000000000,1.5,3.4401925752547413e-12,1.343438147296991e-12
S1,10520000000,10560000000,0.05,9.24399445878521e-14,3.6098952362905045e-14
S1,10520000000,12020000000,1.5,3.4396513415302366e-12,1.3432267887709209e-12
S1,10540000000,10580000000,0.05,9.242606680004428e-14,3.609353291351863e-14
S1,10540000000,12040000000,1.5,3.4393737857740803e-12,1.3431183997831926e-12
S1,10560000000,10600000000,0.05,9.248157795127554e-14,3.611521071106429e-14
S1,10560000000,12060000000,1.5,3.439012963291077e-12,1.342977494099146e-12
S1,10580000000,10620000000,0.05,9.225953334635051e-14,3.602849952088166e-14
S1,10580000000,12080000000,1.5,3.438721529747113e-12,1.3428636856620312e-12
S1,10600000000,10640000000,0.05,9.195422201457859e-14,3.5909271634380547e-14
S1,10600000000,12100000000,1.5,3.4383190739006864e-12,1.3427065216298251e-12
S1,10620000000,10660000000,0.05,9.18709552877317e-14,3.587675493806206e-14
S1,10620000000,12120000000,1.5,3.438208051598224e-12,1.3426631660347339e-12
S1,10640000000,10680000000,0.05,9.185707749992389e-14,3.587133548867565e-14
S1,10640000000,12140000000,1.5,3.4380692737201457e-12,1.3426089715408697e-12
S1,10660000000,10700000000,0.05,9.18709552877317e-14,3.587675493806206e-14
S1,10660000000,12160000000,1.5,3.4379998847811066e-12,1.3425818742939377e-12
S1,10680000000,10720000000,0.05,9.178768856088482e-14,3.584423824174358e-14
S1,10680000000,12180000000,1.5,3.4379166180542597e-12,1.3425493575976192e-12
S1,10700000000,10740000000,0.05,9.184319971211607e-14,3.5865916039289236e-14
S1,10700000000,12200000000,1.5,3.4377917179639894e-12,1.3425005825531414e-12
S1,10720000000,10760000000,0.05,9.191258865115515e-14,3.5893013286221303e-14
S1,10720000000,12220000000,1.5,3.437833351327413e-12,1.3425168409013007e-12
S1,10740000000,10780000000,0.05,9.188483307553952e-14,3.588217438744848e-14
S1,10740000000,12240000000,1.5,3.4377223290249503e-12,1.3424734853062094e-12
S1,10760000000,10800000000,0.05,9.188483307553952e-14,3.588217438744848e-14
S1,10760000000,12260000000,1.5,3.4378055957517972e-12,1.3425060020025277e-12
S1,10780000000,10820000000,0.05,9.189871086334733e-14,3.588759383683489e-14
S1,10780000000,12280000000,1.5,3.437819473539605e-12,1.3425114214519143e-12
S1,10800000000,10840000000,0.05,9.192646643896296e-14,3.589843273560772e-14
S1,10800000000,12300000000,1.5,3.4379443736298754e-12,1.342560196496392e-12
S1,10820000000,10860000000,0.05,9.185707749992389e-14,3.587133548867565e-14
S1,10820000000,12320000000,1.5,3.4379304958420676e-12,1.3425547770470055e-12
S1,10840000000,10880000000,0.05,9.185707749992389e-14,3.587133548867565e-14
S1,10840000000,12340000000,1.5,3.43804151814453e-12,1.3425981326420968e-12
S1,10860000000,10900000000,0.05,9.198197759019422e-14,3.592011053315338e-14
S1,10860000000,12360000000,1.5,3.438055395932338e-12,1.3426035520914833e-12
S1,10880000000,10920000000,0.05,9.212075546827236e-14,3.597430502701752e-14
S1,10880000000,12380000000,1.5,3.438110907083569e-12,1.342625229889029e-12
S1,10900000000,10940000000,0.05,9.221789998292707e-14,3.601224117272242e-14
S1,10900000000,12400000000,1.5,3.43804151814453e-12,1.3425981326420968e-12
S1,10920000000,10960000000,0.05,9.220402219511925e-14,3.6006821723336005e-14
S1,10920000000,12420000000,1.5,3.438055395932338e-12,1.3426035520914833e-12
S1,10940000000,10980000000,0.05,9.213463325608018e-14,3.597972447640393e-14
S1,10940000000,12440000000,1.5,3.4379304958420676e-12,1.3425547770470055e-12
S1,10960000000,11000000000,0.05,9.214851104388799e-14,3.598514392579035e-14
S1,10960000000,12460000000,1.5,3.4377917179639894e-12,1.3425005825531414e-12
S1,10980000000,11020000000,0.05,9.210687768046455e-14,3.5968885577631107e-14
S1,10980000000,12480000000,1.5,3.4377084512371425e-12,1.3424680658568228e-12
S1,11000000000,11040000000,0.05,9.200973316580985e-14,3.59309494319262e-14
S1,11000000000,12500000000,1.5,3.437583551146872e-12,1.3424192908123452e-12
S1,11020000000,11060000000,0.05,9.200973316580985e-14,3.59309494319262e-14
S1,11020000000,12520000000,1.5,3.437528039995641e-12,1.3423976130147996e-12
S1,11040000000,11080000000,0.05,9.20652443170411e-14,3.5952627229471863e-14
S1,11040000000,12540000000,1.5,3.4374031399053706e-12,1.3423488379703218e-12
S1,11060000000,11100000000,0.05,9.195422201457859e-14,3.5909271634380547e-14
S1,11060000000,12560000000,1.5,3.437375384329755e-12,1.342337999071549e-12
S1,11080000000,11120000000,0.05,9.174605519746137e-14,3.582797989358434e-14
S1,11080000000,12580000000,1.5,3.437236606451677e-12,1.342283804577685e-12
S1,11100000000,11140000000,0.05,9.171829962184574e-14,3.5817140994811507e-14
S1,11100000000,12600000000,1.5,3.437292117602908e-12,1.3423054823752306e-12
S1,11120000000,11160000000,0.05,9.1773810773077e-14,3.583881879235716e-14
S1,11120000000,12620000000,1.5,3.437361506541947e-12,1.3423325796221625e-12
S1,11140000000,11180000000,0.05,9.174605519746137e-14,3.582797989358434e-14
S1,11140000000,12640000000,1.5,3.4374725288444097e-12,1.3423759352172538e-12
S1,11160000000,11200000000,0.05,9.170442183403793e-14,3.5811721545425094e-14
S1,11160000000,12660000000,1.5,3.4375002844200253e-12,1.3423867741160267e-12
S1,11180000000,11220000000,0.05,9.174605519746137e-14,3.582797989358434e-14
S1,11180000000,12680000000,1.5,3.4375696733590644e-12,1.3424138713629587e-12
S1,11200000000,11240000000,0.05,9.16766662584223e-14,3.5800882646652264e-14
S1,11200000000,12700000000,1.5,3.4376251845102956e-12,1.3424355491605045e-12
S1,11220000000,11260000000,0.05,9.15795217437676e-14,3.5762946500947365e-14
S1,11220000000,12720000000,1.5,3.4376251845102956e-12,1.3424355491605045e-12
S1,11240000000,11280000000,0.05,9.15795217437676e-14,3.5762946500947365e-14
S1,11240000000,12740000000,1.5,3.4377223290249503e-12,1.3424734853062094e-12
S1,11260000000,11300000000,0.05,9.160727731938323e-14,3.5773785399720196e-14
S1,11260000000,12760000000,1.5,3.4377917179639894e-12,1.3425005825531414e-12
S1,11280000000,11320000000,0.05,9.156564395595979e-14,3.575752705156095e-14
S1,11280000000,12780000000,1.5,3.4378472291152207e-12,1.342522260350687e-12
S1,11300000000,11340000000,0.05,9.152401059253634e-14,3.574126870340171e-14
S1,11300000000,12800000000,1.5,3.4378749846908363e-12,1.34253309924946e-12
S1,11320000000,11360000000,0.05,9.162115510719104e-14,3.577920484910661e-14
S1,11320000000,12820000000,1.5,3.4379443736298754e-12,1.342560196496392e-12
S1,11340000000,11380000000,0.05,9.166278847061449e-14,3.579546319726585e-14
S1,11340000000,12840000000,1.5,3.4380831515079535e-12,1.342614390990256e-12
S1,11360000000,11400000000,0.05,9.159339953157541e-14,3.576836595033378e-14
S1,11360000000,12860000000,1.5,3.4381802960226082e-12,1.342652327135961e-12
S1,11380000000,11420000000,0.05,9.15795217437676e-14,3.5762946500947365e-14
S1,11380000000,12880000000,1.5,3.4382496849616473e-12,1.3426794243828931e-12
S1,11400000000,11440000000,0.05,9.162115510719104e-14,3.577920484910661e-14
S1,11400000000,12900000000,1.5,3.438346829476302e-12,1.342717360528598e-12
S1,11420000000,11460000000,0.05,9.156564395595979e-14,3.575752705156095e-14
S1,11420000000,12920000000,1.5,3.4383745850519176e-12,1.3427281994273707e-12
S1,11440000000,11480000000,0.05,9.149625501692071e-14,3.573042980462888e-14
S1,11440000000,12940000000,1.5,3.4384023406275332e-12,1.3427390383261436e-12
S1,11460000000,11500000000,0.05,9.142686607788164e-14,3.5703332557696805e-14
S1,11460000000,12960000000,1.5,3.4384717295665723e-12,1.3427661355730756e-12
S1,11480000000,11520000000,0.05,9.141298829007383e-14,3.569791310831039e-14
S1,11480000000,12980000000,1.5,3.4384717295665723e-12,1.3427661355730756e-12
S1,11500000000,11540000000,0.05,9.151013280472853e-14,3.573584925401529e-14
S1,11500000000,13000000000,1.5,3.438582751869035e-12,1.342809491168167e-12
S1,11520000000,11560000000,0.05,9.153788838034416e-14,3.574668815278812e-14
S1,11520000000,13020000000,1.5,3.4386243852324583e-12,1.3428257495163263e-12
S1,11540000000,11580000000,0.05,9.144074386568946e-14,3.5708752007083224e-14
S1,11540000000,13040000000,1.5,3.4386105074446505e-12,1.3428203300669398e-12
S1,11560000000,11600000000,0.05,9.142686607788164e-14,3.5703332557696805e-14
S1,11560000000,13060000000,1.5,3.4386798963836895e-12,1.342847427313872e-12
S1,11580000000,11620000000,0.05,9.15795217437676e-14,3.5762946500947365e-14
S1,11580000000,13080000000,1.5,3.438790918686152e-12,1.3428907829089632e-12
S1,11600000000,11640000000,0.05,9.159339953157541e-14,3.576836595033378e-14
S1,11600000000,13100000000,1.5,3.438957452139846e-12,1.3429558163016003e-12
S1,11620000000,11660000000,0.05,9.151013280472853e-14,3.573584925401529e-14
S1,11620000000,13120000000,1.5,3.4389019409886146e-12,1.3429341385040545e-12
S1,11640000000,11680000000,0.05,9.146849944130508e-14,3.571959090585605e-14
S1,11640000000,13140000000,1.5,3.438943574352038e-12,1.3429503968522137e-12
S1,11660000000,11700000000,0.05,9.141298829007383e-14,3.569791310831039e-14
S1,11660000000,13160000000,1.5,3.438943574352038e-12,1.3429503968522137e-12
S1,11680000000,11720000000,0.05,9.139911050226601e-14,3.569249365892398e-14
S1,11680000000,13180000000,1.5,3.439026841078885e-12,1.3429829135485323e-12
S1,11700000000,11740000000,0.05,9.13852327144582e-14,3.568707420953757e-14
S1,11700000000,13200000000,1.5,3.439082352230116e-12,1.3430045913460779e-12
S1,11720000000,11760000000,0.05,9.134359935103475e-14,3.5670815861378325e-14
S1,11720000000,13220000000,1.5,3.4391101078057318e-12,1.3430154302448508e-12
S1,11740000000,11780000000,0.05,9.137135492665038e-14,3.568165476015115e-14
S1,11740000000,13240000000,1.5,3.4391517411691552e-12,1.34303168859301e-12
S1,11760000000,11800000000,0.05,9.13852327144582e-14,3.568707420953757e-14
S1,11760000000,13260000000,1.5,3.4392766412594256e-12,1.3430804636374877e-12
S1,11780000000,11820000000,0.05,9.134359935103475e-14,3.5670815861378325e-14
S1,11780000000,13280000000,1.5,3.439318274622849e-12,1.343096721985647e-12
S1,11800000000,11840000000,0.05,9.132972156322694e-14,3.566539641199191e-14
S1,11800000000,13300000000,1.5,3.4394154191375037e-12,1.3431346581313518e-12
S1,11820000000,11860000000,0.05,9.131584377541913e-14,3.5659976962605495e-14
S1,11820000000,13320000000,1.5,3.439554197015582e-12,1.343188852625216e-12
S1,11840000000,11880000000,0.05,9.139911050226601e-14,3.569249365892398e-14
S1,11840000000,13340000000,1.5,3.439706852681468e-12,1.3432484665684665e-12
S1,11860000000,11900000000,0.05,9.13852327144582e-14,3.568707420953757e-14
S1,11860000000,13360000000,1.5,3.439928897286393e-12,1.3433351777586492e-12
S1,11880000000,11920000000,0.05,9.135747713884257e-14,3.567623531076474e-14
S1,11880000000,13380000000,1.5,3.439984408437624e-12,1.3433568555561948e-12
S1,11900000000,11940000000,0.05,9.131584377541913e-14,3.5659976962605495e-14
S1,11900000000,13400000000,1.5,3.440150941891318e-12,1.343421888948832e-12
S1,11920000000,11960000000,0.05,9.127421041199568e-14,3.564371861444625e-14
S1,11920000000,13420000000,1.5,3.4401925752547413e-12,1.343438147296991e-12
S1,11940000000,11980000000,0.05,9.149625501692071e-14,3.573042980462888e-14
S1,11940000000,13440000000,1.5,3.440359108708435e-12,1.343503180689628e-12
S1,11960000000,12000000000,0.05,9.182932192430826e-14,3.586049658990282e-14
S1,11960000000,13460000000,1.5,3.440372986496243e-12,1.3435086001390144e-12
S1,11980000000,12020000000,0.05,9.18709552877317e-14,3.587675493806206e-14
S1,11980000000,13480000000,1.5,3.440359108708435e-12,1.343503180689628e-12
S1,12000000000,12040000000,0.05,9.182932192430826e-14,3.586049658990282e-14
S1,12000000000,13500000000,1.5,3.4401231863157022e-12,1.343411050050059e-12
S1,12020000000,12060000000,0.05,9.180156634869263e-14,3.584965769112999e-14
S1,12020000000,13520000000,1.5,3.440053797376663e-12,1.343383952803127e-12
S1,12040000000,12080000000,0.05,9.1773810773077e-14,3.583881879235716e-14
S1,12040000000,13540000000,1.5,3.439845630559546e-12,1.3433026610623307e-12
S1,12060000000,12100000000,0.05,9.178768856088482e-14,3.584423824174358e-14
S1,12060000000,13560000000,1.5,3.4398595083473538e-12,1.343308080511717e-12
S1,12080000000,12120000000,0.05,9.174605519746137e-14,3.582797989358434e-14
S1,12080000000,13580000000,1.5,3.43969297489366e-12,1.3432430471190802e-12
S1,12100000000,12140000000,0.05,9.170442183403793e-14,3.5811721545425094e-14
S1,12100000000,13600000000,1.5,3.4396652193180444e-12,1.3432322082203072e-12
S1,12120000000,12160000000,0.05,9.166278847061449e-14,3.579546319726585e-14
S1,12120000000,13620000000,1.5,3.4395125636521584e-12,1.3431725942770567e-12
S1,12140000000,12180000000,0.05,9.170442183403793e-14,3.5811721545425094e-14
S1,12140000000,13640000000,1.5,3.4396652193180444e-12,1.3432322082203072e-12
S1,12160000000,12200000000,0.05,9.166278847061449e-14,3.579546319726585e-14
S1,12160000000,13660000000,1.5,3.439706852681468e-12,1.3432484665684665e-12
S1,12180000000,12220000000,0.05,9.170442183403793e-14,3.5811721545425094e-14
S1,12180000000,13680000000,1.5,3.4397901194083147e-12,1.343280983264785e-12
S1,12200000000,12240000000,0.05,9.1773810773077e-14,3.583881879235716e-14
S1,12200000000,13700000000,1.5,3.4399011417107772e-12,1.3433243388598763e-12
S1,12220000000,12260000000,0.05,9.188483307553952e-14,3.588217438744848e-14
S1,12220000000,13720000000,1.5,3.439915019498585e-12,1.3433297583092629e-12
S1,12240000000,12280000000,0.05,9.198197759019422e-14,3.592011053315338e-14
S1,12240000000,13740000000,1.5,3.4399566528620085e-12,1.3433460166574221e-12
S1,12260000000,12300000000,0.05,9.202361095361766e-14,3.593636888131262e-14
S1,12260000000,13760000000,1.5,3.4398733861351616e-12,1.3433134999611036e-12
S1,12280000000,12320000000,0.05,9.200973316580985e-14,3.59309494319262e-14
S1,12280000000,13780000000,1.5,3.4398039971961225e-12,1.3432864027141714e-12
S1,12300000000,12340000000,0.05,9.202361095361766e-14,3.593636888131262e-14
S1,12300000000,13800000000,1.5,3.439554197015582e-12,1.343188852625216e-12
S1,12320000000,12360000000,0.05,9.198197759019422e-14,3.592011053315338e-14
S1,12320000000,13820000000,1.5,3.439457052500927e-12,1.3431509164795111e-12
S1,12340000000,12380000000,0.05,9.192646643896296e-14,3.589843273560772e-14
S1,12340000000,13840000000,1.5,3.43924888568381e-12,1.343069624738715e-12
S1,12360000000,12400000000,0.05,9.19680998023864e-14,3.5914691083766965e-14
S1,12360000000,13860000000,1.5,3.4391933745325787e-12,1.3430479469411693e-12
S1,12380000000,12420000000,0.05,9.20652443170411e-14,3.5952627229471863e-14
S1,12380000000,13880000000,1.5,3.439012963291077e-12,1.342977494099146e-12
S1,12400000000,12440000000,0.05,9.210687768046455e-14,3.5968885577631107e-14
S1,12400000000,13900000000,1.5,3.43892969656423e-12,1.3429449774028274e-12
S1,12420000000,12460000000,0.05,9.194034422677078e-14,3.5903852184994134e-14
S1,12420000000,13920000000,1.5,3.4387354075349208e-12,1.3428691051114176e-12
S1,12440000000,12480000000,0.05,9.191258865115515e-14,3.5893013286221303e-14
S1,12440000000,13940000000,1.5,3.4386660185958817e-12,1.3428420078644854e-12
S1,12460000000,12500000000,0.05,9.194034422677078e-14,3.5903852184994134e-14
S1,12460000000,13960000000,1.5,3.4385411185056114e-12,1.3427932328200078e-12
S1,12480000000,12520000000,0.05,9.192646643896296e-14,3.589843273560772e-14
S1,12480000000,13980000000,1.5,3.438416218415341e-12,1.34274445777553e-12
S1,12500000000,12540000000,0.05,9.182932192430826e-14,3.586049658990282e-14
S1,12500000000,14000000000,1.5,3.4383051961128785e-12,1.3427011021804388e-12
S1,12520000000,12560000000,0.05,9.185707749992389e-14,3.587133548867565e-14
S1,12520000000,14020000000,1.5,3.4381386626591848e-12,1.3426360687878017e-12
S1,12540000000,12580000000,0.05,9.189871086334733e-14,3.588759383683489e-14
S1,12540000000,14040000000,1.5,3.43804151814453e-12,1.3425981326420968e-12
S1,12560000000,12600000000,0.05,9.18709552877317e-14,3.587675493806206e-14
S1,12560000000,14060000000,1.5,3.437888862478644e-12,1.3425385186988463e-12
S1,12580000000,12620000000,0.05,9.18709552877317e-14,3.587675493806206e-14
S1,12580000000,14080000000,1.5,3.437736206812758e-12,1.3424789047555958e-12
S1,12600000000,12640000000,0.05,9.189871086334733e-14,3.588759383683489e-14
S1,12600000000,14100000000,1.5,3.4375419177834488e-12,1.342403032464186e-12
S1,12620000000,12660000000,0.05,9.191258865115515e-14,3.5893013286221303e-14
S1,12620000000,14120000000,1.5,3.4374308954809862e-12,1.3423596768690947e-12
S1,12640000000,12680000000,0.05,9.184319971211607e-14,3.5865916039289236e-14
S1,12640000000,14140000000,1.5,3.437361506541947e-12,1.3423325796221625e-12
S1,12660000000,12700000000,0.05,9.182932192430826e-14,3.586049658990282e-14
S1,12660000000,14160000000,1.5,3.4372504842394846e-12,1.3422892240270713e-12
S1,12680000000,12720000000,0.05,9.180156634869263e-14,3.584965769112999e-14
S1,12680000000,14180000000,1.5,3.4371117063614065e-12,1.3422350295332071e-12
S1,12700000000,12740000000,0.05,9.1773810773077e-14,3.583881879235716e-14
S1,12700000000,14200000000,1.5,3.4370423174223674e-12,1.342207932286275e-12
S1,12720000000,12760000000,0.05,9.174605519746137e-14,3.582797989358434e-14
S1,12720000000,14220000000,1.5,3.4368896617564815e-12,1.3421483183430244e-12
S1,12740000000,12780000000,0.05,9.170442183403793e-14,3.5811721545425094e-14
S1,12740000000,14240000000,1.5,3.4368063950296346e-12,1.342115801646706e-12
S1,12760000000,12800000000,0.05,9.169054404623012e-14,3.5806302096038676e-14
S1,12760000000,14260000000,1.5,3.436625983788133e-12,1.3420453488046827e-12
S1,12780000000,12820000000,0.05,9.166278847061449e-14,3.579546319726585e-14
S1,12780000000,14280000000,1.5,3.4365704726369017e-12,1.342023671007137e-12
S1,12800000000,12840000000,0.05,9.173217740965356e-14,3.582256044419792e-14
S1,12800000000,14300000000,1.5,3.4364316947588236e-12,1.3419694765132729e-12
S1,12820000000,12860000000,0.05,9.185707749992389e-14,3.587133548867565e-14
S1,12820000000,14320000000,1.5,3.4363900613954e-12,1.3419532181651136e-12
S1,12840000000,12880000000,0.05,9.182932192430826e-14,3.586049658990282e-14
S1,12840000000,14340000000,1.5,3.436181894578283e-12,1.3418719264243173e-12
S1,12860000000,12900000000,0.05,9.175993298526919e-14,3.583339934297075e-14
S1,12860000000,14360000000,1.5,3.4359737277611657e-12,1.3417906346835211e-12
S1,12880000000,12920000000,0.05,9.170442183403793e-14,3.5811721545425094e-14
S1,12880000000,14380000000,1.5,3.4358627054587032e-12,1.3417472790884299e-12
S1,12900000000,12940000000,0.05,9.16766662584223e-14,3.5800882646652264e-14
S1,12900000000,14400000000,1.5,3.4357655609440485e-12,1.341709342942725e-12
S1,12920000000,12960000000,0.05,9.166278847061449e-14,3.579546319726585e-14
S1,12920000000,14420000000,1.5,3.4355990274903547e-12,1.341644309550088e-12
S1,12940000000,12980000000,0.05,9.156564395595979e-14,3.575752705156095e-14
S1,12940000000,14440000000,1.5,3.4354463718244688e-12,1.3415846956068374e-12
S1,12960000000,13000000000,0.05,9.153788838034416e-14,3.574668815278812e-14
S1,12960000000,14460000000,1.5,3.4353353495220063e-12,1.3415413400117462e-12
S1,12980000000,13020000000,0.05,9.156564395595979e-14,3.575752705156095e-14
S1,12980000000,14480000000,1.5,3.435265960582967e-12,1.341514242764814e-12
S1,13000000000,13040000000,0.05,9.153788838034416e-14,3.574668815278812e-14
S1,13000000000,14500000000,1.5,3.4351133049170812e-12,1.3414546288215635e-12
S1,13020000000,13060000000,0.05,9.159339953157541e-14,3.576836595033378e-14
S1,13020000000,14520000000,1.5,3.434974527039003e-12,1.3414004343276993e-12
S1,13040000000,13080000000,0.05,9.162115510719104e-14,3.577920484910661e-14
S1,13040000000,14540000000,1.5,3.434835749160925e-12,1.3413462398338352e-12
S1,13060000000,13100000000,0.05,9.170442183403793e-14,3.5811721545425094e-14
S1,13060000000,14560000000,1.5,3.4346969712828468e-12,1.341292045339971e-12
S1,13080000000,13120000000,0.05,9.169054404623012e-14,3.5806302096038676e-14
S1,13080000000,14580000000,1.5,3.4345720711925765e-12,1.3412432702954934e-12
S1,13100000000,13140000000,0.05,9.15795217437676e-14,3.5762946500947365e-14
S1,13100000000,14600000000,1.5,3.4343500265876514e-12,1.3411565591053107e-12
S1,13120000000,13160000000,0.05,9.155176616815197e-14,3.5752107602174534e-14
S1,13120000000,14620000000,1.5,3.4342112487095733e-12,1.3411023646114465e-12
S1,13140000000,13180000000,0.05,9.155176616815197e-14,3.5752107602174534e-14
S1,13140000000,14640000000,1.5,3.4341279819827264e-12,1.341069847915128e-12
S1,13160000000,13200000000,0.05,9.155176616815197e-14,3.5752107602174534e-14
S1,13160000000,14660000000,1.5,3.4340447152558795e-12,1.3410373312188097e-12
S1,13180000000,13220000000,0.05,9.14823772291129e-14,3.572501035524247e-14
S1,13180000000,14680000000,1.5,3.4338781818021857e-12,1.3409722978261726e-12
S1,13200000000,13240000000,0.05,9.145462165349727e-14,3.5714171456469636e-14
S1,13200000000,14700000000,1.5,3.4337532817119154e-12,1.3409235227816948e-12
S1,13220000000,13260000000,0.05,9.151013280472853e-14,3.573584925401529e-14
S1,13220000000,14720000000,1.5,3.433711648348492e-12,1.3409072644335357e-12
S1,13240000000,13280000000,0.05,9.153788838034416e-14,3.574668815278812e-14
S1,13240000000,14740000000,1.5,3.433794915075339e-12,1.340939781129854e-12
S1,13260000000,13300000000,0.05,9.152401059253634e-14,3.574126870340171e-14
S1,13260000000,14760000000,1.5,3.4339892041046483e-12,1.3410156534212638e-12
S1,13280000000,13320000000,0.05,9.15795217437676e-14,3.5762946500947365e-14
S1,13280000000,14780000000,1.5,3.434155737558342e-12,1.341080686813901e-12
S1,13300000000,13340000000,0.05,9.162115510719104e-14,3.577920484910661e-14
S1,13300000000,14800000000,1.5,3.4343361487998436e-12,1.3411511396559243e-12
S1,13320000000,13360000000,0.05,9.169054404623012e-14,3.5806302096038676e-14
S1,13320000000,14820000000,1.5,3.434391659951075e-12,1.34117281745347e-12
S1,13340000000,13380000000,0.05,9.16766662584223e-14,3.5800882646652264e-14
S1,13340000000,14840000000,1.5,3.434544315616961e-12,1.3412324313967205e-12
S1,13360000000,13400000000,0.05,9.160727731938323e-14,3.5773785399720196e-14
S1,13360000000,14860000000,1.5,3.434544315616961e-12,1.3412324313967205e-12
S1,13380000000,13420000000,0.05,9.156564395595979e-14,3.575752705156095e-14
S1,13380000000,14880000000,1.5,3.434599826768192e-12,1.341254109194266e-12
S1,13400000000,13440000000,0.05,9.152401059253634e-14,3.574126870340171e-14
S1,13400000000,14900000000,1.5,3.4346553379194233e-12,1.3412757869918117e-12
S1,13420000000,13460000000,0.05,9.145462165349727e-14,3.5714171456469636e-14
S1,13420000000,14920000000,1.5,3.4347386046462702e-12,1.3413083036881303e-12
S1,13440000000,13480000000,0.05,9.149625501692071e-14,3.573042980462888e-14
S1,13440000000,14940000000,1.5,3.4347802380096937e-12,1.3413245620362895e-12
S1,13460000000,13500000000,0.05,9.15795217437676e-14,3.5762946500947365e-14
S1,13460000000,14960000000,1.5,3.4349467714633874e-12,1.3413895954289266e-12
S1,13480000000,13520000000,0.05,9.156564395595979e-14,3.575752705156095e-14
S1,13480000000,14980000000,1.5,3.4349328936755796e-12,1.34138417597954e-12
S1,13500000000,13540000000,0.05,9.155176616815197e-14,3.5752107602174534e-14
S1,13500000000,15000000000,1.5,3.4351133049170812e-12,1.3414546288215635e-12
S1,13520000000,13560000000,0.05,9.160727731938323e-14,3.5773785399720196e-14
S1,13520000000,15020000000,1.5,3.435349227309814e-12,1.3415467594611325e-12
S1,13540000000,13580000000,0.05,9.162115510719104e-14,3.577920484910661e-14
S1,13540000000,15040000000,1.5,3.4355990274903547e-12,1.341644309550088e-12
S1,13560000000,13600000000,0.05,9.159339953157541e-14,3.576836595033378e-14
S1,13560000000,15060000000,1.5,3.435737805368433e-12,1.341698504043952e-12
S1,13580000000,13620000000,0.05,9.156564395595979e-14,3.575752705156095e-14
S1,13580000000,15080000000,1.5,3.4358627054587032e-12,1.3417472790884299e-12
S1,13600000000,13640000000,0.05,9.170442183403793e-14,3.5811721545425094e-14
S1,13600000000,15100000000,1.5,3.4360431167002048e-12,1.3418177319304531e-12
S1,13620000000,13660000000,0.05,9.185707749992389e-14,3.587133548867565e-14
S1,13620000000,15120000000,1.5,3.43626516130513e-12,1.3419044431206358e-12
S1,13640000000,13680000000,0.05,9.182932192430826e-14,3.586049658990282e-14
S1,13640000000,15140000000,1.5,3.4362790390929376e-12,1.3419098625700222e-12
S1,13660000000,13700000000,0.05,9.185707749992389e-14,3.587133548867565e-14
S1,13660000000,15160000000,1.5,3.436403939183208e-12,1.3419586376145e-12
S1,13680000000,13720000000,0.05,9.182932192430826e-14,3.586049658990282e-14
S1,13680000000,15180000000,1.5,3.436542717061286e-12,1.3420128321083641e-12
S1,13700000000,13740000000,0.05,9.182932192430826e-14,3.586049658990282e-14
S1,13700000000,15200000000,1.5,3.4365704726369017e-12,1.342023671007137e-12
S1,13720000000,13760000000,0.05,9.184319971211607e-14,3.5865916039289236e-14
S1,13720000000,15220000000,1.5,3.4366814949393643e-12,1.3420670266022283e-12
S1,13740000000,13780000000,0.05,9.182932192430826e-14,3.586049658990282e-14
S1,13740000000,15240000000,1.5,3.436625983788133e-12,1.3420453488046827e-12
S1,13760000000,13800000000,0.05,9.170442183403793e-14,3.5811721545425094e-14
S1,13760000000,15260000000,1.5,3.4366537393637486e-12,1.3420561877034554e-12
S1,13780000000,13820000000,0.05,9.166278847061449e-14,3.579546319726585e-14
S1,13780000000,15280000000,1.5,3.4366676171515564e-12,1.342061607152842e-12
S1,13800000000,13840000000,0.05,9.171829962184574e-14,3.5817140994811507e-14
S1,13800000000,15300000000,1.5,3.4367508838784033e-12,1.3420941238491603e-12
S1,13820000000,13860000000,0.05,9.171829962184574e-14,3.5817140994811507e-14
S1,13820000000,15320000000,1.5,3.436861906180866e-12,1.3421374794442517e-12
S1,13840000000,13880000000,0.05,9.169054404623012e-14,3.5806302096038676e-14
S1,13840000000,15340000000,1.5,3.4369729284833284e-12,1.342180835039343e-12
S1,13860000000,13900000000,0.05,9.170442183403793e-14,3.5811721545425094e-14
S1,13860000000,15360000000,1.5,3.4370284396345596e-12,1.3422025128368886e-12
S1,13880000000,13920000000,0.05,9.178768856088482e-14,3.584423824174358e-14
S1,13880000000,15380000000,1.5,3.437139461937022e-12,1.3422458684319799e-12
S1,13900000000,13940000000,0.05,9.184319971211607e-14,3.5865916039289236e-14
S1,13900000000,15400000000,1.5,3.437222728663869e-12,1.3422783851282984e-12
S1,13920000000,13960000000,0.05,9.174605519746137e-14,3.582797989358434e-14
S1,13920000000,15420000000,1.5,3.4372782398151003e-12,1.342300062925844e-12
S1,13940000000,13980000000,0.05,9.166278847061449e-14,3.579546319726585e-14
S1,13940000000,15440000000,1.5,3.437236606451677e-12,1.342283804577685e-12
S1,13960000000,14000000000,0.05,9.170442183403793e-14,3.5811721545425094e-14
S1,13960000000,15460000000,1.5,3.437361506541947e-12,1.3423325796221625e-12
S1,13980000000,14020000000,0.05,9.164891068280667e-14,3.579004374787943e-14
S1,13980000000,15480000000,1.5,3.4374031399053706e-12,1.3423488379703218e-12
S1,14000000000,14040000000,0.05,9.156564395595979e-14,3.575752705156095e-14
S1,14000000000,15500000000,1.5,3.437458651056602e-12,1.3423705157678674e-12
S1,14020000000,14060000000,0.05,9.160727731938323e-14,3.5773785399720196e-14
S1,14020000000,15520000000,1.5,3.437458651056602e-12,1.3423705157678674e-12
S1,14040000000,14080000000,0.05,9.159339953157541e-14,3.576836595033378e-14
S1,14040000000,15540000000,1.5,3.4375419177834488e-12,1.342403032464186e-12
S1,14060000000,14100000000,0.05,9.152401059253634e-14,3.574126870340171e-14
S1,14060000000,15560000000,1.5,3.4376251845102956e-12,1.3424355491605045e-12
S1,14080000000,14120000000,0.05,9.156564395595979e-14,3.575752705156095e-14
S1,14080000000,15580000000,1.5,3.437666817873719e-12,1.3424518075086638e-12
S1,14100000000,14140000000,0.05,9.171829962184574e-14,3.5817140994811507e-14
S1,14100000000,15600000000,1.5,3.4377639623883738e-12,1.3424897436543687e-12
S1,14120000000,14160000000,0.05,9.173217740965356e-14,3.582256044419792e-14
S1,14120000000,15620000000,1.5,3.4378055957517972e-12,1.3425060020025277e-12
S1,14140000000,14180000000,0.05,9.159339953157541e-14,3.576836595033378e-14
S1,14140000000,15640000000,1.5,3.4378749846908363e-12,1.34253309924946e-12
S1,14160000000,14200000000,0.05,9.162115510719104e-14,3.577920484910661e-14
S1,14160000000,15660000000,1.5,3.437902740266452e-12,1.3425439381482326e-12
S1,14180000000,14220000000,0.05,9.15795217437676e-14,3.5762946500947365e-14
S1,14180000000,15680000000,1.5,3.437972129205491e-12,1.3425710353951648e-12
S1,14200000000,14240000000,0.05,9.153788838034416e-14,3.574668815278812e-14
S1,14200000000,15700000000,1.5,3.437902740266452e-12,1.3425439381482326e-12
S1,14220000000,14260000000,0.05,9.14823772291129e-14,3.572501035524247e-14
S1,14220000000,15720000000,1.5,3.4380137625689144e-12,1.342587293743324e-12
S1,14240000000,14280000000,0.05,9.146849944130508e-14,3.571959090585605e-14
S1,14240000000,15740000000,1.5,3.437972129205491e-12,1.3425710353951648e-12
S1,14260000000,14300000000,0.05,9.149625501692071e-14,3.573042980462888e-14
S1,14260000000,15760000000,1.5,3.4380831515079535e-12,1.342614390990256e-12
S1,14280000000,14320000000,0.05,9.14823772291129e-14,3.572501035524247e-14
S1,14280000000,15780000000,1.5,3.4380970292957613e-12,1.3426198104396426e-12
S1,14300000000,14340000000,0.05,9.14823772291129e-14,3.572501035524247e-14
S1,14300000000,15800000000,1.5,3.4381664182348004e-12,1.3426469076865746e-12
S1,14320000000,14360000000,0.05,9.144074386568946e-14,3.5708752007083224e-14
S1,14320000000,15820000000,1.5,3.4381664182348004e-12,1.3426469076865746e-12
S1,14340000000,14380000000,0.05,9.151013280472853e-14,3.573584925401529e-14
S1,14340000000,15840000000,1.5,3.4382358071738395e-12,1.3426740049335066e-12
S1,14360000000,14400000000,0.05,9.155176616815197e-14,3.5752107602174534e-14
S1,14360000000,15860000000,1.5,3.438332951688494e-12,1.3427119410792115e-12
S1,14380000000,14420000000,0.05,9.144074386568946e-14,3.5708752007083224e-14
S1,14380000000,15880000000,1.5,3.4383884628397254e-12,1.3427336188767573e-12
S1,14400000000,14440000000,0.05,9.135747713884257e-14,3.567623531076474e-14
S1,14400000000,15900000000,1.5,3.438430096203149e-12,1.3427498772249166e-12
S1,14420000000,14460000000,0.05,9.139911050226601e-14,3.569249365892398e-14
S1,14420000000,15920000000,1.5,3.4385272407178036e-12,1.3427878133706215e-12
S1,14440000000,14480000000,0.05,9.13852327144582e-14,3.568707420953757e-14
S1,14440000000,15940000000,1.5,3.438638263020266e-12,1.3428311689657127e-12
S1,14460000000,14500000000,0.05,9.131584377541913e-14,3.5659976962605495e-14
S1,14460000000,15960000000,1.5,3.4386798963836895e-12,1.342847427313872e-12
S1,14480000000,14520000000,0.05,9.127421041199568e-14,3.564371861444625e-14
S1,14480000000,15980000000,1.5,3.438790918686152e-12,1.3428907829089632e-12
S1,14500000000,14540000000,0.05,9.126033262418787e-14,3.563829916505984e-14
S1,14500000000,16000000000,1.5,3.4388464298373833e-12,1.3429124607065088e-12
S1,14520000000,14560000000,0.05,9.131584377541913e-14,3.5659976962605495e-14
S1,14520000000,16020000000,1.5,3.439026841078885e-12,1.3429829135485323e-12
S1,14540000000,14580000000,0.05,9.135747713884257e-14,3.567623531076474e-14
S1,14540000000,16040000000,1.5,3.4390684744423083e-12,1.3429991718966915e-12
S1,14560000000,14600000000,0.05,9.135747713884257e-14,3.567623531076474e-14
S1,14560000000,16060000000,1.5,3.4391239855935396e-12,1.3430208496942372e-12
S1,14580000000,14620000000,0.05,9.132972156322694e-14,3.566539641199191e-14
S1,14580000000,16080000000,1.5,3.4391378633813474e-12,1.3430262691436235e-12
S1,14600000000,14640000000,0.05,9.135747713884257e-14,3.567623531076474e-14
S1,14600000000,16100000000,1.5,3.439332152410657e-12,1.3431021414350333e-12
S1,14620000000,14660000000,0.05,9.13852327144582e-14,3.568707420953757e-14
S1,14620000000,16120000000,1.5,3.4394986858643506e-12,1.3431671748276704e-12
S1,14640000000,14680000000,0.05,9.130196598761131e-14,3.565455751321908e-14
S1,14640000000,16140000000,1.5,3.4395680748033897e-12,1.3431942720746024e-12
S1,14660000000,14700000000,0.05,9.126033262418787e-14,3.563829916505984e-14
S1,14660000000,16160000000,1.5,3.439679097105852e-12,1.3432376276696938e-12
S1,14680000000,14720000000,0.05,9.131584377541913e-14,3.5659976962605495e-14
S1,14680000000,16180000000,1.5,3.439831752771738e-12,1.3432972416129443e-12
S1,14700000000,14740000000,0.05,9.149625501692071e-14,3.573042980462888e-14
S1,14700000000,16200000000,1.5,3.4399427750742007e-12,1.3433405972080356e-12
S1,14720000000,14760000000,0.05,9.178768856088482e-14,3.584423824174358e-14
S1,14720000000,16220000000,1.5,3.439998286225432e-12,1.3433622750055812e-12
S1,14740000000,14780000000,0.05,9.189871086334733e-14,3.588759383683489e-14
S1,14740000000,16240000000,1.5,3.4399427750742007e-12,1.3433405972080356e-12
S1,14760000000,14800000000,0.05,9.18709552877317e-14,3.587675493806206e-14
S1,14760000000,16260000000,1.5,3.439831752771738e-12,1.3432972416129443e-12
S1,14780000000,14820000000,0.05,9.181544413650045e-14,3.5855077140516405e-14
S1,14780000000,16280000000,1.5,3.4397346082570834e-12,1.3432593054672394e-12
S1,14800000000,14840000000,0.05,9.182932192430826e-14,3.586049658990282e-14
S1,14800000000,16300000000,1.5,3.4395958303790053e-12,1.3432051109733753e-12
S1,14820000000,14860000000,0.05,9.184319971211607e-14,3.5865916039289236e-14
S1,14820000000,16320000000,1.5,3.4395264414399662e-12,1.3431780137264433e-12
S1,14840000000,14880000000,0.05,9.173217740965356e-14,3.582256044419792e-14
S1,14840000000,16340000000,1.5,3.4393599079862724e-12,1.3431129803338062e-12
S1,14860000000,14900000000,0.05,9.171829962184574e-14,3.5817140994811507e-14
S1,14860000000,16360000000,1.5,3.439318274622849e-12,1.343096721985647e-12
S1,14880000000,14920000000,0.05,9.170442183403793e-14,3.5811721545425094e-14
S1,14880000000,16380000000,1.5,3.4392905190472334e-12,1.3430858830868742e-12
S1,14900000000,14940000000,0.05,9.164891068280667e-14,3.579004374787943e-14
S1,14900000000,16400000000,1.5,3.4393599079862724e-12,1.3431129803338062e-12
S1,14920000000,14960000000,0.05,9.166278847061449e-14,3.579546319726585e-14
S1,14920000000,16420000000,1.5,3.439401541349696e-12,1.3431292386819655e-12
S1,14940000000,14980000000,0.05,9.164891068280667e-14,3.579004374787943e-14
S1,14940000000,16440000000,1.5,3.4395680748033897e-12,1.3431942720746024e-12
S1,14960000000,15000000000,0.05,9.174605519746137e-14,3.582797989358434e-14
S1,14960000000,16460000000,1.5,3.4396374637424287e-12,1.3432213693215345e-12
S1,14980000000,15020000000,0.05,9.198197759019422e-14,3.592011053315338e-14
S1,14980000000,16480000000,1.5,3.4398039971961225e-12,1.3432864027141714e-12
S1,15000000000,15040000000,0.05,9.203748874142548e-14,3.594178833069903e-14
S1,15000000000,16500000000,1.5,3.439762363832699e-12,1.3432701443660121e-12
S1,15020000000,15060000000,0.05,9.199585537800203e-14,3.592552998253979e-14
S1,15020000000,16520000000,1.5,3.439623585954621e-12,1.3432159498721482e-12
S1,15040000000,15080000000,0.05,9.188483307553952e-14,3.588217438744848e-14
S1,15040000000,16540000000,1.5,3.4394986858643506e-12,1.3431671748276704e-12
S1,15060000000,15100000000,0.05,9.189871086334733e-14,3.588759383683489e-14
S1,15060000000,16560000000,1.5,3.439387663561888e-12,1.3431238192325791e-12
S1,15080000000,15120000000,0.05,9.19680998023864e-14,3.5914691083766965e-14
S1,15080000000,16580000000,1.5,3.4392627634716177e-12,1.3430750441881013e-12
S1,15100000000,15140000000,0.05,9.194034422677078e-14,3.5903852184994134e-14
S1,15100000000,16600000000,1.5,3.439179496744771e-12,1.3430425274917828e-12
S1,15120000000,15160000000,0.05,9.199585537800203e-14,3.592552998253979e-14
S1,15120000000,16620000000,1.5,3.4389990855032693e-12,1.3429720746497594e-12
S1,15140000000,15180000000,0.05,9.209299989265674e-14,3.596346612824469e-14
S1,15140000000,16640000000,1.5,3.4388464298373833e-12,1.3429124607065088e-12
S1,15160000000,15200000000,0.05,9.202361095361766e-14,3.593636888131262e-14
S1,15160000000,16660000000,1.5,3.4386937741714974e-12,1.3428528467632583e-12
S1,15180000000,15220000000,0.05,9.19680998023864e-14,3.5914691083766965e-14
S1,15180000000,16680000000,1.5,3.438568874081227e-12,1.3428040717187805e-12
S1,15200000000,15240000000,0.05,9.188483307553952e-14,3.588217438744848e-14
S1,15200000000,16700000000,1.5,3.4385272407178036e-12,1.3427878133706215e-12
S1,15220000000,15260000000,0.05,9.181544413650045e-14,3.5855077140516405e-14
S1,15220000000,16720000000,1.5,3.438332951688494e-12,1.3427119410792115e-12
S1,15240000000,15280000000,0.05,9.18709552877317e-14,3.587675493806206e-14
S1,15240000000,16740000000,1.5,3.438277440537263e-12,1.3426902632816658e-12
S1,15260000000,15300000000,0.05,9.180156634869263e-14,3.584965769112999e-14
S1,15260000000,16760000000,1.5,3.4381386626591848e-12,1.3426360687878017e-12
S1,15280000000,15320000000,0.05,9.185707749992389e-14,3.587133548867565e-14
S1,15280000000,16780000000,1.5,3.4380276403567223e-12,1.3425927131927104e-12
S1,15300000000,15340000000,0.05,9.194034422677078e-14,3.5903852184994134e-14
S1,15300000000,16800000000,1.5,3.4379443736298754e-12,1.342560196496392e-12
S1,15320000000,15360000000,0.05,9.188483307553952e-14,3.588217438744848e-14
S1,15320000000,16820000000,1.5,3.437736206812758e-12,1.3424789047555958e-12
S1,15340000000,15380000000,0.05,9.185707749992389e-14,3.587133548867565e-14
S1,15340000000,16840000000,1.5,3.43759742893468e-12,1.3424247102617316e-12
S1,15360000000,15400000000,0.05,9.189871086334733e-14,3.588759383683489e-14
S1,15360000000,16860000000,1.5,3.4374170176931784e-12,1.3423542574197082e-12
S1,15380000000,15420000000,0.05,9.192646643896296e-14,3.589843273560772e-14
S1,15380000000,16880000000,1.5,3.4372643620272925e-12,1.3422946434764577e-12
S1,15400000000,15440000000,0.05,9.185707749992389e-14,3.587133548867565e-14
S1,15400000000,16900000000,1.5,3.437083950785791e-12,1.3422241906344342e-12
S1,15420000000,15460000000,0.05,9.182932192430826e-14,3.586049658990282e-14
S1,15420000000,16920000000,1.5,3.4370284396345596e-12,1.3422025128368886e-12
S1,15440000000,15480000000,0.05,9.182932192430826e-14,3.586049658990282e-14
S1,15440000000,16940000000,1.5,3.436931295119905e-12,1.3421645766911837e-12
S1,15460000000,15500000000,0.05,9.180156634869263e-14,3.584965769112999e-14
S1,15460000000,16960000000,1.5,3.4367925172418268e-12,1.3421103821973196e-12
S1,15480000000,15520000000,0.05,9.170442183403793e-14,3.5811721545425094e-14
S1,15480000000,16980000000,1.5,3.4366676171515564e-12,1.342061607152842e-12
S1,15500000000,15540000000,0.05,9.164891068280667e-14,3.579004374787943e-14
S1,15500000000,17000000000,1.5,3.436556594849094e-12,1.3420182515577505e-12
S1,15520000000,15560000000,0.05,9.1773810773077e-14,3.583881879235716e-14
S1,15520000000,17020000000,1.5,3.4364455725466314e-12,1.3419748959626593e-12
S1,15540000000,15580000000,0.05,9.171829962184574e-14,3.5817140994811507e-14
S1,15540000000,17040000000,1.5,3.436320672456361e-12,1.3419261209181814e-12
S1,15560000000,15600000000,0.05,9.166278847061449e-14,3.579546319726585e-14
S1,15560000000,17060000000,1.5,3.436029238912397e-12,1.3418123124810668e-12
S1,15580000000,15620000000,0.05,9.170442183403793e-14,3.5811721545425094e-14
S1,15580000000,17080000000,1.5,3.4359876055489735e-12,1.3417960541329075e-12
S1,15600000000,15640000000,0.05,9.182932192430826e-14,3.586049658990282e-14
S1,15600000000,17100000000,1.5,3.435793316519664e-12,1.3417201818414977e-12
S1,15620000000,15660000000,0.05,9.182932192430826e-14,3.586049658990282e-14
S1,15620000000,17120000000,1.5,3.4357100497928172e-12,1.3416876651451794e-12
S1,15640000000,15680000000,0.05,9.169054404623012e-14,3.5806302096038676e-14
S1,15640000000,17140000000,1.5,3.435418616248853e-12,1.3415738567080645e-12
S1,15660000000,15700000000,0.05,9.162115510719104e-14,3.577920484910661e-14
S1,15660000000,17160000000,1.5,3.4354047384610453e-12,1.3415684372586781e-12
S1,15680000000,15720000000,0.05,9.162115510719104e-14,3.577920484910661e-14
S1,15680000000,17180000000,1.5,3.4352520827951594e-12,1.3415088233154276e-12
S1,15700000000,15740000000,0.05,9.160727731938323e-14,3.5773785399720196e-14
S1,15700000000,17200000000,1.5,3.435210449431736e-12,1.3414925649672684e-12
S1,15720000000,15760000000,0.05,9.155176616815197e-14,3.5752107602174534e-14
S1,15720000000,17220000000,1.5,3.4350161604024265e-12,1.3414166926758586e-12
S1,15740000000,15780000000,0.05,9.159339953157541e-14,3.576836595033378e-14
S1,15740000000,17240000000,1.5,3.434988404826811e-12,1.3414058537770857e-12
S1,15760000000,15800000000,0.05,9.15795217437676e-14,3.5762946500947365e-14
S1,15760000000,17260000000,1.5,3.4347941157975015e-12,1.3413299814856759e-12
S1,15780000000,15820000000,0.05,9.155176616815197e-14,3.5752107602174534e-14
S1,15780000000,17280000000,1.5,3.4346275823438077e-12,1.341264948093039e-12
S1,15800000000,15840000000,0.05,9.155176616815197e-14,3.5752107602174534e-14
S1,15800000000,17300000000,1.5,3.4344888044657296e-12,1.3412107535991749e-12
S1,15820000000,15860000000,0.05,9.160727731938323e-14,3.5773785399720196e-14
S1,15820000000,17320000000,1.5,3.4344055377388827e-12,1.3411782369028563e-12
S1,15840000000,15880000000,0.05,9.166278847061449e-14,3.579546319726585e-14
S1,15840000000,17340000000,1.5,3.4342528820729967e-12,1.3411186229596058e-12
S1,15860000000,15900000000,0.05,9.164891068280667e-14,3.579004374787943e-14
S1,15860000000,17360000000,1.5,3.434155737558342e-12,1.341080686813901e-12
S1,15880000000,15920000000,0.05,9.15795217437676e-14,3.5762946500947365e-14
S1,15880000000,17380000000,1.5,3.433947570741225e-12,1.3409993950731048e-12
S1,15900000000,15940000000,0.05,9.156564395595979e-14,3.575752705156095e-14
S1,15900000000,17400000000,1.5,3.4338781818021857e-12,1.3409722978261726e-12
S1,15920000000,15960000000,0.05,9.155176616815197e-14,3.5752107602174534e-14
S1,15920000000,17420000000,1.5,3.4337671594997232e-12,1.3409289422310813e-12
S1,15940000000,15980000000,0.05,9.153788838034416e-14,3.574668815278812e-14
S1,15940000000,17440000000,1.5,3.433628381621645e-12,1.3408747477372172e-12
S1,15960000000,16000000000,0.05,9.14823772291129e-14,3.572501035524247e-14
S1,15960000000,17460000000,1.5,3.433489603743567e-12,1.340820553243353e-12
S1,15980000000,16020000000,0.05,9.151013280472853e-14,3.573584925401529e-14
S1,15980000000,17480000000,1.5,3.4335034815313747e-12,1.3408259726927394e-12
S1,16000000000,16040000000,0.05,9.14823772291129e-14,3.572501035524247e-14
S1,16000000000,17500000000,1.5,3.4336700149850685e-12,1.3408910060853764e-12
S1,16020000000,16060000000,0.05,9.141298829007383e-14,3.569791310831039e-14
S1,16020000000,17520000000,1.5,3.433781037287531e-12,1.3409343616804677e-12
S1,16040000000,16080000000,0.05,9.142686607788164e-14,3.5703332557696805e-14
S1,16040000000,17540000000,1.5,3.4341141041949186e-12,1.3410644284657416e-12
S1,16060000000,16100000000,0.05,9.156564395595979e-14,3.575752705156095e-14
S1,16060000000,17560000000,1.5,3.4342806376486124e-12,1.3411294618583787e-12
S1,16080000000,16120000000,0.05,9.169054404623012e-14,3.5806302096038676e-14
S1,16080000000,17580000000,1.5,3.434461048890114e-12,1.341199914700402e-12
S1,16100000000,16140000000,0.05,9.159339953157541e-14,3.576836595033378e-14
S1,16100000000,17600000000,1.5,3.4344888044657296e-12,1.3412107535991749e-12
S1,16120000000,16160000000,0.05,9.156564395595979e-14,3.575752705156095e-14
S1,16120000000,17620000000,1.5,3.434530437829153e-12,1.3412270119473341e-12
S1,16140000000,16180000000,0.05,9.156564395595979e-14,3.575752705156095e-14
S1,16140000000,17640000000,1.5,3.4345859489803843e-12,1.3412486897448797e-12
S1,16160000000,16200000000,0.05,9.152401059253634e-14,3.574126870340171e-14
S1,16160000000,17660000000,1.5,3.4346414601316155e-12,1.3412703675424254e-12
S1,16180000000,16220000000,0.05,9.14823772291129e-14,3.572501035524247e-14
S1,16180000000,17680000000,1.5,3.434683093495039e-12,1.3412866258905846e-12
S1,16200000000,16240000000,0.05,9.149625501692071e-14,3.573042980462888e-14
S1,16200000000,17700000000,1.5,3.4347247268584624e-12,1.341302884238744e-12
S1,16220000000,16260000000,0.05,9.162115510719104e-14,3.577920484910661e-14
S1,16220000000,17720000000,1.5,3.4348079935853093e-12,1.3413354009350624e-12
S1,16240000000,16280000000,0.05,9.169054404623012e-14,3.5806302096038676e-14
S1,16240000000,17740000000,1.5,3.434891260312156e-12,1.3413679176313808e-12
S1,16260000000,16300000000,0.05,9.163503289499886e-14,3.578462429849302e-14
S1,16260000000,17760000000,1.5,3.43505779376585e-12,1.3414329510240178e-12
S1,16280000000,16320000000,0.05,9.160727731938323e-14,3.5773785399720196e-14
S1,16280000000,17780000000,1.5,3.4352243272195437e-12,1.3414979844166547e-12
S1,16300000000,16340000000,0.05,9.159339953157541e-14,3.576836595033378e-14
S1,16300000000,17800000000,1.5,3.4354741274000844e-12,1.3415955345056103e-12
S1,16320000000,16360000000,0.05,9.163503289499886e-14,3.578462429849302e-14
S1,16320000000,17820000000,1.5,3.435585149702547e-12,1.3416388901007016e-12
S1,16340000000,16380000000,0.05,9.166278847061449e-14,3.579546319726585e-14
S1,16340000000,17840000000,1.5,3.435737805368433e-12,1.341698504043952e-12
S1,16360000000,16400000000,0.05,9.175993298526919e-14,3.583339934297075e-14
S1,16360000000,17860000000,1.5,3.4358349498830876e-12,1.341736440189657e-12
S1,16380000000,16420000000,0.05,9.181544413650045e-14,3.5855077140516405e-14
S1,16380000000,17880000000,1.5,3.4360569944880126e-12,1.3418231513798397e-12
S1,16400000000,16440000000,0.05,9.185707749992389e-14,3.587133548867565e-14
S1,16400000000,17900000000,1.5,3.436112505639244e-12,1.3418448291773853e-12
S1,16420000000,16460000000,0.05,9.189871086334733e-14,3.588759383683489e-14
S1,16420000000,17920000000,1.5,3.436251283517322e-12,1.3418990236712495e-12
S1,16440000000,16480000000,0.05,9.188483307553952e-14,3.588217438744848e-14
S1,16440000000,17940000000,1.5,3.4362790390929376e-12,1.3419098625700222e-12
S1,16460000000,16500000000,0.05,9.18709552877317e-14,3.587675493806206e-14
S1,16460000000,17960000000,1.5,3.4363900613954e-12,1.3419532181651136e-12
S1,16480000000,16520000000,0.05,9.180156634869263e-14,3.584965769112999e-14
S1,16480000000,17980000000,1.5,3.4363761836075923e-12,1.341947798715727e-12
S1,16500000000,16540000000,0.05,9.1773810773077e-14,3.583881879235716e-14
S1,16500000000,18000000000,1.5,3.4364178169710158e-12,1.3419640570638863e-12
S1,16520000000,16560000000,0.05,9.175993298526919e-14,3.583339934297075e-14
S1,16520000000,18020000000,1.5,3.436487205910055e-12,1.3419911543108185e-12
S1,16540000000,16580000000,0.05,9.164891068280667e-14,3.579004374787943e-14
S1,16540000000,18040000000,1.5,3.4365288392734783e-12,1.3420074126589778e-12
S1,16560000000,16600000000,0.05,9.169054404623012e-14,3.5806302096038676e-14
S1,16560000000,18060000000,1.5,3.4365843504247096e-12,1.3420290904565234e-12
S1,16580000000,16620000000,0.05,9.170442183403793e-14,3.5811721545425094e-14
S1,16580000000,18080000000,1.5,3.436639861575941e-12,1.342050768254069e-12
S1,16600000000,16640000000,0.05,9.160727731938323e-14,3.5773785399720196e-14
S1,16600000000,18100000000,1.5,3.4367231283027877e-12,1.3420832849503876e-12
S1,16620000000,16660000000,0.05,9.169054404623012e-14,3.5806302096038676e-14
S1,16620000000,18120000000,1.5,3.4368341506052502e-12,1.3421266405454788e-12
S1,16640000000,16680000000,0.05,9.181544413650045e-14,3.5855077140516405e-14
S1,16640000000,18140000000,1.5,3.4368896617564815e-12,1.3421483183430244e-12
S1,16660000000,16700000000,0.05,9.185707749992389e-14,3.587133548867565e-14
S1,16660000000,18160000000,1.5,3.4369451729077127e-12,1.34216999614057e-12
S1,16680000000,16720000000,0.05,9.173217740965356e-14,3.582256044419792e-14
S1,16680000000,18180000000,1.5,3.437014561846752e-12,1.3421970933875022e-12
S1,16700000000,16740000000,0.05,9.163503289499886e-14,3.578462429849302e-14
S1,16700000000,18200000000,1.5,3.4369729284833284e-12,1.342180835039343e-12
S1,16720000000,16760000000,0.05,9.162115510719104e-14,3.577920484910661e-14
S1,16720000000,18220000000,1.5,3.437014561846752e-12,1.3421970933875022e-12
S1,16740000000,16780000000,0.05,9.162115510719104e-14,3.577920484910661e-14
S1,16740000000,18240000000,1.5,3.4370978285735987e-12,1.3422296100838208e-12
S1,16760000000,16800000000,0.05,9.160727731938323e-14,3.5773785399720196e-14
S1,16760000000,18260000000,1.5,3.4371255841492143e-12,1.3422404489825935e-12
S1,16780000000,16820000000,0.05,9.156564395595979e-14,3.575752705156095e-14
S1,16780000000,18280000000,1.5,3.4371255841492143e-12,1.3422404489825935e-12
S1,16800000000,16840000000,0.05,9.159339953157541e-14,3.576836595033378e-14
S1,16800000000,18300000000,1.5,3.43715333972483e-12,1.3422512878813664e-12
S1,16820000000,16860000000,0.05,9.156564395595979e-14,3.575752705156095e-14
S1,16820000000,18320000000,1.5,3.4372504842394846e-12,1.3422892240270713e-12
S1,16840000000,16880000000,0.05,9.152401059253634e-14,3.574126870340171e-14
S1,16840000000,18340000000,1.5,3.437236606451677e-12,1.342283804577685e-12
S1,16860000000,16900000000,0.05,9.156564395595979e-14,3.575752705156095e-14
S1,16860000000,18360000000,1.5,3.4373476287541394e-12,1.3423271601727762e-12
S1,16880000000,16920000000,0.05,9.169054404623012e-14,3.5806302096038676e-14
S1,16880000000,18380000000,1.5,3.4374864066322175e-12,1.3423813546666404e-12
S1,16900000000,16940000000,0.05,9.170442183403793e-14,3.5811721545425094e-14
S1,16900000000,18400000000,1.5,3.437611306722488e-12,1.342430129711118e-12
S1,16920000000,16960000000,0.05,9.159339953157541e-14,3.576836595033378e-14
S1,16920000000,18420000000,1.5,3.4376251845102956e-12,1.3424355491605045e-12
S1,16940000000,16980000000,0.05,9.156564395595979e-14,3.575752705156095e-14
S1,16940000000,18440000000,1.5,3.437666817873719e-12,1.3424518075086638e-12
S1,16960000000,17000000000,0.05,9.156564395595979e-14,3.575752705156095e-14
S1,16960000000,18460000000,1.5,3.437680695661527e-12,1.3424572269580501e-12
S1,16980000000,17020000000,0.05,9.14823772291129e-14,3.572501035524247e-14
S1,16980000000,18480000000,1.5,3.4376945734493347e-12,1.3424626464074365e-12
S1,17000000000,17040000000,0.05,9.141298829007383e-14,3.569791310831039e-14
S1,17000000000,18500000000,1.5,3.4376945734493347e-12,1.3424626464074365e-12
S1,17020000000,17060000000,0.05,9.135747713884257e-14,3.567623531076474e-14
S1,17020000000,18520000000,1.5,3.4377223290249503e-12,1.3424734853062094e-12
S1,17040000000,17080000000,0.05,9.13852327144582e-14,3.568707420953757e-14
S1,17040000000,18540000000,1.5,3.437750084600566e-12,1.3424843242049821e-12
S1,17060000000,17100000000,0.05,9.142686607788164e-14,3.5703332557696805e-14
S1,17060000000,18560000000,1.5,3.437902740266452e-12,1.3425439381482326e-12
S1,17080000000,17120000000,0.05,9.142686607788164e-14,3.5703332557696805e-14
S1,17080000000,18580000000,1.5,3.4379443736298754e-12,1.342560196496392e-12
S1,17100000000,17140000000,0.05,9.145462165349727e-14,3.5714171456469636e-14
S1,17100000000,18600000000,1.5,3.4380831515079535e-12,1.342614390990256e-12
S1,17120000000,17160000000,0.05,9.152401059253634e-14,3.574126870340171e-14
S1,17120000000,18620000000,1.5,3.4381386626591848e-12,1.3426360687878017e-12
S1,17140000000,17180000000,0.05,9.152401059253634e-14,3.574126870340171e-14
S1,17140000000,18640000000,1.5,3.4382913183250707e-12,1.3426956827310524e-12
S1,17160000000,17200000000,0.05,9.142686607788164e-14,3.5703332557696805e-14
S1,17160000000,18660000000,1.5,3.4382913183250707e-12,1.3426956827310524e-12
S1,17180000000,17220000000,0.05,9.13852327144582e-14,3.568707420953757e-14
S1,17180000000,18680000000,1.5,3.4384023406275332e-12,1.3427390383261436e-12
S1,17200000000,17240000000,0.05,9.13852327144582e-14,3.568707420953757e-14
S1,17200000000,18700000000,1.5,3.4383884628397254e-12,1.3427336188767573e-12
S1,17220000000,17260000000,0.05,9.132972156322694e-14,3.566539641199191e-14
S1,17220000000,18720000000,1.5,3.4385133629299958e-12,1.3427823939212349e-12
S1,17240000000,17280000000,0.05,9.123257704857224e-14,3.562746026628701e-14
S1,17240000000,18740000000,1.5,3.4385272407178036e-12,1.3427878133706215e-12
S1,17260000000,17300000000,0.05,9.127421041199568e-14,3.564371861444625e-14
S1,17260000000,18760000000,1.5,3.4386798963836895e-12,1.342847427313872e-12
S1,17280000000,17320000000,0.05,9.132972156322694e-14,3.566539641199191e-14
S1,17280000000,18780000000,1.5,3.4387492853227286e-12,1.342874524560804e-12
S1,17300000000,17340000000,0.05,9.131584377541913e-14,3.5659976962605495e-14
S1,17300000000,18800000000,1.5,3.438860307625191e-12,1.3429178801558954e-12
S1,17320000000,17360000000,0.05,9.135747713884257e-14,3.567623531076474e-14
S1,17320000000,18820000000,1.5,3.438957452139846e-12,1.3429558163016003e-12
S1,17340000000,17380000000,0.05,9.135747713884257e-14,3.567623531076474e-14
S1,17340000000,18840000000,1.5,3.439096230017924e-12,1.3430100107954642e-12
S1,17360000000,17400000000,0.05,9.137135492665038e-14,3.568165476015115e-14
S1,17360000000,18860000000,1.5,3.4391933745325787e-12,1.3430479469411693e-12
S1,17380000000,17420000000,0.05,9.139911050226601e-14,3.569249365892398e-14
S1,17380000000,18880000000,1.5,3.4393737857740803e-12,1.3431183997831926e-12
S1,17400000000,17440000000,0.05,9.131584377541913e-14,3.5659976962605495e-14
S1,17400000000,18900000000,1.5,3.4394431747131193e-12,1.3431454970301248e-12
S1,17420000000,17460000000,0.05,9.127421041199568e-14,3.564371861444625e-14
S1,17420000000,18920000000,1.5,3.4395680748033897e-12,1.3431942720746024e-12
S1,17440000000,17480000000,0.05,9.141298829007383e-14,3.569791310831039e-14
S1,17440000000,18940000000,1.5,3.4397207304692756e-12,1.343253886017853e-12
S1,17460000000,17500000000,0.05,9.166278847061449e-14,3.579546319726585e-14
S1,17460000000,18960000000,1.5,3.4398733861351616e-12,1.3433134999611036e-12
S1,17480000000,17520000000,0.05,9.178768856088482e-14,3.584423824174358e-14
S1,17480000000,18980000000,1.5,3.439762363832699e-12,1.3432701443660121e-12
S1,17500000000,17540000000,0.05,9.192646643896296e-14,3.589843273560772e-14
S1,17500000000,19000000000,1.5,3.4396374637424287e-12,1.3432213693215345e-12
S1,17520000000,17560000000,0.05,9.191258865115515e-14,3.5893013286221303e-14
S1,17520000000,19020000000,1.5,3.439554197015582e-12,1.343188852625216e-12
S1,17540000000,17580000000,0.05,9.1773810773077e-14,3.583881879235716e-14
S1,17540000000,19040000000,1.5,3.4393460301984646e-12,1.3431075608844199e-12
S1,17560000000,17600000000,0.05,9.1773810773077e-14,3.583881879235716e-14
S1,17560000000,19060000000,1.5,3.4392766412594256e-12,1.3430804636374877e-12
S1,17580000000,17620000000,0.05,9.175993298526919e-14,3.583339934297075e-14
S1,17580000000,19080000000,1.5,3.439165618956963e-12,1.3430371080423964e-12
S1,17600000000,17640000000,0.05,9.169054404623012e-14,3.5806302096038676e-14
S1,17600000000,19100000000,1.5,3.4390545966545005e-12,1.3429937524473052e-12
S1,17620000000,17660000000,0.05,9.16766662584223e-14,3.5800882646652264e-14
S1,17620000000,19120000000,1.5,3.438957452139846e-12,1.3429558163016003e-12
S1,17640000000,17680000000,0.05,9.166278847061449e-14,3.579546319726585e-14
S1,17640000000,19140000000,1.5,3.4390407188666927e-12,1.3429883329979186e-12
S1,17660000000,17700000000,0.05,9.160727731938323e-14,3.5773785399720196e-14
S1,17660000000,19160000000,1.5,3.439082352230116e-12,1.3430045913460779e-12
S1,17680000000,17720000000,0.05,9.160727731938323e-14,3.5773785399720196e-14
S1,17680000000,19180000000,1.5,3.4391517411691552e-12,1.34303168859301e-12
S1,17700000000,17740000000,0.05,9.166278847061449e-14,3.579546319726585e-14
S1,17700000000,19200000000,1.5,3.439332152410657e-12,1.3431021414350333e-12
S1,17720000000,17760000000,0.05,9.18709552877317e-14,3.587675493806206e-14
S1,17720000000,19220000000,1.5,3.4394431747131193e-12,1.3431454970301248e-12
S1,17740000000,17780000000,0.05,9.202361095361766e-14,3.593636888131262e-14
S1,17740000000,19240000000,1.5,3.4395264414399662e-12,1.3431780137264433e-12
S1,17760000000,17800000000,0.05,9.205136652923329e-14,3.5947207780085445e-14
S1,17760000000,19260000000,1.5,3.4393737857740803e-12,1.3431183997831926e-12
S1,17780000000,17820000000,0.05,9.19680998023864e-14,3.5914691083766965e-14
S1,17780000000,19280000000,1.5,3.439304396835041e-12,1.3430913025362606e-12
S1,17800000000,17840000000,0.05,9.185707749992389e-14,3.587133548867565e-14
S1,17800000000,19300000000,1.5,3.439096230017924e-12,1.3430100107954642e-12
S1,17820000000,17860000000,0.05,9.188483307553952e-14,3.588217438744848e-14
S1,17820000000,19320000000,1.5,3.439096230017924e-12,1.3430100107954642e-12
S1,17840000000,17880000000,0.05,9.198197759019422e-14,3.592011053315338e-14
S1,17840000000,19340000000,1.5,3.43892969656423e-12,1.3429449774028274e-12
S1,17860000000,17900000000,0.05,9.203748874142548e-14,3.594178833069903e-14
S1,17860000000,19360000000,1.5,3.4388186742617677e-12,1.3429016218077361e-12
S1,17880000000,17920000000,0.05,9.200973316580985e-14,3.59309494319262e-14
S1,17880000000,19380000000,1.5,3.438652140808074e-12,1.342836588415099e-12
S1,17900000000,17940000000,0.05,9.202361095361766e-14,3.593636888131262e-14
S1,17900000000,19400000000,1.5,3.4385133629299958e-12,1.3427823939212349e-12
S1,17920000000,17960000000,0.05,9.203748874142548e-14,3.594178833069903e-14
S1,17920000000,19420000000,1.5,3.438346829476302e-12,1.342717360528598e-12
S1,17940000000,17980000000,0.05,9.198197759019422e-14,3.592011053315338e-14
S1,17940000000,19440000000,1.5,3.438332951688494e-12,1.3427119410792115e-12
S1,17960000000,18000000000,0.05,9.189871086334733e-14,3.588759383683489e-14
S1,17960000000,19460000000,1.5,3.4381664182348004e-12,1.3426469076865746e-12
S1,17980000000,18020000000,0.05,9.191258865115515e-14,3.5893013286221303e-14
S1,17980000000,19480000000,1.5,3.4380692737201457e-12,1.3426089715408697e-12
S1,18000000000,18040000000,0.05,9.188483307553952e-14,3.588217438744848e-14
S1,18000000000,19500000000,1.5,3.4379166180542597e-12,1.3425493575976192e-12
S1,18020000000,18060000000,0.05,9.185707749992389e-14,3.587133548867565e-14
S1,18020000000,19520000000,1.5,3.4377639623883738e-12,1.3424897436543687e-12
S1,18040000000,18080000000,0.05,9.175993298526919e-14,3.583339934297075e-14
S1,18040000000,19540000000,1.5,3.437611306722488e-12,1.342430129711118e-12
S1,18060000000,18100000000,0.05,9.182932192430826e-14,3.586049658990282e-14
S1,18060000000,19560000000,1.5,3.4374308954809862e-12,1.3423596768690947e-12
S1,18080000000,18120000000,0.05,9.189871086334733e-14,3.588759383683489e-14
S1,18080000000,19580000000,1.5,3.4374031399053706e-12,1.3423488379703218e-12
S1,18100000000,18140000000,0.05,9.1773810773077e-14,3.583881879235716e-14
S1,18100000000,19600000000,1.5,3.4371949730882534e-12,1.3422675462295257e-12
S1,18120000000,18160000000,0.05,9.180156634869263e-14,3.584965769112999e-14
S1,18120000000,19620000000,1.5,3.437070072997983e-12,1.3422187711850479e-12
S1,18140000000,18180000000,0.05,9.194034422677078e-14,3.5903852184994134e-14
S1,18140000000,19640000000,1.5,3.4369590506955205e-12,1.3421754155899566e-12
S1,18160000000,18200000000,0.05,9.188483307553952e-14,3.588217438744848e-14
S1,18160000000,19660000000,1.5,3.436848028393058e-12,1.3421320599948652e-12
S1,18180000000,18220000000,0.05,9.173217740965356e-14,3.582256044419792e-14
S1,18180000000,19680000000,1.5,3.4366814949393643e-12,1.3420670266022283e-12
S1,18200000000,18240000000,0.05,9.175993298526919e-14,3.583339934297075e-14
S1,18200000000,19700000000,1.5,3.4366676171515564e-12,1.342061607152842e-12
S1,18220000000,18260000000,0.05,9.173217740965356e-14,3.582256044419792e-14
S1,18220000000,19720000000,1.5,3.4365843504247096e-12,1.3420290904565234e-12
S1,18240000000,18280000000,0.05,9.164891068280667e-14,3.579004374787943e-14
S1,18240000000,19740000000,1.5,3.4364316947588236e-12,1.3419694765132729e-12
S1,18260000000,18300000000,0.05,9.163503289499886e-14,3.578462429849302e-14
S1,18260000000,19760000000,1.5,3.4363623058197845e-12,1.3419423792663407e-12
S1,18280000000,18320000000,0.05,9.169054404623012e-14,3.5806302096038676e-14
S1,18280000000,19780000000,1.5,3.4362929168807455e-12,1.3419152820194087e-12
S1,18300000000,18340000000,0.05,9.16766662584223e-14,3.5800882646652264e-14
S1,18300000000,19800000000,1.5,3.436181894578283e-12,1.3418719264243173e-12
S1,18320000000,18360000000,0.05,9.166278847061449e-14,3.579546319726585e-14
S1,18320000000,19820000000,1.5,3.4360431167002048e-12,1.3418177319304531e-12
S1,18340000000,18380000000,0.05,9.1773810773077e-14,3.583881879235716e-14
S1,18340000000,19840000000,1.5,3.436029238912397e-12,1.3418123124810668e-12
S1,18360000000,18400000000,0.05,9.182932192430826e-14,3.586049658990282e-14
S1,18360000000,19860000000,1.5,3.4358488276708954e-12,1.3417418596390433e-12
S1,18380000000,18420000000,0.05,9.182932192430826e-14,3.586049658990282e-14
S1,18380000000,19880000000,1.5,3.4356961720050094e-12,1.3416822456957928e-12
S1,18400000000,18440000000,0.05,9.175993298526919e-14,3.583339934297075e-14
S1,18400000000,19900000000,1.5,3.4355296385513157e-12,1.341617212303156e-12
S1,18420000000,18460000000,0.05,9.164891068280667e-14,3.579004374787943e-14
S1,18420000000,19920000000,1.5,3.4353908606732375e-12,1.3415630178092918e-12
S1,18440000000,18480000000,0.05,9.159339953157541e-14,3.576836595033378e-14
S1,18440000000,19940000000,1.5,3.4352520827951594e-12,1.3415088233154276e-12
S1,18460000000,18500000000,0.05,9.15795217437676e-14,3.5762946500947365e-14
S1,18460000000,19960000000,1.5,3.4351688160683125e-12,1.341476306619109e-12
S1,18480000000,18520000000,0.05,9.151013280472853e-14,3.573584925401529e-14
S1,18480000000,19980000000,1.5,3.4350855493414656e-12,1.3414437899227906e-12
S1,18500000000,18540000000,0.05,9.146849944130508e-14,3.571959090585605e-14
S1,18500000000,20000000000,1.5,3.4350161604024265e-12,1.3414166926758586e-12
S1,18520000000,18560000000,0.05,9.153788838034416e-14,3.574668815278812e-14
S1,18520000000,20020000000,1.5,3.434974527039003e-12,1.3414004343276993e-12
S1,18540000000,18580000000,0.05,9.15795217437676e-14,3.5762946500947365e-14
S1,18540000000,20040000000,1.5,3.4347941157975015e-12,1.3413299814856759e-12
S1,18560000000,18600000000,0.05,9.160727731938323e-14,3.5773785399720196e-14
S1,18560000000,20060000000,1.5,3.4346414601316155e-12,1.3412703675424254e-12
S1,18580000000,18620000000,0.05,9.162115510719104e-14,3.577920484910661e-14
S1,18580000000,20080000000,1.5,3.4345859489803843e-12,1.3412486897448797e-12
S1,18600000000,18640000000,0.05,9.166278847061449e-14,3.579546319726585e-14
S1,18600000000,20100000000,1.5,3.434447171102306e-12,1.3411944952510156e-12
S1,18620000000,18660000000,0.05,9.16766662584223e-14,3.5800882646652264e-14
S1,18620000000,20120000000,1.5,3.4343361487998436e-12,1.3411511396559243e-12
S1,18640000000,18680000000,0.05,9.163503289499886e-14,3.578462429849302e-14
S1,18640000000,20140000000,1.5,3.43416961534615e-12,1.3410861062632873e-12
S1,18660000000,18700000000,0.05,9.152401059253634e-14,3.574126870340171e-14
S1,18660000000,20160000000,1.5,3.4340447152558795e-12,1.3410373312188097e-12
S1,18680000000,18720000000,0.05,9.149625501692071e-14,3.573042980462888e-14
S1,18680000000,20180000000,1.5,3.4339059373778014e-12,1.3409831367249455e-12
S1,18700000000,18740000000,0.05,9.152401059253634e-14,3.574126870340171e-14
S1,18700000000,20200000000,1.5,3.43385042622657e-12,1.3409614589273999e-12
S1,18720000000,18760000000,0.05,9.149625501692071e-14,3.573042980462888e-14
S1,18720000000,20220000000,1.5,3.433697770560684e-12,1.3409018449841492e-12
S1,18740000000,18780000000,0.05,9.145462165349727e-14,3.5714171456469636e-14
S1,18740000000,20240000000,1.5,3.433781037287531e-12,1.3409343616804677e-12
S1,18760000000,18800000000,0.05,9.145462165349727e-14,3.5714171456469636e-14
S1,18760000000,20260000000,1.5,3.433933692953417e-12,1.3409939756237182e-12
S1,18780000000,18820000000,0.05,9.153788838034416e-14,3.574668815278812e-14
S1,18780000000,20280000000,1.5,3.43416961534615e-12,1.3410861062632873e-12
S1,18800000000,18840000000,0.05,9.155176616815197e-14,3.5752107602174534e-14
S1,18800000000,20300000000,1.5,3.434377782163267e-12,1.3411673980040836e-12
S1,18820000000,18860000000,0.05,9.159339953157541e-14,3.576836595033378e-14
S1,18820000000,20320000000,1.5,3.4344888044657296e-12,1.3412107535991749e-12
S1,18840000000,18880000000,0.05,9.163503289499886e-14,3.578462429849302e-14
S1,18840000000,20340000000,1.5,3.4346275823438077e-12,1.341264948093039e-12
S1,18860000000,18900000000,0.05,9.162115510719104e-14,3.577920484910661e-14
S1,18860000000,20360000000,1.5,3.4346414601316155e-12,1.3412703675424254e-12
S1,18880000000,18920000000,0.05,9.159339953157541e-14,3.576836595033378e-14
S1,18880000000,20380000000,1.5,3.4347247268584624e-12,1.341302884238744e-12
S1,18900000000,18940000000,0.05,9.159339953157541e-14,3.576836595033378e-14
S1,18900000000,20400000000,1.5,3.434766360221886e-12,1.3413191425869032e-12
S1,18920000000,18960000000,0.05,9.15795217437676e-14,3.5762946500947365e-14
S1,18920000000,20420000000,1.5,3.434766360221886e-12,1.3413191425869032e-12
S1,18940000000,18980000000,0.05,9.145462165349727e-14,3.5714171456469636e-14
S1,18940000000,20440000000,1.5,3.4348079935853093e-12,1.3413354009350624e-12
S1,18960000000,19000000000,0.05,9.142686607788164e-14,3.5703332557696805e-14
S1,18960000000,20460000000,1.5,3.4348496269487327e-12,1.3413516592832215e-12
S1,18980000000,19020000000,0.05,9.15795217437676e-14,3.5762946500947365e-14
S1,18980000000,20480000000,1.5,3.4349606492511953e-12,1.341395014878313e-12
S1,19000000000,19040000000,0.05,9.163503289499886e-14,3.578462429849302e-14
S1,19000000000,20500000000,1.5,3.4350855493414656e-12,1.3414437899227906e-12
S1,19020000000,19060000000,0.05,9.163503289499886e-14,3.578462429849302e-14
S1,19020000000,20520000000,1.5,3.435279838370775e-12,1.3415196622142003e-12
S1,19040000000,19080000000,0.05,9.159339953157541e-14,3.576836595033378e-14
S1,19040000000,20540000000,1.5,3.435432494036661e-12,1.341579276157451e-12
S1,19060000000,19100000000,0.05,9.155176616815197e-14,3.5752107602174534e-14
S1,19060000000,20560000000,1.5,3.4356129052781625e-12,1.3416497289994743e-12
S1,19080000000,19120000000,0.05,9.155176616815197e-14,3.5752107602174534e-14
S1,19080000000,20580000000,1.5,3.435807194307472e-12,1.3417256012908843e-12
S1,19100000000,19140000000,0.05,9.16766662584223e-14,3.5800882646652264e-14
S1,19100000000,20600000000,1.5,3.43594597218555e-12,1.3417797957847482e-12
S1,19120000000,19160000000,0.05,9.180156634869263e-14,3.584965769112999e-14
S1,19120000000,20620000000,1.5,3.436112505639244e-12,1.3418448291773853e-12
S1,19140000000,19180000000,0.05,9.1773810773077e-14,3.583881879235716e-14
S1,19140000000,20640000000,1.5,3.4362235279417064e-12,1.3418881847724766e-12
S1,19160000000,19200000000,0.05,9.185707749992389e-14,3.587133548867565e-14
S1,19160000000,20660000000,1.5,3.436334550244169e-12,1.341931540367568e-12
S1,19180000000,19220000000,0.05,9.189871086334733e-14,3.588759383683489e-14
S1,19180000000,20680000000,1.5,3.4364455725466314e-12,1.3419748959626593e-12
S1,19200000000,19240000000,0.05,9.185707749992389e-14,3.587133548867565e-14
S1,19200000000,20700000000,1.5,3.4364455725466314e-12,1.3419748959626593e-12
S1,19220000000,19260000000,0.05,9.180156634869263e-14,3.584965769112999e-14
S1,19220000000,20720000000,1.5,3.436487205910055e-12,1.3419911543108185e-12
S1,19240000000,19280000000,0.05,9.180156634869263e-14,3.584965769112999e-14
S1,19240000000,20740000000,1.5,3.436556594849094e-12,1.3420182515577505e-12
S1,19260000000,19300000000,0.05,9.1773810773077e-14,3.583881879235716e-14
S1,19260000000,20760000000,1.5,3.436612106000325e-12,1.3420399293552961e-12
S1,19280000000,19320000000,0.05,9.175993298526919e-14,3.583339934297075e-14
S1,19280000000,20780000000,1.5,3.4366676171515564e-12,1.342061607152842e-12
S1,19300000000,19340000000,0.05,9.169054404623012e-14,3.5806302096038676e-14
S1,19300000000,20800000000,1.5,3.4367231283027877e-12,1.3420832849503876e-12
S1,19320000000,19360000000,0.05,9.160727731938323e-14,3.5773785399720196e-14
S1,19320000000,20820000000,1.5,3.4366676171515564e-12,1.342061607152842e-12
S1,19340000000,19380000000,0.05,9.170442183403793e-14,3.5811721545425094e-14
S1,19340000000,20840000000,1.5,3.4367370060905955e-12,1.342088704399774e-12
S1,19360000000,19400000000,0.05,9.173217740965356e-14,3.582256044419792e-14
S1,19360000000,20860000000,1.5,3.4368757839686737e-12,1.342142898893638e-12
S1,19380000000,19420000000,0.05,9.170442183403793e-14,3.5811721545425094e-14
S1,19380000000,20880000000,1.5,3.4368757839686737e-12,1.342142898893638e-12
S1,19400000000,19440000000,0.05,9.184319971211607e-14,3.5865916039289236e-14
S1,19400000000,20900000000,1.5,3.436986806271136e-12,1.3421862544887293e-12
S1,19420000000,19460000000,0.05,9.185707749992389e-14,3.587133548867565e-14
S1,19420000000,20920000000,1.5,3.4370423174223674e-12,1.342207932286275e-12
S1,19440000000,19480000000,0.05,9.171829962184574e-14,3.5817140994811507e-14
S1,19440000000,20940000000,1.5,3.437000684058944e-12,1.3421916739381159e-12
S1,19460000000,19500000000,0.05,9.164891068280667e-14,3.579004374787943e-14
S1,19460000000,20960000000,1.5,3.4370978285735987e-12,1.3422296100838208e-12
S1,19480000000,19520000000,0.05,9.160727731938323e-14,3.5773785399720196e-14
S1,19480000000,20980000000,1.5,3.4371255841492143e-12,1.3422404489825935e-12
S1,19500000000,19540000000,0.05,9.15795217437676e-14,3.5762946500947365e-14
S1,19500000000,21000000000,1.5,3.4371810953004456e-12,1.3422621267801391e-12
S1,19520000000,19560000000,0.05,9.152401059253634e-14,3.574126870340171e-14
S1,19520000000,21020000000,1.5,3.4372782398151003e-12,1.342300062925844e-12
S1,19540000000,19580000000,0.05,9.155176616815197e-14,3.5752107602174534e-14
S1,19540000000,21040000000,1.5,3.4373476287541394e-12,1.3423271601727762e-12
S1,19560000000,19600000000,0.05,9.159339953157541e-14,3.576836595033378e-14
S1,19560000000,21060000000,1.5,3.4374170176931784e-12,1.3423542574197082e-12
S1,19580000000,19620000000,0.05,9.156564395595979e-14,3.575752705156095e-14
S1,19580000000,21080000000,1.5,3.4374170176931784e-12,1.3423542574197082e-12
S1,19600000000,19640000000,0.05,9.153788838034416e-14,3.574668815278812e-14
S1,19600000000,21100000000,1.5,3.437528039995641e-12,1.3423976130147996e-12
S1,19620000000,19660000000,0.05,9.15795217437676e-14,3.5762946500947365e-14
S1,19620000000,21120000000,1.5,3.4375696733590644e-12,1.3424138713629587e-12
S1,19640000000,19680000000,0.05,9.166278847061449e-14,3.579546319726585e-14
S1,19660000000,19700000000,0.05,9.170442183403793e-14,3.5811721545425094e-14
S1,19680000000,19720000000,0.05,9.163503289499886e-14,3.578462429849302e-14
S1,19700000000,19740000000,0.05,9.152401059253634e-14,3.574126870340171e-14
S1,19720000000,19760000000,0.05,9.151013280472853e-14,3.573584925401529e-14
S1,19740000000,19780000000,0.05,9.151013280472853e-14,3.573584925401529e-14
S1,19760000000,19800000000,0.05,9.145462165349727e-14,3.5714171456469636e-14
S1,19780000000,19820000000,0.05,9.144074386568946e-14,3.5708752007083224e-14
S1,19800000000,19840000000,0.05,9.152401059253634e-14,3.574126870340171e-14
S1,19820000000,19860000000,0.05,9.146849944130508e-14,3.571959090585605e-14
S1,19840000000,19880000000,0.05,9.144074386568946e-14,3.5708752007083224e-14
S1,19860000000,19900000000,0.05,9.151013280472853e-14,3.573584925401529e-14
S1,19880000000,19920000000,0.05,9.152401059253634e-14,3.574126870340171e-14
S1,19900000000,19940000000,0.05,9.14823772291129e-14,3.572501035524247e-14
S1,19920000000,19960000000,0.05,9.142686607788164e-14,3.5703332557696805e-14
S1,19940000000,19980000000,0.05,9.142686607788164e-14,3.5703332557696805e-14
S1,19960000000,20000000000,0.05,9.142686607788164e-14,3.5703332557696805e-14
S1,19980000000,20020000000,0.05,9.139911050226601e-14,3.569249365892398e-14
S1,20000000000,20040000000,0.05,9.124645483638005e-14,3.563287971567342e-14
S1,20020000000,20060000000,0.05,9.120482147295661e-14,3.5616621367514184e-14
S1,20040000000,20080000000,0.05,9.137135492665038e-14,3.568165476015115e-14
S1,20060000000,20100000000,0.05,9.141298829007383e-14,3.569791310831039e-14
S1,20080000000,20120000000,0.05,9.137135492665038e-14,3.568165476015115e-14
S1,20100000000,20140000000,0.05,9.13852327144582e-14,3.568707420953757e-14
S1,20120000000,20160000000,0.05,9.13852327144582e-14,3.568707420953757e-14
S1,20140000000,20180000000,0.05,9.137135492665038e-14,3.568165476015115e-14
S1,20160000000,20200000000,0.05,9.132972156322694e-14,3.566539641199191e-14
S1,20180000000,20220000000,0.05,9.12880881998035e-14,3.5649138063832664e-14
S1,20200000000,20240000000,0.05,9.145462165349727e-14,3.5714171456469636e-14
S1,20220000000,20260000000,0.05,9.173217740965356e-14,3.582256044419792e-14
S1,20240000000,20280000000,0.05,9.184319971211607e-14,3.5865916039289236e-14
S1,20260000000,20300000000,0.05,9.189871086334733e-14,3.588759383683489e-14
S1,20280000000,20320000000,0.05,9.185707749992389e-14,3.587133548867565e-14
S1,20300000000,20340000000,0.05,9.180156634869263e-14,3.584965769112999e-14
S1,20320000000,20360000000,0.05,9.174605519746137e-14,3.582797989358434e-14
S1,20340000000,20380000000,0.05,9.173217740965356e-14,3.582256044419792e-14
S1,20360000000,20400000000,0.05,9.174605519746137e-14,3.582797989358434e-14
S1,20380000000,20420000000,0.05,9.163503289499886e-14,3.578462429849302e-14
S1,20400000000,20440000000,0.05,9.163503289499886e-14,3.578462429849302e-14
S1,20420000000,20460000000,0.05,9.166278847061449e-14,3.579546319726585e-14
S1,20440000000,20480000000,0.05,9.160727731938323e-14,3.5773785399720196e-14
S1,20460000000,20500000000,0.05,9.166278847061449e-14,3.579546319726585e-14
S1,20480000000,20520000000,0.05,9.189871086334733e-14,3.588759383683489e-14
S1,20500000000,20540000000,0.05,9.198197759019422e-14,3.592011053315338e-14
S1,20520000000,20560000000,0.05,9.19680998023864e-14,3.5914691083766965e-14
S1,20540000000,20580000000,0.05,9.19680998023864e-14,3.5914691083766965e-14
S1,20560000000,20600000000,0.05,9.188483307553952e-14,3.588217438744848e-14
S1,20580000000,20620000000,0.05,9.185707749992389e-14,3.587133548867565e-14
S1,20600000000,20640000000,0.05,9.195422201457859e-14,3.5909271634380547e-14
S1,20620000000,20660000000,0.05,9.202361095361766e-14,3.593636888131262e-14
S1,20640000000,20680000000,0.05,9.199585537800203e-14,3.592552998253979e-14
S1,20660000000,20700000000,0.05,9.19680998023864e-14,3.5914691083766965e-14
S1,20680000000,20720000000,0.05,9.194034422677078e-14,3.5903852184994134e-14
S1,20700000000,20740000000,0.05,9.19680998023864e-14,3.5914691083766965e-14
S1,20720000000,20760000000,0.05,9.192646643896296e-14,3.589843273560772e-14
S1,20740000000,20780000000,0.05,9.191258865115515e-14,3.5893013286221303e-14
S1,20760000000,20800000000,0.05,9.188483307553952e-14,3.588217438744848e-14
S1,20780000000,20820000000,0.05,9.175993298526919e-14,3.583339934297075e-14
S1,20800000000,20840000000,0.05,9.170442183403793e-14,3.5811721545425094e-14
S1,20820000000,20860000000,0.05,9.181544413650045e-14,3.5855077140516405e-14
S1,20840000000,20880000000,0.05,9.184319971211607e-14,3.5865916039289236e-14
S1,20860000000,20900000000,0.05,9.184319971211607e-14,3.5865916039289236e-14
S1,20880000000,20920000000,0.05,9.18709552877317e-14,3.587675493806206e-14
S1,20900000000,20940000000,0.05,9.185707749992389e-14,3.587133548867565e-14
S1,20920000000,20960000000,0.05,9.191258865115515e-14,3.5893013286221303e-14
S1,20940000000,20980000000,0.05,9.184319971211607e-14,3.5865916039289236e-14
S1,20960000000,21000000000,0.05,9.173217740965356e-14,3.582256044419792e-14
S1,20980000000,21020000000,0.05,9.175993298526919e-14,3.583339934297075e-14
S1,21000000000,21040000000,0.05,9.174605519746137e-14,3.582797989358434e-14
S1,21020000000,21060000000,0.05,9.166278847061449e-14,3.579546319726585e-14
S1,21040000000,21080000000,0.05,9.162115510719104e-14,3.577920484910661e-14
S1,21060000000,21100000000,0.05,9.170442183403793e-14,3.5811721545425094e-14
S1,21080000000,21120000000,0.05,9.171829962184574e-14,3.5817140994811507e-14
S2,980000000,1020000000,0.05,0.0,0.0
S2,980000000,2480000000,1.5,0.0775241557353329,0.030266570034628883
S2,1000000000,1040000000,0.05,0.0,0.0
S2,1000000000,2500000000,1.5,0.07285747736325471,0.028445462034694516
S2,1020000000,1060000000,0.05,0.0,0.0
S2,1020000000,2520000000,1.5,0.0681907989841602,0.026624199161577385
S2,1040000000,1080000000,0.05,0.0,0.0
S2,1040000000,2540000000,1.5,0.06328329793647658,0.02470879432905596
S2,1060000000,1100000000,0.05,0.0,0.0
S2,1060000000,2560000000,1.5,0.0578055390920013,0.022570641868475207
S2,1080000000,1120000000,0.05,0.0,0.0
S2,1080000000,2580000000,1.5,0.05232066204225818,0.020429541298456172
S2,1100000000,1140000000,0.05,0.0,0.0
S2,1100000000,2600000000,1.5,0.046834747488285436,0.018287882031318124
S2,1120000000,1160000000,0.05,0.0,0.0
S2,1120000000,2620000000,1.5,0.04134709445926412,0.016145406418502397
S2,1140000000,1180000000,0.05,0.0,0.0
S2,1140000000,2640000000,1.5,0.03539016554638958,0.013819580234593598
S2,1160000000,1200000000,0.05,0.0,0.0
S2,1160000000,2660000000,1.5,0.029021118641052723,0.011332711417576061
S2,1180000000,1220000000,0.05,0.0,0.0
S2,1180000000,2680000000,1.5,0.022647383160505127,0.008843896843739795
S2,1200000000,1240000000,0.05,0.0004187918261039104,0.0001635434350098825
S2,1200000000,2700000000,1.5,0.016267995280672822,0.006352785190810498
S2,1220000000,1260000000,0.05,0.002385995392280004,0.0009317607659430375
S2,1220000000,2720000000,1.5,0.009881982341577385,0.0038590217670166314
S2,1240000000,1280000000,0.05,0.004703526844487302,0.0018367842574926344
S2,1240000000,2740000000,1.5,0.003062075521715686,0.0011957782503879797
S2,1260000000,1300000000,0.05,0.005995688487030033,0.002341387696093606
S2,1260000000,2760000000,1.5,0.005180301039536948,0.002022969963778322
S2,1280000000,1320000000,0.05,0.006528192598138317,0.0025493361792784577
S2,1280000000,2780000000,1.5,0.013466088197947777,0.005258635816580792
S2,1300000000,1340000000,0.05,0.0063496763040643035,0.0024796236991902337
S2,1300000000,2800000000,1.5,0.021505302195827997,0.00839792714571495
S2,1320000000,1360000000,0.05,0.006050842114359951,0.0023629257784170197
S2,1320000000,2820000000,1.5,0.029323536470233696,0.011450796792271086
S2,1340000000,1380000000,0.05,0.005939986202157821,0.002319635355315072
S2,1340000000,2840000000,1.5,0.036525559398544204,0.014262894043465198
S2,1360000000,1400000000,0.05,0.005939986437033921,0.0023196354470367167
S2,1360000000,2860000000,1.5,0.04173896322937698,0.016298403053418006
S2,1380000000,1420000000,0.05,0.005939986377176229,0.0023196354236616435
S2,1380000000,2880000000,1.5,0.04645678858528339,0.018140324503121055
S2,1400000000,1440000000,0.05,0.006015744870191388,0.002349219928785491
S2,1400000000,2900000000,1.5,0.051050221764341465,0.019933584175997856
S2,1420000000,1460000000,0.05,0.006129190014973612,0.00239352146984055
S2,1420000000,2920000000,1.5,0.05564024319322483,0.021725406885664777
S2,1440000000,1480000000,0.05,0.0061668759667034174,0.0024082382349206503
S2,1440000000,2940000000,1.5,0.0595986673612119,0.023270579218441334
S2,1460000000,1500000000,0.05,0.006166875811198756,0.002408238174194427
S2,1460000000,2960000000,1.5,0.06308722119942586,0.024632262124553293
S2,1480000000,1520000000,0.05,0.006166875685760208,0.002408238125209341
S2,1480000000,2980000000,1.5,0.06657577483135933,0.02599387000646772
S2,1500000000,1540000000,0.05,0.006544847170243472,0.0025558399628624598
S2,1500000000,3000000000,1.5,0.07006432851737367,0.027355398823117126
S2,1520000000,1560000000,0.05,0.007327928766974974,0.0028616412611083986
S2,1520000000,3020000000,1.5,0.07355288202657924,0.028716844341940734
S2,1540000000,1580000000,0.05,0.007733038469640817,0.003019840535629768
S2,1540000000,3040000000,1.5,0.07721001592820924,0.030143986293803614
S2,1560000000,1600000000,0.05,0.007733038132992351,0.0030198404041653225
S2,1560000000,3060000000,1.5,0.08049745790442753,0.0314267756007097
S2,1580000000,1620000000,0.05,0.007733037995107196,0.0030198403503198506
S2,1580000000,3080000000,1.5,0.08299704455160441,0.032402080061936636
S2,1600000000,1640000000,0.05,0.008070010016954066,0.0031514311044099938
S2,1600000000,3100000000,1.5,0.08514919335482041,0.0332417785454077
S2,1620000000,1660000000,0.05,0.008838045188509426,0.003451355745559773
S2,1620000000,3120000000,1.5,0.08729583082006068,0.03407928834071427
S2,1640000000,1680000000,0.05,0.009269108045471583,0.003619689447432106
S2,1640000000,3140000000,1.5,0.08976802386714675,0.03504376482035065
S2,1660000000,1700000000,0.05,0.009269107754802136,0.0036196893339232768
S2,1660000000,3160000000,1.5,0.09265019449496455,0.03616811811832925
S2,1680000000,1720000000,0.05,0.00926910769887973,0.0036196893120851144
S2,1680000000,3180000000,1.5,0.0955323648677762,0.03729239620554819
S2,1700000000,1740000000,0.05,0.009330944160892196,0.003643836961383675
S2,1700000000,3200000000,1.5,0.09841453521441597,0.03841659683646445
S2,1720000000,1760000000,0.05,0.009426686795290878,0.0036812252442461183
S2,1720000000,3220000000,1.5,0.10129670553969475,0.03954071767829969
S2,1740000000,1780000000,0.05,0.00946059277958046,0.0036944658067820067
S2,1740000000,3240000000,1.5,0.10422929587428784,0.04068441932903222
S2,1760000000,1800000000,0.05,0.009460592589708994,0.0036944657326356592
S2,1760000000,3260000000,1.5,0.10715882467057453,0.04182683965420546
S2,1780000000,1820000000,0.05,0.009460592540795967,0.003694465713534725
S2,1780000000,3280000000,1.5,0.11008128594949,0.04296641446450903
S2,1800000000,1840000000,0.05,0.009092713748464654,0.0035508059981750042
S2,1800000000,3300000000,1.5,0.11297513775087357,0.044094742999431995
S2,1820000000,1860000000,0.05,0.00802320941080352,0.0031331550313776642
S2,1820000000,3320000000,1.5,0.11585804807074393,0.0452187136006528
S2,1840000000,1880000000,0.05,0.007321583728976067,0.0028591634611771456
S2,1840000000,3340000000,1.5,0.11836166314101813,0.04619473085742799
S2,1860000000,1900000000,0.05,0.007321583592642844,0.0028591634079376768
S2,1860000000,3360000000,1.5,0.12013106437025459,0.046884476288925205
S2,1880000000,1920000000,0.05,0.007321583552976518,0.0028591633924475853
S2,1880000000,3380000000,1.5,0.12189784720828027,0.047573164408372635
S2,1900000000,1940000000,0.05,0.006890550939107246,0.00269084083859604
S2,1900000000,3400000000,1.5,0.12366463002600597,0.04826181539474521
S2,1920000000,1960000000,0.05,0.005416041826684009,0.0021150293610241993
S2,1920000000,3420000000,1.5,0.1254314129700669,0.04895042876778481
S2,1940000000,1980000000,0.05,0.004327225224899339,0.0016898341521024303
S2,1940000000,3440000000,1.5,0.12657238688272338,0.04939510936123874
S2,1960000000,2000000000,0.05,0.004278389198317023,0.0016707631181991315
S2,1960000000,3460000000,1.5,0.12589883154458786,0.04913260136100068
S2,1980000000,2020000000,0.05,0.004271310686238927,0.0016679988771802882
S2,1980000000,3480000000,1.5,0.12452551480570828,0.04859735471214778
S2,2000000000,2040000000,0.05,0.0038697248393078088,0.0015111749157064548
S2,2000000000,3500000000,1.5,0.1230648190093844,0.048028027160527946
S2,2020000000,2060000000,0.05,0.002149798118054741,0.0008395228410748343
S2,2020000000,3520000000,1.5,0.12159915456175467,0.04745673725533516
S2,2040000000,2080000000,0.05,0.00048672678787936574,0.0001900728849882939
S2,2040000000,3540000000,1.5,0.11964637172102426,0.046695537726988735
S2,2060000000,2100000000,0.05,0.00014544647975198166,5.679866601716903e-05
S2,2060000000,3560000000,1.5,0.11598645217867072,0.045268772803149906
S2,2080000000,2120000000,0.05,0.00014519221826661544,5.669937373324728e-05
S2,2080000000,3580000000,1.5,0.11183232478082059,0.04364916491394776
S2,2100000000,2140000000,0.05,0.0005095306289385204,0.00019897806932412223
S2,2100000000,3600000000,1.5,0.10761244667013739,0.04200372942152649
S2,2120000000,2160000000,0.05,0.002327941472666961,0.0009090900013445614
S2,2120000000,3620000000,1.5,0.10338937787320866,0.04035686259691547
S2,2140000000,2180000000,0.05,0.0035579843004039102,0.0013894365535707654
S2,2140000000,3640000000,1.5,0.09822337988932531,0.03834203847739782
S2,2160000000,2200000000,0.05,0.003624217307437394,0.0014153013279613745
S2,2160000000,3660000000,1.5,0.09071621574099695,0.03541366871543981
S2,2180000000,2220000000,0.05,0.003624217333070112,0.0014153013379712546
S2,2180000000,3680000000,1.5,0.08302698588127255,0.03241376245481165
S2,2200000000,2240000000,0.05,0.004255213267972596,0.001661712648672297
S2,2200000000,3700000000,1.5,0.07533622243567115,0.029412778625280658
S2,2220000000,2260000000,0.05,0.006278487135353034,0.0024518235786401216
S2,2220000000,3720000000,1.5,0.06764468045017026,0.026411056015020057
S2,2240000000,2280000000,0.05,0.007689610462263935,0.0030028814826616075
S2,2240000000,3740000000,1.5,0.059016581158135906,0.023043367226183796
S2,2260000000,2300000000,0.05,0.007708455859683688,0.003010240791087763
S2,2260000000,3760000000,1.5,0.048039862602310926,0.01875836214955427
S2,2280000000,2320000000,0.05,0.007708455885932178,0.0030102408013380497
S2,2280000000,3780000000,1.5,0.037022027847519956,0.014456738398233134
S2,2300000000,2340000000,0.05,0.008223261725200243,0.0032112773131432884
S2,2300000000,3800000000,1.5,0.026004193087640404,0.010154675910470326
S2,2320000000,2360000000,0.05,0.009105184931636895,0.0035556761004910137
S2,2320000000,3820000000,1.5,0.014986358323665155,0.005852305246049598
S2,2340000000,2380000000,0.05,0.009472302283941733,0.003699038463192114
S2,2340000000,3840000000,1.5,0.0026525607627611025,0.0010358577882014508
S2,2360000000,2400000000,0.05,0.009472302273258959,0.003699038459020404
S2,2360000000,3860000000,1.5,0.011268819729402996,0.004400591497933785
S2,2380000000,2420000000,0.05,0.009472302302266089,0.003699038470347923
S2,2380000000,3880000000,1.5,0.025190200194495152,0.009836827560381721
S2,2400000000,2440000000,0.05,0.009438826236835798,0.0036859657949902818
S2,2400000000,3900000000,1.5,0.039111580663325526,0.015272587020030303
S2,2420000000,2460000000,0.05,0.009369353432249483,0.0036588360974274914
S2,2420000000,3920000000,1.5,0.053032961135332055,0.02070760650860785
S2,2440000000,2480000000,0.05,0.009333356716585431,0.0036447790842435704
S2,2440000000,3940000000,1.5,0.06747139206187097,0.026343423339653966
S2,2460000000,2500000000,0.05,0.009333356735589507,0.0036447790916648184
S2,2460000000,3960000000,1.5,0.08263669952582685,0.03226148145656767
S2,2480000000,2520000000,0.05,0.009333356751172708,0.0036447790977501868
S2,2480000000,3980000000,1.5,0.09780200698800821,0.03817768465496852
S2,2500000000,2540000000,0.05,0.009574179426778129,0.0037388223082644263
S2,2500000000,4000000000,1.5,0.11296731444874905,0.044091692774826
S2,2520000000,2560000000,0.05,0.010385259892158896,0.00405555541002534
S2,2520000000,4020000000,1.5,0.12813262190846564,0.050003165782350624
S2,2540000000,2580000000,0.05,0.010962635894218399,0.004281024734798161
S2,2540000000,4040000000,1.5,0.1436167179120031,0.05603593458004232
S2,2560000000,2600000000,0.05,0.010970791603715863,0.004284209593290633
S2,2560000000,4060000000,1.5,0.16028758371427382,0.06252731646774085
S2,2580000000,2620000000,0.05,0.01097356758299406,0.0042852936315400745
S2,2580000000,4080000000,1.5,0.17708427509238367,0.06906329813035293
S2,2600000000,2640000000,0.05,0.011444581941895855,0.004469227729513005
S2,2600000000,4100000000,1.5,0.1938847441403062,0.07559587693534854
S2,2620000000,2660000000,0.05,0.012325975818211397,0.004813416960965167
S2,2620000000,4120000000,1.5,0.21068695165691861,0.08212379655909648
S2,2640000000,2680000000,0.05,0.012742782385884454,0.004976181932108516
S2,2640000000,4140000000,1.5,0.22863058569223166,0.08908876652816707
S2,2660000000,2700000000,0.05,0.012753123360379901,0.004980220129711115
S2,2660000000,4160000000,1.5,0.24915655437751888,0.09704726480879142
S2,2680000000,2720000000,0.05,0.012765400818927741,0.004985014532976295
S2,2680000000,4180000000,1.5,0.2699502378971784,0.10509913734952905
S2,2700000000,2740000000,0.05,0.012787127932853226,0.004993499069078593
S2,2700000000,4200000000,1.5,0.2886745729353585,0.11234000637161767
S2,2720000000,2760000000,0.05,0.01267628798883433,0.004950215564268857
S2,2720000000,4220000000,1.5,0.28914960293737435,0.11252357936177672
S2,2740000000,2780000000,0.05,0.011824636875176162,0.004617641413991977
S2,2740000000,4240000000,1.5,0.2862271614560059,0.11139411612347948
S2,2760000000,2800000000,0.05,0.010329312669261015,0.004033707614014886
S2,2760000000,4260000000,1.5,0.27985354260472967,0.10893002243999668
S2,2780000000,2820000000,0.05,0.009329255674147604,0.003643177593406064
S2,2780000000,4280000000,1.5,0.2699350108147695,0.1050932450648122
S2,2800000000,2840000000,0.05,0.008670580898651902,0.0033859594762844798
S2,2800000000,4300000000,1.5,0.26911294659289964,0.10477512936355823
S2,2820000000,2860000000,0.05,0.006364584644783334,0.002485445562943601
S2,2820000000,4320000000,1.5,0.2719353729676588,0.10586725460462715
S2,2840000000,2880000000,0.05,0.003991242984581363,0.0015586291767976331
S2,2840000000,4340000000,1.5,0.2818595977406543,0.10970570040486245
S2,2860000000,2900000000,0.05,0.003371272097930561,0.0013165232170578736
S2,2860000000,4360000000,1.5,0.2916251867077951,0.11348015346530928
S2,2880000000,2920000000,0.05,0.0032434682307652153,0.0012666142797034005
S2,2880000000,4380000000,1.5,0.2997153512905985,0.11660500071009304
S2,2900000000,2940000000,0.05,0.002532700726679049,0.0009890509871381414
S2,2900000000,4400000000,1.5,0.3069213178258537,0.11938671913968044
S2,2920000000,2960000000,0.05,0.0013177879912274135,0.000514612624334112
S2,2920000000,4420000000,1.5,0.3133565146179997,0.12186958847954799
S2,2940000000,2980000000,0.05,0.0008102315034440172,0.00031640550820446903
S2,2940000000,4440000000,1.5,0.3183101068796911,0.12377995748411699
S2,2960000000,3000000000,0.05,0.000810231506749054,0.0003164055094951271
S2,2960000000,4460000000,1.5,0.322070718319202,0.12522974312875015
S2,2980000000,3020000000,0.05,0.0008102315094596947,0.00031640551055366604
S2,2980000000,4480000000,1.5,0.325713544444171,0.12663369822341763
S2,3000000000,3040000000,0.05,0.0006008402405921001,0.00023463561118840768
S2,3000000000,4500000000,1.5,0.3293869142683933,0.12804899951821608
S2,3020000000,3060000000,0.05,0.000383352889126682,0.00014970408798629285
S2,3020000000,4520000000,1.5,0.33308321326200413,0.12947269909700973
S2,3040000000,3080000000,0.05,0.001946009846245645,0.0007599410186366336
S2,3040000000,4540000000,1.5,0.3365814247312671,0.13081969427360648
S2,3060000000,3100000000,0.05,0.0030813026825994815,0.001203286687885485
S2,3060000000,4560000000,1.5,0.3393209486158868,0.13187427564649906
S2,3080000000,3120000000,0.05,0.003434251726650926,0.0013411175127003934
S2,3080000000,4580000000,1.5,0.3412736896593332,0.13262583356359206
S2,3100000000,3140000000,0.05,0.0034511795046277202,0.0013477280115295211
S2,3100000000,4600000000,1.5,0.342886877103194,0.1332466110263573
S2,3120000000,3160000000,0.05,0.0034836815136055563,0.00136042043270839
S2,3120000000,4620000000,1.5,0.34449447871217576,0.1338651527412839
S2,3140000000,3180000000,0.05,0.0035047670448421255,0.0013686545833167085
S2,3140000000,4640000000,1.5,0.34609062160367565,0.1344792000272848
S2,3160000000,3200000000,0.05,0.0035047670353507143,0.0013686545796101996
S2,3160000000,4660000000,1.5,0.34766565136393845,0.13508504098609891
S2,3180000000,3220000000,0.05,0.0035047670269611857,0.001368654576333989
S2,3180000000,4680000000,1.5,0.3492812133294077,0.13570638576392458
S2,3200000000,3240000000,0.05,0.003516183501020325,0.0013731128451073447
S2,3200000000,4700000000,1.5,0.3525103863950425,0.13694805923062964
S2,3220000000,3260000000,0.05,0.0035645676644111054,0.0013920074353252264
S2,3220000000,4720000000,1.5,0.3566474986721916,0.13853832905631416
S2,3240000000,3280000000,0.05,0.0036086027043782994,0.001409203640505834
S2,3240000000,4740000000,1.5,0.36077318656136004,0.14012361711162796
S2,3260000000,3300000000,0.05,0.003644279509409945,0.0014231358553494571
S2,3260000000,4760000000,1.5,0.3648619007163077,0.14169410981704603
S2,3280000000,3320000000,0.05,0.0036838304195420356,0.0014385809535818355
S2,3280000000,4780000000,1.5,0.3690045710942797,0.1432847233411366
S2,3300000000,3340000000,0.05,0.003706188358320087,0.001447311992885817
S2,3300000000,4800000000,1.5,0.37353611588875635,0.1450239442382848
S2,3320000000,3360000000,0.05,0.003750193111292874,0.0014644963684110532
S2,3320000000,4820000000,1.5,0.3780567297084223,0.14675822797970334
S2,3340000000,3380000000,0.05,0.003785399661713929,0.001478244941464291
S2,3340000000,4840000000,1.5,0.38256592920289745,0.14848738580006612
S2,3360000000,3400000000,0.05,0.0037880179368914575,0.0014792674087744585
S2,3360000000,4860000000,1.5,0.38704254210824374,0.15020330092152995
S2,3380000000,3420000000,0.05,0.0037880177911898735,0.0014792673518762732
S2,3380000000,4880000000,1.5,0.39151762533689466,0.15191787757392244
S2,3400000000,3440000000,0.05,0.003982794082389829,0.0015553297815735152
S2,3400000000,4900000000,1.5,0.3960034325393721,0.1536357996598671
S2,3420000000,3460000000,0.05,0.004948623252163071,0.0019324971857066129
S2,3420000000,4920000000,1.5,0.40048929003414996,0.15535296811066532
S2,3440000000,3480000000,0.05,0.006374097301914447,0.002489160355469335
S2,3440000000,4940000000,1.5,0.4047803717320067,0.15699484590259977
S2,3460000000,3500000000,0.05,0.007112401733520472,0.002777475812444122
S2,3460000000,4960000000,1.5,0.40830040119603633,0.1583411601158171
S2,3480000000,3520000000,0.05,0.007197670930192532,0.002810774285136583
S2,3480000000,4980000000,1.5,0.4111670970166874,0.15943723003574387
S2,3500000000,3540000000,0.05,0.0072881721276679585,0.0028461159007926247
S2,3500000000,5000000000,1.5,0.4139581327194875,0.16050405691722716
S2,3520000000,3560000000,0.05,0.007762500501138692,0.0030313457403978094
S2,3520000000,5020000000,1.5,0.41674778257449147,0.16157004173780354
S2,3540000000,3580000000,0.05,0.008300773728083046,0.003241546459634235
S2,3540000000,5040000000,1.5,0.4194483174895025,0.16260167441814702
S2,3560000000,3600000000,0.05,0.008519451988285312,0.0033269422951238505
S2,3560000000,5060000000,1.5,0.4217636392763886,0.1634859156686574
S2,3580000000,3620000000,0.05,0.008588139125878531,0.0033537652345063283
S2,3580000000,5080000000,1.5,0.42392698845510246,0.1643119192995507
S2,3600000000,3640000000,0.05,0.008879536151873556,0.00346755832577296
S2,3600000000,5100000000,1.5,0.42603417972028645,0.1651162960616628
S2,3620000000,3660000000,0.05,0.010345220659544747,0.004039919799833278
S2,3620000000,5120000000,1.5,0.4281383020533797,0.16591931843336394
S2,3640000000,3680000000,0.05,0.011638409707648852,0.0045449186313871225
S2,3640000000,5140000000,1.5,0.4299655126250977,0.16661651057514193
S2,3660000000,3700000000,0.05,0.01175577599788842,0.004590750849027819
S2,3660000000,5160000000,1.5,0.4306523367782447,0.16687853989823334
S2,3680000000,3720000000,0.05,0.01175808809803218,0.0045916537373972485
S2,3680000000,5180000000,1.5,0.4312303972618947,0.1670990596947174
S2,3700000000,3740000000,0.05,0.012064428009562637,0.004711281175422622
S2,3700000000,5200000000,1.5,0.43139586808749114,0.16716218130355373
S2,3720000000,3760000000,0.05,0.013326330712506301,0.005204059998107364
S2,3720000000,5220000000,1.5,0.43076371845573175,0.16692103111265852
S2,3740000000,3780000000,0.05,0.014304942848352015,0.005586211132219775
S2,3740000000,5240000000,1.5,0.42886364061956794,0.166196095890408
S2,3760000000,3800000000,0.05,0.014327213654986834,0.005594907937428679
S2,3760000000,5260000000,1.5,0.42380194330163196,0.1642641801519388
S2,3780000000,3820000000,0.05,0.014327213637922623,0.005594907930765062
S2,3780000000,5280000000,1.5,0.4183901798514894,0.1621974899538561
S2,3800000000,3840000000,0.05,0.015128370599679059,0.005907761240984266
S2,3800000000,5300000000,1.5,0.41287166437249945,0.1600888095403679
S2,3820000000,3860000000,0.05,0.017149993121431256,0.006697204335347983
S2,3820000000,5320000000,1.5,0.40735314896179736,0.15797891031709366
S2,3840000000,3880000000,0.05,0.01837045867331452,0.007173792570370417
S2,3840000000,5340000000,1.5,0.40063239511947396,0.15540773535164748
S2,3860000000,3900000000,0.05,0.01837045866066357,0.007173792565430271
S2,3860000000,5360000000,1.5,0.3922478544241984,0.15219758449319779
S2,3880000000,3920000000,0.05,0.018370458638570814,0.0071737925568031375
S2,3880000000,5380000000,1.5,0.3838633137646654,0.14898475875993258
S2,3900000000,3940000000,0.05,0.018920985161709647,0.007388770693240702
S2,3900000000,5400000000,1.5,0.3754787731462659,0.14576931461970274
S2,3920000000,3960000000,0.05,0.02023438495824531,0.00790164512762185
S2,3920000000,5420000000,1.5,0.3670942325615501,0.1425513085814533
S2,3940000000,3980000000,0.05,0.02099725820955181,0.008199540827144282
S2,3940000000,5440000000,1.5,0.3581602315020732,0.13911966269728795
S2,3960000000,4000000000,0.05,0.020997258187332696,0.008199540818467918
S2,3960000000,5460000000,1.5,0.3484638140696482,0.13539202522949464
S2,3980000000,4020000000,0.05,0.020997258169284716,0.008199540811420346
S2,3980000000,5480000000,1.5,0.3387673966627114,0.13166120537089573
S2,4000000000,4040000000,0.05,0.02107522403647591,0.008229985771712805
S2,4000000000,5500000000,1.5,0.32907097927675844,0.12792729081300597
S2,4020000000,4060000000,0.05,0.02176970191364927,0.008501172493671078
S2,4020000000,5520000000,1.5,0.31937456190797725,0.12419036932034133
S2,4040000000,4080000000,0.05,0.02250492128616219,0.008788267247723918
S2,4040000000,5540000000,1.5,0.3096005917145162,0.12042060560911495
S2,4060000000,4100000000,0.05,0.022626368822316528,0.008835691007979206
S2,4060000000,5560000000,1.5,0.29921028654420445,0.1164099734387466
S2,4080000000,4120000000,0.05,0.022629108981540885,0.008836761005878437
S2,4080000000,5580000000,1.5,0.28870127400879964,0.11235032503732331
S2,4100000000,4140000000,0.05,0.0233012596100296,0.009099226912053563
S2,4100000000,5600000000,1.5,0.27818952131247665,0.10828651493683399
S2,4120000000,4160000000,0.05,0.02614362690238886,0.010209121928571699
S2,4120000000,5620000000,1.5,0.2676777686265267,0.10421971351498083
S2,4140000000,4180000000,0.05,0.028576869819062323,0.011159244692361835
S2,4140000000,5640000000,1.5,0.2564936410557047,0.09988962429859972
S2,4160000000,4200000000,0.05,0.02676489519745967,0.010451713729495852
S2,4160000000,5660000000,1.5,0.24313920072173317,0.09471518834382103
S2,4180000000,4220000000,0.05,0.006433964221268185,0.002512539014992395
S2,4180000000,5680000000,1.5,0.22952173413174332,0.08943449087915273
S2,4200000000,4240000000,0.05,0.015234539412205761,0.005949220293214573
S2,4200000000,5700000000,1.5,0.2179792684258366,0.08495519868715094
S2,4220000000,4260000000,0.05,0.02197234832147904,0.008580303713984565
S2,4220000000,5720000000,1.5,0.22469273281935181,0.08756085103635142
S2,4240000000,4280000000,0.05,0.028116787516412556,0.010979594856049666
S2,4240000000,5740000000,1.5,0.23481388803073333,0.09148723351580937
S2,4260000000,4300000000,0.05,0.021069908681091043,0.008227910174293957
S2,4260000000,5760000000,1.5,0.24825746978753926,0.09669887225702035
S2,4280000000,4320000000,0.05,0.007328893521258317,0.002862018007170653
S2,4280000000,5780000000,1.5,0.26452025536442403,0.10299756302131774
S2,4300000000,4340000000,0.05,0.004076070249102781,0.0015917552151851807
S2,4300000000,5800000000,1.5,0.2709169582809339,0.10547320780323262
S2,4320000000,4360000000,0.05,0.013325229095352942,0.005203629812405644
S2,4320000000,5820000000,1.5,0.2734387286958899,0.106448885447491
S2,4340000000,4380000000,0.05,0.013864510565362864,0.005414221092794525
S2,4340000000,5840000000,1.5,0.2684243382875435,0.10450864371691183
S2,4360000000,4400000000,0.05,0.01192485902012802,0.0046567787228919705
S2,4360000000,5860000000,1.5,0.26168686531182506,0.10190064937614693
S2,4380000000,4420000000,0.05,0.010397695096635962,0.004060411447065373
S2,4380000000,5880000000,1.5,0.2561292384425287,0.09974848752132216
S2,4400000000,4440000000,0.05,0.00885608832715834,0.003458401747511596
S2,4400000000,5900000000,1.5,0.25133141701151934,0.09788993624546713
S2,4420000000,4460000000,0.05,0.007396415709974846,0.0028883860861230264
S2,4420000000,5920000000,1.5,0.24730095406510366,0.09632820386326753
S2,4440000000,4480000000,0.05,0.006593206061035917,0.0025747246115544304
S2,4440000000,5940000000,1.5,0.2440388426288293,0.09506390722232556
S2,4460000000,4500000000,0.05,0.00650596444244228,0.002540655853071848
S2,4460000000,5960000000,1.5,0.24145843331338546,0.09406363858065997
S2,4480000000,4520000000,0.05,0.006559437308373439,0.0025615375633672075
S2,4480000000,5980000000,1.5,0.23899580932147868,0.09310888213911227
S2,4500000000,4540000000,0.05,0.0065936702222817445,0.0025749058713304173
S2,4500000000,6000000000,1.5,0.23650264163317442,0.0921421401460661
S2,4520000000,4560000000,0.05,0.006621088243009332,0.002585612892274983
S2,4520000000,6020000000,1.5,0.23398654477730035,0.09116636205621553
S2,4540000000,4580000000,0.05,0.00663827477431167,0.0025923244104278467
S2,4540000000,6040000000,1.5,0.23145394505602052,0.09018403821387475
S2,4560000000,4600000000,0.05,0.0066472311699066755,0.002595821975425647
S2,4560000000,6060000000,1.5,0.2289021633570208,0.08919412797006639
S2,4580000000,4620000000,0.05,0.006655040779493526,0.002598871708598687
S2,4580000000,6080000000,1.5,0.22634930940162362,0.08820365647667489
S2,4600000000,4640000000,0.05,0.006654924005109419,0.0025988261069963617
S2,4600000000,6100000000,1.5,0.22378857130681318,0.08720998167595188
S2,4620000000,4660000000,0.05,0.0066548541653682625,0.0025987988338565583
S2,4620000000,6120000000,1.5,0.22122790774174422,0.08621619283493084
S2,4640000000,4680000000,0.05,0.006695358770574145,0.002614616299742532
S2,4640000000,6140000000,1.5,0.2186672220113392,0.08522225405992374
S2,4660000000,4700000000,0.05,0.00834950206645474,0.0032605753192249862
S2,4660000000,6160000000,1.5,0.21610653627173587,0.08422817557841099
S2,4680000000,4720000000,0.05,0.01087105236974506,0.0042452607579736915
S2,4680000000,6180000000,1.5,0.21350531833162928,0.08321822081556869
S2,4700000000,4740000000,0.05,0.011778983667337872,0.0045998135767994315
S2,4700000000,6200000000,1.5,0.20929048929554805,0.0815814636662349
S2,4720000000,4760000000,0.05,0.011778969708527265,0.004599808125804169
S2,4720000000,6220000000,1.5,0.20416772105231468,0.0795916366760951
S2,4740000000,4780000000,0.05,0.011839987237297955,0.004623635817125012
S2,4740000000,6240000000,1.5,0.1990485398190267,0.0776026813509279
S2,4760000000,4800000000,0.05,0.012318494681858583,0.004810495539274961
S2,4760000000,6260000000,1.5,0.19393120706039935,0.07561393607332592
S2,4780000000,4820000000,0.05,0.012735989033684614,0.004973529097085291
S2,4780000000,6280000000,1.5,0.18875285072447856,0.07360097138336222
S2,4800000000,4840000000,0.05,0.012736001672461195,0.004973534032585253
S2,4800000000,6300000000,1.5,0.18315701052144157,0.07142516534872102
S2,4820000000,4860000000,0.05,0.012736005511114312,0.004973535531596823
S2,4820000000,6320000000,1.5,0.17756115983378823,0.06924879609451072
S2,4840000000,4880000000,0.05,0.01273709579571114,0.004973961292709272
S2,4840000000,6340000000,1.5,0.17197083827178739,0.06707403595011018
S2,4860000000,4900000000,0.05,0.01274890836801984,0.004978574156028005
S2,4860000000,6360000000,1.5,0.16638387174108432,0.06490005741221366
S2,4880000000,4920000000,0.05,0.012759682488445168,0.004982781499002416
S2,4880000000,6380000000,1.5,0.1607958166103327,0.06272514868516912
S2,4900000000,4940000000,0.05,0.012759733275024443,0.004982801331392011
S2,4900000000,6400000000,1.5,0.1551970375072359,0.06054557504700808
S2,4920000000,4960000000,0.05,0.012759734414049428,0.004982801776186435
S2,4920000000,6420000000,1.5,0.14959820825600556,0.05836550741008782
S2,4940000000,4980000000,0.05,0.012760822586595166,0.004983226712501156
S2,4940000000,6440000000,1.5,0.14400490691485568,0.05618713550394528
S2,4960000000,5000000000,0.05,0.012770133256971627,0.0049868625714531295
S2,4960000000,6460000000,1.5,0.138414959057912,0.05400963058672509
S2,4980000000,5020000000,0.05,0.012778356487996578,0.004990073780323222
S2,4980000000,6480000000,1.5,0.13282392352891115,0.05183127993990253
S2,5000000000,5040000000,0.05,0.012778356897682974,0.004990073940307609
S2,5000000000,6500000000,1.5,0.12722466500144503,0.04964931954780735
S2,5020000000,5060000000,0.05,0.012778357203035828,0.004990074059549277
S2,5020000000,6520000000,1.5,0.1216254062413133,0.047466969917681484
S2,5040000000,5080000000,0.05,0.012779444693683029,0.004990498729554278
S2,5040000000,6540000000,1.5,0.11602602656504862,0.045284201105441124
S2,5060000000,5100000000,0.05,0.01278999243218315,0.004994617668958367
S2,5060000000,6560000000,1.5,0.11042659501505803,0.04310105711747797
S2,5080000000,5120000000,0.05,0.01279945272415578,0.004998311955476122
S2,5080000000,6580000000,1.5,0.10482607610275785,0.040917151240616866
S2,5100000000,5140000000,0.05,0.01281086905668477,0.005002770084470163
S2,5100000000,6600000000,1.5,0.09921609681415211,0.038729234664374945
S2,5120000000,5160000000,0.05,0.01285925538440974,0.0050216651603905696
S2,5120000000,6620000000,1.5,0.09360611760987397,0.036541013400891165
S2,5140000000,5180000000,0.05,0.01290329434444587,0.00503886256736174
S2,5140000000,6640000000,1.5,0.08797734012539143,0.034345170773791886
S2,5160000000,5200000000,0.05,0.012499307307134833,0.004881103767588152
S2,5160000000,6660000000,1.5,0.0823061947255278,0.03213252492184701
S2,5180000000,5220000000,0.05,0.011291409291869225,0.004409412863773507
S2,5180000000,6680000000,1.5,0.07662798027675932,0.029916862183676594
S2,5200000000,5240000000,0.05,0.009532200541639446,0.003722429216575279
S2,5200000000,6700000000,1.5,0.07136082191438925,0.027861379251399792
S2,5220000000,5260000000,0.05,0.006364555558406537,0.0024854342044078673
S2,5220000000,6720000000,1.5,0.0668905054810447,0.02611670784294006
S2,5240000000,5280000000,0.05,0.0038314820802735072,0.001496240668568088
S2,5240000000,6740000000,1.5,0.06337113938816152,0.0247430803180534
S2,5260000000,5300000000,0.05,0.003396934725854339,0.0013265447792829563
S2,5260000000,6760000000,1.5,0.062037160131380165,0.024222400781314487
S2,5280000000,5320000000,0.05,0.0032901827482305634,0.001284856857611714
S2,5280000000,6780000000,1.5,0.06103097619078379,0.023829659355563124
S2,5300000000,5340000000,0.05,0.0028891013466535442,0.0011282297504335065
S2,5300000000,6800000000,1.5,0.060131544288656746,0.023478581095077142
S2,5320000000,5360000000,0.05,0.0020446985838322718,0.000798480183490131
S2,5320000000,6820000000,1.5,0.059232112326145336,0.02312749806260833
S2,5340000000,5380000000,0.05,0.0016013773185059588,0.0006253577673235464
S2,5340000000,6840000000,1.5,0.05872234534509524,0.022928514240593244
S2,5360000000,5400000000,0.05,0.0016013773827310285,0.0006253577924042298
S2,5360000000,6860000000,1.5,0.05861893197688661,0.02288814740461267
S2,5380000000,5420000000,0.05,0.00160137743545552,0.0006253578129937953
S2,5380000000,6880000000,1.5,0.05850917191045735,0.022845303103165425
S2,5400000000,5440000000,0.05,0.0016024435175170382,0.0006257741312140283
S2,5400000000,6900000000,1.5,0.05839794545840771,0.022801886335121764
S2,5420000000,5460000000,0.05,0.0016039664663434205,0.0006263688615518351
S2,5420000000,6920000000,1.5,0.058286718983018515,0.022758469487445213
S2,5440000000,5480000000,0.05,0.0016044233701899557,0.0006265472881504049
S2,5440000000,6940000000,1.5,0.058163009968806745,0.022710180043739852
S2,5460000000,5500000000,0.05,0.0016044233944428887,0.000626547297621475
S2,5460000000,6960000000,1.5,0.05800187637644727,0.02264728189761973
S2,5480000000,5520000000,0.05,0.001604423414550582,0.0006265473054737777
S2,5480000000,6980000000,1.5,0.057834404406227335,0.022581909423749026
S2,5500000000,5540000000,0.05,0.0016048364742337062,0.0006267086103846734
S2,5500000000,7000000000,1.5,0.05766549926082187,0.02251597735136434
S2,5520000000,5560000000,0.05,0.0016054265498764986,0.0006269390422153554
S2,5520000000,7020000000,1.5,0.057496594105617804,0.02245004511456547
S2,5540000000,5580000000,0.05,0.0016056035804455915,0.0006270081748403245
S2,5540000000,7040000000,1.5,0.05732727590021647,0.0223839514826479
S2,5560000000,5600000000,0.05,0.0016056035905887,0.0006270081788013337
S2,5560000000,7060000000,1.5,0.057157780670020863,0.022317788588138175
S2,5580000000,5620000000,0.05,0.0016056035992679796,0.0006270081821906996
S2,5580000000,7080000000,1.5,0.05698719815267983,0.02225120110648933
S2,5600000000,5640000000,0.05,0.0016053793532576632,0.0006269206113524451
S2,5600000000,7100000000,1.5,0.05678617166604283,0.02217272950731381
S2,5620000000,5660000000,0.05,0.0016050589975953322,0.0006267955085073448
S2,5620000000,7120000000,1.5,0.05656382516363423,0.022085935282586244
S2,5640000000,5680000000,0.05,0.0016049628951009254,0.0006267579792956398
S2,5640000000,7140000000,1.5,0.05634170291144702,0.021999228322652487
S2,5660000000,5700000000,0.05,0.0016049629015630895,0.0006267579818191948
S2,5660000000,7160000000,1.5,0.05611967676490548,0.02191255860704813
S2,5680000000,5720000000,0.05,0.0016049629088766837,0.0006267579846752436
S2,5680000000,7180000000,1.5,0.055896563336620964,0.0218254641901217
S2,5700000000,5740000000,0.05,0.001600080192690978,0.0006248512236619849
S2,5700000000,7200000000,1.5,0.05551826470733623,0.02167779115603808
S2,5720000000,5760000000,0.05,0.0015923886467084092,0.0006218475798927552
S2,5720000000,7220000000,1.5,0.054817211841199254,0.02140412540643651
S2,5740000000,5780000000,0.05,0.0015895798172781417,0.0006207506972824421
S2,5740000000,7240000000,1.5,0.05412104169843557,0.021132363093339046
S2,5760000000,5800000000,0.05,0.0015895798123035654,0.0006207506953398085
S2,5760000000,7260000000,1.5,0.05342768038411372,0.02086169471100799
S2,5780000000,5820000000,0.05,0.0015895798102075753,0.0006207506945212985
S2,5780000000,7280000000,1.5,0.052711375894666235,0.02058206733800001
S2,5800000000,5840000000,0.05,0.001583450255712382,0.0006183570277239393
S2,5800000000,7300000000,1.5,0.05103560044120825,0.01992787622621078
S2,5820000000,5860000000,0.05,0.0015733657112880772,0.0006144188884592852
S2,5820000000,7320000000,1.5,0.04913935574251371,0.01918760123357431
S2,5840000000,5880000000,0.05,0.0015694107203481078,0.0006128744156006434
S2,5840000000,7340000000,1.5,0.04724601090484992,0.018448441108506925
S2,5860000000,5900000000,0.05,0.0015694107198223062,0.0006128744153953114
S2,5860000000,7360000000,1.5,0.045353373558011834,0.017709540663123607
S2,5880000000,5920000000,0.05,0.0015694107192109064,0.0006128744151565522
S2,5880000000,7380000000,1.5,0.043437096966144395,0.01696139511652773
S2,5900000000,5940000000,0.05,0.0015635139444682977,0.0006105716517117518
S2,5900000000,7400000000,1.5,0.04095028023703262,0.015990478307827016
S2,5920000000,5960000000,0.05,0.0015538949582566408,0.0006068153186554279
S2,5920000000,7420000000,1.5,0.038419346379998776,0.015002311669890458
S2,5940000000,5980000000,0.05,0.0015501727536852972,0.0006053617517407492
S2,5940000000,7440000000,1.5,0.03588918503335281,0.01401442263353872
S2,5960000000,6000000000,0.05,0.001550172762231239,0.000605361755078045
S2,5960000000,7460000000,1.5,0.033357606215302704,0.013025957704815377
S2,5980000000,6020000000,0.05,0.0015501727641951124,0.000605361755844962
S2,5980000000,7480000000,1.5,0.030800669014416804,0.01202757031580653
S2,6000000000,6040000000,0.05,0.001544973645127845,0.0006033314355522792
S2,6000000000,7500000000,1.5,0.027903295363343017,0.010896231681243231
S2,6020000000,6060000000,0.05,0.001536706822729772,0.0006001031391625884
S2,6020000000,7520000000,1.5,0.024984940882562534,0.009756677542769735
S2,6040000000,6080000000,0.05,0.0015336391199147759,0.0005989051632696757
S2,6040000000,7540000000,1.5,0.022065497888096752,0.008616677578088192
S2,6060000000,6100000000,0.05,0.0015336391196990595,0.0005989051631854358
S2,6060000000,7560000000,1.5,0.01914281741387691,0.007475395034767347
S2,6080000000,6120000000,0.05,0.0015336391196141275,0.0005989051631522688
S2,6080000000,7580000000,1.5,0.01619450341011608,0.006324086643019618
S2,6100000000,6140000000,0.05,0.0015335747096354435,0.0005988800102589064
S2,6100000000,7600000000,1.5,0.013115187437203302,0.005121607714766761
S2,6120000000,6160000000,0.05,0.0015334826953599112,0.0005988440775461867
S2,6120000000,7620000000,1.5,0.010029096388316061,0.003916470927046304
S2,6140000000,6180000000,0.05,0.001533455090864222,0.0005988332976491797
S2,6140000000,7640000000,1.5,0.00693627916428996,0.002708698174703665
S2,6160000000,6200000000,0.05,0.001533455090266922,0.0005988332974159267
S2,6160000000,7660000000,1.5,0.003836683442581701,0.0014982718617498083
S2,6180000000,6220000000,0.05,0.0015334550904304578,0.0005988332974797895
S2,6180000000,7680000000,1.5,0.0007236983522214135,0.0002826132348772545
S2,6200000000,6240000000,0.05,0.001537034190816522,0.0006002309804495158
S2,6200000000,7700000000,1.5,0.002565386794936897,0.0010018152944716594
S2,6220000000,6260000000,0.05,0.0015424557166119346,0.000602348153326414
S2,6220000000,7720000000,1.5,0.005861849910937744,0.00228912229096988
S2,6240000000,6280000000,0.05,0.0015442981427498115,0.0006030676435194964
S2,6240000000,7740000000,1.5,0.00916929681615719,0.003580712330470729
S2,6260000000,6300000000,0.05,0.0015442981429008018,0.0006030676435784599
S2,6260000000,7760000000,1.5,0.012485999097924583,0.004875906847139321
S2,6280000000,6320000000,0.05,0.0015442981429942826,0.0006030676436149654
S2,6280000000,7780000000,1.5,0.015810947498624106,0.006174308066253397
S2,6300000000,6340000000,0.05,0.0015498294228070142,0.0006052276767869717
S2,6300000000,7800000000,1.5,0.01914407595728751,0.007475886489166717
S2,6320000000,6360000000,0.05,0.0015587174184104047,0.0006086985489779088
S2,6320000000,7820000000,1.5,0.02247720441505563,0.008777444147936509
S2,6340000000,6380000000,0.05,0.0015620741342564637,0.0006100093880213886
S2,6340000000,7840000000,1.5,0.02581586415156445,0.010081137281413667
S2,6360000000,6400000000,0.05,0.0015620741341714206,0.0006100093879881782
S2,6360000000,7860000000,1.5,0.029157880603231545,0.01138611302205893
S2,6380000000,6420000000,0.05,0.0015620741341180189,0.0006100093879673242
S2,6380000000,7880000000,1.5,0.03250085610933784,0.012691431442909353
S2,6400000000,6440000000,0.05,0.0015676026826442202,0.0006121683545232354
S2,6400000000,7900000000,1.5,0.035849201277443066,0.013998810988784584
S2,6420000000,6460000000,0.05,0.0015764852159558806,0.000615637093597617
S2,6420000000,7920000000,1.5,0.03919754644504492,0.01530615129785129
S2,6440000000,6480000000,0.05,0.0015798392006506345,0.0006169468660836124
S2,6440000000,7940000000,1.5,0.04255142016076896,0.016615607184529434
S2,6460000000,6500000000,0.05,0.0015798392005046402,0.0006169468660265998
S2,6460000000,7960000000,1.5,0.04590864786089022,0.017926325773940998
S2,6480000000,6520000000,0.05,0.001579839200398725,0.0006169468659852385
S2,6480000000,7980000000,1.5,0.049266758405868916,0.01923733850890322
S2,6500000000,6540000000,0.05,0.0015797184612865722,0.0006168997158693697
S2,6500000000,8000000000,1.5,0.0526295527222117,0.02055012544745727
S2,6520000000,6560000000,0.05,0.0015795459767805609,0.00061683235853752
S2,6520000000,8020000000,1.5,0.05599234703836581,0.021862854288765613
S2,6540000000,6580000000,0.05,0.0015794942313922533,0.000616812151323709
S2,6540000000,8040000000,1.5,0.059355020615278864,0.023175474192273268
S2,6560000000,6600000000,0.05,0.0015794942312772342,0.0006168121512787926
S2,6560000000,8060000000,1.5,0.06271764244660877,0.024488008383840076
S2,6580000000,6620000000,0.05,0.0015794942312719051,0.0006168121512767114
S2,6580000000,8080000000,1.5,0.06608135155979944,0.025800897717965992
S2,6600000000,6640000000,0.05,0.0015721123679240945,0.000613929442380499
S2,6600000000,8100000000,1.5,0.06945445339970668,0.02711737983660028
S2,6620000000,6660000000,0.05,0.0015593325000635705,0.0006089387459690468
S2,6620000000,8120000000,1.5,0.07282755524020401,0.028433784821343438
S2,6640000000,6680000000,0.05,0.001553934495813758,0.0006068307585604007
S2,6640000000,8140000000,1.5,0.07619327521706182,0.02974722830947332
S2,6660000000,6700000000,0.05,0.0015539344959962786,0.0006068307586316773
S2,6660000000,8160000000,1.5,0.07955359718949312,0.031058481232344667
S2,6680000000,6720000000,0.05,0.0015539344961545964,0.0006068307586935024
S2,6680000000,8180000000,1.5,0.08291500644375144,0.032370070711279585
S2,6700000000,6740000000,0.05,0.0015425180154117202,0.0006023724817782203
S2,6700000000,8200000000,1.5,0.0863017120298582,0.0336914380929007
S2,6720000000,6760000000,0.05,0.0015112102087420087,0.0005901463959964285
S2,6720000000,8220000000,1.5,0.08969599409837481,0.03501566460246679
S2,6740000000,6780000000,0.05,0.0014913188828957757,0.0005823785871226476
S2,6740000000,8240000000,1.5,0.09308647028464151,0.036338305621919635
S2,6760000000,6800000000,0.05,0.001491318883130921,0.0005823785872144748
S2,6760000000,8260000000,1.5,0.09646468826328342,0.037656060795847164
S2,6780000000,6820000000,0.05,0.0014913188835921076,0.0005823785873945739
S2,6780000000,8280000000,1.5,0.09985560182001235,0.03897866013815878
S2,6800000000,6840000000,0.05,0.0014799024030920371,0.0005779203104682456
S2,6800000000,8300000000,1.5,0.10331098691235002,0.040326290811699424
S2,6820000000,6860000000,0.05,0.0014315182345735478,0.0005590256936491104
S2,6820000000,8320000000,1.5,0.10676637200425909,0.04167380111428903
S2,6840000000,6880000000,0.05,0.0013882038838680666,0.0005421109031741707
S2,6840000000,8340000000,1.5,0.11021034061491802,0.04301673551338136
S2,6860000000,6900000000,0.05,0.0013803908642521234,0.0005390598222088496
S2,6860000000,8360000000,1.5,0.11361734153734843,0.04434512931021981
S2,6880000000,6920000000,0.05,0.0013789245080166879,0.0005384871919294679
S2,6880000000,8380000000,1.5,0.11704387467180566,0.04568100893836326
S2,6900000000,6940000000,0.05,0.0013675080279160756,0.0005340289149800685
S2,6900000000,8400000000,1.5,0.12104965241860444,0.047242544518637714
S2,6920000000,6960000000,0.05,0.0013191238597721755,0.0005151342975641963
S2,6920000000,8420000000,1.5,0.12509919778191814,0.048820948970288394
S2,6940000000,6980000000,0.05,0.0012758178076105464,0.0004982227471301969
S2,6940000000,8440000000,1.5,0.12925620791001863,0.050441032063745145
S2,6960000000,7000000000,0.05,0.0012680462788174918,0.0004951878687320687
S2,6960000000,8460000000,1.5,0.13344190893514413,0.05207207647215808
S2,6980000000,7020000000,0.05,0.0012666131139410508,0.0004946282000688438
S2,6980000000,8480000000,1.5,0.1376212715955764,0.05370042345110767
S2,7000000000,7040000000,0.05,0.001266613113628301,0.0004946281999467111
S2,7000000000,8500000000,1.5,0.14179920109171057,0.055327977670381764
S2,7020000000,7060000000,0.05,0.0012666131142795578,0.000494628200201035
S2,7020000000,8520000000,1.5,0.14597713058710493,0.05695529045068065
S2,7040000000,7080000000,0.05,0.0012655258329089536,0.0004942036033374909
S2,7040000000,8540000000,1.5,0.14987239593260593,0.05847228117784431
S2,7060000000,7100000000,0.05,0.001233994586610665,0.00048189026043253893
S2,7060000000,8560000000,1.5,0.1535525825513272,0.05990530694734041
S2,7080000000,7120000000,0.05,0.001182230610222379,0.00046167578513056065
S2,7080000000,8580000000,1.5,0.1572243959681921,0.0613348701400021
S2,7100000000,7140000000,0.05,0.0011609105986618573,0.00045335005589001943
S2,7100000000,8600000000,1.5,0.16086501842491108,0.06275208552740272
S2,7120000000,7160000000,0.05,0.0011609105988665824,0.00045335005596996715
S2,7120000000,8620000000,1.5,0.16448432086968945,0.0641607953973943
S2,7140000000,7180000000,0.05,0.0011598233202748665,0.00045292546017800087
S2,7140000000,8640000000,1.5,0.16787198549942328,0.06547915659284727
S2,7160000000,7200000000,0.05,0.001003550843993839,0.00039189911625763587
S2,7160000000,8660000000,1.5,0.1710442848439231,0.06671353485688138
S2,7180000000,7220000000,0.05,0.0005256114134549739,0.00020525781621672594
S2,7180000000,8680000000,1.5,0.17420797547015954,0.06794439621214392
S2,7200000000,7240000000,0.05,0.00020285718379031703,7.921826256185328e-05
S2,7200000000,8700000000,1.5,0.1772089870066748,0.069111808777094
S2,7220000000,7260000000,0.05,0.0002028571896228737,7.921826483953944e-05
S2,7220000000,8720000000,1.5,0.17987976544017137,0.07015062778277215
S2,7240000000,7280000000,0.05,0.00017991401350880842,7.025866819015321e-05
S2,7240000000,8740000000,1.5,0.18242384197714573,0.07114004884091336
S2,7260000000,7300000000,0.05,0.000802500130601902,0.00031338631083814377
S2,7260000000,8760000000,1.5,0.18480855997809287,0.07206738901421632
S2,7280000000,7320000000,0.05,0.0019824403419449466,0.0007741675751367862
S2,7280000000,8780000000,1.5,0.18716368630117214,0.0729831213801694
S2,7300000000,7340000000,0.05,0.0022061392806459468,0.0008615247553716177
S2,7300000000,8800000000,1.5,0.18855271091032716,0.07352316172986348
S2,7320000000,7360000000,0.05,0.002212616473213802,0.0008640541783859347
S2,7320000000,8820000000,1.5,0.18971464941807986,0.07397488580355892
S2,7340000000,7380000000,0.05,0.0022395032183574193,0.0008745537815094171
S2,7340000000,8840000000,1.5,0.19065987441751198,0.0743423402710025
S2,7360000000,7400000000,0.05,0.002833682601156906,0.001106588060630594
S2,7360000000,8860000000,1.5,0.19135955087406759,0.07461432750680977
S2,7380000000,7420000000,0.05,0.003448339866934713,0.001346619099210572
S2,7380000000,8880000000,1.5,0.19203030913973446,0.07487506471828884
S2,7400000000,7440000000,0.05,0.003497581259211513,0.0013658484486218612
S2,7400000000,8900000000,1.5,0.19212525933130126,0.07491197308524045
S2,7420000000,7460000000,0.05,0.0035078452064394305,0.001369856642000302
S2,7420000000,8920000000,1.5,0.19217083703709437,0.07492968966872739
S2,7440000000,7480000000,0.05,0.0035383432652507096,0.0013817664962190652
S2,7440000000,8940000000,1.5,0.19217652662074935,0.0749319012732293
S2,7460000000,7500000000,0.05,0.0039041380897284483,0.0015246136942239537
S2,7460000000,8960000000,1.5,0.19211562279316274,0.07490822724598453
S2,7480000000,7520000000,0.05,0.004265555367659157,0.0016657513585452684
S2,7480000000,8980000000,1.5,0.19202441239960416,0.0748727725736022
S2,7500000000,7540000000,0.05,0.00429282383011842,0.0016764000091753386
S2,7500000000,9000000000,1.5,0.19158781050049045,0.07470305755220243
S2,7520000000,7560000000,0.05,0.004305416645955851,0.001681317649604715
S2,7520000000,9020000000,1.5,0.19112528325436628,0.0745232609983168
S2,7540000000,7580000000,0.05,0.0043373553580658974,0.0016937900862854709
S2,7540000000,9040000000,1.5,0.19056476797440103,0.07430536856740962
S2,7560000000,7600000000,0.05,0.00449399085697455,0.001754958054915951
S2,7560000000,9060000000,1.5,0.18994752331335107,0.07406541663604145
S2,7580000000,7620000000,0.05,0.00463176790218589,0.0018087615710177063
S2,7580000000,9080000000,1.5,0.18930464512111433,0.07381549224983713
S2,7600000000,7640000000,0.05,0.004645333563277898,0.0018140591167771793
S2,7600000000,9100000000,1.5,0.18853076495866472,0.07351462961510431
S2,7620000000,7660000000,0.05,0.004658930250374449,0.0018193687784624165
S2,7620000000,9120000000,1.5,0.18774991562889182,0.07321104641019363
S2,7640000000,7680000000,0.05,0.004679125721204325,0.0018272553404468188
S2,7640000000,9140000000,1.5,0.18674232689826192,0.07281929364030978
S2,7660000000,7700000000,0.05,0.004868615147251676,0.0019012531160376715
S2,7660000000,9160000000,1.5,0.18548504087468198,0.07233043209156685
S2,7680000000,7720000000,0.05,0.0050520931727287,0.001972903355092595
S2,7680000000,9180000000,1.5,0.18421119245143425,0.07183510155235637
S2,7700000000,7740000000,0.05,0.005066875830403772,0.001978676148986547
S2,7700000000,9200000000,1.5,0.18275807721873277,0.0712700283069195
S2,7720000000,7760000000,0.05,0.005081693470374904,0.001984462603751627
S2,7720000000,9220000000,1.5,0.18129444892137692,0.07070082881268726
S2,7740000000,7780000000,0.05,0.005097352539717104,0.0019905776460143747
S2,7740000000,9240000000,1.5,0.17961697832252077,0.07004842031040374
S2,7760000000,7800000000,0.05,0.005113778716462125,0.0019969922521932268
S2,7760000000,9260000000,1.5,0.17774813130956502,0.06932152292556124
S2,7780000000,7820000000,0.05,0.005121958773437241,0.0020001866561014255
S2,7780000000,9280000000,1.5,0.17586903698405393,0.06859057877182366
S2,7800000000,7840000000,0.05,0.0051219587714699255,0.0020001866553331672
S2,7800000000,9300000000,1.5,0.1739797642626394,0.06785561430966336
S2,7820000000,7860000000,0.05,0.005121958769765511,0.002000186654667574
S2,7820000000,9320000000,1.5,0.17208850691602168,0.0671198171436979
S2,7840000000,7880000000,0.05,0.005122917823516926,0.0020005611759017286
S2,7840000000,9340000000,1.5,0.16989122873964602,0.06626488668030996
S2,7860000000,7900000000,0.05,0.0051292465400401,0.0020030326105927574
S2,7860000000,9360000000,1.5,0.16584300517850536,0.06468957037463337
S2,7880000000,7920000000,0.05,0.0051346162015890595,0.0020051295235581365
S2,7880000000,9380000000,1.5,0.16125634818630408,0.06290440942549984
S2,7900000000,7940000000,0.05,0.005134616200681674,0.002005129523203792
S2,7900000000,9400000000,1.5,0.15604050281167697,0.06087396218453599
S2,7920000000,7960000000,0.05,0.005134616199889419,0.0020051295228944075
S2,7920000000,9420000000,1.5,0.15079113173377384,0.058830045920367245
S2,7940000000,7980000000,0.05,0.005135499044449321,0.0020054742835799305
S2,7940000000,9440000000,1.5,0.1452780685557507,0.05668302136462852
S2,7960000000,8000000000,0.05,0.005141065660816846,0.0020076481095897734
S2,7960000000,9460000000,1.5,0.13824866995276736,0.05394484788247071
S2,7980000000,8020000000,0.05,0.005145749432098168,0.002009477174697947
S2,7980000000,9480000000,1.5,0.13094457070092808,0.05109896430333544
S2,8000000000,8040000000,0.05,0.0051457494317805885,0.002009477174573929
S2,8000000000,9500000000,1.5,0.12265836292347032,0.04786960038683146
S2,8020000000,8060000000,0.05,0.005145749431462399,0.002009477174449672
S2,8020000000,9520000000,1.5,0.11411204213749859,0.04453800306703482
S2,8040000000,8080000000,0.05,0.005146836713128322,0.002009901770107972
S2,8040000000,9540000000,1.5,0.10521374742346407,0.04106833306452183
S2,8060000000,8100000000,0.05,0.005157316721820682,0.0020139943307535173
S2,8060000000,9560000000,1.5,0.09586107949463263,0.037420616452722495
S2,8080000000,8120000000,0.05,0.005166709449132667,0.002017662295808447
S2,8080000000,9580000000,1.5,0.08650732450282278,0.03377165741004059
S2,8100000000,8140000000,0.05,0.0051667094494310395,0.0020176622959249646
S2,8100000000,9600000000,1.5,0.07714417630471071,0.03011829423948705
S2,8120000000,8160000000,0.05,0.005166709449225537,0.002017662295844714
S2,8120000000,9620000000,1.5,0.06778102875234965,0.02646427121541588
S2,8140000000,8180000000,0.05,0.005167796730875862,0.002018086891485449
S2,8140000000,9640000000,1.5,0.058089782093898534,0.02268159572083076
S2,8160000000,8200000000,0.05,0.005194180344368804,0.0020283899873516126
S2,8160000000,9660000000,1.5,0.046823400680693184,0.018283452175892757
S2,8180000000,8220000000,0.05,0.005227053158468775,0.0020412271880677715
S2,8180000000,9680000000,1.5,0.03527865750012943,0.01377604174621249
S2,8200000000,8240000000,0.05,0.005242240239371587,0.0020471579124387946
S2,8200000000,9700000000,1.5,0.023652564885493554,0.00923640655594207
S2,8220000000,8260000000,0.05,0.005257483956166598,0.0020531107536382927
S2,8220000000,9720000000,1.5,0.012018895690203202,0.00469350055857914
S2,8240000000,8280000000,0.05,0.005277812652475067,0.0020610493357908306
S2,8240000000,9740000000,1.5,0.000388955351781739,0.00015189191955230922
S2,8260000000,8300000000,0.05,0.005354979765935686,0.0020911839504676177
S2,8260000000,9760000000,1.5,0.011231054618026093,0.004385843983800155
S2,8280000000,8320000000,0.05,0.005419451300654632,0.0021163607982878476
S2,8280000000,9780000000,1.5,0.02286376014784658,0.008928389289223487
S2,8300000000,8340000000,0.05,0.005419451299475964,0.0021163607978275647
S2,8300000000,9800000000,1.5,0.03456093719803649,0.013495805730005254
S2,8320000000,8360000000,0.05,0.005419451298515787,0.002116360797452605
S2,8320000000,9820000000,1.5,0.046258114234895564,0.018062760529533168
S2,8340000000,8380000000,0.05,0.005445330173019569,0.0021264667837331648
S2,8340000000,9840000000,1.5,0.05794390561479629,0.022624653101345926
S2,8360000000,8400000000,0.05,0.006051920017003887,0.002363346710929008
S2,8360000000,9860000000,1.5,0.06961125537822538,0.02717857596402858
S2,8380000000,8420000000,0.05,0.00667639860209579,0.002607212158628632
S2,8380000000,9880000000,1.5,0.08130448401037149,0.03174167156896648
S2,8400000000,8440000000,0.05,0.006839047463498116,0.0026707282068901116
S2,8400000000,9900000000,1.5,0.09357842360638735,0.036530210386249665
S2,8420000000,8460000000,0.05,0.007023587293453815,0.0027427928814407086
S2,8420000000,9920000000,1.5,0.10589613081415727,0.04133444124837741
S2,8440000000,8480000000,0.05,0.007089245877947237,0.0027684332187630284
S2,8440000000,9940000000,1.5,0.11832130278159342,0.04617899721658825
S2,8460000000,8500000000,0.05,0.007089245877748951,0.002768433218685596
S2,8460000000,9960000000,1.5,0.1307751656390262,0.05103295106820657
S2,8480000000,8520000000,0.05,0.007089245877587469,0.0027684332186225357
S2,8480000000,9980000000,1.5,0.14322196113676494,0.05588217332180969
S2,8500000000,8540000000,0.05,0.006806581727267058,0.0026580500053693256
S2,8500000000,10000000000,1.5,0.15563831266498046,0.060717378464640294
S2,8520000000,8560000000,0.05,0.006308838849942711,0.002463676243405834
S2,8520000000,10020000000,1.5,0.16803183119324627,0.06554135836323213
S2,8540000000,8580000000,0.05,0.006086474202677217,0.0023768404896707426
S2,8540000000,10040000000,1.5,0.18007638910582469,0.0702271010890985
S2,8560000000,8600000000,0.05,0.006078441286973213,0.0023737035503140023
S2,8560000000,10060000000,1.5,0.1908653276077259,0.07442220762400292
S2,8580000000,8620000000,0.05,0.006077694291274971,0.0023734118405155788
S2,8580000000,10080000000,1.5,0.20138083128067946,0.07850891031463866
S2,8600000000,8640000000,0.05,0.0058460564758503475,0.002282954783825459
S2,8600000000,10100000000,1.5,0.2117219506540463,0.08252572500381274
S2,8620000000,8660000000,0.05,0.005399053375367058,0.0021083951829538976
S2,8620000000,10120000000,1.5,0.22206178611005223,0.08653983510002879
S2,8640000000,8680000000,0.05,0.005176166650461389,0.00202135543864297
S2,8640000000,10140000000,1.5,0.23121471806776894,0.09009124132775348
S2,8660000000,8700000000,0.05,0.005161151318757884,0.0020154917837454604
S2,8660000000,10160000000,1.5,0.23824384775394203,0.09281731931864953
S2,8680000000,8720000000,0.05,0.005146178556556857,0.002009644752601463
S2,8680000000,10180000000,1.5,0.24519332903722335,0.09551138064664726
S2,8700000000,8740000000,0.05,0.0050119977866806,0.0019572456558581293
S2,8700000000,10200000000,1.5,0.25213531604826506,0.09820138540774513
S2,8720000000,8760000000,0.05,0.0047259373482986256,0.0018455358146820312
S2,8720000000,10220000000,1.5,0.2590698247018107,0.10088731113534251
S2,8740000000,8780000000,0.05,0.0045599303105176014,0.0017807081687345148
S2,8740000000,10240000000,1.5,0.2658786283324525,0.10352336797201471
S2,8760000000,8800000000,0.05,0.004546651062836193,0.0017755224701785867
S2,8760000000,10260000000,1.5,0.2725285005707059,0.10609673593716804
S2,8780000000,8820000000,0.05,0.0045334034588526695,0.0017703491287716974
S2,8780000000,10280000000,1.5,0.2791717242240566,0.10866635988087035
S2,8800000000,8840000000,0.05,0.004313302787830764,0.0016843972793070194
S2,8800000000,10300000000,1.5,0.28580831687716074,0.11123222180631737
S2,8820000000,8860000000,0.05,0.003857517929201526,0.0015064079738162626
S2,8820000000,10320000000,1.5,0.2924382925150308,0.1137943024925134
S2,8840000000,8880000000,0.05,0.0036099379405798993,0.0014097250660623077
S2,8840000000,10340000000,1.5,0.2988547843700229,0.11627269427155416
S2,8860000000,8900000000,0.05,0.0035993910583905775,0.00140560638359184
S2,8860000000,10360000000,1.5,0.30502897520875355,0.11865636692350708
S2,8880000000,8920000000,0.05,0.003588867764294623,0.001401496912512382
S2,8880000000,10380000000,1.5,0.3112313424878476,0.12104977906610648
S2,8900000000,8940000000,0.05,0.003548848548659611,0.00138586893409671
S2,8900000000,10400000000,1.5,0.3181873227863134,0.1237326145273017
S2,8920000000,8960000000,0.05,0.0034526309625078078,0.001348294823107156
S2,8920000000,10420000000,1.5,0.3252062108662005,0.12643819555701644
S2,8940000000,8980000000,0.05,0.0033862290441055154,0.0013223640829237416
S2,8940000000,10440000000,1.5,0.3321903351107135,0.129128830488928
S2,8960000000,9000000000,0.05,0.0033763257970561567,0.0013184967468477928
S2,8960000000,10460000000,1.5,0.3391130056458288,0.1317942365275106
S2,8980000000,9020000000,0.05,0.0033664262224212815,0.0013146308448611862
S2,8980000000,10480000000,1.5,0.3460119055482101,0.13444891941722978
S2,9000000000,9040000000,0.05,0.003269781304028996,0.0012768898496775096
S2,9000000000,10500000000,1.5,0.3526545854590263,0.13700349798726885
S2,9020000000,9060000000,0.05,0.00312765670494064,0.0012213884904757272
S2,9020000000,10520000000,1.5,0.35928618107449806,0.13955230633573418
S2,9040000000,9080000000,0.05,0.0030772325047792037,0.0012016972345192793
S2,9040000000,10540000000,1.5,0.3658260762991794,0.1420643677625392
S2,9060000000,9100000000,0.05,0.0030772325022881963,0.001201697233546511
S2,9060000000,10560000000,1.5,0.3723155473330839,0.14455555914284457
S2,9080000000,9120000000,0.05,0.003077038409963373,0.0012016214381603697
S2,9080000000,10580000000,1.5,0.3787878445014573,0.14703864191959504
S2,9100000000,9140000000,0.05,0.002856895502875101,0.0011156529793632812
S2,9100000000,10600000000,1.5,0.38497859970723247,0.1494122712208955
S2,9120000000,9160000000,0.05,0.0023940554961646154,0.0009349083348832105
S2,9120000000,10620000000,1.5,0.39079894454252145,0.1516425743380188
S2,9140000000,9180000000,0.05,0.0021479912743766483,0.0008388172464695549
S2,9140000000,10640000000,1.5,0.3963032418321328,0.15375058966533803
S2,9160000000,9200000000,0.05,0.0021416514913024653,0.0008363414834581778
S2,9160000000,10660000000,1.5,0.40156464793704694,0.15576449504244266
S2,9180000000,9220000000,0.05,0.002135349642671369,0.0008338805343035446
S2,9180000000,10680000000,1.5,0.40680389319405974,0.15776884676218475
S2,9200000000,9240000000,0.05,0.0019257769341917697,0.0007520398175974971
S2,9200000000,10700000000,1.5,0.41174284483976104,0.15965732553321088
S2,9220000000,9260000000,0.05,0.001535375858563004,0.0005995833811932725
S2,9220000000,10720000000,1.5,0.41620540568643727,0.16136281249095955
S2,9240000000,9280000000,0.05,0.0013494112012502613,0.0005269618798802115
S2,9240000000,10740000000,1.5,0.42005933998138834,0.16283505036341728
S2,9260000000,9300000000,0.05,0.0013454116695365004,0.0005254000131711024
S2,9260000000,10760000000,1.5,0.42372931081425735,0.16423645056941646
S2,9280000000,9320000000,0.05,0.00134142870540499,0.0005238446163061321
S2,9280000000,10780000000,1.5,0.4273778725597514,0.16562912741458716
S2,9300000000,9340000000,0.05,0.0010334232484765504,0.00040356466161640286
S2,9300000000,10800000000,1.5,0.43061014581134416,0.16686244424842078
S2,9320000000,9360000000,0.05,0.0011235429677508013,0.00043875753190943383
S2,9320000000,10820000000,1.5,0.43319929930498774,0.1678500559614723
S2,9340000000,9380000000,0.05,0.0035119627298250133,0.0013714645838085729
S2,9340000000,10840000000,1.5,0.434981377708215,0.16852965205057763
S2,9360000000,9400000000,0.05,0.004673255826788292,0.0018249630796643523
S2,9360000000,10860000000,1.5,0.43490368369184595,0.168500026201755
S2,9380000000,9420000000,0.05,0.005330600250941175,0.002081663479484259
S2,9380000000,10880000000,1.5,0.4342686709271115,0.16825787714898882
S2,9400000000,9440000000,0.05,0.005627818055244593,0.0021977303067969036
S2,9400000000,10900000000,1.5,0.4326573390426614,0.1676433528149249
S2,9420000000,9460000000,0.05,0.007407845581117067,0.0028928495629219606
S2,9420000000,10920000000,1.5,0.4305663582425345,0.1668457394241768
S2,9440000000,9480000000,0.05,0.009197998810373309,0.00359192069935744
S2,9440000000,10940000000,1.5,0.427898954211092,0.1658279823801212
S2,9460000000,9500000000,0.05,0.010449241368480189,0.004080540636333746
S2,9460000000,10960000000,1.5,0.4237152147631728,0.1642310689633483
S2,9480000000,9520000000,0.05,0.011686779131331315,0.004563807174020841
S2,9480000000,10980000000,1.5,0.41923752523678043,0.16252116020801505
S2,9500000000,9540000000,0.05,0.012298866068225667,0.004802830465774824
S2,9500000000,11000000000,1.5,0.41357261762118624,0.1603567187547746
S2,9520000000,9560000000,0.05,0.013105213211403566,0.005117712738759543
S2,9520000000,11020000000,1.5,0.4072475609741571,0.15793852898383773
S2,9540000000,9580000000,0.05,0.013559586207512964,0.0052951471231510085
S2,9540000000,11040000000,1.5,0.4003809023779887,0.15531148692483276
S2,9560000000,9600000000,0.05,0.013559586468101237,0.005295147224911644
S2,9560000000,11060000000,1.5,0.3930596038121021,0.15250849313018514
S2,9580000000,9620000000,0.05,0.013559586301340465,0.005295147159790977
S2,9580000000,11080000000,1.5,0.38572984405143745,0.14970021273205172
S2,9600000000,9640000000,0.05,0.013887684761381136,0.005423270687829148
S2,9600000000,11100000000,1.5,0.3783360349789907,0.14686535587002053
S2,9620000000,9660000000,0.05,0.015790918622430927,0.006166486784161885
S2,9620000000,11120000000,1.5,0.3704999115565429,0.14385872138655645
S2,9640000000,9680000000,0.05,0.017643327862893243,0.006889850421967782
S2,9640000000,11140000000,1.5,0.3622718618306009,0.14069933306867993
S2,9660000000,9700000000,0.05,0.017976655450830825,0.00702001384501818
S2,9660000000,11160000000,1.5,0.3524681350540352,0.1369318151497389
S2,9680000000,9720000000,0.05,0.018032708651457452,0.00704190243263986
S2,9680000000,11180000000,1.5,0.3423876279068544,0.13305450208189346
S2,9700000000,9740000000,0.05,0.018021369294340228,0.007037474452005863
S2,9700000000,11200000000,1.5,0.332255757571129,0.1291540271087525
S2,9720000000,9760000000,0.05,0.017992466352062697,0.007026187949698383
S2,9720000000,11220000000,1.5,0.3218741169233498,0.12515396055838252
S2,9740000000,9780000000,0.05,0.01797490284715325,0.00701932945904696
S2,9740000000,11240000000,1.5,0.3114680457412376,0.12114109682939904
S2,9760000000,9800000000,0.05,0.01797490281407471,0.007019329446129899
S2,9760000000,11260000000,1.5,0.30107885119605654,0.11713146963172619
S2,9780000000,9820000000,0.05,0.017974902786394353,0.007019329435320809
S2,9780000000,11280000000,1.5,0.29069007403410874,0.1131188430589907
S2,9800000000,9840000000,0.05,0.017963517117283834,0.007014883368853024
S2,9800000000,11300000000,1.5,0.28030423871045473,0.10910430191770837
S2,9820000000,9860000000,0.05,0.017933689844814027,0.0070032359156436755
S2,9820000000,11320000000,1.5,0.26967761517111966,0.10499364210680272
S2,9840000000,9880000000,0.05,0.017915248222555635,0.006996034521153976
S2,9840000000,11340000000,1.5,0.2590435756381717,0.10087714641823639
S2,9860000000,9900000000,0.05,0.017915248211158086,0.006996034516703269
S2,9860000000,11360000000,1.5,0.2484271530854436,0.096764625518478
S2,9880000000,9920000000,0.05,0.017915248201689993,0.006996034513006008
S2,9880000000,11380000000,1.5,0.23781144363262274,0.09264965458604428
S2,9900000000,9940000000,0.05,0.01790383171170795,0.00699157640989585
S2,9900000000,11400000000,1.5,0.22718471002339446,0.08852779608664185
S2,9920000000,9960000000,0.05,0.017855447531415103,0.006972682538501566
S2,9920000000,11420000000,1.5,0.2163888259776805,0.08433776947882035
S2,9940000000,9980000000,0.05,0.017811412477224287,0.006955486983728863
S2,9940000000,11440000000,1.5,0.2056034295228788,0.08014935937588304
S2,9960000000,10000000000,0.05,0.017773901148205318,0.006940838921140493
S2,9960000000,11460000000,1.5,0.19485407936537602,0.07597262822636343
S2,9980000000,10020000000,0.05,0.017720624178893862,0.006920034418640208
S2,9980000000,11480000000,1.5,0.18411252582071713,0.07179673423424417
S2,10000000000,10040000000,0.05,0.017631494713577167,0.006885229609122382
S2,10000000000,11500000000,1.5,0.1734124494893643,0.06763490578945061
S2,10020000000,10060000000,0.05,0.016524657564536915,0.006453011648511648
S2,10020000000,11520000000,1.5,0.16273520615950887,0.06348002851719307
S2,10040000000,10080000000,0.05,0.01521796797217756,0.005942749126547084
S2,10040000000,11540000000,1.5,0.15212425929559703,0.05934915678730553
S2,10060000000,10100000000,0.05,0.014778181759347198,0.005771011949563284
S2,10060000000,11560000000,1.5,0.1425538531156978,0.055621934376546944
S2,10080000000,10120000000,0.05,0.014603260538097795,0.005702704871778899
S2,10080000000,11580000000,1.5,0.13325122676852896,0.0519977781522716
S2,10100000000,10140000000,0.05,0.013646710937872286,0.005329169631021127
S2,10100000000,11600000000,1.5,0.12413973063776762,0.04844699219661741
S2,10120000000,10160000000,0.05,0.010783008268522742,0.004210878941130042
S2,10120000000,11620000000,1.5,0.11503022206867208,0.04489597561735193
S2,10140000000,10180000000,0.05,0.008802444318993019,0.003437453296776536
S2,10140000000,11640000000,1.5,0.10687597918268177,0.04171654304846006
S2,10160000000,10200000000,0.05,0.008730316975565144,0.0034092869393197132
S2,10160000000,11660000000,1.5,0.10063017328309065,0.0392807601029991
S2,10180000000,10220000000,0.05,0.008730317108030516,0.003409286991048602
S2,10180000000,11680000000,1.5,0.09445812527066177,0.036873365353914486
S2,10200000000,10240000000,0.05,0.008731314497506859,0.0034096764803790832
S2,10200000000,11700000000,1.5,0.08830539195311193,0.03447315472022839
S2,10220000000,10260000000,0.05,0.008732738520596528,0.0034102325738726226
S2,10220000000,11720000000,1.5,0.08215384102111589,0.03207307917859928
S2,10240000000,10280000000,0.05,0.0087331655810865,0.0034103993447354435
S2,10240000000,11740000000,1.5,0.07601317192777068,0.02967694663867088
S2,10260000000,10300000000,0.05,0.008733165243618668,0.003410399212951299
S2,10260000000,11760000000,1.5,0.06988379159937064,0.02728494004890125
S2,10280000000,10320000000,0.05,0.008733164832121498,0.0034103990522580487
S2,10280000000,11780000000,1.5,0.06375441135642312,0.024892677223639092
S2,10300000000,10340000000,0.05,0.008733164705031382,0.0034103990026282454
S2,10300000000,11800000000,1.5,0.057625031364891055,0.022500180696571982
S2,10320000000,10360000000,0.05,0.00873316476452124,0.003410399025859556
S2,10320000000,11820000000,1.5,0.05149565153295588,0.02010747290296971
S2,10340000000,10380000000,0.05,0.008766620177244833,0.0034234636571479635
S2,10340000000,11840000000,1.5,0.045377913456961294,0.01771912133480828
S2,10360000000,10400000000,0.05,0.00955895651916927,0.003732877640810585
S2,10360000000,11860000000,1.5,0.03927118048377054,0.015334900776431307
S2,10380000000,10420000000,0.05,0.010386000614058255,0.0040558446672740575
S2,10380000000,11880000000,1.5,0.03313099212444426,0.012937474298585236
S2,10400000000,10440000000,0.05,0.010454163775740488,0.0040824628715712555
S2,10400000000,11900000000,1.5,0.026231922808492514,0.01024359962636053
S2,10420000000,10460000000,0.05,0.010454163817120499,0.004082462887730445
S2,10420000000,11920000000,1.5,0.019264690353260616,0.007522985745104337
S2,10440000000,10480000000,0.05,0.010435341393391084,0.004075112596523023
S2,10440000000,11940000000,1.5,0.01230959959792588,0.004807021963795657
S2,10460000000,10500000000,0.05,0.010165254016141323,0.0039696415028464506
S2,10460000000,11960000000,1.5,0.0053671953569778275,0.002095954274128315
S2,10480000000,10520000000,0.05,0.009907849303866678,0.003869123015081292
S2,10480000000,11980000000,1.5,0.0015563864421762608,0.0006077882739350827
S2,10500000000,10540000000,0.05,0.009901709536124126,0.0038667253885328137
S2,10500000000,12000000000,1.5,0.008228703306891294,0.003213402300751223
S2,10520000000,10560000000,0.05,0.009901709553645222,0.003866725395374936
S2,10520000000,12020000000,1.5,0.01489488039467246,0.005816582969562726
S2,10540000000,10580000000,0.05,0.009884535697498698,0.0038600188722048468
S2,10540000000,12040000000,1.5,0.021550439389220966,0.008415552762096448
S2,10560000000,10600000000,0.05,0.009585819871860357,0.0037433679952371206
S2,10560000000,12060000000,1.5,0.028197462540664242,0.011011096338000317
S2,10580000000,10620000000,0.05,0.008934061631100776,0.0034888509949474395
S2,10580000000,12080000000,1.5,0.03482731182877907,0.013599812697719413
S2,10600000000,10640000000,0.05,0.008467746622025207,0.0033067508862011322
S2,10600000000,12100000000,1.5,0.04117561915644807,0.016078457422217446
S2,10620000000,10660000000,0.05,0.008371647898360868,0.003269223467485422
S2,10620000000,12120000000,1.5,0.04715371019626524,0.01841240656671382
S2,10640000000,10680000000,0.05,0.008352660087550312,0.0032618085551359985
S2,10640000000,12140000000,1.5,0.05302676397916528,0.02070518729241467
S2,10660000000,10700000000,0.05,0.008036545411411633,0.0031383628641243064
S2,10660000000,12160000000,1.5,0.05889396688724591,0.02299550562446532
S2,10680000000,10720000000,0.05,0.007266162849706159,0.002837521059884381
S2,10680000000,12180000000,1.5,0.0647421819779106,0.02527821496302582
S2,10700000000,10740000000,0.05,0.006390718207435531,0.00249565099351752
S2,10700000000,12200000000,1.5,0.07029327020904907,0.027444748376962237
S2,10720000000,10760000000,0.05,0.005988529269257081,0.0023385919447269175
S2,10720000000,12220000000,1.5,0.07537110273699732,0.029426390151591653
S2,10740000000,10780000000,0.05,0.005969121377112807,0.002331012954425738
S2,10740000000,12240000000,1.5,0.08003977967738718,0.031248190465618768
S2,10760000000,10800000000,0.05,0.005535423327550304,0.00216164915271032
S2,10760000000,12260000000,1.5,0.08470473350952523,0.0330683678876573
S2,10780000000,10820000000,0.05,0.0044799980398313455,0.0017494936988899205
S2,10780000000,12280000000,1.5,0.08935027944816032,0.03488079394207713
S2,10800000000,10840000000,0.05,0.0033378086483942804,0.0013034553406447804
S2,10800000000,12300000000,1.5,0.09358153523090562,0.03653142418456958
S2,10820000000,10860000000,0.05,0.0028279273546090167,0.0011043405672576
S2,10820000000,12320000000,1.5,0.0971716558819431,0.03793181705027533
S2,10840000000,10880000000,0.05,0.0027992559487215463,0.001093144036410069
S2,10840000000,12340000000,1.5,0.10025218703078886,0.03913333785594837
S2,10860000000,10900000000,0.05,0.002426911177603741,0.0009477388793297693
S2,10860000000,12360000000,1.5,0.10331853316822015,0.0403292337878083
S2,10880000000,10920000000,0.05,0.0016282875663641283,0.0006358665516286596
S2,10880000000,12380000000,1.5,0.1063650349339611,0.04151729640481037
S2,10900000000,10940000000,0.05,0.0008694332236751645,0.00033952451697776383
S2,10900000000,12400000000,1.5,0.10905903630039893,0.04256781215182035
S2,10920000000,10960000000,0.05,0.0005567021017554019,0.00021739911768326185
S2,10920000000,12420000000,1.5,0.11130691445497298,0.04344430479373089
S2,10940000000,10980000000,0.05,0.0005365698360617621,0.0002095372168964969
S2,10940000000,12440000000,1.5,0.1132321883426387,0.04419496399172259
S2,10960000000,11000000000,0.05,0.0003066442264936242,0.00011974839806035613
S2,10960000000,12460000000,1.5,0.11515026351474766,0.044942775705685306
S2,10980000000,11020000000,0.05,0.0003031851312920164,0.00011839757821719061
S2,10980000000,12480000000,1.5,0.11704820641261826,0.04568269764123823
S2,11000000000,11040000000,0.05,0.0008928491749718992,0.0003486687373915721
S2,11000000000,12500000000,1.5,0.11873635597673537,0.04634079611324593
S2,11020000000,11060000000,0.05,0.0010827439506514436,0.0004228250088294186
S2,11020000000,12520000000,1.5,0.12002446951775558,0.046842924670850765
S2,11040000000,11080000000,0.05,0.0010914721190382615,0.0004262334670416198
S2,11040000000,12540000000,1.5,0.12111371615548738,0.047267516374313166
S2,11060000000,11100000000,0.05,0.001163982365010141,0.0004545496187937081
S2,11060000000,12560000000,1.5,0.12219644869604884,0.047689554968114306
S2,11080000000,11120000000,0.05,0.0016703461935541064,0.0006522909650125298
S2,11080000000,12580000000,1.5,0.12327071982321991,0.04810828157242559
S2,11100000000,11140000000,0.05,0.0021764883870086793,0.0008499457182007957
S2,11100000000,12600000000,1.5,0.12428094211818985,0.04850203072847737
S2,11120000000,11160000000,0.05,0.0022408578800767742,0.000875082793490295
S2,11120000000,12620000000,1.5,0.12484884941710606,0.048723375612773574
S2,11140000000,11180000000,0.05,0.002240906060853254,0.000875101608673179
S2,11140000000,12640000000,1.5,0.12534314348721654,0.048916026153305384
S2,11160000000,11200000000,0.05,0.002235722032075338,0.0008730771819868595
S2,11160000000,12660000000,1.5,0.12582982719417346,0.04910570764446154
S2,11180000000,11220000000,0.05,0.0024808023320471717,0.0009687840320652302
S2,11180000000,12680000000,1.5,0.12631700501632825,0.049295578801238506
S2,11200000000,11240000000,0.05,0.0027663425355511917,0.0010802909501246287
S2,11200000000,12700000000,1.5,0.12680887275236918,0.04948727482295773
S2,11220000000,11260000000,0.05,0.002802799375230536,0.001094527787340168
S2,11220000000,12720000000,1.5,0.12705097027475243,0.04958162659318174
S2,11240000000,11280000000,0.05,0.0028030688599756104,0.0010946330243939634
S2,11240000000,12740000000,1.5,0.12724731023480496,0.04965814490475707
S2,11260000000,11300000000,0.05,0.0027997096715270953,0.001093321220656242
S2,11260000000,12760000000,1.5,0.12743559296555285,0.049731522674598336
S2,11280000000,11320000000,0.05,0.0030375560765947274,0.0011862031121053272
S2,11280000000,12780000000,1.5,0.12762429306595768,0.04980506266002136
S2,11300000000,11340000000,0.05,0.003297145954999192,0.0012875760730947736
S2,11300000000,12800000000,1.5,0.12781593498962807,0.049879748675626806
S2,11320000000,11360000000,0.05,0.0033167722408620204,0.001295240372257625
S2,11320000000,12820000000,1.5,0.12776678868486235,0.049860595594444376
S2,11340000000,11380000000,0.05,0.0033168837829933295,0.00129528393079247
S2,11340000000,12840000000,1.5,0.1276883290256634,0.04983001857963432
S2,11360000000,11400000000,0.05,0.0033271948508910576,0.0012993105259731226
S2,11360000000,12860000000,1.5,0.12760070647726685,0.049795870546121127
S2,11380000000,11420000000,0.05,0.0035073694532522515,0.0013696708547272281
S2,11380000000,12880000000,1.5,0.12751379702281707,0.049762000323325103
S2,11400000000,11440000000,0.05,0.0036774487888077134,0.0014360888513332152
S2,11400000000,12900000000,1.5,0.1274158634069954,0.049723833668225
S2,11420000000,11460000000,0.05,0.0036792990808893755,0.0014368114122676997
S2,11420000000,12920000000,1.5,0.12714877935054414,0.049619745155854725
S2,11440000000,11480000000,0.05,0.0036794912249373812,0.001436886446790156
S2,11440000000,12940000000,1.5,0.12687084484595534,0.04951142704643934
S2,11460000000,11500000000,0.05,0.0036677287278064075,0.001432293052568639
S2,11460000000,12960000000,1.5,0.12658471759359524,0.049399915017073616
S2,11480000000,11520000000,0.05,0.0036566954823143982,0.0014279844396905266
S2,11480000000,12980000000,1.5,0.12629931959470997,0.0492886861915683
S2,11500000000,11540000000,0.05,0.0036566954801900975,0.001427984438860962
S2,11500000000,13000000000,1.5,0.12602495483986176,0.049181756431666064
S2,11520000000,11560000000,0.05,0.0036566954792741635,0.001427984438503279
S2,11520000000,13020000000,1.5,0.12575059008675027,0.04907482574688899
S2,11540000000,11580000000,0.05,0.003655064554890508,0.0014273475432353866
S2,11540000000,13040000000,1.5,0.12546566222186684,0.04896377722641162
S2,11560000000,11600000000,0.05,0.003635940718582975,0.0014198794588253475
S2,11560000000,13060000000,1.5,0.1251723006319958,0.048849440685917074
S2,11580000000,11620000000,0.05,0.0036177441617590844,0.001412773487907548
S2,11580000000,13080000000,1.5,0.12488056996639574,0.04873573874955963
S2,11600000000,11640000000,0.05,0.0036170405172135656,0.0014124987063778266
S2,11600000000,13100000000,1.5,0.1246063322135974,0.048628853724958655
S2,11620000000,11660000000,0.05,0.0036170405170586895,0.0014124987063173456
S2,11620000000,13120000000,1.5,0.1243327981055764,0.04852224203733199
S2,11640000000,11680000000,0.05,0.0036154095930269747,0.001411861811163932
S2,11640000000,13140000000,1.5,0.12404930038443218,0.04841174600926608
S2,11660000000,11700000000,0.05,0.0035944643544135735,0.0014036824472963198
S2,11660000000,13160000000,1.5,0.12375846822312031,0.04829839030015307
S2,11680000000,11720000000,0.05,0.003573967141515366,0.001395678042630287
S2,11680000000,13180000000,1.5,0.12346926698603156,0.04818566925274251
S2,11700000000,11740000000,0.05,0.0035609055278343904,0.0013905773275437203
S2,11700000000,13200000000,1.5,0.123199380063864,0.048080475375605926
S2,11720000000,11760000000,0.05,0.003537310901148727,0.0013813633457801595
S2,11720000000,13220000000,1.5,0.12293067604012353,0.047975741687227
S2,11740000000,11780000000,0.05,0.0035255949902610606,0.001376788143451768
S2,11740000000,13240000000,1.5,0.12266518661362447,0.047872260112920006
S2,11760000000,11800000000,0.05,0.003525594990860914,0.001376788143686018
S2,11760000000,13260000000,1.5,0.12240589760595444,0.04777119450272016
S2,11780000000,11820000000,0.05,0.0035255949913457485,0.0013767881438753514
S2,11780000000,13280000000,1.5,0.12214660859827675,0.04767012808959355
S2,11800000000,11840000000,0.05,0.003513953202898379,0.0013722418871933036
S2,11800000000,13300000000,1.5,0.12188731959072929,0.04756906087529261
S2,11820000000,11860000000,0.05,0.0034913062846640974,0.0013633979964659544
S2,11820000000,13320000000,1.5,0.12162803059377847,0.04746799286559576
S2,11840000000,11880000000,0.05,0.003480301155272203,0.0013591003625801263
S2,11840000000,13340000000,1.5,0.12137216376517779,0.04736825799751187
S2,11860000000,11900000000,0.05,0.003480301156108756,0.0013591003629068103
S2,11860000000,13360000000,1.5,0.12112232985046234,0.04727087396350932
S2,11880000000,11920000000,0.05,0.0034803011571253872,0.001359100363303817
S2,11880000000,13380000000,1.5,0.1208724959356442,0.04717348919184039
S2,11900000000,11940000000,0.05,0.0034681594348261457,0.0013543588763250854
S2,11900000000,13400000000,1.5,0.12062266202053451,0.04707610368395108
S2,11920000000,11960000000,0.05,0.00344333117916229,0.0013446631470110807
S2,11920000000,13420000000,1.5,0.12037282810554117,0.04697871744152
S2,11940000000,11980000000,0.05,0.0034306446467110563,0.0013397089050283034
S2,11940000000,13440000000,1.5,0.12012695202223578,0.04688287326169581
S2,11960000000,12000000000,0.05,0.0034306446477277985,0.0013397089054253534
S2,11960000000,13460000000,1.5,0.11988883392472549,0.04679005252241526
S2,11980000000,12020000000,0.05,0.0034306446486295217,0.0013397089057774869
S2,11980000000,13480000000,1.5,0.11965071582684284,0.046697231119737906
S2,12000000000,12040000000,0.05,0.0034200265462055457,0.0013355624103080336
S2,12000000000,13500000000,1.5,0.11941259772863133,0.04660440905499644
S2,12020000000,12060000000,0.05,0.00340087259234656,0.00132808256308702
S2,12020000000,13520000000,1.5,0.11917447963012262,0.04651158632951895
S2,12040000000,12080000000,0.05,0.0033923367420594097,0.0013247492117971656
S2,12040000000,13540000000,1.5,0.11894697963456624,0.04642290211602231
S2,12060000000,12100000000,0.05,0.003392336743923474,0.001324749212525105
S2,12060000000,13560000000,1.5,0.11872801549001644,0.04633754478686516
S2,12080000000,12120000000,0.05,0.003392336736385393,0.0013247492095813944
S2,12080000000,13580000000,1.5,0.11850742042213969,0.04625155112413166
S2,12100000000,12140000000,0.05,0.0033833982006920005,0.001321258604814274
S2,12100000000,13600000000,1.5,0.11827454268088589,0.04616076874712669
S2,12120000000,12160000000,0.05,0.0033686087926197983,0.0013154831645622834
S2,12120000000,13620000000,1.5,0.11804161935914537,0.046069967975517774
S2,12140000000,12180000000,0.05,0.0033627579111950023,0.001313198325559981
S2,12140000000,13640000000,1.5,0.1178176345645664,0.04598265113106474
S2,12160000000,12200000000,0.05,0.003362757910391534,0.001313198325246217
S2,12160000000,13660000000,1.5,0.11759950065119618,0.04589761460355235
S2,12180000000,12220000000,0.05,0.003362757909380565,0.0013131983248514214
S2,12180000000,13680000000,1.5,0.11737973581464056,0.04581194173079074
S2,12200000000,12240000000,0.05,0.003355791260902574,0.001310477765488154
S2,12200000000,13700000000,1.5,0.11714665398322532,0.04572107677155978
S2,12220000000,12260000000,0.05,0.003345101503270831,0.0013063032875417942
S2,12220000000,13720000000,1.5,0.1169134721246865,0.045630172196236427
S2,12240000000,12280000000,0.05,0.0033413783936603325,0.0013048493687917112
S2,12240000000,13740000000,1.5,0.11668725691407511,0.045541982934847715
S2,12260000000,12300000000,0.05,0.0033413783938300856,0.0013048493688580017
S2,12260000000,13760000000,1.5,0.1164647648134931,0.045455244547415175
S2,12280000000,12320000000,0.05,0.003341378393951433,0.0013048493689053894
S2,12280000000,13780000000,1.5,0.11624064178936966,0.04536786977686051
S2,12300000000,12340000000,0.05,0.0033328431514889623,0.0013015162548114057
S2,12300000000,13800000000,1.5,0.11609024064860696,0.0453092352977583
S2,12320000000,12360000000,0.05,0.003318949931668036,0.0012960907865330275
S2,12320000000,13820000000,1.5,0.11594642352952766,0.045253167385874746
S2,12340000000,12380000000,0.05,0.0033135919544506898,0.0012939984324181397
S2,12340000000,13840000000,1.5,0.11581114165412287,0.045200426773108
S2,12360000000,12400000000,0.05,0.0033135919545750347,0.001293998432466698
S2,12360000000,13860000000,1.5,0.11568121775665896,0.0451497748119191
S2,12380000000,12420000000,0.05,0.0033135919546477544,0.0012939984324950957
S2,12380000000,13880000000,1.5,0.11558193607339962,0.04511106885595002
S2,12400000000,12440000000,0.05,0.003303718818564616,0.0012901428548764027
S2,12400000000,13900000000,1.5,0.11586257719597814,0.04522047931366813
S2,12420000000,12460000000,0.05,0.003286646958019279,0.0012834760892605258
S2,12420000000,13920000000,1.5,0.11615180856427554,0.04533323782398916
S2,12440000000,12480000000,0.05,0.003279448233917792,0.0012806649014190164
S2,12440000000,13940000000,1.5,0.11645091307106747,0.045449844436853536
S2,12460000000,12500000000,0.05,0.003279448235494087,0.0012806649020345785
S2,12460000000,13960000000,1.5,0.11675721630427849,0.045569256437022816
S2,12480000000,12520000000,0.05,0.0032794482364293387,0.0012806649023998054
S2,12480000000,13980000000,1.5,0.11709844440333805,0.04570228260146793
S2,12500000000,12540000000,0.05,0.0032702093537239074,0.0012770570082036316
S2,12500000000,14000000000,1.5,0.11798263257084052,0.04604697298746528
S2,12520000000,12560000000,0.05,0.003254723128944703,0.0012710094521465516
S2,12520000000,14020000000,1.5,0.11889212756010525,0.046401519550602094
S2,12540000000,12580000000,0.05,0.003248475786770788,0.0012685697902613887
S2,12540000000,14040000000,1.5,0.11981086143539821,0.04675965794712379
S2,12560000000,12600000000,0.05,0.0032484757871511505,0.0012685697904099248
S2,12560000000,14060000000,1.5,0.12073584265601467,0.047120221699015245
S2,12580000000,12620000000,0.05,0.0032484757874402526,0.0012685697905228225
S2,12580000000,14080000000,1.5,0.1217036689743296,0.04749747595997972
S2,12600000000,12640000000,0.05,0.0032386897560353622,0.0012647482281181596
S2,12600000000,14100000000,1.5,0.12326670080764524,0.048106715076784864
S2,12620000000,12660000000,0.05,0.0032218356571441786,0.0012581665006827693
S2,12620000000,14120000000,1.5,0.12485641121782809,0.04872632283828088
S2,12640000000,12680000000,0.05,0.003214767589964973,0.00125540633578653
S2,12640000000,14140000000,1.5,0.12645590766437098,0.049349713748356394
S2,12660000000,12700000000,0.05,0.0032147675902710615,0.0012554063359060611
S2,12660000000,14160000000,1.5,0.12806247218212263,0.04997582760843484
S2,12680000000,12720000000,0.05,0.0032147675904713457,0.0012554063359842746
S2,12680000000,14180000000,1.5,0.12971547907553216,0.05062000743001065
S2,12700000000,12740000000,0.05,0.0032047800179869634,0.0012515060692692064
S2,12700000000,14200000000,1.5,0.13204997484685954,0.051529705714152975
S2,12720000000,12760000000,0.05,0.003187422066030954,0.00124472758099263
S2,12720000000,14220000000,1.5,0.13443029618680935,0.05245718885162886
S2,12740000000,12780000000,0.05,0.0031800516911283383,0.0012418493612296817
S2,12740000000,14240000000,1.5,0.13682060510481608,0.0533884888359848
S2,12760000000,12800000000,0.05,0.003180051695602315,0.0012418493629768232
S2,12760000000,14260000000,1.5,0.13921828440672823,0.05432258381752512
S2,12780000000,12820000000,0.05,0.0031800516954993974,0.0012418493629366327
S2,12780000000,14280000000,1.5,0.141667945745102,0.05527684947367292
S2,12800000000,12840000000,0.05,0.003169539991034531,0.0012377444162890337
S2,12800000000,14300000000,1.5,0.14479141828582276,0.05649347783665541
S2,12820000000,12860000000,0.05,0.003150690033266512,0.0012303832816504814
S2,12820000000,14320000000,1.5,0.14795285219556942,0.05772475226501342
S2,12840000000,12880000000,0.05,0.0031423517801469902,0.0012271270937440435
S2,12840000000,14340000000,1.5,0.15112479781547616,0.05895997569997407
S2,12860000000,12900000000,0.05,0.003142351780619612,0.0012271270939286081
S2,12860000000,14360000000,1.5,0.15430508169348217,0.060198297340303464
S2,12880000000,12920000000,0.05,0.0031423517809793244,0.0012271270940690802
S2,12880000000,14380000000,1.5,0.15752668372842843,0.06145255201239673
S2,12900000000,12940000000,0.05,0.0031324302277676574,0.001223252608448471
S2,12900000000,14400000000,1.5,0.1613428419842461,0.06293807654380508
S2,12920000000,12960000000,0.05,0.0031152373239404785,0.0012165385730610221
S2,12920000000,14420000000,1.5,0.1651866876539344,0.0644341473615167
S2,12940000000,12980000000,0.05,0.0031079659736920062,0.0012136990234515382
S2,12940000000,14440000000,1.5,0.16904045488235547,0.0659338408358068
S2,12960000000,13000000000,0.05,0.0031079659740729237,0.0012136990236002912
S2,12960000000,14460000000,1.5,0.17290149346562445,0.06743611845656272
S2,12980000000,13020000000,0.05,0.0031079659743546983,0.0012136990237103275
S2,12980000000,14480000000,1.5,0.17679677041277791,0.06895146306162973
S2,13000000000,13040000000,0.05,0.0030974028621951755,0.0012095740015080818
S2,13000000000,14500000000,1.5,0.181226557161503,0.07067442504347807
S2,13020000000,13060000000,0.05,0.0030784060245196976,0.0012021555080852704
S2,13020000000,14520000000,1.5,0.1856788495669195,0.07240579121012217
S2,13040000000,13080000000,0.05,0.00306997229941941,0.001198862037039392
S2,13040000000,14540000000,1.5,0.19014170508949846,0.07414090495580708
S2,13060000000,13100000000,0.05,0.003069972300184576,0.0011988620373381985
S2,13060000000,14560000000,1.5,0.19461299434136226,0.07587892743138559
S2,13080000000,13120000000,0.05,0.0030699723009397495,0.0011988620376331028
S2,13080000000,14580000000,1.5,0.1991143611608987,0.07762825816927238
S2,13100000000,13140000000,0.05,0.0030600086880483435,0.001194971126984296
S2,13100000000,14600000000,1.5,0.20411559557957715,0.07957138697342987
S2,13120000000,13160000000,0.05,0.0030427106346025967,0.0011882160290303191
S2,13120000000,14620000000,1.5,0.20913901241309668,0.08152263340783125
S2,13140000000,13180000000,0.05,0.003035376194626349,0.0011853518419645784
S2,13140000000,14640000000,1.5,0.21417239286440115,0.08347723417238402
S2,13160000000,13200000000,0.05,0.0030353761951572578,0.0011853518421719048
S2,13160000000,14660000000,1.5,0.2192131077596754,0.08543415322007947
S2,13180000000,13220000000,0.05,0.003035376195607342,0.0011853518423476682
S2,13180000000,14680000000,1.5,0.22428098227693521,0.08740106913354873
S2,13200000000,13240000000,0.05,0.003026712077594862,0.0011819683999882821
S2,13200000000,14700000000,1.5,0.2296983929428711,0.08950302421520427
S2,13220000000,13260000000,0.05,0.003012532466979634,0.0011764310913389261
S2,13220000000,14720000000,1.5,0.23512322268321972,0.0916071998498596
S2,13240000000,13280000000,0.05,0.0030070169749133457,0.0011742772252716846
S2,13240000000,14740000000,1.5,0.24055671654534933,0.09371406051706284
S2,13260000000,13300000000,0.05,0.003007016975635768,0.001174277225553799
S2,13260000000,14760000000,1.5,0.24599572590279806,0.09582236710631216
S2,13280000000,13320000000,0.05,0.003007016986847466,0.0011742772299321023
S2,13280000000,14780000000,1.5,0.2514621440373901,0.09794058401035817
S2,13300000000,13340000000,0.05,0.0029987973773468735,0.0011710673734282946
S2,13300000000,14800000000,1.5,0.25721034432929807,0.10016720096667676
S2,13320000000,13360000000,0.05,0.0029856055413479687,0.0011659158025519817
S2,13320000000,14820000000,1.5,0.262961368674511,0.10239408380675313
S2,13340000000,13380000000,0.05,0.002980633325738613,0.0011639740924443188
S2,13340000000,14840000000,1.5,0.26872061264292607,0.10462330093129818
S2,13360000000,13400000000,0.05,0.002980633326180926,0.0011639740926170474
S2,13360000000,14860000000,1.5,0.27448482882941294,0.106853573952418
S2,13380000000,13420000000,0.05,0.002980633327022364,0.001163974092945639
S2,13380000000,14880000000,1.5,0.2802769088730983,0.10909373391270338
S2,13400000000,13440000000,0.05,0.0029724494365274134,0.00116077818508074
S2,13400000000,14900000000,1.5,0.28627548289232885,0.11141279330049134
S2,13420000000,13460000000,0.05,0.0029593369983466067,0.0011556576199085505
S2,13420000000,14920000000,1.5,0.2922740569042479,0.11373085044762701
S2,13440000000,13480000000,0.05,0.0029544084513181135,0.0011537329628703867
S2,13440000000,14940000000,1.5,0.2984062880490754,0.11609949965041676
S2,13460000000,13500000000,0.05,0.002954408451633639,0.001153732962993603
S2,13460000000,14960000000,1.5,0.3046111945896121,0.11849510958560583
S2,13480000000,13520000000,0.05,0.0029544084519093072,0.001153732963101255
S2,13480000000,14980000000,1.5,0.3108161011324715,0.12088957898154624
S2,13500000000,13540000000,0.05,0.0029544084521404557,0.001153732963191521
S2,13500000000,15000000000,1.5,0.317021007676549,0.12328288479054346
S2,13520000000,13560000000,0.05,0.0029544084522403757,0.0011537329632305413
S2,13520000000,15020000000,1.5,0.3232259142225247,0.1256750039767912
S2,13540000000,13580000000,0.05,0.002952777529632855,0.001153096068286712
S2,13540000000,15040000000,1.5,0.3295206776838055,0.1281005286884332
S2,13560000000,13600000000,0.05,0.0029388639347929235,0.001147662641701079
S2,13560000000,15060000000,1.5,0.33586726817798906,0.13054473886441267
S2,13580000000,13620000000,0.05,0.002926535673391073,0.0011428483068960246
S2,13580000000,15080000000,1.5,0.34221548959650316,0.13298826207732833
S2,13600000000,13640000000,0.05,0.002926490084372513,0.001142830503834212
S2,13600000000,15100000000,1.5,0.3485759936886779,0.13543516931108213
S2,13620000000,13660000000,0.05,0.0029264900846706077,0.0011428305039506215
S2,13620000000,15120000000,1.5,0.35493654337124314,0.13788072427826073
S2,13640000000,13680000000,0.05,0.0029248591612691666,0.0011421936086836895
S2,13640000000,15140000000,1.5,0.36139839132506324,0.14036379904373614
S2,13660000000,13700000000,0.05,0.002909911242420682,0.0011363562659769183
S2,13660000000,15160000000,1.5,0.36791900401423105,0.14286796979040176
S2,13680000000,13720000000,0.05,0.002896494219426504,0.0011311167565225446
S2,13680000000,15180000000,1.5,0.37444124762834025,0.14537124767645834
S2,13700000000,13740000000,0.05,0.0028963941917523606,0.0011310776945080297
S2,13700000000,15200000000,1.5,0.38097680823900365,0.14787808594320498
S2,13720000000,13760000000,0.05,0.002896394192077434,0.0011310776946349748
S2,13720000000,15220000000,1.5,0.38751246887837293,0.15038338344327842
S2,13740000000,13780000000,0.05,0.002894763268954881,0.0011304407994630042
S2,13740000000,15240000000,1.5,0.39416790950871516,0.1529329454055893
S2,13760000000,13800000000,0.05,0.002966854228943938,0.0011585931890786085
S2,13760000000,15260000000,1.5,0.40088528708680937,0.15550451679630384
S2,13780000000,13820000000,0.05,0.003047160134109439,0.001189953612120601
S2,13780000000,15280000000,1.5,0.40760429591563485,0.15807495781487327
S2,13800000000,13840000000,0.05,0.0030537441570048784,0.00119252475226422
S2,13800000000,15300000000,1.5,0.41424975220480764,0.1606155056052018
S2,13820000000,13860000000,0.05,0.003053744158799332,0.0011925247529649757
S2,13820000000,15320000000,1.5,0.420889064524687,0.1631519337550693
S2,13840000000,13880000000,0.05,0.0030843863737274324,0.0012044909063365162
S2,13840000000,15340000000,1.5,0.42766051589035686,0.16573699104234155
S2,13860000000,13900000000,0.05,0.003494951393894219,0.0013648214549539905
S2,13860000000,15360000000,1.5,0.4345020261085241,0.1683468643188771
S2,13880000000,13920000000,0.05,0.0038834644455236766,0.0015165403933771163
S2,13880000000,15380000000,1.5,0.44131394533079893,0.17094349222077532
S2,13900000000,13940000000,0.05,0.0038920546936539457,0.001519894986172926
S2,13900000000,15400000000,1.5,0.447747219084739,0.1733939644313669
S2,13920000000,13960000000,0.05,0.0038920546980222293,0.0015198949878787922
S2,13920000000,15420000000,1.5,0.4541733911852227,0.1758399404959061
S2,13940000000,13980000000,0.05,0.003926979566188371,0.0015335335588353193
S2,13940000000,15440000000,1.5,0.4607919656503996,0.17835725217685927
S2,13960000000,14000000000,0.05,0.004504864502056116,0.0017592043383189632
S2,13960000000,15460000000,1.5,0.46753776462090346,0.18092094236676856
S2,13980000000,14020000000,0.05,0.005073131393196539,0.001981119016501047
S2,13980000000,15480000000,1.5,0.4742508765766521,0.1834701668486218
S2,14000000000,14040000000,0.05,0.005098438218281598,0.001991001615669901
S2,14000000000,15500000000,1.5,0.4804235020063472,0.18581232455193183
S2,14020000000,14060000000,0.05,0.005098438224854118,0.0019910016182365436
S2,14020000000,15520000000,1.5,0.48657353569197925,0.18814414979316207
S2,14040000000,14080000000,0.05,0.005141283325702184,0.0020077331101639425
S2,14040000000,15540000000,1.5,0.4928812414238753,0.19053390918114896
S2,14060000000,14100000000,0.05,0.005779333938781717,0.002256898910196369
S2,14060000000,15560000000,1.5,0.49928360407311584,0.19295759242457136
S2,14080000000,14120000000,0.05,0.006401218030938738,0.002499751284706028
S2,14080000000,15580000000,1.5,0.5056466989747196,0.1953644513012018
S2,14100000000,14140000000,0.05,0.006427896612761108,0.0025101695503728563
S2,14100000000,15600000000,1.5,0.5114184384068978,0.19754591853729045
S2,14120000000,14160000000,0.05,0.006427896621438722,0.0025101695537615557
S2,14120000000,15620000000,1.5,0.517167611012728,0.1997172209418863
S2,14140000000,14180000000,0.05,0.00647433900112615,0.0025283057884590617
S2,14140000000,15640000000,1.5,0.5230786746359626,0.20194794422785597
S2,14160000000,14200000000,0.05,0.00720227025500797,0.002812570367255461
S2,14160000000,15660000000,1.5,0.5290849666068292,0.20421279787311086
S2,14180000000,14220000000,0.05,0.007929584701748538,0.003096593704472504
S2,14180000000,15680000000,1.5,0.5350448161789709,0.20645831859847688
S2,14200000000,14240000000,0.05,0.007975410275943506,0.0031144890218039647
S2,14200000000,15700000000,1.5,0.5403231769001441,0.20844554130896334
S2,14220000000,14260000000,0.05,0.007975410285949835,0.00311448902571153
S2,14220000000,15720000000,1.5,0.5455557120542067,0.2104140784017421
S2,14240000000,14280000000,0.05,0.008027392331414251,0.003134788500944247
S2,14240000000,15740000000,1.5,0.5509709721946738,0.21244984189878033
S2,14260000000,14300000000,0.05,0.008753185574696842,0.003418217327461284
S2,14260000000,15760000000,1.5,0.5564884334680482,0.21452242396704094
S2,14280000000,14320000000,0.05,0.009464958145966818,0.0036961705177711865
S2,14280000000,15780000000,1.5,0.5619539127024419,0.21657386988145572
S2,14300000000,14340000000,0.05,0.009502919520687936,0.0037109947418292504
S2,14300000000,15800000000,1.5,0.566745580736161,0.21837107341300854
S2,14320000000,14360000000,0.05,0.009502919531179266,0.003710994745926199
S2,14320000000,15820000000,1.5,0.5714992874022017,0.2201528002621844
S2,14340000000,14380000000,0.05,0.009544237693099256,0.0037271298210329283
S2,14340000000,15840000000,1.5,0.576452207258152,0.22200787062918764
S2,14360000000,14400000000,0.05,0.01018011207138353,0.003975443683848895
S2,14360000000,15860000000,1.5,0.5815037491945081,0.2238984764300519
S2,14380000000,14420000000,0.05,0.0108023557064853,0.004218434247175383
S2,14380000000,15880000000,1.5,0.5865139729760716,0.2257722075151788
S2,14400000000,14440000000,0.05,0.010830043125877042,0.004229246371975882
S2,14400000000,15900000000,1.5,0.5909296405385446,0.2274224113250445
S2,14420000000,14460000000,0.05,0.010830043135630518,0.00422924637578468
S2,14420000000,15920000000,1.5,0.5953176206882933,0.22906116976166438
S2,14440000000,14480000000,0.05,0.010864281504114448,0.0042426166894544235
S2,14440000000,15940000000,1.5,0.5998928536195905,0.23076868631029857
S2,14460000000,14500000000,0.05,0.011433029669951467,0.0044647164968882845
S2,14460000000,15960000000,1.5,0.6045746199047191,0.23251471179428804
S2,14480000000,14520000000,0.05,0.011990045128496274,0.004682234257015772
S2,14480000000,15980000000,1.5,0.6092221478280699,0.2342467082158149
S2,14500000000,14540000000,0.05,0.012012550790190646,0.00469102284063235
S2,14500000000,16000000000,1.5,0.6133351659515249,0.235778453862176
S2,14520000000,14560000000,0.05,0.012012550798962462,0.004691022844057792
S2,14520000000,16020000000,1.5,0.617425678419488,0.2373008291070758
S2,14540000000,14580000000,0.05,0.012042628370819652,0.004702768298955502
S2,14540000000,16040000000,1.5,0.6216830453992884,0.2388842486716513
S2,14560000000,14600000000,0.05,0.012572573538399467,0.00490971458350382
S2,14560000000,16060000000,1.5,0.6260277826625655,0.240499047340914
S2,14580000000,14620000000,0.05,0.01309462355313773,0.005113577433715555
S2,14580000000,16080000000,1.5,0.6303424423605599,0.24210154396613986
S2,14600000000,14640000000,0.05,0.013116805972872347,0.005122239759559464
S2,14600000000,16100000000,1.5,0.634157234461016,0.24351744778518863
S2,14620000000,14660000000,0.05,0.013116805981181312,0.005122239762804149
S2,14620000000,16120000000,1.5,0.6379498441471481,0.24492424011422673
S2,14640000000,14680000000,0.05,0.013143965607160413,0.005132845707232589
S2,14640000000,16140000000,1.5,0.6419409698372464,0.2464037167716855
S2,14660000000,14700000000,0.05,0.01352066137835295,0.0052799468397842185
S2,14660000000,16160000000,1.5,0.6460268706414343,0.2479173092425091
S2,14680000000,14720000000,0.05,0.013877616601891851,0.005419339040578954
S2,14680000000,16180000000,1.5,0.6500856118257037,0.24941981621719153
S2,14700000000,14740000000,0.05,0.013885035680073099,0.0054222362134431126
S2,14700000000,16200000000,1.5,0.653794816863019,0.2507920301118195
S2,14720000000,14760000000,0.05,0.013885035686557967,0.005422236215975473
S2,14720000000,16220000000,1.5,0.6574966028274396,0.2521606393113196
S2,14740000000,14780000000,0.05,0.01391244446695411,0.005432939428431387
S2,14740000000,16240000000,1.5,0.6613782535181587,0.25359481944910844
S2,14760000000,14800000000,0.05,0.01422163540213578,0.005553679361787793
S2,14760000000,16260000000,1.5,0.6653433019920256,0.25505882685150116
S2,14780000000,14820000000,0.05,0.014506241623968352,0.005664818777900393
S2,14780000000,16280000000,1.5,0.6692809416907146,0.25651172206362655
S2,14800000000,14840000000,0.05,0.014509065690974876,0.0056659215823071955
S2,14800000000,16300000000,1.5,0.6729367992336079,0.25785975637628167
S2,14820000000,14860000000,0.05,0.014509065696249934,0.005665921584367117
S2,14820000000,16320000000,1.5,0.6765898327136797,0.2592058887711507
S2,14840000000,14880000000,0.05,0.014536929555910849,0.00567680248253361
S2,14840000000,16340000000,1.5,0.6804559838931794,0.26062961243495736
S2,14860000000,14900000000,0.05,0.014771287389096832,0.00576831968537701
S2,14860000000,16360000000,1.5,0.6844369601105689,0.2620946030315145
S2,14880000000,14920000000,0.05,0.01497778135817196,0.005848955927928128
S2,14880000000,16380000000,1.5,0.6883900724735336,0.26354831225077935
S2,14900000000,14940000000,0.05,0.01510325459327394,0.005897953407068003
S2,14900000000,16400000000,1.5,0.6921366908628521,0.2649251355487107
S2,14920000000,14960000000,0.05,0.015296474683710815,0.005973406085387339
S2,14920000000,16420000000,1.5,0.6958833092608123,0.26630102915166254
S2,14940000000,14980000000,0.05,0.015364221534714229,0.0059998612992350694
S2,14940000000,16440000000,1.5,0.6996658734715719,0.26768917532114794
S2,14960000000,15000000000,0.05,0.015364221538570533,0.00599986130074096
S2,14960000000,16460000000,1.5,0.7034655598243146,0.2690826410395335
S2,14980000000,15020000000,0.05,0.015364221541962542,0.005999861302065543
S2,14980000000,16480000000,1.5,0.7072652461769222,0.2704751355301753
S2,15000000000,15040000000,0.05,0.015454078459396947,0.006034950508594334
S2,15000000000,16500000000,1.5,0.7110649325302241,0.2718666537673033
S2,15020000000,15060000000,0.05,0.015595762407704716,0.006090278192201906
S2,15020000000,16520000000,1.5,0.7148646188831982,0.27325719072799287
S2,15040000000,15080000000,0.05,0.015647589442330495,0.00611051667883827
S2,15040000000,16540000000,1.5,0.7187113709664503,0.2746639471921317
S2,15060000000,15100000000,0.05,0.01564758944548178,0.006110516680068848
S2,15060000000,16560000000,1.5,0.722588308662863,0.276080714439271
S2,15080000000,15120000000,0.05,0.015647589448131105,0.0061105166811034105
S2,15080000000,16580000000,1.5,0.7264652463594669,0.27749644426894016
S2,15100000000,15140000000,0.05,0.01574888772075786,0.006150073702587739
S2,15100000000,16600000000,1.5,0.7303421840560894,0.2789111313612443
S2,15120000000,15160000000,0.05,0.015908950727658522,0.006212578347304554
S2,15120000000,16620000000,1.5,0.734219121752765,0.28032477040028253
S2,15140000000,15180000000,0.05,0.015967715464546145,0.006235525981971231
S2,15140000000,16640000000,1.5,0.7380740786313543,0.2817293502093008
S2,15160000000,15200000000,0.05,0.01596771546719325,0.006235525983004926
S2,15160000000,16660000000,1.5,0.7419234598503224,0.2831308540879656
S2,15180000000,15220000000,0.05,0.015967715469459187,0.006235525983889775
S2,15180000000,16680000000,1.5,0.7457728410699485,0.28453130912764757
S2,15200000000,15240000000,0.05,0.016087495461463847,0.0062823000640894145
S2,15200000000,16700000000,1.5,0.7496222222900335,0.28593071014038207
S2,15220000000,15260000000,0.05,0.016269212400513877,0.0063532604755782195
S2,15220000000,16720000000,1.5,0.7534716035107494,0.28732905194224434
S2,15240000000,15280000000,0.05,0.016331149675874596,0.006377446951514708
S2,15240000000,16740000000,1.5,0.7572626816011845,0.2887051740073938
S2,15260000000,15300000000,0.05,0.01633131934694218,0.006377513207975777
S2,15260000000,16760000000,1.5,0.7608543093876036,0.2900079408482124
S2,15280000000,15320000000,0.05,0.016331928743161556,0.0063777511768728585
S2,15280000000,16780000000,1.5,0.7644116361616252,0.2912973440232951
S2,15300000000,15340000000,0.05,0.016464507842554127,0.006429523230019522
S2,15300000000,16800000000,1.5,0.7679347334587081,0.2925734319532862
S2,15320000000,15360000000,0.05,0.016666705742636484,0.006508481325634387
S2,15320000000,16820000000,1.5,0.7714228749813472,0.2938359642916865
S2,15340000000,15380000000,0.05,0.016737815814169527,0.006536249727958686
S2,15340000000,16840000000,1.5,0.7747439116588355,0.2950371825282546
S2,15360000000,15400000000,0.05,0.01674014437010915,0.006537159026273964
S2,15360000000,16860000000,1.5,0.7779594933646552,0.2961994825838649
S2,15380000000,15420000000,0.05,0.01674291029994744,0.006538239118563151
S2,15380000000,16880000000,1.5,0.781032052693495,0.2973093706483843
S2,15400000000,15440000000,0.05,0.016936801259314488,0.006613953274697524
S2,15400000000,16900000000,1.5,0.7832327809373597,0.2981038995939796
S2,15420000000,15460000000,0.05,0.017256428133702956,0.006738766998739538
S2,15420000000,16920000000,1.5,0.7853046735742342,0.29885158516863725
S2,15440000000,15480000000,0.05,0.01738589049244088,0.00678932176999372
S2,15440000000,16940000000,1.5,0.7871503848248003,0.29951737839203896
S2,15460000000,15500000000,0.05,0.0173906018874999,0.006791161559045385
S2,15460000000,16960000000,1.5,0.7888347187000159,0.30012473625288727
S2,15480000000,15520000000,0.05,0.017395790508523676,0.006793187703706949
S2,15480000000,16980000000,1.5,0.7903658659380914,0.30067667149676414
S2,15500000000,15540000000,0.05,0.017556177635809668,0.006855818488050717
S2,15500000000,17000000000,1.5,0.7909611014485254,0.3008911894986011
S2,15520000000,15560000000,0.05,0.01780850660599074,0.006954352249728794
S2,15520000000,17020000000,1.5,0.7914593340776535,0.30107072796670253
S2,15540000000,15580000000,0.05,0.01790674087654652,0.006992712429555324
S2,15540000000,17040000000,1.5,0.791768024059617,0.30118195523901364
S2,15560000000,15600000000,0.05,0.017914168272563633,0.006995612804118853
S2,15560000000,17060000000,1.5,0.7919498710592549,0.30124747504955035
S2,15580000000,15620000000,0.05,0.01792213006894711,0.006998721860221641
S2,15580000000,17080000000,1.5,0.7919833149499294,0.30125952467414635
S2,15600000000,15640000000,0.05,0.01808813284182597,0.007063545388418178
S2,15600000000,17100000000,1.5,0.7911923310870319,0.30097451557948796
S2,15620000000,15660000000,0.05,0.01834525221553992,0.007163949548602446
S2,15620000000,17120000000,1.5,0.7903223536192677,0.30066098896867605
S2,15640000000,15680000000,0.05,0.018440480544134472,0.007201135827167364
S2,15640000000,17140000000,1.5,0.7892605889731361,0.30027826810570935
S2,15660000000,15700000000,0.05,0.018440480548322893,0.007201135828802926
S2,15660000000,17160000000,1.5,0.7880734608258001,0.29985025884574107
S2,15680000000,15720000000,0.05,0.018440480576984296,0.007201135839995084
S2,15680000000,17180000000,1.5,0.7867554974588571,0.29937495428429195
S2,15700000000,15740000000,0.05,0.01862320557047327,0.007272489167817444
S2,15700000000,17200000000,1.5,0.7847225346633165,0.2986415405907013
S2,15720000000,15760000000,0.05,0.018908131699791327,0.007383751480369511
S2,15720000000,17220000000,1.5,0.7826302983245089,0.2978864211291721
S2,15740000000,15780000000,0.05,0.0190103328391822,0.007423660507913361
S2,15740000000,17240000000,1.5,0.7803274452138231,0.29705491007650603
S2,15760000000,15800000000,0.05,0.019010332842809632,0.007423660509329853
S2,15760000000,17260000000,1.5,0.7778943039080141,0.29617592687989663
S2,15780000000,15820000000,0.05,0.01901033284572662,0.007423660510468921
S2,15780000000,17280000000,1.5,0.7753030435897272,0.2952393405037379
S2,15800000000,15840000000,0.05,0.019209546042679028,0.007501452199557083
S2,15800000000,17300000000,1.5,0.7719767520226712,0.29403635787941435
S2,15820000000,15860000000,0.05,0.0195073813234857,0.007617755146438769
S2,15820000000,17320000000,1.5,0.7685979904517843,0.29281356636848777
S2,15840000000,15880000000,0.05,0.019606003411018758,0.00765626646157113
S2,15840000000,17340000000,1.5,0.7649947407439428,0.2915086106874196
S2,15860000000,15900000000,0.05,0.01960600341542003,0.007656266463289799
S2,15860000000,17360000000,1.5,0.7612674568600861,0.29015773913487725
S2,15880000000,15920000000,0.05,0.019606003418707066,0.007656266464573368
S2,15880000000,17380000000,1.5,0.7574172419908117,0.2887612558528946
S2,15900000000,15940000000,0.05,0.019793256206923043,0.007729387468769083
S2,15900000000,17400000000,1.5,0.752854610602953,0.28710499209631896
S2,15920000000,15960000000,0.05,0.02008704235205619,0.007844108923877059
S2,15920000000,17420000000,1.5,0.7482496964901284,0.2854318644291405
S2,15940000000,15980000000,0.05,0.020193575712593864,0.007885709421701751
S2,15940000000,17440000000,1.5,0.7434350592794463,0.2836809190071148
S2,15960000000,16000000000,0.05,0.020193575716757367,0.007885709423327569
S2,15960000000,17460000000,1.5,0.7384913261527851,0.28188131450498805
S2,15980000000,16020000000,0.05,0.020193575719914342,0.007885709424560343
S2,15980000000,17480000000,1.5,0.7334458356069248,0.28004289274711774
S2,16000000000,16040000000,0.05,0.02036043023795414,0.007950864848032885
S2,16000000000,17500000000,1.5,0.7278221304221741,0.27799168752966985
S2,16020000000,16060000000,0.05,0.02061465504203991,0.008050137598838568
S2,16020000000,17520000000,1.5,0.7221699611055719,0.27592788559715387
S2,16040000000,16080000000,0.05,0.020702025332091145,0.008084254967711793
S2,16040000000,17540000000,1.5,0.7163309323089543,0.27379354076035084
S2,16060000000,16100000000,0.05,0.020702025336850005,0.008084254969570086
S2,16060000000,17560000000,1.5,0.7103844707647617,0.27161752756373997
S2,16080000000,16120000000,0.05,0.020702025339725927,0.00808425497069311
S2,16080000000,17580000000,1.5,0.7043813574779365,0.26941834807653636
S2,16100000000,16140000000,0.05,0.02090054134910263,0.00816177375763381
S2,16100000000,17600000000,1.5,0.6975816653440212,0.2669244193120204
S2,16120000000,16160000000,0.05,0.021193832475467522,0.008276301261737834
S2,16120000000,17620000000,1.5,0.6907306020658807,0.26440852876701215
S2,16140000000,16180000000,0.05,0.02128860759561782,0.008313310041961862
S2,16140000000,17640000000,1.5,0.6836810227867919,0.2618164994330704
S2,16160000000,16200000000,0.05,0.02128860759993756,0.00831331004364868
S2,16160000000,17660000000,1.5,0.6765366683961398,0.2591863040622249
S2,16180000000,16220000000,0.05,0.021288607603627663,0.008313310045089629
S2,16180000000,17680000000,1.5,0.6693465306704424,0.2565359144307817
S2,16200000000,16240000000,0.05,0.021468472335212818,0.008383545455387121
S2,16200000000,17700000000,1.5,0.661981361502685,0.25381756829425806
S2,16220000000,16260000000,0.05,0.021731734851144047,0.008486346758578508
S2,16220000000,17720000000,1.5,0.6546161923353755,0.25109578003280353
S2,16240000000,16280000000,0.05,0.021815132639510126,0.008518912706090826
S2,16240000000,17740000000,1.5,0.647071158449969,0.2483039923537106
S2,16260000000,16300000000,0.05,0.021815132643718038,0.00851891270773397
S2,16260000000,17760000000,1.5,0.6394427267881189,0.24547775362685892
S2,16280000000,16320000000,0.05,0.021815132646933355,0.008518912708989516
S2,16280000000,17780000000,1.5,0.631758367833817,0.2426271840025968
S2,16300000000,16340000000,0.05,0.022028250350546452,0.008602132833439913
S2,16300000000,17800000000,1.5,0.6236494332788157,0.23961523171376073
S2,16320000000,16360000000,0.05,0.022356193093139076,0.008730190684367797
S2,16320000000,17820000000,1.5,0.6155404972583698,0.23659933992085183
S2,16340000000,16380000000,0.05,0.022471018136264953,0.008775028481363361
S2,16340000000,17840000000,1.5,0.6072184435491864,0.23350014136435293
S2,16360000000,16400000000,0.05,0.022471018141380084,0.008775028483360757
S2,16360000000,17860000000,1.5,0.5987815648106789,0.23035405440474682
S2,16380000000,16420000000,0.05,0.022471018145450772,0.008775028484950311
S2,16380000000,17880000000,1.5,0.5902921454290816,0.2271842377446327
S2,16400000000,16440000000,0.05,0.022632437201993816,0.008838060634308796
S2,16400000000,17900000000,1.5,0.5810886404744482,0.22374317025004772
S2,16420000000,16460000000,0.05,0.022878725247213016,0.00893423296522769
S2,16420000000,17920000000,1.5,0.5718518004274669,0.2202848755206835
S2,16440000000,16480000000,0.05,0.022963594240064555,0.008967373189902152
S2,16440000000,17940000000,1.5,0.5624535413382177,0.21676132305318016
S2,16460000000,16500000000,0.05,0.022963594244479968,0.008967373191626313
S2,16460000000,17960000000,1.5,0.5529704132686917,0.21320110062657852
S2,16480000000,16520000000,0.05,0.022963594248238406,0.008967373193093934
S2,16480000000,17980000000,1.5,0.5434286650608511,0.20961403297744627
S2,16500000000,16540000000,0.05,0.023100516895623258,0.009020839650674376
S2,16500000000,18000000000,1.5,0.5329889888065779,0.20568394091059516
S2,16520000000,16560000000,0.05,0.023319452187369638,0.009106330858078637
S2,16520000000,18020000000,1.5,0.5224384566850059,0.2017064229536579
S2,16540000000,16580000000,0.05,0.023401464835347052,0.009138355636282194
S2,16540000000,18040000000,1.5,0.5117461518962487,0.1976697308389186
S2,16560000000,16600000000,0.05,0.02340146483870814,0.009138355637594653
S2,16560000000,18060000000,1.5,0.500966999270793,0.1935945324899845
S2,16580000000,16620000000,0.05,0.023401464841429243,0.009138355638657204
S2,16580000000,18080000000,1.5,0.4901102702965252,0.18948432140198385
S2,16600000000,16640000000,0.05,0.02348078229602274,0.009169327967376342
S2,16600000000,18100000000,1.5,0.4783427830932247,0.18502300757717835
S2,16620000000,16660000000,0.05,0.02361328882521585,0.009221069834875912
S2,16620000000,18120000000,1.5,0.46646917880378613,0.1805149708057294
S2,16640000000,16680000000,0.05,0.02366647790314036,0.00924183938285454
S2,16640000000,18140000000,1.5,0.45451625707652377,0.17597039380033988
S2,16660000000,16700000000,0.05,0.02366647790690435,0.00924183938432432
S2,16660000000,18160000000,1.5,0.4425101462867943,0.17139926689491713
S2,16680000000,16720000000,0.05,0.02366647791026011,0.009241839385634696
S2,16680000000,18180000000,1.5,0.43040690529592374,0.1667849079344835
S2,16700000000,16740000000,0.05,0.023727954772614912,0.009265845182668184
S2,16700000000,18200000000,1.5,0.41746199281833785,0.16184290627537304
S2,16720000000,16760000000,0.05,0.02365191827736801,0.009236154065054276
S2,16720000000,18220000000,1.5,0.40447323843630734,0.15687735275787193
S2,16740000000,16780000000,0.05,0.023480104236315302,0.009169063194844047
S2,16740000000,18240000000,1.5,0.39091827805966484,0.15168828848357666
S2,16760000000,16800000000,0.05,0.02341174341804675,0.009142369276257785
S2,16760000000,18260000000,1.5,0.37707758118194923,0.14638265173121004
S2,16780000000,16820000000,0.05,0.02334316756288357,0.009115591378118402
S2,16780000000,18280000000,1.5,0.3632711850102984,0.1410831790860706
S2,16800000000,16840000000,0.05,0.02327368604268143,0.009088459819705522
S2,16800000000,18300000000,1.5,0.34949884898874006,0.13579008163190728
S2,16820000000,16860000000,0.05,0.02320332412594439,0.009060984467624532
S2,16820000000,18320000000,1.5,0.33576102870344837,0.13050383447953545
S2,16840000000,16880000000,0.05,0.02302595684882902,0.008991724957527902
S2,16840000000,18340000000,1.5,0.3215979050860883,0.12504748906288002
S2,16860000000,16900000000,0.05,0.022013431942813688,0.008596346410990179
S2,16860000000,18360000000,1.5,0.3071288733023094,0.11946681896667778
S2,16880000000,16920000000,0.05,0.021015531180686664,0.008206676256890205
S2,16880000000,18380000000,1.5,0.29280181269184324,0.11393474493479523
S2,16900000000,16940000000,0.05,0.020854405146755073,0.008143757976271974
S2,16900000000,18400000000,1.5,0.2793453058408465,0.10873348595500844
S2,16920000000,16960000000,0.05,0.020786473259484683,0.008117231163702075
S2,16920000000,18420000000,1.5,0.2660161460145314,0.1035765962600261
S2,16940000000,16980000000,0.05,0.020601371605732055,0.0080449505265072
S2,16940000000,18440000000,1.5,0.2525225260805124,0.09835139391122218
S2,16960000000,17000000000,0.05,0.01951698463600937,0.007621505181391326
S2,16960000000,18460000000,1.5,0.23766048698101783,0.09259112011205109
S2,16980000000,17020000000,0.05,0.018489258648085705,0.007220183473876633
S2,16980000000,18480000000,1.5,0.2226843753752208,0.08678146269304657
S2,17000000000,17040000000,0.05,0.018363100246901354,0.007170919134164358
S2,17000000000,18500000000,1.5,0.20852851926762905,0.08128552668603652
S2,17020000000,17060000000,0.05,0.018299043587592156,0.007145905259742632
S2,17020000000,18520000000,1.5,0.1944669506507294,0.07582216513653456
S2,17040000000,17080000000,0.05,0.01812203176685878,0.007076782799419058
S2,17040000000,18540000000,1.5,0.18094265759664874,0.07056401284498899
S2,17060000000,17100000000,0.05,0.017156628300340704,0.006699795360244794
S2,17060000000,18560000000,1.5,0.16818720241942864,0.06560181855435866
S2,17080000000,17120000000,0.05,0.016261168738285536,0.006350119428938493
S2,17080000000,18580000000,1.5,0.15557657300097472,0.060693341292595494
S2,17100000000,17140000000,0.05,0.01615639072793018,0.0063092036516062934
S2,17100000000,18600000000,1.5,0.14378652132035896,0.05610207383951923
S2,17120000000,17160000000,0.05,0.016096359422072326,0.006285761439319426
S2,17120000000,18620000000,1.5,0.13207135151852212,0.051538035379562114
S2,17140000000,17180000000,0.05,0.015935389029855362,0.006222902507187248
S2,17140000000,18640000000,1.5,0.1202642957003256,0.046936410854718835
S2,17160000000,17200000000,0.05,0.015089554385839254,0.005892603457445446
S2,17160000000,18660000000,1.5,0.10844120847642025,0.04232689926118019
S2,17180000000,17220000000,0.05,0.014315281442636163,0.0055902483790073445
S2,17180000000,18680000000,1.5,0.09674895647640325,0.037766941601218046
S2,17200000000,17240000000,0.05,0.014228116120979961,0.00555621009938814
S2,17200000000,18700000000,1.5,0.08577170386555089,0.03348465477088882
S2,17220000000,17260000000,0.05,0.014172137283296471,0.0055343502154448785
S2,17220000000,18720000000,1.5,0.07485372478615859,0.029224490074107573
S2,17240000000,17280000000,0.05,0.013985931215086289,0.005461636222977548
S2,17240000000,18740000000,1.5,0.06396220847859369,0.02497378323372814
S2,17260000000,17300000000,0.05,0.013092780957466799,0.0051128578925239655
S2,17260000000,18760000000,1.5,0.05309830288763662,0.02073311429734202
S2,17280000000,17320000000,0.05,0.012305279707783723,0.004805335024707755
S2,17280000000,18780000000,1.5,0.04239251630118268,0.016553567235268667
S2,17300000000,17340000000,0.05,0.012227534763950554,0.00477497522460975
S2,17300000000,18800000000,1.5,0.032421760956876766,0.012660547866808303
S2,17320000000,17360000000,0.05,0.012176847731787399,0.004755181674181049
S2,17320000000,18820000000,1.5,0.022503475610942014,0.008787702729241582
S2,17340000000,17380000000,0.05,0.01202850465788774,0.004697252912605882
S2,17340000000,18840000000,1.5,0.01259741779518353,0.004919416383851423
S2,17360000000,17400000000,0.05,0.011193157158286948,0.004371044785224499
S2,17360000000,18860000000,1.5,0.002685850014951696,0.0010488576451804892
S2,17380000000,17420000000,0.05,0.01043845791802378,0.004076329621726811
S2,17380000000,18880000000,1.5,0.0071043958578709265,0.0027743494378060706
S2,17400000000,17440000000,0.05,0.01037370488341638,0.004051043095627726
S2,17400000000,18900000000,1.5,0.01618222521525059,0.006319292011712484
S2,17420000000,17460000000,0.05,0.01032867201471288,0.0040334574337524826
S2,17420000000,18920000000,1.5,0.025217771849918913,0.009847593781073964
S2,17440000000,17480000000,0.05,0.010204352040072306,0.0039849095713108485
S2,17440000000,18940000000,1.5,0.03424323345734792,0.01337175680705244
S2,17460000000,17500000000,0.05,0.009524379986146414,0.0037193752266836905
S2,17460000000,18960000000,1.5,0.04325979328282292,0.0168921720774938
S2,17480000000,17520000000,0.05,0.008917701218561391,0.0034824621132376744
S2,17480000000,18980000000,1.5,0.0521745956925298,0.02037252002815969
S2,17500000000,17540000000,0.05,0.008869232124734228,0.003463534514153773
S2,17500000000,19000000000,1.5,0.06051118346594253,0.02362676750724162
S2,17520000000,17560000000,0.05,0.008829164701229852,0.0034478878382414088
S2,17520000000,19020000000,1.5,0.0688193071081491,0.026869495463601675
S2,17540000000,17580000000,0.05,0.008752450501073428,0.0034179302747838077
S2,17540000000,19040000000,1.5,0.07711923863452508,0.03010856300920172
S2,17560000000,17600000000,0.05,0.007899219916109423,0.0030847359694561316
S2,17560000000,19060000000,1.5,0.08541062600683846,0.03334377846294295
S2,17580000000,17620000000,0.05,0.007051269927670023,0.0027536032287626975
S2,17580000000,19080000000,1.5,0.09364536163932446,0.03655632189511598
S2,17600000000,17640000000,0.05,0.006999898791873349,0.0027335422827016558
S2,17600000000,19100000000,1.5,0.10108351842672736,0.03945757198362462
S2,17620000000,17660000000,0.05,0.006999898805726601,0.0027335422881114902
S2,17620000000,19120000000,1.5,0.10847030407065639,0.04233824475185766
S2,17640000000,17680000000,0.05,0.006954115479268275,0.002715663436370527
S2,17640000000,19140000000,1.5,0.11586921279571716,0.045223066250950954
S2,17660000000,17700000000,0.05,0.006733300706482925,0.0026294330158773455
S2,17660000000,19160000000,1.5,0.123280733461273,0.04811218459710175
S2,17680000000,17720000000,0.05,0.006558269268560846,0.0025610814316915967
S2,17680000000,19180000000,1.5,0.13064647079393132,0.05098280141838973
S2,17700000000,17740000000,0.05,0.006558269282496698,0.002561081437133692
S2,17700000000,19200000000,1.5,0.13783717668633355,0.05378453724157959
S2,17720000000,17760000000,0.05,0.006558269303887365,0.0025610814454869696
S2,17720000000,19220000000,1.5,0.14502788258078914,0.056585577817119405
S2,17740000000,17780000000,0.05,0.0065023420233580875,0.002539241260678332
S2,17740000000,19240000000,1.5,0.15223163589460742,0.05939096736518891
S2,17760000000,17800000000,0.05,0.006021839134414897,0.0023515998042676484
S2,17760000000,19260000000,1.5,0.15945532869009604,0.062203348289353165
S2,17780000000,17820000000,0.05,0.005597262071486142,0.0021857978606697618
S2,17780000000,19280000000,1.5,0.16662309419525712,0.06499315321597286
S2,17800000000,17840000000,0.05,0.005597260620917144,0.0021857972942066774
S2,17800000000,19300000000,1.5,0.17336628410158683,0.0676169453363206
S2,17820000000,17860000000,0.05,0.005597260645448188,0.002185797303786319
S2,17820000000,19320000000,1.5,0.1801094725431207,0.07023996824175374
S2,17840000000,17880000000,0.05,0.005544720016160132,0.002165279611741933
S2,17840000000,19340000000,1.5,0.18686566466059806,0.0728672486350685
S2,17860000000,17900000000,0.05,0.004778093805149375,0.0018659035047000577
S2,17860000000,19360000000,1.5,0.19364059677657097,0.07550098143458106
S2,17880000000,17920000000,0.05,0.004030673143836094,0.0015740271152595024
S2,17880000000,19380000000,1.5,0.20036298825202348,0.07811343299317111
S2,17900000000,17940000000,0.05,0.003997338065763301,0.0015610093773420956
S2,17900000000,19400000000,1.5,0.20637129415646727,0.0804476310886688
S2,17920000000,17960000000,0.05,0.0039973380884377185,0.0015610093861967212
S2,17920000000,19420000000,1.5,0.21234626497014886,0.08276815869650482
S2,17940000000,17980000000,0.05,0.003938717962697957,0.0015381175403493047
S2,17940000000,19440000000,1.5,0.21833111401981597,0.08509178220609744
S2,17960000000,18000000000,0.05,0.0029821697823662063,0.0011645740972715416
S2,17960000000,19460000000,1.5,0.22432316943508812,0.08741744024637182
S2,17980000000,18020000000,0.05,0.001973385872393263,0.0007706316934718209
S2,17980000000,19480000000,1.5,0.2302566047142095,0.08971957329906168
S2,18000000000,18040000000,0.05,0.0018576799852940695,0.000725447120841561
S2,18000000000,19500000000,1.5,0.2352921119487691,0.0916726976524918
S2,18020000000,18060000000,0.05,0.0018479947731567803,0.000721664926216785
S2,18020000000,19520000000,1.5,0.24021676331764397,0.09358226231008444
S2,18040000000,18080000000,0.05,0.0017655832356235912,0.0006894822051360957
S2,18040000000,19540000000,1.5,0.245144654049664,0.09549251509524818
S2,18060000000,18100000000,0.05,0.0007772486611398177,0.0003035252975481265
S2,18060000000,19560000000,1.5,0.2500725371297686,0.09740218517824976
S2,18080000000,18120000000,0.05,0.00023962665130983218,9.35771985626736e-05
S2,18080000000,19580000000,1.5,0.25492284386306785,0.0992812152306951
S2,18100000000,18140000000,0.05,0.00034574372067819326,0.0001350172384461898
S2,18100000000,19600000000,1.5,0.2588623923682152,0.10080698432993981
S2,18120000000,18160000000,0.05,0.0003457436917759793,0.0001350172271595146
S2,18120000000,19620000000,1.5,0.26269582378810297,0.10229127934849577
S2,18140000000,18180000000,0.05,0.00044287387745967077,0.0001729477764814498
S2,18140000000,19640000000,1.5,0.2665202465922104,0.10377171178406124
S2,18160000000,18200000000,0.05,0.0013816755615521092,0.0005395615124227859
S2,18160000000,19660000000,1.5,0.2703387328454916,0.10524946762258829
S2,18180000000,18220000000,0.05,0.0022671889493562913,0.0008853653982252954
S2,18180000000,19680000000,1.5,0.27406008889959577,0.10668926493394085
S2,18200000000,18240000000,0.05,0.0028157599860580973,0.0010995890626729495
S2,18200000000,19700000000,1.5,0.2769397734686069,0.10780316524715168
S2,18220000000,18260000000,0.05,0.0037437389769900964,0.0014619759528169865
S2,18220000000,19720000000,1.5,0.2797756161347059,0.10889988852663074
S2,18240000000,18280000000,0.05,0.004166988813051109,0.0016272599740226137
S2,18240000000,19740000000,1.5,0.28210750244470106,0.10980154965308933
S2,18260000000,18300000000,0.05,0.004166988775162417,0.0016272599592266387
S2,18260000000,19760000000,1.5,0.2840163964908047,0.110539543004441
S2,18280000000,18320000000,0.05,0.004166988743966482,0.0016272599470442631
S2,18280000000,19780000000,1.5,0.2859252905580544,0.11127743566586368
S2,18300000000,18340000000,0.05,0.004627257859970313,0.0018070003479484925
S2,18300000000,19800000000,1.5,0.2878341846426322,0.11201522696368106
S2,18320000000,18360000000,0.05,0.005428831275194557,0.0021200237819721046
S2,18320000000,19820000000,1.5,0.2897430787419967,0.11275291622480327
S2,18340000000,18380000000,0.05,0.005770135545416055,0.0022533068377296305
S2,18340000000,19840000000,1.5,0.2911863389308835,0.11331059380824474
S2,18360000000,18400000000,0.05,0.005770135518649244,0.0022533068272769003
S2,18360000000,19860000000,1.5,0.2922858055953824,0.11373538955249839
S2,18380000000,18420000000,0.05,0.005770135496625195,0.0022533068186762696
S2,18380000000,19880000000,1.5,0.2933852722762824,0.11416015093148804
S2,18400000000,18440000000,0.05,0.0059683746135790194,0.002330721335242007
S2,18400000000,19900000000,1.5,0.2944847389691563,0.11458487781513622
S2,18420000000,18460000000,0.05,0.007569185774028875,0.0029558544807246293
S2,18420000000,19920000000,1.5,0.29558420567207866,0.1150095700743428
S2,18440000000,18480000000,0.05,0.009236779099559556,0.0036070647255781532
S2,18440000000,19940000000,1.5,0.2964867174417344,0.11535815835718921
S2,18460000000,18500000000,0.05,0.009614983077379402,0.0037547564598523504
S2,18460000000,19960000000,1.5,0.29598697822712605,0.11516514079756142
S2,18480000000,18520000000,0.05,0.009728166076405698,0.0037989553171230064
S2,18480000000,19980000000,1.5,0.2952222177205791,0.11486974840640288
S2,18500000000,18540000000,0.05,0.009222761424078962,0.0036015907066002605
S2,18500000000,20000000000,1.5,0.2943442745283332,0.11453061795784326
S2,18520000000,18560000000,0.05,0.007980704643708592,0.00311655652206053
S2,18520000000,20020000000,1.5,0.2934663310229444,0.11419146531871276
S2,18540000000,18580000000,0.05,0.0072440528288152395,0.002828886877519096
S2,18540000000,20040000000,1.5,0.29309703325405356,0.11404879772377827
S2,18560000000,18600000000,0.05,0.007244052798728973,0.00282888686577011
S2,18560000000,20060000000,1.5,0.2934656305089306,0.11419119469891094
S2,18580000000,18620000000,0.05,0.007244052744167062,0.0028288868444631427
S2,18580000000,20080000000,1.5,0.2938342277761187,0.11433358780018313
S2,18600000000,18640000000,0.05,0.007365834892103185,0.002876443976307326
S2,18600000000,20100000000,1.5,0.294202825076164,0.11447597703069483
S2,18620000000,18660000000,0.05,0.007533783620029544,0.00294202959618078
S2,18620000000,20120000000,1.5,0.29457142240129186,0.11461836238260535
S2,18640000000,18680000000,0.05,0.007579950194066987,0.002960058090982859
S2,18640000000,20140000000,1.5,0.2948182375547952,0.11471370235947027
S2,18660000000,18700000000,0.05,0.007579950225030108,0.0029600581030742577
S2,18660000000,20160000000,1.5,0.29501888615327354,0.11479120779107678
S2,18680000000,18720000000,0.05,0.007579950247608491,0.002960058111891335
S2,18680000000,20180000000,1.5,0.29522022338081466,0.11486897806118644
S2,18700000000,18740000000,0.05,0.0075813792659772394,0.002960616157395266
S2,18700000000,20200000000,1.5,0.2954231916287998,0.11494737716516296
S2,18720000000,18760000000,0.05,0.007583284615225505,0.0029613602147155267
S2,18720000000,20220000000,1.5,0.29562615986706264,0.115025775081538
S2,18740000000,18780000000,0.05,0.007583760962324715,0.002961546232867146
S2,18740000000,20240000000,1.5,0.2958276990965073,0.11510361986098838
S2,18760000000,18800000000,0.05,0.007583760973293052,0.002961546237150388
S2,18760000000,20260000000,1.5,0.2960287619845203,0.11518127948828467
S2,18780000000,18820000000,0.05,0.007583760982456944,0.0029615462407289765
S2,18780000000,20280000000,1.5,0.29623025443253936,0.11525910386336079
S2,18800000000,18840000000,0.05,0.007596808397742683,0.002966641382586157
S2,18800000000,20300000000,1.5,0.2964330355761161,0.11533742480266801
S2,18820000000,18860000000,0.05,0.007640777864202919,0.0029838118835587195
S2,18820000000,20320000000,1.5,0.296635816715469,0.11541574455466966
S2,18840000000,18880000000,0.05,0.007673308995166717,0.0029965156032084705
S2,18840000000,20340000000,1.5,0.2968255504435664,0.11548902395682996
S2,18860000000,18900000000,0.05,0.007674918071915338,0.0029971439631404904
S2,18860000000,20360000000,1.5,0.2969843621163283,0.11555035977173639
S2,18880000000,18920000000,0.05,0.007674918074024206,0.002997143963964024
S2,18880000000,20380000000,1.5,0.29714229152073546,0.11561135411682673
S2,18900000000,18940000000,0.05,0.0076873033586809525,0.0030019805365682174
S2,18900000000,20400000000,1.5,0.29730258451194913,0.11567326057205847
S2,18920000000,18960000000,0.05,0.007713349418191129,0.0030121517725721163
S2,18920000000,20420000000,1.5,0.2974628775384971,0.11573516629791374
S2,18940000000,18980000000,0.05,0.007727010195109574,0.0030174864367528225
S2,18940000000,20440000000,1.5,0.2976107853747213,0.11579228816060505
S2,18960000000,19000000000,0.05,0.007727010196973194,0.003017486437480584
S2,18960000000,20460000000,1.5,0.29774503243531436,0.11584413369676999
S2,18980000000,19020000000,0.05,0.007727010197057904,0.003017486437513664
S2,18980000000,20480000000,1.5,0.29787859010738615,0.11589571247664326
S2,19000000000,19040000000,0.05,0.00773882304384832,0.0030220994671730185
S2,19000000000,20500000000,1.5,0.2980099338668336,0.11594643575919221
S2,19020000000,19060000000,0.05,0.007762154197459514,0.0030312105055064634
S2,19020000000,20520000000,1.5,0.2981412776269946,0.1159971585419634
S2,19040000000,19080000000,0.05,0.007773672503725959,0.0030357085139689714
S2,19040000000,20540000000,1.5,0.2982608085398092,0.11604331896412234
S2,19060000000,19100000000,0.05,0.007773672503779472,0.0030357085139898687
S2,19060000000,20560000000,1.5,0.2983688211465978,0.11608503089283842
S2,19080000000,19120000000,0.05,0.007773672503661899,0.0030357085139439558
S2,19080000000,20580000000,1.5,0.298477808052486,0.11612711872977687
S2,19100000000,19140000000,0.05,0.00778579557711645,0.003040442689653131
S2,19100000000,20600000000,1.5,0.2985901485189104,0.11617050126144758
S2,19120000000,19160000000,0.05,0.0078105305848900075,0.0030501019455509075
S2,19120000000,20620000000,1.5,0.29870248898563734,0.11621388342670616
S2,19140000000,19180000000,0.05,0.007823142518945891,0.0030550270256271806
S2,19140000000,20640000000,1.5,0.29880270637926853,0.11625258375345257
S2,19160000000,19200000000,0.05,0.00782314251857763,0.0030550270254833716
S2,19160000000,20660000000,1.5,0.29889031183889514,0.1162864135690877
S2,19180000000,19220000000,0.05,0.007823142518296966,0.003055027025373769
S2,19180000000,20680000000,1.5,0.29897880349398703,0.11632058537237429
S2,19200000000,19240000000,0.05,0.00783618992577717,0.0030601221618318727
S2,19200000000,20700000000,1.5,0.299069518826006,0.11635561563099374
S2,19220000000,19260000000,0.05,0.007869176805419542,0.003073003850839806
S2,19220000000,20720000000,1.5,0.29916023415790277,0.11639064565018549
S2,19240000000,19280000000,0.05,0.007889116277291608,0.00308079040310114
S2,19240000000,20740000000,1.5,0.2992379020821718,0.1164206371804015
S2,19260000000,19300000000,0.05,0.007889116277075892,0.003080790403016901
S2,19260000000,20760000000,1.5,0.2992956305336776,0.11644292895373928
S2,19280000000,19320000000,0.05,0.00788911627637745,0.003080790402744153
S2,19280000000,20780000000,1.5,0.299354326784161,0.1164655943420417
S2,19300000000,19340000000,0.05,0.007902119938094088,0.003085868455408062
S2,19300000000,20800000000,1.5,0.29941635059445976,0.11648954454899096
S2,19320000000,19360000000,0.05,0.007933863588002077,0.0030982646498307993
S2,19320000000,20820000000,1.5,0.2994783744055764,0.11651349464422357
S2,19340000000,19380000000,0.05,0.007952603575265282,0.003105582791085612
S2,19340000000,20840000000,1.5,0.29952739455443705,0.1165324233797415
S2,19360000000,19400000000,0.05,0.00795260357474692,0.003105582790883186
S2,19360000000,20860000000,1.5,0.29955767471593103,0.11654411578515254
S2,19380000000,19420000000,0.05,0.007952603574289285,0.003105582790704476
S2,19380000000,20880000000,1.5,0.2995901391096913,0.11655665158205683
S2,19400000000,19440000000,0.05,0.007962481797585408,0.003109440329685505
S2,19400000000,20900000000,1.5,0.29963148543053836,0.11657261700070018
S2,19420000000,19460000000,0.05,0.007979566376501546,0.0031161120180447015
S2,19420000000,20920000000,1.5,0.29967283175066417,0.11658858236924424
S2,19440000000,19480000000,0.05,0.007986772731695568,0.0031189261672919136
S2,19440000000,20940000000,1.5,0.2997042998471642,0.11660073335089913
S2,19460000000,19500000000,0.05,0.007986772731314762,0.003118926167143205
S2,19460000000,20960000000,1.5,0.2997285615882135,0.11661010167574419
S2,19480000000,19520000000,0.05,0.007986772731041203,0.003118926167036378
S2,19500000000,19540000000,0.05,0.007994862115600854,0.003122085147479111
S2,19520000000,19560000000,0.05,0.008007779038967877,0.0031271293269391244
S2,19540000000,19580000000,0.05,0.008012606577780246,0.003129014525991211
S2,19560000000,19600000000,0.05,0.008012606577306736,0.003129014525806301
S2,19580000000,19620000000,0.05,0.00801260657634495,0.0031290145254307144
S2,19600000000,19640000000,0.05,0.008003597944673424,0.0031254965705019362
S2,19620000000,19660000000,0.05,0.007988652749164604,0.0031196603317279986
S2,19640000000,19680000000,0.05,0.007982716184845029,0.0031173420477304307
S2,19660000000,19700000000,0.05,0.007982716184667393,0.003117342047661062
S2,19680000000,19720000000,0.05,0.007982716184466443,0.0031173420475825893
S2,19700000000,19740000000,0.05,0.007983488962152285,0.0031176438245120656
S2,19720000000,19760000000,0.05,0.007984519333088858,0.0031180461940196196
S2,19740000000,19780000000,0.05,0.007984776926404424,0.00311814678662343
S2,19760000000,19800000000,0.05,0.007984776926989956,0.0031181467868520852
S2,19780000000,19820000000,0.05,0.007984776927908777,0.0031181467872108933
S2,19800000000,19840000000,0.05,0.00797941214822162,0.003116051790455393
S2,19820000000,19860000000,0.05,0.007971558128580303,0.0031129847221240473
S2,19840000000,19880000000,0.05,0.007969068890814945,0.00311201265142055
S2,19860000000,19900000000,0.05,0.007969068892423103,0.003112012652048551
S2,19880000000,19920000000,0.05,0.007969068892421438,0.0031120126520479004
S2,19900000000,19940000000,0.05,0.007970353086157123,0.003112514141751675
S2,19920000000,19960000000,0.05,0.007971958329076267,0.00311314100417229
S2,19940000000,19980000000,0.05,0.007972279378404279,0.0031132663769467828
S2,19960000000,20000000000,0.05,0.007972279378586578,0.0031132663770179723
S2,19980000000,20020000000,0.05,0.007972279378770986,0.003113266377089985
S2,20000000000,20040000000,0.05,0.007975520149799298,0.0031145319285751393
S2,20020000000,20060000000,0.05,0.007980004129694795,0.003116282964770807
S2,20040000000,20080000000,0.05,0.00798124735088035,0.0031167684542987317
S2,20060000000,20100000000,0.05,0.007981247365962396,0.0031167684601884123
S2,20080000000,20120000000,0.05,0.00798124736934025,0.0031167684615074956
S2,20100000000,20140000000,0.05,0.007981247370734357,0.003116768462051908
S2,20120000000,20160000000,0.05,0.007981247372011224,0.0031167684625505363
S2,20140000000,20180000000,0.05,0.007981936020086455,0.0031170373860793426
S2,20160000000,20200000000,0.05,0.007984255700556386,0.0031179432430449563
S2,20180000000,20220000000,0.05,0.007985886733856473,0.0031185801768336217
S2,20200000000,20240000000,0.05,0.007985886733684722,0.003118580176766551
S2,20220000000,20260000000,0.05,0.00798588673268319,0.003118580176375443
S2,20240000000,20280000000,0.05,0.007986316298356777,0.0031187479257962438
S2,20260000000,20300000000,0.05,0.007988034564888835,0.0031194189249766683
S2,20280000000,20320000000,0.05,0.007989323265386594,0.0031199221745942794
S2,20300000000,20340000000,0.05,0.007989323265192971,0.0031199221745186675
S2,20320000000,20360000000,0.05,0.007989323265062187,0.0031199221744675947
S2,20340000000,20380000000,0.05,0.007990050072335775,0.003120205999516479
S2,20360000000,20400000000,0.05,0.007993140467536186,0.0031214128277876865
S2,20380000000,20420000000,0.05,0.007995504091785843,0.003122335845190468
S2,20400000000,20440000000,0.05,0.00799550422145312,0.003122335895826754
S2,20420000000,20460000000,0.05,0.007995504315008395,0.0031223359323609644
S2,20440000000,20480000000,0.05,0.00799481492777443,0.003122066720191038
S2,20460000000,20500000000,0.05,0.007991911628492443,0.003120932954632371
S2,20480000000,20520000000,0.05,0.007989697716666355,0.003120068401326843
S2,20500000000,20540000000,0.05,0.007989697716823896,0.003120068401388364
S2,20520000000,20560000000,0.05,0.007989697717062705,0.003120068401481621
S2,20540000000,20580000000,0.05,0.0079906720164028,0.003120448874500542
S2,20560000000,20600000000,0.05,0.00799499987609209,0.003122138944240881
S2,20580000000,20620000000,0.05,0.00799835343681321,0.0031234485410995016
S2,20600000000,20640000000,0.05,0.00799835343747457,0.003123448541357769
S2,20620000000,20660000000,0.05,0.00799835343814781,0.0031234485416206754
S2,20640000000,20680000000,0.05,0.00799923963366439,0.0031237946092652572
S2,20660000000,20700000000,0.05,0.00800234950568851,0.003125009043396214
S2,20680000000,20720000000,0.05,0.008004573182212704,0.0031258774098858427
S2,20700000000,20740000000,0.05,0.008004573181942976,0.003125877409780511
S2,20720000000,20760000000,0.05,0.008004573181194352,0.003125877409488167
S2,20740000000,20780000000,0.05,0.0080055409792808,0.0031262553436954004
S2,20760000000,20800000000,0.05,0.008009836337858067,0.003127932721397283
S2,20780000000,20820000000,0.05,0.00801316389779283,0.00312923216466686
S2,20800000000,20840000000,0.05,0.008013163898071385,0.0031292321647756385
S2,20820000000,20860000000,0.05,0.008013163898356712,0.003129232164887061
S2,20840000000,20880000000,0.05,0.008015348130519517,0.003130085127966052
S2,20860000000,20900000000,0.05,0.008026414289354245,0.00313440656638622
S2,20880000000,20920000000,0.05,0.008035296215262167,0.003137875041370964
S2,20900000000,20940000000,0.05,0.00803529621421123,0.0031378750409605635
