scene,policy,original_cycle,source_epoch_ns,valid,reason,status,iterations,seed_vx,seed_vy,seed_stamp_ns,reset_seed,reset_warm,used_warm,vx,vy,dynamic_cost
S0,legacy,77,998000000,1,"solved_soft_dynamic","solved",150,0,0,998000000,1,1,0,0.049883172678392304,-7.1123302634836522e-20,0
S0,legacy,78,1048000000,1,"solved_soft_dynamic","solved",80,0.049883172678392304,-7.1123302634836522e-20,998000000,0,0,1,0.094842906950047406,-1.2975080410658724e-19,0
S0,legacy,79,1098000000,1,"solved_soft_dynamic","solved",90,0.094842906950047406,-1.2975080410658724e-19,1048000000,0,0,1,0.13386971002437834,-1.7811749260246311e-19,0
S0,legacy,80,1148000000,1,"solved_soft_dynamic","solved",90,0.13386971002437834,-1.7811749260246311e-19,1098000000,0,0,1,0.16774649739593628,-2.1801487873650258e-19,0
S0,legacy,81,1198000000,1,"solved_soft_dynamic","solved",90,0.16774649739593628,-2.1801487873650258e-19,1148000000,0,0,1,0.19715287025286624,-2.5092224291939865e-19,0
S0,legacy,82,1248000000,1,"solved_soft_dynamic","solved",90,0.19715287025286624,-2.5092224291939865e-19,1198000000,0,0,1,0.22267874893541179,-2.7806097812003983e-19,0
S0,legacy,83,1298000000,1,"solved_soft_dynamic","solved",80,0.22267874893541179,-2.7806097812003983e-19,1248000000,0,0,1,0.24483620730969369,-3.0043948410055163e-19,0
S0,legacy,84,1348000000,0,"invalid_or_failed_input: fixed-yaw coherent control values","not_run",0,0,0,1348000000,1,1,0,0,0,0
S0,legacy,85,1398000000,0,"invalid_or_failed_input: fixed-yaw coherent control values","not_run",0,0,0,1398000000,1,1,0,0,0,0
S0,legacy,86,1448000000,0,"invalid_or_failed_input: fixed-yaw coherent control values","not_run",0,0,0,1448000000,1,1,0,0,0,0
S0,legacy,87,1498000000,0,"invalid_or_failed_input: fixed-yaw coherent control values","not_run",0,0,0,1498000000,1,1,0,0,0,0
S0,legacy,88,1548000000,0,"invalid_or_failed_input: fixed-yaw coherent control values","not_run",0,0,0,1548000000,1,1,0,0,0,0
S0,legacy,89,1598000000,0,"invalid_or_failed_input: fixed-yaw coherent control values","not_run",0,0,0,1598000000,1,1,0,0,0,0
S0,legacy,90,1648000000,0,"invalid_or_failed_input: fixed-yaw coherent control values","not_run",0,0,0,1648000000,1,1,0,0,0,0
S0,legacy,91,1698000000,0,"invalid_or_failed_input: fixed-yaw coherent control values","not_run",0,0,0,1698000000,1,1,0,0,0,0
S0,legacy,92,1748000000,0,"invalid_or_failed_input: fixed-yaw coherent control values","not_run",0,0,0,1748000000,1,1,0,0,0,0
S0,legacy,93,1798000000,0,"invalid_or_failed_input: fixed-yaw coherent control values","not_run",0,0,0,1798000000,1,1,0,0,0,0
S0,legacy,94,1848000000,0,"invalid_or_failed_input: fixed-yaw coherent control values","not_run",0,0,0,1848000000,1,1,0,0,0,0
S0,legacy,95,1898000000,0,"invalid_or_failed_input: fixed-yaw coherent control values","not_run",0,0,0,1898000000,1,1,0,0,0,0
S0,legacy,96,1948000000,0,"invalid_or_failed_input: fixed-yaw coherent control values","not_run",0,0,0,1948000000,1,1,0,0,0,0
S0,legacy,97,1998000000,0,"invalid_or_failed_input: fixed-yaw coherent control values","not_run",0,0,0,1998000000,1,1,0,0,0,0
S0,legacy,98,2048000000,0,"invalid_or_failed_input: fixed-yaw coherent control values","not_run",0,0,0,2048000000,1,1,0,0,0,0
S0,legacy,99,2098000000,0,"invalid_or_failed_input: fixed-yaw coherent control values","not_run",0,0,0,2098000000,1,1,0,0,0,0
S0,legacy,100,2148000000,0,"invalid_or_failed_input: fixed-yaw coherent control values","not_run",0,0,0,2148000000,1,1,0,0,0,0
S0,legacy,101,2198000000,0,"invalid_or_failed_input: fixed-yaw coherent control values","not_run",0,0,0,2198000000,1,1,0,0,0,0
S0,legacy,102,2248000000,0,"invalid_or_failed_input: fixed-yaw coherent control values","not_run",0,0,0,2248000000,1,1,0,0,0,0
S0,legacy,103,2298000000,0,"invalid_or_failed_input: fixed-yaw coherent control values","not_run",0,0,0,2298000000,1,1,0,0,0,0
S0,legacy,104,2348000000,0,"invalid_or_failed_input: fixed-yaw coherent control values","not_run",0,0,0,2348000000,1,1,0,0,0,0
S0,legacy,105,2398000000,0,"invalid_or_failed_input: fixed-yaw coherent control values","not_run",0,0,0,2398000000,1,1,0,0,0,0
S0,legacy,106,2448000000,0,"invalid_or_failed_input: fixed-yaw coherent control values","not_run",0,0,0,2448000000,1,1,0,0,0,0
S0,legacy,107,2498000000,0,"invalid_or_failed_input: fixed-yaw coherent control values","not_run",0,0,0,2498000000,1,1,0,0,0,0
S0,legacy,108,2548000000,0,"invalid_or_failed_input: fixed-yaw coherent control values","not_run",0,0,0,2548000000,1,1,0,0,0,0
S0,legacy,109,2598000000,0,"invalid_or_failed_input: fixed-yaw coherent control values","not_run",0,0,0,2598000000,1,1,0,0,0,0
S0,legacy,110,2648000000,0,"invalid_or_failed_input: fixed-yaw coherent control values","not_run",0,0,0,2648000000,1,1,0,0,0,0
S0,legacy,111,2698000000,0,"invalid_or_failed_input: fixed-yaw coherent control values","not_run",0,0,0,2698000000,1,1,0,0,0,0
S0,legacy,112,2748000000,0,"invalid_or_failed_input: fixed-yaw coherent control values","not_run",0,0,0,2748000000,1,1,0,0,0,0
S0,legacy,113,2798000000,0,"invalid_or_failed_input: fixed-yaw coherent control values","not_run",0,0,0,2798000000,1,1,0,0,0,0
S0,legacy,114,2848000000,0,"invalid_or_failed_input: fixed-yaw coherent control values","not_run",0,0,0,2848000000,1,1,0,0,0,0
S0,legacy,115,2898000000,0,"invalid_or_failed_input: fixed-yaw coherent control values","not_run",0,0,0,2898000000,1,1,0,0,0,0
S0,legacy,116,2948000000,0,"invalid_or_failed_input: fixed-yaw coherent control values","not_run",0,0,0,2948000000,1,1,0,0,0,0
S0,legacy,117,2998000000,0,"invalid_or_failed_input: fixed-yaw coherent control values","not_run",0,0,0,2998000000,1,1,0,0,0,0
S0,legacy,118,3048000000,0,"invalid_or_failed_input: fixed-yaw coherent control values","not_run",0,0,0,3048000000,1,1,0,0,0,0
S0,legacy,119,3098000000,0,"invalid_or_failed_input: fixed-yaw coherent control values","not_run",0,0,0,3098000000,1,1,0,0,0,0
S0,legacy,120,3148000000,0,"invalid_or_failed_input: fixed-yaw coherent control values","not_run",0,0,0,3148000000,1,1,0,0,0,0
S0,legacy,121,3198000000,0,"invalid_or_failed_input: fixed-yaw coherent control values","not_run",0,0,0,3198000000,1,1,0,0,0,0
S0,legacy,122,3248000000,0,"invalid_or_failed_input: fixed-yaw coherent control values","not_run",0,0,0,3248000000,1,1,0,0,0,0
S0,legacy,123,3298000000,0,"invalid_or_failed_input: fixed-yaw coherent control values","not_run",0,0,0,3298000000,1,1,0,0,0,0
S0,legacy,124,3348000000,0,"invalid_or_failed_input: fixed-yaw coherent control values","not_run",0,0,0,3348000000,1,1,0,0,0,0
S0,legacy,125,3398000000,0,"invalid_or_failed_input: fixed-yaw coherent control values","not_run",0,0,0,3398000000,1,1,0,0,0,0
S0,legacy,126,3448000000,0,"invalid_or_failed_input: fixed-yaw coherent control values","not_run",0,0,0,3448000000,1,1,0,0,0,0
S0,legacy,127,3498000000,0,"invalid_or_failed_input: fixed-yaw coherent control values","not_run",0,0,0,3498000000,1,1,0,0,0,0
S0,legacy,128,3548000000,0,"invalid_or_failed_input: fixed-yaw coherent control values","not_run",0,0,0,3548000000,1,1,0,0,0,0
S0,legacy,129,3598000000,0,"invalid_or_failed_input: fixed-yaw coherent control values","not_run",0,0,0,3598000000,1,1,0,0,0,0
S0,legacy,130,3648000000,0,"invalid_or_failed_input: fixed-yaw coherent control values","not_run",0,0,0,3648000000,1,1,0,0,0,0
S0,legacy,131,3698000000,0,"invalid_or_failed_input: fixed-yaw coherent control values","not_run",0,0,0,3698000000,1,1,0,0,0,0
S0,legacy,132,3748000000,0,"invalid_or_failed_input: fixed-yaw coherent control values","not_run",0,0,0,3748000000,1,1,0,0,0,0
S0,legacy,133,3798000000,0,"invalid_or_failed_input: fixed-yaw coherent control values","not_run",0,0,0,3798000000,1,1,0,0,0,0
S0,legacy,134,3848000000,0,"invalid_or_failed_input: fixed-yaw coherent control values","not_run",0,0,0,3848000000,1,1,0,0,0,0
S0,legacy,135,3898000000,0,"invalid_or_failed_input: fixed-yaw coherent control values","not_run",0,0,0,3898000000,1,1,0,0,0,0
S0,legacy,136,3948000000,0,"invalid_or_failed_input: fixed-yaw coherent control values","not_run",0,0,0,3948000000,1,1,0,0,0,0
S0,legacy,137,3998000000,0,"invalid_or_failed_input: fixed-yaw coherent control values","not_run",0,0,0,3998000000,1,1,0,0,0,0
S0,legacy,138,4048000000,0,"invalid_or_failed_input: fixed-yaw coherent control values","not_run",0,0,0,4048000000,1,1,0,0,0,0
S0,legacy,139,4098000000,0,"invalid_or_failed_input: fixed-yaw coherent control values","not_run",0,0,0,4098000000,1,1,0,0,0,0
S0,legacy,140,4148000000,0,"invalid_or_failed_input: fixed-yaw coherent control values","not_run",0,0,0,4148000000,1,1,0,0,0,0
S0,legacy,141,4198000000,0,"invalid_or_failed_input: fixed-yaw coherent control values","not_run",0,0,0,4198000000,1,1,0,0,0,0
S0,legacy,142,4248000000,0,"invalid_or_failed_input: fixed-yaw coherent control values","not_run",0,0,0,4248000000,1,1,0,0,0,0
S0,legacy,143,4298000000,0,"invalid_or_failed_input: fixed-yaw coherent control values","not_run",0,0,0,4298000000,1,1,0,0,0,0
S0,legacy,144,4348000000,0,"invalid_or_failed_input: fixed-yaw coherent control values","not_run",0,0,0,4348000000,1,1,0,0,0,0
S0,legacy,145,4398000000,0,"invalid_or_failed_input: fixed-yaw coherent control values","not_run",0,0,0,4398000000,1,1,0,0,0,0
S0,legacy,146,4448000000,0,"invalid_or_failed_input: fixed-yaw coherent control values","not_run",0,0,0,4448000000,1,1,0,0,0,0
S0,legacy,147,4498000000,0,"invalid_or_failed_input: fixed-yaw coherent control values","not_run",0,0,0,4498000000,1,1,0,0,0,0
S0,legacy,148,4548000000,0,"invalid_or_failed_input: fixed-yaw coherent control values","not_run",0,0,0,4548000000,1,1,0,0,0,0
S0,legacy,149,4598000000,0,"invalid_or_failed_input: fixed-yaw coherent control values","not_run",0,0,0,4598000000,1,1,0,0,0,0
S0,legacy,150,4648000000,0,"invalid_or_failed_input: fixed-yaw coherent control values","not_run",0,0,0,4648000000,1,1,0,0,0,0
S0,legacy,151,4698000000,0,"invalid_or_failed_input: fixed-yaw coherent control values","not_run",0,0,0,4698000000,1,1,0,0,0,0
S0,legacy,152,4748000000,0,"invalid_or_failed_input: fixed-yaw coherent control values","not_run",0,0,0,4748000000,1,1,0,0,0,0
S0,legacy,153,4798000000,0,"invalid_or_failed_input: fixed-yaw coherent control values","not_run",0,0,0,4798000000,1,1,0,0,0,0
S0,legacy,154,4848000000,0,"invalid_or_failed_input: fixed-yaw coherent control values","not_run",0,0,0,4848000000,1,1,0,0,0,0
S0,legacy,155,4898000000,0,"invalid_or_failed_input: fixed-yaw coherent control values","not_run",0,0,0,4898000000,1,1,0,0,0,0
S0,legacy,156,4948000000,0,"invalid_or_failed_input: fixed-yaw coherent control values","not_run",0,0,0,4948000000,1,1,0,0,0,0
S0,legacy,157,4998000000,0,"invalid_or_failed_input: fixed-yaw coherent control values","not_run",0,0,0,4998000000,1,1,0,0,0,0
S0,legacy,158,5048000000,0,"invalid_or_failed_input: fixed-yaw coherent control values","not_run",0,0,0,5048000000,1,1,0,0,0,0
S0,legacy,159,5098000000,0,"invalid_or_failed_input: fixed-yaw coherent control values","not_run",0,0,0,5098000000,1,1,0,0,0,0
S0,legacy,160,5148000000,0,"invalid_or_failed_input: fixed-yaw coherent control values","not_run",0,0,0,5148000000,1,1,0,0,0,0
S0,legacy,161,5198000000,0,"invalid_or_failed_input: fixed-yaw coherent control values","not_run",0,0,0,5198000000,1,1,0,0,0,0
S0,legacy,162,5248000000,0,"invalid_or_failed_input: fixed-yaw coherent control values","not_run",0,0,0,5248000000,1,1,0,0,0,0
S0,legacy,163,5298000000,0,"invalid_or_failed_input: fixed-yaw coherent control values","not_run",0,0,0,5298000000,1,1,0,0,0,0
S0,legacy,164,5348000000,0,"invalid_or_failed_input: fixed-yaw coherent control values","not_run",0,0,0,5348000000,1,1,0,0,0,0
S0,legacy,165,5398000000,0,"invalid_or_failed_input: fixed-yaw coherent control values","not_run",0,0,0,5398000000,1,1,0,0,0,0
S0,legacy,166,5448000000,0,"invalid_or_failed_input: fixed-yaw coherent control values","not_run",0,0,0,5448000000,1,1,0,0,0,0
S0,legacy,167,5498000000,0,"invalid_or_failed_input: fixed-yaw coherent control values","not_run",0,0,0,5498000000,1,1,0,0,0,0
S0,legacy,168,5548000000,0,"invalid_or_failed_input: fixed-yaw coherent control values","not_run",0,0,0,5548000000,1,1,0,0,0,0
S0,legacy,169,5598000000,0,"invalid_or_failed_input: fixed-yaw coherent control values","not_run",0,0,0,5598000000,1,1,0,0,0,0
S0,legacy,170,5648000000,0,"invalid_or_failed_input: fixed-yaw coherent control values","not_run",0,0,0,5648000000,1,1,0,0,0,0
S0,legacy,171,5698000000,0,"invalid_or_failed_input: fixed-yaw coherent control values","not_run",0,0,0,5698000000,1,1,0,0,0,0
S0,legacy,172,5748000000,0,"invalid_or_failed_input: fixed-yaw coherent control values","not_run",0,0,0,5748000000,1,1,0,0,0,0
S0,legacy,173,5798000000,0,"invalid_or_failed_input: fixed-yaw coherent control values","not_run",0,0,0,5798000000,1,1,0,0,0,0
S0,legacy,174,5848000000,0,"invalid_or_failed_input: fixed-yaw coherent control values","not_run",0,0,0,5848000000,1,1,0,0,0,0
S0,legacy,175,5898000000,0,"invalid_or_failed_input: fixed-yaw coherent control values","not_run",0,0,0,5898000000,1,1,0,0,0,0
S0,legacy,176,5948000000,0,"invalid_or_failed_input: fixed-yaw coherent control values","not_run",0,0,0,5948000000,1,1,0,0,0,0
S0,legacy,177,5998000000,0,"invalid_or_failed_input: fixed-yaw coherent control values","not_run",0,0,0,5998000000,1,1,0,0,0,0
S0,legacy,178,6048000000,0,"invalid_or_failed_input: fixed-yaw coherent control values","not_run",0,0,0,6048000000,1,1,0,0,0,0
S0,legacy,179,6098000000,0,"invalid_or_failed_input: fixed-yaw coherent control values","not_run",0,0,0,6098000000,1,1,0,0,0,0
S0,legacy,180,6148000000,0,"invalid_or_failed_input: fixed-yaw coherent control values","not_run",0,0,0,6148000000,1,1,0,0,0,0
S0,legacy,181,6198000000,0,"invalid_or_failed_input: fixed-yaw coherent control values","not_run",0,0,0,6198000000,1,1,0,0,0,0
S0,legacy,182,6248000000,0,"invalid_or_failed_input: fixed-yaw coherent control values","not_run",0,0,0,6248000000,1,1,0,0,0,0
S0,legacy,183,6298000000,0,"invalid_or_failed_input: fixed-yaw coherent control values","not_run",0,0,0,6298000000,1,1,0,0,0,0
S0,legacy,184,6348000000,0,"invalid_or_failed_input: fixed-yaw coherent control values","not_run",0,0,0,6348000000,1,1,0,0,0,0
S0,legacy,185,6398000000,0,"invalid_or_failed_input: fixed-yaw coherent control values","not_run",0,0,0,6398000000,1,1,0,0,0,0
S0,legacy,186,6477000000,0,"invalid_or_failed_input: fixed-yaw coherent control values","not_run",0,0,0,6477000000,1,1,0,0,0,0
S0,legacy,187,6498000000,0,"invalid_or_failed_input: fixed-yaw coherent control values","not_run",0,0,0,6498000000,1,1,0,0,0,0
S0,legacy,188,6548000000,0,"invalid_or_failed_input: fixed-yaw coherent control values","not_run",0,0,0,6548000000,1,1,0,0,0,0
S0,legacy,189,6598000000,0,"invalid_or_failed_input: fixed-yaw coherent control values","not_run",0,0,0,6598000000,1,1,0,0,0,0
S0,legacy,190,6648000000,0,"invalid_or_failed_input: fixed-yaw coherent control values","not_run",0,0,0,6648000000,1,1,0,0,0,0
S0,legacy,191,6698000000,0,"invalid_or_failed_input: fixed-yaw coherent control values","not_run",0,0,0,6698000000,1,1,0,0,0,0
S0,legacy,192,6748000000,0,"invalid_or_failed_input: fixed-yaw coherent control values","not_run",0,0,0,6748000000,1,1,0,0,0,0
S0,legacy,193,6798000000,0,"invalid_or_failed_input: fixed-yaw coherent control values","not_run",0,0,0,6798000000,1,1,0,0,0,0
S0,legacy,194,6848000000,0,"invalid_or_failed_input: fixed-yaw coherent control values","not_run",0,0,0,6848000000,1,1,0,0,0,0
S0,legacy,195,6898000000,0,"invalid_or_failed_input: fixed-yaw coherent control values","not_run",0,0,0,6898000000,1,1,0,0,0,0
S0,legacy,196,6948000000,0,"invalid_or_failed_input: fixed-yaw coherent control values","not_run",0,0,0,6948000000,1,1,0,0,0,0
S0,legacy,197,6998000000,0,"invalid_or_failed_input: fixed-yaw coherent control values","not_run",0,0,0,6998000000,1,1,0,0,0,0
S0,legacy,198,7048000000,0,"invalid_or_failed_input: fixed-yaw coherent control values","not_run",0,0,0,7048000000,1,1,0,0,0,0
S0,legacy,199,7098000000,0,"invalid_or_failed_input: fixed-yaw coherent control values","not_run",0,0,0,7098000000,1,1,0,0,0,0
S0,legacy,200,7148000000,0,"invalid_or_failed_input: fixed-yaw coherent control values","not_run",0,0,0,7148000000,1,1,0,0,0,0
S0,legacy,201,7198000000,0,"invalid_or_failed_input: fixed-yaw coherent control values","not_run",0,0,0,7198000000,1,1,0,0,0,0
S0,legacy,202,7248000000,0,"invalid_or_failed_input: fixed-yaw coherent control values","not_run",0,0,0,7248000000,1,1,0,0,0,0
S0,legacy,203,7298000000,0,"invalid_or_failed_input: fixed-yaw coherent control values","not_run",0,0,0,7298000000,1,1,0,0,0,0
S0,legacy,204,7348000000,0,"invalid_or_failed_input: fixed-yaw coherent control values","not_run",0,0,0,7348000000,1,1,0,0,0,0
S0,legacy,205,7398000000,0,"invalid_or_failed_input: fixed-yaw coherent control values","not_run",0,0,0,7398000000,1,1,0,0,0,0
S0,legacy,206,7448000000,0,"invalid_or_failed_input: fixed-yaw coherent control values","not_run",0,0,0,7448000000,1,1,0,0,0,0
S0,legacy,207,7498000000,0,"invalid_or_failed_input: fixed-yaw coherent control values","not_run",0,0,0,7498000000,1,1,0,0,0,0
S0,legacy,208,7548000000,0,"invalid_or_failed_input: fixed-yaw coherent control values","not_run",0,0,0,7548000000,1,1,0,0,0,0
S0,legacy,209,7598000000,0,"invalid_or_failed_input: fixed-yaw coherent control values","not_run",0,0,0,7598000000,1,1,0,0,0,0
S0,legacy,210,7648000000,0,"invalid_or_failed_input: fixed-yaw coherent control values","not_run",0,0,0,7648000000,1,1,0,0,0,0
S0,legacy,211,7698000000,0,"invalid_or_failed_input: fixed-yaw coherent control values","not_run",0,0,0,7698000000,1,1,0,0,0,0
S0,legacy,212,7748000000,0,"invalid_or_failed_input: fixed-yaw coherent control values","not_run",0,0,0,7748000000,1,1,0,0,0,0
S0,legacy,213,7798000000,0,"invalid_or_failed_input: fixed-yaw coherent control values","not_run",0,0,0,7798000000,1,1,0,0,0,0
S0,legacy,214,7848000000,0,"invalid_or_failed_input: fixed-yaw coherent control values","not_run",0,0,0,7848000000,1,1,0,0,0,0
S0,legacy,215,7898000000,0,"invalid_or_failed_input: fixed-yaw coherent control values","not_run",0,0,0,7898000000,1,1,0,0,0,0
S0,legacy,216,7948000000,0,"invalid_or_failed_input: fixed-yaw coherent control values","not_run",0,0,0,7948000000,1,1,0,0,0,0
S0,legacy,217,7998000000,0,"invalid_or_failed_input: fixed-yaw coherent control values","not_run",0,0,0,7998000000,1,1,0,0,0,0
S0,legacy,218,8048000000,0,"invalid_or_failed_input: fixed-yaw coherent control values","not_run",0,0,0,8048000000,1,1,0,0,0,0
S0,legacy,219,8098000000,0,"invalid_or_failed_input: fixed-yaw coherent control values","not_run",0,0,0,8098000000,1,1,0,0,0,0
S0,legacy,220,8148000000,0,"invalid_or_failed_input: fixed-yaw coherent control values","not_run",0,0,0,8148000000,1,1,0,0,0,0
S0,legacy,221,8198000000,0,"invalid_or_failed_input: fixed-yaw coherent control values","not_run",0,0,0,8198000000,1,1,0,0,0,0
S0,legacy,222,8248000000,0,"invalid_or_failed_input: fixed-yaw coherent control values","not_run",0,0,0,8248000000,1,1,0,0,0,0
S0,legacy,223,8298000000,0,"invalid_or_failed_input: fixed-yaw coherent control values","not_run",0,0,0,8298000000,1,1,0,0,0,0
S0,legacy,224,8348000000,0,"invalid_or_failed_input: fixed-yaw coherent control values","not_run",0,0,0,8348000000,1,1,0,0,0,0
S0,legacy,225,8398000000,0,"invalid_or_failed_input: fixed-yaw coherent control values","not_run",0,0,0,8398000000,1,1,0,0,0,0
S0,legacy,226,8448000000,0,"invalid_or_failed_input: fixed-yaw coherent control values","not_run",0,0,0,8448000000,1,1,0,0,0,0
S0,legacy,227,8498000000,0,"invalid_or_failed_input: fixed-yaw coherent control values","not_run",0,0,0,8498000000,1,1,0,0,0,0
S0,legacy,228,8548000000,0,"invalid_or_failed_input: fixed-yaw coherent control values","not_run",0,0,0,8548000000,1,1,0,0,0,0
S0,legacy,229,8598000000,0,"invalid_or_failed_input: fixed-yaw coherent control values","not_run",0,0,0,8598000000,1,1,0,0,0,0
S0,legacy,230,8648000000,0,"invalid_or_failed_input: fixed-yaw coherent control values","not_run",0,0,0,8648000000,1,1,0,0,0,0
S0,legacy,231,8698000000,0,"invalid_or_failed_input: fixed-yaw coherent control values","not_run",0,0,0,8698000000,1,1,0,0,0,0
S0,legacy,232,8748000000,0,"invalid_or_failed_input: fixed-yaw coherent control values","not_run",0,0,0,8748000000,1,1,0,0,0,0
S0,legacy,233,8798000000,0,"invalid_or_failed_input: fixed-yaw coherent control values","not_run",0,0,0,8798000000,1,1,0,0,0,0
S0,legacy,234,8848000000,0,"invalid_or_failed_input: fixed-yaw coherent control values","not_run",0,0,0,8848000000,1,1,0,0,0,0
S0,legacy,235,8898000000,0,"invalid_or_failed_input: fixed-yaw coherent control values","not_run",0,0,0,8898000000,1,1,0,0,0,0
S0,legacy,236,8948000000,0,"invalid_or_failed_input: fixed-yaw coherent control values","not_run",0,0,0,8948000000,1,1,0,0,0,0
S0,legacy,237,8998000000,0,"invalid_or_failed_input: fixed-yaw coherent control values","not_run",0,0,0,8998000000,1,1,0,0,0,0
S0,legacy,238,9048000000,0,"invalid_or_failed_input: fixed-yaw coherent control values","not_run",0,0,0,9048000000,1,1,0,0,0,0
S0,legacy,239,9098000000,0,"invalid_or_failed_input: fixed-yaw coherent control values","not_run",0,0,0,9098000000,1,1,0,0,0,0
S0,legacy,240,9148000000,0,"invalid_or_failed_input: fixed-yaw coherent control values","not_run",0,0,0,9148000000,1,1,0,0,0,0
S0,legacy,241,9198000000,0,"invalid_or_failed_input: fixed-yaw coherent control values","not_run",0,0,0,9198000000,1,1,0,0,0,0
S0,legacy,242,9248000000,0,"invalid_or_failed_input: fixed-yaw coherent control values","not_run",0,0,0,9248000000,1,1,0,0,0,0
S0,legacy,243,9298000000,0,"invalid_or_failed_input: fixed-yaw coherent control values","not_run",0,0,0,9298000000,1,1,0,0,0,0
S0,legacy,244,9348000000,0,"invalid_or_failed_input: fixed-yaw coherent control values","not_run",0,0,0,9348000000,1,1,0,0,0,0
S0,legacy,245,9398000000,0,"invalid_or_failed_input: fixed-yaw coherent control values","not_run",0,0,0,9398000000,1,1,0,0,0,0
S0,legacy,246,9448000000,0,"invalid_or_failed_input: fixed-yaw coherent control values","not_run",0,0,0,9448000000,1,1,0,0,0,0
S0,legacy,247,9498000000,0,"invalid_or_failed_input: fixed-yaw coherent control values","not_run",0,0,0,9498000000,1,1,0,0,0,0
S0,legacy,248,9548000000,0,"invalid_or_failed_input: fixed-yaw coherent control values","not_run",0,0,0,9548000000,1,1,0,0,0,0
S0,legacy,249,9598000000,0,"invalid_or_failed_input: fixed-yaw coherent control values","not_run",0,0,0,9598000000,1,1,0,0,0,0
S0,legacy,250,9648000000,0,"invalid_or_failed_input: fixed-yaw coherent control values","not_run",0,0,0,9648000000,1,1,0,0,0,0
S0,legacy,251,9698000000,0,"invalid_or_failed_input: fixed-yaw coherent control values","not_run",0,0,0,9698000000,1,1,0,0,0,0
S0,legacy,252,9748000000,0,"invalid_or_failed_input: fixed-yaw coherent control values","not_run",0,0,0,9748000000,1,1,0,0,0,0
S0,legacy,253,9798000000,0,"invalid_or_failed_input: fixed-yaw coherent control values","not_run",0,0,0,9798000000,1,1,0,0,0,0
S0,legacy,254,9848000000,0,"invalid_or_failed_input: fixed-yaw coherent control values","not_run",0,0,0,9848000000,1,1,0,0,0,0
S0,legacy,255,9898000000,0,"invalid_or_failed_input: fixed-yaw coherent control values","not_run",0,0,0,9898000000,1,1,0,0,0,0
S0,legacy,256,9948000000,0,"invalid_or_failed_input: fixed-yaw coherent control values","not_run",0,0,0,9948000000,1,1,0,0,0,0
S0,legacy,257,9998000000,0,"invalid_or_failed_input: fixed-yaw coherent control values","not_run",0,0,0,9998000000,1,1,0,0,0,0
S0,legacy,258,10048000000,0,"invalid_or_failed_input: fixed-yaw coherent control values","not_run",0,0,0,10048000000,1,1,0,0,0,0
S0,legacy,259,10098000000,0,"invalid_or_failed_input: fixed-yaw coherent control values","not_run",0,0,0,10098000000,1,1,0,0,0,0
S0,legacy,260,10148000000,0,"invalid_or_failed_input: fixed-yaw coherent control values","not_run",0,0,0,10148000000,1,1,0,0,0,0
S0,legacy,261,10198000000,0,"invalid_or_failed_input: fixed-yaw coherent control values","not_run",0,0,0,10198000000,1,1,0,0,0,0
S0,legacy,262,10248000000,0,"invalid_or_failed_input: fixed-yaw coherent control values","not_run",0,0,0,10248000000,1,1,0,0,0,0
S0,legacy,263,10298000000,0,"invalid_or_failed_input: fixed-yaw coherent control values","not_run",0,0,0,10298000000,1,1,0,0,0,0
S0,legacy,264,10348000000,0,"invalid_or_failed_input: fixed-yaw coherent control values","not_run",0,0,0,10348000000,1,1,0,0,0,0
S0,legacy,265,10398000000,0,"invalid_or_failed_input: fixed-yaw coherent control values","not_run",0,0,0,10398000000,1,1,0,0,0,0
S0,legacy,266,10448000000,0,"invalid_or_failed_input: fixed-yaw coherent control values","not_run",0,0,0,10448000000,1,1,0,0,0,0
S0,legacy,267,10498000000,0,"invalid_or_failed_input: fixed-yaw coherent control values","not_run",0,0,0,10498000000,1,1,0,0,0,0
S0,legacy,268,10548000000,0,"invalid_or_failed_input: fixed-yaw coherent control values","not_run",0,0,0,10548000000,1,1,0,0,0,0
S0,legacy,269,10598000000,0,"invalid_or_failed_input: fixed-yaw coherent control values","not_run",0,0,0,10598000000,1,1,0,0,0,0
S0,legacy,270,10648000000,0,"invalid_or_failed_input: fixed-yaw coherent control values","not_run",0,0,0,10648000000,1,1,0,0,0,0
S0,legacy,271,10698000000,0,"invalid_or_failed_input: fixed-yaw coherent control values","not_run",0,0,0,10698000000,1,1,0,0,0,0
S0,legacy,272,10748000000,0,"invalid_or_failed_input: fixed-yaw coherent control values","not_run",0,0,0,10748000000,1,1,0,0,0,0
S0,legacy,273,10798000000,0,"invalid_or_failed_input: fixed-yaw coherent control values","not_run",0,0,0,10798000000,1,1,0,0,0,0
S0,legacy,274,10848000000,0,"invalid_or_failed_input: fixed-yaw coherent control values","not_run",0,0,0,10848000000,1,1,0,0,0,0
S0,legacy,275,10898000000,0,"invalid_or_failed_input: fixed-yaw coherent control values","not_run",0,0,0,10898000000,1,1,0,0,0,0
S0,legacy,276,10948000000,0,"invalid_or_failed_input: fixed-yaw coherent control values","not_run",0,0,0,10948000000,1,1,0,0,0,0
S0,legacy,277,10998000000,0,"invalid_or_failed_input: fixed-yaw coherent control values","not_run",0,0,0,10998000000,1,1,0,0,0,0
S0,legacy,278,11048000000,0,"invalid_or_failed_input: fixed-yaw coherent control values","not_run",0,0,0,11048000000,1,1,0,0,0,0
S0,legacy,279,11098000000,0,"invalid_or_failed_input: fixed-yaw coherent control values","not_run",0,0,0,11098000000,1,1,0,0,0,0
S0,legacy,280,11148000000,0,"invalid_or_failed_input: fixed-yaw coherent control values","not_run",0,0,0,11148000000,1,1,0,0,0,0
S0,legacy,281,11198000000,0,"invalid_or_failed_input: fixed-yaw coherent control values","not_run",0,0,0,11198000000,1,1,0,0,0,0
S0,legacy,282,11248000000,0,"invalid_or_failed_input: fixed-yaw coherent control values","not_run",0,0,0,11248000000,1,1,0,0,0,0
S0,legacy,283,11298000000,0,"invalid_or_failed_input: fixed-yaw coherent control values","not_run",0,0,0,11298000000,1,1,0,0,0,0
S0,legacy,284,11348000000,0,"invalid_or_failed_input: fixed-yaw coherent control values","not_run",0,0,0,11348000000,1,1,0,0,0,0
S0,legacy,285,11398000000,0,"invalid_or_failed_input: fixed-yaw coherent control values","not_run",0,0,0,11398000000,1,1,0,0,0,0
S0,legacy,286,11448000000,0,"invalid_or_failed_input: fixed-yaw coherent control values","not_run",0,0,0,11448000000,1,1,0,0,0,0
S0,legacy,287,11498000000,0,"invalid_or_failed_input: fixed-yaw coherent control values","not_run",0,0,0,11498000000,1,1,0,0,0,0
S0,legacy,288,11548000000,0,"invalid_or_failed_input: fixed-yaw coherent control values","not_run",0,0,0,11548000000,1,1,0,0,0,0
S0,legacy,289,11598000000,0,"invalid_or_failed_input: fixed-yaw coherent control values","not_run",0,0,0,11598000000,1,1,0,0,0,0
S0,legacy,290,11648000000,0,"invalid_or_failed_input: fixed-yaw coherent control values","not_run",0,0,0,11648000000,1,1,0,0,0,0
S0,legacy,291,11698000000,0,"invalid_or_failed_input: fixed-yaw coherent control values","not_run",0,0,0,11698000000,1,1,0,0,0,0
S0,legacy,292,11748000000,0,"invalid_or_failed_input: fixed-yaw coherent control values","not_run",0,0,0,11748000000,1,1,0,0,0,0
S0,legacy,293,11798000000,0,"invalid_or_failed_input: fixed-yaw coherent control values","not_run",0,0,0,11798000000,1,1,0,0,0,0
S0,legacy,294,11848000000,0,"invalid_or_failed_input: fixed-yaw coherent control values","not_run",0,0,0,11848000000,1,1,0,0,0,0
S0,legacy,295,11898000000,0,"invalid_or_failed_input: fixed-yaw coherent control values","not_run",0,0,0,11898000000,1,1,0,0,0,0
S0,legacy,296,11948000000,0,"invalid_or_failed_input: fixed-yaw coherent control values","not_run",0,0,0,11948000000,1,1,0,0,0,0
S0,legacy,297,11998000000,0,"invalid_or_failed_input: fixed-yaw coherent control values","not_run",0,0,0,11998000000,1,1,0,0,0,0
S0,legacy,298,12048000000,0,"invalid_or_failed_input: fixed-yaw coherent control values","not_run",0,0,0,12048000000,1,1,0,0,0,0
S0,legacy,299,12098000000,0,"invalid_or_failed_input: fixed-yaw coherent control values","not_run",0,0,0,12098000000,1,1,0,0,0,0
S0,legacy,300,12148000000,0,"invalid_or_failed_input: fixed-yaw coherent control values","not_run",0,0,0,12148000000,1,1,0,0,0,0
S0,legacy,301,12198000000,0,"invalid_or_failed_input: fixed-yaw coherent control values","not_run",0,0,0,12198000000,1,1,0,0,0,0
S0,legacy,302,12248000000,0,"invalid_or_failed_input: fixed-yaw coherent control values","not_run",0,0,0,12248000000,1,1,0,0,0,0
S0,legacy,303,12298000000,0,"invalid_or_failed_input: fixed-yaw coherent control values","not_run",0,0,0,12298000000,1,1,0,0,0,0
S0,legacy,304,12348000000,0,"invalid_or_failed_input: fixed-yaw coherent control values","not_run",0,0,0,12348000000,1,1,0,0,0,0
S0,legacy,305,12398000000,0,"invalid_or_failed_input: fixed-yaw coherent control values","not_run",0,0,0,12398000000,1,1,0,0,0,0
S0,legacy,306,12448000000,0,"invalid_or_failed_input: fixed-yaw coherent control values","not_run",0,0,0,12448000000,1,1,0,0,0,0
S0,legacy,307,12498000000,0,"invalid_or_failed_input: fixed-yaw coherent control values","not_run",0,0,0,12498000000,1,1,0,0,0,0
S0,legacy,308,12548000000,0,"invalid_or_failed_input: fixed-yaw coherent control values","not_run",0,0,0,12548000000,1,1,0,0,0,0
S0,legacy,309,12598000000,0,"invalid_or_failed_input: fixed-yaw coherent control values","not_run",0,0,0,12598000000,1,1,0,0,0,0
S0,legacy,310,12648000000,0,"invalid_or_failed_input: fixed-yaw coherent control values","not_run",0,0,0,12648000000,1,1,0,0,0,0
S0,legacy,311,12698000000,0,"invalid_or_failed_input: fixed-yaw coherent control values","not_run",0,0,0,12698000000,1,1,0,0,0,0
S0,legacy,312,12748000000,0,"invalid_or_failed_input: fixed-yaw coherent control values","not_run",0,0,0,12748000000,1,1,0,0,0,0
S0,legacy,313,12798000000,0,"invalid_or_failed_input: fixed-yaw coherent control values","not_run",0,0,0,12798000000,1,1,0,0,0,0
S0,legacy,314,12848000000,0,"invalid_or_failed_input: fixed-yaw coherent control values","not_run",0,0,0,12848000000,1,1,0,0,0,0
S0,legacy,315,12898000000,0,"invalid_or_failed_input: fixed-yaw coherent control values","not_run",0,0,0,12898000000,1,1,0,0,0,0
S0,legacy,316,12948000000,0,"invalid_or_failed_input: fixed-yaw coherent control values","not_run",0,0,0,12948000000,1,1,0,0,0,0
S0,legacy,317,12998000000,0,"invalid_or_failed_input: fixed-yaw coherent control values","not_run",0,0,0,12998000000,1,1,0,0,0,0
S0,legacy,318,13048000000,0,"invalid_or_failed_input: fixed-yaw coherent control values","not_run",0,0,0,13048000000,1,1,0,0,0,0
S0,legacy,319,13098000000,0,"invalid_or_failed_input: fixed-yaw coherent control values","not_run",0,0,0,13098000000,1,1,0,0,0,0
S0,legacy,320,13148000000,0,"invalid_or_failed_input: fixed-yaw coherent control values","not_run",0,0,0,13148000000,1,1,0,0,0,0
S0,legacy,321,13198000000,0,"invalid_or_failed_input: fixed-yaw coherent control values","not_run",0,0,0,13198000000,1,1,0,0,0,0
S0,legacy,322,13248000000,0,"invalid_or_failed_input: fixed-yaw coherent control values","not_run",0,0,0,13248000000,1,1,0,0,0,0
S0,legacy,323,13298000000,0,"invalid_or_failed_input: fixed-yaw coherent control values","not_run",0,0,0,13298000000,1,1,0,0,0,0
S0,legacy,324,13348000000,0,"invalid_or_failed_input: fixed-yaw coherent control values","not_run",0,0,0,13348000000,1,1,0,0,0,0
S0,legacy,325,13398000000,0,"invalid_or_failed_input: fixed-yaw coherent control values","not_run",0,0,0,13398000000,1,1,0,0,0,0
S0,legacy,326,13448000000,0,"invalid_or_failed_input: fixed-yaw coherent control values","not_run",0,0,0,13448000000,1,1,0,0,0,0
S0,legacy,327,13498000000,0,"invalid_or_failed_input: fixed-yaw coherent control values","not_run",0,0,0,13498000000,1,1,0,0,0,0
S0,legacy,328,13548000000,0,"invalid_or_failed_input: fixed-yaw coherent control values","not_run",0,0,0,13548000000,1,1,0,0,0,0
S0,legacy,329,13598000000,0,"invalid_or_failed_input: fixed-yaw coherent control values","not_run",0,0,0,13598000000,1,1,0,0,0,0
S0,legacy,330,13647000000,0,"invalid_or_failed_input: fixed-yaw coherent control values","not_run",0,0,0,13647000000,1,1,0,0,0,0
S0,legacy,331,13698000000,0,"invalid_or_failed_input: fixed-yaw coherent control values","not_run",0,0,0,13698000000,1,1,0,0,0,0
S0,legacy,332,13748000000,0,"invalid_or_failed_input: fixed-yaw coherent control values","not_run",0,0,0,13748000000,1,1,0,0,0,0
S0,legacy,333,13798000000,0,"invalid_or_failed_input: fixed-yaw coherent control values","not_run",0,0,0,13798000000,1,1,0,0,0,0
S0,legacy,334,13848000000,0,"invalid_or_failed_input: fixed-yaw coherent control values","not_run",0,0,0,13848000000,1,1,0,0,0,0
S0,legacy,335,13898000000,0,"invalid_or_failed_input: fixed-yaw coherent control values","not_run",0,0,0,13898000000,1,1,0,0,0,0
S0,legacy,336,13948000000,0,"invalid_or_failed_input: fixed-yaw coherent control values","not_run",0,0,0,13948000000,1,1,0,0,0,0
S0,legacy,337,13998000000,0,"invalid_or_failed_input: fixed-yaw coherent control values","not_run",0,0,0,13998000000,1,1,0,0,0,0
S0,legacy,338,14048000000,0,"invalid_or_failed_input: fixed-yaw coherent control values","not_run",0,0,0,14048000000,1,1,0,0,0,0
S0,legacy,339,14098000000,0,"invalid_or_failed_input: fixed-yaw coherent control values","not_run",0,0,0,14098000000,1,1,0,0,0,0
S0,legacy,340,14148000000,0,"invalid_or_failed_input: fixed-yaw coherent control values","not_run",0,0,0,14148000000,1,1,0,0,0,0
S0,legacy,341,14197000000,0,"invalid_or_failed_input: fixed-yaw coherent control values","not_run",0,0,0,14197000000,1,1,0,0,0,0
S0,legacy,342,14248000000,0,"invalid_or_failed_input: fixed-yaw coherent control values","not_run",0,0,0,14248000000,1,1,0,0,0,0
S0,legacy,343,14298000000,0,"invalid_or_failed_input: fixed-yaw coherent control values","not_run",0,0,0,14298000000,1,1,0,0,0,0
S0,legacy,344,14348000000,0,"invalid_or_failed_input: fixed-yaw coherent control values","not_run",0,0,0,14348000000,1,1,0,0,0,0
S0,legacy,345,14398000000,0,"invalid_or_failed_input: fixed-yaw coherent control values","not_run",0,0,0,14398000000,1,1,0,0,0,0
S0,legacy,346,14448000000,0,"invalid_or_failed_input: fixed-yaw coherent control values","not_run",0,0,0,14448000000,1,1,0,0,0,0
S0,legacy,347,14498000000,0,"invalid_or_failed_input: fixed-yaw coherent control values","not_run",0,0,0,14498000000,1,1,0,0,0,0
S0,legacy,348,14548000000,0,"invalid_or_failed_input: fixed-yaw coherent control values","not_run",0,0,0,14548000000,1,1,0,0,0,0
S0,legacy,349,14598000000,0,"invalid_or_failed_input: fixed-yaw coherent control values","not_run",0,0,0,14598000000,1,1,0,0,0,0
S0,legacy,350,14648000000,0,"invalid_or_failed_input: fixed-yaw coherent control values","not_run",0,0,0,14648000000,1,1,0,0,0,0
S0,legacy,351,14698000000,0,"invalid_or_failed_input: fixed-yaw coherent control values","not_run",0,0,0,14698000000,1,1,0,0,0,0
S0,legacy,352,14748000000,0,"invalid_or_failed_input: fixed-yaw coherent control values","not_run",0,0,0,14748000000,1,1,0,0,0,0
S0,legacy,353,14798000000,0,"invalid_or_failed_input: fixed-yaw coherent control values","not_run",0,0,0,14798000000,1,1,0,0,0,0
S0,legacy,354,14848000000,0,"invalid_or_failed_input: fixed-yaw coherent control values","not_run",0,0,0,14848000000,1,1,0,0,0,0
S0,legacy,355,14898000000,0,"invalid_or_failed_input: fixed-yaw coherent control values","not_run",0,0,0,14898000000,1,1,0,0,0,0
S0,legacy,356,14948000000,0,"invalid_or_failed_input: fixed-yaw coherent control values","not_run",0,0,0,14948000000,1,1,0,0,0,0
S0,legacy,357,14998000000,0,"invalid_or_failed_input: fixed-yaw coherent control values","not_run",0,0,0,14998000000,1,1,0,0,0,0
S0,legacy,358,15048000000,0,"invalid_or_failed_input: fixed-yaw coherent control values","not_run",0,0,0,15048000000,1,1,0,0,0,0
S0,legacy,359,15098000000,0,"invalid_or_failed_input: fixed-yaw coherent control values","not_run",0,0,0,15098000000,1,1,0,0,0,0
S0,legacy,360,15148000000,0,"invalid_or_failed_input: fixed-yaw coherent control values","not_run",0,0,0,15148000000,1,1,0,0,0,0
S0,legacy,361,15198000000,0,"invalid_or_failed_input: fixed-yaw coherent control values","not_run",0,0,0,15198000000,1,1,0,0,0,0
S0,legacy,362,15248000000,0,"invalid_or_failed_input: fixed-yaw coherent control values","not_run",0,0,0,15248000000,1,1,0,0,0,0
S0,legacy,363,15298000000,0,"invalid_or_failed_input: fixed-yaw coherent control values","not_run",0,0,0,15298000000,1,1,0,0,0,0
S0,legacy,364,15348000000,0,"invalid_or_failed_input: fixed-yaw coherent control values","not_run",0,0,0,15348000000,1,1,0,0,0,0
S0,legacy,365,15398000000,0,"invalid_or_failed_input: fixed-yaw coherent control values","not_run",0,0,0,15398000000,1,1,0,0,0,0
S0,legacy,366,15448000000,0,"invalid_or_failed_input: fixed-yaw coherent control values","not_run",0,0,0,15448000000,1,1,0,0,0,0
S0,legacy,367,15498000000,0,"invalid_or_failed_input: fixed-yaw coherent control values","not_run",0,0,0,15498000000,1,1,0,0,0,0
S0,legacy,368,15548000000,0,"invalid_or_failed_input: fixed-yaw coherent control values","not_run",0,0,0,15548000000,1,1,0,0,0,0
S0,legacy,369,15598000000,0,"invalid_or_failed_input: fixed-yaw coherent control values","not_run",0,0,0,15598000000,1,1,0,0,0,0
S0,legacy,370,15648000000,0,"invalid_or_failed_input: fixed-yaw coherent control values","not_run",0,0,0,15648000000,1,1,0,0,0,0
S0,legacy,371,15698000000,0,"invalid_or_failed_input: fixed-yaw coherent control values","not_run",0,0,0,15698000000,1,1,0,0,0,0
S0,legacy,372,15748000000,0,"invalid_or_failed_input: fixed-yaw coherent control values","not_run",0,0,0,15748000000,1,1,0,0,0,0
S0,legacy,373,15798000000,0,"invalid_or_failed_input: fixed-yaw coherent control values","not_run",0,0,0,15798000000,1,1,0,0,0,0
S0,legacy,374,15848000000,0,"invalid_or_failed_input: fixed-yaw coherent control values","not_run",0,0,0,15848000000,1,1,0,0,0,0
S0,legacy,375,15898000000,0,"invalid_or_failed_input: fixed-yaw coherent control values","not_run",0,0,0,15898000000,1,1,0,0,0,0
S0,legacy,376,15948000000,0,"invalid_or_failed_input: fixed-yaw coherent control values","not_run",0,0,0,15948000000,1,1,0,0,0,0
S0,legacy,377,15998000000,0,"invalid_or_failed_input: fixed-yaw coherent control values","not_run",0,0,0,15998000000,1,1,0,0,0,0
S0,legacy,378,16048000000,0,"invalid_or_failed_input: fixed-yaw coherent control values","not_run",0,0,0,16048000000,1,1,0,0,0,0
S0,legacy,379,16098000000,0,"invalid_or_failed_input: fixed-yaw coherent control values","not_run",0,0,0,16098000000,1,1,0,0,0,0
S0,legacy,380,16148000000,0,"invalid_or_failed_input: fixed-yaw coherent control values","not_run",0,0,0,16148000000,1,1,0,0,0,0
S0,legacy,381,16198000000,0,"invalid_or_failed_input: fixed-yaw coherent control values","not_run",0,0,0,16198000000,1,1,0,0,0,0
S0,legacy,382,16248000000,0,"invalid_or_failed_input: fixed-yaw coherent control values","not_run",0,0,0,16248000000,1,1,0,0,0,0
S0,legacy,383,16298000000,0,"invalid_or_failed_input: fixed-yaw coherent control values","not_run",0,0,0,16298000000,1,1,0,0,0,0
S0,legacy,384,16348000000,0,"invalid_or_failed_input: fixed-yaw coherent control values","not_run",0,0,0,16348000000,1,1,0,0,0,0
S0,legacy,385,16398000000,0,"invalid_or_failed_input: fixed-yaw coherent control values","not_run",0,0,0,16398000000,1,1,0,0,0,0
S0,legacy,386,16448000000,0,"invalid_or_failed_input: fixed-yaw coherent control values","not_run",0,0,0,16448000000,1,1,0,0,0,0
S0,legacy,387,16498000000,0,"invalid_or_failed_input: fixed-yaw coherent control values","not_run",0,0,0,16498000000,1,1,0,0,0,0
S0,legacy,388,16548000000,0,"invalid_or_failed_input: fixed-yaw coherent control values","not_run",0,0,0,16548000000,1,1,0,0,0,0
S0,legacy,389,16598000000,0,"invalid_or_failed_input: fixed-yaw coherent control values","not_run",0,0,0,16598000000,1,1,0,0,0,0
S0,legacy,390,16648000000,0,"invalid_or_failed_input: fixed-yaw coherent control values","not_run",0,0,0,16648000000,1,1,0,0,0,0
S0,legacy,391,16698000000,0,"invalid_or_failed_input: fixed-yaw coherent control values","not_run",0,0,0,16698000000,1,1,0,0,0,0
S0,legacy,392,16748000000,0,"invalid_or_failed_input: fixed-yaw coherent control values","not_run",0,0,0,16748000000,1,1,0,0,0,0
S0,legacy,393,16798000000,0,"invalid_or_failed_input: fixed-yaw coherent control values","not_run",0,0,0,16798000000,1,1,0,0,0,0
S0,legacy,394,16848000000,0,"invalid_or_failed_input: fixed-yaw coherent control values","not_run",0,0,0,16848000000,1,1,0,0,0,0
S0,legacy,395,16897000000,0,"invalid_or_failed_input: fixed-yaw coherent control values","not_run",0,0,0,16897000000,1,1,0,0,0,0
S0,legacy,396,16948000000,0,"invalid_or_failed_input: fixed-yaw coherent control values","not_run",0,0,0,16948000000,1,1,0,0,0,0
S0,legacy,397,16998000000,0,"invalid_or_failed_input: fixed-yaw coherent control values","not_run",0,0,0,16998000000,1,1,0,0,0,0
S0,legacy,398,17048000000,0,"invalid_or_failed_input: fixed-yaw coherent control values","not_run",0,0,0,17048000000,1,1,0,0,0,0
S0,legacy,399,17097000000,0,"invalid_or_failed_input: fixed-yaw coherent control values","not_run",0,0,0,17097000000,1,1,0,0,0,0
S0,legacy,400,17148000000,0,"invalid_or_failed_input: fixed-yaw coherent control values","not_run",0,0,0,17148000000,1,1,0,0,0,0
S0,legacy,401,17198000000,0,"invalid_or_failed_input: fixed-yaw coherent control values","not_run",0,0,0,17198000000,1,1,0,0,0,0
S0,legacy,402,17248000000,0,"invalid_or_failed_input: fixed-yaw coherent control values","not_run",0,0,0,17248000000,1,1,0,0,0,0
S0,legacy,403,17298000000,0,"invalid_or_failed_input: fixed-yaw coherent control values","not_run",0,0,0,17298000000,1,1,0,0,0,0
S0,legacy,404,17348000000,0,"invalid_or_failed_input: fixed-yaw coherent control values","not_run",0,0,0,17348000000,1,1,0,0,0,0
S0,legacy,405,17398000000,0,"invalid_or_failed_input: fixed-yaw coherent control values","not_run",0,0,0,17398000000,1,1,0,0,0,0
S0,legacy,406,17448000000,0,"invalid_or_failed_input: fixed-yaw coherent control values","not_run",0,0,0,17448000000,1,1,0,0,0,0
S0,legacy,407,17498000000,0,"invalid_or_failed_input: fixed-yaw coherent control values","not_run",0,0,0,17498000000,1,1,0,0,0,0
S0,legacy,408,17548000000,0,"invalid_or_failed_input: fixed-yaw coherent control values","not_run",0,0,0,17548000000,1,1,0,0,0,0
S0,legacy,409,17598000000,0,"invalid_or_failed_input: fixed-yaw coherent control values","not_run",0,0,0,17598000000,1,1,0,0,0,0
S0,legacy,410,17648000000,0,"invalid_or_failed_input: fixed-yaw coherent control values","not_run",0,0,0,17648000000,1,1,0,0,0,0
S0,legacy,411,17698000000,0,"invalid_or_failed_input: fixed-yaw coherent control values","not_run",0,0,0,17698000000,1,1,0,0,0,0
S0,legacy,412,17748000000,0,"invalid_or_failed_input: fixed-yaw coherent control values","not_run",0,0,0,17748000000,1,1,0,0,0,0
S0,legacy,413,17798000000,0,"invalid_or_failed_input: fixed-yaw coherent control values","not_run",0,0,0,17798000000,1,1,0,0,0,0
S0,legacy,414,17848000000,0,"invalid_or_failed_input: fixed-yaw coherent control values","not_run",0,0,0,17848000000,1,1,0,0,0,0
S0,legacy,415,17898000000,0,"invalid_or_failed_input: fixed-yaw coherent control values","not_run",0,0,0,17898000000,1,1,0,0,0,0
S0,legacy,416,17948000000,0,"invalid_or_failed_input: fixed-yaw coherent control values","not_run",0,0,0,17948000000,1,1,0,0,0,0
S0,legacy,417,17998000000,0,"invalid_or_failed_input: fixed-yaw coherent control values","not_run",0,0,0,17998000000,1,1,0,0,0,0
S0,legacy,418,18047000000,0,"invalid_or_failed_input: fixed-yaw coherent control values","not_run",0,0,0,18047000000,1,1,0,0,0,0
S0,legacy,419,18098000000,0,"invalid_or_failed_input: fixed-yaw coherent control values","not_run",0,0,0,18098000000,1,1,0,0,0,0
S0,legacy,420,18148000000,0,"invalid_or_failed_input: fixed-yaw coherent control values","not_run",0,0,0,18148000000,1,1,0,0,0,0
S0,legacy,421,18198000000,0,"invalid_or_failed_input: fixed-yaw coherent control values","not_run",0,0,0,18198000000,1,1,0,0,0,0
S0,legacy,422,18248000000,1,"solved_soft_dynamic","solved",90,0,0,18248000000,1,1,0,0.035133560124689732,-0.0020068584085520206,0
S0,legacy,423,18298000000,1,"solved_soft_dynamic","solved",90,0,0,18298000000,1,1,0,0.035139428363178266,-0.0018314710440390887,0
S0,legacy,424,18348000000,1,"solved_soft_dynamic","solved",90,0,0,18348000000,1,1,0,0.035162901477111853,-0.0011299215935690159,0
S0,legacy,425,18398000000,1,"solved_soft_dynamic","solved",90,0,0,18398000000,1,1,0,0.035168769797619542,-0.00095453423294287261,0
S0,legacy,426,18447000000,1,"solved_soft_dynamic","solved",90,0,0,18447000000,1,1,0,0.035186374866608298,-0.00042837215615688056,0
S0,legacy,427,18498000000,1,"solved_soft_dynamic","solved",90,0,0,18498000000,1,1,0,0.035198111673032093,-7.7597442742526813e-05,0
S0,legacy,428,18548000000,1,"solved_soft_dynamic","solved",90,0,0,18548000000,1,1,0,0.035215717031883649,0.00044856462030807599,0
S0,legacy,429,18597000000,1,"solved_soft_dynamic","solved",90,0,0,18597000000,1,1,0,0.035227454042357852,0.00079933932405314156,0
S0,legacy,430,18648000000,1,"solved_soft_dynamic","solved",90,0,0,18648000000,1,1,0,0.035245059723838131,0.001325501371815853,0
S0,legacy,431,18698000000,1,"solved_soft_dynamic","solved",90,0,0,18698000000,1,1,0,0.035256796960638374,0.0016762760648364036,0
S0,legacy,432,18748000000,1,"solved_soft_dynamic","solved",90,0,0,18748000000,1,1,0,0.035274402998825324,0.0022024380956963464,0
S0,legacy,433,18798000000,1,"solved_soft_dynamic","solved",90,0,0,18798000000,1,1,0,0.035286140485122866,0.0025532127768943644,0
S0,legacy,434,18848000000,1,"solved_soft_dynamic","solved",90,0,0,18848000000,1,1,0,0.035303746915472133,0.0030793747891715872,0
S0,legacy,435,18898000000,1,"solved_soft_dynamic","solved",90,0,0,18898000000,1,1,0,0.035315484675380517,0.0034301494574044793,0
S0,legacy,436,18948000000,1,"solved_soft_dynamic","solved",90,0,0,18948000000,1,1,0,0.03533309153479737,0.0039563114493501566,0
S0,legacy,437,18998000000,1,"solved_soft_dynamic","solved",90,0,0,18998000000,1,1,0,0.035344829593421771,0.0043070861034282823,0
S0,legacy,438,19048000000,1,"solved_soft_dynamic","solved",90,0,0,19048000000,1,1,0,0.035362436920337185,0.0048332480732213535,0
S0,legacy,439,19098000000,1,"solved_soft_dynamic","solved",90,0,0,19098000000,1,1,0,0.035374175303826909,0.0051840227119057582,0
S0,legacy,440,19148000000,1,"solved_soft_dynamic","solved",90,0,0,19148000000,1,1,0,0.035391783138279502,0.0057101846576488929,0
S0,legacy,441,19197000000,1,"solved_soft_dynamic","solved",90,0,0,19197000000,1,1,0,0.035403521873883882,0.0060609592796480836,0
S0,legacy,442,19247000000,1,"solved_soft_dynamic","solved",90,0,0,19247000000,1,1,0,0.035421129837205884,0.0065871212192848451,0
S0,legacy,443,19298000000,1,"solved_soft_dynamic","solved",90,0,0,19298000000,1,1,0,0.035438738991664491,0.0071132831024792427,0
S0,legacy,444,19348000000,1,"solved_soft_dynamic","solved",90,0,0,19348000000,1,1,0,0.035450478350250773,0.0074640576949582624,0
S0,legacy,445,19397000000,1,"solved_soft_dynamic","solved",90,0,0,19397000000,1,1,0,0.035468087704111743,0.0079902195687039535,0
S0,legacy,446,19448000000,1,"solved_soft_dynamic","solved",90,0,0,19448000000,1,1,0,0.035479827491253134,0.0083409941408757824,0
S0,legacy,447,19498000000,1,"solved_soft_dynamic","solved",90,0,0,19498000000,1,1,0,0.035497437511509342,0.0088671559830441043,0
S0,legacy,448,19547000000,1,"solved_soft_dynamic","solved",90,0,0,19547000000,1,1,0,0.035509177758943612,0.0092179305334048212,0
S0,legacy,449,19597000000,1,"solved_soft_dynamic","solved",90,0,0,19597000000,1,1,0,0.035526788494249638,0.0097440923416902709,0
S0,legacy,450,19647000000,1,"solved_soft_dynamic","solved",90,0,0,19647000000,1,1,0,0.035538529235129596,0.010094866868668756,0
S0,legacy,451,19697000000,1,"solved_soft_dynamic","solved",90,0,0,19697000000,1,1,0,0.035556140736321067,0.01062102864066238,0
S0,legacy,452,19747000000,1,"solved_soft_dynamic","solved",90,0,0,19747000000,1,1,0,0.035567882005295579,0.010971803142616992,0
S0,legacy,453,19798000000,1,"solved_soft_dynamic","solved",90,0,0,19798000000,1,1,0,0.03558549432551962,0.011497964875800598,0
S0,legacy,454,19848000000,1,"solved_soft_dynamic","solved",90,0,0,19848000000,1,1,0,0.035597236158823584,0.011848739351014253,0
S0,legacy,455,19898000000,1,"solved_soft_dynamic","solved",90,0,0,19898000000,1,1,0,0.035614849353675912,0.012374901042753194,0
S0,legacy,456,19947000000,1,"solved_soft_dynamic","solved",90,0,0,19947000000,1,1,0,0.035626591789225746,0.012725675489429279,0
S0,legacy,457,19998000000,1,"solved_soft_dynamic","solved",90,0,0,19998000000,1,1,0,0.035644205916900949,0.013251837136966142,0
S0,legacy,458,20047000000,1,"solved_soft_dynamic","solved",90,0,0,20047000000,1,1,0,0.0356559489943978,0.013602611553223318,0
S0,legacy,459,20098000000,1,"solved_soft_dynamic","solved",90,0,0,20098000000,1,1,0,0.035673564115849245,0.014128773153669777,0
S0,legacy,460,20148000000,1,"solved_soft_dynamic","solved",90,0,0,20148000000,1,1,0,0.035685307876890664,0.014479547537536983,0
S0,legacy,461,20198000000,1,"solved_soft_dynamic","solved",90,0,0,20198000000,1,1,0,0.035702924056005725,0.015005709087865747,0
S0,legacy,462,20247000000,1,"solved_soft_dynamic","solved",90,0,0,20247000000,1,1,0,0.035714668544205887,0.015356483437276356,0
S0,legacy,463,20298000000,1,"solved_soft_dynamic","solved",90,0,0,20298000000,1,1,0,0.035732285847992921,0.015882644934312008,0
S0,legacy,464,20347000000,1,"solved_soft_dynamic","solved",90,0,0,20347000000,1,1,0,0.035744031109113859,0.016233419247097543,0
S0,legacy,465,20397000000,1,"solved_soft_dynamic","solved",90,0,0,20397000000,1,1,0,0.035761649607906502,0.016759580687507561,0
S0,legacy,466,20447000000,1,"solved_soft_dynamic","solved",90,0,0,20447000000,1,1,0,0.035767522606663125,0.016934967826453168,0
S0,legacy,467,20498000000,1,"solved_soft_dynamic","solved",90,0,0,20498000000,1,1,0,0.035791015457676101,0.017636516341674544,0
S0,legacy,468,20548000000,1,"solved_soft_dynamic","solved",90,0,0,20548000000,1,1,0,0.035796888889576585,0.017811903460095507,0
S0,legacy,469,20597000000,1,"solved_soft_dynamic","solved",90,0,0,20597000000,1,1,0,0.035820383525460929,0.018513451890740201,0
S0,legacy,470,20648000000,1,"solved_soft_dynamic","solved",90,0,0,20648000000,1,1,0,0.035826257416921081,0.018688838987384729,0
S0,legacy,471,20697000000,1,"solved_soft_dynamic","solved",90,0,0,20697000000,1,1,0,0.035849753946075348,0.019390387328316105,0
S0,legacy,472,20747000000,1,"solved_soft_dynamic","solved",90,0,0,20747000000,1,1,0,0.03585562832489738,0.019565774401866937,0
S0,legacy,473,20797000000,1,"solved_soft_dynamic","solved",90,0,0,20797000000,1,1,0,0.03587912686145682,0.020267322647676785,0
S0,legacy,474,20847000000,1,"solved_soft_dynamic","solved",90,0,0,20847000000,1,1,0,0.035885001756926695,0.020442709696746088,0
S0,legacy,475,20897000000,1,"solved_soft_dynamic","solved",90,0,0,20897000000,1,1,0,0.03590850242117373,0.021144257841734872,0
S0,legacy,476,20947000000,1,"solved_soft_dynamic","solved",90,0,0,20947000000,1,1,0,0.035926129091552871,0.021670418894931806,0
S0,legacy,477,20998000000,1,"solved_soft_dynamic","solved",90,0,0,20998000000,1,1,0,0.035937880362580707,0.022021192922935993,0
S0,legacy,478,21048000000,1,"solved_soft_dynamic","solved",90,0,0,21048000000,1,1,0,0.035955509213970636,0.022547353872784854,0
S0,legacy,479,21097000000,1,"solved_soft_dynamic","solved",90,0,0,21097000000,1,1,0,0.035961385601544604,0.022722740851150391,0
S0,legacy,480,21147000000,1,"solved_soft_dynamic","solved",90,0,0,21147000000,1,1,0,0.035984892409459547,0.023424288705019614,0
S0,legacy,481,21197000000,1,"solved_soft_dynamic","solved",90,0,0,21197000000,1,1,0,0.035990769433162727,0.023599675653241992,0
S0,legacy,482,21247000000,1,"solved_soft_dynamic","solved",90,0,0,21247000000,1,1,0,0.036014278860060582,0.024301223383009704,0
S0,legacy,483,21297000000,1,"solved_soft_dynamic","solved",90,0,0,21297000000,1,1,0,0.036020156557555714,0.024476610299304105,0
S0,legacy,484,21347000000,1,"solved_soft_dynamic","solved",90,0,0,21347000000,1,1,0,0.036043668758487975,0.025178157897623496,0
S0,legacy,485,21397000000,1,"solved_soft_dynamic","solved",90,0,0,21397000000,1,1,0,0.036049547169672867,0.025353544780099421,0
S0,legacy,486,21447000000,1,"solved_soft_dynamic","solved",90,0,0,21447000000,1,1,0,0.036073062308986541,0.026055092239182526,0
S0,legacy,487,21498000000,1,"solved_soft_dynamic","solved",90,0,0,21498000000,1,1,0,0.036078941476175269,0.026230479085835173,0
S0,legacy,488,21547000000,1,"solved_soft_dynamic","solved",90,0,0,21547000000,1,1,0,0.036102459728278177,0.026932026397417708,0
S0,legacy,489,21597000000,1,"solved_soft_dynamic","solved",90,0,0,21597000000,1,1,0,0.036108339696402862,0.027107413206117637,0
S0,legacy,490,21647000000,1,"solved_soft_dynamic","solved",90,0,0,21647000000,1,1,0,0.036131861246612128,0.02780896036141849,0
S0,legacy,491,21698000000,1,"solved_soft_dynamic","solved",90,0,0,21698000000,1,1,0,0.03613774206344595,0.027984347129901978,0
S0,legacy,492,21748000000,1,"solved_soft_dynamic","solved",90,0,0,21748000000,1,1,0,0.036155385576663292,0.028510507384995488,0
S0,legacy,493,21798000000,1,"solved_soft_dynamic","solved",90,0,0,21798000000,1,1,0,0.036167148825334006,0.028861280845435079,0
S0,legacy,494,21847000000,1,"solved_soft_dynamic","solved",90,0,0,21847000000,1,1,0,0.036184795101219157,0.029387440969618733,0
S0,legacy,495,21892000000,1,"solved_soft_dynamic","solved",90,0,0,21892000000,1,1,0,0.036196560246361191,0.029738214340193615,0
S0,legacy,496,21942000000,1,"solved_soft_dynamic","solved",90,0,0,21942000000,1,1,0,0.036214209451905309,0.030264374325554306,0
S0,legacy,497,21992000000,1,"solved_soft_dynamic","solved",90,0,0,21992000000,1,1,0,0.036225976608564622,0.030615147600812728,0
S0,legacy,498,22042000000,1,"solved_soft_dynamic","solved",90,0,0,22042000000,1,1,0,0.036243628922187472,0.03114130743889609,0
S0,legacy,499,22092000000,1,"solved_soft_dynamic","solved",90,0,0,22092000000,1,1,0,0.036255398213379988,0.031492080613008795,0
S0,legacy,500,22142000000,1,"solved_soft_dynamic","solved",90,0,0,22142000000,1,1,0,0.036272588577312699,0.032018262340728763,0
S0,legacy,501,22192000000,1,"solved_soft_dynamic","solved",90,0,0,22192000000,1,1,0,0.036283803036527722,0.032369061805735289,0
S0,legacy,502,22242000000,1,"solved_soft_dynamic","solved",90,0,0,22242000000,1,1,0,0.036300625784111952,0.032895260953075572,0
S0,legacy,503,22292000000,1,"solved_soft_dynamic","solved",90,0,0,22292000000,1,1,0,0.036311842669919193,0.033246060303097229,0
S0,legacy,504,22342000000,1,"solved_soft_dynamic","solved",90,0,0,22342000000,1,1,0,0.036328668958560358,0.033772259282643179,0
S0,legacy,505,22392000000,1,"solved_soft_dynamic","solved",90,0,0,22392000000,1,1,0,0.03633988758124098,0.034123058550362566,0
S0,legacy,506,22442000000,1,"solved_soft_dynamic","solved",90,0,0,22442000000,1,1,0,0.036356717225726726,0.03464925737089064,0
S0,legacy,507,22492000000,1,"solved_soft_dynamic","solved",90,0,0,22492000000,1,1,0,0.03636793816846403,0.035000056528673641,0
S0,legacy,508,22542000000,1,"solved_soft_dynamic","solved",90,0,0,22542000000,1,1,0,0.036384771422456393,0.035526255178164171,0
S0,legacy,509,22592000000,1,"solved_soft_dynamic","solved",90,0,0,22592000000,1,1,0,0.036401606972346942,0.036052453718862912,0
S0,legacy,510,22642000000,1,"solved_soft_dynamic","solved",90,0,0,22642000000,1,1,0,0.036412831998663284,0.036403252683143823,0
S0,legacy,511,22692000000,1,"solved_soft_dynamic","solved",90,0,0,22692000000,1,1,0,0.036429671607520538,0.036929451031507014,0
S0,legacy,512,22742000000,1,"solved_soft_dynamic","solved",90,0,0,22742000000,1,1,0,0.03644089944150896,0.037280249862745571,0
S0,legacy,513,22792000000,1,"solved_soft_dynamic","solved",90,0,0,22792000000,1,1,0,0.036457743421289129,0.037806448003991272,0
S0,legacy,514,22842000000,1,"solved_soft_dynamic","solved",90,0,0,22842000000,1,1,0,0.036468974279746394,0.038157246691914504,0
S0,legacy,515,22892000000,1,"solved_soft_dynamic","solved",90,0,0,22892000000,1,1,0,0.036485822969719021,0.038683444609965964,0
S0,legacy,516,22942000000,1,"solved_soft_dynamic","solved",90,0,0,22942000000,1,1,0,0.036497057088733735,0.039034243143386639,0
S0,legacy,517,22992000000,1,"solved_soft_dynamic","solved",90,0,0,22992000000,1,1,0,0.036513910858866946,0.03956044082071309,0
S0,legacy,518,23042000000,1,"solved_soft_dynamic","solved",90,0,0,23042000000,1,1,0,0.036525148496252755,0.039911239187414765,0
S0,legacy,519,23092000000,1,"solved_soft_dynamic","solved",90,0,0,23092000000,1,1,0,0.036542007751154737,0.040437436604843439,0
S0,legacy,520,23142000000,1,"solved_soft_dynamic","solved",90,0,0,23142000000,1,1,0,0.036553249189292147,0.040788234791444944,0
S0,separate_seed_warm,77,998000000,1,"solved_soft_dynamic","solved",150,0,0,998000000,1,1,0,0.049883172678392304,-7.1123302634836522e-20,0
S0,separate_seed_warm,78,1048000000,1,"solved_soft_dynamic","solved",70,0.049883172678392304,-7.1123302634836522e-20,998000000,0,0,1,0.094842906950047406,-1.2975080410658724e-19,0
S0,separate_seed_warm,79,1098000000,1,"solved_soft_dynamic","solved",90,0.094842906950047406,-1.2975080410658724e-19,1048000000,0,0,1,0.13386971002437834,-1.7811749260246311e-19,0
S0,separate_seed_warm,80,1148000000,1,"solved_soft_dynamic","solved",90,0.13386971002437834,-1.7811749260246311e-19,1098000000,0,0,1,0.16774649739593628,-2.1801487873650258e-19,0
S0,separate_seed_warm,81,1198000000,1,"solved_soft_dynamic","solved",90,0.16774649739593628,-2.1801487873650258e-19,1148000000,0,0,1,0.19715287025286624,-2.5092224291939865e-19,0
S0,separate_seed_warm,82,1248000000,1,"solved_soft_dynamic","solved",90,0.19715287025286624,-2.5092224291939865e-19,1198000000,0,0,1,0.22267874893541179,-2.7806097812003983e-19,0
S0,separate_seed_warm,83,1298000000,1,"solved_soft_dynamic","solved",80,0.22267874893541179,-2.7806097812003983e-19,1248000000,0,0,1,0.24483620730969369,-3.0043948410055163e-19,0
S0,separate_seed_warm,84,1348000000,0,"invalid_or_failed_input: fixed-yaw coherent control values","not_run",0,0.24483620730969369,-3.0043948410055163e-19,1298000000,0,1,0,0,0,0
S0,separate_seed_warm,85,1398000000,0,"invalid_or_failed_input: fixed-yaw coherent control values","not_run",0,0,0,1398000000,1,1,0,0,0,0
S0,separate_seed_warm,86,1448000000,0,"invalid_or_failed_input: fixed-yaw coherent control values","not_run",0,0,0,1448000000,1,1,0,0,0,0
S0,separate_seed_warm,87,1498000000,0,"invalid_or_failed_input: fixed-yaw coherent control values","not_run",0,0,0,1498000000,1,1,0,0,0,0
S0,separate_seed_warm,88,1548000000,0,"invalid_or_failed_input: fixed-yaw coherent control values","not_run",0,0,0,1548000000,1,1,0,0,0,0
S0,separate_seed_warm,89,1598000000,0,"invalid_or_failed_input: fixed-yaw coherent control values","not_run",0,0,0,1598000000,1,1,0,0,0,0
S0,separate_seed_warm,90,1648000000,0,"invalid_or_failed_input: fixed-yaw coherent control values","not_run",0,0,0,1648000000,1,1,0,0,0,0
S0,separate_seed_warm,91,1698000000,0,"invalid_or_failed_input: fixed-yaw coherent control values","not_run",0,0,0,1698000000,1,1,0,0,0,0
S0,separate_seed_warm,92,1748000000,0,"invalid_or_failed_input: fixed-yaw coherent control values","not_run",0,0,0,1748000000,1,1,0,0,0,0
S0,separate_seed_warm,93,1798000000,0,"invalid_or_failed_input: fixed-yaw coherent control values","not_run",0,0,0,1798000000,1,1,0,0,0,0
S0,separate_seed_warm,94,1848000000,0,"invalid_or_failed_input: fixed-yaw coherent control values","not_run",0,0,0,1848000000,1,1,0,0,0,0
S0,separate_seed_warm,95,1898000000,0,"invalid_or_failed_input: fixed-yaw coherent control values","not_run",0,0,0,1898000000,1,1,0,0,0,0
S0,separate_seed_warm,96,1948000000,0,"invalid_or_failed_input: fixed-yaw coherent control values","not_run",0,0,0,1948000000,1,1,0,0,0,0
S0,separate_seed_warm,97,1998000000,0,"invalid_or_failed_input: fixed-yaw coherent control values","not_run",0,0,0,1998000000,1,1,0,0,0,0
S0,separate_seed_warm,98,2048000000,0,"invalid_or_failed_input: fixed-yaw coherent control values","not_run",0,0,0,2048000000,1,1,0,0,0,0
S0,separate_seed_warm,99,2098000000,0,"invalid_or_failed_input: fixed-yaw coherent control values","not_run",0,0,0,2098000000,1,1,0,0,0,0
S0,separate_seed_warm,100,2148000000,0,"invalid_or_failed_input: fixed-yaw coherent control values","not_run",0,0,0,2148000000,1,1,0,0,0,0
S0,separate_seed_warm,101,2198000000,0,"invalid_or_failed_input: fixed-yaw coherent control values","not_run",0,0,0,2198000000,1,1,0,0,0,0
S0,separate_seed_warm,102,2248000000,0,"invalid_or_failed_input: fixed-yaw coherent control values","not_run",0,0,0,2248000000,1,1,0,0,0,0
S0,separate_seed_warm,103,2298000000,0,"invalid_or_failed_input: fixed-yaw coherent control values","not_run",0,0,0,2298000000,1,1,0,0,0,0
S0,separate_seed_warm,104,2348000000,0,"invalid_or_failed_input: fixed-yaw coherent control values","not_run",0,0,0,2348000000,1,1,0,0,0,0
S0,separate_seed_warm,105,2398000000,0,"invalid_or_failed_input: fixed-yaw coherent control values","not_run",0,0,0,2398000000,1,1,0,0,0,0
S0,separate_seed_warm,106,2448000000,0,"invalid_or_failed_input: fixed-yaw coherent control values","not_run",0,0,0,2448000000,1,1,0,0,0,0
S0,separate_seed_warm,107,2498000000,0,"invalid_or_failed_input: fixed-yaw coherent control values","not_run",0,0,0,2498000000,1,1,0,0,0,0
S0,separate_seed_warm,108,2548000000,0,"invalid_or_failed_input: fixed-yaw coherent control values","not_run",0,0,0,2548000000,1,1,0,0,0,0
S0,separate_seed_warm,109,2598000000,0,"invalid_or_failed_input: fixed-yaw coherent control values","not_run",0,0,0,2598000000,1,1,0,0,0,0
S0,separate_seed_warm,110,2648000000,0,"invalid_or_failed_input: fixed-yaw coherent control values","not_run",0,0,0,2648000000,1,1,0,0,0,0
S0,separate_seed_warm,111,2698000000,0,"invalid_or_failed_input: fixed-yaw coherent control values","not_run",0,0,0,2698000000,1,1,0,0,0,0
S0,separate_seed_warm,112,2748000000,0,"invalid_or_failed_input: fixed-yaw coherent control values","not_run",0,0,0,2748000000,1,1,0,0,0,0
S0,separate_seed_warm,113,2798000000,0,"invalid_or_failed_input: fixed-yaw coherent control values","not_run",0,0,0,2798000000,1,1,0,0,0,0
S0,separate_seed_warm,114,2848000000,0,"invalid_or_failed_input: fixed-yaw coherent control values","not_run",0,0,0,2848000000,1,1,0,0,0,0
S0,separate_seed_warm,115,2898000000,0,"invalid_or_failed_input: fixed-yaw coherent control values","not_run",0,0,0,2898000000,1,1,0,0,0,0
S0,separate_seed_warm,116,2948000000,0,"invalid_or_failed_input: fixed-yaw coherent control values","not_run",0,0,0,2948000000,1,1,0,0,0,0
S0,separate_seed_warm,117,2998000000,0,"invalid_or_failed_input: fixed-yaw coherent control values","not_run",0,0,0,2998000000,1,1,0,0,0,0
S0,separate_seed_warm,118,3048000000,0,"invalid_or_failed_input: fixed-yaw coherent control values","not_run",0,0,0,3048000000,1,1,0,0,0,0
S0,separate_seed_warm,119,3098000000,0,"invalid_or_failed_input: fixed-yaw coherent control values","not_run",0,0,0,3098000000,1,1,0,0,0,0
S0,separate_seed_warm,120,3148000000,0,"invalid_or_failed_input: fixed-yaw coherent control values","not_run",0,0,0,3148000000,1,1,0,0,0,0
S0,separate_seed_warm,121,3198000000,0,"invalid_or_failed_input: fixed-yaw coherent control values","not_run",0,0,0,3198000000,1,1,0,0,0,0
S0,separate_seed_warm,122,3248000000,0,"invalid_or_failed_input: fixed-yaw coherent control values","not_run",0,0,0,3248000000,1,1,0,0,0,0
S0,separate_seed_warm,123,3298000000,0,"invalid_or_failed_input: fixed-yaw coherent control values","not_run",0,0,0,3298000000,1,1,0,0,0,0
S0,separate_seed_warm,124,3348000000,0,"invalid_or_failed_input: fixed-yaw coherent control values","not_run",0,0,0,3348000000,1,1,0,0,0,0
S0,separate_seed_warm,125,3398000000,0,"invalid_or_failed_input: fixed-yaw coherent control values","not_run",0,0,0,3398000000,1,1,0,0,0,0
S0,separate_seed_warm,126,3448000000,0,"invalid_or_failed_input: fixed-yaw coherent control values","not_run",0,0,0,3448000000,1,1,0,0,0,0
S0,separate_seed_warm,127,3498000000,0,"invalid_or_failed_input: fixed-yaw coherent control values","not_run",0,0,0,3498000000,1,1,0,0,0,0
S0,separate_seed_warm,128,3548000000,0,"invalid_or_failed_input: fixed-yaw coherent control values","not_run",0,0,0,3548000000,1,1,0,0,0,0
S0,separate_seed_warm,129,3598000000,0,"invalid_or_failed_input: fixed-yaw coherent control values","not_run",0,0,0,3598000000,1,1,0,0,0,0
S0,separate_seed_warm,130,3648000000,0,"invalid_or_failed_input: fixed-yaw coherent control values","not_run",0,0,0,3648000000,1,1,0,0,0,0
S0,separate_seed_warm,131,3698000000,0,"invalid_or_failed_input: fixed-yaw coherent control values","not_run",0,0,0,3698000000,1,1,0,0,0,0
S0,separate_seed_warm,132,3748000000,0,"invalid_or_failed_input: fixed-yaw coherent control values","not_run",0,0,0,3748000000,1,1,0,0,0,0
S0,separate_seed_warm,133,3798000000,0,"invalid_or_failed_input: fixed-yaw coherent control values","not_run",0,0,0,3798000000,1,1,0,0,0,0
S0,separate_seed_warm,134,3848000000,0,"invalid_or_failed_input: fixed-yaw coherent control values","not_run",0,0,0,3848000000,1,1,0,0,0,0
S0,separate_seed_warm,135,3898000000,0,"invalid_or_failed_input: fixed-yaw coherent control values","not_run",0,0,0,3898000000,1,1,0,0,0,0
S0,separate_seed_warm,136,3948000000,0,"invalid_or_failed_input: fixed-yaw coherent control values","not_run",0,0,0,3948000000,1,1,0,0,0,0
S0,separate_seed_warm,137,3998000000,0,"invalid_or_failed_input: fixed-yaw coherent control values","not_run",0,0,0,3998000000,1,1,0,0,0,0
S0,separate_seed_warm,138,4048000000,0,"invalid_or_failed_input: fixed-yaw coherent control values","not_run",0,0,0,4048000000,1,1,0,0,0,0
S0,separate_seed_warm,139,4098000000,0,"invalid_or_failed_input: fixed-yaw coherent control values","not_run",0,0,0,4098000000,1,1,0,0,0,0
S0,separate_seed_warm,140,4148000000,0,"invalid_or_failed_input: fixed-yaw coherent control values","not_run",0,0,0,4148000000,1,1,0,0,0,0
S0,separate_seed_warm,141,4198000000,0,"invalid_or_failed_input: fixed-yaw coherent control values","not_run",0,0,0,4198000000,1,1,0,0,0,0
S0,separate_seed_warm,142,4248000000,0,"invalid_or_failed_input: fixed-yaw coherent control values","not_run",0,0,0,4248000000,1,1,0,0,0,0
S0,separate_seed_warm,143,4298000000,0,"invalid_or_failed_input: fixed-yaw coherent control values","not_run",0,0,0,4298000000,1,1,0,0,0,0
S0,separate_seed_warm,144,4348000000,0,"invalid_or_failed_input: fixed-yaw coherent control values","not_run",0,0,0,4348000000,1,1,0,0,0,0
S0,separate_seed_warm,145,4398000000,0,"invalid_or_failed_input: fixed-yaw coherent control values","not_run",0,0,0,4398000000,1,1,0,0,0,0
S0,separate_seed_warm,146,4448000000,0,"invalid_or_failed_input: fixed-yaw coherent control values","not_run",0,0,0,4448000000,1,1,0,0,0,0
S0,separate_seed_warm,147,4498000000,0,"invalid_or_failed_input: fixed-yaw coherent control values","not_run",0,0,0,4498000000,1,1,0,0,0,0
S0,separate_seed_warm,148,4548000000,0,"invalid_or_failed_input: fixed-yaw coherent control values","not_run",0,0,0,4548000000,1,1,0,0,0,0
S0,separate_seed_warm,149,4598000000,0,"invalid_or_failed_input: fixed-yaw coherent control values","not_run",0,0,0,4598000000,1,1,0,0,0,0
S0,separate_seed_warm,150,4648000000,0,"invalid_or_failed_input: fixed-yaw coherent control values","not_run",0,0,0,4648000000,1,1,0,0,0,0
S0,separate_seed_warm,151,4698000000,0,"invalid_or_failed_input: fixed-yaw coherent control values","not_run",0,0,0,4698000000,1,1,0,0,0,0
S0,separate_seed_warm,152,4748000000,0,"invalid_or_failed_input: fixed-yaw coherent control values","not_run",0,0,0,4748000000,1,1,0,0,0,0
S0,separate_seed_warm,153,4798000000,0,"invalid_or_failed_input: fixed-yaw coherent control values","not_run",0,0,0,4798000000,1,1,0,0,0,0
S0,separate_seed_warm,154,4848000000,0,"invalid_or_failed_input: fixed-yaw coherent control values","not_run",0,0,0,4848000000,1,1,0,0,0,0
S0,separate_seed_warm,155,4898000000,0,"invalid_or_failed_input: fixed-yaw coherent control values","not_run",0,0,0,4898000000,1,1,0,0,0,0
S0,separate_seed_warm,156,4948000000,0,"invalid_or_failed_input: fixed-yaw coherent control values","not_run",0,0,0,4948000000,1,1,0,0,0,0
S0,separate_seed_warm,157,4998000000,0,"invalid_or_failed_input: fixed-yaw coherent control values","not_run",0,0,0,4998000000,1,1,0,0,0,0
S0,separate_seed_warm,158,5048000000,0,"invalid_or_failed_input: fixed-yaw coherent control values","not_run",0,0,0,5048000000,1,1,0,0,0,0
S0,separate_seed_warm,159,5098000000,0,"invalid_or_failed_input: fixed-yaw coherent control values","not_run",0,0,0,5098000000,1,1,0,0,0,0
S0,separate_seed_warm,160,5148000000,0,"invalid_or_failed_input: fixed-yaw coherent control values","not_run",0,0,0,5148000000,1,1,0,0,0,0
S0,separate_seed_warm,161,5198000000,0,"invalid_or_failed_input: fixed-yaw coherent control values","not_run",0,0,0,5198000000,1,1,0,0,0,0
S0,separate_seed_warm,162,5248000000,0,"invalid_or_failed_input: fixed-yaw coherent control values","not_run",0,0,0,5248000000,1,1,0,0,0,0
S0,separate_seed_warm,163,5298000000,0,"invalid_or_failed_input: fixed-yaw coherent control values","not_run",0,0,0,5298000000,1,1,0,0,0,0
S0,separate_seed_warm,164,5348000000,0,"invalid_or_failed_input: fixed-yaw coherent control values","not_run",0,0,0,5348000000,1,1,0,0,0,0
S0,separate_seed_warm,165,5398000000,0,"invalid_or_failed_input: fixed-yaw coherent control values","not_run",0,0,0,5398000000,1,1,0,0,0,0
S0,separate_seed_warm,166,5448000000,0,"invalid_or_failed_input: fixed-yaw coherent control values","not_run",0,0,0,5448000000,1,1,0,0,0,0
S0,separate_seed_warm,167,5498000000,0,"invalid_or_failed_input: fixed-yaw coherent control values","not_run",0,0,0,5498000000,1,1,0,0,0,0
S0,separate_seed_warm,168,5548000000,0,"invalid_or_failed_input: fixed-yaw coherent control values","not_run",0,0,0,5548000000,1,1,0,0,0,0
S0,separate_seed_warm,169,5598000000,0,"invalid_or_failed_input: fixed-yaw coherent control values","not_run",0,0,0,5598000000,1,1,0,0,0,0
S0,separate_seed_warm,170,5648000000,0,"invalid_or_failed_input: fixed-yaw coherent control values","not_run",0,0,0,5648000000,1,1,0,0,0,0
S0,separate_seed_warm,171,5698000000,0,"invalid_or_failed_input: fixed-yaw coherent control values","not_run",0,0,0,5698000000,1,1,0,0,0,0
S0,separate_seed_warm,172,5748000000,0,"invalid_or_failed_input: fixed-yaw coherent control values","not_run",0,0,0,5748000000,1,1,0,0,0,0
S0,separate_seed_warm,173,5798000000,0,"invalid_or_failed_input: fixed-yaw coherent control values","not_run",0,0,0,5798000000,1,1,0,0,0,0
S0,separate_seed_warm,174,5848000000,0,"invalid_or_failed_input: fixed-yaw coherent control values","not_run",0,0,0,5848000000,1,1,0,0,0,0
S0,separate_seed_warm,175,5898000000,0,"invalid_or_failed_input: fixed-yaw coherent control values","not_run",0,0,0,5898000000,1,1,0,0,0,0
S0,separate_seed_warm,176,5948000000,0,"invalid_or_failed_input: fixed-yaw coherent control values","not_run",0,0,0,5948000000,1,1,0,0,0,0
S0,separate_seed_warm,177,5998000000,0,"invalid_or_failed_input: fixed-yaw coherent control values","not_run",0,0,0,5998000000,1,1,0,0,0,0
S0,separate_seed_warm,178,6048000000,0,"invalid_or_failed_input: fixed-yaw coherent control values","not_run",0,0,0,6048000000,1,1,0,0,0,0
S0,separate_seed_warm,179,6098000000,0,"invalid_or_failed_input: fixed-yaw coherent control values","not_run",0,0,0,6098000000,1,1,0,0,0,0
S0,separate_seed_warm,180,6148000000,0,"invalid_or_failed_input: fixed-yaw coherent control values","not_run",0,0,0,6148000000,1,1,0,0,0,0
S0,separate_seed_warm,181,6198000000,0,"invalid_or_failed_input: fixed-yaw coherent control values","not_run",0,0,0,6198000000,1,1,0,0,0,0
S0,separate_seed_warm,182,6248000000,0,"invalid_or_failed_input: fixed-yaw coherent control values","not_run",0,0,0,6248000000,1,1,0,0,0,0
S0,separate_seed_warm,183,6298000000,0,"invalid_or_failed_input: fixed-yaw coherent control values","not_run",0,0,0,6298000000,1,1,0,0,0,0
S0,separate_seed_warm,184,6348000000,0,"invalid_or_failed_input: fixed-yaw coherent control values","not_run",0,0,0,6348000000,1,1,0,0,0,0
S0,separate_seed_warm,185,6398000000,0,"invalid_or_failed_input: fixed-yaw coherent control values","not_run",0,0,0,6398000000,1,1,0,0,0,0
S0,separate_seed_warm,186,6477000000,0,"invalid_or_failed_input: fixed-yaw coherent control values","not_run",0,0,0,6477000000,1,1,0,0,0,0
S0,separate_seed_warm,187,6498000000,0,"invalid_or_failed_input: fixed-yaw coherent control values","not_run",0,0,0,6498000000,1,1,0,0,0,0
S0,separate_seed_warm,188,6548000000,0,"invalid_or_failed_input: fixed-yaw coherent control values","not_run",0,0,0,6548000000,1,1,0,0,0,0
S0,separate_seed_warm,189,6598000000,0,"invalid_or_failed_input: fixed-yaw coherent control values","not_run",0,0,0,6598000000,1,1,0,0,0,0
S0,separate_seed_warm,190,6648000000,0,"invalid_or_failed_input: fixed-yaw coherent control values","not_run",0,0,0,6648000000,1,1,0,0,0,0
S0,separate_seed_warm,191,6698000000,0,"invalid_or_failed_input: fixed-yaw coherent control values","not_run",0,0,0,6698000000,1,1,0,0,0,0
S0,separate_seed_warm,192,6748000000,0,"invalid_or_failed_input: fixed-yaw coherent control values","not_run",0,0,0,6748000000,1,1,0,0,0,0
S0,separate_seed_warm,193,6798000000,0,"invalid_or_failed_input: fixed-yaw coherent control values","not_run",0,0,0,6798000000,1,1,0,0,0,0
S0,separate_seed_warm,194,6848000000,0,"invalid_or_failed_input: fixed-yaw coherent control values","not_run",0,0,0,6848000000,1,1,0,0,0,0
S0,separate_seed_warm,195,6898000000,0,"invalid_or_failed_input: fixed-yaw coherent control values","not_run",0,0,0,6898000000,1,1,0,0,0,0
S0,separate_seed_warm,196,6948000000,0,"invalid_or_failed_input: fixed-yaw coherent control values","not_run",0,0,0,6948000000,1,1,0,0,0,0
S0,separate_seed_warm,197,6998000000,0,"invalid_or_failed_input: fixed-yaw coherent control values","not_run",0,0,0,6998000000,1,1,0,0,0,0
S0,separate_seed_warm,198,7048000000,0,"invalid_or_failed_input: fixed-yaw coherent control values","not_run",0,0,0,7048000000,1,1,0,0,0,0
S0,separate_seed_warm,199,7098000000,0,"invalid_or_failed_input: fixed-yaw coherent control values","not_run",0,0,0,7098000000,1,1,0,0,0,0
S0,separate_seed_warm,200,7148000000,0,"invalid_or_failed_input: fixed-yaw coherent control values","not_run",0,0,0,7148000000,1,1,0,0,0,0
S0,separate_seed_warm,201,7198000000,0,"invalid_or_failed_input: fixed-yaw coherent control values","not_run",0,0,0,7198000000,1,1,0,0,0,0
S0,separate_seed_warm,202,7248000000,0,"invalid_or_failed_input: fixed-yaw coherent control values","not_run",0,0,0,7248000000,1,1,0,0,0,0
S0,separate_seed_warm,203,7298000000,0,"invalid_or_failed_input: fixed-yaw coherent control values","not_run",0,0,0,7298000000,1,1,0,0,0,0
S0,separate_seed_warm,204,7348000000,0,"invalid_or_failed_input: fixed-yaw coherent control values","not_run",0,0,0,7348000000,1,1,0,0,0,0
S0,separate_seed_warm,205,7398000000,0,"invalid_or_failed_input: fixed-yaw coherent control values","not_run",0,0,0,7398000000,1,1,0,0,0,0
S0,separate_seed_warm,206,7448000000,0,"invalid_or_failed_input: fixed-yaw coherent control values","not_run",0,0,0,7448000000,1,1,0,0,0,0
S0,separate_seed_warm,207,7498000000,0,"invalid_or_failed_input: fixed-yaw coherent control values","not_run",0,0,0,7498000000,1,1,0,0,0,0
S0,separate_seed_warm,208,7548000000,0,"invalid_or_failed_input: fixed-yaw coherent control values","not_run",0,0,0,7548000000,1,1,0,0,0,0
S0,separate_seed_warm,209,7598000000,0,"invalid_or_failed_input: fixed-yaw coherent control values","not_run",0,0,0,7598000000,1,1,0,0,0,0
S0,separate_seed_warm,210,7648000000,0,"invalid_or_failed_input: fixed-yaw coherent control values","not_run",0,0,0,7648000000,1,1,0,0,0,0
S0,separate_seed_warm,211,7698000000,0,"invalid_or_failed_input: fixed-yaw coherent control values","not_run",0,0,0,7698000000,1,1,0,0,0,0
S0,separate_seed_warm,212,7748000000,0,"invalid_or_failed_input: fixed-yaw coherent control values","not_run",0,0,0,7748000000,1,1,0,0,0,0
S0,separate_seed_warm,213,7798000000,0,"invalid_or_failed_input: fixed-yaw coherent control values","not_run",0,0,0,7798000000,1,1,0,0,0,0
S0,separate_seed_warm,214,7848000000,0,"invalid_or_failed_input: fixed-yaw coherent control values","not_run",0,0,0,7848000000,1,1,0,0,0,0
S0,separate_seed_warm,215,7898000000,0,"invalid_or_failed_input: fixed-yaw coherent control values","not_run",0,0,0,7898000000,1,1,0,0,0,0
S0,separate_seed_warm,216,7948000000,0,"invalid_or_failed_input: fixed-yaw coherent control values","not_run",0,0,0,7948000000,1,1,0,0,0,0
S0,separate_seed_warm,217,7998000000,0,"invalid_or_failed_input: fixed-yaw coherent control values","not_run",0,0,0,7998000000,1,1,0,0,0,0
S0,separate_seed_warm,218,8048000000,0,"invalid_or_failed_input: fixed-yaw coherent control values","not_run",0,0,0,8048000000,1,1,0,0,0,0
S0,separate_seed_warm,219,8098000000,0,"invalid_or_failed_input: fixed-yaw coherent control values","not_run",0,0,0,8098000000,1,1,0,0,0,0
S0,separate_seed_warm,220,8148000000,0,"invalid_or_failed_input: fixed-yaw coherent control values","not_run",0,0,0,8148000000,1,1,0,0,0,0
S0,separate_seed_warm,221,8198000000,0,"invalid_or_failed_input: fixed-yaw coherent control values","not_run",0,0,0,8198000000,1,1,0,0,0,0
S0,separate_seed_warm,222,8248000000,0,"invalid_or_failed_input: fixed-yaw coherent control values","not_run",0,0,0,8248000000,1,1,0,0,0,0
S0,separate_seed_warm,223,8298000000,0,"invalid_or_failed_input: fixed-yaw coherent control values","not_run",0,0,0,8298000000,1,1,0,0,0,0
S0,separate_seed_warm,224,8348000000,0,"invalid_or_failed_input: fixed-yaw coherent control values","not_run",0,0,0,8348000000,1,1,0,0,0,0
S0,separate_seed_warm,225,8398000000,0,"invalid_or_failed_input: fixed-yaw coherent control values","not_run",0,0,0,8398000000,1,1,0,0,0,0
S0,separate_seed_warm,226,8448000000,0,"invalid_or_failed_input: fixed-yaw coherent control values","not_run",0,0,0,8448000000,1,1,0,0,0,0
S0,separate_seed_warm,227,8498000000,0,"invalid_or_failed_input: fixed-yaw coherent control values","not_run",0,0,0,8498000000,1,1,0,0,0,0
S0,separate_seed_warm,228,8548000000,0,"invalid_or_failed_input: fixed-yaw coherent control values","not_run",0,0,0,8548000000,1,1,0,0,0,0
S0,separate_seed_warm,229,8598000000,0,"invalid_or_failed_input: fixed-yaw coherent control values","not_run",0,0,0,8598000000,1,1,0,0,0,0
S0,separate_seed_warm,230,8648000000,0,"invalid_or_failed_input: fixed-yaw coherent control values","not_run",0,0,0,8648000000,1,1,0,0,0,0
S0,separate_seed_warm,231,8698000000,0,"invalid_or_failed_input: fixed-yaw coherent control values","not_run",0,0,0,8698000000,1,1,0,0,0,0
S0,separate_seed_warm,232,8748000000,0,"invalid_or_failed_input: fixed-yaw coherent control values","not_run",0,0,0,8748000000,1,1,0,0,0,0
S0,separate_seed_warm,233,8798000000,0,"invalid_or_failed_input: fixed-yaw coherent control values","not_run",0,0,0,8798000000,1,1,0,0,0,0
S0,separate_seed_warm,234,8848000000,0,"invalid_or_failed_input: fixed-yaw coherent control values","not_run",0,0,0,8848000000,1,1,0,0,0,0
S0,separate_seed_warm,235,8898000000,0,"invalid_or_failed_input: fixed-yaw coherent control values","not_run",0,0,0,8898000000,1,1,0,0,0,0
S0,separate_seed_warm,236,8948000000,0,"invalid_or_failed_input: fixed-yaw coherent control values","not_run",0,0,0,8948000000,1,1,0,0,0,0
S0,separate_seed_warm,237,8998000000,0,"invalid_or_failed_input: fixed-yaw coherent control values","not_run",0,0,0,8998000000,1,1,0,0,0,0
S0,separate_seed_warm,238,9048000000,0,"invalid_or_failed_input: fixed-yaw coherent control values","not_run",0,0,0,9048000000,1,1,0,0,0,0
S0,separate_seed_warm,239,9098000000,0,"invalid_or_failed_input: fixed-yaw coherent control values","not_run",0,0,0,9098000000,1,1,0,0,0,0
S0,separate_seed_warm,240,9148000000,0,"invalid_or_failed_input: fixed-yaw coherent control values","not_run",0,0,0,9148000000,1,1,0,0,0,0
S0,separate_seed_warm,241,9198000000,0,"invalid_or_failed_input: fixed-yaw coherent control values","not_run",0,0,0,9198000000,1,1,0,0,0,0
S0,separate_seed_warm,242,9248000000,0,"invalid_or_failed_input: fixed-yaw coherent control values","not_run",0,0,0,9248000000,1,1,0,0,0,0
S0,separate_seed_warm,243,9298000000,0,"invalid_or_failed_input: fixed-yaw coherent control values","not_run",0,0,0,9298000000,1,1,0,0,0,0
S0,separate_seed_warm,244,9348000000,0,"invalid_or_failed_input: fixed-yaw coherent control values","not_run",0,0,0,9348000000,1,1,0,0,0,0
S0,separate_seed_warm,245,9398000000,0,"invalid_or_failed_input: fixed-yaw coherent control values","not_run",0,0,0,9398000000,1,1,0,0,0,0
S0,separate_seed_warm,246,9448000000,0,"invalid_or_failed_input: fixed-yaw coherent control values","not_run",0,0,0,9448000000,1,1,0,0,0,0
S0,separate_seed_warm,247,9498000000,0,"invalid_or_failed_input: fixed-yaw coherent control values","not_run",0,0,0,9498000000,1,1,0,0,0,0
S0,separate_seed_warm,248,9548000000,0,"invalid_or_failed_input: fixed-yaw coherent control values","not_run",0,0,0,9548000000,1,1,0,0,0,0
S0,separate_seed_warm,249,9598000000,0,"invalid_or_failed_input: fixed-yaw coherent control values","not_run",0,0,0,9598000000,1,1,0,0,0,0
S0,separate_seed_warm,250,9648000000,0,"invalid_or_failed_input: fixed-yaw coherent control values","not_run",0,0,0,9648000000,1,1,0,0,0,0
S0,separate_seed_warm,251,9698000000,0,"invalid_or_failed_input: fixed-yaw coherent control values","not_run",0,0,0,9698000000,1,1,0,0,0,0
S0,separate_seed_warm,252,9748000000,0,"invalid_or_failed_input: fixed-yaw coherent control values","not_run",0,0,0,9748000000,1,1,0,0,0,0
S0,separate_seed_warm,253,9798000000,0,"invalid_or_failed_input: fixed-yaw coherent control values","not_run",0,0,0,9798000000,1,1,0,0,0,0
S0,separate_seed_warm,254,9848000000,0,"invalid_or_failed_input: fixed-yaw coherent control values","not_run",0,0,0,9848000000,1,1,0,0,0,0
S0,separate_seed_warm,255,9898000000,0,"invalid_or_failed_input: fixed-yaw coherent control values","not_run",0,0,0,9898000000,1,1,0,0,0,0
S0,separate_seed_warm,256,9948000000,0,"invalid_or_failed_input: fixed-yaw coherent control values","not_run",0,0,0,9948000000,1,1,0,0,0,0
S0,separate_seed_warm,257,9998000000,0,"invalid_or_failed_input: fixed-yaw coherent control values","not_run",0,0,0,9998000000,1,1,0,0,0,0
S0,separate_seed_warm,258,10048000000,0,"invalid_or_failed_input: fixed-yaw coherent control values","not_run",0,0,0,10048000000,1,1,0,0,0,0
S0,separate_seed_warm,259,10098000000,0,"invalid_or_failed_input: fixed-yaw coherent control values","not_run",0,0,0,10098000000,1,1,0,0,0,0
S0,separate_seed_warm,260,10148000000,0,"invalid_or_failed_input: fixed-yaw coherent control values","not_run",0,0,0,10148000000,1,1,0,0,0,0
S0,separate_seed_warm,261,10198000000,0,"invalid_or_failed_input: fixed-yaw coherent control values","not_run",0,0,0,10198000000,1,1,0,0,0,0
S0,separate_seed_warm,262,10248000000,0,"invalid_or_failed_input: fixed-yaw coherent control values","not_run",0,0,0,10248000000,1,1,0,0,0,0
S0,separate_seed_warm,263,10298000000,0,"invalid_or_failed_input: fixed-yaw coherent control values","not_run",0,0,0,10298000000,1,1,0,0,0,0
S0,separate_seed_warm,264,10348000000,0,"invalid_or_failed_input: fixed-yaw coherent control values","not_run",0,0,0,10348000000,1,1,0,0,0,0
S0,separate_seed_warm,265,10398000000,0,"invalid_or_failed_input: fixed-yaw coherent control values","not_run",0,0,0,10398000000,1,1,0,0,0,0
S0,separate_seed_warm,266,10448000000,0,"invalid_or_failed_input: fixed-yaw coherent control values","not_run",0,0,0,10448000000,1,1,0,0,0,0
S0,separate_seed_warm,267,10498000000,0,"invalid_or_failed_input: fixed-yaw coherent control values","not_run",0,0,0,10498000000,1,1,0,0,0,0
S0,separate_seed_warm,268,10548000000,0,"invalid_or_failed_input: fixed-yaw coherent control values","not_run",0,0,0,10548000000,1,1,0,0,0,0
S0,separate_seed_warm,269,10598000000,0,"invalid_or_failed_input: fixed-yaw coherent control values","not_run",0,0,0,10598000000,1,1,0,0,0,0
S0,separate_seed_warm,270,10648000000,0,"invalid_or_failed_input: fixed-yaw coherent control values","not_run",0,0,0,10648000000,1,1,0,0,0,0
S0,separate_seed_warm,271,10698000000,0,"invalid_or_failed_input: fixed-yaw coherent control values","not_run",0,0,0,10698000000,1,1,0,0,0,0
S0,separate_seed_warm,272,10748000000,0,"invalid_or_failed_input: fixed-yaw coherent control values","not_run",0,0,0,10748000000,1,1,0,0,0,0
S0,separate_seed_warm,273,10798000000,0,"invalid_or_failed_input: fixed-yaw coherent control values","not_run",0,0,0,10798000000,1,1,0,0,0,0
S0,separate_seed_warm,274,10848000000,0,"invalid_or_failed_input: fixed-yaw coherent control values","not_run",0,0,0,10848000000,1,1,0,0,0,0
S0,separate_seed_warm,275,10898000000,0,"invalid_or_failed_input: fixed-yaw coherent control values","not_run",0,0,0,10898000000,1,1,0,0,0,0
S0,separate_seed_warm,276,10948000000,0,"invalid_or_failed_input: fixed-yaw coherent control values","not_run",0,0,0,10948000000,1,1,0,0,0,0
S0,separate_seed_warm,277,10998000000,0,"invalid_or_failed_input: fixed-yaw coherent control values","not_run",0,0,0,10998000000,1,1,0,0,0,0
S0,separate_seed_warm,278,11048000000,0,"invalid_or_failed_input: fixed-yaw coherent control values","not_run",0,0,0,11048000000,1,1,0,0,0,0
S0,separate_seed_warm,279,11098000000,0,"invalid_or_failed_input: fixed-yaw coherent control values","not_run",0,0,0,11098000000,1,1,0,0,0,0
S0,separate_seed_warm,280,11148000000,0,"invalid_or_failed_input: fixed-yaw coherent control values","not_run",0,0,0,11148000000,1,1,0,0,0,0
S0,separate_seed_warm,281,11198000000,0,"invalid_or_failed_input: fixed-yaw coherent control values","not_run",0,0,0,11198000000,1,1,0,0,0,0
S0,separate_seed_warm,282,11248000000,0,"invalid_or_failed_input: fixed-yaw coherent control values","not_run",0,0,0,11248000000,1,1,0,0,0,0
S0,separate_seed_warm,283,11298000000,0,"invalid_or_failed_input: fixed-yaw coherent control values","not_run",0,0,0,11298000000,1,1,0,0,0,0
S0,separate_seed_warm,284,11348000000,0,"invalid_or_failed_input: fixed-yaw coherent control values","not_run",0,0,0,11348000000,1,1,0,0,0,0
S0,separate_seed_warm,285,11398000000,0,"invalid_or_failed_input: fixed-yaw coherent control values","not_run",0,0,0,11398000000,1,1,0,0,0,0
S0,separate_seed_warm,286,11448000000,0,"invalid_or_failed_input: fixed-yaw coherent control values","not_run",0,0,0,11448000000,1,1,0,0,0,0
S0,separate_seed_warm,287,11498000000,0,"invalid_or_failed_input: fixed-yaw coherent control values","not_run",0,0,0,11498000000,1,1,0,0,0,0
S0,separate_seed_warm,288,11548000000,0,"invalid_or_failed_input: fixed-yaw coherent control values","not_run",0,0,0,11548000000,1,1,0,0,0,0
S0,separate_seed_warm,289,11598000000,0,"invalid_or_failed_input: fixed-yaw coherent control values","not_run",0,0,0,11598000000,1,1,0,0,0,0
S0,separate_seed_warm,290,11648000000,0,"invalid_or_failed_input: fixed-yaw coherent control values","not_run",0,0,0,11648000000,1,1,0,0,0,0
S0,separate_seed_warm,291,11698000000,0,"invalid_or_failed_input: fixed-yaw coherent control values","not_run",0,0,0,11698000000,1,1,0,0,0,0
S0,separate_seed_warm,292,11748000000,0,"invalid_or_failed_input: fixed-yaw coherent control values","not_run",0,0,0,11748000000,1,1,0,0,0,0
S0,separate_seed_warm,293,11798000000,0,"invalid_or_failed_input: fixed-yaw coherent control values","not_run",0,0,0,11798000000,1,1,0,0,0,0
S0,separate_seed_warm,294,11848000000,0,"invalid_or_failed_input: fixed-yaw coherent control values","not_run",0,0,0,11848000000,1,1,0,0,0,0
S0,separate_seed_warm,295,11898000000,0,"invalid_or_failed_input: fixed-yaw coherent control values","not_run",0,0,0,11898000000,1,1,0,0,0,0
S0,separate_seed_warm,296,11948000000,0,"invalid_or_failed_input: fixed-yaw coherent control values","not_run",0,0,0,11948000000,1,1,0,0,0,0
S0,separate_seed_warm,297,11998000000,0,"invalid_or_failed_input: fixed-yaw coherent control values","not_run",0,0,0,11998000000,1,1,0,0,0,0
S0,separate_seed_warm,298,12048000000,0,"invalid_or_failed_input: fixed-yaw coherent control values","not_run",0,0,0,12048000000,1,1,0,0,0,0
S0,separate_seed_warm,299,12098000000,0,"invalid_or_failed_input: fixed-yaw coherent control values","not_run",0,0,0,12098000000,1,1,0,0,0,0
S0,separate_seed_warm,300,12148000000,0,"invalid_or_failed_input: fixed-yaw coherent control values","not_run",0,0,0,12148000000,1,1,0,0,0,0
S0,separate_seed_warm,301,12198000000,0,"invalid_or_failed_input: fixed-yaw coherent control values","not_run",0,0,0,12198000000,1,1,0,0,0,0
S0,separate_seed_warm,302,12248000000,0,"invalid_or_failed_input: fixed-yaw coherent control values","not_run",0,0,0,12248000000,1,1,0,0,0,0
S0,separate_seed_warm,303,12298000000,0,"invalid_or_failed_input: fixed-yaw coherent control values","not_run",0,0,0,12298000000,1,1,0,0,0,0
S0,separate_seed_warm,304,12348000000,0,"invalid_or_failed_input: fixed-yaw coherent control values","not_run",0,0,0,12348000000,1,1,0,0,0,0
S0,separate_seed_warm,305,12398000000,0,"invalid_or_failed_input: fixed-yaw coherent control values","not_run",0,0,0,12398000000,1,1,0,0,0,0
S0,separate_seed_warm,306,12448000000,0,"invalid_or_failed_input: fixed-yaw coherent control values","not_run",0,0,0,12448000000,1,1,0,0,0,0
S0,separate_seed_warm,307,12498000000,0,"invalid_or_failed_input: fixed-yaw coherent control values","not_run",0,0,0,12498000000,1,1,0,0,0,0
S0,separate_seed_warm,308,12548000000,0,"invalid_or_failed_input: fixed-yaw coherent control values","not_run",0,0,0,12548000000,1,1,0,0,0,0
S0,separate_seed_warm,309,12598000000,0,"invalid_or_failed_input: fixed-yaw coherent control values","not_run",0,0,0,12598000000,1,1,0,0,0,0
S0,separate_seed_warm,310,12648000000,0,"invalid_or_failed_input: fixed-yaw coherent control values","not_run",0,0,0,12648000000,1,1,0,0,0,0
S0,separate_seed_warm,311,12698000000,0,"invalid_or_failed_input: fixed-yaw coherent control values","not_run",0,0,0,12698000000,1,1,0,0,0,0
S0,separate_seed_warm,312,12748000000,0,"invalid_or_failed_input: fixed-yaw coherent control values","not_run",0,0,0,12748000000,1,1,0,0,0,0
S0,separate_seed_warm,313,12798000000,0,"invalid_or_failed_input: fixed-yaw coherent control values","not_run",0,0,0,12798000000,1,1,0,0,0,0
S0,separate_seed_warm,314,12848000000,0,"invalid_or_failed_input: fixed-yaw coherent control values","not_run",0,0,0,12848000000,1,1,0,0,0,0
S0,separate_seed_warm,315,12898000000,0,"invalid_or_failed_input: fixed-yaw coherent control values","not_run",0,0,0,12898000000,1,1,0,0,0,0
S0,separate_seed_warm,316,12948000000,0,"invalid_or_failed_input: fixed-yaw coherent control values","not_run",0,0,0,12948000000,1,1,0,0,0,0
S0,separate_seed_warm,317,12998000000,0,"invalid_or_failed_input: fixed-yaw coherent control values","not_run",0,0,0,12998000000,1,1,0,0,0,0
S0,separate_seed_warm,318,13048000000,0,"invalid_or_failed_input: fixed-yaw coherent control values","not_run",0,0,0,13048000000,1,1,0,0,0,0
S0,separate_seed_warm,319,13098000000,0,"invalid_or_failed_input: fixed-yaw coherent control values","not_run",0,0,0,13098000000,1,1,0,0,0,0
S0,separate_seed_warm,320,13148000000,0,"invalid_or_failed_input: fixed-yaw coherent control values","not_run",0,0,0,13148000000,1,1,0,0,0,0
S0,separate_seed_warm,321,13198000000,0,"invalid_or_failed_input: fixed-yaw coherent control values","not_run",0,0,0,13198000000,1,1,0,0,0,0
S0,separate_seed_warm,322,13248000000,0,"invalid_or_failed_input: fixed-yaw coherent control values","not_run",0,0,0,13248000000,1,1,0,0,0,0
S0,separate_seed_warm,323,13298000000,0,"invalid_or_failed_input: fixed-yaw coherent control values","not_run",0,0,0,13298000000,1,1,0,0,0,0
S0,separate_seed_warm,324,13348000000,0,"invalid_or_failed_input: fixed-yaw coherent control values","not_run",0,0,0,13348000000,1,1,0,0,0,0
S0,separate_seed_warm,325,13398000000,0,"invalid_or_failed_input: fixed-yaw coherent control values","not_run",0,0,0,13398000000,1,1,0,0,0,0
S0,separate_seed_warm,326,13448000000,0,"invalid_or_failed_input: fixed-yaw coherent control values","not_run",0,0,0,13448000000,1,1,0,0,0,0
S0,separate_seed_warm,327,13498000000,0,"invalid_or_failed_input: fixed-yaw coherent control values","not_run",0,0,0,13498000000,1,1,0,0,0,0
S0,separate_seed_warm,328,13548000000,0,"invalid_or_failed_input: fixed-yaw coherent control values","not_run",0,0,0,13548000000,1,1,0,0,0,0
S0,separate_seed_warm,329,13598000000,0,"invalid_or_failed_input: fixed-yaw coherent control values","not_run",0,0,0,13598000000,1,1,0,0,0,0
S0,separate_seed_warm,330,13647000000,0,"invalid_or_failed_input: fixed-yaw coherent control values","not_run",0,0,0,13647000000,1,1,0,0,0,0
S0,separate_seed_warm,331,13698000000,0,"invalid_or_failed_input: fixed-yaw coherent control values","not_run",0,0,0,13698000000,1,1,0,0,0,0
S0,separate_seed_warm,332,13748000000,0,"invalid_or_failed_input: fixed-yaw coherent control values","not_run",0,0,0,13748000000,1,1,0,0,0,0
S0,separate_seed_warm,333,13798000000,0,"invalid_or_failed_input: fixed-yaw coherent control values","not_run",0,0,0,13798000000,1,1,0,0,0,0
S0,separate_seed_warm,334,13848000000,0,"invalid_or_failed_input: fixed-yaw coherent control values","not_run",0,0,0,13848000000,1,1,0,0,0,0
S0,separate_seed_warm,335,13898000000,0,"invalid_or_failed_input: fixed-yaw coherent control values","not_run",0,0,0,13898000000,1,1,0,0,0,0
S0,separate_seed_warm,336,13948000000,0,"invalid_or_failed_input: fixed-yaw coherent control values","not_run",0,0,0,13948000000,1,1,0,0,0,0
S0,separate_seed_warm,337,13998000000,0,"invalid_or_failed_input: fixed-yaw coherent control values","not_run",0,0,0,13998000000,1,1,0,0,0,0
S0,separate_seed_warm,338,14048000000,0,"invalid_or_failed_input: fixed-yaw coherent control values","not_run",0,0,0,14048000000,1,1,0,0,0,0
S0,separate_seed_warm,339,14098000000,0,"invalid_or_failed_input: fixed-yaw coherent control values","not_run",0,0,0,14098000000,1,1,0,0,0,0
S0,separate_seed_warm,340,14148000000,0,"invalid_or_failed_input: fixed-yaw coherent control values","not_run",0,0,0,14148000000,1,1,0,0,0,0
S0,separate_seed_warm,341,14197000000,0,"invalid_or_failed_input: fixed-yaw coherent control values","not_run",0,0,0,14197000000,1,1,0,0,0,0
S0,separate_seed_warm,342,14248000000,0,"invalid_or_failed_input: fixed-yaw coherent control values","not_run",0,0,0,14248000000,1,1,0,0,0,0
S0,separate_seed_warm,343,14298000000,0,"invalid_or_failed_input: fixed-yaw coherent control values","not_run",0,0,0,14298000000,1,1,0,0,0,0
S0,separate_seed_warm,344,14348000000,0,"invalid_or_failed_input: fixed-yaw coherent control values","not_run",0,0,0,14348000000,1,1,0,0,0,0
S0,separate_seed_warm,345,14398000000,0,"invalid_or_failed_input: fixed-yaw coherent control values","not_run",0,0,0,14398000000,1,1,0,0,0,0
S0,separate_seed_warm,346,14448000000,0,"invalid_or_failed_input: fixed-yaw coherent control values","not_run",0,0,0,14448000000,1,1,0,0,0,0
S0,separate_seed_warm,347,14498000000,0,"invalid_or_failed_input: fixed-yaw coherent control values","not_run",0,0,0,14498000000,1,1,0,0,0,0
S0,separate_seed_warm,348,14548000000,0,"invalid_or_failed_input: fixed-yaw coherent control values","not_run",0,0,0,14548000000,1,1,0,0,0,0
S0,separate_seed_warm,349,14598000000,0,"invalid_or_failed_input: fixed-yaw coherent control values","not_run",0,0,0,14598000000,1,1,0,0,0,0
S0,separate_seed_warm,350,14648000000,0,"invalid_or_failed_input: fixed-yaw coherent control values","not_run",0,0,0,14648000000,1,1,0,0,0,0
S0,separate_seed_warm,351,14698000000,0,"invalid_or_failed_input: fixed-yaw coherent control values","not_run",0,0,0,14698000000,1,1,0,0,0,0
S0,separate_seed_warm,352,14748000000,0,"invalid_or_failed_input: fixed-yaw coherent control values","not_run",0,0,0,14748000000,1,1,0,0,0,0
S0,separate_seed_warm,353,14798000000,0,"invalid_or_failed_input: fixed-yaw coherent control values","not_run",0,0,0,14798000000,1,1,0,0,0,0
S0,separate_seed_warm,354,14848000000,0,"invalid_or_failed_input: fixed-yaw coherent control values","not_run",0,0,0,14848000000,1,1,0,0,0,0
S0,separate_seed_warm,355,14898000000,0,"invalid_or_failed_input: fixed-yaw coherent control values","not_run",0,0,0,14898000000,1,1,0,0,0,0
S0,separate_seed_warm,356,14948000000,0,"invalid_or_failed_input: fixed-yaw coherent control values","not_run",0,0,0,14948000000,1,1,0,0,0,0
S0,separate_seed_warm,357,14998000000,0,"invalid_or_failed_input: fixed-yaw coherent control values","not_run",0,0,0,14998000000,1,1,0,0,0,0
S0,separate_seed_warm,358,15048000000,0,"invalid_or_failed_input: fixed-yaw coherent control values","not_run",0,0,0,15048000000,1,1,0,0,0,0
S0,separate_seed_warm,359,15098000000,0,"invalid_or_failed_input: fixed-yaw coherent control values","not_run",0,0,0,15098000000,1,1,0,0,0,0
S0,separate_seed_warm,360,15148000000,0,"invalid_or_failed_input: fixed-yaw coherent control values","not_run",0,0,0,15148000000,1,1,0,0,0,0
S0,separate_seed_warm,361,15198000000,0,"invalid_or_failed_input: fixed-yaw coherent control values","not_run",0,0,0,15198000000,1,1,0,0,0,0
S0,separate_seed_warm,362,15248000000,0,"invalid_or_failed_input: fixed-yaw coherent control values","not_run",0,0,0,15248000000,1,1,0,0,0,0
S0,separate_seed_warm,363,15298000000,0,"invalid_or_failed_input: fixed-yaw coherent control values","not_run",0,0,0,15298000000,1,1,0,0,0,0
S0,separate_seed_warm,364,15348000000,0,"invalid_or_failed_input: fixed-yaw coherent control values","not_run",0,0,0,15348000000,1,1,0,0,0,0
S0,separate_seed_warm,365,15398000000,0,"invalid_or_failed_input: fixed-yaw coherent control values","not_run",0,0,0,15398000000,1,1,0,0,0,0
S0,separate_seed_warm,366,15448000000,0,"invalid_or_failed_input: fixed-yaw coherent control values","not_run",0,0,0,15448000000,1,1,0,0,0,0
S0,separate_seed_warm,367,15498000000,0,"invalid_or_failed_input: fixed-yaw coherent control values","not_run",0,0,0,15498000000,1,1,0,0,0,0
S0,separate_seed_warm,368,15548000000,0,"invalid_or_failed_input: fixed-yaw coherent control values","not_run",0,0,0,15548000000,1,1,0,0,0,0
S0,separate_seed_warm,369,15598000000,0,"invalid_or_failed_input: fixed-yaw coherent control values","not_run",0,0,0,15598000000,1,1,0,0,0,0
S0,separate_seed_warm,370,15648000000,0,"invalid_or_failed_input: fixed-yaw coherent control values","not_run",0,0,0,15648000000,1,1,0,0,0,0
S0,separate_seed_warm,371,15698000000,0,"invalid_or_failed_input: fixed-yaw coherent control values","not_run",0,0,0,15698000000,1,1,0,0,0,0
S0,separate_seed_warm,372,15748000000,0,"invalid_or_failed_input: fixed-yaw coherent control values","not_run",0,0,0,15748000000,1,1,0,0,0,0
S0,separate_seed_warm,373,15798000000,0,"invalid_or_failed_input: fixed-yaw coherent control values","not_run",0,0,0,15798000000,1,1,0,0,0,0
S0,separate_seed_warm,374,15848000000,0,"invalid_or_failed_input: fixed-yaw coherent control values","not_run",0,0,0,15848000000,1,1,0,0,0,0
S0,separate_seed_warm,375,15898000000,0,"invalid_or_failed_input: fixed-yaw coherent control values","not_run",0,0,0,15898000000,1,1,0,0,0,0
S0,separate_seed_warm,376,15948000000,0,"invalid_or_failed_input: fixed-yaw coherent control values","not_run",0,0,0,15948000000,1,1,0,0,0,0
S0,separate_seed_warm,377,15998000000,0,"invalid_or_failed_input: fixed-yaw coherent control values","not_run",0,0,0,15998000000,1,1,0,0,0,0
S0,separate_seed_warm,378,16048000000,0,"invalid_or_failed_input: fixed-yaw coherent control values","not_run",0,0,0,16048000000,1,1,0,0,0,0
S0,separate_seed_warm,379,16098000000,0,"invalid_or_failed_input: fixed-yaw coherent control values","not_run",0,0,0,16098000000,1,1,0,0,0,0
S0,separate_seed_warm,380,16148000000,0,"invalid_or_failed_input: fixed-yaw coherent control values","not_run",0,0,0,16148000000,1,1,0,0,0,0
S0,separate_seed_warm,381,16198000000,0,"invalid_or_failed_input: fixed-yaw coherent control values","not_run",0,0,0,16198000000,1,1,0,0,0,0
S0,separate_seed_warm,382,16248000000,0,"invalid_or_failed_input: fixed-yaw coherent control values","not_run",0,0,0,16248000000,1,1,0,0,0,0
S0,separate_seed_warm,383,16298000000,0,"invalid_or_failed_input: fixed-yaw coherent control values","not_run",0,0,0,16298000000,1,1,0,0,0,0
S0,separate_seed_warm,384,16348000000,0,"invalid_or_failed_input: fixed-yaw coherent control values","not_run",0,0,0,16348000000,1,1,0,0,0,0
S0,separate_seed_warm,385,16398000000,0,"invalid_or_failed_input: fixed-yaw coherent control values","not_run",0,0,0,16398000000,1,1,0,0,0,0
S0,separate_seed_warm,386,16448000000,0,"invalid_or_failed_input: fixed-yaw coherent control values","not_run",0,0,0,16448000000,1,1,0,0,0,0
S0,separate_seed_warm,387,16498000000,0,"invalid_or_failed_input: fixed-yaw coherent control values","not_run",0,0,0,16498000000,1,1,0,0,0,0
S0,separate_seed_warm,388,16548000000,0,"invalid_or_failed_input: fixed-yaw coherent control values","not_run",0,0,0,16548000000,1,1,0,0,0,0
S0,separate_seed_warm,389,16598000000,0,"invalid_or_failed_input: fixed-yaw coherent control values","not_run",0,0,0,16598000000,1,1,0,0,0,0
S0,separate_seed_warm,390,16648000000,0,"invalid_or_failed_input: fixed-yaw coherent control values","not_run",0,0,0,16648000000,1,1,0,0,0,0
S0,separate_seed_warm,391,16698000000,0,"invalid_or_failed_input: fixed-yaw coherent control values","not_run",0,0,0,16698000000,1,1,0,0,0,0
S0,separate_seed_warm,392,16748000000,0,"invalid_or_failed_input: fixed-yaw coherent control values","not_run",0,0,0,16748000000,1,1,0,0,0,0
S0,separate_seed_warm,393,16798000000,0,"invalid_or_failed_input: fixed-yaw coherent control values","not_run",0,0,0,16798000000,1,1,0,0,0,0
S0,separate_seed_warm,394,16848000000,0,"invalid_or_failed_input: fixed-yaw coherent control values","not_run",0,0,0,16848000000,1,1,0,0,0,0
S0,separate_seed_warm,395,16897000000,0,"invalid_or_failed_input: fixed-yaw coherent control values","not_run",0,0,0,16897000000,1,1,0,0,0,0
S0,separate_seed_warm,396,16948000000,0,"invalid_or_failed_input: fixed-yaw coherent control values","not_run",0,0,0,16948000000,1,1,0,0,0,0
S0,separate_seed_warm,397,16998000000,0,"invalid_or_failed_input: fixed-yaw coherent control values","not_run",0,0,0,16998000000,1,1,0,0,0,0
S0,separate_seed_warm,398,17048000000,0,"invalid_or_failed_input: fixed-yaw coherent control values","not_run",0,0,0,17048000000,1,1,0,0,0,0
S0,separate_seed_warm,399,17097000000,0,"invalid_or_failed_input: fixed-yaw coherent control values","not_run",0,0,0,17097000000,1,1,0,0,0,0
S0,separate_seed_warm,400,17148000000,0,"invalid_or_failed_input: fixed-yaw coherent control values","not_run",0,0,0,17148000000,1,1,0,0,0,0
S0,separate_seed_warm,401,17198000000,0,"invalid_or_failed_input: fixed-yaw coherent control values","not_run",0,0,0,17198000000,1,1,0,0,0,0
S0,separate_seed_warm,402,17248000000,0,"invalid_or_failed_input: fixed-yaw coherent control values","not_run",0,0,0,17248000000,1,1,0,0,0,0
S0,separate_seed_warm,403,17298000000,0,"invalid_or_failed_input: fixed-yaw coherent control values","not_run",0,0,0,17298000000,1,1,0,0,0,0
S0,separate_seed_warm,404,17348000000,0,"invalid_or_failed_input: fixed-yaw coherent control values","not_run",0,0,0,17348000000,1,1,0,0,0,0
S0,separate_seed_warm,405,17398000000,0,"invalid_or_failed_input: fixed-yaw coherent control values","not_run",0,0,0,17398000000,1,1,0,0,0,0
S0,separate_seed_warm,406,17448000000,0,"invalid_or_failed_input: fixed-yaw coherent control values","not_run",0,0,0,17448000000,1,1,0,0,0,0
S0,separate_seed_warm,407,17498000000,0,"invalid_or_failed_input: fixed-yaw coherent control values","not_run",0,0,0,17498000000,1,1,0,0,0,0
S0,separate_seed_warm,408,17548000000,0,"invalid_or_failed_input: fixed-yaw coherent control values","not_run",0,0,0,17548000000,1,1,0,0,0,0
S0,separate_seed_warm,409,17598000000,0,"invalid_or_failed_input: fixed-yaw coherent control values","not_run",0,0,0,17598000000,1,1,0,0,0,0
S0,separate_seed_warm,410,17648000000,0,"invalid_or_failed_input: fixed-yaw coherent control values","not_run",0,0,0,17648000000,1,1,0,0,0,0
S0,separate_seed_warm,411,17698000000,0,"invalid_or_failed_input: fixed-yaw coherent control values","not_run",0,0,0,17698000000,1,1,0,0,0,0
S0,separate_seed_warm,412,17748000000,0,"invalid_or_failed_input: fixed-yaw coherent control values","not_run",0,0,0,17748000000,1,1,0,0,0,0
S0,separate_seed_warm,413,17798000000,0,"invalid_or_failed_input: fixed-yaw coherent control values","not_run",0,0,0,17798000000,1,1,0,0,0,0
S0,separate_seed_warm,414,17848000000,0,"invalid_or_failed_input: fixed-yaw coherent control values","not_run",0,0,0,17848000000,1,1,0,0,0,0
S0,separate_seed_warm,415,17898000000,0,"invalid_or_failed_input: fixed-yaw coherent control values","not_run",0,0,0,17898000000,1,1,0,0,0,0
S0,separate_seed_warm,416,17948000000,0,"invalid_or_failed_input: fixed-yaw coherent control values","not_run",0,0,0,17948000000,1,1,0,0,0,0
S0,separate_seed_warm,417,17998000000,0,"invalid_or_failed_input: fixed-yaw coherent control values","not_run",0,0,0,17998000000,1,1,0,0,0,0
S0,separate_seed_warm,418,18047000000,0,"invalid_or_failed_input: fixed-yaw coherent control values","not_run",0,0,0,18047000000,1,1,0,0,0,0
S0,separate_seed_warm,419,18098000000,0,"invalid_or_failed_input: fixed-yaw coherent control values","not_run",0,0,0,18098000000,1,1,0,0,0,0
S0,separate_seed_warm,420,18148000000,0,"invalid_or_failed_input: fixed-yaw coherent control values","not_run",0,0,0,18148000000,1,1,0,0,0,0
S0,separate_seed_warm,421,18198000000,0,"invalid_or_failed_input: fixed-yaw coherent control values","not_run",0,0,0,18198000000,1,1,0,0,0,0
S0,separate_seed_warm,422,18248000000,1,"solved_soft_dynamic","solved",90,0,0,18248000000,1,1,0,0.035133560124689732,-0.0020068584085520206,0
S0,separate_seed_warm,423,18298000000,1,"solved_soft_dynamic","solved",90,0.035133560124689732,-0.0020068584085520206,18248000000,0,1,0,0.065267697546440073,-0.0035418722794568424,0
S0,separate_seed_warm,424,18348000000,1,"solved_soft_dynamic","solved",90,0.065267697546440073,-0.0035418722794568424,18298000000,0,1,0,0.091023187345479234,-0.0041481795277527088,0
S0,separate_seed_warm,425,18398000000,1,"solved_soft_dynamic","solved",90,0.091023187345479234,-0.0041481795277527088,18348000000,0,1,0,0.11300393761323679,-0.0045063886651746663,0
S0,separate_seed_warm,426,18447000000,1,"solved_soft_dynamic","solved",90,0.11300393761323679,-0.0045063886651746663,18398000000,0,1,0,0.13175461308612132,-0.0043029764052565202,0
S0,separate_seed_warm,427,18498000000,1,"solved_soft_dynamic","solved",90,0.13175461308612132,-0.0043029764052565202,18447000000,0,1,0,0.14771793176508863,-0.0038053949981191612,0
S0,separate_seed_warm,428,18548000000,1,"solved_soft_dynamic","solved",90,0.14771793176508863,-0.0038053949981191612,18498000000,0,1,0,0.16120942588624132,-0.0028810224639333761,0
S0,separate_seed_warm,429,18597000000,1,"solved_soft_dynamic","solved",90,0.16120942588624132,-0.0028810224639333761,18548000000,0,1,0,0.17274078127877734,-0.0017834386057340114,0
S0,separate_seed_warm,430,18648000000,1,"solved_soft_dynamic","solved",90,0.17274078127877734,-0.0017834386057340114,18597000000,0,1,0,0.18260714847561035,-0.00036488577787218736,0
S0,separate_seed_warm,431,18698000000,1,"solved_soft_dynamic","solved",90,0.18260714847561035,-0.00036488577787218736,18648000000,0,1,0,0.19104246985198781,0.0011459312588927397,0
S0,separate_seed_warm,432,18748000000,1,"solved_soft_dynamic","solved",90,0.19104246985198781,0.0011459312588927397,18698000000,0,1,0,0.1982576357189145,0.0029104467486664575,0
S0,separate_seed_warm,433,18798000000,1,"solved_soft_dynamic","solved",90,0.1982576357189145,0.0029104467486664575,18748000000,0,1,0,0.20442380154351014,0.0047109366833146399,0
S0,separate_seed_warm,434,18848000000,1,"solved_soft_dynamic","solved",90,0.20442380154351014,0.0047109366833146399,18798000000,0,1,0,0.20969761172655368,0.0067180238879637685,0
S0,separate_seed_warm,435,18898000000,1,"solved_soft_dynamic","solved",90,0.20969761172655368,0.0067180238879637685,18848000000,0,1,0,0.21419646822607397,0.0087220026101652859,0
S0,separate_seed_warm,436,18948000000,1,"solved_soft_dynamic","solved",90,0.21419646822607397,0.0087220026101652859,18898000000,0,1,0,0.21803201114976981,0.010900151139926394,0
S0,separate_seed_warm,437,18998000000,1,"solved_soft_dynamic","solved",90,0.21803201114976981,0.010900151139926394,18948000000,0,1,0,0.22129743220860465,0.01304764998521892,0
S0,separate_seed_warm,438,19048000000,1,"solved_soft_dynamic","solved",90,0.22129743220860465,0.01304764998521892,18998000000,0,1,0,0.22408143624633411,0.015345955262718061,0
S0,separate_seed_warm,439,19098000000,1,"solved_soft_dynamic","solved",90,0.22408143624633411,0.015345955262718061,19048000000,0,1,0,0.22645090498027007,0.017594049510120183,0
S0,separate_seed_warm,440,19148000000,1,"solved_soft_dynamic","solved",90,0.22645090498027007,0.017594049510120183,19098000000,0,1,0,0.22847182666824523,0.019976577733756138,0
S0,separate_seed_warm,441,19197000000,1,"solved_soft_dynamic","solved",90,0.22847182666824523,0.019976577733756138,19148000000,0,1,0,0.23019171427985474,0.022295186610697914,0
S0,separate_seed_warm,442,19247000000,1,"solved_soft_dynamic","solved",90,0.23019171427985474,0.022295186610697914,19197000000,0,1,0,0.23166136820621916,0.024736684513560991,0
S0,separate_seed_warm,443,19298000000,1,"solved_soft_dynamic","solved",90,0.23166136820621916,0.024736684513560991,19247000000,0,1,0,0.23292208645038118,0.027279871528533291,0
S0,separate_seed_warm,444,19348000000,1,"solved_soft_dynamic","solved",90,0.23292208645038118,0.027279871528533291,19298000000,0,1,0,0.23400005773694865,0.029731933288412147,0
S0,separate_seed_warm,445,19397000000,1,"solved_soft_dynamic","solved",90,0.23400005773694865,0.029731933288412147,19348000000,0,1,0,0.23492696191956702,0.032284327859653308,0
S0,separate_seed_warm,446,19448000000,1,"solved_soft_dynamic","solved",90,0.23492696191956702,0.032284327859653308,19397000000,0,1,0,0.23572092111414875,0.034744382936052073,0
S0,separate_seed_warm,447,19498000000,1,"solved_soft_dynamic","solved",90,0.23572092111414875,0.034744382936052073,19448000000,0,1,0,0.23640672394130177,0.037303684574957939,0
S0,separate_seed_warm,448,19547000000,1,"solved_soft_dynamic","solved",90,0.23640672394130177,0.037303684574957939,19498000000,0,1,0,0.23699575719936022,0.039769715484262544,0
S0,separate_seed_warm,449,19597000000,1,"solved_soft_dynamic","solved",90,0.23699575719936022,0.039769715484262544,19547000000,0,1,0,0.23750696595404236,0.042334202926397863,0
S0,separate_seed_warm,450,19647000000,1,"solved_soft_dynamic","solved",90,0.23750696595404236,0.042334202926397863,19597000000,0,1,0,0.23794726033041003,0.044804729561404459,0
S0,separate_seed_warm,451,19697000000,1,"solved_soft_dynamic","solved",90,0.23794726033041003,0.044804729561404459,19647000000,0,1,0,0.2383317563107876,0.047373111359015736,0
S0,separate_seed_warm,452,19747000000,1,"solved_soft_dynamic","solved",90,0.2383317563107876,0.047373111359015736,19697000000,0,1,0,0.23866411078869842,0.049847008471646914,0
S0,separate_seed_warm,453,19798000000,1,"solved_soft_dynamic","solved",90,0.23866411078869842,0.049847008471646914,19747000000,0,1,0,0.23895665663994733,0.052418305370925643,0
S0,separate_seed_warm,454,19848000000,1,"solved_soft_dynamic","solved",90,0.23895665663994733,0.052418305370925643,19798000000,0,1,0,0.23921068800098122,0.05489472177660927,0
S0,separate_seed_warm,455,19898000000,1,"solved_soft_dynamic","solved",90,0.23921068800098122,0.05489472177660927,19848000000,0,1,0,0.23943651562854243,0.05746819466664746,0
S0,separate_seed_warm,456,19947000000,1,"solved_soft_dynamic","solved",90,0.23943651562854243,0.05746819466664746,19898000000,0,1,0,0.23963371848725867,0.059946489228845691,0
S0,separate_seed_warm,457,19998000000,1,"solved_soft_dynamic","solved",90,0.23963371848725867,0.059946489228845691,19947000000,0,1,0,0.23981113845344457,0.062521582444162768,0
S0,separate_seed_warm,458,20047000000,1,"solved_soft_dynamic","solved",90,0.23981113845344457,0.062521582444162768,19998000000,0,1,0,0.23996710996868789,0.065001274002232892,0
S0,separate_seed_warm,459,20098000000,1,"solved_soft_dynamic","solved",90,0.23996710996868789,0.065001274002232892,20047000000,0,1,0,0.24010940800813221,0.067577571210144322,0
S0,separate_seed_warm,460,20148000000,1,"solved_soft_dynamic","solved",90,0.24010940800813221,0.067577571210144322,20098000000,0,1,0,0.24023546438187379,0.070058299805652563,0
S0,separate_seed_warm,461,20198000000,1,"solved_soft_dynamic","solved",90,0.24023546438187379,0.070058299805652563,20148000000,0,1,0,0.24035227911420756,0.072635489992120661,0
S0,separate_seed_warm,462,20247000000,1,"solved_soft_dynamic","solved",90,0.24035227911420756,0.072635489992120661,20198000000,0,1,0,0.24045662965248471,0.075116987085500145,0
S0,separate_seed_warm,463,20298000000,1,"solved_soft_dynamic","solved",90,0.24045662965248471,0.075116987085500145,20247000000,0,1,0,0.24055495303887367,0.077694838518019574,0
S0,separate_seed_warm,464,20347000000,1,"solved_soft_dynamic","solved",90,0.24055495303887367,0.077694838518019574,20298000000,0,1,0,0.24064355259181891,0.080176904261638302,0
S0,separate_seed_warm,465,20397000000,1,"solved_soft_dynamic","solved",90,0.24064355259181891,0.080176904261638302,20347000000,0,1,0,0.24072845623074829,0.08275524467794193,0
S0,separate_seed_warm,466,20447000000,1,"solved_soft_dynamic","solved",90,0.24072845623074829,0.08275524467794193,20397000000,0,1,0,0.24080118797042707,0.085062275436868076,0
S0,separate_seed_warm,467,20498000000,1,"solved_soft_dynamic","solved",90,0.24080118797042707,0.085062275436868076,20447000000,0,1,0,0.24087728103900918,0.08767137768185955,0
S0,separate_seed_warm,468,20548000000,1,"solved_soft_dynamic","solved",90,0.24087728103900918,0.08767137768185955,20498000000,0,1,0,0.24094246134085057,0.090003851599554305,0
S0,separate_seed_warm,469,20597000000,1,"solved_soft_dynamic","solved",90,0.24094246134085057,0.090003851599554305,20548000000,0,1,0,0.24101207613044162,0.092633998588999386,0
S0,separate_seed_warm,470,20648000000,1,"solved_soft_dynamic","solved",90,0.24101207613044162,0.092633998588999386,20597000000,0,1,0,0.24107170603110203,0.09498387920113037,0
S0,separate_seed_warm,471,20697000000,1,"solved_soft_dynamic","solved",90,0.24107170603110203,0.09498387920113037,20648000000,0,1,0,0.24113655900102623,0.097628424329358324,0
S0,separate_seed_warm,472,20747000000,1,"solved_soft_dynamic","solved",90,0.24113655900102623,0.097628424329358324,20697000000,0,1,0,0.2411921103396889,0.099990214454884568,0
S0,separate_seed_warm,473,20797000000,1,"solved_soft_dynamic","solved",90,0.2411921103396889,0.099990214454884568,20747000000,0,1,0,0.24125346331809777,0.10264461112657587,0
S0,separate_seed_warm,474,20847000000,1,"solved_soft_dynamic","solved",90,0.24125346331809777,0.10264461112657587,20797000000,0,1,0,0.24130601753327385,0.10501455033007026,0
S0,separate_seed_warm,475,20897000000,1,"solved_soft_dynamic","solved",90,0.24130601753327385,0.10501455033007026,20847000000,0,1,0,0.24136479718060791,0.10767568828740025,0
S0,separate_seed_warm,476,20947000000,1,"solved_soft_dynamic","solved",90,0.24136479718060791,0.10767568828740025,20897000000,0,1,0,0.24142399586717891,0.11040211564844006,0
S0,separate_seed_warm,477,20998000000,1,"solved_soft_dynamic","solved",90,0.24142399586717891,0.11040211564844006,20947000000,0,1,0,0.24147902400994678,0.11300706565002271,0
S0,separate_seed_warm,478,21048000000,1,"solved_soft_dynamic","solved",90,0.24147902400994678,0.11300706565002271,20998000000,0,1,0,0.24153510910133896,0.11568704362395515,0
S0,separate_seed_warm,479,21097000000,1,"solved_soft_dynamic","solved",90,0.24153510910133896,0.11568704362395515,21048000000,0,1,0,0.24158313360742636,0.11807813889335868,0
S0,separate_seed_warm,480,21147000000,1,"solved_soft_dynamic","solved",90,0.24158313360742636,0.11807813889335868,21097000000,0,1,0,0.24163800071856018,0.12075677429378238,0
S0,separate_seed_warm,481,21197000000,1,"solved_soft_dynamic","solved",90,0.24163800071856018,0.12075677429378238,21147000000,0,1,0,0.24168498835202823,0.12314676109304278,0
S0,separate_seed_warm,482,21247000000,1,"solved_soft_dynamic","solved",90,0.24168498835202823,0.12314676109304278,21197000000,0,1,0,0.24173896542984585,0.1258244816905037,0
S0,separate_seed_warm,483,21297000000,1,"solved_soft_dynamic","solved",90,0.24173896542984585,0.1258244816905037,21247000000,0,1,0,0.24178519472092458,0.1282137133012492,0
S0,separate_seed_warm,484,21347000000,1,"solved_soft_dynamic","solved",90,0.24178519472092458,0.1282137133012492,21297000000,0,1,0,0.2418385183158063,0.1308908108516339,0
S0,separate_seed_warm,485,21397000000,1,"solved_soft_dynamic","solved",90,0.2418385183158063,0.1308908108516339,21347000000,0,1,0,0.24188419018858942,0.13327952821078259,0
S0,separate_seed_warm,486,21447000000,1,"solved_soft_dynamic","solved",90,0.24188419018858942,0.13327952821078259,21397000000,0,1,0,0.24193787762034602,0.13595616155876034,0
S0,separate_seed_warm,487,21498000000,1,"solved_soft_dynamic","solved",90,0.24193787762034602,0.13595616155876034,21447000000,0,1,0,0.24198488238843233,0.13834444625973608,0
S0,separate_seed_warm,488,21547000000,1,"solved_soft_dynamic","solved",90,0.24198488238843233,0.13834444625973608,21498000000,0,1,0,0.24203976589741694,0.14102071747084088,0
S0,separate_seed_warm,489,21597000000,1,"solved_soft_dynamic","solved",90,0.24203976589741694,0.14102071747084088,21547000000,0,1,0,0.24208778843812778,0.14340870142358772,0
S0,separate_seed_warm,490,21647000000,1,"solved_soft_dynamic","solved",90,0.24208778843812778,0.14340870142358772,21597000000,0,1,0,0.24214353214465723,0.14608472311781687,0
S0,separate_seed_warm,491,21698000000,1,"solved_soft_dynamic","solved",90,0.24214353214465723,0.14608472311781687,21647000000,0,1,0,0.24219228640513862,0.14847249982137095,0
S0,separate_seed_warm,492,21748000000,1,"solved_soft_dynamic","solved",90,0.24219228640513862,0.14847249982137095,21698000000,0,1,0,0.24224424007795647,0.15097289300764469,0
S0,separate_seed_warm,493,21798000000,1,"solved_soft_dynamic","solved",90,0.24224424007795647,0.15097289300764469,21748000000,0,1,0,0.2422943776780484,0.15339093096097217,0
S0,separate_seed_warm,494,21847000000,1,"solved_soft_dynamic","solved",90,0.2422943776780484,0.15339093096097217,21798000000,0,1,0,0.24234746902526488,0.1559163410718141,0
S0,separate_seed_warm,495,21892000000,1,"solved_soft_dynamic","solved",90,0.24234746902526488,0.1559163410718141,21847000000,0,1,0,0.24239854322767238,0.15835506042786759,0
S0,separate_seed_warm,496,21942000000,1,"solved_soft_dynamic","solved",90,0.24239854322767238,0.15835506042786759,21892000000,0,1,0,0.24245240309138233,0.16089756790117141,0
S0,separate_seed_warm,497,21992000000,1,"solved_soft_dynamic","solved",90,0.24245240309138233,0.16089756790117141,21942000000,0,1,0,0.24250410885471854,0.16335042163807481,0
S0,separate_seed_warm,498,22042000000,1,"solved_soft_dynamic","solved",90,0.24250410885471854,0.16335042163807481,21992000000,0,1,0,0.24255848516559611,0.16590461411749258,0
S0,separate_seed_warm,499,22092000000,1,"solved_soft_dynamic","solved",90,0.24255848516559611,0.16590461411749258,22042000000,0,1,0,0.24261061378974211,0.16836712791448491,0
S0,separate_seed_warm,500,22142000000,1,"solved_soft_dynamic","solved",90,0.24261061378974211,0.16836712791448491,22092000000,0,1,0,0.24266533448870156,0.1709293065056669,0
S0,separate_seed_warm,501,22192000000,1,"solved_soft_dynamic","solved",90,0.24266533448870156,0.1709293065056669,22142000000,0,1,0,0.24271774462463219,0.17339842248506118,0
S0,separate_seed_warm,502,22242000000,1,"solved_soft_dynamic","solved",90,0.24271774462463219,0.17339842248506118,22192000000,0,1,0,0.24277269209944138,0.17596605931001061,0
S0,separate_seed_warm,503,22292000000,1,"solved_soft_dynamic","solved",90,0.24277269209944138,0.17596605931001061,22242000000,0,1,0,0.24282528614631385,0.17843968772034985,0
S0,separate_seed_warm,504,22342000000,1,"solved_soft_dynamic","solved",90,0.24282528614631385,0.17843968772034985,22292000000,0,1,0,0.24288038013536992,0.18101105518430738,0
S0,separate_seed_warm,505,22392000000,1,"solved_soft_dynamic","solved",90,0.24288038013536992,0.18101105518430738,22342000000,0,1,0,0.24293309176776506,0.18348776784067089,0
S0,separate_seed_warm,506,22442000000,1,"solved_soft_dynamic","solved",90,0.24293309176776506,0.18348776784067089,22392000000,0,1,0,0.24298827745011312,0.18606168527833242,0
S0,separate_seed_warm,507,22492000000,1,"solved_soft_dynamic","solved",90,0.24298827745011312,0.18606168527833242,22442000000,0,1,0,0.24304106136229686,0.18854050613695786,0
S0,separate_seed_warm,508,22542000000,1,"solved_soft_dynamic","solved",90,0.24304106136229686,0.18854050613695786,22492000000,0,1,0,0.24309630128351614,0.191116166663653,0
S0,separate_seed_warm,509,22592000000,1,"solved_soft_dynamic","solved",90,0.24309630128351614,0.191116166663653,22542000000,0,1,0,0.24315351670368945,0.19377188608406593,0
S0,separate_seed_warm,510,22642000000,1,"solved_soft_dynamic","solved",90,0.24315351670368945,0.19377188608406593,22592000000,0,1,0,0.24320792914825662,0.19631833408927787,0
S0,separate_seed_warm,511,22692000000,1,"solved_soft_dynamic","solved",90,0.24320792914825662,0.19631833408927787,22642000000,0,1,0,0.24326446920772743,0.19894990342522467,0
S0,separate_seed_warm,512,22742000000,1,"solved_soft_dynamic","solved",90,0.24326446920772743,0.19894990342522467,22692000000,0,1,0,0.24331833191692631,0.20147638641330726,0
S0,separate_seed_warm,513,22792000000,1,"solved_soft_dynamic","solved",90,0.24331833191692631,0.20147638641330726,22742000000,0,1,0,0.24337442227510336,0.20409145066247841,0
S0,separate_seed_warm,514,22842000000,1,"solved_soft_dynamic","solved",90,0.24337442227510336,0.20409145066247841,22792000000,0,1,0,0.24342791803906136,0.20660428884756743,0
S0,separate_seed_warm,515,22892000000,1,"solved_soft_dynamic","solved",90,0.24342791803906136,0.20660428884756743,22842000000,0,1,0,0.24348370734374217,0.20920807297855579,0
S0,separate_seed_warm,516,22942000000,1,"solved_soft_dynamic","solved",90,0.24348370734374217,0.20920807297855579,22892000000,0,1,0,0.2435369574452769,0.21171158586097746,0
S0,separate_seed_warm,517,22992000000,1,"solved_soft_dynamic","solved",90,0.2435369574452769,0.21171158586097746,22942000000,0,1,0,0.2435925430742443,0.21430766089417905,0
S0,separate_seed_warm,518,23042000000,1,"solved_soft_dynamic","solved",90,0.2435925430742443,0.21430766089417905,22992000000,0,1,0,0.24364562583715121,0.21680480070060781,0
S0,separate_seed_warm,519,23092000000,1,"solved_soft_dynamic","solved",90,0.24364562583715121,0.21680480070060781,23042000000,0,1,0,0.24370107142494288,0.21939560726235041,0
S0,separate_seed_warm,520,23142000000,1,"solved_soft_dynamic","solved",90,0.24370107142494288,0.21939560726235041,23092000000,0,1,0,0.24375403817386579,0.22188839169259017,0
S1,legacy,82,1184000000,1,"solved_soft_dynamic","solved",150,0,0,1184000000,1,1,0,0.049883053352163524,5.5004124240639278e-05,0
S1,legacy,83,1234000000,1,"solved_soft_dynamic","solved",70,0.049883053352163524,5.5004124240639278e-05,1184000000,0,0,1,0.094843290810942088,0.00010582560053556245,0
S1,legacy,84,1284000000,1,"solved_soft_dynamic","solved",90,0.094843290810942088,0.00010582560053556245,1234000000,0,0,1,0.13387058016022124,0.00015092572296103703,0
S1,legacy,85,1334000000,1,"solved_soft_dynamic","solved",90,0.13387058016022124,0.00015092572296103703,1284000000,0,0,1,0.16774784129399803,0.00019130233168826804,0
S1,legacy,86,1384000000,1,"solved_soft_dynamic","solved",90,0.16774784129399803,0.00019130233168826804,1334000000,0,0,1,0.19715467086513533,0.00022709386999049264,0
S1,legacy,87,1434000000,0,"invalid_or_failed_input: fixed-yaw coherent control values","not_run",0,0,0,1434000000,1,1,0,0,0,0
S1,legacy,88,1484000000,0,"invalid_or_failed_input: fixed-yaw coherent control values","not_run",0,0,0,1484000000,1,1,0,0,0,0
S1,legacy,89,1534000000,0,"invalid_or_failed_input: fixed-yaw coherent control values","not_run",0,0,0,1534000000,1,1,0,0,0,0
S1,legacy,90,1584000000,0,"invalid_or_failed_input: fixed-yaw coherent control values","not_run",0,0,0,1584000000,1,1,0,0,0,0
S1,legacy,91,1634000000,0,"invalid_or_failed_input: fixed-yaw coherent control values","not_run",0,0,0,1634000000,1,1,0,0,0,0
S1,legacy,92,1684000000,0,"invalid_or_failed_input: fixed-yaw coherent control values","not_run",0,0,0,1684000000,1,1,0,0,0,0
S1,legacy,93,1734000000,0,"invalid_or_failed_input: fixed-yaw coherent control values","not_run",0,0,0,1734000000,1,1,0,0,0,0
S1,legacy,94,1784000000,0,"invalid_or_failed_input: fixed-yaw coherent control values","not_run",0,0,0,1784000000,1,1,0,0,0,0
S1,legacy,95,1834000000,0,"invalid_or_failed_input: fixed-yaw coherent control values","not_run",0,0,0,1834000000,1,1,0,0,0,0
S1,legacy,96,1884000000,0,"invalid_or_failed_input: fixed-yaw coherent control values","not_run",0,0,0,1884000000,1,1,0,0,0,0
S1,legacy,97,1934000000,0,"invalid_or_failed_input: fixed-yaw coherent control values","not_run",0,0,0,1934000000,1,1,0,0,0,0
S1,legacy,98,1984000000,0,"invalid_or_failed_input: fixed-yaw coherent control values","not_run",0,0,0,1984000000,1,1,0,0,0,0
S1,legacy,99,2034000000,0,"invalid_or_failed_input: fixed-yaw coherent control values","not_run",0,0,0,2034000000,1,1,0,0,0,0
S1,legacy,100,2084000000,0,"invalid_or_failed_input: fixed-yaw coherent control values","not_run",0,0,0,2084000000,1,1,0,0,0,0
S1,legacy,101,2134000000,0,"invalid_or_failed_input: fixed-yaw coherent control values","not_run",0,0,0,2134000000,1,1,0,0,0,0
S1,legacy,102,2184000000,0,"invalid_or_failed_input: fixed-yaw coherent control values","not_run",0,0,0,2184000000,1,1,0,0,0,0
S1,legacy,103,2234000000,0,"invalid_or_failed_input: fixed-yaw coherent control values","not_run",0,0,0,2234000000,1,1,0,0,0,0
S1,legacy,104,2284000000,0,"invalid_or_failed_input: fixed-yaw coherent control values","not_run",0,0,0,2284000000,1,1,0,0,0,0
S1,legacy,105,2334000000,0,"invalid_or_failed_input: fixed-yaw coherent control values","not_run",0,0,0,2334000000,1,1,0,0,0,0
S1,legacy,106,2384000000,0,"invalid_or_failed_input: fixed-yaw coherent control values","not_run",0,0,0,2384000000,1,1,0,0,0,0
S1,legacy,107,2434000000,0,"invalid_or_failed_input: fixed-yaw coherent control values","not_run",0,0,0,2434000000,1,1,0,0,0,0
S1,legacy,108,2484000000,0,"invalid_or_failed_input: fixed-yaw coherent control values","not_run",0,0,0,2484000000,1,1,0,0,0,0
S1,legacy,109,2534000000,0,"invalid_or_failed_input: fixed-yaw coherent control values","not_run",0,0,0,2534000000,1,1,0,0,0,0
S1,legacy,110,2583000000,0,"invalid_or_failed_input: fixed-yaw coherent control values","not_run",0,0,0,2583000000,1,1,0,0,0,0
S1,legacy,111,2634000000,0,"invalid_or_failed_input: fixed-yaw coherent control values","not_run",0,0,0,2634000000,1,1,0,0,0,0
S1,legacy,112,2684000000,0,"invalid_or_failed_input: fixed-yaw coherent control values","not_run",0,0,0,2684000000,1,1,0,0,0,0
S1,legacy,113,2734000000,0,"invalid_or_failed_input: fixed-yaw coherent control values","not_run",0,0,0,2734000000,1,1,0,0,0,0
S1,legacy,114,2784000000,0,"invalid_or_failed_input: fixed-yaw coherent control values","not_run",0,0,0,2784000000,1,1,0,0,0,0
S1,legacy,115,2834000000,0,"invalid_or_failed_input: fixed-yaw coherent control values","not_run",0,0,0,2834000000,1,1,0,0,0,0
S1,legacy,116,2884000000,0,"invalid_or_failed_input: fixed-yaw coherent control values","not_run",0,0,0,2884000000,1,1,0,0,0,0
S1,legacy,117,2934000000,0,"invalid_or_failed_input: fixed-yaw coherent control values","not_run",0,0,0,2934000000,1,1,0,0,0,0
S1,legacy,118,2984000000,0,"invalid_or_failed_input: fixed-yaw coherent control values","not_run",0,0,0,2984000000,1,1,0,0,0,0
S1,legacy,119,3034000000,0,"invalid_or_failed_input: fixed-yaw coherent control values","not_run",0,0,0,3034000000,1,1,0,0,0,0
S1,legacy,120,3084000000,0,"invalid_or_failed_input: fixed-yaw coherent control values","not_run",0,0,0,3084000000,1,1,0,0,0,0
S1,legacy,121,3134000000,0,"invalid_or_failed_input: fixed-yaw coherent control values","not_run",0,0,0,3134000000,1,1,0,0,0,0
S1,legacy,122,3184000000,0,"invalid_or_failed_input: fixed-yaw coherent control values","not_run",0,0,0,3184000000,1,1,0,0,0,0
S1,legacy,123,3234000000,0,"invalid_or_failed_input: fixed-yaw coherent control values","not_run",0,0,0,3234000000,1,1,0,0,0,0
S1,legacy,124,3284000000,0,"invalid_or_failed_input: fixed-yaw coherent control values","not_run",0,0,0,3284000000,1,1,0,0,0,0
S1,legacy,125,3334000000,0,"invalid_or_failed_input: fixed-yaw coherent control values","not_run",0,0,0,3334000000,1,1,0,0,0,0
S1,legacy,126,3384000000,0,"invalid_or_failed_input: fixed-yaw coherent control values","not_run",0,0,0,3384000000,1,1,0,0,0,0
S1,legacy,127,3434000000,0,"invalid_or_failed_input: fixed-yaw coherent control values","not_run",0,0,0,3434000000,1,1,0,0,0,0
S1,legacy,128,3484000000,0,"invalid_or_failed_input: fixed-yaw coherent control values","not_run",0,0,0,3484000000,1,1,0,0,0,0
S1,legacy,129,3534000000,0,"invalid_or_failed_input: fixed-yaw coherent control values","not_run",0,0,0,3534000000,1,1,0,0,0,0
S1,legacy,130,3584000000,0,"invalid_or_failed_input: fixed-yaw coherent control values","not_run",0,0,0,3584000000,1,1,0,0,0,0
S1,legacy,131,3634000000,0,"invalid_or_failed_input: fixed-yaw coherent control values","not_run",0,0,0,3634000000,1,1,0,0,0,0
S1,legacy,132,3684000000,0,"invalid_or_failed_input: fixed-yaw coherent control values","not_run",0,0,0,3684000000,1,1,0,0,0,0
S1,legacy,133,3734000000,0,"invalid_or_failed_input: fixed-yaw coherent control values","not_run",0,0,0,3734000000,1,1,0,0,0,0
S1,legacy,134,3784000000,0,"invalid_or_failed_input: fixed-yaw coherent control values","not_run",0,0,0,3784000000,1,1,0,0,0,0
S1,legacy,135,3834000000,0,"invalid_or_failed_input: fixed-yaw coherent control values","not_run",0,0,0,3834000000,1,1,0,0,0,0
S1,legacy,136,3884000000,0,"invalid_or_failed_input: fixed-yaw coherent control values","not_run",0,0,0,3884000000,1,1,0,0,0,0
S1,legacy,137,3934000000,0,"invalid_or_failed_input: fixed-yaw coherent control values","not_run",0,0,0,3934000000,1,1,0,0,0,0
S1,legacy,138,3984000000,0,"invalid_or_failed_input: fixed-yaw coherent control values","not_run",0,0,0,3984000000,1,1,0,0,0,0
S1,legacy,139,4034000000,0,"invalid_or_failed_input: fixed-yaw coherent control values","not_run",0,0,0,4034000000,1,1,0,0,0,0
S1,legacy,140,4084000000,0,"invalid_or_failed_input: fixed-yaw coherent control values","not_run",0,0,0,4084000000,1,1,0,0,0,0
S1,legacy,141,4134000000,0,"invalid_or_failed_input: fixed-yaw coherent control values","not_run",0,0,0,4134000000,1,1,0,0,0,0
S1,legacy,142,4183000000,0,"invalid_or_failed_input: fixed-yaw coherent control values","not_run",0,0,0,4183000000,1,1,0,0,0,0
S1,legacy,143,4234000000,0,"invalid_or_failed_input: fixed-yaw coherent control values","not_run",0,0,0,4234000000,1,1,0,0,0,0
S1,legacy,144,4284000000,0,"invalid_or_failed_input: fixed-yaw coherent control values","not_run",0,0,0,4284000000,1,1,0,0,0,0
S1,legacy,145,4334000000,0,"invalid_or_failed_input: fixed-yaw coherent control values","not_run",0,0,0,4334000000,1,1,0,0,0,0
S1,legacy,146,4384000000,0,"invalid_or_failed_input: fixed-yaw coherent control values","not_run",0,0,0,4384000000,1,1,0,0,0,0
S1,legacy,147,4434000000,0,"invalid_or_failed_input: fixed-yaw coherent control values","not_run",0,0,0,4434000000,1,1,0,0,0,0
S1,legacy,148,4484000000,0,"invalid_or_failed_input: fixed-yaw coherent control values","not_run",0,0,0,4484000000,1,1,0,0,0,0
S1,legacy,149,4534000000,0,"invalid_or_failed_input: fixed-yaw coherent control values","not_run",0,0,0,4534000000,1,1,0,0,0,0
S1,legacy,150,4584000000,0,"invalid_or_failed_input: fixed-yaw coherent control values","not_run",0,0,0,4584000000,1,1,0,0,0,0
S1,legacy,151,4634000000,0,"invalid_or_failed_input: fixed-yaw coherent control values","not_run",0,0,0,4634000000,1,1,0,0,0,0
S1,legacy,152,4684000000,0,"invalid_or_failed_input: fixed-yaw coherent control values","not_run",0,0,0,4684000000,1,1,0,0,0,0
S1,legacy,153,4734000000,0,"invalid_or_failed_input: fixed-yaw coherent control values","not_run",0,0,0,4734000000,1,1,0,0,0,0
S1,legacy,154,4784000000,0,"invalid_or_failed_input: fixed-yaw coherent control values","not_run",0,0,0,4784000000,1,1,0,0,0,0
S1,legacy,155,4834000000,0,"invalid_or_failed_input: fixed-yaw coherent control values","not_run",0,0,0,4834000000,1,1,0,0,0,0
S1,legacy,156,4884000000,0,"invalid_or_failed_input: fixed-yaw coherent control values","not_run",0,0,0,4884000000,1,1,0,0,0,0
S1,legacy,157,4934000000,0,"invalid_or_failed_input: fixed-yaw coherent control values","not_run",0,0,0,4934000000,1,1,0,0,0,0
S1,legacy,158,4984000000,0,"invalid_or_failed_input: fixed-yaw coherent control values","not_run",0,0,0,4984000000,1,1,0,0,0,0
S1,legacy,159,5034000000,0,"invalid_or_failed_input: fixed-yaw coherent control values","not_run",0,0,0,5034000000,1,1,0,0,0,0
S1,legacy,160,5083000000,0,"invalid_or_failed_input: fixed-yaw coherent control values","not_run",0,0,0,5083000000,1,1,0,0,0,0
S1,legacy,161,5134000000,0,"invalid_or_failed_input: fixed-yaw coherent control values","not_run",0,0,0,5134000000,1,1,0,0,0,0
S1,legacy,162,5184000000,0,"invalid_or_failed_input: fixed-yaw coherent control values","not_run",0,0,0,5184000000,1,1,0,0,0,0
S1,legacy,163,5234000000,0,"invalid_or_failed_input: fixed-yaw coherent control values","not_run",0,0,0,5234000000,1,1,0,0,0,0
S1,legacy,164,5284000000,0,"invalid_or_failed_input: fixed-yaw coherent control values","not_run",0,0,0,5284000000,1,1,0,0,0,0
S1,legacy,165,5334000000,0,"invalid_or_failed_input: fixed-yaw coherent control values","not_run",0,0,0,5334000000,1,1,0,0,0,0
S1,legacy,166,5384000000,0,"invalid_or_failed_input: fixed-yaw coherent control values","not_run",0,0,0,5384000000,1,1,0,0,0,0
S1,legacy,167,5434000000,0,"invalid_or_failed_input: fixed-yaw coherent control values","not_run",0,0,0,5434000000,1,1,0,0,0,0
S1,legacy,168,5484000000,0,"invalid_or_failed_input: fixed-yaw coherent control values","not_run",0,0,0,5484000000,1,1,0,0,0,0
S1,legacy,169,5534000000,0,"invalid_or_failed_input: fixed-yaw coherent control values","not_run",0,0,0,5534000000,1,1,0,0,0,0
S1,legacy,170,5583000000,0,"invalid_or_failed_input: fixed-yaw coherent control values","not_run",0,0,0,5583000000,1,1,0,0,0,0
S1,legacy,171,5634000000,0,"invalid_or_failed_input: fixed-yaw coherent control values","not_run",0,0,0,5634000000,1,1,0,0,0,0
S1,legacy,172,5684000000,0,"invalid_or_failed_input: fixed-yaw coherent control values","not_run",0,0,0,5684000000,1,1,0,0,0,0
S1,legacy,173,5734000000,0,"invalid_or_failed_input: fixed-yaw coherent control values","not_run",0,0,0,5734000000,1,1,0,0,0,0
S1,legacy,174,5784000000,0,"invalid_or_failed_input: fixed-yaw coherent control values","not_run",0,0,0,5784000000,1,1,0,0,0,0
S1,legacy,175,5834000000,0,"invalid_or_failed_input: fixed-yaw coherent control values","not_run",0,0,0,5834000000,1,1,0,0,0,0
S1,legacy,176,5884000000,0,"invalid_or_failed_input: fixed-yaw coherent control values","not_run",0,0,0,5884000000,1,1,0,0,0,0
S1,legacy,177,5934000000,0,"invalid_or_failed_input: fixed-yaw coherent control values","not_run",0,0,0,5934000000,1,1,0,0,0,0
S1,legacy,178,5984000000,0,"invalid_or_failed_input: fixed-yaw coherent control values","not_run",0,0,0,5984000000,1,1,0,0,0,0
S1,legacy,179,6034000000,0,"invalid_or_failed_input: fixed-yaw coherent control values","not_run",0,0,0,6034000000,1,1,0,0,0,0
S1,legacy,180,6084000000,0,"invalid_or_failed_input: fixed-yaw coherent control values","not_run",0,0,0,6084000000,1,1,0,0,0,0
S1,legacy,181,6134000000,0,"invalid_or_failed_input: fixed-yaw coherent control values","not_run",0,0,0,6134000000,1,1,0,0,0,0
S1,legacy,182,6184000000,0,"invalid_or_failed_input: fixed-yaw coherent control values","not_run",0,0,0,6184000000,1,1,0,0,0,0
S1,legacy,183,6234000000,0,"invalid_or_failed_input: fixed-yaw coherent control values","not_run",0,0,0,6234000000,1,1,0,0,0,0
S1,legacy,184,6284000000,0,"invalid_or_failed_input: fixed-yaw coherent control values","not_run",0,0,0,6284000000,1,1,0,0,0,0
S1,legacy,185,6334000000,0,"invalid_or_failed_input: fixed-yaw coherent control values","not_run",0,0,0,6334000000,1,1,0,0,0,0
S1,legacy,186,6384000000,0,"invalid_or_failed_input: fixed-yaw coherent control values","not_run",0,0,0,6384000000,1,1,0,0,0,0
S1,legacy,187,6434000000,0,"invalid_or_failed_input: fixed-yaw coherent control values","not_run",0,0,0,6434000000,1,1,0,0,0,0
S1,legacy,188,6484000000,0,"invalid_or_failed_input: fixed-yaw coherent control values","not_run",0,0,0,6484000000,1,1,0,0,0,0
S1,legacy,189,6534000000,0,"invalid_or_failed_input: fixed-yaw coherent control values","not_run",0,0,0,6534000000,1,1,0,0,0,0
S1,legacy,190,6584000000,0,"invalid_or_failed_input: fixed-yaw coherent control values","not_run",0,0,0,6584000000,1,1,0,0,0,0
S1,legacy,191,6634000000,0,"invalid_or_failed_input: fixed-yaw coherent control values","not_run",0,0,0,6634000000,1,1,0,0,0,0
S1,legacy,192,6684000000,0,"invalid_or_failed_input: fixed-yaw coherent control values","not_run",0,0,0,6684000000,1,1,0,0,0,0
S1,legacy,193,6733000000,0,"invalid_or_failed_input: fixed-yaw coherent control values","not_run",0,0,0,6733000000,1,1,0,0,0,0
S1,legacy,194,6784000000,0,"invalid_or_failed_input: fixed-yaw coherent control values","not_run",0,0,0,6784000000,1,1,0,0,0,0
S1,legacy,195,6834000000,0,"invalid_or_failed_input: fixed-yaw coherent control values","not_run",0,0,0,6834000000,1,1,0,0,0,0
S1,legacy,196,6884000000,0,"invalid_or_failed_input: fixed-yaw coherent control values","not_run",0,0,0,6884000000,1,1,0,0,0,0
S1,legacy,197,6934000000,0,"invalid_or_failed_input: fixed-yaw coherent control values","not_run",0,0,0,6934000000,1,1,0,0,0,0
S1,legacy,198,6984000000,0,"invalid_or_failed_input: fixed-yaw coherent control values","not_run",0,0,0,6984000000,1,1,0,0,0,0
S1,legacy,199,7034000000,0,"invalid_or_failed_input: fixed-yaw coherent control values","not_run",0,0,0,7034000000,1,1,0,0,0,0
S1,legacy,200,7084000000,0,"invalid_or_failed_input: fixed-yaw coherent control values","not_run",0,0,0,7084000000,1,1,0,0,0,0
S1,legacy,201,7134000000,0,"invalid_or_failed_input: fixed-yaw coherent control values","not_run",0,0,0,7134000000,1,1,0,0,0,0
S1,legacy,202,7184000000,0,"invalid_or_failed_input: fixed-yaw coherent control values","not_run",0,0,0,7184000000,1,1,0,0,0,0
S1,legacy,203,7234000000,0,"invalid_or_failed_input: fixed-yaw coherent control values","not_run",0,0,0,7234000000,1,1,0,0,0,0
S1,legacy,204,7283000000,0,"invalid_or_failed_input: fixed-yaw coherent control values","not_run",0,0,0,7283000000,1,1,0,0,0,0
S1,legacy,205,7334000000,0,"invalid_or_failed_input: fixed-yaw coherent control values","not_run",0,0,0,7334000000,1,1,0,0,0,0
S1,legacy,206,7384000000,0,"invalid_or_failed_input: fixed-yaw coherent control values","not_run",0,0,0,7384000000,1,1,0,0,0,0
S1,legacy,207,7433000000,0,"invalid_or_failed_input: fixed-yaw coherent control values","not_run",0,0,0,7433000000,1,1,0,0,0,0
S1,legacy,208,7483000000,0,"invalid_or_failed_input: fixed-yaw coherent control values","not_run",0,0,0,7483000000,1,1,0,0,0,0
S1,legacy,209,7534000000,0,"invalid_or_failed_input: fixed-yaw coherent control values","not_run",0,0,0,7534000000,1,1,0,0,0,0
S1,legacy,210,7584000000,0,"invalid_or_failed_input: fixed-yaw coherent control values","not_run",0,0,0,7584000000,1,1,0,0,0,0
S1,legacy,211,7634000000,0,"invalid_or_failed_input: fixed-yaw coherent control values","not_run",0,0,0,7634000000,1,1,0,0,0,0
S1,legacy,212,7684000000,0,"invalid_or_failed_input: fixed-yaw coherent control values","not_run",0,0,0,7684000000,1,1,0,0,0,0
S1,legacy,213,7734000000,0,"invalid_or_failed_input: fixed-yaw coherent control values","not_run",0,0,0,7734000000,1,1,0,0,0,0
S1,legacy,214,7784000000,0,"invalid_or_failed_input: fixed-yaw coherent control values","not_run",0,0,0,7784000000,1,1,0,0,0,0
S1,legacy,215,7833000000,0,"invalid_or_failed_input: fixed-yaw coherent control values","not_run",0,0,0,7833000000,1,1,0,0,0,0
S1,legacy,216,7884000000,0,"invalid_or_failed_input: fixed-yaw coherent control values","not_run",0,0,0,7884000000,1,1,0,0,0,0
S1,legacy,217,7933000000,0,"invalid_or_failed_input: fixed-yaw coherent control values","not_run",0,0,0,7933000000,1,1,0,0,0,0
S1,legacy,218,7983000000,0,"invalid_or_failed_input: fixed-yaw coherent control values","not_run",0,0,0,7983000000,1,1,0,0,0,0
S1,legacy,219,8033000000,0,"invalid_or_failed_input: fixed-yaw coherent control values","not_run",0,0,0,8033000000,1,1,0,0,0,0
S1,legacy,220,8083000000,0,"invalid_or_failed_input: fixed-yaw coherent control values","not_run",0,0,0,8083000000,1,1,0,0,0,0
S1,legacy,221,8133000000,0,"invalid_or_failed_input: fixed-yaw coherent control values","not_run",0,0,0,8133000000,1,1,0,0,0,0
S1,legacy,222,8183000000,0,"invalid_or_failed_input: fixed-yaw coherent control values","not_run",0,0,0,8183000000,1,1,0,0,0,0
S1,legacy,223,8234000000,0,"invalid_or_failed_input: fixed-yaw coherent control values","not_run",0,0,0,8234000000,1,1,0,0,0,0
S1,legacy,224,8283000000,0,"invalid_or_failed_input: fixed-yaw coherent control values","not_run",0,0,0,8283000000,1,1,0,0,0,0
S1,legacy,225,8334000000,0,"invalid_or_failed_input: fixed-yaw coherent control values","not_run",0,0,0,8334000000,1,1,0,0,0,0
S1,legacy,226,8383000000,0,"invalid_or_failed_input: fixed-yaw coherent control values","not_run",0,0,0,8383000000,1,1,0,0,0,0
S1,legacy,227,8434000000,0,"invalid_or_failed_input: fixed-yaw coherent control values","not_run",0,0,0,8434000000,1,1,0,0,0,0
S1,legacy,228,8483000000,0,"invalid_or_failed_input: fixed-yaw coherent control values","not_run",0,0,0,8483000000,1,1,0,0,0,0
S1,legacy,229,8534000000,0,"invalid_or_failed_input: fixed-yaw coherent control values","not_run",0,0,0,8534000000,1,1,0,0,0,0
S1,legacy,230,8584000000,0,"invalid_or_failed_input: fixed-yaw coherent control values","not_run",0,0,0,8584000000,1,1,0,0,0,0
S1,legacy,231,8634000000,0,"invalid_or_failed_input: fixed-yaw coherent control values","not_run",0,0,0,8634000000,1,1,0,0,0,0
S1,legacy,232,8683000000,0,"invalid_or_failed_input: fixed-yaw coherent control values","not_run",0,0,0,8683000000,1,1,0,0,0,0
S1,legacy,233,8733000000,0,"invalid_or_failed_input: fixed-yaw coherent control values","not_run",0,0,0,8733000000,1,1,0,0,0,0
S1,legacy,234,8783000000,0,"invalid_or_failed_input: fixed-yaw coherent control values","not_run",0,0,0,8783000000,1,1,0,0,0,0
S1,legacy,235,8833000000,0,"invalid_or_failed_input: fixed-yaw coherent control values","not_run",0,0,0,8833000000,1,1,0,0,0,0
S1,legacy,236,8884000000,0,"invalid_or_failed_input: fixed-yaw coherent control values","not_run",0,0,0,8884000000,1,1,0,0,0,0
S1,legacy,237,8934000000,0,"invalid_or_failed_input: fixed-yaw coherent control values","not_run",0,0,0,8934000000,1,1,0,0,0,0
S1,legacy,238,8983000000,0,"invalid_or_failed_input: fixed-yaw coherent control values","not_run",0,0,0,8983000000,1,1,0,0,0,0
S1,legacy,239,9034000000,0,"invalid_or_failed_input: fixed-yaw coherent control values","not_run",0,0,0,9034000000,1,1,0,0,0,0
S1,legacy,240,9083000000,0,"invalid_or_failed_input: fixed-yaw coherent control values","not_run",0,0,0,9083000000,1,1,0,0,0,0
S1,legacy,241,9133000000,0,"invalid_or_failed_input: fixed-yaw coherent control values","not_run",0,0,0,9133000000,1,1,0,0,0,0
S1,legacy,242,9184000000,0,"invalid_or_failed_input: fixed-yaw coherent control values","not_run",0,0,0,9184000000,1,1,0,0,0,0
S1,legacy,243,9234000000,0,"invalid_or_failed_input: fixed-yaw coherent control values","not_run",0,0,0,9234000000,1,1,0,0,0,0
S1,legacy,244,9283000000,0,"invalid_or_failed_input: fixed-yaw coherent control values","not_run",0,0,0,9283000000,1,1,0,0,0,0
S1,legacy,245,9333000000,0,"invalid_or_failed_input: fixed-yaw coherent control values","not_run",0,0,0,9333000000,1,1,0,0,0,0
S1,legacy,246,9384000000,0,"invalid_or_failed_input: fixed-yaw coherent control values","not_run",0,0,0,9384000000,1,1,0,0,0,0
S1,legacy,247,9433000000,0,"invalid_or_failed_input: fixed-yaw coherent control values","not_run",0,0,0,9433000000,1,1,0,0,0,0
S1,legacy,248,9483000000,0,"invalid_or_failed_input: fixed-yaw coherent control values","not_run",0,0,0,9483000000,1,1,0,0,0,0
S1,legacy,249,9533000000,0,"invalid_or_failed_input: fixed-yaw coherent control values","not_run",0,0,0,9533000000,1,1,0,0,0,0
S1,legacy,250,9584000000,0,"invalid_or_failed_input: fixed-yaw coherent control values","not_run",0,0,0,9584000000,1,1,0,0,0,0
S1,legacy,251,9633000000,0,"invalid_or_failed_input: fixed-yaw coherent control values","not_run",0,0,0,9633000000,1,1,0,0,0,0
S1,legacy,252,9684000000,0,"invalid_or_failed_input: fixed-yaw coherent control values","not_run",0,0,0,9684000000,1,1,0,0,0,0
S1,legacy,253,9733000000,0,"invalid_or_failed_input: fixed-yaw coherent control values","not_run",0,0,0,9733000000,1,1,0,0,0,0
S1,legacy,254,9784000000,0,"invalid_or_failed_input: fixed-yaw coherent control values","not_run",0,0,0,9784000000,1,1,0,0,0,0
S1,legacy,255,9834000000,0,"invalid_or_failed_input: fixed-yaw coherent control values","not_run",0,0,0,9834000000,1,1,0,0,0,0
S1,legacy,256,9884000000,0,"invalid_or_failed_input: fixed-yaw coherent control values","not_run",0,0,0,9884000000,1,1,0,0,0,0
S1,legacy,257,9933000000,0,"invalid_or_failed_input: fixed-yaw coherent control values","not_run",0,0,0,9933000000,1,1,0,0,0,0
S1,legacy,258,9984000000,0,"invalid_or_failed_input: fixed-yaw coherent control values","not_run",0,0,0,9984000000,1,1,0,0,0,0
S1,legacy,259,10033000000,0,"invalid_or_failed_input: fixed-yaw coherent control values","not_run",0,0,0,10033000000,1,1,0,0,0,0
S1,legacy,260,10083000000,0,"invalid_or_failed_input: fixed-yaw coherent control values","not_run",0,0,0,10083000000,1,1,0,0,0,0
S1,legacy,261,10133000000,0,"invalid_or_failed_input: fixed-yaw coherent control values","not_run",0,0,0,10133000000,1,1,0,0,0,0
S1,legacy,262,10183000000,0,"invalid_or_failed_input: fixed-yaw coherent control values","not_run",0,0,0,10183000000,1,1,0,0,0,0
S1,legacy,263,10233000000,0,"invalid_or_failed_input: fixed-yaw coherent control values","not_run",0,0,0,10233000000,1,1,0,0,0,0
S1,legacy,264,10283000000,0,"invalid_or_failed_input: fixed-yaw coherent control values","not_run",0,0,0,10283000000,1,1,0,0,0,0
S1,legacy,265,10333000000,0,"invalid_or_failed_input: fixed-yaw coherent control values","not_run",0,0,0,10333000000,1,1,0,0,0,0
S1,legacy,266,10384000000,0,"invalid_or_failed_input: fixed-yaw coherent control values","not_run",0,0,0,10384000000,1,1,0,0,0,0
S1,legacy,267,10433000000,1,"solved_soft_dynamic","solved",90,0,0,10433000000,1,1,0,-0.049368126702011239,0.050000000000000003,0
S1,legacy,268,10483000000,1,"solved_soft_dynamic","solved",90,0,0,10483000000,1,1,0,-0.049660129344164,0.050000000000000003,0
S1,legacy,269,10533000000,1,"solved_soft_dynamic","solved",80,0,0,10533000000,1,1,0,-0.050000000000000003,0.050000000000000003,0
S1,legacy,270,10583000000,1,"solved_soft_dynamic","solved",80,0,0,10583000000,1,1,0,-0.050000000000000003,0.050000000000000003,0
S1,legacy,271,10633000000,1,"solved_soft_dynamic","solved",80,0,0,10633000000,1,1,0,-0.049999999999999996,0.049999999999999989,0
S1,legacy,272,10683000000,1,"solved_soft_dynamic","solved",80,0,0,10683000000,1,1,0,-0.050000000000000003,0.050000000000000003,0
S1,legacy,273,10733000000,1,"solved_soft_dynamic","solved",80,0,0,10733000000,1,1,0,-0.050000000000000003,0.049999999999999996,0
S1,legacy,274,10783000000,1,"solved_soft_dynamic","solved",80,0,0,10783000000,1,1,0,-0.050000000000000003,0.050000000000000003,0
S1,legacy,275,10834000000,1,"solved_soft_dynamic","solved",80,0,0,10834000000,1,1,0,-0.049999999999999996,0.050000000000000003,0
S1,legacy,276,10883000000,1,"solved_soft_dynamic","solved",80,0,0,10883000000,1,1,0,-0.050000000000000003,0.050000000000000003,0
S1,legacy,277,10933000000,1,"solved_soft_dynamic","solved",250,0,0,10933000000,1,1,0,-0.049999999999999989,0.049999999999999989,0
S1,legacy,278,10983000000,1,"solved_soft_dynamic","solved",260,0,0,10983000000,1,1,0,-0.050000000000000003,0.049999999999999989,0
S1,legacy,279,11033000000,1,"solved_soft_dynamic","solved",310,0,0,11033000000,1,1,0,-0.050000000000000003,0.050000000000000003,0
S1,legacy,280,11084000000,1,"solved_soft_dynamic","solved",320,0,0,11084000000,1,1,0,-0.050000000000000003,0.050000000000000003,0
S1,legacy,281,11133000000,1,"solved_soft_dynamic","solved",310,0,0,11133000000,1,1,0,-0.050000000000000003,0.050000000000000003,0
S1,legacy,282,11183000000,1,"solved_soft_dynamic","solved",330,0,0,11183000000,1,1,0,-0.049999999999999996,0.049999999999999996,0
S1,legacy,283,11233000000,1,"solved_soft_dynamic","solved",350,0,0,11233000000,1,1,0,-0.050000000000000003,0.050000000000000003,0
S1,legacy,284,11283000000,1,"solved_soft_dynamic","solved",370,0,0,11283000000,1,1,0,-0.050000000000000003,0.050000000000000003,0
S1,legacy,285,11333000000,1,"solved_soft_dynamic","solved",380,0,0,11333000000,1,1,0,-0.050000000000000003,0.049999999999999989,0
S1,legacy,286,11383000000,1,"solved_soft_dynamic","solved",350,0,0,11383000000,1,1,0,-0.050000000000000003,0.04999996608211664,0
S1,legacy,287,11433000000,1,"solved_soft_dynamic","solved",350,0,0,11433000000,1,1,0,-0.050000000000000003,0.049999963906184983,0
S1,legacy,288,11483000000,1,"solved_soft_dynamic","solved",370,0,0,11483000000,1,1,0,-0.050000000000000003,0.049999972470865302,0
S1,legacy,289,11533000000,1,"solved_soft_dynamic","solved",370,0,0,11533000000,1,1,0,-0.050000000000000003,0.049999970299605727,0
S1,legacy,290,11583000000,1,"solved_soft_dynamic","solved",380,0,0,11583000000,1,1,0,-0.050000000000000003,0.050000000000000003,0
S1,legacy,291,11633000000,1,"solved_soft_dynamic","solved",390,0,0,11633000000,1,1,0,-0.050000000000000003,0.050000000000000003,0
S1,legacy,292,11683000000,1,"solved_soft_dynamic","solved",340,0,0,11683000000,1,1,0,-0.050000000000000003,0.050000000000000003,0
S1,legacy,293,11733000000,1,"solved_soft_dynamic","solved",330,0,0,11733000000,1,1,0,-0.050000000000000003,0.050000000000000003,0
S1,legacy,294,11783000000,1,"solved_soft_dynamic","solved",260,0,0,11783000000,1,1,0,-0.049999999999999996,0.049999999999999996,0
S1,legacy,295,11833000000,1,"solved_soft_dynamic","solved",260,0,0,11833000000,1,1,0,-0.049999999999999989,0.049999999999999989,0
S1,legacy,296,11883000000,1,"solved_soft_dynamic","solved",240,0,0,11883000000,1,1,0,-0.050000000000000003,0.04999995898764182,0
S1,legacy,297,11933000000,1,"solved_soft_dynamic","solved",220,0,0,11933000000,1,1,0,-0.049999996813283015,0.049999978738715471,0
S1,legacy,298,11984000000,1,"solved_soft_dynamic","solved",200,0,0,11984000000,1,1,0,-0.049999995250174206,0.049999971912937195,0
S1,legacy,299,12033000000,1,"solved_soft_dynamic","solved",200,0,0,12033000000,1,1,0,-0.049999995563430683,0.049999975540924543,0
S1,legacy,300,12083000000,1,"solved_soft_dynamic","solved",200,0,0,12083000000,1,1,0,-0.049999995559042811,0.049999978178197617,0
S1,legacy,301,12133000000,1,"solved_soft_dynamic","solved",200,0,0,12133000000,1,1,0,-0.049999995464961276,0.049999979016352732,0
S1,legacy,302,12183000000,1,"solved_soft_dynamic","solved",180,0,0,12183000000,1,1,0,-0.049999994933907034,0.049999983329726536,0
S1,legacy,303,12233000000,1,"solved_soft_dynamic","solved",180,0,0,12233000000,1,1,0,-0.049999996311033225,0.049999989458018992,0
S1,legacy,304,12283000000,1,"solved_soft_dynamic","solved",170,0,0,12283000000,1,1,0,-0.04999999400090159,0.049999997454247901,0
S1,legacy,305,12333000000,1,"solved_soft_dynamic","solved",170,0,0,12333000000,1,1,0,-0.049999994072785554,0.049999996829128479,0
S1,legacy,306,12383000000,1,"solved_soft_dynamic","solved",170,0,0,12383000000,1,1,0,-0.049999993885698521,0.049999995982728931,0
S1,legacy,307,12433000000,1,"solved_soft_dynamic","solved",170,0,0,12433000000,1,1,0,-0.049999993694161582,0.049999995399549607,0
S1,legacy,308,12483000000,1,"solved_soft_dynamic","solved",170,0,0,12483000000,1,1,0,-0.049999993422420258,0.049999994574525218,0
S1,legacy,309,12533000000,1,"solved_soft_dynamic","solved",150,0,0,12533000000,1,1,0,-0.049999993548723254,0.049999999641333212,0
S1,legacy,310,12583000000,0,"solver_not_solved","primal infeasible",40,0,0,12583000000,1,1,0,0,0,0
S1,legacy,311,12633000000,0,"solver_not_solved","primal infeasible",40,0,0,12633000000,1,1,0,0,0,0
S1,legacy,312,12683000000,0,"invalid_or_failed_input: state outside certified static corridor","not_run",0,0,0,12683000000,1,1,0,0,0,0
S1,legacy,313,12733000000,0,"invalid_or_failed_input: state outside certified static corridor","not_run",0,0,0,12733000000,1,1,0,0,0,0
S1,legacy,314,12783000000,0,"invalid_or_failed_input: state outside certified static corridor","not_run",0,0,0,12783000000,1,1,0,0,0,0
S1,legacy,315,12833000000,0,"invalid_or_failed_input: state outside certified static corridor","not_run",0,0,0,12833000000,1,1,0,0,0,0
S1,legacy,316,12883000000,0,"invalid_or_failed_input: state outside certified static corridor","not_run",0,0,0,12883000000,1,1,0,0,0,0
S1,legacy,317,12933000000,0,"invalid_or_failed_input: state outside certified static corridor","not_run",0,0,0,12933000000,1,1,0,0,0,0
S1,legacy,318,12983000000,0,"invalid_or_failed_input: state outside certified static corridor","not_run",0,0,0,12983000000,1,1,0,0,0,0
S1,legacy,319,13033000000,0,"invalid_or_failed_input: state outside certified static corridor","not_run",0,0,0,13033000000,1,1,0,0,0,0
S1,legacy,320,13083000000,0,"invalid_or_failed_input: state outside certified static corridor","not_run",0,0,0,13083000000,1,1,0,0,0,0
S1,legacy,321,13133000000,0,"invalid_or_failed_input: state outside certified static corridor","not_run",0,0,0,13133000000,1,1,0,0,0,0
S1,legacy,322,13183000000,0,"invalid_or_failed_input: state outside certified static corridor","not_run",0,0,0,13183000000,1,1,0,0,0,0
S1,legacy,323,13233000000,0,"invalid_or_failed_input: state outside certified static corridor","not_run",0,0,0,13233000000,1,1,0,0,0,0
S1,legacy,324,13283000000,0,"invalid_or_failed_input: state outside certified static corridor","not_run",0,0,0,13283000000,1,1,0,0,0,0
S1,legacy,325,13333000000,0,"invalid_or_failed_input: state outside certified static corridor","not_run",0,0,0,13333000000,1,1,0,0,0,0
S1,legacy,326,13383000000,0,"invalid_or_failed_input: state outside certified static corridor","not_run",0,0,0,13383000000,1,1,0,0,0,0
S1,legacy,327,13433000000,0,"invalid_or_failed_input: state outside certified static corridor","not_run",0,0,0,13433000000,1,1,0,0,0,0
S1,legacy,328,13483000000,0,"invalid_or_failed_input: state outside certified static corridor","not_run",0,0,0,13483000000,1,1,0,0,0,0
S1,legacy,329,13533000000,0,"invalid_or_failed_input: state outside certified static corridor","not_run",0,0,0,13533000000,1,1,0,0,0,0
S1,legacy,330,13583000000,0,"invalid_or_failed_input: state outside certified static corridor","not_run",0,0,0,13583000000,1,1,0,0,0,0
S1,legacy,331,13633000000,0,"invalid_or_failed_input: state outside certified static corridor","not_run",0,0,0,13633000000,1,1,0,0,0,0
S1,legacy,332,13683000000,0,"invalid_or_failed_input: state outside certified static corridor","not_run",0,0,0,13683000000,1,1,0,0,0,0
S1,legacy,333,13733000000,0,"invalid_or_failed_input: state outside certified static corridor","not_run",0,0,0,13733000000,1,1,0,0,0,0
S1,legacy,334,13783000000,0,"invalid_or_failed_input: state outside certified static corridor","not_run",0,0,0,13783000000,1,1,0,0,0,0
S1,legacy,335,13833000000,0,"invalid_or_failed_input: state outside certified static corridor","not_run",0,0,0,13833000000,1,1,0,0,0,0
S1,legacy,336,13883000000,0,"invalid_or_failed_input: state outside certified static corridor","not_run",0,0,0,13883000000,1,1,0,0,0,0
S1,legacy,337,13933000000,0,"invalid_or_failed_input: state outside certified static corridor","not_run",0,0,0,13933000000,1,1,0,0,0,0
S1,legacy,338,13983000000,0,"invalid_or_failed_input: state outside certified static corridor","not_run",0,0,0,13983000000,1,1,0,0,0,0
S1,legacy,339,14033000000,0,"invalid_or_failed_input: state outside certified static corridor","not_run",0,0,0,14033000000,1,1,0,0,0,0
S1,legacy,340,14083000000,0,"invalid_or_failed_input: state outside certified static corridor","not_run",0,0,0,14083000000,1,1,0,0,0,0
S1,legacy,341,14133000000,0,"invalid_or_failed_input: state outside certified static corridor","not_run",0,0,0,14133000000,1,1,0,0,0,0
S1,legacy,342,14183000000,0,"invalid_or_failed_input: state outside certified static corridor","not_run",0,0,0,14183000000,1,1,0,0,0,0
S1,legacy,343,14233000000,0,"invalid_or_failed_input: state outside certified static corridor","not_run",0,0,0,14233000000,1,1,0,0,0,0
S1,legacy,344,14283000000,0,"invalid_or_failed_input: state outside certified static corridor","not_run",0,0,0,14283000000,1,1,0,0,0,0
S1,legacy,345,14333000000,0,"invalid_or_failed_input: state outside certified static corridor","not_run",0,0,0,14333000000,1,1,0,0,0,0
S1,legacy,346,14383000000,0,"invalid_or_failed_input: state outside certified static corridor","not_run",0,0,0,14383000000,1,1,0,0,0,0
S1,legacy,347,14433000000,0,"invalid_or_failed_input: state outside certified static corridor","not_run",0,0,0,14433000000,1,1,0,0,0,0
S1,legacy,348,14483000000,0,"invalid_or_failed_input: state outside certified static corridor","not_run",0,0,0,14483000000,1,1,0,0,0,0
S1,legacy,349,14533000000,0,"invalid_or_failed_input: state outside certified static corridor","not_run",0,0,0,14533000000,1,1,0,0,0,0
S1,legacy,350,14583000000,0,"invalid_or_failed_input: state outside certified static corridor","not_run",0,0,0,14583000000,1,1,0,0,0,0
S1,legacy,351,14633000000,0,"invalid_or_failed_input: state outside certified static corridor","not_run",0,0,0,14633000000,1,1,0,0,0,0
S1,legacy,352,14683000000,0,"invalid_or_failed_input: state outside certified static corridor","not_run",0,0,0,14683000000,1,1,0,0,0,0
S1,legacy,353,14733000000,0,"invalid_or_failed_input: state outside certified static corridor","not_run",0,0,0,14733000000,1,1,0,0,0,0
S1,legacy,354,14783000000,0,"invalid_or_failed_input: state outside certified static corridor","not_run",0,0,0,14783000000,1,1,0,0,0,0
S1,legacy,355,14833000000,0,"invalid_or_failed_input: state outside certified static corridor","not_run",0,0,0,14833000000,1,1,0,0,0,0
S1,legacy,356,14883000000,0,"invalid_or_failed_input: state outside certified static corridor","not_run",0,0,0,14883000000,1,1,0,0,0,0
S1,legacy,357,14933000000,0,"invalid_or_failed_input: state outside certified static corridor","not_run",0,0,0,14933000000,1,1,0,0,0,0
S1,legacy,358,14983000000,0,"invalid_or_failed_input: state outside certified static corridor","not_run",0,0,0,14983000000,1,1,0,0,0,0
S1,legacy,359,15033000000,0,"invalid_or_failed_input: state outside certified static corridor","not_run",0,0,0,15033000000,1,1,0,0,0,0
S1,legacy,360,15083000000,0,"invalid_or_failed_input: state outside certified static corridor","not_run",0,0,0,15083000000,1,1,0,0,0,0
S1,legacy,361,15133000000,0,"invalid_or_failed_input: state outside certified static corridor","not_run",0,0,0,15133000000,1,1,0,0,0,0
S1,legacy,362,15183000000,0,"invalid_or_failed_input: state outside certified static corridor","not_run",0,0,0,15183000000,1,1,0,0,0,0
S1,legacy,363,15233000000,0,"invalid_or_failed_input: state outside certified static corridor","not_run",0,0,0,15233000000,1,1,0,0,0,0
S1,legacy,364,15283000000,0,"invalid_or_failed_input: state outside certified static corridor","not_run",0,0,0,15283000000,1,1,0,0,0,0
S1,legacy,365,15333000000,0,"invalid_or_failed_input: state outside certified static corridor","not_run",0,0,0,15333000000,1,1,0,0,0,0
S1,legacy,366,15383000000,0,"invalid_or_failed_input: state outside certified static corridor","not_run",0,0,0,15383000000,1,1,0,0,0,0
S1,legacy,367,15433000000,0,"invalid_or_failed_input: state outside certified static corridor","not_run",0,0,0,15433000000,1,1,0,0,0,0
S1,legacy,368,15483000000,0,"invalid_or_failed_input: state outside certified static corridor","not_run",0,0,0,15483000000,1,1,0,0,0,0
S1,legacy,369,15533000000,0,"invalid_or_failed_input: state outside certified static corridor","not_run",0,0,0,15533000000,1,1,0,0,0,0
S1,legacy,370,15583000000,0,"invalid_or_failed_input: state outside certified static corridor","not_run",0,0,0,15583000000,1,1,0,0,0,0
S1,legacy,371,15633000000,0,"invalid_or_failed_input: state outside certified static corridor","not_run",0,0,0,15633000000,1,1,0,0,0,0
S1,legacy,372,15683000000,0,"invalid_or_failed_input: state outside certified static corridor","not_run",0,0,0,15683000000,1,1,0,0,0,0
S1,legacy,373,15733000000,0,"invalid_or_failed_input: state outside certified static corridor","not_run",0,0,0,15733000000,1,1,0,0,0,0
S1,legacy,374,15783000000,0,"invalid_or_failed_input: state outside certified static corridor","not_run",0,0,0,15783000000,1,1,0,0,0,0
S1,legacy,375,15833000000,0,"invalid_or_failed_input: state outside certified static corridor","not_run",0,0,0,15833000000,1,1,0,0,0,0
S1,legacy,376,15883000000,0,"invalid_or_failed_input: state outside certified static corridor","not_run",0,0,0,15883000000,1,1,0,0,0,0
S1,legacy,377,15933000000,0,"invalid_or_failed_input: state outside certified static corridor","not_run",0,0,0,15933000000,1,1,0,0,0,0
S1,legacy,378,15983000000,0,"invalid_or_failed_input: state outside certified static corridor","not_run",0,0,0,15983000000,1,1,0,0,0,0
S1,legacy,379,16033000000,0,"invalid_or_failed_input: state outside certified static corridor","not_run",0,0,0,16033000000,1,1,0,0,0,0
S1,legacy,380,16083000000,0,"invalid_or_failed_input: state outside certified static corridor","not_run",0,0,0,16083000000,1,1,0,0,0,0
S1,legacy,381,16133000000,0,"invalid_or_failed_input: state outside certified static corridor","not_run",0,0,0,16133000000,1,1,0,0,0,0
S1,legacy,382,16183000000,0,"invalid_or_failed_input: state outside certified static corridor","not_run",0,0,0,16183000000,1,1,0,0,0,0
S1,legacy,383,16233000000,0,"invalid_or_failed_input: state outside certified static corridor","not_run",0,0,0,16233000000,1,1,0,0,0,0
S1,legacy,384,16283000000,0,"invalid_or_failed_input: state outside certified static corridor","not_run",0,0,0,16283000000,1,1,0,0,0,0
S1,legacy,385,16333000000,0,"invalid_or_failed_input: state outside certified static corridor","not_run",0,0,0,16333000000,1,1,0,0,0,0
S1,legacy,386,16383000000,0,"invalid_or_failed_input: state outside certified static corridor","not_run",0,0,0,16383000000,1,1,0,0,0,0
S1,legacy,387,16433000000,0,"invalid_or_failed_input: state outside certified static corridor","not_run",0,0,0,16433000000,1,1,0,0,0,0
S1,legacy,388,16483000000,0,"invalid_or_failed_input: state outside certified static corridor","not_run",0,0,0,16483000000,1,1,0,0,0,0
S1,legacy,389,16533000000,0,"invalid_or_failed_input: state outside certified static corridor","not_run",0,0,0,16533000000,1,1,0,0,0,0
S1,legacy,390,16583000000,0,"invalid_or_failed_input: state outside certified static corridor","not_run",0,0,0,16583000000,1,1,0,0,0,0
S1,legacy,391,16633000000,0,"invalid_or_failed_input: state outside certified static corridor","not_run",0,0,0,16633000000,1,1,0,0,0,0
S1,legacy,392,16683000000,0,"invalid_or_failed_input: state outside certified static corridor","not_run",0,0,0,16683000000,1,1,0,0,0,0
S1,legacy,393,16733000000,0,"invalid_or_failed_input: state outside certified static corridor","not_run",0,0,0,16733000000,1,1,0,0,0,0
S1,legacy,394,16783000000,0,"invalid_or_failed_input: state outside certified static corridor","not_run",0,0,0,16783000000,1,1,0,0,0,0
S1,legacy,395,16833000000,0,"invalid_or_failed_input: state outside certified static corridor","not_run",0,0,0,16833000000,1,1,0,0,0,0
S1,legacy,396,16883000000,0,"invalid_or_failed_input: state outside certified static corridor","not_run",0,0,0,16883000000,1,1,0,0,0,0
S1,legacy,397,16933000000,0,"invalid_or_failed_input: state outside certified static corridor","not_run",0,0,0,16933000000,1,1,0,0,0,0
S1,legacy,398,16983000000,0,"invalid_or_failed_input: state outside certified static corridor","not_run",0,0,0,16983000000,1,1,0,0,0,0
S1,legacy,399,17033000000,0,"invalid_or_failed_input: state outside certified static corridor","not_run",0,0,0,17033000000,1,1,0,0,0,0
S1,legacy,400,17083000000,0,"invalid_or_failed_input: state outside certified static corridor","not_run",0,0,0,17083000000,1,1,0,0,0,0
S1,legacy,401,17133000000,0,"invalid_or_failed_input: state outside certified static corridor","not_run",0,0,0,17133000000,1,1,0,0,0,0
S1,legacy,402,17183000000,0,"invalid_or_failed_input: state outside certified static corridor","not_run",0,0,0,17183000000,1,1,0,0,0,0
S1,legacy,403,17233000000,0,"invalid_or_failed_input: state outside certified static corridor","not_run",0,0,0,17233000000,1,1,0,0,0,0
S1,legacy,404,17283000000,0,"invalid_or_failed_input: state outside certified static corridor","not_run",0,0,0,17283000000,1,1,0,0,0,0
S1,legacy,405,17333000000,0,"invalid_or_failed_input: state outside certified static corridor","not_run",0,0,0,17333000000,1,1,0,0,0,0
S1,legacy,406,17383000000,0,"invalid_or_failed_input: state outside certified static corridor","not_run",0,0,0,17383000000,1,1,0,0,0,0
S1,legacy,407,17433000000,0,"invalid_or_failed_input: state outside certified static corridor","not_run",0,0,0,17433000000,1,1,0,0,0,0
S1,legacy,408,17483000000,0,"invalid_or_failed_input: state outside certified static corridor","not_run",0,0,0,17483000000,1,1,0,0,0,0
S1,legacy,409,17533000000,0,"invalid_or_failed_input: state outside certified static corridor","not_run",0,0,0,17533000000,1,1,0,0,0,0
S1,legacy,410,17583000000,0,"invalid_or_failed_input: state outside certified static corridor","not_run",0,0,0,17583000000,1,1,0,0,0,0
S1,legacy,411,17633000000,0,"invalid_or_failed_input: state outside certified static corridor","not_run",0,0,0,17633000000,1,1,0,0,0,0
S1,legacy,412,17683000000,0,"invalid_or_failed_input: state outside certified static corridor","not_run",0,0,0,17683000000,1,1,0,0,0,0
S1,legacy,413,17733000000,0,"invalid_or_failed_input: state outside certified static corridor","not_run",0,0,0,17733000000,1,1,0,0,0,0
S1,legacy,414,17783000000,0,"invalid_or_failed_input: state outside certified static corridor","not_run",0,0,0,17783000000,1,1,0,0,0,0
S1,legacy,415,17833000000,0,"invalid_or_failed_input: state outside certified static corridor","not_run",0,0,0,17833000000,1,1,0,0,0,0
S1,legacy,416,17883000000,0,"invalid_or_failed_input: state outside certified static corridor","not_run",0,0,0,17883000000,1,1,0,0,0,0
S1,legacy,417,17933000000,0,"invalid_or_failed_input: state outside certified static corridor","not_run",0,0,0,17933000000,1,1,0,0,0,0
S1,legacy,418,17983000000,0,"invalid_or_failed_input: state outside certified static corridor","not_run",0,0,0,17983000000,1,1,0,0,0,0
S1,legacy,419,18033000000,0,"invalid_or_failed_input: state outside certified static corridor","not_run",0,0,0,18033000000,1,1,0,0,0,0
S1,legacy,420,18083000000,0,"invalid_or_failed_input: state outside certified static corridor","not_run",0,0,0,18083000000,1,1,0,0,0,0
S1,legacy,421,18133000000,0,"invalid_or_failed_input: state outside certified static corridor","not_run",0,0,0,18133000000,1,1,0,0,0,0
S1,legacy,422,18183000000,0,"invalid_or_failed_input: state outside certified static corridor","not_run",0,0,0,18183000000,1,1,0,0,0,0
S1,legacy,423,18233000000,0,"invalid_or_failed_input: state outside certified static corridor","not_run",0,0,0,18233000000,1,1,0,0,0,0
S1,legacy,424,18283000000,0,"invalid_or_failed_input: state outside certified static corridor","not_run",0,0,0,18283000000,1,1,0,0,0,0
S1,legacy,425,18333000000,0,"invalid_or_failed_input: state outside certified static corridor","not_run",0,0,0,18333000000,1,1,0,0,0,0
S1,legacy,426,18383000000,0,"invalid_or_failed_input: state outside certified static corridor","not_run",0,0,0,18383000000,1,1,0,0,0,0
S1,legacy,427,18433000000,0,"invalid_or_failed_input: state outside certified static corridor","not_run",0,0,0,18433000000,1,1,0,0,0,0
S1,legacy,428,18483000000,0,"invalid_or_failed_input: state outside certified static corridor","not_run",0,0,0,18483000000,1,1,0,0,0,0
S1,legacy,429,18533000000,0,"invalid_or_failed_input: state outside certified static corridor","not_run",0,0,0,18533000000,1,1,0,0,0,0
S1,legacy,430,18583000000,0,"invalid_or_failed_input: state outside certified static corridor","not_run",0,0,0,18583000000,1,1,0,0,0,0
S1,legacy,431,18633000000,0,"invalid_or_failed_input: state outside certified static corridor","not_run",0,0,0,18633000000,1,1,0,0,0,0
S1,legacy,432,18683000000,0,"invalid_or_failed_input: state outside certified static corridor","not_run",0,0,0,18683000000,1,1,0,0,0,0
S1,legacy,433,18733000000,0,"invalid_or_failed_input: state outside certified static corridor","not_run",0,0,0,18733000000,1,1,0,0,0,0
S1,legacy,434,18783000000,0,"invalid_or_failed_input: state outside certified static corridor","not_run",0,0,0,18783000000,1,1,0,0,0,0
S1,legacy,435,18833000000,0,"invalid_or_failed_input: state outside certified static corridor","not_run",0,0,0,18833000000,1,1,0,0,0,0
S1,legacy,436,18883000000,0,"invalid_or_failed_input: state outside certified static corridor","not_run",0,0,0,18883000000,1,1,0,0,0,0
S1,legacy,437,18933000000,0,"invalid_or_failed_input: state outside certified static corridor","not_run",0,0,0,18933000000,1,1,0,0,0,0
S1,legacy,438,18983000000,0,"invalid_or_failed_input: state outside certified static corridor","not_run",0,0,0,18983000000,1,1,0,0,0,0
S1,legacy,439,19033000000,0,"invalid_or_failed_input: state outside certified static corridor","not_run",0,0,0,19033000000,1,1,0,0,0,0
S1,legacy,440,19083000000,0,"invalid_or_failed_input: state outside certified static corridor","not_run",0,0,0,19083000000,1,1,0,0,0,0
S1,legacy,441,19133000000,0,"invalid_or_failed_input: state outside certified static corridor","not_run",0,0,0,19133000000,1,1,0,0,0,0
S1,legacy,442,19183000000,0,"invalid_or_failed_input: state outside certified static corridor","not_run",0,0,0,19183000000,1,1,0,0,0,0
S1,legacy,443,19233000000,0,"invalid_or_failed_input: state outside certified static corridor","not_run",0,0,0,19233000000,1,1,0,0,0,0
S1,legacy,444,19283000000,0,"invalid_or_failed_input: state outside certified static corridor","not_run",0,0,0,19283000000,1,1,0,0,0,0
S1,legacy,445,19333000000,0,"invalid_or_failed_input: state outside certified static corridor","not_run",0,0,0,19333000000,1,1,0,0,0,0
S1,legacy,446,19383000000,0,"invalid_or_failed_input: state outside certified static corridor","not_run",0,0,0,19383000000,1,1,0,0,0,0
S1,legacy,447,19433000000,0,"invalid_or_failed_input: state outside certified static corridor","not_run",0,0,0,19433000000,1,1,0,0,0,0
S1,legacy,448,19483000000,0,"invalid_or_failed_input: state outside certified static corridor","not_run",0,0,0,19483000000,1,1,0,0,0,0
S1,legacy,449,19533000000,0,"invalid_or_failed_input: state outside certified static corridor","not_run",0,0,0,19533000000,1,1,0,0,0,0
S1,legacy,450,19583000000,0,"invalid_or_failed_input: state outside certified static corridor","not_run",0,0,0,19583000000,1,1,0,0,0,0
S1,legacy,451,19633000000,0,"invalid_or_failed_input: state outside certified static corridor","not_run",0,0,0,19633000000,1,1,0,0,0,0
S1,legacy,452,19683000000,0,"invalid_or_failed_input: state outside certified static corridor","not_run",0,0,0,19683000000,1,1,0,0,0,0
S1,legacy,453,19733000000,0,"invalid_or_failed_input: state outside certified static corridor","not_run",0,0,0,19733000000,1,1,0,0,0,0
S1,legacy,454,19782000000,0,"invalid_or_failed_input: state outside certified static corridor","not_run",0,0,0,19782000000,1,1,0,0,0,0
S1,legacy,455,19832000000,0,"invalid_or_failed_input: state outside certified static corridor","not_run",0,0,0,19832000000,1,1,0,0,0,0
S1,legacy,456,19882000000,0,"invalid_or_failed_input: state outside certified static corridor","not_run",0,0,0,19882000000,1,1,0,0,0,0
S1,legacy,457,19932000000,0,"invalid_or_failed_input: state outside certified static corridor","not_run",0,0,0,19932000000,1,1,0,0,0,0
S1,legacy,458,19982000000,0,"invalid_or_failed_input: state outside certified static corridor","not_run",0,0,0,19982000000,1,1,0,0,0,0
S1,legacy,459,20031000000,0,"invalid_or_failed_input: state outside certified static corridor","not_run",0,0,0,20031000000,1,1,0,0,0,0
S1,legacy,460,20082000000,0,"invalid_or_failed_input: state outside certified static corridor","not_run",0,0,0,20082000000,1,1,0,0,0,0
S1,legacy,461,20132000000,0,"invalid_or_failed_input: state outside certified static corridor","not_run",0,0,0,20132000000,1,1,0,0,0,0
S1,legacy,462,20182000000,0,"invalid_or_failed_input: state outside certified static corridor","not_run",0,0,0,20182000000,1,1,0,0,0,0
S1,legacy,463,20232000000,0,"invalid_or_failed_input: state outside certified static corridor","not_run",0,0,0,20232000000,1,1,0,0,0,0
S1,legacy,464,20282000000,0,"invalid_or_failed_input: state outside certified static corridor","not_run",0,0,0,20282000000,1,1,0,0,0,0
S1,legacy,465,20331000000,0,"invalid_or_failed_input: state outside certified static corridor","not_run",0,0,0,20331000000,1,1,0,0,0,0
S1,legacy,466,20382000000,0,"invalid_or_failed_input: state outside certified static corridor","not_run",0,0,0,20382000000,1,1,0,0,0,0
S1,legacy,467,20432000000,0,"invalid_or_failed_input: state outside certified static corridor","not_run",0,0,0,20432000000,1,1,0,0,0,0
S1,legacy,468,20482000000,0,"invalid_or_failed_input: state outside certified static corridor","not_run",0,0,0,20482000000,1,1,0,0,0,0
S1,legacy,469,20532000000,0,"invalid_or_failed_input: state outside certified static corridor","not_run",0,0,0,20532000000,1,1,0,0,0,0
S1,legacy,470,20582000000,0,"invalid_or_failed_input: state outside certified static corridor","not_run",0,0,0,20582000000,1,1,0,0,0,0
S1,legacy,471,20632000000,0,"invalid_or_failed_input: state outside certified static corridor","not_run",0,0,0,20632000000,1,1,0,0,0,0
S1,legacy,472,20682000000,0,"invalid_or_failed_input: state outside certified static corridor","not_run",0,0,0,20682000000,1,1,0,0,0,0
S1,legacy,473,20731000000,0,"invalid_or_failed_input: state outside certified static corridor","not_run",0,0,0,20731000000,1,1,0,0,0,0
S1,legacy,474,20782000000,0,"invalid_or_failed_input: state outside certified static corridor","not_run",0,0,0,20782000000,1,1,0,0,0,0
S1,legacy,475,20832000000,0,"invalid_or_failed_input: state outside certified static corridor","not_run",0,0,0,20832000000,1,1,0,0,0,0
S1,legacy,476,20881000000,0,"invalid_or_failed_input: state outside certified static corridor","not_run",0,0,0,20881000000,1,1,0,0,0,0
S1,legacy,477,20932000000,0,"invalid_or_failed_input: state outside certified static corridor","not_run",0,0,0,20932000000,1,1,0,0,0,0
S1,legacy,478,20982000000,0,"invalid_or_failed_input: state outside certified static corridor","not_run",0,0,0,20982000000,1,1,0,0,0,0
S1,legacy,479,21031000000,0,"invalid_or_failed_input: state outside certified static corridor","not_run",0,0,0,21031000000,1,1,0,0,0,0
S1,legacy,480,21082000000,0,"invalid_or_failed_input: state outside certified static corridor","not_run",0,0,0,21082000000,1,1,0,0,0,0
S1,legacy,481,21132000000,0,"invalid_or_failed_input: state outside certified static corridor","not_run",0,0,0,21132000000,1,1,0,0,0,0
S1,legacy,482,21181000000,0,"invalid_or_failed_input: state outside certified static corridor","not_run",0,0,0,21181000000,1,1,0,0,0,0
S1,legacy,483,21232000000,0,"invalid_or_failed_input: state outside certified static corridor","not_run",0,0,0,21232000000,1,1,0,0,0,0
S1,legacy,484,21282000000,0,"invalid_or_failed_input: state outside certified static corridor","not_run",0,0,0,21282000000,1,1,0,0,0,0
S1,legacy,485,21332000000,0,"invalid_or_failed_input: state outside certified static corridor","not_run",0,0,0,21332000000,1,1,0,0,0,0
S1,legacy,486,21382000000,0,"invalid_or_failed_input: state outside certified static corridor","not_run",0,0,0,21382000000,1,1,0,0,0,0
S1,legacy,487,21432000000,0,"invalid_or_failed_input: state outside certified static corridor","not_run",0,0,0,21432000000,1,1,0,0,0,0
S1,legacy,488,21482000000,0,"invalid_or_failed_input: state outside certified static corridor","not_run",0,0,0,21482000000,1,1,0,0,0,0
S1,legacy,489,21532000000,0,"invalid_or_failed_input: state outside certified static corridor","not_run",0,0,0,21532000000,1,1,0,0,0,0
S1,legacy,490,21582000000,0,"invalid_or_failed_input: state outside certified static corridor","not_run",0,0,0,21582000000,1,1,0,0,0,0
S1,legacy,491,21632000000,0,"invalid_or_failed_input: state outside certified static corridor","not_run",0,0,0,21632000000,1,1,0,0,0,0
S1,legacy,492,21682000000,0,"invalid_or_failed_input: state outside certified static corridor","not_run",0,0,0,21682000000,1,1,0,0,0,0
S1,legacy,493,21731000000,0,"invalid_or_failed_input: state outside certified static corridor","not_run",0,0,0,21731000000,1,1,0,0,0,0
S1,legacy,494,21781000000,0,"invalid_or_failed_input: state outside certified static corridor","not_run",0,0,0,21781000000,1,1,0,0,0,0
S1,legacy,495,21832000000,0,"invalid_or_failed_input: state outside certified static corridor","not_run",0,0,0,21832000000,1,1,0,0,0,0
S1,legacy,496,21881000000,0,"invalid_or_failed_input: state outside certified static corridor","not_run",0,0,0,21881000000,1,1,0,0,0,0
S1,legacy,497,21932000000,0,"invalid_or_failed_input: state outside certified static corridor","not_run",0,0,0,21932000000,1,1,0,0,0,0
S1,legacy,498,21982000000,0,"invalid_or_failed_input: state outside certified static corridor","not_run",0,0,0,21982000000,1,1,0,0,0,0
S1,legacy,499,22031000000,0,"invalid_or_failed_input: state outside certified static corridor","not_run",0,0,0,22031000000,1,1,0,0,0,0
S1,legacy,500,22081000000,0,"invalid_or_failed_input: state outside certified static corridor","not_run",0,0,0,22081000000,1,1,0,0,0,0
S1,legacy,501,22131000000,0,"invalid_or_failed_input: state outside certified static corridor","not_run",0,0,0,22131000000,1,1,0,0,0,0
S1,legacy,502,22182000000,0,"invalid_or_failed_input: state outside certified static corridor","not_run",0,0,0,22182000000,1,1,0,0,0,0
S1,legacy,503,22231000000,0,"invalid_or_failed_input: state outside certified static corridor","not_run",0,0,0,22231000000,1,1,0,0,0,0
S1,legacy,504,22281000000,0,"invalid_or_failed_input: state outside certified static corridor","not_run",0,0,0,22281000000,1,1,0,0,0,0
S1,legacy,505,22331000000,0,"invalid_or_failed_input: state outside certified static corridor","not_run",0,0,0,22331000000,1,1,0,0,0,0
S1,legacy,506,22381000000,0,"invalid_or_failed_input: state outside certified static corridor","not_run",0,0,0,22381000000,1,1,0,0,0,0
S1,legacy,507,22431000000,0,"invalid_or_failed_input: state outside certified static corridor","not_run",0,0,0,22431000000,1,1,0,0,0,0
S1,legacy,508,22482000000,0,"invalid_or_failed_input: state outside certified static corridor","not_run",0,0,0,22482000000,1,1,0,0,0,0
S1,legacy,509,22532000000,0,"invalid_or_failed_input: state outside certified static corridor","not_run",0,0,0,22532000000,1,1,0,0,0,0
S1,legacy,510,22581000000,0,"invalid_or_failed_input: state outside certified static corridor","not_run",0,0,0,22581000000,1,1,0,0,0,0
S1,legacy,511,22631000000,0,"invalid_or_failed_input: state outside certified static corridor","not_run",0,0,0,22631000000,1,1,0,0,0,0
S1,legacy,512,22681000000,0,"invalid_or_failed_input: state outside certified static corridor","not_run",0,0,0,22681000000,1,1,0,0,0,0
S1,legacy,513,22731000000,0,"invalid_or_failed_input: state outside certified static corridor","not_run",0,0,0,22731000000,1,1,0,0,0,0
S1,legacy,514,22782000000,0,"invalid_or_failed_input: state outside certified static corridor","not_run",0,0,0,22782000000,1,1,0,0,0,0
S1,legacy,515,22831000000,0,"invalid_or_failed_input: state outside certified static corridor","not_run",0,0,0,22831000000,1,1,0,0,0,0
S1,legacy,516,22881000000,0,"invalid_or_failed_input: state outside certified static corridor","not_run",0,0,0,22881000000,1,1,0,0,0,0
S1,legacy,517,22932000000,0,"invalid_or_failed_input: state outside certified static corridor","not_run",0,0,0,22932000000,1,1,0,0,0,0
S1,legacy,518,22981000000,0,"invalid_or_failed_input: state outside certified static corridor","not_run",0,0,0,22981000000,1,1,0,0,0,0
S1,legacy,519,23031000000,0,"invalid_or_failed_input: state outside certified static corridor","not_run",0,0,0,23031000000,1,1,0,0,0,0
S1,legacy,520,23081000000,0,"invalid_or_failed_input: state outside certified static corridor","not_run",0,0,0,23081000000,1,1,0,0,0,0
S1,legacy,521,23131000000,0,"invalid_or_failed_input: state outside certified static corridor","not_run",0,0,0,23131000000,1,1,0,0,0,0
S1,legacy,522,23181000000,0,"invalid_or_failed_input: state outside certified static corridor","not_run",0,0,0,23181000000,1,1,0,0,0,0
S1,legacy,523,23231000000,0,"invalid_or_failed_input: state outside certified static corridor","not_run",0,0,0,23231000000,1,1,0,0,0,0
S1,legacy,524,23282000000,0,"invalid_or_failed_input: state outside certified static corridor","not_run",0,0,0,23282000000,1,1,0,0,0,0
S1,legacy,525,23331000000,0,"invalid_or_failed_input: state outside certified static corridor","not_run",0,0,0,23331000000,1,1,0,0,0,0
S1,legacy,526,23381000000,0,"invalid_or_failed_input: state outside certified static corridor","not_run",0,0,0,23381000000,1,1,0,0,0,0
S1,legacy,527,23431000000,0,"invalid_or_failed_input: state outside certified static corridor","not_run",0,0,0,23431000000,1,1,0,0,0,0
S1,separate_seed_warm,82,1184000000,1,"solved_soft_dynamic","solved",130,0,0,1184000000,1,1,0,0.049883053352163524,5.5004124240639278e-05,0
S1,separate_seed_warm,83,1234000000,1,"solved_soft_dynamic","solved",70,0.049883053352163524,5.5004124240639278e-05,1184000000,0,0,1,0.094843290810942088,0.00010582560053556245,0
S1,separate_seed_warm,84,1284000000,1,"solved_soft_dynamic","solved",90,0.094843290810942088,0.00010582560053556245,1234000000,0,0,1,0.13387058016022124,0.00015092572296103703,0
S1,separate_seed_warm,85,1334000000,1,"solved_soft_dynamic","solved",90,0.13387058016022124,0.00015092572296103703,1284000000,0,0,1,0.16774784129399803,0.00019130233168826804,0
S1,separate_seed_warm,86,1384000000,1,"solved_soft_dynamic","solved",90,0.16774784129399803,0.00019130233168826804,1334000000,0,0,1,0.19715467086513533,0.00022709386999049264,0
S1,separate_seed_warm,87,1434000000,0,"invalid_or_failed_input: fixed-yaw coherent control values","not_run",0,0.19715467086513533,0.00022709386999049264,1384000000,0,1,0,0,0,0
S1,separate_seed_warm,88,1484000000,0,"invalid_or_failed_input: fixed-yaw coherent control values","not_run",0,0,0,1484000000,1,1,0,0,0,0
S1,separate_seed_warm,89,1534000000,0,"invalid_or_failed_input: fixed-yaw coherent control values","not_run",0,0,0,1534000000,1,1,0,0,0,0
S1,separate_seed_warm,90,1584000000,0,"invalid_or_failed_input: fixed-yaw coherent control values","not_run",0,0,0,1584000000,1,1,0,0,0,0
S1,separate_seed_warm,91,1634000000,0,"invalid_or_failed_input: fixed-yaw coherent control values","not_run",0,0,0,1634000000,1,1,0,0,0,0
S1,separate_seed_warm,92,1684000000,0,"invalid_or_failed_input: fixed-yaw coherent control values","not_run",0,0,0,1684000000,1,1,0,0,0,0
S1,separate_seed_warm,93,1734000000,0,"invalid_or_failed_input: fixed-yaw coherent control values","not_run",0,0,0,1734000000,1,1,0,0,0,0
S1,separate_seed_warm,94,1784000000,0,"invalid_or_failed_input: fixed-yaw coherent control values","not_run",0,0,0,1784000000,1,1,0,0,0,0
S1,separate_seed_warm,95,1834000000,0,"invalid_or_failed_input: fixed-yaw coherent control values","not_run",0,0,0,1834000000,1,1,0,0,0,0
S1,separate_seed_warm,96,1884000000,0,"invalid_or_failed_input: fixed-yaw coherent control values","not_run",0,0,0,1884000000,1,1,0,0,0,0
S1,separate_seed_warm,97,1934000000,0,"invalid_or_failed_input: fixed-yaw coherent control values","not_run",0,0,0,1934000000,1,1,0,0,0,0
S1,separate_seed_warm,98,1984000000,0,"invalid_or_failed_input: fixed-yaw coherent control values","not_run",0,0,0,1984000000,1,1,0,0,0,0
S1,separate_seed_warm,99,2034000000,0,"invalid_or_failed_input: fixed-yaw coherent control values","not_run",0,0,0,2034000000,1,1,0,0,0,0
S1,separate_seed_warm,100,2084000000,0,"invalid_or_failed_input: fixed-yaw coherent control values","not_run",0,0,0,2084000000,1,1,0,0,0,0
S1,separate_seed_warm,101,2134000000,0,"invalid_or_failed_input: fixed-yaw coherent control values","not_run",0,0,0,2134000000,1,1,0,0,0,0
S1,separate_seed_warm,102,2184000000,0,"invalid_or_failed_input: fixed-yaw coherent control values","not_run",0,0,0,2184000000,1,1,0,0,0,0
S1,separate_seed_warm,103,2234000000,0,"invalid_or_failed_input: fixed-yaw coherent control values","not_run",0,0,0,2234000000,1,1,0,0,0,0
S1,separate_seed_warm,104,2284000000,0,"invalid_or_failed_input: fixed-yaw coherent control values","not_run",0,0,0,2284000000,1,1,0,0,0,0
S1,separate_seed_warm,105,2334000000,0,"invalid_or_failed_input: fixed-yaw coherent control values","not_run",0,0,0,2334000000,1,1,0,0,0,0
S1,separate_seed_warm,106,2384000000,0,"invalid_or_failed_input: fixed-yaw coherent control values","not_run",0,0,0,2384000000,1,1,0,0,0,0
S1,separate_seed_warm,107,2434000000,0,"invalid_or_failed_input: fixed-yaw coherent control values","not_run",0,0,0,2434000000,1,1,0,0,0,0
S1,separate_seed_warm,108,2484000000,0,"invalid_or_failed_input: fixed-yaw coherent control values","not_run",0,0,0,2484000000,1,1,0,0,0,0
S1,separate_seed_warm,109,2534000000,0,"invalid_or_failed_input: fixed-yaw coherent control values","not_run",0,0,0,2534000000,1,1,0,0,0,0
S1,separate_seed_warm,110,2583000000,0,"invalid_or_failed_input: fixed-yaw coherent control values","not_run",0,0,0,2583000000,1,1,0,0,0,0
S1,separate_seed_warm,111,2634000000,0,"invalid_or_failed_input: fixed-yaw coherent control values","not_run",0,0,0,2634000000,1,1,0,0,0,0
S1,separate_seed_warm,112,2684000000,0,"invalid_or_failed_input: fixed-yaw coherent control values","not_run",0,0,0,2684000000,1,1,0,0,0,0
S1,separate_seed_warm,113,2734000000,0,"invalid_or_failed_input: fixed-yaw coherent control values","not_run",0,0,0,2734000000,1,1,0,0,0,0
S1,separate_seed_warm,114,2784000000,0,"invalid_or_failed_input: fixed-yaw coherent control values","not_run",0,0,0,2784000000,1,1,0,0,0,0
S1,separate_seed_warm,115,2834000000,0,"invalid_or_failed_input: fixed-yaw coherent control values","not_run",0,0,0,2834000000,1,1,0,0,0,0
S1,separate_seed_warm,116,2884000000,0,"invalid_or_failed_input: fixed-yaw coherent control values","not_run",0,0,0,2884000000,1,1,0,0,0,0
S1,separate_seed_warm,117,2934000000,0,"invalid_or_failed_input: fixed-yaw coherent control values","not_run",0,0,0,2934000000,1,1,0,0,0,0
S1,separate_seed_warm,118,2984000000,0,"invalid_or_failed_input: fixed-yaw coherent control values","not_run",0,0,0,2984000000,1,1,0,0,0,0
S1,separate_seed_warm,119,3034000000,0,"invalid_or_failed_input: fixed-yaw coherent control values","not_run",0,0,0,3034000000,1,1,0,0,0,0
S1,separate_seed_warm,120,3084000000,0,"invalid_or_failed_input: fixed-yaw coherent control values","not_run",0,0,0,3084000000,1,1,0,0,0,0
S1,separate_seed_warm,121,3134000000,0,"invalid_or_failed_input: fixed-yaw coherent control values","not_run",0,0,0,3134000000,1,1,0,0,0,0
S1,separate_seed_warm,122,3184000000,0,"invalid_or_failed_input: fixed-yaw coherent control values","not_run",0,0,0,3184000000,1,1,0,0,0,0
S1,separate_seed_warm,123,3234000000,0,"invalid_or_failed_input: fixed-yaw coherent control values","not_run",0,0,0,3234000000,1,1,0,0,0,0
S1,separate_seed_warm,124,3284000000,0,"invalid_or_failed_input: fixed-yaw coherent control values","not_run",0,0,0,3284000000,1,1,0,0,0,0
S1,separate_seed_warm,125,3334000000,0,"invalid_or_failed_input: fixed-yaw coherent control values","not_run",0,0,0,3334000000,1,1,0,0,0,0
S1,separate_seed_warm,126,3384000000,0,"invalid_or_failed_input: fixed-yaw coherent control values","not_run",0,0,0,3384000000,1,1,0,0,0,0
S1,separate_seed_warm,127,3434000000,0,"invalid_or_failed_input: fixed-yaw coherent control values","not_run",0,0,0,3434000000,1,1,0,0,0,0
S1,separate_seed_warm,128,3484000000,0,"invalid_or_failed_input: fixed-yaw coherent control values","not_run",0,0,0,3484000000,1,1,0,0,0,0
S1,separate_seed_warm,129,3534000000,0,"invalid_or_failed_input: fixed-yaw coherent control values","not_run",0,0,0,3534000000,1,1,0,0,0,0
S1,separate_seed_warm,130,3584000000,0,"invalid_or_failed_input: fixed-yaw coherent control values","not_run",0,0,0,3584000000,1,1,0,0,0,0
S1,separate_seed_warm,131,3634000000,0,"invalid_or_failed_input: fixed-yaw coherent control values","not_run",0,0,0,3634000000,1,1,0,0,0,0
S1,separate_seed_warm,132,3684000000,0,"invalid_or_failed_input: fixed-yaw coherent control values","not_run",0,0,0,3684000000,1,1,0,0,0,0
S1,separate_seed_warm,133,3734000000,0,"invalid_or_failed_input: fixed-yaw coherent control values","not_run",0,0,0,3734000000,1,1,0,0,0,0
S1,separate_seed_warm,134,3784000000,0,"invalid_or_failed_input: fixed-yaw coherent control values","not_run",0,0,0,3784000000,1,1,0,0,0,0
S1,separate_seed_warm,135,3834000000,0,"invalid_or_failed_input: fixed-yaw coherent control values","not_run",0,0,0,3834000000,1,1,0,0,0,0
S1,separate_seed_warm,136,3884000000,0,"invalid_or_failed_input: fixed-yaw coherent control values","not_run",0,0,0,3884000000,1,1,0,0,0,0
S1,separate_seed_warm,137,3934000000,0,"invalid_or_failed_input: fixed-yaw coherent control values","not_run",0,0,0,3934000000,1,1,0,0,0,0
S1,separate_seed_warm,138,3984000000,0,"invalid_or_failed_input: fixed-yaw coherent control values","not_run",0,0,0,3984000000,1,1,0,0,0,0
S1,separate_seed_warm,139,4034000000,0,"invalid_or_failed_input: fixed-yaw coherent control values","not_run",0,0,0,4034000000,1,1,0,0,0,0
S1,separate_seed_warm,140,4084000000,0,"invalid_or_failed_input: fixed-yaw coherent control values","not_run",0,0,0,4084000000,1,1,0,0,0,0
S1,separate_seed_warm,141,4134000000,0,"invalid_or_failed_input: fixed-yaw coherent control values","not_run",0,0,0,4134000000,1,1,0,0,0,0
S1,separate_seed_warm,142,4183000000,0,"invalid_or_failed_input: fixed-yaw coherent control values","not_run",0,0,0,4183000000,1,1,0,0,0,0
S1,separate_seed_warm,143,4234000000,0,"invalid_or_failed_input: fixed-yaw coherent control values","not_run",0,0,0,4234000000,1,1,0,0,0,0
S1,separate_seed_warm,144,4284000000,0,"invalid_or_failed_input: fixed-yaw coherent control values","not_run",0,0,0,4284000000,1,1,0,0,0,0
S1,separate_seed_warm,145,4334000000,0,"invalid_or_failed_input: fixed-yaw coherent control values","not_run",0,0,0,4334000000,1,1,0,0,0,0
S1,separate_seed_warm,146,4384000000,0,"invalid_or_failed_input: fixed-yaw coherent control values","not_run",0,0,0,4384000000,1,1,0,0,0,0
S1,separate_seed_warm,147,4434000000,0,"invalid_or_failed_input: fixed-yaw coherent control values","not_run",0,0,0,4434000000,1,1,0,0,0,0
S1,separate_seed_warm,148,4484000000,0,"invalid_or_failed_input: fixed-yaw coherent control values","not_run",0,0,0,4484000000,1,1,0,0,0,0
S1,separate_seed_warm,149,4534000000,0,"invalid_or_failed_input: fixed-yaw coherent control values","not_run",0,0,0,4534000000,1,1,0,0,0,0
S1,separate_seed_warm,150,4584000000,0,"invalid_or_failed_input: fixed-yaw coherent control values","not_run",0,0,0,4584000000,1,1,0,0,0,0
S1,separate_seed_warm,151,4634000000,0,"invalid_or_failed_input: fixed-yaw coherent control values","not_run",0,0,0,4634000000,1,1,0,0,0,0
S1,separate_seed_warm,152,4684000000,0,"invalid_or_failed_input: fixed-yaw coherent control values","not_run",0,0,0,4684000000,1,1,0,0,0,0
S1,separate_seed_warm,153,4734000000,0,"invalid_or_failed_input: fixed-yaw coherent control values","not_run",0,0,0,4734000000,1,1,0,0,0,0
S1,separate_seed_warm,154,4784000000,0,"invalid_or_failed_input: fixed-yaw coherent control values","not_run",0,0,0,4784000000,1,1,0,0,0,0
S1,separate_seed_warm,155,4834000000,0,"invalid_or_failed_input: fixed-yaw coherent control values","not_run",0,0,0,4834000000,1,1,0,0,0,0
S1,separate_seed_warm,156,4884000000,0,"invalid_or_failed_input: fixed-yaw coherent control values","not_run",0,0,0,4884000000,1,1,0,0,0,0
S1,separate_seed_warm,157,4934000000,0,"invalid_or_failed_input: fixed-yaw coherent control values","not_run",0,0,0,4934000000,1,1,0,0,0,0
S1,separate_seed_warm,158,4984000000,0,"invalid_or_failed_input: fixed-yaw coherent control values","not_run",0,0,0,4984000000,1,1,0,0,0,0
S1,separate_seed_warm,159,5034000000,0,"invalid_or_failed_input: fixed-yaw coherent control values","not_run",0,0,0,5034000000,1,1,0,0,0,0
S1,separate_seed_warm,160,5083000000,0,"invalid_or_failed_input: fixed-yaw coherent control values","not_run",0,0,0,5083000000,1,1,0,0,0,0
S1,separate_seed_warm,161,5134000000,0,"invalid_or_failed_input: fixed-yaw coherent control values","not_run",0,0,0,5134000000,1,1,0,0,0,0
S1,separate_seed_warm,162,5184000000,0,"invalid_or_failed_input: fixed-yaw coherent control values","not_run",0,0,0,5184000000,1,1,0,0,0,0
S1,separate_seed_warm,163,5234000000,0,"invalid_or_failed_input: fixed-yaw coherent control values","not_run",0,0,0,5234000000,1,1,0,0,0,0
S1,separate_seed_warm,164,5284000000,0,"invalid_or_failed_input: fixed-yaw coherent control values","not_run",0,0,0,5284000000,1,1,0,0,0,0
S1,separate_seed_warm,165,5334000000,0,"invalid_or_failed_input: fixed-yaw coherent control values","not_run",0,0,0,5334000000,1,1,0,0,0,0
S1,separate_seed_warm,166,5384000000,0,"invalid_or_failed_input: fixed-yaw coherent control values","not_run",0,0,0,5384000000,1,1,0,0,0,0
S1,separate_seed_warm,167,5434000000,0,"invalid_or_failed_input: fixed-yaw coherent control values","not_run",0,0,0,5434000000,1,1,0,0,0,0
S1,separate_seed_warm,168,5484000000,0,"invalid_or_failed_input: fixed-yaw coherent control values","not_run",0,0,0,5484000000,1,1,0,0,0,0
S1,separate_seed_warm,169,5534000000,0,"invalid_or_failed_input: fixed-yaw coherent control values","not_run",0,0,0,5534000000,1,1,0,0,0,0
S1,separate_seed_warm,170,5583000000,0,"invalid_or_failed_input: fixed-yaw coherent control values","not_run",0,0,0,5583000000,1,1,0,0,0,0
S1,separate_seed_warm,171,5634000000,0,"invalid_or_failed_input: fixed-yaw coherent control values","not_run",0,0,0,5634000000,1,1,0,0,0,0
S1,separate_seed_warm,172,5684000000,0,"invalid_or_failed_input: fixed-yaw coherent control values","not_run",0,0,0,5684000000,1,1,0,0,0,0
S1,separate_seed_warm,173,5734000000,0,"invalid_or_failed_input: fixed-yaw coherent control values","not_run",0,0,0,5734000000,1,1,0,0,0,0
S1,separate_seed_warm,174,5784000000,0,"invalid_or_failed_input: fixed-yaw coherent control values","not_run",0,0,0,5784000000,1,1,0,0,0,0
S1,separate_seed_warm,175,5834000000,0,"invalid_or_failed_input: fixed-yaw coherent control values","not_run",0,0,0,5834000000,1,1,0,0,0,0
S1,separate_seed_warm,176,5884000000,0,"invalid_or_failed_input: fixed-yaw coherent control values","not_run",0,0,0,5884000000,1,1,0,0,0,0
S1,separate_seed_warm,177,5934000000,0,"invalid_or_failed_input: fixed-yaw coherent control values","not_run",0,0,0,5934000000,1,1,0,0,0,0
S1,separate_seed_warm,178,5984000000,0,"invalid_or_failed_input: fixed-yaw coherent control values","not_run",0,0,0,5984000000,1,1,0,0,0,0
S1,separate_seed_warm,179,6034000000,0,"invalid_or_failed_input: fixed-yaw coherent control values","not_run",0,0,0,6034000000,1,1,0,0,0,0
S1,separate_seed_warm,180,6084000000,0,"invalid_or_failed_input: fixed-yaw coherent control values","not_run",0,0,0,6084000000,1,1,0,0,0,0
S1,separate_seed_warm,181,6134000000,0,"invalid_or_failed_input: fixed-yaw coherent control values","not_run",0,0,0,6134000000,1,1,0,0,0,0
S1,separate_seed_warm,182,6184000000,0,"invalid_or_failed_input: fixed-yaw coherent control values","not_run",0,0,0,6184000000,1,1,0,0,0,0
S1,separate_seed_warm,183,6234000000,0,"invalid_or_failed_input: fixed-yaw coherent control values","not_run",0,0,0,6234000000,1,1,0,0,0,0
S1,separate_seed_warm,184,6284000000,0,"invalid_or_failed_input: fixed-yaw coherent control values","not_run",0,0,0,6284000000,1,1,0,0,0,0
S1,separate_seed_warm,185,6334000000,0,"invalid_or_failed_input: fixed-yaw coherent control values","not_run",0,0,0,6334000000,1,1,0,0,0,0
S1,separate_seed_warm,186,6384000000,0,"invalid_or_failed_input: fixed-yaw coherent control values","not_run",0,0,0,6384000000,1,1,0,0,0,0
S1,separate_seed_warm,187,6434000000,0,"invalid_or_failed_input: fixed-yaw coherent control values","not_run",0,0,0,6434000000,1,1,0,0,0,0
S1,separate_seed_warm,188,6484000000,0,"invalid_or_failed_input: fixed-yaw coherent control values","not_run",0,0,0,6484000000,1,1,0,0,0,0
S1,separate_seed_warm,189,6534000000,0,"invalid_or_failed_input: fixed-yaw coherent control values","not_run",0,0,0,6534000000,1,1,0,0,0,0
S1,separate_seed_warm,190,6584000000,0,"invalid_or_failed_input: fixed-yaw coherent control values","not_run",0,0,0,6584000000,1,1,0,0,0,0
S1,separate_seed_warm,191,6634000000,0,"invalid_or_failed_input: fixed-yaw coherent control values","not_run",0,0,0,6634000000,1,1,0,0,0,0
S1,separate_seed_warm,192,6684000000,0,"invalid_or_failed_input: fixed-yaw coherent control values","not_run",0,0,0,6684000000,1,1,0,0,0,0
S1,separate_seed_warm,193,6733000000,0,"invalid_or_failed_input: fixed-yaw coherent control values","not_run",0,0,0,6733000000,1,1,0,0,0,0
S1,separate_seed_warm,194,6784000000,0,"invalid_or_failed_input: fixed-yaw coherent control values","not_run",0,0,0,6784000000,1,1,0,0,0,0
S1,separate_seed_warm,195,6834000000,0,"invalid_or_failed_input: fixed-yaw coherent control values","not_run",0,0,0,6834000000,1,1,0,0,0,0
S1,separate_seed_warm,196,6884000000,0,"invalid_or_failed_input: fixed-yaw coherent control values","not_run",0,0,0,6884000000,1,1,0,0,0,0
S1,separate_seed_warm,197,6934000000,0,"invalid_or_failed_input: fixed-yaw coherent control values","not_run",0,0,0,6934000000,1,1,0,0,0,0
S1,separate_seed_warm,198,6984000000,0,"invalid_or_failed_input: fixed-yaw coherent control values","not_run",0,0,0,6984000000,1,1,0,0,0,0
S1,separate_seed_warm,199,7034000000,0,"invalid_or_failed_input: fixed-yaw coherent control values","not_run",0,0,0,7034000000,1,1,0,0,0,0
S1,separate_seed_warm,200,7084000000,0,"invalid_or_failed_input: fixed-yaw coherent control values","not_run",0,0,0,7084000000,1,1,0,0,0,0
S1,separate_seed_warm,201,7134000000,0,"invalid_or_failed_input: fixed-yaw coherent control values","not_run",0,0,0,7134000000,1,1,0,0,0,0
S1,separate_seed_warm,202,7184000000,0,"invalid_or_failed_input: fixed-yaw coherent control values","not_run",0,0,0,7184000000,1,1,0,0,0,0
S1,separate_seed_warm,203,7234000000,0,"invalid_or_failed_input: fixed-yaw coherent control values","not_run",0,0,0,7234000000,1,1,0,0,0,0
S1,separate_seed_warm,204,7283000000,0,"invalid_or_failed_input: fixed-yaw coherent control values","not_run",0,0,0,7283000000,1,1,0,0,0,0
S1,separate_seed_warm,205,7334000000,0,"invalid_or_failed_input: fixed-yaw coherent control values","not_run",0,0,0,7334000000,1,1,0,0,0,0
S1,separate_seed_warm,206,7384000000,0,"invalid_or_failed_input: fixed-yaw coherent control values","not_run",0,0,0,7384000000,1,1,0,0,0,0
S1,separate_seed_warm,207,7433000000,0,"invalid_or_failed_input: fixed-yaw coherent control values","not_run",0,0,0,7433000000,1,1,0,0,0,0
S1,separate_seed_warm,208,7483000000,0,"invalid_or_failed_input: fixed-yaw coherent control values","not_run",0,0,0,7483000000,1,1,0,0,0,0
S1,separate_seed_warm,209,7534000000,0,"invalid_or_failed_input: fixed-yaw coherent control values","not_run",0,0,0,7534000000,1,1,0,0,0,0
S1,separate_seed_warm,210,7584000000,0,"invalid_or_failed_input: fixed-yaw coherent control values","not_run",0,0,0,7584000000,1,1,0,0,0,0
S1,separate_seed_warm,211,7634000000,0,"invalid_or_failed_input: fixed-yaw coherent control values","not_run",0,0,0,7634000000,1,1,0,0,0,0
S1,separate_seed_warm,212,7684000000,0,"invalid_or_failed_input: fixed-yaw coherent control values","not_run",0,0,0,7684000000,1,1,0,0,0,0
S1,separate_seed_warm,213,7734000000,0,"invalid_or_failed_input: fixed-yaw coherent control values","not_run",0,0,0,7734000000,1,1,0,0,0,0
S1,separate_seed_warm,214,7784000000,0,"invalid_or_failed_input: fixed-yaw coherent control values","not_run",0,0,0,7784000000,1,1,0,0,0,0
S1,separate_seed_warm,215,7833000000,0,"invalid_or_failed_input: fixed-yaw coherent control values","not_run",0,0,0,7833000000,1,1,0,0,0,0
S1,separate_seed_warm,216,7884000000,0,"invalid_or_failed_input: fixed-yaw coherent control values","not_run",0,0,0,7884000000,1,1,0,0,0,0
S1,separate_seed_warm,217,7933000000,0,"invalid_or_failed_input: fixed-yaw coherent control values","not_run",0,0,0,7933000000,1,1,0,0,0,0
S1,separate_seed_warm,218,7983000000,0,"invalid_or_failed_input: fixed-yaw coherent control values","not_run",0,0,0,7983000000,1,1,0,0,0,0
S1,separate_seed_warm,219,8033000000,0,"invalid_or_failed_input: fixed-yaw coherent control values","not_run",0,0,0,8033000000,1,1,0,0,0,0
S1,separate_seed_warm,220,8083000000,0,"invalid_or_failed_input: fixed-yaw coherent control values","not_run",0,0,0,8083000000,1,1,0,0,0,0
S1,separate_seed_warm,221,8133000000,0,"invalid_or_failed_input: fixed-yaw coherent control values","not_run",0,0,0,8133000000,1,1,0,0,0,0
S1,separate_seed_warm,222,8183000000,0,"invalid_or_failed_input: fixed-yaw coherent control values","not_run",0,0,0,8183000000,1,1,0,0,0,0
S1,separate_seed_warm,223,8234000000,0,"invalid_or_failed_input: fixed-yaw coherent control values","not_run",0,0,0,8234000000,1,1,0,0,0,0
S1,separate_seed_warm,224,8283000000,0,"invalid_or_failed_input: fixed-yaw coherent control values","not_run",0,0,0,8283000000,1,1,0,0,0,0
S1,separate_seed_warm,225,8334000000,0,"invalid_or_failed_input: fixed-yaw coherent control values","not_run",0,0,0,8334000000,1,1,0,0,0,0
S1,separate_seed_warm,226,8383000000,0,"invalid_or_failed_input: fixed-yaw coherent control values","not_run",0,0,0,8383000000,1,1,0,0,0,0
S1,separate_seed_warm,227,8434000000,0,"invalid_or_failed_input: fixed-yaw coherent control values","not_run",0,0,0,8434000000,1,1,0,0,0,0
S1,separate_seed_warm,228,8483000000,0,"invalid_or_failed_input: fixed-yaw coherent control values","not_run",0,0,0,8483000000,1,1,0,0,0,0
S1,separate_seed_warm,229,8534000000,0,"invalid_or_failed_input: fixed-yaw coherent control values","not_run",0,0,0,8534000000,1,1,0,0,0,0
S1,separate_seed_warm,230,8584000000,0,"invalid_or_failed_input: fixed-yaw coherent control values","not_run",0,0,0,8584000000,1,1,0,0,0,0
S1,separate_seed_warm,231,8634000000,0,"invalid_or_failed_input: fixed-yaw coherent control values","not_run",0,0,0,8634000000,1,1,0,0,0,0
S1,separate_seed_warm,232,8683000000,0,"invalid_or_failed_input: fixed-yaw coherent control values","not_run",0,0,0,8683000000,1,1,0,0,0,0
S1,separate_seed_warm,233,8733000000,0,"invalid_or_failed_input: fixed-yaw coherent control values","not_run",0,0,0,8733000000,1,1,0,0,0,0
S1,separate_seed_warm,234,8783000000,0,"invalid_or_failed_input: fixed-yaw coherent control values","not_run",0,0,0,8783000000,1,1,0,0,0,0
S1,separate_seed_warm,235,8833000000,0,"invalid_or_failed_input: fixed-yaw coherent control values","not_run",0,0,0,8833000000,1,1,0,0,0,0
S1,separate_seed_warm,236,8884000000,0,"invalid_or_failed_input: fixed-yaw coherent control values","not_run",0,0,0,8884000000,1,1,0,0,0,0
S1,separate_seed_warm,237,8934000000,0,"invalid_or_failed_input: fixed-yaw coherent control values","not_run",0,0,0,8934000000,1,1,0,0,0,0
S1,separate_seed_warm,238,8983000000,0,"invalid_or_failed_input: fixed-yaw coherent control values","not_run",0,0,0,8983000000,1,1,0,0,0,0
S1,separate_seed_warm,239,9034000000,0,"invalid_or_failed_input: fixed-yaw coherent control values","not_run",0,0,0,9034000000,1,1,0,0,0,0
S1,separate_seed_warm,240,9083000000,0,"invalid_or_failed_input: fixed-yaw coherent control values","not_run",0,0,0,9083000000,1,1,0,0,0,0
S1,separate_seed_warm,241,9133000000,0,"invalid_or_failed_input: fixed-yaw coherent control values","not_run",0,0,0,9133000000,1,1,0,0,0,0
S1,separate_seed_warm,242,9184000000,0,"invalid_or_failed_input: fixed-yaw coherent control values","not_run",0,0,0,9184000000,1,1,0,0,0,0
S1,separate_seed_warm,243,9234000000,0,"invalid_or_failed_input: fixed-yaw coherent control values","not_run",0,0,0,9234000000,1,1,0,0,0,0
S1,separate_seed_warm,244,9283000000,0,"invalid_or_failed_input: fixed-yaw coherent control values","not_run",0,0,0,9283000000,1,1,0,0,0,0
S1,separate_seed_warm,245,9333000000,0,"invalid_or_failed_input: fixed-yaw coherent control values","not_run",0,0,0,9333000000,1,1,0,0,0,0
S1,separate_seed_warm,246,9384000000,0,"invalid_or_failed_input: fixed-yaw coherent control values","not_run",0,0,0,9384000000,1,1,0,0,0,0
S1,separate_seed_warm,247,9433000000,0,"invalid_or_failed_input: fixed-yaw coherent control values","not_run",0,0,0,9433000000,1,1,0,0,0,0
S1,separate_seed_warm,248,9483000000,0,"invalid_or_failed_input: fixed-yaw coherent control values","not_run",0,0,0,9483000000,1,1,0,0,0,0
S1,separate_seed_warm,249,9533000000,0,"invalid_or_failed_input: fixed-yaw coherent control values","not_run",0,0,0,9533000000,1,1,0,0,0,0
S1,separate_seed_warm,250,9584000000,0,"invalid_or_failed_input: fixed-yaw coherent control values","not_run",0,0,0,9584000000,1,1,0,0,0,0
S1,separate_seed_warm,251,9633000000,0,"invalid_or_failed_input: fixed-yaw coherent control values","not_run",0,0,0,9633000000,1,1,0,0,0,0
S1,separate_seed_warm,252,9684000000,0,"invalid_or_failed_input: fixed-yaw coherent control values","not_run",0,0,0,9684000000,1,1,0,0,0,0
S1,separate_seed_warm,253,9733000000,0,"invalid_or_failed_input: fixed-yaw coherent control values","not_run",0,0,0,9733000000,1,1,0,0,0,0
S1,separate_seed_warm,254,9784000000,0,"invalid_or_failed_input: fixed-yaw coherent control values","not_run",0,0,0,9784000000,1,1,0,0,0,0
S1,separate_seed_warm,255,9834000000,0,"invalid_or_failed_input: fixed-yaw coherent control values","not_run",0,0,0,9834000000,1,1,0,0,0,0
S1,separate_seed_warm,256,9884000000,0,"invalid_or_failed_input: fixed-yaw coherent control values","not_run",0,0,0,9884000000,1,1,0,0,0,0
S1,separate_seed_warm,257,9933000000,0,"invalid_or_failed_input: fixed-yaw coherent control values","not_run",0,0,0,9933000000,1,1,0,0,0,0
S1,separate_seed_warm,258,9984000000,0,"invalid_or_failed_input: fixed-yaw coherent control values","not_run",0,0,0,9984000000,1,1,0,0,0,0
S1,separate_seed_warm,259,10033000000,0,"invalid_or_failed_input: fixed-yaw coherent control values","not_run",0,0,0,10033000000,1,1,0,0,0,0
S1,separate_seed_warm,260,10083000000,0,"invalid_or_failed_input: fixed-yaw coherent control values","not_run",0,0,0,10083000000,1,1,0,0,0,0
S1,separate_seed_warm,261,10133000000,0,"invalid_or_failed_input: fixed-yaw coherent control values","not_run",0,0,0,10133000000,1,1,0,0,0,0
S1,separate_seed_warm,262,10183000000,0,"invalid_or_failed_input: fixed-yaw coherent control values","not_run",0,0,0,10183000000,1,1,0,0,0,0
S1,separate_seed_warm,263,10233000000,0,"invalid_or_failed_input: fixed-yaw coherent control values","not_run",0,0,0,10233000000,1,1,0,0,0,0
S1,separate_seed_warm,264,10283000000,0,"invalid_or_failed_input: fixed-yaw coherent control values","not_run",0,0,0,10283000000,1,1,0,0,0,0
S1,separate_seed_warm,265,10333000000,0,"invalid_or_failed_input: fixed-yaw coherent control values","not_run",0,0,0,10333000000,1,1,0,0,0,0
S1,separate_seed_warm,266,10384000000,0,"invalid_or_failed_input: fixed-yaw coherent control values","not_run",0,0,0,10384000000,1,1,0,0,0,0
S1,separate_seed_warm,267,10433000000,1,"solved_soft_dynamic","solved",90,0,0,10433000000,1,1,0,-0.049368126702011239,0.050000000000000003,0
S1,separate_seed_warm,268,10483000000,1,"solved_soft_dynamic","solved",80,-0.049368126702011239,0.050000000000000003,10433000000,0,1,0,-0.089600543725152304,0.099999999999999978,0
S1,separate_seed_warm,269,10533000000,1,"solved_soft_dynamic","solved",90,-0.089600543725152304,0.099999999999999978,10483000000,0,1,0,-0.12320244071593837,0.14999999999999997,0
S1,separate_seed_warm,270,10583000000,1,"solved_soft_dynamic","solved",100,-0.12320244071593837,0.14999999999999997,10533000000,0,1,0,-0.15099196357775632,0.19988253313480892,0
S1,separate_seed_warm,271,10633000000,1,"solved_soft_dynamic","solved",100,-0.15099196357775632,0.19988253313480892,10583000000,0,1,0,-0.175230570596452,0.24464667155548123,0
S1,separate_seed_warm,272,10683000000,1,"solved_soft_dynamic","solved",100,-0.175230570596452,0.24464667155548123,10633000000,0,1,0,-0.19567121764380099,0.28422463257902725,0
S1,separate_seed_warm,273,10733000000,1,"solved_soft_dynamic","solved",100,-0.19567121764380099,0.28422463257902725,10683000000,0,1,0,-0.21376633466772613,0.32092753144188552,0
S1,separate_seed_warm,274,10783000000,1,"solved_soft_dynamic","solved",100,-0.21376633466772613,0.32092753144188552,10733000000,0,1,0,-0.22876024849744217,0.35231578870054164,0
S1,separate_seed_warm,275,10834000000,1,"solved_soft_dynamic","solved",100,-0.22876024849744217,0.35231578870054164,10783000000,0,1,0,-0.24234128357042867,0.38233634161398117,0
S1,separate_seed_warm,276,10883000000,1,"solved_soft_dynamic","solved",90,-0.24234128357042867,0.38233634161398117,10834000000,0,1,0,-0.25340946901473965,0.40848151308612907,0
S1,separate_seed_warm,277,10933000000,1,"solved_soft_dynamic","solved",90,-0.25340946901473965,0.40848151308612907,10883000000,0,1,0,-0.26359489906534617,0.43439115308761728,0
S1,separate_seed_warm,278,10983000000,1,"solved_soft_dynamic","solved",80,-0.26359489906534617,0.43439115308761728,10933000000,0,1,0,-0.27190619517175335,0.45712697123539991,0
S1,separate_seed_warm,279,11033000000,1,"solved_soft_dynamic","solved",90,-0.27190619517175335,0.45712697123539991,10983000000,0,1,0,-0.28037983626488383,0.47635784405142589,0
S1,separate_seed_warm,280,11084000000,1,"solved_soft_dynamic","solved",100,-0.28037983626488383,0.47635784405142589,11033000000,0,1,0,-0.28808171258278115,0.48896135897913051,0
S1,separate_seed_warm,281,11133000000,1,"solved_soft_dynamic","solved",100,-0.28808171258278115,0.48896135897913051,11084000000,0,1,0,-0.29612133267899304,0.49715787903313197,0
S1,separate_seed_warm,282,11183000000,1,"solved_soft_dynamic","solved",100,-0.29612133267899304,0.49715787903313197,11133000000,0,1,0,-0.30392435088129638,0.5,0
S1,separate_seed_warm,283,11233000000,1,"solved_soft_dynamic","solved",100,-0.30392435088129638,0.5,11183000000,0,1,0,-0.3120112485733188,0.5,0
S1,separate_seed_warm,284,11283000000,1,"solved_soft_dynamic","solved",90,-0.3120112485733188,0.5,11233000000,0,1,0,-0.31979603103361687,0.5,0
S1,separate_seed_warm,285,11333000000,1,"solved_soft_dynamic","solved",190,-0.31979603103361687,0.5,11283000000,0,1,0,-0.32805638686303157,0.5,0
S1,separate_seed_warm,286,11383000000,1,"solved_soft_dynamic","solved",200,-0.32805638686303157,0.5,11333000000,0,1,0,-0.33753352049933349,0.5,0
S1,separate_seed_warm,287,11433000000,1,"solved_soft_dynamic","solved",210,-0.33753352049933349,0.5,11383000000,0,1,0,-0.34607269749493741,0.5,0
S1,separate_seed_warm,288,11483000000,1,"solved_soft_dynamic","solved",200,-0.34607269749493741,0.5,11433000000,0,1,0,-0.35581044021560271,0.5,0
S1,separate_seed_warm,289,11533000000,1,"solved_soft_dynamic","solved",200,-0.35581044021560271,0.5,11483000000,0,1,0,-0.36458657590154769,0.5,0
S1,separate_seed_warm,290,11583000000,1,"solved_soft_dynamic","solved",200,-0.36458657590154769,0.5,11533000000,0,1,0,-0.3745344306373265,0.5,0
S1,separate_seed_warm,291,11633000000,1,"solved_soft_dynamic","solved",210,-0.3745344306373265,0.5,11583000000,0,1,0,-0.38349673808851403,0.5,0
S1,separate_seed_warm,292,11683000000,1,"solved_soft_dynamic","solved",170,-0.38349673808851403,0.5,11633000000,0,1,0,-0.39329270772845959,0.5,0
S1,separate_seed_warm,293,11733000000,1,"solved_soft_dynamic","solved",180,-0.39329270772845959,0.5,11683000000,0,1,0,-0.40205226433920582,0.5,0
S1,separate_seed_warm,294,11783000000,1,"solved_soft_dynamic","solved",170,-0.40205226433920582,0.5,11733000000,0,1,0,-0.41102529149681677,0.5,0
S1,separate_seed_warm,295,11833000000,1,"solved_soft_dynamic","solved",180,-0.41102529149681677,0.5,11783000000,0,1,0,-0.4195941747483633,0.5,0
S1,separate_seed_warm,296,11883000000,1,"solved_soft_dynamic","solved",150,-0.4195941747483633,0.5,11833000000,0,1,0,-0.42829170172862296,0.5,0
S1,separate_seed_warm,297,11933000000,1,"solved_soft_dynamic","solved",150,-0.42829170172862296,0.5,11883000000,0,1,0,-0.43657409519860763,0.5,0
S1,separate_seed_warm,298,11984000000,1,"solved_soft_dynamic","solved",150,-0.43657409519860763,0.5,11933000000,0,1,0,-0.4450149957380789,0.5,0
S1,separate_seed_warm,299,12033000000,1,"solved_soft_dynamic","solved",140,-0.4450149957380789,0.5,11984000000,0,1,0,-0.45303757679893003,0.5,0
S1,separate_seed_warm,300,12083000000,1,"solved_soft_dynamic","solved",130,-0.45303757679893003,0.5,12033000000,0,1,0,-0.4609793908947396,0.5,0
S1,separate_seed_warm,301,12133000000,1,"solved_soft_dynamic","solved",140,-0.4609793908947396,0.5,12083000000,0,1,0,-0.46848104520993716,0.5,0
S1,separate_seed_warm,302,12183000000,1,"solved_soft_dynamic","solved",220,-0.46848104520993716,0.5,12133000000,0,1,0,-0.47601232381209729,0.5,0
S1,separate_seed_warm,303,12233000000,1,"solved_soft_dynamic","solved",190,-0.47601232381209729,0.5,12183000000,0,1,0,-0.48298526020094545,0.49999997901057092,0
S1,separate_seed_warm,304,12283000000,1,"solved_soft_dynamic","solved",160,-0.48298526020094545,0.49999997901057092,12233000000,0,1,0,-0.48985050631369903,0.49999997234220067,0
S1,separate_seed_warm,305,12333000000,1,"solved_soft_dynamic","solved",140,-0.48985050631369903,0.49999997234220067,12283000000,0,1,0,-0.49626896825880462,0.4999999540066149,0
S1,separate_seed_warm,306,12383000000,1,"solved_soft_dynamic","solved",130,-0.49626896825880462,0.4999999540066149,12333000000,0,1,0,-0.49999998682647123,0.5,0
S1,separate_seed_warm,307,12433000000,1,"solved_soft_dynamic","solved",130,-0.49999998682647123,0.5,12383000000,0,1,0,-0.49999998807219015,0.5,0
S1,separate_seed_warm,308,12483000000,1,"solved_soft_dynamic","solved",130,-0.49999998807219015,0.5,12433000000,0,1,0,-0.49999998801079537,0.49999999814379098,0
S1,separate_seed_warm,309,12533000000,1,"solved_soft_dynamic","solved",130,-0.49999998801079537,0.49999999814379098,12483000000,0,1,0,-0.49999998841646659,0.49999999186814004,0
S1,separate_seed_warm,310,12583000000,0,"solver_not_solved","primal infeasible",80,-0.49999998841646659,0.49999999186814004,12533000000,0,1,0,0,0,0
S1,separate_seed_warm,311,12633000000,0,"solver_not_solved","primal infeasible",40,0,0,12633000000,1,1,0,0,0,0
S1,separate_seed_warm,312,12683000000,0,"invalid_or_failed_input: state outside certified static corridor","not_run",0,0,0,12683000000,1,1,0,0,0,0
S1,separate_seed_warm,313,12733000000,0,"invalid_or_failed_input: state outside certified static corridor","not_run",0,0,0,12733000000,1,1,0,0,0,0
S1,separate_seed_warm,314,12783000000,0,"invalid_or_failed_input: state outside certified static corridor","not_run",0,0,0,12783000000,1,1,0,0,0,0
S1,separate_seed_warm,315,12833000000,0,"invalid_or_failed_input: state outside certified static corridor","not_run",0,0,0,12833000000,1,1,0,0,0,0
S1,separate_seed_warm,316,12883000000,0,"invalid_or_failed_input: state outside certified static corridor","not_run",0,0,0,12883000000,1,1,0,0,0,0
S1,separate_seed_warm,317,12933000000,0,"invalid_or_failed_input: state outside certified static corridor","not_run",0,0,0,12933000000,1,1,0,0,0,0
S1,separate_seed_warm,318,12983000000,0,"invalid_or_failed_input: state outside certified static corridor","not_run",0,0,0,12983000000,1,1,0,0,0,0
S1,separate_seed_warm,319,13033000000,0,"invalid_or_failed_input: state outside certified static corridor","not_run",0,0,0,13033000000,1,1,0,0,0,0
S1,separate_seed_warm,320,13083000000,0,"invalid_or_failed_input: state outside certified static corridor","not_run",0,0,0,13083000000,1,1,0,0,0,0
S1,separate_seed_warm,321,13133000000,0,"invalid_or_failed_input: state outside certified static corridor","not_run",0,0,0,13133000000,1,1,0,0,0,0
S1,separate_seed_warm,322,13183000000,0,"invalid_or_failed_input: state outside certified static corridor","not_run",0,0,0,13183000000,1,1,0,0,0,0
S1,separate_seed_warm,323,13233000000,0,"invalid_or_failed_input: state outside certified static corridor","not_run",0,0,0,13233000000,1,1,0,0,0,0
S1,separate_seed_warm,324,13283000000,0,"invalid_or_failed_input: state outside certified static corridor","not_run",0,0,0,13283000000,1,1,0,0,0,0
S1,separate_seed_warm,325,13333000000,0,"invalid_or_failed_input: state outside certified static corridor","not_run",0,0,0,13333000000,1,1,0,0,0,0
S1,separate_seed_warm,326,13383000000,0,"invalid_or_failed_input: state outside certified static corridor","not_run",0,0,0,13383000000,1,1,0,0,0,0
S1,separate_seed_warm,327,13433000000,0,"invalid_or_failed_input: state outside certified static corridor","not_run",0,0,0,13433000000,1,1,0,0,0,0
S1,separate_seed_warm,328,13483000000,0,"invalid_or_failed_input: state outside certified static corridor","not_run",0,0,0,13483000000,1,1,0,0,0,0
S1,separate_seed_warm,329,13533000000,0,"invalid_or_failed_input: state outside certified static corridor","not_run",0,0,0,13533000000,1,1,0,0,0,0
S1,separate_seed_warm,330,13583000000,0,"invalid_or_failed_input: state outside certified static corridor","not_run",0,0,0,13583000000,1,1,0,0,0,0
S1,separate_seed_warm,331,13633000000,0,"invalid_or_failed_input: state outside certified static corridor","not_run",0,0,0,13633000000,1,1,0,0,0,0
S1,separate_seed_warm,332,13683000000,0,"invalid_or_failed_input: state outside certified static corridor","not_run",0,0,0,13683000000,1,1,0,0,0,0
S1,separate_seed_warm,333,13733000000,0,"invalid_or_failed_input: state outside certified static corridor","not_run",0,0,0,13733000000,1,1,0,0,0,0
S1,separate_seed_warm,334,13783000000,0,"invalid_or_failed_input: state outside certified static corridor","not_run",0,0,0,13783000000,1,1,0,0,0,0
S1,separate_seed_warm,335,13833000000,0,"invalid_or_failed_input: state outside certified static corridor","not_run",0,0,0,13833000000,1,1,0,0,0,0
S1,separate_seed_warm,336,13883000000,0,"invalid_or_failed_input: state outside certified static corridor","not_run",0,0,0,13883000000,1,1,0,0,0,0
S1,separate_seed_warm,337,13933000000,0,"invalid_or_failed_input: state outside certified static corridor","not_run",0,0,0,13933000000,1,1,0,0,0,0
S1,separate_seed_warm,338,13983000000,0,"invalid_or_failed_input: state outside certified static corridor","not_run",0,0,0,13983000000,1,1,0,0,0,0
S1,separate_seed_warm,339,14033000000,0,"invalid_or_failed_input: state outside certified static corridor","not_run",0,0,0,14033000000,1,1,0,0,0,0
S1,separate_seed_warm,340,14083000000,0,"invalid_or_failed_input: state outside certified static corridor","not_run",0,0,0,14083000000,1,1,0,0,0,0
S1,separate_seed_warm,341,14133000000,0,"invalid_or_failed_input: state outside certified static corridor","not_run",0,0,0,14133000000,1,1,0,0,0,0
S1,separate_seed_warm,342,14183000000,0,"invalid_or_failed_input: state outside certified static corridor","not_run",0,0,0,14183000000,1,1,0,0,0,0
S1,separate_seed_warm,343,14233000000,0,"invalid_or_failed_input: state outside certified static corridor","not_run",0,0,0,14233000000,1,1,0,0,0,0
S1,separate_seed_warm,344,14283000000,0,"invalid_or_failed_input: state outside certified static corridor","not_run",0,0,0,14283000000,1,1,0,0,0,0
S1,separate_seed_warm,345,14333000000,0,"invalid_or_failed_input: state outside certified static corridor","not_run",0,0,0,14333000000,1,1,0,0,0,0
S1,separate_seed_warm,346,14383000000,0,"invalid_or_failed_input: state outside certified static corridor","not_run",0,0,0,14383000000,1,1,0,0,0,0
S1,separate_seed_warm,347,14433000000,0,"invalid_or_failed_input: state outside certified static corridor","not_run",0,0,0,14433000000,1,1,0,0,0,0
S1,separate_seed_warm,348,14483000000,0,"invalid_or_failed_input: state outside certified static corridor","not_run",0,0,0,14483000000,1,1,0,0,0,0
S1,separate_seed_warm,349,14533000000,0,"invalid_or_failed_input: state outside certified static corridor","not_run",0,0,0,14533000000,1,1,0,0,0,0
S1,separate_seed_warm,350,14583000000,0,"invalid_or_failed_input: state outside certified static corridor","not_run",0,0,0,14583000000,1,1,0,0,0,0
S1,separate_seed_warm,351,14633000000,0,"invalid_or_failed_input: state outside certified static corridor","not_run",0,0,0,14633000000,1,1,0,0,0,0
S1,separate_seed_warm,352,14683000000,0,"invalid_or_failed_input: state outside certified static corridor","not_run",0,0,0,14683000000,1,1,0,0,0,0
S1,separate_seed_warm,353,14733000000,0,"invalid_or_failed_input: state outside certified static corridor","not_run",0,0,0,14733000000,1,1,0,0,0,0
S1,separate_seed_warm,354,14783000000,0,"invalid_or_failed_input: state outside certified static corridor","not_run",0,0,0,14783000000,1,1,0,0,0,0
S1,separate_seed_warm,355,14833000000,0,"invalid_or_failed_input: state outside certified static corridor","not_run",0,0,0,14833000000,1,1,0,0,0,0
S1,separate_seed_warm,356,14883000000,0,"invalid_or_failed_input: state outside certified static corridor","not_run",0,0,0,14883000000,1,1,0,0,0,0
S1,separate_seed_warm,357,14933000000,0,"invalid_or_failed_input: state outside certified static corridor","not_run",0,0,0,14933000000,1,1,0,0,0,0
S1,separate_seed_warm,358,14983000000,0,"invalid_or_failed_input: state outside certified static corridor","not_run",0,0,0,14983000000,1,1,0,0,0,0
S1,separate_seed_warm,359,15033000000,0,"invalid_or_failed_input: state outside certified static corridor","not_run",0,0,0,15033000000,1,1,0,0,0,0
S1,separate_seed_warm,360,15083000000,0,"invalid_or_failed_input: state outside certified static corridor","not_run",0,0,0,15083000000,1,1,0,0,0,0
S1,separate_seed_warm,361,15133000000,0,"invalid_or_failed_input: state outside certified static corridor","not_run",0,0,0,15133000000,1,1,0,0,0,0
S1,separate_seed_warm,362,15183000000,0,"invalid_or_failed_input: state outside certified static corridor","not_run",0,0,0,15183000000,1,1,0,0,0,0
S1,separate_seed_warm,363,15233000000,0,"invalid_or_failed_input: state outside certified static corridor","not_run",0,0,0,15233000000,1,1,0,0,0,0
S1,separate_seed_warm,364,15283000000,0,"invalid_or_failed_input: state outside certified static corridor","not_run",0,0,0,15283000000,1,1,0,0,0,0
S1,separate_seed_warm,365,15333000000,0,"invalid_or_failed_input: state outside certified static corridor","not_run",0,0,0,15333000000,1,1,0,0,0,0
S1,separate_seed_warm,366,15383000000,0,"invalid_or_failed_input: state outside certified static corridor","not_run",0,0,0,15383000000,1,1,0,0,0,0
S1,separate_seed_warm,367,15433000000,0,"invalid_or_failed_input: state outside certified static corridor","not_run",0,0,0,15433000000,1,1,0,0,0,0
S1,separate_seed_warm,368,15483000000,0,"invalid_or_failed_input: state outside certified static corridor","not_run",0,0,0,15483000000,1,1,0,0,0,0
S1,separate_seed_warm,369,15533000000,0,"invalid_or_failed_input: state outside certified static corridor","not_run",0,0,0,15533000000,1,1,0,0,0,0
S1,separate_seed_warm,370,15583000000,0,"invalid_or_failed_input: state outside certified static corridor","not_run",0,0,0,15583000000,1,1,0,0,0,0
S1,separate_seed_warm,371,15633000000,0,"invalid_or_failed_input: state outside certified static corridor","not_run",0,0,0,15633000000,1,1,0,0,0,0
S1,separate_seed_warm,372,15683000000,0,"invalid_or_failed_input: state outside certified static corridor","not_run",0,0,0,15683000000,1,1,0,0,0,0
S1,separate_seed_warm,373,15733000000,0,"invalid_or_failed_input: state outside certified static corridor","not_run",0,0,0,15733000000,1,1,0,0,0,0
S1,separate_seed_warm,374,15783000000,0,"invalid_or_failed_input: state outside certified static corridor","not_run",0,0,0,15783000000,1,1,0,0,0,0
S1,separate_seed_warm,375,15833000000,0,"invalid_or_failed_input: state outside certified static corridor","not_run",0,0,0,15833000000,1,1,0,0,0,0
S1,separate_seed_warm,376,15883000000,0,"invalid_or_failed_input: state outside certified static corridor","not_run",0,0,0,15883000000,1,1,0,0,0,0
S1,separate_seed_warm,377,15933000000,0,"invalid_or_failed_input: state outside certified static corridor","not_run",0,0,0,15933000000,1,1,0,0,0,0
S1,separate_seed_warm,378,15983000000,0,"invalid_or_failed_input: state outside certified static corridor","not_run",0,0,0,15983000000,1,1,0,0,0,0
S1,separate_seed_warm,379,16033000000,0,"invalid_or_failed_input: state outside certified static corridor","not_run",0,0,0,16033000000,1,1,0,0,0,0
S1,separate_seed_warm,380,16083000000,0,"invalid_or_failed_input: state outside certified static corridor","not_run",0,0,0,16083000000,1,1,0,0,0,0
S1,separate_seed_warm,381,16133000000,0,"invalid_or_failed_input: state outside certified static corridor","not_run",0,0,0,16133000000,1,1,0,0,0,0
S1,separate_seed_warm,382,16183000000,0,"invalid_or_failed_input: state outside certified static corridor","not_run",0,0,0,16183000000,1,1,0,0,0,0
S1,separate_seed_warm,383,16233000000,0,"invalid_or_failed_input: state outside certified static corridor","not_run",0,0,0,16233000000,1,1,0,0,0,0
S1,separate_seed_warm,384,16283000000,0,"invalid_or_failed_input: state outside certified static corridor","not_run",0,0,0,16283000000,1,1,0,0,0,0
S1,separate_seed_warm,385,16333000000,0,"invalid_or_failed_input: state outside certified static corridor","not_run",0,0,0,16333000000,1,1,0,0,0,0
S1,separate_seed_warm,386,16383000000,0,"invalid_or_failed_input: state outside certified static corridor","not_run",0,0,0,16383000000,1,1,0,0,0,0
S1,separate_seed_warm,387,16433000000,0,"invalid_or_failed_input: state outside certified static corridor","not_run",0,0,0,16433000000,1,1,0,0,0,0
S1,separate_seed_warm,388,16483000000,0,"invalid_or_failed_input: state outside certified static corridor","not_run",0,0,0,16483000000,1,1,0,0,0,0
S1,separate_seed_warm,389,16533000000,0,"invalid_or_failed_input: state outside certified static corridor","not_run",0,0,0,16533000000,1,1,0,0,0,0
S1,separate_seed_warm,390,16583000000,0,"invalid_or_failed_input: state outside certified static corridor","not_run",0,0,0,16583000000,1,1,0,0,0,0
S1,separate_seed_warm,391,16633000000,0,"invalid_or_failed_input: state outside certified static corridor","not_run",0,0,0,16633000000,1,1,0,0,0,0
S1,separate_seed_warm,392,16683000000,0,"invalid_or_failed_input: state outside certified static corridor","not_run",0,0,0,16683000000,1,1,0,0,0,0
S1,separate_seed_warm,393,16733000000,0,"invalid_or_failed_input: state outside certified static corridor","not_run",0,0,0,16733000000,1,1,0,0,0,0
S1,separate_seed_warm,394,16783000000,0,"invalid_or_failed_input: state outside certified static corridor","not_run",0,0,0,16783000000,1,1,0,0,0,0
S1,separate_seed_warm,395,16833000000,0,"invalid_or_failed_input: state outside certified static corridor","not_run",0,0,0,16833000000,1,1,0,0,0,0
S1,separate_seed_warm,396,16883000000,0,"invalid_or_failed_input: state outside certified static corridor","not_run",0,0,0,16883000000,1,1,0,0,0,0
S1,separate_seed_warm,397,16933000000,0,"invalid_or_failed_input: state outside certified static corridor","not_run",0,0,0,16933000000,1,1,0,0,0,0
S1,separate_seed_warm,398,16983000000,0,"invalid_or_failed_input: state outside certified static corridor","not_run",0,0,0,16983000000,1,1,0,0,0,0
S1,separate_seed_warm,399,17033000000,0,"invalid_or_failed_input: state outside certified static corridor","not_run",0,0,0,17033000000,1,1,0,0,0,0
S1,separate_seed_warm,400,17083000000,0,"invalid_or_failed_input: state outside certified static corridor","not_run",0,0,0,17083000000,1,1,0,0,0,0
S1,separate_seed_warm,401,17133000000,0,"invalid_or_failed_input: state outside certified static corridor","not_run",0,0,0,17133000000,1,1,0,0,0,0
S1,separate_seed_warm,402,17183000000,0,"invalid_or_failed_input: state outside certified static corridor","not_run",0,0,0,17183000000,1,1,0,0,0,0
S1,separate_seed_warm,403,17233000000,0,"invalid_or_failed_input: state outside certified static corridor","not_run",0,0,0,17233000000,1,1,0,0,0,0
S1,separate_seed_warm,404,17283000000,0,"invalid_or_failed_input: state outside certified static corridor","not_run",0,0,0,17283000000,1,1,0,0,0,0
S1,separate_seed_warm,405,17333000000,0,"invalid_or_failed_input: state outside certified static corridor","not_run",0,0,0,17333000000,1,1,0,0,0,0
S1,separate_seed_warm,406,17383000000,0,"invalid_or_failed_input: state outside certified static corridor","not_run",0,0,0,17383000000,1,1,0,0,0,0
S1,separate_seed_warm,407,17433000000,0,"invalid_or_failed_input: state outside certified static corridor","not_run",0,0,0,17433000000,1,1,0,0,0,0
S1,separate_seed_warm,408,17483000000,0,"invalid_or_failed_input: state outside certified static corridor","not_run",0,0,0,17483000000,1,1,0,0,0,0
S1,separate_seed_warm,409,17533000000,0,"invalid_or_failed_input: state outside certified static corridor","not_run",0,0,0,17533000000,1,1,0,0,0,0
S1,separate_seed_warm,410,17583000000,0,"invalid_or_failed_input: state outside certified static corridor","not_run",0,0,0,17583000000,1,1,0,0,0,0
S1,separate_seed_warm,411,17633000000,0,"invalid_or_failed_input: state outside certified static corridor","not_run",0,0,0,17633000000,1,1,0,0,0,0
S1,separate_seed_warm,412,17683000000,0,"invalid_or_failed_input: state outside certified static corridor","not_run",0,0,0,17683000000,1,1,0,0,0,0
S1,separate_seed_warm,413,17733000000,0,"invalid_or_failed_input: state outside certified static corridor","not_run",0,0,0,17733000000,1,1,0,0,0,0
S1,separate_seed_warm,414,17783000000,0,"invalid_or_failed_input: state outside certified static corridor","not_run",0,0,0,17783000000,1,1,0,0,0,0
S1,separate_seed_warm,415,17833000000,0,"invalid_or_failed_input: state outside certified static corridor","not_run",0,0,0,17833000000,1,1,0,0,0,0
S1,separate_seed_warm,416,17883000000,0,"invalid_or_failed_input: state outside certified static corridor","not_run",0,0,0,17883000000,1,1,0,0,0,0
S1,separate_seed_warm,417,17933000000,0,"invalid_or_failed_input: state outside certified static corridor","not_run",0,0,0,17933000000,1,1,0,0,0,0
S1,separate_seed_warm,418,17983000000,0,"invalid_or_failed_input: state outside certified static corridor","not_run",0,0,0,17983000000,1,1,0,0,0,0
S1,separate_seed_warm,419,18033000000,0,"invalid_or_failed_input: state outside certified static corridor","not_run",0,0,0,18033000000,1,1,0,0,0,0
S1,separate_seed_warm,420,18083000000,0,"invalid_or_failed_input: state outside certified static corridor","not_run",0,0,0,18083000000,1,1,0,0,0,0
S1,separate_seed_warm,421,18133000000,0,"invalid_or_failed_input: state outside certified static corridor","not_run",0,0,0,18133000000,1,1,0,0,0,0
S1,separate_seed_warm,422,18183000000,0,"invalid_or_failed_input: state outside certified static corridor","not_run",0,0,0,18183000000,1,1,0,0,0,0
S1,separate_seed_warm,423,18233000000,0,"invalid_or_failed_input: state outside certified static corridor","not_run",0,0,0,18233000000,1,1,0,0,0,0
S1,separate_seed_warm,424,18283000000,0,"invalid_or_failed_input: state outside certified static corridor","not_run",0,0,0,18283000000,1,1,0,0,0,0
S1,separate_seed_warm,425,18333000000,0,"invalid_or_failed_input: state outside certified static corridor","not_run",0,0,0,18333000000,1,1,0,0,0,0
S1,separate_seed_warm,426,18383000000,0,"invalid_or_failed_input: state outside certified static corridor","not_run",0,0,0,18383000000,1,1,0,0,0,0
S1,separate_seed_warm,427,18433000000,0,"invalid_or_failed_input: state outside certified static corridor","not_run",0,0,0,18433000000,1,1,0,0,0,0
S1,separate_seed_warm,428,18483000000,0,"invalid_or_failed_input: state outside certified static corridor","not_run",0,0,0,18483000000,1,1,0,0,0,0
S1,separate_seed_warm,429,18533000000,0,"invalid_or_failed_input: state outside certified static corridor","not_run",0,0,0,18533000000,1,1,0,0,0,0
S1,separate_seed_warm,430,18583000000,0,"invalid_or_failed_input: state outside certified static corridor","not_run",0,0,0,18583000000,1,1,0,0,0,0
S1,separate_seed_warm,431,18633000000,0,"invalid_or_failed_input: state outside certified static corridor","not_run",0,0,0,18633000000,1,1,0,0,0,0
S1,separate_seed_warm,432,18683000000,0,"invalid_or_failed_input: state outside certified static corridor","not_run",0,0,0,18683000000,1,1,0,0,0,0
S1,separate_seed_warm,433,18733000000,0,"invalid_or_failed_input: state outside certified static corridor","not_run",0,0,0,18733000000,1,1,0,0,0,0
S1,separate_seed_warm,434,18783000000,0,"invalid_or_failed_input: state outside certified static corridor","not_run",0,0,0,18783000000,1,1,0,0,0,0
S1,separate_seed_warm,435,18833000000,0,"invalid_or_failed_input: state outside certified static corridor","not_run",0,0,0,18833000000,1,1,0,0,0,0
S1,separate_seed_warm,436,18883000000,0,"invalid_or_failed_input: state outside certified static corridor","not_run",0,0,0,18883000000,1,1,0,0,0,0
S1,separate_seed_warm,437,18933000000,0,"invalid_or_failed_input: state outside certified static corridor","not_run",0,0,0,18933000000,1,1,0,0,0,0
S1,separate_seed_warm,438,18983000000,0,"invalid_or_failed_input: state outside certified static corridor","not_run",0,0,0,18983000000,1,1,0,0,0,0
S1,separate_seed_warm,439,19033000000,0,"invalid_or_failed_input: state outside certified static corridor","not_run",0,0,0,19033000000,1,1,0,0,0,0
S1,separate_seed_warm,440,19083000000,0,"invalid_or_failed_input: state outside certified static corridor","not_run",0,0,0,19083000000,1,1,0,0,0,0
S1,separate_seed_warm,441,19133000000,0,"invalid_or_failed_input: state outside certified static corridor","not_run",0,0,0,19133000000,1,1,0,0,0,0
S1,separate_seed_warm,442,19183000000,0,"invalid_or_failed_input: state outside certified static corridor","not_run",0,0,0,19183000000,1,1,0,0,0,0
S1,separate_seed_warm,443,19233000000,0,"invalid_or_failed_input: state outside certified static corridor","not_run",0,0,0,19233000000,1,1,0,0,0,0
S1,separate_seed_warm,444,19283000000,0,"invalid_or_failed_input: state outside certified static corridor","not_run",0,0,0,19283000000,1,1,0,0,0,0
S1,separate_seed_warm,445,19333000000,0,"invalid_or_failed_input: state outside certified static corridor","not_run",0,0,0,19333000000,1,1,0,0,0,0
S1,separate_seed_warm,446,19383000000,0,"invalid_or_failed_input: state outside certified static corridor","not_run",0,0,0,19383000000,1,1,0,0,0,0
S1,separate_seed_warm,447,19433000000,0,"invalid_or_failed_input: state outside certified static corridor","not_run",0,0,0,19433000000,1,1,0,0,0,0
S1,separate_seed_warm,448,19483000000,0,"invalid_or_failed_input: state outside certified static corridor","not_run",0,0,0,19483000000,1,1,0,0,0,0
S1,separate_seed_warm,449,19533000000,0,"invalid_or_failed_input: state outside certified static corridor","not_run",0,0,0,19533000000,1,1,0,0,0,0
S1,separate_seed_warm,450,19583000000,0,"invalid_or_failed_input: state outside certified static corridor","not_run",0,0,0,19583000000,1,1,0,0,0,0
S1,separate_seed_warm,451,19633000000,0,"invalid_or_failed_input: state outside certified static corridor","not_run",0,0,0,19633000000,1,1,0,0,0,0
S1,separate_seed_warm,452,19683000000,0,"invalid_or_failed_input: state outside certified static corridor","not_run",0,0,0,19683000000,1,1,0,0,0,0
S1,separate_seed_warm,453,19733000000,0,"invalid_or_failed_input: state outside certified static corridor","not_run",0,0,0,19733000000,1,1,0,0,0,0
S1,separate_seed_warm,454,19782000000,0,"invalid_or_failed_input: state outside certified static corridor","not_run",0,0,0,19782000000,1,1,0,0,0,0
S1,separate_seed_warm,455,19832000000,0,"invalid_or_failed_input: state outside certified static corridor","not_run",0,0,0,19832000000,1,1,0,0,0,0
S1,separate_seed_warm,456,19882000000,0,"invalid_or_failed_input: state outside certified static corridor","not_run",0,0,0,19882000000,1,1,0,0,0,0
S1,separate_seed_warm,457,19932000000,0,"invalid_or_failed_input: state outside certified static corridor","not_run",0,0,0,19932000000,1,1,0,0,0,0
S1,separate_seed_warm,458,19982000000,0,"invalid_or_failed_input: state outside certified static corridor","not_run",0,0,0,19982000000,1,1,0,0,0,0
S1,separate_seed_warm,459,20031000000,0,"invalid_or_failed_input: state outside certified static corridor","not_run",0,0,0,20031000000,1,1,0,0,0,0
S1,separate_seed_warm,460,20082000000,0,"invalid_or_failed_input: state outside certified static corridor","not_run",0,0,0,20082000000,1,1,0,0,0,0
S1,separate_seed_warm,461,20132000000,0,"invalid_or_failed_input: state outside certified static corridor","not_run",0,0,0,20132000000,1,1,0,0,0,0
S1,separate_seed_warm,462,20182000000,0,"invalid_or_failed_input: state outside certified static corridor","not_run",0,0,0,20182000000,1,1,0,0,0,0
S1,separate_seed_warm,463,20232000000,0,"invalid_or_failed_input: state outside certified static corridor","not_run",0,0,0,20232000000,1,1,0,0,0,0
S1,separate_seed_warm,464,20282000000,0,"invalid_or_failed_input: state outside certified static corridor","not_run",0,0,0,20282000000,1,1,0,0,0,0
S1,separate_seed_warm,465,20331000000,0,"invalid_or_failed_input: state outside certified static corridor","not_run",0,0,0,20331000000,1,1,0,0,0,0
S1,separate_seed_warm,466,20382000000,0,"invalid_or_failed_input: state outside certified static corridor","not_run",0,0,0,20382000000,1,1,0,0,0,0
S1,separate_seed_warm,467,20432000000,0,"invalid_or_failed_input: state outside certified static corridor","not_run",0,0,0,20432000000,1,1,0,0,0,0
S1,separate_seed_warm,468,20482000000,0,"invalid_or_failed_input: state outside certified static corridor","not_run",0,0,0,20482000000,1,1,0,0,0,0
S1,separate_seed_warm,469,20532000000,0,"invalid_or_failed_input: state outside certified static corridor","not_run",0,0,0,20532000000,1,1,0,0,0,0
S1,separate_seed_warm,470,20582000000,0,"invalid_or_failed_input: state outside certified static corridor","not_run",0,0,0,20582000000,1,1,0,0,0,0
S1,separate_seed_warm,471,20632000000,0,"invalid_or_failed_input: state outside certified static corridor","not_run",0,0,0,20632000000,1,1,0,0,0,0
S1,separate_seed_warm,472,20682000000,0,"invalid_or_failed_input: state outside certified static corridor","not_run",0,0,0,20682000000,1,1,0,0,0,0
S1,separate_seed_warm,473,20731000000,0,"invalid_or_failed_input: state outside certified static corridor","not_run",0,0,0,20731000000,1,1,0,0,0,0
S1,separate_seed_warm,474,20782000000,0,"invalid_or_failed_input: state outside certified static corridor","not_run",0,0,0,20782000000,1,1,0,0,0,0
S1,separate_seed_warm,475,20832000000,0,"invalid_or_failed_input: state outside certified static corridor","not_run",0,0,0,20832000000,1,1,0,0,0,0
S1,separate_seed_warm,476,20881000000,0,"invalid_or_failed_input: state outside certified static corridor","not_run",0,0,0,20881000000,1,1,0,0,0,0
S1,separate_seed_warm,477,20932000000,0,"invalid_or_failed_input: state outside certified static corridor","not_run",0,0,0,20932000000,1,1,0,0,0,0
S1,separate_seed_warm,478,20982000000,0,"invalid_or_failed_input: state outside certified static corridor","not_run",0,0,0,20982000000,1,1,0,0,0,0
S1,separate_seed_warm,479,21031000000,0,"invalid_or_failed_input: state outside certified static corridor","not_run",0,0,0,21031000000,1,1,0,0,0,0
S1,separate_seed_warm,480,21082000000,0,"invalid_or_failed_input: state outside certified static corridor","not_run",0,0,0,21082000000,1,1,0,0,0,0
S1,separate_seed_warm,481,21132000000,0,"invalid_or_failed_input: state outside certified static corridor","not_run",0,0,0,21132000000,1,1,0,0,0,0
S1,separate_seed_warm,482,21181000000,0,"invalid_or_failed_input: state outside certified static corridor","not_run",0,0,0,21181000000,1,1,0,0,0,0
S1,separate_seed_warm,483,21232000000,0,"invalid_or_failed_input: state outside certified static corridor","not_run",0,0,0,21232000000,1,1,0,0,0,0
S1,separate_seed_warm,484,21282000000,0,"invalid_or_failed_input: state outside certified static corridor","not_run",0,0,0,21282000000,1,1,0,0,0,0
S1,separate_seed_warm,485,21332000000,0,"invalid_or_failed_input: state outside certified static corridor","not_run",0,0,0,21332000000,1,1,0,0,0,0
S1,separate_seed_warm,486,21382000000,0,"invalid_or_failed_input: state outside certified static corridor","not_run",0,0,0,21382000000,1,1,0,0,0,0
S1,separate_seed_warm,487,21432000000,0,"invalid_or_failed_input: state outside certified static corridor","not_run",0,0,0,21432000000,1,1,0,0,0,0
S1,separate_seed_warm,488,21482000000,0,"invalid_or_failed_input: state outside certified static corridor","not_run",0,0,0,21482000000,1,1,0,0,0,0
S1,separate_seed_warm,489,21532000000,0,"invalid_or_failed_input: state outside certified static corridor","not_run",0,0,0,21532000000,1,1,0,0,0,0
S1,separate_seed_warm,490,21582000000,0,"invalid_or_failed_input: state outside certified static corridor","not_run",0,0,0,21582000000,1,1,0,0,0,0
S1,separate_seed_warm,491,21632000000,0,"invalid_or_failed_input: state outside certified static corridor","not_run",0,0,0,21632000000,1,1,0,0,0,0
S1,separate_seed_warm,492,21682000000,0,"invalid_or_failed_input: state outside certified static corridor","not_run",0,0,0,21682000000,1,1,0,0,0,0
S1,separate_seed_warm,493,21731000000,0,"invalid_or_failed_input: state outside certified static corridor","not_run",0,0,0,21731000000,1,1,0,0,0,0
S1,separate_seed_warm,494,21781000000,0,"invalid_or_failed_input: state outside certified static corridor","not_run",0,0,0,21781000000,1,1,0,0,0,0
S1,separate_seed_warm,495,21832000000,0,"invalid_or_failed_input: state outside certified static corridor","not_run",0,0,0,21832000000,1,1,0,0,0,0
S1,separate_seed_warm,496,21881000000,0,"invalid_or_failed_input: state outside certified static corridor","not_run",0,0,0,21881000000,1,1,0,0,0,0
S1,separate_seed_warm,497,21932000000,0,"invalid_or_failed_input: state outside certified static corridor","not_run",0,0,0,21932000000,1,1,0,0,0,0
S1,separate_seed_warm,498,21982000000,0,"invalid_or_failed_input: state outside certified static corridor","not_run",0,0,0,21982000000,1,1,0,0,0,0
S1,separate_seed_warm,499,22031000000,0,"invalid_or_failed_input: state outside certified static corridor","not_run",0,0,0,22031000000,1,1,0,0,0,0
S1,separate_seed_warm,500,22081000000,0,"invalid_or_failed_input: state outside certified static corridor","not_run",0,0,0,22081000000,1,1,0,0,0,0
S1,separate_seed_warm,501,22131000000,0,"invalid_or_failed_input: state outside certified static corridor","not_run",0,0,0,22131000000,1,1,0,0,0,0
S1,separate_seed_warm,502,22182000000,0,"invalid_or_failed_input: state outside certified static corridor","not_run",0,0,0,22182000000,1,1,0,0,0,0
S1,separate_seed_warm,503,22231000000,0,"invalid_or_failed_input: state outside certified static corridor","not_run",0,0,0,22231000000,1,1,0,0,0,0
S1,separate_seed_warm,504,22281000000,0,"invalid_or_failed_input: state outside certified static corridor","not_run",0,0,0,22281000000,1,1,0,0,0,0
S1,separate_seed_warm,505,22331000000,0,"invalid_or_failed_input: state outside certified static corridor","not_run",0,0,0,22331000000,1,1,0,0,0,0
S1,separate_seed_warm,506,22381000000,0,"invalid_or_failed_input: state outside certified static corridor","not_run",0,0,0,22381000000,1,1,0,0,0,0
S1,separate_seed_warm,507,22431000000,0,"invalid_or_failed_input: state outside certified static corridor","not_run",0,0,0,22431000000,1,1,0,0,0,0
S1,separate_seed_warm,508,22482000000,0,"invalid_or_failed_input: state outside certified static corridor","not_run",0,0,0,22482000000,1,1,0,0,0,0
S1,separate_seed_warm,509,22532000000,0,"invalid_or_failed_input: state outside certified static corridor","not_run",0,0,0,22532000000,1,1,0,0,0,0
S1,separate_seed_warm,510,22581000000,0,"invalid_or_failed_input: state outside certified static corridor","not_run",0,0,0,22581000000,1,1,0,0,0,0
S1,separate_seed_warm,511,22631000000,0,"invalid_or_failed_input: state outside certified static corridor","not_run",0,0,0,22631000000,1,1,0,0,0,0
S1,separate_seed_warm,512,22681000000,0,"invalid_or_failed_input: state outside certified static corridor","not_run",0,0,0,22681000000,1,1,0,0,0,0
S1,separate_seed_warm,513,22731000000,0,"invalid_or_failed_input: state outside certified static corridor","not_run",0,0,0,22731000000,1,1,0,0,0,0
S1,separate_seed_warm,514,22782000000,0,"invalid_or_failed_input: state outside certified static corridor","not_run",0,0,0,22782000000,1,1,0,0,0,0
S1,separate_seed_warm,515,22831000000,0,"invalid_or_failed_input: state outside certified static corridor","not_run",0,0,0,22831000000,1,1,0,0,0,0
S1,separate_seed_warm,516,22881000000,0,"invalid_or_failed_input: state outside certified static corridor","not_run",0,0,0,22881000000,1,1,0,0,0,0
S1,separate_seed_warm,517,22932000000,0,"invalid_or_failed_input: state outside certified static corridor","not_run",0,0,0,22932000000,1,1,0,0,0,0
S1,separate_seed_warm,518,22981000000,0,"invalid_or_failed_input: state outside certified static corridor","not_run",0,0,0,22981000000,1,1,0,0,0,0
S1,separate_seed_warm,519,23031000000,0,"invalid_or_failed_input: state outside certified static corridor","not_run",0,0,0,23031000000,1,1,0,0,0,0
S1,separate_seed_warm,520,23081000000,0,"invalid_or_failed_input: state outside certified static corridor","not_run",0,0,0,23081000000,1,1,0,0,0,0
S1,separate_seed_warm,521,23131000000,0,"invalid_or_failed_input: state outside certified static corridor","not_run",0,0,0,23131000000,1,1,0,0,0,0
S1,separate_seed_warm,522,23181000000,0,"invalid_or_failed_input: state outside certified static corridor","not_run",0,0,0,23181000000,1,1,0,0,0,0
S1,separate_seed_warm,523,23231000000,0,"invalid_or_failed_input: state outside certified static corridor","not_run",0,0,0,23231000000,1,1,0,0,0,0
S1,separate_seed_warm,524,23282000000,0,"invalid_or_failed_input: state outside certified static corridor","not_run",0,0,0,23282000000,1,1,0,0,0,0
S1,separate_seed_warm,525,23331000000,0,"invalid_or_failed_input: state outside certified static corridor","not_run",0,0,0,23331000000,1,1,0,0,0,0
S1,separate_seed_warm,526,23381000000,0,"invalid_or_failed_input: state outside certified static corridor","not_run",0,0,0,23381000000,1,1,0,0,0,0
S1,separate_seed_warm,527,23431000000,0,"invalid_or_failed_input: state outside certified static corridor","not_run",0,0,0,23431000000,1,1,0,0,0,0
S2,legacy,79,1013000000,1,"solved_soft_dynamic","solved",150,0,0,1013000000,1,1,0,0.049883054963173627,5.4578255120834612e-05,0
S2,legacy,80,1062000000,1,"solved_soft_dynamic","solved",70,0.049883054963173627,5.4578255120834612e-05,1013000000,0,0,1,0.094843284025712696,0.00010502019131542453,0
S2,legacy,81,1113000000,1,"solved_soft_dynamic","solved",90,0.094843284025712696,0.00010502019131542453,1062000000,0,0,1,0.13387056510111822,0.00014978900427326707,0
S2,legacy,82,1163000000,1,"solved_soft_dynamic","solved",90,0.13387056510111822,0.00014978900427326707,1113000000,0,0,1,0.16774781833031827,0.00018984858792194941,0
S2,legacy,83,1213000000,1,"solved_soft_dynamic","solved",90,0.16774781833031827,0.00018984858792194941,1163000000,0,0,1,0.19715463302265748,0.00022541265893710931,0
S2,legacy,84,1263000000,0,"invalid_or_failed_input: fixed-yaw coherent control values","not_run",0,0,0,1263000000,1,1,0,0,0,0
S2,legacy,85,1313000000,0,"invalid_or_failed_input: fixed-yaw coherent control values","not_run",0,0,0,1313000000,1,1,0,0,0,0
S2,legacy,86,1363000000,0,"invalid_or_failed_input: fixed-yaw coherent control values","not_run",0,0,0,1363000000,1,1,0,0,0,0
S2,legacy,87,1412000000,0,"invalid_or_failed_input: fixed-yaw coherent control values","not_run",0,0,0,1412000000,1,1,0,0,0,0
S2,legacy,88,1463000000,0,"invalid_or_failed_input: fixed-yaw coherent control values","not_run",0,0,0,1463000000,1,1,0,0,0,0
S2,legacy,89,1513000000,0,"invalid_or_failed_input: fixed-yaw coherent control values","not_run",0,0,0,1513000000,1,1,0,0,0,0
S2,legacy,90,1563000000,0,"invalid_or_failed_input: fixed-yaw coherent control values","not_run",0,0,0,1563000000,1,1,0,0,0,0
S2,legacy,91,1613000000,0,"invalid_or_failed_input: fixed-yaw coherent control values","not_run",0,0,0,1613000000,1,1,0,0,0,0
S2,legacy,92,1663000000,0,"invalid_or_failed_input: fixed-yaw coherent control values","not_run",0,0,0,1663000000,1,1,0,0,0,0
S2,legacy,93,1713000000,0,"invalid_or_failed_input: fixed-yaw coherent control values","not_run",0,0,0,1713000000,1,1,0,0,0,0
S2,legacy,94,1763000000,0,"invalid_or_failed_input: fixed-yaw coherent control values","not_run",0,0,0,1763000000,1,1,0,0,0,0
S2,legacy,95,1813000000,0,"invalid_or_failed_input: fixed-yaw coherent control values","not_run",0,0,0,1813000000,1,1,0,0,0,0
S2,legacy,96,1863000000,0,"invalid_or_failed_input: fixed-yaw coherent control values","not_run",0,0,0,1863000000,1,1,0,0,0,0
S2,legacy,97,1913000000,0,"invalid_or_failed_input: fixed-yaw coherent control values","not_run",0,0,0,1913000000,1,1,0,0,0,0
S2,legacy,98,1962000000,0,"invalid_or_failed_input: fixed-yaw coherent control values","not_run",0,0,0,1962000000,1,1,0,0,0,0
S2,legacy,99,2013000000,0,"invalid_or_failed_input: fixed-yaw coherent control values","not_run",0,0,0,2013000000,1,1,0,0,0,0
S2,legacy,100,2063000000,0,"invalid_or_failed_input: fixed-yaw coherent control values","not_run",0,0,0,2063000000,1,1,0,0,0,0
S2,legacy,101,2113000000,0,"invalid_or_failed_input: fixed-yaw coherent control values","not_run",0,0,0,2113000000,1,1,0,0,0,0
S2,legacy,102,2163000000,0,"invalid_or_failed_input: fixed-yaw coherent control values","not_run",0,0,0,2163000000,1,1,0,0,0,0
S2,legacy,103,2213000000,0,"invalid_or_failed_input: fixed-yaw coherent control values","not_run",0,0,0,2213000000,1,1,0,0,0,0
S2,legacy,104,2263000000,0,"invalid_or_failed_input: fixed-yaw coherent control values","not_run",0,0,0,2263000000,1,1,0,0,0,0
S2,legacy,105,2313000000,0,"invalid_or_failed_input: fixed-yaw coherent control values","not_run",0,0,0,2313000000,1,1,0,0,0,0
S2,legacy,106,2362000000,0,"invalid_or_failed_input: fixed-yaw coherent control values","not_run",0,0,0,2362000000,1,1,0,0,0,0
S2,legacy,107,2412000000,0,"invalid_or_failed_input: fixed-yaw coherent control values","not_run",0,0,0,2412000000,1,1,0,0,0,0
S2,legacy,108,2463000000,0,"invalid_or_failed_input: fixed-yaw coherent control values","not_run",0,0,0,2463000000,1,1,0,0,0,0
S2,legacy,109,2513000000,0,"invalid_or_failed_input: fixed-yaw coherent control values","not_run",0,0,0,2513000000,1,1,0,0,0,0
S2,legacy,110,2562000000,0,"invalid_or_failed_input: fixed-yaw coherent control values","not_run",0,0,0,2562000000,1,1,0,0,0,0
S2,legacy,111,2613000000,0,"invalid_or_failed_input: fixed-yaw coherent control values","not_run",0,0,0,2613000000,1,1,0,0,0,0
S2,legacy,112,2663000000,0,"invalid_or_failed_input: fixed-yaw coherent control values","not_run",0,0,0,2663000000,1,1,0,0,0,0
S2,legacy,113,2713000000,0,"invalid_or_failed_input: fixed-yaw coherent control values","not_run",0,0,0,2713000000,1,1,0,0,0,0
S2,legacy,114,2763000000,0,"invalid_or_failed_input: fixed-yaw coherent control values","not_run",0,0,0,2763000000,1,1,0,0,0,0
S2,legacy,115,2813000000,0,"invalid_or_failed_input: fixed-yaw coherent control values","not_run",0,0,0,2813000000,1,1,0,0,0,0
S2,legacy,116,2863000000,0,"invalid_or_failed_input: fixed-yaw coherent control values","not_run",0,0,0,2863000000,1,1,0,0,0,0
S2,legacy,117,2913000000,0,"invalid_or_failed_input: fixed-yaw coherent control values","not_run",0,0,0,2913000000,1,1,0,0,0,0
S2,legacy,118,2963000000,0,"invalid_or_failed_input: fixed-yaw coherent control values","not_run",0,0,0,2963000000,1,1,0,0,0,0
S2,legacy,119,3013000000,0,"invalid_or_failed_input: fixed-yaw coherent control values","not_run",0,0,0,3013000000,1,1,0,0,0,0
S2,legacy,120,3063000000,0,"invalid_or_failed_input: fixed-yaw coherent control values","not_run",0,0,0,3063000000,1,1,0,0,0,0
S2,legacy,121,3113000000,0,"invalid_or_failed_input: fixed-yaw coherent control values","not_run",0,0,0,3113000000,1,1,0,0,0,0
S2,legacy,122,3163000000,0,"invalid_or_failed_input: fixed-yaw coherent control values","not_run",0,0,0,3163000000,1,1,0,0,0,0
S2,legacy,123,3213000000,0,"invalid_or_failed_input: fixed-yaw coherent control values","not_run",0,0,0,3213000000,1,1,0,0,0,0
S2,legacy,124,3262000000,0,"invalid_or_failed_input: fixed-yaw coherent control values","not_run",0,0,0,3262000000,1,1,0,0,0,0
S2,legacy,125,3313000000,0,"invalid_or_failed_input: fixed-yaw coherent control values","not_run",0,0,0,3313000000,1,1,0,0,0,0
S2,legacy,126,3363000000,0,"invalid_or_failed_input: fixed-yaw coherent control values","not_run",0,0,0,3363000000,1,1,0,0,0,0
S2,legacy,127,3413000000,0,"invalid_or_failed_input: fixed-yaw coherent control values","not_run",0,0,0,3413000000,1,1,0,0,0,0
S2,legacy,128,3463000000,0,"invalid_or_failed_input: fixed-yaw coherent control values","not_run",0,0,0,3463000000,1,1,0,0,0,0
S2,legacy,129,3513000000,0,"invalid_or_failed_input: fixed-yaw coherent control values","not_run",0,0,0,3513000000,1,1,0,0,0,0
S2,legacy,130,3563000000,0,"invalid_or_failed_input: fixed-yaw coherent control values","not_run",0,0,0,3563000000,1,1,0,0,0,0
S2,legacy,131,3613000000,0,"invalid_or_failed_input: fixed-yaw coherent control values","not_run",0,0,0,3613000000,1,1,0,0,0,0
S2,legacy,132,3662000000,0,"invalid_or_failed_input: fixed-yaw coherent control values","not_run",0,0,0,3662000000,1,1,0,0,0,0
S2,legacy,133,3713000000,0,"invalid_or_failed_input: fixed-yaw coherent control values","not_run",0,0,0,3713000000,1,1,0,0,0,0
S2,legacy,134,3762000000,0,"invalid_or_failed_input: fixed-yaw coherent control values","not_run",0,0,0,3762000000,1,1,0,0,0,0
S2,legacy,135,3813000000,0,"invalid_or_failed_input: fixed-yaw coherent control values","not_run",0,0,0,3813000000,1,1,0,0,0,0
S2,legacy,136,3862000000,0,"invalid_or_failed_input: fixed-yaw coherent control values","not_run",0,0,0,3862000000,1,1,0,0,0,0
S2,legacy,137,3912000000,0,"invalid_or_failed_input: fixed-yaw coherent control values","not_run",0,0,0,3912000000,1,1,0,0,0,0
S2,legacy,138,3963000000,0,"invalid_or_failed_input: fixed-yaw coherent control values","not_run",0,0,0,3963000000,1,1,0,0,0,0
S2,legacy,139,4012000000,0,"invalid_or_failed_input: fixed-yaw coherent control values","not_run",0,0,0,4012000000,1,1,0,0,0,0
S2,legacy,140,4063000000,0,"invalid_or_failed_input: fixed-yaw coherent control values","not_run",0,0,0,4063000000,1,1,0,0,0,0
S2,legacy,141,4112000000,0,"invalid_or_failed_input: fixed-yaw coherent control values","not_run",0,0,0,4112000000,1,1,0,0,0,0
S2,legacy,142,4163000000,0,"invalid_or_failed_input: fixed-yaw coherent control values","not_run",0,0,0,4163000000,1,1,0,0,0,0
S2,legacy,143,4213000000,0,"invalid_or_failed_input: fixed-yaw coherent control values","not_run",0,0,0,4213000000,1,1,0,0,0,0
S2,legacy,144,4262000000,0,"invalid_or_failed_input: fixed-yaw coherent control values","not_run",0,0,0,4262000000,1,1,0,0,0,0
S2,legacy,145,4313000000,0,"invalid_or_failed_input: fixed-yaw coherent control values","not_run",0,0,0,4313000000,1,1,0,0,0,0
S2,legacy,146,4363000000,0,"invalid_or_failed_input: fixed-yaw coherent control values","not_run",0,0,0,4363000000,1,1,0,0,0,0
S2,legacy,147,4413000000,0,"invalid_or_failed_input: fixed-yaw coherent control values","not_run",0,0,0,4413000000,1,1,0,0,0,0
S2,legacy,148,4463000000,0,"invalid_or_failed_input: fixed-yaw coherent control values","not_run",0,0,0,4463000000,1,1,0,0,0,0
S2,legacy,149,4512000000,0,"invalid_or_failed_input: fixed-yaw coherent control values","not_run",0,0,0,4512000000,1,1,0,0,0,0
S2,legacy,150,4563000000,0,"invalid_or_failed_input: fixed-yaw coherent control values","not_run",0,0,0,4563000000,1,1,0,0,0,0
S2,legacy,151,4613000000,0,"invalid_or_failed_input: fixed-yaw coherent control values","not_run",0,0,0,4613000000,1,1,0,0,0,0
S2,legacy,152,4662000000,0,"invalid_or_failed_input: fixed-yaw coherent control values","not_run",0,0,0,4662000000,1,1,0,0,0,0
S2,legacy,153,4712000000,0,"invalid_or_failed_input: fixed-yaw coherent control values","not_run",0,0,0,4712000000,1,1,0,0,0,0
S2,legacy,154,4762000000,0,"invalid_or_failed_input: fixed-yaw coherent control values","not_run",0,0,0,4762000000,1,1,0,0,0,0
S2,legacy,155,4812000000,0,"invalid_or_failed_input: fixed-yaw coherent control values","not_run",0,0,0,4812000000,1,1,0,0,0,0
S2,legacy,156,4862000000,0,"invalid_or_failed_input: fixed-yaw coherent control values","not_run",0,0,0,4862000000,1,1,0,0,0,0
S2,legacy,157,4913000000,0,"invalid_or_failed_input: fixed-yaw coherent control values","not_run",0,0,0,4913000000,1,1,0,0,0,0
S2,legacy,158,4962000000,0,"invalid_or_failed_input: fixed-yaw coherent control values","not_run",0,0,0,4962000000,1,1,0,0,0,0
S2,legacy,159,5013000000,0,"invalid_or_failed_input: fixed-yaw coherent control values","not_run",0,0,0,5013000000,1,1,0,0,0,0
S2,legacy,160,5062000000,0,"invalid_or_failed_input: fixed-yaw coherent control values","not_run",0,0,0,5062000000,1,1,0,0,0,0
S2,legacy,161,5112000000,0,"invalid_or_failed_input: fixed-yaw coherent control values","not_run",0,0,0,5112000000,1,1,0,0,0,0
S2,legacy,162,5162000000,0,"invalid_or_failed_input: fixed-yaw coherent control values","not_run",0,0,0,5162000000,1,1,0,0,0,0
S2,legacy,163,5213000000,0,"invalid_or_failed_input: fixed-yaw coherent control values","not_run",0,0,0,5213000000,1,1,0,0,0,0
S2,legacy,164,5263000000,0,"invalid_or_failed_input: fixed-yaw coherent control values","not_run",0,0,0,5263000000,1,1,0,0,0,0
S2,legacy,165,5313000000,0,"invalid_or_failed_input: fixed-yaw coherent control values","not_run",0,0,0,5313000000,1,1,0,0,0,0
S2,legacy,166,5362000000,0,"invalid_or_failed_input: fixed-yaw coherent control values","not_run",0,0,0,5362000000,1,1,0,0,0,0
S2,legacy,167,5413000000,0,"invalid_or_failed_input: fixed-yaw coherent control values","not_run",0,0,0,5413000000,1,1,0,0,0,0
S2,legacy,168,5463000000,0,"invalid_or_failed_input: fixed-yaw coherent control values","not_run",0,0,0,5463000000,1,1,0,0,0,0
S2,legacy,169,5513000000,0,"invalid_or_failed_input: fixed-yaw coherent control values","not_run",0,0,0,5513000000,1,1,0,0,0,0
S2,legacy,170,5563000000,0,"invalid_or_failed_input: fixed-yaw coherent control values","not_run",0,0,0,5563000000,1,1,0,0,0,0
S2,legacy,171,5612000000,0,"invalid_or_failed_input: fixed-yaw coherent control values","not_run",0,0,0,5612000000,1,1,0,0,0,0
S2,legacy,172,5662000000,0,"invalid_or_failed_input: fixed-yaw coherent control values","not_run",0,0,0,5662000000,1,1,0,0,0,0
S2,legacy,173,5712000000,0,"invalid_or_failed_input: fixed-yaw coherent control values","not_run",0,0,0,5712000000,1,1,0,0,0,0
S2,legacy,174,5763000000,0,"invalid_or_failed_input: fixed-yaw coherent control values","not_run",0,0,0,5763000000,1,1,0,0,0,0
S2,legacy,175,5812000000,0,"invalid_or_failed_input: fixed-yaw coherent control values","not_run",0,0,0,5812000000,1,1,0,0,0,0
S2,legacy,176,5862000000,0,"invalid_or_failed_input: fixed-yaw coherent control values","not_run",0,0,0,5862000000,1,1,0,0,0,0
S2,legacy,177,5912000000,0,"invalid_or_failed_input: fixed-yaw coherent control values","not_run",0,0,0,5912000000,1,1,0,0,0,0
S2,legacy,178,5962000000,0,"invalid_or_failed_input: fixed-yaw coherent control values","not_run",0,0,0,5962000000,1,1,0,0,0,0
S2,legacy,179,6012000000,0,"invalid_or_failed_input: fixed-yaw coherent control values","not_run",0,0,0,6012000000,1,1,0,0,0,0
S2,legacy,180,6062000000,0,"invalid_or_failed_input: fixed-yaw coherent control values","not_run",0,0,0,6062000000,1,1,0,0,0,0
S2,legacy,181,6112000000,0,"invalid_or_failed_input: fixed-yaw coherent control values","not_run",0,0,0,6112000000,1,1,0,0,0,0
S2,legacy,182,6162000000,0,"invalid_or_failed_input: fixed-yaw coherent control values","not_run",0,0,0,6162000000,1,1,0,0,0,0
S2,legacy,183,6212000000,0,"invalid_or_failed_input: fixed-yaw coherent control values","not_run",0,0,0,6212000000,1,1,0,0,0,0
S2,legacy,184,6262000000,0,"invalid_or_failed_input: fixed-yaw coherent control values","not_run",0,0,0,6262000000,1,1,0,0,0,0
S2,legacy,185,6312000000,0,"invalid_or_failed_input: fixed-yaw coherent control values","not_run",0,0,0,6312000000,1,1,0,0,0,0
S2,legacy,186,6362000000,0,"invalid_or_failed_input: fixed-yaw coherent control values","not_run",0,0,0,6362000000,1,1,0,0,0,0
S2,legacy,187,6412000000,0,"invalid_or_failed_input: fixed-yaw coherent control values","not_run",0,0,0,6412000000,1,1,0,0,0,0
S2,legacy,188,6462000000,0,"invalid_or_failed_input: fixed-yaw coherent control values","not_run",0,0,0,6462000000,1,1,0,0,0,0
S2,legacy,189,6512000000,0,"invalid_or_failed_input: fixed-yaw coherent control values","not_run",0,0,0,6512000000,1,1,0,0,0,0
S2,legacy,190,6562000000,0,"invalid_or_failed_input: fixed-yaw coherent control values","not_run",0,0,0,6562000000,1,1,0,0,0,0
S2,legacy,191,6612000000,0,"invalid_or_failed_input: fixed-yaw coherent control values","not_run",0,0,0,6612000000,1,1,0,0,0,0
S2,legacy,192,6662000000,0,"invalid_or_failed_input: fixed-yaw coherent control values","not_run",0,0,0,6662000000,1,1,0,0,0,0
S2,legacy,193,6712000000,0,"invalid_or_failed_input: fixed-yaw coherent control values","not_run",0,0,0,6712000000,1,1,0,0,0,0
S2,legacy,194,6762000000,0,"invalid_or_failed_input: fixed-yaw coherent control values","not_run",0,0,0,6762000000,1,1,0,0,0,0
S2,legacy,195,6812000000,0,"invalid_or_failed_input: fixed-yaw coherent control values","not_run",0,0,0,6812000000,1,1,0,0,0,0
S2,legacy,196,6862000000,0,"invalid_or_failed_input: fixed-yaw coherent control values","not_run",0,0,0,6862000000,1,1,0,0,0,0
S2,legacy,197,6912000000,0,"invalid_or_failed_input: fixed-yaw coherent control values","not_run",0,0,0,6912000000,1,1,0,0,0,0
S2,legacy,198,6962000000,0,"invalid_or_failed_input: fixed-yaw coherent control values","not_run",0,0,0,6962000000,1,1,0,0,0,0
S2,legacy,199,7012000000,0,"invalid_or_failed_input: fixed-yaw coherent control values","not_run",0,0,0,7012000000,1,1,0,0,0,0
S2,legacy,200,7062000000,0,"invalid_or_failed_input: fixed-yaw coherent control values","not_run",0,0,0,7062000000,1,1,0,0,0,0
S2,legacy,201,7112000000,0,"invalid_or_failed_input: fixed-yaw coherent control values","not_run",0,0,0,7112000000,1,1,0,0,0,0
S2,legacy,202,7162000000,0,"invalid_or_failed_input: fixed-yaw coherent control values","not_run",0,0,0,7162000000,1,1,0,0,0,0
S2,legacy,203,7212000000,0,"invalid_or_failed_input: fixed-yaw coherent control values","not_run",0,0,0,7212000000,1,1,0,0,0,0
S2,legacy,204,7262000000,0,"invalid_or_failed_input: fixed-yaw coherent control values","not_run",0,0,0,7262000000,1,1,0,0,0,0
S2,legacy,205,7312000000,0,"invalid_or_failed_input: fixed-yaw coherent control values","not_run",0,0,0,7312000000,1,1,0,0,0,0
S2,legacy,206,7362000000,0,"invalid_or_failed_input: fixed-yaw coherent control values","not_run",0,0,0,7362000000,1,1,0,0,0,0
S2,legacy,207,7412000000,0,"invalid_or_failed_input: fixed-yaw coherent control values","not_run",0,0,0,7412000000,1,1,0,0,0,0
S2,legacy,208,7463000000,0,"invalid_or_failed_input: fixed-yaw coherent control values","not_run",0,0,0,7463000000,1,1,0,0,0,0
S2,legacy,209,7512000000,0,"invalid_or_failed_input: fixed-yaw coherent control values","not_run",0,0,0,7512000000,1,1,0,0,0,0
S2,legacy,210,7562000000,0,"invalid_or_failed_input: fixed-yaw coherent control values","not_run",0,0,0,7562000000,1,1,0,0,0,0
S2,legacy,211,7612000000,0,"invalid_or_failed_input: fixed-yaw coherent control values","not_run",0,0,0,7612000000,1,1,0,0,0,0
S2,legacy,212,7662000000,0,"invalid_or_failed_input: fixed-yaw coherent control values","not_run",0,0,0,7662000000,1,1,0,0,0,0
S2,legacy,213,7712000000,0,"invalid_or_failed_input: fixed-yaw coherent control values","not_run",0,0,0,7712000000,1,1,0,0,0,0
S2,legacy,214,7762000000,0,"invalid_or_failed_input: fixed-yaw coherent control values","not_run",0,0,0,7762000000,1,1,0,0,0,0
S2,legacy,215,7812000000,0,"invalid_or_failed_input: fixed-yaw coherent control values","not_run",0,0,0,7812000000,1,1,0,0,0,0
S2,legacy,216,7862000000,0,"invalid_or_failed_input: fixed-yaw coherent control values","not_run",0,0,0,7862000000,1,1,0,0,0,0
S2,legacy,217,7912000000,0,"invalid_or_failed_input: fixed-yaw coherent control values","not_run",0,0,0,7912000000,1,1,0,0,0,0
S2,legacy,220,8062000000,0,"invalid_or_failed_input: fixed-yaw coherent control values","not_run",0,0,0,8062000000,1,1,0,0,0,0
S2,legacy,221,8112000000,0,"invalid_or_failed_input: fixed-yaw coherent control values","not_run",0,0,0,8112000000,1,1,0,0,0,0
S2,legacy,222,8162000000,0,"invalid_or_failed_input: fixed-yaw coherent control values","not_run",0,0,0,8162000000,1,1,0,0,0,0
S2,legacy,223,8212000000,0,"invalid_or_failed_input: fixed-yaw coherent control values","not_run",0,0,0,8212000000,1,1,0,0,0,0
S2,legacy,224,8262000000,0,"invalid_or_failed_input: fixed-yaw coherent control values","not_run",0,0,0,8262000000,1,1,0,0,0,0
S2,legacy,225,8312000000,0,"invalid_or_failed_input: fixed-yaw coherent control values","not_run",0,0,0,8312000000,1,1,0,0,0,0
S2,legacy,226,8362000000,0,"invalid_or_failed_input: fixed-yaw coherent control values","not_run",0,0,0,8362000000,1,1,0,0,0,0
S2,legacy,227,8413000000,0,"invalid_or_failed_input: fixed-yaw coherent control values","not_run",0,0,0,8413000000,1,1,0,0,0,0
S2,legacy,228,8462000000,0,"invalid_or_failed_input: fixed-yaw coherent control values","not_run",0,0,0,8462000000,1,1,0,0,0,0
S2,legacy,229,8512000000,0,"invalid_or_failed_input: fixed-yaw coherent control values","not_run",0,0,0,8512000000,1,1,0,0,0,0
S2,legacy,230,8562000000,0,"invalid_or_failed_input: fixed-yaw coherent control values","not_run",0,0,0,8562000000,1,1,0,0,0,0
S2,legacy,231,8612000000,0,"invalid_or_failed_input: fixed-yaw coherent control values","not_run",0,0,0,8612000000,1,1,0,0,0,0
S2,legacy,232,8662000000,0,"invalid_or_failed_input: fixed-yaw coherent control values","not_run",0,0,0,8662000000,1,1,0,0,0,0
S2,legacy,233,8712000000,0,"invalid_or_failed_input: fixed-yaw coherent control values","not_run",0,0,0,8712000000,1,1,0,0,0,0
S2,legacy,234,8762000000,0,"invalid_or_failed_input: fixed-yaw coherent control values","not_run",0,0,0,8762000000,1,1,0,0,0,0
S2,legacy,235,8812000000,0,"invalid_or_failed_input: fixed-yaw coherent control values","not_run",0,0,0,8812000000,1,1,0,0,0,0
S2,legacy,236,8862000000,0,"invalid_or_failed_input: fixed-yaw coherent control values","not_run",0,0,0,8862000000,1,1,0,0,0,0
S2,legacy,237,8912000000,0,"invalid_or_failed_input: fixed-yaw coherent control values","not_run",0,0,0,8912000000,1,1,0,0,0,0
S2,legacy,238,8962000000,0,"invalid_or_failed_input: fixed-yaw coherent control values","not_run",0,0,0,8962000000,1,1,0,0,0,0
S2,legacy,239,9012000000,0,"invalid_or_failed_input: fixed-yaw coherent control values","not_run",0,0,0,9012000000,1,1,0,0,0,0
S2,legacy,240,9062000000,0,"invalid_or_failed_input: fixed-yaw coherent control values","not_run",0,0,0,9062000000,1,1,0,0,0,0
S2,legacy,241,9112000000,0,"invalid_or_failed_input: fixed-yaw coherent control values","not_run",0,0,0,9112000000,1,1,0,0,0,0
S2,legacy,242,9162000000,0,"invalid_or_failed_input: fixed-yaw coherent control values","not_run",0,0,0,9162000000,1,1,0,0,0,0
S2,legacy,243,9212000000,0,"invalid_or_failed_input: fixed-yaw coherent control values","not_run",0,0,0,9212000000,1,1,0,0,0,0
S2,legacy,244,9262000000,0,"invalid_or_failed_input: fixed-yaw coherent control values","not_run",0,0,0,9262000000,1,1,0,0,0,0
S2,legacy,245,9312000000,0,"invalid_or_failed_input: fixed-yaw coherent control values","not_run",0,0,0,9312000000,1,1,0,0,0,0
S2,legacy,246,9362000000,0,"invalid_or_failed_input: fixed-yaw coherent control values","not_run",0,0,0,9362000000,1,1,0,0,0,0
S2,legacy,247,9412000000,0,"invalid_or_failed_input: fixed-yaw coherent control values","not_run",0,0,0,9412000000,1,1,0,0,0,0
S2,legacy,248,9462000000,0,"invalid_or_failed_input: fixed-yaw coherent control values","not_run",0,0,0,9462000000,1,1,0,0,0,0
S2,legacy,249,9512000000,0,"invalid_or_failed_input: fixed-yaw coherent control values","not_run",0,0,0,9512000000,1,1,0,0,0,0
S2,legacy,250,9562000000,0,"invalid_or_failed_input: fixed-yaw coherent control values","not_run",0,0,0,9562000000,1,1,0,0,0,0
S2,legacy,251,9612000000,0,"invalid_or_failed_input: fixed-yaw coherent control values","not_run",0,0,0,9612000000,1,1,0,0,0,0
S2,legacy,252,9662000000,0,"invalid_or_failed_input: fixed-yaw coherent control values","not_run",0,0,0,9662000000,1,1,0,0,0,0
S2,legacy,253,9712000000,0,"invalid_or_failed_input: fixed-yaw coherent control values","not_run",0,0,0,9712000000,1,1,0,0,0,0
S2,legacy,254,9762000000,0,"invalid_or_failed_input: fixed-yaw coherent control values","not_run",0,0,0,9762000000,1,1,0,0,0,0
S2,legacy,255,9812000000,0,"invalid_or_failed_input: fixed-yaw coherent control values","not_run",0,0,0,9812000000,1,1,0,0,0,0
S2,legacy,256,9862000000,0,"invalid_or_failed_input: fixed-yaw coherent control values","not_run",0,0,0,9862000000,1,1,0,0,0,0
S2,legacy,257,9912000000,0,"invalid_or_failed_input: fixed-yaw coherent control values","not_run",0,0,0,9912000000,1,1,0,0,0,0
S2,legacy,258,9962000000,0,"invalid_or_failed_input: fixed-yaw coherent control values","not_run",0,0,0,9962000000,1,1,0,0,0,0
S2,legacy,259,10012000000,0,"invalid_or_failed_input: fixed-yaw coherent control values","not_run",0,0,0,10012000000,1,1,0,0,0,0
S2,legacy,260,10062000000,0,"invalid_or_failed_input: fixed-yaw coherent control values","not_run",0,0,0,10062000000,1,1,0,0,0,0
S2,legacy,261,10112000000,0,"invalid_or_failed_input: fixed-yaw coherent control values","not_run",0,0,0,10112000000,1,1,0,0,0,0
S2,legacy,262,10162000000,0,"invalid_or_failed_input: fixed-yaw coherent control values","not_run",0,0,0,10162000000,1,1,0,0,0,0
S2,legacy,263,10212000000,0,"invalid_or_failed_input: fixed-yaw coherent control values","not_run",0,0,0,10212000000,1,1,0,0,0,0
S2,legacy,264,10262000000,0,"invalid_or_failed_input: fixed-yaw coherent control values","not_run",0,0,0,10262000000,1,1,0,0,0,0
S2,legacy,265,10312000000,0,"invalid_or_failed_input: fixed-yaw coherent control values","not_run",0,0,0,10312000000,1,1,0,0,0,0
S2,legacy,266,10362000000,0,"invalid_or_failed_input: fixed-yaw coherent control values","not_run",0,0,0,10362000000,1,1,0,0,0,0
S2,legacy,267,10412000000,0,"invalid_or_failed_input: fixed-yaw coherent control values","not_run",0,0,0,10412000000,1,1,0,0,0,0
S2,legacy,268,10462000000,0,"invalid_or_failed_input: fixed-yaw coherent control values","not_run",0,0,0,10462000000,1,1,0,0,0,0
S2,legacy,269,10512000000,0,"invalid_or_failed_input: fixed-yaw coherent control values","not_run",0,0,0,10512000000,1,1,0,0,0,0
S2,legacy,270,10562000000,0,"invalid_or_failed_input: fixed-yaw coherent control values","not_run",0,0,0,10562000000,1,1,0,0,0,0
S2,legacy,271,10612000000,0,"invalid_or_failed_input: fixed-yaw coherent control values","not_run",0,0,0,10612000000,1,1,0,0,0,0
S2,legacy,272,10662000000,0,"invalid_or_failed_input: fixed-yaw coherent control values","not_run",0,0,0,10662000000,1,1,0,0,0,0
S2,legacy,273,10712000000,0,"invalid_or_failed_input: fixed-yaw coherent control values","not_run",0,0,0,10712000000,1,1,0,0,0,0
S2,legacy,274,10762000000,0,"invalid_or_failed_input: fixed-yaw coherent control values","not_run",0,0,0,10762000000,1,1,0,0,0,0
S2,legacy,275,10812000000,0,"invalid_or_failed_input: fixed-yaw coherent control values","not_run",0,0,0,10812000000,1,1,0,0,0,0
S2,legacy,276,10862000000,0,"invalid_or_failed_input: fixed-yaw coherent control values","not_run",0,0,0,10862000000,1,1,0,0,0,0
S2,legacy,277,10912000000,0,"invalid_or_failed_input: fixed-yaw coherent control values","not_run",0,0,0,10912000000,1,1,0,0,0,0
S2,legacy,278,10962000000,0,"invalid_or_failed_input: fixed-yaw coherent control values","not_run",0,0,0,10962000000,1,1,0,0,0,0
S2,legacy,279,11012000000,0,"invalid_or_failed_input: fixed-yaw coherent control values","not_run",0,0,0,11012000000,1,1,0,0,0,0
S2,legacy,280,11062000000,0,"invalid_or_failed_input: fixed-yaw coherent control values","not_run",0,0,0,11062000000,1,1,0,0,0,0
S2,legacy,281,11112000000,0,"invalid_or_failed_input: fixed-yaw coherent control values","not_run",0,0,0,11112000000,1,1,0,0,0,0
S2,legacy,282,11162000000,0,"invalid_or_failed_input: fixed-yaw coherent control values","not_run",0,0,0,11162000000,1,1,0,0,0,0
S2,legacy,283,11212000000,0,"invalid_or_failed_input: fixed-yaw coherent control values","not_run",0,0,0,11212000000,1,1,0,0,0,0
S2,legacy,284,11262000000,0,"invalid_or_failed_input: fixed-yaw coherent control values","not_run",0,0,0,11262000000,1,1,0,0,0,0
S2,legacy,285,11312000000,0,"invalid_or_failed_input: fixed-yaw coherent control values","not_run",0,0,0,11312000000,1,1,0,0,0,0
S2,legacy,286,11361000000,0,"invalid_or_failed_input: fixed-yaw coherent control values","not_run",0,0,0,11361000000,1,1,0,0,0,0
S2,legacy,287,11411000000,0,"invalid_or_failed_input: fixed-yaw coherent control values","not_run",0,0,0,11411000000,1,1,0,0,0,0
S2,legacy,288,11461000000,0,"invalid_or_failed_input: fixed-yaw coherent control values","not_run",0,0,0,11461000000,1,1,0,0,0,0
S2,legacy,289,11511000000,0,"invalid_or_failed_input: fixed-yaw coherent control values","not_run",0,0,0,11511000000,1,1,0,0,0,0
S2,legacy,290,11561000000,0,"invalid_or_failed_input: fixed-yaw coherent control values","not_run",0,0,0,11561000000,1,1,0,0,0,0
S2,legacy,291,11611000000,0,"invalid_or_failed_input: fixed-yaw coherent control values","not_run",0,0,0,11611000000,1,1,0,0,0,0
S2,legacy,292,11661000000,0,"invalid_or_failed_input: fixed-yaw coherent control values","not_run",0,0,0,11661000000,1,1,0,0,0,0
S2,legacy,293,11711000000,0,"invalid_or_failed_input: fixed-yaw coherent control values","not_run",0,0,0,11711000000,1,1,0,0,0,0
S2,legacy,294,11761000000,0,"invalid_or_failed_input: fixed-yaw coherent control values","not_run",0,0,0,11761000000,1,1,0,0,0,0
S2,legacy,295,11811000000,0,"invalid_or_failed_input: fixed-yaw coherent control values","not_run",0,0,0,11811000000,1,1,0,0,0,0
S2,legacy,296,11861000000,0,"invalid_or_failed_input: fixed-yaw coherent control values","not_run",0,0,0,11861000000,1,1,0,0,0,0
S2,legacy,297,11911000000,0,"invalid_or_failed_input: fixed-yaw coherent control values","not_run",0,0,0,11911000000,1,1,0,0,0,0
S2,legacy,298,11961000000,0,"invalid_or_failed_input: fixed-yaw coherent control values","not_run",0,0,0,11961000000,1,1,0,0,0,0
S2,legacy,299,12011000000,0,"invalid_or_failed_input: fixed-yaw coherent control values","not_run",0,0,0,12011000000,1,1,0,0,0,0
S2,legacy,300,12061000000,0,"invalid_or_failed_input: fixed-yaw coherent control values","not_run",0,0,0,12061000000,1,1,0,0,0,0
S2,legacy,301,12111000000,0,"invalid_or_failed_input: fixed-yaw coherent control values","not_run",0,0,0,12111000000,1,1,0,0,0,0
S2,legacy,302,12161000000,0,"invalid_or_failed_input: fixed-yaw coherent control values","not_run",0,0,0,12161000000,1,1,0,0,0,0
S2,legacy,303,12211000000,0,"invalid_or_failed_input: fixed-yaw coherent control values","not_run",0,0,0,12211000000,1,1,0,0,0,0
S2,legacy,304,12261000000,0,"invalid_or_failed_input: fixed-yaw coherent control values","not_run",0,0,0,12261000000,1,1,0,0,0,0
S2,legacy,305,12311000000,0,"invalid_or_failed_input: fixed-yaw coherent control values","not_run",0,0,0,12311000000,1,1,0,0,0,0
S2,legacy,306,12361000000,0,"invalid_or_failed_input: fixed-yaw coherent control values","not_run",0,0,0,12361000000,1,1,0,0,0,0
S2,legacy,307,12411000000,0,"invalid_or_failed_input: fixed-yaw coherent control values","not_run",0,0,0,12411000000,1,1,0,0,0,0
S2,legacy,308,12461000000,0,"invalid_or_failed_input: fixed-yaw coherent control values","not_run",0,0,0,12461000000,1,1,0,0,0,0
S2,legacy,309,12511000000,0,"invalid_or_failed_input: fixed-yaw coherent control values","not_run",0,0,0,12511000000,1,1,0,0,0,0
S2,legacy,310,12561000000,0,"invalid_or_failed_input: fixed-yaw coherent control values","not_run",0,0,0,12561000000,1,1,0,0,0,0
S2,legacy,311,12611000000,0,"invalid_or_failed_input: fixed-yaw coherent control values","not_run",0,0,0,12611000000,1,1,0,0,0,0
S2,legacy,312,12661000000,0,"invalid_or_failed_input: fixed-yaw coherent control values","not_run",0,0,0,12661000000,1,1,0,0,0,0
S2,legacy,313,12711000000,0,"invalid_or_failed_input: fixed-yaw coherent control values","not_run",0,0,0,12711000000,1,1,0,0,0,0
S2,legacy,314,12761000000,0,"invalid_or_failed_input: fixed-yaw coherent control values","not_run",0,0,0,12761000000,1,1,0,0,0,0
S2,legacy,315,12811000000,0,"invalid_or_failed_input: fixed-yaw coherent control values","not_run",0,0,0,12811000000,1,1,0,0,0,0
S2,legacy,316,12861000000,0,"invalid_or_failed_input: fixed-yaw coherent control values","not_run",0,0,0,12861000000,1,1,0,0,0,0
S2,legacy,317,12911000000,0,"invalid_or_failed_input: fixed-yaw coherent control values","not_run",0,0,0,12911000000,1,1,0,0,0,0
S2,legacy,318,12961000000,0,"invalid_or_failed_input: fixed-yaw coherent control values","not_run",0,0,0,12961000000,1,1,0,0,0,0
S2,legacy,319,13011000000,0,"invalid_or_failed_input: fixed-yaw coherent control values","not_run",0,0,0,13011000000,1,1,0,0,0,0
S2,legacy,320,13061000000,0,"invalid_or_failed_input: fixed-yaw coherent control values","not_run",0,0,0,13061000000,1,1,0,0,0,0
S2,legacy,321,13111000000,0,"invalid_or_failed_input: fixed-yaw coherent control values","not_run",0,0,0,13111000000,1,1,0,0,0,0
S2,legacy,322,13161000000,0,"invalid_or_failed_input: fixed-yaw coherent control values","not_run",0,0,0,13161000000,1,1,0,0,0,0
S2,legacy,323,13211000000,0,"invalid_or_failed_input: fixed-yaw coherent control values","not_run",0,0,0,13211000000,1,1,0,0,0,0
S2,legacy,324,13261000000,0,"invalid_or_failed_input: fixed-yaw coherent control values","not_run",0,0,0,13261000000,1,1,0,0,0,0
S2,legacy,325,13311000000,0,"invalid_or_failed_input: fixed-yaw coherent control values","not_run",0,0,0,13311000000,1,1,0,0,0,0
S2,legacy,326,13361000000,0,"invalid_or_failed_input: fixed-yaw coherent control values","not_run",0,0,0,13361000000,1,1,0,0,0,0
S2,legacy,327,13411000000,0,"invalid_or_failed_input: fixed-yaw coherent control values","not_run",0,0,0,13411000000,1,1,0,0,0,0
S2,legacy,328,13461000000,0,"invalid_or_failed_input: fixed-yaw coherent control values","not_run",0,0,0,13461000000,1,1,0,0,0,0
S2,legacy,329,13511000000,0,"invalid_or_failed_input: fixed-yaw coherent control values","not_run",0,0,0,13511000000,1,1,0,0,0,0
S2,legacy,330,13561000000,0,"invalid_or_failed_input: fixed-yaw coherent control values","not_run",0,0,0,13561000000,1,1,0,0,0,0
S2,legacy,331,13611000000,0,"invalid_or_failed_input: fixed-yaw coherent control values","not_run",0,0,0,13611000000,1,1,0,0,0,0
S2,legacy,332,13661000000,0,"invalid_or_failed_input: fixed-yaw coherent control values","not_run",0,0,0,13661000000,1,1,0,0,0,0
S2,legacy,333,13711000000,0,"invalid_or_failed_input: fixed-yaw coherent control values","not_run",0,0,0,13711000000,1,1,0,0,0,0
S2,legacy,334,13761000000,0,"invalid_or_failed_input: fixed-yaw coherent control values","not_run",0,0,0,13761000000,1,1,0,0,0,0
S2,legacy,335,13811000000,0,"invalid_or_failed_input: fixed-yaw coherent control values","not_run",0,0,0,13811000000,1,1,0,0,0,0
S2,legacy,336,13861000000,0,"invalid_or_failed_input: fixed-yaw coherent control values","not_run",0,0,0,13861000000,1,1,0,0,0,0
S2,legacy,337,13911000000,0,"invalid_or_failed_input: fixed-yaw coherent control values","not_run",0,0,0,13911000000,1,1,0,0,0,0
S2,legacy,338,13961000000,0,"invalid_or_failed_input: fixed-yaw coherent control values","not_run",0,0,0,13961000000,1,1,0,0,0,0
S2,legacy,339,14011000000,0,"invalid_or_failed_input: fixed-yaw coherent control values","not_run",0,0,0,14011000000,1,1,0,0,0,0
S2,legacy,340,14061000000,0,"invalid_or_failed_input: fixed-yaw coherent control values","not_run",0,0,0,14061000000,1,1,0,0,0,0
S2,legacy,341,14111000000,0,"invalid_or_failed_input: fixed-yaw coherent control values","not_run",0,0,0,14111000000,1,1,0,0,0,0
S2,legacy,342,14161000000,0,"invalid_or_failed_input: fixed-yaw coherent control values","not_run",0,0,0,14161000000,1,1,0,0,0,0
S2,legacy,343,14211000000,0,"invalid_or_failed_input: fixed-yaw coherent control values","not_run",0,0,0,14211000000,1,1,0,0,0,0
S2,legacy,344,14261000000,0,"invalid_or_failed_input: fixed-yaw coherent control values","not_run",0,0,0,14261000000,1,1,0,0,0,0
S2,legacy,345,14311000000,0,"invalid_or_failed_input: fixed-yaw coherent control values","not_run",0,0,0,14311000000,1,1,0,0,0,0
S2,legacy,346,14361000000,0,"invalid_or_failed_input: fixed-yaw coherent control values","not_run",0,0,0,14361000000,1,1,0,0,0,0
S2,legacy,347,14411000000,0,"invalid_or_failed_input: fixed-yaw coherent control values","not_run",0,0,0,14411000000,1,1,0,0,0,0
S2,legacy,348,14461000000,0,"invalid_or_failed_input: fixed-yaw coherent control values","not_run",0,0,0,14461000000,1,1,0,0,0,0
S2,legacy,349,14511000000,0,"invalid_or_failed_input: fixed-yaw coherent control values","not_run",0,0,0,14511000000,1,1,0,0,0,0
S2,legacy,350,14561000000,0,"invalid_or_failed_input: fixed-yaw coherent control values","not_run",0,0,0,14561000000,1,1,0,0,0,0
S2,legacy,351,14611000000,0,"invalid_or_failed_input: fixed-yaw coherent control values","not_run",0,0,0,14611000000,1,1,0,0,0,0
S2,legacy,352,14661000000,0,"invalid_or_failed_input: fixed-yaw coherent control values","not_run",0,0,0,14661000000,1,1,0,0,0,0
S2,legacy,353,14711000000,0,"invalid_or_failed_input: fixed-yaw coherent control values","not_run",0,0,0,14711000000,1,1,0,0,0,0
S2,legacy,354,14761000000,0,"invalid_or_failed_input: fixed-yaw coherent control values","not_run",0,0,0,14761000000,1,1,0,0,0,0
S2,legacy,355,14811000000,0,"invalid_or_failed_input: fixed-yaw coherent control values","not_run",0,0,0,14811000000,1,1,0,0,0,0
S2,legacy,356,14861000000,0,"invalid_or_failed_input: fixed-yaw coherent control values","not_run",0,0,0,14861000000,1,1,0,0,0,0
S2,legacy,357,14911000000,0,"invalid_or_failed_input: fixed-yaw coherent control values","not_run",0,0,0,14911000000,1,1,0,0,0,0
S2,legacy,358,14961000000,0,"invalid_or_failed_input: fixed-yaw coherent control values","not_run",0,0,0,14961000000,1,1,0,0,0,0
S2,legacy,359,15011000000,0,"invalid_or_failed_input: fixed-yaw coherent control values","not_run",0,0,0,15011000000,1,1,0,0,0,0
S2,legacy,360,15061000000,0,"invalid_or_failed_input: fixed-yaw coherent control values","not_run",0,0,0,15061000000,1,1,0,0,0,0
S2,legacy,361,15111000000,0,"invalid_or_failed_input: fixed-yaw coherent control values","not_run",0,0,0,15111000000,1,1,0,0,0,0
S2,legacy,362,15161000000,0,"invalid_or_failed_input: fixed-yaw coherent control values","not_run",0,0,0,15161000000,1,1,0,0,0,0
S2,legacy,363,15211000000,0,"invalid_or_failed_input: fixed-yaw coherent control values","not_run",0,0,0,15211000000,1,1,0,0,0,0
S2,legacy,364,15261000000,0,"invalid_or_failed_input: fixed-yaw coherent control values","not_run",0,0,0,15261000000,1,1,0,0,0,0
S2,legacy,365,15311000000,0,"invalid_or_failed_input: fixed-yaw coherent control values","not_run",0,0,0,15311000000,1,1,0,0,0,0
S2,legacy,366,15361000000,0,"invalid_or_failed_input: fixed-yaw coherent control values","not_run",0,0,0,15361000000,1,1,0,0,0,0
S2,legacy,367,15411000000,0,"invalid_or_failed_input: fixed-yaw coherent control values","not_run",0,0,0,15411000000,1,1,0,0,0,0
S2,legacy,368,15461000000,0,"invalid_or_failed_input: fixed-yaw coherent control values","not_run",0,0,0,15461000000,1,1,0,0,0,0
S2,legacy,369,15511000000,0,"invalid_or_failed_input: fixed-yaw coherent control values","not_run",0,0,0,15511000000,1,1,0,0,0,0
S2,legacy,370,15561000000,0,"invalid_or_failed_input: fixed-yaw coherent control values","not_run",0,0,0,15561000000,1,1,0,0,0,0
S2,legacy,371,15611000000,0,"invalid_or_failed_input: fixed-yaw coherent control values","not_run",0,0,0,15611000000,1,1,0,0,0,0
S2,legacy,372,15661000000,0,"invalid_or_failed_input: fixed-yaw coherent control values","not_run",0,0,0,15661000000,1,1,0,0,0,0
S2,legacy,373,15711000000,0,"invalid_or_failed_input: fixed-yaw coherent control values","not_run",0,0,0,15711000000,1,1,0,0,0,0
S2,legacy,374,15761000000,0,"invalid_or_failed_input: fixed-yaw coherent control values","not_run",0,0,0,15761000000,1,1,0,0,0,0
S2,legacy,375,15811000000,0,"invalid_or_failed_input: fixed-yaw coherent control values","not_run",0,0,0,15811000000,1,1,0,0,0,0
S2,legacy,376,15861000000,0,"invalid_or_failed_input: fixed-yaw coherent control values","not_run",0,0,0,15861000000,1,1,0,0,0,0
S2,legacy,377,15911000000,0,"invalid_or_failed_input: fixed-yaw coherent control values","not_run",0,0,0,15911000000,1,1,0,0,0,0
S2,legacy,378,15961000000,0,"invalid_or_failed_input: fixed-yaw coherent control values","not_run",0,0,0,15961000000,1,1,0,0,0,0
S2,legacy,379,16011000000,0,"invalid_or_failed_input: fixed-yaw coherent control values","not_run",0,0,0,16011000000,1,1,0,0,0,0
S2,legacy,380,16061000000,0,"invalid_or_failed_input: fixed-yaw coherent control values","not_run",0,0,0,16061000000,1,1,0,0,0,0
S2,legacy,381,16111000000,0,"invalid_or_failed_input: fixed-yaw coherent control values","not_run",0,0,0,16111000000,1,1,0,0,0,0
S2,legacy,382,16161000000,0,"invalid_or_failed_input: fixed-yaw coherent control values","not_run",0,0,0,16161000000,1,1,0,0,0,0
S2,legacy,383,16211000000,0,"invalid_or_failed_input: fixed-yaw coherent control values","not_run",0,0,0,16211000000,1,1,0,0,0,0
S2,legacy,384,16261000000,0,"invalid_or_failed_input: fixed-yaw coherent control values","not_run",0,0,0,16261000000,1,1,0,0,0,0
S2,legacy,385,16311000000,0,"invalid_or_failed_input: fixed-yaw coherent control values","not_run",0,0,0,16311000000,1,1,0,0,0,0
S2,legacy,386,16361000000,0,"invalid_or_failed_input: fixed-yaw coherent control values","not_run",0,0,0,16361000000,1,1,0,0,0,0
S2,legacy,387,16411000000,0,"invalid_or_failed_input: fixed-yaw coherent control values","not_run",0,0,0,16411000000,1,1,0,0,0,0
S2,legacy,388,16461000000,0,"invalid_or_failed_input: fixed-yaw coherent control values","not_run",0,0,0,16461000000,1,1,0,0,0,0
S2,legacy,389,16511000000,0,"invalid_or_failed_input: fixed-yaw coherent control values","not_run",0,0,0,16511000000,1,1,0,0,0,0
S2,legacy,390,16561000000,0,"invalid_or_failed_input: fixed-yaw coherent control values","not_run",0,0,0,16561000000,1,1,0,0,0,0
S2,legacy,391,16611000000,0,"invalid_or_failed_input: fixed-yaw coherent control values","not_run",0,0,0,16611000000,1,1,0,0,0,0
S2,legacy,392,16661000000,0,"invalid_or_failed_input: fixed-yaw coherent control values","not_run",0,0,0,16661000000,1,1,0,0,0,0
S2,legacy,393,16711000000,0,"invalid_or_failed_input: fixed-yaw coherent control values","not_run",0,0,0,16711000000,1,1,0,0,0,0
S2,legacy,394,16761000000,0,"invalid_or_failed_input: fixed-yaw coherent control values","not_run",0,0,0,16761000000,1,1,0,0,0,0
S2,legacy,395,16811000000,0,"invalid_or_failed_input: fixed-yaw coherent control values","not_run",0,0,0,16811000000,1,1,0,0,0,0
S2,legacy,396,16861000000,0,"invalid_or_failed_input: fixed-yaw coherent control values","not_run",0,0,0,16861000000,1,1,0,0,0,0
S2,legacy,397,16911000000,0,"invalid_or_failed_input: fixed-yaw coherent control values","not_run",0,0,0,16911000000,1,1,0,0,0,0
S2,legacy,398,16961000000,0,"invalid_or_failed_input: fixed-yaw coherent control values","not_run",0,0,0,16961000000,1,1,0,0,0,0
S2,legacy,399,17011000000,0,"invalid_or_failed_input: fixed-yaw coherent control values","not_run",0,0,0,17011000000,1,1,0,0,0,0
S2,legacy,400,17061000000,0,"invalid_or_failed_input: fixed-yaw coherent control values","not_run",0,0,0,17061000000,1,1,0,0,0,0
S2,legacy,401,17111000000,0,"invalid_or_failed_input: fixed-yaw coherent control values","not_run",0,0,0,17111000000,1,1,0,0,0,0
S2,legacy,402,17161000000,0,"invalid_or_failed_input: fixed-yaw coherent control values","not_run",0,0,0,17161000000,1,1,0,0,0,0
S2,legacy,403,17211000000,0,"invalid_or_failed_input: fixed-yaw coherent control values","not_run",0,0,0,17211000000,1,1,0,0,0,0
S2,legacy,404,17261000000,0,"invalid_or_failed_input: fixed-yaw coherent control values","not_run",0,0,0,17261000000,1,1,0,0,0,0
S2,legacy,405,17311000000,0,"invalid_or_failed_input: fixed-yaw coherent control values","not_run",0,0,0,17311000000,1,1,0,0,0,0
S2,legacy,406,17361000000,0,"invalid_or_failed_input: fixed-yaw coherent control values","not_run",0,0,0,17361000000,1,1,0,0,0,0
S2,legacy,407,17411000000,0,"invalid_or_failed_input: fixed-yaw coherent control values","not_run",0,0,0,17411000000,1,1,0,0,0,0
S2,legacy,408,17461000000,0,"invalid_or_failed_input: fixed-yaw coherent control values","not_run",0,0,0,17461000000,1,1,0,0,0,0
S2,legacy,409,17511000000,0,"invalid_or_failed_input: fixed-yaw coherent control values","not_run",0,0,0,17511000000,1,1,0,0,0,0
S2,legacy,410,17561000000,0,"invalid_or_failed_input: fixed-yaw coherent control values","not_run",0,0,0,17561000000,1,1,0,0,0,0
S2,legacy,411,17611000000,0,"invalid_or_failed_input: fixed-yaw coherent control values","not_run",0,0,0,17611000000,1,1,0,0,0,0
S2,legacy,412,17661000000,0,"invalid_or_failed_input: fixed-yaw coherent control values","not_run",0,0,0,17661000000,1,1,0,0,0,0
S2,legacy,413,17711000000,0,"invalid_or_failed_input: fixed-yaw coherent control values","not_run",0,0,0,17711000000,1,1,0,0,0,0
S2,legacy,414,17761000000,0,"invalid_or_failed_input: fixed-yaw coherent control values","not_run",0,0,0,17761000000,1,1,0,0,0,0
S2,legacy,415,17811000000,0,"invalid_or_failed_input: fixed-yaw coherent control values","not_run",0,0,0,17811000000,1,1,0,0,0,0
S2,legacy,416,17861000000,0,"invalid_or_failed_input: fixed-yaw coherent control values","not_run",0,0,0,17861000000,1,1,0,0,0,0
S2,legacy,417,17911000000,0,"invalid_or_failed_input: fixed-yaw coherent control values","not_run",0,0,0,17911000000,1,1,0,0,0,0
S2,legacy,418,17961000000,0,"invalid_or_failed_input: fixed-yaw coherent control values","not_run",0,0,0,17961000000,1,1,0,0,0,0
S2,legacy,419,18011000000,0,"invalid_or_failed_input: fixed-yaw coherent control values","not_run",0,0,0,18011000000,1,1,0,0,0,0
S2,legacy,420,18061000000,0,"invalid_or_failed_input: fixed-yaw coherent control values","not_run",0,0,0,18061000000,1,1,0,0,0,0
S2,legacy,421,18111000000,0,"invalid_or_failed_input: fixed-yaw coherent control values","not_run",0,0,0,18111000000,1,1,0,0,0,0
S2,legacy,422,18161000000,0,"invalid_or_failed_input: fixed-yaw coherent control values","not_run",0,0,0,18161000000,1,1,0,0,0,0
S2,legacy,423,18211000000,0,"invalid_or_failed_input: fixed-yaw coherent control values","not_run",0,0,0,18211000000,1,1,0,0,0,0
S2,legacy,424,18261000000,0,"invalid_or_failed_input: fixed-yaw coherent control values","not_run",0,0,0,18261000000,1,1,0,0,0,0
S2,legacy,425,18311000000,0,"invalid_or_failed_input: fixed-yaw coherent control values","not_run",0,0,0,18311000000,1,1,0,0,0,0
S2,legacy,426,18361000000,0,"invalid_or_failed_input: fixed-yaw coherent control values","not_run",0,0,0,18361000000,1,1,0,0,0,0
S2,legacy,427,18411000000,0,"invalid_or_failed_input: fixed-yaw coherent control values","not_run",0,0,0,18411000000,1,1,0,0,0,0
S2,legacy,428,18461000000,0,"invalid_or_failed_input: fixed-yaw coherent control values","not_run",0,0,0,18461000000,1,1,0,0,0,0
S2,legacy,429,18511000000,0,"invalid_or_failed_input: fixed-yaw coherent control values","not_run",0,0,0,18511000000,1,1,0,0,0,0
S2,legacy,430,18561000000,0,"invalid_or_failed_input: fixed-yaw coherent control values","not_run",0,0,0,18561000000,1,1,0,0,0,0
S2,legacy,431,18611000000,0,"invalid_or_failed_input: fixed-yaw coherent control values","not_run",0,0,0,18611000000,1,1,0,0,0,0
S2,legacy,432,18661000000,0,"invalid_or_failed_input: fixed-yaw coherent control values","not_run",0,0,0,18661000000,1,1,0,0,0,0
S2,legacy,433,18711000000,0,"invalid_or_failed_input: fixed-yaw coherent control values","not_run",0,0,0,18711000000,1,1,0,0,0,0
S2,legacy,434,18761000000,0,"invalid_or_failed_input: fixed-yaw coherent control values","not_run",0,0,0,18761000000,1,1,0,0,0,0
S2,legacy,435,18811000000,0,"invalid_or_failed_input: fixed-yaw coherent control values","not_run",0,0,0,18811000000,1,1,0,0,0,0
S2,legacy,436,18861000000,0,"invalid_or_failed_input: fixed-yaw coherent control values","not_run",0,0,0,18861000000,1,1,0,0,0,0
S2,legacy,437,18911000000,0,"invalid_or_failed_input: fixed-yaw coherent control values","not_run",0,0,0,18911000000,1,1,0,0,0,0
S2,legacy,438,18961000000,0,"invalid_or_failed_input: fixed-yaw coherent control values","not_run",0,0,0,18961000000,1,1,0,0,0,0
S2,legacy,439,19011000000,0,"invalid_or_failed_input: fixed-yaw coherent control values","not_run",0,0,0,19011000000,1,1,0,0,0,0
S2,legacy,440,19061000000,0,"invalid_or_failed_input: fixed-yaw coherent control values","not_run",0,0,0,19061000000,1,1,0,0,0,0
S2,legacy,441,19111000000,0,"invalid_or_failed_input: fixed-yaw coherent control values","not_run",0,0,0,19111000000,1,1,0,0,0,0
S2,legacy,442,19161000000,0,"invalid_or_failed_input: fixed-yaw coherent control values","not_run",0,0,0,19161000000,1,1,0,0,0,0
S2,legacy,443,19211000000,0,"invalid_or_failed_input: fixed-yaw coherent control values","not_run",0,0,0,19211000000,1,1,0,0,0,0
S2,legacy,444,19261000000,0,"invalid_or_failed_input: fixed-yaw coherent control values","not_run",0,0,0,19261000000,1,1,0,0,0,0
S2,legacy,445,19311000000,0,"invalid_or_failed_input: fixed-yaw coherent control values","not_run",0,0,0,19311000000,1,1,0,0,0,0
S2,legacy,446,19361000000,0,"invalid_or_failed_input: fixed-yaw coherent control values","not_run",0,0,0,19361000000,1,1,0,0,0,0
S2,legacy,447,19411000000,0,"invalid_or_failed_input: fixed-yaw coherent control values","not_run",0,0,0,19411000000,1,1,0,0,0,0
S2,legacy,448,19461000000,0,"invalid_or_failed_input: fixed-yaw coherent control values","not_run",0,0,0,19461000000,1,1,0,0,0,0
S2,legacy,449,19511000000,0,"invalid_or_failed_input: fixed-yaw coherent control values","not_run",0,0,0,19511000000,1,1,0,0,0,0
S2,legacy,450,19561000000,0,"invalid_or_failed_input: fixed-yaw coherent control values","not_run",0,0,0,19561000000,1,1,0,0,0,0
S2,legacy,451,19611000000,0,"invalid_or_failed_input: fixed-yaw coherent control values","not_run",0,0,0,19611000000,1,1,0,0,0,0
S2,legacy,452,19661000000,0,"invalid_or_failed_input: fixed-yaw coherent control values","not_run",0,0,0,19661000000,1,1,0,0,0,0
S2,legacy,453,19711000000,0,"invalid_or_failed_input: fixed-yaw coherent control values","not_run",0,0,0,19711000000,1,1,0,0,0,0
S2,legacy,454,19761000000,0,"invalid_or_failed_input: fixed-yaw coherent control values","not_run",0,0,0,19761000000,1,1,0,0,0,0
S2,legacy,455,19811000000,0,"invalid_or_failed_input: fixed-yaw coherent control values","not_run",0,0,0,19811000000,1,1,0,0,0,0
S2,legacy,456,19861000000,0,"invalid_or_failed_input: fixed-yaw coherent control values","not_run",0,0,0,19861000000,1,1,0,0,0,0
S2,legacy,457,19911000000,0,"invalid_or_failed_input: fixed-yaw coherent control values","not_run",0,0,0,19911000000,1,1,0,0,0,0
S2,legacy,458,19961000000,0,"invalid_or_failed_input: fixed-yaw coherent control values","not_run",0,0,0,19961000000,1,1,0,0,0,0
S2,legacy,459,20011000000,0,"invalid_or_failed_input: fixed-yaw coherent control values","not_run",0,0,0,20011000000,1,1,0,0,0,0
S2,legacy,460,20061000000,0,"invalid_or_failed_input: fixed-yaw coherent control values","not_run",0,0,0,20061000000,1,1,0,0,0,0
S2,legacy,461,20111000000,0,"invalid_or_failed_input: fixed-yaw coherent control values","not_run",0,0,0,20111000000,1,1,0,0,0,0
S2,legacy,462,20161000000,0,"invalid_or_failed_input: fixed-yaw coherent control values","not_run",0,0,0,20161000000,1,1,0,0,0,0
S2,legacy,463,20211000000,0,"invalid_or_failed_input: fixed-yaw coherent control values","not_run",0,0,0,20211000000,1,1,0,0,0,0
S2,legacy,464,20261000000,0,"invalid_or_failed_input: fixed-yaw coherent control values","not_run",0,0,0,20261000000,1,1,0,0,0,0
S2,legacy,465,20311000000,0,"invalid_or_failed_input: fixed-yaw coherent control values","not_run",0,0,0,20311000000,1,1,0,0,0,0
S2,legacy,466,20361000000,0,"invalid_or_failed_input: fixed-yaw coherent control values","not_run",0,0,0,20361000000,1,1,0,0,0,0
S2,legacy,467,20411000000,0,"invalid_or_failed_input: fixed-yaw coherent control values","not_run",0,0,0,20411000000,1,1,0,0,0,0
S2,legacy,468,20461000000,0,"invalid_or_failed_input: fixed-yaw coherent control values","not_run",0,0,0,20461000000,1,1,0,0,0,0
S2,legacy,469,20511000000,0,"invalid_or_failed_input: fixed-yaw coherent control values","not_run",0,0,0,20511000000,1,1,0,0,0,0
S2,legacy,470,20561000000,0,"invalid_or_failed_input: fixed-yaw coherent control values","not_run",0,0,0,20561000000,1,1,0,0,0,0
S2,legacy,471,20611000000,0,"invalid_or_failed_input: fixed-yaw coherent control values","not_run",0,0,0,20611000000,1,1,0,0,0,0
S2,legacy,472,20661000000,0,"invalid_or_failed_input: fixed-yaw coherent control values","not_run",0,0,0,20661000000,1,1,0,0,0,0
S2,legacy,473,20711000000,0,"invalid_or_failed_input: fixed-yaw coherent control values","not_run",0,0,0,20711000000,1,1,0,0,0,0
S2,legacy,474,20761000000,0,"invalid_or_failed_input: fixed-yaw coherent control values","not_run",0,0,0,20761000000,1,1,0,0,0,0
S2,legacy,475,20811000000,0,"invalid_or_failed_input: fixed-yaw coherent control values","not_run",0,0,0,20811000000,1,1,0,0,0,0
S2,legacy,476,20861000000,0,"invalid_or_failed_input: fixed-yaw coherent control values","not_run",0,0,0,20861000000,1,1,0,0,0,0
S2,legacy,477,20911000000,0,"invalid_or_failed_input: fixed-yaw coherent control values","not_run",0,0,0,20911000000,1,1,0,0,0,0
S2,legacy,478,20961000000,0,"invalid_or_failed_input: fixed-yaw coherent control values","not_run",0,0,0,20961000000,1,1,0,0,0,0
S2,legacy,479,21011000000,0,"invalid_or_failed_input: fixed-yaw coherent control values","not_run",0,0,0,21011000000,1,1,0,0,0,0
S2,legacy,480,21061000000,0,"invalid_or_failed_input: fixed-yaw coherent control values","not_run",0,0,0,21061000000,1,1,0,0,0,0
S2,legacy,481,21111000000,0,"invalid_or_failed_input: fixed-yaw coherent control values","not_run",0,0,0,21111000000,1,1,0,0,0,0
S2,legacy,482,21161000000,0,"invalid_or_failed_input: fixed-yaw coherent control values","not_run",0,0,0,21161000000,1,1,0,0,0,0
S2,legacy,483,21211000000,0,"invalid_or_failed_input: fixed-yaw coherent control values","not_run",0,0,0,21211000000,1,1,0,0,0,0
S2,legacy,484,21261000000,0,"invalid_or_failed_input: fixed-yaw coherent control values","not_run",0,0,0,21261000000,1,1,0,0,0,0
S2,legacy,485,21311000000,0,"invalid_or_failed_input: fixed-yaw coherent control values","not_run",0,0,0,21311000000,1,1,0,0,0,0
S2,legacy,486,21361000000,0,"invalid_or_failed_input: fixed-yaw coherent control values","not_run",0,0,0,21361000000,1,1,0,0,0,0
S2,legacy,487,21411000000,0,"invalid_or_failed_input: fixed-yaw coherent control values","not_run",0,0,0,21411000000,1,1,0,0,0,0
S2,legacy,488,21461000000,0,"invalid_or_failed_input: fixed-yaw coherent control values","not_run",0,0,0,21461000000,1,1,0,0,0,0
S2,legacy,489,21511000000,0,"invalid_or_failed_input: fixed-yaw coherent control values","not_run",0,0,0,21511000000,1,1,0,0,0,0
S2,legacy,490,21561000000,0,"invalid_or_failed_input: fixed-yaw coherent control values","not_run",0,0,0,21561000000,1,1,0,0,0,0
S2,legacy,491,21611000000,0,"invalid_or_failed_input: fixed-yaw coherent control values","not_run",0,0,0,21611000000,1,1,0,0,0,0
S2,legacy,492,21661000000,0,"invalid_or_failed_input: fixed-yaw coherent control values","not_run",0,0,0,21661000000,1,1,0,0,0,0
S2,legacy,493,21711000000,0,"invalid_or_failed_input: fixed-yaw coherent control values","not_run",0,0,0,21711000000,1,1,0,0,0,0
S2,legacy,494,21761000000,0,"invalid_or_failed_input: fixed-yaw coherent control values","not_run",0,0,0,21761000000,1,1,0,0,0,0
S2,legacy,495,21811000000,0,"invalid_or_failed_input: fixed-yaw coherent control values","not_run",0,0,0,21811000000,1,1,0,0,0,0
S2,legacy,496,21861000000,0,"invalid_or_failed_input: fixed-yaw coherent control values","not_run",0,0,0,21861000000,1,1,0,0,0,0
S2,legacy,497,21909000000,0,"invalid_or_failed_input: fixed-yaw coherent control values","not_run",0,0,0,21909000000,1,1,0,0,0,0
S2,legacy,498,21959000000,0,"invalid_or_failed_input: fixed-yaw coherent control values","not_run",0,0,0,21959000000,1,1,0,0,0,0
S2,legacy,499,22009000000,0,"invalid_or_failed_input: fixed-yaw coherent control values","not_run",0,0,0,22009000000,1,1,0,0,0,0
S2,legacy,500,22059000000,0,"invalid_or_failed_input: fixed-yaw coherent control values","not_run",0,0,0,22059000000,1,1,0,0,0,0
S2,legacy,501,22109000000,0,"invalid_or_failed_input: fixed-yaw coherent control values","not_run",0,0,0,22109000000,1,1,0,0,0,0
S2,legacy,502,22159000000,0,"invalid_or_failed_input: fixed-yaw coherent control values","not_run",0,0,0,22159000000,1,1,0,0,0,0
S2,legacy,503,22209000000,0,"invalid_or_failed_input: fixed-yaw coherent control values","not_run",0,0,0,22209000000,1,1,0,0,0,0
S2,legacy,504,22259000000,0,"invalid_or_failed_input: fixed-yaw coherent control values","not_run",0,0,0,22259000000,1,1,0,0,0,0
S2,legacy,505,22309000000,0,"invalid_or_failed_input: fixed-yaw coherent control values","not_run",0,0,0,22309000000,1,1,0,0,0,0
S2,legacy,506,22359000000,0,"invalid_or_failed_input: fixed-yaw coherent control values","not_run",0,0,0,22359000000,1,1,0,0,0,0
S2,legacy,507,22409000000,0,"invalid_or_failed_input: fixed-yaw coherent control values","not_run",0,0,0,22409000000,1,1,0,0,0,0
S2,legacy,508,22459000000,0,"invalid_or_failed_input: fixed-yaw coherent control values","not_run",0,0,0,22459000000,1,1,0,0,0,0
S2,legacy,509,22509000000,0,"invalid_or_failed_input: fixed-yaw coherent control values","not_run",0,0,0,22509000000,1,1,0,0,0,0
S2,legacy,510,22559000000,0,"invalid_or_failed_input: fixed-yaw coherent control values","not_run",0,0,0,22559000000,1,1,0,0,0,0
S2,legacy,511,22609000000,0,"invalid_or_failed_input: fixed-yaw coherent control values","not_run",0,0,0,22609000000,1,1,0,0,0,0
S2,legacy,512,22659000000,0,"invalid_or_failed_input: fixed-yaw coherent control values","not_run",0,0,0,22659000000,1,1,0,0,0,0
S2,legacy,513,22709000000,0,"invalid_or_failed_input: fixed-yaw coherent control values","not_run",0,0,0,22709000000,1,1,0,0,0,0
S2,legacy,514,22759000000,0,"invalid_or_failed_input: fixed-yaw coherent control values","not_run",0,0,0,22759000000,1,1,0,0,0,0
S2,legacy,515,22809000000,0,"invalid_or_failed_input: fixed-yaw coherent control values","not_run",0,0,0,22809000000,1,1,0,0,0,0
S2,legacy,516,22859000000,0,"invalid_or_failed_input: fixed-yaw coherent control values","not_run",0,0,0,22859000000,1,1,0,0,0,0
S2,legacy,517,22909000000,0,"invalid_or_failed_input: fixed-yaw coherent control values","not_run",0,0,0,22909000000,1,1,0,0,0,0
S2,legacy,518,22959000000,0,"invalid_or_failed_input: fixed-yaw coherent control values","not_run",0,0,0,22959000000,1,1,0,0,0,0
S2,legacy,519,23009000000,0,"invalid_or_failed_input: fixed-yaw coherent control values","not_run",0,0,0,23009000000,1,1,0,0,0,0
S2,legacy,520,23059000000,0,"invalid_or_failed_input: fixed-yaw coherent control values","not_run",0,0,0,23059000000,1,1,0,0,0,0
S2,legacy,521,23109000000,0,"invalid_or_failed_input: fixed-yaw coherent control values","not_run",0,0,0,23109000000,1,1,0,0,0,0
S2,separate_seed_warm,79,1013000000,1,"solved_soft_dynamic","solved",130,0,0,1013000000,1,1,0,0.049883054963173627,5.4578255120834612e-05,0
S2,separate_seed_warm,80,1062000000,1,"solved_soft_dynamic","solved",70,0.049883054963173627,5.4578255120834612e-05,1013000000,0,0,1,0.094843284025712696,0.00010502019131542453,0
S2,separate_seed_warm,81,1113000000,1,"solved_soft_dynamic","solved",90,0.094843284025712696,0.00010502019131542453,1062000000,0,0,1,0.13387056510111822,0.00014978900427326707,0
S2,separate_seed_warm,82,1163000000,1,"solved_soft_dynamic","solved",90,0.13387056510111822,0.00014978900427326707,1113000000,0,0,1,0.16774781833031827,0.00018984858792194941,0
S2,separate_seed_warm,83,1213000000,1,"solved_soft_dynamic","solved",90,0.16774781833031827,0.00018984858792194941,1163000000,0,0,1,0.19715463302265748,0.00022541265893710931,0
S2,separate_seed_warm,84,1263000000,0,"invalid_or_failed_input: fixed-yaw coherent control values","not_run",0,0.19715463302265748,0.00022541265893710931,1213000000,0,1,0,0,0,0
S2,separate_seed_warm,85,1313000000,0,"invalid_or_failed_input: fixed-yaw coherent control values","not_run",0,0,0,1313000000,1,1,0,0,0,0
S2,separate_seed_warm,86,1363000000,0,"invalid_or_failed_input: fixed-yaw coherent control values","not_run",0,0,0,1363000000,1,1,0,0,0,0
S2,separate_seed_warm,87,1412000000,0,"invalid_or_failed_input: fixed-yaw coherent control values","not_run",0,0,0,1412000000,1,1,0,0,0,0
S2,separate_seed_warm,88,1463000000,0,"invalid_or_failed_input: fixed-yaw coherent control values","not_run",0,0,0,1463000000,1,1,0,0,0,0
S2,separate_seed_warm,89,1513000000,0,"invalid_or_failed_input: fixed-yaw coherent control values","not_run",0,0,0,1513000000,1,1,0,0,0,0
S2,separate_seed_warm,90,1563000000,0,"invalid_or_failed_input: fixed-yaw coherent control values","not_run",0,0,0,1563000000,1,1,0,0,0,0
S2,separate_seed_warm,91,1613000000,0,"invalid_or_failed_input: fixed-yaw coherent control values","not_run",0,0,0,1613000000,1,1,0,0,0,0
S2,separate_seed_warm,92,1663000000,0,"invalid_or_failed_input: fixed-yaw coherent control values","not_run",0,0,0,1663000000,1,1,0,0,0,0
S2,separate_seed_warm,93,1713000000,0,"invalid_or_failed_input: fixed-yaw coherent control values","not_run",0,0,0,1713000000,1,1,0,0,0,0
S2,separate_seed_warm,94,1763000000,0,"invalid_or_failed_input: fixed-yaw coherent control values","not_run",0,0,0,1763000000,1,1,0,0,0,0
S2,separate_seed_warm,95,1813000000,0,"invalid_or_failed_input: fixed-yaw coherent control values","not_run",0,0,0,1813000000,1,1,0,0,0,0
S2,separate_seed_warm,96,1863000000,0,"invalid_or_failed_input: fixed-yaw coherent control values","not_run",0,0,0,1863000000,1,1,0,0,0,0
S2,separate_seed_warm,97,1913000000,0,"invalid_or_failed_input: fixed-yaw coherent control values","not_run",0,0,0,1913000000,1,1,0,0,0,0
S2,separate_seed_warm,98,1962000000,0,"invalid_or_failed_input: fixed-yaw coherent control values","not_run",0,0,0,1962000000,1,1,0,0,0,0
S2,separate_seed_warm,99,2013000000,0,"invalid_or_failed_input: fixed-yaw coherent control values","not_run",0,0,0,2013000000,1,1,0,0,0,0
S2,separate_seed_warm,100,2063000000,0,"invalid_or_failed_input: fixed-yaw coherent control values","not_run",0,0,0,2063000000,1,1,0,0,0,0
S2,separate_seed_warm,101,2113000000,0,"invalid_or_failed_input: fixed-yaw coherent control values","not_run",0,0,0,2113000000,1,1,0,0,0,0
S2,separate_seed_warm,102,2163000000,0,"invalid_or_failed_input: fixed-yaw coherent control values","not_run",0,0,0,2163000000,1,1,0,0,0,0
S2,separate_seed_warm,103,2213000000,0,"invalid_or_failed_input: fixed-yaw coherent control values","not_run",0,0,0,2213000000,1,1,0,0,0,0
S2,separate_seed_warm,104,2263000000,0,"invalid_or_failed_input: fixed-yaw coherent control values","not_run",0,0,0,2263000000,1,1,0,0,0,0
S2,separate_seed_warm,105,2313000000,0,"invalid_or_failed_input: fixed-yaw coherent control values","not_run",0,0,0,2313000000,1,1,0,0,0,0
S2,separate_seed_warm,106,2362000000,0,"invalid_or_failed_input: fixed-yaw coherent control values","not_run",0,0,0,2362000000,1,1,0,0,0,0
S2,separate_seed_warm,107,2412000000,0,"invalid_or_failed_input: fixed-yaw coherent control values","not_run",0,0,0,2412000000,1,1,0,0,0,0
S2,separate_seed_warm,108,2463000000,0,"invalid_or_failed_input: fixed-yaw coherent control values","not_run",0,0,0,2463000000,1,1,0,0,0,0
S2,separate_seed_warm,109,2513000000,0,"invalid_or_failed_input: fixed-yaw coherent control values","not_run",0,0,0,2513000000,1,1,0,0,0,0
S2,separate_seed_warm,110,2562000000,0,"invalid_or_failed_input: fixed-yaw coherent control values","not_run",0,0,0,2562000000,1,1,0,0,0,0
S2,separate_seed_warm,111,2613000000,0,"invalid_or_failed_input: fixed-yaw coherent control values","not_run",0,0,0,2613000000,1,1,0,0,0,0
S2,separate_seed_warm,112,2663000000,0,"invalid_or_failed_input: fixed-yaw coherent control values","not_run",0,0,0,2663000000,1,1,0,0,0,0
S2,separate_seed_warm,113,2713000000,0,"invalid_or_failed_input: fixed-yaw coherent control values","not_run",0,0,0,2713000000,1,1,0,0,0,0
S2,separate_seed_warm,114,2763000000,0,"invalid_or_failed_input: fixed-yaw coherent control values","not_run",0,0,0,2763000000,1,1,0,0,0,0
S2,separate_seed_warm,115,2813000000,0,"invalid_or_failed_input: fixed-yaw coherent control values","not_run",0,0,0,2813000000,1,1,0,0,0,0
S2,separate_seed_warm,116,2863000000,0,"invalid_or_failed_input: fixed-yaw coherent control values","not_run",0,0,0,2863000000,1,1,0,0,0,0
S2,separate_seed_warm,117,2913000000,0,"invalid_or_failed_input: fixed-yaw coherent control values","not_run",0,0,0,2913000000,1,1,0,0,0,0
S2,separate_seed_warm,118,2963000000,0,"invalid_or_failed_input: fixed-yaw coherent control values","not_run",0,0,0,2963000000,1,1,0,0,0,0
S2,separate_seed_warm,119,3013000000,0,"invalid_or_failed_input: fixed-yaw coherent control values","not_run",0,0,0,3013000000,1,1,0,0,0,0
S2,separate_seed_warm,120,3063000000,0,"invalid_or_failed_input: fixed-yaw coherent control values","not_run",0,0,0,3063000000,1,1,0,0,0,0
S2,separate_seed_warm,121,3113000000,0,"invalid_or_failed_input: fixed-yaw coherent control values","not_run",0,0,0,3113000000,1,1,0,0,0,0
S2,separate_seed_warm,122,3163000000,0,"invalid_or_failed_input: fixed-yaw coherent control values","not_run",0,0,0,3163000000,1,1,0,0,0,0
S2,separate_seed_warm,123,3213000000,0,"invalid_or_failed_input: fixed-yaw coherent control values","not_run",0,0,0,3213000000,1,1,0,0,0,0
S2,separate_seed_warm,124,3262000000,0,"invalid_or_failed_input: fixed-yaw coherent control values","not_run",0,0,0,3262000000,1,1,0,0,0,0
S2,separate_seed_warm,125,3313000000,0,"invalid_or_failed_input: fixed-yaw coherent control values","not_run",0,0,0,3313000000,1,1,0,0,0,0
S2,separate_seed_warm,126,3363000000,0,"invalid_or_failed_input: fixed-yaw coherent control values","not_run",0,0,0,3363000000,1,1,0,0,0,0
S2,separate_seed_warm,127,3413000000,0,"invalid_or_failed_input: fixed-yaw coherent control values","not_run",0,0,0,3413000000,1,1,0,0,0,0
S2,separate_seed_warm,128,3463000000,0,"invalid_or_failed_input: fixed-yaw coherent control values","not_run",0,0,0,3463000000,1,1,0,0,0,0
S2,separate_seed_warm,129,3513000000,0,"invalid_or_failed_input: fixed-yaw coherent control values","not_run",0,0,0,3513000000,1,1,0,0,0,0
S2,separate_seed_warm,130,3563000000,0,"invalid_or_failed_input: fixed-yaw coherent control values","not_run",0,0,0,3563000000,1,1,0,0,0,0
S2,separate_seed_warm,131,3613000000,0,"invalid_or_failed_input: fixed-yaw coherent control values","not_run",0,0,0,3613000000,1,1,0,0,0,0
S2,separate_seed_warm,132,3662000000,0,"invalid_or_failed_input: fixed-yaw coherent control values","not_run",0,0,0,3662000000,1,1,0,0,0,0
S2,separate_seed_warm,133,3713000000,0,"invalid_or_failed_input: fixed-yaw coherent control values","not_run",0,0,0,3713000000,1,1,0,0,0,0
S2,separate_seed_warm,134,3762000000,0,"invalid_or_failed_input: fixed-yaw coherent control values","not_run",0,0,0,3762000000,1,1,0,0,0,0
S2,separate_seed_warm,135,3813000000,0,"invalid_or_failed_input: fixed-yaw coherent control values","not_run",0,0,0,3813000000,1,1,0,0,0,0
S2,separate_seed_warm,136,3862000000,0,"invalid_or_failed_input: fixed-yaw coherent control values","not_run",0,0,0,3862000000,1,1,0,0,0,0
S2,separate_seed_warm,137,3912000000,0,"invalid_or_failed_input: fixed-yaw coherent control values","not_run",0,0,0,3912000000,1,1,0,0,0,0
S2,separate_seed_warm,138,3963000000,0,"invalid_or_failed_input: fixed-yaw coherent control values","not_run",0,0,0,3963000000,1,1,0,0,0,0
S2,separate_seed_warm,139,4012000000,0,"invalid_or_failed_input: fixed-yaw coherent control values","not_run",0,0,0,4012000000,1,1,0,0,0,0
S2,separate_seed_warm,140,4063000000,0,"invalid_or_failed_input: fixed-yaw coherent control values","not_run",0,0,0,4063000000,1,1,0,0,0,0
S2,separate_seed_warm,141,4112000000,0,"invalid_or_failed_input: fixed-yaw coherent control values","not_run",0,0,0,4112000000,1,1,0,0,0,0
S2,separate_seed_warm,142,4163000000,0,"invalid_or_failed_input: fixed-yaw coherent control values","not_run",0,0,0,4163000000,1,1,0,0,0,0
S2,separate_seed_warm,143,4213000000,0,"invalid_or_failed_input: fixed-yaw coherent control values","not_run",0,0,0,4213000000,1,1,0,0,0,0
S2,separate_seed_warm,144,4262000000,0,"invalid_or_failed_input: fixed-yaw coherent control values","not_run",0,0,0,4262000000,1,1,0,0,0,0
S2,separate_seed_warm,145,4313000000,0,"invalid_or_failed_input: fixed-yaw coherent control values","not_run",0,0,0,4313000000,1,1,0,0,0,0
S2,separate_seed_warm,146,4363000000,0,"invalid_or_failed_input: fixed-yaw coherent control values","not_run",0,0,0,4363000000,1,1,0,0,0,0
S2,separate_seed_warm,147,4413000000,0,"invalid_or_failed_input: fixed-yaw coherent control values","not_run",0,0,0,4413000000,1,1,0,0,0,0
S2,separate_seed_warm,148,4463000000,0,"invalid_or_failed_input: fixed-yaw coherent control values","not_run",0,0,0,4463000000,1,1,0,0,0,0
S2,separate_seed_warm,149,4512000000,0,"invalid_or_failed_input: fixed-yaw coherent control values","not_run",0,0,0,4512000000,1,1,0,0,0,0
S2,separate_seed_warm,150,4563000000,0,"invalid_or_failed_input: fixed-yaw coherent control values","not_run",0,0,0,4563000000,1,1,0,0,0,0
S2,separate_seed_warm,151,4613000000,0,"invalid_or_failed_input: fixed-yaw coherent control values","not_run",0,0,0,4613000000,1,1,0,0,0,0
S2,separate_seed_warm,152,4662000000,0,"invalid_or_failed_input: fixed-yaw coherent control values","not_run",0,0,0,4662000000,1,1,0,0,0,0
S2,separate_seed_warm,153,4712000000,0,"invalid_or_failed_input: fixed-yaw coherent control values","not_run",0,0,0,4712000000,1,1,0,0,0,0
S2,separate_seed_warm,154,4762000000,0,"invalid_or_failed_input: fixed-yaw coherent control values","not_run",0,0,0,4762000000,1,1,0,0,0,0
S2,separate_seed_warm,155,4812000000,0,"invalid_or_failed_input: fixed-yaw coherent control values","not_run",0,0,0,4812000000,1,1,0,0,0,0
S2,separate_seed_warm,156,4862000000,0,"invalid_or_failed_input: fixed-yaw coherent control values","not_run",0,0,0,4862000000,1,1,0,0,0,0
S2,separate_seed_warm,157,4913000000,0,"invalid_or_failed_input: fixed-yaw coherent control values","not_run",0,0,0,4913000000,1,1,0,0,0,0
S2,separate_seed_warm,158,4962000000,0,"invalid_or_failed_input: fixed-yaw coherent control values","not_run",0,0,0,4962000000,1,1,0,0,0,0
S2,separate_seed_warm,159,5013000000,0,"invalid_or_failed_input: fixed-yaw coherent control values","not_run",0,0,0,5013000000,1,1,0,0,0,0
S2,separate_seed_warm,160,5062000000,0,"invalid_or_failed_input: fixed-yaw coherent control values","not_run",0,0,0,5062000000,1,1,0,0,0,0
S2,separate_seed_warm,161,5112000000,0,"invalid_or_failed_input: fixed-yaw coherent control values","not_run",0,0,0,5112000000,1,1,0,0,0,0
S2,separate_seed_warm,162,5162000000,0,"invalid_or_failed_input: fixed-yaw coherent control values","not_run",0,0,0,5162000000,1,1,0,0,0,0
S2,separate_seed_warm,163,5213000000,0,"invalid_or_failed_input: fixed-yaw coherent control values","not_run",0,0,0,5213000000,1,1,0,0,0,0
S2,separate_seed_warm,164,5263000000,0,"invalid_or_failed_input: fixed-yaw coherent control values","not_run",0,0,0,5263000000,1,1,0,0,0,0
S2,separate_seed_warm,165,5313000000,0,"invalid_or_failed_input: fixed-yaw coherent control values","not_run",0,0,0,5313000000,1,1,0,0,0,0
S2,separate_seed_warm,166,5362000000,0,"invalid_or_failed_input: fixed-yaw coherent control values","not_run",0,0,0,5362000000,1,1,0,0,0,0
S2,separate_seed_warm,167,5413000000,0,"invalid_or_failed_input: fixed-yaw coherent control values","not_run",0,0,0,5413000000,1,1,0,0,0,0
S2,separate_seed_warm,168,5463000000,0,"invalid_or_failed_input: fixed-yaw coherent control values","not_run",0,0,0,5463000000,1,1,0,0,0,0
S2,separate_seed_warm,169,5513000000,0,"invalid_or_failed_input: fixed-yaw coherent control values","not_run",0,0,0,5513000000,1,1,0,0,0,0
S2,separate_seed_warm,170,5563000000,0,"invalid_or_failed_input: fixed-yaw coherent control values","not_run",0,0,0,5563000000,1,1,0,0,0,0
S2,separate_seed_warm,171,5612000000,0,"invalid_or_failed_input: fixed-yaw coherent control values","not_run",0,0,0,5612000000,1,1,0,0,0,0
S2,separate_seed_warm,172,5662000000,0,"invalid_or_failed_input: fixed-yaw coherent control values","not_run",0,0,0,5662000000,1,1,0,0,0,0
S2,separate_seed_warm,173,5712000000,0,"invalid_or_failed_input: fixed-yaw coherent control values","not_run",0,0,0,5712000000,1,1,0,0,0,0
S2,separate_seed_warm,174,5763000000,0,"invalid_or_failed_input: fixed-yaw coherent control values","not_run",0,0,0,5763000000,1,1,0,0,0,0
S2,separate_seed_warm,175,5812000000,0,"invalid_or_failed_input: fixed-yaw coherent control values","not_run",0,0,0,5812000000,1,1,0,0,0,0
S2,separate_seed_warm,176,5862000000,0,"invalid_or_failed_input: fixed-yaw coherent control values","not_run",0,0,0,5862000000,1,1,0,0,0,0
S2,separate_seed_warm,177,5912000000,0,"invalid_or_failed_input: fixed-yaw coherent control values","not_run",0,0,0,5912000000,1,1,0,0,0,0
S2,separate_seed_warm,178,5962000000,0,"invalid_or_failed_input: fixed-yaw coherent control values","not_run",0,0,0,5962000000,1,1,0,0,0,0
S2,separate_seed_warm,179,6012000000,0,"invalid_or_failed_input: fixed-yaw coherent control values","not_run",0,0,0,6012000000,1,1,0,0,0,0
S2,separate_seed_warm,180,6062000000,0,"invalid_or_failed_input: fixed-yaw coherent control values","not_run",0,0,0,6062000000,1,1,0,0,0,0
S2,separate_seed_warm,181,6112000000,0,"invalid_or_failed_input: fixed-yaw coherent control values","not_run",0,0,0,6112000000,1,1,0,0,0,0
S2,separate_seed_warm,182,6162000000,0,"invalid_or_failed_input: fixed-yaw coherent control values","not_run",0,0,0,6162000000,1,1,0,0,0,0
S2,separate_seed_warm,183,6212000000,0,"invalid_or_failed_input: fixed-yaw coherent control values","not_run",0,0,0,6212000000,1,1,0,0,0,0
S2,separate_seed_warm,184,6262000000,0,"invalid_or_failed_input: fixed-yaw coherent control values","not_run",0,0,0,6262000000,1,1,0,0,0,0
S2,separate_seed_warm,185,6312000000,0,"invalid_or_failed_input: fixed-yaw coherent control values","not_run",0,0,0,6312000000,1,1,0,0,0,0
S2,separate_seed_warm,186,6362000000,0,"invalid_or_failed_input: fixed-yaw coherent control values","not_run",0,0,0,6362000000,1,1,0,0,0,0
S2,separate_seed_warm,187,6412000000,0,"invalid_or_failed_input: fixed-yaw coherent control values","not_run",0,0,0,6412000000,1,1,0,0,0,0
S2,separate_seed_warm,188,6462000000,0,"invalid_or_failed_input: fixed-yaw coherent control values","not_run",0,0,0,6462000000,1,1,0,0,0,0
S2,separate_seed_warm,189,6512000000,0,"invalid_or_failed_input: fixed-yaw coherent control values","not_run",0,0,0,6512000000,1,1,0,0,0,0
S2,separate_seed_warm,190,6562000000,0,"invalid_or_failed_input: fixed-yaw coherent control values","not_run",0,0,0,6562000000,1,1,0,0,0,0
S2,separate_seed_warm,191,6612000000,0,"invalid_or_failed_input: fixed-yaw coherent control values","not_run",0,0,0,6612000000,1,1,0,0,0,0
S2,separate_seed_warm,192,6662000000,0,"invalid_or_failed_input: fixed-yaw coherent control values","not_run",0,0,0,6662000000,1,1,0,0,0,0
S2,separate_seed_warm,193,6712000000,0,"invalid_or_failed_input: fixed-yaw coherent control values","not_run",0,0,0,6712000000,1,1,0,0,0,0
S2,separate_seed_warm,194,6762000000,0,"invalid_or_failed_input: fixed-yaw coherent control values","not_run",0,0,0,6762000000,1,1,0,0,0,0
S2,separate_seed_warm,195,6812000000,0,"invalid_or_failed_input: fixed-yaw coherent control values","not_run",0,0,0,6812000000,1,1,0,0,0,0
S2,separate_seed_warm,196,6862000000,0,"invalid_or_failed_input: fixed-yaw coherent control values","not_run",0,0,0,6862000000,1,1,0,0,0,0
S2,separate_seed_warm,197,6912000000,0,"invalid_or_failed_input: fixed-yaw coherent control values","not_run",0,0,0,6912000000,1,1,0,0,0,0
S2,separate_seed_warm,198,6962000000,0,"invalid_or_failed_input: fixed-yaw coherent control values","not_run",0,0,0,6962000000,1,1,0,0,0,0
S2,separate_seed_warm,199,7012000000,0,"invalid_or_failed_input: fixed-yaw coherent control values","not_run",0,0,0,7012000000,1,1,0,0,0,0
S2,separate_seed_warm,200,7062000000,0,"invalid_or_failed_input: fixed-yaw coherent control values","not_run",0,0,0,7062000000,1,1,0,0,0,0
S2,separate_seed_warm,201,7112000000,0,"invalid_or_failed_input: fixed-yaw coherent control values","not_run",0,0,0,7112000000,1,1,0,0,0,0
S2,separate_seed_warm,202,7162000000,0,"invalid_or_failed_input: fixed-yaw coherent control values","not_run",0,0,0,7162000000,1,1,0,0,0,0
S2,separate_seed_warm,203,7212000000,0,"invalid_or_failed_input: fixed-yaw coherent control values","not_run",0,0,0,7212000000,1,1,0,0,0,0
S2,separate_seed_warm,204,7262000000,0,"invalid_or_failed_input: fixed-yaw coherent control values","not_run",0,0,0,7262000000,1,1,0,0,0,0
S2,separate_seed_warm,205,7312000000,0,"invalid_or_failed_input: fixed-yaw coherent control values","not_run",0,0,0,7312000000,1,1,0,0,0,0
S2,separate_seed_warm,206,7362000000,0,"invalid_or_failed_input: fixed-yaw coherent control values","not_run",0,0,0,7362000000,1,1,0,0,0,0
S2,separate_seed_warm,207,7412000000,0,"invalid_or_failed_input: fixed-yaw coherent control values","not_run",0,0,0,7412000000,1,1,0,0,0,0
S2,separate_seed_warm,208,7463000000,0,"invalid_or_failed_input: fixed-yaw coherent control values","not_run",0,0,0,7463000000,1,1,0,0,0,0
S2,separate_seed_warm,209,7512000000,0,"invalid_or_failed_input: fixed-yaw coherent control values","not_run",0,0,0,7512000000,1,1,0,0,0,0
S2,separate_seed_warm,210,7562000000,0,"invalid_or_failed_input: fixed-yaw coherent control values","not_run",0,0,0,7562000000,1,1,0,0,0,0
S2,separate_seed_warm,211,7612000000,0,"invalid_or_failed_input: fixed-yaw coherent control values","not_run",0,0,0,7612000000,1,1,0,0,0,0
S2,separate_seed_warm,212,7662000000,0,"invalid_or_failed_input: fixed-yaw coherent control values","not_run",0,0,0,7662000000,1,1,0,0,0,0
S2,separate_seed_warm,213,7712000000,0,"invalid_or_failed_input: fixed-yaw coherent control values","not_run",0,0,0,7712000000,1,1,0,0,0,0
S2,separate_seed_warm,214,7762000000,0,"invalid_or_failed_input: fixed-yaw coherent control values","not_run",0,0,0,7762000000,1,1,0,0,0,0
S2,separate_seed_warm,215,7812000000,0,"invalid_or_failed_input: fixed-yaw coherent control values","not_run",0,0,0,7812000000,1,1,0,0,0,0
S2,separate_seed_warm,216,7862000000,0,"invalid_or_failed_input: fixed-yaw coherent control values","not_run",0,0,0,7862000000,1,1,0,0,0,0
S2,separate_seed_warm,217,7912000000,0,"invalid_or_failed_input: fixed-yaw coherent control values","not_run",0,0,0,7912000000,1,1,0,0,0,0
S2,separate_seed_warm,220,8062000000,0,"invalid_or_failed_input: fixed-yaw coherent control values","not_run",0,0,0,8062000000,1,1,0,0,0,0
S2,separate_seed_warm,221,8112000000,0,"invalid_or_failed_input: fixed-yaw coherent control values","not_run",0,0,0,8112000000,1,1,0,0,0,0
S2,separate_seed_warm,222,8162000000,0,"invalid_or_failed_input: fixed-yaw coherent control values","not_run",0,0,0,8162000000,1,1,0,0,0,0
S2,separate_seed_warm,223,8212000000,0,"invalid_or_failed_input: fixed-yaw coherent control values","not_run",0,0,0,8212000000,1,1,0,0,0,0
S2,separate_seed_warm,224,8262000000,0,"invalid_or_failed_input: fixed-yaw coherent control values","not_run",0,0,0,8262000000,1,1,0,0,0,0
S2,separate_seed_warm,225,8312000000,0,"invalid_or_failed_input: fixed-yaw coherent control values","not_run",0,0,0,8312000000,1,1,0,0,0,0
S2,separate_seed_warm,226,8362000000,0,"invalid_or_failed_input: fixed-yaw coherent control values","not_run",0,0,0,8362000000,1,1,0,0,0,0
S2,separate_seed_warm,227,8413000000,0,"invalid_or_failed_input: fixed-yaw coherent control values","not_run",0,0,0,8413000000,1,1,0,0,0,0
S2,separate_seed_warm,228,8462000000,0,"invalid_or_failed_input: fixed-yaw coherent control values","not_run",0,0,0,8462000000,1,1,0,0,0,0
S2,separate_seed_warm,229,8512000000,0,"invalid_or_failed_input: fixed-yaw coherent control values","not_run",0,0,0,8512000000,1,1,0,0,0,0
S2,separate_seed_warm,230,8562000000,0,"invalid_or_failed_input: fixed-yaw coherent control values","not_run",0,0,0,8562000000,1,1,0,0,0,0
S2,separate_seed_warm,231,8612000000,0,"invalid_or_failed_input: fixed-yaw coherent control values","not_run",0,0,0,8612000000,1,1,0,0,0,0
S2,separate_seed_warm,232,8662000000,0,"invalid_or_failed_input: fixed-yaw coherent control values","not_run",0,0,0,8662000000,1,1,0,0,0,0
S2,separate_seed_warm,233,8712000000,0,"invalid_or_failed_input: fixed-yaw coherent control values","not_run",0,0,0,8712000000,1,1,0,0,0,0
S2,separate_seed_warm,234,8762000000,0,"invalid_or_failed_input: fixed-yaw coherent control values","not_run",0,0,0,8762000000,1,1,0,0,0,0
S2,separate_seed_warm,235,8812000000,0,"invalid_or_failed_input: fixed-yaw coherent control values","not_run",0,0,0,8812000000,1,1,0,0,0,0
S2,separate_seed_warm,236,8862000000,0,"invalid_or_failed_input: fixed-yaw coherent control values","not_run",0,0,0,8862000000,1,1,0,0,0,0
S2,separate_seed_warm,237,8912000000,0,"invalid_or_failed_input: fixed-yaw coherent control values","not_run",0,0,0,8912000000,1,1,0,0,0,0
S2,separate_seed_warm,238,8962000000,0,"invalid_or_failed_input: fixed-yaw coherent control values","not_run",0,0,0,8962000000,1,1,0,0,0,0
S2,separate_seed_warm,239,9012000000,0,"invalid_or_failed_input: fixed-yaw coherent control values","not_run",0,0,0,9012000000,1,1,0,0,0,0
S2,separate_seed_warm,240,9062000000,0,"invalid_or_failed_input: fixed-yaw coherent control values","not_run",0,0,0,9062000000,1,1,0,0,0,0
S2,separate_seed_warm,241,9112000000,0,"invalid_or_failed_input: fixed-yaw coherent control values","not_run",0,0,0,9112000000,1,1,0,0,0,0
S2,separate_seed_warm,242,9162000000,0,"invalid_or_failed_input: fixed-yaw coherent control values","not_run",0,0,0,9162000000,1,1,0,0,0,0
S2,separate_seed_warm,243,9212000000,0,"invalid_or_failed_input: fixed-yaw coherent control values","not_run",0,0,0,9212000000,1,1,0,0,0,0
S2,separate_seed_warm,244,9262000000,0,"invalid_or_failed_input: fixed-yaw coherent control values","not_run",0,0,0,9262000000,1,1,0,0,0,0
S2,separate_seed_warm,245,9312000000,0,"invalid_or_failed_input: fixed-yaw coherent control values","not_run",0,0,0,9312000000,1,1,0,0,0,0
S2,separate_seed_warm,246,9362000000,0,"invalid_or_failed_input: fixed-yaw coherent control values","not_run",0,0,0,9362000000,1,1,0,0,0,0
S2,separate_seed_warm,247,9412000000,0,"invalid_or_failed_input: fixed-yaw coherent control values","not_run",0,0,0,9412000000,1,1,0,0,0,0
S2,separate_seed_warm,248,9462000000,0,"invalid_or_failed_input: fixed-yaw coherent control values","not_run",0,0,0,9462000000,1,1,0,0,0,0
S2,separate_seed_warm,249,9512000000,0,"invalid_or_failed_input: fixed-yaw coherent control values","not_run",0,0,0,9512000000,1,1,0,0,0,0
S2,separate_seed_warm,250,9562000000,0,"invalid_or_failed_input: fixed-yaw coherent control values","not_run",0,0,0,9562000000,1,1,0,0,0,0
S2,separate_seed_warm,251,9612000000,0,"invalid_or_failed_input: fixed-yaw coherent control values","not_run",0,0,0,9612000000,1,1,0,0,0,0
S2,separate_seed_warm,252,9662000000,0,"invalid_or_failed_input: fixed-yaw coherent control values","not_run",0,0,0,9662000000,1,1,0,0,0,0
S2,separate_seed_warm,253,9712000000,0,"invalid_or_failed_input: fixed-yaw coherent control values","not_run",0,0,0,9712000000,1,1,0,0,0,0
S2,separate_seed_warm,254,9762000000,0,"invalid_or_failed_input: fixed-yaw coherent control values","not_run",0,0,0,9762000000,1,1,0,0,0,0
S2,separate_seed_warm,255,9812000000,0,"invalid_or_failed_input: fixed-yaw coherent control values","not_run",0,0,0,9812000000,1,1,0,0,0,0
S2,separate_seed_warm,256,9862000000,0,"invalid_or_failed_input: fixed-yaw coherent control values","not_run",0,0,0,9862000000,1,1,0,0,0,0
S2,separate_seed_warm,257,9912000000,0,"invalid_or_failed_input: fixed-yaw coherent control values","not_run",0,0,0,9912000000,1,1,0,0,0,0
S2,separate_seed_warm,258,9962000000,0,"invalid_or_failed_input: fixed-yaw coherent control values","not_run",0,0,0,9962000000,1,1,0,0,0,0
S2,separate_seed_warm,259,10012000000,0,"invalid_or_failed_input: fixed-yaw coherent control values","not_run",0,0,0,10012000000,1,1,0,0,0,0
S2,separate_seed_warm,260,10062000000,0,"invalid_or_failed_input: fixed-yaw coherent control values","not_run",0,0,0,10062000000,1,1,0,0,0,0
S2,separate_seed_warm,261,10112000000,0,"invalid_or_failed_input: fixed-yaw coherent control values","not_run",0,0,0,10112000000,1,1,0,0,0,0
S2,separate_seed_warm,262,10162000000,0,"invalid_or_failed_input: fixed-yaw coherent control values","not_run",0,0,0,10162000000,1,1,0,0,0,0
S2,separate_seed_warm,263,10212000000,0,"invalid_or_failed_input: fixed-yaw coherent control values","not_run",0,0,0,10212000000,1,1,0,0,0,0
S2,separate_seed_warm,264,10262000000,0,"invalid_or_failed_input: fixed-yaw coherent control values","not_run",0,0,0,10262000000,1,1,0,0,0,0
S2,separate_seed_warm,265,10312000000,0,"invalid_or_failed_input: fixed-yaw coherent control values","not_run",0,0,0,10312000000,1,1,0,0,0,0
S2,separate_seed_warm,266,10362000000,0,"invalid_or_failed_input: fixed-yaw coherent control values","not_run",0,0,0,10362000000,1,1,0,0,0,0
S2,separate_seed_warm,267,10412000000,0,"invalid_or_failed_input: fixed-yaw coherent control values","not_run",0,0,0,10412000000,1,1,0,0,0,0
S2,separate_seed_warm,268,10462000000,0,"invalid_or_failed_input: fixed-yaw coherent control values","not_run",0,0,0,10462000000,1,1,0,0,0,0
S2,separate_seed_warm,269,10512000000,0,"invalid_or_failed_input: fixed-yaw coherent control values","not_run",0,0,0,10512000000,1,1,0,0,0,0
S2,separate_seed_warm,270,10562000000,0,"invalid_or_failed_input: fixed-yaw coherent control values","not_run",0,0,0,10562000000,1,1,0,0,0,0
S2,separate_seed_warm,271,10612000000,0,"invalid_or_failed_input: fixed-yaw coherent control values","not_run",0,0,0,10612000000,1,1,0,0,0,0
S2,separate_seed_warm,272,10662000000,0,"invalid_or_failed_input: fixed-yaw coherent control values","not_run",0,0,0,10662000000,1,1,0,0,0,0
S2,separate_seed_warm,273,10712000000,0,"invalid_or_failed_input: fixed-yaw coherent control values","not_run",0,0,0,10712000000,1,1,0,0,0,0
S2,separate_seed_warm,274,10762000000,0,"invalid_or_failed_input: fixed-yaw coherent control values","not_run",0,0,0,10762000000,1,1,0,0,0,0
S2,separate_seed_warm,275,10812000000,0,"invalid_or_failed_input: fixed-yaw coherent control values","not_run",0,0,0,10812000000,1,1,0,0,0,0
S2,separate_seed_warm,276,10862000000,0,"invalid_or_failed_input: fixed-yaw coherent control values","not_run",0,0,0,10862000000,1,1,0,0,0,0
S2,separate_seed_warm,277,10912000000,0,"invalid_or_failed_input: fixed-yaw coherent control values","not_run",0,0,0,10912000000,1,1,0,0,0,0
S2,separate_seed_warm,278,10962000000,0,"invalid_or_failed_input: fixed-yaw coherent control values","not_run",0,0,0,10962000000,1,1,0,0,0,0
S2,separate_seed_warm,279,11012000000,0,"invalid_or_failed_input: fixed-yaw coherent control values","not_run",0,0,0,11012000000,1,1,0,0,0,0
S2,separate_seed_warm,280,11062000000,0,"invalid_or_failed_input: fixed-yaw coherent control values","not_run",0,0,0,11062000000,1,1,0,0,0,0
S2,separate_seed_warm,281,11112000000,0,"invalid_or_failed_input: fixed-yaw coherent control values","not_run",0,0,0,11112000000,1,1,0,0,0,0
S2,separate_seed_warm,282,11162000000,0,"invalid_or_failed_input: fixed-yaw coherent control values","not_run",0,0,0,11162000000,1,1,0,0,0,0
S2,separate_seed_warm,283,11212000000,0,"invalid_or_failed_input: fixed-yaw coherent control values","not_run",0,0,0,11212000000,1,1,0,0,0,0
S2,separate_seed_warm,284,11262000000,0,"invalid_or_failed_input: fixed-yaw coherent control values","not_run",0,0,0,11262000000,1,1,0,0,0,0
S2,separate_seed_warm,285,11312000000,0,"invalid_or_failed_input: fixed-yaw coherent control values","not_run",0,0,0,11312000000,1,1,0,0,0,0
S2,separate_seed_warm,286,11361000000,0,"invalid_or_failed_input: fixed-yaw coherent control values","not_run",0,0,0,11361000000,1,1,0,0,0,0
S2,separate_seed_warm,287,11411000000,0,"invalid_or_failed_input: fixed-yaw coherent control values","not_run",0,0,0,11411000000,1,1,0,0,0,0
S2,separate_seed_warm,288,11461000000,0,"invalid_or_failed_input: fixed-yaw coherent control values","not_run",0,0,0,11461000000,1,1,0,0,0,0
S2,separate_seed_warm,289,11511000000,0,"invalid_or_failed_input: fixed-yaw coherent control values","not_run",0,0,0,11511000000,1,1,0,0,0,0
S2,separate_seed_warm,290,11561000000,0,"invalid_or_failed_input: fixed-yaw coherent control values","not_run",0,0,0,11561000000,1,1,0,0,0,0
S2,separate_seed_warm,291,11611000000,0,"invalid_or_failed_input: fixed-yaw coherent control values","not_run",0,0,0,11611000000,1,1,0,0,0,0
S2,separate_seed_warm,292,11661000000,0,"invalid_or_failed_input: fixed-yaw coherent control values","not_run",0,0,0,11661000000,1,1,0,0,0,0
S2,separate_seed_warm,293,11711000000,0,"invalid_or_failed_input: fixed-yaw coherent control values","not_run",0,0,0,11711000000,1,1,0,0,0,0
S2,separate_seed_warm,294,11761000000,0,"invalid_or_failed_input: fixed-yaw coherent control values","not_run",0,0,0,11761000000,1,1,0,0,0,0
S2,separate_seed_warm,295,11811000000,0,"invalid_or_failed_input: fixed-yaw coherent control values","not_run",0,0,0,11811000000,1,1,0,0,0,0
S2,separate_seed_warm,296,11861000000,0,"invalid_or_failed_input: fixed-yaw coherent control values","not_run",0,0,0,11861000000,1,1,0,0,0,0
S2,separate_seed_warm,297,11911000000,0,"invalid_or_failed_input: fixed-yaw coherent control values","not_run",0,0,0,11911000000,1,1,0,0,0,0
S2,separate_seed_warm,298,11961000000,0,"invalid_or_failed_input: fixed-yaw coherent control values","not_run",0,0,0,11961000000,1,1,0,0,0,0
S2,separate_seed_warm,299,12011000000,0,"invalid_or_failed_input: fixed-yaw coherent control values","not_run",0,0,0,12011000000,1,1,0,0,0,0
S2,separate_seed_warm,300,12061000000,0,"invalid_or_failed_input: fixed-yaw coherent control values","not_run",0,0,0,12061000000,1,1,0,0,0,0
S2,separate_seed_warm,301,12111000000,0,"invalid_or_failed_input: fixed-yaw coherent control values","not_run",0,0,0,12111000000,1,1,0,0,0,0
S2,separate_seed_warm,302,12161000000,0,"invalid_or_failed_input: fixed-yaw coherent control values","not_run",0,0,0,12161000000,1,1,0,0,0,0
S2,separate_seed_warm,303,12211000000,0,"invalid_or_failed_input: fixed-yaw coherent control values","not_run",0,0,0,12211000000,1,1,0,0,0,0
S2,separate_seed_warm,304,12261000000,0,"invalid_or_failed_input: fixed-yaw coherent control values","not_run",0,0,0,12261000000,1,1,0,0,0,0
S2,separate_seed_warm,305,12311000000,0,"invalid_or_failed_input: fixed-yaw coherent control values","not_run",0,0,0,12311000000,1,1,0,0,0,0
S2,separate_seed_warm,306,12361000000,0,"invalid_or_failed_input: fixed-yaw coherent control values","not_run",0,0,0,12361000000,1,1,0,0,0,0
S2,separate_seed_warm,307,12411000000,0,"invalid_or_failed_input: fixed-yaw coherent control values","not_run",0,0,0,12411000000,1,1,0,0,0,0
S2,separate_seed_warm,308,12461000000,0,"invalid_or_failed_input: fixed-yaw coherent control values","not_run",0,0,0,12461000000,1,1,0,0,0,0
S2,separate_seed_warm,309,12511000000,0,"invalid_or_failed_input: fixed-yaw coherent control values","not_run",0,0,0,12511000000,1,1,0,0,0,0
S2,separate_seed_warm,310,12561000000,0,"invalid_or_failed_input: fixed-yaw coherent control values","not_run",0,0,0,12561000000,1,1,0,0,0,0
S2,separate_seed_warm,311,12611000000,0,"invalid_or_failed_input: fixed-yaw coherent control values","not_run",0,0,0,12611000000,1,1,0,0,0,0
S2,separate_seed_warm,312,12661000000,0,"invalid_or_failed_input: fixed-yaw coherent control values","not_run",0,0,0,12661000000,1,1,0,0,0,0
S2,separate_seed_warm,313,12711000000,0,"invalid_or_failed_input: fixed-yaw coherent control values","not_run",0,0,0,12711000000,1,1,0,0,0,0
S2,separate_seed_warm,314,12761000000,0,"invalid_or_failed_input: fixed-yaw coherent control values","not_run",0,0,0,12761000000,1,1,0,0,0,0
S2,separate_seed_warm,315,12811000000,0,"invalid_or_failed_input: fixed-yaw coherent control values","not_run",0,0,0,12811000000,1,1,0,0,0,0
S2,separate_seed_warm,316,12861000000,0,"invalid_or_failed_input: fixed-yaw coherent control values","not_run",0,0,0,12861000000,1,1,0,0,0,0
S2,separate_seed_warm,317,12911000000,0,"invalid_or_failed_input: fixed-yaw coherent control values","not_run",0,0,0,12911000000,1,1,0,0,0,0
S2,separate_seed_warm,318,12961000000,0,"invalid_or_failed_input: fixed-yaw coherent control values","not_run",0,0,0,12961000000,1,1,0,0,0,0
S2,separate_seed_warm,319,13011000000,0,"invalid_or_failed_input: fixed-yaw coherent control values","not_run",0,0,0,13011000000,1,1,0,0,0,0
S2,separate_seed_warm,320,13061000000,0,"invalid_or_failed_input: fixed-yaw coherent control values","not_run",0,0,0,13061000000,1,1,0,0,0,0
S2,separate_seed_warm,321,13111000000,0,"invalid_or_failed_input: fixed-yaw coherent control values","not_run",0,0,0,13111000000,1,1,0,0,0,0
S2,separate_seed_warm,322,13161000000,0,"invalid_or_failed_input: fixed-yaw coherent control values","not_run",0,0,0,13161000000,1,1,0,0,0,0
S2,separate_seed_warm,323,13211000000,0,"invalid_or_failed_input: fixed-yaw coherent control values","not_run",0,0,0,13211000000,1,1,0,0,0,0
S2,separate_seed_warm,324,13261000000,0,"invalid_or_failed_input: fixed-yaw coherent control values","not_run",0,0,0,13261000000,1,1,0,0,0,0
S2,separate_seed_warm,325,13311000000,0,"invalid_or_failed_input: fixed-yaw coherent control values","not_run",0,0,0,13311000000,1,1,0,0,0,0
S2,separate_seed_warm,326,13361000000,0,"invalid_or_failed_input: fixed-yaw coherent control values","not_run",0,0,0,13361000000,1,1,0,0,0,0
S2,separate_seed_warm,327,13411000000,0,"invalid_or_failed_input: fixed-yaw coherent control values","not_run",0,0,0,13411000000,1,1,0,0,0,0
S2,separate_seed_warm,328,13461000000,0,"invalid_or_failed_input: fixed-yaw coherent control values","not_run",0,0,0,13461000000,1,1,0,0,0,0
S2,separate_seed_warm,329,13511000000,0,"invalid_or_failed_input: fixed-yaw coherent control values","not_run",0,0,0,13511000000,1,1,0,0,0,0
S2,separate_seed_warm,330,13561000000,0,"invalid_or_failed_input: fixed-yaw coherent control values","not_run",0,0,0,13561000000,1,1,0,0,0,0
S2,separate_seed_warm,331,13611000000,0,"invalid_or_failed_input: fixed-yaw coherent control values","not_run",0,0,0,13611000000,1,1,0,0,0,0
S2,separate_seed_warm,332,13661000000,0,"invalid_or_failed_input: fixed-yaw coherent control values","not_run",0,0,0,13661000000,1,1,0,0,0,0
S2,separate_seed_warm,333,13711000000,0,"invalid_or_failed_input: fixed-yaw coherent control values","not_run",0,0,0,13711000000,1,1,0,0,0,0
S2,separate_seed_warm,334,13761000000,0,"invalid_or_failed_input: fixed-yaw coherent control values","not_run",0,0,0,13761000000,1,1,0,0,0,0
S2,separate_seed_warm,335,13811000000,0,"invalid_or_failed_input: fixed-yaw coherent control values","not_run",0,0,0,13811000000,1,1,0,0,0,0
S2,separate_seed_warm,336,13861000000,0,"invalid_or_failed_input: fixed-yaw coherent control values","not_run",0,0,0,13861000000,1,1,0,0,0,0
S2,separate_seed_warm,337,13911000000,0,"invalid_or_failed_input: fixed-yaw coherent control values","not_run",0,0,0,13911000000,1,1,0,0,0,0
S2,separate_seed_warm,338,13961000000,0,"invalid_or_failed_input: fixed-yaw coherent control values","not_run",0,0,0,13961000000,1,1,0,0,0,0
S2,separate_seed_warm,339,14011000000,0,"invalid_or_failed_input: fixed-yaw coherent control values","not_run",0,0,0,14011000000,1,1,0,0,0,0
S2,separate_seed_warm,340,14061000000,0,"invalid_or_failed_input: fixed-yaw coherent control values","not_run",0,0,0,14061000000,1,1,0,0,0,0
S2,separate_seed_warm,341,14111000000,0,"invalid_or_failed_input: fixed-yaw coherent control values","not_run",0,0,0,14111000000,1,1,0,0,0,0
S2,separate_seed_warm,342,14161000000,0,"invalid_or_failed_input: fixed-yaw coherent control values","not_run",0,0,0,14161000000,1,1,0,0,0,0
S2,separate_seed_warm,343,14211000000,0,"invalid_or_failed_input: fixed-yaw coherent control values","not_run",0,0,0,14211000000,1,1,0,0,0,0
S2,separate_seed_warm,344,14261000000,0,"invalid_or_failed_input: fixed-yaw coherent control values","not_run",0,0,0,14261000000,1,1,0,0,0,0
S2,separate_seed_warm,345,14311000000,0,"invalid_or_failed_input: fixed-yaw coherent control values","not_run",0,0,0,14311000000,1,1,0,0,0,0
S2,separate_seed_warm,346,14361000000,0,"invalid_or_failed_input: fixed-yaw coherent control values","not_run",0,0,0,14361000000,1,1,0,0,0,0
S2,separate_seed_warm,347,14411000000,0,"invalid_or_failed_input: fixed-yaw coherent control values","not_run",0,0,0,14411000000,1,1,0,0,0,0
S2,separate_seed_warm,348,14461000000,0,"invalid_or_failed_input: fixed-yaw coherent control values","not_run",0,0,0,14461000000,1,1,0,0,0,0
S2,separate_seed_warm,349,14511000000,0,"invalid_or_failed_input: fixed-yaw coherent control values","not_run",0,0,0,14511000000,1,1,0,0,0,0
S2,separate_seed_warm,350,14561000000,0,"invalid_or_failed_input: fixed-yaw coherent control values","not_run",0,0,0,14561000000,1,1,0,0,0,0
S2,separate_seed_warm,351,14611000000,0,"invalid_or_failed_input: fixed-yaw coherent control values","not_run",0,0,0,14611000000,1,1,0,0,0,0
S2,separate_seed_warm,352,14661000000,0,"invalid_or_failed_input: fixed-yaw coherent control values","not_run",0,0,0,14661000000,1,1,0,0,0,0
S2,separate_seed_warm,353,14711000000,0,"invalid_or_failed_input: fixed-yaw coherent control values","not_run",0,0,0,14711000000,1,1,0,0,0,0
S2,separate_seed_warm,354,14761000000,0,"invalid_or_failed_input: fixed-yaw coherent control values","not_run",0,0,0,14761000000,1,1,0,0,0,0
S2,separate_seed_warm,355,14811000000,0,"invalid_or_failed_input: fixed-yaw coherent control values","not_run",0,0,0,14811000000,1,1,0,0,0,0
S2,separate_seed_warm,356,14861000000,0,"invalid_or_failed_input: fixed-yaw coherent control values","not_run",0,0,0,14861000000,1,1,0,0,0,0
S2,separate_seed_warm,357,14911000000,0,"invalid_or_failed_input: fixed-yaw coherent control values","not_run",0,0,0,14911000000,1,1,0,0,0,0
S2,separate_seed_warm,358,14961000000,0,"invalid_or_failed_input: fixed-yaw coherent control values","not_run",0,0,0,14961000000,1,1,0,0,0,0
S2,separate_seed_warm,359,15011000000,0,"invalid_or_failed_input: fixed-yaw coherent control values","not_run",0,0,0,15011000000,1,1,0,0,0,0
S2,separate_seed_warm,360,15061000000,0,"invalid_or_failed_input: fixed-yaw coherent control values","not_run",0,0,0,15061000000,1,1,0,0,0,0
S2,separate_seed_warm,361,15111000000,0,"invalid_or_failed_input: fixed-yaw coherent control values","not_run",0,0,0,15111000000,1,1,0,0,0,0
S2,separate_seed_warm,362,15161000000,0,"invalid_or_failed_input: fixed-yaw coherent control values","not_run",0,0,0,15161000000,1,1,0,0,0,0
S2,separate_seed_warm,363,15211000000,0,"invalid_or_failed_input: fixed-yaw coherent control values","not_run",0,0,0,15211000000,1,1,0,0,0,0
S2,separate_seed_warm,364,15261000000,0,"invalid_or_failed_input: fixed-yaw coherent control values","not_run",0,0,0,15261000000,1,1,0,0,0,0
S2,separate_seed_warm,365,15311000000,0,"invalid_or_failed_input: fixed-yaw coherent control values","not_run",0,0,0,15311000000,1,1,0,0,0,0
S2,separate_seed_warm,366,15361000000,0,"invalid_or_failed_input: fixed-yaw coherent control values","not_run",0,0,0,15361000000,1,1,0,0,0,0
S2,separate_seed_warm,367,15411000000,0,"invalid_or_failed_input: fixed-yaw coherent control values","not_run",0,0,0,15411000000,1,1,0,0,0,0
S2,separate_seed_warm,368,15461000000,0,"invalid_or_failed_input: fixed-yaw coherent control values","not_run",0,0,0,15461000000,1,1,0,0,0,0
S2,separate_seed_warm,369,15511000000,0,"invalid_or_failed_input: fixed-yaw coherent control values","not_run",0,0,0,15511000000,1,1,0,0,0,0
S2,separate_seed_warm,370,15561000000,0,"invalid_or_failed_input: fixed-yaw coherent control values","not_run",0,0,0,15561000000,1,1,0,0,0,0
S2,separate_seed_warm,371,15611000000,0,"invalid_or_failed_input: fixed-yaw coherent control values","not_run",0,0,0,15611000000,1,1,0,0,0,0
S2,separate_seed_warm,372,15661000000,0,"invalid_or_failed_input: fixed-yaw coherent control values","not_run",0,0,0,15661000000,1,1,0,0,0,0
S2,separate_seed_warm,373,15711000000,0,"invalid_or_failed_input: fixed-yaw coherent control values","not_run",0,0,0,15711000000,1,1,0,0,0,0
S2,separate_seed_warm,374,15761000000,0,"invalid_or_failed_input: fixed-yaw coherent control values","not_run",0,0,0,15761000000,1,1,0,0,0,0
S2,separate_seed_warm,375,15811000000,0,"invalid_or_failed_input: fixed-yaw coherent control values","not_run",0,0,0,15811000000,1,1,0,0,0,0
S2,separate_seed_warm,376,15861000000,0,"invalid_or_failed_input: fixed-yaw coherent control values","not_run",0,0,0,15861000000,1,1,0,0,0,0
S2,separate_seed_warm,377,15911000000,0,"invalid_or_failed_input: fixed-yaw coherent control values","not_run",0,0,0,15911000000,1,1,0,0,0,0
S2,separate_seed_warm,378,15961000000,0,"invalid_or_failed_input: fixed-yaw coherent control values","not_run",0,0,0,15961000000,1,1,0,0,0,0
S2,separate_seed_warm,379,16011000000,0,"invalid_or_failed_input: fixed-yaw coherent control values","not_run",0,0,0,16011000000,1,1,0,0,0,0
S2,separate_seed_warm,380,16061000000,0,"invalid_or_failed_input: fixed-yaw coherent control values","not_run",0,0,0,16061000000,1,1,0,0,0,0
S2,separate_seed_warm,381,16111000000,0,"invalid_or_failed_input: fixed-yaw coherent control values","not_run",0,0,0,16111000000,1,1,0,0,0,0
S2,separate_seed_warm,382,16161000000,0,"invalid_or_failed_input: fixed-yaw coherent control values","not_run",0,0,0,16161000000,1,1,0,0,0,0
S2,separate_seed_warm,383,16211000000,0,"invalid_or_failed_input: fixed-yaw coherent control values","not_run",0,0,0,16211000000,1,1,0,0,0,0
S2,separate_seed_warm,384,16261000000,0,"invalid_or_failed_input: fixed-yaw coherent control values","not_run",0,0,0,16261000000,1,1,0,0,0,0
S2,separate_seed_warm,385,16311000000,0,"invalid_or_failed_input: fixed-yaw coherent control values","not_run",0,0,0,16311000000,1,1,0,0,0,0
S2,separate_seed_warm,386,16361000000,0,"invalid_or_failed_input: fixed-yaw coherent control values","not_run",0,0,0,16361000000,1,1,0,0,0,0
S2,separate_seed_warm,387,16411000000,0,"invalid_or_failed_input: fixed-yaw coherent control values","not_run",0,0,0,16411000000,1,1,0,0,0,0
S2,separate_seed_warm,388,16461000000,0,"invalid_or_failed_input: fixed-yaw coherent control values","not_run",0,0,0,16461000000,1,1,0,0,0,0
S2,separate_seed_warm,389,16511000000,0,"invalid_or_failed_input: fixed-yaw coherent control values","not_run",0,0,0,16511000000,1,1,0,0,0,0
S2,separate_seed_warm,390,16561000000,0,"invalid_or_failed_input: fixed-yaw coherent control values","not_run",0,0,0,16561000000,1,1,0,0,0,0
S2,separate_seed_warm,391,16611000000,0,"invalid_or_failed_input: fixed-yaw coherent control values","not_run",0,0,0,16611000000,1,1,0,0,0,0
S2,separate_seed_warm,392,16661000000,0,"invalid_or_failed_input: fixed-yaw coherent control values","not_run",0,0,0,16661000000,1,1,0,0,0,0
S2,separate_seed_warm,393,16711000000,0,"invalid_or_failed_input: fixed-yaw coherent control values","not_run",0,0,0,16711000000,1,1,0,0,0,0
S2,separate_seed_warm,394,16761000000,0,"invalid_or_failed_input: fixed-yaw coherent control values","not_run",0,0,0,16761000000,1,1,0,0,0,0
S2,separate_seed_warm,395,16811000000,0,"invalid_or_failed_input: fixed-yaw coherent control values","not_run",0,0,0,16811000000,1,1,0,0,0,0
S2,separate_seed_warm,396,16861000000,0,"invalid_or_failed_input: fixed-yaw coherent control values","not_run",0,0,0,16861000000,1,1,0,0,0,0
S2,separate_seed_warm,397,16911000000,0,"invalid_or_failed_input: fixed-yaw coherent control values","not_run",0,0,0,16911000000,1,1,0,0,0,0
S2,separate_seed_warm,398,16961000000,0,"invalid_or_failed_input: fixed-yaw coherent control values","not_run",0,0,0,16961000000,1,1,0,0,0,0
S2,separate_seed_warm,399,17011000000,0,"invalid_or_failed_input: fixed-yaw coherent control values","not_run",0,0,0,17011000000,1,1,0,0,0,0
S2,separate_seed_warm,400,17061000000,0,"invalid_or_failed_input: fixed-yaw coherent control values","not_run",0,0,0,17061000000,1,1,0,0,0,0
S2,separate_seed_warm,401,17111000000,0,"invalid_or_failed_input: fixed-yaw coherent control values","not_run",0,0,0,17111000000,1,1,0,0,0,0
S2,separate_seed_warm,402,17161000000,0,"invalid_or_failed_input: fixed-yaw coherent control values","not_run",0,0,0,17161000000,1,1,0,0,0,0
S2,separate_seed_warm,403,17211000000,0,"invalid_or_failed_input: fixed-yaw coherent control values","not_run",0,0,0,17211000000,1,1,0,0,0,0
S2,separate_seed_warm,404,17261000000,0,"invalid_or_failed_input: fixed-yaw coherent control values","not_run",0,0,0,17261000000,1,1,0,0,0,0
S2,separate_seed_warm,405,17311000000,0,"invalid_or_failed_input: fixed-yaw coherent control values","not_run",0,0,0,17311000000,1,1,0,0,0,0
S2,separate_seed_warm,406,17361000000,0,"invalid_or_failed_input: fixed-yaw coherent control values","not_run",0,0,0,17361000000,1,1,0,0,0,0
S2,separate_seed_warm,407,17411000000,0,"invalid_or_failed_input: fixed-yaw coherent control values","not_run",0,0,0,17411000000,1,1,0,0,0,0
S2,separate_seed_warm,408,17461000000,0,"invalid_or_failed_input: fixed-yaw coherent control values","not_run",0,0,0,17461000000,1,1,0,0,0,0
S2,separate_seed_warm,409,17511000000,0,"invalid_or_failed_input: fixed-yaw coherent control values","not_run",0,0,0,17511000000,1,1,0,0,0,0
S2,separate_seed_warm,410,17561000000,0,"invalid_or_failed_input: fixed-yaw coherent control values","not_run",0,0,0,17561000000,1,1,0,0,0,0
S2,separate_seed_warm,411,17611000000,0,"invalid_or_failed_input: fixed-yaw coherent control values","not_run",0,0,0,17611000000,1,1,0,0,0,0
S2,separate_seed_warm,412,17661000000,0,"invalid_or_failed_input: fixed-yaw coherent control values","not_run",0,0,0,17661000000,1,1,0,0,0,0
S2,separate_seed_warm,413,17711000000,0,"invalid_or_failed_input: fixed-yaw coherent control values","not_run",0,0,0,17711000000,1,1,0,0,0,0
S2,separate_seed_warm,414,17761000000,0,"invalid_or_failed_input: fixed-yaw coherent control values","not_run",0,0,0,17761000000,1,1,0,0,0,0
S2,separate_seed_warm,415,17811000000,0,"invalid_or_failed_input: fixed-yaw coherent control values","not_run",0,0,0,17811000000,1,1,0,0,0,0
S2,separate_seed_warm,416,17861000000,0,"invalid_or_failed_input: fixed-yaw coherent control values","not_run",0,0,0,17861000000,1,1,0,0,0,0
S2,separate_seed_warm,417,17911000000,0,"invalid_or_failed_input: fixed-yaw coherent control values","not_run",0,0,0,17911000000,1,1,0,0,0,0
S2,separate_seed_warm,418,17961000000,0,"invalid_or_failed_input: fixed-yaw coherent control values","not_run",0,0,0,17961000000,1,1,0,0,0,0
S2,separate_seed_warm,419,18011000000,0,"invalid_or_failed_input: fixed-yaw coherent control values","not_run",0,0,0,18011000000,1,1,0,0,0,0
S2,separate_seed_warm,420,18061000000,0,"invalid_or_failed_input: fixed-yaw coherent control values","not_run",0,0,0,18061000000,1,1,0,0,0,0
S2,separate_seed_warm,421,18111000000,0,"invalid_or_failed_input: fixed-yaw coherent control values","not_run",0,0,0,18111000000,1,1,0,0,0,0
S2,separate_seed_warm,422,18161000000,0,"invalid_or_failed_input: fixed-yaw coherent control values","not_run",0,0,0,18161000000,1,1,0,0,0,0
S2,separate_seed_warm,423,18211000000,0,"invalid_or_failed_input: fixed-yaw coherent control values","not_run",0,0,0,18211000000,1,1,0,0,0,0
S2,separate_seed_warm,424,18261000000,0,"invalid_or_failed_input: fixed-yaw coherent control values","not_run",0,0,0,18261000000,1,1,0,0,0,0
S2,separate_seed_warm,425,18311000000,0,"invalid_or_failed_input: fixed-yaw coherent control values","not_run",0,0,0,18311000000,1,1,0,0,0,0
S2,separate_seed_warm,426,18361000000,0,"invalid_or_failed_input: fixed-yaw coherent control values","not_run",0,0,0,18361000000,1,1,0,0,0,0
S2,separate_seed_warm,427,18411000000,0,"invalid_or_failed_input: fixed-yaw coherent control values","not_run",0,0,0,18411000000,1,1,0,0,0,0
S2,separate_seed_warm,428,18461000000,0,"invalid_or_failed_input: fixed-yaw coherent control values","not_run",0,0,0,18461000000,1,1,0,0,0,0
S2,separate_seed_warm,429,18511000000,0,"invalid_or_failed_input: fixed-yaw coherent control values","not_run",0,0,0,18511000000,1,1,0,0,0,0
S2,separate_seed_warm,430,18561000000,0,"invalid_or_failed_input: fixed-yaw coherent control values","not_run",0,0,0,18561000000,1,1,0,0,0,0
S2,separate_seed_warm,431,18611000000,0,"invalid_or_failed_input: fixed-yaw coherent control values","not_run",0,0,0,18611000000,1,1,0,0,0,0
S2,separate_seed_warm,432,18661000000,0,"invalid_or_failed_input: fixed-yaw coherent control values","not_run",0,0,0,18661000000,1,1,0,0,0,0
S2,separate_seed_warm,433,18711000000,0,"invalid_or_failed_input: fixed-yaw coherent control values","not_run",0,0,0,18711000000,1,1,0,0,0,0
S2,separate_seed_warm,434,18761000000,0,"invalid_or_failed_input: fixed-yaw coherent control values","not_run",0,0,0,18761000000,1,1,0,0,0,0
S2,separate_seed_warm,435,18811000000,0,"invalid_or_failed_input: fixed-yaw coherent control values","not_run",0,0,0,18811000000,1,1,0,0,0,0
S2,separate_seed_warm,436,18861000000,0,"invalid_or_failed_input: fixed-yaw coherent control values","not_run",0,0,0,18861000000,1,1,0,0,0,0
S2,separate_seed_warm,437,18911000000,0,"invalid_or_failed_input: fixed-yaw coherent control values","not_run",0,0,0,18911000000,1,1,0,0,0,0
S2,separate_seed_warm,438,18961000000,0,"invalid_or_failed_input: fixed-yaw coherent control values","not_run",0,0,0,18961000000,1,1,0,0,0,0
S2,separate_seed_warm,439,19011000000,0,"invalid_or_failed_input: fixed-yaw coherent control values","not_run",0,0,0,19011000000,1,1,0,0,0,0
S2,separate_seed_warm,440,19061000000,0,"invalid_or_failed_input: fixed-yaw coherent control values","not_run",0,0,0,19061000000,1,1,0,0,0,0
S2,separate_seed_warm,441,19111000000,0,"invalid_or_failed_input: fixed-yaw coherent control values","not_run",0,0,0,19111000000,1,1,0,0,0,0
S2,separate_seed_warm,442,19161000000,0,"invalid_or_failed_input: fixed-yaw coherent control values","not_run",0,0,0,19161000000,1,1,0,0,0,0
S2,separate_seed_warm,443,19211000000,0,"invalid_or_failed_input: fixed-yaw coherent control values","not_run",0,0,0,19211000000,1,1,0,0,0,0
S2,separate_seed_warm,444,19261000000,0,"invalid_or_failed_input: fixed-yaw coherent control values","not_run",0,0,0,19261000000,1,1,0,0,0,0
S2,separate_seed_warm,445,19311000000,0,"invalid_or_failed_input: fixed-yaw coherent control values","not_run",0,0,0,19311000000,1,1,0,0,0,0
S2,separate_seed_warm,446,19361000000,0,"invalid_or_failed_input: fixed-yaw coherent control values","not_run",0,0,0,19361000000,1,1,0,0,0,0
S2,separate_seed_warm,447,19411000000,0,"invalid_or_failed_input: fixed-yaw coherent control values","not_run",0,0,0,19411000000,1,1,0,0,0,0
S2,separate_seed_warm,448,19461000000,0,"invalid_or_failed_input: fixed-yaw coherent control values","not_run",0,0,0,19461000000,1,1,0,0,0,0
S2,separate_seed_warm,449,19511000000,0,"invalid_or_failed_input: fixed-yaw coherent control values","not_run",0,0,0,19511000000,1,1,0,0,0,0
S2,separate_seed_warm,450,19561000000,0,"invalid_or_failed_input: fixed-yaw coherent control values","not_run",0,0,0,19561000000,1,1,0,0,0,0
S2,separate_seed_warm,451,19611000000,0,"invalid_or_failed_input: fixed-yaw coherent control values","not_run",0,0,0,19611000000,1,1,0,0,0,0
S2,separate_seed_warm,452,19661000000,0,"invalid_or_failed_input: fixed-yaw coherent control values","not_run",0,0,0,19661000000,1,1,0,0,0,0
S2,separate_seed_warm,453,19711000000,0,"invalid_or_failed_input: fixed-yaw coherent control values","not_run",0,0,0,19711000000,1,1,0,0,0,0
S2,separate_seed_warm,454,19761000000,0,"invalid_or_failed_input: fixed-yaw coherent control values","not_run",0,0,0,19761000000,1,1,0,0,0,0
S2,separate_seed_warm,455,19811000000,0,"invalid_or_failed_input: fixed-yaw coherent control values","not_run",0,0,0,19811000000,1,1,0,0,0,0
S2,separate_seed_warm,456,19861000000,0,"invalid_or_failed_input: fixed-yaw coherent control values","not_run",0,0,0,19861000000,1,1,0,0,0,0
S2,separate_seed_warm,457,19911000000,0,"invalid_or_failed_input: fixed-yaw coherent control values","not_run",0,0,0,19911000000,1,1,0,0,0,0
S2,separate_seed_warm,458,19961000000,0,"invalid_or_failed_input: fixed-yaw coherent control values","not_run",0,0,0,19961000000,1,1,0,0,0,0
S2,separate_seed_warm,459,20011000000,0,"invalid_or_failed_input: fixed-yaw coherent control values","not_run",0,0,0,20011000000,1,1,0,0,0,0
S2,separate_seed_warm,460,20061000000,0,"invalid_or_failed_input: fixed-yaw coherent control values","not_run",0,0,0,20061000000,1,1,0,0,0,0
S2,separate_seed_warm,461,20111000000,0,"invalid_or_failed_input: fixed-yaw coherent control values","not_run",0,0,0,20111000000,1,1,0,0,0,0
S2,separate_seed_warm,462,20161000000,0,"invalid_or_failed_input: fixed-yaw coherent control values","not_run",0,0,0,20161000000,1,1,0,0,0,0
S2,separate_seed_warm,463,20211000000,0,"invalid_or_failed_input: fixed-yaw coherent control values","not_run",0,0,0,20211000000,1,1,0,0,0,0
S2,separate_seed_warm,464,20261000000,0,"invalid_or_failed_input: fixed-yaw coherent control values","not_run",0,0,0,20261000000,1,1,0,0,0,0
S2,separate_seed_warm,465,20311000000,0,"invalid_or_failed_input: fixed-yaw coherent control values","not_run",0,0,0,20311000000,1,1,0,0,0,0
S2,separate_seed_warm,466,20361000000,0,"invalid_or_failed_input: fixed-yaw coherent control values","not_run",0,0,0,20361000000,1,1,0,0,0,0
S2,separate_seed_warm,467,20411000000,0,"invalid_or_failed_input: fixed-yaw coherent control values","not_run",0,0,0,20411000000,1,1,0,0,0,0
S2,separate_seed_warm,468,20461000000,0,"invalid_or_failed_input: fixed-yaw coherent control values","not_run",0,0,0,20461000000,1,1,0,0,0,0
S2,separate_seed_warm,469,20511000000,0,"invalid_or_failed_input: fixed-yaw coherent control values","not_run",0,0,0,20511000000,1,1,0,0,0,0
S2,separate_seed_warm,470,20561000000,0,"invalid_or_failed_input: fixed-yaw coherent control values","not_run",0,0,0,20561000000,1,1,0,0,0,0
S2,separate_seed_warm,471,20611000000,0,"invalid_or_failed_input: fixed-yaw coherent control values","not_run",0,0,0,20611000000,1,1,0,0,0,0
S2,separate_seed_warm,472,20661000000,0,"invalid_or_failed_input: fixed-yaw coherent control values","not_run",0,0,0,20661000000,1,1,0,0,0,0
S2,separate_seed_warm,473,20711000000,0,"invalid_or_failed_input: fixed-yaw coherent control values","not_run",0,0,0,20711000000,1,1,0,0,0,0
S2,separate_seed_warm,474,20761000000,0,"invalid_or_failed_input: fixed-yaw coherent control values","not_run",0,0,0,20761000000,1,1,0,0,0,0
S2,separate_seed_warm,475,20811000000,0,"invalid_or_failed_input: fixed-yaw coherent control values","not_run",0,0,0,20811000000,1,1,0,0,0,0
S2,separate_seed_warm,476,20861000000,0,"invalid_or_failed_input: fixed-yaw coherent control values","not_run",0,0,0,20861000000,1,1,0,0,0,0
S2,separate_seed_warm,477,20911000000,0,"invalid_or_failed_input: fixed-yaw coherent control values","not_run",0,0,0,20911000000,1,1,0,0,0,0
S2,separate_seed_warm,478,20961000000,0,"invalid_or_failed_input: fixed-yaw coherent control values","not_run",0,0,0,20961000000,1,1,0,0,0,0
S2,separate_seed_warm,479,21011000000,0,"invalid_or_failed_input: fixed-yaw coherent control values","not_run",0,0,0,21011000000,1,1,0,0,0,0
S2,separate_seed_warm,480,21061000000,0,"invalid_or_failed_input: fixed-yaw coherent control values","not_run",0,0,0,21061000000,1,1,0,0,0,0
S2,separate_seed_warm,481,21111000000,0,"invalid_or_failed_input: fixed-yaw coherent control values","not_run",0,0,0,21111000000,1,1,0,0,0,0
S2,separate_seed_warm,482,21161000000,0,"invalid_or_failed_input: fixed-yaw coherent control values","not_run",0,0,0,21161000000,1,1,0,0,0,0
S2,separate_seed_warm,483,21211000000,0,"invalid_or_failed_input: fixed-yaw coherent control values","not_run",0,0,0,21211000000,1,1,0,0,0,0
S2,separate_seed_warm,484,21261000000,0,"invalid_or_failed_input: fixed-yaw coherent control values","not_run",0,0,0,21261000000,1,1,0,0,0,0
S2,separate_seed_warm,485,21311000000,0,"invalid_or_failed_input: fixed-yaw coherent control values","not_run",0,0,0,21311000000,1,1,0,0,0,0
S2,separate_seed_warm,486,21361000000,0,"invalid_or_failed_input: fixed-yaw coherent control values","not_run",0,0,0,21361000000,1,1,0,0,0,0
S2,separate_seed_warm,487,21411000000,0,"invalid_or_failed_input: fixed-yaw coherent control values","not_run",0,0,0,21411000000,1,1,0,0,0,0
S2,separate_seed_warm,488,21461000000,0,"invalid_or_failed_input: fixed-yaw coherent control values","not_run",0,0,0,21461000000,1,1,0,0,0,0
S2,separate_seed_warm,489,21511000000,0,"invalid_or_failed_input: fixed-yaw coherent control values","not_run",0,0,0,21511000000,1,1,0,0,0,0
S2,separate_seed_warm,490,21561000000,0,"invalid_or_failed_input: fixed-yaw coherent control values","not_run",0,0,0,21561000000,1,1,0,0,0,0
S2,separate_seed_warm,491,21611000000,0,"invalid_or_failed_input: fixed-yaw coherent control values","not_run",0,0,0,21611000000,1,1,0,0,0,0
S2,separate_seed_warm,492,21661000000,0,"invalid_or_failed_input: fixed-yaw coherent control values","not_run",0,0,0,21661000000,1,1,0,0,0,0
S2,separate_seed_warm,493,21711000000,0,"invalid_or_failed_input: fixed-yaw coherent control values","not_run",0,0,0,21711000000,1,1,0,0,0,0
S2,separate_seed_warm,494,21761000000,0,"invalid_or_failed_input: fixed-yaw coherent control values","not_run",0,0,0,21761000000,1,1,0,0,0,0
S2,separate_seed_warm,495,21811000000,0,"invalid_or_failed_input: fixed-yaw coherent control values","not_run",0,0,0,21811000000,1,1,0,0,0,0
S2,separate_seed_warm,496,21861000000,0,"invalid_or_failed_input: fixed-yaw coherent control values","not_run",0,0,0,21861000000,1,1,0,0,0,0
S2,separate_seed_warm,497,21909000000,0,"invalid_or_failed_input: fixed-yaw coherent control values","not_run",0,0,0,21909000000,1,1,0,0,0,0
S2,separate_seed_warm,498,21959000000,0,"invalid_or_failed_input: fixed-yaw coherent control values","not_run",0,0,0,21959000000,1,1,0,0,0,0
S2,separate_seed_warm,499,22009000000,0,"invalid_or_failed_input: fixed-yaw coherent control values","not_run",0,0,0,22009000000,1,1,0,0,0,0
S2,separate_seed_warm,500,22059000000,0,"invalid_or_failed_input: fixed-yaw coherent control values","not_run",0,0,0,22059000000,1,1,0,0,0,0
S2,separate_seed_warm,501,22109000000,0,"invalid_or_failed_input: fixed-yaw coherent control values","not_run",0,0,0,22109000000,1,1,0,0,0,0
S2,separate_seed_warm,502,22159000000,0,"invalid_or_failed_input: fixed-yaw coherent control values","not_run",0,0,0,22159000000,1,1,0,0,0,0
S2,separate_seed_warm,503,22209000000,0,"invalid_or_failed_input: fixed-yaw coherent control values","not_run",0,0,0,22209000000,1,1,0,0,0,0
S2,separate_seed_warm,504,22259000000,0,"invalid_or_failed_input: fixed-yaw coherent control values","not_run",0,0,0,22259000000,1,1,0,0,0,0
S2,separate_seed_warm,505,22309000000,0,"invalid_or_failed_input: fixed-yaw coherent control values","not_run",0,0,0,22309000000,1,1,0,0,0,0
S2,separate_seed_warm,506,22359000000,0,"invalid_or_failed_input: fixed-yaw coherent control values","not_run",0,0,0,22359000000,1,1,0,0,0,0
S2,separate_seed_warm,507,22409000000,0,"invalid_or_failed_input: fixed-yaw coherent control values","not_run",0,0,0,22409000000,1,1,0,0,0,0
S2,separate_seed_warm,508,22459000000,0,"invalid_or_failed_input: fixed-yaw coherent control values","not_run",0,0,0,22459000000,1,1,0,0,0,0
S2,separate_seed_warm,509,22509000000,0,"invalid_or_failed_input: fixed-yaw coherent control values","not_run",0,0,0,22509000000,1,1,0,0,0,0
S2,separate_seed_warm,510,22559000000,0,"invalid_or_failed_input: fixed-yaw coherent control values","not_run",0,0,0,22559000000,1,1,0,0,0,0
S2,separate_seed_warm,511,22609000000,0,"invalid_or_failed_input: fixed-yaw coherent control values","not_run",0,0,0,22609000000,1,1,0,0,0,0
S2,separate_seed_warm,512,22659000000,0,"invalid_or_failed_input: fixed-yaw coherent control values","not_run",0,0,0,22659000000,1,1,0,0,0,0
S2,separate_seed_warm,513,22709000000,0,"invalid_or_failed_input: fixed-yaw coherent control values","not_run",0,0,0,22709000000,1,1,0,0,0,0
S2,separate_seed_warm,514,22759000000,0,"invalid_or_failed_input: fixed-yaw coherent control values","not_run",0,0,0,22759000000,1,1,0,0,0,0
S2,separate_seed_warm,515,22809000000,0,"invalid_or_failed_input: fixed-yaw coherent control values","not_run",0,0,0,22809000000,1,1,0,0,0,0
S2,separate_seed_warm,516,22859000000,0,"invalid_or_failed_input: fixed-yaw coherent control values","not_run",0,0,0,22859000000,1,1,0,0,0,0
S2,separate_seed_warm,517,22909000000,0,"invalid_or_failed_input: fixed-yaw coherent control values","not_run",0,0,0,22909000000,1,1,0,0,0,0
S2,separate_seed_warm,518,22959000000,0,"invalid_or_failed_input: fixed-yaw coherent control values","not_run",0,0,0,22959000000,1,1,0,0,0,0
S2,separate_seed_warm,519,23009000000,0,"invalid_or_failed_input: fixed-yaw coherent control values","not_run",0,0,0,23009000000,1,1,0,0,0,0
S2,separate_seed_warm,520,23059000000,0,"invalid_or_failed_input: fixed-yaw coherent control values","not_run",0,0,0,23059000000,1,1,0,0,0,0
S2,separate_seed_warm,521,23109000000,0,"invalid_or_failed_input: fixed-yaw coherent control values","not_run",0,0,0,23109000000,1,1,0,0,0,0
