side,source_t,scan_exact_match,online_pose_available,selected_points,online_side,truth_side,online_pose_error_m,physical_x_m,physical_y_m,physical_vx_mps,tracker_x_m,tracker_y_m,source_x_lower_m,source_x_upper_m,source_x_valid,source_x_covers_center,source_y_center_m,source_y_error_m,history_valid,causal_vx_mps,causal_vy_mps,velocity_halfwidth_x_mps,velocity_halfwidth_y_mps,future_nine_step_label_available
north,16.039,True,True,33,north,north,0.0,4.868606507033574,0.0,0.772524975891602,4.789388550414125,0.3034311083713082,4.803134383692498,4.922862070298014,True,True,0.019104761405030035,0.019104761405030035,True,0.7244143604950883,0.0038128275200050104,0.2582402665539997,0.2582402665539997,True
north,16.105,True,True,34,north,north,0.0,4.919629477021321,0.0,0.7698330000429365,4.8434751917570225,0.30314561668940715,4.871016048803998,4.979000797799259,True,True,0.014995189894395078,0.014995189894395078,True,0.787402400806834,-0.048206478965407334,0.25824026655400134,0.25824026655400134,True
north,16.171,True,True,33,north,north,0.0,4.970508839034276,0.0,0.7649011725085453,4.897991043972339,0.3026591576226143,4.909676776383752,5.031484411485481,True,True,0.0156327926334644,0.0156327926334644,True,0.8050930476733945,-0.044001270292091756,0.2582402665540035,0.2582402665540035,True
north,16.237,True,True,34,north,north,0.0,5.02102453818659,0.0,0.7585515057170866,4.952766163421377,0.3016040146384676,4.966148003876712,5.072307844597219,True,True,0.02760973520001697,0.02760973520001697,True,0.7791837308456441,0.03962503655156143,0.2582402665540051,0.2582402665540051,True
north,16.303,True,True,33,north,north,0.0,5.07091655551584,0.0,0.7508493441255748,5.00751033826718,0.300291047778467,5.006851355872845,5.1250024492757,True,True,0.023637628071296546,0.023637628071296546,True,0.71424661836406,0.057430692571601064,0.25824026655400184,0.25824026655400184,True
north,16.369,True,True,32,north,north,0.0,5.120078274437292,0.0,0.7409142891203624,5.062082245921094,0.2987999258237694,5.048880363863147,5.178306520799243,True,True,0.015416765720807413,0.015416765720807413,True,0.7208144295864243,-0.007000284646502247,0.25824026655400073,0.25824026655400073,True
north,16.435,True,True,33,north,north,0.0,5.168349653388119,0.0,0.7267586677219073,5.116593462483322,0.29648224936334283,5.1090491088310435,5.220476280538256,True,True,0.01829360230281274,0.01829360230281274,True,0.7337437137878445,-0.054801910669851406,0.25824026655400184,0.25824026655400184,True
north,16.501,True,True,33,north,north,0.0,5.2160255576705215,0.0,0.7114334783618004,5.171055818625201,0.29392681418863653,5.160455472316661,5.271737891593696,True,True,0.016357422698312418,0.016357422698312418,True,0.7601190765093543,-0.028732999298404505,0.25824026655400184,0.25824026655400184,True
north,16.567,True,True,34,north,north,0.0,5.262655611514876,0.0,0.6960316000723976,5.219938844461431,0.28583274747958526,5.1966219675193726,5.30989734262958,True,True,0.016450667065350033,0.016450667065350033,True,0.7126251901520743,0.0017659461047385757,0.25824026655400073,0.25824026655400073,True
north,16.633,True,True,35,north,north,0.0,5.30818057631641,0.0,0.6803776051064947,5.2679942017871255,0.2779470404843305,5.246202118382208,5.35655377782175,True,True,0.02078047255458404,0.02078047255458404,True,0.6772859596534649,0.011445235033865695,0.25824026655400184,0.25824026655400184,True
north,16.699,True,True,35,north,north,0.0,5.352421063140703,0.0,0.6620045014099452,5.316462716623266,0.27468054478492687,5.2934707625486075,5.395360707900113,True,True,0.021654467065878147,0.021654467065878147,True,0.6561749285379506,0.030637785745350254,0.25824026655400184,0.25824026655400184,True
north,16.765,True,True,35,north,north,0.0,5.395206043862426,0.0,0.6414036558675784,5.360387100549468,0.2670348637728454,5.326955965255812,5.436653853675251,True,True,0.017630794162830532,0.017630794162830532,True,0.6495053792356706,0.006688448187478174,0.25824026655400073,0.25824026655400073,True
north,16.831,True,True,35,north,north,0.0,5.436863824799835,0.0,0.6183410463658889,5.4030554803480255,0.25824169814568415,5.3692352378975166,5.4833832363441,True,True,0.017451147770288222,0.017451147770288222,True,0.6245197595419039,-0.02122976856959847,0.25824026655400184,0.25824026655400184,True
north,16.897,True,True,35,north,north,0.0,5.477046380136608,0.0,0.5946679306390479,5.444147787714434,0.2523007144751646,5.404530325122854,5.518076798337051,True,True,0.014515743097565648,0.014515743097565648,True,0.5987391017758481,-0.03272093681436386,0.2582402665540032,0.2582402665540032,True
north,16.963,True,True,37,north,north,0.0,5.515676028780582,0.0,0.5704902182545402,5.483624249166202,0.243402999471424,5.460980048462887,5.55906329385848,True,True,0.01604748926718702,0.01604748926718702,True,0.6358251662039417,-0.011644423272201549,0.25824026655400184,0.25824026655400184,True
north,17.029,True,True,37,north,north,0.0,5.552545153985331,0.0,0.5458072324516383,5.521261447670464,0.23448842829564048,5.489613073589491,5.595118339577028,True,True,0.02298906954492519,0.02298906954492519,True,0.6013447239667937,0.02749319923262449,0.25824026655400073,0.25824026655400073,True
north,17.095,True,True,36,north,north,0.0,5.5876907278284165,0.0,0.5198056203094259,5.5581925740628195,0.22945061459352184,5.531365233420638,5.630975729445257,True,True,0.01873036567693942,0.01873036567693942,True,0.5938557492902432,0.02967492123615083,0.25824026655400184,0.25824026655400184,True
north,17.161,True,True,37,north,north,0.0,5.620886678845493,0.0,0.4916420423098522,5.592775975510139,0.22248745083577484,5.5686326553701075,5.665536977526064,True,True,0.03228898041092798,0.03228898041092798,True,0.5454457738059021,0.06737237812611734,0.25824026655400184,0.25824026655400184,True
north,17.227,True,True,36,north,north,0.0,5.652444286665186,0.0,0.4616401453034147,5.6245517048273275,0.21675047423663685,5.574551479031801,5.69352306954189,True,True,0.015366255483219793,0.015366255483219793,True,0.47110460322105485,-0.014105799168374325,0.25824026655400073,0.25824026655400073,True
north,17.293,True,True,37,north,north,0.0,5.6820149476907895,0.0,0.4310037536240596,5.6544671342492,0.2104061245669549,5.621866916884191,5.726371287416261,True,True,0.020535930656986667,0.020535930656986667,True,0.448179272713022,-0.017433378769039293,0.25824026655400184,0.25824026655400184,True
north,17.359,True,True,37,north,north,0.0,5.70956972897629,0.0,0.40035350150361637,5.683797574152816,0.20655777297997768,5.6607962938881835,5.756354433625758,True,True,0.01670352361352989,0.01670352361352989,True,0.4765961663485362,-0.06301014427034424,0.25824026655400184,0.25824026655400184,True
north,17.425,True,True,37,north,north,0.0,5.734914493163297,0.0,0.3679783564902772,5.71016980383014,0.2022338504523393,5.673578106678083,5.779226639938893,True,True,0.020814563479825243,0.020814563479825243,True,0.47204781616919916,0.01895835900963534,0.25824026655400073,0.25824026655400073,True
north,17.491,True,True,37,north,north,0.0,5.758074049238419,0.0,0.33502040850498016,5.73412460171273,0.1975342855878581,5.700740841396812,5.80021250330614,True,True,0.01641987279529833,0.01641987279529833,True,0.37409048508374504,-0.012480505634499598,0.25824026655400184,0.25824026655400184,True
north,17.557,True,True,37,north,north,0.0,5.77906199773235,0.0,0.29947741204532363,5.755469831556791,0.1937444480093864,5.702557850071669,5.814718248156492,True,True,0.024012495683114143,0.024012495683114143,True,0.2640338713853319,0.02656397806700927,0.2582402665540051,0.2582402665540051,True
north,17.623,True,True,36,north,north,0.0,5.797752747339511,0.0,0.2642964460775632,5.776058542434969,0.1925520655268869,5.745581216836194,5.8430745987754715,True,True,0.017171090559332858,0.017171090559332858,True,0.3211181519009677,-0.005057266475244772,0.25824026655400184,0.25824026655400184,True
north,17.689,True,True,37,north,north,0.0,5.814042145369272,0.0,0.22853012973326425,5.793871504324936,0.1898113736350476,5.755637142226269,5.858177456601473,True,True,0.012465616266553625,0.012465616266553625,True,0.31057839375596,-0.02833965865153859,0.25824026655400073,0.25824026655400073,True
north,17.755,True,True,37,north,north,0.0,5.827947778289003,0.0,0.19200810964495663,5.807627130025448,0.18527749698039547,5.7692156363169085,5.872095342972758,True,True,0.012623198186453188,0.012623198186453188,True,0.300957141212572,-0.05889904057994283,0.25824026655400184,0.25824026655400184,True
north,17.821,True,True,37,north,north,0.0,5.839341698355163,0.0,0.14436030391906662,5.82025961669454,0.1829647982236709,5.7859613318676795,5.884763354186258,True,True,0.029792369416288156,0.029792369416288156,True,0.2073507513551049,0.0576082098344941,0.25824026655400184,0.25824026655400184,True
north,17.887,True,True,36,north,north,0.0,5.848280794615976,0.0,0.07372357190636336,5.830059016548479,0.18266422494289603,5.790443282947306,5.8846868234940395,True,True,0.031327507560404366,0.031327507560404366,True,0.1616365375796091,0.11174976532028355,0.25824026655400073,0.25824026655400073,True
north,17.953,True,True,37,north,north,0.0,5.849435579751537,0.0,0.007958661113010024,5.838138444128928,0.1830667800705345,5.802197273725262,5.8873480126608095,True,True,0.022331484663493106,0.022331484663493106,True,0.11296086490653166,0.046454541780661655,0.25824026655400184,0.25824026655400184,True
north,18.019,True,True,36,north,north,0.0,5.847305113199255,0.0,-0.04381574633052665,5.841319181074439,0.1831021725434763,5.792354445841174,5.89571280260161,True,True,0.017053447029288127,0.017053447029288127,True,0.05033550538732539,-0.07153453039077591,0.2582402665540032,0.2582402665540032,True
north,18.085,True,True,37,north,north,0.0,5.843616183036219,0.0,-0.06662583258864263,5.84086972649808,0.18166397179856208,5.786924513016294,5.885547381775551,True,True,0.015007658081728548,0.015007658081728548,True,-0.007161115827115481,-0.0821781607124731,0.25824026655400184,0.25824026655400184,True
north,18.151,True,True,37,north,north,0.0,5.838489088091401,0.0,-0.08889169549991305,5.838171702490798,0.1816148992332519,5.787106041435599,5.880801796495632,True,True,0.025076589082147716,0.025076589082147716,True,-0.06099068107231776,0.009378067133945631,0.25824026655400073,0.25824026655400073,True
north,18.217,True,True,36,north,north,0.0,5.831921702319421,0.0,-0.11109828858953286,5.832328577634672,0.18180872351737076,5.771912352599237,5.874235283852999,True,True,0.014307040470517784,0.014307040470517784,True,-0.09872946426685904,0.0027722898850124195,0.25824026655400184,0.25824026655400184,True
north,18.283,True,True,37,north,north,0.0,5.823896111973866,0.0,-0.1333428792908231,5.8243528844990315,0.18081643146790158,5.765030150938441,5.869276334068464,True,True,0.023781006436157992,0.023781006436157992,True,-0.1032245688134944,0.0235613582600888,0.25824026655400184,0.25824026655400184,True
north,18.349,True,True,37,north,north,0.0,5.814290944447365,0.0,-0.15642699034290608,5.815144395767612,0.18231298302357216,5.74975910674094,5.859202406595616,True,True,0.0190814310073687,0.0190814310073687,True,-0.1429394888101195,-0.012896224634388522,0.25824026655400073,0.25824026655400073,True
north,18.415,True,True,36,north,north,0.0,5.8031553871384975,0.0,-0.18111953558623828,5.8037891055025375,0.18491529471350743,5.7540346888695435,5.843848729690892,True,True,0.013474859345620316,0.013474859345620316,True,-0.1288921404134501,-0.010903210308304882,0.25824026655400184,0.25824026655400184,True
north,18.481,True,True,37,north,north,0.0,5.790399834184692,0.0,-0.20738753421470246,5.791124325649782,0.1872431094236122,5.753213047329882,5.836881093972987,True,True,0.011131909696449171,0.011131909696449171,True,-0.10887509536986946,-0.06599069981950721,0.25824026655400184,0.25824026655400184,True
north,18.547,True,True,37,north,north,0.0,5.775864477038503,0.0,-0.23499850362762142,5.775944282495345,0.18854210342100972,5.7232447893061,5.820418288893122,True,True,0.02969174556851517,0.02969174556851517,True,-0.15430650202240057,0.04467877883979988,0.25824026655400073,0.25824026655400073,True
north,18.613,True,True,37,north,north,0.0,5.759527324557761,0.0,-0.26376206704145755,5.758774714420034,0.18928969916923902,5.703455498816959,5.798497210672198,True,True,0.015800254526133872,0.015800254526133872,True,-0.25319938660415375,0.038690941535767714,0.25824026655400184,0.25824026655400184,True
north,18.679,True,True,37,north,north,0.0,5.7412600059011885,0.0,-0.2936349915432501,5.739506853536104,0.1904788556950638,5.670025692020252,5.786646175172173,True,True,0.014279001910893707,0.014279001910893707,True,-0.3348312053343973,-0.0067427490894663095,0.2582402665540051,0.2582402665540051,True
north,18.745,True,True,37,north,north,0.0,5.72079923946118,0.0,-0.3250585598890021,5.71881861173537,0.19205903222930817,5.667964967215238,5.761707740742476,True,True,0.009308596909042843,0.009308596909042843,True,-0.293372691682769,-0.0949556039297833,0.25824026655400184,0.25824026655400184,True
north,18.811,True,True,37,north,north,0.0,5.698182112815487,0.0,-0.3581457580530589,5.696830610913627,0.1943836587434972,5.64613322938555,5.741917912417159,True,True,0.023038118721750434,0.023038118721750434,True,-0.2793211077985232,0.025368466037876496,0.25824026655400073,0.25824026655400073,True
north,18.877,True,True,37,north,north,0.0,5.673397777423013,0.0,-0.3925334243150669,5.673618434745306,0.19820442116231105,5.6289236572739965,5.718911767170114,True,True,0.022481957640141492,0.022481957640141492,True,-0.2788870412120819,0.05808846818250097,0.25824026655400184,0.25824026655400184,True
north,18.943,True,True,37,north,north,0.0,5.646432884740813,0.0,-0.42746946647769235,5.647342575658813,0.20014705496431107,5.5835695434718025,5.685416765687664,True,True,0.015951541157757432,0.015951541157757432,True,-0.3956628134495029,0.029352532825052003,0.25824026655400184,0.25824026655400184,True
north,19.009,True,True,37,north,north,0.0,5.6172359674882575,0.0,-0.4622478768829774,5.620508688066297,0.20453260703551038,5.562762322555096,5.662029763170909,True,True,0.02431578473469298,0.02431578473469298,True,-0.43077748751117745,-0.004086997641752469,0.25824026655400073,0.25824026655400073,True
north,19.075,True,True,37,north,north,0.0,5.585637028548988,0.0,-0.49581660930175353,5.59149818334432,0.20685633373879825,5.532320820573767,5.628488119929344,True,True,0.01744318673781675,0.01744318673781675,True,-0.4585406630730783,-0.0102304077727861,0.25824026655400184,0.25824026655400184,True
north,19.141,True,True,37,north,north,0.0,5.551711129181639,0.0,-0.5282273098141665,5.5601131825875765,0.20922355146677388,5.489331397231676,5.597341561230999,True,True,0.023519121235905716,0.023519121235905716,True,-0.4628206040252114,0.023985063996316475,0.2582402665540032,0.2582402665540032,True
north,19.207,True,True,37,north,north,0.0,5.515604117411111,0.0,-0.5600648751706272,5.526852033774096,0.21249902993302022,5.463107651065862,5.5572627848404474,True,True,0.019541523839802122,0.019541523839802122,True,-0.5207582814390339,-0.012495224525126752,0.25824026655400184,0.25824026655400184,True
north,19.273,True,True,35,north,north,0.0,5.477434913879535,0.0,-0.5919149138336355,5.491988407367399,0.21785287798094372,5.408873690315892,5.5196184913370026,True,True,0.018926152989794498,0.018926152989794498,True,-0.5782218175053054,0.0007140929694386341,0.25824026655400073,0.25824026655400073,True
north,19.339,True,True,36,north,north,0.0,5.43737472431526,0.0,-0.6219409322185943,5.454965844282392,0.22144286489838821,5.371773803890377,5.483167515977299,True,True,0.026153340376474543,0.026153340376474543,True,-0.5962675530594007,0.011041343290452395,0.25824026655400184,0.25824026655400184,True
north,19.405,True,True,35,north,north,0.0,5.3955822844997146,0.0,-0.6495944248330598,5.4156915523537545,0.2272558402830541,5.32081434326281,5.440437965683133,True,True,0.021502778817782064,0.021502778817782064,True,-0.6446251838381213,0.019865079273666146,0.25824026655400184,0.25824026655400184,True
north,19.471,True,True,35,north,north,0.0,5.351942844690782,0.0,-0.6741849486590645,5.377855465930372,0.2366410346527597,5.293071861528116,5.396599656652305,True,True,0.022279793762523536,0.022279793762523536,True,-0.6137507585902664,0.008197516302264273,0.25824026655400073,0.25824026655400073,True
north,19.537,True,True,35,north,north,0.0,5.306600808004022,0.0,-0.6956536375928035,5.336599660872404,0.24050563922894913,5.250455221205389,5.356191471741412,True,True,0.017141498520936937,0.017141498520936937,True,-0.6185338420667781,-0.03978562215435059,0.25824026655400184,0.25824026655400184,True
north,19.603,True,True,35,north,north,0.0,5.259784280652419,0.0,-0.7142967963285995,5.293325552715682,0.2450419746663309,5.205680851121654,5.302682285855586,True,True,0.016504768722235386,0.016504768722235386,True,-0.637645712984639,-0.03050352352761608,0.25824026655400184,0.25824026655400184,True
north,19.669,True,True,34,north,north,0.0,5.211869445533338,0.0,-0.7307854585201934,5.251539478563811,0.2523314660074193,5.15686598583672,5.267168551056867,True,True,0.015931218864327357,0.015931218864327357,True,-0.6781776513864096,-0.029821900747408987,0.25824026655400073,0.25824026655400073,True
north,19.735,True,True,34,north,north,0.0,5.163011663009513,0.0,-0.7451802488880821,5.2084258518459405,0.26020104481787426,5.107825146545651,5.213171915639532,True,True,0.013156399529570817,0.013156399529570817,True,-0.7130890093700791,-0.018983101260615674,0.25824026655400184,0.25824026655400184,True
north,19.801,True,True,33,north,north,0.0,5.113469610428576,0.0,-0.7566976429113259,5.1617814880414175,0.2665122148013097,5.055612826759568,5.164972761593291,True,True,0.01866632170382887,0.01866632170382887,True,-0.7320985761981539,0.005620969106096926,0.2582402665540051,0.2582402665540051,True
north,19.867,True,True,33,north,north,0.0,5.063502696740941,0.0,-0.7642045914871565,5.114917686017262,0.27265920077123457,5.005305535895086,5.125217033184172,True,True,0.024109643532865488,0.024109643532865488,True,-0.7431419524812952,0.045523024514958516,0.25824026655400184,0.25824026655400184,True
north,19.933,True,True,33,north,north,0.0,5.01285799900997,0.0,-0.7678968485185633,5.06544893270333,0.2767346186752363,4.950004651401826,5.0712549972821,True,True,0.017188959749954713,0.017188959749954713,True,-0.7494509543767928,0.026577276500285366,0.25824026655400073,0.25824026655400073,True
north,19.999,True,True,33,north,north,0.0,4.961873743131057,0.0,-0.7693538636298447,5.013763836187596,0.2802605220602582,4.89763865728527,5.016769307736346,True,True,0.027359347739312923,0.027359347739312923,True,-0.7786331745371649,0.029027870187183957,0.25824026655400184,0.25824026655400184,True
north,20.065,True,True,34,north,north,0.0,4.910858431591593,0.0,-0.7694789778331979,4.9616760697672255,0.28281831764503734,4.856170255831653,4.962650352828993,True,True,0.019288509223765016,0.019288509223765016,True,-0.7893617916046544,-0.006504568087793072,0.25824026655400184,0.25824026655400184,True
north,20.131,True,True,33,north,north,0.0,4.8600364833849925,0.0,-0.7677571585613308,4.909431485952057,0.2845973707350737,4.801603278992395,4.923219905192343,True,True,0.019243305331035354,0.019243305331035354,True,-0.7461339014079796,-0.0028906087459185693,0.25824026655400073,0.25824026655400073,True
north,20.197,True,True,33,north,north,0.0,4.809647353171214,0.0,-0.7633056334900701,4.855785109282936,0.285754734938358,4.74787110433691,4.8716707909978885,True,True,0.025435249484803246,0.025435249484803246,True,-0.7413603284366399,-0.008814391903422852,0.25824026655400184,0.25824026655400184,True
north,20.263,True,True,34,north,north,0.0,4.75959800997315,0.0,-0.7550781439502874,4.802394057377962,0.2870566735340724,4.70831346140673,4.813009472599696,True,True,0.029326264162320315,0.029326264162320315,True,-0.7558896309186326,0.05500789237793007,0.25824026655400184,0.25824026655400184,True
north,20.329,True,True,33,north,north,0.0,4.709887365672686,0.0,-0.7448103742681278,4.749202658984896,0.2872683099900046,4.655097063217516,4.766737402331281,True,True,0.013585829009470696,0.013585829009470696,True,-0.7630190282092294,-0.019820324677540375,0.25824026655400073,0.25824026655400073,True
north,20.395,True,True,33,north,north,0.0,4.6608823558947545,0.0,-0.7345184505707225,4.694845902165736,0.28707496643521896,4.601749401762908,4.7124425588515635,True,True,0.018723476466554145,0.018723476466554145,True,-0.7693471762262165,-0.054357203344843535,0.25824026655400184,0.25824026655400184,True
north,20.461,True,True,34,north,north,0.0,4.612818760605223,0.0,-0.7224250545159316,4.642372413809725,0.2868235847232768,4.566261722029868,4.6624218096849095,True,True,0.022522761842841965,0.022522761842841965,True,-0.7466369028858271,-0.02314069621416946,0.2582402665540032,0.2582402665540032,True
north,20.527,True,True,34,north,north,0.0,4.565619175491742,0.0,-0.7087002386570296,4.591484737805513,0.28581312351723615,4.514429344852607,4.619332586531471,True,True,0.01773171583848321,0.01773171583848321,True,-0.7194894177226157,0.024601433126250075,0.25824026655400184,0.25824026655400184,True
north,20.593,True,True,34,north,north,0.0,4.519380458589087,0.0,-0.6917604012632594,4.542003638651879,0.2848839850061068,4.47430170630149,4.57206202341625,True,True,0.025890707468798513,0.025890707468798513,True,-0.6806108280461297,0.02531916212480912,0.25824026655400073,0.25824026655400073,True
north,20.659,True,True,35,north,north,0.0,4.474432049055384,0.0,-0.6735889212644786,4.497043659951602,0.27591141106442685,4.429323034091221,4.522482172487949,True,True,0.01771883989133316,0.01771883989133316,True,-0.6954796796008794,-0.009473900339713905,0.25824026655400184,0.25824026655400184,True
north,20.725,True,True,35,north,north,0.0,4.430550977192296,0.0,-0.6531316640857332,4.454271860688249,0.26849303926696205,4.386043059680356,4.498264192067327,True,True,0.01754464077464768,0.01754464077464768,True,-0.6385776985210304,-0.013231958740866715,0.25824026655400184,0.25824026655400184,True
north,20.791,True,True,34,north,north,0.0,4.387991793226985,0.0,-0.6324544151011269,4.413218687593278,0.2631259490880796,4.34516902043833,4.467164646018589,True,True,0.019816614262376464,0.019816614262376464,True,-0.5830213216772326,-0.027873452630229497,0.25824026655400073,0.25824026655400073,True
north,20.857,True,True,33,north,north,0.0,4.346898540694031,0.0,-0.6092034583225558,4.3772352446971645,0.25349031976764125,4.303134921262005,4.4495448790872,True,True,0.02220454786315218,0.02220454786315218,True,-0.5070831848338295,0.02383196576240267,0.25824026655400184,0.25824026655400184,True
north,20.923,True,True,31,north,north,0.0,4.307238492848825,0.0,-0.5854706574415047,4.344825628402066,0.24513771553375976,4.265197882861157,4.450391809515688,True,True,0.016254780782434586,0.016254780782434586,True,-0.42864132137896355,-0.002244918751308468,0.2582402665540051,0.2582402665540051,True
north,20.989,True,True,28,north,north,0.0,4.2693335885591575,0.0,-0.5600175533592289,4.318002613071444,0.23536554743381619,4.22460171025418,4.460700523912337,True,True,0.02575816798977837,0.02575816798977837,True,-0.3168063673057305,0.017992263790133998,0.25824026655400184,0.25824026655400184,True
north,21.055,True,True,27,north,north,0.0,4.2333505563173786,0.0,-0.5344773747758902,4.293287676660515,0.22629426414231624,4.1938525518178835,4.448797133178905,True,True,0.020322654103810067,0.020322654103810067,True,-0.27301348808149856,0.005845008983814774,0.25824026655400073,0.25824026655400073,True
north,21.121,True,True,25,north,north,0.0,4.199077899260462,0.0,-0.5072823928225434,4.273571390685763,0.2125795006645302,4.156348998606543,4.47217465069462,True,True,0.011556702745799785,0.011556702745799785,True,-0.23018990787634813,-0.02959052726647295,0.25824026655400184,0.25824026655400184,True
north,21.187,True,True,24,north,north,0.0,4.1665726084514,0.0,-0.4793624902822513,4.254638697624877,0.2003249493768834,4.126335442907896,4.449301035555606,True,True,0.009497888215551087,0.009497888215551087,True,-0.25994189606414886,-0.08719210709195754,0.25824026655400184,0.25824026655400184,True
north,21.253,True,True,21,north,north,0.0,4.1358411606478915,0.0,-0.44929050521018254,4.239046435870051,0.1884754428854374,4.095321055367483,4.474729962955119,True,True,0.023160048507205322,0.023160048507205322,True,-0.20506300822744045,0.009777831333237778,0.25824026655400073,0.25824026655400073,True
north,21.319,True,True,20,north,north,0.0,4.107090432252612,0.0,-0.4184552398899344,4.224640995623375,0.17192727501316257,4.06520274048862,4.4668370290083965,True,True,0.00785685607669484,0.00785685607669484,True,-0.22351295420707265,0.003882758006575025,0.25824026655400184,0.25824026655400184,True
north,21.385,True,True,19,north,north,0.0,4.080401100212156,0.0,-0.3866873523100267,4.210391591983971,0.16015022602864584,4.038556891708313,4.450322242240049,True,True,0.016812013092454392,0.016812013092454392,True,-0.22597218361439525,0.010059366969999383,0.25824026655400184,0.25824026655400184,True
north,21.451,True,True,17,north,north,0.0,4.055908573527854,0.0,-0.3543743335142091,4.19815852950816,0.14395178105594314,4.016224767764164,4.457544304314213,True,True,0.011493866989041979,0.011493866989041979,True,-0.2515200562737341,-0.03945967808898472,0.25824026655400073,0.25824026655400073,True
north,21.517,True,True,17,north,north,0.0,4.033665220385087,0.0,-0.32121319971686546,4.185880776209543,0.12871731340452144,3.989672679915439,4.448567049645213,True,True,0.0027916582999326645,0.0027916582999326645,True,-0.2246289255144524,-0.031081423384391522,0.25824026655400184,0.25824026655400184,True
north,21.583,True,True,16,north,north,0.0,4.013640444426859,0.0,-0.2862528689670407,4.174693818533643,0.11361128719359555,3.9696905005644663,4.45142442318724,True,True,0.001860037405810755,0.001860037405810755,True,-0.1809257372028011,-0.08114869052885013,0.2582402665540032,0.2582402665540032,True
north,21.649,True,True,14,north,north,0.0,3.995859009961172,0.0,-0.2506649987051013,4.164754770045103,0.09551516923659813,3.951755754507186,4.473394540791118,True,True,0.014183577959901217,0.014183577959901217,True,-0.12347055768875656,0.010814412149176361,0.25824026655400184,0.25824026655400184,True
north,21.715,True,True,13,north,north,0.0,3.9804292319074643,0.0,-0.21450619576349084,4.155309299636127,0.07836609842560036,3.9379710757328232,4.461128308881968,True,True,0.0019236561646415185,0.0019236561646415185,True,-0.08589822976589741,0.01472656689123845,0.25824026655400073,0.25824026655400073,True
north,21.781,True,True,13,north,north,0.0,3.9674647731054313,0.0,-0.17796751392825882,4.1461507083547255,0.06635789601946479,3.9234962115876955,4.447856900757208,True,True,-0.0056496632457333495,-0.0056496632457333495,True,-0.1328305643211496,-0.052710642045289864,0.25824026655400184,0.25824026655400184,True
north,21.847,True,True,12,north,north,0.0,3.95694088537194,0.0,-0.11770575119836924,4.138435998864818,0.04892672440552913,3.9148890291983913,4.443849720194101,True,True,-0.02777820196143954,-0.02777820196143954,True,-0.17195523483888406,-0.20221008965817802,0.25824026655400184,0.25824026655400184,True
north,21.913,True,True,13,north,north,0.0,3.9500918634850146,0.0,-0.049450723028598986,4.131815389108371,0.03487293476512779,3.9111624981447544,4.44104979611046,True,True,-0.016570994533234074,-0.016570994533234074,True,-0.11611790456904833,-0.11759468304444402,0.25824026655400073,0.25824026655400073,True
north,21.979,True,True,13,north,north,0.0,3.951037448787204,0.0,0.014262224776091514,4.128021715363808,0.02464365689686285,3.911010730659522,4.444086579065503,True,True,-0.004054431965853866,-0.004054431965853866,True,-0.04188929014917872,0.02423166858764062,0.25824026655400184,0.25824026655400184,True
north,22.045,True,True,13,north,north,0.0,3.9536708609892126,0.0,0.051112840485321165,4.126734819989332,0.018180014017021795,3.914283047937112,4.4419467694409365,True,True,-0.0010259152613053546,-0.0010259152613053546,True,-0.0035165004344833452,0.14056579192088253,0.25824026655400184,0.25824026655400184,True
north,22.111,True,True,12,north,north,0.0,3.957831785561735,0.0,0.0740199375783468,4.1272513246080536,0.010041963366732413,3.9156164193526846,4.451350820649729,True,True,-0.018225722045359105,-0.018225722045359105,True,0.03439192795047134,-0.002932827017918876,0.25824026655400073,0.25824026655400073,True
north,22.177,True,True,13,north,north,0.0,3.963448447792967,0.0,0.09650821179861158,4.130300426831033,0.011451314237293233,3.9200820306052644,4.450839751157426,True,True,0.0006292919769198546,0.0006292919769198546,True,0.04409912025557789,-0.004770659023837442,0.25824026655400184,0.25824026655400184,True
north,22.243,True,True,13,north,north,0.0,3.9705202796058643,0.0,0.11916301111078331,4.135711083567769,0.008505131321207811,3.9270001175226725,4.460740894960089,True,True,0.0027667907785610124,0.0027667907785610124,True,0.0746122174806197,0.04580777597254324,0.2582402665540051,0.2582402665540051,True
north,22.309,True,True,14,north,north,0.0,3.9790899343326593,0.0,0.14204510131082815,4.1429167704938425,0.014762823283086366,3.9398347606695965,4.448878056289243,True,True,0.004743542488283459,0.004743542488283459,True,0.06216360726465952,0.10764438242813405,0.25824026655400184,0.25824026655400184,True
north,22.375,True,True,14,north,north,0.0,3.989249550714691,0.0,0.16554119943971823,4.151921461485455,0.016650925229136478,3.9486051066949828,4.472668561580331,True,True,0.012620275822895377,0.012620275822895377,True,0.11517232122268521,0.057499550375225354,0.25824026655400073,0.25824026655400073,True
north,22.441,True,True,14,north,north,0.0,4.001035575616676,0.0,0.19095593148231726,4.162373689073706,0.02379517465671368,3.95937330891599,4.466586081910013,True,True,0.0017349888013341586,0.0017349888013341586,True,0.11152726238348346,0.007244435458987229,0.25824026655400184,0.25824026655400184,True
north,22.507,True,True,15,north,north,0.0,4.014470561088999,0.0,0.2178734526028525,4.174859669028124,0.033020668305454165,3.9716579954188376,4.466162062653143,True,True,0.007410798315503508,0.007410798315503508,True,0.11515715597735841,-0.004368968999849907,0.25824026655400184,0.25824026655400184,True
north,22.573,True,True,17,north,north,0.0,4.02966733328285,0.0,0.2466805125575755,4.187273384328079,0.04394820653976034,3.9830516516446393,4.450825991159524,True,True,0.011786298980232757,0.011786298980232757,True,0.037630750630700954,0.004808907554820703,0.25824026655400073,0.25824026655400073,True
north,22.639,True,True,16,north,north,0.0,4.046800001715676,0.0,0.2756831502442125,4.201950450815088,0.059216909324727,4.00659120329179,4.464808263810869,True,True,0.01699001520998278,0.01699001520998278,True,0.10028622239556591,0.075970575591932,0.25824026655400184,0.25824026655400184,True
north,22.705,True,True,18,north,north,0.0,4.066111251541586,0.0,0.3065353232504675,4.216341786468315,0.07644849776347555,4.024002613916208,4.45113039914285,True,True,0.00865437640320288,0.00865437640320288,True,0.11322779489373234,0.013537046201285265,0.2582402665540032,0.2582402665540032,True
north,22.771,True,True,19,north,north,0.0,4.087418080054443,0.0,0.3392362049378139,4.2328304638605685,0.0878797029297812,4.044578943839635,4.461963092086791,True,True,0.004989357466270827,0.004989357466270827,True,0.16797479191150655,-0.043524944467675485,0.25824026655400184,0.25824026655400184,True
north,22.837,True,True,20,north,north,0.0,4.1109497023696,0.0,0.3734202599649228,4.250509725976451,0.10264611564398488,4.070766695172188,4.465212249475852,True,True,0.00991485189693464,0.00991485189693464,True,0.17056625416932658,-0.03771289223647935,0.25824026655400073,0.25824026655400073,True
north,22.903,True,True,22,north,north,0.0,4.1366051444510825,0.0,0.4080927402265866,4.267546245206759,0.12058928554678817,4.092736413376825,4.451260172803361,True,True,0.017718400459052597,0.017718400459052597,True,0.17880880915530137,0.04866297969426155,0.25824026655400184,0.25824026655400184,True
north,22.969,True,True,23,north,north,0.0,4.164480675567397,0.0,0.4421451542265187,4.286685308048515,0.13489581666150596,4.121494681554571,4.469155904717019,True,True,0.006542492807941058,0.006542492807941058,True,0.19722976709669493,0.01888326452595166,0.25824026655400184,0.25824026655400184,True
north,23.035,True,True,24,north,north,0.0,4.194803627890719,0.0,0.47547188032891263,4.305939170411662,0.15155543929346868,4.150983822865932,4.459562274468493,True,True,0.01599319795192955,0.01599319795192955,True,0.20481474102314925,0.010695652293746551,0.25824026655400073,0.25824026655400073,True
north,23.101,True,True,26,north,north,0.0,4.227463728426871,0.0,0.5086319456921196,4.325912914065122,0.16713466282847753,4.185235898350063,4.4695358400298355,True,True,0.012815164058549322,0.012815164058549322,True,0.26683406641058965,-0.00796818796594201,0.25824026655400184,0.25824026655400184,True
north,23.167,True,True,29,north,north,0.0,4.262274477005196,0.0,0.5418863459356382,4.344691629348177,0.181656208293084,4.222546210728759,4.450636829552678,True,True,0.01265550146861194,0.01265550146861194,True,0.2210780326325881,0.022971200134291277,0.25824026655400184,0.25824026655400184,True
north,23.233,True,True,30,north,north,0.0,4.299197852280514,0.0,0.5746895533358609,4.365551137437569,0.19562877933784575,4.25370327213822,4.466702618167586,True,True,0.014605278159904311,0.014605278159904311,True,0.2636293036482409,-0.0065506393424440345,0.25824026655400073,0.25824026655400073,True
north,23.299,True,True,33,north,north,0.0,4.33815939668118,0.0,0.6053691130098615,4.3849433922566625,0.20956134504542925,4.294104698448337,4.446813493927451,True,True,0.024314677172291854,0.024314677172291854,True,0.23156228182729585,0.05522472126139353,0.25824026655400184,0.25824026655400184,True
north,23.365,True,True,35,north,north,0.0,4.378830015611569,0.0,0.6335040306842332,4.404440671607681,0.2231782863399241,4.333872787010454,4.444364674672573,True,True,0.015486552909255491,0.015486552909255491,True,0.2542996714202705,0.027579626264118914,0.2582402665540051,0.2582402665540051,True
north,23.431,True,True,35,north,north,0.0,4.4214832028400295,0.0,0.6589650817848458,4.427000114880122,0.23663470355935165,4.376124114794119,4.478015585322339,True,True,0.02614065343808314,0.02614065343808314,True,0.33221265056000143,0.03905757813863689,0.25824026655400184,0.25824026655400184,True
north,23.497,True,True,35,north,north,0.0,4.465871524705276,0.0,0.6812931739194683,4.454548282642964,0.2466369071185247,4.419671649671348,4.530127590496832,True,True,0.02185460133867123,0.02185460133867123,True,0.5322313498565189,0.004960413678736563,0.25824026655400073,0.25824026655400073,True
north,23.563,True,True,34,north,north,0.0,4.511767438621227,0.0,0.7019602713299422,4.484328447037282,0.26076108546434956,4.468346705969458,4.578001837199522,True,True,0.023847955814561117,0.023847955814561117,True,0.6818127155375602,0.031512358509856536,0.25824026655400184,0.25824026655400184,True
north,23.629,True,True,35,north,north,0.0,4.5589469154582005,0.0,0.7195813306469567,4.516290380655195,0.2709147451556179,4.508588564172454,4.609117652922799,True,True,0.01483023910216652,0.01483023910216652,True,0.6721582226796853,-0.04839074019978816,0.25824026655400184,0.25824026655400184,True
north,23.695,True,True,34,north,north,0.0,4.607147680473747,0.0,0.7360453256357236,4.5531301280018495,0.2805796792078309,4.561591136618553,4.6686532776154746,True,True,0.015473191965203026,0.015473191965203026,True,0.6914342394877369,-0.04266961338302921,0.25824026655400073,0.25824026655400073,True
north,23.761,True,True,33,north,north,0.0,4.655942364975988,0.0,0.7486001525442454,4.592437661460969,0.2874782326844051,4.600246411498942,4.7154784694017,True,True,0.012429987226528216,0.012429987226528216,True,0.6974751593437577,-0.05092568621373095,0.25824026655400184,0.25824026655400184,True
north,23.827,True,True,33,north,north,0.0,4.705637775668346,0.0,0.7589318668380907,4.636592294707011,0.2936722264352402,4.654996201976528,4.7653859422613,True,True,0.020239203003575512,0.020239203003575512,True,0.7526577637078292,0.019975283281140052,0.25824026655400184,0.25824026655400184,True
north,23.893,True,True,34,north,north,0.0,4.755955784063906,0.0,0.7652567310534009,4.683271495830479,0.29769339532531547,4.7090036950977545,4.815983067381909,True,True,0.017379922032852435,0.017379922032852435,True,0.7491547788440058,0.020499099969690425,0.25824026655400073,0.25824026655400073,True
north,23.959,True,True,34,north,north,0.0,4.806803474381628,0.0,0.7688682253391388,4.730531227517627,0.3003969203793243,4.748093196419522,4.854533841662734,True,True,0.01512925891382133,0.01512925891382133,True,0.7312962801414253,0.007937172865388782,0.25824026655400184,0.25824026655400184,True
north,24.025,True,True,33,north,north,0.0,4.85790197101378,0.0,0.7712744366460367,4.7822750726231575,0.3018271894245163,4.803497572254887,4.9232748579915695,True,True,0.023636762664383082,0.023636762664383082,True,0.7551599497185575,0.01203335736877535,0.2582402665540032,0.2582402665540032,True
north,24.091,True,True,34,north,north,0.0,4.908937474843467,0.0,0.7711922365623947,4.834925683829494,0.3027012884973612,4.8578538041415245,4.964893721445038,True,True,0.015553197963758758,0.015553197963758758,True,0.7707785465794657,0.004586865974667297,0.25824026655400184,0.25824026655400184,True
north,24.157,True,True,33,north,north,0.0,4.9596030389413555,0.0,0.7687120259728619,4.888212877203772,0.3029821782198235,4.896499697034333,5.018345804641053,True,True,0.028110864456417528,0.028110864456417528,True,0.7822958228177953,0.046759472616914696,0.25824026655400073,0.25824026655400073,True
north,24.223,True,True,34,north,north,0.0,5.009985172868232,0.0,0.7622820554717569,4.941824802262299,0.30249455704086664,4.953654192439622,5.057669150234071,True,True,0.020116380604454087,0.020116380604454087,True,0.7164778131594971,0.0030250307770781234,0.25824026655400184,0.25824026655400184,True
north,24.289,True,True,32,north,north,0.0,5.060117899447463,0.0,0.7522673248236567,4.996912362057447,0.30199655186073165,4.999411059736071,5.125601705471797,True,True,0.022460473411067716,0.022460473411067716,True,0.760055727168348,0.01928385225752019,0.25824026655400184,0.25824026655400184,True
north,24.355,True,True,33,north,north,0.0,5.109660543773851,0.0,0.7421342512303086,5.0521016825421245,0.2997336891878648,5.057309679152771,5.165063925863562,True,True,0.016921783621265507,0.016921783621265507,True,0.7850558579977321,-0.04730780257400312,0.25824026655400073,0.25824026655400073,True
north,24.421,True,True,34,north,north,0.0,5.158407156573298,0.0,0.7302918815650017,5.1070984187577695,0.29664399951243964,5.112693382080262,5.208883351172855,True,True,0.029160876963583937,0.029160876963583937,True,0.7788795542020754,0.03271939285998062,0.25824026655400184,0.25824026655400184,True
north,24.487,True,True,34,north,north,0.0,5.206271251997631,0.0,0.7180705085385464,5.161754111723792,0.29478638905853344,5.154694311709498,5.26164212989918,True,True,0.024014512072419447,0.024014512072419447,True,0.7372531495751764,0.025607892918748317,0.2582402665540051,0.2582402665540051,True
north,24.553,True,True,35,north,north,0.0,5.253060438092581,0.0,0.702519831399866,5.213538979739057,0.29144671410166617,5.200623484267398,5.2977548501639635,True,True,0.017722784052463525,0.017722784052463525,True,0.6990711337883674,-0.004156611511470981,0.25824026655400184,0.25824026655400184,True
north,24.619,True,True,34,north,north,0.0,5.298695793803384,0.0,0.6850072407877539,5.261409925571098,0.28466001544837877,5.229422467232203,5.349725685308776,True,True,0.024065635113523443,0.024065635113523443,True,0.6475425383986848,-0.0326931114699052,0.25824026655400073,0.25824026655400073,True
north,24.685,True,True,34,north,north,0.0,5.343343871035334,0.0,0.6655854556736385,5.309725112000703,0.2816625529254542,5.282425202977918,5.3871400942945,True,True,0.031828642372670246,0.031828642372670246,True,0.636709382652147,0.04512915448759375,0.25824026655400184,0.25824026655400184,True
north,24.751,True,True,35,north,north,0.0,5.386716614851205,0.0,0.6438898972070772,5.353718867486979,0.2719773481274964,5.320561979860621,5.43010058367883,True,True,0.018093826928732626,0.018093826928732626,True,0.6418710848906842,0.013448690739323399,0.25824026655400184,0.25824026655400184,True
north,24.817,True,True,36,north,north,0.0,5.428681443928179,0.0,0.6216515082897578,5.397826309971532,0.2634061518997829,5.372903620544604,5.472291146437847,True,True,0.01299426619689592,0.01299426619689592,True,0.6660887193874598,-0.07113473059669735,0.25824026655400073,0.25824026655400073,True
north,24.883,True,True,36,north,north,0.0,5.46896143766817,0.0,0.598832693029232,5.438868024955961,0.25535737214716714,5.405492820509449,5.511028700459538,True,True,0.01935308960663018,0.01935308960663018,True,0.632879450403569,-0.06443366519690519,0.25824026655400184,0.25824026655400184,True
north,24.949,True,True,37,north,north,0.0,5.5078178871363335,0.0,0.5761811617808599,5.479438646948689,0.24699951298165612,5.461148509162981,5.551904705598216,True,True,0.021192927684202112,0.021192927684202112,True,0.650377808827102,0.02372140253961033,0.25824026655400184,0.25824026655400184,True
north,25.015,True,True,37,north,north,0.0,5.544945340724244,0.0,0.5514265957859887,5.517780346041299,0.23927864256071907,5.488834952976407,5.588551939205737,True,True,0.015429025758120773,0.015429025758120773,True,0.6008394465085469,0.013854722365524957,0.25824026655400073,0.25824026655400073,True
north,25.081,True,True,37,north,north,0.0,5.580341483213154,0.0,0.5244256309443696,5.55426324502056,0.2324722195655034,5.5294516877795,5.623901646982959,True,True,0.02295862791571579,0.02295862791571579,True,0.5869917566677004,0.007655625759356742,0.25824026655400184,0.25824026655400184,True
north,25.147,True,True,37,north,north,0.0,5.614106756322211,0.0,0.4962019518597849,5.589149223185555,0.22697821070347343,5.557701354147561,5.656504635575712,True,True,0.020188302882703568,0.020188302882703568,True,0.5147157329292059,0.00684201174712039,0.2582402665540032,0.2582402665540032,True
north,25.213,True,True,37,north,north,0.0,5.64601581627069,0.0,0.46682570817140334,5.620552630681183,0.21909925030888558,5.574884127383329,5.68909597278999,True,True,0.025286353079915114,0.025286353079915114,True,0.4701759688896491,0.040608571109652776,0.25824026655400184,0.25824026655400184,True
north,25.279,True,True,37,north,north,0.0,5.675992908180814,0.0,0.4372288112984135,5.650957669673199,0.21353255300355076,5.620882683184082,5.718675847480824,True,True,0.027111784454429633,0.027111784454429633,True,0.4609012864828673,0.026602302747504688,0.25824026655400073,0.25824026655400073,True
north,25.345,True,True,36,north,north,0.0,5.703862116808922,0.0,0.406649275268105,5.679146602225625,0.20975880095904947,5.639072173399621,5.7476278412914805,True,True,0.02351867910086891,0.02351867910086891,True,0.4492882616629351,0.0179038788318345,0.25824026655400184,0.25824026655400184,True
north,25.411,True,True,38,north,north,0.0,5.729657108425002,0.0,0.3750479185725064,5.705572268090288,0.2023950270436198,5.681341782704463,5.77523939309272,True,True,0.01960895526708961,0.01960895526708961,True,0.4734429628013545,-0.03125045271520811,0.25824026655400184,0.25824026655400184,True
north,25.477,True,True,37,north,north,0.0,5.753216298003142,0.0,0.3415151618751411,5.730068112849007,0.19843759818297754,5.70095736298356,5.796451025302001,True,True,0.023597711534461552,0.023597711534461552,True,0.41168994997578934,-0.02189688271770235,0.25824026655400073,0.25824026655400073,True
north,25.543,True,True,37,north,north,0.0,5.7746657462485995,0.0,0.30716360133459464,5.752518454388417,0.19422897464796465,5.730122174997695,5.822764145290868,True,True,0.018475089942061262,0.018475089942061262,True,0.4086258555157295,-0.016881835165228884,0.25824026655400184,0.25824026655400184,True
north,25.609,True,True,37,north,north,0.0,5.793853985997025,0.0,0.2721264939636159,5.772906057333602,0.1907146816261554,5.732783606293325,5.838000214229267,True,True,0.011809257063090883,0.011809257063090883,True,0.3015802016509322,-0.0432147215218132,0.25824026655400184,0.25824026655400184,True
north,25.675,True,True,36,north,north,0.0,5.810706083410541,0.0,0.23636958654118967,5.789790701326483,0.18778159137790662,5.736196194546478,5.851285203762099,True,True,0.01636913025637521,0.01636913025637521,True,0.21827009871445047,-0.04295693441398392,0.25824026655400073,0.25824026655400073,True
north,25.741,True,True,37,north,north,0.0,5.82514158070016,0.0,0.1998720950555244,5.8043875248951,0.18367428377602174,5.773762758226981,5.861695295098853,True,True,0.009098642123614442,0.009098642123614442,True,0.2003127097710584,-0.035711318578873094,0.25824026655400184,0.25824026655400184,True
north,25.807,True,True,37,north,north,0.0,5.837103451199126,0.0,0.15913763366512956,5.817488093835068,0.182117401456713,5.784872449492205,5.877291693009298,True,True,0.018757634868003747,0.018757634868003747,True,0.2440285007227229,0.020567644366633397,0.2582402665540051,0.2582402665540051,True
north,25.873,True,True,36,north,north,0.0,5.846575828959283,0.0,0.08902760834984758,5.828092306287597,0.18164511219096763,5.783009117896122,5.890344085252045,True,True,0.011995392368490232,0.011995392368490232,True,0.21539507855639534,-0.005245789271614832,0.25824026655400184,0.25824026655400184,True
north,25.939,True,True,37,north,north,0.0,5.849712545759156,0.0,0.022124816882209686,5.83695767855351,0.1816496827242363,5.796052936360925,5.890204883677876,True,True,0.008594398485063715,0.008594398485063715,True,0.12393057635269912,-0.012537838507827066,0.25824026655400073,0.25824026655400073,True
north,26.005,True,True,36,north,north,0.0,5.847952293454977,0.0,-0.03707434946170096,5.840970154999454,0.18125049911808708,5.79350988863706,5.888145742608133,True,True,0.0145661314606923,0.0145661314606923,True,0.05407506297098647,-0.024205309250547227,0.25824026655400184,0.25824026655400184,True
north,26.071,True,True,37,north,north,0.0,5.844632454641682,0.0,-0.06118490071605809,5.841246145552362,0.17934899312533825,5.791301725079387,5.886506294097984,True,True,0.01974594940868213,0.01974594940868213,True,0.006638075222725984,0.044277884994249166,0.25824026655400184,0.25824026655400184,True
north,26.137,True,True,37,north,north,0.0,5.8398276978513355,0.0,-0.08368163393142058,5.838920845357271,0.1792987132251224,5.787172313715661,5.878173297871276,True,True,0.022431291016412946,0.022431291016412946,True,-0.0504426041086446,0.07074317506369285,0.25824026655400073,0.25824026655400073,True
north,26.203,True,True,36,north,north,0.0,5.8335832212597944,0.0,-0.10578637604124808,5.833307793884466,0.1796192937495432,5.763789094678183,5.875374329452147,True,True,0.013953747590167098,0.013953747590167098,True,-0.1060144158598603,0.001285136357811415,0.25824026655400184,0.25824026655400184,True
north,26.269,True,True,37,north,north,0.0,5.825869335483712,0.0,-0.12841118767576987,5.825228459175221,0.17923753611361043,5.759498087476553,5.871252796354441,True,True,0.017798936198331394,0.017798936198331394,True,-0.12678302537555586,-0.0216948228140883,0.2582402665540032,0.2582402665540032,True
north,26.335,True,True,37,north,north,0.0,5.8167311339151855,0.0,-0.15154502829651584,5.816067264012329,0.1810686631713392,5.758226983841549,5.8583105595923675,True,True,0.02112684020926381,0.02112684020926381,True,-0.11730056421090644,-0.00010327850497404454,0.25824026655400184,0.25824026655400184,True
north,26.401,True,True,36,north,north,0.0,5.805971642685559,0.0,-0.17605694057961419,5.804818146359409,0.18354146877961008,5.732209294548295,5.847830220832579,True,True,0.012687841593864158,0.012687841593864158,True,-0.14514020200412375,-0.0007118393605701285,0.25824026655400073,0.25824026655400073,True
north,26.467,True,True,37,north,north,0.0,5.79350614666773,0.0,-0.20122621307823607,5.792126006435499,0.18589157554728322,5.732821251084258,5.837003160041152,True,True,0.014488257607939592,0.014488257607939592,True,-0.16611927740136193,-0.027834900585719538,0.25824026655400184,0.25824026655400184,True
north,26.533,True,True,37,north,north,0.0,5.77931373251816,0.0,-0.22861657587093465,5.777161352894555,0.18682681369315612,5.72107053544458,5.819831068229218,True,True,0.010929059675398478,0.010929059675398478,True,-0.17963857843622838,-0.043625644829576524,0.25824026655400184,0.25824026655400184,True
north,26.599,True,True,37,north,north,0.0,5.763323495763022,0.0,-0.25728033592378186,5.759846574625347,0.18776097106284295,5.707378776575438,5.805182060849706,True,True,0.017262321348747167,0.017262321348747167,True,-0.1752718494839397,0.015400365654708629,0.25824026655400073,0.25824026655400073,True
north,26.665,True,True,37,north,north,0.0,5.745407064909662,0.0,-0.2882556916204404,5.740989074091846,0.18808524070087201,5.682738754747086,5.785289106503078,True,True,0.018045660421332266,0.018045660421332266,True,-0.25282607263211476,0.025765863808373497,0.25824026655400184,0.25824026655400184,True
north,26.731,True,True,37,north,north,0.0,5.725548721036865,0.0,-0.3202190984374287,5.7201197520829,0.18977825111600033,5.660157446190462,5.765769628225413,True,True,0.01177767089698245,0.01177767089698245,True,-0.2950428514763299,0.00504420111717677,0.25824026655400184,0.25824026655400184,True
north,26.797,True,True,36,north,north,0.0,5.703346516516144,0.0,-0.3525313302054167,5.698968298513862,0.19468961246883146,5.639384862766952,5.746004361918306,True,True,0.012785823392789442,0.012785823392789442,True,-0.32092092807117095,-0.029844671806398538,0.25824026655400073,0.25824026655400073,True
north,26.863,True,True,37,north,north,0.0,5.678950277452707,0.0,-0.3855635224009024,5.6760672352572055,0.19708406676332366,5.615819322617573,5.723570400464739,True,True,0.0234379582853389,0.0234379582853389,True,-0.323069897147097,0.026037948617918864,0.25824026655400184,0.25824026655400184,True
north,26.929,True,True,36,north,north,0.0,5.6522585185024194,0.0,-0.4192530526818228,5.650472952995117,0.201254247283684,5.573869362673499,5.69568411738616,True,True,0.016450710507427968,0.016450710507427968,True,-0.3902426399027252,0.037380687460433944,0.2582402665540051,0.2582402665540051,True
north,26.995,True,True,37,north,north,0.0,5.623369926292411,0.0,-0.4542711436312885,5.6236859258956375,0.20429660647349301,5.564171137341076,5.664296011128875,True,True,0.01480582467301994,0.01480582467301994,True,-0.40954732702164814,-0.0014049150563933974,0.25824026655400184,0.25824026655400184,True
north,27.061,True,True,36,north,north,0.0,5.592286701593198,0.0,-0.48873238052067336,5.595170051325525,0.20927645662885405,5.527043323593429,5.629914659326022,True,True,0.026090068124201893,0.026090068124201893,True,-0.44574360005931085,0.009562793457849746,0.25824026655400073,0.25824026655400073,True
north,27.127,True,True,36,north,north,0.0,5.559041487833061,0.0,-0.5225039761399142,5.564290466702219,0.21357678691366191,5.4834661095530635,5.603414407792364,True,True,0.02115700245606067,0.02115700245606067,True,-0.4693394346160571,0.038489574692545436,0.25824026655400184,0.25824026655400184,True
north,27.193,True,True,36,north,north,0.0,5.523603615186504,0.0,-0.5534242686479418,5.5319880977874165,0.21699379057571855,5.467224874035106,5.567348098095551,True,True,0.015409477000626004,0.015409477000626004,True,-0.4937575716605329,-0.004730467705035469,0.25824026655400184,0.25824026655400184,True
north,27.259,True,True,36,north,north,0.0,5.485876176047196,0.0,-0.5837298963055693,5.49810253356603,0.22091519215155903,5.421233055161465,5.529658545523195,True,True,0.013042264653150837,0.013042264653150837,True,-0.5079596150902572,-0.06801656949786004,0.25824026655400073,0.25824026655400073,True
north,27.325,True,True,36,north,north,0.0,5.446150360603775,0.0,-0.6137001054887792,5.462958044444331,0.2259662546267932,5.389936012287975,5.489209623130909,True,True,0.01674969206493604,0.01674969206493604,True,-0.5355197100194171,-0.023619914425529236,0.25824026655400184,0.25824026655400184,True
north,27.391,True,True,36,north,north,0.0,5.404625213385348,0.0,-0.6422042407296713,5.424668081327323,0.22851924874298638,5.341161373676664,5.4494526750504395,True,True,0.018059050897848317,0.018059050897848317,True,-0.6088051026336747,0.017660831974927765,0.2582402665540032,0.2582402665540032,True
north,27.457,True,True,35,north,north,0.0,5.361503708938404,0.0,-0.6680448781131565,5.387112830222891,0.2366322878191537,5.309917581880993,5.405301511143523,True,True,0.025408482063807525,0.025408482063807525,True,-0.6026887194486453,0.058193956158912846,0.25824026655400184,0.25824026655400184,True
north,27.523,True,True,35,north,north,0.0,5.316784243392589,0.0,-0.6901560197926804,5.347228350584517,0.24187649850243845,5.260907980451589,5.366172060819153,True,True,0.018226062886350092,0.018226062886350092,True,-0.6299937410204622,0.01784627822757806,0.25824026655400073,0.25824026655400073,True
north,27.589,True,True,35,north,north,0.0,5.270332515922224,0.0,-0.7094371896023066,5.305252838001954,0.24677972717265914,5.207393069317368,5.317428689658783,True,True,0.023298227550967998,0.023298227550967998,True,-0.6708453947019951,0.01293198603318457,0.25824026655400184,0.25824026655400184,True
north,27.655,True,True,34,north,north,0.0,5.222687358025901,0.0,-0.7268296346100245,5.26437091456543,0.25517844859081096,5.170927257723012,5.271972726906721,True,True,0.010424244627080914,0.010424244627080914,True,-0.6963754602113161,-0.06042507219024581,0.25824026655400184,0.25824026655400184,True
north,27.721,True,True,34,north,north,0.0,5.174082677396959,0.0,-0.7420402660516645,5.222159931023783,0.26241149802283203,5.122991698894897,5.225939365745166,True,True,0.025171938087064194,0.025171938087064194,True,-0.6942187153321571,0.01206612527008286,0.25824026655400073,0.25824026655400073,True
north,27.787,True,True,33,north,north,0.0,5.124650395616402,0.0,-0.7542640608095308,5.17612084349685,0.26868601930491914,5.069217792808245,5.178333897148953,True,True,0.021523728224169036,0.021523728224169036,True,-0.7013478235200954,0.014279084059978634,0.25824026655400184,0.25824026655400184,True
north,27.853,True,True,33,north,north,0.0,5.074725042933979,0.0,-0.7635562605065793,5.129817099588918,0.2734929840678322,5.02705661874067,5.138360903548291,True,True,0.01841270468251255,0.01841270468251255,True,-0.7074445164433154,0.030783591368786913,0.25824026655400184,0.25824026655400184,True
north,27.919,True,True,33,north,north,0.0,5.024180104126613,0.0,-0.7680406380736438,5.080652520407814,0.27748218942368674,4.967361187506863,5.0844795338349265,True,True,0.022672252511970803,0.022672252511970803,True,-0.7374281799720057,-0.016075879192328297,0.25824026655400073,0.25824026655400073,True
north,27.985,True,True,33,north,north,0.0,4.973130148605118,0.0,-0.7705335210877617,5.029214197380004,0.2802245032235567,4.913457242246621,5.031907560946298,True,True,0.01868546040806429,0.01868546040806429,True,-0.7728314100303083,-0.006447356998266726,0.25824026655400184,0.25824026655400184,True
north,28.051,True,True,34,north,north,0.0,4.921990393411339,0.0,-0.7720072444069004,4.977280859719065,0.28332144587326574,4.866430219700216,4.979946026477247,True,True,0.024022767037605752,0.024022767037605752,True,-0.8057573836995322,0.019459689335414098,0.2582402665540051,0.2582402665540051,True
north,28.117,True,True,32,north,north,0.0,4.871069443863099,0.0,-0.7707568030532785,4.923661572466981,0.28539268604482637,4.800913122940731,4.93958369304346,True,True,0.02405749053268036,0.02405749053268036,True,-0.7825911159759505,0.014383364684348721,0.25824026655400184,0.25824026655400184,True
north,28.183,True,True,34,north,north,0.0,4.820487589875121,0.0,-0.7667631382212248,4.868820883786392,0.2868539056730533,4.761591525004906,4.86804333767775,True,True,0.021281134274058977,0.021281134274058977,True,-0.7977797361545873,0.011851128928876655,0.25824026655400073,0.25824026655400073,True
north,28.249,True,True,33,north,north,0.0,4.770153010106878,0.0,-0.7578868102130176,4.814175085585448,0.2871322444353812,4.707215464996185,4.8266040212773325,True,True,0.026045864493304705,0.026045864493304705,True,-0.7943426007677034,0.004989297134053641,0.25824026655400184,0.25824026655400184,True
north,28.315,True,True,33,north,north,0.0,4.72014752560434,0.0,-0.7477405529909342,4.761383992751443,0.2873036336362028,4.668421300037525,4.782087274985478,True,True,0.029888017626250263,0.029888017626250263,True,-0.7316515903732589,0.03372168409084177,0.25824026655400184,0.25824026655400184,True
north,28.381,True,True,33,north,north,0.0,4.671027666322319,0.0,-0.7373851563602551,4.707418357155168,0.28716929698399807,4.61505265377814,4.726591518372811,True,True,0.019187549665142023,0.019187549665142023,True,-0.7176386233679027,-0.0036948495360684007,0.25824026655400073,0.25824026655400073,True
north,28.447,True,True,34,north,north,0.0,4.622699089723115,0.0,-0.7252783865624757,4.655213873107972,0.2863918304531052,4.578642650019587,4.67652348176676,True,True,0.017513420294273163,0.017513420294273163,True,-0.7157761108587645,-0.05499666751242816,0.25824026655400184,0.25824026655400184,True
north,28.513,True,True,34,north,north,0.0,4.575451799378558,0.0,-0.7117618384939783,4.6046888357654305,0.28545652557811096,4.526069064424145,4.635806459529345,True,True,0.021443827966657225,0.021443827966657225,True,-0.7214978739190451,-0.04091923992370848,0.25824026655400184,0.25824026655400184,True
north,28.579,True,True,34,north,north,0.0,4.529093287738057,0.0,-0.6942197948143525,4.554231848782323,0.28540935505445864,4.481160001744519,4.593761140030638,True,True,0.019541393573698662,0.019541393573698662,True,-0.676863408303205,0.007563544542506174,0.25824026655400073,0.25824026655400073,True
north,28.645,True,True,35,north,north,0.0,4.483663168824342,0.0,-0.6758869606653084,4.508770495441484,0.279510777278768,4.442196670898794,4.5447107811048815,True,True,0.023806311812848313,0.023806311812848313,True,-0.6755533496411708,0.02572157600419233,0.25824026655400184,0.25824026655400184,True
north,28.711,True,True,35,north,north,0.0,4.4394784758309225,0.0,-0.6569162625865532,4.463584758978313,0.27279608249119625,4.390647804426858,4.495763162849624,True,True,0.02716579836640831,0.02716579836640831,True,-0.6927328483352421,0.03247095369455038,0.2582402665540032,0.2582402665540032,True
north,28.777,True,True,34,north,north,0.0,4.396658469271399,0.0,-0.6371835308267704,4.421654941997101,0.26550319194939,4.351319809401825,4.4608808764488295,True,True,0.01386740081564064,0.01386740081564064,True,-0.6732256458338616,-0.02070074503123428,0.25824026655400184,0.25824026655400184,True
north,28.843,True,True,34,north,north,0.0,4.355267401674843,0.0,-0.6161282928724665,4.383800147074321,0.25697130158261955,4.314678603248011,4.441065702387469,True,True,0.022853110168622792,0.022853110168622792,True,-0.58159069737152,-0.024481821944612975,0.25824026655400073,0.25824026655400073,True
north,28.909,True,True,32,north,north,0.0,4.315446743861095,0.0,-0.5923893011084802,4.3508976688595755,0.24673072986285768,4.270447464887536,4.449465337091893,True,True,0.014529518192010538,0.014529518192010538,True,-0.42117490614116243,-0.04382292601547199,0.25824026655400184,0.25824026655400184,True
north,28.975,True,True,29,north,north,0.0,4.2773674829264365,0.0,-0.5667125624503777,4.321622113845277,0.23960028563164032,4.231997789679487,4.449994304148787,True,True,0.015314892814943915,0.015314892814943915,True,-0.32307369675999587,-0.006031993907125017,0.25824026655400184,0.25824026655400184,True
north,29.041,True,True,27,north,north,0.0,4.240761188948319,0.0,-0.539492766572911,4.295973244356174,0.2316177182462127,4.195013099996431,4.446667453801019,True,True,0.020873528479116055,0.020873528479116055,True,-0.2879636088373091,-0.007808137038767818,0.25824026655400073,0.25824026655400073,True
north,29.107,True,True,26,north,north,0.0,4.205860851482587,0.0,-0.5127026361830822,4.274118928933723,0.219535365832751,4.162653503998874,4.4473988309385755,True,True,0.009455098931055228,0.009455098931055228,True,-0.28022192511876015,-0.014643366846505421,0.25824026655400184,0.25824026655400184,True
north,29.173,True,True,23,north,north,0.0,4.172858701329952,0.0,-0.48509143902599305,4.256271709034807,0.20729774227404796,4.12727437609214,4.464402269765747,True,True,0.022434807169707915,0.022434807169707915,True,-0.2292231536145183,0.015062596236714144,0.2582402665540051,0.2582402665540051,True
north,29.239,True,True,21,north,north,0.0,4.141785250680985,0.0,-0.45612936216404165,4.240308497477634,0.19613748966991887,4.09780570887545,4.465358258711966,True,True,0.024724500770380575,0.024724500770380575,True,-0.19236776341641196,0.03717064410976731,0.25824026655400184,0.25824026655400184,True
north,29.305,True,True,21,north,north,0.0,4.112831463244517,0.0,-0.4255901744124424,4.224913166010755,0.1828916154633708,4.073579360946186,4.4511783801020774,True,True,0.01756200145798592,0.01756200145798592,True,-0.21545186358941545,0.040318789668885725,0.25824026655400073,0.25824026655400073,True
north,29.371,True,True,20,north,north,0.0,4.085767967521865,0.0,-0.39345092135915305,4.210637602869885,0.1659339889610383,4.04426617883387,4.45129674677548,True,True,0.008642170571477092,0.008642170571477092,True,-0.24753589945815807,-0.07354607440467693,0.25824026655400184,0.25824026655400184,True
north,29.437,True,True,18,north,north,0.0,4.060778845043191,0.0,-0.36084412343114103,4.1973953187506385,0.15196716965776325,4.0170442876504815,4.450205972815398,True,True,0.01822695517824957,0.01822695517824957,True,-0.24010298242691097,-0.043049193428638305,0.25824026655400184,0.25824026655400184,True
north,29.503,True,True,16,north,north,0.0,4.037963229087106,0.0,-0.3273975282721553,4.1866473152303945,0.13611665736406706,3.999525112535437,4.465658712380777,True,True,0.010571454848625872,0.010571454848625872,True,-0.15684425268153002,-0.017252810941374572,0.25824026655400073,0.25824026655400073,True
north,29.569,True,True,15,north,north,0.0,4.017436834022363,0.0,-0.2934239231419178,4.176400421184981,0.11900524661621509,3.9752090660454833,4.46947714512027,True,True,0.011806314485092506,0.011806314485092506,True,-0.11719437793973969,0.0027832294109437984,0.25824026655400184,0.25824026655400184,True
north,29.635,True,True,15,north,north,0.0,3.999213433014835,0.0,-0.2583925508777063,4.165710558507179,0.10370007129709831,3.953373105091284,4.443925889311966,True,True,0.014593027105266887,0.014593027105266887,True,-0.17450864540784106,-0.01464685542800178,0.25824026655400184,0.25824026655400184,True
north,29.701,True,True,14,north,north,0.0,3.9834158576060865,0.0,-0.22218428914583033,4.155228762974687,0.08797597556924551,3.9383827628204746,4.445036919625838,True,True,-0.01158577564724983,-0.01158577564724983,True,-0.2217270031607593,-0.09649239222341217,0.25824026655400073,0.25824026655400073,True
north,29.767,True,True,13,north,north,0.0,3.9699507923391884,0.0,-0.18492911263862322,4.146471487404711,0.06675077086785638,3.9303906417054653,4.46220587044175,True,True,0.0006515377867647443,0.0006515377867647443,True,-0.12890030985799447,-0.09036838310227256,0.25824026655400184,0.25824026655400184,True
north,29.833,True,True,13,north,north,0.0,3.958942742274702,0.0,-0.13167835182311238,4.139004973172958,0.05426535316961714,3.9164042510237516,4.451198636455866,True,True,0.0013847521631927817,0.0013847521631927817,True,-0.060539008386360435,-0.041496229382133605,0.2582402665540032,0.2582402665540032,True
north,29.899,True,True,13,north,north,0.0,3.9504099686120107,0.0,-0.062192107782150785,4.131988540744907,0.03894912838645016,3.9043925375527446,4.446695888364272,True,True,-0.00722648179872365,-0.00722648179872365,True,-0.09241469261779266,0.020925902912130347,0.25824026655400184,0.25824026655400184,True
north,29.965,True,True,13,north,north,0.0,3.9507970852023675,0.0,0.0026399799182774686,4.12771310214287,0.027287263517145756,3.912457271373779,4.439849786871952,True,True,-0.001939660292763823,-0.001939660292763823,True,-0.10407789641443248,-0.024825497273488317,0.25824026655400073,0.25824026655400073,True
north,30.031,True,True,12,north,north,0.0,3.9531942437765073,0.0,0.0475868037613103,4.125597755032727,0.014225610789281763,3.9089739060101896,4.446357158789919,True,True,-0.0420506455534998,-0.0420506455534998,True,-0.026967299780164076,-0.1894232903698748,0.25824026655400184,0.25824026655400184,True
north,30.097,True,True,13,north,north,0.0,3.9571050089526585,0.0,0.07041063605388365,4.126341271755383,0.010953521421586183,3.91246754377922,4.443779900337943,True,True,-0.013186264779584067,-0.013186264779584067,True,0.014015955420314438,-0.08786414273229692,0.25824026655400184,0.25824026655400184,True
north,30.163,True,True,13,north,north,0.0,3.962473204130563,0.0,0.09257567230474661,4.129232535044858,0.011637788520715849,3.921943185187096,4.445037840369191,True,True,-0.0008297015297150656,-0.0008297015297150656,True,0.034044152461151576,0.048779177368276895,0.25824026655400073,0.25824026655400073,True
north,30.229,True,True,13,north,north,0.0,3.9693050987132166,0.0,0.1145952164653452,4.13409706491494,0.01620450153863094,3.9304657120292563,4.44434140032668,True,True,0.00569034633459109,0.00569034633459109,True,0.05239524553531077,0.23572657411233683,0.25824026655400184,0.25824026655400184,True
north,30.295,True,True,14,north,north,0.0,3.9776375632398056,0.0,0.13695623162620185,4.141022598522599,0.020471723040196812,3.935704773249712,4.445410383360716,True,True,0.014884733942921113,0.014884733942921113,True,0.06244638202988593,0.1374743091391237,0.25824026655400184,0.25824026655400184,True
north,30.361,True,True,14,north,north,0.0,3.987433547774725,0.0,0.16082891888772544,4.150028629584178,0.020936742015358334,3.9547035283879763,4.466290147096515,True,True,-0.0011148130682229196,-0.0011148130682229196,True,0.12753484396902112,0.01263492877697987,0.25824026655400073,0.25824026655400073,True
north,30.427,True,True,14,north,north,0.0,3.9988273113182657,0.0,0.18590281787785656,4.160389023011244,0.026634268831252465,3.959877540592089,4.463404657141145,True,True,-0.007208082750150502,-0.007208082750150502,True,0.14038164773178163,-0.08287096100813364,0.25824026655400184,0.25824026655400184,True
north,30.493,True,True,16,north,north,0.0,4.011893844976378,0.0,0.21270736979155158,4.171593952189737,0.035658704905045836,3.9695658024800284,4.448880971976531,True,True,0.004078458904372639,0.004078458904372639,True,0.0865783149902512,-0.05835165878420245,0.2582402665540051,0.2582402665540051,True
north,30.559,True,True,16,north,north,0.0,4.026671638008702,0.0,0.24025479663032812,4.185242719193945,0.04372862251522914,3.9847032432820395,4.47065114373059,True,True,0.008276027958942334,0.008276027958942334,True,0.07442932674828699,0.059786461721240976,0.25824026655400184,0.25824026655400184,True
north,30.625,True,True,17,north,north,0.0,4.043489679848941,0.0,0.2692837227482636,4.1988130246297555,0.05942838045024777,4.00127830918578,4.448774165747463,True,True,0.0030631929498604604,0.0030631929498604604,True,0.0888018516334131,0.053047569931215774,0.25824026655400073,0.25824026655400073,True
north,30.691,True,True,18,north,north,0.0,4.0623083226320675,0.0,0.29935232622066543,4.213353488272959,0.07552288216166449,4.0204972910697965,4.441215067420457,True,True,0.019144972832501383,0.019144972832501383,True,0.09431427274371057,0.06058591935652151,0.25824026655400184,0.25824026655400184,True
north,30.757,True,True,18,north,north,0.0,4.08317928614043,0.0,0.3318924595842798,4.230031865219937,0.0912212584282733,4.04123844145248,4.465050976550681,True,True,0.01665841634393994,0.01665841634393994,True,0.12459467918833365,0.06246809854186909,0.25824026655400184,0.25824026655400184,True
north,30.823,True,True,20,north,north,0.0,4.106148635630008,0.0,0.3655961916655226,4.247446824150182,0.1030886345441969,4.063370420762069,4.467695260051344,True,True,0.005064227108995456,0.005064227108995456,True,0.2178914220859176,0.0053280999830960935,0.25824026655400073,0.25824026655400073,True
north,30.889,True,True,22,north,north,0.0,4.13127820313173,0.0,0.4001599638278286,4.264299939207579,0.11881098085772637,4.087247351641624,4.450483986155908,True,True,0.007388808431669891,0.007388808431669891,True,0.1915403035849157,-0.07100406429914993,0.25824026655400184,0.25824026655400184,True
north,30.955,True,True,23,north,north,0.0,4.158708304928382,0.0,0.4341198669949886,4.281669599074411,0.13659416050198686,4.117406925825452,4.446589446377969,True,True,0.012346125806682928,0.012346125806682928,True,0.13620190877643987,-0.016079227710752684,0.2582402665540032,0.2582402665540032,True
north,31.021,True,True,24,north,north,0.0,4.188514599256205,0.0,0.46697939920412157,4.301248837691327,0.15124216376938238,4.145969238368302,4.463705713323998,True,True,0.018443889369802124,0.018443889369802124,True,0.1985551871534483,0.06832773357186839,0.25824026655400184,0.25824026655400184,True
north,31.087,True,True,26,north,north,0.0,4.2206076763633,0.0,0.5006877740310278,4.321316314751955,0.1644860334994967,4.178790308394966,4.464762824210221,True,True,0.012406291118696289,0.012406291118696289,True,0.27510906356958265,0.032045775188179415,0.25824026655400073,0.25824026655400073,True
north,31.153,True,True,28,north,north,0.0,4.254852979281934,0.0,0.5339456131388198,4.339650854990926,0.18102921932769697,4.214482920897375,4.4496085126834455,True,True,0.013597499576213479,0.013597499576213479,True,0.25315406442809857,-0.0034598135492635565,0.25824026655400184,0.25824026655400184,True
north,31.219,True,True,30,north,north,0.0,4.290997489752842,0.0,0.5670289865584843,4.358578226255848,0.19675252488037642,4.244912593923282,4.449542679533632,True,True,0.01886770580767616,0.01886770580767616,True,0.20824186838596406,0.003731299653241796,0.25824026655400184,0.25824026655400184,True
north,31.285,True,True,32,north,north,0.0,4.329355097309393,0.0,0.598329424086943,4.380335516631919,0.20873052681901963,4.285817905821558,4.4715604378385745,True,True,0.01023407496780726,0.01023407496780726,True,0.28169657048554897,-0.0018885488200063659,0.25824026655400073,0.25824026655400073,True
north,31.351,True,True,33,north,north,0.0,4.36991806498747,0.0,0.6267277992389353,4.400911334290122,0.22371897959275192,4.325588820131167,4.465897659407829,True,True,0.024484330344992977,0.024484330344992977,True,0.33720318793768633,0.03640433555525689,0.25824026655400184,0.25824026655400184,True
north,31.417,True,True,36,north,north,0.0,4.412341415117367,0.0,0.6523636313402381,4.422357983719431,0.2351747859553554,4.368242593320967,4.4728254662786995,True,True,0.01983891247421432,0.01983891247421432,True,0.35905037447509436,0.02600587178303042,0.25824026655400184,0.25824026655400184,True
north,31.483,True,True,35,north,north,0.0,4.456417287445042,0.0,0.6760080200307561,4.449308349188015,0.2444204035611904,4.4090829552081,4.520307995054225,True,True,0.028875833391624917,0.028875833391624917,True,0.42849954535397095,0.07769675363738435,0.25824026655400073,0.25824026655400073,True
north,31.549,True,True,34,north,north,0.0,4.5018983540447906,0.0,0.6976418513527216,4.478362993590546,0.25718210392636,4.456458801532626,4.566386710016541,True,True,0.016590102984286648,0.016590102984286648,True,0.5927272626463409,-0.02219054721925511,0.25824026655400184,0.25824026655400184,True
north,31.615,True,True,34,north,north,0.0,4.548542574123682,0.0,0.7172343486024824,4.511288680353369,0.2663326086147992,4.49561691834804,4.609182859855826,True,True,0.01989024999110034,0.01989024999110034,True,0.6701891796207977,-0.018381390691940006,0.2582402665540051,0.2582402665540051,True
north,31.681,True,True,34,north,north,0.0,4.596187119621849,0.0,0.7339359511549581,4.546153797817317,0.27613320187247614,4.549558566463998,4.650468137613846,True,True,0.015795955990308364,0.015795955990308364,True,0.6771678243191322,-0.05445376545020586,0.25824026655400184,0.25824026655400184,True
north,31.747,True,True,32,north,north,0.0,4.645179857386546,0.0,0.7474935574880215,4.585346483750149,0.2849359091973776,4.588227513524915,4.711810032728931,True,True,0.02364505465448674,0.02364505465448674,True,0.7021235075666744,0.025864486378496972,0.25824026655400073,0.25824026655400073,True
north,31.813,True,True,33,north,north,0.0,4.694992700927038,0.0,0.7582896327812971,4.627764915080455,0.2905404147095512,4.641842061803991,4.754878422466364,True,True,0.021001632187568675,0.021001632187568675,True,0.7392219396783855,0.01694431099027761,0.25824026655400184,0.25824026655400184,True
north,31.879,True,True,34,north,north,0.0,4.745417836008343,0.0,0.7647662716783721,4.673084184211783,0.2952897678389881,4.694647723852141,4.796893838017427,True,True,0.01945092775659496,0.01945092775659496,True,0.7357784177209707,0.012608322472638685,0.25824026655400184,0.25824026655400184,True
north,31.945,True,True,33,north,north,0.0,4.796410287640982,0.0,0.7696646020287945,4.720627916816455,0.2983698916706026,4.734821309617305,4.854636176106949,True,True,0.01789631348874854,0.01789631348874854,True,0.7296067394018382,-0.02848019383058819,0.25824026655400073,0.25824026655400073,True
north,32.011,True,True,33,north,north,0.0,4.847472372762525,0.0,0.7720104602639299,4.771240251932803,0.2996188361798996,4.78949692493647,4.90985663111234,True,True,0.017995350267428267,0.017995350267428267,True,0.761981166053057,-0.016020393982223418,0.2582402665540005,0.2582402665540005,True
north,32.077,True,True,34,north,north,0.0,4.898613072424172,0.0,0.7729149309664107,4.822980564783598,0.30016015727209433,4.844643585465232,4.950046428486471,True,True,0.021667274075705678,0.021667274075705678,True,0.7722283534628589,0.010224357175775429,0.25824026655400206,0.25824026655400206,True
north,32.143,True,True,34,north,north,0.0,4.949502724939877,0.0,0.7697966554828328,4.876867619085429,0.30075328736860873,4.898916687617333,5.005046309681138,True,True,0.024702070204453475,0.024702070204453475,True,0.7870098428981471,0.036498778720291294,0.2582402665540049,0.2582402665540049,True
north,32.209,True,True,33,north,north,0.0,4.999930240016413,0.0,0.7643227094335936,4.931086715674042,0.30031844919480877,4.940047331846059,5.0575746804669315,True,True,0.01802399641043284,0.01802399641043284,True,0.7606654182873556,0.0047283856935773335,0.25824026655400273,0.25824026655400273,True
north,32.275,True,True,32,north,north,0.0,5.049910947417642,0.0,0.7558553854459626,4.9855080880479195,0.29877281904785363,4.976921726080322,5.111739170116608,True,True,0.017860543614268587,0.017860543614268587,True,0.7390694407198476,-0.02742161390656335,0.2582402665539988,0.2582402665539988,True
north,32.341,True,True,34,north,north,0.0,5.099612432054125,0.0,0.7450101918966956,5.041255338169264,0.29746501040359197,5.046772166953987,5.151592873736676,True,True,0.019341278285100683,0.019341278285100683,True,0.7380644045913056,-0.024614891748822455,0.25824026655400095,0.25824026655400095,True
north,32.407,True,True,33,north,north,0.0,5.148500387020319,0.0,0.731937816166246,5.09681679853201,0.2960393805890291,5.093978015160452,5.204663393162614,True,True,0.01653797474184515,0.01653797474184515,True,0.767244191306049,-0.0045111065680771565,0.25824026655400534,0.25824026655400534,True
north,32.473,True,True,33,north,north,0.0,5.196591718034308,0.0,0.7180162904824172,5.15074387502764,0.2932332978294938,5.14080339844621,5.251658145901531,True,True,0.01179519731121903,0.01179519731121903,True,0.7664229637006347,-0.03181718553394585,0.2582402665540049,0.2582402665540049,True
north,32.539,True,True,34,north,north,0.0,5.24360676414798,0.0,0.7032282623885866,5.201777929891422,0.28923705033643,5.185750817564682,5.288230630584677,True,True,0.01601242097785438,0.01601242097785438,True,0.6974767866672391,-0.02231719598843134,0.25824026655400273,0.25824026655400273,True
north,32.605,True,True,35,north,north,0.0,5.2894355881855555,0.0,0.6867681198340048,5.250513398825737,0.28198150678080003,5.2325381294988444,5.337794333984539,True,True,0.019993494342129492,0.019993494342129492,True,0.6792371736989139,0.02209664010225442,0.2582402665539988,0.2582402665539988,True
north,32.671,True,True,35,north,north,0.0,5.334007560671161,0.0,0.6689789233654642,5.298349427498053,0.27609476796021615,5.273915292374376,5.3783580329890155,True,True,0.017329112805543834,0.017329112805543834,True,0.6634745139249862,0.031186090677650744,0.25824026655400095,0.25824026655400095,True
north,32.737,True,True,36,north,north,0.0,5.3774807764311054,0.0,0.6481959373909651,5.344182444653271,0.2693870867902193,5.314662823690574,5.419868471653031,True,True,0.02275137611600775,0.02275137611600775,True,0.654235154138437,0.026594672542233737,0.25824026655400273,0.25824026655400273,True
north,32.803,True,True,36,north,north,0.0,5.419699329302213,0.0,0.6271623405335403,5.388598813582271,0.26117623657735434,5.374730479833199,5.465248286948998,True,True,0.019593599814556772,0.019593599814556772,True,0.6751491514217014,0.006397848072342333,0.2582402665539988,0.2582402665539988,True
north,32.869,True,True,36,north,north,0.0,5.460457829241352,0.0,0.6041310562991375,5.4314680679632295,0.25475898875095976,5.406774170383776,5.503793896967759,True,True,0.019419077786679062,0.019419077786679062,True,0.6669179525780458,0.004715331275689354,0.2582402665540049,0.2582402665540049,True
north,32.935,True,True,36,north,north,0.0,5.49970393939749,0.0,0.5804973803426972,5.471778814072372,0.24816699152604263,5.442677624225634,5.542321975948436,True,True,0.01813195908557652,0.01813195908557652,True,0.6227228901975219,-0.02126177745328965,0.25824026655400273,0.25824026655400273,True
north,33.001,True,True,37,north,north,0.0,5.5372438712323655,0.0,0.5554934628196317,5.508968070221928,0.2389360090259037,5.476485542005826,5.580146896722406,True,True,0.017387520846507853,0.017387520846507853,True,0.5487822338338181,-0.01197781152310491,0.2582402665539988,0.2582402665539988,True
north,33.067,True,True,36,north,north,0.0,5.5731194860847015,0.0,0.5296440628392851,5.545624709397893,0.2327881769624755,5.510787261034729,5.618681174125227,True,True,0.021153945116246464,0.021153945116246464,True,0.5517681378632052,0.006757823863081283,0.25824026655400095,0.25824026655400095,True
north,33.133,True,True,36,north,north,0.0,5.607058268449501,0.0,0.5028460893504594,5.580651912540796,0.2277691979522577,5.537074541080531,5.651819474557869,True,True,0.017102600732172957,0.017102600732172957,True,0.5185751839581114,0.0010278018326179827,0.25824026655400273,0.25824026655400273,True
north,33.199,True,True,37,north,north,0.0,5.639234553644021,0.0,0.47377814945741115,5.61332801172496,0.22159506313758678,5.591091864532278,5.677599027817437,True,True,0.019171694063143785,0.019171694063143785,True,0.5269704101082483,0.0019714776755063957,0.2582402665539988,0.2582402665539988,True
north,33.265,True,True,36,north,north,0.0,5.669626409693182,0.0,0.4436530909608516,5.6437970426941835,0.21591619059976974,5.599077956989084,5.712141586259129,True,True,0.014838027697385958,0.014838027697385958,True,0.47352287952734295,-0.02557372564486522,0.2582402665540049,0.2582402665540049,True
north,33.331,True,True,37,north,north,0.0,5.698015974135613,0.0,0.4126768083872756,5.67244242923842,0.21032406875371365,5.657768234848708,5.73944249102916,True,True,0.01719190208266863,0.01719190208266863,True,0.5056657436491676,-0.006160245930713496,0.25824026655400273,0.25824026655400273,True
north,33.397,True,True,37,north,north,0.0,5.724286442511683,0.0,0.38096356507827167,5.69826514254993,0.20401834370670627,5.657720035657767,5.766194255192673,True,True,0.014476757284299757,0.014476757284299757,True,0.4179252864635074,-0.017774145380680763,0.2582402665539988,0.2582402665539988,True
north,33.463,True,True,37,north,north,0.0,5.74837866693751,0.0,0.3485866906918522,5.721468793467534,0.19801957370432657,5.679525630886344,5.791056081557568,True,True,0.01859250847078997,0.01859250847078997,True,0.3824167216361157,0.012951965942187064,0.25824026655400095,0.25824026655400095,True
north,33.529,True,True,37,north,north,0.0,5.77023467544467,0.0,0.3149337724139789,5.745301169089163,0.19478988525331764,5.719047975329691,5.811303765308661,True,True,0.012696848520560411,0.012696848520560411,True,0.3379473226325152,-0.014196074999749068,0.25824026655400273,0.25824026655400273,True
north,33.595,True,True,37,north,north,0.0,5.7898051048432535,0.0,0.2800940951939168,5.766674408664619,0.1925492625702701,5.730940981732298,5.831174048036865,True,True,0.020468459045716147,0.020468459045716147,True,0.35937291284136863,0.01830218990002893,0.2582402665539988,0.2582402665539988,True
north,33.661,True,True,36,north,north,0.0,5.807159188915047,0.0,0.24434240620273773,5.784198007461135,0.1911233672271206,5.744643052354879,5.843964376769271,True,True,0.019873985318080822,0.019873985318080822,True,0.2923033630087295,0.017600062222769514,0.2582402665540049,0.2582402665540049,True
north,33.727,True,True,37,north,north,0.0,5.822130989138224,0.0,0.20766161006877226,5.799777790423289,0.1874792205576015,5.754461307281812,5.86293013878471,True,True,0.016158885715465865,0.016158885715465865,True,0.21788751184810842,0.01483581493497149,0.25824026655400534,0.25824026655400534,True
north,33.793,True,True,36,north,north,0.0,5.834657040685622,0.0,0.1706665932465512,5.812425642037538,0.18504763122947537,5.758635827504567,5.879598787084332,True,True,0.012916512518181933,0.012916512518181933,True,0.19480512984968326,-0.039955968462450996,0.25824026655400095,0.25824026655400095,True
north,33.859,True,True,37,north,north,0.0,5.844710465979256,0.0,0.1037880694416371,5.823260330944259,0.18217275256050844,5.786012764919815,5.886201016354174,True,True,0.013157464583389511,0.013157464583389511,True,0.2058047158877991,-0.03544232636569327,0.25824026655400273,0.25824026655400273,True
north,33.925,True,True,37,north,north,0.0,5.84988137862432,0.0,0.035992177530150826,5.833439598358452,0.18176195529679162,5.800124558079174,5.888048083136413,True,True,0.011972317138534527,0.011972317138534527,True,0.18660814555476046,-0.018664778281191553,0.2582402665539988,0.2582402665539988,True
north,33.991,True,True,36,north,north,0.0,5.848407663702417,0.0,-0.02726656563199814,5.838162531016779,0.1817377346816605,5.788205296863604,5.891740408790843,True,True,0.026761930724270466,0.026761930724270466,True,0.10688797965018258,0.061138041171835154,0.2582402665540049,0.2582402665540049,True
north,34.057,True,True,37,north,north,0.0,5.845368704606459,0.0,-0.05706749005432776,5.839074229911596,0.18005950628817766,5.785368194961113,5.888196229971821,True,True,0.011523615801380838,0.011523615801380838,True,-0.003162882260837872,0.014981920060166062,0.25824026655400273,0.25824026655400273,True
north,34.123,True,True,37,north,north,0.0,5.840839858899592,0.0,-0.079218286136995,5.837677840875262,0.1795231139650289,5.7804698810784805,5.88315650079433,True,True,0.02415040785577005,0.02415040785577005,True,-0.06062125662867015,0.0322666018618429,0.2582402665539988,0.2582402665539988,True
north,34.189,True,True,36,north,north,0.0,5.834868221444569,0.0,-0.10129398829187508,5.832571285473136,0.17992425724393232,5.769153547902741,5.8799323266032815,True,True,0.027405133708659046,0.027405133708659046,True,-0.07766480038287707,0.022055153041748828,0.25824026655400095,0.25824026655400095,True
north,34.255,True,True,37,north,north,0.0,5.8274415002709326,0.0,-0.12368843049000322,5.825230300173677,0.1790419189918509,5.766835058290205,5.866593119045793,True,True,0.02207768188906367,0.02207768188906367,True,-0.10223428042242272,0.05290443047869141,0.25824026655400273,0.25824026655400273,True
north,34.321,True,True,37,north,north,0.0,5.818571532467137,0.0,-0.14691824085827143,5.816374442300334,0.18086198802043352,5.759980981541789,5.8545853628737285,True,True,0.021524506179983027,0.021524506179983027,True,-0.12336197692568082,-0.02000781340447926,0.2582402665539988,0.2582402665539988,True
north,34.387,True,True,36,north,north,0.0,5.808163572378807,0.0,-0.1709802572157315,5.805403404158688,0.1833832869521652,5.7389897898541475,5.8520723846897775,True,True,0.01886881712502053,0.01886881712502053,True,-0.14616131273240324,-0.039639584030297687,0.2582402665540049,0.2582402665540049,True
north,34.453,True,True,37,north,north,0.0,5.7961364756237135,0.0,-0.19594159264432864,5.793540458026472,0.1845146057422569,5.748346455413497,5.840774926840512,True,True,0.013260419455286443,0.013260419455286443,True,-0.11850345084663408,-0.044102236903476186,0.25824026655400273,0.25824026655400273,True
north,34.519,True,True,36,north,north,0.0,5.782303189986603,0.0,-0.22241386172186406,5.779443600527602,0.1881942187895689,5.716502481959922,5.82705365799046,True,True,0.0227056155824773,0.0227056155824773,True,-0.16285712551918236,-0.003128893124624395,0.2582402665539988,0.2582402665539988,True
north,34.585,True,True,37,north,north,0.0,5.766674288396933,0.0,-0.250626009917716,5.76513490826996,0.19072417569523195,5.713933421138225,5.814340259081158,True,True,0.008943289436797675,0.008943289436797675,True,-0.17722024642216333,-0.03080513172345249,0.25824026655400095,0.25824026655400095,True
north,34.651,True,True,36,north,north,0.0,5.749131495714483,0.0,-0.2810097909409981,5.746981829780092,0.19252459578953726,5.684724450237546,5.795752653747364,True,True,0.01504316933525407,0.01504316933525407,True,-0.25849643525628296,-0.012748600766329306,0.25824026655400273,0.25824026655400273,True
north,34.717,True,True,38,north,north,0.0,5.729629471119254,0.0,-0.31266734140912966,5.727461099759001,0.19326112479719743,5.6825656845663595,5.769559496187848,True,True,0.016527030906771656,0.016527030906771656,True,-0.24400716198711478,-0.018842233528274282,0.2582402665539988,0.2582402665539988,True
north,34.783,True,True,37,north,north,0.0,5.708054661867234,0.0,-0.34551415406900876,5.7073235243584595,0.19746962136516868,5.655557823116649,5.751018946715301,True,True,0.02040441652694447,0.02040441652694447,True,-0.29806261696439246,0.05434430733630046,0.2582402665540049,0.2582402665540049,True
north,34.849,True,True,36,north,north,0.0,5.684318819549147,0.0,-0.3789069326879524,5.6846868653887475,0.20100984073810352,5.622299988250698,5.728208622277122,True,True,0.01732256226922646,0.01732256226922646,True,-0.3298893115860154,0.01623570366983405,0.25824026655400534,0.25824026655400534,True
north,34.915,True,True,37,north,north,0.0,5.658157223239697,0.0,-0.4123732905973654,5.6600667906982105,0.20352609612902145,5.609891678933122,5.70042440983462,True,True,0.01878285638527777,0.01878285638527777,True,-0.3647692691390399,0.0055842760269706,0.25824026655400095,0.25824026655400095,True
north,34.981,True,True,37,north,north,0.0,5.629671910274567,0.0,-0.44619564076940677,5.632106436337186,0.2053347827006112,5.564502718893104,5.672495370248791,True,True,0.017059793974590343,0.017059793974590343,True,-0.41585497259866694,-0.012990262940925553,0.25824026655400273,0.25824026655400273,True
north,35.047,True,True,37,north,north,0.0,5.598977255118914,0.0,-0.48069899248420533,5.6042246658087045,0.20908408807432058,5.544992817859486,5.641403694371719,True,True,0.02229527573891843,0.02229527573891843,True,-0.42852598069370246,0.019992542421800145,0.2582402665539988,0.2582402665539988,True
north,35.113,True,True,37,north,north,0.0,5.566032544997302,0.0,-0.515300413620916,5.573941853942679,0.21226009646021218,5.504285341044496,5.607874939208987,True,True,0.018461730150527766,0.018461730150527766,True,-0.48868863822232483,0.006472883424360238,0.2582402665540049,0.2582402665540049,True
north,35.179,True,True,37,north,north,0.0,5.530917435450319,0.0,-0.5488689849898831,5.541808298934445,0.21502575255621426,5.480139642561063,5.573529086320801,True,True,0.02244909767671588,0.02244909767671588,True,-0.4728972066347084,0.01868843260300853,0.25824026655400273,0.25824026655400273,True
north,35.245,True,True,36,north,north,0.0,5.493857255440776,0.0,-0.5800482432402365,5.509160379787395,0.2208740072398312,5.443836378943489,5.539591851032825,True,True,0.018829983426345787,0.018829983426345787,True,-0.5056033319214291,-0.009709862744741858,0.2582402665539988,0.2582402665539988,True
north,35.311,True,True,36,north,north,0.0,5.454666390147592,0.0,-0.6084394122323733,5.472651458399922,0.22390736749981557,5.39961439139178,5.498774744751566,True,True,0.023733478144428388,0.023733478144428388,True,-0.5390560085120922,0.018478984441412397,0.25824026655400095,0.25824026655400095,True
north,35.377,True,True,36,north,north,0.0,5.413416433135145,0.0,-0.6348569459635245,5.435414406874926,0.22836945386063295,5.352803166359718,5.458601161857382,True,True,0.02299456833515834,0.02299456833515834,True,-0.6150244665357967,0.009908949535470078,0.25824026655400273,0.25824026655400273,True
north,35.443,True,True,35,north,north,0.0,5.370457031603372,0.0,-0.6609289096610738,5.396124907301315,0.23543077414666544,5.306304883006413,5.412479228872653,True,True,0.02261280516329134,0.02261280516329134,True,-0.6673614865287805,0.016075083941767827,0.2582402665539988,0.2582402665539988,True
north,35.509,True,True,36,north,north,0.0,5.325956736015156,0.0,-0.6846857059335631,5.359803046357449,0.24630673278820292,5.275304100108928,5.36816885069644,True,True,0.02167009364111394,0.02167009364111394,True,-0.6495217972363466,-0.009957449517894538,0.2582402665540049,0.2582402665540049,True
north,35.575,True,True,35,north,north,0.0,5.280093318458119,0.0,-0.7062002563725489,5.318529873336552,0.25189518533781413,5.2262731083386695,5.327839222182849,True,True,0.02151693256568754,0.02151693256568754,True,-0.6418084501215434,-0.008144877016045096,0.25824026655400273,0.25824026655400273,True
north,35.641,True,True,34,north,north,0.0,5.233067455969306,0.0,-0.722886889455423,5.276852692854514,0.2594184214316317,5.183225817836554,5.278496754409478,True,True,0.020305900967902857,0.020305900967902857,True,-0.6519282115022299,-0.010717990396351167,0.2582402665539988,0.2582402665539988,True
north,35.707,True,True,33,north,north,0.0,5.184645434303808,0.0,-0.7371699344009963,5.232435579478644,0.26531157214833445,5.126061668305868,5.237871741465193,True,True,0.025806043967988912,0.025806043967988912,True,-0.7053093798321312,0.016964877852788565,0.25824026655400095,0.25824026655400095,True
north,35.773,True,True,33,north,north,0.0,5.1353020433233745,0.0,-0.7501155210145249,5.1872356585307715,0.2706318532930582,5.083251608818846,5.1918403547010135,True,True,0.0274434888439411,0.0274434888439411,True,-0.7082198965757169,0.035272442174010404,0.25824026655400273,0.25824026655400273,True
north,35.839,True,True,32,north,north,0.0,5.085290977600333,0.0,-0.7606271092474648,5.140239172067672,0.274961423403248,5.02709248566509,5.151484516593888,True,True,0.018649597483224478,0.018649597483224478,True,-0.7108167850093629,-0.005047675118306195,0.2582402665539988,0.2582402665539988,True
north,35.905,True,True,34,north,north,0.0,5.034780589635049,0.0,-0.7681965907340293,5.090378452522563,0.27867951870324975,4.981980679467897,5.084801782543345,True,True,0.022921727105289835,0.022921727105289835,True,-0.7484604579851056,-0.02643460901335369,0.2582402665540049,0.2582402665540049,True
north,35.971,True,True,33,north,north,0.0,4.984181447720459,0.0,-0.7721653407706563,5.0397257018877895,0.28114576209820674,4.925225055757601,5.043831953019943,True,True,0.017196240385048633,0.017196240385048633,True,-0.7802268215717498,-0.040105478416079164,0.25824026655400534,0.25824026655400534,True
north,36.037,True,True,34,north,north,0.0,4.9331930852497425,0.0,-0.7724712898614783,4.98847173399039,0.2835315105130398,4.884003998786465,4.990832662850868,True,True,0.031961790433709836,0.031961790433709836,True,-0.7643533902262447,0.05183498807759955,0.25824026655400095,0.25824026655400095,True
north,36.103,True,True,32,north,north,0.0,4.882092731536865,0.0,-0.7700155435375677,4.935458944537052,0.2853195739908404,4.816101433810837,4.952048800875072,True,True,0.02403592142476485,0.02403592142476485,True,-0.7500886584213724,0.02743656516225226,0.25824026655400273,0.25824026655400273,True
north,36.169,True,True,34,north,north,0.0,4.831166249689819,0.0,-0.7654992128565974,4.881045569105916,0.2858761955206744,4.775894539057454,4.881349496051178,True,True,0.018419415366591863,0.018419415366591863,True,-0.7894888999682943,-0.006449006158052192,0.2582402665539988,0.2582402665539988,True
north,36.235,True,True,33,north,north,0.0,4.780609347102562,0.0,-0.7596863296315881,4.82688183445935,0.28604910873911077,4.720617536800668,4.840062693482455,True,True,0.017810413958408655,0.017810413958408655,True,-0.7980117376059924,-0.07283429618799503,0.2582402665540049,0.2582402665540049,True
north,36.301,True,True,34,north,north,0.0,4.730697148334165,0.0,-0.7524394299872661,4.773118028976846,0.28627525102453844,4.682423953884437,4.783009490190453,True,True,0.024019564503265145,0.024019564503265145,True,-0.7611471035292122,-0.0009970790495177292,0.25824026655400273,0.25824026655400273,True
north,36.367,True,True,33,north,north,0.0,4.681412899014037,0.0,-0.7424996249206828,4.71968132725115,0.2862489152902812,4.628322788430206,4.740858540124802,True,True,0.011680094333405777,0.011680094333405777,True,-0.7268446256584095,-0.02122547356772846,0.2582402665539988,0.2582402665539988,True
north,36.433,True,True,33,north,north,0.0,4.632955057502783,0.0,-0.7300898248263232,4.66793070495916,0.2849573761393158,4.587709868798197,4.698153068154969,True,True,0.03914078644578434,0.03914078644578434,True,-0.6975030269013297,0.07826007165495333,0.25824026655400095,0.25824026655400095,True
north,36.499,True,True,33,north,north,0.0,4.585277050811751,0.0,-0.7153668636628696,4.6165105936610455,0.2849456196816119,4.535442552210921,4.65427533277212,True,True,0.01287828662194379,0.01287828662194379,True,-0.6897462643010471,-0.009035062926644258,0.25824026655400273,0.25824026655400273,True
north,36.565,True,True,34,north,north,0.0,4.538466586170629,0.0,-0.698416428531492,4.566157179120757,0.28143176661379365,4.485097787643223,4.5959914705221,True,True,0.02277906688485387,0.02277906688485387,True,-0.7275918660145224,0.010658208834096475,0.2582402665539988,0.2582402665539988,True
north,36.631,True,True,35,north,north,0.0,4.492780759410728,0.0,-0.6800849365069128,4.518344752875283,0.2770847538762906,4.450417820486442,4.542983966057713,True,True,0.02044821877089087,0.02044821877089087,True,-0.7469788470036016,-0.06996503448753273,0.2582402665540049,0.2582402665540049,True
north,36.697,True,True,36,north,north,0.0,4.448366919207964,0.0,-0.6610627649123213,4.472663419511841,0.2706165561929261,4.401685563343234,4.50431240424018,True,True,0.018807107726397043,0.018807107726397043,True,-0.7112478968333685,0.023417598786963496,0.25824026655400273,0.25824026655400273,True
north,36.763,True,True,35,north,north,0.0,4.405339370600494,0.0,-0.6413604369682924,4.428813480946898,0.26483340438969094,4.359776770415867,4.457673493366662,True,True,0.01756046136941969,0.01756046136941969,True,-0.6653945470523646,-0.026207466046661108,0.2582402665539988,0.2582402665539988,True
north,36.829,True,True,34,north,north,0.0,4.363814436445085,0.0,-0.6200722455423424,4.389596874536234,0.2585569713327512,4.322062054704554,4.447668301826856,True,True,0.016185146244383275,0.016185146244383275,True,-0.5754257529084259,-0.02126646050984882,0.25824026655400095,0.25824026655400095,True
north,36.895,True,True,31,north,north,0.0,4.323821250699876,0.0,-0.5961727055487387,4.357038748465358,0.2499439678131294,4.276332852110292,4.458575858563166,True,True,0.0180854901075872,0.0180854901075872,True,-0.42499066513710443,-0.0053638908810087794,0.25824026655400273,0.25824026655400273,True
north,36.961,True,True,29,north,north,0.0,4.285193431593237,0.0,-0.570518375356408,4.3286308399572055,0.23961172105700157,4.238015511941727,4.469952629118206,True,True,0.014945113508361252,0.014945113508361252,True,-0.2752030409285904,-0.009008635939350257,0.2582402665539988,0.2582402665539988,True
north,37.027,True,True,28,north,north,0.0,4.248187006538803,0.0,-0.5452716065407603,4.302240088340786,0.22889256036496475,4.201512187181998,4.4466266341789895,True,True,0.022484004659904522,0.022484004659904522,True,-0.2967539205490874,0.023873028253542747,0.2582402665540049,0.2582402665540049,True
north,37.093,True,True,25,north,north,0.0,4.21293237270376,0.0,-0.519081258278784,4.280959326200383,0.2189951400056636,4.171352374975938,4.464778087899279,True,True,0.01621418662252949,0.01621418662252949,True,-0.2698212599194459,0.0029166374187427776,0.25824026655400273,0.25824026655400273,True
north,37.159,True,True,24,north,north,0.0,4.1795109604094876,0.0,-0.49227085158034534,4.260469318709656,0.20909820804259555,4.137409987385037,4.44299414819009,True,True,0.010267983617867515,0.010267983617867515,True,-0.29901543556074867,-0.030759405619478108,0.2582402665539988,0.2582402665539988,True
north,37.225,True,True,22,north,north,0.0,4.148051654221911,0.0,-0.46281447385791097,4.242354074169446,0.2002555180230657,4.107664382501589,4.450992952621056,True,True,0.013990398322510589,0.013990398322510589,True,-0.24558392879932942,-0.04761670002552081,0.25824026655400095,0.25824026655400095,True
north,37.291,True,True,21,north,north,0.0,4.118624353608562,0.0,-0.4323709822964572,4.2282994219026975,0.1830937366867356,4.077930485870329,4.4732986406394755,True,True,0.016322569964469236,0.016322569964469236,True,-0.20943243147630572,0.00613267383403432,0.25824026655400534,0.25824026655400534,True
north,37.357,True,True,20,north,north,0.0,4.091100871182857,0.0,-0.3999721046987448,4.2137798006095455,0.1684550014612089,4.049748674091052,4.440701241476496,True,True,0.00943593898568007,0.00943593898568007,True,-0.21006883987543634,-0.0002484276584906923,0.2582402665540049,0.2582402665540049,True
north,37.423,True,True,17,north,north,0.0,4.065671134122167,0.0,-0.3674794707324036,4.201313273267786,0.15459977219430318,4.0205748178192815,4.467436580689426,True,True,0.006695776333784376,0.006695776333784376,True,-0.20660380362429748,-0.043591662037830395,0.25824026655400273,0.25824026655400273,True
north,37.489,True,True,17,north,north,0.0,4.042438757963325,0.0,-0.33416378357052245,4.189061111435944,0.14168948765370565,3.999681222882761,4.446889148339707,True,True,0.0109550879294521,0.0109550879294521,True,-0.2397081688794331,-0.028549407207496404,0.2582402665539988,0.2582402665539988,True
north,37.555,True,True,17,north,north,0.0,4.0214595843176415,0.0,-0.30064053458047635,4.17799455930816,0.12322097157720122,3.9814468950813042,4.4459483532415165,True,True,0.00871889294232464,0.00871889294232464,True,-0.1747007795609272,0.0031942022206078143,0.25824026655400095,0.25824026655400095,True
north,37.621,True,True,16,north,north,0.0,4.002782046116638,0.0,-0.2656675655610674,4.1674012793847375,0.10424420957418404,3.960332253983447,4.447272177574987,True,True,0.014288994626585061,0.014288994626585061,True,-0.19726971496247517,0.031126454380718784,0.25824026655400273,0.25824026655400273,True
north,37.687,True,True,14,north,north,0.0,3.9864738251380065,0.0,-0.2295862410419347,4.1576520983109875,0.08238433410044446,3.9382246535410963,4.4608477381765335,True,True,0.006606254198951,0.006606254198951,True,-0.12294299642341058,-0.011327878041276239,0.2582402665539988,0.2582402665539988,True
north,37.753,True,True,14,north,north,0.0,3.9725228415787983,0.0,-0.1927913837292894,4.148623952295767,0.06711066668591043,3.9290819271141992,4.449522730094294,True,True,0.0021326689835862167,0.0021326689835862167,True,-0.11735137362408135,-0.04157789743007442,0.2582402665540049,0.2582402665540049,True
north,37.819,True,True,13,north,north,0.0,3.9610069180888545,0.0,-0.1463987880299289,4.14035081447364,0.054240516543601715,3.9168194706294996,4.450248940838587,True,True,-0.0006143746638230807,-0.0006143746638230807,True,-0.10763317786376944,-0.0745207471008919,0.25824026655400273,0.25824026655400273,True
north,37.885,True,True,13,north,north,0.0,3.951980163952119,0.0,-0.07639155157861399,4.133055229138328,0.03958185312096442,3.9122267969899265,4.442572396581533,True,True,-0.016773642205777484,-0.016773642205777484,True,-0.1093604849840281,-0.1104344437296872,0.2582402665539988,0.2582402665539988,True
north,37.951,True,True,13,north,north,0.0,3.950461765320848,0.0,-0.010677996838672765,4.128041089487311,0.02708320592097777,3.9100870405908643,4.439024795149675,True,True,-0.007775956332724765,-0.007775956332724765,True,-0.07632400174279574,-0.06952294468316175,0.25824026655400095,0.25824026655400095,True
north,38.017,True,True,12,north,north,0.0,3.9524804579890436,0.0,0.04211054123943292,4.125565922412315,0.01393777595838405,3.9076202807668152,4.4472786187326,True,True,-0.025829561362832654,-0.025829561362832654,True,-0.03196658616434088,-0.1009816276120836,0.25824026655400273,0.25824026655400273,True
north,38.083,True,True,12,north,north,0.0,3.9560520121214617,0.0,0.06522447634268236,4.1259301233477546,0.006201008964658497,3.9147341142688457,4.44717905288326,True,True,-0.02419511649077266,-0.02419511649077266,True,0.020552260985464955,-0.06108792103802015,0.2582402665539988,0.2582402665539988,True
north,38.149,True,True,12,north,north,0.0,3.961087022431202,0.0,0.08760802738901008,4.128441636822477,0.002768774815958116,3.918594752785181,4.45298924330842,True,True,-0.01752759341276733,-0.01752759341276733,True,0.056386930842332,-0.041849191466769936,0.2582402665540049,0.2582402665540049,True
north,38.215,True,True,13,north,north,0.0,3.9675968414296956,0.0,0.10972241080742462,4.13316405522348,0.00843623942802367,3.931529253267414,4.451178789321347,True,True,0.001342973578205009,0.001342973578205009,True,0.07052898349206771,0.1336138301532101,0.25824026655400273,0.25824026655400273,True
north,38.281,True,True,14,north,north,0.0,3.9756077935751546,0.0,0.13218868845447318,4.139649561738671,0.012714151492907964,3.9374430004894942,4.447406861866718,True,True,0.009915206194542114,0.009915206194542114,True,0.06055616068748508,0.18363868946502443,0.2582402665539988,0.2582402665539988,True
north,38.347,True,True,13,north,north,0.0,3.98510920986575,0.0,0.15574112032720855,4.148540625197769,0.019026579868641296,3.9467269377238163,4.464953921580459,True,True,0.009733920523239736,0.009733920523239736,True,0.0927518253026303,0.1369042036732709,0.25824026655400095,0.25824026655400095,True
north,38.413,True,True,14,north,north,0.0,3.9961920352064215,0.0,0.18071498317107526,4.158513215681055,0.023988421858795014,3.953244128117535,4.472260257898049,True,True,0.011741046762923646,0.011741046762923646,True,0.11759092971859011,0.04698929376190018,0.25824026655400534,0.25824026655400534,True
north,38.479,True,True,16,north,north,0.0,4.008917526369711,0.0,0.2069696318208325,4.1694454685742866,0.03256097382189694,3.965203289529181,4.447452592119969,True,True,0.0066981996861325,0.0066981996861325,True,0.07366786711373198,-0.011581656493250261,0.2582402665540049,0.2582402665540049,True
north,38.545,True,True,17,north,north,0.0,4.023348473811054,0.0,0.23440032244668618,4.181626779656234,0.04132045735352399,3.9778408475836287,4.4469787673595,True,True,0.010686538404896972,0.010686538404896972,True,0.020127092841006756,-0.0033105961088174115,0.25824026655400273,0.25824026655400273,True
north,38.611,True,True,17,north,north,0.0,4.039651796674256,0.0,0.26359051725696414,4.194903879847183,0.055802118503303653,3.9989737137465777,4.4461540882287345,True,True,0.014455954583312836,0.014455954583312836,True,0.053813622100878915,0.01838342754535091,0.2582402665539988,0.2582402665539988,True
north,38.677,True,True,18,north,north,0.0,4.0580316848669264,0.0,0.2937020288957859,4.209328972884717,0.07098472140559631,4.015619711563327,4.450460558352789,True,True,0.0032318820066324916,0.0032318820066324916,True,0.13680405441899932,-0.01004475281830987,0.25824026655400095,0.25824026655400095,True
north,38.743,True,True,19,north,north,0.0,4.078504377064843,0.0,0.32532229384842903,4.224538874567764,0.08661151464856423,4.036476569238481,4.446814465823214,True,True,0.01597940116760832,0.01597940116760832,True,0.14876267295189155,0.007052296532505661,0.25824026655400273,0.25824026655400273,True
north,38.809,True,True,20,north,north,0.0,4.101119261712612,0.0,0.35857356841510146,4.242275949312264,0.09807569866156667,4.054989484258927,4.461692462863046,True,True,0.01572501186744779,0.01572501186744779,True,0.17566151559512153,0.0250828651717885,0.2582402665539988,0.2582402665539988,True
north,38.875,True,True,22,north,north,0.0,4.125934784872136,0.0,0.3931079000022697,4.259342630794906,0.1130257306483329,4.08504775301604,4.4513900487686895,True,True,0.006401520800103033,0.006401520800103033,True,0.1851996270197873,0.014022010727653376,0.2582402665540049,0.2582402665540049,True
north,38.941,True,True,23,north,north,0.0,4.152919660936141,0.0,0.4279637235768474,4.2767430047752155,0.1293723601311453,4.106779255573244,4.448846444100755,True,True,0.014130762564361743,0.014130762564361743,True,0.17936352159065994,-0.02252940435921857,0.25824026655400273,0.25824026655400273,True
north,39.007,True,True,24,north,north,0.0,4.182086507898577,0.0,0.461992552039292,4.296376849675218,0.1428475295079361,4.1356846096747235,4.468611382651801,True,True,0.018506000756495777,0.018506000756495777,True,0.21365911629008844,0.024351830956669786,0.2582402665539988,0.2582402665539988,True
north,39.073,True,True,26,north,north,0.0,4.213756398640856,0.0,0.49515509727159124,4.316835672800768,0.1555945177086045,4.1700792408761815,4.469850452778628,True,True,0.017147424654563648,0.017147424654563648,True,0.2720802789869472,0.05547416629623639,0.25824026655400095,0.25824026655400095,True
north,39.139,True,True,28,north,north,0.0,4.247661877543761,0.0,0.5272687270747767,4.335686669038988,0.17236478232906435,4.207770672226588,4.448050410318782,True,True,0.015720486890000607,0.015720486890000607,True,0.25471200753211504,0.005167571022703135,0.25824026655400273,0.25824026655400273,True
north,39.205,True,True,30,north,north,0.0,4.283683399698012,0.0,0.5594361458556874,4.35473012010506,0.18720661992019214,4.235867111867614,4.443081158437047,True,True,0.022604154642349106,0.022604154642349106,True,0.1817031991098246,0.01646594529241871,0.2582402665539988,0.2582402665539988,True
north,39.271,True,True,32,north,north,0.0,4.32178598695571,0.0,0.5908479805154565,4.374155583376344,0.20173704982792245,4.280422389609665,4.448480857836794,True,True,0.013660659995789692,0.013660659995789692,True,0.21973321904108947,-0.005419130642384704,0.2582402665540049,0.2582402665540049,True
north,39.337,True,True,33,north,north,0.0,4.361811065334974,0.0,0.6208943234124842,4.395425405451793,0.2162877562672611,4.319600155264523,4.469788092575309,True,True,0.015322363337866851,0.015322363337866851,True,0.34140641895847235,-0.01536040197418362,0.25824026655400273,0.25824026655400273,True
north,39.403,True,True,36,north,north,0.0,4.403498898373038,0.0,0.6478820890493608,4.4150040446534025,0.23068321248449386,4.357980984496334,4.44514531157957,True,True,0.029313424349655226,0.029313424349655226,True,0.32804475583871434,0.033014412824233556,0.2582402665539988,0.2582402665539988,True
north,39.469,True,True,36,north,north,0.0,4.446934021956413,0.0,0.671599226215025,4.4399041151965095,0.24072629030709802,4.399441235910941,4.495156699015405,True,True,0.011608744948195748,0.011608744948195748,True,0.38698644748161964,0.0118716907106146,0.25824026655400095,0.25824026655400095,True
north,39.535,True,True,35,north,north,0.0,4.4921464220339065,0.0,0.6928025176452124,4.468801223297907,0.25308559299212646,4.447694639397284,4.546184637718042,True,True,0.01816213574342551,0.01816213574342551,True,0.5340490353613229,-0.013917215431492342,0.25824026655400534,0.25824026655400534,True
north,39.601,True,True,35,north,north,0.0,4.5387939076533135,0.0,0.711849748664366,4.500364649011029,0.26397096448448104,4.486934878989234,4.5952458435956505,True,True,0.016977896291213157,0.016977896291213157,True,0.7094277437241847,-0.046141202091056495,0.2582402665540049,0.2582402665540049,True
north,39.667,True,True,33,north,north,0.0,4.58657662096576,0.0,0.729400641431619,4.535662829820395,0.275385319923517,4.537342657230334,4.65085399311665,True,True,0.022553918713310916,0.022553918713310916,True,0.734164842220811,0.04795648764111025,0.25824026655400273,0.25824026655400273,True
north,39.733,True,True,33,north,north,0.0,4.6353183135265645,0.0,0.7447175146606089,4.575100378290383,0.2842265229977841,4.588432508376156,4.699333618811562,True,True,0.017638682831662922,0.017638682831662922,True,0.7482397560449058,0.006069187404258114,0.2582402665539988,0.2582402665539988,True
north,39.799,True,True,33,north,north,0.0,4.684816388872608,0.0,0.755890425808392,4.616654807514344,0.29143302328367904,4.628321494926069,4.743376125057917,True,True,0.017341631505084165,0.017341631505084165,True,0.733424370483371,-0.005793985212173733,0.25824026655400095,0.25824026655400095,True
north,39.865,True,True,34,north,north,0.0,4.734792991297519,0.0,0.7634553962624269,4.661127833861409,0.29640929004920097,4.682089195724481,4.781967871262203,True,True,0.019439455872352407,0.019439455872352407,True,0.6905399566025434,-0.014606727044627017,0.25824026655400273,0.25824026655400273,True
north,39.931,True,True,33,north,north,0.0,4.785355997319015,0.0,0.7673102734941306,4.707936184989748,0.3003494118398815,4.721798966587365,4.839942685347574,True,True,0.024890557045852524,0.024890557045852524,True,0.692640925185114,0.0361415863785403,0.2582402665539988,0.2582402665539988,True
north,39.997,True,True,34,north,north,0.0,4.836326265417447,0.0,0.7691065841597089,4.759377004444349,0.3025950690191456,4.79069249522716,4.892627142504479,True,True,0.026237267620137783,0.026237267620137783,True,0.7822353319630441,0.048693953816153,0.2582402665540049,0.2582402665540049,True
north,40.063,True,True,33,north,north,0.0,4.887329965012331,0.0,0.7696142687889918,4.811870891031429,0.3034933085892363,4.829044153077174,4.951853579782038,True,True,0.0255032714356499,0.0255032714356499,True,0.8121969571320324,0.029603268582086773,0.25824026655400273,0.25824026655400273,True
north,40.129,True,True,34,north,north,0.0,4.9381612659389225,0.0,0.7685920545106573,4.865107937499125,0.3039356470666576,4.883376504285319,4.990098279773841,True,True,0.02220282441896415,0.02220282441896415,True,0.7824071905304795,-0.013329081916898028,0.2582402665539988,0.2582402665539988,True
north,40.195,True,True,33,north,north,0.0,4.988797740794964,0.0,0.7650913778642199,4.918702042468147,0.30323265250400183,4.923871566588853,5.045030573949935,True,True,0.012241703638271928,0.012241703638271928,True,0.7191852724404534,-0.06861687721558127,0.25824026655400095,0.25824026655400095,True
north,40.261,True,True,33,north,north,0.0,5.0387525622664615,0.0,0.7575895570127145,4.97395949654488,0.3018715696528054,4.980343144462664,5.098565296201835,True,True,0.015920457170990443,0.015920457170990443,True,0.7495905150723338,-0.05865085390101549,0.25824026655400273,0.25824026655400273,True
north,40.327,True,True,33,north,north,0.0,5.088519961185376,0.0,0.748001485135501,5.0304232806232765,0.300850261786278,5.036217134944578,5.15149022075277,True,True,0.02421878759321594,0.02421878759321594,True,0.7975030416971731,0.014737337962837794,0.2582402665539988,0.2582402665539988,True
north,40.393,True,True,33,north,north,0.0,5.137593006767977,0.0,0.7362907410554653,5.085294593904721,0.2985982049192025,5.0807329548863835,5.191675744920174,True,True,0.013118047681358935,0.013118047681358935,True,0.7722110551789133,0.016556609926494027,0.2582402665540049,0.2582402665540049,True
north,40.459,True,True,33,north,north,0.0,5.185904029281683,0.0,0.7219906727637326,5.138556803533002,0.295356884317128,5.125218040370093,5.239172760365695,True,True,0.022845499418743587,0.022845499418743587,True,0.7129912305477788,0.01465816186576063,0.25824026655400273,0.25824026655400273,True
north,40.525,True,True,34,north,north,0.0,5.233256118806181,0.0,0.7067611184505207,5.191684809195722,0.29299057852528426,5.181856554088998,5.278795661104271,True,True,0.02833357904188205,0.02833357904188205,True,0.6900126359219544,0.03344216073239733,0.2582402665539988,0.2582402665539988,True
north,40.591,True,True,35,north,north,0.0,5.279534380649544,0.0,0.6905171150900458,5.242286110375283,0.2875946287085984,5.226948492558868,5.327461098693001,True,True,0.016209161367268687,0.016209161367268687,True,0.7138364309041032,0.022365788910405318,0.25824026655400095,0.25824026655400095,True
north,40.657,True,True,35,north,north,0.0,5.324585288017365,0.0,0.6737888699684857,5.294191739467204,0.28621447150685314,5.273227850125618,5.369257069271552,True,True,0.01701306496079391,0.01701306496079391,True,0.7030604030627069,-0.044881395527975515,0.25824026655400534,0.25824026655400534,True
north,40.723,True,True,35,north,north,0.0,5.36828104108163,0.0,0.6544601861739752,5.339656261192082,0.2800156863361604,5.3035696841920394,5.412311634091281,True,True,0.019806737846364553,0.019806737846364553,True,0.6467898768298949,-0.03754033332276914,0.2582402665540049,0.2582402665540049,True
north,40.789,True,True,36,north,north,0.0,5.410623023100695,0.0,0.6326006219965263,5.383680647887139,0.2717266434399688,5.350304746825475,5.456090256161635,True,True,0.015274218149702423,0.015274218149702423,True,0.6282974500695966,-1.6904192618693405e-05,0.25824026655400273,0.25824026655400273,True
north,40.855,True,True,36,north,north,0.0,5.451751801559434,0.0,0.6089360418391321,5.42506909872716,0.262313328036202,5.393242323756648,5.499323763099639,True,True,0.0181216483434804,0.0181216483434804,True,0.6369372629402577,-0.0018284387100042637,0.2582402665539988,0.2582402665539988,True
north,40.921,True,True,36,north,north,0.0,5.4913392393226355,0.0,0.5852745824953764,5.466321952136026,0.2566007644476652,5.439363632996527,5.5350564849413555,True,True,0.027398377584813338,0.027398377584813338,True,0.6528693051764175,0.03882174152897643,0.25824026655400095,0.25824026655400095,True
north,40.987,True,True,37,north,north,0.0,5.529192390687628,0.0,0.5608072899630923,5.504492755838347,0.2474756432733191,5.482615407664833,5.574598950770827,True,True,0.021867112982559944,0.021867112982559944,True,0.6320546192630612,0.04402335415137139,0.25824026655400273,0.25824026655400273,True
north,41.053,True,True,37,north,north,0.0,5.565354737325991,0.0,0.5357030943944796,5.540651674298505,0.23935936128483526,5.502245632247059,5.60820970754005,True,True,0.027923363341042395,0.027923363341042395,True,0.557925757038059,0.036172546046109616,0.2582402665539988,0.2582402665539988,True
north,41.119,True,True,37,north,north,0.0,5.599693132438207,0.0,0.5080037491357858,5.5757406883596685,0.23136244965722172,5.5499610443490885,5.644184021792512,True,True,0.021721906243070577,0.021721906243070577,True,0.5397089590625846,-0.01662600555567637,0.2582402665540049,0.2582402665540049,True
north,41.185,True,True,37,north,north,0.0,5.632361314824307,0.0,0.47885447893471156,5.606818995401505,0.22219356353930983,5.555975853319062,5.673571642431399,True,True,0.015794387958218636,0.015794387958218636,True,0.45506752901430914,-0.03699944268332786,0.25824026655400273,0.25824026655400273,True
north,41.251,True,True,37,north,north,0.0,5.663185479675797,0.0,0.44978920464804784,5.637287538550099,0.21462918232194234,5.597511233067231,5.708318177123307,True,True,0.028170091828633947,0.028170091828633947,True,0.4708520006205636,-0.007859595184967346,0.2582402665539988,0.2582402665539988,True
north,41.317,True,True,36,north,north,0.0,5.69193013403395,0.0,0.4201468788096241,5.665571345440924,0.2088856217723361,5.622384471185739,5.734913954492151,True,True,0.0177924303053002,0.0177924303053002,True,0.42859241897647354,0.0008898122077322713,0.25824026655400095,0.25824026655400095,True
north,41.383,True,True,37,north,north,0.0,5.718651729968077,0.0,0.3890816126928165,5.692584418372506,0.20311308908438816,5.655422366781622,5.761780946079681,True,True,0.03247198312541333,0.03247198312541333,True,0.46548217183324164,0.06008352117916623,0.25824026655400273,0.25824026655400273,True
north,41.449,True,True,37,north,north,0.0,5.74315811348275,0.0,0.3565076487801955,5.717205072216931,0.19673176238847861,5.684332397449624,5.785989984787169,True,True,0.007825551458224278,0.007825551458224278,True,0.41923015403194996,-0.07023343680471843,0.2582402665539988,0.2582402665539988,True
north,41.515,True,True,37,north,north,0.0,5.765571060464873,0.0,0.32184140967912,5.741624155077877,0.19464411409188076,5.709144501002309,5.808707677841856,True,True,0.015499783450943716,0.015499783450943716,True,0.40513661278357604,-0.04776420034887443,0.2582402665540049,0.2582402665540049,True
north,41.581,True,True,36,north,north,0.0,5.785658081940467,0.0,0.28687042455416645,5.76241991914846,0.1917231951821767,5.71279689794328,5.831198414678129,True,True,0.017423030893254032,0.017423030893254032,True,0.3241710574906694,-0.05677670409660061,0.25824026655400273,0.25824026655400273,True
north,41.647,True,True,36,north,north,0.0,5.803529987831125,0.0,0.25152039544989346,5.7810729306873645,0.1902837469738969,5.736252204366258,5.8414413504327545,True,True,0.029285567350180064,0.029285567350180064,True,0.26383079656356,0.10045953805784381,0.2582402665539988,0.2582402665539988,True
north,41.713,True,True,37,north,north,0.0,5.819044071495938,0.0,0.21605919393657746,5.797147046112905,0.18755001995720677,5.764197653531961,5.85425661651919,True,True,0.01201556644406343,0.01201556644406343,True,0.2541700877261829,0.0021361900549762727,0.25824026655400095,0.25824026655400095,True
north,41.779,True,True,36,north,north,0.0,5.832106931592892,0.0,0.1796120765009679,5.810343900228443,0.18548740779045436,5.754588759416399,5.874019577587254,True,True,0.01324522830305852,0.01324522830305852,True,0.22318165787793226,-0.04515667981318801,0.25824026655400273,0.25824026655400273,True
north,41.845,True,True,37,north,north,0.0,5.84270903788095,0.0,0.12063750591327693,5.822031314411191,0.18210536246043268,5.804309965164589,5.883002241147625,True,True,0.014773118473496383,0.014773118473496383,True,0.25682577385765454,-0.06410255268341898,0.2582402665539988,0.2582402665539988,True
north,41.911,True,True,37,north,north,0.0,5.849994443588535,0.0,0.05231513973671387,5.832534688893908,0.18215025372046156,5.803337423984691,5.894477815838897,True,True,0.013695489094967761,0.013695489094967761,True,0.22483846865596066,0.00995099715628913,0.2582402665540049,0.2582402665540049,True
north,41.977,True,True,37,north,north,0.0,5.849095749452344,0.0,-0.011369302895181121,5.8396082170014125,0.18233163145863424,5.814125061168981,5.889133655879214,True,True,0.020680406662174522,0.020680406662174522,True,0.17761679821591184,0.032163493483060177,0.25824026655400534,0.25824026655400534,True
north,42.043,True,True,36,north,north,0.0,5.846579401727782,0.0,-0.04962527417720075,5.841450870872871,0.18323593526276505,5.7906967744185485,5.891491432717662,True,True,0.02287334982385525,0.02287334982385525,True,-0.007521606290456844,0.0474024418458837,0.25824026655400095,0.25824026655400095,True
north,42.109,True,True,37,north,north,0.0,5.842507224777928,0.0,-0.07277721687160454,5.840299654442398,0.1818358198793584,5.787166334803438,5.8808148150935375,True,True,0.014654970847720494,0.014654970847720494,True,-0.08376725734228706,0.007683921848391122,0.25824026655400273,0.25824026655400273,True
north,42.175,True,True,37,north,north,0.0,5.836960629662461,0.0,-0.09550324089361961,5.837324340909251,0.18131882341575367,5.784479858267917,5.876950020548766,True,True,0.019109092451944476,0.019109092451944476,True,-0.1058284635861887,-0.019594426677007865,0.2582402665539988,0.2582402665539988,True
north,42.241,True,True,37,north,north,0.0,5.829961637611271,0.0,-0.11827558252994752,5.82981272652357,0.17970407511824024,5.757118435079877,5.86555975707209,True,True,0.014981595678759674,0.014981595678759674,True,-0.1402131182068391,-0.029122940653126216,0.2582402665540049,0.2582402665540049,True
north,42.307,True,True,37,north,north,0.0,5.821434862824338,0.0,-0.14136361421682508,5.820941437636211,0.18053119277505414,5.758197577287592,5.861220240104371,True,True,0.021989029480505295,0.021989029480505295,True,-0.1397285486210283,0.02708284715934762,0.25824026655400273,0.25824026655400273,True
north,42.373,True,True,36,north,north,0.0,5.811304265484587,0.0,-0.1654315710757137,5.809639717401431,0.18256598100374366,5.74308371364113,5.851687004217825,True,True,0.023266255865901253,0.023266255865901253,True,-0.1539680739645364,0.02951352127820566,0.2582402665539988,0.2582402665539988,True
north,42.439,True,True,36,north,north,0.0,5.799542711185323,0.0,-0.19062804480464823,5.798236610249604,0.18596414524084368,5.747281002283963,5.837727812444742,True,True,0.012318835423083763,0.012318835423083763,True,-0.10428426651726304,-0.010168264214593862,0.25824026655400095,0.25824026655400095,True
north,42.505,True,True,36,north,north,0.0,5.786103010087266,0.0,-0.21787701689155003,5.783952426662339,0.1885668799543199,5.708207016963217,5.826139504330926,True,True,0.016143471376482643,0.016143471376482643,True,-0.20073923592705004,-0.043157719325584,0.25824026655400273,0.25824026655400273,True
north,42.571,True,True,37,north,north,0.0,5.770808328639757,0.0,-0.24641357208286419,5.768784542911962,0.19128050387883191,5.71864586871626,5.8151137037779,True,True,0.020363008165938834,0.020363008165938834,True,-0.17704221934011116,-0.007401677494680318,0.2582402665539988,0.2582402665539988,True
north,42.637,True,True,37,north,north,0.0,5.753708321977759,0.0,-0.2766784222377572,5.75165781388961,0.1932803617566732,5.701223946174094,5.797567670697747,True,True,0.01767021445809147,0.01767021445809147,True,-0.1963928351292272,0.030717687718907972,0.2582402665540049,0.2582402665540049,True
north,42.703,True,True,37,north,north,0.0,5.734572003189457,0.0,-0.3078849144518703,5.732816218639968,0.19519661052259524,5.681735937833921,5.77519980514275,True,True,0.01632872897621629,0.01632872897621629,True,-0.2024244625566167,-0.003237910467646669,0.25824026655400273,0.25824026655400273,True
north,42.769,True,True,37,north,north,0.0,5.713181533575782,0.0,-0.3401331691444742,5.712255410995538,0.1980900303634164,5.660526184715915,5.752972499521058,True,True,0.014701954357441704,0.014701954357441704,True,-0.30502919595964223,-0.02776461652631289,0.2582402665539988,0.2582402665539988,True
north,42.835,True,True,36,north,north,0.0,5.689574628047715,0.0,-0.37267311687938953,5.688924255703055,0.20091699174774233,5.616268003361921,5.73470412400811,True,True,0.024007684203466995,0.024007684203466995,True,-0.368860247912978,0.026341870632351997,0.25824026655400095,0.25824026655400095,True
north,42.901,True,True,37,north,north,0.0,5.663762613564835,0.0,-0.4068232041982478,5.663999224125037,0.20206794821314372,5.603529481231986,5.7082491780099485,True,True,0.02181279485851928,0.02181279485851928,True,-0.37727106672056976,0.03902716286808232,0.25824026655400273,0.25824026655400273,True
north,42.967,True,True,37,north,north,0.0,5.635756716923097,0.0,-0.4413813215527407,5.638320978794547,0.20558657724060675,5.58664652485583,5.67758109190322,True,True,0.020998858508547102,0.020998858508547102,True,-0.36894444739535043,0.025296701679346653,0.2582402665539988,0.2582402665539988,True
north,43.033,True,True,36,north,north,0.0,5.605483842039802,0.0,-0.4763771704871145,5.610718986247442,0.21076561787181297,5.545470415669585,5.65097115739039,True,True,0.01984007904781493,0.01984007904781493,True,-0.38722932228261864,-0.020176896692315878,0.2582402665540049,0.2582402665540049,True
north,43.099,True,True,36,north,north,0.0,5.573135331982263,0.0,-0.5098304412576571,5.5807098232838515,0.21491687192258677,5.510561718327972,5.617736040959809,True,True,0.01694629978253659,0.01694629978253659,True,-0.4683551087587523,-0.02387615861921308,0.25824026655400534,0.25824026655400534,True
north,43.165,True,True,36,north,north,0.0,5.538455616559868,0.0,-0.5423884897749565,5.548566368409932,0.21913856532093262,5.4783739112731915,5.581849084636913,True,True,0.019679272771231493,0.019679272771231493,True,-0.5152709669083617,-0.010382631026098552,0.25824026655400095,0.25824026655400095,True
north,43.231,True,True,36,north,north,0.0,5.501495501852765,0.0,-0.5732949204905369,5.514913725016718,0.22350977896338142,5.437203726356035,5.545102319957505,True,True,0.019995848211110778,0.019995848211110778,True,-0.5382434421340757,0.0048489098160343835,0.25824026655400273,0.25824026655400273,False
north,43.297,True,True,36,north,north,0.0,5.462511225968297,0.0,-0.6021113285167656,5.4801978710087855,0.2280219184688574,5.411140066001446,5.506603925022611,True,True,0.028625167670064955,0.028625167670064955,True,-0.5375592836270702,0.053565422882520836,0.2582402665539988,0.2582402665539988,False
north,43.363,True,True,37,north,north,0.0,5.421689834817936,0.0,-0.6306781654417826,5.443245891606932,0.23121110740393214,5.376716961990184,5.467933489380306,True,True,0.02738338709546062,0.02738338709546062,True,-0.5388482491729741,0.04809342792672929,0.2582402665540049,0.2582402665540049,False
north,43.429,True,True,36,north,north,0.0,5.379114313563306,0.0,-0.6570524595037508,5.404647225175856,0.23516656677374692,5.323407160866182,5.422858141665139,True,True,0.023276979326789404,0.023276979326789404,True,-0.5918301295456216,0.013032746624895052,0.25824026655400273,0.25824026655400273,False
north,43.495,True,True,35,north,north,0.0,5.3350731686444615,0.0,-0.681689171177533,5.367188862868812,0.24450987086996295,5.28166026877354,5.378174802542909,True,True,0.011961350200187515,0.011961350200187515,True,-0.6606908393651444,-0.08196645481561007,0.2582402665539988,0.2582402665539988,False
north,43.561,True,True,35,north,north,0.0,5.289412877569845,0.0,-0.7011407457890018,5.324825261250364,0.24791815167636605,5.227209311489471,5.335465481007314,True,True,0.02355773374378367,0.02355773374378367,True,-0.7063312180575694,-0.034534226032776075,0.25824026655400095,0.25824026655400095,False
north,43.627,True,True,34,north,north,0.0,5.242327253249493,0.0,-0.7185164506880337,5.282122791827342,0.25370235047749257,5.188000067066315,5.287721372916881,True,True,0.018456955030169975,0.018456955030169975,True,-0.6884786867151734,-0.004338923251911146,0.25824026655400273,0.25824026655400273,False
north,43.693,True,True,34,north,north,0.0,5.194093109275725,0.0,-0.7342958882373463,5.239464303247469,0.26043982703984847,5.141559382689921,5.2484340634354725,True,True,0.020710126745730695,0.020710126745730695,True,-0.6791501727929941,0.032038713519721165,0.2582402665539988,0.2582402665539988,False
north,43.759,True,True,33,north,north,0.0,5.145105393454489,0.0,-0.7482532426642408,5.192894600261194,0.2657302448590222,5.079710288562958,5.1938082980633515,True,True,0.016582195125941168,0.016582195125941168,True,-0.7221186450524534,-0.028293097178738152,0.2582402665540049,0.2582402665540049,False
north,43.825,True,True,33,north,north,0.0,5.095428212606994,0.0,-0.7588825572330782,5.146105783866349,0.27060553961764366,5.033779725972487,5.15168981526971,True,True,0.015088784804527022,0.015088784804527022,True,-0.7479019361530928,-0.021564306510179702,0.25824026655400273,0.25824026655400273,False
north,43.891,True,True,33,north,north,0.0,5.045276522947187,0.0,-0.7661108551118145,5.0964514161170875,0.2750067838294442,4.9830385946850635,5.097466310004228,True,True,0.02135491417689217,0.02135491417689217,True,-0.7700868709791002,0.0006681090485903987,0.2582402665539988,0.2582402665539988,False
