side,source_t,scan_exact_match,online_pose_available,selected_points,online_side,truth_side,online_pose_error_m,physical_x_m,physical_y_m,physical_vx_mps,tracker_x_m,tracker_y_m,source_x_lower_m,source_x_upper_m,source_x_valid,source_x_covers_center,source_y_center_m,source_y_error_m,history_valid,causal_vx_mps,causal_vy_mps,velocity_halfwidth_x_mps,velocity_halfwidth_y_mps,future_nine_step_label_available
south,16.039,True,True,33,south,south,0.0,4.868525342851629,0.0,0.773398220422008,4.788958591304276,-0.30164584772813136,4.802882861512083,4.919611948055444,True,True,-0.02567813455303336,-0.02567813455303336,True,0.7192312433093973,-0.031704535998880366,0.2582402665539997,0.2582402665539997,True
south,16.105,True,True,33,south,south,0.0,4.919222942579284,0.0,0.7715215794599439,4.841842273929286,-0.30262842847864185,4.8546271712930515,4.976298301115959,True,True,-0.022384047550805142,-0.022384047550805142,True,0.7353624174329078,0.002773024991956207,0.25824026655400134,0.25824026655400134,True
south,16.171,True,True,33,south,south,0.0,4.970154012309703,0.0,0.7655939902471331,4.896691296441608,-0.3021970627305348,4.9106392871919775,5.031091717041975,True,True,-0.014043380123863414,-0.014043380123863414,True,0.7942824120701252,0.057337249790592265,0.2582402665540035,0.2582402665540035,True
south,16.237,True,True,34,south,south,0.0,5.0207464710906375,0.0,0.7589223426019087,4.951740901826902,-0.3013017871717822,4.967084820522571,5.07091461369625,True,True,-0.01212449587889075,-0.01212449587889075,True,0.8009995498324576,0.07424482340813687,0.2582402665540051,0.2582402665540051,True
south,16.303,True,True,33,south,south,0.0,5.07066991588887,0.0,0.7504119035521883,5.006659006378515,-0.3002743757837937,5.010065678919075,5.12468186546873,True,True,-0.019917709163960517,-0.019917709163960517,True,0.7634353378191311,0.014118029402281945,0.25824026655400184,0.25824026655400184,True
south,16.369,True,True,32,south,south,0.0,5.119921288163463,0.0,0.7409122364472642,5.061413397570619,-0.2992571800004723,5.045613022597572,5.178328742146291,True,True,-0.038556490786826214,-0.038556490786826214,True,0.7146821149232642,-0.12323112920296621,0.25824026655400073,0.25824026655400073,True
south,16.435,True,True,33,south,south,0.0,5.168256075758532,0.0,0.728962695809563,5.116146783542962,-0.29707116165199243,5.113293027435082,5.219340484196962,True,True,-0.016844247436499482,-0.016844247436499482,True,0.7371942822694892,-0.04969399438741274,0.25824026655400184,0.25824026655400184,True
south,16.501,True,True,33,south,south,0.0,5.215876182561418,0.0,0.713977264992609,5.170601147878508,-0.29524508999205157,5.157462062839776,5.273119481347368,True,True,-0.028251459037159976,-0.028251459037159976,True,0.7546922320349978,-0.004983342832230068,0.25824026655400184,0.25824026655400184,True
south,16.567,True,True,34,south,south,0.0,5.262601369568049,0.0,0.6966135039918386,5.2220783636166495,-0.2924009948940128,5.199291904566585,5.311073684398049,True,True,-0.024263467929076632,-0.024263467929076632,True,0.7251662918313682,0.0476846317766478,0.25824026655400073,0.25824026655400073,True
south,16.633,True,True,34,south,south,0.0,5.308164049316974,0.0,0.6795900986781822,5.270176687691308,-0.2831102027520046,5.241147049356929,5.359808206836862,True,True,-0.017555008035429753,-0.017555008035429753,True,0.6702646048960101,0.002811680774684809,0.25824026655400184,0.25824026655400184,True
south,16.699,True,True,35,south,south,0.0,5.352482761906879,0.0,0.6601748368501958,5.318342685819762,-0.27945157254718445,5.292559627355061,5.393802910760866,True,True,-0.018544040207724488,-0.018544040207724488,True,0.6499489765268985,0.054288964215080525,0.25824026655400184,0.25824026655400184,True
south,16.765,True,True,35,south,south,0.0,5.395177200542268,0.0,0.6410140688477961,5.362181033325377,-0.27067485000036307,5.326831592203044,5.439278333008103,True,True,-0.016227283384214863,-0.016227283384214863,True,0.6459396141376278,0.03502957797316716,0.25824026655400073,0.25824026655400073,True
south,16.831,True,True,36,south,south,0.0,5.436832026193123,0.0,0.6175284280484439,5.404604294716412,-0.26182971346073264,5.380698326454044,5.478610671355995,True,True,-0.018984464264511947,-0.018984464264511947,True,0.6475822817757289,-0.002987290702631746,0.25824026655400184,0.25824026655400184,True
south,16.897,True,True,35,south,south,0.0,5.476984529455637,0.0,0.5942478201818124,5.44563307873623,-0.2548845901233042,5.405510525643317,5.523904356590279,True,True,-0.016703332978372898,-0.016703332978372898,True,0.6229970492059965,0.004189304254178381,0.2582402665540032,0.2582402665540032,True
south,16.963,True,True,37,south,south,0.0,5.51553284342286,0.0,0.570160986608057,5.484842051062015,-0.24585179130222112,5.455877440592849,5.557961564842287,True,True,-0.02209712488786708,-0.02209712488786708,True,0.6161311553754002,-0.02322483821942082,0.25824026655400184,0.25824026655400184,True
south,17.029,True,True,37,south,south,0.0,5.552366491558484,0.0,0.5453270298987745,5.522343195680373,-0.23650830336869116,5.490701812534211,5.597934332953113,True,True,-0.029244923011853552,-0.029244923011853552,True,0.5851557319949947,-0.054810860835634634,0.25824026655400073,0.25824026655400073,True
south,17.095,True,True,36,south,south,0.0,5.587351762502069,0.0,0.5189762664835618,5.558944352463812,-0.23136976590328726,5.5224537084767364,5.6318502659606295,True,True,-0.01307989261793241,-0.01307989261793241,True,0.5677760732299204,0.005640186298991741,0.25824026655400184,0.25824026655400184,True
south,17.161,True,True,37,south,south,0.0,5.620642906099044,0.0,0.49030528232740345,5.593155485734178,-0.2245224400232756,5.559649909034067,5.663100731272495,True,True,-0.014583638937723076,-0.014583638937723076,True,0.5245475254275082,0.05864467915811074,0.25824026655400184,0.25824026655400184,True
south,17.227,True,True,36,south,south,0.0,5.652154453984303,0.0,0.46069143157603687,5.624807914812672,-0.218211183044251,5.5790793832871035,5.691961382279646,True,True,-0.016682073517286233,-0.016682073517286233,True,0.4664094894753527,0.05482545782410743,0.25824026655400073,0.25824026655400073,True
south,17.293,True,True,37,south,south,0.0,5.681717397387569,0.0,0.4305253677333498,5.654804055461876,-0.21132630183745485,5.631098150099861,5.7207177950934485,True,True,-0.015606923390037886,-0.015606923390037886,True,0.4854742708545594,-0.01466594984224187,0.25824026655400184,0.25824026655400184,True
south,17.359,True,True,37,south,south,0.0,5.709121176888055,0.0,0.39989967498669454,5.683980691911066,-0.20740047408077272,5.658718810715066,5.750639944360212,True,True,-0.013669228059010385,-0.013669228059010385,True,0.48530266964599267,0.005785428429373507,0.25824026655400184,0.25824026655400184,True
south,17.425,True,True,37,south,south,0.0,5.734397423537006,0.0,0.36824766858228664,5.71046859287533,-0.20248236853056778,5.684567001873405,5.775194058257121,True,True,-0.018427418931714956,-0.018427418931714956,True,0.4725027981615862,-0.004997486230694802,0.25824026655400073,0.25824026655400073,True
south,17.491,True,True,37,south,south,0.0,5.7575940725559365,0.0,0.3353176645807254,5.7342725941573125,-0.1976030392306223,5.704775246941785,5.802950637182462,True,True,-0.01439441615298731,-0.01439441615298731,True,0.3925243347333831,-0.0016979835781103301,0.25824026655400184,0.25824026655400184,True
south,17.557,True,True,37,south,south,0.0,5.778650954116437,0.0,0.3004789141700748,5.755767162582699,-0.19320847328938587,5.706206078408269,5.823894298773789,True,True,-0.018931860279384094,-0.018931860279384094,True,0.3107497653894491,-0.017810445276354038,0.2582402665540051,0.2582402665540051,True
south,17.623,True,True,37,south,south,0.0,5.797391346500891,0.0,0.26539537730481566,5.775509497518431,-0.18922012333326446,5.736165936919401,5.838243888336044,True,True,-0.017165005866740857,-0.017165005866740857,True,0.27751574881255503,-0.001136674138597676,0.25824026655400184,0.25824026655400184,True
south,17.689,True,True,37,south,south,0.0,5.813817550900131,0.0,0.22938001904288186,5.792923671958927,-0.1875446433192129,5.75509079834347,5.8557288226512485,True,True,-0.023478602986918617,-0.023478602986918617,True,0.2678717111248443,-0.038614706195682406,0.25824026655400073,0.25824026655400073,True
south,17.755,True,True,37,south,south,0.0,5.827763227626061,0.0,0.1930545389124605,5.806943498372227,-0.18289074125869734,5.759246238410253,5.868321577230635,True,True,-0.01469599074976935,-0.01469599074976935,True,0.24910008417860474,0.009687896164646072,0.25824026655400184,0.25824026655400184,True
south,17.821,True,True,37,south,south,0.0,5.839250439383092,0.0,0.14542090218175652,5.819614920452873,-0.1809462794687279,5.78115787556465,5.882515788052196,True,True,-0.015865956017491967,-0.015865956017491967,True,0.2155603861593721,0.019211760280145363,0.25824026655400184,0.25824026655400184,True
south,17.887,True,True,36,south,south,0.0,5.848259879751889,0.0,0.07471064909832847,5.829715278144064,-0.18040896597709385,5.785876248100198,5.8859238574712895,True,True,-0.017982952889813553,-0.017982952889813553,True,0.1659449255350528,0.02320755306604908,0.25824026655400073,0.25824026655400073,True
south,17.953,True,True,37,south,south,0.0,5.849447932066517,0.0,0.008314582223780675,5.8378555917387125,-0.18103122055241674,5.7999911996091065,5.887735792038878,True,True,-0.012073881981375378,-0.012073881981375378,True,0.14288179543631474,0.00871110520130331,0.25824026655400184,0.25824026655400184,True
south,18.019,True,True,36,south,south,0.0,5.847312269384311,0.0,-0.04364103399719266,5.840900335691377,-0.1817611810717869,5.781412591756552,5.885513635467938,True,True,-0.013499604771251339,-0.013499604771251339,True,0.019458012802597145,0.019709279768424643,0.2582402665540032,0.2582402665540032,True
south,18.085,True,True,37,south,south,0.0,5.84364125270542,0.0,-0.06664841118487974,5.840468182921643,-0.18061120610154136,5.783767059723824,5.8870601615354134,True,True,-0.027515191082515655,-0.027515191082515655,True,-0.017969255575945083,-0.04548854146664064,0.25824026655400184,0.25824026655400184,True
south,18.151,True,True,37,south,south,0.0,5.838504523812706,0.0,-0.08877772271007167,5.837902195516944,-0.1806173978488628,5.7801568755073385,5.881574344697881,True,True,-0.017574315116894446,-0.017574315116894446,True,-0.05612600022238523,-0.046237705633063245,0.25824026655400073,0.25824026655400073,True
south,18.217,True,True,36,south,south,0.0,5.83193178551473,0.0,-0.11094850917725996,5.831801756104345,-0.1815861451193643,5.767460283354382,5.871712485532773,True,True,-0.015459412996244981,-0.015459412996244981,True,-0.06996695156516863,0.006153714076726783,0.25824026655400184,0.25824026655400184,True
south,18.283,True,True,37,south,south,0.0,5.823939691700468,0.0,-0.13344449500540367,5.823789418525539,-0.18107793545961406,5.759047227855488,5.865596976041094,True,True,-0.009219603116655262,-0.009219603116655262,True,-0.12205113894396018,0.08636616063368273,0.25824026655400184,0.25824026655400184,True
south,18.349,True,True,37,south,south,0.0,5.814399500286573,0.0,-0.15664869521144098,5.814783373365445,-0.18242884707781537,5.7598011894885515,5.857828068972688,True,True,-0.011591733163221485,-0.011591733163221485,True,-0.11123821986553865,0.036647811728194854,0.25824026655400073,0.25824026655400073,True
south,18.415,True,True,36,south,south,0.0,5.803235128913418,0.0,-0.18076875347260213,5.803166120764267,-0.18555142252855572,5.730049816307901,5.842304724272236,True,True,-0.016270201592256117,-0.016270201592256117,True,-0.15717396239121273,-0.007279539143332276,0.25824026655400184,0.25824026655400184,True
south,18.481,True,True,37,south,south,0.0,5.79044773693693,0.0,-0.2068767001886851,5.790774000457641,-0.18736141572426762,5.7374447346321915,5.8349680723053785,True,True,-0.019957460473829625,-0.019957460473829625,True,-0.15300674905919628,-0.05589703106145111,0.25824026655400184,0.25824026655400184,True
south,18.547,True,True,37,south,south,0.0,5.775936109520093,0.0,-0.2345771642522232,5.7759576191693185,-0.1881134000116189,5.720580644350422,5.821853720749754,True,True,-0.014895789532366366,-0.014895789532366366,True,-0.17085334373163058,-0.020605193922739632,0.25824026655400073,0.25824026655400073,True
south,18.613,True,True,37,south,south,0.0,5.7595823310185414,0.0,-0.2641354187625966,5.758739259268156,-0.1891008864084963,5.711595783510084,5.803023967770311,True,True,-0.011577162595076795,-0.011577162595076795,True,-0.1539263710125868,0.02900119383788027,0.25824026655400184,0.25824026655400184,True
south,18.679,True,True,37,south,south,0.0,5.741321151245059,0.0,-0.29441452497092513,5.739644360206636,-0.19007988556933872,5.684265756515374,5.786381978092582,True,True,-0.007978903997939324,-0.007978903997939324,True,-0.2523559324307838,0.05947620661357742,0.2582402665540051,0.2582402665540051,True
south,18.745,True,True,37,south,south,0.0,5.720868135546324,0.0,-0.3256465898801375,5.718804093740418,-0.1919979352359353,5.662170371249278,5.763423961676617,True,True,-0.008775612701488522,-0.008775612701488522,True,-0.29885766151157894,0.033270892560258884,0.25824026655400184,0.25824026655400184,True
south,18.811,True,True,37,south,south,0.0,5.6982127826612725,0.0,-0.3581008245492834,5.6967351283710075,-0.19447257756963374,5.634856946222766,5.743881311935993,True,True,-0.018426722702087894,-0.018426722702087894,True,-0.3429529401870974,-0.03234149852209444,0.25824026655400073,0.25824026655400073,True
south,18.877,True,True,37,south,south,0.0,5.67337697224843,0.0,-0.39200288822588636,5.673714469470127,-0.19809621330158372,5.628399626315384,5.711590206634107,True,True,-0.01676185697358845,-0.01676185697358845,True,-0.3324468028352462,-0.05454540746597987,0.25824026655400184,0.25824026655400184,True
south,18.943,True,True,37,south,south,0.0,5.646335489554907,0.0,-0.4252396505901901,5.647489485170906,-0.19973792860247272,5.593820962926982,5.690573286621009,True,True,-0.017069607502668727,-0.017069607502668727,True,-0.3502641479871078,-0.03517745253794089,0.25824026655400184,0.25824026655400184,True
south,19.009,True,True,37,south,south,0.0,5.617195898429343,0.0,-0.45955028106912543,5.620738309546775,-0.2040606261298953,5.568389885770522,5.660689528879544,True,True,-0.012205765413781378,-0.012205765413781378,True,-0.38225160146028575,0.027810789902786504,0.25824026655400073,0.25824026655400073,True
south,19.075,True,True,37,south,south,0.0,5.585986844868619,0.0,-0.493550400559033,5.5915306694852145,-0.2069816788658072,5.525711559812222,5.625317153594515,True,True,-0.019711034912222147,-0.019711034912222147,True,-0.4713622678228706,-0.006035896556081271,0.25824026655400184,0.25824026655400184,True
south,19.141,True,True,37,south,south,0.0,5.5523154245967055,0.0,-0.5277730953689197,5.560023482572782,-0.20982254422493918,5.493635756325683,5.594739274863455,True,True,-0.01965854606993711,-0.01965854606993711,True,-0.5046275426665889,-0.02313952303067601,0.2582402665540032,0.2582402665540032,True
south,19.207,True,True,37,south,south,0.0,5.5162676186815816,0.0,-0.5603323975056762,5.526824390205398,-0.21287077537419136,5.450616385353985,5.557833246077505,True,True,-0.019547632506397128,-0.019547632506397128,True,-0.5488962362676739,-0.033292594599336436,0.25824026655400184,0.25824026655400184,True
south,19.273,True,True,35,south,south,0.0,5.478094913910085,0.0,-0.5907850412833282,5.491740047364297,-0.21879517292673364,5.411902368180324,5.523256206279393,True,True,-0.018818662367292682,-0.018818662367292682,True,-0.551163497423261,0.004224289694436904,0.25824026655400073,0.25824026655400073,True
south,19.339,True,True,36,south,south,0.0,5.437952161696805,0.0,-0.6209389299790535,5.454613000216287,-0.22269231765849626,5.37148807475967,5.48299821769986,True,True,-0.021752662878079643,-0.021752662878079643,True,-0.5870888433034812,-0.008414212553519835,0.25824026655400184,0.25824026655400184,True
south,19.405,True,True,36,south,south,0.0,5.396038984046105,0.0,-0.648733842185929,5.417125456565118,-0.2280674519260822,5.34291054880593,5.439974802120446,True,True,-0.018282080069074724,-0.018282080069074724,True,-0.573761457208731,0.0013070557593642088,0.25824026655400184,0.25824026655400184,True
south,19.471,True,True,35,south,south,0.0,5.352315606045073,0.0,-0.6748277264921043,5.379184298926487,-0.2371626582774906,5.30166930210643,5.3950805230600976,True,True,-0.019257370144472152,-0.019257370144472152,True,-0.5960812041005425,0.00326433254161608,0.25824026655400073,0.25824026655400073,True
south,19.537,True,True,35,south,south,0.0,5.307032564733234,0.0,-0.6966148551798224,5.337554897640026,-0.24162602562919086,5.241829091147116,5.359039279525534,True,True,-0.020482225390191622,-0.020482225390191622,True,-0.6416585538791573,0.0042970036185860355,0.25824026655400184,0.25824026655400184,True
south,19.603,True,True,35,south,south,0.0,5.260602437147017,0.0,-0.7160060992189532,5.295346036785813,-0.24915632266683116,5.2050689589168,5.30455373806051,True,True,-0.01968174490404795,-0.01968174490404795,True,-0.6936889517735427,-0.008217954167634973,0.25824026655400184,0.25824026655400184,True
south,19.669,True,True,34,south,south,0.0,5.212672521715831,0.0,-0.7318347789642266,5.254502371031304,-0.2578205583654154,5.158125857689375,5.2684004669773765,True,True,-0.027746625246963474,-0.027746625246963474,True,-0.6832698296929275,-0.03737467397171218,0.25824026655400073,0.25824026655400073,True
south,19.735,True,True,34,south,south,0.0,5.1636882076383195,0.0,-0.745011204263899,5.211090182062701,-0.26445427680988093,5.111546970774433,5.214059527691793,True,True,-0.01656479014543455,-0.01656479014543455,True,-0.6885469613104795,0.0055870081687205515,0.25824026655400184,0.25824026655400184,True
south,19.801,True,True,33,south,south,0.0,5.113901519483455,0.0,-0.7561618952372129,5.164102060917208,-0.2701307803142135,5.051298869736697,5.1650441771317785,True,True,-0.020289737518410456,-0.020289737518410456,True,-0.742999073126549,0.014178571603699324,0.2582402665540051,0.2582402665540051,True
south,19.867,True,True,33,south,south,0.0,5.063606439365044,0.0,-0.7652669286799307,5.1169653679596,-0.27467272006820087,5.009779813667737,5.125264284755716,True,True,-0.01278299512551706,-0.01278299512551706,True,-0.7452349472179116,0.06237264089600511,0.25824026655400184,0.25824026655400184,True
south,19.933,True,True,33,south,south,0.0,5.0129326635855636,0.0,-0.7714857778729689,5.067150147225812,-0.2784787873957667,4.949016354692961,5.070553367227202,True,True,-0.024211118682582744,-0.024211118682582744,True,-0.7571282409721225,-0.023382186694773904,0.25824026655400073,0.25824026655400073,True
south,19.999,True,True,33,south,south,0.0,4.962106336917892,0.0,-0.7733589259856588,5.015134000580764,-0.2823155724793184,4.896782952936614,5.018802623004694,True,True,-0.020600953463113192,-0.020600953463113192,True,-0.7710202949127225,-0.018729956653293335,0.25824026655400184,0.25824026655400184,True
south,20.065,True,True,34,south,south,0.0,4.911032885218613,0.0,-0.7714886829124712,4.962772458701312,-0.28409983981565723,4.856223039052619,4.961555988077835,True,True,-0.016940331118169838,-0.016940331118169838,True,-0.799832848377161,-0.013427034482558263,0.25824026655400184,0.25824026655400184,True
south,20.131,True,True,33,south,south,0.0,4.859985233310967,0.0,-0.7674768058289505,4.910300258203299,-0.28612640225792024,4.803910400156444,4.922442691475491,True,True,-0.02474375125657191,-0.02474375125657191,True,-0.7404973027844935,0.003125340337842371,0.25824026655400073,0.25824026655400073,True
south,20.197,True,True,34,south,south,0.0,4.809252917048645,0.0,-0.7625564133352425,4.855029488892036,-0.2870093631489442,4.749083354160581,4.850435973542063,True,True,-0.015454006872872683,-0.015454006872872683,True,-0.7875944547079592,0.011571847927756748,0.25824026655400184,0.25824026655400184,True
south,20.263,True,True,34,south,south,0.0,4.759102202701877,0.0,-0.7555096076822609,4.80148530111105,-0.2869656085367775,4.709317016373614,4.812242130136194,True,True,-0.019603054819391175,-0.019603054819391175,True,-0.7693131862054746,0.001972080727325987,0.25824026655400184,0.25824026655400184,True
south,20.329,True,True,33,south,south,0.0,4.709612501984499,0.0,-0.7473723706271063,4.748289404049445,-0.28695326231342017,4.655367339672723,4.772700970343261,True,True,-0.02596594755301218,-0.02596594755301218,True,-0.7369807015459724,-0.01184187399369603,0.25824026655400073,0.25824026655400073,True
south,20.395,True,True,33,south,south,0.0,4.660880303358334,0.0,-0.73487972330331,4.694126865181733,-0.2872822422872154,4.601742591819491,4.712793619999766,True,True,-0.024517315356051284,-0.024517315356051284,True,-0.7185152910181738,-0.050837603307813485,0.25824026655400184,0.25824026655400184,True
south,20.461,True,True,34,south,south,0.0,4.612610980197421,0.0,-0.7211740525941135,4.641711110609959,-0.2870120331095436,4.5669056134066475,4.671293013752175,True,True,-0.02462321983287319,-0.02462321983287319,True,-0.7300103456437119,-0.020624034611341456,0.2582402665540032,0.2582402665540032,True
south,20.527,True,True,34,south,south,0.0,4.565317088986112,0.0,-0.705756052824098,4.5908866176688585,-0.28587512881332827,4.514762600422474,4.621921363884659,True,True,-0.019872614161175917,-0.019872614161175917,True,-0.7200686528689318,0.027536508634374256,0.25824026655400184,0.25824026655400184,True
south,20.593,True,True,34,south,south,0.0,4.5190664009220765,0.0,-0.6899351293729428,4.541431132859098,-0.284644387009712,4.4756478027860815,4.581824692469532,True,True,-0.023041865436502218,-0.023041865436502218,True,-0.6611407670777388,0.013904477924764477,0.25824026655400073,0.25824026655400073,True
south,20.659,True,True,35,south,south,0.0,4.474046530813577,0.0,-0.6726289631555016,4.496575696788078,-0.27583096648762456,4.426761210903874,4.528908014464916,True,True,-0.01620821373606318,-0.01620821373606318,True,-0.7021209654709215,0.0334481318410663,0.25824026655400184,0.25824026655400184,True
south,20.725,True,True,34,south,south,0.0,4.430319501227997,0.0,-0.653182817733251,4.453635826318028,-0.26765952079915184,4.386667459356627,4.492582852628723,True,True,-0.01984167465902631,-0.01984167465902631,True,-0.6622001718577055,0.01049465182861778,0.25824026655400184,0.25824026655400184,True
south,20.791,True,True,35,south,south,0.0,4.38809324024225,0.0,-0.6314657208469221,4.4102417462307315,-0.26564457927296503,4.346576731024833,4.4505302802638065,True,True,-0.012688477381131658,-0.012688477381131658,True,-0.6496328524881493,0.041555610974466924,0.25824026655400073,0.25824026655400073,True
south,20.857,True,True,32,south,south,0.0,4.347199459570759,0.0,-0.6081148591143526,4.375807128751064,-0.25451167530929275,4.3008113722902666,4.46263596450639,True,True,-0.013750375624498434,-0.013750375624498434,True,-0.49909770182811697,0.022010169109982908,0.25824026655400184,0.25824026655400184,True
south,20.923,True,True,30,south,south,0.0,4.30770646733081,0.0,-0.5841974658990079,4.3451765682303005,-0.2459116864604321,4.263245180767855,4.470648591529933,True,True,-0.02376960841705522,-0.02376960841705522,True,-0.3558555254202058,-0.019463181087051085,0.2582402665540051,0.2582402665540051,True
south,20.989,True,True,29,south,south,0.0,4.269755993245674,0.0,-0.5599642966334262,4.317274877989123,-0.23746153247768143,4.226062957386156,4.449735781672449,True,True,-0.024260467699276922,-0.024260467699276922,True,-0.2980896827189187,-0.06778061173786737,0.25824026655400184,0.25824026655400184,True
south,21.055,True,True,27,south,south,0.0,4.2335969089179954,0.0,-0.5346681641278517,4.292696965696581,-0.2281611514023122,4.1900704348898925,4.445678989611964,True,True,-0.02233430593588326,-0.02233430593588326,True,-0.33423391676028735,-0.03976159123693326,0.25824026655400073,0.25824026655400073,True
south,21.121,True,True,26,south,south,0.0,4.199318931040388,0.0,-0.5079770478677403,4.271620570343366,-0.21459494472337926,4.155400856410553,4.451375266243117,True,True,-0.010808649149716687,-0.010808649149716687,True,-0.31924413900689685,0.06183187812940754,0.25824026655400184,0.25824026655400184,True
south,21.187,True,True,24,south,south,0.0,4.166835782243367,0.0,-0.47969618296576755,4.253079414512302,-0.20234237904117425,4.124963669340889,4.447181232377288,True,True,-0.020195411544319586,-0.020195411544319586,True,-0.2575263741435412,0.03594064431975471,0.25824026655400184,0.25824026655400184,True
south,21.253,True,True,21,south,south,0.0,4.136068197009739,0.0,-0.44956590791943807,4.237567387191306,-0.18968906066662958,4.08971287755221,4.466800939922829,True,True,-0.022049627070780953,-0.022049627070780953,True,-0.20631669849692766,-0.012928372423176121,0.25824026655400073,0.25824026655400073,True
south,21.319,True,True,20,south,south,0.0,4.107285626916558,0.0,-0.41908694011610237,4.223852316740323,-0.17417148198964016,4.0604207378371875,4.47116379083493,True,True,-0.017399862886947504,-0.017399862886947504,True,-0.18273171680893802,-0.03276947990629424,0.25824026655400184,0.25824026655400184,True
south,21.385,True,True,19,south,south,0.0,4.0805112137965285,0.0,-0.3875493548282094,4.209521953181883,-0.1613855684491132,4.04052829097497,4.444062932826181,True,True,-0.013539001270156281,-0.013539001270156281,True,-0.21787145648030315,0.0373015075853386,0.25824026655400184,0.25824026655400184,True
south,21.451,True,True,17,south,south,0.0,4.055974336188082,0.0,-0.35546346668496653,4.197826217556412,-0.1458208786137066,4.013040830571631,4.465171693041644,True,True,-0.009623728779619145,-0.009623728779619145,True,-0.21355847458807176,0.06233114619738849,0.25824026655400073,0.25824026655400073,True
south,21.517,True,True,16,south,south,0.0,4.033608656501871,0.0,-0.32182234006320254,4.186903071352333,-0.1290405496719938,3.990068110411033,4.470647838387981,True,True,-0.00826744232147203,-0.00826744232147203,True,-0.16589730288423066,0.04744323361661152,0.25824026655400184,0.25824026655400184,True
south,21.583,True,True,15,south,south,0.0,4.0136146846070995,0.0,-0.28713367932047706,4.176484618597377,-0.11149307689919315,3.9690982477492653,4.4655827579193375,True,True,-0.0018556627189828534,-0.0018556627189828534,True,-0.12668729485750582,0.055161063805557534,0.2582402665540032,0.2582402665540032,True
south,21.649,True,True,15,south,south,0.0,3.9958092198617794,0.0,-0.25124022549138925,4.165800663139719,-0.09647867366920918,3.9544673362526304,4.4407107134928,True,True,-0.003201494869627397,-0.003201494869627397,True,-0.2084381551014762,0.03890678989767314,0.25824026655400184,0.25824026655400184,True
south,21.715,True,True,13,south,south,0.0,3.9803739840493972,0.0,-0.2149810775918648,4.156400459071867,-0.07940874245605367,3.9351868929385385,4.468076712180958,True,True,-0.0027308499169461653,-0.0027308499169461653,True,-0.16049999012251606,0.023127189489292214,0.25824026655400073,0.25824026655400073,True
south,21.781,True,True,13,south,south,0.0,3.9673425820709562,0.0,-0.1778412469536228,4.147435526607563,-0.06790434863884753,3.929186879964876,4.446576662531083,True,True,0.003740869571370431,0.003740869571370431,True,-0.12777790465444516,0.02615188155112257,0.25824026655400184,0.25824026655400184,True
south,21.847,True,True,13,south,south,0.0,3.9568238694330033,0.0,-0.11676256427420428,4.1395713750524425,-0.05435620338020402,3.9182414383100688,4.446138092536736,True,True,-0.0019978115121846995,-0.0019978115121846995,True,-0.09083001463592194,0.015276923576733974,0.25824026655400184,0.25824026655400184,True
south,21.913,True,True,13,south,south,0.0,3.9500391781349764,0.0,-0.048079244310628155,4.132793663663486,-0.039586835100447346,3.909626494309079,4.443518329255425,True,True,0.009114863339369061,0.009114863339369061,True,-0.12253057296525068,0.04514917982634859,0.25824026655400073,0.25824026655400073,True
south,21.979,True,True,13,south,south,0.0,3.951149269197828,0.0,0.015967494648401193,4.129020969948333,-0.02916357907587997,3.912690857906686,4.444775638779915,True,True,0.012137242999152309,0.012137242999152309,True,-0.05009533690179611,0.05500271990136215,0.25824026655400184,0.25824026655400184,True
south,22.045,True,True,12,south,south,0.0,3.953857832711277,0.0,0.05215601681567206,4.127664314487245,-0.018020296673943413,3.9130001618002948,4.449290173467292,True,True,0.03360460547306798,0.03360460547306798,True,-0.0014741769814826985,0.16640853123566923,0.25824026655400184,0.25824026655400184,True
south,22.111,True,True,13,south,south,0.0,3.958076094433842,0.0,0.07476589225941854,4.128077160341255,-0.014128882232851886,3.9157815060854895,4.44568323525857,True,True,0.010226733814516886,0.010226733814516886,True,0.02256332721185688,0.037580263483878315,0.25824026655400073,0.25824026655400073,True
south,22.177,True,True,13,south,south,0.0,3.9637618407311686,0.0,0.09704463612681513,4.131115260756989,-0.015199467466134918,3.9264845378917275,4.447977981672871,True,True,-0.020836030378981296,-0.020836030378981296,True,0.03800187478065519,-0.18529953301962163,0.25824026655400184,0.25824026655400184,True
south,22.243,True,True,13,south,south,0.0,3.970884650481072,0.0,0.11947301332888793,4.136196184867707,-0.011072147150110075,3.926714768827216,4.461963125109165,True,True,-0.008295012839031002,-0.008295012839031002,True,0.06981852592948788,-0.23751760474211764,0.2582402665540051,0.2582402665540051,True
south,22.309,True,True,13,south,south,0.0,3.979433528395308,0.0,0.14249763663468418,4.143660849759073,-0.013454171878614751,3.9376056664039614,4.468973252361254,True,True,-0.0046614348641266234,-0.0046614348641266234,True,0.11330144442064145,-0.048671952266635725,0.25824026655400184,0.25824026655400184,True
south,22.375,True,True,15,south,south,0.0,3.9895730033795505,0.0,0.16602213340060956,4.152036891609647,-0.0183099145395663,3.9455626557942876,4.448327710417986,True,True,-0.014959401591229438,-0.014959401591229438,True,0.05771557937262048,0.032217370209333164,0.25824026655400073,0.25824026655400073,True
south,22.441,True,True,15,south,south,0.0,4.001371490874081,0.0,0.19063999086411432,4.16191049517471,-0.028155805961846168,3.955745168253025,4.447490959970043,True,True,-0.005802371855170185,-0.005802371855170185,True,0.023474356293273144,-0.004272793599273232,0.25824026655400184,0.25824026655400184,True
south,22.507,True,True,15,south,south,0.0,4.0148368413685995,0.0,0.21703126690197472,4.174130585766419,-0.03605492122834681,3.970106541563192,4.468849787290502,True,True,-0.004395568579117826,-0.004395568579117826,True,0.08066514566381228,0.015082770592554261,0.25824026655400184,0.25824026655400184,True
south,22.573,True,True,16,south,south,0.0,4.0301410785209235,0.0,0.24490157369070342,4.187555702048704,-0.04459720646676687,3.9886222049601727,4.468573183356067,True,True,-0.0037999372801696962,-0.0037999372801696962,True,0.1709358082897914,0.05285635789277472,0.25824026655400073,0.25824026655400073,True
south,22.639,True,True,17,south,south,0.0,4.047124631525554,0.0,0.27506762695760134,4.201132585650067,-0.061454133737756614,4.003569580677621,4.445864775015249,True,True,-0.003887256675682793,-0.003887256675682793,True,0.11881344081208509,0.009607540662742949,0.25824026655400184,0.25824026655400184,True
south,22.705,True,True,17,south,south,0.0,4.066217799611273,0.0,0.3063410770669961,4.216620613001528,-0.07640807599809514,4.022743013559441,4.4689273609116125,True,True,-0.00938046595128006,-0.00938046595128006,True,0.11392507896114204,-0.02279092653333339,0.2582402665540032,0.2582402665540032,True
south,22.771,True,True,20,south,south,0.0,4.0873756336110185,0.0,0.33918185720865246,4.232011446373752,-0.08946033686260917,4.043001022578601,4.4449207580500465,True,True,-0.004637153495946955,-0.004637153495946955,True,0.10182969372378894,-0.012128572610498222,0.25824026655400184,0.25824026655400184,True
south,22.837,True,True,21,south,south,0.0,4.1108448971797795,0.0,0.37162602117956745,4.248329034354361,-0.1044055583991304,4.074083486110749,4.444210660867118,True,True,-0.009132724094113587,-0.009132724094113587,True,0.15365968182771694,-0.016656196666604554,0.25824026655400073,0.25824026655400073,True
south,22.903,True,True,21,south,south,0.0,4.136602491587862,0.0,0.40553642973937265,4.2665424475302185,-0.12006943275128149,4.092329106316982,4.471099472512184,True,True,-0.009239978813401328,-0.009239978813401328,True,0.1860961965330001,-0.006172892703833689,0.25824026655400184,0.25824026655400184,True
south,22.969,True,True,23,south,south,0.0,4.164649374253698,0.0,0.4404680577648845,4.285654720385996,-0.1337494131956211,4.1243719833027574,4.466399314424274,True,True,-0.00901637932834165,-0.00901637932834165,True,0.2679416538988273,-0.020068079115866243,0.25824026655400184,0.25824026655400184,True
south,23.035,True,True,24,south,south,0.0,4.1948749605687325,0.0,0.4759117677965774,4.304872548212647,-0.14974655396515094,4.151007219531333,4.466670796993431,True,True,-0.02055808067725462,-0.02055808067725462,True,0.24658661177162997,-0.05159465191570167,0.25824026655400073,0.25824026655400073,True
south,23.101,True,True,27,south,south,0.0,4.227303326988687,0.0,0.5101499196920756,4.3234239547057856,-0.16579050055805655,4.181990429738708,4.447131103055917,True,True,-0.013970123648551103,-0.013970123648551103,True,0.16968604598038425,-0.03898808462782166,0.25824026655400184,0.25824026655400184,True
south,23.167,True,True,29,south,south,0.0,4.261915152288612,0.0,0.5430107723843536,4.342571141813396,-0.18052773785753515,4.216737939166983,4.4498460661794645,True,True,-0.01720523094399573,-0.01720523094399573,True,0.1809709387334168,-0.027240299724634313,0.25824026655400184,0.25824026655400184,True
south,23.233,True,True,30,south,south,0.0,4.298803077144002,0.0,0.573948136089375,4.363710084430265,-0.1945077199229994,4.253689392414259,4.469637272516071,True,True,-0.02525204114622903,-0.02525204114622903,True,0.2684912255822117,-0.026237861670254273,0.25824026655400073,0.25824026655400073,True
south,23.299,True,True,33,south,south,0.0,4.337866209330489,0.0,0.6030923542169164,4.3833769092750785,-0.20849699682472478,4.293623466208817,4.44982217802326,True,True,-0.02462430026750584,-0.02462430026750584,True,0.30281438931533433,-0.06062021221075384,0.25824026655400184,0.25824026655400184,True
south,23.365,True,True,34,south,south,0.0,4.378856940331624,0.0,0.6322753179714313,4.404755490602901,-0.22231284576978097,4.335621934277779,4.469419212816081,True,True,-0.014038806778483903,-0.014038806778483903,True,0.3299169731393882,0.015343959659483083,0.2582402665540051,0.2582402665540051,True
south,23.431,True,True,35,south,south,0.0,4.421561739887485,0.0,0.6595982887573504,4.427195449896775,-0.23507379029745926,4.379776916070994,4.483496631224981,True,True,-0.014866811761799492,-0.014866811761799492,True,0.3647243560293337,0.06324421460956121,0.25824026655400184,0.25824026655400184,True
south,23.497,True,True,35,south,south,0.0,4.465939761177511,0.0,0.6836440595465465,4.45508459217092,-0.24615530271087158,4.42054005776861,4.527853198171279,True,True,-0.018297944383369624,-0.018297944383369624,True,0.5099054813072331,0.027501610104686148,0.25824026655400073,0.25824026655400073,True
south,23.563,True,True,34,south,south,0.0,4.511709359016261,0.0,0.7040417792040943,4.484614753846547,-0.2592928079758707,4.469015259303149,4.578097678081261,True,True,-0.020288338217008817,-0.020288338217008817,True,0.614647787511791,-0.03360564687446184,0.25824026655400184,0.25824026655400184,True
south,23.629,True,True,35,south,south,0.0,4.558560550968289,0.0,0.720505304495096,4.516612867432668,-0.26980783675727854,4.506432037851376,4.606559728977781,True,True,-0.026476009822437363,-0.026476009822437363,True,0.64232904548793,-0.05578483032659531,0.25824026655400184,0.25824026655400184,True
south,23.695,True,True,34,south,south,0.0,4.606885375067,0.0,0.7343548746573836,4.553397705210385,-0.27918354878698687,4.5616816308043,4.669414706208667,True,True,-0.02432866469255568,-0.02432866469255568,True,0.692415206563619,-0.036787625049979865,0.25824026655400073,0.25824026655400073,True
south,23.761,True,True,33,south,south,0.0,4.65597169717702,0.0,0.7472607840939416,4.592753973659444,-0.28635611300917246,4.600446258712882,4.71268249318885,True,True,-0.024789706214315532,-0.024789706214315532,True,0.6940545558604365,-0.017207210397028296,0.25824026655400184,0.25824026655400184,True
south,23.827,True,True,33,south,south,0.0,4.705743091837995,0.0,0.7579696101234346,4.6368906182585565,-0.2925742038538409,4.654858003563812,4.77307433587328,True,True,-0.0202221525094598,-0.0202221525094598,True,0.7779197975095214,0.027728076389655968,0.25824026655400184,0.25824026655400184,True
south,23.893,True,True,34,south,south,0.0,4.756044760154713,0.0,0.7672713090079419,4.6835392987520885,-0.29724217709484413,4.7074238571670595,4.809993367416218,True,True,-0.01855411616803837,-0.01855411616803837,True,0.7377017047320307,0.03316848375516306,0.25824026655400073,0.25824026655400073,True
south,23.959,True,True,34,south,south,0.0,4.806688957505887,0.0,0.7708857575004391,4.730799197976094,-0.30047615474407047,4.748742432161572,4.85538115528317,True,True,-0.019641940939097435,-0.019641940939097435,True,0.729143478617588,0.02592626085920587,0.25824026655400184,0.25824026655400184,True
south,24.025,True,True,33,south,south,0.0,4.8577105511237395,0.0,0.7715005912333517,4.782495500150015,-0.3021588267363954,4.80255021878966,4.921072608082237,True,True,-0.018471056490063753,-0.018471056490063753,True,0.7377104736105261,0.0063113080108017335,0.2582402665540032,0.2582402665540032,True
south,24.091,True,True,34,south,south,0.0,4.908792195072545,0.0,0.7690495683533705,4.835110225743173,-0.3028559096341736,4.852647374385459,4.962900180359605,True,True,-0.026299875495240932,-0.026299875495240932,True,0.76809865902463,-0.03343392959480945,0.25824026655400184,0.25824026655400184,True
south,24.157,True,True,33,south,south,0.0,4.959682899833672,0.0,0.7658622560507222,4.888348977721118,-0.3023148633813191,4.897489217197523,5.015808108304363,True,True,-0.019106866648796905,-0.019106866648796905,True,0.7723075318519637,-0.00942969111253911,0.25824026655400073,0.25824026655400073,True
south,24.223,True,True,34,south,south,0.0,5.010057436633964,0.0,0.7610325769677306,4.942037353787512,-0.30150454060124426,4.955489397385368,5.058590168466801,True,True,-0.028529837867393826,-0.028529837867393826,True,0.734181808861851,-0.03482323528113078,0.25824026655400184,0.25824026655400184,True
south,24.289,True,True,32,south,south,0.0,5.060028145225464,0.0,0.7531758402922373,4.997169744475067,-0.30040074384444215,4.994329189456461,5.124380844421706,True,True,-0.024338513396981676,-0.024338513396981676,True,0.765355816476964,-0.005361946854271318,0.25824026655400184,0.25824026655400184,True
south,24.355,True,True,33,south,south,0.0,5.109210069386607,0.0,0.742916560185769,5.0522108467192535,-0.29916325483389766,5.049786371252333,5.164956180604001,True,True,-0.02116061042407169,-0.02116061042407169,True,0.7643682932494951,-0.0029847073566849065,0.25824026655400073,0.25824026655400073,True
south,24.421,True,True,34,south,south,0.0,5.157932828355146,0.0,0.7287495275455314,5.107115922330678,-0.2964902728812282,5.108988010506699,5.2083396638758055,True,True,-0.02261199937833991,-0.02261199937833991,True,0.7619521542190703,0.03171427036374525,0.25824026655400184,0.25824026655400184,True
south,24.487,True,True,34,south,south,0.0,5.205822011199418,0.0,0.7157406945720624,5.161920760292961,-0.29383920983617157,5.1548936269149195,5.261799844065941,True,True,-0.01813238923934135,-0.01813238923934135,True,0.7549510862380816,0.026010581088868227,0.2582402665540051,0.2582402665540051,True
south,24.553,True,True,34,south,south,0.0,5.25269726306875,0.0,0.7004611862851506,5.212263492196194,-0.29023097256463276,5.188543880010119,5.297313659916149,True,True,-0.020888956625834898,-0.020888956625834898,True,0.6914475460667857,0.008022078081377015,0.25824026655400184,0.25824026655400184,True
south,24.619,True,True,34,south,south,0.0,5.298482645239246,0.0,0.6853788863630195,5.260181976902976,-0.28397978014397735,5.22446368261548,5.347159683870769,True,True,-0.019349397597013707,-0.019349397597013707,True,0.6303417767095761,0.010653390844674085,0.25824026655400073,0.25824026655400073,True
south,24.685,True,True,34,south,south,0.0,5.342984749798461,0.0,0.6667583966754842,5.30840814332441,-0.2818910149515771,5.278173507881934,5.386842428257047,True,True,-0.03048649213871857,-0.03048649213871857,True,0.6293433500260197,-0.05382234798380352,0.25824026655400184,0.25824026655400184,True
south,24.751,True,True,36,south,south,0.0,5.386148899724484,0.0,0.646807411735022,5.352545941143184,-0.27256719003462876,5.323264083986523,5.427852454915329,True,True,-0.02678309491365838,-0.02678309491365838,True,0.6736133080147569,-0.04366592334117438,0.25824026655400184,0.25824026655400184,True
south,24.817,True,True,36,south,south,0.0,5.42820895246204,0.0,0.6238071771628872,5.396707995210699,-0.26448263702497,5.366325214522351,5.471283075614765,True,True,-0.022416310475482537,-0.022416310475482537,True,0.6697389194814096,-0.008329305167191088,0.25824026655400073,0.25824026655400073,True
south,24.883,True,True,36,south,south,0.0,5.468791117840532,0.0,0.6002551337616246,5.438069078968331,-0.25613136579283746,5.398217465471612,5.510761462173262,True,True,-0.018071789557759677,-0.018071789557759677,True,0.6199853982976832,0.06304680633492801,0.25824026655400184,0.25824026655400184,True
south,24.949,True,True,37,south,south,0.0,5.5078160113510535,0.0,0.5760203551382137,5.478559425642532,-0.24849950906506207,5.459848907142669,5.550394719534473,True,True,-0.02072109356442786,-0.02072109356442786,True,0.642993864267902,0.03413715903850633,0.25824026655400184,0.25824026655400184,True
south,25.015,True,True,37,south,south,0.0,5.545010833898381,0.0,0.5515329510761591,5.517028603639016,-0.24075912594839083,5.489403704957567,5.586144165716386,True,True,-0.022340882967853415,-0.022340882967853415,True,0.6174874550324092,-0.0036712446723952906,0.25824026655400073,0.25824026655400073,True
south,25.081,True,True,37,south,south,0.0,5.580535966693851,0.0,0.5259094880891269,5.553636596239045,-0.23363678193388696,5.529347791305615,5.623836747008864,True,True,-0.023103693830977767,-0.023103693830977767,True,0.6044856636406314,-0.025326518519817993,0.25824026655400184,0.25824026655400184,True
south,25.147,True,True,37,south,south,0.0,5.614275471797686,0.0,0.4979183097150397,5.588835978487918,-0.2276956121974007,5.570659074056224,5.653556628813625,True,True,-0.031898927018311984,-0.031898927018311984,True,0.5451158304686813,-0.051964107916329196,0.2582402665540032,0.2582402665540032,True
south,25.213,True,True,37,south,south,0.0,5.646114961352214,0.0,0.4688421087525363,5.620402923090839,-0.21943620189024818,5.581744760712293,5.689530313220321,True,True,-0.010734279363675214,-0.010734279363675214,True,0.4986460411601102,0.039431178220001785,0.25824026655400184,0.25824026655400184,True
south,25.279,True,True,37,south,south,0.0,5.676124339139059,0.0,0.43831680695413766,5.651084483338144,-0.2134517234709617,5.62870044065551,5.719318706300264,True,True,-0.02224176617464313,-0.02224176617464313,True,0.47845696741412364,0.03598550094491095,0.25824026655400073,0.25824026655400073,True
south,25.345,True,True,36,south,south,0.0,5.7041195238456615,0.0,0.4067539313691704,5.679375552229716,-0.20956172880223672,5.643751645090147,5.747519688060605,True,True,-0.015994283029284406,-0.015994283029284406,True,0.43781133626202107,0.05485825023653862,0.25824026655400184,0.25824026655400184,True
south,25.411,True,True,38,south,south,0.0,5.730002625322889,0.0,0.3745744834981579,5.705830549895185,-0.20228171441502105,5.67947709465676,5.775069088558757,True,True,-0.013729018793931291,-0.013729018793931291,True,0.4492920560936994,-0.004146568402135234,0.25824026655400184,0.25824026655400184,True
south,25.477,True,True,37,south,south,0.0,5.753704246711436,0.0,0.341257143197109,5.7304843288119685,-0.19798294999596897,5.690180599326603,5.794518040053509,True,True,-0.013547023727667473,-0.013547023727667473,True,0.3585707025286204,0.04295377511557562,0.25824026655400073,0.25824026655400073,True
south,25.543,True,True,37,south,south,0.0,5.775142286693324,0.0,0.30779132623694583,5.752886395199884,-0.1938552160894656,5.715718435261437,5.809447267744328,True,True,-0.013661463480837743,-0.013661463480837743,True,0.32714815585578744,0.01087947532061194,0.25824026655400184,0.25824026655400184,True
south,25.609,True,True,37,south,south,0.0,5.794273711256256,0.0,0.2724924063343259,5.773116605666221,-0.1905353095484429,5.742352773482335,5.83951709498679,True,True,-0.01547230917219633,-0.01547230917219633,True,0.3200288783230907,-0.008097440739341587,0.25824026655400184,0.25824026655400184,True
south,25.675,True,True,36,south,south,0.0,5.811008013076207,0.0,0.23635278193150366,5.789730065774418,-0.18808357685960117,5.743745420358727,5.851815230803688,True,True,-0.017969830202143044,-0.017969830202143044,True,0.2949168187956557,-0.02284737138603822,0.25824026655400073,0.25824026655400073,True
south,25.741,True,True,37,south,south,0.0,5.825428409933286,0.0,0.1991557762483387,5.804017228048588,-0.1844831306867765,5.753965445277972,5.861362954285319,True,True,-0.010081034041705572,-0.010081034041705572,True,0.21528702451959744,0.01249055649613575,0.25824026655400184,0.25824026655400184,True
south,25.807,True,True,37,south,south,0.0,5.837378405033087,0.0,0.15810834898517534,5.81717500982936,-0.182753943188506,5.782986198999785,5.8792819916738726,True,True,-0.020734701889354334,-0.020734701889354334,True,0.19769902652611812,-0.011967245440964645,0.2582402665540051,0.2582402665540051,True
south,25.873,True,True,36,south,south,0.0,5.8468664795481295,0.0,0.08777649427087475,5.827669182030652,-0.18262394764369924,5.773662837210945,5.887198358683849,True,True,-0.017488852793325793,-0.017488852793325793,True,0.1839707767481078,-0.013955660032116603,0.25824026655400184,0.25824026655400184,True
south,25.939,True,True,37,south,south,0.0,5.849792940022135,0.0,0.021798718848660137,5.836971971579196,-0.18174294067926983,5.801638035530722,5.892781930890381,True,True,-0.021179843295352607,-0.021179843295352607,True,0.17868765590497843,-0.045531179795321466,0.25824026655400073,0.25824026655400073,True
south,26.005,True,True,36,south,south,0.0,5.848121343049348,0.0,-0.036236080401361725,5.840637960908218,-0.18213691930278442,5.777374807055019,5.882457164197842,True,True,-0.01188803378171277,-0.01188803378171277,True,0.019886448684785476,0.03461971791045124,0.25824026655400184,0.25824026655400184,True
south,26.071,True,True,37,south,south,0.0,5.844889103623318,0.0,-0.060280768956375574,5.840736008051655,-0.18064275364975887,5.800931444558028,5.884157433730697,True,True,-0.009337831775463656,-0.009337831775463656,True,0.028859887889050105,0.05112859479882773,0.25824026655400184,0.25824026655400184,True
south,26.137,True,True,37,south,south,0.0,5.840156817686215,0.0,-0.08293653368513176,5.838527421856574,-0.18030728166687762,5.783943185597466,5.8837202866101395,True,True,-0.01907666726779278,-0.01907666726779278,True,-0.04167619363986898,0.013423833468073645,0.25824026655400073,0.25824026655400073,True
south,26.203,True,True,36,south,south,0.0,5.833916861311602,0.0,-0.10513498385181119,5.8325771179954735,-0.1811143502048576,5.753105249745907,5.875277678960247,True,True,-0.015047834836108831,-0.015047834836108831,True,-0.0846761619100261,-0.029118543417450304,0.25824026655400184,0.25824026655400184,True
south,26.269,True,True,37,south,south,0.0,5.826220186958209,0.0,-0.1280523843960779,5.824722483942477,-0.1803429795289066,5.763429660998692,5.870142827969693,True,True,-0.01668274535720682,-0.01668274535720682,True,-0.14684069050187243,-0.027281679262948215,0.2582402665540032,0.2582402665540032,True
south,26.335,True,True,37,south,south,0.0,5.816990166718891,0.0,-0.15154804206207295,5.815836317540523,-0.18150060811300778,5.764192736531936,5.859850269549493,True,True,-0.016695558843401348,-0.016695558843401348,True,-0.09520593796689256,0.00834608295769127,0.25824026655400184,0.25824026655400184,True
south,26.401,True,True,36,south,south,0.0,5.80622063697704,0.0,-0.17643453395162378,5.8045877396890795,-0.18395497786204582,5.736092124946214,5.8477664745752245,True,True,-0.0134920383180398,-0.0134920383180398,True,-0.10841096245538083,0.007052387981837148,0.25824026655400073,0.25824026655400073,True
south,26.467,True,True,37,south,south,0.0,5.793874653519706,0.0,-0.20209059073233338,5.792358603348058,-0.1854703896317046,5.740846558898866,5.837171180805236,True,True,-0.014550545917733415,-0.014550545917733415,True,-0.15670352602487947,0.014545634611790521,0.25824026655400184,0.25824026655400184,True
south,26.533,True,True,37,south,south,0.0,5.779701437117903,0.0,-0.22956422923045672,5.777280663472276,-0.186554187049539,5.71370053198126,5.825670086269307,True,True,-0.020203664664562804,-0.020203664664562804,True,-0.19686213887115353,-0.017549734944209423,0.25824026655400184,0.25824026655400184,True
south,26.599,True,True,37,south,south,0.0,5.763668949281719,0.0,-0.2576765056597319,5.759748477195157,-0.1879078913890474,5.692105740255064,5.804097731085604,True,True,-0.020450991501572813,-0.020450991501572813,True,-0.22849432272412515,-0.04019693681428543,0.25824026655400073,0.25824026655400073,True
south,26.665,True,True,37,south,south,0.0,5.745612556340323,0.0,-0.28785601005936634,5.740816124521331,-0.1883176224711761,5.673234222034465,5.788866738665337,True,True,-0.017978687939199767,-0.017978687939199767,True,-0.29614960903241916,-0.01595720136577166,0.25824026655400184,0.25824026655400184,True
south,26.731,True,True,37,south,south,0.0,5.725543478309225,0.0,-0.3199613567675419,5.719925584006204,-0.18997916328911132,5.651256856632394,5.771055229004581,True,True,-0.020274501280574397,-0.020274501280574397,True,-0.29187735491033406,0.0034239298702093473,0.25824026655400184,0.25824026655400184,True
south,26.797,True,True,36,south,south,0.0,5.70330080175119,0.0,-0.35363088155663913,5.698822747718865,-0.19479873643376794,5.643433337580354,5.747660125453664,True,True,-0.01938421169813631,-0.01938421169813631,True,-0.2690294696839208,0.0013704940438405817,0.25824026655400073,0.25824026655400073,True
south,26.863,True,True,37,south,south,0.0,5.678978332125711,0.0,-0.38764655236636525,5.675726091764508,-0.1977333306440788,5.613746667603138,5.7173104974932984,True,True,-0.01600228230802425,-0.01600228230802425,True,-0.32147727985837926,0.010332585569643142,0.25824026655400184,0.25824026655400184,True
south,26.929,True,True,36,south,south,0.0,5.652376327498121,0.0,-0.42129405272022247,5.650581295647588,-0.20074338117891227,5.589811789463165,5.69651083111183,True,True,-0.013457433438224586,-0.013457433438224586,True,-0.3545490099420649,0.03611080745024526,0.2582402665540051,0.2582402665540051,True
south,26.995,True,True,37,south,south,0.0,5.623538372926188,0.0,-0.45457701501237846,5.623828950527535,-0.20365633400415326,5.564490514422852,5.667844972367571,True,True,-0.015630248739132102,-0.015630248739132102,True,-0.39470338882744455,0.020919299616382,0.25824026655400184,0.25824026655400184,True
south,27.061,True,True,36,south,south,0.0,5.59227866509454,0.0,-0.4876429842468655,5.595180560003625,-0.2090035981453487,5.527541319428473,5.630730116890961,True,True,-0.025340259411790078,-0.025340259411790078,True,-0.4335941819057369,-0.04573749486697696,0.25824026655400073,0.25824026655400073,True
south,27.127,True,True,36,south,south,0.0,5.558878265420592,0.0,-0.5213912030293022,5.5643024789952245,-0.2135766158199457,5.489800258797057,5.59949737912851,True,True,-0.021802282721361643,-0.021802282721361643,True,-0.5038931806206584,-0.05264327048798361,0.25824026655400184,0.25824026655400184,True
south,27.193,True,True,36,south,south,0.0,5.523285534198988,0.0,-0.554253013816135,5.531899984229011,-0.21723846950174142,5.457347326955562,5.565500049696007,True,True,-0.011942531624994701,-0.011942531624994701,True,-0.5283622187957766,0.022122921261880493,0.25824026655400184,0.25824026655400184,True
south,27.259,True,True,36,south,south,0.0,5.485658317630209,0.0,-0.5860897808125598,5.49799502692709,-0.2213297751809556,5.423882371324473,5.527135655827988,True,True,-0.0360365949883924,-0.0360365949883924,True,-0.52137158240524,-0.03368069035369616,0.25824026655400073,0.25824026655400073,True
south,27.325,True,True,36,south,south,0.0,5.446295408849469,0.0,-0.6149370570957657,5.462942172967583,-0.22629269749208963,5.391823574680404,5.4890163647389265,True,True,-0.025173060908254885,-0.025173060908254885,True,-0.5281836704680444,-0.05182787564254102,0.25824026655400184,0.25824026655400184,True
south,27.391,True,True,36,south,south,0.0,5.404758105974732,0.0,-0.6412107586427807,5.42456062329624,-0.2290166295180533,5.3343058014881946,5.4498221806160725,True,True,-0.023358825650550696,-0.023358825650550696,True,-0.5957092964962507,-0.03543234544928916,0.2582402665540032,0.2582402665540032,True
south,27.457,True,True,35,south,south,0.0,5.361427408344551,0.0,-0.6647210800727787,5.3871769769363675,-0.2366768713513056,5.3088785231798505,5.404839249976108,True,True,-0.012865561933440905,-0.012865561933440905,True,-0.6125853934125526,0.10807171882205871,0.25824026655400184,0.25824026655400184,True
south,27.523,True,True,35,south,south,0.0,5.316515162545965,0.0,-0.6873565452329089,5.347293449488705,-0.241948978991097,5.25513469585498,5.365358043449857,True,True,-0.015394743087076113,-0.015394743087076113,True,-0.6450392494634747,0.06034578360703958,0.25824026655400073,0.25824026655400073,True
south,27.589,True,True,35,south,south,0.0,5.270473964956351,0.0,-0.7077269213299386,5.305312410425223,-0.247066110412184,5.218543772303945,5.315617756300323,True,True,-0.025437483954147022,-0.025437483954147022,True,-0.6387306017811472,-0.01328053949155091,0.25824026655400184,0.25824026655400184,True
south,27.655,True,True,34,south,south,0.0,5.22320878179759,0.0,-0.7264303702224195,5.264338223558357,-0.25575864226950845,5.167020028970811,5.2727625317045925,True,True,-0.022294754408146544,-0.022294754408146544,True,-0.687982460713814,-0.05807623983513266,0.25824026655400184,0.25824026655400184,True
south,27.721,True,True,34,south,south,0.0,5.174811688214718,0.0,-0.7405796230184469,5.222154497204128,-0.26275117079662885,5.12141492185778,5.226818603734256,True,True,-0.016790832105395892,-0.016790832105395892,True,-0.6902701583842886,-0.0015841477408465715,0.25824026655400073,0.25824026655400073,True
south,27.787,True,True,33,south,south,0.0,5.125295706057359,0.0,-0.7520052427038637,5.176058197862705,-0.269246501650998,5.063466925010629,5.178335569159615,True,True,-0.020359261764778647,-0.020359261764778647,True,-0.7338076805950318,0.03142210434978166,0.25824026655400184,0.25824026655400184,True
south,27.853,True,True,33,south,south,0.0,5.07510548620415,0.0,-0.7614271369951586,5.129773690524434,-0.2737136829788421,5.024994444692175,5.138403721274611,True,True,-0.018369182034651765,-0.018369182034651765,True,-0.7087759208694282,0.012436799183487219,0.25824026655400184,0.25824026655400184,True
south,27.919,True,True,33,south,south,0.0,5.024449141500418,0.0,-0.7681236529525926,5.080528759346323,-0.2780388985608467,4.964445963053256,5.084901690373182,True,True,-0.023545017628103238,-0.023545017628103238,True,-0.7386832914395819,-0.02768557096665896,0.25824026655400073,0.25824026655400073,True
south,27.985,True,True,33,south,south,0.0,4.97372752480262,0.0,-0.7718633313996826,5.029070445946364,-0.28146882538895096,4.915187956297679,5.031098012652862,True,True,-0.025901006378049263,-0.025901006378049263,True,-0.758030369848074,-0.033031923383732044,0.25824026655400184,0.25824026655400184,True
south,28.051,True,True,34,south,south,0.0,4.923054292767167,0.0,-0.7720882942888618,4.977079136555873,-0.2835606115135143,4.869060606556471,4.979243264015469,True,True,-0.019610088213525834,-0.019610088213525834,True,-0.794200432318525,-0.009210162555406557,0.2582402665540051,0.2582402665540051,True
south,28.117,True,True,33,south,south,0.0,4.871914354345525,0.0,-0.7685363896939412,4.924905515899247,-0.28633315560517136,4.818066441750448,4.938858311888185,True,True,-0.023153738415319647,-0.023153738415319647,True,-0.7388263619257703,0.011310236064960712,0.25824026655400184,0.25824026655400184,True
south,28.183,True,True,34,south,south,0.0,4.8210444157843915,0.0,-0.764833283608537,4.86978115954612,-0.2870442555225056,4.762421440656277,4.8652462334713915,True,True,-0.017964631634464046,-0.017964631634464046,True,-0.7933590919711506,0.030705263680244736,0.25824026655400073,0.25824026655400073,True
south,28.249,True,True,33,south,south,0.0,4.770620915921845,0.0,-0.7590591770603972,4.815058762579438,-0.2875948146587045,4.708375568085531,4.829802377903446,True,True,-0.020270770311925257,-0.020270770311925257,True,-0.802753676712008,0.004859182554026076,0.25824026655400184,0.25824026655400184,True
south,28.315,True,True,33,south,south,0.0,4.720754786022298,0.0,-0.7517810718222995,4.762164011207671,-0.28786896048286276,4.668280869869099,4.784779177479698,True,True,-0.01902372310729261,-0.01902372310729261,True,-0.7583968537940899,0.015278647343363403,0.25824026655400184,0.25824026655400184,True
south,28.381,True,True,33,south,south,0.0,4.671671864266508,0.0,-0.7408980140899368,4.708142221946761,-0.2876229963299857,4.615055728277664,4.728805557316945,True,True,-0.017747691964497547,-0.017747691964497547,True,-0.7094977759389022,0.002875554870503284,0.25824026655400073,0.25824026655400073,True
south,28.447,True,True,34,south,south,0.0,4.623295639953169,0.0,-0.7272369803750101,4.655977690995195,-0.2874764570060571,4.579687533744578,4.6879235413571205,True,True,-0.016968489170101297,-0.016968489170101297,True,-0.6976510412242604,0.01694374934585902,0.25824026655400184,0.25824026655400184,True
south,28.513,True,True,34,south,south,0.0,4.575640288006835,0.0,-0.7110877617633848,4.605218469080815,-0.2854096461952269,4.526964105818744,4.637691414717692,True,True,-0.0205540143693691,-0.0205540143693691,True,-0.7132301446439309,-0.005775259078535405,0.25824026655400184,0.25824026655400184,True
south,28.579,True,True,34,south,south,0.0,4.529066668401056,0.0,-0.6944855554869278,4.554504490630036,-0.28480274206692474,4.482512020276744,4.587841524201047,True,True,-0.0179261857843801,-0.0179261857843801,True,-0.6996051347846332,-0.006243949483205381,0.25824026655400073,0.25824026655400073,True
south,28.645,True,True,35,south,south,0.0,4.483672605660151,0.0,-0.6769143937749122,4.50880893811118,-0.2780782861495616,4.441435831799968,4.540363664064342,True,True,-0.01790210218496091,-0.01790210218496091,True,-0.7210126619475835,-0.00026213705998482485,0.25824026655400184,0.25824026655400184,True
south,28.711,True,True,35,south,south,0.0,4.439543605368688,0.0,-0.658972484927447,4.463635905043681,-0.2717078863301617,4.390599123230841,4.492262059471659,True,True,-0.013713981823177623,-0.013713981823177623,True,-0.7075280773600828,0.03112754733029386,0.2582402665540032,0.2582402665540032,True
south,28.777,True,True,35,south,south,0.0,4.396820226504826,0.0,-0.6382795875039315,4.421680458092338,-0.26459972316019353,4.352581551743865,4.460785093053307,True,True,-0.020838143707360923,-0.020838143707360923,True,-0.6590144031845974,-0.00689053546539312,0.25824026655400184,0.25824026655400184,True
south,28.843,True,True,33,south,south,0.0,4.3556015843977764,0.0,-0.6157059808998433,4.385289060619762,-0.25567571385531646,4.312296831661709,4.458651492111242,True,True,-0.015023757423367257,-0.015023757423367257,True,-0.5318545864995439,0.002289200606965747,0.25824026655400073,0.25824026655400073,True
south,28.909,True,True,32,south,south,0.0,4.31565328598112,0.0,-0.5917365905580585,4.352339141947568,-0.24594949261745944,4.269123932196038,4.45026060497578,True,True,-0.02299811859239409,-0.02299811859239409,True,-0.40367292243656133,-0.03339094549038765,0.25824026655400184,0.25824026655400184,True
south,28.975,True,True,29,south,south,0.0,4.277255947457145,0.0,-0.5665185037341569,4.32249970206256,-0.23802212457410005,4.2341956885498915,4.44791685459222,True,True,-0.022359321454489156,-0.022359321454489156,True,-0.3373682511866008,-0.018996809712744773,0.25824026655400184,0.25824026655400184,True
south,29.041,True,True,26,south,south,0.0,4.240567507533813,0.0,-0.5407501832302319,4.298197495722722,-0.22974214190250275,4.197984901581364,4.475379126343261,True,True,-0.01845566757672301,-0.01845566757672301,True,-0.25001884967779187,-0.01463171715479124,0.25824026655400073,0.25824026655400073,True
south,29.107,True,True,26,south,south,0.0,4.205765291772166,0.0,-0.5137778624437761,4.2759296928903545,-0.21754866661445876,4.161391439790989,4.444269895310126,True,True,-0.030484881035935163,-0.030484881035935163,True,-0.2650894859315117,-0.028116111292207323,0.25824026655400184,0.25824026655400184,True
south,29.173,True,True,23,south,south,0.0,4.172812010502618,0.0,-0.4858263329026036,4.257667188930103,-0.20533985148908449,4.1310803052748,4.462128698296627,True,True,-0.01277933107645668,-0.01277933107645668,True,-0.25334341782997477,0.025319329810432643,0.2582402665540051,0.2582402665540051,True
south,29.239,True,True,22,south,south,0.0,4.141825583961692,0.0,-0.4553923595585463,4.23994574207597,-0.1949515061698024,4.101002010046204,4.449384825270484,True,True,-0.01556687360761988,-0.01556687360761988,True,-0.2889272040556807,0.03995747252543614,0.25824026655400184,0.25824026655400184,True
south,29.305,True,True,21,south,south,0.0,4.1126870974670275,0.0,-0.42420176459281755,4.22427496376505,-0.18134010546171123,4.068119320431848,4.443562304593267,True,True,-0.012016724627727071,-0.012016724627727071,True,-0.2460312867293443,0.07972261620221287,0.25824026655400073,0.25824026655400073,True
south,29.371,True,True,19,south,south,0.0,4.0855632040157674,0.0,-0.3932532745266437,4.211403716492691,-0.16387003830062133,4.043723892646761,4.470361292979773,True,True,-0.009863356353145059,-0.009863356353145059,True,-0.2091489879744344,0.0186334441664053,0.25824026655400184,0.25824026655400184,True
south,29.437,True,True,18,south,south,0.0,4.060652179388077,0.0,-0.36146716907937027,4.198108637511915,-0.15049611717670805,4.01926743761548,4.448291443388545,True,True,-0.0030227730440398615,-0.0030227730440398615,True,-0.1864244714671024,0.06028131812927603,0.25824026655400184,0.25824026655400184,True
south,29.503,True,True,16,south,south,0.0,4.037877967989149,0.0,-0.32830345646886805,4.1872847002686235,-0.13494916313501343,3.995684470692092,4.46978177535203,True,True,-0.02022088129202737,-0.02022088129202737,True,-0.14028215270112715,-0.026927101036053468,0.25824026655400073,0.25824026655400073,True
south,29.569,True,True,16,south,south,0.0,4.017423399291368,0.0,-0.29360393421362874,4.175943301928535,-0.12002316297793765,3.9727007106462118,4.449130239931237,True,True,-0.008804723906392309,-0.008804723906392309,True,-0.21125404553572785,-0.021245774102619845,0.25824026655400184,0.25824026655400184,True
south,29.635,True,True,15,south,south,0.0,3.999204346167401,0.0,-0.25768101041385716,4.165673369274558,-0.1058370453782902,3.9573920381405383,4.447254022198013,True,True,-0.005353321685267587,-0.005353321685267587,True,-0.1760407253508274,0.006703805245382186,0.25824026655400184,0.25824026655400184,True
south,29.701,True,True,14,south,south,0.0,3.9833436210684696,0.0,-0.2214157631674829,4.155550047440745,-0.09092847695488646,3.9383894482542865,4.440647182250818,True,True,-0.0026821952536509874,-0.0026821952536509874,True,-0.20944980064844532,0.08495069747917194,0.25824026655400073,0.25824026655400073,True
south,29.767,True,True,14,south,south,0.0,3.9698699044308667,0.0,-0.1845518943887825,4.146331176946925,-0.07277971953997577,3.925414245174322,4.4412215721994635,True,True,-0.012784358055026979,-0.012784358055026979,True,-0.1448445677609351,-0.014042084870131985,0.25824026655400184,0.25824026655400184,True
south,29.833,True,True,13,south,south,0.0,3.9589158730420886,0.0,-0.13208001720605544,4.13847288055065,-0.05871628281133492,3.9187567127982947,4.446653749150783,True,True,0.008183782185136823,0.008183782185136823,True,-0.0985663699240498,0.04622598304520867,0.2582402665540032,0.2582402665540032,True
south,29.899,True,True,13,south,south,0.0,3.950611795818386,0.0,-0.0632698959631206,4.131789826506903,-0.04356368222351874,3.9067677225973543,4.446386259468985,True,True,0.0010363049170921679,0.0010363049170921679,True,-0.059752500561366294,0.048672182958171245,0.25824026655400184,0.25824026655400184,True
south,29.965,True,True,12,south,south,0.0,3.9506597000880834,0.0,0.0010460548078894405,4.12750482444703,-0.026902074544170786,3.912412825780953,4.446022624614144,True,True,0.039344354750115884,0.039344354750115884,True,-0.027922409711212598,0.22611918355663987,0.25824026655400073,0.25824026655400073,True
south,30.031,True,True,13,south,south,0.0,3.9529276311451294,0.0,0.04588212040491424,4.126027728228201,-0.019434887217308308,3.912993458973171,4.451252091339177,True,True,-0.0014958223435675988,-0.0014958223435675988,True,0.0013535859231609626,0.014044297343804066,0.25824026655400184,0.25824026655400184,True
south,30.097,True,True,13,south,south,0.0,3.9567559526863585,0.0,0.06895877302530051,4.126341626983748,-0.014614430347836153,3.917344150777127,4.446622916084922,True,True,-0.000845669919691816,-0.000845669919691816,True,0.02897678356392278,-0.0704334872788421,0.25824026655400184,0.25824026655400184,True
south,30.163,True,True,12,south,south,0.0,3.9620638870788567,0.0,0.09152724042924776,4.129545216500876,-0.011267286089728877,3.9203524497405797,4.457918600050867,True,True,0.006877853871185224,0.006877853871185224,True,0.04486993540814336,-0.14658992456502315,0.25824026655400073,0.25824026655400073,True
south,30.229,True,True,13,south,south,0.0,3.9688245109895015,0.0,0.11417024081594507,4.134281076504655,-0.015533940570580176,3.9278259613930913,4.448705419508804,True,True,0.003864974041838498,0.003864974041838498,True,0.03875869295305748,0.036069565071356564,0.25824026655400184,0.25824026655400184,True
south,30.295,True,True,13,south,south,0.0,3.9770671885118247,0.0,0.13733350381708753,4.141058969590587,-0.015120295702762871,3.936821387231402,4.460416354753346,True,True,0.007298831000626005,0.007298831000626005,True,0.07429723975647347,0.032455489290313194,0.25824026655400184,0.25824026655400184,True
south,30.361,True,True,15,south,south,0.0,3.9868548191591837,0.0,0.16107046789685997,4.149236992376403,-0.018310986926051386,3.9485660727457046,4.4443790544650295,True,True,-0.0010938285545093462,-0.0010938285545093462,True,0.04903681313690333,-0.03103210654287257,0.25824026655400073,0.25824026655400073,True
south,30.427,True,True,14,south,south,0.0,3.9983141433938227,0.0,0.18574615868665045,4.15964197663855,-0.02404879440541769,3.95308112492015,4.46437667639655,True,True,-0.007914187448739285,-0.007914187448739285,True,0.08976261096242688,-0.06625779398010356,0.25824026655400184,0.25824026655400184,True
south,30.493,True,True,16,south,south,0.0,4.011464021480968,0.0,0.212400476564365,4.170794032376882,-0.033034616490221214,3.970715173302234,4.447064246909966,True,True,-0.00016484562979146578,-0.00016484562979146578,True,0.06525583999115621,-0.044259679978004264,0.2582402665540051,0.2582402665540051,True
south,30.559,True,True,17,south,south,0.0,4.0264043243495236,0.0,0.2406446691048192,4.183581449751824,-0.0433614955575228,3.988139656685213,4.451269329687444,True,True,-0.011495577668709456,-0.011495577668709456,True,0.10584333059187462,-0.03553925079341334,0.25824026655400184,0.25824026655400184,True
south,30.625,True,True,17,south,south,0.0,4.043138209281831,0.0,0.27045281282096933,4.196994160439176,-0.058198029980145644,3.999979552219033,4.44978258608985,True,True,-0.008883968071275006,-0.008883968071275006,True,0.08980498267955137,-0.02157586955534156,0.25824026655400073,0.25824026655400073,True
south,30.691,True,True,17,south,south,0.0,4.061870149537072,0.0,0.30119406732240783,4.2125621958304365,-0.07213994422169737,4.020247549315451,4.468358437480669,True,True,-0.0033375094229176616,-0.0033375094229176616,True,0.16881276643029108,-0.010464214821128259,0.25824026655400184,0.25824026655400184,True
south,30.757,True,True,18,south,south,0.0,4.082748035132758,0.0,0.33218681109079107,4.2288555369780765,-0.0868100808338845,4.039846582389129,4.465462305416395,True,True,-0.008209704738551982,-0.008209704738551982,True,0.1791996612013854,0.023339511270953774,0.25824026655400184,0.25824026655400184,True
south,30.823,True,True,21,south,south,0.0,4.105886523014321,0.0,0.36544442298676927,4.245132970632965,-0.10030002934201802,4.065752745313573,4.448978163938956,True,True,-0.004990010561622182,-0.004990010561622182,True,0.16031001048510388,0.010317692747460474,0.25824026655400073,0.25824026655400073,True
south,30.889,True,True,22,south,south,0.0,4.13118363989674,0.0,0.3997568244582439,4.26238448202719,-0.1167865512493855,4.092818489730836,4.4438203171412205,True,True,-0.016097393131778603,-0.016097393131778603,True,0.11630339520819113,-0.0531211468934136,0.25824026655400184,0.25824026655400184,True
south,30.955,True,True,22,south,south,0.0,4.158711232332389,0.0,0.43252697155144126,4.281159982665865,-0.13324118095377324,4.114406347863827,4.466796772537358,True,True,-0.011383433867084736,-0.011383433867084736,True,0.18908378439887513,-0.03125540902387123,0.2582402665540032,0.2582402665540032,True
south,31.021,True,True,25,south,south,0.0,4.188375367836427,0.0,0.46373522822635405,4.299388472452662,-0.1489036256800495,4.148410852060726,4.450384854079463,True,True,-0.017165495665744435,-0.017165495665744435,True,0.22481720014553588,-0.04820075158738315,0.25824026655400184,0.25824026655400184,True
south,31.087,True,True,27,south,south,0.0,4.219512706912815,0.0,0.49622933635068645,4.318388215332474,-0.16339488541158675,4.174672367794567,4.449288198445924,True,True,-0.01688424132660249,-0.01688424132660249,True,0.2117862604881138,-0.012337282398684075,0.25824026655400073,0.25824026655400073,True
south,31.153,True,True,27,south,south,0.0,4.253469027159957,0.0,0.530808749493854,4.338608536890852,-0.1796008506904539,4.209167472944761,4.467847254932752,True,True,-0.011890498077853695,-0.011890498077853695,True,0.23681794131006517,-0.001878694383583683,0.25824026655400184,0.25824026655400184,True
south,31.219,True,True,30,south,south,0.0,4.289915639378976,0.0,0.5653036783213805,4.357549398179094,-0.1950157308681805,4.2465203830245,4.443199378537016,True,True,-0.026644710307560104,-0.026644710307560104,True,0.2468381271977293,-0.03552106163136174,0.25824026655400184,0.25824026655400184,True
south,31.285,True,True,32,south,south,0.0,4.328492792633184,0.0,0.597151797664468,4.37930149933144,-0.20642012896224188,4.284997469234101,4.465910776344398,True,True,-0.01902222870119441,-0.01902222870119441,True,0.29814247855910836,-0.03207299144467046,0.25824026655400073,0.25824026655400073,True
south,31.351,True,True,34,south,south,0.0,4.368985301441267,0.0,0.626888729431152,4.398689963447596,-0.2221649142516954,4.328317895409311,4.448564290123435,True,True,-0.014256440728183883,-0.014256440728183883,True,0.27332640680506004,0.0007949297808704062,0.25824026655400184,0.25824026655400184,True
south,31.417,True,True,36,south,south,0.0,4.4111940977340405,0.0,0.6541345987761638,4.420603370329479,-0.2339919946624432,4.3672908670194985,4.46931698634839,True,True,-0.020571662883715702,-0.020571662883715702,True,0.3535137995252727,0.03482565188567168,0.25824026655400184,0.25824026655400184,True
south,31.483,True,True,35,south,south,0.0,4.455094959259108,0.0,0.6787416733909568,4.446425761976215,-0.24511285109519043,4.405835354772884,4.509780106090186,True,True,-0.02434502002850525,-0.02434502002850525,True,0.41958129824912943,-0.033763024450703574,0.25824026655400073,0.25824026655400073,True
south,31.549,True,True,34,south,south,0.0,4.5005682759799415,0.0,0.7001567317180779,4.475783529979168,-0.2573221214961286,4.4564970129410275,4.558994081060977,True,True,-0.017363507374199894,-0.017363507374199894,True,0.6021472218961824,-0.01984023800429983,0.25824026655400184,0.25824026655400184,True
south,31.615,True,True,34,south,south,0.0,4.547574873481881,0.0,0.7178688363297514,4.507759034254046,-0.2683127170058309,4.495171460542201,4.6082472943637605,True,True,-0.014654108258637666,-0.014654108258637666,True,0.6820517710251304,0.03747602504475736,0.2582402665540051,0.2582402665540051,True
south,31.681,True,True,34,south,south,0.0,4.595791590106027,0.0,0.7345911717344356,4.543250773537109,-0.27892410896464603,4.548406722889121,4.65534163052155,True,True,-0.02624970903327062,-0.02624970903327062,True,0.7214593473839088,-0.0045525271192946,0.25824026655400184,0.25824026655400184,True
south,31.747,True,True,32,south,south,0.0,4.644869163066977,0.0,0.7486093243617908,4.582914738137949,-0.2870273004102389,4.58853764777079,4.713589561018397,True,True,-0.01411813448663024,-0.01411813448663024,True,0.7274529870198866,-0.002817397139279382,0.25824026655400073,0.25824026655400073,True
south,31.813,True,True,33,south,south,0.0,4.694574244371673,0.0,0.7606720388061161,4.6259357515468125,-0.29317064672574833,4.641757404034551,4.753927540033247,True,True,-0.015638261859841518,-0.015638261859841518,True,0.7387707748969887,0.013907748095497496,0.25824026655400184,0.25824026655400184,True
south,31.879,True,True,34,south,south,0.0,4.745137360087024,0.0,0.7680008365456636,4.671586401175974,-0.29724822444449855,4.694211051077591,4.8021040537492645,True,True,-0.018928009240923527,-0.018928009240923527,True,0.7358015072175496,0.030977230308832794,0.25824026655400184,0.25824026655400184,True
south,31.945,True,True,33,south,south,0.0,4.795832727231276,0.0,0.7724649041119624,4.719475724722084,-0.3001600481692622,4.735135854547155,4.85408293975732,True,True,-0.0167074360396543,-0.0167074360396543,True,0.728715846443119,-0.016754018242657882,0.25824026655400073,0.25824026655400073,True
south,32.011,True,True,33,south,south,0.0,4.8470247985168236,0.0,0.7724993827672266,4.770389916048226,-0.3014948251416898,4.79028015615921,4.908120660773055,True,True,-0.020281506520165027,-0.020281506520165027,True,0.7583722030840964,-0.017741152696517014,0.2582402665540005,0.2582402665540005,True
south,32.077,True,True,34,south,south,0.0,4.898245612601268,0.0,0.7713008892806439,4.822413683767944,-0.3022748248620034,4.8426021919299895,4.949656377567295,True,True,-0.020057173114740867,-0.020057173114740867,True,0.7553124368477951,-0.010547821366610489,0.25824026655400206,0.25824026655400206,True
south,32.143,True,True,34,south,south,0.0,4.949214811759104,0.0,0.7682075311838554,4.876457901968435,-0.3017952489890504,4.897033728688148,5.002733321768799,True,True,-0.01957803131405289,-0.01957803131405289,True,0.7768958492594265,-0.01270826123904808,0.2582402665540049,0.2582402665540049,True
south,32.209,True,True,34,south,south,0.0,4.999836734612729,0.0,0.764272708436522,4.929456381114172,-0.3019100217508642,4.9382730280337785,5.044496744598369,True,True,-0.022812217303819993,-0.022812217303819993,True,0.7277389000449277,-0.010777258409510644,0.25824026655400273,0.25824026655400273,True
south,32.275,True,True,32,south,south,0.0,5.050008961365796,0.0,0.7566918719484672,4.984120902734364,-0.3003340416232096,4.979800653237595,5.111508993058287,True,True,-0.01142099519896178,-0.01142099519896178,True,0.7425423883113507,0.03435507235995341,0.2582402665539988,0.2582402665539988,True
south,32.341,True,True,34,south,south,0.0,5.099352243972235,0.0,0.7466182234276042,5.040179550860445,-0.29904016437357267,5.044920545664634,5.1519585807994615,True,True,-0.025737087955683635,-0.025737087955683635,True,0.7574818952160461,-0.010736284575810497,0.25824026655400095,0.25824026655400095,True
south,32.407,True,True,34,south,south,0.0,5.148315954711978,0.0,0.734370919270817,5.095946348513518,-0.29749901823668384,5.098779848776234,5.196690200113045,True,True,-0.023099325380840363,-0.023099325380840363,True,0.7906593249542674,-0.02299608634512771,0.25824026655400534,0.25824026655400534,True
south,32.473,True,True,33,south,south,0.0,5.196515950092822,0.0,0.7203293295458302,5.149997728092893,-0.2951617828105948,5.14480222097822,5.251284692909721,True,True,-0.022250174841236148,-0.022250174841236148,True,0.7673657009101279,-0.04522693386663695,0.2582402665540049,0.2582402665540049,True
south,32.539,True,True,34,south,south,0.0,5.243703373152088,0.0,0.7041560304637029,5.201235134143517,-0.2908444529661598,5.179998325060895,5.288301075799271,True,True,-0.01847097674554965,-0.01847097674554965,True,0.6930891577173224,0.034314369954554634,0.25824026655400273,0.25824026655400273,True
south,32.605,True,True,35,south,south,0.0,5.289749915290033,0.0,0.6871553415628728,5.2502075980238665,-0.28269310094533184,5.224282882007785,5.337674486587136,True,True,-0.015632435784283305,-0.015632435784283305,True,0.6603594288554143,0.039666464977814335,0.2582402665539988,0.2582402665539988,True
south,32.671,True,True,35,south,south,0.0,5.3345666866303585,0.0,0.6690104282369491,5.300470584113095,-0.28138228059980086,5.27336103294384,5.377856380862116,True,True,-0.017769534074020377,-0.017769534074020377,True,0.6507950511278806,0.024667368580172207,0.25824026655400095,0.25824026655400095,True
south,32.737,True,True,36,south,south,0.0,5.378012986698028,0.0,0.6491517605188202,5.346240337366742,-0.27384225668509393,5.333167838532958,5.419946026707511,True,True,-0.022109730477022027,-0.022109730477022027,True,0.7149268472363189,-0.019777817400234165,0.25824026655400273,0.25824026655400273,True
south,32.803,True,True,36,south,south,0.0,5.419945190591752,0.0,0.6270868847631084,5.3907390411264835,-0.26433170599909456,5.376919723921377,5.465266400221808,True,True,-0.020167451357765986,-0.020167451357765986,True,0.7140778167267445,-0.02718976230825743,0.2582402665539988,0.2582402665539988,True
south,32.869,True,True,36,south,south,0.0,5.4606665288644844,0.0,0.6033577696400849,5.433684890096805,-0.25671717682691036,5.409975035901773,5.504780759809112,True,True,-0.017224744693304817,-0.017224744693304817,True,0.6664298519829627,0.005419162517276706,0.2582402665540049,0.2582402665540049,True
south,32.935,True,True,36,south,south,0.0,5.499874167183635,0.0,0.579444117389416,5.473683732862873,-0.24992454282593018,5.438526609944585,5.542683201972641,True,True,-0.020792831788073785,-0.020792831788073785,True,0.5733769027257289,0.010444549592887337,0.25824026655400273,0.25824026655400273,True
south,33.001,True,True,36,south,south,0.0,5.537419904534027,0.0,0.5545008162295995,5.510683972415529,-0.2401215817167346,5.474528079966099,5.581191358431177,True,True,-0.013109098087252025,-0.013109098087252025,True,0.5356469386125785,0.026677231389049053,0.2582402665539988,0.2582402665539988,True
south,33.067,True,True,36,south,south,0.0,5.573181114402258,0.0,0.5293291570134695,5.547032185552676,-0.23377154947788328,5.513566584297051,5.61765644460006,True,True,-0.016556254553142913,-0.016556254553142913,True,0.5484176712414631,0.014680612305010665,0.25824026655400095,0.25824026655400095,True
south,33.133,True,True,36,south,south,0.0,5.607126005818333,0.0,0.5018950541249989,5.581835271273937,-0.22854443487682105,5.551213692926923,5.6487077801119305,True,True,-0.01737199910807863,-0.01737199910807863,True,0.5542716468672072,0.01032627511226354,0.25824026655400273,0.25824026655400273,True
south,33.199,True,True,37,south,south,0.0,5.639252130114624,0.0,0.4731227048630604,5.614471679639341,-0.22170994168049585,5.58508933525676,5.68342257114232,True,True,-0.017847096576203758,-0.017847096576203758,True,0.5356635213236001,-0.022772333366349953,0.2582402665539988,0.2582402665539988,True
south,33.265,True,True,36,south,south,0.0,5.6695385632964195,0.0,0.4428408637260439,5.644624152542777,-0.21611856587973166,5.604314083515382,5.713340289955294,True,True,-0.01036809512784942,-0.01036809512784942,True,0.47567005081888336,0.02740815273902365,0.2582402665540049,0.2582402665540049,True
south,33.331,True,True,37,south,south,0.0,5.697890725439442,0.0,0.4124703118024886,5.673256128796158,-0.2100133898704099,5.645412118422478,5.7414872455933175,True,True,-0.022151081153546914,-0.022151081153546914,True,0.46217889394123096,-0.010391279830379995,0.25824026655400273,0.25824026655400273,True
south,33.397,True,True,37,south,south,0.0,5.724190554396567,0.0,0.38098552349073334,5.699040849316371,-0.20335402985677167,5.663928358403497,5.767432954501044,True,True,-0.01919242011616784,-0.01919242011616784,True,0.4225706136829574,-0.02396811612968148,0.2582402665539988,0.2582402665539988,True
south,33.463,True,True,37,south,south,0.0,5.748285760556804,0.0,0.3487003550555601,5.7224176671977975,-0.19656890842570435,5.66792940114389,5.792548986683747,True,True,-0.017310655375323614,-0.017310655375323614,True,0.3582833272421448,-0.02707427228036961,0.25824026655400095,0.25824026655400095,True
south,33.529,True,True,37,south,south,0.0,5.770117950435975,0.0,0.3149596545556532,5.745962061709615,-0.19358208678063626,5.725292804438932,5.8107967123225075,True,True,-0.013289672099725203,-0.013289672099725203,True,0.36112691906062216,0.04313029076107459,0.25824026655400273,0.25824026655400273,True
south,33.595,True,True,37,south,south,0.0,5.789737240007371,0.0,0.27988474546350783,5.767236546151856,-0.19129152674694494,5.7428543290065335,5.830900425477889,True,True,-0.015305024729542427,-0.015305024729542427,True,0.3809026164192739,0.02376237793253767,0.2582402665539988,0.2582402665539988,True
south,33.661,True,True,36,south,south,0.0,5.807093534146916,0.0,0.24392994308955807,5.784931033282954,-0.18941000154108167,5.738310846717958,5.85170263376621,True,True,-0.022780810828187392,-0.022780810828187392,True,0.3229322088580123,-0.02791790755819491,0.2582402665540049,0.2582402665540049,True
south,33.727,True,True,37,south,south,0.0,5.82208553007366,0.0,0.20785589713356423,5.800590820000779,-0.1855153133558835,5.764388115767098,5.862207837524004,True,True,-0.01164439596640332,-0.01164439596640332,True,0.21801366332480027,-0.003848420755575612,0.25824026655400534,0.25824026655400534,True
south,33.793,True,True,36,south,south,0.0,5.834598487661902,0.0,0.17078439412592683,5.813039345203976,-0.18338713533056403,5.758244065401909,5.874675772905812,True,True,-0.016122155879081723,-0.016122155879081723,True,0.16218009414911375,0.013159123353281047,0.25824026655400095,0.25824026655400095,True
south,33.859,True,True,37,south,south,0.0,5.844650667349153,0.0,0.10488528633743943,5.823680080475377,-0.1807943796700285,5.782962643514844,5.884619762225244,True,True,-0.01653448050607953,-0.01653448050607953,True,0.18108383392756153,0.021607925838854958,0.25824026655400273,0.25824026655400273,True
south,33.925,True,True,37,south,south,0.0,5.849882634991116,0.0,0.03701589108821235,5.833563899296481,-0.1810754841223736,5.812882962290247,5.89274179988139,True,True,-0.019579228730754017,-0.019579228730754017,True,0.20587045005603727,-0.03669215593946935,0.2582402665539988,0.2582402665539988,True
south,33.991,True,True,36,south,south,0.0,5.848501623424995,0.0,-0.025895442830132787,5.838246268678131,-0.18126229016501366,5.7836980500768105,5.886992690402099,True,True,-0.018014321492119678,-0.018014321492119678,True,0.11466292647357235,-0.013214007672406426,0.2582402665540049,0.2582402665540049,True
south,34.057,True,True,37,south,south,0.0,5.845522426429857,0.0,-0.05609362751401559,5.839384207085193,-0.17929463127658737,5.791367701566593,5.887502131278837,True,True,-0.014058475187021968,-0.014058475187021968,True,-0.0008119245278038371,0.013625641205768748,0.25824026655400273,0.25824026655400273,True
south,34.123,True,True,37,south,south,0.0,5.841052804649385,0.0,-0.07872531058090715,5.838150997085098,-0.1784565630726701,5.783210732475507,5.885115846211449,True,True,-0.016840130259245245,-0.016840130259245245,True,-0.07857231673296919,0.01844415412064286,0.2582402665539988,0.2582402665539988,True
south,34.189,True,True,36,south,south,0.0,5.835126657312292,0.0,-0.10096410351640106,5.832859966986147,-0.1790862685495481,5.758519760882429,5.876071075327348,True,True,-0.024893033109359197,-0.024893033109359197,True,-0.09003255073172153,-0.035481499884760494,0.25824026655400095,0.25824026655400095,True
south,34.255,True,True,37,south,south,0.0,5.8277510601635285,0.0,-0.12355226684838794,5.825464932500246,-0.1782595869835004,5.754223624981578,5.8718150913979175,True,True,-0.019951525802347825,-0.019951525802347825,True,-0.14562809990528994,-0.03898796166074418,0.25824026655400273,0.25824026655400273,True
south,34.321,True,True,37,south,south,0.0,5.818909952338099,0.0,-0.1464321333303431,5.816960706196197,-0.17947688646461119,5.768577946566602,5.861122215385938,True,True,-0.011877649457344819,-0.011877649457344819,True,-0.09426618941934349,0.030043863201078456,0.2582402665539988,0.2582402665539988,True
south,34.387,True,True,36,south,south,0.0,5.808446716593149,0.0,-0.17051053067570265,5.806077408331917,-0.18182740467348832,5.740244312303522,5.853290223163733,True,True,-0.012936185068423645,-0.012936185068423645,True,-0.09053595201100198,0.06658245525425702,0.2582402665540049,0.2582402665540049,True
south,34.453,True,True,37,south,south,0.0,5.7963617319341525,0.0,-0.1958189332261373,5.794203437920492,-0.18300005966611566,5.743190528823399,5.837833936066652,True,True,-0.00914659233299353,-0.00914659233299353,True,-0.1297033189042599,0.04750949211664167,0.25824026655400273,0.25824026655400273,True
south,34.519,True,True,36,south,south,0.0,5.782545999488797,0.0,-0.2228838067088601,5.780282961303644,-0.1863008698352798,5.7096312860397385,5.82564679050023,True,True,-0.018911808969728328,-0.018911808969728328,True,-0.22407297485978983,-0.026231645154120676,0.2582402665539988,0.2582402665539988,True
south,34.585,True,True,37,south,south,0.0,5.76699953776055,0.0,-0.2514450508616095,5.765810321658315,-0.1892775261091306,5.72057062155786,5.809387250224725,True,True,-0.009948818785750269,-0.009948818785750269,True,-0.17914877227582957,-0.0012168451344151184,0.25824026655400095,0.25824026655400095,True
south,34.651,True,True,36,south,south,0.0,5.749594568254857,0.0,-0.2817191115100215,5.747232621143808,-0.19197795390902334,5.676833093582115,5.794296193336824,True,True,-0.02534166966552609,-0.02534166966552609,True,-0.2537922262656926,-0.0600336997176049,0.25824026655400273,0.25824026655400273,True
south,34.717,True,True,38,south,south,0.0,5.7300213228019405,0.0,-0.31298572875622543,5.727803733372956,-0.19253924466209754,5.675593999944881,5.7706181249686415,True,True,-0.01482269097620803,-0.01482269097620803,True,-0.2469897270780153,-0.004735601362447784,0.2582402665539988,0.2582402665539988,True
south,34.783,True,True,37,south,south,0.0,5.708274997698559,0.0,-0.3453982505946618,5.707829613714786,-0.19633984834780596,5.666016650285646,5.7515535167877685,True,True,-0.01905022728283623,-0.01905022728283623,True,-0.27430323949464497,-0.025432192124152708,0.2582402665540049,0.2582402665540049,True
south,34.849,True,True,36,south,south,0.0,5.684327873602989,0.0,-0.37835236480287193,5.684917385867595,-0.2003736244777411,5.622745790789562,5.729341068758889,True,True,-0.014658639459990908,-0.014658639459990908,True,-0.29224942420574307,0.04215387016663271,0.25824026655400534,0.25824026655400534,True
south,34.915,True,True,37,south,south,0.0,5.6581358630403935,0.0,-0.41284322745574364,5.660278486687113,-0.20296485682841908,5.598266424017451,5.698746935186199,True,True,-0.01830252231913454,-0.01830252231913454,True,-0.38869667019286624,-0.009163494251416054,0.25824026655400095,0.25824026655400095,True
south,34.981,True,True,37,south,south,0.0,5.629774498831103,0.0,-0.44669582852863154,5.632613424434074,-0.2040569591549015,5.56631859508692,5.673309092178089,True,True,-0.013142465654559676,-0.013142465654559676,True,-0.44613707558334076,0.021332427311645166,0.25824026655400273,0.25824026655400273,True
south,35.047,True,True,37,south,south,0.0,5.599256465124073,0.0,-0.48110571556820414,5.604919305488937,-0.20747977336039844,5.557002433648256,5.641942440681995,True,True,-0.018250078642566447,-0.018250078642566447,True,-0.39152396029790376,-0.00850645588356279,0.2582402665539988,0.2582402665539988,True
south,35.113,True,True,37,south,south,0.0,5.566603981248958,0.0,-0.514129513592585,5.574564664821631,-0.2106006635436277,5.506733863990525,5.612773224395704,True,True,-0.01812028524809073,-0.01812028524809073,True,-0.4342436555962315,-0.006910457234659131,0.2582402665540049,0.2582402665540049,True
south,35.179,True,True,37,south,south,0.0,5.531448045025387,0.0,-0.54640922103522,5.54237380218096,-0.21357744870610992,5.477614945602021,5.576344346386062,True,True,-0.012577019314340743,-0.012577019314340743,True,-0.4821537664960633,0.0027668672956561837,0.25824026655400273,0.25824026655400273,True
south,35.245,True,True,36,south,south,0.0,5.4941744152867615,0.0,-0.5776480424892538,5.509536631964375,-0.21997610504841286,5.443203888275725,5.534687248150555,True,True,-0.01922948298086158,-0.01922948298086158,True,-0.5520522803864077,0.003947049877068381,0.2582402665539988,0.2582402665539988,True
south,35.311,True,True,36,south,south,0.0,5.454853973704649,0.0,-0.6086607982543457,5.473027217195019,-0.2230881874713302,5.388437610541688,5.498141887859872,True,True,-0.014093160185138509,-0.014093160185138509,True,-0.5870082769059202,0.008225623518691463,0.25824026655400095,0.25824026655400095,True
south,35.377,True,True,36,south,south,0.0,5.41363094957438,0.0,-0.6374980654847295,5.435689918128812,-0.22785599148228447,5.357149610789927,5.459718244468463,True,True,-0.021370633696035868,-0.021370633696035868,True,-0.6080196577377209,-0.03218866719600297,0.25824026655400273,0.25824026655400273,True
south,35.443,True,True,35,south,south,0.0,5.37072671964363,0.0,-0.6630194803973621,5.39649403152458,-0.23442398049300145,5.309445927500565,5.412860014320015,True,True,-0.01464167864639554,-0.01464167864639554,True,-0.6336872931517156,0.009827181049242958,0.2582402665539988,0.2582402665539988,True
south,35.509,True,True,35,south,south,0.0,5.326447386850198,0.0,-0.684990329231967,5.360125875699584,-0.2452265986451396,5.280982066305612,5.370009578608717,True,True,-0.01631854169590563,-0.01631854169590563,True,-0.60706475295417,8.00159353613367e-05,0.2582402665540049,0.2582402665540049,True
south,35.575,True,True,35,south,south,0.0,5.280377027554973,0.0,-0.7045988234747202,5.318785762993572,-0.25095312374053613,5.22567355101291,5.32714952815673,True,True,-0.020195162413050416,-0.020195162413050416,True,-0.6541277463427967,0.0028023496961297224,0.25824026655400273,0.25824026655400273,True
south,35.641,True,True,34,south,south,0.0,5.232997656928863,0.0,-0.723227279699854,5.277022800813426,-0.2587850778036849,5.187520103897409,5.279128534949274,True,True,-0.02109248040888867,-0.02109248040888867,True,-0.6554094505048261,-0.035195493946400216,0.2582402665539988,0.2582402665539988,True
south,35.707,True,True,33,south,south,0.0,5.184551278564605,0.0,-0.7392753839898525,5.232569816367577,-0.26437618922096373,5.122706842316801,5.238164519828265,True,True,-0.02880908335150545,-0.02880908335150545,True,-0.7246479459323908,-0.05813476206460321,0.25824026655400095,0.25824026655400095,True
south,35.773,True,True,33,south,south,0.0,5.135286642422855,0.0,-0.7520862598234768,5.1873015289181925,-0.2704322749692159,5.0819696060116355,5.191751748657615,True,True,-0.01878281223065803,-0.01878281223065803,True,-0.7144564016687774,-0.0052720490839989085,0.25824026655400273,0.25824026655400273,True
south,35.839,True,True,32,south,south,0.0,5.0855687457281835,0.0,-0.7611008992802848,5.140162405310916,-0.2752546394141855,5.021604985398683,5.151622539404671,True,True,-0.026644267959424206,-0.026644267959424206,True,-0.7328889012165143,-0.010044078076907215,0.2582402665539988,0.2582402665539988,True
south,35.905,True,True,34,south,south,0.0,5.035089051016031,0.0,-0.7663595131259315,5.0903360871972,-0.279084039174733,4.9797924399338545,5.084370728968811,True,True,-0.02113174421777242,-0.02113174421777242,True,-0.7504684921159834,0.022985699503687375,0.2582402665540049,0.2582402665540049,True
south,35.971,True,True,33,south,south,0.0,4.984227852088854,0.0,-0.7695491231997931,5.0396413351761735,-0.28197087584432196,4.921686152130087,5.044992322985319,True,True,-0.018413860438734164,-0.018413860438734164,True,-0.7804492383047323,0.010029362299127136,0.25824026655400534,0.25824026655400534,True
south,36.037,True,True,34,south,south,0.0,4.933181453630843,0.0,-0.7702161827934395,4.988368574264827,-0.28465349513319993,4.88239892850734,4.99193621986413,True,True,-0.021749543725109732,-0.021749543725109732,True,-0.7531528962749361,0.026366752245426815,0.25824026655400095,0.25824026655400095,True
south,36.103,True,True,32,south,south,0.0,4.882213076323354,0.0,-0.7696007136656613,4.93536502287157,-0.2865712325635067,4.814949915859189,4.950038125302347,True,True,-0.022361334249700326,-0.022361334249700326,True,-0.7499005378540305,-0.010643111185090188,0.25824026655400273,0.25824026655400273,True
south,36.169,True,True,34,south,south,0.0,4.831497875244175,0.0,-0.7658191200773956,4.880913967644514,-0.2869822243203471,4.775589164433153,4.883639889738915,True,True,-0.019899703505048216,-0.019899703505048216,True,-0.7815874015454078,-0.0076807874598985425,0.2582402665539988,0.2582402665539988,True
south,36.235,True,True,33,south,south,0.0,4.781281556104412,0.0,-0.760456057138561,4.826779876175522,-0.2872752858130438,4.722131603417352,4.838860031107216,True,True,-0.025208977551515743,-0.025208977551515743,True,-0.7922647943410459,-0.011994955658433632,0.2582402665540049,0.2582402665540049,True
south,36.301,True,True,34,south,south,0.0,4.7314810712538335,0.0,-0.7521863964293196,4.772888728060606,-0.2872336044572514,4.681645970667201,4.7840618374552655,True,True,-0.027642801208124124,-0.027642801208124124,True,-0.7546046354278079,-0.032051022608695724,0.25824026655400273,0.25824026655400273,True
south,36.367,True,True,33,south,south,0.0,4.682004382707144,0.0,-0.7412503360474609,4.7195305909450385,-0.28757334911706284,4.628339283371589,4.740177806991598,True,True,-0.022982390383211482,-0.022982390383211482,True,-0.7328937256278334,-0.01769982468348287,0.2582402665539988,0.2582402665539988,True
south,36.433,True,True,33,south,south,0.0,4.63325342882345,0.0,-0.7288671185417961,4.667991879345327,-0.28759992993964145,4.5881910928388665,4.6942305627001435,True,True,-0.03320457456511894,-0.03320457456511894,True,-0.7067429202393587,-0.029282394266511393,0.25824026655400095,0.25824026655400095,True
south,36.499,True,True,33,south,south,0.0,4.5854316216586435,0.0,-0.714848267490451,4.616456194843308,-0.28690403149551696,4.535849509096319,4.653187569016316,True,True,-0.021880031702087854,-0.021880031702087854,True,-0.6940209279194478,0.01070624899424436,0.25824026655400273,0.25824026655400273,True
south,36.565,True,True,34,south,south,0.0,4.53878124269814,0.0,-0.6997379213176735,4.566000075943192,-0.2825663358960996,4.483575498032586,4.591209687479322,True,True,-0.017089770334977383,-0.017089770334977383,True,-0.7383184030153135,0.043943034860201076,0.2582402665539988,0.2582402665539988,True
south,36.631,True,True,35,south,south,0.0,4.49328971368428,0.0,-0.6820035193287666,4.51839132256591,-0.2785235002936575,4.447451296118847,4.546105592716425,True,True,-0.017280306277411284,-0.017280306277411284,True,-0.7430652975090513,0.07964100943974808,0.2582402665540049,0.2582402665540049,True
south,36.697,True,True,36,south,south,0.0,4.4490588971608025,0.0,-0.6614923741411927,4.4725549838239,-0.271352437390071,4.4038305347535545,4.504008258428025,True,True,-0.017807590987504063,-0.017807590987504063,True,-0.7006235995983267,0.018222403335328895,0.25824026655400273,0.25824026655400273,True
south,36.763,True,True,35,south,south,0.0,4.405906055928945,0.0,-0.6400670200280212,4.4287388277088215,-0.2654350174722766,4.361624364216765,4.469147228152289,True,True,-0.012895359413820695,-0.012895359413820695,True,-0.6195142993047328,0.018266587959661944,0.2582402665539988,0.2582402665539988,True
south,36.829,True,True,33,south,south,0.0,4.364159568056163,0.0,-0.6191054448617139,4.391132017128872,-0.259163289327976,4.323576969281555,4.462419260461915,True,True,-0.01678528375724342,-0.01678528375724342,True,-0.5301130137029816,0.009692877476040437,0.25824026655400095,0.25824026655400095,True
south,36.895,True,True,32,south,south,0.0,4.323913968797145,0.0,-0.5970671276363237,4.35671038855156,-0.2501000825169657,4.2770741315751835,4.447995885001932,True,True,-0.022826923026265544,-0.022826923026265544,True,-0.44930431245376556,-0.02870897039349655,0.25824026655400273,0.25824026655400273,True
south,36.961,True,True,30,south,south,0.0,4.285253551258895,0.0,-0.5735982505309511,4.327033545144935,-0.24086805780310247,4.242350088167944,4.449803302799193,True,True,-0.018240833779117227,-0.018240833779117227,True,-0.3611975889182594,-0.03345160964380635,0.2582402665539988,0.2582402665539988,True
south,37.027,True,True,28,south,south,0.0,4.248278619075857,0.0,-0.5475278930882865,4.3012140754209724,-0.231266530958572,4.208610301355744,4.449693120596915,True,True,-0.014559487471898058,-0.014559487471898058,True,-0.3151477643806142,0.01706587591391547,0.2582402665540049,0.2582402665540049,True
south,37.093,True,True,26,south,south,0.0,4.213188404661149,0.0,-0.5200255269893672,4.280449107649421,-0.21648537399582982,4.173417547766706,4.4651606971691375,True,True,-0.015087827671487974,-0.015087827671487974,True,-0.222216124195676,0.040755503593259836,0.25824026655400273,0.25824026655400273,True
south,37.159,True,True,23,south,south,0.0,4.179808543479358,0.0,-0.49050702981423555,4.261568807315172,-0.20631285194293736,4.136953396543775,4.46624140566156,True,True,-0.012041447160357044,-0.012041447160357044,True,-0.21712192674411013,0.02737851463134922,0.2582402665539988,0.2582402665539988,True
south,37.225,True,True,23,south,south,0.0,4.148245945885926,0.0,-0.461374085955919,4.243783406870245,-0.19339369067372983,4.104755145510846,4.449409838778801,True,True,-0.008804731832155244,-0.008804731832155244,True,-0.2634839058481427,0.030773708227817283,0.25824026655400095,0.25824026655400095,True
south,37.291,True,True,21,south,south,0.0,4.118687992464585,0.0,-0.4310496399223229,4.229617695633654,-0.17722609167320566,4.0777287412625975,4.4744063179879054,True,True,-0.016360848840633158,-0.016360848840633158,True,-0.2336055870997848,-0.000882345726111406,0.25824026655400534,0.25824026655400534,True
south,37.357,True,True,19,south,south,0.0,4.091239497125434,0.0,-0.40002244576903934,4.215976096245314,-0.161641232834773,4.04638258490443,4.464281278415895,True,True,-0.02033591637670329,-0.02033591637670329,True,-0.2118354103743743,-0.04915079493563108,0.2582402665540049,0.2582402665540049,True
south,37.423,True,True,17,south,south,0.0,4.066073945664902,0.0,-0.36760173520476336,4.203303117685775,-0.1488043110504772,4.021947258152121,4.454809162707269,True,True,-0.013217855211770657,-0.013217855211770657,True,-0.20734612592496274,-0.026082481325629642,0.25824026655400273,0.25824026655400273,True
south,37.489,True,True,16,south,south,0.0,4.042886538389848,0.0,-0.33384807204536404,4.1916000223816345,-0.13444821303769539,4.000000651196491,4.469991199024298,True,True,-0.00685345318957109,-0.00685345318957109,True,-0.21237656784096517,0.05400037593654274,0.2582402665539988,0.2582402665539988,True
south,37.555,True,True,16,south,south,0.0,4.021878042689273,0.0,-0.2997693115273914,4.1808147974258025,-0.11430738134816029,3.978225759028593,4.469896855442378,True,True,-0.010768788556073106,-0.010768788556073106,True,-0.1472638766565614,0.053129978006197114,0.25824026655400095,0.25824026655400095,True
south,37.621,True,True,15,south,south,0.0,4.003143892205172,0.0,-0.2648616355390132,4.170409809330274,-0.093855960585464,3.9638010759145192,4.453677692447246,True,True,0.0009702810109105675,0.0009702810109105675,True,-0.15128954033537517,0.05855920197203251,0.25824026655400273,0.25824026655400273,True
south,37.687,True,True,15,south,south,0.0,3.9868367460973118,0.0,-0.2295663968996453,4.160011265802024,-0.07732099449633589,3.9433624732178703,4.446115217012627,True,True,-0.00925233645778245,-0.00925233645778245,True,-0.20620176218188005,0.00688245418537926,0.2582402665539988,0.2582402665539988,True
south,37.753,True,True,14,south,south,0.0,3.9728592663137072,0.0,-0.19312585369837487,4.150742005972313,-0.0633413033376435,3.933595550854054,4.449794146525187,True,True,0.0015731813638369951,0.0015731813638369951,True,-0.16833320409580071,0.04061104892581568,0.2582402665540049,0.2582402665540049,True
south,37.819,True,True,12,south,south,0.0,3.9613922998736553,0.0,-0.1487340741152332,4.142859346896472,-0.048907468831410214,3.923599354887696,4.4542726064634754,True,True,0.015589488701725052,0.015589488701725052,True,-0.0946275862750242,0.08285324377888499,0.25824026655400273,0.25824026655400273,True
south,37.885,True,True,13,south,south,0.0,3.9523351487356613,0.0,-0.0788532028093436,4.135385420312838,-0.03578256882898488,3.9124657832092216,4.443978071046432,True,True,0.0138161394206614,0.0138161394206614,True,-0.07925700299439536,0.12609353783821217,0.2582402665539988,0.2582402665539988,True
south,37.951,True,True,13,south,south,0.0,3.9504031962378967,0.0,-0.013418412789596434,4.130039466362026,-0.02438181465049949,3.9093629800667915,4.44349693186601,True,True,0.014828947254211688,0.014828947254211688,True,-0.08561929048093793,0.05756658846978943,0.25824026655400095,0.25824026655400095,True
south,38.017,True,True,12,south,south,0.0,3.952369893428918,0.0,0.04120854620025538,4.1273492343493485,-0.012392209905256907,3.9105401712903434,4.442158564750411,True,True,0.013498129795289526,0.013498129795289526,True,-0.05992698352583627,-0.007971619523872998,0.25824026655400273,0.25824026655400273,True
south,38.083,True,True,13,south,south,0.0,3.955876676481531,0.0,0.06433372241968494,4.127369131794896,-0.009517767862396094,3.9145615705876673,4.449797113362575,True,True,0.0015669361103448631,0.0015669361103448631,True,0.017866146357360176,-0.05769458695434965,0.2582402665539988,0.2582402665539988,True
south,38.149,True,True,13,south,south,0.0,3.9608614947164376,0.0,0.08689317628877813,4.129198762162706,-0.00933861507177308,3.9235064956428007,4.444816560674911,True,True,0.003346016512056793,0.003346016512056793,True,0.043976803836528,-0.07027270592637737,0.2582402665540049,0.2582402665540049,True
south,38.215,True,True,12,south,south,0.0,3.967321007372917,0.0,0.1090650212349975,4.133573188049753,-0.009948472119234279,3.930597766232929,4.458618538938952,True,True,-0.004039206124709982,-0.004039206124709982,True,0.08599778769761217,-0.07701958690649367,0.25824026655400273,0.25824026655400273,True
south,38.281,True,True,13,south,south,0.0,3.975284955259506,0.0,0.1317786305144919,4.13993616164642,-0.010184923008991223,3.9330948460361834,4.466147588831532,True,True,-0.010562282459459671,-0.010562282459459671,True,0.09510947091408457,-0.06632254294875727,0.2582402665539988,0.2582402665539988,True
south,38.347,True,True,13,south,south,0.0,3.9847703461382387,0.0,0.15542860326391184,4.148502928683439,-0.0165362180695533,3.945908126976104,4.46694002013673,True,True,-0.00310295176854114,-0.00310295176854114,True,0.10878894097061002,-0.03919694117658082,0.25824026655400095,0.25824026655400095,True
south,38.413,True,True,14,south,south,0.0,3.9957698594537727,0.0,0.1804364556919924,4.158542269207159,-0.02249730462459954,3.9606023660800522,4.467110531474783,True,True,-0.0006503029781806946,-0.0006503029781806946,True,0.09779961317726356,0.026706121409859503,0.25824026655400534,0.25824026655400534,True
south,38.479,True,True,15,south,south,0.0,4.008404767531794,0.0,0.20685352553317937,4.169809708314145,-0.028073457695493208,3.9673034271086536,4.470828943922833,True,True,-0.008657429995334032,-0.008657429995334032,True,0.09964739313129631,0.012374554822329223,0.2582402665540049,0.2582402665540049,True
south,38.545,True,True,17,south,south,0.0,4.022921604094584,0.0,0.2343540795955512,4.181762990978778,-0.037273184337155346,3.9841355490645993,4.449803865475249,True,True,-0.00481777591663668,-0.00481777591663668,True,0.05582823921037224,-0.019926665850666738,0.25824026655400273,0.25824026655400273,True
south,38.611,True,True,16,south,south,0.0,4.039365332766066,0.0,0.2634242072398818,4.1962142282798585,-0.0511816763222171,4.001329490964938,4.470733043847544,True,True,-0.019576703634708426,-0.019576703634708426,True,0.09761814794038137,-0.08021143619831038,0.2582402665539988,0.2582402665539988,True
south,38.677,True,True,18,south,south,0.0,4.05779418414204,0.0,0.29383950964357197,4.2100512109041786,-0.06617486649365775,4.014148492167001,4.441783174055923,True,True,-0.019466675667130784,-0.019466675667130784,True,0.06933409533859575,-0.0714949465658508,0.25824026655400095,0.25824026655400095,True
south,38.743,True,True,19,south,south,0.0,4.078233010818035,0.0,0.32602829427769375,4.224861593545085,-0.0819183916132297,4.03317084580785,4.438752345055371,True,True,-0.01190541074280238,-0.01190541074280238,True,0.07410640937920801,-0.03204981289533039,0.25824026655400273,0.25824026655400273,True
south,38.809,True,True,20,south,south,0.0,4.100773926821597,0.0,0.35902353910434837,4.242513684490047,-0.09428130599198727,4.05927367939166,4.467133426990141,True,True,-0.013986520532132674,-0.013986520532132674,True,0.135625181324426,0.03686638520008458,0.2582402665539988,0.2582402665539988,True
south,38.875,True,True,21,south,south,0.0,4.125449779217165,0.0,0.3930513257529,4.2608096736152214,-0.10897140791212384,4.083816470293111,4.468129582746025,True,True,-0.005521201504384066,-0.005521201504384066,True,0.259490209066071,0.060235322271076516,0.2582402665540049,0.2582402665540049,True
south,38.941,True,True,22,south,south,0.0,4.1524395053605065,0.0,0.42704586427603886,4.279277218034827,-0.12497738448963042,4.108461362292661,4.46922495240179,True,True,-0.026028805230477903,-0.026028805230477903,True,0.25971842284168106,-0.05137100672011869,0.25824026655400273,0.25824026655400273,True
south,39.007,True,True,24,south,south,0.0,4.18190750632868,0.0,0.46071291385152424,4.298468455826854,-0.13897015856746878,4.141781865917373,4.466243213202246,True,True,-0.006457356392408076,-0.006457356392408076,True,0.20499559080967397,0.0031513465046645516,0.2582402665539988,0.2582402665539988,True
south,39.073,True,True,27,south,south,0.0,4.213568317490285,0.0,0.4951116802129185,4.3173548311434145,-0.1537921520847322,4.170207438241006,4.45045836003335,True,True,-0.016677615025731174,-0.016677615025731174,True,0.1791651516142668,-0.021057260190868295,0.25824026655400095,0.25824026655400095,True
south,39.139,True,True,27,south,south,0.0,4.247352685878579,0.0,0.5286328821060371,4.337720556054059,-0.1710032176505309,4.205932912160903,4.472439563093058,True,True,-0.02039404534668454,-0.02039404534668454,True,0.23840848547975135,0.010127304572811064,0.25824026655400273,0.25824026655400273,True
south,39.205,True,True,30,south,south,0.0,4.28325465891343,0.0,0.5615893700621211,4.356371855730028,-0.18595540323291151,4.236975847240658,4.445582669701616,True,True,-0.012093053990858693,-0.012093053990858693,True,0.21311135639967554,-0.031247762297433576,0.2582402665539988,0.2582402665539988,True
south,39.271,True,True,31,south,south,0.0,4.32120554699913,0.0,0.5922360976402263,4.377232276064329,-0.20104106690777637,4.275379776469247,4.465093215650191,True,True,-0.019287727098448948,-0.019287727098448948,True,0.2754603206239108,0.0007131138449574799,0.2582402665540049,0.2582402665540049,True
south,39.337,True,True,34,south,south,0.0,4.361323937252326,0.0,0.6196817767098395,4.396453755799606,-0.21587106351353283,4.320679995507276,4.448064326871314,True,True,-0.011940592098049208,-0.011940592098049208,True,0.24926516405382318,0.02752376763381102,0.25824026655400273,0.25824026655400273,True
south,39.403,True,True,36,south,south,0.0,4.4033394562178705,0.0,0.6454032476700267,4.415862209632924,-0.2307732565585937,4.359522778257893,4.445408342428931,True,True,-0.016428134781854564,-0.016428134781854564,True,0.2995372284036362,-0.008572889958466216,0.2582402665539988,0.2582402665539988,True
south,39.469,True,True,36,south,south,0.0,4.44697990221682,0.0,0.6704068414107223,4.440800912575197,-0.24207018043439155,4.400135628646512,4.501543948585321,True,True,-0.017194911341215646,-0.017194911341215646,True,0.3937928436707771,0.002713491799840746,0.25824026655400095,0.25824026655400095,True
south,39.535,True,True,35,south,south,0.0,4.492047679876706,0.0,0.6936814551794779,4.4693811595691955,-0.25432792037507146,4.448078562319344,4.539446480408594,True,True,-0.014516099283126471,-0.014516099283126471,True,0.570523195146271,-0.012868633506959232,0.25824026655400534,0.25824026655400534,True
south,39.601,True,True,34,south,south,0.0,4.538438051019165,0.0,0.7138914770556104,4.500578505175202,-0.26442725687628343,4.4844221157177,4.588179671852332,True,True,-0.01364806035805366,-0.01364806035805366,True,0.6733768682922245,0.01669550807498762,0.2582402665540049,0.2582402665540049,True
south,39.667,True,True,33,south,south,0.0,4.58597775024363,0.0,0.7302596795292038,4.535711632295474,-0.2757745911283412,4.536875685437331,4.654537521188201,True,True,-0.024858914723071,-0.024858914723071,True,0.722937600775144,-0.033521168515899646,0.25824026655400273,0.25824026655400273,True
south,39.733,True,True,33,south,south,0.0,4.634618257387826,0.0,0.7429282573676188,4.5750578796196715,-0.28483226590337896,4.589003354145052,4.700718700044809,True,True,-0.02738912814696859,-0.02738912814696859,True,0.7768200404858048,-0.07549991054021736,0.2582402665539988,0.2582402665539988,True
south,39.799,True,True,33,south,south,0.0,4.684232144537643,0.0,0.7522812158349224,4.616442055114719,-0.29141361719587955,4.628325382685841,4.740607580666359,True,True,-0.01814002987022889,-0.01814002987022889,True,0.7479563446294213,-0.024251699940035298,0.25824026655400095,0.25824026655400095,True
south,39.865,True,True,34,south,south,0.0,4.7344086042923115,0.0,0.7600137805904339,4.660846888029596,-0.2967447730127552,4.681253006144949,4.790037971860008,True,True,-0.02512626074942459,-0.02512626074942459,True,0.6960941085610682,0.012798576057089317,0.25824026655400273,0.25824026655400273,True
south,39.931,True,True,33,south,south,0.0,4.784797833265359,0.0,0.7656677272828594,4.707679629166279,-0.3004610428331832,4.721935561507948,4.839014933693859,True,True,-0.021394086700824766,-0.021394086700824766,True,0.6939722255216593,0.016664990089751083,0.2582402665539988,0.2582402665539988,True
south,39.997,True,True,33,south,south,0.0,4.835366603609352,0.0,0.7699631864213385,4.7576686304910485,-0.3028467393634001,4.776125949406183,4.896181078265109,True,True,-0.025941706373196705,-0.025941706373196705,True,0.7574103864804017,-0.029807356758036557,0.2582402665540049,0.2582402665540049,True
south,40.063,True,True,33,south,south,0.0,4.8861460759890045,0.0,0.7697697823723848,4.81027179720591,-0.304599630633898,4.829359623770377,4.948634877240183,True,True,-0.015904786018454797,-0.015904786018454797,True,0.7814144708229452,0.03502546139475364,0.25824026655400273,0.25824026655400273,True
south,40.129,True,True,34,south,south,0.0,4.937063013578051,0.0,0.7669352154299514,4.863654266535375,-0.3047690260138972,4.88095761806285,4.989826559359229,True,True,-0.020985019067863653,-0.020985019067863653,True,0.7842337272727884,0.01706685341458414,0.2582402665539988,0.2582402665539988,True
south,40.195,True,True,33,south,south,0.0,4.987779271519484,0.0,0.7625534020075442,4.917469064554277,-0.30416108476547493,4.927127988972683,5.046215854092018,True,True,-0.019466267332825082,-0.019466267332825082,True,0.7544697898422329,0.0217364910177372,0.25824026655400095,0.25824026655400095,True
south,40.261,True,True,33,south,south,0.0,5.03791898959709,0.0,0.7561215615765082,4.972891223565683,-0.30248457782791305,4.979548399096984,5.098109324726726,True,True,-0.01406545166515738,-0.01406545166515738,True,0.7587494955167168,0.010661749689289964,0.25824026655400273,0.25824026655400273,True
south,40.327,True,True,33,south,south,0.0,5.087435350892647,0.0,0.7480868335610014,5.029657094211414,-0.30054550073371883,5.037880108074481,5.1518696808341815,True,True,-0.012803671152015528,-0.012803671152015528,True,0.8039475115293612,0.045370999113957595,0.2582402665539988,0.2582402665539988,True
south,40.393,True,True,33,south,south,0.0,5.1363771210750055,0.0,0.7367429656792934,5.084649741852293,-0.2986623150856689,5.0815697465366405,5.191459868442571,True,True,-0.018258256364355963,-0.018258256364355963,True,0.7660222582034023,0.007402747603862395,0.2582402665540049,0.2582402665540049,True
south,40.459,True,True,33,south,south,0.0,5.184721475914077,0.0,0.7218868164197723,5.137999956484376,-0.2957299144463724,5.122781780387692,5.238031280080534,True,True,-0.019883243320592325,-0.019883243320592325,True,0.7066256333364304,-0.03470903057370517,0.25824026655400273,0.25824026655400273,True
south,40.525,True,True,34,south,south,0.0,5.232127869885673,0.0,0.7075236739074731,5.191374246492982,-0.2928299622137634,5.189319464240569,5.27861368907393,True,True,-0.01239848254823206,-0.01239848254823206,True,0.6987375293231172,-0.0006203350680101658,0.2582402665539988,0.2582402665539988,True
south,40.591,True,True,35,south,south,0.0,5.278342029446373,0.0,0.6915613320937375,5.241968365060528,-0.2878599358902717,5.22957334533719,5.326314722628241,True,True,-0.022193407917150076,-0.022193407917150076,True,0.7240117059128274,-0.006546505887913129,0.25824026655400095,0.25824026655400095,True
south,40.657,True,True,34,south,south,0.0,5.323490739366017,0.0,0.6752760503466115,5.2888815970119785,-0.279838283057689,5.265782083312518,5.367664207164462,True,True,-0.02331938831329483,-0.02331938831329483,True,0.6862534883918312,-0.030459636889434285,0.25824026655400534,0.25824026655400534,True
south,40.723,True,True,35,south,south,0.0,5.367221957481316,0.0,0.6557320403911726,5.335054008273724,-0.27405781910710114,5.302516374165369,5.409674726836423,True,True,-0.015894928903827155,-0.015894928903827155,True,0.6138879284647231,-0.01759896888322743,0.2582402665540049,0.2582402665540049,True
south,40.789,True,True,36,south,south,0.0,5.409790401442315,0.0,0.6345264224945923,5.379691205970196,-0.2665603232658137,5.358163371700984,5.455836408550709,True,True,-0.018792093684027678,-0.018792093684027678,True,0.6462726874118169,0.02670970016490134,0.25824026655400273,0.25824026655400273,True
south,40.855,True,True,36,south,south,0.0,5.451083919403178,0.0,0.6114673218243105,5.421566446796032,-0.2582203708643117,5.390044844238043,5.4919201885743005,True,True,-0.011119998290491151,-0.011119998290491151,True,0.6419431107999871,0.05106212922456075,0.2582402665539988,0.2582402665539988,True
south,40.921,True,True,35,south,south,0.0,5.490872085663668,0.0,0.5885577661807195,5.461944684117527,-0.2528582932156491,5.429483785965812,5.52952960415909,True,True,-0.022272986425624253,-0.022272986425624253,True,0.6124485757045318,-0.017366783593720393,0.25824026655400095,0.25824026655400095,True
south,40.987,True,True,37,south,south,0.0,5.528983426229296,0.0,0.5639902818782527,5.500922501523068,-0.24412983035460883,5.470437452883721,5.570117553859854,True,True,-0.015083593949544505,-0.015083593949544505,True,0.5732682096880288,-4.164989649092278e-05,0.25824026655400273,0.25824026655400273,True
south,41.053,True,True,37,south,south,0.0,5.56543493742946,0.0,0.5389245612220117,5.537860106823869,-0.23629578348298821,5.50622628774352,5.611581057986778,True,True,-0.016526676606510526,-0.016526676606510526,True,0.5977792086155582,-0.01368279162420994,0.2582402665539988,0.2582402665539988,True
south,41.119,True,True,37,south,south,0.0,5.599908012206437,0.0,0.5111281757390262,5.572950975753617,-0.23016241971085563,5.543570395772416,5.6391796656556,True,True,-0.021260927830197285,-0.021260927830197285,True,0.5670169340121768,0.0024137774686590983,0.2582402665540049,0.2582402665540049,True
south,41.185,True,True,37,south,south,0.0,5.63267214327739,0.0,0.48218904286801756,5.6047725998827245,-0.2207953947428358,5.556311918474761,5.675535741663664,True,True,-0.021056571256352963,-0.021056571256352963,True,0.48395505748656314,-0.03432300476380607,0.25824026655400273,0.25824026655400273,True
south,41.251,True,True,37,south,south,0.0,5.66358245540657,0.0,0.4511712462673545,5.635485694619752,-0.21420256670193055,5.6036017311181725,5.7068688977514395,True,True,-0.021263972501995076,-0.021263972501995076,True,0.47506624858207974,-0.021223531988802176,0.2582402665539988,0.2582402665539988,True
south,41.317,True,True,36,south,south,0.0,5.692485235056971,0.0,0.4204155516943775,5.664303011734825,-0.20845198442708232,5.626207047204877,5.737234472263828,True,True,-0.012783164695981397,-0.012783164695981397,True,0.47022525973731316,0.03822104266213011,0.25824026655400095,0.25824026655400095,True
south,41.383,True,True,37,south,south,0.0,5.719217808313152,0.0,0.38846490222826713,5.69176668646686,-0.20273369505244762,5.65198442427352,5.764041803604029,True,True,-0.013337708459681408,-0.013337708459681408,True,0.45871711652762087,0.04793544878186112,0.25824026655400273,0.25824026655400273,True
south,41.449,True,True,37,south,south,0.0,5.743840125948312,0.0,0.3561792257750884,5.716611043536372,-0.1967505292134941,5.678421583006061,5.784472929203685,True,True,-0.019939981473823587,-0.019939981473823587,True,0.38625481699185144,0.005177923213356392,0.2582402665539988,0.2582402665539988,True
south,41.515,True,True,37,south,south,0.0,5.766189125123778,0.0,0.3221759827242199,5.741382891088058,-0.19445251578344935,5.725410780800348,5.809947737597468,True,True,-0.015360971182453276,-0.015360971182453276,True,0.4262267281208609,-0.021720746172056844,0.2582402665540049,0.2582402665540049,True
south,41.581,True,True,36,south,south,0.0,5.78626524436679,0.0,0.2870620271609958,5.762042211247233,-0.19226707993592043,5.71612214105445,5.827851606412927,True,True,-0.017236550453223365,-0.017236550453223365,True,0.34568679163450666,-0.01078411468068951,0.25824026655400273,0.25824026655400273,True
south,41.647,True,True,36,south,south,0.0,5.80407876630286,0.0,0.2512152841252613,5.78073728620239,-0.19089552112097816,5.737658219404977,5.844659037687548,True,True,-0.014828896750987863,-0.014828896750987863,True,0.27794201796810053,0.02039041651172274,0.2582402665539988,0.2582402665539988,True
south,41.713,True,True,37,south,south,0.0,5.819531833216573,0.0,0.2148464495222857,5.797040762747452,-0.18798418863152155,5.757543220718348,5.862328314703369,True,True,-0.02519510522794055,-0.02519510522794055,True,0.2211231520430675,-0.041052649142767926,0.25824026655400095,0.25824026655400095,True
south,41.779,True,True,36,south,south,0.0,5.832522585906339,0.0,0.17780999743028936,5.8104292438102165,-0.18599315052663593,5.759608587144851,5.871839552640845,True,True,-0.021566734951010136,-0.021566734951010136,True,0.22725564794253714,-0.03538903328835317,0.25824026655400273,0.25824026655400273,True
south,41.845,True,True,37,south,south,0.0,5.84302700200181,0.0,0.1178460408745341,5.821831422963194,-0.1834215986065812,5.783911850319334,5.883930606069953,True,True,-0.021223849360644587,-0.021223849360644587,True,0.20314560776838414,-0.023570435684909182,0.2582402665539988,0.2582402665539988,True
south,41.911,True,True,37,south,south,0.0,5.849968697491156,0.0,0.04945433602921767,5.832559259374807,-0.18308576090721068,5.8076175610923215,5.892723757168288,True,True,-0.01094448387454705,-0.01094448387454705,True,0.21045732206081155,0.06529507522810084,0.2582402665540049,0.2582402665540049,True
south,41.977,True,True,37,south,south,0.0,5.848954818839014,0.0,-0.01404091411131514,5.839465783516676,-0.18347965260052287,5.797893126856124,5.887493167044178,True,True,-0.016967474361539447,-0.016967474361539447,True,0.1472070637993486,0.036480526143198196,0.25824026655400534,0.25824026655400534,True
south,42.043,True,True,37,south,south,0.0,5.846336566998735,0.0,-0.0510849485433118,5.840936647649287,-0.18111295971691982,5.787659405513748,5.889453569678317,True,True,-0.016451147677624678,-0.016451147677624678,True,0.00973979700607607,0.01256835539707252,0.25824026655400095,0.25824026655400095,True
south,42.109,True,True,37,south,south,0.0,5.8421824948707695,0.0,-0.07363544011423695,5.839667874776781,-0.18046044956091137,5.78967984661964,5.884446183281248,True,True,-0.021375556190759926,-0.021375556190759926,True,-0.06584786650560884,-0.04663165191624772,0.25824026655400273,0.25824026655400273,True
south,42.175,True,True,36,south,south,0.0,5.836562201603002,0.0,-0.09577518638107296,5.834968740785281,-0.18000406744351832,5.761751279318216,5.881431246746648,True,True,-0.01655663553260245,-0.01655663553260245,True,-0.0981804915132461,-0.005593775797461552,0.2582402665539988,0.2582402665539988,True
south,42.241,True,True,37,south,south,0.0,5.829515663561791,0.0,-0.11831015741353479,5.827760853372361,-0.17881488712303442,5.764572885852828,5.8696623890573845,True,True,-0.015599851667847608,-0.015599851667847608,True,-0.12089136718301148,0.011170922253770348,0.2582402665540049,0.2582402665540049,True
south,42.307,True,True,37,south,south,0.0,5.821004307299237,0.0,-0.14134391665675317,5.8193298160145055,-0.17962735912292915,5.766043214280701,5.858787468145931,True,True,-0.013495044001959555,-0.013495044001959555,True,-0.11881310119500596,0.0372701824714479,0.25824026655400273,0.25824026655400273,True
south,42.373,True,True,36,south,south,0.0,5.810924642403268,0.0,-0.16545222962929707,5.807965771958558,-0.18263461325699915,5.734349838703978,5.847326235035977,True,True,-0.020091758275463723,-0.020091758275463723,True,-0.1469120829229536,-0.012879637216204862,0.2582402665539988,0.2582402665539988,True
south,42.439,True,True,36,south,south,0.0,5.799297921367032,0.0,-0.19036327225850247,5.796770502956468,-0.1862480185963284,5.742122682774686,5.84233345115127,True,True,-0.024291952909101133,-0.024291952909101133,True,-0.14582729669654967,-0.0495045727231283,0.25824026655400095,0.25824026655400095,True
south,42.505,True,True,36,south,south,0.0,5.785842192717188,0.0,-0.2170353813186443,5.782386868969365,-0.18955346171096563,5.7168869365476365,5.828639484949888,True,True,-0.027659342082037575,-0.027659342082037575,True,-0.17813085045555116,-0.07074710435435003,0.25824026655400273,0.25824026655400273,True
south,42.571,True,True,37,south,south,0.0,5.770559821069362,0.0,-0.2452356205498507,5.767821140458973,-0.1917065411767639,5.719126054195536,5.814103008815565,True,True,-0.011898305229890549,-0.011898305229890549,True,-0.13959904895075173,0.032140863581487406,0.2582402665539988,0.2582402665539988,True
south,42.637,True,True,37,south,south,0.0,5.753414458167892,0.0,-0.27545193334295615,5.751170292498288,-0.19318716735728578,5.6966522152607615,5.79577441503338,True,True,-0.017826458242696908,-0.017826458242696908,True,-0.2184741434711139,0.05326897098690758,0.2582402665540049,0.2582402665540049,True
south,42.703,True,True,37,south,south,0.0,5.734247540884692,0.0,-0.3067477755587955,5.732546656014351,-0.19512370433222997,5.678873247590594,5.7796915552286885,True,True,-0.018968169867654594,-0.018968169867654594,True,-0.22855097632703536,0.03052327822778981,0.25824026655400273,0.25824026655400273,True
south,42.769,True,True,37,south,south,0.0,5.713063477403476,0.0,-0.33942266545308186,5.712009890238257,-0.19815939586202155,5.657847282975614,5.750675388775306,True,True,-0.023599227562174252,-0.023599227562174252,True,-0.3090765161025793,-0.054915876699709966,0.2582402665539988,0.2582402665539988,True
south,42.835,True,True,36,south,south,0.0,5.689708375039684,0.0,-0.37250095103371184,5.688734797659778,-0.20110776702501698,5.622857454742357,5.736731714948078,True,True,-0.017263957701499133,-0.017263957701499133,True,-0.33981402490869633,-0.004459933440797028,0.25824026655400095,0.25824026655400095,True
south,42.901,True,True,37,south,south,0.0,5.663909573203198,0.0,-0.40600963863548944,5.663627246170146,-0.2029093415751435,5.611852213313597,5.707671542041483,True,True,-0.0242947388232867,-0.0242947388232867,True,-0.3530732154947629,-0.014612783342759105,0.25824026655400273,0.25824026655400273,True
south,42.967,True,True,37,south,south,0.0,5.635897510299738,0.0,-0.43960322426874754,5.638364930497891,-0.20562941410447194,5.584572114686253,5.6809219505303945,True,True,-0.012757057916999437,-0.012757057916999437,True,-0.3554176014683111,0.0386298906268729,0.2582402665539988,0.2582402665539988,True
south,43.033,True,True,36,south,south,0.0,5.60569066211528,0.0,-0.4742116470914226,5.6109729363335985,-0.21054551540716449,5.541837197751167,5.6470409437964735,True,True,-0.014033179697958587,-0.014033179697958587,True,-0.42891119285365376,0.03216668926804293,0.2582402665540049,0.2582402665540049,True
south,43.099,True,True,36,south,south,0.0,5.573207088526666,0.0,-0.5087913997112237,5.581251053719228,-0.21417867980034808,5.519990991172726,5.617538515350326,True,True,-0.023069442059569067,-0.023069442059569067,True,-0.47166565921599163,0.003636012894232879,0.25824026655400534,0.25824026655400534,True
south,43.165,True,True,36,south,south,0.0,5.538588077952135,0.0,-0.542383136039235,5.549370611145025,-0.21783977261064824,5.480214860870759,5.583960899224792,True,True,-0.020308609084861762,-0.020308609084861762,True,-0.4964420836271805,-0.048016539189692724,0.25824026655400095,0.25824026655400095,True
south,43.231,True,True,36,south,south,0.0,5.501859035274784,0.0,-0.5739264247798515,5.515655557962476,-0.2222008130806714,5.439026764251675,5.545783894343608,True,True,-0.016481781005513674,-0.016481781005513674,True,-0.5193607540034625,-0.006946925678722913,0.25824026655400273,0.25824026655400273,False
south,43.297,True,True,36,south,south,0.0,5.462987752332359,0.0,-0.6031284183404972,5.4808961789149615,-0.22671365954104092,5.413727878104134,5.5081600397665476,True,True,-0.020299876405971085,-0.020299876405971085,True,-0.5502195965586202,0.018387159151730934,0.2582402665539988,0.2582402665539988,False
south,43.363,True,True,37,south,south,0.0,5.4221377107533755,0.0,-0.6299645064016657,5.4443100971520675,-0.2289578784541493,5.3811195377250725,5.465560674987699,True,True,-0.019892178506955793,-0.019892178506955793,True,-0.5419768052067785,-0.0038921267677867618,0.2582402665540049,0.2582402665540049,False
south,43.429,True,True,36,south,south,0.0,5.3795416362676285,0.0,-0.6551143138191007,5.405377916591224,-0.23384986205191247,5.322385237926603,5.422592092538247,True,True,-0.021733464811616643,-0.021733464811616643,True,-0.6020512799615219,-0.023253565938323263,0.25824026655400273,0.25824026655400273,False
south,43.495,True,True,35,south,south,0.0,5.335426919655832,0.0,-0.6790532492073087,5.367640871035276,-0.24395072558386025,5.27829722321627,5.379664941038063,True,True,-0.02000338699810411,-0.02000338699810411,True,-0.6768788962855775,-0.0014421486076667547,0.2582402665539988,0.2582402665539988,False
south,43.561,True,True,35,south,south,0.0,5.289864253103673,0.0,-0.7007156132622683,5.325181941008602,-0.24748915839109095,5.222629502241307,5.337967684511631,True,True,-0.021491057582045614,-0.021491057582045614,True,-0.7161092758257736,-0.004646302139025897,0.25824026655400095,0.25824026655400095,False
south,43.627,True,True,34,south,south,0.0,5.2431136256303,0.0,-0.7201509811886453,5.2835703073416855,-0.255966311095036,5.181640547866155,5.287818367694399,True,True,-0.01597955079896962,-0.01597955079896962,True,-0.699939562283539,0.023900108263635707,0.25824026655400273,0.25824026655400273,False
south,43.693,True,True,34,south,south,0.0,5.19496345734538,0.0,-0.7345004602361271,5.240612500659763,-0.2628833184203292,5.138517289713841,5.249171178249996,True,True,-0.01455190897512948,-0.01455190897512948,True,-0.6833025455029273,0.0331302134121208,0.2582402665539988,0.2582402665539988,False
south,43.759,True,True,34,south,south,0.0,5.14595348705555,0.0,-0.7467439087217898,5.196814585951915,-0.2684865328545477,5.092170103718169,5.194437484950515,True,True,-0.014756227427719204,-0.014756227427719204,True,-0.6846509407950652,0.03277595801033263,0.2582402665540049,0.2582402665540049,False
south,43.825,True,True,33,south,south,0.0,5.096045764044296,0.0,-0.7571578530329948,5.149499372130805,-0.27300221732501434,5.036541189889039,5.151520423027714,True,True,-0.031772744576002654,-0.031772744576002654,True,-0.716115747898905,-0.07209681785407482,0.25824026655400273,0.25824026655400273,False
south,43.891,True,True,33,south,south,0.0,5.045660038338235,0.0,-0.7651787534158849,5.099331143048128,-0.27746939383870356,4.977357832380338,5.09851025241652,True,True,-0.018612763639195617,-0.018612763639195617,True,-0.7833387312521695,-0.04424103203103474,0.2582402665539988,0.2582402665539988,False
