bag_record_ns,source_ns,frame,child,x,y,yaw,qx,qy,qz,qw,vx,vy,wz
1791198871001609975,20000000,odom,base_link,4.2015352047551386e-21,-6.4605133740599945e-21,4.291961088436988e-21,4.488039587719272e-21,1.742017689150317e-20,2.145980544218494e-21,1.0,4.201535204755138e-19,-6.518067963436614e-19,4.2919611058602807e-19
1791198871021385140,40000000,odom,base_link,3.8859514371968325e-21,-1.1773235668932447e-20,7.350592798902266e-21,6.877488529578534e-20,1.0322287021195162e-19,3.675296399451133e-21,1.0,1.6134591486351146e-20,-2.674215479485812e-19,1.9270157877574454e-19
1791198871041437265,60000000,odom,base_link,3.7539513531351625e-21,-2.9858673837255345e-21,1.1048336773618466e-20,1.2377076279230491e-19,1.2860477132843716e-19,5.524168386809233e-21,1.0,-1.3200008406166996e-20,8.787368285206913e-19,3.697744119046736e-19
1791198871061332695,80000000,odom,base_link,4.068706204155682e-21,-1.5073000547158713e-20,1.0661536589453613e-20,1.1477168675040766e-19,1.826976275694484e-19,5.330768294726807e-21,1.0,3.1475485102051953e-20,-1.2087133163433177e-18,-3.868001860384248e-20
1791198871081635936,100000000,odom,base_link,4.068706204155682e-21,-1.5073000547158713e-20,1.0661536589453613e-20,1.1477168675040766e-19,1.826976275694484e-19,5.330768294726807e-21,1.0,0.0,0.0,0.0
1791198871101482962,120000000,odom,base_link,4.898308961658366e-21,-2.929404438826745e-20,9.380411953428657e-21,1.484669860587388e-19,2.727348221235955e-19,4.690205976714329e-21,1.0,0.0,0.0,0.0
1791198871121338996,140000000,odom,base_link,8.711314763070301e-21,-3.435258600848947e-20,1.725744752290484e-20,2.237507507148487e-19,3.768644425142254e-19,8.62872376145242e-21,1.0,3.8130058014119354e-19,-5.05854162022202e-19,7.877035793776478e-19
1791198871141396718,160000000,odom,base_link,8.711314763070301e-21,-3.435258600848947e-20,1.725744752290484e-20,2.237507507148487e-19,3.768644425142254e-19,8.62872376145242e-21,1.0,0.0,0.0,0.0
1791198871161325620,180000000,odom,base_link,8.711314763070301e-21,-3.435258600848947e-20,1.725744752290484e-20,2.237507507148487e-19,3.768644425142254e-19,8.62872376145242e-21,1.0,0.0,0.0,0.0
1791198871181372501,200000000,odom,base_link,7.553888323137738e-21,-2.6673424084141934e-20,3.1956738891437947e-20,3.930349735234959e-19,5.410074655847109e-19,1.5978369445718973e-20,1.0,0.0,0.0,0.0
1791198871201411774,220000000,odom,base_link,7.553888323137738e-21,-2.6673424084141934e-20,3.1956738891437947e-20,3.930349735234959e-19,5.410074655847109e-19,1.5978369445718973e-20,1.0,0.0,0.0,0.0
1791198871221422635,240000000,odom,base_link,7.553888323137738e-21,-2.6673424084141934e-20,3.1956738891437947e-20,3.930349735234959e-19,5.410074655847109e-19,1.5978369445718973e-20,1.0,0.0,0.0,0.0
1791198871241378538,260000000,odom,base_link,7.553888323137738e-21,-2.6673424084141934e-20,3.1956738891437947e-20,3.930349735234959e-19,5.410074655847109e-19,1.5978369445718973e-20,1.0,0.0,0.0,0.0
1791198871261370722,280000000,odom,base_link,7.553888323137738e-21,-2.6673424084141934e-20,3.1956738891437947e-20,3.930349735234959e-19,5.410074655847109e-19,1.5978369445718973e-20,1.0,0.0,0.0,0.0
1791198871281446917,300000000,odom,base_link,2.9024180580618105e-20,3.192335787078627e-20,4.678300714311416e-20,7.3353932386677195e-19,6.917739277089033e-19,2.339150357155708e-20,1.0,0.0,0.0,0.0
1791198871301322032,320000000,odom,base_link,2.9024180580618105e-20,3.192335787078627e-20,4.678300714311416e-20,7.3353932386677195e-19,6.917739277089033e-19,2.339150357155708e-20,1.0,0.0,0.0,0.0
1791198871321365520,340000000,odom,base_link,2.9024180580618105e-20,3.192335787078627e-20,4.678300714311416e-20,7.3353932386677195e-19,6.917739277089033e-19,2.339150357155708e-20,1.0,0.0,0.0,0.0
1791198871341557419,360000000,odom,base_link,2.9024180580618105e-20,3.192335787078627e-20,4.678300714311416e-20,7.3353932386677195e-19,6.917739277089033e-19,2.339150357155708e-20,1.0,0.0,0.0,0.0
1791198871361485355,380000000,odom,base_link,2.9024180580618105e-20,3.192335787078627e-20,4.678300714311416e-20,7.3353932386677195e-19,6.917739277089033e-19,2.339150357155708e-20,1.0,0.0,0.0,0.0
1791198871381381680,400000000,odom,base_link,2.9024180580618105e-20,3.192335787078627e-20,4.678300714311416e-20,7.3353932386677195e-19,6.917739277089033e-19,2.339150357155708e-20,1.0,0.0,0.0,0.0
1791198871401436581,420000000,odom,base_link,2.9024180580618105e-20,3.192335787078627e-20,4.678300714311416e-20,7.3353932386677195e-19,6.917739277089033e-19,2.339150357155708e-20,1.0,0.0,0.0,0.0
1791198871421481494,440000000,odom,base_link,2.9024180580618105e-20,3.192335787078627e-20,4.678300714311416e-20,7.3353932386677195e-19,6.917739277089033e-19,2.339150357155708e-20,1.0,0.0,0.0,0.0
1791198871441429947,460000000,odom,base_link,2.9024180580618105e-20,3.192335787078627e-20,4.678300714311416e-20,7.3353932386677195e-19,6.917739277089033e-19,2.339150357155708e-20,1.0,0.0,0.0,0.0
1791198871461478963,480000000,odom,base_link,2.9024180580618105e-20,3.192335787078627e-20,4.678300714311416e-20,7.3353932386677195e-19,6.917739277089033e-19,2.339150357155708e-20,1.0,0.0,0.0,0.0
1791198871481222447,500000000,odom,base_link,2.9024180580618105e-20,3.192335787078627e-20,4.678300714311416e-20,7.3353932386677195e-19,6.917739277089033e-19,2.339150357155708e-20,1.0,0.0,0.0,0.0
1791198871501409259,520000000,odom,base_link,2.9024180580618105e-20,3.192335787078627e-20,4.678300714311416e-20,7.3353932386677195e-19,6.917739277089033e-19,2.339150357155708e-20,1.0,0.0,0.0,0.0
1791198871521358975,540000000,odom,base_link,2.9024180580618105e-20,3.192335787078627e-20,4.678300714311416e-20,7.3353932386677195e-19,6.917739277089033e-19,2.339150357155708e-20,1.0,0.0,0.0,0.0
1791198871541393712,560000000,odom,base_link,2.9024180580618105e-20,3.192335787078627e-20,4.678300714311416e-20,7.3353932386677195e-19,6.917739277089033e-19,2.339150357155708e-20,1.0,0.0,0.0,0.0
1791198871561344555,580000000,odom,base_link,2.9024180580618105e-20,3.192335787078627e-20,4.678300714311416e-20,7.3353932386677195e-19,6.917739277089033e-19,2.339150357155708e-20,1.0,0.0,0.0,0.0
1791198871581501143,600000000,odom,base_link,2.9024180580618105e-20,3.192335787078627e-20,4.678300714311416e-20,7.3353932386677195e-19,6.917739277089033e-19,2.339150357155708e-20,1.0,0.0,0.0,0.0
1791198871601354930,620000000,odom,base_link,2.9024180580618105e-20,3.192335787078627e-20,4.678300714311416e-20,7.3353932386677195e-19,6.917739277089033e-19,2.339150357155708e-20,1.0,0.0,0.0,0.0
1791198871621393502,640000000,odom,base_link,2.9024180580618105e-20,3.192335787078627e-20,4.678300714311416e-20,7.3353932386677195e-19,6.917739277089033e-19,2.339150357155708e-20,1.0,0.0,0.0,0.0
1791198871641353219,660000000,odom,base_link,2.9024180580618105e-20,3.192335787078627e-20,4.678300714311416e-20,7.3353932386677195e-19,6.917739277089033e-19,2.339150357155708e-20,1.0,0.0,0.0,0.0
1791198871661236661,680000000,odom,base_link,2.9024180580618105e-20,3.192335787078627e-20,4.678300714311416e-20,7.3353932386677195e-19,6.917739277089033e-19,2.339150357155708e-20,1.0,0.0,0.0,0.0
1791198871681262695,700000000,odom,base_link,2.9024180580618105e-20,3.192335787078627e-20,4.678300714311416e-20,7.3353932386677195e-19,6.917739277089033e-19,2.339150357155708e-20,1.0,0.0,0.0,0.0
1791198871701356002,720000000,odom,base_link,2.9024180580618105e-20,3.192335787078627e-20,4.678300714311416e-20,7.3353932386677195e-19,6.917739277089033e-19,2.339150357155708e-20,1.0,0.0,0.0,0.0
1791198871721176033,740000000,odom,base_link,2.9024180580618105e-20,3.192335787078627e-20,4.678300714311416e-20,7.3353932386677195e-19,6.917739277089033e-19,2.339150357155708e-20,1.0,0.0,0.0,0.0
1791198871741373153,760000000,odom,base_link,2.9024180580618105e-20,3.192335787078627e-20,4.678300714311416e-20,7.3353932386677195e-19,6.917739277089033e-19,2.339150357155708e-20,1.0,0.0,0.0,0.0
1791198871761166986,780000000,odom,base_link,2.9024180580618105e-20,3.192335787078627e-20,4.678300714311416e-20,7.3353932386677195e-19,6.917739277089033e-19,2.339150357155708e-20,1.0,0.0,0.0,0.0
1791198871781404951,800000000,odom,base_link,2.9024180580618105e-20,3.192335787078627e-20,4.678300714311416e-20,7.3353932386677195e-19,6.917739277089033e-19,2.339150357155708e-20,1.0,0.0,0.0,0.0
1791198871801296565,820000000,odom,base_link,2.9024180580618105e-20,3.192335787078627e-20,4.678300714311416e-20,7.3353932386677195e-19,6.917739277089033e-19,2.339150357155708e-20,1.0,0.0,0.0,0.0
1791198871821336748,840000000,odom,base_link,2.9024180580618105e-20,3.192335787078627e-20,4.678300714311416e-20,7.3353932386677195e-19,6.917739277089033e-19,2.339150357155708e-20,1.0,0.0,0.0,0.0
1791198871841268589,860000000,odom,base_link,2.9024180580618105e-20,3.192335787078627e-20,4.678300714311416e-20,7.3353932386677195e-19,6.917739277089033e-19,2.339150357155708e-20,1.0,0.0,0.0,0.0
1791198871861286067,880000000,odom,base_link,2.9024180580618105e-20,3.192335787078627e-20,4.678300714311416e-20,7.3353932386677195e-19,6.917739277089033e-19,2.339150357155708e-20,1.0,0.0,0.0,0.0
1791198871881271355,900000000,odom,base_link,2.9024180580618105e-20,3.192335787078627e-20,4.678300714311416e-20,7.3353932386677195e-19,6.917739277089033e-19,2.339150357155708e-20,1.0,0.0,0.0,0.0
1791198871901394868,920000000,odom,base_link,2.9024180580618105e-20,3.192335787078627e-20,4.678300714311416e-20,7.3353932386677195e-19,6.917739277089033e-19,2.339150357155708e-20,1.0,0.0,0.0,0.0
1791198871921268068,940000000,odom,base_link,2.9024180580618105e-20,3.192335787078627e-20,4.678300714311416e-20,7.3353932386677195e-19,6.917739277089033e-19,2.339150357155708e-20,1.0,0.0,0.0,0.0
1791198871941344225,960000000,odom,base_link,2.9024180580618105e-20,3.192335787078627e-20,4.678300714311416e-20,7.3353932386677195e-19,6.917739277089033e-19,2.339150357155708e-20,1.0,0.0,0.0,0.0
1791198871961209521,980000000,odom,base_link,2.9024180580618105e-20,3.192335787078627e-20,4.678300714311416e-20,7.3353932386677195e-19,6.917739277089033e-19,2.339150357155708e-20,1.0,0.0,0.0,0.0
1791198871982136474,1000000000,odom,base_link,2.9024180580618105e-20,3.192335787078627e-20,4.678300714311416e-20,7.3353932386677195e-19,6.917739277089033e-19,2.339150357155708e-20,1.0,0.0,0.0,0.0
1791198872001532194,1020000000,odom,base_link,2.9024180580618105e-20,3.192335787078627e-20,4.678300714311416e-20,7.3353932386677195e-19,6.917739277089033e-19,2.339150357155708e-20,1.0,0.0,0.0,0.0
1791198872021252689,1040000000,odom,base_link,2.9024180580618105e-20,3.192335787078627e-20,4.678300714311416e-20,7.3353932386677195e-19,6.917739277089033e-19,2.339150357155708e-20,1.0,0.0,0.0,0.0
1791198872041430214,1060000000,odom,base_link,2.9024180580618105e-20,3.192335787078627e-20,4.678300714311416e-20,7.3353932386677195e-19,6.917739277089033e-19,2.339150357155708e-20,1.0,0.0,0.0,0.0
1791198872061323903,1080000000,odom,base_link,2.9024180580618105e-20,3.192335787078627e-20,4.678300714311416e-20,7.3353932386677195e-19,6.917739277089033e-19,2.339150357155708e-20,1.0,0.0,0.0,0.0
1791198872081280355,1100000000,odom,base_link,2.9024180580618105e-20,3.192335787078627e-20,4.678300714311416e-20,7.3353932386677195e-19,6.917739277089033e-19,2.339150357155708e-20,1.0,0.0,0.0,0.0
1791198872101350115,1120000000,odom,base_link,2.9024180580618105e-20,3.192335787078627e-20,4.678300714311416e-20,7.3353932386677195e-19,6.917739277089033e-19,2.339150357155708e-20,1.0,0.0,0.0,0.0
1791198872121384489,1140000000,odom,base_link,2.9024180580618105e-20,3.192335787078627e-20,4.678300714311416e-20,7.3353932386677195e-19,6.917739277089033e-19,2.339150357155708e-20,1.0,0.0,0.0,0.0
1791198872141436002,1160000000,odom,base_link,2.9024180580618105e-20,3.192335787078627e-20,4.678300714311416e-20,7.3353932386677195e-19,6.917739277089033e-19,2.339150357155708e-20,1.0,0.0,0.0,0.0
1791198872161402333,1180000000,odom,base_link,2.9024180580618105e-20,3.192335787078627e-20,4.678300714311416e-20,7.3353932386677195e-19,6.917739277089033e-19,2.339150357155708e-20,1.0,0.0,0.0,0.0
1791198872181289428,1200000000,odom,base_link,2.9024180580618105e-20,3.192335787078627e-20,4.678300714311416e-20,7.3353932386677195e-19,6.917739277089033e-19,2.339150357155708e-20,1.0,0.0,0.0,0.0
1791198872201227228,1220000000,odom,base_link,2.9024180580618105e-20,3.192335787078627e-20,4.678300714311416e-20,7.3353932386677195e-19,6.917739277089033e-19,2.339150357155708e-20,1.0,0.0,0.0,0.0
1791198872221206024,1240000000,odom,base_link,2.9024180580618105e-20,3.192335787078627e-20,4.678300714311416e-20,7.3353932386677195e-19,6.917739277089033e-19,2.339150357155708e-20,1.0,0.0,0.0,0.0
1791198872241368695,1260000000,odom,base_link,2.9024180580618105e-20,3.192335787078627e-20,4.678300714311416e-20,7.3353932386677195e-19,6.917739277089033e-19,2.339150357155708e-20,1.0,0.0,0.0,0.0
1791198872261369127,1280000000,odom,base_link,2.9024180580618105e-20,3.192335787078627e-20,4.678300714311416e-20,7.3353932386677195e-19,6.917739277089033e-19,2.339150357155708e-20,1.0,0.0,0.0,0.0
1791198872281457323,1300000000,odom,base_link,2.9024180580618105e-20,3.192335787078627e-20,4.678300714311416e-20,7.3353932386677195e-19,6.917739277089033e-19,2.339150357155708e-20,1.0,0.0,0.0,0.0
1791198872301426286,1320000000,odom,base_link,2.9024180580618105e-20,3.192335787078627e-20,4.678300714311416e-20,7.3353932386677195e-19,6.917739277089033e-19,2.339150357155708e-20,1.0,0.0,0.0,0.0
1791198872321366474,1340000000,odom,base_link,2.9024180580618105e-20,3.192335787078627e-20,4.678300714311416e-20,7.3353932386677195e-19,6.917739277089033e-19,2.339150357155708e-20,1.0,0.0,0.0,0.0
1791198872341411044,1360000000,odom,base_link,2.9024180580618105e-20,3.192335787078627e-20,4.678300714311416e-20,7.3353932386677195e-19,6.917739277089033e-19,2.339150357155708e-20,1.0,0.0,0.0,0.0
1791198872361341416,1380000000,odom,base_link,2.9024180580618105e-20,3.192335787078627e-20,4.678300714311416e-20,7.3353932386677195e-19,6.917739277089033e-19,2.339150357155708e-20,1.0,0.0,0.0,0.0
1791198872381624694,1400000000,odom,base_link,2.9024180580618105e-20,3.192335787078627e-20,4.678300714311416e-20,7.3353932386677195e-19,6.917739277089033e-19,2.339150357155708e-20,1.0,0.0,0.0,0.0
1791198872401453774,1420000000,odom,base_link,2.9024180580618105e-20,3.192335787078627e-20,4.678300714311416e-20,7.3353932386677195e-19,6.917739277089033e-19,2.339150357155708e-20,1.0,0.0,0.0,0.0
1791198872421341467,1440000000,odom,base_link,2.9024180580618105e-20,3.192335787078627e-20,4.678300714311416e-20,7.3353932386677195e-19,6.917739277089033e-19,2.339150357155708e-20,1.0,0.0,0.0,0.0
1791198872441568508,1460000000,odom,base_link,2.999795395641659e-05,-2.5754116394646e-05,2.999940023004784e-05,-1.183337327669233e-10,-1.4351322568434707e-10,1.4999700114461437e-05,0.9999999998875044,0.0029997510087765933,-0.0025754676355369275,0.002999940079462249
1791198872461404684,1480000000,odom,base_link,0.0006500240877742367,-0.00016311469743444208,0.0006499971182842837,-9.625028342504395e-11,-6.506867153901962e-10,0.0003249985534208638,0.9999999471879687,0.040999250510161414,-0.0068797362472563075,0.040999893099069595
1791198872481341726,1500000000,odom,base_link,0.001650196116319273,-0.00029941703521040155,0.002069995154880951,-7.719715448244088e-11,-5.323883822869365e-10,0.0010349973926554706,0.9999994643900552,0.04999943525705357,-0.006882072753814845,0.080999869533116
1791198872501524391,1520000000,odom,base_link,0.002890603223922275,-0.0004330565496376004,0.0042899924519371425,-5.955141289021931e-11,-8.454922652812952e-10,0.002144994581111194,0.9999976994964774,0.07099869624867902,-0.006886647585783938,0.12099986633984372
1791198872521364173,1540000000,odom,base_link,0.004801340930597805,-0.0005597807267483306,0.007144011874058899,-4.237009370467936e-11,-9.45074645381034e-10,0.003571998341028878,0.9999936203935761,0.09999898535905385,-0.006892548070304133,0.14523234858643264
1791198872541321452,1560000000,odom,base_link,0.006832727904480226,-0.00070998962113745,0.010078658148482515,-2.0126674886189416e-10,-9.176806173507417e-10,0.005039307745444499,0.9999873026081115,0.1029982760906714,-0.0098930748674862,0.14823228411842138
1791198872561379683,1580000000,odom,base_link,0.009459617076263879,-0.0012790092521088527,0.013603302562241968,-3.9241023822893546e-10,-1.2870039341509986e-09,0.006801598837722067,0.9999768688591004,0.14099341364743656,-0.03277780662792365,0.18623221694724634
1791198872581465980,1600000000,odom,base_link,0.012469461846766679,-0.001887188394677329,0.01792794687335978,-3.080316866745202e-10,-1.0550944335598222e-09,0.008963853390405192,0.9999598238591365,0.14999256249437518,-0.032785451352874466,0.22623221593676135
1791198872601290673,1620000000,odom,base_link,0.01572207091894748,-0.0024760331837153653,0.023050863679677177,-2.3146668633908989e-10,-1.2753950162495713e-09,0.011525176676964538,0.9999335829456698,0.17099079147864368,-0.032797046121560106,0.26605946477502584
1791198872621521982,1640000000,odom,base_link,0.0196475696171795,-0.0030304022336435756,0.028520960007915954,-1.6527827844468227e-10,-1.298970267948231e-09,0.01425999667060443,0.9998983210781757,0.19999100282653381,-0.03280622168362678,0.27350481832399964
1791198872641597912,1660000000,odom,base_link,0.023709381238267713,-0.003601220525167433,0.03403305561672458,-3.1798094237070974e-10,-1.2397972901071318e-09,0.017015706596327652,0.9998552223842349,0.2041894024262431,-0.037007969875563755,0.27770474553108215
1791198872661535651,1680000000,odom,base_link,0.02841272518019476,-0.004736596760524746,0.03992372999992816,-7.930596969447457e-10,-1.5344297358465753e-09,0.019960539305510363,0.999800768588739,0.2427773491157675,-0.07513521693181065,0.2955434028990567
1791198872681359495,1700000000,odom,base_link,0.033476894512670746,-0.00613071796168977,0.045834597878243004,-6.204406724731224e-10,-1.2626016974974483e-09,0.02291529295433733,0.9997374101977063,0.2499761699787201,-0.08053308666007228,0.2955434028990567
1791198872701605559,1720000000,odom,base_link,0.038820868656027734,-0.007481294955884654,0.05174546575016939,-4.674951180861521e-10,-1.4745697459356095e-09,0.02586984644443345,0.9996653195169578,0.27297570518095876,-0.08053988535494774,0.2955434028990567
1791198872721369394,1740000000,odom,base_link,0.044827770257343705,-0.00876470075136581,0.05765633361227309,-3.433157783863983e-10,-1.4392271172940474e-09,0.02882417396728915,0.9995844971762535,0.2999761570480998,-0.08054786622549048,0.2955434028990567
1791198872741382970,1760000000,odom,base_link,0.050945855096386924,-0.010036445582185924,0.06353720207041202,-4.1665843602069636e-10,-1.3322434365326816e-09,0.03176325759312899,0.9994954204332667,0.302975302458277,-0.08354759963974819,0.29254345572553575
1791198872761268667,1780000000,odom,base_link,0.05769639732291697,-0.011785174722231177,0.06882873806797721,-7.388343860372757e-10,-1.6453688083432848e-09,0.034407576333492285,0.9994078840447752,0.34096952437690814,-0.11775440017360272,0.2546100819017738
1791198872781374534,1800000000,odom,base_link,0.06484810514973445,-0.013664192016292629,0.07375292030003545,-5.723214527233957e-10,-1.3538674048947643e-09,0.03686810283260876,0.999320140392219,0.3499705973570381,-0.119226393825246,0.24620912154205143
1791198872801323147,1820000000,odom,base_link,0.07228016120355275,-0.01548699344462362,0.07867710252304959,-4.18632126710227e-10,-1.5496312354114952e-09,0.039328405836837485,0.999226338971473,0.3729701313458536,-0.11923205674528048,0.24620912154205143
1791198872821341697,1840000000,odom,base_link,0.08037496787105987,-0.01722026125337471,0.08360128473092616,-2.9743191510111727e-10,-1.5011613217632938e-09,0.04178847042905053,0.9991264803513119,0.39997059094792986,-0.11923870657103748,0.24620912154205143
1791198872841366301,1860000000,odom,base_link,0.08858247349665387,-0.0189348576050562,0.08849546753548616,-3.744081179475066e-10,-1.3856738129841327e-09,0.04423329668876701,0.9990212287354275,0.40296999866279143,-0.12223799227041865,0.24320917727891356
1791198872861425207,1880000000,odom,base_link,0.09741039965816405,-0.02083269570713305,0.09279965220380844,-3.302991190143714e-10,-1.676630600001295e-09,0.046383178523934095,0.9989237211869668,0.4409718173743979,-0.1348036202065796,0.20520923717413098
1791198872881297146,1900000000,odom,base_link,0.1066245224890654,-0.0226654197163514,0.09630383696435238,-2.413129471629525e-10,-1.3767543847769417e-09,0.04813331307466158,0.9988409203534148,0.4499776667346529,-0.13478749756429054,0.1652092396398075
1791198872901244392,1920000000,odom,base_link,0.11608316757049882,-0.024445762893151424,0.09904649886190191,-1.5442224464590465e-10,-1.5394235540216958e-09,0.04950300885382457,0.9987739744879309,0.47098207767327593,-0.13477392664384694,0.12905694457003847
1791198872921191584,1940000000,odom,base_link,0.12621305722644804,-0.026134516080345876,0.10159894041346615,-9.084757337342279e-11,-1.5155929673520471e-09,0.050777624290616094,0.9987099843655319,0.49998272570100905,-0.13477696197224273,0.12762207188643515
1791198872941289638,1960000000,odom,base_link,0.13646348505920683,-0.027755323643938245,0.1041213825636164,1.2891027740532364e-10,-1.3773367272910634e-09,0.05203717765141618,0.998645148259418,0.5029832563063953,-0.13177605374525705,0.12462213562685065
1791198872961358188,1980000000,odom,base_link,0.14687037492492297,-0.029004006691998513,0.10605382655372153,2.542639949612695e-10,-1.1327918959618655e-09,0.05300206611821805,0.9985944026416331,0.5109135644955509,-0.11596609774343121,0.0866222006152384
1791198872981333635,2000000000,odom,base_link,0.15727759080118048,-0.03022144963394989,0.10718627066688267,2.1832076410486735e-10,-9.276272308024392e-10,0.0535674837679308,0.9985642316259743,0.5109182060181997,-0.11594565776189539,0.04662220744648948
1791198873001338792,2020000000,odom,base_link,0.1676857203218035,-0.03143106135051618,0.1075187149064146,1.8173953262422226e-10,-7.59064947375688e-10,0.05373346649044054,0.9985553137302513,0.5109228369474946,-0.11592521534667115,0.006622213584250858
1791198873021230443,2040000000,odom,base_link,0.17809389006006368,-0.032640327370437,0.10735506992008322,1.4725017631986623e-10,-6.206892696456301e-10,0.053651762025327815,0.9985597069938169,0.5109245944885604,-0.11591748546792965,-0.008500684998580255
1791198873041227856,2060000000,odom,base_link,0.18846881724572687,-0.033824763061857735,0.10715505683036966,2.8417445012126895e-10,-3.5489057663290124e-10,0.0535518992510707,0.9985650675277016,0.5079251239651159,-0.11291623121113677,-0.011500624259497272
1791198873061140985,2080000000,odom,base_link,0.1982213376174756,-0.03457158732439042,0.10636504558404151,5.520087122655992e-10,1.5039959110184622e-10,0.05315745626672295,0.9985861429257125,0.4718035249317395,-0.08331926807950964,-0.04950056099914946
1791198873081246267,2100000000,odom,base_link,0.2077169835979179,-0.035239277371863977,0.10477503445910857,4.3946362797547663e-10,1.2371294241764606e-10,0.0523635580134669,0.9986280878245767,0.46861981908938466,-0.08323623119563751,-0.08950055416789837
1791198873101427191,2120000000,odom,base_link,0.2172113001113041,-0.03592559668328523,0.10245463841838581,3.416745923740652e-10,1.0235241436051404e-10,0.05120491670059404,0.9986881678009835,0.4686225604691637,-0.08322074487086724,-0.1225390522449743
1791198873121292163,2140000000,odom,base_link,0.22670392329458786,-0.03663494913146206,0.09999866481513969,2.605134515735408e-10,8.508193778110695e-11,0.04997850251255374,0.9987502937604588,0.4686225888596348,-0.0832206223464535,-0.12279867951292545
1791198873141291588,2160000000,odom,base_link,0.23616199029017815,-0.037340707370182545,0.09751269181832545,3.601310672222373e-10,2.2283659752182386e-10,0.04873703109302761,0.9988116448060852,0.4656226797605189,-0.08021983784774334,-0.1257986223208718
1791198873161313883,2180000000,odom,base_link,0.245093187228856,-0.03755058513395595,0.09443672065070689,7.632141966115649e-10,4.506824771650024e-10,0.04720081614671257,0.9988854203336258,0.43929290050471304,-0.044261933398731974,-0.16379855951527134
1791198873181423761,2200000000,odom,base_link,0.25391779842899453,-0.037561718440572454,0.09067643750715008,5.977808956453559e-10,3.682196034243203e-10,0.04532268782313979,0.9989723990023379,0.4392936114989642,-0.041304588806991824,-0.19228146993555129
1791198873201474110,2220000000,odom,base_link,0.2627423020567392,-0.03760665241775738,0.08683080800100536,4.6164734753299125e-10,3.010856008413733e-10,0.0434017663561815,0.9990576993733462,0.43929361204480416,-0.04130458851403774,-0.19228146993555129
1791198873221472821,2240000000,odom,base_link,0.27156656763195874,-0.03768552175132437,0.0829851785083289,3.501978309351544e-10,2.464401836649209e-10,0.04148068443027105,0.9991393060125281,0.43929361687014723,-0.04130458873937729,-0.19228146993555129
1791198873241358030,2260000000,odom,base_link,0.2803581770355404,-0.037770824764331336,0.0791095496241251,4.263970238753658e-10,3.5219258170776656e-10,0.03954446118260412,0.9992178118857657,0.43629337357217873,-0.03830410043221416,-0.19528141274349764
1791198873261296957,2280000000,odom,base_link,0.2888934272212402,-0.037386734778564995,0.0748589540178264,6.999671591648158e-10,3.296035496420863e-10,0.03742073805186822,0.999299598900977,0.42694980707299257,-0.00696776006491778,-0.213945924770087
1791198873281421299,2300000000,odom,base_link,0.29741954149733896,-0.036899594985513054,0.07058003544478747,5.430327875839552e-10,2.676542921966677e-10,0.03528269323331542,0.9993773719462552,0.4269497348429126,-0.0066351370856683415,-0.213945924770087
1791198873301323146,2320000000,odom,base_link,0.3059476621439601,-0.03644894209018487,0.06630111688733477,4.1455997403864486e-10,2.1733025520099448e-10,0.0331444869236339,0.9994505705569281,0.4269497361254421,-0.006635137270031062,-0.213945924770087
1791198873321438140,2340000000,odom,base_link,0.31447763301907,-0.036034784343349426,0.06202219834263065,3.093926416942944e-10,1.76458397918861e-10,0.03100612890858533,0.9995191943980387,0.4269497344016601,-0.006635137502209919,-0.213945924770087
1791198873341473875,2360000000,odom,base_link,0.323038349432103,-0.03564005811148367,0.05771328040614077,2.842200188278149e-10,1.4374123909328484e-12,0.028852635521757944,0.9995836760489082,0.429949187144696,-0.005096331208479873,-0.21694586757803336
1791198873361366356,2380000000,odom,base_link,0.3317723329299746,-0.03522190461066273,0.05322349172595989,2.0024913027529267e-10,-2.911339537678821e-12,0.026608604967578813,0.9996459283874863,0.43718740268724643,-0.0032859907011538146,-0.22448944218922406
1791198873381434592,2400000000,odom,base_link,0.34050810586580293,-0.03484296893020462,0.048733703021865596,1.3147685219482423e-10,-3.348170650458674e-12,0.02436444030609176,0.9997031429622351,0.4371874013499418,-0.0032859901517062083,-0.22448944218922406
1791198873401341085,2420000000,odom,base_link,0.3492454920876165,-0.034503258711933486,0.04424391432468548,7.522964723860781e-11,-3.503592127833029e-12,0.022120152862281493,0.9997553194843972,0.43718740212720675,-0.00328599026291284,-0.22448942763730884
1791198873421203011,2440000000,odom,base_link,0.3579843154658606,-0.03420278080372033,0.03975412563316033,2.921755282047733e-11,-3.456588576805851e-12,0.01987575394571453,0.9998024576910628,0.4371873990507137,-0.0032859906542764905,-0.22448942763730884
1791198873441304451,2460000000,odom,base_link,0.36676563280768365,-0.03391956744392052,0.03530633622502406,5.709057857739908e-11,-1.7353458634302088e-10,0.017652251237886718,0.9998441868742522,0.44138666849106317,-0.0012419232007359199,-0.2202895047958009
1791198873461300926,2480000000,odom,base_link,0.3757690198652306,-0.033612432030361156,0.03147654507100725,1.8079846653803432e-11,-1.5755683683684266e-10,0.015737622832976795,0.9998761559451086,0.45043133834998966,0.0003877754424577224,-0.18148955859942362
1791198873481382393,2500000000,odom,base_link,0.3847734265105839,-0.03333673827778686,0.028246873501531843,-9.430312246251514e-12,-1.2924712021285075e-10,0.014122967218344074,0.9999002659250319,0.45043134195611756,0.0003779881701448097,-0.1597667287569493
1791198873501384558,2520000000,odom,base_link,0.393778669223195,-0.03308985633144009,0.02505153898856883,-3.156804496031663e-11,-1.0601284938459676e-10,0.012525441958625514,0.9999215535749497,0.4504313448871241,0.00037798808292134655,-0.1597667287569493
1791198873521389315,2540000000,odom,base_link,0.40278465483221604,-0.03287175035908396,0.0218562044778459,-4.964734791675642e-11,-8.693811916632845e-11,0.010927884728333817,0.9999402888849734,0.4504313435464942,0.00037798817541980536,-0.1597667287569493
1791198873541330026,2560000000,odom,base_link,0.4118216697348712,-0.032702063768894805,0.018690869371089915,-1.441548609772665e-10,-2.155116685639089e-10,0.009345298652201343,0.9999563317430923,0.4534314239943809,-0.0016463217590984825,-0.15676678594900295
1791198873561291226,2580000000,odom,base_link,0.42110122536935113,-0.03262936988615769,0.01611553240588441,-1.3763827009589107e-10,-2.2012595674933055e-10,0.008057679007993583,0.9999675363775586,0.4640525073541297,-0.004383949053812091,-0.11876684948219918
1791198873581222181,2600000000,odom,base_link,0.43038254107848517,-0.03257708080547811,0.014279523299595866,-1.2688657525872424e-10,-1.7993200741790188e-10,0.007139700990303839,0.9999745120100657,0.46405235587332055,-0.004399699300154994,-0.08483405690640211
1791198873601243319,2620000000,odom,base_link,0.4396639332292978,-0.03254076625050619,0.012592506327292436,-1.1678983286179318e-10,-1.470675672192594e-10,0.006296211563540429,0.999980178663531,0.46405235783854304,-0.004399923652544579,-0.08435084600932896
1791198873621449333,2640000000,odom,base_link,0.4489453734358586,-0.03252010960570608,0.010905489353910109,-1.0850993009813777e-10,-1.2017651339003821e-10,0.005452717656441976,0.999985133824578,0.4640523586128572,-0.0043999234653997,-0.08435084600932896
1791198873641250910,2660000000,odom,base_link,0.45825679725895185,-0.03251118246687546,0.009248471779689228,-8.858417194454328e-11,-2.4163358920092635e-10,0.00462421940942651,0.9999893082402699,0.4670520850462404,-0.004038355668811068,-0.08135090683936141
1791198873661336723,2680000000,odom,base_link,0.46776471925321583,-0.032502972211948276,0.008181452332170037,-8.105195161389708e-11,-2.136672505892813e-10,0.00409071475703163,0.9999916329913848,0.47538197466420573,-0.0036929705738360957,-0.04335097401053645
1791198873681314449,2700000000,odom,base_link,0.4772726453855855,-0.03250129417058223,0.007912757246696742,-6.861755555188663e-11,-1.7474697584678e-10,0.00395636830186898,0.9999921735443033,0.47538182526131506,-0.0037119105152099456,-0.003518531678992076
1791198873701384105,2720000000,odom,base_link,0.48678057160866217,-0.03249997378706484,0.00799222761237052,-5.5498635966318934e-11,-1.4293037823102564e-10,0.003996103170586441,0.9999920155478492,0.47538179451070406,-0.003715473095017946,0.0039735182326694485
1791198873721274498,2740000000,odom,base_link,0.49628849769678685,-0.03249789780520182,0.008071697976614896,-4.4767804745393805e-11,-1.169033839326366e-10,0.0040358380322798185,0.999991855972526,0.4753817969189149,-0.003715473133040375,0.0039735182326694485
1791198873741211961,2760000000,odom,base_link,0.5058253637960041,-0.03252212658031968,0.008181167741962782,-1.6730574803742048e-10,-2.20941647352885e-10,0.004090572463118546,0.9999916335734634,0.47825360429183184,-0.006448372042907215,0.006973458494030638
1791198873761320365,2780000000,odom,base_link,0.5155089858278222,-0.032667769476322814,0.008880635645734053,-1.3141210521194335e-10,-1.8083581089039755e-10,0.00444030323168447,0.9999901418050133,0.4841018094928832,-0.011393445933853177,0.04497339359659236
1791198873781367237,2800000000,odom,base_link,0.5251927575088695,-0.03280305120505167,0.010302600905342489,-9.61656525744156e-11,-1.481342878614642e-10,0.005151277670305656,0.9999867320811628,0.4841014457874205,-0.011409061931439658,0.07722313530393876
1791198873801327098,2820000000,odom,base_link,0.5348767235767681,-0.03292360709681984,0.011849841006238496,-6.623131926549708e-11,-1.2137884104895725e-10,0.005924885837770781,0.9999824477098632,0.4841014464611898,-0.011409129207651211,0.07736200495855883
1791198873821411768,2840000000,odom,base_link,0.5445608645819051,-0.033029179429769476,0.013397081103874168,-4.176679032748935e-11,-9.946446189316537e-11,0.0066984904576329815,0.9999775648611268,0.48410144471423344,-0.011409129270455105,0.07736200495855883
1791198873841378937,2860000000,odom,base_link,0.5542662260073576,-0.033089436875874255,0.014974320597024594,1.5231691334774894e-10,-1.535617286177192e-10,0.007487090346707102,0.9999719713462675,0.48625307016203634,-0.008410993657613032,0.08036194412852637
1791198873861334873,2880000000,odom,base_link,0.5640499097552552,-0.0328988575864877,0.017141558194765816,1.8832614774340266e-10,-1.248755774167189e-10,0.008570674165356517,0.9999632710976695,0.48927427463661033,0.0017320352348845127,0.11836188059533015
1791198873881341080,2900000000,odom,base_link,0.5738330542918512,-0.03268219552078489,0.020108795683201862,1.7786584519805876e-10,-1.0160373548703918e-10,0.010054228441075976,0.9999494549678272,0.4892743461722734,0.0017124599459076117,0.15836187376407906
1791198873901361778,2920000000,odom,base_link,0.5836154233450556,-0.03243303885622771,0.023730911786010576,1.7470137973157655e-10,-8.241194658192729e-11,0.01186517747393414,0.9999296063041198,0.4892743962248378,0.0016997812998349186,0.18426842871122062
1791198873921415192,2940000000,odom,base_link,0.5933968104547608,-0.032147930467580854,0.027416280438088705,1.7268428713775451e-10,-6.665198787425851e-11,0.013707710899871925,0.999906044917164,0.48927439604447376,0.0016997814216106366,0.18426842871122062
1791198873941401263,2960000000,odom,base_link,0.6031569062095448,-0.03186496190854678,0.03114364837361985,1.9883399267686362e-11,-2.011670330010226e-12,0.015571194880684175,0.9998787615956185,0.48714039915792745,-0.002060554032412775,0.1884683602838777
1791198873961363299,2980000000,odom,base_link,0.6128643564526457,-0.03168329491377616,0.035489014577976874,5.076893470726781e-11,-1.3951781238758414e-12,0.017743576108758548,0.9998425703613908,0.4854057368004015,-0.007114844147634547,0.22726831084582955
1791198873981338763,3000000000,odom,base_link,0.622570836828217,-0.03145575902221369,0.0406343806836843,8.241626575223608e-11,-6.797581630528816e-13,0.020315792587873714,0.9997936129879639,0.48540544974620053,-0.007134264395013562,0.26726830401457846
1791198874001354869,3020000000,odom,base_link,0.6322759198673071,-0.031174971765682544,0.04639827912873476,1.1337948368714244e-10,1.6652012053624314e-13,0.023197058657250573,0.9997309120306583,0.4854052861278742,-0.007145695933819471,0.290812662569806
1791198874021446378,3040000000,odom,base_link,0.6419792082715542,-0.030837823681860357,0.052214532361157466,1.3919539132816951e-10,1.080753696663998e-12,0.026104300542561396,0.9996592246826834,0.4854052814646811,-0.00714569597790519,0.290812662569806
1791198874041417782,3060000000,odom,base_link,0.6516930585125039,-0.030434489547014897,0.05806078499140497,1.9222286405971526e-10,-3.6623544851107984e-11,0.029026315040746667,0.9995786477487179,0.48672785136833563,-0.006248085889404384,0.29381260101217777
1791198874061276371,3080000000,odom,base_link,0.6614454688892459,-0.029942654221253744,0.0644970357717105,2.0880121606219578e-10,-2.8229484321807384e-11,0.03224292861126894,0.9994800616093192,0.48821156360916634,-0.005367531531901179,0.3318125382065773
1791198874081205330,3100000000,odom,base_link,0.6711942958505147,-0.029384356304565623,0.07173328647915996,2.2877132486016115e-10,-2.089108710236701e-11,0.03585895382964924,0.9993568609011714,0.4882113487365304,-0.005387064293094086,0.3718125371960923
1791198874101510508,3120000000,odom,base_link,0.6809385830354171,-0.028751826198862126,0.07976953712494983,2.5150514389742953e-10,-1.4325945541410949e-11,0.03987419465672833,0.9992047080556002,0.48821113193435794,-0.005406597690404906,0.41181253327522427
1791198874121482153,3140000000,odom,base_link,0.690677206918704,-0.02803744928847769,0.08850534652453344,2.757975969250302e-10,-8.32377861813285e-12,0.044238231348115706,0.9990210102331134,0.48821097021479254,-0.005421225313641343,0.44176840456202626
1791198874141466377,3160000000,odom,base_link,0.7004081972772492,-0.02721781103359721,0.09738271411002353,3.5561961770977203e-10,-2.1139211991361886e-12,0.04867211936584304,0.9988148100606223,0.48830263513245853,-0.0034832721322484,0.4459683405002579
1791198874161290867,3180000000,odom,base_link,0.7101283692025874,-0.02625929027442318,0.10687807999599148,3.6687631442014376e-10,3.486187076792705e-12,0.05341360904231346,0.9985724742696821,0.4883637898605396,-0.0019620463179395543,0.4847682954277843
1791198874181337849,3200000000,odom,base_link,0.7198385952045981,-0.025204828342189133,0.11717344586087228,3.8245886666607043e-10,8.98022838823105e-12,0.05855321313054349,0.9982842887835555,0.4883637131109661,-0.0019815849448247013,0.5247682915069163
1791198874201209148,3220000000,odom,base_link,0.7295370206727751,-0.024046901487013668,0.12821031567960547,4.0117145747078765e-10,1.4474096347579633e-11,0.06406126047654336,0.9979459679292043,0.4883636422406741,-0.0019988535355304556,0.5601186770945787
1791198874221349895,3240000000,odom,base_link,0.7392218798466039,-0.022780522579723034,0.13945969706667452,4.1826327499407265e-10,1.970766925407697e-11,0.06967335492274349,0.9975698590142995,0.4883636324814794,-0.002000002303090826,0.562469067517668
1791198874241381729,3260000000,odom,base_link,0.7489032956449364,-0.021373208129056197,0.1507390778545769,6.090516851938019e-10,-1.1751898205676364e-11,0.07529820223434097,0.9971610605816276,0.4899714831755221,0.0009973876143669843,0.5654690088704228
1791198874261423876,3280000000,odom,base_link,0.7585765556480552,-0.019560559228538194,0.1626084568384359,6.864176061556743e-10,1.0808465960335912e-11,0.08121468274638093,0.9966966315315833,0.49188896466098464,0.014282340721440818,0.6034689489752054
1791198874281326830,3300000000,odom,base_link,0.7682257551021052,-0.017622736495724326,0.17527783585758475,6.631029754604863e-10,2.3729459347105645e-11,0.08752677471792925,0.9961621673741062,0.4918895400877827,0.014262662014840471,0.6434689566958696
1791198874301282034,3320000000,odom,base_link,0.7778489562361784,-0.015559708548518002,0.18850665632243324,6.485380926130566e-10,3.5545224378611525e-11,0.09411383724591155,0.9955614424227417,0.49188980360487183,0.014253328935112834,0.6624340312555432
1791198874321388501,3340000000,odom,base_link,0.7874439854481738,-0.013369389717268197,0.2017553372887202,6.366920009610515e-10,4.587116103735973e-11,0.1007066620406347,0.9949161614028759,0.49188980083706735,0.014253329888184374,0.6624340312555432
1791198874341506782,3360000000,odom,base_link,0.7969734779913232,-0.011029164536395545,0.21503401766110639,7.837733231309638e-10,2.1638028439222748e-10,0.10730998075418995,0.9942256122382562,0.48889208842556425,0.017253631730500246,0.6654339784290642
1791198874361458790,3380000000,odom,base_link,0.8061654683783583,-0.008024235493842615,0.228902696242674,1.3871222492772532e-09,2.8064736967870767e-10,0.11420164323588013,0.993457590781924,0.48147057941766025,0.05524003326242982,0.7034339301753789
1791198874381327939,3400000000,odom,base_link,0.8152259925928858,-0.004519383076298658,0.2433514770705197,1.2449490013991599e-09,2.6370821463121804e-10,0.12137572611766143,0.9926066356363987,0.4814781827924942,0.06423069290449872,0.723774079233408
1791198874401389713,3420000000,odom,base_link,0.8241831436274364,-0.0006836708340624764,0.25782695874281963,1.3923102206558145e-09,2.8584380771315707e-10,0.12855671386132358,0.9917021585744269,0.4814901063838154,0.08069851972990517,0.723774079233408
1791198874421474107,3440000000,odom,base_link,0.8330503404283972,0.0034069287657102873,0.2723024404177965,1.2486064350716783e-09,2.728412180561138e-10,0.1357309672060859,0.9907457315281759,0.4814903761388842,0.08106561731719646,0.723774079233408
1791198874441465015,3460000000,odom,base_link,0.8418703286031115,0.007660492138102969,0.286773482208887,1.3136285432031852e-09,2.1092799975544963e-10,0.14289591316984146,0.9897377218229874,0.48371887035856337,0.08406399026306122,0.7233301002997905
1791198874461377181,3480000000,odom,base_link,0.8505422407667124,0.012619626877692353,0.30123120405281545,1.7210569436782237e-09,2.995715243967049e-10,0.15004679359841067,0.9886788961694469,0.4869407540666254,0.12092380038258152,0.7228860631585121
1791198874481299110,3500000000,odom,base_link,0.8590588474122098,0.017966430947107575,0.3156889258877692,1.5165437447300658e-09,2.9682517253945574e-10,0.1571898331468923,0.9875684059118397,0.4869438976340528,0.12526885859117795,0.7228860689792782
1791198874501430063,3520000000,odom,base_link,0.8674972640731052,0.023435802658715983,0.3301466477448292,1.3489868425348744e-09,2.9415900051981316e-10,0.1643246585625087,0.9864063090777121,0.48694389922870424,0.1252688596820796,0.722886121366173
1791198874521465680,3540000000,odom,base_link,0.8758557269324145,0.029026598793106016,0.3446043696199704,1.2116528151155808e-09,2.917779085958085e-10,0.17145089700435495,0.9851926663939404,0.48694390221461614,0.12526885303877539,0.722886121366173
1791198874541403122,3560000000,odom,base_link,0.8841501095336948,0.034776230128167454,0.35903209209980796,1.2952275233150467e-09,1.7964556478762664e-10,0.17855341743762296,0.983930219640268,0.4899454356877987,0.12826794594642044,0.719886168371886
1791198874561343014,3580000000,odom,base_link,0.8924241852648985,0.04128841590698922,0.3728698162641396,1.7245453265413294e-09,2.2952623689144493e-10,0.18535676689400685,0.982671292430282,0.5032902422842727,0.16533556367145458,0.6818862049840391
1791198874581379068,3600000000,odom,base_link,0.9005110915486748,0.04818050846023691,0.3859075403538885,1.5098890099320092e-09,2.462188725293921e-10,0.19175868170846147,0.9814421062851507,0.5032867353301841,0.17015857914057853,0.641886203084141
1791198874601427891,3620000000,odom,base_link,0.9085093030875101,0.05517534300047986,0.39853049410580543,1.3305888212684819e-09,2.5740718608620774e-10,0.19794917042643573,0.9802122861541197,0.5032849101011276,0.17016398043235229,0.6311477045528591
1791198874621461262,3640000000,odom,base_link,0.9164185842998973,0.06227057864701193,0.41115344777273816,1.1835642149825689e-09,2.6623402126738425e-10,0.20413177387518064,0.9789434196594674,0.5032849103333102,0.17016398365335245,0.6311477045528591
1791198874641384165,3660000000,odom,base_link,0.9241995330188331,0.06949396450133961,0.4237344021635174,1.2523387220428546e-09,3.74944235355552e-10,0.21028571577557295,0.9776399734773302,0.5009892257541794,0.174367252700489,0.6269477598834783
1791198874661445790,3680000000,odom,base_link,0.9316962942204461,0.07708914167733652,0.4356973581739958,1.2160757126291525e-09,3.8589268266093404e-10,0.21612965110565627,0.9763646726059619,0.49904466920670787,0.1893718664617046,0.5881477962248027
1791198874681531527,3700000000,odom,base_link,0.9391005539975157,0.0847793085582025,0.44686031418475747,1.0763279249427642e-09,3.685399855785873e-10,0.22157581423255185,0.9751431477209803,0.4990370935320027,0.18939182877765276,0.5481478001456708
1791198874701280323,3720000000,odom,base_link,0.9464206305890468,0.09254965622688258,0.4575886377214529,9.5851147201653e-10,3.519969238173466e-10,0.22680342690952104,0.9739405554458124,0.49903486384222234,0.18939770084855728,0.536377658136189
1791198874721325113,3740000000,odom,base_link,0.9536569304674595,0.100398082080542,0.4683161910922466,8.619485093534587e-10,3.383579795155031e-10,0.23202413893380244,0.9727100281954677,0.4990348652413955,0.18939770378596943,0.536377658136189
1791198874741382015,3760000000,odom,base_link,0.9607770667556046,0.10830447361887391,0.47900174518814437,7.471332683353392e-10,4.4126174668414144e-10,0.23721777543438874,0.9714564977485919,0.4953474280713378,0.18914929891523707,0.5321777367498726
1791198874761368427,3780000000,odom,base_link,0.967700247920059,0.1162183859686431,0.48906930096578055,6.82290331045945e-10,4.078853794903189e-10,0.242104845606353,0.970250093395473,0.4905929900961151,0.18900256475082639,0.4933777905534953
1791198874781420613,3800000000,odom,base_link,0.9745464432926615,0.12419899982797283,0.4983368567766011,6.235541655694386e-10,3.769282312891945e-10,0.24659815374194874,0.9691178207891248,0.4905854292788083,0.18902219467516618,0.4533777915639803
1791198874801449401,3820000000,odom,base_link,0.9813213192521419,0.13224025371846965,0.5069103972030466,5.704711369275208e-10,3.4837558161631334e-10,0.2507502606359027,0.9680518099724967,0.49057987255128266,0.18903661938990624,0.42397625220473856
1791198874821476933,3840000000,odom,base_link,0.9880276242504643,0.14033878408289366,0.5153899221689691,5.262401302788518e-10,3.245967706276948e-10,0.2548523043971188,0.9669799909736904,0.49057987119195456,0.1890366211756333,0.4239762492943555
1791198874841415603,3860000000,odom,base_link,0.9946649864705411,0.14852516150633438,0.5238394477363113,6.282628970647137e-10,2.927041716649146e-10,0.2589352789451779,0.9658946740289973,0.49213852161540944,0.19175068578719562,0.4209763108519837
1791198874861642004,3880000000,odom,base_link,1.0012175837149413,0.15689951329959007,0.531698975121674,5.694467211335132e-10,2.7779935446601555e-10,0.26272900762480633,0.9648696640233252,0.49397042207991715,0.19662254007048077,0.38297637074720114
1791198874881489874,3900000000,odom,base_link,1.0077072763803812,0.16532271302893484,0.5388411273766274,5.161239103080997e-10,2.6206812173393187e-10,0.2661729480895157,0.9639252884458089,0.49396418121534114,0.19663822439388995,0.35123884736094624
1791198874901585418,3920000000,odom,base_link,1.0141374433657226,0.17379144205272773,0.5458642654156789,4.715061180196875e-10,2.48575601845411e-10,0.26955619020979094,0.9629846625567735,0.4939641692823498,0.19663826072109586,0.3511568938847631
1791198874921241975,3940000000,odom,base_link,1.0205079752061297,0.1823051217992401,0.5528874034601263,4.3493466661279086e-10,2.375892720556144e-10,0.27293610840716337,0.9620321620026813,0.49396416349700056,0.19663826979713706,0.3511568938847631
1791198874941209426,3960000000,odom,base_link,1.026839997883608,0.19086388336838378,0.5598805421083849,3.848137715078429e-10,1.6164526342637722e-10,0.27629824524299906,0.9610719430280126,0.49580945321285164,0.1955508646526431,0.3481569583527744
1791198874961217911,3980000000,odom,base_link,1.0331865118591315,0.19947137919860863,0.5662836826059848,3.603701972567989e-10,1.6360571168564735e-10,0.2793737632918028,0.960182430782909,0.4981099136897923,0.1944364963787635,0.31015702697914094
1791198874981298603,4000000000,odom,base_link,1.039481069314023,0.20811694813312076,0.5718868231875797,3.346201938799952e-10,1.613645516619244e-10,0.282062681971596,0.9593959784359064,0.49810213902351475,0.19445642951397096,0.270157030900009
1791198875001298026,4020000000,odom,base_link,1.0457295923743617,0.2167958493230241,0.5770189742572671,3.1000246314876605e-10,1.571588368810612e-10,0.28452363316356033,0.9586690263961842,0.49809946880754435,0.19446326252631926,0.25643539265729487
1791198875021372652,4040000000,odom,base_link,1.051933520091389,0.22550668437497948,0.5821476819971424,2.897595285041091e-10,1.5372306657628656e-10,0.2869810615965572,0.9579362558567835,0.498099471309963,0.19446326439038622,0.25643539265729487
1791198875041354966,4060000000,odom,base_link,1.0580452914394038,0.23424469915324653,0.5872343904554995,2.8999232438861376e-10,3.3504334280200505e-10,0.28941650200787516,0.9572032638711203,0.4938994889348504,0.19671676736089638,0.25223545962944627
1791198875061405825,4080000000,odom,base_link,1.06381441069149,0.24288370712024024,0.5917031006400238,2.438505074915496e-10,3.7256482480900833e-10,0.2915545097824121,0.9565542158317726,0.47955837017356784,0.19861479327100018,0.21343550906749442
1791198875081592932,4100000000,odom,base_link,1.0695418498766533,0.2515419947424668,0.5953718109313224,2.239560887605269e-10,3.227973015495513e-10,0.2933086784265437,0.9560177922819608,0.47955042397458475,0.19863397694140392,0.1734355158987455
1791198875101290097,4120000000,odom,base_link,1.0752404088629404,0.2602193196651145,0.598443716872006,2.036479141439562e-10,2.790980082802343e-10,0.2947767302371962,0.9555661564280451,0.47954615576380777,0.1986442830402259,0.15194948355201632
1791198875121507374,4140000000,odom,base_link,1.0809125364306178,0.26891394514937805,0.6014827065944606,1.8678695368812318e-10,2.4315564269452656e-10,0.2962283672429965,0.9551171417373622,0.479546154082177,0.19864428039215082,0.15194948355201632
1791198875141449693,4160000000,odom,base_link,1.086531225107565,0.2776120774204273,0.6044916969197223,1.4336437244234918e-10,3.5478793539806317e-10,0.2976650005631535,0.9546703868036014,0.4765458507510922,0.19905456916157277,0.14894954510964453
1791198875161398081,4180000000,odom,base_link,1.0919364704843475,0.2862097219275081,0.6069106891074495,1.234746184123915e-10,3.322638276299542e-10,0.2988194526612149,0.9543096639515142,0.46692477556159834,0.19948220989941703,0.11094961082562804
1791198875181508456,4200000000,odom,base_link,1.0973234228115698,0.2948181757728848,0.6086861641560987,1.1245294711651877e-10,2.8039939919920696e-10,0.2996665113019593,0.9540440147100723,0.4669197941636253,0.19949387563221435,0.0859867432154715
1791198875201353804,4220000000,odom,base_link,1.1026954910052593,0.30343592591557145,0.6104058989881674,1.0303224669982431e-10,2.376595202868766e-10,0.3004867517800773,0.9537859885763987,0.4669197915213192,0.1994938696199707,0.0859867432154715
1791198875221318226,4240000000,odom,base_link,1.1080527310172,0.31206290184328606,0.6121256338245006,9.53539300692302e-11,2.0270371917026535e-10,0.30130677008875945,0.9535272572394978,0.4669197954404901,0.19949387268570942,0.0859867432154715
1791198875241311768,4260000000,odom,base_link,1.1133533454122488,0.32070631839451347,0.6138153692611229,2.1080950724112188e-10,3.631934923104607e-10,0.3021122668544906,0.9532723525918713,0.46391966589758243,0.20249527865679834,0.08298680259031244
1791198875261323239,4280000000,odom,base_link,1.1183127633555214,0.3293530937085192,0.614915106544312,1.7082345481935153e-10,3.6751667478105725e-10,0.30263639572901035,0.9531060864248816,0.451633970854461,0.21030296350188724,0.04498686575971078
1791198875281352264,4300000000,odom,base_link,1.1232622330653954,0.3380008090482666,0.6152148439528935,1.4171472748274192e-10,3.0220084396687524e-10,0.3027792331039979,0.9530607199968714,0.4516255545119157,0.2103210384522251,0.004986871997925135
1791198875301346926,4320000000,odom,base_link,1.1282122370548417,0.3466482185519701,0.6148324592020679,1.136463061001391e-10,2.453505945700215e-10,0.3025970096281638,0.9531185916579809,0.45161960773438026,0.21033380854475875,-0.023296972358366475
1791198875321397495,4340000000,odom,base_link,1.1331661409394784,0.35529339445882197,0.6143665197489852,9.008134764441133e-11,1.9839011659578983e-10,0.3023749536408022,0.9531890617347236,0.4516196049369057,0.21033381038248727,-0.023296972358366475
1791198875341716252,4360000000,odom,base_link,1.1380822538529034,0.3639435082344692,0.6139305796990974,1.92817035100144e-10,3.492666017734165e-10,0.3021671798158269,0.9532549477669391,0.44862041812616765,0.21333217490556108,-0.020297032551752636
1791198875361497064,4380000000,odom,base_link,1.1422084155740546,0.37275634652729567,0.6140846377076558,6.59564224165799e-10,8.366456777555024e-10,0.30224060719875545,0.9532316693019214,0.4143461037443344,0.25131549413642057,0.017702897730487166
1791198875381473971,4400000000,odom,base_link,1.1459528647208255,0.38177046354266075,0.6150386955706255,5.441943310873637e-10,6.894695118840338e-10,0.30269529187775235,0.9530873833364086,0.4128343750559094,0.2602994589510314,0.057702892809174955
1791198875401419497,4420000000,odom,base_link,1.1495468076975257,0.39098511401458946,0.616762129133336,9.193344341934204e-10,7.218662307819941e-10,0.3035164707843617,0.9528261918957758,0.41284599436400715,0.2812474862334683,0.09464046743232757
1791198875421420683,4440000000,odom,base_link,1.1529190281162895,0.4004944204287382,0.6186941065855643,7.616398047824114e-10,6.021101092601974e-10,0.30443674838974216,0.9525325538950786,0.412847372036732,0.289920810827285,0.09659887291491032
1791198875441346184,4460000000,odom,base_link,1.156231004393211,0.4100171983571657,0.62065608345799,7.540519876863267e-10,6.937739248851959e-10,0.30537102517479603,0.952233446684002,0.4098487778176034,0.2929196443770219,0.09959881281247362
1791198875461276656,4480000000,odom,base_link,1.1589866256721104,0.4198893117331245,0.6232080584193483,1.2291459754518528e-09,8.196729726570623e-10,0.30658581420776415,0.9518430219981456,0.39950425402393697,0.3309052507651745,0.1375987456412986
1791198875481316952,4500000000,odom,base_link,1.1614910395676101,0.4300767564866776,0.6262200901088246,1.0190221581703728e-09,6.907248381372381e-10,0.3080189566576354,0.9513802196490853,0.3995099248175477,0.33990046701587434,0.150713007315062
1791198875501292073,4520000000,odom,base_link,1.1638069084720513,0.44048893318974236,0.6292343503446206,1.3008165958877963e-09,7.331167481283601e-10,0.30945246007401506,0.9509149146764605,0.39951333684482726,0.3625518455529376,0.150713007315062
1791198875521400198,4540000000,odom,base_link,1.1659047940889125,0.45116390010691765,0.6322486105780101,1.0773649557455072e-09,6.211927555635923e-10,0.3108852605863192,0.9504474497573111,0.39951432669020476,0.36915934988475174,0.150713007315062
1791198875541448889,4560000000,odom,base_link,1.167911809284241,0.4618540430239816,0.6352208715534676,1.0375990452249987e-09,7.566117399668254e-10,0.3122974056904383,0.9499843842921956,0.39531365706220534,0.373361349806777,0.14651308447355404
1791198875561415550,4580000000,odom,base_link,1.1693132885994413,0.4728901584977781,0.6377902863261473,1.4250119406287073e-09,8.654626148048003e-10,0.3135175995909323,0.9495823896570217,0.3843192118991965,0.4119703242818483,0.12705659901257604
1791198875581423781,4600000000,odom,base_link,1.1704818890318263,0.4842037224424354,0.6403314183439164,1.1754987028990802e-09,7.276109694135806e-10,0.3147238533115968,0.949183278485615,0.3843201373047004,0.41917072700296626,0.12705659901257604
1791198875601453488,4620000000,odom,base_link,1.171601008054486,0.49554795562679893,0.6428725503894929,1.002939780581384e-09,6.251236150710335e-10,0.3159295989748508,0.9487826350074026,0.3843204045482729,0.4213458360988587,0.12705659901257604
1791198875621304003,4640000000,odom,base_link,1.172685973753494,0.5069020991288242,0.6454136824597074,8.304716100592202e-10,5.306893651216076e-10,0.3171348346326939,0.9483804598696105,0.3843204014928995,0.42134583505240053,0.12705659901257604
1791198875641505648,4660000000,odom,base_link,1.1737019681814702,0.5182662113405344,0.6479248151472599,8.181533432606771e-10,6.141052529608238e-10,0.31832533893326925,0.9479815286138329,0.3815558896570891,0.4243470872517527,0.12405666275299154
1791198875661357926,4680000000,odom,base_link,1.1743398565906376,0.5298838321956246,0.6498550064156156,8.820150985896775e-10,5.866762674237686e-10,0.31924008338016824,0.9476738727871646,0.3764866683116531,0.44574084888325133,0.08696240256540477
1791198875681375007,4700000000,odom,base_link,1.1749306185422184,0.5415380938580294,0.6514965188667495,7.275920628179346e-10,4.927382176301362e-10,0.3200177849971746,0.9474115353348312,0.3764844847641128,0.44574268427604846,0.08207562495954335
1791198875701383736,4720000000,odom,base_link,1.1755022490912328,0.5531933095621736,0.6531380313377386,6.013409105271045e-10,4.1580937224913347e-10,0.3207952710465649,0.9471485596643016,0.37648449039929405,0.44574268791610505,0.08207562495954335
1791198875721384271,4740000000,odom,base_link,1.1760547466970817,0.5648494479022446,0.6547795438249681,4.981206742398428e-10,3.528083874400502e-10,0.32157254100287386,0.9468849459532848,0.37648448763420667,0.4457426924195883,0.08207562495954335
1791198875741669185,4760000000,odom,base_link,1.1765748280794943,0.5764716671803004,0.6563790570452629,3.277991704658945e-10,3.6993322879926116e-10,0.3223297155761188,0.9466274633965668,0.37330331484107626,0.4437992715117722,0.07787569775246084
1791198875761290496,4780000000,odom,base_link,1.1770305656760163,0.5879935445090001,0.657360572029444,2.718863065585303e-10,3.101839681761108e-10,0.32279424126193795,0.946469163685817,0.36986751536762563,0.4422685090735362,0.0390757508284878
1791198875781586790,4800000000,odom,base_link,1.1774786763345269,0.5995157213865516,0.6577938837321954,2.2403995054074404e-10,2.5702044929948545e-10,0.32299929176685116,0.9463992062116877,0.36985943245335184,0.44227526277134643,0.020813038645428605
1791198875801438101,4820000000,odom,base_link,1.1779219719234701,0.6110380845237241,0.6582101445096517,1.8482182432516742e-10,2.1334940679492362e-10,0.32319625920422645,0.946331959745836,0.36985943590135867,0.44227527203517136,0.020813038645428605
1791198875821323634,4840000000,odom,base_link,1.17836047116629,0.622560631189266,0.6586264052947085,1.5275205317385845e-10,1.7762170923802644e-10,0.3233932126448988,0.9462646722853026,0.36985941758799795,0.4422752718095849,0.020813038645428605
1791198875841251676,4860000000,odom,base_link,1.1787897031286503,0.6340267450942646,0.6590006668065792,-1.1127692990363913e-10,2.0349103393509698e-10,0.32357028220502615,0.9462041389011991,0.3660344355788783,0.4380771469598243,0.016613112074992387
1791198875861170963,4880000000,odom,base_link,1.179355952411685,0.6450786937613117,0.6587569301009549,-2.665181819987056e-10,1.051992341981443e-10,0.3234549674626637,0.9462435648519503,0.36072447594275314,0.41798271922001823,-0.02218683357568807
1791198875881516688,4900000000,odom,base_link,1.179948310928823,0.6561051066970783,0.657855101644549,-2.2138577873089087e-10,7.984378887030454e-11,0.323028259907365,0.9463893190971778,0.3607135370645184,0.41799215630397535,-0.04836115476791747
1791198875901250882,4920000000,odom,base_link,1.180551218232495,0.6671309478303885,0.6568878785145302,-1.8477371479265354e-10,5.854725868570406e-11,0.3225705373305413,0.9465454286225706,0.3607135370121793,0.41799215621684016,-0.04836115476791747
1791198875921262095,4940000000,odom,base_link,1.18116478970117,0.6781562006604209,0.6559206553856363,-1.548411391071125e-10,4.111483921918215e-11,0.32211273931140716,0.9467013167696037,0.3607135365889813,0.41799215704524945,-0.04836115476791747
1791198875941542443,4960000000,odom,base_link,1.1818207596137116,0.6891673888702262,0.65492343286017,-2.7761913592874815e-10,-7.904993982192682e-11,0.32164066335124336,0.9468618081214238,0.3624070515523556,0.4149935668343848,-0.05136109502927866
1791198875961250262,4980000000,odom,base_link,1.182895018762808,0.6997447148511268,0.6533362122538776,-8.434653847457233e-10,-2.8162978057961087e-10,0.320889122856117,0.9471167672640115,0.3644367895931018,0.3770077522976534,-0.08936102894949727
1791198875981372186,5000000000,odom,base_link,1.18422069241868,0.7100179901039696,0.6510445109437226,-6.995968571363248e-10,-2.4427962113803454e-10,0.3198036580659275,0.9474838364255357,0.3644263621162743,0.3680183883221574,-0.11980910348938778
1791198876001386253,5020000000,odom,base_link,1.1855884440664688,0.7202648167231722,0.6486483286400149,-6.107848003889487e-10,-2.2408641413652932e-10,0.3186682568099156,0.9478663102472467,0.36442659295164537,0.36607023553074647,-0.11980911222053692
1791198876021501818,5040000000,odom,base_link,1.1869866279523644,0.7305005723262554,0.6462521463275643,-5.097796922834823e-10,-1.9808816015371144e-10,0.3175323981262567,0.9482474234819668,0.36442659076636247,0.3660702371489846,-0.11980911222053692
1791198876041339083,5060000000,odom,base_link,1.18844091658566,0.7407191338861953,0.6438259646093876,-5.75023579272144e-10,-2.819587302501756e-10,0.31638185448817524,0.9486319213217649,0.3661202391018333,0.3630717732515401,-0.12280905575607903
1791198876061291112,5080000000,odom,base_link,1.1903219167997656,0.7504959693785554,0.6408191475682904,-1.0950040764307949e-09,-4.508952234266077e-10,0.3149553161630991,0.9491065002520014,0.36815464715308677,0.3250859017265941,-0.1598727103555575
1791198876081318651,5100000000,odom,base_link,1.1924611183535707,0.7599618706104954,0.6375253859381603,-9.1092763252881e-10,-3.8645140428574546e-10,0.31339182446954905,0.949623906794499,0.36815452745714783,0.3160872185314707,-0.16468808462377638
1791198876101317558,5120000000,odom,base_link,1.1947026685814361,0.7693241483612377,0.6342316242998544,-8.954388120155242e-10,-3.780640912156157e-10,0.311827482785855,0.9501387377533017,0.36815603232449423,0.30700211504644076,-0.16468808462377638
1791198876121284230,5140000000,odom,base_link,1.1970116200487129,0.7786292181616259,0.6309378626512484,-7.477792399025953e-10,-3.267273659637593e-10,0.31026229535383343,0.9506509917323868,0.3681560362884534,0.30700211012903134,-0.16468808462377638
1791198876141453849,5160000000,odom,base_link,1.1993940173479676,0.7879057880086578,0.6276021017130233,-8.063772651504019e-10,-4.0344320661351465e-10,0.30867629231926613,0.951167149643022,0.37039255563871254,0.3028043270695243,-0.16888801037566736
1791198876161192588,5180000000,odom,base_link,1.2022182866168047,0.7967093106237528,0.623767700828185,-1.2575894427719072e-09,-5.357697639618334e-10,0.3068521480623008,0.9517571955228664,0.37224780407405744,0.2642148067995654,-0.1958372158696875
1791198876181383297,5200000000,odom,base_link,1.2052763415628074,0.8052239184998026,0.6198509566166002,-1.0483006923182483e-09,-4.559975677850716e-10,0.3049876660877498,0.9523563007269639,0.37224921681923717,0.2570143937258455,-0.1958372158696875
1791198876201433639,5220000000,odom,base_link,1.2084236068046161,0.8136477875183868,0.615934212392088,-9.724496954157896e-10,-4.2116229302124957e-10,0.3031220144122183,0.9529517534370137,0.37225049224745804,0.25051273784357647,-0.1958372158696875
1791198876221391110,5240000000,odom,base_link,1.2116231915930833,0.8220319021915212,0.6120174681528701,-8.150775525958093e-10,-3.623300801680682e-10,0.3012552001900318,0.9535435513695554,0.37225049404949007,0.2505127390476382,-0.1958372158696875
1791198876241290587,5260000000,odom,base_link,1.2148906846308134,0.8303912952922519,0.6080707245006848,-8.294272708951209e-10,-4.3793523449109074e-10,0.29937291885882666,0.954136182865919,0.3744355982030308,0.24751453404953866,-0.19883715285686776
1791198876261360521,5280000000,odom,base_link,1.2185976406564565,0.8382997344526714,0.6036377813403542,-1.3165801217953599e-09,-5.684897414795312e-10,0.2972573694861952,0.9547973901756056,0.3775366812904982,0.20952580322941503,-0.22645722201559693
1791198876281533576,5300000000,odom,base_link,1.222555512204381,0.8458782229674303,0.5991086367397936,-1.101300991186217e-09,-4.821356221034417e-10,0.2950944014017631,0.9554681021684267,0.3775387215331617,0.2005253449002665,-0.22645722492597997
1791198876301326464,5320000000,odom,base_link,1.2265916273149904,0.8533739545265192,0.5945794921239496,-1.0008694826154428e-09,-4.348435706259584e-10,0.2929299199816812,0.9561339142502612,0.37753988591627696,0.1953634249143597,-0.22645722492597997
1791198876321291035,5340000000,odom,base_link,1.2306756296258976,0.8608306358438156,0.5900503474920555,-8.430014829011656e-10,-3.730120944812216e-10,0.29076393632564634,0.9567948230066964,0.3775398893097906,0.19536342259159523,-0.22645722492597997
1791198876341499780,5360000000,odom,base_link,1.234834960067346,0.8682603338846543,0.5854912034466302,-8.385591158050575e-10,-5.101671483600057e-10,0.28858210003502544,0.957455153800623,0.3805397694973102,0.1923654910351283,-0.22945717500988394
1791198876361572843,5380000000,odom,base_link,1.2394972799050505,0.8752720230281731,0.580522891384794,-1.331011542921799e-09,-6.201219109229769e-10,0.2862027440625323,0.9581690817862349,0.3876188455185929,0.15437551000700145,-0.2505471056792885
1791198876381232124,5400000000,odom,base_link,1.244402576854253,0.8819422201451869,0.5755119493904404,-1.1178878075727408e-09,-5.226324787225284e-10,0.28380118342744953,0.9588831463140747,0.38762110223453333,0.1453750475784535,-0.2505471056792885
1791198876401454934,5420000000,odom,base_link,1.2493744111066831,0.888536287486193,0.5705010073787492,-1.0013829173634458e-09,-4.6006723956667865e-10,0.2813978412557118,0.959591191568902,0.38762209615484267,0.14142620104219347,-0.2505471056792885
1791198876421342953,5440000000,odom,base_link,1.2543888019886498,0.8950904194508952,0.5654900653499186,-8.48107315877085e-10,-3.9201474842883736e-10,0.27899273263409186,0.9602932131059566,0.38762209280441773,0.14142620893405536,-0.2505471056792885
1791198876441392912,5460000000,odom,base_link,1.2594227864092935,0.901561419023965,0.5604371240259709,-9.690458319132833e-10,-2.2915622837707618e-10,0.27656569217296395,0.9609950145099033,0.3834228659171897,0.13722702112668964,-0.254747032886371
1791198876461529778,5480000000,odom,base_link,1.26441947912085,0.9072350576661258,0.5547661844538022,-1.4655450773068629e-09,-1.6943122948240244e-10,0.2738397117180449,0.9617753439791322,0.35910573270446683,0.09863492505792396,-0.2935469790827483
1791198876481364623,5500000000,odom,base_link,1.2695788096148262,0.9125556400486923,0.5483009722892626,-1.2336946444444186e-09,-1.5237118070294666e-10,0.27072924553016325,0.9626555332073194,0.3591042137800918,0.09144867741183169,-0.3329742408823222
1791198876501255334,5520000000,odom,base_link,1.2748976397159704,0.9176362441125172,0.541527305934338,-1.5230682325872505e-09,-2.7119153677898264e-10,0.2674673453476491,0.963566925113498,0.3591108028740601,0.070451187290489,-0.3386833122931421
1791198876521311988,5540000000,odom,base_link,1.2805944202378123,0.9221055514306685,0.5347536396127383,-1.5790012135046572e-09,-3.12950769409728e-10,0.26420237716278266,0.9644672642975161,0.3591206278890448,0.0414507362232482,-0.3386833122931421
1791198876541402239,5560000000,odom,base_link,1.2864010691730507,0.9264298466656298,0.5279379739962805,-1.5208548793527508e-09,-3.5380021708768014e-10,0.2609141062062339,0.9653620197535234,0.360595607447732,0.037253026719761814,-0.34288324241060764
1791198876561382156,5580000000,odom,base_link,1.2925774447745153,0.9301980384959626,0.5206777267242102,-1.874613843308618e-09,-4.5359308057543497e-10,0.2574080112829119,0.9663028074715381,0.3616826646534773,-0.0013383360281630809,-0.3653434687294066
1791198876581437882,5600000000,odom,base_link,1.2989506863534512,0.9336240018337935,0.5133708575747052,-1.5768936011635878e-09,-3.755929194613632e-10,0.25387597716431914,0.9672367798108497,0.3616852935587509,-0.008538749554592062,-0.3653434687294066
1791198876601501655,5620000000,odom,base_link,1.3054811569310802,0.9367656946990782,0.5060639884182354,-1.8421366051839752e-09,-4.429928906133781e-10,0.2503405544151444,0.968157841891041,0.36169369900410675,-0.031538283645223195,-0.3653434687294066
1791198876621227762,5640000000,odom,base_link,1.3123506314944555,0.9392848332015703,0.49875711928661853,-1.8168577926733482e-09,-4.301168194269247e-10,0.2468017902400953,0.969065981414209,0.3617035679933768,-0.05853873979881576,-0.3653434687294066
1791198876641326845,5660000000,odom,base_link,1.3193073805617903,0.941675019438559,0.49148024953647945,-1.6791008643166896e-09,-4.728274451869707e-10,0.24327428095150905,0.9699575373321897,0.3640295757533179,-0.06153875779150562,-0.3623435215558857
1791198876661482396,5680000000,odom,base_link,1.3266382586250438,0.9435379620628382,0.4847670413340655,-2.0412541449337535e-09,-5.390400254315492e-10,0.24001715315840347,0.970768647098646,0.3674655190421202,-0.09955026795871948,-0.3269772365456447
1791198876681447023,5700000000,odom,base_link,1.3341576301891112,0.9450162659784282,0.4782748233812829,-1.7113160828441455e-09,-4.357789572066121e-10,0.23686467331715944,0.9715426529671023,0.3674682191825793,-0.10855159710129267,-0.3246109117753804
1791198876701396595,5720000000,odom,base_link,1.3417959044857757,0.9462321467315249,0.4717826054162456,-1.9226547784216285e-09,-4.669196802683555e-10,0.2337096975761505,0.972306421483919,0.3674750391707461,-0.12955113241419888,-0.3246109117753804
1791198876721403731,5740000000,odom,base_link,1.349744726189124,0.946800746686694,0.4652903874753526,-1.912625295421697e-09,-4.4371202383954846e-10,0.2305522591977274,0.9730599445968495,0.36748445507175076,-0.15855158870580835,-0.32461089140269905
1791198876741309928,5760000000,odom,base_link,1.3577762667691313,0.9472230476077805,0.45882816891490985,-1.747809015888604e-09,-5.119855410080427e-10,0.2274069981617405,0.9737998034437397,0.37033866932390513,-0.1615515544563247,-0.32161096460185945
1791198876761304483,5780000000,odom,base_link,1.3661974838960211,0.9471281061663183,0.4529531266163215,-2.097212563037353e-09,-5.53342260701508e-10,0.22454546360766095,0.9744636138785381,0.37602892638607543,-0.1995636593563759,-0.2838932123268023
1791198876781351865,5800000000,odom,base_link,1.3747837849246403,0.9466436247659277,0.4474126880581757,-1.7533665193736778e-09,-4.406902934827173e-10,0.2218451275771343,0.9750819141847956,0.3760300808192033,-0.20856670344266162,-0.27702192892320454
1791198876801438833,5820000000,odom,base_link,1.3834839912971932,0.9458659045804865,0.44187224948949133,-1.9846635316157677e-09,-4.635489485991667e-10,0.21914308907756633,0.9756927316063915,0.3760364502485212,-0.23156623901402149,-0.27702192892320454
1791198876821405717,5840000000,odom,base_link,1.3924588992550049,0.944446345761456,0.4363318109439453,-1.9291686219694537e-09,-4.233833546095283e-10,0.21643936886112727,0.9762960614521585,0.37604392776151424,-0.2585666919194797,-0.27702192892320454
1791198876841209428,5860000000,odom,base_link,1.4014878964902593,0.9428933968643239,0.4308213717758896,-1.7703490999930617e-09,-4.3770644329298306e-10,0.21374864071556188,0.9768886930414589,0.37815292562672165,-0.26156702270356635,-0.27402199048083276
1791198876861450107,5880000000,odom,base_link,1.4108155843964332,0.940810776551337,0.425697501129128,-1.963416151171674e-09,-4.458346462717974e-10,0.2112452163330606,0.977433096726522,0.3810781850913201,-0.29714237820726364,-0.2545527240727097
1791198876881439566,5900000000,odom,base_link,1.4202260728134928,0.9384737463605248,0.4206064463670483,-1.6422036368693322e-09,-3.4772438805806424e-10,0.20875645190575312,0.9779676598884653,0.381078841254122,-0.2997114119370382,-0.2545527328038588
1791198876901430604,5920000000,odom,base_link,1.4296245413831374,0.9360888373533884,0.4155153915774597,-1.379242064548224e-09,-2.6806662269322834e-10,0.20626633478452197,0.9784958861101868,0.3810788390580263,-0.2997114109618927,-0.25455275317654014
1791198876921311382,5940000000,odom,base_link,1.4390107465077144,0.9336561113431872,0.4104243367653713,-1.1639695348368032e-09,-2.0337620850679263e-10,0.2037748811070248,0.9790177719683223,0.3810788412664547,-0.29971140920537265,-0.25455275317654014
1791198876941356755,5960000000,odom,base_link,1.4484009116921386,0.931213255603751,0.405303282531117,-8.224756548991841e-10,-2.63339408205958e-10,0.20126741428880143,0.9795363331421147,0.3840787784490759,-0.2969014750119191,-0.25755268579814583
1791198876961314559,5980000000,odom,base_link,1.457990739160998,0.9289566637206005,0.3998547399988666,-6.970552483916741e-10,-2.751617871758501e-10,0.1985981480350178,0.9800810046098543,0.39732745132781033,-0.29161794471541136,-0.2731457643676549
1791198876981362334,6000000000,odom,base_link,1.467574305040522,0.9266503517116418,0.39439182489576463,-6.098414589670016e-10,-2.101039016133923e-10,0.19592036084662814,0.9806198102250061,0.39732744941245735,-0.29161794288829623,-0.2731457643676549
1791198877001579252,6020000000,odom,base_link,1.4771451287941406,0.9242917201715775,0.388928909786983,-5.383289883677526e-10,-1.5698395082573822e-10,0.19324111192190785,0.9811512995777892,0.397327450000117,-0.29161794487382064,-0.2731457643676549
1791198877021331100,6040000000,odom,base_link,1.4867029247960497,0.9218808394896283,0.383465994673555,-4.796816887376733e-10,-1.1359429383473667e-10,0.19056042125084927,0.9816754687027169,0.397327452806376,-0.29161794530158336,-0.2731457643676549
1791198877041330702,6060000000,odom,base_link,1.4962708929422892,0.9194722970501725,0.3779610802711627,-1.964282867724924e-10,-2.0757684937425658e-10,0.1878576831051521,0.9821962588497088,0.40152721046659795,-0.2874153684991105,-0.2773456886643544
1791198877061419463,6080000000,odom,base_link,1.5059629402830372,0.917552485804611,0.371910522391714,3.998172867229382e-11,-1.9626931036857952e-10,0.18488541031566288,0.982760085194962,0.41624751816385813,-0.2641242944421945,-0.30891015485394746
1791198877081387820,6100000000,odom,base_link,1.5156321677834323,0.9156250042145744,0.3657283979792077,-1.3318782976511997e-11,-1.4739399243915753e-10,0.18184675933755554,0.983326881620974,0.41624756705527977,-0.26412421125575125,-0.30910622444935143
1791198877101536488,6120000000,odom,base_link,1.525289294655803,0.9136377834714743,0.3595462735747095,-5.6746391988570686e-11,-1.0713938215349385e-10,0.17880637087980192,0.9838842826942581,0.416247566607685,-0.2641242085786727,-0.30910622444935143
1791198877121397857,6140000000,odom,base_link,1.5349339518190706,0.911590899523933,0.35336414917676096,-9.211966091055875e-11,-7.396108418872909e-11,0.17576427399156266,0.984432283089202,0.416247567488088,-0.26412421190949825,-0.30910622444935143
1791198877141353302,6160000000,odom,base_link,1.544583740318211,0.9095228386976272,0.34715202537962525,7.436099956000123e-11,-1.5804006471887363e-10,0.1727057234491108,0.9849734682152201,0.4192471782062497,-0.26112224155911884,-0.3121061628917232
1791198877161210857,6180000000,odom,base_link,1.5543871551653592,0.9080799152048077,0.34062732639473187,6.721489445842665e-10,-1.6284489650935658e-10,0.16949148240872197,0.9855316521507028,0.4388407703714027,-0.2231099307803567,-0.3267870924901217
1791198877181440620,6200000000,odom,base_link,1.56408637012705,0.906942597674504,0.33409158428297286,4.997424600419662e-10,-1.2485700909461082e-10,0.16626999278273158,0.9860802652421508,0.4388378244997456,-0.2141094723245705,-0.3267870924901217
1791198877201244047,6220000000,odom,base_link,1.5737715611918626,0.9057605298910086,0.3275558421897377,3.773310508437444e-10,-9.018744408328393e-11,0.16304672757332597,0.9866183480088081,0.43883742106937557,-0.21287941409429206,-0.3267870924901217
1791198877221332261,6240000000,odom,base_link,1.5834472389712133,0.9045198475680623,0.3210201001127856,2.5887834916662513e-10,-6.441465939582131e-11,0.15982172120057195,0.987145894704773,0.438837422962996,-0.21287941310334585,-0.3267870924901217
1791198877241466573,6260000000,odom,base_link,1.5931338177827847,0.90325375571549,0.3144587370052064,3.5554178901876714e-10,-1.5749839307101668e-10,0.15658235561264264,0.9876649056794495,0.4418367299796372,-0.2098775223754025,-0.32934920163825154
1791198877261274596,6280000000,odom,base_link,1.6029959242663525,0.9026025445639626,0.3077867804025176,8.97817693831086e-10,-1.726821784069546e-10,0.15328666174728167,0.988181764317868,0.4610316157972497,-0.17186948586569722,-0.33359782537445426
1791198877281286552,6300000000,odom,base_link,1.612768845375888,0.9022573801673679,0.30111482378371524,6.816869459239413e-10,-1.3728923662602763e-10,0.14998926198641205,0.9886876257386715,0.4610286088006618,-0.16286902435680592,-0.33359782537445426
1791198877301294186,6320000000,odom,base_link,1.622526566670409,0.9018884393257216,0.29444286718604484,5.500469171583577e-10,-1.0107690143079565e-10,0.14669019304435071,0.9891824843094479,0.46102762590993446,-0.15991775171715783,-0.33359782537445426
1791198877321513442,6340000000,odom,base_link,1.632277061517813,0.9014694397094319,0.2877709106078299,3.975068510798868e-10,-7.767369389398523e-11,0.14338949163476714,0.989666334523269,0.46102762109038525,-0.1599177518690147,-0.33359782537445426
1791198877341381452,6360000000,odom,base_link,1.6420531949966832,0.9010373860483517,0.2810617891945127,5.013951198604494e-10,-1.9872080897711952e-10,0.14006879527699959,0.990141773984741,0.46522650766469564,-0.15571487866770795,-0.337314311764203
1791198877361266802,6380000000,odom,base_link,1.6519757710056964,0.9011082224240572,0.2742181789753226,6.640148346647165e-10,-1.8242400790136092e-10,0.13667990969276522,0.9906152645131093,0.47834472058681127,-0.12806371219528218,-0.3421805158723146
1791198877381351223,6400000000,odom,base_link,1.661879164426493,0.9011977245897231,0.26737456876934557,4.876682072109888e-10,-1.469343591662283e-10,0.1332894237657189,0.99107715618523,0.47834471785960353,-0.12806371369694836,-0.3421805158723146
1791198877401402222,6420000000,odom,base_link,1.6717829384452494,0.9012194502247189,0.26053095858396774,3.435439033368074e-10,-1.1722032336876792e-10,0.12989737719784544,0.9915274435925214,0.4783447186053588,-0.1280637155740197,-0.3421805158723146
1791198877421426352,6440000000,odom,base_link,1.681686629221136,0.901173398311686,0.25368734841543855,2.2576456734094848e-10,-9.232023132161593e-11,0.12650380970388544,0.9919661214630281,0.478344714307844,-0.12806371522206894,-0.3421805158723146
1791198877441438944,6460000000,odom,base_link,1.6916143922418616,0.90110915644057,0.24688573753857165,3.4899870096633714e-10,-1.5847866321474375e-10,0.12312960088814141,0.9923905992023135,0.48194468992629835,-0.12386479849205805,-0.3379805799340829
1791198877461358949,6480000000,odom,base_link,1.7015135576502127,0.9016077236430988,0.24070212488670634,8.39055271771008e-10,-5.55246977775688e-11,0.1200607377302893,0.9927665482154697,0.48633691020358727,-0.08528231282492131,-0.2991806366480887
1791198877481363223,6500000000,odom,base_link,1.7113344005828413,0.9023810972307956,0.23531851213535393,6.424940534684832e-10,-4.689123704766815e-11,0.11738797066437591,0.9930861313820165,0.48633160002656084,-0.07810135736028524,-0.25918064056895673
1791198877501357021,6520000000,odom,base_link,1.721104977016926,0.9033337772693801,0.2306944445297713,8.176826965455018e-10,-1.582217867369535e-12,0.11509161025654831,0.9933548818265076,0.4863244929351431,-0.05883989292546458,-0.22322611621348187
1791198877521351773,6540000000,odom,base_link,1.730838462864917,0.9044190470355912,0.22625598249943601,6.331126920703595e-10,-3.5120083441439296e-12,0.1128868446910537,0.9936078503593346,0.4863240687672584,-0.05732088721207803,-0.22192309552337974
1791198877541259359,6560000000,odom,base_link,1.7405993118632115,0.9054969983137496,0.2218475198883022,6.704336260699993e-10,-1.281444291571452e-10,0.11069643069743791,0.9938542650866108,0.48932302427277746,-0.054321932980993005,-0.218923159991391
1791198877561589949,6580000000,odom,base_link,1.7505738783697926,0.9071728749760869,0.21801166236618832,1.063555978253779e-09,-1.6695651778304888e-10,0.10879008659111614,0.9940647449032167,0.5059048537285591,-0.01756758405807133,-0.18266253027832136
1791198877581318446,6600000000,odom,base_link,1.7605140931265388,0.9090806394999548,0.2144262329656884,8.398921429319755e-10,-1.407014843698562e-10,0.10700783824831657,0.9942581770110931,0.5059040359317726,-0.01341525632256336,-0.17927147564478219
1791198877601381447,6620000000,odom,base_link,1.770461084129231,0.9109527518997353,0.2108408035908587,6.569952709704941e-10,-1.1884183807576423e-10,0.10522524601380058,0.994448413745698,0.5059040322952816,-0.01341525554467525,-0.1792714698240161
1791198877621275626,6640000000,odom,base_link,1.7804147235067744,0.9127891881091101,0.20725537423702486,5.074307076926338e-10,-1.0063834297358798e-10,0.10344231561419047,0.9946354544959546,0.505904034115392,-0.013415257024448696,-0.17927146109286696
1791198877641234698,6660000000,odom,base_link,1.7903981746889994,0.9146253995942646,0.20369994429865498,5.722926379888635e-10,-2.1063106084630965e-10,0.1016739747563643,0.9948177736938772,0.5089032452538749,-0.010416489057081455,-0.17627152556087822
1791198877661471172,6680000000,odom,base_link,1.8006293443535675,0.9169875444800692,0.20059266437158557,7.890485509050039e-10,-2.6440572535303676e-10,0.1001282640183585,0.9949745377368558,0.5258345913432625,0.01852353347357452,-0.15209226694423705
1791198877681373365,6700000000,odom,base_link,1.8108652550880697,0.9194296957516062,0.19755081915791298,6.189140339425917e-10,-2.2057680493238025e-10,0.09861486952550198,0.9951256742283701,0.5258345933551902,0.018523579300666414,-0.15209226694423705
1791198877701400311,6720000000,odom,base_link,1.8211085471003041,0.9218406997170835,0.19450897396384195,4.798091280679298e-10,-1.8447857829727978e-10,0.09710124692597781,0.9952745087891182,0.5258345950845752,0.018523580978101768,-0.15209225384751335
1791198877721520643,6740000000,odom,base_link,1.8313591256112067,0.9242205340680658,0.1914671287858035,3.660722867028505e-10,-1.5473936869006358e-10,0.09558739971933361,0.9954210410750299,0.5258345879141931,0.018523577878744403,-0.15209225239232183
1791198877741412409,6760000000,odom,base_link,1.8416464503902534,0.9265743399392941,0.18839528422031088,2.848120842064647e-10,-2.7327636582597205e-10,0.0940583982147024,0.9955666817070992,0.5288343148513421,0.018480292175939488,-0.15509219520026818
1791198877761277148,6780000000,odom,base_link,1.8523052312165187,0.9289615417617998,0.1847334415304524,2.1307171738157448e-10,-3.6756627079312666e-10,0.09223543729061827,0.9957372264346696,0.5471624111067397,0.018458566551359086,-0.19309213530505076
1791198877781511310,6800000000,odom,base_link,1.8629995796749528,0.9313113734107797,0.18057268994809036,1.3646273418198072e-10,-3.0537275261900597e-10,0.09016373156887249,0.9959269559107116,0.5471621260585975,0.018466935115522297,-0.20838089403696358
1791198877801354827,6820000000,odom,base_link,1.8737036272972651,0.9336166200328624,0.17640507206663802,7.379585445935253e-11,-2.5430496399004554e-10,0.08808821581866781,0.9961126774787498,0.5471621268146623,0.018466935710714165,-0.20838089403696358
1791198877821340841,6840000000,odom,base_link,1.8844171893186605,0.9358772363845049,0.17223745419212722,2.2618061303486906e-11,-2.1235049420471235e-10,0.08601231757014974,0.9962940736681172,0.5471621355859533,0.018466935212669074,-0.20838089403696358
1791198877841239598,6860000000,odom,base_link,1.895188536613265,0.9380587915933467,0.16802783704661142,-2.1144921368915168e-10,-3.659674070304465e-10,0.08391512028463563,0.9964729060981111,0.5513626862310818,0.014270423866722967,-0.2125808212440461
1791198877861383202,6880000000,odom,base_link,1.9063057277986541,0.9397611868656705,0.16345751136755768,-4.796765217113896e-10,-3.623893770281919e-10,0.08163780030985963,0.9966620638714847,0.5623526442670921,-0.011145102805115426,-0.22930015984456986
1791198877881374366,6900000000,odom,base_link,1.917442971528233,0.9413446841932186,0.15887150804952252,-4.3537800260054907e-10,-2.981949281079406e-10,0.07935223992676384,0.9968466391670312,0.5623526381243649,-0.01114510419720064,-0.22930015984456986
1791198877901290702,6920000000,odom,base_link,1.9285873600409942,0.9428770896124005,0.15428550472519187,-3.990321761600954e-10,-2.456766342682639e-10,0.07706626231801338,0.9970259731884276,0.5623526433952921,-0.011145103361277666,-0.22930015984456986
1791198877921297641,6940000000,odom,base_link,1.9397386589548888,0.9443583708943672,0.14969950139571186,-3.6920920352342055e-10,-2.026964358512962e-10,0.07477987950351528,0.9972000649926973,0.5623526420763845,-0.01114510372945429,-0.22930015984456986
1791198877941279469,6960000000,odom,base_link,1.950943776509227,0.9457529418211933,0.14509308015429018,-5.395857371038354e-10,-3.4581191656822455e-10,0.07248292140820006,0.9973696536912142,0.5665017649037396,-0.015342710828779305,-0.23134195216698572
1791198877961219705,6980000000,odom,base_link,1.9624005208858473,0.9467122840883138,0.14043340434339527,-6.724189281028347e-10,-2.9599038346145077e-10,0.07015901716172275,0.9975358200640723,0.573842167200955,-0.03559239697016471,-0.23298378800973296
1791198877981462618,7000000000,odom,base_link,1.9738661795132129,0.9475858368301945,0.13577372852562586,-5.94594851750783e-10,-2.4162822125714936e-10,0.06783473207869363,0.9976965716708722,0.5738421700834101,-0.035592395699109,-0.23298378800973296
1791198878001329251,7020000000,odom,base_link,1.9853357841251016,0.948405954030388,0.13111405269747706,-5.308380894444159e-10,-1.9721165434311637e-10,0.06551007877391235,0.9978519076391225,0.5738421651809029,-0.03559239537428511,-0.23298378800973296
1791198878021248793,7040000000,odom,base_link,1.9968090856871126,0.9491726178818051,0.12645437686083882,-4.786123347835309e-10,-1.6089848482266233e-10,0.06318506986686842,0.9980018271255413,0.5738421705634208,-0.03559239531903757,-0.23298378800973296
1791198878041240295,7060000000,odom,base_link,2.008318117027212,0.9498624946898423,0.12176470161866257,-5.576098651969573e-10,-2.705721847070955e-10,0.06084474607717029,0.99814724208145,0.576762538669353,-0.038295895127939246,-0.23598373081767932
1791198878061293042,7080000000,odom,base_link,2.0199987502607684,0.9503931224662204,0.11689909356886888,-5.033790955056388e-10,-2.2018510848258142e-10,0.058416271788717056,0.9982923114951385,0.5830426114709869,-0.04311473095819961,-0.24328040308319032
1791198878081418036,7100000000,odom,base_link,2.031681827047465,0.9508669108032568,0.11203348549418235,-4.589259176353457e-10,-1.7896432961824917e-10,0.05598745174923355,0.9984314724840294,0.5830426145885913,-0.04311473112349885,-0.24328040308319032
1791198878101689842,7120000000,odom,base_link,2.0433670708008504,0.9512838484841623,0.10716787741358579,-4.2248583746923e-10,-1.4522355828585022e-10,0.053558300343242854,0.9985647242238948,0.5830426053685667,-0.04311473130659184,-0.24328040308319032
1791198878121366949,7140000000,odom,base_link,2.0550542048832567,0.9516439256381342,0.10230226932815491,-3.926105888940752e-10,-1.1758449952954915e-10,0.05112883194829269,0.9986920659260308,0.5830426121398495,-0.04311473019927027,-0.24328040308319032
1791198878141463335,7160000000,odom,base_link,2.066729139290557,0.9519036122775836,0.0974786605232012,-5.766660022010651e-10,-6.022827513966711e-11,0.04872003565904398,0.9988124739536354,0.5812421521840071,-0.04731732668050167,-0.2390804744209163
1791198878161483418,7180000000,odom,base_link,2.0783950188399,0.9517314663415345,0.09293021449623257,-6.609689422013046e-10,-5.3212142208788676e-11,0.046448389310551355,0.9989206911113893,0.5798442024188888,-0.0649067995349411,-0.22732448996976018
1791198878181470490,7200000000,odom,base_link,2.09006176616214,0.9514872341610238,0.08838372460603394,-5.842232706463434e-10,-4.035833831121731e-11,0.04417747984041433,0.9990236985552193,0.5798441985802866,-0.06490680150309007,-0.22732448996976018
1791198878201386402,7220000000,odom,base_link,2.1017272825110576,0.9511899619388362,0.08383723470565882,-5.214207645606473e-10,-2.988190976852533e-11,0.04190634207186591,0.9991215434040824,0.5798442020389254,-0.06490680110836479,-0.22732448996976018
1791198878221446853,7240000000,odom,base_link,2.1133913267540194,0.9508396558195966,0.0792907447969603,-4.700315097437555e-10,-2.1338286106098008e-11,0.039634987742253665,0.9992142251522801,0.5798441966710074,-0.06490680024735333,-0.22732448996976018
1791198878241669491,7260000000,odom,base_link,2.125098588925156,0.9503991195784587,0.07478625416555339,-6.021191975713277e-10,-1.922966287042069e-10,0.0373844135605456,0.999300958481845,0.5840445405541371,-0.06896047394381369,-0.22312456712825224
1791198878261219084,7280000000,odom,base_link,2.137053905195927,0.9497557141801098,0.0706075848009114,-5.329536022119751e-10,-1.7792657181427211e-10,0.03529645933152865,0.999376885843703,0.5938596557937117,-0.0754387836540375,-0.20851149747613817
1791198878281380379,7300000000,odom,base_link,2.1490064488484903,0.9490624514582799,0.06643735482941793,-4.770816813393152e-10,-1.418611724934845e-10,0.03321256839115607,0.9994483104697626,0.5938596521914643,-0.0754387841527128,-0.20851149747613817
1791198878301436102,7320000000,odom,base_link,2.160955997512971,0.9483193500537581,0.062267124850726795,-4.3131909086160745e-10,-1.1237514303564233e-10,0.031128533048805557,0.9995153897915877,0.5938596559538699,-0.07543878507424386,-0.20851149747613817
1791198878321263455,7340000000,odom,base_link,2.1729023433771264,0.9475264228894997,0.05809689486614868,-3.9383159529364317e-10,-8.825139293159007e-11,0.029044362365898024,0.999578123517496,0.5938596593269672,-0.07543878437325674,-0.20851149747613817
1791198878341381112,7360000000,odom,base_link,2.184857380649967,0.9466542782991266,0.05389666547838221,-5.358399189336596e-10,-1.0296432557565363e-10,0.02694507115432479,0.9996369156551235,0.5949093424999935,-0.07843654603000376,-0.21151144028408453
1791198878361403358,7380000000,odom,base_link,2.19687012292948,0.9451562422521211,0.0495032150647827,-1.0157437121606963e-09,-9.158949095224813e-11,0.024749080297105618,0.9996936946007249,0.5959913824608123,-0.11511960942558903,-0.21967252541799098
1791198878381699998,7400000000,odom,base_link,2.2088891152587173,0.9433382195194266,0.04510976460136048,-8.741878516894495e-10,-6.721438750960373e-11,0.022552969985827124,0.9997456494253018,0.5959922675294222,-0.11915229096910038,-0.21967252541799098
1791198878401428715,7420000000,odom,base_link,2.2209000042249545,0.941467409655482,0.04071631411902063,-7.583510958994382e-10,-4.743916995496059e-11,0.020356750833484254,0.9997927798776621,0.5959922627209685,-0.11915229034555089,-0.21967252541799098
1791198878421400822,7440000000,odom,base_link,2.2329025579891586,0.9395438487710835,0.03632286362120726,-6.635532195600845e-10,-3.1381414013340815e-11,0.018160433439872243,0.9998350857302798,0.595992263595091,-0.11915229044538933,-0.21967252541799098
1791198878441486816,7460000000,odom,base_link,2.244868050453121,0.937524583770065,0.03188741383459585,-7.945012705865417e-10,6.242267000647347e-11,0.015943031439409727,0.9998729017972845,0.593006940434906,-0.12335019063613832,-0.22387245408026502
1791198878461287417,7480000000,odom,base_link,2.256747633564543,0.9350030462191338,0.026879174705099623,-9.18607402515854e-10,5.837913970173867e-11,0.013439182774207482,0.9999096901052421,0.590036404675455,-0.14573536207754864,-0.25815150584094226
1791198878481204218,7500000000,odom,base_link,2.2686153129905553,0.9323742524800067,0.02169489466682674,-8.016514272898378e-10,5.901929480353828e-11,0.010847234603361905,0.9999411670200701,0.5900365623629757,-0.145734735716112,-0.25921399355866015
1791198878501398481,7520000000,odom,base_link,2.2804692045943162,0.9296839689694725,0.016510614612594305,-7.059636752106735e-10,5.942661882541189e-11,0.008255213539948679,0.9999659251441569,0.5900365536746761,-0.14573473367048112,-0.25921399355866015
1791198878521177643,7540000000,odom,base_link,2.292308989782002,0.9269322679932868,0.011326334545308618,-6.276837872406257e-10,5.968312911943543e-11,0.005663137001692383,0.9999839643110784,0.5900365606837099,-0.14573473533323494,-0.25921399355866015
1791198878541368070,7560000000,odom,base_link,2.3041095196227244,0.9240770113423707,0.0061000551908698235,-7.710381060814485e-10,1.2640291265342758e-10,0.0030500228665379233,0.9999953486694394,0.5875275267371048,-0.14993264829369007,-0.2634139294968918
1791198878561268901,7580000000,odom,base_link,2.3158250395650564,0.9208699370909369,0.0004866687032989562,-7.527306179997824e-10,1.1698056528464536e-10,0.0002433343492481085,0.9999999703941969,0.5852673522401873,-0.1623698211005135,-0.28182113892398775
1791198878581382919,7600000000,odom,base_link,2.3275223064088593,0.9175936140101605,-0.005149754440665613,-6.696501323340739e-10,1.0950806570890444e-10,-0.002574874375097554,0.9999966850054817,0.5852673611523506,-0.1623698236063672,-0.28182115056551993
1791198878601270597,7620000000,odom,base_link,2.3392009208026208,0.9142514125773518,-0.010786177415187908,-6.016776003650566e-10,1.0335609303737446e-10,-0.0053930625642697036,0.9999854573323443,0.5852673454835655,-0.1623698190885823,-0.28182115056551993
1791198878621383115,7640000000,odom,base_link,2.35086051172621,0.9108434389719019,-0.016422600399142475,-5.460664372415393e-10,9.831635205372847e-11,-0.008211207924779158,0.9999662874639405,0.5852673602040033,-0.16236982335187594,-0.28182115056551993
1791198878641547940,7660000000,odom,base_link,2.3624987655909977,0.9073985701349944,-0.022029023992007873,-3.4991682932767557e-10,9.966284389029974e-11,-0.01101428928488701,0.9999393408760098,0.5850096707534136,-0.15950188819546246,-0.27882121212314814
1791198878661418059,7680000000,odom,base_link,2.3741137435333917,0.904035274653377,-0.027419505113226935,-3.3772131566826574e-10,9.381298769719462e-11,-0.013709323085935912,0.999906022814407,0.5847501727540733,-0.15367755901833596,-0.26950842584483325
1791198878681315235,7700000000,odom,base_link,2.3857104240521334,0.9006094214659945,-0.03280967335856979,-3.2769944259275234e-10,8.913351671621344e-11,-0.016404100881224005,0.9998654436844383,0.5847501687474934,-0.15367755740270428,-0.26950842584483325
1791198878701399854,7720000000,odom,base_link,2.3972884702713,0.8971211102892107,-0.038199841605451666,-3.194850208571957e-10,8.542376348433417e-11,-0.019098759526520705,0.9998176020577694,0.5847501782848197,-0.1536775606997605,-0.26950842584483325
1791198878721317081,7740000000,odom,base_link,2.4088475458041168,0.8935704424718715,-0.04359000985359225,-3.1274297443614977e-10,8.251146013923538e-11,-0.02179327944910267,0.9997624982818936,0.5847501710485056,-0.1536775583378472,-0.26950842584483325
1791198878741190576,7760000000,odom,base_link,2.420367325988673,0.8899905378741866,-0.04893817882473592,-1.921464409438602e-10,1.3205938989623193e-10,-0.024466647729972566,0.99970064676825,0.5825921136516368,-0.15048289715809346,-0.2653084899066016
1791198878761214179,7780000000,odom,base_link,2.4318169872367585,0.8864552087679661,-0.0539010040986363,-2.0412808584980713e-10,1.1921476167894144e-10,-0.026947239676745886,0.9996368572005556,0.5808317278301279,-0.14703221750789647,-0.24701884831301868
1791198878781531879,7800000000,odom,base_link,2.443249034524243,0.8828633303096972,-0.05884138086189097,-2.136402637327149e-10,1.0878198949704457e-10,-0.029416446302345755,0.999567242704032,0.5808317208863374,-0.14703221559050458,-0.24701884831301868
1791198878801360279,7820000000,odom,base_link,2.454663197138357,0.8792150172942256,-0.06378175762430142,-2.2141445230803927e-10,1.0038181292436637e-10,-0.03188547343344162,0.9994915290205941,0.5808317277136615,-0.1470322179532976,-0.24701884831301868
1791198878821461548,7840000000,odom,base_link,2.4660591964905425,0.8755103587669617,-0.06872213438602141,-2.2776147346663134e-10,9.364373485853294e-11,-0.03435430600453265,0.9994097166122345,0.580831730811983,-0.14703221816660342,-0.24701884831301868
1791198878841438346,7860000000,odom,base_link,2.477430219602636,0.8717751521892777,-0.07362051186900398,-1.509307929109458e-10,1.0462345847750425e-10,-0.036801943545916926,0.9993225790260336,0.579990578632804,-0.14452254912207652,-0.24281891528517008
1791198878861357075,7880000000,odom,base_link,2.4887693548976046,0.8680584455241623,-0.07807231902513216,-1.6545084196235487e-10,9.5781800387523e-11,-0.03902624624308537,0.999238185871704,0.5794267977594896,-0.1422670523015922,-0.22020572214387357
1791198878881476693,7900000000,odom,base_link,2.500091986228844,0.8642917598637571,-0.08247643346606619,-1.7677619759951422e-10,8.85358706723279e-11,-0.04122652950676835,0.9991498252338473,0.5794267981634067,-0.1422670528832598,-0.22020572214387357
1791198878901421304,7920000000,odom,base_link,2.511397918890888,0.8604752447299903,-0.08688054790579959,-1.860284661059493e-10,8.272379871863117e-11,-0.04342661286018202,0.9990566196645172,0.5794267967730118,-0.14226705147040616,-0.22020572214387357
1791198878921453956,7940000000,odom,base_link,2.522686933591718,0.8566089741487559,-0.09128466234455192,-1.9358177272821218e-10,7.807609369870013e-11,-0.04562648563511311,0.9989585696156718,0.5794267951937345,-0.1422670522173522,-0.22020572214387357
1791198878941568190,7960000000,odom,base_link,2.533943998210568,0.8526743597918577,-0.09566877725946658,-3.3630350527881603e-10,1.3318288133865434e-10,-0.04781614884341188,0.9988561537627851,0.5781295409007363,-0.1442683053644102,-0.2182057680329308
1791198878961261639,7980000000,odom,base_link,2.5451109439077886,0.8485588981147271,-0.09960092273530845,-3.11948684692104e-10,1.1906527406697876e-10,-0.04977987901600966,0.9987602132870289,0.5757660297904694,-0.15029366103683073,-0.19200870883651078
1791198878981452552,8000000000,odom,base_link,2.556261932618829,0.8444003937153964,-0.10344109682137194,-2.909082054253088e-10,1.0727674398594924e-10,-0.05169749261972784,0.9986627905638785,0.5757660294005269,-0.15029366412746353,-0.19200870883651078
1791198879001404971,8020000000,odom,base_link,2.567396869767129,0.8401990983458234,-0.10728127091070704,-2.7369405167971117e-10,9.767343813308335e-11,-0.0536149156302212,0.9985616860374548,0.5757660278979567,-0.1502936612338027,-0.19200870883651078
1791198879021365749,8040000000,odom,base_link,2.5785155911466204,0.835955073962164,-0.11112144500271837,-2.5961319226905546e-10,8.985920033886434e-11,-0.05553214097816511,0.9984569000805098,0.5757660254633539,-0.15029366207381628,-0.19200870883651078
1791198879041714242,8060000000,odom,base_link,2.589593912372053,0.8316289084635993,-0.11491961981252993,-4.5158790424369684e-10,1.4386003170096514e-10,-0.05742819662247212,0.9983496392710776,0.5738295192069601,-0.1544961626517951,-0.1878087772638537
1791198879061218152,8080000000,odom,base_link,2.600569576083475,0.8269516280579816,-0.1184445437680158,-4.961405906907177e-10,1.3359155789311535e-10,-0.0591876597974561,0.998246873738005,0.5722934255455565,-0.16869368550716762,-0.1761534222168848
1791198879081294097,8100000000,odom,base_link,2.6115278448150523,0.8222285857220842,-0.12196761221987247,-4.3825075399944876e-10,1.197471140989682e-10,-0.06094601309234703,0.9981410639224034,0.5722934232851254,-0.16869368486320774,-0.1761534222168848
1791198879101404216,8120000000,odom,base_link,2.6224694059731184,0.8174669660461618,-0.12549068067990432,-3.909004832883244e-10,1.083951224767087e-10,-0.06270417727571538,0.9980321568728012,0.5722934247956738,-0.16869368550143524,-0.1761534222168848
1791198879121346257,8140000000,odom,base_link,2.633394123750897,0.8126668281313797,-0.12901374914662297,-3.5217729568270014e-10,9.910067563880134e-11,-0.06446214689123009,0.9979201529271635,0.5722934233912159,-0.16869368585394062,-0.1761534222168848
1791198879141409853,8160000000,odom,base_link,2.6442822264505943,0.8077887474910811,-0.13249481833464202,-5.203097321982835e-10,1.390662242235426e-10,-0.06619896291972871,0.997806442807598,0.5708655873631417,-0.17287272526683897,-0.17195349355461076
1791198879161333896,8180000000,odom,base_link,2.6550939296615974,0.8026877349567477,-0.1355689065105703,-4.537466548081849e-10,1.23603235834872e-10,-0.06773255661203459,0.9977035134621896,0.5698354008781419,-0.18047444088587294,-0.1522213569842279
1791198879181413058,8200000000,odom,base_link,2.665890035470224,0.7975537934039311,-0.13861333364178458,-3.989518977230111e-10,1.1079104822406836e-10,-0.06925119537547406,0.9975992541792861,0.5698354080439315,-0.18047444477918384,-0.1522213569842279
1791198879201360500,8220000000,odom,base_link,2.676670461360455,0.7923870077363031,-0.14165776078070783,-3.5413785172980523e-10,1.0028342731279506e-10,-0.07076967367848036,0.997492683325267,0.5698354071407905,-0.18047444269014537,-0.1522213569842279
1791198879221569833,8240000000,odom,base_link,2.6874351074134752,0.7871874258423183,-0.14470218792593692,-3.174820068349688e-10,9.167781431866372e-11,-0.07228798800183525,0.9973838011471043,0.5698354072927131,-0.18047444313442024,-0.1522213569842279
1791198879241197057,8260000000,odom,base_link,2.69814223622892,0.7819199833524254,-0.1477046157917928,-4.6552950534461953e-10,2.1151303007602152e-10,-0.07378519244254877,0.9972741575796578,0.5662307096348942,-0.18456565403844424,-0.14802142686676234
1791198879261239969,8280000000,odom,base_link,2.7086853760660254,0.7764662202256086,-0.1502573847319453,-4.0368962084818505e-10,1.8164279245211794e-10,-0.07505803724022983,0.99717916697334,0.5618083278256059,-0.19137637261984786,-0.12517065624706447
1791198879281313944,8300000000,odom,base_link,2.719214791179394,0.77098600587783,-0.15276079786604574,-3.525924491666492e-10,1.569799417964218e-10,-0.07630615382681448,0.997084435184984,0.5618083290479393,-0.19137637190971862,-0.12517065624706447
1791198879301460692,8320000000,odom,base_link,2.7297304540725156,0.7654794492536953,-0.1552642110079862,-3.108134388764475e-10,1.3678249022098546e-10,-0.07755415086318143,0.9969881411952155,0.561808330605041,-0.1913763727437093,-0.12517065624706447
1791198879321325145,8340000000,odom,base_link,2.74023229884285,0.7599465848631649,-0.15776762415633902,-2.7666201150828295e-10,1.2024720834603825e-10,-0.0788020263932947,0.9968902851549465,0.561808329916808,-0.191376369363934,-0.12517065624706447
1791198879341471259,8360000000,odom,base_link,2.750675906597495,0.7543672522257959,-0.16022903802650776,-3.252715460020433e-10,2.639890202406373e-10,-0.08002884619271394,0.9967925480144115,0.5577492326274993,-0.19408313517411022,-0.1209707283123862
1791198879361448565,8380000000,odom,base_link,2.760924872905314,0.7487136890014735,-0.16249165275874533,-2.857796218263734e-10,2.2367217087059065e-10,-0.0811564734915222,0.9967013729349529,0.5512180396043972,-0.19664446212020045,-0.11313073628116399
1791198879381467339,8400000000,odom,base_link,2.7711610211543842,0.7430369508059627,-0.16475426749584904,-2.535126796598383e-10,1.9068229833952133e-10,-0.08228399692413788,0.9966089222208421,0.5512180318175804,-0.19664445763276323,-0.11313073628116399
1791198879401358474,8420000000,odom,base_link,2.781384298941485,0.7373370667008754,-0.16701688223888173,-2.271420601161096e-10,1.636910711481747e-10,-0.08341141504802199,0.9965151959903504,0.551218037148997,-0.19664446068099953,-0.11313073628116399
1791198879421408486,8440000000,odom,base_link,2.791594653929267,0.7316140658663186,-0.16927949698676403,-2.0558989051415413e-10,1.4161328831604865e-10,-0.08453872641970284,0.9964201943634696,0.5512180327168672,-0.19664445986929366,-0.11313073628116399
1791198879441464434,8460000000,odom,base_link,2.8017527881519877,0.7258874236818321,-0.17150743968199444,-1.3799817919070867e-10,2.911613430991843e-10,-0.08564865728343297,0.9963254024190816,0.5470174938985498,-0.19540302319620764,-0.10966353220283054
1791198879461356394,8480000000,odom,base_link,2.8116069715597205,0.7202193855168469,-0.1736189043740603,-1.2494656071381163e-10,3.1077339120485443e-10,-0.08670046231180578,0.9962344251404481,0.5338249466623674,-0.19456277966504315,-0.10557323548709974
1791198879481356854,8500000000,odom,base_link,2.821444453085548,0.7145313798140359,-0.1757303690700594,-1.1993513100778492e-10,2.61258870234974e-10,-0.08775217070834412,0.9961423374879583,0.5338249446723561,-0.19456278096603866,-0.10557323548709974
1791198879501509196,8520000000,odom,base_link,2.831269902667922,0.708822615310751,-0.17784183376960605,-1.1586656329767274e-10,2.2077318628003923e-10,-0.088803781300652,0.9960491395642617,0.5338249466084088,-0.19456277898735336,-0.10557323548709974
1791198879521470056,8540000000,odom,base_link,2.841083276502205,0.7030931174582976,-0.17995329847205402,-1.125673215640591e-10,1.8767719687396874e-10,-0.08985529291631283,0.9959548314732569,0.5338249441452005,-0.19456277945975672,-0.10557323548709974
1791198879541396104,8560000000,odom,base_link,2.8508412466304236,0.6973167132266758,-0.1821067624522614,-2.2059907076181692e-10,2.976872797346528e-10,-0.0909276170499064,0.9958575040926415,0.5300439834528328,-0.19791642843274238,-0.10977316269418225
1791198879561482905,8580000000,odom,base_link,2.86042747088968,0.6914346095916541,-0.18467547955323602,-2.0150869644306775e-10,2.5246082813683404e-10,-0.09220657980267208,0.9957398990906678,0.5249188040657726,-0.20173626076507278,-0.13009131362196058
1791198879581392351,8600000000,odom,base_link,2.869998382356779,0.6855276229396932,-0.18727730592491948,-1.8628041351255094e-10,2.1562288184215993e-10,-0.09350187257764259,0.99561910378642,0.5249188041768587,-0.20173626039170603,-0.13009131362196058
1791198879601426278,8620000000,odom,base_link,2.879553892492506,0.6795957544593167,-0.18987913230064582,-1.7385377578080658e-10,1.8550468684209197e-10,-0.09479700711440518,0.9954966235212209,0.524918809626617,-0.20173626411631534,-0.13009131362196058
1791198879621412603,8640000000,odom,base_link,2.8890939366108315,0.6736390443063079,-0.19248095867967882,-1.6371089738105584e-10,1.6088513568091594e-10,-0.09609198122073957,0.9953724585023804,0.5249188110021658,-0.20173626452238608,-0.13009131362196058
1791198879641358497,8660000000,odom,base_link,2.898615485359308,0.6676996905220902,-0.19508561735942692,3.185032951129164e-11,1.4820593530580333e-10,-0.09738820212216145,0.9952464710248478,0.523811837193536,-0.1976570497028547,-0.13037454918958247
1791198879661349624,8680000000,odom,base_link,2.908130297211222,0.6619122877690008,-0.19769688484130554,4.4852894722432165e-12,1.2987431618230735e-10,-0.0986875461182754,0.9951184694503229,0.5230732655028777,-0.19094167587395555,-0.1305633777519688
1791198879681290143,8700000000,odom,base_link,2.9176299641841092,0.6561000590566107,-0.20030815232112348,-1.7903617760985986e-11,1.1493872329167655e-10,-0.0999867218827547,0.9949887715181215,0.5230732658467971,-0.19094167495259734,-0.1305633777519688
1791198879701257864,8720000000,odom,base_link,2.927114421502498,0.6502630440168444,-0.20291941979925565,-3.622757118840303e-11,1.0277196639395408e-10,-0.10128572720110833,0.9948573774493219,0.5230732631401436,-0.19094167424672426,-0.1305633777519688
1791198879721220110,8740000000,odom,base_link,2.936583604494626,0.6444012824506722,-0.20553068727600857,-5.121286572718368e-11,9.287284746208599e-11,-0.10258455985910167,0.9947242874678964,0.523073263161502,-0.19094167954893881,-0.1305633777519688
1791198879741253769,8760000000,odom,base_link,2.9460343908047424,0.6385584136255912,-0.20810742290757825,1.4554267157334165e-10,9.087477494946961e-11,-0.10386604512249578,0.9945912952919966,0.5218722198548024,-0.18674391334316104,-0.12711019080597907
1791198879761302177,8780000000,odom,base_link,2.955507262244666,0.6329999362137508,-0.21056847511075996,1.8433844918370946e-10,7.289768606390011e-11,-0.10508983672621815,0.9944627324424263,0.5210697853767414,-0.17311198319432047,-0.12305261043366045
1791198879781188786,8800000000,odom,base_link,2.964967610457983,0.6274237062546406,-0.21302952730813668,1.3045116838370582e-10,6.720680252896825e-11,-0.10631346920062315,0.9943326637833679,0.5210697827006163,-0.17311198154418692,-0.12305261043366045
1791198879801373969,8820000000,odom,base_link,2.97441420664221,0.6218242107952812,-0.215490579499645,8.638089808708555e-11,6.262821716457246e-11,-0.10753694069286314,0.9942010895117847,0.521069776897692,-0.17311198071506476,-0.12305261043366045
1791198879821230481,8840000000,odom,base_link,2.9838469935815386,0.6162014837506088,-0.21795163168635392,5.034198211970897e-11,5.89599501113965e-11,-0.10876024935089702,0.9940680098268582,0.521069784198801,-0.17311198202966144,-0.12305261043366045
1791198879841354495,8860000000,odom,base_link,2.9933097540996574,0.6105735280522163,-0.2204462990485816,9.496940204329319e-11,-8.689501858881199e-11,-0.11000009893251476,0.9939315762339161,0.5249572308537086,-0.170395684100786,-0.12641413050005212
1791198879861425595,8880000000,odom,base_link,3.0029215397818803,0.604965102211919,-0.22305145528829348,5.561407536688246e-11,-6.297299228847849e-11,-0.11129467877112939,0.9937874493458001,0.5305075366176801,-0.16782158255341323,-0.13025781663600355
1791198879881370333,8900000000,odom,base_link,3.012518682038016,0.5993316552284755,-0.22565661152208305,2.3462794808077386e-11,-4.334193696974652e-11,-0.11258906977206086,0.9936416362893928,0.5305075411902749,-0.16782158544413936,-0.13025781663600355
1791198879901330454,8920000000,odom,base_link,3.0221011157339195,0.5936732253351754,-0.22826176775102805,-2.8048688468094833e-12,-2.722142041149759e-11,-0.1138832697396403,0.9934941373120469,0.530507540442047,-0.16782158380594012,-0.13025781663600355
1791198879921283755,8940000000,odom,base_link,3.0316687758352567,0.5879898509348606,-0.23086692397601086,-2.426247781258978e-11,-1.3979347245239939e-11,-0.1151772764784257,0.9933449526639838,0.530507536754697,-0.16782158230704441,-0.13025781663600355
1791198879941303079,8960000000,odom,base_link,3.041207153434392,0.5823281255234591,-0.2335140794803479,1.7122953682615773e-10,3.831404944249409e-11,-0.11649194448701347,0.9931916365282355,0.5280279396699865,-0.16361997833060077,-0.1344577394775115
1791198879961357883,8980000000,odom,base_link,3.050719020267754,0.5768934344275941,-0.23657506017170016,1.488633899303639e-10,3.6236446183534226e-11,-0.11801187766931126,0.9930121835752891,0.525809833867713,-0.1534516997259828,-0.15467389312107116
1791198879981361382,9000000000,odom,base_link,3.0602141349473735,0.5714297302675415,-0.2396685381249208,9.596516364712456e-11,3.8794282612509956e-11,-0.11954766653960286,0.9928284622355142,0.5258098282178002,-0.15345170518454065,-0.15467389312107116
1791198880001395903,9020000000,odom,base_link,3.069692302372948,0.5659366793692423,-0.2427620160718824,5.271518433503595e-11,4.0996962258186674e-11,-0.1210831694008328,0.9926423656523277,0.5258098328335807,-0.15345170513758635,-0.15467389312107116
1791198880021345295,9040000000,odom,base_link,3.079153431842334,0.5604143342990294,-0.2458554940137249,1.7357372044572847e-11,4.2891458521991384e-11,-0.12261838258002997,0.9924538942708913,0.5258098335625576,-0.1534517033833504,-0.15467389312107116
1791198880041201470,9060000000,odom,base_link,3.088568835505324,0.5549132961997455,-0.2489909712338635,2.115450566089813e-10,1.6195038498092085e-10,-0.12417413954547295,0.9922604411484626,0.5217955173489072,-0.1492504253693224,-0.15887382469372824
1791198880061214761,9080000000,odom,base_link,3.097879834371688,0.5497013156724212,-0.25253250232330593,2.13360026032987e-10,1.334265873555759e-10,-0.12593100454698158,0.9920390023047421,0.5156654398204056,-0.1367129754348681,-0.17854415636975318
1791198880081231916,9100000000,odom,base_link,3.1071730443190924,0.5444594989645495,-0.2561033854056514,1.454615586718671e-10,1.1900033176679823e-10,-0.1277020305296374,0.9918125787660729,0.5156654434725048,-0.13671297836689886,-0.17854415636975318
1791198880101479231,9120000000,odom,base_link,3.1164474771412545,0.5391845307806868,-0.2596742684809857,8.991960319863446e-11,1.0735075433023474e-10,-0.1294726494202012,0.9915829935270742,0.5156654457953689,-0.1367129769171637,-0.17854415636975318
1791198880121427575,9140000000,odom,base_link,3.125703014578254,0.5338764783830449,-0.26324515155058525,4.449469127547537e-11,9.796197315142853e-11,-0.13124285557492807,0.9913502473195528,0.5156654404971663,-0.13671297609109784,-0.17854415636975318
1791198880141351236,9160000000,odom,base_link,3.1349132956727472,0.528584297550059,-0.26685803389822826,1.9958644880959708e-10,1.9462069866253667e-10,-0.13303345636765562,0.9911115474490624,0.511847697392882,-0.1326821643886203,-0.18274408066645265
1791198880161317880,9180000000,odom,base_link,3.144009050185245,0.5234552663163978,-0.27075542763196014,1.3226029041463518e-10,1.696002522282745e-10,-0.134964578520671,0.9908504239009729,0.5065768113257227,-0.126410268285324,-0.19501698261592537
1791198880181279292,9200000000,odom,base_link,3.153084731479058,0.5182907992073212,-0.2746557672880113,7.712022150884948e-11,1.4931865771310297e-10,-0.13689664725060297,0.9905853360370039,0.5065768105092857,-0.12641027004421387,-0.19501698261592537
1791198880201264677,9220000000,odom,base_link,3.162140200614974,0.5130909732307675,-0.2785561069388661,3.201023047979328e-11,1.3288555156416687e-10,-0.13882819533795115,0.9903164808177272,0.5065768091658656,-0.1264102676974838,-0.19501698261592537
1791198880221223771,9240000000,odom,base_link,3.171175319835626,0.5078558674898411,-0.28245644658547087,-4.896197310760852e-12,1.195802485350134e-10,-0.1407592154371974,0.9900438592655907,0.5065768112849363,-0.1264102686524223,-0.19501698261592537
1791198880241171589,9260000000,odom,base_link,3.1801696215595974,0.5026227838899121,-0.2863867856311937,1.5685152260598812e-10,2.261339405768424e-10,-0.14270454640513328,0.9897653320031498,0.5035768163655047,-0.12340958375323836,-0.19801692542387173
1791198880261237023,9280000000,odom,base_link,3.1888607996005445,0.4976531164136136,-0.29059492342314397,1.4184138172929866e-10,3.184720560197583e-10,-0.14478676343396138,0.98946288113012,0.48621784923934364,-0.1145321253945129,-0.21067245688755065
1791198880281168428,9300000000,odom,base_link,3.197510083582454,0.49265312620518825,-0.2948083724913033,8.413610817213697e-11,2.7141455447265274e-10,-0.14687096631666782,0.9891556597690822,0.48621785334295164,-0.11453212928573082,-0.21067245688755065
1791198880301211901,9320000000,odom,base_link,3.2061382236459437,0.48761673716931087,-0.2990218215553806,3.688739820818219e-11,2.3308995005210173e-10,-0.14895451734191123,0.9888440482520174,0.4862178501575092,-0.11453213856032467,-0.21067245688755065
1791198880321308299,9340000000,odom,base_link,3.2147450666147015,0.48254403871776275,-0.3032352706161186,-1.8011095146924785e-12,2.0189500596234234e-10,-0.15103740726266396,0.988528047961904,0.486217845200526,-0.11453213393563663,-0.21067245688755065
1791198880341379411,9360000000,odom,base_link,3.2233027497116042,0.477486726488815,-0.30749071895711494,1.7721563357367322e-10,3.172443820361841e-10,-0.15314037880759107,0.9882044446260437,0.48201771423581696,-0.1104453308380466,-0.2148723797290586
1791198880361509218,9380000000,odom,base_link,3.231475962759918,0.47269273195447364,-0.3120358411128179,1.3952607299172665e-10,4.4355525190959964e-10,-0.15538573638319725,0.9878538722547235,0.4601769281842148,-0.1036705437695646,-0.22743208683095872
1791198880381363522,9400000000,odom,base_link,3.23958704726457,0.46787460886625937,-0.3165844828146481,8.190626484077077e-11,3.740278842116305e-10,-0.1576320292367383,0.9874979206857643,0.4601769235895235,-0.10367054158803073,-0.22743208683095872
1791198880401470991,9420000000,odom,base_link,3.247676132018711,0.46301964133096557,-0.3211331245135617,3.467260579260791e-11,3.1734385825827614e-10,-0.15987750673195042,0.9871368612513541,0.460176926243342,-0.10367054273139509,-0.22743208683095872
1791198880421551913,9440000000,odom,base_link,3.255743049658494,0.4581279297985629,-0.325681766210092,-4.035936982599234e-12,2.7114255523220445e-10,-0.1621221572542917,0.9867706958190513,0.4601769283205163,-0.10367054422836311,-0.22743208683095872
1791198880441336714,9460000000,odom,base_link,3.263768954943103,0.4532376554993548,-0.3302517195712614,1.5874911275409623e-10,3.4656044301316563e-10,-0.1643764800919645,0.9863976747704629,0.45717668524676186,-0.10067049198443678,-0.22956325265113264
1791198880461569661,9480000000,odom,base_link,3.271400382926274,0.448748034210293,-0.3349024410815346,2.3847002167760075e-10,5.464724752690006e-10,-0.16666976405019795,0.9860127736248914,0.4287481882607035,-0.08719108407016826,-0.2325360692339018
1791198880481302542,9500000000,odom,base_link,3.2789148554613003,0.4442643448364276,-0.33955316258623774,1.6464337804345034e-10,4.572579441598053e-10,-0.16896214677223706,0.9856225408127175,0.4287481500143547,-0.08719108309568815,-0.2325360692339018
1791198880501411330,9520000000,odom,base_link,3.2864083944138285,0.43974575635771246,-0.3442038840873509,1.041124413958532e-10,3.845069648865575e-10,-0.17125361586345905,0.9852269784438968,0.4287481522077713,-0.08719107886668692,-0.2325360692339018
1791198880521329750,9540000000,odom,base_link,3.293880837705038,0.4351923665077026,-0.34885460558552817,5.4492373183356846e-11,3.2519097983434763e-10,-0.17354415893352684,0.9848260886573095,0.4287481536507253,-0.0871910819742902,-0.2325360692339018
1791198880541368670,9560000000,odom,base_link,3.3013071229138786,0.43065818756643137,-0.35351630507622067,2.477328597470719e-10,4.090668028315622e-10,-0.1758391670725867,0.9844189084547386,0.42454754387457594,-0.08299187318010916,-0.23363387008430436
1791198880561288834,9580000000,odom,base_link,3.308327806716679,0.42661049061116485,-0.3582036202672303,3.520885069495854e-10,6.168616524318126e-10,-0.17814582289406744,0.9840040984596535,0.39337157361376984,-0.0666623786068723,-0.2343657542951405
1791198880581267652,9600000000,odom,base_link,3.3152157090935233,0.42258771503237946,-0.3628909354521358,2.600653017698133e-10,5.133315492926685e-10,-0.18045150020592354,0.9835838835978513,0.3932190482923147,-0.06666241635183547,-0.2343657542951405
1791198880601410517,9620000000,odom,base_link,3.3220846798542443,0.41853269799317466,-0.3675782506324137,1.8462646218022795e-10,4.28903307294678e-10,-0.18275618634442545,0.9831582661773443,0.3932190453636003,-0.06666241876693971,-0.2343657542951405
1791198880621432283,9640000000,odom,base_link,3.328934568081762,0.4144455285861211,-0.37226556580890674,1.2278356911982027e-10,3.600628763537637e-10,-0.18505986865097526,0.9827272485358711,0.39321905028444937,-0.06666240922978064,-0.2343657542951405
1791198880641292836,9660000000,odom,base_link,3.335748349113105,0.41036521541222687,-0.3769608498055448,2.6926605839834297e-10,4.1238881025563664e-10,-0.18736644832193514,0.9822900865035866,0.3902186263280104,-0.06366304110709217,-0.2351626375457272
1791198880661323795,9680000000,odom,base_link,3.3422546473593258,0.40670424154601825,-0.3816800406648721,3.433656534122947e-10,5.213792812360251e-10,-0.1896837317708842,0.9818452433563404,0.36715014359415127,-0.04898598686725607,-0.23595953825861216
1791198880681367768,9700000000,odom,base_link,3.3486952678676003,0.40304393452352133,-0.3863992315190455,2.544522895080512e-10,4.342059301127069e-10,-0.19199995911746548,0.9813949336016013,0.3671501421416295,-0.04898599257784243,-0.23595953825861216
1791198880701346650,9720000000,odom,base_link,3.3551185430325354,0.39935327385430314,-0.3911184223684279,1.8157831936169814e-10,3.6314089212184993e-10,-0.1943151174658293,0.9809391597465364,0.3671501413845927,-0.04898598999424861,-0.23595953825861216
1791198880721373709,9740000000,odom,base_link,3.3615243298034265,0.3956323417322587,-0.395837613213892,1.218537792399729e-10,3.0522481593448207e-10,-0.19662919392632733,0.9804779243286831,0.36715014124612944,-0.04898598969689859,-0.23595953825861216
1791198880741369302,9760000000,odom,base_link,3.367896538497209,0.39192053386526654,-0.400554596402693,2.7141245046302055e-10,3.6412887824321524e-10,-0.19894109385254471,0.9800114495130927,0.36414965470055927,-0.045987007152453456,-0.23573877406306565
1791198880761428211,9780000000,odom,base_link,3.374006560943005,0.3885500026887535,-0.40526495653461897,2.808503569326683e-10,4.3135912979604745e-10,-0.20124864339881096,0.9795401898493692,0.34577855886559916,-0.03511378046313779,-0.23551800404675305
1791198880781527729,9800000000,odom,base_link,3.3800767132538425,0.3851630456598377,-0.4099753166616405,2.047441222039712e-10,3.5983399461085117e-10,-0.2035550766424972,0.9790634968034847,0.34577855779702044,-0.03511378112638147,-0.23551800404675305
1791198880801444518,9820000000,odom,base_link,3.386130844494531,0.3817475337064356,-0.4146856767845696,1.423772650733396e-10,3.0154191539127264e-10,-0.2058603807905175,0.9785813730195273,0.3457785600963056,-0.035113782254295955,-0.23551800404675305
1791198880821405177,9840000000,odom,base_link,3.3921688203395535,0.37830354261023014,-0.4193960369041511,9.126562318056893e-11,2.5404765949004903e-10,-0.20816454305601545,0.9780938211717116,0.3457785606751517,-0.03511378439708962,-0.23551800404675305
1791198880841450215,9860000000,odom,base_link,3.3981689732862415,0.3748855811877228,-0.4241468117288297,2.6699429744202936e-10,3.437214812212191e-10,-0.2104873053416735,0.977596590772493,0.34157798619191926,-0.03103353348136721,-0.23955947544891387
1791198880861416718,9880000000,odom,base_link,3.4038953050831426,0.3717478579634129,-0.4290654784422812,2.1721913032307897e-10,3.9604420402197424e-10,-0.2128909022761568,0.9770759764358368,0.32477552747354743,-0.02431408848371709,-0.24593333364464343
1791198880881319169,9900000000,odom,base_link,3.409591581424067,0.3685886684589838,-0.43398414515162886,1.5312995810733026e-10,3.3066830653120825e-10,-0.21529321157686412,0.9765494524338845,0.3247755261860078,-0.024314088149146137,-0.24593333364464343
1791198880901339015,9920000000,odom,base_link,3.415272249920649,0.365401499197478,-0.43890281185775565,1.0060007088362903e-10,2.7738926736426323e-10,-0.2176942187143002,0.9760170219511392,0.32477553109775265,-0.024314090894902475,-0.24593333364464343
1791198880921456122,9940000000,odom,base_link,3.4209371731393494,0.3621864272869901,-0.44382147856124793,5.754640575268215e-11,2.339808979449047e-10,-0.22009390916670019,0.9754786882078564,0.3247755290084928,-0.024314086876395052,-0.24593333364464343
1791198880941579880,9960000000,odom,base_link,3.426561137491826,0.3589883080535673,-0.44874365516768666,1.5774033593736004e-10,3.434006791051527e-10,-0.2224939793835752,0.9749340639951305,0.32057509123681877,-0.021365447543851928,-0.2462843229295686
1791198880961627148,9980000000,odom,base_link,3.431942080550154,0.3559702580372641,-0.45367402166805354,1.1947742591857098e-10,3.4739565161502405e-10,-0.22489669201197948,0.9743826137211546,0.30771977844885534,-0.01844384838573252,-0.24651832063682377
1791198880981537502,10000000000,odom,base_link,3.4373043842196043,0.35292751622891916,-0.4586043881659952,7.438206166034637e-11,2.907238534032824e-10,-0.22729803791380812,0.9738252420021434,0.30771978004787626,-0.018443850787756025,-0.24651832063682377
1791198881001501772,10020000000,odom,base_link,3.4426516209420606,0.349858373386838,-0.46353475466198607,3.739827788065408e-11,2.4451931928283826e-10,-0.2296980024960139,0.9732619522252687,0.3077197774697563,-0.018443848924615085,-0.24651832063682377
1791198881021375149,10040000000,odom,base_link,3.4479836607345558,0.34676290411731125,-0.46846512115638156,7.073755594212039e-12,2.0686256523320597e-10,-0.23209657117388574,0.9726927478136791,0.3077197795120485,-0.01844384991051943,-0.24651832063682377
1791198881041656099,10060000000,odom,base_link,3.453271655710422,0.343677272052768,-0.47340333768220505,7.848529226237478e-11,3.291931247908947e-10,-0.2344975449469739,0.9721167118272589,0.3035195973621901,-0.01653864149541461,-0.24730332952458411
1791198881061419422,10080000000,odom,base_link,3.45830537778274,0.34074385752053593,-0.4783598712096969,5.647558270330534e-11,3.3493332724729533e-10,-0.23690598689941098,0.9715325796756463,0.2907159901276118,-0.015035487978656031,-0.24782668333500624
1791198881081757180,10100000000,odom,base_link,3.4633209413272112,0.3377873740909377,-0.4833164047358733,2.4083169176067044e-11,2.804425337652502e-10,-0.23931297382130626,0.9709424805624702,0.29071598948040106,-0.015035489310492292,-0.24782668333500624
1791198881101383865,10120000000,odom,base_link,3.468321789412681,0.3348060672698103,-0.48827293826099727,-2.5041047159362295e-12,2.3599933012965593e-10,-0.2417184909295491,0.9703464181119759,0.2907159896065481,-0.015035488357914434,-0.24782668333500624
1791198881121689211,10140000000,odom,base_link,3.473307799182557,0.3318000102995728,-0.49322947178525983,-2.4326605023060396e-11,1.9976019296722632e-10,-0.2441225234500208,0.969744395985042,0.2907159905609882,-0.015035490073236573,-0.24782668333500624
1791198881141385518,10160000000,odom,base_link,3.4782566927948073,0.3288164851383317,-0.4981600217232125,1.0401337057882658e-10,3.0975496769308473e-10,-0.2465124657773607,0.9691396205998213,0.2865154786218192,-0.011947719665516337,-0.24522831954527646
1791198881161685069,10180000000,odom,base_link,3.4830332528522137,0.32600334492129557,-0.5030166358264999,6.9444300542681e-11,2.789045258898472e-10,-0.24886510523764274,0.9685381558798069,0.27703237972532047,-0.008741280098222257,-0.2428307052468881
1791198881181610332,10200000000,odom,base_link,3.4877960939546564,0.3231670402491107,-0.5078732499282318,3.606565055713261e-11,2.340804746612005e-10,-0.25121627722121453,0.9679309800079311,0.27703238060148655,-0.008741288482591774,-0.2428307052468881
1791198881201361064,10220000000,odom,base_link,3.4925451041036166,0.32030763783554483,-0.5127298640286944,8.689076482932052e-12,1.975325801778473e-10,-0.2535659678641254,0.9673180965644803,0.2770323783566274,-0.008741282132478146,-0.2428307052468881
1791198881221555146,10240000000,odom,base_link,3.497280171285949,0.3174252051244399,-0.517586478128119,-1.37622339738055e-11,1.677459053993094e-10,-0.25591416331113265,0.9666995091634023,0.2770323785211965,-0.008741285988412107,-0.2428307052468881
1791198881241350130,10260000000,odom,base_link,3.5019901299827603,0.31456076292999835,-0.5224563902378645,1.7236632546252384e-10,2.373023495799141e-10,-0.2582672731496239,0.9660735042530965,0.2740318841973972,-0.00574188992453745,-0.24416050437139347
1791198881261623991,10280000000,odom,base_link,3.5065145367564887,0.31208174161237273,-0.5273694952437534,2.263966439673081e-10,3.0090520942259403e-10,-0.26063970177167634,0.9654361428185562,0.25682931323418107,0.006342386548026715,-0.24565524654462934
1791198881281700010,10300000000,odom,base_link,3.5110106680985287,0.30959470348173623,-0.532282600246733,1.6564022543627881e-10,2.50720486269909e-10,-0.26301055752368796,0.9647929553179163,0.25682931088726046,0.0063423874249831464,-0.24565524654462934
1791198881301611262,10320000000,odom,base_link,3.515494526144179,0.30708560549083397,-0.5371957052468771,1.1585700634465636e-10,2.0984422417245046e-10,-0.2653798260984193,0.9641439456325869,0.2568293125526929,0.006342386805950237,-0.24565524654462934
1791198881321491635,10340000000,odom,base_link,3.5199660026597854,0.3045545082057705,-0.5421088102446999,7.506571788263336e-11,1.765630799804469e-10,-0.26774749319842084,0.9634891176790539,0.25682931205964615,0.006342386597343647,-0.24565524654462934
1791198881341461702,10360000000,odom,base_link,3.524403582788671,0.30201666296182655,-0.5469853767299633,6.595035949428078e-11,2.1622785986602827e-10,-0.27009595433153,0.9628334100215572,0.25421106400908633,0.006525020671974238,-0.24200139741878957
1791198881361274920,10380000000,odom,base_link,3.528767400431829,0.29950018232533165,-0.5517330916700283,3.532535515561018e-11,1.8168587525238927e-10,-0.27238082044573697,0.9621895284471284,0.2517834294184801,0.006646071182775741,-0.23738574236631393
1791198881381352158,10400000000,odom,base_link,3.5331192214047453,0.29696301196577346,-0.5564808066088314,1.0221023734957448e-11,1.5353833767443407e-10,-0.27466415163985264,0.9615402247456734,0.2517834340238192,0.006646071872236463,-0.23738574236631393
1791198881401249276,10420000000,odom,base_link,3.5374589476141898,0.2944052090729632,-0.5612285215466021,-1.035700602971326e-11,1.306107994675774e-10,-0.2769459350469682,0.9608855025761188,0.25178343079339643,0.006646070309369696,-0.23738574236631393
1791198881421523170,10440000000,odom,base_link,3.5417864812395394,0.29182683130177056,-0.5659762364835258,-2.722293601608132e-11,1.1194338224419149e-10,-0.2792261578088755,0.9602253656279306,0.25178343260649483,0.0066460750377271074,-0.23738574236631393
1791198881441357539,10460000000,odom,base_link,3.5460838026356942,0.28927779891950184,-0.5707659507018842,1.1784815376718282e-10,2.28643480513109e-10,-0.28152495742582373,0.9595539059096098,0.24758288992916433,0.009878173236013046,-0.2415856724837795
1791198881461296415,10480000000,odom,base_link,3.5501572942915285,0.28696654867182947,-0.5758577358629899,9.985467061031176e-11,2.6586555377043116e-10,-0.28396696359529666,0.9588340646777561,0.23343912740099843,0.013419898600233151,-0.2548340999055654
1791198881481480606,10500000000,odom,base_link,3.554213059270382,0.2846383967911719,-0.5809544180775912,6.321592876357387e-11,2.219980542393759e-10,-0.2864094751665144,0.9581073074216905,0.23343912649148035,0.013419898612545297,-0.2548340999055654
1791198881501415292,10520000000,odom,base_link,3.558256905773104,0.2822896042924477,-0.5860511002907642,3.3166953370055454e-11,1.8624410627958762e-10,-0.28885012678277977,0.957374328179721,0.23343912821322985,0.013419898118549203,-0.2548340999055654
1791198881521462561,10540000000,odom,base_link,3.562288728756409,0.2799202321882591,-0.5911477825027698,8.528004381310064e-12,1.5710834210422835e-10,-0.2912889025945326,0.9566351317118105,0.23343912718379262,0.013419899520216392,-0.2548340999055654
1791198881541362366,10560000000,odom,base_link,3.5662898430678647,0.27750670754954665,-0.5962144653115743,-1.7552427897179787e-10,1.900239350032641e-10,-0.2937114486711796,0.9558941285097827,0.23322787667911976,0.010419375678641905,-0.2518341672839597
1791198881561300206,10580000000,odom,base_link,3.5701739555221166,0.2749306107118591,-0.6010510229459856,-1.659612623135061e-10,1.6262613096970868e-10,-0.296022206118066,0.9551810579596903,0.23301772176070723,0.0030592086840983764,-0.24177490558940917
1791198881581536825,10600000000,odom,base_link,3.574045565720276,0.27233576217137484,-0.6058865212007326,-1.5317455589784918e-10,1.386928423563562e-10,-0.2983307268374205,0.9544625594671885,0.2330177195950156,0.003059204897034734,-0.24177490558940917
1791198881601311074,10620000000,odom,base_link,3.5779045833187952,0.2697222228754823,-0.6107220194564865,-1.4275152551102264e-10,1.1913525861183498e-10,-0.3006375036626061,0.9537384816560127,0.23301772013519476,0.003059205175689945,-0.24177490558940917
1791198881621369373,10640000000,odom,base_link,3.5817509180861213,0.2670900539340164,-0.6155575177130653,-1.342496787708235e-10,1.0315968783442239e-10,-0.3029425231092527,0.9530088287587896,0.2330177186623026,0.00305920699085336,-0.24177490558940917
1791198881641418904,10660000000,odom,base_link,3.5855929763263292,0.2643952772459655,-0.6203510166883895,-2.5888238444979375e-10,3.121255203868426e-11,-0.3052257742321693,0.9522800148823731,0.23626772809303861,-3.4388097745574394e-05,-0.23757498565828428
1791198881661408403,10680000000,odom,base_link,3.5894515353555057,0.26154447914637025,-0.6249081223553932,-2.2874432570360222e-10,3.1731667247408056e-11,-0.30739480034511585,0.951582070407375,0.2398506373921387,-0.0032542206187115828,-0.22785527107771486
1791198881681807964,10700000000,odom,base_link,3.593297062976394,0.25867612684815344,-0.6294652279096709,-2.0407781010594746e-10,3.213333965615115e-11,-0.3095622304719073,0.9508791855252999,0.23985063720048827,-0.0032542198687228385,-0.22785527107771486
1791198881701373604,10720000000,odom,base_link,3.5971294793282578,0.25579027991900793,-0.6340223334652325,-1.8388652543863922e-10,3.245605163889408e-11,-0.3117280534139621,0.9501713638679825,0.23985063809293833,-0.0032542212323006725,-0.22785527107771486
1791198881721325069,10740000000,odom,base_link,3.6009487048225757,0.2528869982898316,-0.6385794390218463,-1.6735581771347072e-10,3.27281388097943e-11,-0.3138922579266482,0.9494586091103238,0.23985063806023038,-0.003254221733017007,-0.22785527107771486
1791198881741275724,10760000000,odom,base_link,3.604806546515568,0.24997025054705477,-0.6430945453002475,-7.714424279727401e-11,-1.3633256058585218e-10,-0.3160349094866315,0.9487475617812025,0.24376984906053165,0.00016582968512490417,-0.22365534823620692
1791198881761352235,10780000000,odom,base_link,3.608842437502708,0.24703621769618606,-0.6469916533290802,-7.865961005091985e-11,-1.0646281040159132e-10,-0.317882994216543,0.9481299499477512,0.24945012524566637,0.004138469736795365,-0.18485540203982964
1791198881781402967,10800000000,odom,base_link,3.612867985153175,0.24408800763067418,-0.6500887614625379,-7.667464916025573e-11,-8.303787585873506e-11,-0.3193508429747498,0.9476365543241336,0.24945028892439342,0.004128488662754672,-0.1448554074158892
1791198881801344621,10820000000,odom,base_link,3.616885467412631,0.2411288149753272,-0.6524834978199223,-7.219986462633152e-11,-6.479529048361314e-11,-0.32048528363361917,0.9472534945695785,0.24945041734659376,0.0041209511792808535,-0.11461822577985004
1791198881821399604,10840000000,odom,base_link,3.6208960965605703,0.23816034069207467,-0.6547758621720343,-6.806565165761164e-11,-5.0016713779993824e-11,-0.32157079795145943,0.9468855379109249,0.24945041588229847,0.004120942172229809,-0.11461821850389242
1791198881841459437,10860000000,odom,base_link,3.6249010099869614,0.23513539941146047,-0.6570262272429161,-2.2738265056845634e-10,-7.060063314032384e-11,-0.32263601323692886,0.9465231127461073,0.2524245716445575,0.00044090246988699576,-0.11041828984161839
1791198881861362039,10880000000,odom,base_link,3.6288900830299395,0.2319442513450682,-0.6586585940620775,-1.9259231991369314e-10,-5.525145264250641e-11,-0.3234084421497168,0.9462594673483026,0.255385905855575,-0.0042868902870202424,-0.07161834219004959
1791198881881610002,10900000000,odom,base_link,3.6328751567606163,0.22874810969665788,-0.6594909609987823,-1.6094129797510626e-10,-4.391180688712063e-11,-0.32380223167685623,0.9461247881548647,0.2553857356691115,-0.004297107778464059,-0.03161834829370491
1791198881901233099,10920000000,odom,base_link,3.6368587838926154,0.22555016496248204,-0.659530160474934,-1.3188313659632835e-10,-3.58265584049097e-11,-0.3238207754126956,0.9461184415342091,0.25538556436145343,-0.004307151078091299,0.007698403555878031
1791198881921207369,10940000000,odom,base_link,3.640842945984127,0.2223528867514329,-0.6592680763692245,-1.0682506617420362e-10,-2.9686709524407134e-11,-0.32369679132989976,0.9461608675498725,0.25538554397382474,-0.004308531937408819,0.01310420520894695
1791198881941643800,10960000000,odom,base_link,3.6448118980341966,0.21911598358610967,-0.6589639929837299,-2.912603094812106e-10,1.5324807860401896e-11,-0.3235529316891435,0.9462100720217262,0.2566070402544144,-0.00850935079047321,0.017304133507423103
1791198881961285656,10980000000,odom,base_link,3.6486679377467603,0.2156862497995965,-0.6580419113451235,-2.5296905435895533e-10,1.7239406815491597e-11,-0.32311665585077565,0.9463591425625958,0.2574279153233005,-0.017639812699152692,0.05610408043139614
1791198881981335427,11000000000,odom,base_link,3.6525284394308146,0.21226153981715765,-0.6563198298255749,-2.0024110215374263e-10,1.1236232519285079e-11,-0.3223016823784182,0.9466370083279235,0.25742721124163814,-0.017650110340993765,0.09610407432774082
1791198882001382654,11020000000,odom,base_link,3.656396131027641,0.2088449529261084,-0.6537977484219823,-1.5396404060191393e-10,5.038946658511386e-12,-0.3211076786316325,0.9470426910777593,0.2574265075657457,-0.017660414508443835,0.13610407040687278
1791198882021361178,11040000000,odom,base_link,3.6602735927376746,0.20543945929514593,-0.6506614868863388,-1.1361452111791161e-10,-9.929589120705444e-13,-0.31962219765067346,0.9475450652971361,0.2574261044381382,-0.01766626184341358,0.15883122978266329
1791198882041343785,11060000000,odom,base_link,3.66412741863565,0.20201968250317182,-0.6474428629789593,-2.6813450014966657e-10,8.487353184063883e-11,-0.31809688881637566,0.9480582098823586,0.25628614685153484,-0.0218668769605575,0.16303116135532036
1791198882061475339,11080000000,odom,base_link,3.667834244774889,0.19844673952201403,-0.6436062408094666,-2.2593232069296305e-10,6.952644972322487e-11,-0.31627763407383824,0.9486666739085206,0.25552390688217214,-0.031206065380840458,0.20183110755169764
1791198882081507416,11100000000,odom,base_link,3.6715561023781804,0.19488945922400483,-0.6389696187436298,-1.671047480903819e-10,4.856427694644927e-11,-0.3140774817000689,0.9493973538455555,0.2555226569956045,-0.03121629040149776,0.2418311036308296
1791198882101309880,11120000000,odom,base_link,3.6752957573237413,0.19135089590879956,-0.6335329967735476,-1.1585245604641426e-10,3.016253881584062e-11,-0.31149556722999133,0.9502476054145393,0.25552141096061165,-0.031226515379487403,0.28183109825477004
1791198882121450438,11140000000,odom,base_link,3.6790555968498873,0.1878337885577576,-0.6276335979955718,-7.198776800578635e-11,1.4449207819023987e-11,-0.30869127139563707,0.9511622884472161,0.25552099344026236,-0.03122990326527907,0.29509648447856307
1791198882141619829,11160000000,odom,base_link,3.6827901446542777,0.1843202668863473,-0.6216896691576553,-2.1109942708515063e-10,1.3339184308618607e-10,-0.30586309181104954,0.9520755059698708,0.252871893400367,-0.03542989924338935,0.2992964116856456
1791198882161300980,11180000000,odom,base_link,3.68635758241215,0.180695801588769,-0.6151277420373538,-1.6298160437683767e-10,1.0138639203058128e-10,-0.3027377261097038,0.9530739054186333,0.2503957076547296,-0.0442789093421234,0.33809635788202286
1791198882181608993,11200000000,odom,base_link,3.689950092953283,0.1770961897502281,-0.6077658149904225,-1.0603985644710983e-10,6.934178878540829e-11,-0.29922745278218915,0.9541818126025473,0.2503939381657281,-0.044288925200162796,0.3780963510507718
1791198882201463237,11220000000,odom,base_link,3.6935703538981506,0.17352449241909418,-0.5996351769476945,-5.640884939436303e-11,4.200787121625785e-11,-0.2953459373587707,0.9553903795232969,0.250392306065938,-0.04429816233485141,0.4149674583459273
1791198882221491742,11240000000,odom,base_link,3.697220073303361,0.16998290349981726,-0.5912975461055774,-1.481800011502923e-11,1.9545372458337957e-11,-0.29136053633974457,0.9566133167920131,0.25039221874899187,-0.044298643138025624,0.4168815503362566
1791198882241382848,11260000000,odom,base_link,3.7008694625342797,0.16645557416722936,-0.5829299158621386,-1.326846950475964e-10,9.792349841670518e-11,-0.28735570472682587,0.9578239394382191,0.24880836378896767,-0.04729849710394307,0.4198814887786284
1791198882261324989,11280000000,odom,base_link,3.7044000940264055,0.1628294277157123,-0.5739722874275457,-9.033413465413418e-11,6.741310057242481e-11,-0.2830629214508159,0.9591013410999535,0.24692902446448062,-0.055337365321123655,0.4578814230626449
1791198882281391967,11300000000,odom,base_link,3.7079644283389923,0.15923640859289942,-0.564214659026871,-3.812820322909146e-11,3.701941155178155e-11,-0.2783802939292772,0.9604709323825731,0.24692681182190404,-0.055347243436261115,0.4978814220521599
1791198882301360958,11320000000,odom,base_link,3.71156456512284,0.15567926608710222,-0.5540557827702304,6.362021874827952e-12,1.1772137405784973e-11,-0.27349807103858353,0.9618725514007425,0.2469262561368511,-0.055349729867205134,0.5079437978565693
1791198882321341724,11340000000,odom,base_link,3.715200652084402,0.15215887984942117,-0.5438969064533343,4.2953194214561274e-11,-8.50041616436065e-12,-0.26860879169462987,0.9632493535032094,0.24692625532887105,-0.05534972791814161,0.5079437978565693
1791198882341515579,11360000000,odom,base_link,3.7188324946902203,0.14866282657567423,-0.5336960308523754,-1.2643503213310865e-11,7.764961961990565e-11,-0.26369232573265766,0.9646068408163514,0.24415121644752355,-0.05848205650497077,0.512143736705184
1791198882361380569,11380000000,odom,base_link,3.7223815248907286,0.14516164857970631,-0.5228771569195,2.8497339849976557e-11,4.395952806310433e-11,-0.25847051320382153,0.966019147741986,0.24148703473923255,-0.06180025134043815,0.5509437003638595
1791198882381404607,11400000000,odom,base_link,3.7259691255838914,0.14170000669923585,-0.5116500605523284,6.397539690080155e-11,1.6043686054762176e-11,-0.2530436742113229,0.9674548562809708,0.2414863918442282,-0.06180276845057716,0.5613547982648015
1791198882401499697,11420000000,odom,base_link,3.7295953635449557,0.13827886047639265,-0.5004229641037397,9.324393686167301e-11,-6.403144898064976e-12,-0.24760886130749232,0.9688600785469526,0.24148639154947765,-0.061802766625167385,0.5613547982648015
1791198882421442962,11440000000,odom,base_link,3.7332597816999784,0.1348986411340786,-0.4891958676572768,1.17393594359737e-10,-2.438760429202009e-11,-0.24216624579364598,0.9702347702480114,0.24148639453484635,-0.06180277063549221,0.5613547982648015
1791198882441343275,11460000000,odom,base_link,3.7369300650698754,0.13156353685515634,-0.47793877180676764,1.3253549602660146e-10,1.1004079191109479e-10,-0.23670142575514785,0.9715824386255035,0.23848579301313375,-0.06293776584623244,0.5643547512590885
1791198882461362403,11480000000,odom,base_link,3.740437908573255,0.1283332574744182,-0.46635808148931707,1.533659354780771e-10,9.2772081217052e-11,-0.23107169145924455,0.9729367263117185,0.22964278638334115,-0.06414041804414465,0.5797044723294675
1791198882481186175,11500000000,odom,base_link,3.7439829634720914,0.12514386058922303,-0.45476399208633284,1.6549549577551069e-10,5.728455470659825e-11,-0.22542768270005756,0.974259903656351,0.22964278313422049,-0.06414041561971685,0.5797044723294675
1791198882501328960,11520000000,odom,base_link,3.7475647574293895,0.12199577882954468,-0.44316990268496514,1.7569978008756976e-10,2.8553784743996943e-11,-0.21977609830165043,0.9755503403798818,0.22964278504958235,-0.06414041624339553,0.5797044723294675
1791198882521365719,11540000000,odom,base_link,3.7511828089753636,0.1188894353647052,-0.4315758132849197,1.8429240660511415e-10,5.3422735601960294e-12,-0.2141171281889544,0.9768079931164133,0.22964278594836376,-0.06414041856885182,0.5797044723294675
1791198882541439295,11560000000,odom,base_link,3.754795443541479,0.11583605540360689,-0.4200147600336235,2.077748018928062e-10,1.5835592333179224e-10,-0.20846711772501572,0.9780293762599488,0.2254428752028319,-0.06483489671068957,0.576400855788961
1791198882561315373,11580000000,odom,base_link,3.758177194677057,0.11292377027624452,-0.408560914401203,2.1751659436201965e-10,1.652583853049375e-10,-0.20286263098636872,0.9792072063405622,0.2132408374677254,-0.06529220078853454,0.572692253626883
1791198882581426894,11600000000,odom,base_link,3.7615895063696496,0.11005152337218183,-0.3971070687700891,2.1460838424983028e-10,1.1869746197061088e-10,-0.1972514908500036,0.9803529208185443,0.21324083710290248,-0.06529220181201718,0.572692253626883
1791198882601562995,11620000000,odom,base_link,3.7650344917868543,0.10721854811032615,-0.38565322314012984,2.125503670140839e-10,8.082222871010412e-11,-0.19163388134752693,0.9814664821172866,0.21324083785256587,-0.06529220179431365,0.572692253626883
1791198882621389853,11640000000,odom,base_link,3.7685116989838665,0.1044252161459946,-0.3741993775111142,2.111402632921311e-10,5.0048465822978364e-11,-0.1860099867226952,0.9825478537147302,0.21324083546535055,-0.06529220121369365,0.572692253626883
1791198882641359189,11660000000,odom,base_link,3.771979616190735,0.10168211816134178,-0.36278753116832835,2.268328605176558e-10,1.962540423652213e-10,-0.18040064657123872,0.9835932120123029,0.20904110365340145,-0.06579486650399077,0.5684923438820988
1791198882661545423,11680000000,odom,base_link,3.7751655049720503,0.0990824156985257,-0.35177880216526364,2.3284970831900695e-10,2.3067928603861182e-10,-0.17498388546517885,0.9845712974830767,0.19422416990207642,-0.06611995621068176,0.5490178009495139
1791198882681392295,11700000000,odom,base_link,3.7783712539145364,0.09652097946534956,-0.3407984462987879,2.2238504184937161e-10,1.7444314488024815e-10,-0.16957580382911755,0.9855171468603215,0.19422416751518995,-0.06611995707474144,0.5490178009495139
1791198882701265606,11720000000,odom,base_link,3.781604934520067,0.09399489720322003,-0.3298180904333234,2.141629104695738e-10,1.285810009324653e-10,-0.16416261084340214,0.9864332908012977,0.19422416858108413,-0.06611995292676141,0.5490178009495139
1791198882721483907,11740000000,odom,base_link,3.7848661569133073,0.0915044734739823,-0.3188377345686865,2.0772586357894869e-10,9.121606459439413e-11,-0.1587444696722873,0.9873197016916376,0.19422417034389902,-0.06611995636344171,0.5490178009495139
1791198882741497250,11760000000,odom,base_link,3.7881124958774604,0.0890564726052159,-0.30789937798959116,2.1029615600638303e-10,2.3302724904744075e-10,-0.15334229494545323,0.9881731328977031,0.19002436593711966,-0.06677935917235404,0.5448178621008992
1791198882761264997,11780000000,odom,base_link,3.7910587616484532,0.0867292093421976,-0.297515548963957,2.1295793665173804e-10,2.685338604143187e-10,-0.14820974082421537,0.9889559508516135,0.1747656529466407,-0.06720705394627871,0.5123649840243161
1791198882781287821,11800000000,odom,base_link,3.794018849711109,0.08443537303751272,-0.2872765139390944,2.0090266744722946e-10,2.0743316035121964e-10,-0.14314484338673275,0.9897017499286276,0.17476568137717752,-0.06720698187399812,0.511951744556427
1791198882801537706,11820000000,odom,base_link,3.7970022688709753,0.08217196488982995,-0.27703747891524594,1.9137060131877086e-10,1.575518904752912e-10,-0.1380761942089626,0.9904216095142355,0.17476568065942005,-0.06720698331095062,0.511951744556427
1791198882821357365,11840000000,odom,base_link,3.8000087063554253,0.07993922218756286,-0.2667984438922269,1.8384539152112373e-10,1.1685555121708388e-10,-0.13300392613708,0.9911155107413677,0.1747656798234938,-0.06720698105908886,0.511951744556427
1791198882841273665,11860000000,odom,base_link,3.8029947547891783,0.07773870957971146,-0.25660140815385996,1.7258465915073924e-10,2.571248174169732e-10,-0.12794899918098906,0.9917807487588087,0.17056575077972763,-0.06817349431599692,0.5077518173493445
1791198882861235790,11880000000,odom,base_link,3.805697682481373,0.07562330931351201,-0.24701612646661136,1.7257998887159838e-10,2.7007399928504765e-10,-0.12319429899963895,0.9923825697249965,0.15693458692509402,-0.06880686346010549,0.46957629383541644
1791198882881414303,11900000000,odom,base_link,3.808414832111775,0.07353473244694281,-0.23773546138352597,1.6293009003587235e-10,2.1043913188546807e-10,-0.1185880040442451,0.992943545875999,0.15693496563664017,-0.0688059923653662,0.46403324813582003
1791198882901319965,11920000000,odom,base_link,3.81115124783253,0.07147146212043239,-0.22845479630146884,1.5531379983303266e-10,1.6173819257702899e-10,-0.1139791555756782,0.9934831413236238,0.15693496700373866,-0.06880599201616246,0.46403324813582003
1791198882921314948,11940000000,odom,base_link,3.813906693955699,0.06943367604341728,-0.21917413122025342,1.4932697067148468e-10,1.219813718185461e-10,-0.10936785283455559,0.9940013444489696,0.15693496833133982,-0.06880599326509357,0.46403324813582003
1791198882941491656,11960000000,odom,base_link,3.816637094528737,0.06741745476598014,-0.20993546542266323,1.2484867584780533e-10,2.6389932145189146e-10,-0.10477507919572583,0.9944959440739461,0.15273493328212057,-0.07012150396826795,0.4598333209287375
1791198882961404411,11980000000,odom,base_link,3.8191324929814,0.06544661658296559,-0.20131479792417148,1.2385977526835275e-10,2.3924078065056354e-10,-0.1004875097325652,0.9949383198911115,0.14220622185476645,-0.071029308802823,0.4210333718219772
1791198882981281763,12000000000,odom,base_link,3.821643530404815,0.06349681046690935,-0.1931411343107065,1.1881569632758072e-10,1.867075819837103e-10,-0.09642053630022936,0.9953406854839082,0.1422071047976038,-0.07102754194312841,0.40861210436560214
1791198883001834350,12020000000,odom,base_link,3.8241704182269283,0.061567590218160606,-0.1849688920456177,1.1489683387175918e-10,1.4380859185616589e-10,-0.09235266007265777,0.9957263610940027,0.1422071057094413,-0.07102754220982074,0.40861210436560214
1791198883021589038,12040000000,odom,base_link,3.826712987549661,0.05965908450172542,-0.1767966497813453,1.1187241051082666e-10,1.0877933710203598e-10,-0.08828324189198587,0.9960954116956071,0.1422071044723209,-0.07102754179067831,0.40861210436560214
1791198883041509950,12060000000,odom,base_link,3.8292393252910615,0.05776381023083771,-0.16865440691976233,7.542229931321295e-11,2.270694351079146e-10,-0.08422729611268757,0.9964465678547675,0.13920703225524472,-0.07231123415459104,0.4056121688336134
1791198883061434899,12080000000,odom,base_link,3.831582469342956,0.05587969817611369,-0.16110216222677157,7.785714897491136e-11,1.9180246534348077e-10,-0.08046400040084087,0.9967575154667726,0.13101275175565075,-0.07373105710957077,0.3676122345495969
1791198883081294764,12100000000,odom,base_link,3.8339391901044544,0.054012595010641096,-0.15408324514543467,7.770861903309672e-11,1.491969696967578e-10,-0.07696543289692584,0.9970337617849201,0.13101402824527705,-0.0737287842933607,0.3502792678773403
1791198883101408772,12120000000,odom,base_link,3.836308935245398,0.0521620504939684,-0.14707766000189945,7.7696187421294e-11,1.1442527041830486e-10,-0.07347256541869013,0.9972972386058212,0.13101402936939463,-0.07372878502317992,0.3502792678773403
1791198883121414216,12140000000,odom,base_link,3.838691586276316,0.050328152704125696,-0.14007207485911444,7.781213608444381e-11,8.60347028205495e-11,-0.06997879646600909,0.9975484790450883,0.1310140301444133,-0.07372878490834663,0.3502792678773403
1791198883141417168,12160000000,odom,base_link,3.8410572727340226,0.04850174002613014,-0.13309648911833005,3.8377204204226967e-11,1.8362000585732326e-10,-0.06649913541184044,0.9977864826652433,0.1281891257649535,-0.07504105707641165,0.3472793207038194
1791198883161430210,12180000000,odom,base_link,3.84329412118965,0.0466669537119028,-0.12671090153457115,4.342859645077839e-11,1.4307923546531462e-10,-0.0633130753933253,0.9979937146516701,0.12276754448391917,-0.0765051046130353,0.30927937768865377
1791198883181286357,12200000000,odom,base_link,3.845542094818289,0.04484581372231562,-0.12082290485115056,4.670220861561694e-11,1.105408620075685e-10,-0.06037471342547689,0.9981757831057572,0.12276870744887558,-0.07650323641786896,0.2940681588370353
1791198883201363894,12220000000,odom,base_link,3.847800741132207,0.04303792734753011,-0.11494154187943458,4.945985217669263e-11,8.398708403567145e-11,-0.05743913956281523,0.9983490097387203,0.12276870824091705,-0.07650323682234253,0.2940681588370353
1791198883221196444,12240000000,odom,base_link,3.850069981157125,0.04124335608312745,-0.10906017890836608,5.1791908821618203e-11,6.230100388559873e-11,-0.054503068989694904,0.9985136030474019,0.12276870827987374,-0.07650323695044925,0.2940681588370353
1791198883241212184,12260000000,odom,base_link,3.8523166020629604,0.039452407808311614,-0.10322081521825825,2.097869792966431e-11,1.40072818985865e-10,-0.05158749878614149,0.9986684785097555,0.11957518942413074,-0.07781531556944085,0.28986822289880365
1791198883261321589,12280000000,odom,base_link,3.8544695720524387,0.03765303121630357,-0.09799716571869399,2.6612210644601413e-11,1.0873958772573583e-10,-0.04897897874739397,0.9987998095919234,0.11612603349480596,-0.0787234340729853,0.2512966748327017
1791198883281275663,12300000000,odom,base_link,3.856631506927544,0.03586443515708603,-0.09311296062713029,3.063972092370432e-11,8.354595814694836e-11,-0.046539663562211835,0.9989164428096657,0.11612659123687571,-0.07872261056275046,0.2442102413624525
1791198883301161360,12320000000,odom,base_link,3.858802151850934,0.034086419723431696,-0.0882287555362159,3.3996289097522057e-11,6.297012322194603e-11,-0.0441000708212286,0.999027118627699,0.11612659140189274,-0.07872261078087503,0.2442102413624525
1791198883321508039,12340000000,odom,base_link,3.8609814550409784,0.032319027330561426,-0.08334455044583262,3.679391352495695e-11,4.6168801689879235e-11,-0.041660215073779476,0.9991318363859729,0.11612659186091641,-0.07872261106028662,0.2442102413624525
1791198883341555767,12360000000,odom,base_link,3.863130812263164,0.030607477985958937,-0.07850234463675766,2.5251476361590703e-10,1.9567769976125193e-10,-0.039241094345347886,0.9992297716314199,0.1119281881509198,-0.07452141080977387,0.24001031852094457
1791198883361536447,12380000000,odom,base_link,3.864720644001151,0.029566877195216563,-0.07427813709069218,8.390965193160307e-10,6.385637252310787e-10,-0.03713053141680953,0.9993104240608648,0.0733389815382744,-0.03590945655542689,0.20121037814533338
1791198883381377969,12400000000,odom,base_link,3.865998457443395,0.028898563810764208,-0.07085392944383077,6.89106543901635e-10,5.220469521778836e-10,-0.0354195546345112,0.9993725307158952,0.06614119632836098,-0.02870491576587277,0.16121038497658446
1791198883401658220,12420000000,odom,base_link,3.8670253768881513,0.028519628159976055,-0.06822972168915135,1.047178208983701e-09,8.458165086301875e-10,-0.0341082439488638,0.9994181445694914,0.04314551259400389,-0.0061610515756291145,0.12121038962504826
1791198883421495576,12440000000,odom,base_link,3.8674194003600904,0.028493022275815263,-0.06640551381887315,8.640331676906447e-10,9.191934976402845e-10,-0.033196656664851366,0.9994488391039713,0.016145831619558248,-1.3117757696772972e-06,0.08121039427351207
1791198883441436643,12460000000,odom,base_link,3.8676997098203527,0.02847452052002637,-0.06538130583132569,7.121723431620274e-10,9.234376447221474e-10,-0.0326848305922248,0.99946570819071,0.011946109119378063,-5.163573412359586e-07,0.04121040110476315
1791198883461271441,12480000000,odom,base_link,3.867701997546077,0.02847437073565267,-0.06513814976193899,6.141445803548062e-10,8.472905657839914e-10,-0.03256331727441813,0.9994696745615074,-5.67081212763461e-12,-9.260213453248617e-12,0.0031052031090439414
1791198883481398319,12500000000,odom,base_link,3.867701997546077,0.02847437073565267,-0.06513814976193899,6.141445803548062e-10,8.472905657839914e-10,-0.03256331727441813,0.9994696745615074,0.0,0.0,0.0
1791198883501331696,12520000000,odom,base_link,3.867701997546077,0.02847437073565267,-0.06513814976193899,6.141445803548062e-10,8.472905657839914e-10,-0.03256331727441813,0.9994696745615074,0.0,0.0,0.0
1791198883521391754,12540000000,odom,base_link,3.867701997546077,0.02847437073565267,-0.06513814976193899,6.141445803548062e-10,8.472905657839914e-10,-0.03256331727441813,0.9994696745615074,0.0,0.0,0.0
1791198883541404776,12560000000,odom,base_link,3.867701997546077,0.02847437073565267,-0.06513814976193899,6.141445803548062e-10,8.472905657839914e-10,-0.03256331727441813,0.9994696745615074,0.0,0.0,0.0
1791198883561371316,12580000000,odom,base_link,3.867701997546077,0.02847437073565267,-0.06513814976193899,6.141445803548062e-10,8.472905657839914e-10,-0.03256331727441813,0.9994696745615074,0.0,0.0,0.0
1791198883581440618,12600000000,odom,base_link,3.867701997546077,0.02847437073565267,-0.06513814976193899,6.141445803548062e-10,8.472905657839914e-10,-0.03256331727441813,0.9994696745615074,0.0,0.0,0.0
1791198883601560065,12620000000,odom,base_link,3.867701997546077,0.02847437073565267,-0.06513814976193899,6.141445803548062e-10,8.472905657839914e-10,-0.03256331727441813,0.9994696745615074,0.0,0.0,0.0
1791198883621167318,12640000000,odom,base_link,3.867701997546077,0.02847437073565267,-0.06513814976193899,6.141445803548062e-10,8.472905657839914e-10,-0.03256331727441813,0.9994696745615074,0.0,0.0,0.0
1791198883641246977,12660000000,odom,base_link,3.867701997546077,0.02847437073565267,-0.06513814976193899,6.141445803548062e-10,8.472905657839914e-10,-0.03256331727441813,0.9994696745615074,0.0,0.0,0.0
1791198883661515075,12680000000,odom,base_link,3.867701997546077,0.02847437073565267,-0.06513814976193899,6.141445803548062e-10,8.472905657839914e-10,-0.03256331727441813,0.9994696745615074,0.0,0.0,0.0
1791198883681408986,12700000000,odom,base_link,3.867701997546077,0.02847437073565267,-0.06513814976193899,6.141445803548062e-10,8.472905657839914e-10,-0.03256331727441813,0.9994696745615074,0.0,0.0,0.0
1791198883701298517,12720000000,odom,base_link,3.867701997546077,0.02847437073565267,-0.06513814976193899,6.141445803548062e-10,8.472905657839914e-10,-0.03256331727441813,0.9994696745615074,0.0,0.0,0.0
1791198883721448137,12740000000,odom,base_link,3.867701997546077,0.02847437073565267,-0.06513814976193899,6.141445803548062e-10,8.472905657839914e-10,-0.03256331727441813,0.9994696745615074,0.0,0.0,0.0
1791198883741330111,12760000000,odom,base_link,3.867701997546077,0.02847437073565267,-0.06513814976193899,6.141445803548062e-10,8.472905657839914e-10,-0.03256331727441813,0.9994696745615074,0.0,0.0,0.0
1791198883761422651,12780000000,odom,base_link,3.867701997546077,0.02847437073565267,-0.06513814976193899,6.141445803548062e-10,8.472905657839914e-10,-0.03256331727441813,0.9994696745615074,0.0,0.0,0.0
1791198883781422154,12800000000,odom,base_link,3.867701997546077,0.02847437073565267,-0.06513814976193899,6.141445803548062e-10,8.472905657839914e-10,-0.03256331727441813,0.9994696745615074,0.0,0.0,0.0
1791198883801376329,12820000000,odom,base_link,3.867701997546077,0.02847437073565267,-0.06513814976193899,6.141445803548062e-10,8.472905657839914e-10,-0.03256331727441813,0.9994696745615074,0.0,0.0,0.0
1791198883821485369,12840000000,odom,base_link,3.867701997546077,0.02847437073565267,-0.06513814976193899,6.141445803548062e-10,8.472905657839914e-10,-0.03256331727441813,0.9994696745615074,0.0,0.0,0.0
1791198883841288934,12860000000,odom,base_link,3.867701997546077,0.02847437073565267,-0.06513814976193899,6.141445803548062e-10,8.472905657839914e-10,-0.03256331727441813,0.9994696745615074,0.0,0.0,0.0
1791198883861520502,12880000000,odom,base_link,3.867701997546077,0.02847437073565267,-0.06513814976193899,6.141445803548062e-10,8.472905657839914e-10,-0.03256331727441813,0.9994696745615074,0.0,0.0,0.0
1791198883881391353,12900000000,odom,base_link,3.867701997546077,0.02847437073565267,-0.06513814976193899,6.141445803548062e-10,8.472905657839914e-10,-0.03256331727441813,0.9994696745615074,0.0,0.0,0.0
1791198883901484277,12920000000,odom,base_link,3.867701997546077,0.02847437073565267,-0.06513814976193899,6.141445803548062e-10,8.472905657839914e-10,-0.03256331727441813,0.9994696745615074,0.0,0.0,0.0
1791198883921450407,12940000000,odom,base_link,3.867701997546077,0.02847437073565267,-0.06513814976193899,6.141445803548062e-10,8.472905657839914e-10,-0.03256331727441813,0.9994696745615074,0.0,0.0,0.0
1791198883941435123,12960000000,odom,base_link,3.867701997546077,0.02847437073565267,-0.06513814976193899,6.141445803548062e-10,8.472905657839914e-10,-0.03256331727441813,0.9994696745615074,0.0,0.0,0.0
1791198883961351751,12980000000,odom,base_link,3.867701997546077,0.02847437073565267,-0.06513814976193899,6.141445803548062e-10,8.472905657839914e-10,-0.03256331727441813,0.9994696745615074,0.0,0.0,0.0
1791198883981621749,13000000000,odom,base_link,3.867701997546077,0.02847437073565267,-0.06513814976193899,6.141445803548062e-10,8.472905657839914e-10,-0.03256331727441813,0.9994696745615074,0.0,0.0,0.0
1791198884001337993,13020000000,odom,base_link,3.867701997546077,0.02847437073565267,-0.06513814976193899,6.141445803548062e-10,8.472905657839914e-10,-0.03256331727441813,0.9994696745615074,0.0,0.0,0.0
1791198884021409284,13040000000,odom,base_link,3.867701997546077,0.02847437073565267,-0.06513814976193899,6.141445803548062e-10,8.472905657839914e-10,-0.03256331727441813,0.9994696745615074,0.0,0.0,0.0
1791198884041412301,13060000000,odom,base_link,3.867701997546077,0.02847437073565267,-0.06513814976193899,6.141445803548062e-10,8.472905657839914e-10,-0.03256331727441813,0.9994696745615074,0.0,0.0,0.0
1791198884061339687,13080000000,odom,base_link,3.867701997546077,0.02847437073565267,-0.06513814976193899,6.141445803548062e-10,8.472905657839914e-10,-0.03256331727441813,0.9994696745615074,0.0,0.0,0.0
1791198884081461814,13100000000,odom,base_link,3.867701997546077,0.02847437073565267,-0.06513814976193899,6.141445803548062e-10,8.472905657839914e-10,-0.03256331727441813,0.9994696745615074,0.0,0.0,0.0
1791198884101413195,13120000000,odom,base_link,3.867701997546077,0.02847437073565267,-0.06513814976193899,6.141445803548062e-10,8.472905657839914e-10,-0.03256331727441813,0.9994696745615074,0.0,0.0,0.0
1791198884121531588,13140000000,odom,base_link,3.867701997546077,0.02847437073565267,-0.06513814976193899,6.141445803548062e-10,8.472905657839914e-10,-0.03256331727441813,0.9994696745615074,0.0,0.0,0.0
1791198884141578128,13160000000,odom,base_link,3.867701997546077,0.02847437073565267,-0.06513814976193899,6.141445803548062e-10,8.472905657839914e-10,-0.03256331727441813,0.9994696745615074,0.0,0.0,0.0
1791198884161339333,13180000000,odom,base_link,3.867701997546077,0.02847437073565267,-0.06513814976193899,6.141445803548062e-10,8.472905657839914e-10,-0.03256331727441813,0.9994696745615074,0.0,0.0,0.0
1791198884181423399,13200000000,odom,base_link,3.867701997546077,0.02847437073565267,-0.06513814976193899,6.141445803548062e-10,8.472905657839914e-10,-0.03256331727441813,0.9994696745615074,0.0,0.0,0.0
1791198884201458940,13220000000,odom,base_link,3.867701997546077,0.02847437073565267,-0.06513814976193899,6.141445803548062e-10,8.472905657839914e-10,-0.03256331727441813,0.9994696745615074,0.0,0.0,0.0
1791198884221337469,13240000000,odom,base_link,3.867701997546077,0.02847437073565267,-0.06513814976193899,6.141445803548062e-10,8.472905657839914e-10,-0.03256331727441813,0.9994696745615074,0.0,0.0,0.0
1791198884241324622,13260000000,odom,base_link,3.867701997546077,0.02847437073565267,-0.06513814976193899,6.141445803548062e-10,8.472905657839914e-10,-0.03256331727441813,0.9994696745615074,0.0,0.0,0.0
1791198884261284900,13280000000,odom,base_link,3.867701997546077,0.02847437073565267,-0.06513814976193899,6.141445803548062e-10,8.472905657839914e-10,-0.03256331727441813,0.9994696745615074,0.0,0.0,0.0
1791198884281259445,13300000000,odom,base_link,3.867701997546077,0.02847437073565267,-0.06513814976193899,6.141445803548062e-10,8.472905657839914e-10,-0.03256331727441813,0.9994696745615074,0.0,0.0,0.0
1791198884301487185,13320000000,odom,base_link,3.867701997546077,0.02847437073565267,-0.06513814976193899,6.141445803548062e-10,8.472905657839914e-10,-0.03256331727441813,0.9994696745615074,0.0,0.0,0.0
1791198884321465155,13340000000,odom,base_link,3.867701997546077,0.02847437073565267,-0.06513814976193899,6.141445803548062e-10,8.472905657839914e-10,-0.03256331727441813,0.9994696745615074,0.0,0.0,0.0
1791198884341488078,13360000000,odom,base_link,3.867701997546077,0.02847437073565267,-0.06513814976193899,6.141445803548062e-10,8.472905657839914e-10,-0.03256331727441813,0.9994696745615074,0.0,0.0,0.0
1791198884361378336,13380000000,odom,base_link,3.867701997546077,0.02847437073565267,-0.06513814976193899,6.141445803548062e-10,8.472905657839914e-10,-0.03256331727441813,0.9994696745615074,0.0,0.0,0.0
1791198884381539918,13400000000,odom,base_link,3.867701997546077,0.02847437073565267,-0.06513814976193899,6.141445803548062e-10,8.472905657839914e-10,-0.03256331727441813,0.9994696745615074,0.0,0.0,0.0
1791198884401355970,13420000000,odom,base_link,3.867701997546077,0.02847437073565267,-0.06513814976193899,6.141445803548062e-10,8.472905657839914e-10,-0.03256331727441813,0.9994696745615074,0.0,0.0,0.0
1791198884421425142,13440000000,odom,base_link,3.867701997546077,0.02847437073565267,-0.06513814976193899,6.141445803548062e-10,8.472905657839914e-10,-0.03256331727441813,0.9994696745615074,0.0,0.0,0.0
1791198884441367680,13460000000,odom,base_link,3.867701997546077,0.02847437073565267,-0.06513814976193899,6.141445803548062e-10,8.472905657839914e-10,-0.03256331727441813,0.9994696745615074,0.0,0.0,0.0
1791198884461339946,13480000000,odom,base_link,3.867701997546077,0.02847437073565267,-0.06513814976193899,6.141445803548062e-10,8.472905657839914e-10,-0.03256331727441813,0.9994696745615074,0.0,0.0,0.0
1791198884481595075,13500000000,odom,base_link,3.867701997546077,0.02847437073565267,-0.06513814976193899,6.141445803548062e-10,8.472905657839914e-10,-0.03256331727441813,0.9994696745615074,0.0,0.0,0.0
1791198884501258678,13520000000,odom,base_link,3.867701997546077,0.02847437073565267,-0.06513814976193899,6.141445803548062e-10,8.472905657839914e-10,-0.03256331727441813,0.9994696745615074,0.0,0.0,0.0
1791198884521404132,13540000000,odom,base_link,3.867701997546077,0.02847437073565267,-0.06513814976193899,6.141445803548062e-10,8.472905657839914e-10,-0.03256331727441813,0.9994696745615074,0.0,0.0,0.0
1791198884541290836,13560000000,odom,base_link,3.867701997546077,0.02847437073565267,-0.06513814976193899,6.141445803548062e-10,8.472905657839914e-10,-0.03256331727441813,0.9994696745615074,0.0,0.0,0.0
1791198884561203528,13580000000,odom,base_link,3.867701997546077,0.02847437073565267,-0.06513814976193899,6.141445803548062e-10,8.472905657839914e-10,-0.03256331727441813,0.9994696745615074,0.0,0.0,0.0
1791198884581243781,13600000000,odom,base_link,3.867701997546077,0.02847437073565267,-0.06513814976193899,6.141445803548062e-10,8.472905657839914e-10,-0.03256331727441813,0.9994696745615074,0.0,0.0,0.0
1791198884601392729,13620000000,odom,base_link,3.867701997546077,0.02847437073565267,-0.06513814976193899,6.141445803548062e-10,8.472905657839914e-10,-0.03256331727441813,0.9994696745615074,0.0,0.0,0.0
1791198884621338321,13640000000,odom,base_link,3.867701997546077,0.02847437073565267,-0.06513814976193899,6.141445803548062e-10,8.472905657839914e-10,-0.03256331727441813,0.9994696745615074,0.0,0.0,0.0
1791198884641312539,13660000000,odom,base_link,3.867701997546077,0.02847437073565267,-0.06513814976193899,6.141445803548062e-10,8.472905657839914e-10,-0.03256331727441813,0.9994696745615074,0.0,0.0,0.0
1791198884661293924,13680000000,odom,base_link,3.867701997546077,0.02847437073565267,-0.06513814976193899,6.141445803548062e-10,8.472905657839914e-10,-0.03256331727441813,0.9994696745615074,0.0,0.0,0.0
1791198884681347914,13700000000,odom,base_link,3.867701997546077,0.02847437073565267,-0.06513814976193899,6.141445803548062e-10,8.472905657839914e-10,-0.03256331727441813,0.9994696745615074,0.0,0.0,0.0
1791198884701384767,13720000000,odom,base_link,3.867701997546077,0.02847437073565267,-0.06513814976193899,6.141445803548062e-10,8.472905657839914e-10,-0.03256331727441813,0.9994696745615074,0.0,0.0,0.0
1791198884721260949,13740000000,odom,base_link,3.867701997546077,0.02847437073565267,-0.06513814976193899,6.141445803548062e-10,8.472905657839914e-10,-0.03256331727441813,0.9994696745615074,0.0,0.0,0.0
1791198884741159293,13760000000,odom,base_link,3.867701997546077,0.02847437073565267,-0.06513814976193899,6.141445803548062e-10,8.472905657839914e-10,-0.03256331727441813,0.9994696745615074,0.0,0.0,0.0
1791198884761340363,13780000000,odom,base_link,3.867701997546077,0.02847437073565267,-0.06513814976193899,6.141445803548062e-10,8.472905657839914e-10,-0.03256331727441813,0.9994696745615074,0.0,0.0,0.0
1791198884781628343,13800000000,odom,base_link,3.867701997546077,0.02847437073565267,-0.06513814976193899,6.141445803548062e-10,8.472905657839914e-10,-0.03256331727441813,0.9994696745615074,0.0,0.0,0.0
1791198884801429400,13820000000,odom,base_link,3.867701997546077,0.02847437073565267,-0.06513814976193899,6.141445803548062e-10,8.472905657839914e-10,-0.03256331727441813,0.9994696745615074,0.0,0.0,0.0
1791198884821338616,13840000000,odom,base_link,3.867701997546077,0.02847437073565267,-0.06513814976193899,6.141445803548062e-10,8.472905657839914e-10,-0.03256331727441813,0.9994696745615074,0.0,0.0,0.0
1791198884841264621,13860000000,odom,base_link,3.867701997546077,0.02847437073565267,-0.06513814976193899,6.141445803548062e-10,8.472905657839914e-10,-0.03256331727441813,0.9994696745615074,0.0,0.0,0.0
1791198884861346950,13880000000,odom,base_link,3.867701997546077,0.02847437073565267,-0.06513814976193899,6.141445803548062e-10,8.472905657839914e-10,-0.03256331727441813,0.9994696745615074,0.0,0.0,0.0
1791198884881402753,13900000000,odom,base_link,3.867701997546077,0.02847437073565267,-0.06513814976193899,6.141445803548062e-10,8.472905657839914e-10,-0.03256331727441813,0.9994696745615074,0.0,0.0,0.0
1791198884901426301,13920000000,odom,base_link,3.867701997546077,0.02847437073565267,-0.06513814976193899,6.141445803548062e-10,8.472905657839914e-10,-0.03256331727441813,0.9994696745615074,0.0,0.0,0.0
1791198884921554595,13940000000,odom,base_link,3.867701997546077,0.02847437073565267,-0.06513814976193899,6.141445803548062e-10,8.472905657839914e-10,-0.03256331727441813,0.9994696745615074,0.0,0.0,0.0
1791198884941470215,13960000000,odom,base_link,3.867701997546077,0.02847437073565267,-0.06513814976193899,6.141445803548062e-10,8.472905657839914e-10,-0.03256331727441813,0.9994696745615074,0.0,0.0,0.0
1791198884961527784,13980000000,odom,base_link,3.867701997546077,0.02847437073565267,-0.06513814976193899,6.141445803548062e-10,8.472905657839914e-10,-0.03256331727441813,0.9994696745615074,0.0,0.0,0.0
1791198884981758526,14000000000,odom,base_link,3.867701997546077,0.02847437073565267,-0.06513814976193899,6.141445803548062e-10,8.472905657839914e-10,-0.03256331727441813,0.9994696745615074,0.0,0.0,0.0
1791198885001394516,14020000000,odom,base_link,3.867701997546077,0.02847437073565267,-0.06513814976193899,6.141445803548062e-10,8.472905657839914e-10,-0.03256331727441813,0.9994696745615074,0.0,0.0,0.0
1791198885021340950,14040000000,odom,base_link,3.867701997546077,0.02847437073565267,-0.06513814976193899,6.141445803548062e-10,8.472905657839914e-10,-0.03256331727441813,0.9994696745615074,0.0,0.0,0.0
1791198885041359789,14060000000,odom,base_link,3.867701997546077,0.02847437073565267,-0.06513814976193899,6.141445803548062e-10,8.472905657839914e-10,-0.03256331727441813,0.9994696745615074,0.0,0.0,0.0
1791198885061416201,14080000000,odom,base_link,3.867701997546077,0.02847437073565267,-0.06513814976193899,6.141445803548062e-10,8.472905657839914e-10,-0.03256331727441813,0.9994696745615074,0.0,0.0,0.0
1791198885081421726,14100000000,odom,base_link,3.867701997546077,0.02847437073565267,-0.06513814976193899,6.141445803548062e-10,8.472905657839914e-10,-0.03256331727441813,0.9994696745615074,0.0,0.0,0.0
1791198885101694571,14120000000,odom,base_link,3.867701997546077,0.02847437073565267,-0.06513814976193899,6.141445803548062e-10,8.472905657839914e-10,-0.03256331727441813,0.9994696745615074,0.0,0.0,0.0
1791198885121597322,14140000000,odom,base_link,3.867701997546077,0.02847437073565267,-0.06513814976193899,6.141445803548062e-10,8.472905657839914e-10,-0.03256331727441813,0.9994696745615074,0.0,0.0,0.0
1791198885141377257,14160000000,odom,base_link,3.867701997546077,0.02847437073565267,-0.06513814976193899,6.141445803548062e-10,8.472905657839914e-10,-0.03256331727441813,0.9994696745615074,0.0,0.0,0.0
1791198885161399288,14180000000,odom,base_link,3.867701997546077,0.02847437073565267,-0.06513814976193899,6.141445803548062e-10,8.472905657839914e-10,-0.03256331727441813,0.9994696745615074,0.0,0.0,0.0
1791198885181471090,14200000000,odom,base_link,3.867701997546077,0.02847437073565267,-0.06513814976193899,6.141445803548062e-10,8.472905657839914e-10,-0.03256331727441813,0.9994696745615074,0.0,0.0,0.0
1791198885201420241,14220000000,odom,base_link,3.867701997546077,0.02847437073565267,-0.06513814976193899,6.141445803548062e-10,8.472905657839914e-10,-0.03256331727441813,0.9994696745615074,0.0,0.0,0.0
1791198885221477855,14240000000,odom,base_link,3.867701997546077,0.02847437073565267,-0.06513814976193899,6.141445803548062e-10,8.472905657839914e-10,-0.03256331727441813,0.9994696745615074,0.0,0.0,0.0
1791198885241429021,14260000000,odom,base_link,3.867701997546077,0.02847437073565267,-0.06513814976193899,6.141445803548062e-10,8.472905657839914e-10,-0.03256331727441813,0.9994696745615074,0.0,0.0,0.0
1791198885261412957,14280000000,odom,base_link,3.867701997546077,0.02847437073565267,-0.06513814976193899,6.141445803548062e-10,8.472905657839914e-10,-0.03256331727441813,0.9994696745615074,0.0,0.0,0.0
1791198885281366921,14300000000,odom,base_link,3.867701997546077,0.02847437073565267,-0.06513814976193899,6.141445803548062e-10,8.472905657839914e-10,-0.03256331727441813,0.9994696745615074,0.0,0.0,0.0
1791198885301385665,14320000000,odom,base_link,3.867701997546077,0.02847437073565267,-0.06513814976193899,6.141445803548062e-10,8.472905657839914e-10,-0.03256331727441813,0.9994696745615074,0.0,0.0,0.0
1791198885321229980,14340000000,odom,base_link,3.867701997546077,0.02847437073565267,-0.06513814976193899,6.141445803548062e-10,8.472905657839914e-10,-0.03256331727441813,0.9994696745615074,0.0,0.0,0.0
1791198885341326717,14360000000,odom,base_link,3.867701997546077,0.02847437073565267,-0.06513814976193899,6.141445803548062e-10,8.472905657839914e-10,-0.03256331727441813,0.9994696745615074,0.0,0.0,0.0
1791198885361314321,14380000000,odom,base_link,3.867701997546077,0.02847437073565267,-0.06513814976193899,6.141445803548062e-10,8.472905657839914e-10,-0.03256331727441813,0.9994696745615074,0.0,0.0,0.0
1791198885381510502,14400000000,odom,base_link,3.867701997546077,0.02847437073565267,-0.06513814976193899,6.141445803548062e-10,8.472905657839914e-10,-0.03256331727441813,0.9994696745615074,0.0,0.0,0.0
1791198885401455725,14420000000,odom,base_link,3.867701997546077,0.02847437073565267,-0.06513814976193899,6.141445803548062e-10,8.472905657839914e-10,-0.03256331727441813,0.9994696745615074,0.0,0.0,0.0
1791198885421481753,14440000000,odom,base_link,3.867701997546077,0.02847437073565267,-0.06513814976193899,6.141445803548062e-10,8.472905657839914e-10,-0.03256331727441813,0.9994696745615074,0.0,0.0,0.0
1791198885441907378,14460000000,odom,base_link,3.867701997546077,0.02847437073565267,-0.06513814976193899,6.141445803548062e-10,8.472905657839914e-10,-0.03256331727441813,0.9994696745615074,0.0,0.0,0.0
1791198885461465283,14480000000,odom,base_link,3.867701997546077,0.02847437073565267,-0.06513814976193899,6.141445803548062e-10,8.472905657839914e-10,-0.03256331727441813,0.9994696745615074,0.0,0.0,0.0
1791198885481461875,14500000000,odom,base_link,3.867701997546077,0.02847437073565267,-0.06513814976193899,6.141445803548062e-10,8.472905657839914e-10,-0.03256331727441813,0.9994696745615074,0.0,0.0,0.0
1791198885501317246,14520000000,odom,base_link,3.867701997546077,0.02847437073565267,-0.06513814976193899,6.141445803548062e-10,8.472905657839914e-10,-0.03256331727441813,0.9994696745615074,0.0,0.0,0.0
1791198885521408330,14540000000,odom,base_link,3.867701997546077,0.02847437073565267,-0.06513814976193899,6.141445803548062e-10,8.472905657839914e-10,-0.03256331727441813,0.9994696745615074,0.0,0.0,0.0
1791198885541588554,14560000000,odom,base_link,3.867701997546077,0.02847437073565267,-0.06513814976193899,6.141445803548062e-10,8.472905657839914e-10,-0.03256331727441813,0.9994696745615074,0.0,0.0,0.0
1791198885561430760,14580000000,odom,base_link,3.867701997546077,0.02847437073565267,-0.06513814976193899,6.141445803548062e-10,8.472905657839914e-10,-0.03256331727441813,0.9994696745615074,0.0,0.0,0.0
1791198885581326479,14600000000,odom,base_link,3.867701997546077,0.02847437073565267,-0.06513814976193899,6.141445803548062e-10,8.472905657839914e-10,-0.03256331727441813,0.9994696745615074,0.0,0.0,0.0
1791198885601305717,14620000000,odom,base_link,3.867701997546077,0.02847437073565267,-0.06513814976193899,6.141445803548062e-10,8.472905657839914e-10,-0.03256331727441813,0.9994696745615074,0.0,0.0,0.0
1791198885621275360,14640000000,odom,base_link,3.867701997546077,0.02847437073565267,-0.06513814976193899,6.141445803548062e-10,8.472905657839914e-10,-0.03256331727441813,0.9994696745615074,0.0,0.0,0.0
1791198885641500634,14660000000,odom,base_link,3.867701997546077,0.02847437073565267,-0.06513814976193899,6.141445803548062e-10,8.472905657839914e-10,-0.03256331727441813,0.9994696745615074,0.0,0.0,0.0
1791198885661299536,14680000000,odom,base_link,3.867701997546077,0.02847437073565267,-0.06513814976193899,6.141445803548062e-10,8.472905657839914e-10,-0.03256331727441813,0.9994696745615074,0.0,0.0,0.0
1791198885681397692,14700000000,odom,base_link,3.867701997546077,0.02847437073565267,-0.06513814976193899,6.141445803548062e-10,8.472905657839914e-10,-0.03256331727441813,0.9994696745615074,0.0,0.0,0.0
1791198885701568732,14720000000,odom,base_link,3.867701997546077,0.02847437073565267,-0.06513814976193899,6.141445803548062e-10,8.472905657839914e-10,-0.03256331727441813,0.9994696745615074,0.0,0.0,0.0
1791198885721243460,14740000000,odom,base_link,3.867701997546077,0.02847437073565267,-0.06513814976193899,6.141445803548062e-10,8.472905657839914e-10,-0.03256331727441813,0.9994696745615074,0.0,0.0,0.0
1791198885741336682,14760000000,odom,base_link,3.867701997546077,0.02847437073565267,-0.06513814976193899,6.141445803548062e-10,8.472905657839914e-10,-0.03256331727441813,0.9994696745615074,0.0,0.0,0.0
1791198885761384792,14780000000,odom,base_link,3.867701997546077,0.02847437073565267,-0.06513814976193899,6.141445803548062e-10,8.472905657839914e-10,-0.03256331727441813,0.9994696745615074,0.0,0.0,0.0
1791198885781323704,14800000000,odom,base_link,3.867701997546077,0.02847437073565267,-0.06513814976193899,6.141445803548062e-10,8.472905657839914e-10,-0.03256331727441813,0.9994696745615074,0.0,0.0,0.0
1791198885801323092,14820000000,odom,base_link,3.867701997546077,0.02847437073565267,-0.06513814976193899,6.141445803548062e-10,8.472905657839914e-10,-0.03256331727441813,0.9994696745615074,0.0,0.0,0.0
1791198885821212380,14840000000,odom,base_link,3.867701997546077,0.02847437073565267,-0.06513814976193899,6.141445803548062e-10,8.472905657839914e-10,-0.03256331727441813,0.9994696745615074,0.0,0.0,0.0
1791198885841575719,14860000000,odom,base_link,3.867701997546077,0.02847437073565267,-0.06513814976193899,6.141445803548062e-10,8.472905657839914e-10,-0.03256331727441813,0.9994696745615074,0.0,0.0,0.0
1791198885861332360,14880000000,odom,base_link,3.867701997546077,0.02847437073565267,-0.06513814976193899,6.141445803548062e-10,8.472905657839914e-10,-0.03256331727441813,0.9994696745615074,0.0,0.0,0.0
1791198885881292120,14900000000,odom,base_link,3.867701997546077,0.02847437073565267,-0.06513814976193899,6.141445803548062e-10,8.472905657839914e-10,-0.03256331727441813,0.9994696745615074,0.0,0.0,0.0
1791198885901649065,14920000000,odom,base_link,3.867701997546077,0.02847437073565267,-0.06513814976193899,6.141445803548062e-10,8.472905657839914e-10,-0.03256331727441813,0.9994696745615074,0.0,0.0,0.0
1791198885921257755,14940000000,odom,base_link,3.867701997546077,0.02847437073565267,-0.06513814976193899,6.141445803548062e-10,8.472905657839914e-10,-0.03256331727441813,0.9994696745615074,0.0,0.0,0.0
1791198885941684515,14960000000,odom,base_link,3.867701997546077,0.02847437073565267,-0.06513814976193899,6.141445803548062e-10,8.472905657839914e-10,-0.03256331727441813,0.9994696745615074,0.0,0.0,0.0
1791198885961375285,14980000000,odom,base_link,3.867701997546077,0.02847437073565267,-0.06513814976193899,6.141445803548062e-10,8.472905657839914e-10,-0.03256331727441813,0.9994696745615074,0.0,0.0,0.0
1791198885981612898,15000000000,odom,base_link,3.867701997546077,0.02847437073565267,-0.06513814976193899,6.141445803548062e-10,8.472905657839914e-10,-0.03256331727441813,0.9994696745615074,0.0,0.0,0.0
1791198886001329103,15020000000,odom,base_link,3.867701997546077,0.02847437073565267,-0.06513814976193899,6.141445803548062e-10,8.472905657839914e-10,-0.03256331727441813,0.9994696745615074,0.0,0.0,0.0
1791198886021358070,15040000000,odom,base_link,3.867701997546077,0.02847437073565267,-0.06513814976193899,6.141445803548062e-10,8.472905657839914e-10,-0.03256331727441813,0.9994696745615074,0.0,0.0,0.0
1791198886041317192,15060000000,odom,base_link,3.867701997546077,0.02847437073565267,-0.06513814976193899,6.141445803548062e-10,8.472905657839914e-10,-0.03256331727441813,0.9994696745615074,0.0,0.0,0.0
1791198886061476511,15080000000,odom,base_link,3.867701997546077,0.02847437073565267,-0.06513814976193899,6.141445803548062e-10,8.472905657839914e-10,-0.03256331727441813,0.9994696745615074,0.0,0.0,0.0
1791198886081458303,15100000000,odom,base_link,3.867701997546077,0.02847437073565267,-0.06513814976193899,6.141445803548062e-10,8.472905657839914e-10,-0.03256331727441813,0.9994696745615074,0.0,0.0,0.0
1791198886101643807,15120000000,odom,base_link,3.867701997546077,0.02847437073565267,-0.06513814976193899,6.141445803548062e-10,8.472905657839914e-10,-0.03256331727441813,0.9994696745615074,0.0,0.0,0.0
1791198886121352495,15140000000,odom,base_link,3.867701997546077,0.02847437073565267,-0.06513814976193899,6.141445803548062e-10,8.472905657839914e-10,-0.03256331727441813,0.9994696745615074,0.0,0.0,0.0
1791198886141378994,15160000000,odom,base_link,3.867701997546077,0.02847437073565267,-0.06513814976193899,6.141445803548062e-10,8.472905657839914e-10,-0.03256331727441813,0.9994696745615074,0.0,0.0,0.0
1791198886161475855,15180000000,odom,base_link,3.867701997546077,0.02847437073565267,-0.06513814976193899,6.141445803548062e-10,8.472905657839914e-10,-0.03256331727441813,0.9994696745615074,0.0,0.0,0.0
1791198886181592522,15200000000,odom,base_link,3.867701997546077,0.02847437073565267,-0.06513814976193899,6.141445803548062e-10,8.472905657839914e-10,-0.03256331727441813,0.9994696745615074,0.0,0.0,0.0
1791198886201520422,15220000000,odom,base_link,3.867701997546077,0.02847437073565267,-0.06513814976193899,6.141445803548062e-10,8.472905657839914e-10,-0.03256331727441813,0.9994696745615074,0.0,0.0,0.0
1791198886221410885,15240000000,odom,base_link,3.867701997546077,0.02847437073565267,-0.06513814976193899,6.141445803548062e-10,8.472905657839914e-10,-0.03256331727441813,0.9994696745615074,0.0,0.0,0.0
1791198886241518457,15260000000,odom,base_link,3.867701997546077,0.02847437073565267,-0.06513814976193899,6.141445803548062e-10,8.472905657839914e-10,-0.03256331727441813,0.9994696745615074,0.0,0.0,0.0
1791198886261367134,15280000000,odom,base_link,3.867701997546077,0.02847437073565267,-0.06513814976193899,6.141445803548062e-10,8.472905657839914e-10,-0.03256331727441813,0.9994696745615074,0.0,0.0,0.0
1791198886281299087,15300000000,odom,base_link,3.867701997546077,0.02847437073565267,-0.06513814976193899,6.141445803548062e-10,8.472905657839914e-10,-0.03256331727441813,0.9994696745615074,0.0,0.0,0.0
1791198886301535840,15320000000,odom,base_link,3.867701997546077,0.02847437073565267,-0.06513814976193899,6.141445803548062e-10,8.472905657839914e-10,-0.03256331727441813,0.9994696745615074,0.0,0.0,0.0
1791198886321673168,15340000000,odom,base_link,3.867701997546077,0.02847437073565267,-0.06513814976193899,6.141445803548062e-10,8.472905657839914e-10,-0.03256331727441813,0.9994696745615074,0.0,0.0,0.0
1791198886341521037,15360000000,odom,base_link,3.867701997546077,0.02847437073565267,-0.06513814976193899,6.141445803548062e-10,8.472905657839914e-10,-0.03256331727441813,0.9994696745615074,0.0,0.0,0.0
1791198886361347210,15380000000,odom,base_link,3.867701997546077,0.02847437073565267,-0.06513814976193899,6.141445803548062e-10,8.472905657839914e-10,-0.03256331727441813,0.9994696745615074,0.0,0.0,0.0
1791198886381422858,15400000000,odom,base_link,3.867701997546077,0.02847437073565267,-0.06513814976193899,6.141445803548062e-10,8.472905657839914e-10,-0.03256331727441813,0.9994696745615074,0.0,0.0,0.0
1791198886401386760,15420000000,odom,base_link,3.867701997546077,0.02847437073565267,-0.06513814976193899,6.141445803548062e-10,8.472905657839914e-10,-0.03256331727441813,0.9994696745615074,0.0,0.0,0.0
1791198886421355221,15440000000,odom,base_link,3.867701997546077,0.02847437073565267,-0.06513814976193899,6.141445803548062e-10,8.472905657839914e-10,-0.03256331727441813,0.9994696745615074,0.0,0.0,0.0
1791198886441323933,15460000000,odom,base_link,3.867701997546077,0.02847437073565267,-0.06513814976193899,6.141445803548062e-10,8.472905657839914e-10,-0.03256331727441813,0.9994696745615074,0.0,0.0,0.0
1791198886461295845,15480000000,odom,base_link,3.867701997546077,0.02847437073565267,-0.06513814976193899,6.141445803548062e-10,8.472905657839914e-10,-0.03256331727441813,0.9994696745615074,0.0,0.0,0.0
1791198886481437707,15500000000,odom,base_link,3.867701997546077,0.02847437073565267,-0.06513814976193899,6.141445803548062e-10,8.472905657839914e-10,-0.03256331727441813,0.9994696745615074,0.0,0.0,0.0
1791198886501452795,15520000000,odom,base_link,3.867701997546077,0.02847437073565267,-0.06513814976193899,6.141445803548062e-10,8.472905657839914e-10,-0.03256331727441813,0.9994696745615074,0.0,0.0,0.0
1791198886521407910,15540000000,odom,base_link,3.867701997546077,0.02847437073565267,-0.06513814976193899,6.141445803548062e-10,8.472905657839914e-10,-0.03256331727441813,0.9994696745615074,0.0,0.0,0.0
1791198886541430815,15560000000,odom,base_link,3.867701997546077,0.02847437073565267,-0.06513814976193899,6.141445803548062e-10,8.472905657839914e-10,-0.03256331727441813,0.9994696745615074,0.0,0.0,0.0
1791198886561306223,15580000000,odom,base_link,3.867701997546077,0.02847437073565267,-0.06513814976193899,6.141445803548062e-10,8.472905657839914e-10,-0.03256331727441813,0.9994696745615074,0.0,0.0,0.0
1791198886581365900,15600000000,odom,base_link,3.867701997546077,0.02847437073565267,-0.06513814976193899,6.141445803548062e-10,8.472905657839914e-10,-0.03256331727441813,0.9994696745615074,0.0,0.0,0.0
1791198886601334916,15620000000,odom,base_link,3.867701997546077,0.02847437073565267,-0.06513814976193899,6.141445803548062e-10,8.472905657839914e-10,-0.03256331727441813,0.9994696745615074,0.0,0.0,0.0
1791198886621376265,15640000000,odom,base_link,3.867701997546077,0.02847437073565267,-0.06513814976193899,6.141445803548062e-10,8.472905657839914e-10,-0.03256331727441813,0.9994696745615074,0.0,0.0,0.0
1791198886641306581,15660000000,odom,base_link,3.867701997546077,0.02847437073565267,-0.06513814976193899,6.141445803548062e-10,8.472905657839914e-10,-0.03256331727441813,0.9994696745615074,0.0,0.0,0.0
1791198886661288921,15680000000,odom,base_link,3.867701997546077,0.02847437073565267,-0.06513814976193899,6.141445803548062e-10,8.472905657839914e-10,-0.03256331727441813,0.9994696745615074,0.0,0.0,0.0
1791198886681438343,15700000000,odom,base_link,3.867701997546077,0.02847437073565267,-0.06513814976193899,6.141445803548062e-10,8.472905657839914e-10,-0.03256331727441813,0.9994696745615074,0.0,0.0,0.0
1791198886701484383,15720000000,odom,base_link,3.867701997546077,0.02847437073565267,-0.06513814976193899,6.141445803548062e-10,8.472905657839914e-10,-0.03256331727441813,0.9994696745615074,0.0,0.0,0.0
1791198886721430311,15740000000,odom,base_link,3.867701997546077,0.02847437073565267,-0.06513814976193899,6.141445803548062e-10,8.472905657839914e-10,-0.03256331727441813,0.9994696745615074,0.0,0.0,0.0
1791198886741459203,15760000000,odom,base_link,3.867701997546077,0.02847437073565267,-0.06513814976193899,6.141445803548062e-10,8.472905657839914e-10,-0.03256331727441813,0.9994696745615074,0.0,0.0,0.0
1791198886761477105,15780000000,odom,base_link,3.867701997546077,0.02847437073565267,-0.06513814976193899,6.141445803548062e-10,8.472905657839914e-10,-0.03256331727441813,0.9994696745615074,0.0,0.0,0.0
1791198886781292996,15800000000,odom,base_link,3.867701997546077,0.02847437073565267,-0.06513814976193899,6.141445803548062e-10,8.472905657839914e-10,-0.03256331727441813,0.9994696745615074,0.0,0.0,0.0
1791198886801494833,15820000000,odom,base_link,3.867701997546077,0.02847437073565267,-0.06513814976193899,6.141445803548062e-10,8.472905657839914e-10,-0.03256331727441813,0.9994696745615074,0.0,0.0,0.0
1791198886821353683,15840000000,odom,base_link,3.867701997546077,0.02847437073565267,-0.06513814976193899,6.141445803548062e-10,8.472905657839914e-10,-0.03256331727441813,0.9994696745615074,0.0,0.0,0.0
1791198886841187686,15860000000,odom,base_link,3.867701997546077,0.02847437073565267,-0.06513814976193899,6.141445803548062e-10,8.472905657839914e-10,-0.03256331727441813,0.9994696745615074,0.0,0.0,0.0
1791198886861286735,15880000000,odom,base_link,3.867701997546077,0.02847437073565267,-0.06513814976193899,6.141445803548062e-10,8.472905657839914e-10,-0.03256331727441813,0.9994696745615074,0.0,0.0,0.0
1791198886881309782,15900000000,odom,base_link,3.867701997546077,0.02847437073565267,-0.06513814976193899,6.141445803548062e-10,8.472905657839914e-10,-0.03256331727441813,0.9994696745615074,0.0,0.0,0.0
1791198886901494101,15920000000,odom,base_link,3.867701997546077,0.02847437073565267,-0.06513814976193899,6.141445803548062e-10,8.472905657839914e-10,-0.03256331727441813,0.9994696745615074,0.0,0.0,0.0
1791198886921215121,15940000000,odom,base_link,3.867701997546077,0.02847437073565267,-0.06513814976193899,6.141445803548062e-10,8.472905657839914e-10,-0.03256331727441813,0.9994696745615074,0.0,0.0,0.0
1791198886941432967,15960000000,odom,base_link,3.867701997546077,0.02847437073565267,-0.06513814976193899,6.141445803548062e-10,8.472905657839914e-10,-0.03256331727441813,0.9994696745615074,0.0,0.0,0.0
1791198886961450445,15980000000,odom,base_link,3.867701997546077,0.02847437073565267,-0.06513814976193899,6.141445803548062e-10,8.472905657839914e-10,-0.03256331727441813,0.9994696745615074,0.0,0.0,0.0
1791198886981446509,16000000000,odom,base_link,3.867701997546077,0.02847437073565267,-0.06513814976193899,6.141445803548062e-10,8.472905657839914e-10,-0.03256331727441813,0.9994696745615074,0.0,0.0,0.0
1791198887001328186,16020000000,odom,base_link,3.867701997546077,0.02847437073565267,-0.06513814976193899,6.141445803548062e-10,8.472905657839914e-10,-0.03256331727441813,0.9994696745615074,0.0,0.0,0.0
1791198887021295443,16040000000,odom,base_link,3.867701997546077,0.02847437073565267,-0.06513814976193899,6.141445803548062e-10,8.472905657839914e-10,-0.03256331727441813,0.9994696745615074,0.0,0.0,0.0
1791198887041216531,16060000000,odom,base_link,3.867701997546077,0.02847437073565267,-0.06513814976193899,6.141445803548062e-10,8.472905657839914e-10,-0.03256331727441813,0.9994696745615074,0.0,0.0,0.0
1791198887061328655,16080000000,odom,base_link,3.867701997546077,0.02847437073565267,-0.06513814976193899,6.141445803548062e-10,8.472905657839914e-10,-0.03256331727441813,0.9994696745615074,0.0,0.0,0.0
1791198887081371624,16100000000,odom,base_link,3.867701997546077,0.02847437073565267,-0.06513814976193899,6.141445803548062e-10,8.472905657839914e-10,-0.03256331727441813,0.9994696745615074,0.0,0.0,0.0
1791198887101215536,16120000000,odom,base_link,3.867701997546077,0.02847437073565267,-0.06513814976193899,6.141445803548062e-10,8.472905657839914e-10,-0.03256331727441813,0.9994696745615074,0.0,0.0,0.0
1791198887121353797,16140000000,odom,base_link,3.867701997546077,0.02847437073565267,-0.06513814976193899,6.141445803548062e-10,8.472905657839914e-10,-0.03256331727441813,0.9994696745615074,0.0,0.0,0.0
1791198887141376479,16160000000,odom,base_link,3.867701997546077,0.02847437073565267,-0.06513814976193899,6.141445803548062e-10,8.472905657839914e-10,-0.03256331727441813,0.9994696745615074,0.0,0.0,0.0
1791198887161584970,16180000000,odom,base_link,3.867701997546077,0.02847437073565267,-0.06513814976193899,6.141445803548062e-10,8.472905657839914e-10,-0.03256331727441813,0.9994696745615074,0.0,0.0,0.0
1791198887181277657,16200000000,odom,base_link,3.867701997546077,0.02847437073565267,-0.06513814976193899,6.141445803548062e-10,8.472905657839914e-10,-0.03256331727441813,0.9994696745615074,0.0,0.0,0.0
1791198887201304198,16220000000,odom,base_link,3.867701997546077,0.02847437073565267,-0.06513814976193899,6.141445803548062e-10,8.472905657839914e-10,-0.03256331727441813,0.9994696745615074,0.0,0.0,0.0
1791198887221711679,16240000000,odom,base_link,3.867701997546077,0.02847437073565267,-0.06513814976193899,6.141445803548062e-10,8.472905657839914e-10,-0.03256331727441813,0.9994696745615074,0.0,0.0,0.0
1791198887241386040,16260000000,odom,base_link,3.867701997546077,0.02847437073565267,-0.06513814976193899,6.141445803548062e-10,8.472905657839914e-10,-0.03256331727441813,0.9994696745615074,0.0,0.0,0.0
1791198887261406448,16280000000,odom,base_link,3.867701997546077,0.02847437073565267,-0.06513814976193899,6.141445803548062e-10,8.472905657839914e-10,-0.03256331727441813,0.9994696745615074,0.0,0.0,0.0
1791198887281465245,16300000000,odom,base_link,3.867701997546077,0.02847437073565267,-0.06513814976193899,6.141445803548062e-10,8.472905657839914e-10,-0.03256331727441813,0.9994696745615074,0.0,0.0,0.0
1791198887301449172,16320000000,odom,base_link,3.867701997546077,0.02847437073565267,-0.06513814976193899,6.141445803548062e-10,8.472905657839914e-10,-0.03256331727441813,0.9994696745615074,0.0,0.0,0.0
1791198887321436279,16340000000,odom,base_link,3.867701997546077,0.02847437073565267,-0.06513814976193899,6.141445803548062e-10,8.472905657839914e-10,-0.03256331727441813,0.9994696745615074,0.0,0.0,0.0
1791198887341490398,16360000000,odom,base_link,3.867701997546077,0.02847437073565267,-0.06513814976193899,6.141445803548062e-10,8.472905657839914e-10,-0.03256331727441813,0.9994696745615074,0.0,0.0,0.0
1791198887361510395,16380000000,odom,base_link,3.867701997546077,0.02847437073565267,-0.06513814976193899,6.141445803548062e-10,8.472905657839914e-10,-0.03256331727441813,0.9994696745615074,0.0,0.0,0.0
1791198887381348082,16400000000,odom,base_link,3.867701997546077,0.02847437073565267,-0.06513814976193899,6.141445803548062e-10,8.472905657839914e-10,-0.03256331727441813,0.9994696745615074,0.0,0.0,0.0
1791198887401408755,16420000000,odom,base_link,3.867701997546077,0.02847437073565267,-0.06513814976193899,6.141445803548062e-10,8.472905657839914e-10,-0.03256331727441813,0.9994696745615074,0.0,0.0,0.0
1791198887421536010,16440000000,odom,base_link,3.867701997546077,0.02847437073565267,-0.06513814976193899,6.141445803548062e-10,8.472905657839914e-10,-0.03256331727441813,0.9994696745615074,0.0,0.0,0.0
1791198887441386652,16460000000,odom,base_link,3.867701997546077,0.02847437073565267,-0.06513814976193899,6.141445803548062e-10,8.472905657839914e-10,-0.03256331727441813,0.9994696745615074,0.0,0.0,0.0
1791198887461384841,16480000000,odom,base_link,3.867701997546077,0.02847437073565267,-0.06513814976193899,6.141445803548062e-10,8.472905657839914e-10,-0.03256331727441813,0.9994696745615074,0.0,0.0,0.0
1791198887481251983,16500000000,odom,base_link,3.867701997546077,0.02847437073565267,-0.06513814976193899,6.141445803548062e-10,8.472905657839914e-10,-0.03256331727441813,0.9994696745615074,0.0,0.0,0.0
1791198887501462198,16520000000,odom,base_link,3.867701997546077,0.02847437073565267,-0.06513814976193899,6.141445803548062e-10,8.472905657839914e-10,-0.03256331727441813,0.9994696745615074,0.0,0.0,0.0
1791198887521302664,16540000000,odom,base_link,3.867701997546077,0.02847437073565267,-0.06513814976193899,6.141445803548062e-10,8.472905657839914e-10,-0.03256331727441813,0.9994696745615074,0.0,0.0,0.0
1791198887541276893,16560000000,odom,base_link,3.867701997546077,0.02847437073565267,-0.06513814976193899,6.141445803548062e-10,8.472905657839914e-10,-0.03256331727441813,0.9994696745615074,0.0,0.0,0.0
1791198887561443435,16580000000,odom,base_link,3.867701997546077,0.02847437073565267,-0.06513814976193899,6.141445803548062e-10,8.472905657839914e-10,-0.03256331727441813,0.9994696745615074,0.0,0.0,0.0
1791198887581302237,16600000000,odom,base_link,3.867701997546077,0.02847437073565267,-0.06513814976193899,6.141445803548062e-10,8.472905657839914e-10,-0.03256331727441813,0.9994696745615074,0.0,0.0,0.0
1791198887601317476,16620000000,odom,base_link,3.867701997546077,0.02847437073565267,-0.06513814976193899,6.141445803548062e-10,8.472905657839914e-10,-0.03256331727441813,0.9994696745615074,0.0,0.0,0.0
1791198887621504783,16640000000,odom,base_link,3.867701997546077,0.02847437073565267,-0.06513814976193899,6.141445803548062e-10,8.472905657839914e-10,-0.03256331727441813,0.9994696745615074,0.0,0.0,0.0
1791198887641606306,16660000000,odom,base_link,3.867701997546077,0.02847437073565267,-0.06513814976193899,6.141445803548062e-10,8.472905657839914e-10,-0.03256331727441813,0.9994696745615074,0.0,0.0,0.0
1791198887661546196,16680000000,odom,base_link,3.867701997546077,0.02847437073565267,-0.06513814976193899,6.141445803548062e-10,8.472905657839914e-10,-0.03256331727441813,0.9994696745615074,0.0,0.0,0.0
1791198887681634454,16700000000,odom,base_link,3.867701997546077,0.02847437073565267,-0.06513814976193899,6.141445803548062e-10,8.472905657839914e-10,-0.03256331727441813,0.9994696745615074,0.0,0.0,0.0
1791198887701406929,16720000000,odom,base_link,3.867701997546077,0.02847437073565267,-0.06513814976193899,6.141445803548062e-10,8.472905657839914e-10,-0.03256331727441813,0.9994696745615074,0.0,0.0,0.0
1791198887721420455,16740000000,odom,base_link,3.867701997546077,0.02847437073565267,-0.06513814976193899,6.141445803548062e-10,8.472905657839914e-10,-0.03256331727441813,0.9994696745615074,0.0,0.0,0.0
1791198887741487346,16760000000,odom,base_link,3.867701997546077,0.02847437073565267,-0.06513814976193899,6.141445803548062e-10,8.472905657839914e-10,-0.03256331727441813,0.9994696745615074,0.0,0.0,0.0
1791198887761347901,16780000000,odom,base_link,3.867701997546077,0.02847437073565267,-0.06513814976193899,6.141445803548062e-10,8.472905657839914e-10,-0.03256331727441813,0.9994696745615074,0.0,0.0,0.0
1791198887781257013,16800000000,odom,base_link,3.867701997546077,0.02847437073565267,-0.06513814976193899,6.141445803548062e-10,8.472905657839914e-10,-0.03256331727441813,0.9994696745615074,0.0,0.0,0.0
1791198887801415889,16820000000,odom,base_link,3.867701997546077,0.02847437073565267,-0.06513814976193899,6.141445803548062e-10,8.472905657839914e-10,-0.03256331727441813,0.9994696745615074,0.0,0.0,0.0
1791198887821475252,16840000000,odom,base_link,3.867701997546077,0.02847437073565267,-0.06513814976193899,6.141445803548062e-10,8.472905657839914e-10,-0.03256331727441813,0.9994696745615074,0.0,0.0,0.0
1791198887841201631,16860000000,odom,base_link,3.867701997546077,0.02847437073565267,-0.06513814976193899,6.141445803548062e-10,8.472905657839914e-10,-0.03256331727441813,0.9994696745615074,0.0,0.0,0.0
1791198887861335467,16880000000,odom,base_link,3.867701997546077,0.02847437073565267,-0.06513814976193899,6.141445803548062e-10,8.472905657839914e-10,-0.03256331727441813,0.9994696745615074,0.0,0.0,0.0
1791198887881340975,16900000000,odom,base_link,3.867701997546077,0.02847437073565267,-0.06513814976193899,6.141445803548062e-10,8.472905657839914e-10,-0.03256331727441813,0.9994696745615074,0.0,0.0,0.0
1791198887901414268,16920000000,odom,base_link,3.867701997546077,0.02847437073565267,-0.06513814976193899,6.141445803548062e-10,8.472905657839914e-10,-0.03256331727441813,0.9994696745615074,0.0,0.0,0.0
1791198887921333303,16940000000,odom,base_link,3.867701997546077,0.02847437073565267,-0.06513814976193899,6.141445803548062e-10,8.472905657839914e-10,-0.03256331727441813,0.9994696745615074,0.0,0.0,0.0
1791198887941397630,16960000000,odom,base_link,3.867701997546077,0.02847437073565267,-0.06513814976193899,6.141445803548062e-10,8.472905657839914e-10,-0.03256331727441813,0.9994696745615074,0.0,0.0,0.0
1791198887961366008,16980000000,odom,base_link,3.867701997546077,0.02847437073565267,-0.06513814976193899,6.141445803548062e-10,8.472905657839914e-10,-0.03256331727441813,0.9994696745615074,0.0,0.0,0.0
1791198887981576124,17000000000,odom,base_link,3.867701997546077,0.02847437073565267,-0.06513814976193899,6.141445803548062e-10,8.472905657839914e-10,-0.03256331727441813,0.9994696745615074,0.0,0.0,0.0
1791198888001502186,17020000000,odom,base_link,3.867701997546077,0.02847437073565267,-0.06513814976193899,6.141445803548062e-10,8.472905657839914e-10,-0.03256331727441813,0.9994696745615074,0.0,0.0,0.0
1791198888021652887,17040000000,odom,base_link,3.867701997546077,0.02847437073565267,-0.06513814976193899,6.141445803548062e-10,8.472905657839914e-10,-0.03256331727441813,0.9994696745615074,0.0,0.0,0.0
1791198888041429577,17060000000,odom,base_link,3.867701997546077,0.02847437073565267,-0.06513814976193899,6.141445803548062e-10,8.472905657839914e-10,-0.03256331727441813,0.9994696745615074,0.0,0.0,0.0
1791198888061406209,17080000000,odom,base_link,3.867701997546077,0.02847437073565267,-0.06513814976193899,6.141445803548062e-10,8.472905657839914e-10,-0.03256331727441813,0.9994696745615074,0.0,0.0,0.0
1791198888081609859,17100000000,odom,base_link,3.867701997546077,0.02847437073565267,-0.06513814976193899,6.141445803548062e-10,8.472905657839914e-10,-0.03256331727441813,0.9994696745615074,0.0,0.0,0.0
1791198888101464706,17120000000,odom,base_link,3.867701997546077,0.02847437073565267,-0.06513814976193899,6.141445803548062e-10,8.472905657839914e-10,-0.03256331727441813,0.9994696745615074,0.0,0.0,0.0
1791198888121360260,17140000000,odom,base_link,3.867701997546077,0.02847437073565267,-0.06513814976193899,6.141445803548062e-10,8.472905657839914e-10,-0.03256331727441813,0.9994696745615074,0.0,0.0,0.0
1791198888141366811,17160000000,odom,base_link,3.867701997546077,0.02847437073565267,-0.06513814976193899,6.141445803548062e-10,8.472905657839914e-10,-0.03256331727441813,0.9994696745615074,0.0,0.0,0.0
1791198888161439312,17180000000,odom,base_link,3.867701997546077,0.02847437073565267,-0.06513814976193899,6.141445803548062e-10,8.472905657839914e-10,-0.03256331727441813,0.9994696745615074,0.0,0.0,0.0
1791198888181441877,17200000000,odom,base_link,3.867701997546077,0.02847437073565267,-0.06513814976193899,6.141445803548062e-10,8.472905657839914e-10,-0.03256331727441813,0.9994696745615074,0.0,0.0,0.0
1791198888201380955,17220000000,odom,base_link,3.867701997546077,0.02847437073565267,-0.06513814976193899,6.141445803548062e-10,8.472905657839914e-10,-0.03256331727441813,0.9994696745615074,0.0,0.0,0.0
1791198888221419842,17240000000,odom,base_link,3.867701997546077,0.02847437073565267,-0.06513814976193899,6.141445803548062e-10,8.472905657839914e-10,-0.03256331727441813,0.9994696745615074,0.0,0.0,0.0
1791198888241377399,17260000000,odom,base_link,3.867701997546077,0.02847437073565267,-0.06513814976193899,6.141445803548062e-10,8.472905657839914e-10,-0.03256331727441813,0.9994696745615074,0.0,0.0,0.0
1791198888261405584,17280000000,odom,base_link,3.867701997546077,0.02847437073565267,-0.06513814976193899,6.141445803548062e-10,8.472905657839914e-10,-0.03256331727441813,0.9994696745615074,0.0,0.0,0.0
1791198888281420580,17300000000,odom,base_link,3.867701997546077,0.02847437073565267,-0.06513814976193899,6.141445803548062e-10,8.472905657839914e-10,-0.03256331727441813,0.9994696745615074,0.0,0.0,0.0
1791198888301445815,17320000000,odom,base_link,3.867701997546077,0.02847437073565267,-0.06513814976193899,6.141445803548062e-10,8.472905657839914e-10,-0.03256331727441813,0.9994696745615074,0.0,0.0,0.0
1791198888321525030,17340000000,odom,base_link,3.867701997546077,0.02847437073565267,-0.06513814976193899,6.141445803548062e-10,8.472905657839914e-10,-0.03256331727441813,0.9994696745615074,0.0,0.0,0.0
1791198888341391178,17360000000,odom,base_link,3.867701997546077,0.02847437073565267,-0.06513814976193899,6.141445803548062e-10,8.472905657839914e-10,-0.03256331727441813,0.9994696745615074,0.0,0.0,0.0
1791198888361362337,17380000000,odom,base_link,3.867701997546077,0.02847437073565267,-0.06513814976193899,6.141445803548062e-10,8.472905657839914e-10,-0.03256331727441813,0.9994696745615074,0.0,0.0,0.0
1791198888381498719,17400000000,odom,base_link,3.867701997546077,0.02847437073565267,-0.06513814976193899,6.141445803548062e-10,8.472905657839914e-10,-0.03256331727441813,0.9994696745615074,0.0,0.0,0.0
1791198888401467171,17420000000,odom,base_link,3.867701997546077,0.02847437073565267,-0.06513814976193899,6.141445803548062e-10,8.472905657839914e-10,-0.03256331727441813,0.9994696745615074,0.0,0.0,0.0
1791198888421310016,17440000000,odom,base_link,3.867701997546077,0.02847437073565267,-0.06513814976193899,6.141445803548062e-10,8.472905657839914e-10,-0.03256331727441813,0.9994696745615074,0.0,0.0,0.0
1791198888441347495,17460000000,odom,base_link,3.867701997546077,0.02847437073565267,-0.06513814976193899,6.141445803548062e-10,8.472905657839914e-10,-0.03256331727441813,0.9994696745615074,0.0,0.0,0.0
1791198888461209099,17480000000,odom,base_link,3.867701997546077,0.02847437073565267,-0.06513814976193899,6.141445803548062e-10,8.472905657839914e-10,-0.03256331727441813,0.9994696745615074,0.0,0.0,0.0
1791198888481594558,17500000000,odom,base_link,3.867701997546077,0.02847437073565267,-0.06513814976193899,6.141445803548062e-10,8.472905657839914e-10,-0.03256331727441813,0.9994696745615074,0.0,0.0,0.0
1791198888501501257,17520000000,odom,base_link,3.867701997546077,0.02847437073565267,-0.06513814976193899,6.141445803548062e-10,8.472905657839914e-10,-0.03256331727441813,0.9994696745615074,0.0,0.0,0.0
1791198888521511084,17540000000,odom,base_link,3.867701997546077,0.02847437073565267,-0.06513814976193899,6.141445803548062e-10,8.472905657839914e-10,-0.03256331727441813,0.9994696745615074,0.0,0.0,0.0
1791198888541589605,17560000000,odom,base_link,3.867701997546077,0.02847437073565267,-0.06513814976193899,6.141445803548062e-10,8.472905657839914e-10,-0.03256331727441813,0.9994696745615074,0.0,0.0,0.0
1791198888561408636,17580000000,odom,base_link,3.867701997546077,0.02847437073565267,-0.06513814976193899,6.141445803548062e-10,8.472905657839914e-10,-0.03256331727441813,0.9994696745615074,0.0,0.0,0.0
1791198888581742751,17600000000,odom,base_link,3.867701997546077,0.02847437073565267,-0.06513814976193899,6.141445803548062e-10,8.472905657839914e-10,-0.03256331727441813,0.9994696745615074,0.0,0.0,0.0
1791198888601823433,17620000000,odom,base_link,3.867701997546077,0.02847437073565267,-0.06513814976193899,6.141445803548062e-10,8.472905657839914e-10,-0.03256331727441813,0.9994696745615074,0.0,0.0,0.0
1791198888621600080,17640000000,odom,base_link,3.867701997546077,0.02847437073565267,-0.06513814976193899,6.141445803548062e-10,8.472905657839914e-10,-0.03256331727441813,0.9994696745615074,0.0,0.0,0.0
1791198888641261650,17660000000,odom,base_link,3.867701997546077,0.02847437073565267,-0.06513814976193899,6.141445803548062e-10,8.472905657839914e-10,-0.03256331727441813,0.9994696745615074,0.0,0.0,0.0
1791198888661509630,17680000000,odom,base_link,3.867701997546077,0.02847437073565267,-0.06513814976193899,6.141445803548062e-10,8.472905657839914e-10,-0.03256331727441813,0.9994696745615074,0.0,0.0,0.0
1791198888681525803,17700000000,odom,base_link,3.867701997546077,0.02847437073565267,-0.06513814976193899,6.141445803548062e-10,8.472905657839914e-10,-0.03256331727441813,0.9994696745615074,0.0,0.0,0.0
1791198888701969702,17720000000,odom,base_link,3.867701997546077,0.02847437073565267,-0.06513814976193899,6.141445803548062e-10,8.472905657839914e-10,-0.03256331727441813,0.9994696745615074,0.0,0.0,0.0
1791198888721364578,17740000000,odom,base_link,3.867701997546077,0.02847437073565267,-0.06513814976193899,6.141445803548062e-10,8.472905657839914e-10,-0.03256331727441813,0.9994696745615074,0.0,0.0,0.0
1791198888741582401,17760000000,odom,base_link,3.867701997546077,0.02847437073565267,-0.06513814976193899,6.141445803548062e-10,8.472905657839914e-10,-0.03256331727441813,0.9994696745615074,0.0,0.0,0.0
1791198888761380606,17780000000,odom,base_link,3.867701997546077,0.02847437073565267,-0.06513814976193899,6.141445803548062e-10,8.472905657839914e-10,-0.03256331727441813,0.9994696745615074,0.0,0.0,0.0
1791198888781405241,17800000000,odom,base_link,3.867701997546077,0.02847437073565267,-0.06513814976193899,6.141445803548062e-10,8.472905657839914e-10,-0.03256331727441813,0.9994696745615074,0.0,0.0,0.0
1791198888801488709,17820000000,odom,base_link,3.867701997546077,0.02847437073565267,-0.06513814976193899,6.141445803548062e-10,8.472905657839914e-10,-0.03256331727441813,0.9994696745615074,0.0,0.0,0.0
1791198888821274093,17840000000,odom,base_link,3.867701997546077,0.02847437073565267,-0.06513814976193899,6.141445803548062e-10,8.472905657839914e-10,-0.03256331727441813,0.9994696745615074,0.0,0.0,0.0
1791198888841419325,17860000000,odom,base_link,3.867701997546077,0.02847437073565267,-0.06513814976193899,6.141445803548062e-10,8.472905657839914e-10,-0.03256331727441813,0.9994696745615074,0.0,0.0,0.0
1791198888861221400,17880000000,odom,base_link,3.867701997546077,0.02847437073565267,-0.06513814976193899,6.141445803548062e-10,8.472905657839914e-10,-0.03256331727441813,0.9994696745615074,0.0,0.0,0.0
1791198888881495402,17900000000,odom,base_link,3.867701997546077,0.02847437073565267,-0.06513814976193899,6.141445803548062e-10,8.472905657839914e-10,-0.03256331727441813,0.9994696745615074,0.0,0.0,0.0
1791198888901427267,17920000000,odom,base_link,3.867701997546077,0.02847437073565267,-0.06513814976193899,6.141445803548062e-10,8.472905657839914e-10,-0.03256331727441813,0.9994696745615074,0.0,0.0,0.0
1791198888921364720,17940000000,odom,base_link,3.867701997546077,0.02847437073565267,-0.06513814976193899,6.141445803548062e-10,8.472905657839914e-10,-0.03256331727441813,0.9994696745615074,0.0,0.0,0.0
1791198888941611159,17960000000,odom,base_link,3.867701997546077,0.02847437073565267,-0.06513814976193899,6.141445803548062e-10,8.472905657839914e-10,-0.03256331727441813,0.9994696745615074,0.0,0.0,0.0
1791198888961328237,17980000000,odom,base_link,3.867701997546077,0.02847437073565267,-0.06513814976193899,6.141445803548062e-10,8.472905657839914e-10,-0.03256331727441813,0.9994696745615074,0.0,0.0,0.0
1791198888981478726,18000000000,odom,base_link,3.867701997546077,0.02847437073565267,-0.06513814976193899,6.141445803548062e-10,8.472905657839914e-10,-0.03256331727441813,0.9994696745615074,0.0,0.0,0.0
1791198889001592606,18020000000,odom,base_link,3.867701997546077,0.02847437073565267,-0.06513814976193899,6.141445803548062e-10,8.472905657839914e-10,-0.03256331727441813,0.9994696745615074,0.0,0.0,0.0
1791198889021248245,18040000000,odom,base_link,3.867701997546077,0.02847437073565267,-0.06513814976193899,6.141445803548062e-10,8.472905657839914e-10,-0.03256331727441813,0.9994696745615074,0.0,0.0,0.0
1791198889041362892,18060000000,odom,base_link,3.867701997546077,0.02847437073565267,-0.06513814976193899,6.141445803548062e-10,8.472905657839914e-10,-0.03256331727441813,0.9994696745615074,0.0,0.0,0.0
1791198889061329684,18080000000,odom,base_link,3.867701997546077,0.02847437073565267,-0.06513814976193899,6.141445803548062e-10,8.472905657839914e-10,-0.03256331727441813,0.9994696745615074,0.0,0.0,0.0
1791198889081308839,18100000000,odom,base_link,3.867701997546077,0.02847437073565267,-0.06513814976193899,6.141445803548062e-10,8.472905657839914e-10,-0.03256331727441813,0.9994696745615074,0.0,0.0,0.0
1791198889101364180,18120000000,odom,base_link,3.867701997546077,0.02847437073565267,-0.06513814976193899,6.141445803548062e-10,8.472905657839914e-10,-0.03256331727441813,0.9994696745615074,0.0,0.0,0.0
1791198889121356794,18140000000,odom,base_link,3.867701997546077,0.02847437073565267,-0.06513814976193899,6.141445803548062e-10,8.472905657839914e-10,-0.03256331727441813,0.9994696745615074,0.0,0.0,0.0
1791198889141741372,18160000000,odom,base_link,3.867701997546077,0.02847437073565267,-0.06513814976193899,6.141445803548062e-10,8.472905657839914e-10,-0.03256331727441813,0.9994696745615074,0.0,0.0,0.0
1791198889161254282,18180000000,odom,base_link,3.867701997546077,0.02847437073565267,-0.06513814976193899,6.141445803548062e-10,8.472905657839914e-10,-0.03256331727441813,0.9994696745615074,0.0,0.0,0.0
1791198889181426442,18200000000,odom,base_link,3.867701997546077,0.02847437073565267,-0.06513814976193899,6.141445803548062e-10,8.472905657839914e-10,-0.03256331727441813,0.9994696745615074,0.0,0.0,0.0
1791198889201584652,18220000000,odom,base_link,3.867701997546077,0.02847437073565267,-0.06513814976193899,6.141445803548062e-10,8.472905657839914e-10,-0.03256331727441813,0.9994696745615074,0.0,0.0,0.0
1791198889221401004,18240000000,odom,base_link,3.867701997546077,0.02847437073565267,-0.06513814976193899,6.141445803548062e-10,8.472905657839914e-10,-0.03256331727441813,0.9994696745615074,0.0,0.0,0.0
1791198889241366884,18260000000,odom,base_link,3.867701997546077,0.02847437073565267,-0.06513814976193899,6.141445803548062e-10,8.472905657839914e-10,-0.03256331727441813,0.9994696745615074,0.0,0.0,0.0
1791198889261283089,18280000000,odom,base_link,3.867701997546077,0.02847437073565267,-0.06513814976193899,6.141445803548062e-10,8.472905657839914e-10,-0.03256331727441813,0.9994696745615074,0.0,0.0,0.0
1791198889281291765,18300000000,odom,base_link,3.867701997546077,0.02847437073565267,-0.06513814976193899,6.141445803548062e-10,8.472905657839914e-10,-0.03256331727441813,0.9994696745615074,0.0,0.0,0.0
1791198889301254517,18320000000,odom,base_link,3.867701997546077,0.02847437073565267,-0.06513814976193899,6.141445803548062e-10,8.472905657839914e-10,-0.03256331727441813,0.9994696745615074,0.0,0.0,0.0
1791198889321347885,18340000000,odom,base_link,3.867701997546077,0.02847437073565267,-0.06513814976193899,6.141445803548062e-10,8.472905657839914e-10,-0.03256331727441813,0.9994696745615074,0.0,0.0,0.0
1791198889341258275,18360000000,odom,base_link,3.867701997546077,0.02847437073565267,-0.06513814976193899,6.141445803548062e-10,8.472905657839914e-10,-0.03256331727441813,0.9994696745615074,0.0,0.0,0.0
1791198889361368358,18380000000,odom,base_link,3.867701997546077,0.02847437073565267,-0.06513814976193899,6.141445803548062e-10,8.472905657839914e-10,-0.03256331727441813,0.9994696745615074,0.0,0.0,0.0
1791198889381285058,18400000000,odom,base_link,3.867701997546077,0.02847437073565267,-0.06513814976193899,6.141445803548062e-10,8.472905657839914e-10,-0.03256331727441813,0.9994696745615074,0.0,0.0,0.0
1791198889401600375,18420000000,odom,base_link,3.867701997546077,0.02847437073565267,-0.06513814976193899,6.141445803548062e-10,8.472905657839914e-10,-0.03256331727441813,0.9994696745615074,0.0,0.0,0.0
1791198889421316935,18440000000,odom,base_link,3.867701997546077,0.02847437073565267,-0.06513814976193899,6.141445803548062e-10,8.472905657839914e-10,-0.03256331727441813,0.9994696745615074,0.0,0.0,0.0
1791198889441212224,18460000000,odom,base_link,3.867701997546077,0.02847437073565267,-0.06513814976193899,6.141445803548062e-10,8.472905657839914e-10,-0.03256331727441813,0.9994696745615074,0.0,0.0,0.0
1791198889461228687,18480000000,odom,base_link,3.867701997546077,0.02847437073565267,-0.06513814976193899,6.141445803548062e-10,8.472905657839914e-10,-0.03256331727441813,0.9994696745615074,0.0,0.0,0.0
1791198889481347183,18500000000,odom,base_link,3.867701997546077,0.02847437073565267,-0.06513814976193899,6.141445803548062e-10,8.472905657839914e-10,-0.03256331727441813,0.9994696745615074,0.0,0.0,0.0
1791198889501396699,18520000000,odom,base_link,3.867701997546077,0.02847437073565267,-0.06513814976193899,6.141445803548062e-10,8.472905657839914e-10,-0.03256331727441813,0.9994696745615074,0.0,0.0,0.0
1791198889521451704,18540000000,odom,base_link,3.867701997546077,0.02847437073565267,-0.06513814976193899,6.141445803548062e-10,8.472905657839914e-10,-0.03256331727441813,0.9994696745615074,0.0,0.0,0.0
1791198889541357934,18560000000,odom,base_link,3.867701997546077,0.02847437073565267,-0.06513814976193899,6.141445803548062e-10,8.472905657839914e-10,-0.03256331727441813,0.9994696745615074,0.0,0.0,0.0
1791198889561271774,18580000000,odom,base_link,3.867701997546077,0.02847437073565267,-0.06513814976193899,6.141445803548062e-10,8.472905657839914e-10,-0.03256331727441813,0.9994696745615074,0.0,0.0,0.0
1791198889581333845,18600000000,odom,base_link,3.867701997546077,0.02847437073565267,-0.06513814976193899,6.141445803548062e-10,8.472905657839914e-10,-0.03256331727441813,0.9994696745615074,0.0,0.0,0.0
1791198889601442213,18620000000,odom,base_link,3.867701997546077,0.02847437073565267,-0.06513814976193899,6.141445803548062e-10,8.472905657839914e-10,-0.03256331727441813,0.9994696745615074,0.0,0.0,0.0
1791198889621286255,18640000000,odom,base_link,3.867701997546077,0.02847437073565267,-0.06513814976193899,6.141445803548062e-10,8.472905657839914e-10,-0.03256331727441813,0.9994696745615074,0.0,0.0,0.0
1791198889641326310,18660000000,odom,base_link,3.867701997546077,0.02847437073565267,-0.06513814976193899,6.141445803548062e-10,8.472905657839914e-10,-0.03256331727441813,0.9994696745615074,0.0,0.0,0.0
1791198889661147394,18680000000,odom,base_link,3.867701997546077,0.02847437073565267,-0.06513814976193899,6.141445803548062e-10,8.472905657839914e-10,-0.03256331727441813,0.9994696745615074,0.0,0.0,0.0
1791198889681442383,18700000000,odom,base_link,3.867701997546077,0.02847437073565267,-0.06513814976193899,6.141445803548062e-10,8.472905657839914e-10,-0.03256331727441813,0.9994696745615074,0.0,0.0,0.0
1791198889701369069,18720000000,odom,base_link,3.867701997546077,0.02847437073565267,-0.06513814976193899,6.141445803548062e-10,8.472905657839914e-10,-0.03256331727441813,0.9994696745615074,0.0,0.0,0.0
1791198889721421782,18740000000,odom,base_link,3.867701997546077,0.02847437073565267,-0.06513814976193899,6.141445803548062e-10,8.472905657839914e-10,-0.03256331727441813,0.9994696745615074,0.0,0.0,0.0
1791198889741256505,18760000000,odom,base_link,3.867701997546077,0.02847437073565267,-0.06513814976193899,6.141445803548062e-10,8.472905657839914e-10,-0.03256331727441813,0.9994696745615074,0.0,0.0,0.0
1791198889761377778,18780000000,odom,base_link,3.867701997546077,0.02847437073565267,-0.06513814976193899,6.141445803548062e-10,8.472905657839914e-10,-0.03256331727441813,0.9994696745615074,0.0,0.0,0.0
1791198889781508892,18800000000,odom,base_link,3.867701997546077,0.02847437073565267,-0.06513814976193899,6.141445803548062e-10,8.472905657839914e-10,-0.03256331727441813,0.9994696745615074,0.0,0.0,0.0
1791198889801596926,18820000000,odom,base_link,3.867701997546077,0.02847437073565267,-0.06513814976193899,6.141445803548062e-10,8.472905657839914e-10,-0.03256331727441813,0.9994696745615074,0.0,0.0,0.0
1791198889821456951,18840000000,odom,base_link,3.867701997546077,0.02847437073565267,-0.06513814976193899,6.141445803548062e-10,8.472905657839914e-10,-0.03256331727441813,0.9994696745615074,0.0,0.0,0.0
1791198889841522142,18860000000,odom,base_link,3.867701997546077,0.02847437073565267,-0.06513814976193899,6.141445803548062e-10,8.472905657839914e-10,-0.03256331727441813,0.9994696745615074,0.0,0.0,0.0
1791198889861701329,18880000000,odom,base_link,3.867701997546077,0.02847437073565267,-0.06513814976193899,6.141445803548062e-10,8.472905657839914e-10,-0.03256331727441813,0.9994696745615074,0.0,0.0,0.0
1791198889881427172,18900000000,odom,base_link,3.867701997546077,0.02847437073565267,-0.06513814976193899,6.141445803548062e-10,8.472905657839914e-10,-0.03256331727441813,0.9994696745615074,0.0,0.0,0.0
1791198889901317528,18920000000,odom,base_link,3.867701997546077,0.02847437073565267,-0.06513814976193899,6.141445803548062e-10,8.472905657839914e-10,-0.03256331727441813,0.9994696745615074,0.0,0.0,0.0
1791198889921336972,18940000000,odom,base_link,3.867701997546077,0.02847437073565267,-0.06513814976193899,6.141445803548062e-10,8.472905657839914e-10,-0.03256331727441813,0.9994696745615074,0.0,0.0,0.0
1791198889941429940,18960000000,odom,base_link,3.867701997546077,0.02847437073565267,-0.06513814976193899,6.141445803548062e-10,8.472905657839914e-10,-0.03256331727441813,0.9994696745615074,0.0,0.0,0.0
1791198889961306330,18980000000,odom,base_link,3.867701997546077,0.02847437073565267,-0.06513814976193899,6.141445803548062e-10,8.472905657839914e-10,-0.03256331727441813,0.9994696745615074,0.0,0.0,0.0
1791198889981480049,19000000000,odom,base_link,3.867701997546077,0.02847437073565267,-0.06513814976193899,6.141445803548062e-10,8.472905657839914e-10,-0.03256331727441813,0.9994696745615074,0.0,0.0,0.0
1791198890001544252,19020000000,odom,base_link,3.867701997546077,0.02847437073565267,-0.06513814976193899,6.141445803548062e-10,8.472905657839914e-10,-0.03256331727441813,0.9994696745615074,0.0,0.0,0.0
1791198890021366060,19040000000,odom,base_link,3.867701997546077,0.02847437073565267,-0.06513814976193899,6.141445803548062e-10,8.472905657839914e-10,-0.03256331727441813,0.9994696745615074,0.0,0.0,0.0
1791198890041245470,19060000000,odom,base_link,3.867701997546077,0.02847437073565267,-0.06513814976193899,6.141445803548062e-10,8.472905657839914e-10,-0.03256331727441813,0.9994696745615074,0.0,0.0,0.0
1791198890061298096,19080000000,odom,base_link,3.867701997546077,0.02847437073565267,-0.06513814976193899,6.141445803548062e-10,8.472905657839914e-10,-0.03256331727441813,0.9994696745615074,0.0,0.0,0.0
1791198890081350512,19100000000,odom,base_link,3.867701997546077,0.02847437073565267,-0.06513814976193899,6.141445803548062e-10,8.472905657839914e-10,-0.03256331727441813,0.9994696745615074,0.0,0.0,0.0
1791198890101370719,19120000000,odom,base_link,3.867701997546077,0.02847437073565267,-0.06513814976193899,6.141445803548062e-10,8.472905657839914e-10,-0.03256331727441813,0.9994696745615074,0.0,0.0,0.0
1791198890121349143,19140000000,odom,base_link,3.867701997546077,0.02847437073565267,-0.06513814976193899,6.141445803548062e-10,8.472905657839914e-10,-0.03256331727441813,0.9994696745615074,0.0,0.0,0.0
1791198890141406734,19160000000,odom,base_link,3.867701997546077,0.02847437073565267,-0.06513814976193899,6.141445803548062e-10,8.472905657839914e-10,-0.03256331727441813,0.9994696745615074,0.0,0.0,0.0
1791198890161425409,19180000000,odom,base_link,3.867701997546077,0.02847437073565267,-0.06513814976193899,6.141445803548062e-10,8.472905657839914e-10,-0.03256331727441813,0.9994696745615074,0.0,0.0,0.0
1791198890181574275,19200000000,odom,base_link,3.867701997546077,0.02847437073565267,-0.06513814976193899,6.141445803548062e-10,8.472905657839914e-10,-0.03256331727441813,0.9994696745615074,0.0,0.0,0.0
1791198890201357317,19220000000,odom,base_link,3.867701997546077,0.02847437073565267,-0.06513814976193899,6.141445803548062e-10,8.472905657839914e-10,-0.03256331727441813,0.9994696745615074,0.0,0.0,0.0
1791198890221426505,19240000000,odom,base_link,3.867701997546077,0.02847437073565267,-0.06513814976193899,6.141445803548062e-10,8.472905657839914e-10,-0.03256331727441813,0.9994696745615074,0.0,0.0,0.0
1791198890241256704,19260000000,odom,base_link,3.867701997546077,0.02847437073565267,-0.06513814976193899,6.141445803548062e-10,8.472905657839914e-10,-0.03256331727441813,0.9994696745615074,0.0,0.0,0.0
1791198890261515707,19280000000,odom,base_link,3.867701997546077,0.02847437073565267,-0.06513814976193899,6.141445803548062e-10,8.472905657839914e-10,-0.03256331727441813,0.9994696745615074,0.0,0.0,0.0
1791198890281329091,19300000000,odom,base_link,3.867701997546077,0.02847437073565267,-0.06513814976193899,6.141445803548062e-10,8.472905657839914e-10,-0.03256331727441813,0.9994696745615074,0.0,0.0,0.0
1791198890301331933,19320000000,odom,base_link,3.867701997546077,0.02847437073565267,-0.06513814976193899,6.141445803548062e-10,8.472905657839914e-10,-0.03256331727441813,0.9994696745615074,0.0,0.0,0.0
1791198890321220689,19340000000,odom,base_link,3.867701997546077,0.02847437073565267,-0.06513814976193899,6.141445803548062e-10,8.472905657839914e-10,-0.03256331727441813,0.9994696745615074,0.0,0.0,0.0
1791198890341399829,19360000000,odom,base_link,3.867701997546077,0.02847437073565267,-0.06513814976193899,6.141445803548062e-10,8.472905657839914e-10,-0.03256331727441813,0.9994696745615074,0.0,0.0,0.0
1791198890361353681,19380000000,odom,base_link,3.867701997546077,0.02847437073565267,-0.06513814976193899,6.141445803548062e-10,8.472905657839914e-10,-0.03256331727441813,0.9994696745615074,0.0,0.0,0.0
1791198890381258135,19400000000,odom,base_link,3.867701997546077,0.02847437073565267,-0.06513814976193899,6.141445803548062e-10,8.472905657839914e-10,-0.03256331727441813,0.9994696745615074,0.0,0.0,0.0
1791198890401290729,19420000000,odom,base_link,3.867701997546077,0.02847437073565267,-0.06513814976193899,6.141445803548062e-10,8.472905657839914e-10,-0.03256331727441813,0.9994696745615074,0.0,0.0,0.0
1791198890421329625,19440000000,odom,base_link,3.867701997546077,0.02847437073565267,-0.06513814976193899,6.141445803548062e-10,8.472905657839914e-10,-0.03256331727441813,0.9994696745615074,0.0,0.0,0.0
1791198890441312770,19460000000,odom,base_link,3.867701997546077,0.02847437073565267,-0.06513814976193899,6.141445803548062e-10,8.472905657839914e-10,-0.03256331727441813,0.9994696745615074,0.0,0.0,0.0
1791198890461751382,19480000000,odom,base_link,3.867701997546077,0.02847437073565267,-0.06513814976193899,6.141445803548062e-10,8.472905657839914e-10,-0.03256331727441813,0.9994696745615074,0.0,0.0,0.0
1791198890481408008,19500000000,odom,base_link,3.867701997546077,0.02847437073565267,-0.06513814976193899,6.141445803548062e-10,8.472905657839914e-10,-0.03256331727441813,0.9994696745615074,0.0,0.0,0.0
1791198890501385873,19520000000,odom,base_link,3.867701997546077,0.02847437073565267,-0.06513814976193899,6.141445803548062e-10,8.472905657839914e-10,-0.03256331727441813,0.9994696745615074,0.0,0.0,0.0
1791198890521678291,19540000000,odom,base_link,3.867701997546077,0.02847437073565267,-0.06513814976193899,6.141445803548062e-10,8.472905657839914e-10,-0.03256331727441813,0.9994696745615074,0.0,0.0,0.0
1791198890541392543,19560000000,odom,base_link,3.867701997546077,0.02847437073565267,-0.06513814976193899,6.141445803548062e-10,8.472905657839914e-10,-0.03256331727441813,0.9994696745615074,0.0,0.0,0.0
1791198890561309598,19580000000,odom,base_link,3.867701997546077,0.02847437073565267,-0.06513814976193899,6.141445803548062e-10,8.472905657839914e-10,-0.03256331727441813,0.9994696745615074,0.0,0.0,0.0
1791198890581388251,19600000000,odom,base_link,3.867701997546077,0.02847437073565267,-0.06513814976193899,6.141445803548062e-10,8.472905657839914e-10,-0.03256331727441813,0.9994696745615074,0.0,0.0,0.0
1791198890601363464,19620000000,odom,base_link,3.867701997546077,0.02847437073565267,-0.06513814976193899,6.141445803548062e-10,8.472905657839914e-10,-0.03256331727441813,0.9994696745615074,0.0,0.0,0.0
1791198890621370642,19640000000,odom,base_link,3.867701997546077,0.02847437073565267,-0.06513814976193899,6.141445803548062e-10,8.472905657839914e-10,-0.03256331727441813,0.9994696745615074,0.0,0.0,0.0
1791198890641284955,19660000000,odom,base_link,3.867701997546077,0.02847437073565267,-0.06513814976193899,6.141445803548062e-10,8.472905657839914e-10,-0.03256331727441813,0.9994696745615074,0.0,0.0,0.0
1791198890661539018,19680000000,odom,base_link,3.867701997546077,0.02847437073565267,-0.06513814976193899,6.141445803548062e-10,8.472905657839914e-10,-0.03256331727441813,0.9994696745615074,0.0,0.0,0.0
1791198890681307618,19700000000,odom,base_link,3.867701997546077,0.02847437073565267,-0.06513814976193899,6.141445803548062e-10,8.472905657839914e-10,-0.03256331727441813,0.9994696745615074,0.0,0.0,0.0
1791198890701356013,19720000000,odom,base_link,3.867701997546077,0.02847437073565267,-0.06513814976193899,6.141445803548062e-10,8.472905657839914e-10,-0.03256331727441813,0.9994696745615074,0.0,0.0,0.0
1791198890721386957,19740000000,odom,base_link,3.867701997546077,0.02847437073565267,-0.06513814976193899,6.141445803548062e-10,8.472905657839914e-10,-0.03256331727441813,0.9994696745615074,0.0,0.0,0.0
1791198890741416290,19760000000,odom,base_link,3.867701997546077,0.02847437073565267,-0.06513814976193899,6.141445803548062e-10,8.472905657839914e-10,-0.03256331727441813,0.9994696745615074,0.0,0.0,0.0
1791198890761246834,19780000000,odom,base_link,3.867701997546077,0.02847437073565267,-0.06513814976193899,6.141445803548062e-10,8.472905657839914e-10,-0.03256331727441813,0.9994696745615074,0.0,0.0,0.0
1791198890781401924,19800000000,odom,base_link,3.867701997546077,0.02847437073565267,-0.06513814976193899,6.141445803548062e-10,8.472905657839914e-10,-0.03256331727441813,0.9994696745615074,0.0,0.0,0.0
1791198890801264731,19820000000,odom,base_link,3.867701997546077,0.02847437073565267,-0.06513814976193899,6.141445803548062e-10,8.472905657839914e-10,-0.03256331727441813,0.9994696745615074,0.0,0.0,0.0
1791198890821440279,19840000000,odom,base_link,3.867701997546077,0.02847437073565267,-0.06513814976193899,6.141445803548062e-10,8.472905657839914e-10,-0.03256331727441813,0.9994696745615074,0.0,0.0,0.0
1791198890841441855,19860000000,odom,base_link,3.867701997546077,0.02847437073565267,-0.06513814976193899,6.141445803548062e-10,8.472905657839914e-10,-0.03256331727441813,0.9994696745615074,0.0,0.0,0.0
1791198890861295106,19880000000,odom,base_link,3.867701997546077,0.02847437073565267,-0.06513814976193899,6.141445803548062e-10,8.472905657839914e-10,-0.03256331727441813,0.9994696745615074,0.0,0.0,0.0
1791198890881354119,19900000000,odom,base_link,3.867701997546077,0.02847437073565267,-0.06513814976193899,6.141445803548062e-10,8.472905657839914e-10,-0.03256331727441813,0.9994696745615074,0.0,0.0,0.0
1791198890901401263,19920000000,odom,base_link,3.867701997546077,0.02847437073565267,-0.06513814976193899,6.141445803548062e-10,8.472905657839914e-10,-0.03256331727441813,0.9994696745615074,0.0,0.0,0.0
1791198890921353354,19940000000,odom,base_link,3.867701997546077,0.02847437073565267,-0.06513814976193899,6.141445803548062e-10,8.472905657839914e-10,-0.03256331727441813,0.9994696745615074,0.0,0.0,0.0
1791198890941378770,19960000000,odom,base_link,3.867701997546077,0.02847437073565267,-0.06513814976193899,6.141445803548062e-10,8.472905657839914e-10,-0.03256331727441813,0.9994696745615074,0.0,0.0,0.0
1791198890961573187,19980000000,odom,base_link,3.867701997546077,0.02847437073565267,-0.06513814976193899,6.141445803548062e-10,8.472905657839914e-10,-0.03256331727441813,0.9994696745615074,0.0,0.0,0.0
1791198890981457635,20000000000,odom,base_link,3.867701997546077,0.02847437073565267,-0.06513814976193899,6.141445803548062e-10,8.472905657839914e-10,-0.03256331727441813,0.9994696745615074,0.0,0.0,0.0
1791198891001318850,20020000000,odom,base_link,3.867701997546077,0.02847437073565267,-0.06513814976193899,6.141445803548062e-10,8.472905657839914e-10,-0.03256331727441813,0.9994696745615074,0.0,0.0,0.0
1791198891021388893,20040000000,odom,base_link,3.867701997546077,0.02847437073565267,-0.06513814976193899,6.141445803548062e-10,8.472905657839914e-10,-0.03256331727441813,0.9994696745615074,0.0,0.0,0.0
1791198891041467125,20060000000,odom,base_link,3.867701997546077,0.02847437073565267,-0.06513814976193899,6.141445803548062e-10,8.472905657839914e-10,-0.03256331727441813,0.9994696745615074,0.0,0.0,0.0
1791198891061378885,20080000000,odom,base_link,3.867701997546077,0.02847437073565267,-0.06513814976193899,6.141445803548062e-10,8.472905657839914e-10,-0.03256331727441813,0.9994696745615074,0.0,0.0,0.0
1791198891081268069,20100000000,odom,base_link,3.867701997546077,0.02847437073565267,-0.06513814976193899,6.141445803548062e-10,8.472905657839914e-10,-0.03256331727441813,0.9994696745615074,0.0,0.0,0.0
1791198891101252050,20120000000,odom,base_link,3.867701997546077,0.02847437073565267,-0.06513814976193899,6.141445803548062e-10,8.472905657839914e-10,-0.03256331727441813,0.9994696745615074,0.0,0.0,0.0
1791198891121679208,20140000000,odom,base_link,3.867701997546077,0.02847437073565267,-0.06513814976193899,6.141445803548062e-10,8.472905657839914e-10,-0.03256331727441813,0.9994696745615074,0.0,0.0,0.0
1791198891141468045,20160000000,odom,base_link,3.867701997546077,0.02847437073565267,-0.06513814976193899,6.141445803548062e-10,8.472905657839914e-10,-0.03256331727441813,0.9994696745615074,0.0,0.0,0.0
1791198891161299774,20180000000,odom,base_link,3.867701997546077,0.02847437073565267,-0.06513814976193899,6.141445803548062e-10,8.472905657839914e-10,-0.03256331727441813,0.9994696745615074,0.0,0.0,0.0
1791198891181339880,20200000000,odom,base_link,3.867701997546077,0.02847437073565267,-0.06513814976193899,6.141445803548062e-10,8.472905657839914e-10,-0.03256331727441813,0.9994696745615074,0.0,0.0,0.0
1791198891201373394,20220000000,odom,base_link,3.867701997546077,0.02847437073565267,-0.06513814976193899,6.141445803548062e-10,8.472905657839914e-10,-0.03256331727441813,0.9994696745615074,0.0,0.0,0.0
1791198891221347731,20240000000,odom,base_link,3.867701997546077,0.02847437073565267,-0.06513814976193899,6.141445803548062e-10,8.472905657839914e-10,-0.03256331727441813,0.9994696745615074,0.0,0.0,0.0
1791198891241219250,20260000000,odom,base_link,3.867701997546077,0.02847437073565267,-0.06513814976193899,6.141445803548062e-10,8.472905657839914e-10,-0.03256331727441813,0.9994696745615074,0.0,0.0,0.0
1791198891261385690,20280000000,odom,base_link,3.867701997546077,0.02847437073565267,-0.06513814976193899,6.141445803548062e-10,8.472905657839914e-10,-0.03256331727441813,0.9994696745615074,0.0,0.0,0.0
1791198891281269572,20300000000,odom,base_link,3.867701997546077,0.02847437073565267,-0.06513814976193899,6.141445803548062e-10,8.472905657839914e-10,-0.03256331727441813,0.9994696745615074,0.0,0.0,0.0
1791198891301237755,20320000000,odom,base_link,3.867701997546077,0.02847437073565267,-0.06513814976193899,6.141445803548062e-10,8.472905657839914e-10,-0.03256331727441813,0.9994696745615074,0.0,0.0,0.0
1791198891321423890,20340000000,odom,base_link,3.867701997546077,0.02847437073565267,-0.06513814976193899,6.141445803548062e-10,8.472905657839914e-10,-0.03256331727441813,0.9994696745615074,0.0,0.0,0.0
1791198891341391529,20360000000,odom,base_link,3.867701997546077,0.02847437073565267,-0.06513814976193899,6.141445803548062e-10,8.472905657839914e-10,-0.03256331727441813,0.9994696745615074,0.0,0.0,0.0
1791198891361319393,20380000000,odom,base_link,3.867701997546077,0.02847437073565267,-0.06513814976193899,6.141445803548062e-10,8.472905657839914e-10,-0.03256331727441813,0.9994696745615074,0.0,0.0,0.0
1791198891381562420,20400000000,odom,base_link,3.867701997546077,0.02847437073565267,-0.06513814976193899,6.141445803548062e-10,8.472905657839914e-10,-0.03256331727441813,0.9994696745615074,0.0,0.0,0.0
1791198891401394570,20420000000,odom,base_link,3.867701997546077,0.02847437073565267,-0.06513814976193899,6.141445803548062e-10,8.472905657839914e-10,-0.03256331727441813,0.9994696745615074,0.0,0.0,0.0
1791198891421346693,20440000000,odom,base_link,3.867701997546077,0.02847437073565267,-0.06513814976193899,6.141445803548062e-10,8.472905657839914e-10,-0.03256331727441813,0.9994696745615074,0.0,0.0,0.0
1791198891441291095,20460000000,odom,base_link,3.867701997546077,0.02847437073565267,-0.06513814976193899,6.141445803548062e-10,8.472905657839914e-10,-0.03256331727441813,0.9994696745615074,0.0,0.0,0.0
1791198891461348961,20480000000,odom,base_link,3.867701997546077,0.02847437073565267,-0.06513814976193899,6.141445803548062e-10,8.472905657839914e-10,-0.03256331727441813,0.9994696745615074,0.0,0.0,0.0
1791198891481352004,20500000000,odom,base_link,3.867701997546077,0.02847437073565267,-0.06513814976193899,6.141445803548062e-10,8.472905657839914e-10,-0.03256331727441813,0.9994696745615074,0.0,0.0,0.0
1791198891501437963,20520000000,odom,base_link,3.867701997546077,0.02847437073565267,-0.06513814976193899,6.141445803548062e-10,8.472905657839914e-10,-0.03256331727441813,0.9994696745615074,0.0,0.0,0.0
1791198891521277556,20540000000,odom,base_link,3.867701997546077,0.02847437073565267,-0.06513814976193899,6.141445803548062e-10,8.472905657839914e-10,-0.03256331727441813,0.9994696745615074,0.0,0.0,0.0
1791198891541340243,20560000000,odom,base_link,3.867701997546077,0.02847437073565267,-0.06513814976193899,6.141445803548062e-10,8.472905657839914e-10,-0.03256331727441813,0.9994696745615074,0.0,0.0,0.0
1791198891561548600,20580000000,odom,base_link,3.867701997546077,0.02847437073565267,-0.06513814976193899,6.141445803548062e-10,8.472905657839914e-10,-0.03256331727441813,0.9994696745615074,0.0,0.0,0.0
1791198891581470997,20600000000,odom,base_link,3.867701997546077,0.02847437073565267,-0.06513814976193899,6.141445803548062e-10,8.472905657839914e-10,-0.03256331727441813,0.9994696745615074,0.0,0.0,0.0
1791198891601581437,20620000000,odom,base_link,3.867701997546077,0.02847437073565267,-0.06513814976193899,6.141445803548062e-10,8.472905657839914e-10,-0.03256331727441813,0.9994696745615074,0.0,0.0,0.0
1791198891621341705,20640000000,odom,base_link,3.867701997546077,0.02847437073565267,-0.06513814976193899,6.141445803548062e-10,8.472905657839914e-10,-0.03256331727441813,0.9994696745615074,0.0,0.0,0.0
1791198891641242999,20660000000,odom,base_link,3.867701997546077,0.02847437073565267,-0.06513814976193899,6.141445803548062e-10,8.472905657839914e-10,-0.03256331727441813,0.9994696745615074,0.0,0.0,0.0
1791198891661309626,20680000000,odom,base_link,3.867701997546077,0.02847437073565267,-0.06513814976193899,6.141445803548062e-10,8.472905657839914e-10,-0.03256331727441813,0.9994696745615074,0.0,0.0,0.0
1791198891681363507,20700000000,odom,base_link,3.867701997546077,0.02847437073565267,-0.06513814976193899,6.141445803548062e-10,8.472905657839914e-10,-0.03256331727441813,0.9994696745615074,0.0,0.0,0.0
1791198891701401175,20720000000,odom,base_link,3.867701997546077,0.02847437073565267,-0.06513814976193899,6.141445803548062e-10,8.472905657839914e-10,-0.03256331727441813,0.9994696745615074,0.0,0.0,0.0
1791198891721413715,20740000000,odom,base_link,3.867701997546077,0.02847437073565267,-0.06513814976193899,6.141445803548062e-10,8.472905657839914e-10,-0.03256331727441813,0.9994696745615074,0.0,0.0,0.0
1791198891741388875,20760000000,odom,base_link,3.867701997546077,0.02847437073565267,-0.06513814976193899,6.141445803548062e-10,8.472905657839914e-10,-0.03256331727441813,0.9994696745615074,0.0,0.0,0.0
1791198891761346775,20780000000,odom,base_link,3.867701997546077,0.02847437073565267,-0.06513814976193899,6.141445803548062e-10,8.472905657839914e-10,-0.03256331727441813,0.9994696745615074,0.0,0.0,0.0
1791198891781619896,20800000000,odom,base_link,3.867701997546077,0.02847437073565267,-0.06513814976193899,6.141445803548062e-10,8.472905657839914e-10,-0.03256331727441813,0.9994696745615074,0.0,0.0,0.0
1791198891801451103,20820000000,odom,base_link,3.867701997546077,0.02847437073565267,-0.06513814976193899,6.141445803548062e-10,8.472905657839914e-10,-0.03256331727441813,0.9994696745615074,0.0,0.0,0.0
1791198891821256747,20840000000,odom,base_link,3.867701997546077,0.02847437073565267,-0.06513814976193899,6.141445803548062e-10,8.472905657839914e-10,-0.03256331727441813,0.9994696745615074,0.0,0.0,0.0
1791198891841515135,20860000000,odom,base_link,3.867701997546077,0.02847437073565267,-0.06513814976193899,6.141445803548062e-10,8.472905657839914e-10,-0.03256331727441813,0.9994696745615074,0.0,0.0,0.0
1791198891861328975,20880000000,odom,base_link,3.867701997546077,0.02847437073565267,-0.06513814976193899,6.141445803548062e-10,8.472905657839914e-10,-0.03256331727441813,0.9994696745615074,0.0,0.0,0.0
1791198891881275236,20900000000,odom,base_link,3.867701997546077,0.02847437073565267,-0.06513814976193899,6.141445803548062e-10,8.472905657839914e-10,-0.03256331727441813,0.9994696745615074,0.0,0.0,0.0
1791198891901470496,20920000000,odom,base_link,3.867701997546077,0.02847437073565267,-0.06513814976193899,6.141445803548062e-10,8.472905657839914e-10,-0.03256331727441813,0.9994696745615074,0.0,0.0,0.0
1791198891921313921,20940000000,odom,base_link,3.867701997546077,0.02847437073565267,-0.06513814976193899,6.141445803548062e-10,8.472905657839914e-10,-0.03256331727441813,0.9994696745615074,0.0,0.0,0.0
1791198891941391734,20960000000,odom,base_link,3.867701997546077,0.02847437073565267,-0.06513814976193899,6.141445803548062e-10,8.472905657839914e-10,-0.03256331727441813,0.9994696745615074,0.0,0.0,0.0
1791198891961434802,20980000000,odom,base_link,3.867701997546077,0.02847437073565267,-0.06513814976193899,6.141445803548062e-10,8.472905657839914e-10,-0.03256331727441813,0.9994696745615074,0.0,0.0,0.0
1791198891981562325,21000000000,odom,base_link,3.867701997546077,0.02847437073565267,-0.06513814976193899,6.141445803548062e-10,8.472905657839914e-10,-0.03256331727441813,0.9994696745615074,0.0,0.0,0.0
1791198892001440526,21020000000,odom,base_link,3.867701997546077,0.02847437073565267,-0.06513814976193899,6.141445803548062e-10,8.472905657839914e-10,-0.03256331727441813,0.9994696745615074,0.0,0.0,0.0
1791198892021358850,21040000000,odom,base_link,3.867701997546077,0.02847437073565267,-0.06513814976193899,6.141445803548062e-10,8.472905657839914e-10,-0.03256331727441813,0.9994696745615074,0.0,0.0,0.0
1791198892041487152,21060000000,odom,base_link,3.867701997546077,0.02847437073565267,-0.06513814976193899,6.141445803548062e-10,8.472905657839914e-10,-0.03256331727441813,0.9994696745615074,0.0,0.0,0.0
1791198892061682658,21080000000,odom,base_link,3.867701997546077,0.02847437073565267,-0.06513814976193899,6.141445803548062e-10,8.472905657839914e-10,-0.03256331727441813,0.9994696745615074,0.0,0.0,0.0
1791198892081558416,21100000000,odom,base_link,3.867701997546077,0.02847437073565267,-0.06513814976193899,6.141445803548062e-10,8.472905657839914e-10,-0.03256331727441813,0.9994696745615074,0.0,0.0,0.0
1791198892101390937,21120000000,odom,base_link,3.867701997546077,0.02847437073565267,-0.06513814976193899,6.141445803548062e-10,8.472905657839914e-10,-0.03256331727441813,0.9994696745615074,0.0,0.0,0.0
1791198892121394880,21140000000,odom,base_link,3.867701997546077,0.02847437073565267,-0.06513814976193899,6.141445803548062e-10,8.472905657839914e-10,-0.03256331727441813,0.9994696745615074,0.0,0.0,0.0
1791198892141291133,21160000000,odom,base_link,3.867701997546077,0.02847437073565267,-0.06513814976193899,6.141445803548062e-10,8.472905657839914e-10,-0.03256331727441813,0.9994696745615074,0.0,0.0,0.0
1791198892161344742,21180000000,odom,base_link,3.867701997546077,0.02847437073565267,-0.06513814976193899,6.141445803548062e-10,8.472905657839914e-10,-0.03256331727441813,0.9994696745615074,0.0,0.0,0.0
1791198892181613360,21200000000,odom,base_link,3.867701997546077,0.02847437073565267,-0.06513814976193899,6.141445803548062e-10,8.472905657839914e-10,-0.03256331727441813,0.9994696745615074,0.0,0.0,0.0
1791198892201483253,21220000000,odom,base_link,3.867701997546077,0.02847437073565267,-0.06513814976193899,6.141445803548062e-10,8.472905657839914e-10,-0.03256331727441813,0.9994696745615074,0.0,0.0,0.0
1791198892221395653,21240000000,odom,base_link,3.867701997546077,0.02847437073565267,-0.06513814976193899,6.141445803548062e-10,8.472905657839914e-10,-0.03256331727441813,0.9994696745615074,0.0,0.0,0.0
1791198892241598016,21260000000,odom,base_link,3.867701997546077,0.02847437073565267,-0.06513814976193899,6.141445803548062e-10,8.472905657839914e-10,-0.03256331727441813,0.9994696745615074,0.0,0.0,0.0
1791198892261793813,21280000000,odom,base_link,3.867701997546077,0.02847437073565267,-0.06513814976193899,6.141445803548062e-10,8.472905657839914e-10,-0.03256331727441813,0.9994696745615074,0.0,0.0,0.0
1791198892281444818,21300000000,odom,base_link,3.867701997546077,0.02847437073565267,-0.06513814976193899,6.141445803548062e-10,8.472905657839914e-10,-0.03256331727441813,0.9994696745615074,0.0,0.0,0.0
1791198892301537593,21320000000,odom,base_link,3.867701997546077,0.02847437073565267,-0.06513814976193899,6.141445803548062e-10,8.472905657839914e-10,-0.03256331727441813,0.9994696745615074,0.0,0.0,0.0
1791198892321467728,21340000000,odom,base_link,3.867701997546077,0.02847437073565267,-0.06513814976193899,6.141445803548062e-10,8.472905657839914e-10,-0.03256331727441813,0.9994696745615074,0.0,0.0,0.0
1791198892341367483,21360000000,odom,base_link,3.867701997546077,0.02847437073565267,-0.06513814976193899,6.141445803548062e-10,8.472905657839914e-10,-0.03256331727441813,0.9994696745615074,0.0,0.0,0.0
1791198892361320575,21380000000,odom,base_link,3.867701997546077,0.02847437073565267,-0.06513814976193899,6.141445803548062e-10,8.472905657839914e-10,-0.03256331727441813,0.9994696745615074,0.0,0.0,0.0
1791198892381388434,21400000000,odom,base_link,3.867701997546077,0.02847437073565267,-0.06513814976193899,6.141445803548062e-10,8.472905657839914e-10,-0.03256331727441813,0.9994696745615074,0.0,0.0,0.0
1791198892401501117,21420000000,odom,base_link,3.867701997546077,0.02847437073565267,-0.06513814976193899,6.141445803548062e-10,8.472905657839914e-10,-0.03256331727441813,0.9994696745615074,0.0,0.0,0.0
1791198892421302196,21440000000,odom,base_link,3.867701997546077,0.02847437073565267,-0.06513814976193899,6.141445803548062e-10,8.472905657839914e-10,-0.03256331727441813,0.9994696745615074,0.0,0.0,0.0
1791198892441513369,21460000000,odom,base_link,3.867701997546077,0.02847437073565267,-0.06513814976193899,6.141445803548062e-10,8.472905657839914e-10,-0.03256331727441813,0.9994696745615074,0.0,0.0,0.0
1791198892461337455,21480000000,odom,base_link,3.867701997546077,0.02847437073565267,-0.06513814976193899,6.141445803548062e-10,8.472905657839914e-10,-0.03256331727441813,0.9994696745615074,0.0,0.0,0.0
1791198892481477975,21500000000,odom,base_link,3.867701997546077,0.02847437073565267,-0.06513814976193899,6.141445803548062e-10,8.472905657839914e-10,-0.03256331727441813,0.9994696745615074,0.0,0.0,0.0
1791198892501673108,21520000000,odom,base_link,3.867701997546077,0.02847437073565267,-0.06513814976193899,6.141445803548062e-10,8.472905657839914e-10,-0.03256331727441813,0.9994696745615074,0.0,0.0,0.0
1791198892521387826,21540000000,odom,base_link,3.867701997546077,0.02847437073565267,-0.06513814976193899,6.141445803548062e-10,8.472905657839914e-10,-0.03256331727441813,0.9994696745615074,0.0,0.0,0.0
1791198892541380987,21560000000,odom,base_link,3.867701997546077,0.02847437073565267,-0.06513814976193899,6.141445803548062e-10,8.472905657839914e-10,-0.03256331727441813,0.9994696745615074,0.0,0.0,0.0
1791198892561355518,21580000000,odom,base_link,3.867701997546077,0.02847437073565267,-0.06513814976193899,6.141445803548062e-10,8.472905657839914e-10,-0.03256331727441813,0.9994696745615074,0.0,0.0,0.0
1791198892581326840,21600000000,odom,base_link,3.867701997546077,0.02847437073565267,-0.06513814976193899,6.141445803548062e-10,8.472905657839914e-10,-0.03256331727441813,0.9994696745615074,0.0,0.0,0.0
1791198892601413601,21620000000,odom,base_link,3.867701997546077,0.02847437073565267,-0.06513814976193899,6.141445803548062e-10,8.472905657839914e-10,-0.03256331727441813,0.9994696745615074,0.0,0.0,0.0
1791198892621290758,21640000000,odom,base_link,3.867701997546077,0.02847437073565267,-0.06513814976193899,6.141445803548062e-10,8.472905657839914e-10,-0.03256331727441813,0.9994696745615074,0.0,0.0,0.0
1791198892641309091,21660000000,odom,base_link,3.867701997546077,0.02847437073565267,-0.06513814976193899,6.141445803548062e-10,8.472905657839914e-10,-0.03256331727441813,0.9994696745615074,0.0,0.0,0.0
1791198892661366574,21680000000,odom,base_link,3.867701997546077,0.02847437073565267,-0.06513814976193899,6.141445803548062e-10,8.472905657839914e-10,-0.03256331727441813,0.9994696745615074,0.0,0.0,0.0
1791198892681294769,21700000000,odom,base_link,3.867701997546077,0.02847437073565267,-0.06513814976193899,6.141445803548062e-10,8.472905657839914e-10,-0.03256331727441813,0.9994696745615074,0.0,0.0,0.0
1791198892701451644,21720000000,odom,base_link,3.867701997546077,0.02847437073565267,-0.06513814976193899,6.141445803548062e-10,8.472905657839914e-10,-0.03256331727441813,0.9994696745615074,0.0,0.0,0.0
1791198892721403976,21740000000,odom,base_link,3.867701997546077,0.02847437073565267,-0.06513814976193899,6.141445803548062e-10,8.472905657839914e-10,-0.03256331727441813,0.9994696745615074,0.0,0.0,0.0
1791198892741624943,21760000000,odom,base_link,3.867701997546077,0.02847437073565267,-0.06513814976193899,6.141445803548062e-10,8.472905657839914e-10,-0.03256331727441813,0.9994696745615074,0.0,0.0,0.0
1791198892761385182,21780000000,odom,base_link,3.867701997546077,0.02847437073565267,-0.06513814976193899,6.141445803548062e-10,8.472905657839914e-10,-0.03256331727441813,0.9994696745615074,0.0,0.0,0.0
1791198892781472042,21800000000,odom,base_link,3.867701997546077,0.02847437073565267,-0.06513814976193899,6.141445803548062e-10,8.472905657839914e-10,-0.03256331727441813,0.9994696745615074,0.0,0.0,0.0
1791198892801299602,21820000000,odom,base_link,3.867701997546077,0.02847437073565267,-0.06513814976193899,6.141445803548062e-10,8.472905657839914e-10,-0.03256331727441813,0.9994696745615074,0.0,0.0,0.0
1791198892821294309,21840000000,odom,base_link,3.867701997546077,0.02847437073565267,-0.06513814976193899,6.141445803548062e-10,8.472905657839914e-10,-0.03256331727441813,0.9994696745615074,0.0,0.0,0.0
1791198892841542766,21860000000,odom,base_link,3.867701997546077,0.02847437073565267,-0.06513814976193899,6.141445803548062e-10,8.472905657839914e-10,-0.03256331727441813,0.9994696745615074,0.0,0.0,0.0
1791198892861489928,21880000000,odom,base_link,3.867701997546077,0.02847437073565267,-0.06513814976193899,6.141445803548062e-10,8.472905657839914e-10,-0.03256331727441813,0.9994696745615074,0.0,0.0,0.0
1791198892881317633,21900000000,odom,base_link,3.867701997546077,0.02847437073565267,-0.06513814976193899,6.141445803548062e-10,8.472905657839914e-10,-0.03256331727441813,0.9994696745615074,0.0,0.0,0.0
1791198892901463658,21920000000,odom,base_link,3.867701997546077,0.02847437073565267,-0.06513814976193899,6.141445803548062e-10,8.472905657839914e-10,-0.03256331727441813,0.9994696745615074,0.0,0.0,0.0
1791198892921265660,21940000000,odom,base_link,3.867701997546077,0.02847437073565267,-0.06513814976193899,6.141445803548062e-10,8.472905657839914e-10,-0.03256331727441813,0.9994696745615074,0.0,0.0,0.0
1791198892941512020,21960000000,odom,base_link,3.867701997546077,0.02847437073565267,-0.06513814976193899,6.141445803548062e-10,8.472905657839914e-10,-0.03256331727441813,0.9994696745615074,0.0,0.0,0.0
1791198892961505050,21980000000,odom,base_link,3.867701997546077,0.02847437073565267,-0.06513814976193899,6.141445803548062e-10,8.472905657839914e-10,-0.03256331727441813,0.9994696745615074,0.0,0.0,0.0
1791198892981343904,22000000000,odom,base_link,3.867701997546077,0.02847437073565267,-0.06513814976193899,6.141445803548062e-10,8.472905657839914e-10,-0.03256331727441813,0.9994696745615074,0.0,0.0,0.0
1791198893001409207,22020000000,odom,base_link,3.867701997546077,0.02847437073565267,-0.06513814976193899,6.141445803548062e-10,8.472905657839914e-10,-0.03256331727441813,0.9994696745615074,0.0,0.0,0.0
1791198893021391511,22040000000,odom,base_link,3.867701997546077,0.02847437073565267,-0.06513814976193899,6.141445803548062e-10,8.472905657839914e-10,-0.03256331727441813,0.9994696745615074,0.0,0.0,0.0
1791198893041391826,22060000000,odom,base_link,3.867701997546077,0.02847437073565267,-0.06513814976193899,6.141445803548062e-10,8.472905657839914e-10,-0.03256331727441813,0.9994696745615074,0.0,0.0,0.0
1791198893061384489,22080000000,odom,base_link,3.867701997546077,0.02847437073565267,-0.06513814976193899,6.141445803548062e-10,8.472905657839914e-10,-0.03256331727441813,0.9994696745615074,0.0,0.0,0.0
1791198893081545782,22100000000,odom,base_link,3.867701997546077,0.02847437073565267,-0.06513814976193899,6.141445803548062e-10,8.472905657839914e-10,-0.03256331727441813,0.9994696745615074,0.0,0.0,0.0
1791198893101602494,22120000000,odom,base_link,3.867701997546077,0.02847437073565267,-0.06513814976193899,6.141445803548062e-10,8.472905657839914e-10,-0.03256331727441813,0.9994696745615074,0.0,0.0,0.0
1791198893121666786,22140000000,odom,base_link,3.867701997546077,0.02847437073565267,-0.06513814976193899,6.141445803548062e-10,8.472905657839914e-10,-0.03256331727441813,0.9994696745615074,0.0,0.0,0.0
1791198893141328319,22160000000,odom,base_link,3.867701997546077,0.02847437073565267,-0.06513814976193899,6.141445803548062e-10,8.472905657839914e-10,-0.03256331727441813,0.9994696745615074,0.0,0.0,0.0
1791198893161374191,22180000000,odom,base_link,3.867701997546077,0.02847437073565267,-0.06513814976193899,6.141445803548062e-10,8.472905657839914e-10,-0.03256331727441813,0.9994696745615074,0.0,0.0,0.0
1791198893181382286,22200000000,odom,base_link,3.867701997546077,0.02847437073565267,-0.06513814976193899,6.141445803548062e-10,8.472905657839914e-10,-0.03256331727441813,0.9994696745615074,0.0,0.0,0.0
1791198893201427692,22220000000,odom,base_link,3.867701997546077,0.02847437073565267,-0.06513814976193899,6.141445803548062e-10,8.472905657839914e-10,-0.03256331727441813,0.9994696745615074,0.0,0.0,0.0
1791198893221352349,22240000000,odom,base_link,3.867701997546077,0.02847437073565267,-0.06513814976193899,6.141445803548062e-10,8.472905657839914e-10,-0.03256331727441813,0.9994696745615074,0.0,0.0,0.0
1791198893241425166,22260000000,odom,base_link,3.867701997546077,0.02847437073565267,-0.06513814976193899,6.141445803548062e-10,8.472905657839914e-10,-0.03256331727441813,0.9994696745615074,0.0,0.0,0.0
1791198893261957490,22280000000,odom,base_link,3.867701997546077,0.02847437073565267,-0.06513814976193899,6.141445803548062e-10,8.472905657839914e-10,-0.03256331727441813,0.9994696745615074,0.0,0.0,0.0
1791198893281248951,22300000000,odom,base_link,3.867701997546077,0.02847437073565267,-0.06513814976193899,6.141445803548062e-10,8.472905657839914e-10,-0.03256331727441813,0.9994696745615074,0.0,0.0,0.0
1791198893301422714,22320000000,odom,base_link,3.867701997546077,0.02847437073565267,-0.06513814976193899,6.141445803548062e-10,8.472905657839914e-10,-0.03256331727441813,0.9994696745615074,0.0,0.0,0.0
1791198893321392415,22340000000,odom,base_link,3.867701997546077,0.02847437073565267,-0.06513814976193899,6.141445803548062e-10,8.472905657839914e-10,-0.03256331727441813,0.9994696745615074,0.0,0.0,0.0
1791198893341556673,22360000000,odom,base_link,3.867701997546077,0.02847437073565267,-0.06513814976193899,6.141445803548062e-10,8.472905657839914e-10,-0.03256331727441813,0.9994696745615074,0.0,0.0,0.0
1791198893361298345,22380000000,odom,base_link,3.867701997546077,0.02847437073565267,-0.06513814976193899,6.141445803548062e-10,8.472905657839914e-10,-0.03256331727441813,0.9994696745615074,0.0,0.0,0.0
1791198893381371046,22400000000,odom,base_link,3.867701997546077,0.02847437073565267,-0.06513814976193899,6.141445803548062e-10,8.472905657839914e-10,-0.03256331727441813,0.9994696745615074,0.0,0.0,0.0
1791198893401577565,22420000000,odom,base_link,3.867701997546077,0.02847437073565267,-0.06513814976193899,6.141445803548062e-10,8.472905657839914e-10,-0.03256331727441813,0.9994696745615074,0.0,0.0,0.0
1791198893421483443,22440000000,odom,base_link,3.867701997546077,0.02847437073565267,-0.06513814976193899,6.141445803548062e-10,8.472905657839914e-10,-0.03256331727441813,0.9994696745615074,0.0,0.0,0.0
1791198893441450206,22460000000,odom,base_link,3.867701997546077,0.02847437073565267,-0.06513814976193899,6.141445803548062e-10,8.472905657839914e-10,-0.03256331727441813,0.9994696745615074,0.0,0.0,0.0
1791198893461445156,22480000000,odom,base_link,3.867701997546077,0.02847437073565267,-0.06513814976193899,6.141445803548062e-10,8.472905657839914e-10,-0.03256331727441813,0.9994696745615074,0.0,0.0,0.0
1791198893481395492,22500000000,odom,base_link,3.867701997546077,0.02847437073565267,-0.06513814976193899,6.141445803548062e-10,8.472905657839914e-10,-0.03256331727441813,0.9994696745615074,0.0,0.0,0.0
1791198893501352066,22520000000,odom,base_link,3.867701997546077,0.02847437073565267,-0.06513814976193899,6.141445803548062e-10,8.472905657839914e-10,-0.03256331727441813,0.9994696745615074,0.0,0.0,0.0
1791198893521265809,22540000000,odom,base_link,3.867701997546077,0.02847437073565267,-0.06513814976193899,6.141445803548062e-10,8.472905657839914e-10,-0.03256331727441813,0.9994696745615074,0.0,0.0,0.0
1791198893541355760,22560000000,odom,base_link,3.867701997546077,0.02847437073565267,-0.06513814976193899,6.141445803548062e-10,8.472905657839914e-10,-0.03256331727441813,0.9994696745615074,0.0,0.0,0.0
1791198893561532681,22580000000,odom,base_link,3.867701997546077,0.02847437073565267,-0.06513814976193899,6.141445803548062e-10,8.472905657839914e-10,-0.03256331727441813,0.9994696745615074,0.0,0.0,0.0
1791198893581300797,22600000000,odom,base_link,3.867701997546077,0.02847437073565267,-0.06513814976193899,6.141445803548062e-10,8.472905657839914e-10,-0.03256331727441813,0.9994696745615074,0.0,0.0,0.0
1791198893601278986,22620000000,odom,base_link,3.867701997546077,0.02847437073565267,-0.06513814976193899,6.141445803548062e-10,8.472905657839914e-10,-0.03256331727441813,0.9994696745615074,0.0,0.0,0.0
1791198893621334271,22640000000,odom,base_link,3.867701997546077,0.02847437073565267,-0.06513814976193899,6.141445803548062e-10,8.472905657839914e-10,-0.03256331727441813,0.9994696745615074,0.0,0.0,0.0
1791198893641283557,22660000000,odom,base_link,3.867701997546077,0.02847437073565267,-0.06513814976193899,6.141445803548062e-10,8.472905657839914e-10,-0.03256331727441813,0.9994696745615074,0.0,0.0,0.0
1791198893661269866,22680000000,odom,base_link,3.867701997546077,0.02847437073565267,-0.06513814976193899,6.141445803548062e-10,8.472905657839914e-10,-0.03256331727441813,0.9994696745615074,0.0,0.0,0.0
1791198893681280667,22700000000,odom,base_link,3.867701997546077,0.02847437073565267,-0.06513814976193899,6.141445803548062e-10,8.472905657839914e-10,-0.03256331727441813,0.9994696745615074,0.0,0.0,0.0
1791198893701168788,22720000000,odom,base_link,3.867701997546077,0.02847437073565267,-0.06513814976193899,6.141445803548062e-10,8.472905657839914e-10,-0.03256331727441813,0.9994696745615074,0.0,0.0,0.0
1791198893721558341,22740000000,odom,base_link,3.867701997546077,0.02847437073565267,-0.06513814976193899,6.141445803548062e-10,8.472905657839914e-10,-0.03256331727441813,0.9994696745615074,0.0,0.0,0.0
1791198893741680576,22760000000,odom,base_link,3.867701997546077,0.02847437073565267,-0.06513814976193899,6.141445803548062e-10,8.472905657839914e-10,-0.03256331727441813,0.9994696745615074,0.0,0.0,0.0
1791198893761728508,22780000000,odom,base_link,3.867701997546077,0.02847437073565267,-0.06513814976193899,6.141445803548062e-10,8.472905657839914e-10,-0.03256331727441813,0.9994696745615074,0.0,0.0,0.0
1791198893781321839,22800000000,odom,base_link,3.867701997546077,0.02847437073565267,-0.06513814976193899,6.141445803548062e-10,8.472905657839914e-10,-0.03256331727441813,0.9994696745615074,0.0,0.0,0.0
1791198893801190144,22820000000,odom,base_link,3.867701997546077,0.02847437073565267,-0.06513814976193899,6.141445803548062e-10,8.472905657839914e-10,-0.03256331727441813,0.9994696745615074,0.0,0.0,0.0
1791198893821441135,22840000000,odom,base_link,3.867701997546077,0.02847437073565267,-0.06513814976193899,6.141445803548062e-10,8.472905657839914e-10,-0.03256331727441813,0.9994696745615074,0.0,0.0,0.0
1791198893841268775,22860000000,odom,base_link,3.867701997546077,0.02847437073565267,-0.06513814976193899,6.141445803548062e-10,8.472905657839914e-10,-0.03256331727441813,0.9994696745615074,0.0,0.0,0.0
1791198893861480447,22880000000,odom,base_link,3.867701997546077,0.02847437073565267,-0.06513814976193899,6.141445803548062e-10,8.472905657839914e-10,-0.03256331727441813,0.9994696745615074,0.0,0.0,0.0
1791198893881434167,22900000000,odom,base_link,3.867701997546077,0.02847437073565267,-0.06513814976193899,6.141445803548062e-10,8.472905657839914e-10,-0.03256331727441813,0.9994696745615074,0.0,0.0,0.0
1791198893901336142,22920000000,odom,base_link,3.867701997546077,0.02847437073565267,-0.06513814976193899,6.141445803548062e-10,8.472905657839914e-10,-0.03256331727441813,0.9994696745615074,0.0,0.0,0.0
1791198893921289774,22940000000,odom,base_link,3.867701997546077,0.02847437073565267,-0.06513814976193899,6.141445803548062e-10,8.472905657839914e-10,-0.03256331727441813,0.9994696745615074,0.0,0.0,0.0
1791198893941318879,22960000000,odom,base_link,3.867701997546077,0.02847437073565267,-0.06513814976193899,6.141445803548062e-10,8.472905657839914e-10,-0.03256331727441813,0.9994696745615074,0.0,0.0,0.0
1791198893961246424,22980000000,odom,base_link,3.867701997546077,0.02847437073565267,-0.06513814976193899,6.141445803548062e-10,8.472905657839914e-10,-0.03256331727441813,0.9994696745615074,0.0,0.0,0.0
1791198893981359782,23000000000,odom,base_link,3.867701997546077,0.02847437073565267,-0.06513814976193899,6.141445803548062e-10,8.472905657839914e-10,-0.03256331727441813,0.9994696745615074,0.0,0.0,0.0
1791198894001260672,23020000000,odom,base_link,3.867701997546077,0.02847437073565267,-0.06513814976193899,6.141445803548062e-10,8.472905657839914e-10,-0.03256331727441813,0.9994696745615074,0.0,0.0,0.0
1791198894021329783,23040000000,odom,base_link,3.867701997546077,0.02847437073565267,-0.06513814976193899,6.141445803548062e-10,8.472905657839914e-10,-0.03256331727441813,0.9994696745615074,0.0,0.0,0.0
1791198894041328490,23060000000,odom,base_link,3.867701997546077,0.02847437073565267,-0.06513814976193899,6.141445803548062e-10,8.472905657839914e-10,-0.03256331727441813,0.9994696745615074,0.0,0.0,0.0
1791198894061258099,23080000000,odom,base_link,3.867701997546077,0.02847437073565267,-0.06513814976193899,6.141445803548062e-10,8.472905657839914e-10,-0.03256331727441813,0.9994696745615074,0.0,0.0,0.0
1791198894081342081,23100000000,odom,base_link,3.867701997546077,0.02847437073565267,-0.06513814976193899,6.141445803548062e-10,8.472905657839914e-10,-0.03256331727441813,0.9994696745615074,0.0,0.0,0.0
1791198894101610090,23120000000,odom,base_link,3.867701997546077,0.02847437073565267,-0.06513814976193899,6.141445803548062e-10,8.472905657839914e-10,-0.03256331727441813,0.9994696745615074,0.0,0.0,0.0
1791198894121380046,23140000000,odom,base_link,3.867701997546077,0.02847437073565267,-0.06513814976193899,6.141445803548062e-10,8.472905657839914e-10,-0.03256331727441813,0.9994696745615074,0.0,0.0,0.0
1791198894141392043,23160000000,odom,base_link,3.867701997546077,0.02847437073565267,-0.06513814976193899,6.141445803548062e-10,8.472905657839914e-10,-0.03256331727441813,0.9994696745615074,0.0,0.0,0.0
1791198894161389704,23180000000,odom,base_link,3.867701997546077,0.02847437073565267,-0.06513814976193899,6.141445803548062e-10,8.472905657839914e-10,-0.03256331727441813,0.9994696745615074,0.0,0.0,0.0
1791198894181536015,23200000000,odom,base_link,3.867701997546077,0.02847437073565267,-0.06513814976193899,6.141445803548062e-10,8.472905657839914e-10,-0.03256331727441813,0.9994696745615074,0.0,0.0,0.0
1791198894201332209,23220000000,odom,base_link,3.867701997546077,0.02847437073565267,-0.06513814976193899,6.141445803548062e-10,8.472905657839914e-10,-0.03256331727441813,0.9994696745615074,0.0,0.0,0.0
1791198894221299416,23240000000,odom,base_link,3.867701997546077,0.02847437073565267,-0.06513814976193899,6.141445803548062e-10,8.472905657839914e-10,-0.03256331727441813,0.9994696745615074,0.0,0.0,0.0
1791198894241282830,23260000000,odom,base_link,3.867701997546077,0.02847437073565267,-0.06513814976193899,6.141445803548062e-10,8.472905657839914e-10,-0.03256331727441813,0.9994696745615074,0.0,0.0,0.0
1791198894261218670,23280000000,odom,base_link,3.867701997546077,0.02847437073565267,-0.06513814976193899,6.141445803548062e-10,8.472905657839914e-10,-0.03256331727441813,0.9994696745615074,0.0,0.0,0.0
1791198894281444001,23300000000,odom,base_link,3.867701997546077,0.02847437073565267,-0.06513814976193899,6.141445803548062e-10,8.472905657839914e-10,-0.03256331727441813,0.9994696745615074,0.0,0.0,0.0
1791198894301214926,23320000000,odom,base_link,3.867701997546077,0.02847437073565267,-0.06513814976193899,6.141445803548062e-10,8.472905657839914e-10,-0.03256331727441813,0.9994696745615074,0.0,0.0,0.0
1791198894321425628,23340000000,odom,base_link,3.867701997546077,0.02847437073565267,-0.06513814976193899,6.141445803548062e-10,8.472905657839914e-10,-0.03256331727441813,0.9994696745615074,0.0,0.0,0.0
1791198894341325445,23360000000,odom,base_link,3.867701997546077,0.02847437073565267,-0.06513814976193899,6.141445803548062e-10,8.472905657839914e-10,-0.03256331727441813,0.9994696745615074,0.0,0.0,0.0
1791198894361170185,23380000000,odom,base_link,3.867701997546077,0.02847437073565267,-0.06513814976193899,6.141445803548062e-10,8.472905657839914e-10,-0.03256331727441813,0.9994696745615074,0.0,0.0,0.0
1791198894381405625,23400000000,odom,base_link,3.867701997546077,0.02847437073565267,-0.06513814976193899,6.141445803548062e-10,8.472905657839914e-10,-0.03256331727441813,0.9994696745615074,0.0,0.0,0.0
1791198894401377947,23420000000,odom,base_link,3.867701997546077,0.02847437073565267,-0.06513814976193899,6.141445803548062e-10,8.472905657839914e-10,-0.03256331727441813,0.9994696745615074,0.0,0.0,0.0
1791198894421356164,23440000000,odom,base_link,3.867701997546077,0.02847437073565267,-0.06513814976193899,6.141445803548062e-10,8.472905657839914e-10,-0.03256331727441813,0.9994696745615074,0.0,0.0,0.0
1791198894441257477,23460000000,odom,base_link,3.867701997546077,0.02847437073565267,-0.06513814976193899,6.141445803548062e-10,8.472905657839914e-10,-0.03256331727441813,0.9994696745615074,0.0,0.0,0.0
