side,source_t,step,horizon_s,physical_x_m,physical_y_m,physical_min_x,physical_max_x,physical_min_y,physical_max_y,history_valid,pred_min_x,pred_max_x,pred_min_y,pred_max_y,x_excess_m,y_excess_m,x_covered,y_covered,xy_covered
north,16.039,1,0.1,4.946119543234782,0.0,4.721119543234782,5.171119543234782,-0.275,0.275,True,4.646064188706068,5.254491143229896,-0.3341096547628512,0.37309005102356146,0.0,0.0,True,True,True
north,16.039,2,0.2,5.022533289354944,0.0,4.797533289354944,5.247533289354943,-0.275,0.275,True,4.688340405047359,5.3650703703088265,-0.3709880962126128,0.4045146203114382,0.0,0.0,True,True,True
north,16.039,3,0.3,5.098048419949017,0.0,4.873048419949018,5.323048419949017,-0.275,0.275,True,4.725064968913039,5.48120124986337,-0.41341819013798714,0.44149084207492756,0.0,0.0,True,True,True
north,16.039,4,0.4,5.171828865759447,0.0,4.946828865759447,5.3968288657594465,-0.275,0.275,True,4.7562378803031065,5.602883781893525,-0.4613999365389742,0.48401871631402976,0.0,0.0,True,True,True
north,16.039,5,0.5,5.243402253411784,0.0,5.018402253411784,5.468402253411783,-0.275,0.275,True,4.781859139217561,5.730117966399295,-0.514933335415574,0.5320982430287448,0.0,0.0,True,True,True
north,16.039,6,0.6,5.312365466622222,0.0,5.087365466622223,5.537365466622222,-0.275,0.275,True,4.801928745656402,5.862903803380678,-0.5740183867677867,0.5857294222190724,0.0,0.0,True,True,True
north,16.039,7,0.7,5.3786813540091245,0.0,5.153681354009125,5.603681354009124,-0.275,0.275,True,4.816446699619631,6.001241292837671,-0.6386550905956121,0.6449122538850129,0.0,0.0,True,True,True
north,16.039,8,0.8,5.44210998773157,0.0,5.21710998773157,5.667109987731569,-0.275,0.275,True,4.825413001107247,6.145130434770278,-0.7088434468990503,0.7096467380265663,0.0,0.0,True,True,True
north,16.039,9,0.9,5.501835470767509,0.0,5.27683547076751,5.726835470767509,-0.275,0.275,True,4.8288276501192495,6.294571229178498,-0.7845834556781012,0.7799328746437323,0.0,0.0,True,True,True
north,16.105,1,0.1,4.996862024680501,0.0,4.771862024680502,5.221862024680501,-0.275,0.275,True,4.7004328217121625,5.31978014212143,-0.33526963721274344,0.37193006857366956,0.0,0.0,True,True,True
north,16.105,2,0.2,5.072462304403394,0.0,4.847462304403394,5.2974623044033935,-0.275,0.275,True,4.747422230407092,5.435072561553998,-0.37043881073208834,0.40506390579196333,0.0,0.0,True,True,True
north,16.105,3,0.3,5.146788689042347,0.0,4.921788689042347,5.371788689042346,-0.275,0.275,True,4.788859986626409,5.5559166334621795,-0.41115963672704586,0.4437493954858697,0.0,0.0,True,True,True
north,16.105,4,0.4,5.2192936801709635,0.0,4.994293680170964,5.444293680170963,-0.275,0.275,True,4.824746090370113,5.682312357845973,-0.4574321151976163,0.487986537655389,0.0,0.0,True,True,True
north,16.105,5,0.5,5.289299939511225,0.0,5.064299939511225,5.514299939511225,-0.275,0.275,True,4.855080541638205,5.814259734705379,-0.5092562461437995,0.537775332300521,0.0,0.0,True,True,True
north,16.105,6,0.6,5.356632465200941,0.0,5.1316324652009415,5.581632465200941,-0.275,0.275,True,4.879863340430682,5.951758764040399,-0.5666320295655953,0.5931157794212658,0.0,0.0,True,True,True
north,16.105,7,0.7,5.4207943566401084,0.0,5.195794356640109,5.645794356640108,-0.275,0.275,True,4.899094486747549,6.09480944585103,-0.629559465463004,0.6540078790176233,0.0,0.0,True,True,True
north,16.105,8,0.8,5.48178596256958,0.0,5.25678596256958,5.70678596256958,-0.275,0.275,True,4.912773980588802,6.243411780137275,-0.6980385538360255,0.7204516310895938,0.0,0.0,True,True,True
north,16.105,9,0.9,5.539238238682937,0.0,5.314238238682937,5.764238238682936,-0.275,0.275,True,4.920901821954442,6.397565766899133,-0.7720692946846597,0.7924470356371767,0.0,0.0,True,True,True
north,16.171,1,0.1,5.047043391259289,0.0,4.82204339125929,5.272043391259289,-0.275,0.275,True,4.749222821067769,5.365181004522537,-0.32210954896160926,0.3850901568248042,0.0,0.0,True,True,True
north,16.171,2,0.2,5.1218031141263785,0.0,4.896803114126379,5.346803114126378,-0.275,0.275,True,4.7948599052834515,5.479121099475856,-0.35154741432115455,0.4239553022028979,0.0,0.0,True,True,True
north,16.171,3,0.3,5.19478874047032,0.0,4.96978874047032,5.419788740470319,-0.275,0.275,True,4.834945337023519,5.598612846904789,-0.3865369321563126,0.46837210005660435,0.0,0.0,True,True,True
north,16.171,4,0.4,5.265592090977091,0.0,5.040592090977091,5.49059209097709,-0.275,0.275,True,4.869479116287974,5.723656246809334,-0.42707810246708344,0.5183405503859236,0.0,0.0,True,True,True
north,16.171,5,0.5,5.334103434615147,0.0,5.109103434615148,5.559103434615147,-0.275,0.275,True,4.898461243076817,5.8542512991894915,-0.4731709252534669,0.5738606531908556,0.0,0.0,True,True,True
north,16.171,6,0.6,5.399481236346731,0.0,5.174481236346732,5.624481236346731,-0.275,0.275,True,4.9218917173900465,5.990398004045264,-0.5248154005154634,0.6349324084714004,0.0,0.0,True,True,True
north,16.171,7,0.7,5.461522816619107,0.0,5.236522816619107,5.686522816619107,-0.275,0.275,True,4.939770539227664,6.132096361376647,-0.5820115282530725,0.7015558162275579,0.0,0.0,True,True,True
north,16.171,8,0.8,5.520035722464232,0.0,5.295035722464232,5.745035722464231,-0.275,0.275,True,4.952097708589667,6.279346371183643,-0.6447593084662944,0.7737308764593283,0.0,0.0,True,True,True
north,16.171,9,0.9,5.574951979902424,0.0,5.349951979902424,5.799951979902423,-0.275,0.275,True,4.95887322547606,6.432148033466253,-0.7130587411551288,0.8514575891667113,0.0,0.0,True,True,True
north,16.237,1,0.1,5.096586811442508,0.0,4.8715868114425085,5.321586811442508,-0.275,0.275,True,4.789571833051955,5.403457787941996,-0.32456251847191553,0.38263718731449825,0.0,0.0,True,True,True
north,16.237,2,0.2,5.170373041891258,0.0,4.9453730418912585,5.395373041891258,-0.275,0.275,True,4.830049739565941,5.51223870519362,-0.3558088800155981,0.41969383650845504,0.0,0.0,True,True,True
north,16.237,3,0.3,5.241979652345123,0.0,5.016979652345124,5.466979652345123,-0.275,0.275,True,4.864975993604313,5.626571274920858,-0.39260689403489335,0.46230213817802457,0.0,0.0,True,True,True
north,16.237,4,0.4,5.310987615888591,0.0,5.085987615888591,5.53598761588859,-0.275,0.275,True,4.894350595167074,5.7464554971237085,-0.43495656052980153,0.5104620923232069,0.0,0.0,True,True,True
north,16.237,5,0.5,5.3774079741335665,0.0,5.152407974133567,5.602407974133566,-0.275,0.275,True,4.918173544254222,5.871891371802171,-0.48285787950032233,0.5641736989440019,0.0,0.0,True,True,True
north,16.237,6,0.6,5.440888534544021,0.0,5.215888534544021,5.66588853454402,-0.275,0.275,True,4.9364448408657555,6.002878898956247,-0.5363108509464558,0.6234369580404098,0.0,0.0,True,True,True
north,16.237,7,0.7,5.500674235991913,0.0,5.2756742359919135,5.725674235991913,-0.275,0.275,True,4.949164485001678,6.139418078585935,-0.5953154748682022,0.6882518696124303,0.0,0.0,True,True,True
north,16.237,8,0.8,5.556796894723144,0.0,5.331796894723144,5.7817968947231435,-0.275,0.275,True,4.956332476661986,6.281508910691237,-0.6598717512655614,0.7586184336600637,0.0,0.0,True,True,True
north,16.237,9,0.9,5.608864149695407,0.0,5.383864149695407,5.8338641496954065,-0.275,0.275,True,4.957948815846682,6.429151395272151,-0.7299796801385333,0.8345366501833099,0.0,0.0,True,True,True
north,16.303,1,0.1,5.145347328282565,0.0,4.920347328282565,5.3703473282825644,-0.275,0.275,True,4.839038392446262,5.45037502454659,-0.33963568467621735,0.36756402111019576,0.0,0.0,True,True,True
north,16.303,2,0.2,5.21789752800132,0.0,4.99289752800132,5.442897528001319,-0.275,0.275,True,4.876938501383032,5.556578144220997,-0.3755367338125542,0.3999659827114976,0.0,0.0,True,True,True
north,16.303,3,0.3,5.287922985988288,0.0,5.062922985988289,5.512922985988288,-0.275,0.275,True,4.909286957844188,5.6683329163710185,-0.41698943542450373,0.4379195967884122,0.0,0.0,True,True,True
north,16.303,4,0.4,5.355285511073456,0.0,5.130285511073456,5.5802855110734555,-0.275,0.275,True,4.936083761829733,5.785639340996651,-0.46399378951206616,0.4814248633409396,0.0,0.0,True,True,True
north,16.303,5,0.5,5.419530857705173,0.0,5.194530857705173,5.644530857705172,-0.275,0.275,True,4.957328913339663,5.908497418097898,-0.5165497960752412,0.5304817823690797,0.0,0.0,True,True,True
north,16.303,6,0.6,5.480625042551531,0.0,5.255625042551531,5.705625042551531,-0.275,0.275,True,4.9730224123739815,6.036907147674757,-0.5746574551140291,0.5850903538728327,0.0,0.0,True,True,True
north,16.303,7,0.7,5.538155277399709,0.0,5.3131552773997095,5.763155277399709,-0.275,0.275,True,4.983164258932687,6.170868529727229,-0.6383167666284297,0.6452505778521984,0.0,0.0,True,True,True
north,16.303,8,0.8,5.59171136343248,0.0,5.36671136343248,5.816711363432479,-0.275,0.275,True,4.98775445301578,6.310381564255313,-0.7075277306184432,0.7109624543071767,0.0,0.0,True,True,True
north,16.303,9,0.9,5.641068296988262,0.0,5.4160682969882625,5.866068296988262,-0.275,0.275,True,4.98679299462326,6.455446251259011,-0.7822903470840693,0.7822259832377679,0.0,0.0,True,True,True
north,16.369,1,0.1,5.193322691888919,0.0,4.968322691888919,5.4183226918889185,-0.275,0.275,True,4.890211060538277,5.503903350793097,-0.3273257242701179,0.379873981516295,0.0,0.0,True,True,True
north,16.369,2,0.2,5.264223959923863,0.0,5.039223959923864,5.489223959923863,-0.275,0.275,True,4.929986778392559,5.611982079385017,-0.3627195301086613,0.41278318641539,0.0,0.0,True,True,True
north,16.369,3,0.3,5.332776383099222,0.0,5.107776383099222,5.557776383099221,-0.275,0.275,True,4.964210843771228,5.72561246045255,-0.4036649884228174,0.45124404379009786,0.0,0.0,True,True,True
north,16.369,4,0.4,5.398204234222665,0.0,5.173204234222665,5.623204234222665,-0.275,0.275,True,4.992883256674284,5.844794493995695,-0.4501620992125864,0.4952565536404185,0.0,0.0,True,True,True
north,16.369,5,0.5,5.460290340858778,0.0,5.2352903408587785,5.685290340858778,-0.275,0.275,True,5.016004017101726,5.969528180014453,-0.502210862477968,0.5448207159663518,0.0,0.0,True,True,True
north,16.369,6,0.6,5.518883194913702,0.0,5.293883194913702,5.7438831949137015,-0.275,0.275,True,5.0335731250535565,6.099813518508824,-0.5598112782189625,0.599936530767898,0.0,0.0,True,True,True
north,16.369,7,0.7,5.573911577611664,0.0,5.3489115776116645,5.798911577611664,-0.275,0.275,True,5.045590580529774,6.235650509478807,-0.6229633464355696,0.6606039980450568,0.0,0.0,True,True,True
north,16.369,8,0.8,5.624822301797184,0.0,5.399822301797184,5.849822301797183,-0.275,0.275,True,5.052056383530379,6.377039152924404,-0.6916670671277897,0.7268231177978285,0.0,0.0,True,True,True
north,16.369,9,0.9,5.671363716611523,0.0,5.446363716611524,5.896363716611523,-0.275,0.275,True,5.052970534055372,6.523979448845613,-0.7659224402956224,0.7985938900262128,0.0,0.0,True,True,True
north,16.435,1,0.1,5.2405400488542435,0.0,5.015540048854244,5.465540048854243,-0.275,0.275,True,4.93818356100047,5.5502937942957695,-0.32941503499497904,0.3777846707914341,0.0,0.0,True,True,True
north,16.435,2,0.2,5.309609765154964,0.0,5.084609765154965,5.534609765154964,-0.275,0.275,True,4.978775256189318,5.659188500222255,-0.3629456446331186,0.41255707189093316,0.0,0.0,True,True,True
north,16.435,3,0.3,5.376134594258011,0.0,5.151134594258012,5.601134594258011,-0.275,0.275,True,5.013815298902552,5.773634858624354,-0.402027906746871,0.4528811254660449,0.0,0.0,True,True,True
north,16.435,4,0.4,5.439648642593491,0.0,5.214648642593492,5.664648642593491,-0.275,0.275,True,5.043303689140174,5.893632869502064,-0.44666182133623616,0.4987568315167696,0.0,0.0,True,True,True
north,16.435,5,0.5,5.49951300121632,0.0,5.27451300121632,5.7245130012163195,-0.275,0.275,True,5.067240426902183,6.01918253285539,-0.496847388401214,0.5501841900431069,0.0,0.0,True,True,True
north,16.435,6,0.6,5.555689361226293,0.0,5.330689361226294,5.780689361226293,-0.275,0.275,True,5.085625512188579,6.150283848684326,-0.5525846079418048,0.607163201045057,0.0,0.0,True,True,True
north,16.435,7,0.7,5.607847973927626,0.0,5.3828479739276265,5.832847973927626,-0.275,0.275,True,5.098458944999363,6.2869368169888755,-0.6138734799580081,0.66969386452262,0.0,0.0,True,True,True
north,16.435,8,0.8,5.65595126439161,0.0,5.43095126439161,5.8809512643916095,-0.275,0.275,True,5.105740725334534,6.429141437769038,-0.6807140044498243,0.7377761804757956,0.0,0.0,True,True,True
north,16.435,9,0.9,5.699622357399685,0.0,5.474622357399685,5.924622357399684,-0.275,0.275,True,5.107470853194091,6.576897711024814,-0.7531061814172533,0.811410148904584,0.0,0.0,True,True,True
north,16.501,1,0.1,5.286546032465352,0.0,5.061546032465352,5.511546032465351,-0.275,0.275,True,4.9877021755502655,5.608451231715283,-0.3282847238596361,0.37891498192677703,0.0,0.0,True,True,True
north,16.501,2,0.2,5.353938556945972,0.0,5.128938556945973,5.578938556945972,-0.275,0.275,True,5.028824662157872,5.717876729060526,-0.3598475058720048,0.41565521065204697,0.0,0.0,True,True,True
north,16.501,3,0.3,5.418275740122761,0.0,5.193275740122761,5.6432757401227605,-0.275,0.275,True,5.064395496289864,5.832853878881384,-0.3969619403599862,0.4579470918529297,0.0,0.0,True,True,True
north,16.501,4,0.4,5.4794641225334795,0.0,5.25446412253348,5.704464122533479,-0.275,0.275,True,5.0944146779462445,5.953382681177852,-0.4396280273235805,0.5057906255294252,0.0,0.0,True,True,True
north,16.501,5,0.5,5.537054362555734,0.0,5.312054362555735,5.762054362555734,-0.275,0.275,True,5.118882207127011,6.079463135949935,-0.48784576676278746,0.5591858116815335,0.0,0.0,True,True,True
north,16.501,6,0.6,5.590683153699579,0.0,5.365683153699579,5.815683153699578,-0.275,0.275,True,5.137798083832166,6.211095243197631,-0.5416151586776072,0.6181326503092546,0.0,0.0,True,True,True
north,16.501,7,0.7,5.640103281146007,0.0,5.415103281146007,5.865103281146006,-0.275,0.275,True,5.151162308061708,6.348279002920939,-0.6009362030680397,0.6826311414125884,0.0,0.0,True,True,True
north,16.501,8,0.8,5.685215082400964,0.0,5.460215082400964,5.910215082400963,-0.275,0.275,True,5.158974879815637,6.491014415119859,-0.665808899934085,0.752681284991535,0.0,0.0,True,True,True
north,16.501,9,0.9,5.725795516631688,0.0,5.500795516631689,5.950795516631688,-0.275,0.275,True,5.161235799093952,6.639301479794393,-0.736233249275743,0.8282830810460943,0.0,0.0,True,True,True
north,16.567,1,0.1,5.331430637931521,0.0,5.106430637931521,5.556430637931521,-0.275,0.275,True,5.021138047393278,5.633783796646958,-0.330657805000909,0.37654190078550387,0.0,0.0,True,True,True
north,16.567,2,0.2,5.3969272320986,0.0,5.1719272320986,5.621927232098599,-0.275,0.275,True,5.056392797576384,5.737341557567703,-0.36632604579597555,0.4091766707280758,0.0,0.0,True,True,True
north,16.567,3,0.3,5.4590578650984485,0.0,5.234057865098449,5.684057865098448,-0.275,0.275,True,5.086095895283878,5.846450970964061,-0.40754593906665476,0.4473630931462605,0.0,0.0,True,True,True
north,16.567,4,0.4,5.517730667363169,0.0,5.29273066736317,5.742730667363169,-0.275,0.275,True,5.11024734051576,5.961112036836032,-0.45431748481294687,0.491101168040058,0.0,0.0,True,True,True
north,16.567,5,0.5,5.5728711753209055,0.0,5.347871175320906,5.797871175320905,-0.275,0.275,True,5.1288471332720285,6.081324755183616,-0.5066406830348517,0.5403908954094682,0.0,0.0,True,True,True
north,16.567,6,0.6,5.623843290136102,0.0,5.398843290136102,5.848843290136101,-0.275,0.275,True,5.1418952735526835,6.207089126006811,-0.5645155337323692,0.5952322752544913,0.0,0.0,True,True,True
north,16.567,7,0.7,5.670455274309254,0.0,5.445455274309254,5.895455274309254,-0.275,0.275,True,5.149391761357727,6.33840514930562,-0.6279420369054994,0.6556253075751269,0.0,0.0,True,True,True
north,16.567,8,0.8,5.712482489041648,0.0,5.487482489041648,5.937482489041647,-0.275,0.275,True,5.151336596687157,6.475272825080042,-0.6969201925542426,0.7215699923713755,0.0,0.0,True,True,True
north,16.567,9,0.9,5.7497553900190335,0.0,5.524755390019034,5.974755390019033,-0.275,0.275,True,5.147729779540974,6.617692153330076,-0.7714500006785984,0.7930663296432369,0.0,0.0,True,True,True
north,16.633,1,0.1,5.374861214382456,0.0,5.149861214382456,5.5998612143824555,-0.275,0.275,True,5.070320166512288,5.681660496877448,-0.33309855596616234,0.3741011498202508,0.0,0.0,True,True,True
north,16.633,2,0.2,5.438408750642965,0.0,5.213408750642965,5.663408750642964,-0.275,0.275,True,5.104370381833583,5.784013722936379,-0.368026675718324,0.4074760408057278,0.0,0.0,True,True,True
north,16.633,3,0.3,5.498351766440726,0.0,5.273351766440727,5.723351766440726,-0.275,0.275,True,5.132868944679263,5.891918601470925,-0.4085064479460983,0.4464025842668176,0.0,0.0,True,True,True
north,16.633,4,0.4,5.554581827729442,0.0,5.3295818277294424,5.779581827729442,-0.275,0.275,True,5.155815855049332,6.005375132481082,-0.4545378726494855,0.4908807802035203,0.0,0.0,True,True,True
north,16.633,5,0.5,5.606831798159845,0.0,5.381831798159845,5.831831798159844,-0.275,0.275,True,5.173211112943786,6.124383315966853,-0.5061209498284853,0.5409106286158356,0.0,0.0,True,True,True
north,16.633,6,0.6,5.655051116760507,0.0,5.430051116760508,5.880051116760507,-0.275,0.275,True,5.185054718362629,6.248943151928236,-0.5632556794830981,0.5964921295037637,0.0,0.0,True,True,True
north,16.633,7,0.7,5.69879675194214,0.0,5.473796751942141,5.92379675194214,-0.275,0.275,True,5.191346671305859,6.379054640365232,-0.6259420616133234,0.6576252828673047,0.0,0.0,True,True,True
north,16.633,8,0.8,5.737671595849522,0.0,5.512671595849523,5.962671595849522,-0.275,0.275,True,5.1920869717734766,6.514717781277841,-0.6941800962191617,0.7243100887064583,0.0,0.0,True,True,True
north,16.633,9,0.9,5.771615636602127,0.0,5.5466156366021275,5.996615636602127,-0.275,0.275,True,5.18727561976548,6.655932574666063,-0.7679697833006126,0.7965465470212246,0.0,0.0,True,True,True
north,16.699,1,0.1,5.41702062254035,0.0,5.19202062254035,5.6420206225403495,-0.275,0.275,True,5.110248330582885,5.72113207372333,-0.3334661303020458,0.3737335754843673,0.0,0.0,True,True,True
north,16.699,2,0.2,5.478303202515431,0.0,5.253303202515431,5.70330320251543,-0.275,0.275,True,5.141554785216862,5.820741539094945,-0.3687591899694105,0.4067435265546413,0.0,0.0,True,True,True
north,16.699,3,0.3,5.535935494151012,0.0,5.310935494151012,5.760935494151012,-0.275,0.275,True,5.167309587375224,5.925902656942172,-0.40960390211238795,0.44530513010052797,0.0,0.0,True,True,True
north,16.699,4,0.4,5.589654943966676,0.0,5.364654943966676,5.8146549439666755,-0.275,0.275,True,5.187512737057976,6.036615427265012,-0.4560002667309782,0.48941838612202754,0.0,0.0,True,True,True
north,16.699,5,0.5,5.639138265303751,0.0,5.414138265303752,5.864138265303751,-0.275,0.275,True,5.202164234265114,6.152879850063466,-0.5079482838251811,0.5390832946191398,0.0,0.0,True,True,True
north,16.699,6,0.6,5.684368277006251,0.0,5.459368277006251,5.909368277006251,-0.275,0.275,True,5.211264078996639,6.274695925337532,-0.565447953394997,0.5942998555918648,0.0,0.0,True,True,True
north,16.699,7,0.7,5.725055491683986,0.0,5.5000554916839866,5.950055491683986,-0.275,0.275,True,5.214812271252551,6.40206365308721,-0.6284992754404255,0.6550680690402026,0.0,0.0,True,True,True
north,16.699,8,0.8,5.760721566090212,0.0,5.535721566090213,5.985721566090212,-0.275,0.275,True,5.212808811032851,6.534983033312502,-0.6971022499614667,0.7213879349641532,0.0,0.0,True,True,True
north,16.699,9,0.9,5.7912018126558635,0.0,5.566201812655864,6.016201812655863,-0.275,0.275,True,5.205253698337538,6.673454066013407,-0.7712568769581207,0.7932594533637165,0.0,0.0,True,True,True
north,16.765,1,0.1,5.45782538933812,0.0,5.23282538933812,5.682825389338119,-0.275,0.275,True,5.1606785682870315,5.777379984404344,-0.3321807175186684,0.3750189882677445,0.0,0.0,True,True,True
north,16.765,2,0.2,5.516596071828522,0.0,5.291596071828522,5.741596071828521,-0.275,0.275,True,5.196877840082592,5.881882266937542,-0.3672823872888105,0.4082203292352408,0.0,0.0,True,True,True
north,16.765,3,0.3,5.571830773030146,0.0,5.346830773030146,5.796830773030146,-0.275,0.275,True,5.227525459402538,5.991936201946353,-0.4079357095345654,0.4469733226783498,0.0,0.0,True,True,True
north,16.765,4,0.4,5.622864278475018,0.0,5.397864278475018,5.847864278475018,-0.275,0.275,True,5.252621426246873,6.107541789430777,-0.4541406842559332,0.4912779685970717,0.0,0.0,True,True,True
north,16.765,5,0.5,5.669546832006984,0.0,5.444546832006984,5.894546832006983,-0.275,0.275,True,5.272165740615595,6.228699029390814,-0.5058973114529136,0.5411342669914062,0.0,0.0,True,True,True
north,16.765,6,0.6,5.7116806157738065,0.0,5.486680615773807,5.936680615773806,-0.275,0.275,True,5.286158402508703,6.355407921826463,-0.5632055911255068,0.5965422178613536,0.0,0.0,True,True,True
north,16.765,7,0.7,5.749069366246594,0.0,5.524069366246595,5.974069366246594,-0.275,0.275,True,5.2945994119262,6.487668466737725,-0.6260655232737127,0.6575018212069137,0.0,0.0,True,True,True
north,16.765,8,0.8,5.781474869918606,0.0,5.556474869918606,6.0064748699186055,-0.275,0.275,True,5.297488768868083,6.6254806641246,-0.6944771078975316,0.7240130770280866,0.0,0.0,True,True,True
north,16.765,9,0.9,5.80846528962013,0.0,5.58346528962013,6.033465289620129,-0.275,0.275,True,5.294826473334354,6.768844513987088,-0.768440344996963,0.7960759853248722,0.0,0.0,True,True,True
north,16.831,1,0.1,5.497190531665133,0.0,5.272190531665133,5.722190531665133,-0.275,0.275,True,5.189720409417415,5.80911544917987,-0.334934950687625,0.3722647550987881,0.0,0.0,True,True,True
north,16.831,2,0.2,5.553474294232592,0.0,5.328474294232592,5.778474294232591,-0.275,0.275,True,5.220499551122832,5.908197601622924,-0.36978906068438805,0.40571365583966373,0.0,0.0,True,True,True
north,16.831,3,0.3,5.605827058014421,0.0,5.380827058014422,5.830827058014421,-0.275,0.275,True,5.245727040352635,6.012831406541593,-0.41019482315676387,0.44471420905615205,0.0,0.0,True,True,True
north,16.831,4,0.4,5.654150969129404,0.0,5.429150969129404,5.8791509691294035,-0.275,0.275,True,5.265402877106826,6.123016863935872,-0.4561522381047525,0.4892664147482532,0.0,0.0,True,True,True
north,16.831,5,0.5,5.697971146484596,0.0,5.472971146484596,5.9229711464845956,-0.275,0.275,True,5.279527061385402,6.238753973805765,-0.5076613055283539,0.5393702729159671,0.0,0.0,True,True,True
north,16.831,6,0.6,5.73692716123623,0.0,5.511927161236231,5.96192716123623,-0.275,0.275,True,5.288099593188368,6.360042736151271,-0.564722025427568,0.5950257835592938,0.0,0.0,True,True,True
north,16.831,7,0.7,5.770982619593127,0.0,5.545982619593127,5.995982619593127,-0.275,0.275,True,5.29112047251572,6.486883150972389,-0.6273343978023949,0.6562329466782333,0.0,0.0,True,True,True
north,16.831,8,0.8,5.799852093785977,0.0,5.574852093785977,6.024852093785976,-0.275,0.275,True,5.28858969936746,6.61927521826912,-0.6954984226528346,0.7229917622727854,0.0,0.0,True,True,True
north,16.831,9,0.9,5.823271135059228,0.0,5.598271135059228,6.0482711350592275,-0.275,0.275,True,5.280507273743586,6.757218938041465,-0.7692140999788869,0.7953022303429503,0.0,0.0,True,True,True
north,16.897,1,0.1,5.534816625746287,0.0,5.309816625746287,5.759816625746287,-0.275,0.275,True,5.245143481666019,5.84503675080697,-0.335466353869733,0.37173335191668044,0.0,0.0,True,True,True
north,16.897,2,0.2,5.588610484384767,0.0,5.363610484384767,5.813610484384767,-0.275,0.275,True,5.275615143516122,5.943811423394711,-0.37091235158657676,0.4045903649374756,0.0,0.0,True,True,True
north,16.897,3,0.3,5.638173249461494,0.0,5.413173249461495,5.863173249461494,-0.275,0.275,True,5.30053515289061,6.048137748458066,-0.4119100017790332,0.4429990304338835,0.0,0.0,True,True,True
north,16.897,4,0.4,5.6835214716115345,0.0,5.458521471611535,5.908521471611534,-0.275,0.275,True,5.319903509789488,6.158015725997032,-0.45845930444710253,0.4869593484059043,0.0,0.0,True,True,True
north,16.897,5,0.5,5.724283850138864,0.0,5.499283850138864,5.949283850138864,-0.275,0.275,True,5.333720214212753,6.273445356011611,-0.5105602595907845,0.5364713188535377,0.0,0.0,True,True,True
north,16.897,6,0.6,5.760061290552342,0.0,5.535061290552342,5.985061290552341,-0.275,0.275,True,5.341985266160403,6.3944266385018045,-0.5682128672100794,0.591534941776784,0.0,0.0,True,True,True
north,16.897,7,0.7,5.790634294831423,0.0,5.5656342948314235,6.015634294831423,-0.275,0.275,True,5.344698665632442,6.520959573467609,-0.6314171273049869,0.652150217175643,0.0,0.0,True,True,True
north,16.897,8,0.8,5.815899024243634,0.0,5.590899024243634,6.040899024243633,-0.275,0.275,True,5.3418604126288685,6.653044160909027,-0.7001730398755072,0.7183171450501148,0.0,0.0,True,True,True
north,16.897,9,0.9,5.8356664578471795,0.0,5.61066645784718,6.060666457847179,-0.275,0.275,True,5.3334705071496815,6.790680400826058,-0.7744806049216403,0.7900357254001994,0.0,0.0,True,True,True
north,16.963,1,0.1,5.570790370739386,0.0,5.345790370739387,5.795790370739386,-0.275,0.275,True,5.268329180428224,5.881564192404083,-0.340794231718347,0.3664054740680661,0.0,0.0,True,True,True
north,16.963,2,0.2,5.621885266813937,0.0,5.396885266813937,5.846885266813937,-0.275,0.275,True,5.2940510321945835,5.975589054908079,-0.3779280861772738,0.397574630346778,0.0,0.0,True,True,True
north,16.963,3,0.3,5.668638389704714,0.0,5.443638389704715,5.893638389704714,-0.275,0.275,True,5.314221231485328,6.075165569887689,-0.4206135931118133,0.43429543910110263,0.0,0.0,True,True,True
north,16.963,4,0.4,5.710876606158041,0.0,5.485876606158041,5.935876606158041,-0.275,0.275,True,5.328839778300461,6.18029373734291,-0.4688507525219657,0.4765679003310401,0.0,0.0,True,True,True
north,16.963,5,0.5,5.748383342474155,0.0,5.523383342474156,5.973383342474155,-0.275,0.275,True,5.33790667263998,6.290973557273746,-0.5226395644077307,0.5243920140365902,0.0,0.0,True,True,True
north,16.963,6,0.6,5.780876399146476,0.0,5.555876399146476,6.005876399146476,-0.275,0.275,True,5.341421914503887,6.407205029680194,-0.5819800287691086,0.5777677802177532,0.0,0.0,True,True,True
north,16.963,7,0.7,5.80797412694464,0.0,5.582974126944641,6.03297412694464,-0.275,0.275,True,5.339385503892181,6.528988154562254,-0.6468721456060993,0.6366951988745289,0.0,0.0,True,True,True
north,16.963,8,0.8,5.829551662853466,0.0,5.604551662853466,6.0545516628534655,-0.275,0.275,True,5.331797440804864,6.656322931919927,-0.7173159149187026,0.7011742700069173,0.0,0.0,True,True,True
north,16.963,9,0.9,5.84553961994416,0.0,5.62053961994416,6.070539619944159,-0.275,0.275,True,5.318657725241931,6.789209361753214,-0.7933113367069188,0.7712049936149185,0.0,0.0,True,True,True
north,17.029,1,0.1,5.604833753491356,0.0,5.379833753491356,5.829833753491355,-0.275,0.275,True,5.289818472051421,5.9074801202328695,-0.33705165601891846,0.37014804976749444,0.0,0.0,True,True,True
north,17.029,2,0.2,5.653250821498302,0.0,5.4282508214983025,5.878250821498302,-0.275,0.275,True,5.310572427309332,5.996537086228419,-0.37246336461526297,0.40303935190878837,0.0,0.0,True,True,True
north,17.029,3,0.3,5.6971455410270515,0.0,5.472145541027052,5.922145541027051,-0.275,0.275,True,5.325774730091632,6.091145704699582,-0.4134267256872203,0.441482306525695,0.0,0.0,True,True,True
north,17.029,4,0.4,5.736182726622937,0.0,5.511182726622938,5.961182726622937,-0.275,0.275,True,5.335425380398318,6.191305975646358,-0.45994173923479037,0.4854769136182145,0.0,0.0,True,True,True
north,17.029,5,0.5,5.770349602584126,0.0,5.5453496025841265,5.995349602584126,-0.275,0.275,True,5.339524378229391,6.297017899068746,-0.5120084052579732,0.5350231731863466,0.0,0.0,True,True,True
north,17.029,6,0.6,5.799340371808855,0.0,5.574340371808855,6.024340371808854,-0.275,0.275,True,5.338071723584852,6.408281474966747,-0.5696267237567688,0.5901210852300917,0.0,0.0,True,True,True
north,17.029,7,0.7,5.822857247755964,0.0,5.5978572477559645,6.047857247755964,-0.275,0.275,True,5.3310674164647,6.5250967033403615,-0.6327966947311771,0.6507706497494493,0.0,0.0,True,True,True
north,17.029,8,0.8,5.840742583600333,0.0,5.615742583600333,6.065742583600333,-0.275,0.275,True,5.318511456868935,6.6474635841895875,-0.7015183181811983,0.7169718667444199,0.0,0.0,True,True,True
north,17.029,9,0.9,5.849792882690971,0.0,5.624792882690971,6.0747928826909705,-0.275,0.275,True,5.300403844797557,6.775382117514427,-0.7757915941068321,0.7887247362150032,0.0,0.0,True,True,True
north,17.095,1,0.1,5.637208233619239,0.0,5.412208233619239,5.8622082336192385,-0.275,0.275,True,5.328832417720982,5.938745197605766,-0.33329974501594445,0.37389996077046866,0.0,0.0,True,True,True
north,17.095,2,0.2,5.682674666216821,0.0,5.457674666216821,5.9076746662168205,-0.275,0.275,True,5.3455805042450635,6.023796294867485,-0.36696825253537435,0.40853446398867743,0.0,0.0,True,True,True
north,17.095,3,0.3,5.723512208593743,0.0,5.498512208593743,5.948512208593742,-0.275,0.275,True,5.356776938293531,6.114399044604818,-0.40618841253041704,0.4487206196824989,0.0,0.0,True,True,True
north,17.095,4,0.4,5.75940101501447,0.0,5.5344010150144705,5.98440101501447,-0.275,0.275,True,5.362421719866387,6.210553446817762,-0.4509602250010725,0.4944584278519332,0.0,0.0,True,True,True
north,17.095,5,0.5,5.790066777006984,0.0,5.565066777006984,6.015066777006983,-0.275,0.275,True,5.362514848963629,6.312259501506321,-0.5012836899473407,0.5457478884969802,0.0,0.0,True,True,True
north,17.095,6,0.6,5.815447985712955,0.0,5.590447985712955,6.040447985712954,-0.275,0.275,True,5.357056325585259,6.4195172086704915,-0.5571588073692217,0.6025890016176401,0.0,0.0,True,True,True
north,17.095,7,0.7,5.835329857491045,0.0,5.610329857491045,6.060329857491045,-0.275,0.275,True,5.346046149731277,6.532326568310275,-0.6185855772667155,0.6649817672139127,0.0,0.0,True,True,True
north,17.095,8,0.8,5.849426206606422,0.0,5.624426206606422,6.074426206606422,-0.275,0.275,True,5.32948432140168,6.650687580425671,-0.685563999639822,0.732926185285798,0.0,0.0,True,True,True
north,17.095,9,0.9,5.848186941829955,0.0,5.623186941829955,6.073186941829954,-0.275,0.275,True,5.307370840596471,6.774600245016679,-0.7580940744885412,0.8064222558332961,0.0,0.0,True,True,True
north,17.161,1,0.1,5.667729947402444,0.0,5.442729947402444,5.892729947402444,-0.275,0.275,True,5.36167502796654,5.970697789850265,-0.32707885465285164,0.3801208511335615,0.0,0.0,True,True,True
north,17.161,2,0.2,5.710070460194354,0.0,5.485070460194354,5.935070460194353,-0.275,0.275,True,5.378824003757861,6.056149776379223,-0.3576670481620644,0.4178356683619874,0.0,0.0,True,True,True
north,17.161,3,0.3,5.747697318701716,0.0,5.5226973187017165,5.972697318701716,-0.275,0.275,True,5.390421327073567,6.147153415383794,-0.39380689414688985,0.46110213806602607,0.0,0.0,True,True,True
north,17.161,4,0.4,5.780277928374346,0.0,5.5552779283743465,6.005277928374346,-0.275,0.275,True,5.396466997913663,6.243708706863978,-0.4354983926073282,0.5099202602456775,0.0,0.0,True,True,True
north,17.161,5,0.5,5.80746997989092,0.0,5.58246997989092,6.032469979890919,-0.275,0.275,True,5.396961016278143,6.345815650819775,-0.4827415435433792,0.5642900349009417,0.0,0.0,True,True,True
north,17.161,6,0.6,5.829172251583008,0.0,5.604172251583008,6.054172251583007,-0.275,0.275,True,5.391903382167012,6.453474247251184,-0.5355363469550432,0.6242114620318187,0.0,0.0,True,True,True
north,17.161,7,0.7,5.845283432387062,0.0,5.620283432387063,6.070283432387062,-0.275,0.275,True,5.381294095580269,6.5666844961582065,-0.5938828028423198,0.6896845416383084,0.0,0.0,True,True,True
north,17.161,8,0.8,5.8492231072135565,0.0,5.624223107213557,6.074223107213556,-0.275,0.275,True,5.365133156517912,6.685446397540841,-0.657780911205209,0.760709273720411,0.0,0.0,True,True,True
north,17.161,9,0.9,5.845027875442709,0.0,5.62002787544271,6.070027875442709,-0.275,0.275,True,5.343420564979942,6.80975995139909,-0.7272306720437111,0.8372856582781262,0.0,0.0,True,True,True
north,17.227,1,0.1,5.696319935569507,0.0,5.4713199355695075,5.921319935569507,-0.275,0.275,True,5.390192094391006,6.000935245394206,-0.32901979014949573,0.37817991563691716,0.0,0.0,True,True,True
north,17.227,2,0.2,5.735438292009645,0.0,5.5104382920096455,5.960438292009645,-0.275,0.275,True,5.406817278096079,6.085863439836918,-0.3607280075726308,0.41477470895142055,0.0,0.0,True,True,True
north,17.227,3,0.3,5.769718395564203,0.0,5.544718395564203,5.9947183955642025,-0.275,0.275,True,5.417890809325539,6.176343286755242,-0.3979878774713786,0.45692115474153666,0.0,0.0,True,True,True
north,17.227,4,0.4,5.798828649831732,0.0,5.573828649831732,6.0238286498317315,-0.275,0.275,True,5.423412688079386,6.272374786149179,-0.44079939984573924,0.5046192530072656,0.0,0.0,True,True,True
north,17.227,5,0.5,5.8224433604526995,0.0,5.5974433604527,6.047443360452699,-0.275,0.275,True,5.423382914357621,6.373957938018728,-0.48916257469571256,0.5578690037486073,0.0,0.0,True,True,True
north,17.227,6,0.6,5.8404385081428325,0.0,5.615438508142833,6.065438508142832,-0.275,0.275,True,5.417801488160243,6.481092742363891,-0.5430774020212987,0.6166704069655617,0.0,0.0,True,True,True
north,17.227,7,0.7,5.849816537219081,0.0,5.624816537219082,6.074816537219081,-0.275,0.275,True,5.406668409487252,6.593779199184666,-0.6025438818224975,0.6810234626581289,0.0,0.0,True,True,True
north,17.227,8,0.8,5.8468546291500045,0.0,5.621854629150005,6.071854629150004,-0.275,0.275,True,5.389983678338648,6.7120173084810535,-0.6675620140993093,0.7509281708263089,0.0,0.0,True,True,True
north,17.227,9,0.9,5.840384498805206,0.0,5.615384498805207,6.065384498805206,-0.275,0.275,True,5.367747294714432,6.835807070253054,-0.7381317988517336,0.8263845314701016,0.0,0.0,True,True,True
north,17.293,1,0.1,5.722740567048622,0.0,5.497740567048623,5.947740567048622,-0.275,0.275,True,5.417191447842618,6.022872532766063,-0.33025553378179406,0.37694417200461905,0.0,0.0,True,True,True
north,17.293,2,0.2,5.7587407394766,0.0,5.533740739476601,5.9837407394766,-0.275,0.275,True,5.429011752543805,6.102995848204887,-0.3633902979352074,0.4121124185888444,0.0,0.0,True,True,True
north,17.293,3,0.3,5.789499259182545,0.0,5.564499259182545,6.014499259182545,-0.275,0.275,True,5.435280404769378,6.188670816119325,-0.40207671456423344,0.4528323176486825,0.0,0.0,True,True,True
north,17.293,4,0.4,5.8149969471822756,0.0,5.589996947182276,6.039996947182275,-0.275,0.275,True,5.435997404519339,6.2798974365093745,-0.44631478366887234,0.4991038691841334,0.0,0.0,True,True,True
north,17.293,5,0.5,5.834980762563602,0.0,5.609980762563603,6.059980762563602,-0.275,0.275,True,5.4311627517936865,6.376675709375038,-0.4961045052491239,0.5509270731951971,0.0,0.0,True,True,True
north,17.293,6,0.6,5.8491966892489815,0.0,5.624196689248982,6.074196689248981,-0.275,0.275,True,5.420776446592422,6.479005634716314,-0.5514458793049883,0.6083019296818735,0.0,0.0,True,True,True
north,17.293,7,0.7,5.848261294402493,0.0,5.623261294402494,6.073261294402493,-0.275,0.275,True,5.404838488915543,6.586887212533202,-0.6123389058364654,0.6712284386441627,0.0,0.0,True,True,True
north,17.293,8,0.8,5.842964532912244,0.0,5.617964532912245,6.067964532912244,-0.275,0.275,True,5.383348878763053,6.700320442825703,-0.6787835848435554,0.7397066000820646,0.0,0.0,True,True,True
north,17.293,9,0.9,5.834314745589714,0.0,5.609314745589715,6.059314745589714,-0.275,0.275,True,5.356307616134949,6.819305325593818,-0.750779916326258,0.8137364139955793,0.0,0.0,True,True,True
north,17.359,1,0.1,5.747011294929277,0.0,5.5220112949292774,5.972011294929277,-0.275,0.275,True,5.446767371727036,6.054005401776764,-0.3439416234316276,0.3632580823547855,0.0,0.0,True,True,True
north,17.359,2,0.2,5.779679457602216,0.0,5.554679457602217,6.004679457602216,-0.275,0.275,True,5.458009051402649,6.1335500921900135,-0.3822293337649812,0.3932733827590706,0.0,0.0,True,True,True
north,17.359,3,0.3,5.806965832837198,0.0,5.581965832837199,6.031965832837198,-0.275,0.275,True,5.463699078602646,6.218646435078877,-0.42606869657394747,0.42884033563896845,0.0,0.0,True,True,True
north,17.359,4,0.4,5.828786608444346,0.0,5.603786608444346,6.053786608444345,-0.275,0.275,True,5.4638374533270335,6.309294430443352,-0.4754597118585266,0.46995894099447916,0.0,0.0,True,True,True
north,17.359,5,0.5,5.845027244829965,0.0,5.6200272448299655,6.070027244829965,-0.275,0.275,True,5.458424175575805,6.40549407828344,-0.5304023796187184,0.5166291988256025,0.0,0.0,True,True,True
north,17.359,6,0.6,5.849271301466513,0.0,5.624271301466513,6.074271301466513,-0.275,0.275,True,5.447459245348965,6.507245378599141,-0.5908966998545231,0.5688511091323387,0.0,0.0,True,True,True
north,17.359,7,0.7,5.845144147839717,0.0,5.620144147839717,6.0701441478397165,-0.275,0.275,True,5.430942662646514,6.614548331390455,-0.6569426725659405,0.6266246719146876,0.0,0.0,True,True,True
north,17.359,8,0.8,5.837650011759846,0.0,5.612650011759847,6.062650011759846,-0.275,0.275,True,5.408874427468448,6.727402936657381,-0.7285402977529706,0.6899498871726494,0.0,0.0,True,True,True
north,17.359,9,0.9,5.826792006328246,0.0,5.601792006328246,6.051792006328245,-0.275,0.275,True,5.38125453981477,6.845809194399921,-0.8056895754156135,0.7588267549062238,0.0,0.0,True,True,True
north,17.425,1,0.1,5.769088998533357,0.0,5.544088998533358,5.994088998533357,-0.275,0.275,True,5.449906814958444,6.070988589900981,-0.3353847616838602,0.37181494410255267,0.0,0.0,True,True,True
north,17.425,2,0.2,5.79831692785461,0.0,5.57331692785461,6.0233169278546095,-0.275,0.275,True,5.455121474829847,6.144506260510022,-0.3716506622855893,0.40385205423846204,0.0,0.0,True,True,True
north,17.425,3,0.3,5.822029473149435,0.0,5.597029473149435,6.0470294731494345,-0.275,0.275,True,5.454784482225637,6.223575583594677,-0.4134682153629311,0.44144081684998415,0.0,0.0,True,True,True
north,17.425,4,0.4,5.840134432685331,0.0,5.615134432685331,6.065134432685331,-0.275,0.275,True,5.448895837145814,6.308196559154943,-0.4608374209158857,0.48458123193711916,0.0,0.0,True,True,True
north,17.425,5,0.5,5.849840191747192,0.0,5.624840191747192,6.0748401917471915,-0.275,0.275,True,5.4374555395903785,6.398369187190823,-0.513758278944453,0.5332732994998668,0.0,0.0,True,True,True
north,17.425,6,0.6,5.846954142151971,0.0,5.621954142151972,6.071954142151971,-0.275,0.275,True,5.42046358955933,6.4940934677023145,-0.5722307894486333,0.5875170195382272,0.0,0.0,True,True,True
north,17.425,7,0.7,5.840548326654904,0.0,5.615548326654904,6.065548326654904,-0.275,0.275,True,5.397919987052669,6.595369400689419,-0.636254952428426,0.6473123920522004,0.0,0.0,True,True,True
north,17.425,8,0.8,5.830847575660837,0.0,5.605847575660837,6.055847575660836,-0.275,0.275,True,5.369824732070396,6.7021969861521375,-0.7058307678838317,0.7126594170417865,0.0,0.0,True,True,True
north,17.425,9,0.9,5.8178331200696976,0.0,5.592833120069698,6.042833120069697,-0.275,0.275,True,5.336177824612509,6.814576224090468,-0.7809582358148501,0.7835580945069851,0.0,0.0,True,True,True
north,17.491,1,0.1,5.788931741358105,0.0,5.563931741358106,6.013931741358105,-0.275,0.275,True,5.500052477973105,6.09756737792099,-0.33454292184581536,0.37265678394059776,0.0,0.0,True,True,True
north,17.491,2,0.2,5.814545908651597,0.0,5.589545908651598,6.039545908651597,-0.275,0.275,True,5.506561137043887,6.172379047729409,-0.3690357697698121,0.40646694675423967,0.0,0.0,True,True,True
north,17.491,3,0.3,5.8346316676361605,0.0,5.609631667636161,6.05963166763616,-0.275,0.275,True,5.507518143639054,6.252742370013442,-0.4090802701694216,0.4458287620434943,0.0,0.0,True,True,True
north,17.491,4,0.4,5.848967171891541,0.0,5.623967171891541,6.073967171891541,-0.275,0.275,True,5.5029234977586095,6.338657344773085,-0.45467642304464395,0.4907422298083618,0.0,0.0,True,True,True
north,17.491,5,0.5,5.848335646975033,0.0,5.6233356469750335,6.073335646975033,-0.275,0.275,True,5.492777199402552,6.430123972008344,-0.5058242283954789,0.541207350048842,0.0,0.0,True,True,True
north,17.491,6,0.6,5.8431013154913325,0.0,5.618101315491333,6.068101315491332,-0.275,0.275,True,5.477079248570881,6.527142251719214,-0.5625236862219268,0.597224122764935,0.0,0.0,True,True,True
north,17.491,7,0.7,5.834518077237149,0.0,5.60951807723715,6.059518077237149,-0.275,0.275,True,5.455829645263599,6.629712183905697,-0.6247747965239874,0.6587925479566408,0.0,0.0,True,True,True
north,17.491,8,0.8,5.8226047098322615,0.0,5.597604709832262,6.047604709832261,-0.275,0.275,True,5.4290283894807025,6.737833768567793,-0.6925775593016608,0.7259126256239592,0.0,0.0,True,True,True
north,17.491,9,0.9,5.807284756340684,0.0,5.582284756340685,6.032284756340684,-0.275,0.275,True,5.396675481222193,6.851507005705502,-0.7659319745549468,0.7985843557668905,0.0,0.0,True,True,True
north,17.557,1,0.1,5.806461685783477,0.0,5.581461685783477,6.031461685783476,-0.275,0.275,True,5.507978890501645,6.114441367426362,-0.3417601932879393,0.3654395124984745,0.0,0.0,True,True,True
north,17.557,2,0.2,5.828400965305683,0.0,5.603400965305683,6.053400965305682,-0.275,0.275,True,5.5108814484752795,6.185646936137634,-0.37661956712574063,0.3988831493983125,0.0,0.0,True,True,True
north,17.557,3,0.3,5.844771057272868,0.0,5.619771057272868,6.069771057272868,-0.275,0.275,True,5.508232353973301,6.2624041573245215,-0.4170305934391547,0.4378784387737632,0.0,0.0,True,True,True
north,17.557,4,0.4,5.84931949571947,0.0,5.624319495719471,6.07431949571947,-0.275,0.275,True,5.5000316069957105,6.34471303098702,-0.46299327222818165,0.48242538062482676,0.0,0.0,True,True,True
north,17.557,5,0.5,5.845260420236723,0.0,5.620260420236724,6.070260420236723,-0.275,0.275,True,5.486279207542506,6.4325735571251315,-0.5145076034928212,0.532523974951503,0.0,0.0,True,True,True
north,17.557,6,0.6,5.837837367008926,0.0,5.612837367008926,6.0628373670089255,-0.275,0.275,True,5.46697515561369,6.525985735738857,-0.5715735872330736,0.588174221753792,0.0,0.0,True,True,True
north,17.557,7,0.7,5.827036886443819,0.0,5.60203688644382,6.052036886443819,-0.275,0.275,True,5.44211945120926,6.624949566828193,-0.6341912234489387,0.6493761210316938,0.0,0.0,True,True,True
north,17.557,8,0.8,5.812845575145134,0.0,5.587845575145134,6.037845575145133,-0.275,0.275,True,5.411712094329218,6.729465050393144,-0.7023605121404167,0.7161296727852083,0.0,0.0,True,True,True
north,17.557,9,0.9,5.795072100212656,0.0,5.5700721002126565,6.020072100212656,-0.275,0.275,True,5.375753084973562,6.839532186433707,-0.7760814533075074,0.7884348770143358,0.0,0.0,True,True,True
north,17.623,1,0.1,5.821615585846171,0.0,5.5966155858461715,6.046615585846171,-0.275,0.275,True,5.520586781525824,6.125659462176276,-0.3423290317331812,0.3648706740532319,0.0,0.0,True,True,True
north,17.623,2,0.2,5.83983035722783,0.0,5.61483035722783,6.064830357227829,-0.275,0.275,True,5.519990594500629,6.193366285888717,-0.38002498932856416,0.3954777271954876,0.0,0.0,True,True,True
north,17.623,3,0.3,5.849863846275302,0.0,5.624863846275303,6.074863846275302,-0.275,0.275,True,5.513842754999819,6.2666247620767725,-0.4232725993995599,0.431636432813356,0.0,0.0,True,True,True
north,17.623,4,0.4,5.847041551512277,0.0,5.622041551512277,6.072041551512276,-0.275,0.275,True,5.502143263023398,6.34543489074044,-0.47207186194616846,0.4733467909068373,0.0,0.0,True,True,True
north,17.623,5,0.5,5.840712154504603,0.0,5.615712154504603,6.065712154504602,-0.275,0.275,True,5.484892118571362,6.42979667187972,-0.5264227769683898,0.5206088014759311,0.0,0.0,True,True,True
north,17.623,6,0.6,5.8310795670005895,0.0,5.60607956700059,6.056079567000589,-0.275,0.275,True,5.462089321643715,6.519710105494614,-0.5863253444662239,0.5734224645206379,0.0,0.0,True,True,True
north,17.623,7,0.7,5.818116829695593,0.0,5.593116829695593,6.043116829695593,-0.275,0.275,True,5.433734872240454,6.615175191585119,-0.6517795644396707,0.6317877800409575,0.0,0.0,True,True,True
north,17.623,8,0.8,5.801538502049837,0.0,5.5765385020498375,6.026538502049837,-0.275,0.275,True,5.399828770361582,6.716191930151238,-0.7227854368887303,0.6957047480368896,0.0,0.0,True,True,True
north,17.623,9,0.9,5.781147994862351,0.0,5.556147994862352,6.006147994862351,-0.275,0.275,True,5.360371016007095,6.82276032119297,-0.7993429618134026,0.7651733685084346,0.0,0.0,True,True,True
north,17.689,1,0.1,5.834282572708718,0.0,5.609282572708718,6.059282572708717,-0.275,0.275,True,5.519846843432024,6.135974920154817,-0.3415901614384069,0.36560954434800597,0.0,0.0,True,True,True
north,17.689,2,0.2,5.848737654534101,0.0,5.623737654534102,6.073737654534101,-0.275,0.275,True,5.509101076890683,6.193532164351115,-0.3778143752583686,0.39768834126568275,0.0,0.0,True,True,True
north,17.689,3,0.3,5.848409999547572,0.0,5.623409999547572,6.073409999547572,-0.275,0.275,True,5.492803657873731,6.256641061023027,-0.419590241553943,0.4353187906589723,0.0,0.0,True,True,True
north,17.689,4,0.4,5.843238098070421,0.0,5.618238098070421,6.06823809807042,-0.275,0.275,True,5.470954586381165,6.32530161017055,-0.4669177603251302,0.47850089252787464,0.0,0.0,True,True,True
north,17.689,5,0.5,5.834717797929715,0.0,5.609717797929715,6.059717797929714,-0.275,0.275,True,5.443553862412986,6.399513811793686,-0.5197969315719301,0.5272346468723897,0.0,0.0,True,True,True
north,17.689,6,0.6,5.822877355723425,0.0,5.597877355723425,6.047877355723425,-0.275,0.275,True,5.410601485969194,6.479277665892435,-0.5782277552943429,0.5815200536925176,0.0,0.0,True,True,True
north,17.689,7,0.7,5.807641363541036,0.0,5.582641363541036,6.032641363541035,-0.275,0.275,True,5.372097457049791,6.564593172466798,-0.6422102314923682,0.6413571129882581,0.0,0.0,True,True,True
north,17.689,8,0.8,5.788569199270453,0.0,5.563569199270454,6.013569199270453,-0.275,0.275,True,5.328041775654774,6.655460331516772,-0.7117443601660066,0.7067458247596116,0.0,0.0,True,True,True
north,17.689,9,0.9,5.765411010796972,0.0,5.540411010796972,5.990411010796971,-0.275,0.275,True,5.278434441784144,6.751879143042359,-0.7868301413152575,0.7776861890065777,0.0,0.0,True,True,True
north,17.755,1,0.1,5.844502963340997,0.0,5.619502963340997,6.069502963340996,-0.275,0.275,True,5.549468134785594,6.149650436759919,-0.33733786161567364,0.3698618441707395,0.0,0.0,True,True,True
north,17.755,2,0.2,5.849367689972428,0.0,5.624367689972428,6.074367689972427,-0.275,0.275,True,5.54043610857429,6.208921421286251,-0.3704049382210342,0.4050977783030176,0.0,0.0,True,True,True
north,17.755,3,0.3,5.845376692633731,0.0,5.620376692633731,6.07037669263373,-0.275,0.275,True,5.5258524298873715,6.273744058288199,-0.40902366730200757,0.44588536491090836,0.0,0.0,True,True,True
north,17.755,4,0.4,5.838020306384313,0.0,5.613020306384313,6.063020306384312,-0.275,0.275,True,5.505717098724841,6.344118347765757,-0.4531940488585937,0.49222460399441204,0.0,0.0,True,True,True
north,17.755,5,0.5,5.827281766559392,0.0,5.6022817665593925,6.052281766559392,-0.275,0.275,True,5.480030115086698,6.42004428971893,-0.5029160828907926,0.5441154955535283,0.0,0.0,True,True,True
north,17.755,6,0.6,5.813165453865081,0.0,5.588165453865082,6.038165453865081,-0.275,0.275,True,5.448791478972942,6.5015218841477145,-0.5581897693986043,0.6015580395882575,0.0,0.0,True,True,True
north,17.755,7,0.7,5.795474040369254,0.0,5.5704740403692545,6.020474040369254,-0.275,0.275,True,5.412001190383573,6.588551131052111,-0.6190151083820287,0.6645522360985995,0.0,0.0,True,True,True
north,17.755,8,0.8,5.773822864568969,0.0,5.54882286456897,5.998822864568969,-0.275,0.275,True,5.369659249318592,6.681132030432122,-0.6853920998410659,0.7330980850845541,0.0,0.0,True,True,True
north,17.755,9,0.9,5.747805353310292,0.0,5.522805353310292,5.972805353310291,-0.275,0.275,True,5.321765655777996,6.779264582287745,-0.7573207437757158,0.8071955865461214,0.0,0.0,True,True,True
north,17.821,1,0.1,5.849887500803412,0.0,5.624887500803412,6.0748875008034116,-0.275,0.275,True,5.549494576404687,6.156460184741673,-0.33530533344049224,0.3718943723459209,0.0,0.0,True,True,True
north,17.821,2,0.2,5.847128960872582,0.0,5.622128960872582,6.072128960872582,-0.275,0.275,True,5.537235091332385,6.212503710407008,-0.3682554949753003,0.4072472215487515,0.0,0.0,True,True,True
north,17.821,3,0.3,5.8408759823543015,0.0,5.615875982354302,6.065875982354301,-0.275,0.275,True,5.519423953784468,6.2740988885479565,-0.40675730898572116,0.44815172322719476,0.0,0.0,True,True,True
north,17.821,4,0.4,5.831311558340342,0.0,5.606311558340343,6.056311558340342,-0.275,0.275,True,5.496061163760941,6.341245719164517,-0.4508107754717548,0.49460787738125095,0.0,0.0,True,True,True
north,17.821,5,0.5,5.818400539321488,0.0,5.593400539321489,6.043400539321488,-0.275,0.275,True,5.467146721261798,6.413944202256691,-0.5004158944334012,0.5466156840109198,0.0,0.0,True,True,True
north,17.821,6,0.6,5.801900176635841,0.0,5.576900176635841,6.0269001766358405,-0.275,0.275,True,5.432680626287045,6.492194337824478,-0.5555726658706603,0.6041751431162015,0.0,0.0,True,True,True
north,17.821,7,0.7,5.781600394821366,0.0,5.556600394821366,6.0066003948213655,-0.275,0.275,True,5.392662878836678,6.575996125867877,-0.6162810897835322,0.6672862546970959,0.0,0.0,True,True,True
north,17.821,8,0.8,5.757191636949989,0.0,5.53219163694999,5.982191636949989,-0.275,0.275,True,5.347093478910699,6.665349566386889,-0.6825411661720169,0.7359490187536031,0.0,0.0,True,True,True
north,17.821,9,0.9,5.728215931516412,0.0,5.503215931516412,5.953215931516412,-0.275,0.275,True,5.295972426509105,6.7602546593815145,-0.7543528950361142,0.810163435285723,0.0,0.0,True,True,True
north,17.887,1,0.1,5.848479461274891,0.0,5.623479461274892,6.073479461274891,-0.275,0.275,True,5.545474801422714,6.161178583369908,-0.3336825605189097,0.3735171452675032,0.0,0.0,True,True,True
north,17.887,2,0.2,5.843374880649509,0.0,5.618374880649509,6.068374880649508,-0.275,0.275,True,5.52727227542395,6.211279068108783,-0.36581111895963586,0.4096915975644155,0.0,0.0,True,True,True
north,17.887,3,0.3,5.83491751862228,0.0,5.6099175186222805,6.05991751862228,-0.275,0.275,True,5.503518096949574,6.266931205323271,-0.4034913298759748,0.45141770233694045,0.0,0.0,True,True,True
north,17.887,4,0.4,5.8231500016145885,0.0,5.598150001614589,6.048150001614588,-0.275,0.275,True,5.474212265999585,6.328134995013371,-0.44672319326792653,0.4986954595850783,0.0,0.0,True,True,True
north,17.887,5,0.5,5.807982287020244,0.0,5.582982287020244,6.032982287020244,-0.275,0.275,True,5.439354782573982,6.394890437179083,-0.495506709135491,0.5515248693088288,0.0,0.0,True,True,True
north,17.887,6,0.6,5.788978638870376,0.0,5.563978638870377,6.013978638870376,-0.275,0.275,True,5.398945646672767,6.467197531820409,-0.5498418774786683,0.6099059315081922,0.0,0.0,True,True,True
north,17.887,7,0.7,5.765912547166504,0.0,5.540912547166505,5.990912547166504,-0.275,0.275,True,5.352984858295939,6.545056278937347,-0.6097286982974581,0.6738386461831682,0.0,0.0,True,True,True
north,17.887,8,0.8,5.7384666874456025,0.0,5.513466687445603,5.963466687445602,-0.275,0.275,True,5.301472417443499,6.628466678529898,-0.675167171591861,0.7433230133337572,0.0,0.0,True,True,True
north,17.887,9,0.9,5.706411758878666,0.0,5.481411758878666,5.9314117588786655,-0.275,0.275,True,5.244408324115446,6.717428730598062,-0.7461572973618765,0.8183590329599587,0.0,0.0,True,True,True
north,17.953,1,0.1,5.845492965030737,0.0,5.620492965030738,6.070492965030737,-0.275,0.275,True,5.551912835707325,6.158236535850457,-0.3288366787340413,0.3783630270523718,0.0,0.0,True,True,True
north,17.953,2,0.2,5.838192440413437,0.0,5.613192440413437,6.063192440413436,-0.275,0.275,True,5.527990183488563,6.202616894369331,-0.359909225273405,0.41559349125064676,0.0,0.0,True,True,True
north,17.953,3,0.3,5.827526646674965,0.0,5.602526646674965,6.0525266466749645,-0.275,0.275,True,5.498515878794186,6.25254890536382,-0.3965334242883815,0.4583756079245344,0.0,0.0,True,True,True
north,17.953,4,0.4,5.813485332585028,0.0,5.588485332585028,6.038485332585028,-0.275,0.275,True,5.463489921624199,6.308032568833921,-0.4387092757789708,0.506709377074035,0.0,0.0,True,True,True
north,17.953,5,0.5,5.795875980525851,0.0,5.570875980525852,6.020875980525851,-0.275,0.275,True,5.422912311978597,6.369067884779636,-0.4864367797451728,0.5605947986991482,0.0,0.0,True,True,True
north,17.953,6,0.6,5.774282139552116,0.0,5.549282139552116,5.999282139552116,-0.275,0.275,True,5.376783049857383,6.435654853200962,-0.5397159361869877,0.6200318727998742,0.0,0.0,True,True,True
north,17.953,7,0.7,5.748361492937258,0.0,5.5233614929372585,5.973361492937258,-0.275,0.275,True,5.325102135260556,6.507793474097901,-0.5985467451044152,0.685020599376213,0.0,0.0,True,True,True
north,17.953,8,0.8,5.717837306739311,0.0,5.492837306739311,5.94283730673931,-0.275,0.275,True,5.267869568188116,6.585483747470453,-0.6629292064974555,0.7555609784281645,0.0,0.0,True,True,True
north,17.953,9,0.9,5.682473218600426,0.0,5.457473218600426,5.907473218600425,-0.275,0.275,True,5.205085348640063,6.668725673318618,-0.7328633203661086,0.8316530099557287,0.0,0.0,True,True,True
north,18.019,1,0.1,5.841030463211103,0.0,5.6160304632111036,6.066030463211103,-0.275,0.275,True,5.543818858717565,6.152193445679798,-0.3293903768456897,0.3778093289407237,0.0,0.0,True,True,True
north,18.019,2,0.2,5.831543549680095,0.0,5.6065435496800955,6.056543549680095,-0.275,0.275,True,5.515733029949646,6.192410627649516,-0.36092326021763954,0.4145794563064128,0.0,0.0,True,True,True
north,18.019,3,0.3,5.818684248947385,0.0,5.593684248947385,6.043684248947384,-0.275,0.275,True,5.482095548706113,6.238179462094848,-0.39800779606520215,0.45690123614771455,0.0,0.0,True,True,True
north,18.019,4,0.4,5.8022618512218465,0.0,5.577261851221847,6.027261851221846,-0.275,0.275,True,5.442906414986967,6.289499949015792,-0.4406439843883776,0.5047746684646293,0.0,0.0,True,True,True
north,18.019,5,0.5,5.782052794780381,0.0,5.557052794780382,6.007052794780381,-0.275,0.275,True,5.39816562879221,6.34637208841235,-0.4888318251871657,0.5581997532571565,0.0,0.0,True,True,True
north,18.019,6,0.6,5.757741125871041,0.0,5.532741125871041,5.982741125871041,-0.275,0.275,True,5.347873190121838,6.40879588028452,-0.5425713184615667,0.6171764905252967,0.0,0.0,True,True,True
north,18.019,7,0.7,5.72886216150054,0.0,5.503862161500541,5.95386216150054,-0.275,0.275,True,5.2920290989758545,6.476771324632303,-0.6018624642115804,0.6817048802690495,0.0,0.0,True,True,True
north,18.019,8,0.8,5.695147338493922,0.0,5.4701473384939225,5.920147338493922,-0.275,0.275,True,5.230633355354258,6.550298421455698,-0.6667052624372067,0.7517849224884152,0.0,0.0,True,True,True
north,18.019,9,0.9,5.656295217870428,0.0,5.431295217870429,5.881295217870428,-0.275,0.275,True,5.163685959257048,6.629377170754706,-0.737099713138446,0.8274166171833937,0.0,0.0,True,True,True
north,18.085,1,0.1,5.835117239314845,0.0,5.610117239314845,6.060117239314844,-0.275,0.275,True,5.546632963798655,6.1404494348887955,-0.32473418565266776,0.38246552013374535,0.0,0.0,True,True,True
north,18.085,2,0.2,5.823422647505752,0.0,5.598422647505752,6.048422647505752,-0.275,0.275,True,5.514104906546644,6.176224388374421,-0.355466878093993,0.42003583843005876,0.0,0.0,True,True,True
north,18.085,3,0.3,5.808323210499452,0.0,5.583323210499453,6.033323210499452,-0.275,0.275,True,5.476025196819019,6.217550994335662,-0.39175122301093107,0.46315780920198485,0.0,0.0,True,True,True
north,18.085,4,0.4,5.789388078470299,0.0,5.5643880784703,6.014388078470299,-0.275,0.275,True,5.432393834615782,6.264429252772513,-0.4335872204034819,0.5118314324495239,0.0,0.0,True,True,True
north,18.085,5,0.5,5.766414083536038,0.0,5.541414083536038,5.991414083536037,-0.275,0.275,True,5.383210819936932,6.316859163684979,-0.4809748702716454,0.5660567081726755,0.0,0.0,True,True,True
north,18.085,6,0.6,5.739066876264511,0.0,5.514066876264511,5.964066876264511,-0.275,0.275,True,5.328476152782469,6.374840727073057,-0.5339141726154218,0.62583363637144,0.0,0.0,True,True,True
north,18.085,7,0.7,5.707114805771034,0.0,5.482114805771034,5.932114805771033,-0.275,0.275,True,5.268189833152394,6.438373942936748,-0.5924051274348109,0.6911622170458173,0.0,0.0,True,True,True
north,18.085,8,0.8,5.670237615491548,0.0,5.445237615491548,5.895237615491547,-0.275,0.275,True,5.202351861046705,6.5074588112760505,-0.6564477347298128,0.7620424501958072,0.0,0.0,True,True,True
north,18.085,9,0.9,5.627843535951597,0.0,5.402843535951598,5.852843535951597,-0.275,0.275,True,5.130962236465404,6.582095332090968,-0.7260419945004273,0.83847433582141,0.0,0.0,True,True,True
north,18.151,1,0.1,5.827771526790538,0.0,5.602771526790538,6.052771526790537,-0.275,0.275,True,5.513038677992042,6.124641380451882,-0.3346854485703828,0.3725142572160301,0.0,0.0,True,True,True
north,18.151,2,0.2,5.813805211304976,0.0,5.588805211304976,6.038805211304975,-0.275,0.275,True,5.470757991936609,6.150663705134088,-0.3693008531848541,0.4062018633391972,0.0,0.0,True,True,True
north,18.151,3,0.3,5.796277920682449,0.0,5.57127792068245,6.021277920682449,-0.275,0.275,True,5.4229256534055645,6.182237682291907,-0.40946791027493823,0.445441121937977,0.0,0.0,True,True,True
north,18.151,4,0.4,5.7747414145352645,0.0,5.549741414535265,5.999741414535264,-0.275,0.275,True,5.369541662398906,6.219363311925338,-0.45518661984063513,0.49023203301236973,0.0,0.0,True,True,True
north,18.151,5,0.5,5.7489176325642255,0.0,5.523917632564226,5.973917632564225,-0.275,0.275,True,5.310606018916636,6.262040594034383,-0.5064569818819448,0.540574596562375,0.0,0.0,True,True,True
north,18.151,6,0.6,5.71848840485232,0.0,5.493488404852321,5.94348840485232,-0.275,0.275,True,5.2461187229587525,6.31026952861904,-0.5632789963988672,0.5964688125879932,0.0,0.0,True,True,True
north,18.151,7,0.7,5.683232707015336,0.0,5.458232707015337,5.908232707015336,-0.275,0.275,True,5.176079774525257,6.36405011567931,-0.6256526633914024,0.657914681089224,0.0,0.0,True,True,True
north,18.151,8,0.8,5.64284483906926,0.0,5.41784483906926,5.867844839069259,-0.275,0.275,True,5.100489173616148,6.4233823552151925,-0.6935779828595503,0.7249122020660679,0.0,0.0,True,True,True
north,18.151,9,0.9,5.597208372769661,0.0,5.372208372769661,5.82220837276966,-0.275,0.275,True,5.019346920231427,6.488266247226688,-0.767054954803311,0.7974613755185243,0.0,0.0,True,True,True
north,18.217,1,0.1,5.81896795857328,0.0,5.59396795857328,6.04396795857328,-0.275,0.275,True,5.51529091792752,6.1227797349407425,-0.33783422274308283,0.3693654830433303,0.0,0.0,True,True,True
north,18.217,2,0.2,5.80262352580785,0.0,5.577623525807851,6.02762352580785,-0.275,0.275,True,5.4724244137244,6.148216241475259,-0.3744382512833751,0.4010644652406767,0.0,0.0,True,True,True
north,18.217,3,0.3,5.782505194739396,0.0,5.557505194739396,6.007505194739395,-0.275,0.275,True,5.424006257045664,6.179204400485389,-0.4165939322992801,0.4383150999136358,0.0,0.0,True,True,True
north,18.217,4,0.4,5.758290614792093,0.0,5.533290614792094,5.983290614792093,-0.275,0.275,True,5.3700364478913185,6.215744211971131,-0.4643012657907979,0.48111738706220786,0.0,0.0,True,True,True
north,18.217,5,0.5,5.7294623116352,0.0,5.5044623116352005,5.9544623116352,-0.275,0.275,True,5.310514986261358,6.257835675932488,-0.5175602517579284,0.5294713266863925,0.0,0.0,True,True,True
north,18.217,6,0.6,5.695850805310101,0.0,5.470850805310102,5.920850805310101,-0.275,0.275,True,5.245441872155786,6.305478792369456,-0.5763708902006718,0.58337691878619,0.0,0.0,True,True,True
north,18.217,7,0.7,5.657116265681652,0.0,5.432116265681652,5.882116265681652,-0.275,0.275,True,5.174817105574601,6.358673561282036,-0.6407331811190278,0.6428341633616004,0.0,0.0,True,True,True
north,18.217,8,0.8,5.613181439267727,0.0,5.388181439267727,5.838181439267727,-0.275,0.275,True,5.098640686517803,6.41741998267023,-0.7106471245129966,0.7078430604126233,0.0,0.0,True,True,True
north,18.217,9,0.9,5.564189895575069,0.0,5.339189895575069,5.789189895575069,-0.275,0.275,True,5.016912614985392,6.481718056534038,-0.7861127203825782,0.7784036099392591,0.0,0.0,True,True,True
north,18.283,1,0.1,5.808655584551194,0.0,5.583655584551194,6.033655584551194,-0.275,0.275,True,5.487907411322127,6.1052349618675565,-0.3351094244723196,0.3720902813140935,0.0,0.0,True,True,True
north,18.283,2,0.2,5.789797518070222,0.0,5.564797518070223,6.014797518070222,-0.275,0.275,True,5.4396664706891045,6.1252970319721705,-0.37155566191648814,0.40394705460756364,0.0,0.0,True,True,True
north,18.283,3,0.3,5.7669156199055704,0.0,5.541915619905571,5.99191561990557,-0.275,0.275,True,5.385873877580466,6.150910754552398,-0.41355355183626946,0.44135548037664646,0.0,0.0,True,True,True
north,18.283,4,0.4,5.7396658381566334,0.0,5.514665838156634,5.964665838156633,-0.275,0.275,True,5.326529631996218,6.182076129608237,-0.46110309423166357,0.4843155586213422,0.0,0.0,True,True,True
north,18.283,5,0.5,5.707817852663402,0.0,5.482817852663402,5.932817852663401,-0.275,0.275,True,5.261633733936354,6.21879315713969,-0.5142042891026704,0.5328272893416506,0.0,0.0,True,True,True
north,18.283,6,0.6,5.671030228747239,0.0,5.446030228747239,5.896030228747239,-0.275,0.275,True,5.1911861834008795,6.261061837146756,-0.57285713644929,0.5868906725375718,0.0,0.0,True,True,True
north,18.283,7,0.7,5.628722796503949,0.0,5.403722796503949,5.8537227965039484,-0.275,0.275,True,5.115186980389791,6.308882169629434,-0.6370616362715223,0.6465057082091058,0.0,0.0,True,True,True
north,18.283,8,0.8,5.581315216424922,0.0,5.356315216424922,5.806315216424921,-0.275,0.275,True,5.033636124903091,6.362254154587725,-0.7068177885693675,0.7116723963562525,0.0,0.0,True,True,True
north,18.283,9,0.9,5.528886063821688,0.0,5.303886063821689,5.753886063821688,-0.275,0.275,True,4.946533616940776,6.421177792021629,-0.7821255933428253,0.782390736979012,0.0,0.0,True,True,True
north,18.349,1,0.1,5.796679860839046,0.0,5.571679860839047,6.021679860839046,-0.275,0.275,True,5.473276450345708,6.094795937460151,-0.3289832338476456,0.3782164719387673,0.0,0.0,True,True,True
north,18.349,2,0.2,5.775200689518411,0.0,5.5502006895184115,6.000200689518411,-0.275,0.275,True,5.423928200036646,6.113750697888728,-0.3612303690491841,0.41427234747486724,0.0,0.0,True,True,True
north,18.349,3,0.3,5.749472114203942,0.0,5.524472114203943,5.974472114203942,-0.275,0.275,True,5.3690282972519725,6.138257110792918,-0.3990291567263354,0.4558798754865799,0.0,0.0,True,True,True
north,18.349,4,0.4,5.719139502965331,0.0,5.494139502965331,5.944139502965331,-0.275,0.275,True,5.308576741991685,6.168315176172721,-0.4423795968790995,0.5030390559739054,0.0,0.0,True,True,True
north,18.349,5,0.5,5.683992195430248,0.0,5.458992195430248,5.908992195430248,-0.275,0.275,True,5.242573534255786,6.203924894028137,-0.4912816895074763,0.5557498889368435,0.0,0.0,True,True,True
north,18.349,6,0.6,5.643727615485678,0.0,5.418727615485678,5.868727615485677,-0.275,0.275,True,5.171018674044274,6.2450862643591645,-0.5457354346114659,0.6140123743753946,0.0,0.0,True,True,True
north,18.349,7,0.7,5.59814512193915,0.0,5.37314512193915,5.82314512193915,-0.275,0.275,True,5.093912161357149,6.291799287165806,-0.6057408321910682,0.6778265122895581,0.0,0.0,True,True,True
north,18.349,8,0.8,5.547309555875349,0.0,5.322309555875349,5.772309555875348,-0.275,0.275,True,5.011253996194411,6.344063962448059,-0.6712978822462834,0.7471923026793348,0.0,0.0,True,True,True
north,18.349,9,0.9,5.491508049143057,0.0,5.266508049143058,5.716508049143057,-0.275,0.275,True,4.9230441785560615,6.401880290205926,-0.7424065847771112,0.822109745544724,0.0,0.0,True,True,True
north,18.415,1,0.1,5.78295759469841,0.0,5.5579575946984106,6.00795759469841,-0.275,0.275,True,5.477032275119084,6.080249541511615,-0.344576114333465,0.3626235914529481,0.0,0.0,True,True,True
north,18.415,2,0.2,5.758828835771524,0.0,5.533828835771525,5.983828835771524,-0.275,0.275,True,5.42634369330494,6.097863970435108,-0.3814001359422345,0.3941025805818173,0.0,0.0,True,True,True
north,18.415,3,0.3,5.730062693394955,0.0,5.505062693394955,5.955062693394955,-0.275,0.275,True,5.370103459015182,6.121030051834215,-0.42377581002661663,0.4311332221862993,0.0,0.0,True,True,True
north,18.415,4,0.4,5.696554272126281,0.0,5.471554272126282,5.921554272126281,-0.275,0.275,True,5.308311572249812,6.149747785708933,-0.47170313658661167,0.4737155162663941,0.0,0.0,True,True,True
north,18.415,5,0.5,5.657937313492876,0.0,5.432937313492876,5.882937313492875,-0.275,0.275,True,5.240968033008828,6.184017172059266,-0.5251821156222194,0.5218494628221015,0.0,0.0,True,True,True
north,18.415,6,0.6,5.614124181046401,0.0,5.389124181046402,5.839124181046401,-0.275,0.275,True,5.168072841292232,6.22383821088521,-0.5842127471334398,0.575535061853422,0.0,0.0,True,True,True
north,18.415,7,0.7,5.5652481679182255,0.0,5.340248167918226,5.790248167918225,-0.275,0.275,True,5.089625997100024,6.269210902186768,-0.6487950311202731,0.634772313360355,0.0,0.0,True,True,True
north,18.415,8,0.8,5.511184424805629,0.0,5.286184424805629,5.736184424805629,-0.275,0.275,True,5.005627500432203,6.320135245963939,-0.7189289675827192,0.6995612173429008,0.0,0.0,True,True,True
north,18.415,9,0.9,5.452176057249781,0.0,5.227176057249781,5.67717605724978,-0.275,0.275,True,4.916077351288767,6.376611242216722,-0.7946145565207778,0.7699017738010594,0.0,0.0,True,True,True
north,18.481,1,0.1,5.767417156275103,0.0,5.5424171562751035,5.992417156275103,-0.275,0.275,True,5.471295815603392,6.073499013033407,-0.33787805344838545,0.36932165233802766,0.0,0.0,True,True,True
north,18.481,2,0.2,5.7402635731219664,0.0,5.515263573121967,5.965263573121966,-0.275,0.275,True,5.424764666827861,6.095270874995513,-0.37475935852895825,0.40074335799509353,0.0,0.0,True,True,True
north,18.481,3,0.3,5.708520899555769,0.0,5.483520899555769,5.933520899555768,-0.275,0.275,True,5.372681865576716,6.1225943894332335,-0.4171923160851438,0.43771671612777213,0.0,0.0,True,True,True
north,18.481,4,0.4,5.671822842002932,0.0,5.446822842002932,5.896822842002932,-0.275,0.275,True,5.31504741184996,6.155469556346565,-0.4651769261169422,0.4802417267360635,0.0,0.0,True,True,True
north,18.481,5,0.5,5.629602057056301,0.0,5.404602057056302,5.854602057056301,-0.275,0.275,True,5.25186130564759,6.193896375735512,-0.5187131886243532,0.5283183898199677,0.0,0.0,True,True,True
north,18.481,6,0.6,5.58231583025758,0.0,5.357315830257581,5.80731583025758,-0.275,0.275,True,5.183123546969607,6.237874847600069,-0.5778011036073771,0.5819467053794847,0.0,0.0,True,True,True
north,18.481,7,0.7,5.5299997893972925,0.0,5.304999789397293,5.754999789397292,-0.275,0.275,True,5.108834135816012,6.28740497194024,-0.6424406710660139,0.6411266734146143,0.0,0.0,True,True,True
north,18.481,8,0.8,5.47285419980577,0.0,5.24785419980577,5.69785419980577,-0.275,0.275,True,5.028993072186804,6.3424867487560235,-0.7126318910002633,0.7058582939253567,0.0,0.0,True,True,True
north,18.481,9,0.9,5.411078066744956,0.0,5.186078066744956,5.636078066744956,-0.275,0.275,True,4.943600356081982,6.40312017804742,-0.7883747634101254,0.7761415669117119,0.0,0.0,True,True,True
north,18.547,1,0.1,5.75002493785641,0.0,5.5250249378564105,5.97502493785641,-0.275,0.275,True,5.448276460263279,6.055173874351747,-0.3391440639971831,0.3680556417892298,0.0,0.0,True,True,True
north,18.547,2,0.2,5.719790601078341,0.0,5.494790601078341,5.94479060107834,-0.275,0.275,True,5.398195346390029,6.073395771216136,-0.37517203140661554,0.4003306851174358,0.0,0.0,True,True,True
north,18.547,3,0.3,5.684751683845159,0.0,5.459751683845159,5.909751683845158,-0.275,0.275,True,5.342562580041166,6.097169320556137,-0.41675165129166075,0.4381573809212545,0.0,0.0,True,True,True
north,18.547,4,0.4,5.644610391902097,0.0,5.419610391902097,5.869610391902096,-0.275,0.275,True,5.281378161216691,6.126494522371751,-0.4638829236523188,0.48153572920068605,0.0,0.0,True,True,True
north,18.547,5,0.5,5.5990818711086385,0.0,5.374081871108639,5.824081871108638,-0.275,0.275,True,5.214642089916603,6.161371376662978,-0.5165658484885896,0.5304657299557303,0.0,0.0,True,True,True
north,18.547,6,0.6,5.548356285240008,0.0,5.323356285240008,5.773356285240007,-0.275,0.275,True,5.142354366140902,6.201799883429818,-0.5748004258004731,0.5849473831863874,0.0,0.0,True,True,True
north,18.547,7,0.7,5.492674762361993,0.0,5.2676747623619935,5.717674762361993,-0.275,0.275,True,5.064514989889589,6.247780042672271,-0.6385866555879692,0.6449806888926571,0.0,0.0,True,True,True
north,18.547,8,0.8,5.432414913989298,0.0,5.2074149139892985,5.657414913989298,-0.275,0.275,True,4.9811239611626625,6.299311854390336,-0.7079245378510785,0.7105656470745397,0.0,0.0,True,True,True
north,18.547,9,0.9,5.3680408381164595,0.0,5.14304083811646,5.593040838116459,-0.275,0.275,True,4.892181279960123,6.356395318584013,-0.7828140725898002,0.781702257732035,0.0,0.0,True,True,True
north,18.613,1,0.1,5.73066307515471,0.0,5.50566307515471,5.9556630751547095,-0.275,0.275,True,5.431721417540957,6.039720084858273,-0.33635881044584526,0.37084089534056786,0.0,0.0,True,True,True
north,18.613,2,0.2,5.69725773894246,0.0,5.47225773894246,5.922257738942459,-0.275,0.275,True,5.377205955651685,6.053507633706638,-0.36899833511434466,0.4065043814097071,0.0,0.0,True,True,True
north,18.613,3,0.3,5.658758361304099,0.0,5.4337583613041,5.883758361304099,-0.275,0.275,True,5.317138841286799,6.072846835030618,-0.4071895122584568,0.44771951995445913,0.0,0.0,True,True,True
north,18.613,4,0.4,5.6150669228250765,0.0,5.390066922825077,5.840066922825076,-0.275,0.275,True,5.251520074446302,6.097737688830208,-0.45093234187818176,0.494486310974824,0.0,0.0,True,True,True
north,18.613,5,0.5,5.566306440261381,0.0,5.3413064402613815,5.791306440261381,-0.275,0.275,True,5.180349655130191,6.128180195105414,-0.5002268239735195,0.5468047544708015,0.0,0.0,True,True,True
north,18.613,6,0.6,5.512285254208701,0.0,5.287285254208701,5.7372852542087,-0.275,0.275,True,5.103627583338467,6.164174353856231,-0.5550729585444699,0.6046748504423919,0.0,0.0,True,True,True
north,18.613,7,0.7,5.453377537321148,0.0,5.2283775373211485,5.678377537321148,-0.275,0.275,True,5.021353859071131,6.205720165082661,-0.6154707455910332,0.6680965988895949,0.0,0.0,True,True,True
north,18.613,8,0.8,5.390231921835107,0.0,5.165231921835107,5.6152319218351066,-0.275,0.275,True,4.933528482328183,6.252817628784704,-0.6814201851132091,0.7370699998124108,0.0,0.0,True,True,True
north,18.613,9,0.9,5.323262461632408,0.0,5.098262461632408,5.548262461632407,-0.275,0.275,True,4.84015145310962,6.305466744962359,-0.7529212771109979,0.8115950532108394,0.0,0.0,True,True,True
north,18.679,1,0.1,5.709223946448137,0.0,5.484223946448138,5.934223946448137,-0.275,0.275,True,5.41283132789211,6.013948985259927,-0.32605563236320423,0.38114407342320955,0.0,0.0,True,True,True
north,18.679,2,0.2,5.672615455258625,0.0,5.447615455258625,5.897615455258625,-0.275,0.275,True,5.355166200487962,6.024586868593418,-0.35742852576007705,0.41807419076397606,0.0,0.0,True,True,True
north,18.679,3,0.3,5.630483245758259,0.0,5.405483245758259,5.855483245758259,-0.275,0.275,True,5.2919494206082,6.040776404402521,-0.39435307163256267,0.46055596058035525,0.0,0.0,True,True,True
north,18.679,4,0.4,5.583316444090243,0.0,5.358316444090243,5.808316444090242,-0.275,0.275,True,5.223180988252826,6.062517592687238,-0.4368292699806611,0.5085893828723473,0.0,0.0,True,True,True
north,18.679,5,0.5,5.531113514972898,0.0,5.306113514972898,5.756113514972897,-0.275,0.275,True,5.1488609034218396,6.089810433447566,-0.4848571208043722,0.5621744576399521,0.0,0.0,True,True,True
north,18.679,6,0.6,5.474075891933061,0.0,5.249075891933061,5.69907589193306,-0.275,0.275,True,5.06898916611524,6.122654926683508,-0.5384366241036961,0.6213111848831695,0.0,0.0,True,True,True
north,18.679,7,0.7,5.412323567506199,0.0,5.1873235675061995,5.637323567506199,-0.275,0.275,True,4.983565776333028,6.161051072395062,-0.5975677798786327,0.6859995646019998,0.0,0.0,True,True,True
north,18.679,8,0.8,5.346369807715763,0.0,5.121369807715763,5.5713698077157625,-0.275,0.275,True,4.892590734075203,6.20499887058223,-0.6622505881291821,0.7562395967964429,0.0,0.0,True,True,True
north,18.679,9,0.9,5.277146895143505,0.0,5.052146895143506,5.502146895143505,-0.275,0.275,True,4.796064039341764,6.25449832124501,-0.7324850488553444,0.8320312814664989,0.0,0.0,True,True,True
north,18.745,1,0.1,5.68551117226007,0.0,5.4605111722600705,5.91051117226007,-0.275,0.275,True,5.379635974108301,5.992283414526762,-0.3261469699891515,0.3810527357972616,0.0,0.0,True,True,True
north,18.745,2,0.2,5.645493168318515,0.0,5.420493168318515,5.870493168318514,-0.275,0.275,True,5.317956742323653,5.99890719347975,-0.35588197090867185,0.41962074561537993,0.0,0.0,True,True,True
north,18.745,3,0.3,5.600018620278127,0.0,5.375018620278127,5.825018620278127,-0.275,0.275,True,5.250725858063391,6.011082624908354,-0.391168624303805,0.4637404079091109,0.0,0.0,True,True,True
north,18.745,4,0.4,5.549406744721973,0.0,5.324406744721974,5.774406744721973,-0.275,0.275,True,5.177943321327518,6.028809708812569,-0.43200693017455094,0.5134117226784548,0.0,0.0,True,True,True
north,18.745,5,0.5,5.493841475580928,0.0,5.2688414755809285,5.718841475580928,-0.275,0.275,True,5.099609132116031,6.052088445192399,-0.4783968885209096,0.5686346899234114,0.0,0.0,True,True,True
north,18.745,6,0.6,5.433684035853954,0.0,5.208684035853954,5.658684035853954,-0.275,0.275,True,5.015723290428931,6.080918834047839,-0.5303384993428811,0.6294093096439807,0.0,0.0,True,True,True
north,18.745,7,0.7,5.369388602623632,0.0,5.144388602623632,5.594388602623631,-0.275,0.275,True,4.926285796266219,6.115300875378893,-0.5878317626404653,0.6957355818401628,0.0,0.0,True,True,True
north,18.745,8,0.8,5.30121335781723,0.0,5.07621335781723,5.526213357817229,-0.275,0.275,True,4.831296649627895,6.15523456918556,-0.6508766784136623,0.7676135065119577,0.0,0.0,True,True,True
north,18.745,9,0.9,5.229811343845141,0.0,5.004811343845141,5.45481134384514,-0.275,0.275,True,4.730755850513956,6.2007199154678405,-0.719473246662472,0.8450430836593652,0.0,0.0,True,True,True
north,18.811,1,0.1,5.659579409115323,0.0,5.434579409115323,5.8845794091153225,-0.275,0.275,True,5.3313551830179335,5.956778891712095,-0.33730611950717126,0.3698935862792416,0.0,0.0,True,True,True
north,18.811,2,0.2,5.616009664603751,0.0,5.391009664603751,5.84100966460375,-0.275,0.275,True,5.2597589517175365,5.953485671149337,-0.3714612931245653,0.40404142339948607,0.0,0.0,True,True,True
north,18.811,3,0.3,5.567364712604538,0.0,5.342364712604538,5.792364712604537,-0.275,0.275,True,5.182611067941528,5.955744103062192,-0.41116811921757207,0.4437409129953432,0.0,0.0,True,True,True
north,18.811,4,0.4,5.513386083611774,0.0,5.288386083611774,5.738386083611774,-0.275,0.275,True,5.099911531689905,5.963554187450659,-0.4564265977861917,0.48899205506681315,0.0,0.0,True,True,True
north,18.811,5,0.5,5.454590945736436,0.0,5.229590945736437,5.679590945736436,-0.275,0.275,True,5.01166034296267,5.9769159243147385,-0.507236728830424,0.5397948496138958,0.0,0.0,True,True,True
north,18.811,6,0.6,5.3915357929307035,0.0,5.166535792930704,5.616535792930703,-0.275,0.275,True,4.917857501759822,5.995829313654431,-0.5635985123502691,0.5961492966365913,0.0,0.0,True,True,True
north,18.811,7,0.7,5.324659561978884,0.0,5.099659561978885,5.549659561978884,-0.275,0.275,True,4.818503008081361,6.020294355469736,-0.6255119483457269,0.6580553961348995,0.0,0.0,True,True,True
north,18.811,8,0.8,5.254596636389008,0.0,5.029596636389009,5.479596636389008,-0.275,0.275,True,4.713596861927288,6.050311049760654,-0.6929770368167977,0.7255131481088205,0.0,0.0,True,True,True
north,18.811,9,0.9,5.1814659144178545,0.0,4.956465914417855,5.406465914417854,-0.275,0.275,True,4.603139063297602,6.085879396527186,-0.765993777763481,0.7985225525583542,0.0,0.0,True,True,True
north,18.877,1,0.1,5.631366362609819,0.0,5.40636636260982,5.856366362609819,-0.275,0.275,True,5.343984595772412,5.937580694971133,-0.3307880261650634,0.3764116796213497,0.0,0.0,True,True,True
north,18.877,2,0.2,5.5843170579229024,0.0,5.359317057922903,5.809317057922902,-0.275,0.275,True,5.2764644386165624,5.93836354855292,-0.3662520651078291,0.4092506514162227,0.0,0.0,True,True,True
north,18.877,3,0.3,5.532227240548502,0.0,5.307227240548502,5.757227240548501,-0.275,0.275,True,5.203392628985099,5.944698054610322,-0.40726775652620745,0.4476412756867085,0.0,0.0,True,True,True
north,18.877,4,0.4,5.475261717242581,0.0,5.250261717242581,5.70026171724258,-0.275,0.275,True,5.124769166878025,5.956584213143336,-0.4538351004201987,0.49158355243280705,0.0,0.0,True,True,True
north,18.877,5,0.5,5.41356906826744,0.0,5.188569068267441,5.63856906826744,-0.275,0.275,True,5.040594052295336,5.974022024151964,-0.5059540967898026,0.5410774816545183,0.0,0.0,True,True,True
north,18.877,6,0.6,5.347719288979104,0.0,5.122719288979105,5.572719288979104,-0.275,0.275,True,4.950867285237035,5.997011487636203,-0.5636247456350193,0.5961230633518425,0.0,0.0,True,True,True
north,18.877,7,0.7,5.278566541037049,0.0,5.053566541037049,5.503566541037048,-0.275,0.275,True,4.855588865703121,6.025552603596055,-0.6268470469558488,0.6567202975247793,0.0,0.0,True,True,True
north,18.877,8,0.8,5.206615434339144,0.0,4.981615434339145,5.431615434339144,-0.275,0.275,True,4.754758793693594,6.05964537203152,-0.695621000752291,0.7228691841733289,0.0,0.0,True,True,True
north,18.877,9,0.9,5.132375333524739,0.0,4.907375333524739,5.357375333524739,-0.275,0.275,True,4.648377069208454,6.099289792942598,-0.7699466070243459,0.7945697232974913,0.0,0.0,True,True,True
north,18.943,1,0.1,5.600955369447616,0.0,5.375955369447617,5.825955369447616,-0.275,0.275,True,5.296098573874616,5.90825587528043,-0.3244301446360147,0.3827695611503984,0.0,0.0,True,True,True
north,18.943,2,0.2,5.550460934321242,0.0,5.325460934321242,5.7754609343212415,-0.275,0.275,True,5.226395916984412,5.906856229127863,-0.3558496762470438,0.419653040277008,0.0,0.0,True,True,True
north,18.943,3,0.3,5.495008188799864,0.0,5.270008188799864,5.720008188799864,-0.275,0.275,True,5.151141607618594,5.91100823545091,-0.3928208603336856,0.46208817187923035,0.0,0.0,True,True,True
north,18.943,4,0.4,5.4349531577186125,0.0,5.209953157718613,5.659953157718612,-0.275,0.275,True,5.070335645777164,5.9207118942495685,-0.4353436968959402,0.5100749559570655,0.0,0.0,True,True,True
north,18.943,5,0.5,5.370724734101233,0.0,5.1457247341012335,5.595724734101233,-0.275,0.275,True,4.98397803146012,5.935967205523841,-0.48341818593380753,0.5636133925105133,0.0,0.0,True,True,True
north,18.943,6,0.6,5.302576044367898,0.0,5.077576044367898,5.527576044367898,-0.275,0.275,True,4.8920687646674645,5.956774169273726,-0.5370443274472877,0.6227034815395741,0.0,0.0,True,True,True
north,18.943,7,0.7,5.231262295476817,0.0,5.006262295476818,5.456262295476817,-0.275,0.275,True,4.794607845399196,5.983132785499223,-0.5962221214363806,0.6873452230442475,0.0,0.0,True,True,True
north,18.943,8,0.8,5.157647287776286,0.0,4.932647287776287,5.382647287776286,-0.275,0.275,True,4.691595273655315,6.0150430542003335,-0.6609515679010862,0.7575386170245337,0.0,0.0,True,True,True
north,18.943,9,0.9,5.082413889156963,0.0,4.857413889156963,5.307413889156963,-0.275,0.275,True,4.58303104943582,6.052504975377057,-0.7312326668414046,0.8332836634804326,0.0,0.0,True,True,True
north,19.009,1,0.1,5.568357020377522,0.0,5.343357020377522,5.793357020377521,-0.275,0.275,True,5.270344412248444,5.879404523521022,-0.327641885479719,0.3795578203066939,0.0,0.0,True,True,True
north,19.009,2,0.2,5.514486913014846,0.0,5.289486913014846,5.739486913014845,-0.275,0.275,True,5.1990746977863465,5.876437819796563,-0.35853348756375236,0.416969228960299,0.0,0.0,True,True,True
north,19.009,3,0.3,5.455804354151725,0.0,5.230804354151726,5.680804354151725,-0.275,0.275,True,5.122253330848636,5.879022768547717,-0.3949767421233985,0.45993229008951675,0.0,0.0,True,True,True
north,19.009,4,0.4,5.392839664026302,0.0,5.167839664026302,5.6178396640263015,-0.275,0.275,True,5.039880311435313,5.8871593697744835,-0.43697164915865744,0.5084470036943475,0.0,0.0,True,True,True
north,19.009,5,0.5,5.326056662325362,0.0,5.101056662325362,5.551056662325362,-0.275,0.275,True,4.951955639546377,5.900847623476862,-0.48451820866952905,0.5625133697747908,0.0,0.0,True,True,True
north,19.009,6,0.6,5.256024362445085,0.0,5.031024362445085,5.481024362445084,-0.275,0.275,True,4.858479315181828,5.920087529654854,-0.5376164206560136,0.6221313883308469,0.0,0.0,True,True,True
north,19.009,7,0.7,5.182919103014836,0.0,4.957919103014836,5.4079191030148355,-0.275,0.275,True,4.759451338341667,5.944879088308459,-0.5962662851181106,0.6873010593625157,0.0,0.0,True,True,True
north,19.009,8,0.8,5.108082479086191,0.0,4.883082479086191,5.33308247908619,-0.275,0.275,True,4.654871709025893,5.975222299437676,-0.6604678020558207,0.7580223828697975,0.0,0.0,True,True,True
north,19.009,9,0.9,5.031802803804895,0.0,4.806802803804896,5.256802803804895,-0.275,0.275,True,4.544740427234506,6.011117163042506,-0.7302209714691433,0.8342953588526919,0.0,0.0,True,True,True
north,19.075,1,0.1,5.533340966124105,0.0,5.308340966124105,5.758340966124105,-0.275,0.275,True,5.240611626551134,5.841124988664167,-0.33814427639879124,0.36905542938762187,0.0,0.0,True,True,True
north,19.075,2,0.2,5.476418118324501,0.0,5.2514181183245014,5.701418118324501,-0.275,0.275,True,5.16212838495582,5.83094475780649,-0.37539432570445663,0.40010839081959515,0.0,0.0,True,True,True
north,19.075,3,0.3,5.414814569028681,0.0,5.189814569028681,5.6398145690286805,-0.275,0.275,True,5.078093490884893,5.8263161794244285,-0.41819602748573476,0.43671300472718116,0.0,0.0,True,True,True
north,19.075,4,0.4,5.349068770242449,0.0,5.12406877024245,5.574068770242449,-0.275,0.275,True,4.988506944338353,5.827239253517977,-0.4665493817426257,0.47886927111038,0.0,0.0,True,True,True
north,19.075,5,0.5,5.279986186930592,0.0,5.054986186930592,5.504986186930592,-0.275,0.275,True,4.8933687453162,5.83371398008714,-0.5204543884751294,0.5265771899691916,0.0,0.0,True,True,True
north,19.075,6,0.6,5.208109393634162,0.0,4.983109393634162,5.433109393634162,-0.275,0.275,True,4.792678893818434,5.845740359131915,-0.5799110476832459,0.5798367613036159,0.0,0.0,True,True,True
north,19.075,7,0.7,5.133844975849528,0.0,4.9088449758495285,5.358844975849528,-0.275,0.275,True,4.686437389845056,5.863318390652303,-0.6449193593669751,0.6386479851136531,0.0,0.0,True,True,True
north,19.075,8,0.8,5.057835407718425,0.0,4.8328354077184255,5.282835407718425,-0.275,0.275,True,4.574644233396065,5.886448074648303,-0.715479323526317,0.7030108613993029,0.0,0.0,True,True,True
north,19.075,9,0.9,4.98087830808576,0.0,4.7558783080857605,5.20587830808576,-0.275,0.275,True,4.4572994244714605,5.915129411119917,-0.7915909401612717,0.7729253901605655,0.0,0.0,True,True,True
north,19.141,1,0.1,5.496180391497217,0.0,5.271180391497217,5.721180391497216,-0.275,0.275,True,5.197177764553247,5.805843989543899,-0.3368170216227765,0.37038268416363695,0.0,0.0,True,True,True
north,19.141,2,0.2,5.436222279583272,0.0,5.211222279583272,5.661222279583272,-0.275,0.275,True,5.117667391445379,5.794636627173667,-0.3744173450524662,0.4010853714715861,0.0,0.0,True,True,True
north,19.141,3,0.3,5.372060865578837,0.0,5.147060865578838,5.597060865578837,-0.275,0.275,True,5.0326053658618966,5.7889809172790505,-0.41756932095776866,0.43733971125514803,0.0,0.0,True,True,True
north,19.141,4,0.4,5.303938730918571,0.0,5.078938730918571,5.52893873091857,-0.275,0.275,True,4.941991687802802,5.7888768598600455,-0.46627294933868396,0.4791457035143229,0.0,0.0,True,True,True
north,19.141,5,0.5,5.232713247108498,0.0,5.007713247108498,5.457713247108497,-0.275,0.275,True,4.845826357268095,5.794324454916653,-0.520528230195212,0.5265033482491103,0.0,0.0,True,True,True
north,19.141,6,0.6,5.159164371141765,0.0,4.934164371141765,5.384164371141765,-0.275,0.275,True,4.744109374257774,5.805323702448875,-0.5803351635273528,0.5794126454595105,0.0,0.0,True,True,True
north,19.141,7,0.7,5.083965086209696,0.0,4.858965086209697,5.308965086209696,-0.275,0.275,True,4.636840738771841,5.821874602456708,-0.6456937493351063,0.6378735951455237,0.0,0.0,True,True,True
north,19.141,8,0.8,5.007237887012187,0.0,4.7822378870121875,5.232237887012187,-0.275,0.275,True,4.524020450810296,5.843977154940154,-0.7166039876184725,0.7018861973071494,0.0,0.0,True,True,True
north,19.141,9,0.9,4.92990729535741,0.0,4.70490729535741,5.154907295357409,-0.275,0.275,True,4.405648510373138,5.871631359899214,-0.7930658783774517,0.771450451944388,0.0,0.0,True,True,True
north,19.207,1,0.1,5.4570177625670135,0.0,5.232017762567014,5.682017762567013,-0.275,0.275,True,5.155035169036274,5.770469652051555,-0.3332801937697636,0.3739195120166495,0.0,0.0,True,True,True
north,19.207,2,0.2,5.3941435351218985,0.0,5.169143535121899,5.619143535121898,-0.275,0.275,True,5.070253340922788,5.753990834675706,-0.3680002081089721,0.4075025084150797,0.0,0.0,True,True,True
north,19.207,3,0.3,5.32745376267184,0.0,5.10245376267184,5.552453762671839,-0.275,0.275,True,4.979919860333687,5.743063669775471,-0.4082718749237934,0.4466371572891225,0.0,0.0,True,True,True
north,19.207,4,0.4,5.257423754726307,0.0,5.032423754726308,5.482423754726307,-0.275,0.275,True,4.884034727268975,5.7376881573508465,-0.45409519421422756,0.4913234586387782,0.0,0.0,True,True,True
north,19.207,5,0.5,5.184372291611818,0.0,4.959372291611818,5.409372291611818,-0.275,0.275,True,4.782597941728649,5.7378642974018375,-0.5054701659802744,0.5415614124640465,0.0,0.0,True,True,True
north,19.207,6,0.6,5.109598244894407,0.0,4.884598244894407,5.334598244894407,-0.275,0.275,True,4.67560950371271,5.743592089928439,-0.562396790221934,0.5973510187649278,0.0,0.0,True,True,True
north,19.207,7,0.7,5.033365477601943,0.0,4.808365477601943,5.258365477601942,-0.275,0.275,True,4.563069413221159,5.754871534930654,-0.6248750669392065,0.6586922775414217,0.0,0.0,True,True,True
north,19.207,8,0.8,4.956367974679173,0.0,4.7313679746791735,5.181367974679173,-0.275,0.275,True,4.444977670253996,5.771702632408482,-0.6929049961320916,0.7255851887935284,0.0,0.0,True,True,True
north,19.207,9,0.9,4.878965744241619,0.0,4.65396574424162,5.103965744241619,-0.275,0.275,True,4.3213342748112185,5.794085382361923,-0.7664865778005894,0.7980297525212479,0.0,0.0,True,True,True
north,19.273,1,0.1,5.416060069789922,0.0,5.1910600697899225,5.641060069789922,-0.275,0.275,True,5.121667189179821,5.726513843051313,-0.32643430361679987,0.380765402169613,0.0,0.0,True,True,True
north,19.273,2,0.2,5.350418251505791,0.0,5.125418251505791,5.57541825150579,-0.275,0.275,True,5.033680726034462,5.706830390643593,-0.35782635010041414,0.4176763664236372,0.0,0.0,True,True,True
north,19.273,3,0.3,5.281420874274551,0.0,5.056420874274552,5.506420874274551,-0.275,0.275,True,4.940142610413492,5.692698590711487,-0.3947700490596412,0.46013898315327406,0.0,0.0,True,True,True
north,19.273,4,0.4,5.209603352929182,0.0,4.984603352929183,5.434603352929182,-0.275,0.275,True,4.841052842316908,5.6841184432549925,-0.4372654004944811,0.5081532523585238,0.0,0.0,True,True,True
north,19.273,5,0.5,5.135314618174317,0.0,4.910314618174318,5.360314618174317,-0.275,0.275,True,4.7364114217447115,5.681089948274111,-0.4853124044049336,0.5617191740393862,0.0,0.0,True,True,True
north,19.273,6,0.6,5.059336174992661,0.0,4.834336174992662,5.284336174992661,-0.275,0.275,True,4.626218348696902,5.683613105768842,-0.538911060790999,0.6208367481958614,0.0,0.0,True,True,True
north,19.273,7,0.7,4.982422729373011,0.0,4.757422729373011,5.20742272937301,-0.275,0.275,True,4.510473623173481,5.691687915739187,-0.5980613696526771,0.6855059748279493,0.0,0.0,True,True,True
north,19.273,8,0.8,4.905246619407603,0.0,4.680246619407604,5.130246619407603,-0.275,0.275,True,4.389177245174446,5.705314378185143,-0.6627633309899681,0.7557268539356501,0.0,0.0,True,True,True
north,19.273,9,0.9,4.8283292153979085,0.0,4.603329215397909,5.053329215397908,-0.275,0.275,True,4.262329214699799,5.7244924931067125,-0.7330169448028716,0.8314993855189636,0.0,0.0,True,True,True
north,19.339,1,0.1,5.373396997056439,0.0,5.148396997056439,5.5983969970564385,-0.275,0.275,True,5.07038703862869,5.687998740143489,-0.33511192795042993,0.3720877778359832,0.0,0.0,True,True,True
north,19.339,2,0.2,5.305301417469239,0.0,5.080301417469239,5.530301417469238,-0.275,0.275,True,4.980143051426427,5.666057763678863,-0.36944189695135365,0.40606081957269813,0.0,0.0,True,True,True
north,19.339,3,0.3,5.234164198740175,0.0,5.009164198740176,5.459164198740175,-0.275,0.275,True,4.884347411748548,5.64966843968985,-0.4093235184278901,0.4455855137850258,0.0,0.0,True,True,True
north,19.339,4,0.4,5.160681454507245,0.0,4.935681454507245,5.385681454507244,-0.275,0.275,True,4.7830001195950596,5.638830768176449,-0.4547567923800394,0.49066186047296634,0.0,0.0,True,True,True
north,19.339,5,0.5,5.085516283262428,0.0,4.860516283262428,5.3105162832624275,-0.275,0.275,True,4.676101174965956,5.633544749138662,-0.5057417188078014,0.5412898596365195,0.0,0.0,True,True,True
north,19.339,6,0.6,5.008747598079041,0.0,4.783747598079041,5.233747598079041,-0.275,0.275,True,4.563650577861241,5.633810382576487,-0.5622782977111762,0.5974695112756856,0.0,0.0,True,True,True
north,19.339,7,0.7,4.931423885195662,0.0,4.706423885195663,5.156423885195662,-0.275,0.275,True,4.445648328280912,5.639627668489925,-0.6243665290901638,0.6592008153904644,0.0,0.0,True,True,True
north,19.339,8,0.8,4.854226230676858,0.0,4.629226230676858,5.079226230676857,-0.275,0.275,True,4.322094426224972,5.650996606878976,-0.6920064129447641,0.7264837719808559,0.0,0.0,True,True,True
north,19.339,9,0.9,4.777639225475187,0.0,4.552639225475187,5.002639225475186,-0.275,0.275,True,4.192988871693417,5.667917197743639,-0.765197949274977,0.7993183810468603,0.0,0.0,True,True,True
north,19.405,1,0.1,5.3288508630183165,0.0,5.103850863018317,5.553850863018316,-0.275,0.275,True,5.024082743878085,5.647042625039662,-0.32298555853427163,0.3842141472521415,0.0,0.0,True,True,True
north,19.405,2,0.2,5.2588231470075275,0.0,5.033823147007528,5.483823147007527,-0.275,0.275,True,4.929920795888256,5.621183687787469,-0.35469553505111306,0.4208071814729387,0.0,0.0,True,True,True
north,19.405,3,0.3,5.185837285478468,0.0,4.960837285478468,5.410837285478467,-0.275,0.275,True,4.830207195422813,5.600876403010892,-0.3919571640435673,0.46295186816934863,0.0,0.0,True,True,True
north,19.405,4,0.4,5.111114010702626,0.0,4.886114010702626,5.336114010702626,-0.275,0.275,True,4.724941942481759,5.586120770709925,-0.4347704455116343,0.5106482073413715,0.0,0.0,True,True,True
north,19.405,5,0.5,5.034928151398989,0.0,4.8099281513989895,5.259928151398989,-0.275,0.275,True,4.614125037065089,5.576916790884574,-0.483135379455314,0.5638961989890069,0.0,0.0,True,True,True
north,19.405,6,0.6,4.9579430996186185,0.0,4.732943099618619,5.182943099618618,-0.275,0.275,True,4.497756479172809,5.573264463534833,-0.5370519658746066,0.6226958431122552,0.0,0.0,True,True,True
north,19.405,7,0.7,4.880477486666949,0.0,4.65547748666695,5.105477486666949,-0.275,0.275,True,4.375836268804916,5.5751637886607055,-0.5965202047695118,0.6870471397111163,0.0,0.0,True,True,True
north,19.405,8,0.8,4.803568627514317,0.0,4.578568627514318,5.028568627514317,-0.275,0.275,True,4.24836440596141,5.582614766262191,-0.6615400961400298,0.7569500887855901,0.0,0.0,True,True,True
north,19.405,9,0.9,4.727643922702827,0.0,4.502643922702827,4.952643922702826,-0.275,0.275,True,4.1153408906422895,5.595617396339289,-0.7321116399861606,0.8324046903356767,0.0,0.0,True,True,True
north,19.471,1,0.1,5.2828555616185096,0.0,5.05785556161851,5.507855561618509,-0.275,0.275,True,4.989088695425188,5.591630254981105,-0.335507880471397,0.3716918253150159,0.0,0.0,True,True,True
north,19.471,2,0.2,5.2110973122242,0.0,4.9860973122242,5.4360973122242,-0.275,0.275,True,4.892186123368189,5.563030693661744,-0.37064230010856,0.40486041641549136,0.0,0.0,True,True,True
north,19.471,3,0.3,5.136784260499106,0.0,4.911784260499107,5.361784260499106,-0.275,0.275,True,4.789731898835576,5.539982784817996,-0.4113283722213357,0.44358065999157953,0.0,0.0,True,True,True
north,19.471,4,0.4,5.06086499067755,0.0,4.835864990677551,5.28586499067755,-0.275,0.275,True,4.681726021827352,5.5224865284498605,-0.4575660968097243,0.48785255604328054,0.0,0.0,True,True,True
north,19.471,5,0.5,4.983967150660262,0.0,4.758967150660262,5.2089671506602615,-0.275,0.275,True,4.568168492343514,5.510541924557338,-0.5093554738737256,0.5376761045705942,0.0,0.0,True,True,True
north,19.471,6,0.6,4.906818517290261,0.0,4.681818517290261,5.13181851729026,-0.275,0.275,True,4.449059310384064,5.5041489731404285,-0.5666965034133397,0.5930513055735208,0.0,0.0,True,True,True
north,19.471,7,0.7,4.8298822837910675,0.0,4.604882283791068,5.054882283791067,-0.275,0.275,True,4.3243984759490015,5.503307674199132,-0.6295891854285665,0.6539781590520599,0.0,0.0,True,True,True
north,19.471,8,0.8,4.7534881940763,0.0,4.5284881940763,4.9784881940762995,-0.275,0.275,True,4.194185989038326,5.508018027733447,-0.6980335199194061,0.7204566650062121,0.0,0.0,True,True,True
north,19.471,9,0.9,4.678438591854369,0.0,4.453438591854369,4.903438591854369,-0.275,0.275,True,4.058421849652037,5.518280033743375,-0.7720295068858584,0.7924868234359769,0.0,0.0,True,True,True
north,19.537,1,0.1,5.235615150371852,0.0,5.010615150371852,5.460615150371852,-0.275,0.275,True,4.928137440575639,5.543956520280468,-0.32841869015529335,0.37878101563111977,0.0,0.0,True,True,True
north,19.537,2,0.2,5.1621985378727215,0.0,4.937198537872722,5.387198537872721,-0.275,0.275,True,4.82730075212734,5.511422842569806,-0.3614820243082488,0.414020692215803,0.0,0.0,True,True,True
north,19.537,3,0.3,5.087055795044521,0.0,4.862055795044522,5.312055795044521,-0.275,0.275,True,4.720912411203428,5.48444081733476,-0.400097010936817,0.45481202127609893,0.0,0.0,True,True,True
north,19.537,4,0.4,5.0102573091458975,0.0,4.785257309145898,5.235257309145897,-0.275,0.275,True,4.608972417803905,5.463010444575325,-0.44426365004099805,0.5011550028120078,0.0,0.0,True,True,True
north,19.537,5,0.5,4.932956293055274,0.0,4.7079562930552745,5.157956293055274,-0.275,0.275,True,4.491480771928766,5.447131724291503,-0.4939819416207918,0.5530496368235291,0.0,0.0,True,True,True
north,19.537,6,0.6,4.855765288360564,0.0,4.630765288360564,5.080765288360563,-0.275,0.275,True,4.368437473578017,5.436804656483294,-0.5492518856761983,0.6104959233106635,0.0,0.0,True,True,True
north,19.537,7,0.7,4.779190733359273,0.0,4.554190733359273,5.004190733359272,-0.275,0.275,True,4.239842522751655,5.432029241150698,-0.6100734822072176,0.6734938622734106,0.0,0.0,True,True,True
north,19.537,8,0.8,4.703972861003554,0.0,4.478972861003554,4.928972861003554,-0.275,0.275,True,4.105695919449679,5.432805478293713,-0.6764467312138497,0.7420434537117703,0.0,0.0,True,True,True
north,19.537,9,0.9,4.629980777393949,0.0,4.404980777393949,4.854980777393949,-0.275,0.275,True,3.9659976636720904,5.439133367912343,-0.7483716326960944,0.8161446976257428,0.0,0.0,True,True,True
north,19.603,1,0.1,5.187314084614788,0.0,4.962314084614788,5.4123140846147875,-0.275,0.275,True,4.885416525231378,5.496590365901587,-0.3408913776777871,0.366308328108626,0.0,0.0,True,True,True
north,19.603,2,0.2,5.112629776510842,0.0,4.887629776510843,5.337629776510842,-0.275,0.275,True,4.782089246641309,5.461566098049155,-0.3793527545093894,0.3961499620146624,0.0,0.0,True,True,True
north,19.603,3,0.3,5.0364908251960365,0.0,4.811490825196037,5.261490825196036,-0.275,0.275,True,4.673210315575627,5.432093482672339,-0.42336578381660445,0.4315432483963115,0.0,0.0,True,True,True
north,19.603,4,0.4,4.9595075953974055,0.0,4.734507595397406,5.184507595397405,-0.275,0.275,True,4.558779732034333,5.408172519771132,-0.4729304655994323,0.47248818725357344,0.0,0.0,True,True,True
north,19.603,5,0.5,4.881989229092279,0.0,4.65698922909228,5.106989229092279,-0.275,0.275,True,4.4387974960174255,5.3898032093455415,-0.5280467998578728,0.5189847785864481,0.0,0.0,True,True,True
north,19.603,6,0.6,4.805098886673816,0.0,4.580098886673817,5.030098886673816,-0.275,0.275,True,4.313263607524905,5.376985551395562,-0.5887147865919263,0.5710330223949355,0.0,0.0,True,True,True
north,19.603,7,0.7,4.72914882218539,0.0,4.504148822185391,4.95414882218539,-0.275,0.275,True,4.182178066556773,5.369719545921195,-0.6549344258015924,0.6286329186790357,0.0,0.0,True,True,True
north,19.603,8,0.8,4.65490184020978,0.0,4.42990184020978,4.879901840209779,-0.275,0.275,True,4.045540873113027,5.368005192922441,-0.7267057174868713,0.6917844674387487,0.0,0.0,True,True,True
north,19.603,9,0.9,4.5824698840638405,0.0,4.357469884063841,4.80746988406384,-0.275,0.275,True,3.9033520271936686,5.371842492399301,-0.804028661647763,0.7604876686740742,0.0,0.0,True,True,True
north,19.669,1,0.1,5.138253902823895,0.0,4.913253902823896,5.363253902823895,-0.275,0.275,True,4.83382150972885,5.450543461068658,-0.3368668902366685,0.3703328155497444,0.0,0.0,True,True,True
north,19.669,2,0.2,5.0623938063624365,0.0,4.837393806362437,5.287393806362436,-0.275,0.275,True,4.729322388297789,5.414347350375236,-0.37248718903722655,0.4030155274868248,0.0,0.0,True,True,True
north,19.669,3,0.3,4.985511571947512,0.0,4.760511571947513,5.210511571947512,-0.275,0.275,True,4.619271614391116,5.383702892157427,-0.41365914031339734,0.4412498918995179,0.0,0.0,True,True,True
north,19.669,4,0.4,4.908390415172921,0.0,4.683390415172921,5.13339041517292,-0.275,0.275,True,4.50366918800883,5.35861008641523,-0.46038274406518104,0.4850359087878238,0.0,0.0,True,True,True
north,19.669,5,0.5,4.831411406746661,0.0,4.606411406746662,5.056411406746661,-0.275,0.275,True,4.382515109150932,5.3390689331486465,-0.5126580002925774,0.5343735781517425,0.0,0.0,True,True,True
north,19.669,6,0.6,4.754972521963634,0.0,4.529972521963634,4.979972521963633,-0.275,0.275,True,4.25580937781742,5.325079432357676,-0.5704849089955866,0.5892628999912739,0.0,0.0,True,True,True
north,19.669,7,0.7,4.679924178809652,0.0,4.4549241788096525,4.904924178809652,-0.275,0.275,True,4.123551994008296,5.316641584042317,-0.6338634701742083,0.6497038743064181,0.0,0.0,True,True,True
north,19.669,8,0.8,4.60668009650531,0.0,4.381680096505311,4.83168009650531,-0.275,0.275,True,3.9857429577235592,5.313755388202572,-0.7027936838284431,0.7156965010971751,0.0,0.0,True,True,True
north,19.669,9,0.9,4.5357391103095175,0.0,4.310739110309518,4.760739110309517,-0.275,0.275,True,3.8423822689632097,5.316420844838439,-0.7772755499582904,0.7872407803635448,0.0,0.0,True,True,True
north,19.735,1,0.1,5.088583621555976,0.0,4.863583621555977,5.313583621555976,-0.275,0.275,True,4.788910101292728,5.406114961280652,-0.33437549445514925,0.37282421133126387,0.0,0.0,True,True,True
north,19.735,2,0.2,5.011767020212752,0.0,4.786767020212753,5.236767020212752,-0.275,0.275,True,4.685664011133362,5.371171881858922,-0.3699251758491667,0.4055775406748851,0.0,0.0,True,True,True
north,19.735,3,0.3,4.9345045189362455,0.0,4.709504518936246,5.159504518936245,-0.275,0.275,True,4.576866268498381,5.341780454912807,-0.4110265097187969,0.443882522494119,0.0,0.0,True,True,True
north,19.735,4,0.4,4.857319574108925,0.0,4.632319574108926,5.082319574108925,-0.275,0.275,True,4.462516873387788,5.317940680442302,-0.4576794960640399,0.48773915678896584,0.0,0.0,True,True,True
north,19.735,5,0.5,4.780742241243359,0.0,4.555742241243359,5.005742241243358,-0.275,0.275,True,4.342615825801581,5.299652558447412,-0.5098841348848957,0.5371474435594252,0.0,0.0,True,True,True
north,19.735,6,0.6,4.705462973213479,0.0,4.48046297321348,4.930462973213479,-0.275,0.275,True,4.217163125739763,5.286916088928134,-0.5676404261813642,0.5921073828054976,0.0,0.0,True,True,True
north,19.735,7,0.7,4.631408019599466,0.0,4.406408019599466,4.856408019599465,-0.275,0.275,True,4.086158773202332,5.279731271884469,-0.6309483699534455,0.6526189745271826,0.0,0.0,True,True,True
north,19.735,8,0.8,4.559481139895211,0.0,4.334481139895211,4.7844811398952105,-0.275,0.275,True,3.949602768189288,5.278098107316416,-0.6998079662011395,0.7186822187244805,0.0,0.0,True,True,True
north,19.735,9,0.9,4.490091266945461,0.0,4.265091266945461,4.7150912669454605,-0.275,0.275,True,3.8074951107006303,5.282016595223977,-0.7742192149244463,0.7902971153973909,0.0,0.0,True,True,True
north,19.801,1,0.1,5.0380534989930865,0.0,4.813053498993087,5.263053498993086,-0.275,0.275,True,4.737786251266242,5.348768889829947,-0.328607170550211,0.3785925352362028,0.0,0.0,True,True,True
north,19.801,2,0.2,4.961061462015531,0.0,4.736061462015531,5.18606146201553,-0.275,0.275,True,4.631069336511727,5.3103549858130705,-0.3600145316097224,0.4154881849143307,0.0,0.0,True,True,True
north,19.801,3,0.3,4.883500971517612,0.0,4.658500971517612,5.1085009715176115,-0.275,0.275,True,4.518800769281599,5.277492734271808,-0.3969735451448465,0.4579354870680714,0.0,0.0,True,True,True
north,19.801,4,0.4,4.806629145833321,0.0,4.581629145833321,5.03162914583332,-0.275,0.275,True,4.400980549575859,5.250182135206156,-0.4394842111555835,0.505934441697425,0.0,0.0,True,True,True
north,19.801,5,0.5,4.730653721667957,0.0,4.505653721667957,4.955653721667956,-0.275,0.275,True,4.277608677394506,5.228423188616119,-0.4875465296419332,0.5594850488023911,0.0,0.0,True,True,True
north,19.801,6,0.6,4.656397818555452,0.0,4.431397818555452,4.881397818555452,-0.275,0.275,True,4.148685152737539,5.2122158945016945,-0.5411605006038955,0.61858730838297,0.0,0.0,True,True,True
north,19.801,7,0.7,4.583904313624976,0.0,4.3589043136249765,4.808904313624976,-0.275,0.275,True,4.0142099756049605,5.201560252862882,-0.6003261240414708,0.6832412204391618,0.0,0.0,True,True,True
north,19.801,8,0.8,4.513436106808679,0.0,4.288436106808679,4.738436106808678,-0.275,0.275,True,3.874183145996769,5.196456263699684,-0.6650433999546588,0.7534467849709663,0.0,0.0,True,True,True
north,19.801,9,0.9,4.44587104326612,0.0,4.22087104326612,4.67087104326612,-0.275,0.275,True,3.7286046639129635,5.196903927012097,-0.7353123283434596,0.8292040019783836,0.0,0.0,True,True,True
north,19.867,1,0.1,4.987055993234764,0.0,4.762055993234764,5.212055993234763,-0.275,0.275,True,4.683168877671101,5.287311954298324,-0.33643967882851145,0.37076002695790167,0.0,0.0,True,True,True
north,19.867,2,0.2,4.909962313055579,0.0,4.684962313055579,5.134962313055579,-0.275,0.275,True,4.572701414742668,5.245147502107527,-0.3707473032077801,0.4047554133162717,0.0,0.0,True,True,True
north,19.867,3,0.3,4.832916584264692,0.0,4.607916584264692,5.057916584264691,-0.275,0.275,True,4.456682299338621,5.208534702392346,-0.41060658006266143,0.4443024521502545,0.0,0.0,True,True,True
north,19.867,4,0.4,4.756456849850971,0.0,4.531456849850971,4.981456849850971,-0.275,0.275,True,4.3351115314589626,5.177473555152775,-0.45601750939315566,0.4894011434598501,0.0,0.0,True,True,True
north,19.867,5,0.5,4.681409765764935,0.0,4.456409765764936,4.906409765764935,-0.275,0.275,True,4.20798911110369,5.15196406038882,-0.5069800911992626,0.5400514872450584,0.0,0.0,True,True,True
north,19.867,6,0.6,4.608123577652001,0.0,4.383123577652001,4.8331235776520005,-0.275,0.275,True,4.075315038272805,5.132006218100475,-0.5634943254809822,0.5962534835058796,0.0,0.0,True,True,True
north,19.867,7,0.7,4.537160329544891,0.0,4.312160329544891,4.762160329544891,-0.275,0.275,True,3.937089312966308,5.117600028287744,-0.6255602122383147,0.6580071322423134,0.0,0.0,True,True,True
north,19.867,8,0.8,4.468678651285154,0.0,4.243678651285155,4.693678651285154,-0.275,0.275,True,3.7933119351841977,5.108745490950625,-0.6931777514712599,0.72531243345436,0.0,0.0,True,True,True
north,19.867,9,0.9,4.403024223088572,0.0,4.178024223088572,4.6280242230885715,-0.275,0.275,True,3.643982904926475,5.10544260608912,-0.7663469431798178,0.7981693871420195,0.0,0.0,True,True,True
north,19.933,1,0.1,4.936052744817217,0.0,4.711052744817217,5.1610527448172165,-0.275,0.275,True,4.628447141853185,5.24453728245316,-0.32956093158406424,0.37763877420234865,0.0,0.0,True,True,True
north,19.933,2,0.2,4.858889087921936,0.0,4.633889087921936,5.083889087921936,-0.275,0.275,True,4.5167298741758595,5.201123025513473,-0.3631585915800588,0.41234412494399253,0.0,0.0,True,True,True
north,19.933,3,0.3,4.782293749127445,0.0,4.557293749127445,5.007293749127444,-0.275,0.275,True,4.3994609540229215,5.163260421049399,-0.4023079040516661,0.45260112816124914,0.0,0.0,True,True,True
north,19.933,4,0.4,4.706924752924007,0.0,4.481924752924007,4.931924752924006,-0.275,0.275,True,4.276640381394371,5.130949469060938,-0.44700886899888626,0.4984097838541186,0.0,0.0,True,True,True
north,19.933,5,0.5,4.632835261804982,0.0,4.4078352618049825,4.857835261804982,-0.275,0.275,True,4.148268156290207,5.104190169548089,-0.4972614864217191,0.5497700920226007,0.0,0.0,True,True,True
north,19.933,6,0.6,4.56089807100303,0.0,4.33589807100303,4.78589807100303,-0.275,0.275,True,4.014344278710431,5.082982522510854,-0.5530657563201647,0.6066820526666957,0.0,0.0,True,True,True
north,19.933,7,0.7,4.491465901602366,0.0,4.266465901602366,4.716465901602366,-0.275,0.275,True,3.8748687486550417,5.0673265279492306,-0.614421678694223,0.6691456657864033,0.0,0.0,True,True,True
north,19.933,8,0.8,4.4250367534379675,0.0,4.200036753437968,4.650036753437967,-0.275,0.275,True,3.7298415661240405,5.057222185863219,-0.6813292535438943,0.7371609313817239,0.0,0.0,True,True,True
north,19.933,9,0.9,4.361522294725628,0.0,4.136522294725628,4.5865222947256274,-0.275,0.275,True,3.5792627311174248,5.052669496252822,-0.7537884808691782,0.8107278494526571,0.0,0.0,True,True,True
north,19.999,1,0.1,4.8850292125693375,0.0,4.660029212569338,5.110029212569337,-0.275,0.275,True,4.585797330344168,5.200512032257168,-0.3342911595937314,0.3729085461926817,0.0,0.0,True,True,True
north,19.999,2,0.2,4.8081594049928205,0.0,4.583159404992821,5.03315940499282,-0.275,0.275,True,4.477107981748056,5.160125694398693,-0.3687187848939533,0.40678393163009846,0.0,0.0,True,True,True
north,19.999,3,0.3,4.73215862115052,0.0,4.507158621150521,4.95715862115052,-0.275,0.275,True,4.362866980676331,5.125291009015833,-0.4086980626697879,0.446210969543128,0.0,0.0,True,True,True
north,19.999,4,0.4,4.657893796901124,0.0,4.432893796901125,4.882893796901124,-0.275,0.275,True,4.243074327128993,5.0960079761085835,-0.4542289929212354,0.49118965993177033,0.0,0.0,True,True,True
north,19.999,5,0.5,4.585324716645126,0.0,4.360324716645127,4.810324716645126,-0.275,0.275,True,4.117730021106042,5.072276595676949,-0.5053115756482955,0.5417200027960254,0.0,0.0,True,True,True
north,19.999,6,0.6,4.5147853065465515,0.0,4.289785306546552,4.739785306546551,-0.275,0.275,True,3.9868340626074796,5.054096867720927,-0.5619458108509685,0.5978019981358933,0.0,0.0,True,True,True
north,19.999,7,0.7,4.447196051400922,0.0,4.222196051400922,4.672196051400921,-0.275,0.275,True,3.8503864516333026,5.041468792240516,-0.6241316985292543,0.6594356459513738,0.0,0.0,True,True,True
north,19.999,8,0.8,4.38267442705497,0.0,4.15767442705497,4.607674427054969,-0.275,0.275,True,3.708387188183514,5.034392369235719,-0.6918692386831528,0.7266209462424672,0.0,0.0,True,True,True
north,19.999,9,0.9,4.321488783268155,0.0,4.096488783268155,4.546488783268154,-0.275,0.275,True,3.5608362722581117,5.0328675987065346,-0.7651584313126639,0.7993578990091733,0.0,0.0,True,True,True
north,20.065,1,0.1,4.834421761782722,0.0,4.6094217617827224,5.059421761782722,-0.275,0.275,True,4.539611647680714,5.145170636656871,-0.3273471554570991,0.37985255032931403,0.0,0.0,True,True,True
north,20.065,2,0.2,4.757941177738306,0.0,4.532941177738306,4.982941177738305,-0.275,0.275,True,4.432141273138946,5.106003272852739,-0.35911231182826747,0.4163904046957843,0.0,0.0,True,True,True
north,20.065,3,0.3,4.682895352720219,0.0,4.457895352720219,4.907895352720218,-0.275,0.275,True,4.319119246121563,5.072387561524222,-0.39642912067504854,0.4584799115378674,0.0,0.0,True,True,True
north,20.065,4,0.4,4.60958365226559,0.0,4.38458365226559,4.834583652265589,-0.275,0.275,True,4.200545566628569,5.044323502671316,-0.43929758199744245,0.5061210708555632,0.0,0.0,True,True,True
north,20.065,5,0.5,4.5385815487802645,0.0,4.313581548780265,4.763581548780264,-0.275,0.275,True,4.0764202346599605,5.021811096294024,-0.4877176957954491,0.5593138826488718,0.0,0.0,True,True,True
north,20.065,6,0.6,4.4699981247159055,0.0,4.244998124715906,4.694998124715905,-0.275,0.275,True,3.9467432502157407,5.004850342392344,-0.5416894620690685,0.6180583469177933,0.0,0.0,True,True,True
north,20.065,7,0.7,4.404274734105142,0.0,4.179274734105142,4.629274734105142,-0.275,0.275,True,3.8115146132959072,4.993441240966277,-0.6012128808183007,0.6823544636623274,0.0,0.0,True,True,True
north,20.065,8,0.8,4.341734637912614,0.0,4.116734637912614,4.566734637912614,-0.275,0.275,True,3.6707343239004624,4.9875837920158235,-0.6662879520431456,0.7522022328824743,0.0,0.0,True,True,True
north,20.065,9,0.9,4.282907755740915,0.0,4.057907755740915,4.507907755740915,-0.275,0.275,True,3.524402382029403,4.987277995540983,-0.7369146757436033,0.827601654578234,0.0,0.0,True,True,True
north,20.131,1,0.1,4.783845257011531,0.0,4.558845257011531,5.00884525701153,-0.275,0.275,True,4.485138429293026,5.098220954774229,-0.3367000115009953,0.37049969428541757,0.0,0.0,True,True,True
north,20.131,2,0.2,4.708386532634531,0.0,4.4833865326345315,4.933386532634531,-0.275,0.275,True,4.376078865541876,5.0574644017607175,-0.3724634094140583,0.40303930710999303,0.0,0.0,True,True,True
north,20.131,3,0.3,4.6342625040105,0.0,4.4092625040105,4.859262504010499,-0.275,0.275,True,4.261467649315114,5.02225950122282,-0.4137784598027341,0.44113057241018117,0.0,0.0,True,True,True
north,20.131,4,0.4,4.562315002110851,0.0,4.337315002110851,4.787315002110851,-0.275,0.275,True,4.14130478061274,4.992606253160535,-0.46064516266702266,0.4847734901859822,0.0,0.0,True,True,True
north,20.131,5,0.5,4.492858067389388,0.0,4.267858067389389,4.717858067389388,-0.275,0.275,True,4.015590259434752,4.968504657573862,-0.513063518006924,0.5339680604373959,0.0,0.0,True,True,True
north,20.131,6,0.6,4.426359740942623,0.0,4.201359740942624,4.651359740942623,-0.275,0.275,True,3.8843240857811514,4.949954714462802,-0.571033525822438,0.5887142831644224,0.0,0.0,True,True,True
north,20.131,7,0.7,4.362735665570655,0.0,4.137735665570656,4.587735665570655,-0.275,0.275,True,3.7475062596519386,4.936956423827355,-0.6345551861135648,0.6490121583670616,0.0,0.0,True,True,True
north,20.131,8,0.8,4.302443872508118,0.0,4.077443872508119,4.527443872508118,-0.275,0.275,True,3.6051367810471127,4.929509785667521,-0.7036284988803044,0.7148616860453137,0.0,0.0,True,True,True
north,20.131,9,0.9,4.246003826962562,0.0,4.021003826962563,4.471003826962562,-0.275,0.275,True,3.457215649966673,4.927614799983299,-0.7782534641226567,0.7862628661991785,0.0,0.0,True,True,True
north,20.197,1,0.1,4.733663520633084,0.0,4.5086635206330845,4.958663520633084,-0.275,0.275,True,4.437901006249627,5.050153345863014,-0.3315258378102213,0.3756738679761918,0.0,0.0,True,True,True
north,20.197,2,0.2,4.659389775246794,0.0,4.434389775246794,4.8843897752467935,-0.275,0.275,True,4.328737177303652,5.009292527654676,-0.36545723994421553,0.41004547657983625,0.0,0.0,True,True,True
north,20.197,3,0.3,4.586731093124294,0.0,4.361731093124295,4.811731093124294,-0.275,0.275,True,4.214021695882062,4.973983361921952,-0.4049402945538225,0.4499687376590934,0.0,0.0,True,True,True
north,20.197,4,0.4,4.516134506284426,0.0,4.291134506284426,4.741134506284426,-0.275,0.275,True,4.093754561984862,4.944225848664839,-0.4499750016390423,0.49544365121396344,0.0,0.0,True,True,True
north,20.197,5,0.5,4.448521059535723,0.0,4.223521059535724,4.673521059535723,-0.275,0.275,True,3.9679357756120464,4.92001998788334,-0.5005613611998748,0.5464702172444461,0.0,0.0,True,True,True
north,20.197,6,0.6,4.383957396668063,0.0,4.158957396668064,4.608957396668063,-0.275,0.275,True,3.8365653367636203,4.901365779577454,-0.5566993732363201,0.6030484357505417,0.0,0.0,True,True,True
north,20.197,7,0.7,4.322661268643433,0.0,4.097661268643433,4.547661268643433,-0.275,0.275,True,3.69964324543958,4.88826322374718,-0.6183890377483782,0.66517830673225,0.0,0.0,True,True,True
north,20.197,8,0.8,4.264674788377202,0.0,4.039674788377202,4.489674788377202,-0.275,0.275,True,3.5571695016399265,4.88071232039252,-0.6856303547360489,0.732859830189571,0.0,0.0,True,True,True
north,20.197,9,0.9,4.210814021425138,0.0,3.985814021425138,4.435814021425138,-0.275,0.275,True,3.4091441053646614,4.878713069513472,-0.7584233241993324,0.8060930061225048,0.0,0.0,True,True,True
north,20.263,1,0.1,4.684380939675502,0.0,4.459380939675502,4.9093809396755015,-0.275,0.275,True,4.384887301746663,4.992981468355112,-0.32869354264703565,0.37850616313937746,0.0,0.0,True,True,True
north,20.263,2,0.2,4.611060320346072,0.0,4.386060320346072,4.836060320346071,-0.275,0.275,True,4.274915470372111,4.951312647718197,-0.36217191641847496,0.4133308001055768,0.0,0.0,True,True,True
north,20.263,3,0.3,4.540002768015638,0.0,4.315002768015638,4.765002768015638,-0.275,0.275,True,4.159391986521944,4.915195479556896,-0.40120194266552694,0.453707089547389,0.0,0.0,True,True,True
north,20.263,4,0.4,4.471317598146658,0.0,4.246317598146659,4.696317598146658,-0.275,0.275,True,4.038316850196167,4.884629963871206,-0.44578362138819183,0.4996350314648139,0.0,0.0,True,True,True
north,20.263,5,0.5,4.405525245121713,0.0,4.180525245121713,4.630525245121713,-0.275,0.275,True,3.911690061394775,4.859616100661131,-0.49591695258646934,0.5511146258578516,0.0,0.0,True,True,True
north,20.263,6,0.6,4.34297766964254,0.0,4.11797766964254,4.56797766964254,-0.275,0.275,True,3.779511620117771,4.840153889926667,-0.5516019362603597,0.6081458727265021,0.0,0.0,True,True,True
north,20.263,7,0.7,4.284063193786692,0.0,4.059063193786693,4.509063193786692,-0.275,0.275,True,3.6417815263651536,4.826243331667817,-0.6128385724098628,0.6707287720707653,0.0,0.0,True,True,True
north,20.263,8,0.8,4.228693227447283,0.0,4.003693227447283,4.453693227447283,-0.275,0.275,True,3.4984997801369233,4.817884425884578,-0.6796268610349787,0.7388633238906412,0.0,0.0,True,True,True
north,20.263,9,0.9,4.177527066640517,0.0,3.9525270666405166,4.402527066640516,-0.275,0.275,True,3.3496663814330816,4.815077172576954,-0.7519668021357072,0.81254952818613,0.0,0.0,True,True,True
north,20.329,1,0.1,4.635708232370209,0.0,4.410708232370209,4.860708232370208,-0.275,0.275,True,4.3376875168134585,4.950228234285757,-0.3282166708359128,0.37898303495050006,0.0,0.0,True,True,True
north,20.329,2,0.2,4.56373193321867,0.0,4.3387319332186705,4.78873193321867,-0.275,0.275,True,4.228309510072149,4.909153238282086,-0.35997300837523755,0.4155297081488138,0.0,0.0,True,True,True
north,20.329,3,0.3,4.494250233176412,0.0,4.269250233176412,4.719250233176411,-0.275,0.275,True,4.113379850855226,4.8736298947540275,-0.39728099839017506,0.4576280338227402,0.0,0.0,True,True,True
north,20.329,4,0.4,4.427682728447281,0.0,4.202682728447281,4.652682728447281,-0.275,0.275,True,3.992898539162691,4.843658203701582,-0.44014064088072535,0.5052780119722795,0.0,0.0,True,True,True
north,20.329,5,0.5,4.363949036415684,0.0,4.138949036415684,4.588949036415683,-0.275,0.275,True,3.866865574994544,4.81923816512475,-0.4885519358468884,0.5584796425974314,0.0,0.0,True,True,True
north,20.329,6,0.6,4.303613930723405,0.0,4.078613930723406,4.528613930723405,-0.275,0.275,True,3.7352809583507836,4.80036977902353,-0.5425148832886643,0.6172329256981962,0.0,0.0,True,True,True
north,20.329,7,0.7,4.247111056405272,0.0,4.022111056405272,4.4721110564052715,-0.275,0.275,True,3.5981446892314106,4.787053045397923,-0.6020294832060528,0.6815378612745736,0.0,0.0,True,True,True
north,20.329,8,0.8,4.1946040346847,0.0,3.9696040346846995,4.419604034684699,-0.275,0.275,True,3.455456767636425,4.779287964247928,-0.6670957355990541,0.7513944493265641,0.0,0.0,True,True,True
north,20.329,9,0.9,4.146126128038417,0.0,3.921126128038417,4.371126128038417,-0.275,0.275,True,3.307217193565825,4.777074535573546,-0.7377136404676682,0.826802689854167,0.0,0.0,True,True,True
north,20.395,1,0.1,4.5881374696034625,0.0,4.363137469603463,4.813137469603462,-0.275,0.275,True,4.290855464529237,4.898056880803687,-0.33062397472531985,0.37657573106109327,0.0,0.0,True,True,True
north,20.395,2,0.2,4.517521317840958,0.0,4.292521317840959,4.742521317840958,-0.275,0.275,True,4.1817747596775465,4.857279186689634,-0.36455457024641125,0.41094814627764054,0.0,0.0,True,True,True
north,20.395,3,0.3,4.449846067670524,0.0,4.224846067670525,4.674846067670524,-0.275,0.275,True,4.067142402350241,4.822053145051194,-0.4040368182431153,0.4508722139698006,0.0,0.0,True,True,True
north,20.395,4,0.4,4.385240366281159,0.0,4.160240366281159,4.610240366281158,-0.275,0.275,True,3.9469583925473244,4.7923787558883655,-0.4490707187154323,0.49634793413757344,0.0,0.0,True,True,True
north,20.395,5,0.5,4.32383375401871,0.0,4.0988337540187105,4.54883375401871,-0.275,0.275,True,3.821222730268795,4.768256019201152,-0.49965627166336196,0.547375306780959,0.0,0.0,True,True,True
north,20.395,6,0.6,4.265798471251888,0.0,4.040798471251889,4.490798471251888,-0.275,0.275,True,3.689935415514652,4.74968493498955,-0.5557934770869044,0.6039543318999574,0.0,0.0,True,True,True
north,20.395,7,0.7,4.211847448783934,0.0,3.986847448783934,4.436847448783934,-0.275,0.275,True,3.553096448284897,4.736665503253561,-0.6174823349860596,0.6660850094945685,0.0,0.0,True,True,True
north,20.395,8,0.8,4.162143171647052,0.0,3.9371431716470515,4.387143171647051,-0.275,0.275,True,3.410705828579528,4.729197723993184,-0.6847228453608276,0.7337673395647923,0.0,0.0,True,True,True
north,20.395,9,0.9,4.116734722751618,0.0,3.8917347227516177,4.341734722751617,-0.275,0.275,True,3.2627635563985473,4.727281597208421,-0.7575150082112083,0.8070013221106289,0.0,0.0,True,True,True
north,20.461,1,0.1,4.541411006560042,0.0,4.316411006560043,4.766411006560042,-0.275,0.275,True,4.24544186178918,4.853117299116363,-0.32471515592309125,0.3824845498633222,0.0,0.0,True,True,True
north,20.461,2,0.2,4.472637071577411,0.0,4.247637071577412,4.697637071577411,-0.275,0.275,True,4.138766981776162,4.814745429840982,-0.3574373374318759,0.41806537909217645,0.0,0.0,True,True,True
north,20.461,3,0.3,4.406794519911178,0.0,4.181794519911178,4.631794519911177,-0.275,0.275,True,4.026540449287529,4.781925213041214,-0.3957111714162733,0.4591978607966434,0.0,0.0,True,True,True
north,20.461,4,0.4,4.344220701372471,0.0,4.1192207013724715,4.569220701372471,-0.275,0.275,True,3.9087622643232844,4.754656648717059,-0.4395366578762836,0.5058819949767233,0.0,0.0,True,True,True
north,20.461,5,0.5,4.2852329723600695,0.0,4.06023297236007,4.510232972360069,-0.275,0.275,True,3.7854324268834256,4.732939736868516,-0.48891379681190655,0.5581177816324157,0.0,0.0,True,True,True
north,20.461,6,0.6,4.22973302832883,0.0,4.004733028328831,4.45473302832883,-0.275,0.275,True,3.656550936967956,4.716774477495588,-0.5438425882231424,0.615905220763721,0.0,0.0,True,True,True
north,20.461,7,0.7,4.178514034403407,0.0,3.953514034403407,4.403514034403407,-0.275,0.275,True,3.522117794576872,4.7061608705982705,-0.6043230321099908,0.6792443123706391,0.0,0.0,True,True,True
north,20.461,8,0.8,4.1316057798247945,0.0,3.9066057798247944,4.356605779824794,-0.275,0.275,True,3.3821329997101763,4.701098916176567,-0.670355128472452,0.7481350564531699,0.0,0.0,True,True,True
north,20.461,9,0.9,4.089400761664065,0.0,3.8644007616640645,4.314400761664064,-0.275,0.275,True,3.2365965523678675,4.7015886142304755,-0.7419388773105262,0.8225774530113135,0.0,0.0,True,True,True
north,20.527,1,0.1,4.495642398963434,0.0,4.270642398963434,4.720642398963434,-0.275,0.275,True,4.197051994883555,4.8150404119426415,-0.3254616422697548,0.3817380635166583,0.0,0.0,True,True,True
north,20.527,2,0.2,4.429005715951936,0.0,4.204005715951936,4.654005715951936,-0.275,0.275,True,4.091338308516887,4.77762973631361,-0.35751408576598254,0.41798863075806925,0.0,0.0,True,True,True
north,20.527,3,0.3,4.365162407260711,0.0,4.1401624072607115,4.590162407260711,-0.275,0.275,True,3.980072969674604,4.7457707131601925,-0.395118181737823,0.45979085047509294,0.0,0.0,True,True,True
north,20.527,4,0.4,4.304783988938694,0.0,4.079783988938694,4.529783988938694,-0.275,0.275,True,3.8632559783567095,4.719463342482387,-0.4382739301852763,0.5071447226677295,0.0,0.0,True,True,True
north,20.527,5,0.5,4.248218285847981,0.0,4.023218285847982,4.473218285847981,-0.275,0.275,True,3.740887334563202,4.698707624280195,-0.4869813311083423,0.5600502473359786,0.0,0.0,True,True,True
north,20.527,6,0.6,4.195592862504582,0.0,3.970592862504582,4.420592862504582,-0.275,0.275,True,3.612967038294082,4.683503558553616,-0.541240384507021,0.6185074244798408,0.0,0.0,True,True,True
north,20.527,7,0.7,4.147026990186221,0.0,3.9220269901862213,4.372026990186221,-0.275,0.275,True,3.479495089549349,4.673851145302649,-0.6010510903813127,0.6825162540993155,0.0,0.0,True,True,True
north,20.527,8,0.8,4.1031242995588375,0.0,3.8781242995588374,4.328124299558837,-0.275,0.275,True,3.3404714883290025,4.669750384527294,-0.6664134487312169,0.7520767361944031,0.0,0.0,True,True,True
north,20.527,9,0.9,4.064098366443927,0.0,3.839098366443927,4.289098366443927,-0.275,0.275,True,3.195896234633044,4.671201276227554,-0.737327459556734,0.8271888707651033,0.0,0.0,True,True,True
north,20.593,1,0.1,4.451171075805326,0.0,4.226171075805326,4.676171075805326,-0.275,0.275,True,4.154502877361229,4.766165469730599,-0.34667627079535446,0.36052343499105843,0.0,0.0,True,True,True
north,20.593,2,0.2,4.386523335894252,0.0,4.161523335894253,4.611523335894252,-0.275,0.275,True,4.050419271315714,4.730384874422723,-0.3859226077293967,0.38958010879465466,0.0,0.0,True,True,True
north,20.593,3,0.3,4.325006239393987,0.0,4.100006239393988,4.550006239393987,-0.275,0.275,True,3.940784012794587,4.7001559315904595,-0.4307205971390516,0.42418843507386367,0.0,0.0,True,True,True
north,20.593,4,0.4,4.2669221541265765,0.0,4.041922154126577,4.491922154126576,-0.275,0.275,True,3.8255971017978454,4.675478641233808,-0.4810702390243194,0.46434841382868547,0.0,0.0,True,True,True
north,20.593,5,0.5,4.212897115643986,0.0,3.9878971156439857,4.4378971156439855,-0.275,0.275,True,3.704858538325492,4.65635300335277,-0.5369715333851999,0.51006004505912,0.0,0.0,True,True,True
north,20.593,6,0.6,4.163107827373497,0.0,3.938107827373497,4.388107827373497,-0.275,0.275,True,3.5785683223775258,4.642779017947344,-0.5984244802216931,0.5613233287651673,0.0,0.0,True,True,True
north,20.593,7,0.7,4.117581439979642,0.0,3.8925814399796423,4.342581439979642,-0.275,0.275,True,3.4467264539539473,4.634756685017532,-0.6654290795337992,0.6181382649468272,0.0,0.0,True,True,True
north,20.593,8,0.8,4.076762778807747,0.0,3.8517627788077466,4.301762778807746,-0.275,0.275,True,3.309332933054756,4.632286004563332,-0.737985331321518,0.6805048536041002,0.0,0.0,True,True,True
north,20.593,9,0.9,4.040952367179428,0.0,3.815952367179428,4.265952367179428,-0.275,0.275,True,3.1663877596799512,4.635366976584744,-0.8160932355848495,0.7484230947369858,0.0,0.0,True,True,True
north,20.659,1,0.1,4.408082558473534,0.0,4.183082558473535,4.633082558473534,-0.275,0.275,True,4.111207223540507,4.710693479145364,-0.3377164257365771,0.369483280049836,0.0,0.0,True,True,True
north,20.659,2,0.2,4.345463733102397,0.0,4.120463733102397,4.570463733102397,-0.275,0.275,True,4.006232809687268,4.674022076029762,-0.37694465745416095,0.39855805906989084,0.0,0.0,True,True,True
north,20.659,3,0.3,4.286402750933445,0.0,4.061402750933445,4.511402750933445,-0.275,0.275,True,3.895706743358414,4.642902325389773,-0.42172454164735745,0.43318449056555847,0.0,0.0,True,True,True
north,20.659,4,0.4,4.230772829210377,0.0,4.005772829210377,4.455772829210376,-0.275,0.275,True,3.7796290245539472,4.617334227225395,-0.47205607831616686,0.4733625745368389,0.0,0.0,True,True,True
north,20.659,5,0.5,4.179501002166296,0.0,3.9545010021662956,4.404501002166295,-0.275,0.275,True,3.657999653273868,4.597317781536632,-0.527939267460589,0.519092310983732,0.0,0.0,True,True,True
north,20.659,6,0.6,4.132517231608968,0.0,3.9075172316089675,4.357517231608967,-0.275,0.275,True,3.5308186295181763,4.582852988323481,-0.5893741090806238,0.570373699906238,0.0,0.0,True,True,True
north,20.659,7,0.7,4.090193395552475,0.0,3.8651933955524753,4.315193395552475,-0.275,0.275,True,3.398085953286872,4.573939847585943,-0.6563606031762715,0.6272067413043566,0.0,0.0,True,True,True
north,20.659,8,0.8,4.0526213120071946,0.0,3.8276213120071945,4.277621312007194,-0.275,0.275,True,3.259801624579955,4.570578359324017,-0.7288987497475319,0.6895914351780881,0.0,0.0,True,True,True
north,20.659,9,0.9,4.020086077590606,0.0,3.795086077590606,4.245086077590606,-0.275,0.275,True,3.1159656433974243,4.572768523537705,-0.8069885487944051,0.7575277815274322,0.0,0.0,True,True,True
north,20.725,1,0.1,4.3663757781057395,0.0,4.14137577810574,4.591375778105739,-0.275,0.275,True,4.067577634369822,4.678845103871601,-0.34062527065070836,0.36657443513570476,0.0,0.0,True,True,True
north,20.725,2,0.2,4.305954047153981,0.0,4.080954047153981,4.530954047153981,-0.275,0.275,True,3.964500706056632,4.644071186296048,-0.3779280218198159,0.3975746947042359,0.0,0.0,True,True,True
north,20.725,3,0.3,4.249325515290692,0.0,4.024325515290692,4.474325515290691,-0.275,0.275,True,3.8558721252678283,4.61484892119611,-0.4207824254645362,0.4341266067483797,0.0,0.0,True,True,True
north,20.725,4,0.4,4.196591258430705,0.0,3.971591258430705,4.421591258430705,-0.275,0.275,True,3.741691892003413,4.591178308571783,-0.4691884815848693,0.47623017126813644,0.0,0.0,True,True,True
north,20.725,5,0.5,4.147927852334026,0.0,3.9229278523340256,4.372927852334025,-0.275,0.275,True,3.621960006263384,4.573059348423071,-0.5231461901808151,0.5238853882635058,0.0,0.0,True,True,True
north,20.725,6,0.6,4.103953112868401,0.0,3.8789531128684005,4.3289531128684,-0.275,0.275,True,3.4966764680477427,4.56049204074997,-0.5826555512523738,0.577092257734488,0.0,0.0,True,True,True
north,20.725,7,0.7,4.06484493988132,0.0,3.83984493988132,4.28984493988132,-0.275,0.275,True,3.365841277356488,4.553476385552481,-0.6477165647995451,0.6358507796810831,0.0,0.0,True,True,True
north,20.725,8,0.8,4.030640215772926,0.0,3.8056402157729257,4.255640215772925,-0.275,0.275,True,3.229454434189621,4.552012382830606,-0.7183292308223292,0.7001609541032907,0.0,0.0,True,True,True
north,20.725,9,0.9,4.001623874947924,0.0,3.776623874947924,4.226623874947924,-0.275,0.275,True,3.0875159385471416,4.556100032584345,-0.794493549320726,0.7700227810011112,0.0,0.0,True,True,True
north,20.791,1,0.1,4.326178724769265,0.0,4.101178724769265,4.551178724769264,-0.275,0.275,True,4.036851083578006,4.662965364718202,-0.34163228012301045,0.36556742566340245,0.0,0.0,True,True,True
north,20.791,2,0.2,4.268045837001262,0.0,4.043045837001262,4.493045837001262,-0.275,0.275,True,3.9422088888356663,4.636626180713501,-0.376303248839876,0.39919946768417536,0.0,0.0,True,True,True
north,20.791,3,0.3,4.213963022005292,0.0,3.9889630220052923,4.438963022005292,-0.275,0.275,True,3.8420150416177146,4.615838649184413,-0.41652587003235425,0.438383162180561,0.0,0.0,True,True,True
north,20.791,4,0.4,4.164072483099944,0.0,3.939072483099944,4.389072483099944,-0.275,0.275,True,3.7362695419241496,4.600602770130938,-0.4623001437004454,0.48311850915255944,0.0,0.0,True,True,True
north,20.791,5,0.5,4.118428157207667,0.0,3.893428157207667,4.343428157207667,-0.275,0.275,True,3.6249723897549715,4.590918543553075,-0.5136260698441492,0.5334055086001707,0.0,0.0,True,True,True
north,20.791,6,0.6,4.077537061806493,0.0,3.8525370618064927,4.302537061806492,-0.275,0.275,True,3.5081235851101815,4.586785969450825,-0.5705036484634658,0.5892441605233947,0.0,0.0,True,True,True
north,20.791,7,0.7,4.0416136351572565,0.0,3.8166136351572564,4.266613635157256,-0.275,0.275,True,3.3857231279897784,4.5882050478241885,-0.6329328795583952,0.6506344649222312,0.0,0.0,True,True,True
north,20.791,8,0.8,4.010872953482574,0.0,3.7858729534825737,4.235872953482573,-0.275,0.275,True,3.2577710183937625,4.5951757786731635,-0.7009137631289374,0.7175764217966808,0.0,0.0,True,True,True
north,20.791,9,0.9,3.9854441133000136,0.0,3.7604441133000135,4.210444113300014,-0.275,0.275,True,3.124267256322134,4.607698161997752,-0.7744462991750922,0.790070031146743,0.0,0.0,True,True,True
north,20.857,1,0.1,4.2875725295068206,0.0,4.062572529506821,4.51257252950682,-0.275,0.275,True,4.005701205489121,4.669918404104692,-0.3416732406741414,0.3655264651122717,0.0,0.0,True,True,True
north,20.857,2,0.2,4.2318482687182915,0.0,4.006848268718292,4.456848268718291,-0.275,0.275,True,3.923255091408342,4.65577530076155,-0.37902676852041184,0.39647594800363994,0.0,0.0,True,True,True
north,20.857,3,0.3,4.180487969929185,0.0,3.955487969929185,4.405487969929185,-0.275,0.275,True,3.8352573248519506,4.647183849894024,-0.421931948842295,0.4329770833706209,0.0,0.0,True,True,True
north,20.857,4,0.4,4.133428683393143,0.0,3.908428683393143,4.358428683393143,-0.275,0.275,True,3.741707905819945,4.644144051502107,-0.47038878163979103,0.4750298712132147,0.0,0.0,True,True,True
north,20.857,5,0.5,4.090986029440886,0.0,3.865986029440886,4.315986029440886,-0.275,0.275,True,3.6426068343123283,4.646655905585806,-0.5243972669128997,0.5226343115314213,0.0,0.0,True,True,True
north,20.857,6,0.6,4.053306972395445,0.0,3.828306972395445,4.278306972395445,-0.275,0.275,True,3.537954110329098,4.654719412145116,-0.5839574046616213,0.5757904043252405,0.0,0.0,True,True,True
north,20.857,7,0.7,4.020692472318946,0.0,3.795692472318946,4.245692472318946,-0.275,0.275,True,3.427749733870255,4.66833457118004,-0.6490691948859555,0.6344981495946727,0.0,0.0,True,True,True
north,20.857,8,0.8,3.9934208597520313,0.0,3.7684208597520312,4.218420859752031,-0.275,0.275,True,3.3119937049357997,4.687501382690576,-0.7197326375859026,0.6987575473397174,0.0,0.0,True,True,True
north,20.857,9,0.9,3.9716423867728943,0.0,3.746642386772894,4.196642386772894,-0.275,0.275,True,3.190686023525731,4.712219846676725,-0.7959477327614622,0.768568597560375,0.0,0.0,True,True,True
north,20.923,1,0.1,4.250433539113608,0.0,4.0254335391136085,4.475433539113608,-0.275,0.275,True,3.9795936198622823,4.6821106371864385,-0.34259975511126745,0.36459995067514633,0.0,0.0,True,True,True
north,20.923,2,0.2,4.197589654356828,0.0,3.972589654356828,4.422589654356828,-0.275,0.275,True,3.908134980052324,4.678955008114119,-0.3780778846680316,0.3974248318560215,0.0,0.0,True,True,True
north,20.923,3,0.3,4.148862564932983,0.0,3.9238625649329832,4.373862564932983,-0.275,0.275,True,3.8311246877667533,4.681351031517414,-0.41910766670040844,0.4358013655125095,0.0,0.0,True,True,True
north,20.923,4,0.4,4.104781926177966,0.0,3.8797819261779662,4.329781926177966,-0.275,0.275,True,3.7485627430055692,4.68929870739632,-0.4656891012083982,0.47972955164461023,0.0,0.0,True,True,True
north,20.923,5,0.5,4.065591513318715,0.0,3.840591513318715,4.290591513318715,-0.275,0.275,True,3.660449145768773,4.702798035750839,-0.5178221881920005,0.5292093902523237,0.0,0.0,True,True,True
north,20.923,6,0.6,4.031273476023486,0.0,3.806273476023486,4.256273476023486,-0.275,0.275,True,3.566783896056364,4.721849016580972,-0.5755069276512157,0.5842408813356499,0.0,0.0,True,True,True
north,20.923,7,0.7,4.002142264028909,0.0,3.777142264028909,4.227142264028909,-0.275,0.275,True,3.467566993868342,4.746451649886716,-0.6387433195860437,0.6448240248945889,0.0,0.0,True,True,True
north,20.923,8,0.8,3.978405932926316,0.0,3.753405932926316,4.203405932926316,-0.275,0.275,True,3.362798439204708,4.776605935668075,-0.7075313639964844,0.7109588209291406,0.0,0.0,True,True,True
north,20.923,9,0.9,3.960294919992332,0.0,3.7352949199923318,4.185294919992332,-0.275,0.275,True,3.25247823206546,4.812311873925046,-0.781871060882538,0.7826452694393052,0.0,0.0,True,True,True
north,20.989,1,0.1,4.215028928366599,0.0,3.990028928366599,4.440028928366599,-0.275,0.275,True,3.951653314617507,4.702544333986306,-0.3524126534095886,0.3547870523768245,0.0,0.0,True,True,True
north,20.989,2,0.2,4.165045666710458,0.0,3.9400456667104575,4.390045666710457,-0.275,0.275,True,3.8896012448525927,4.708795274959029,-0.3903872236357523,0.3851154928882995,0.0,0.0,True,True,True
north,20.989,3,0.3,4.119274874435692,0.0,3.8942748744356916,4.344274874435691,-0.275,0.275,True,3.821997522612065,4.720597868407366,-0.43391344633752865,0.42099558587538727,0.0,0.0,True,True,True
north,20.989,4,0.4,4.078311344805241,0.0,3.8533113448052405,4.30331134480524,-0.275,0.275,True,3.7488421478959237,4.737952114331314,-0.4829913215149179,0.46242733133808783,0.0,0.0,True,True,True
north,20.989,5,0.5,4.042289028473773,0.0,3.817289028473773,4.267289028473773,-0.275,0.275,True,3.6701351207041704,4.760858012730877,-0.5376208491679199,0.5094107292764011,0.0,0.0,True,True,True
north,20.989,6,0.6,4.0114473338057435,0.0,3.7864473338057434,4.236447333805743,-0.275,0.275,True,3.585876441036805,4.789315563606052,-0.5978020292965346,0.5619457796903272,0.0,0.0,True,True,True
north,20.989,7,0.7,3.9858991699575053,0.0,3.760899169957505,4.210899169957505,-0.275,0.275,True,3.496066108893826,4.823324766956839,-0.6635348619007622,0.620032482579866,0.0,0.0,True,True,True
north,20.989,8,0.8,3.965787817697323,0.0,3.740787817697323,4.190787817697323,-0.275,0.275,True,3.4007041242752343,4.862885622783239,-0.7348193469806024,0.6836708379450176,0.0,0.0,True,True,True
north,20.989,9,0.9,3.9514122686451634,0.0,3.7264122686451633,4.176412268645163,-0.275,0.275,True,3.29979048718103,4.907998131085253,-0.8116554845360553,0.7528608457857819,0.0,0.0,True,True,True
north,21.055,1,0.1,4.181474937692074,0.0,3.956474937692074,4.4064749376920735,-0.275,0.275,True,3.9152849221454233,4.699303807396652,-0.3535249323623838,0.3536747734240291,0.0,0.0,True,True,True
north,21.055,2,0.2,4.134340135177316,0.0,3.9093401351773163,4.359340135177316,-0.275,0.275,True,3.8551344563098353,4.707456352298703,-0.39314285441099495,0.3823598621130564,0.0,0.0,True,True,True
north,21.055,3,0.3,4.091780527168407,0.0,3.8667805271684066,4.316780527168406,-0.275,0.275,True,3.789432337998636,4.721160549676367,-0.4383124289352188,0.41659660327769643,0.0,0.0,True,True,True
north,21.055,4,0.4,4.053992632783696,0.0,3.8289926327836956,4.278992632783695,-0.275,0.275,True,3.718178567211822,4.740416399529643,-0.48903365593505554,0.4563849969179493,0.0,0.0,True,True,True
north,21.055,5,0.5,4.021298867047286,0.0,3.796298867047286,4.246298867047286,-0.275,0.275,True,3.6413731439493957,4.765223901858532,-0.545306535410505,0.5017250430338148,0.0,0.0,True,True,True
north,21.055,6,0.6,3.9939177471582,0.0,3.7689177471582,4.2189177471582,-0.275,0.275,True,3.5590160682113567,4.795583056663033,-0.6071310673615672,0.5526167416252933,0.0,0.0,True,True,True
north,21.055,7,0.7,3.9720228709212893,0.0,3.747022870921289,4.197022870921289,-0.275,0.275,True,3.471107339997705,4.831493863943147,-0.6745072517882421,0.6090600926923843,0.0,0.0,True,True,True
north,21.055,8,0.8,3.955685601410482,0.0,3.730685601410482,4.180685601410482,-0.275,0.275,True,3.377646959308441,4.872956323698874,-0.7474350886905299,0.6710550962350883,0.0,0.0,True,True,True
north,21.055,9,0.9,3.9505413104053986,0.0,3.7255413104053985,4.175541310405398,-0.275,0.275,True,3.2786349261435634,4.919970435930215,-0.8259145780684304,0.7386017522534049,0.0,0.0,True,True,True
north,21.121,1,0.1,4.149797277531939,0.0,3.924797277531939,4.374797277531939,-0.275,0.275,True,3.8726765019252842,4.680312330748051,-0.3398267413942302,0.3673729643921829,0.0,0.0,True,True,True
north,21.121,2,0.2,4.105625690795695,0.0,3.880625690795695,4.330625690795695,-0.275,0.275,True,3.8076186837078514,4.683557523268256,-0.37347092994461945,0.40203178657943234,0.0,0.0,True,True,True
north,21.121,3,0.3,4.066338086756109,0.0,3.841338086756109,4.291338086756109,-0.275,0.275,True,3.737009213014806,4.692354368264075,-0.4126667709706214,0.44224226124229454,0.0,0.0,True,True,True
north,21.121,4,0.4,4.031904727937379,0.0,3.8069047279373787,4.256904727937378,-0.275,0.275,True,3.660848089846147,4.7067028657355054,-0.4574142644722362,0.48800438838076954,0.0,0.0,True,True,True
north,21.121,5,0.5,4.002660653109894,0.0,3.7776606531098937,4.2276606531098935,-0.275,0.275,True,3.579135314201876,4.72660301568255,-0.5077134104494637,0.5393181679948572,0.0,0.0,True,True,True
north,21.121,6,0.6,3.97882492089701,0.0,3.75382492089701,4.20382492089701,-0.275,0.275,True,3.4918708860819923,4.752054818105207,-0.563564208902304,0.5961836000845578,0.0,0.0,True,True,True
north,21.121,7,0.7,3.9606063057077696,0.0,3.7356063057077695,4.185606305707769,-0.275,0.275,True,3.3990548054864957,4.783058273003476,-0.624966659830757,0.6586006846498711,0.0,0.0,True,True,True
north,21.121,8,0.8,3.950090106929724,0.0,3.725090106929724,4.175090106929724,-0.275,0.275,True,3.3006870724153865,4.819613380377358,-0.6919207632348229,0.7265694216907971,0.0,0.0,True,True,True
north,21.121,9,0.9,3.952680949567574,0.0,3.727680949567574,4.1776809495675735,-0.275,0.275,True,3.196767686868664,4.861720140226854,-0.7644265191145014,0.8000898112073358,0.0,0.0,True,True,True
north,21.187,1,0.1,4.120121591663716,0.0,3.8951215916637163,4.345121591663716,-0.275,0.275,True,3.843163564880221,4.680381487746297,-0.33451342421774066,0.37268628156867245,0.0,0.0,True,True,True
north,21.187,2,0.2,4.079085627803987,0.0,3.8540856278039866,4.304085627803986,-0.275,0.275,True,3.777181519594031,4.682702453197745,-0.3634614972455764,0.41204121927847537,0.0,0.0,True,True,True
north,21.187,3,0.3,4.0429785471289765,0.0,3.8179785471289764,4.267978547128976,-0.275,0.275,True,3.7056478218322293,4.690575071124808,-0.3979612227490249,0.456947809463891,0.0,0.0,True,True,True
north,21.187,4,0.4,4.012021714128914,0.0,3.787021714128914,4.237021714128914,-0.275,0.275,True,3.6285624715948135,4.7039993415274814,-0.43801260072808623,0.5074060521249195,0.0,0.0,True,True,True
north,21.187,5,0.5,3.986355642824191,0.0,3.7613556428241908,4.2113556428241905,-0.275,0.275,True,3.5459254688817854,4.722975264405769,-0.48361563118276024,0.5634159472615606,0.0,0.0,True,True,True
north,21.187,6,0.6,3.9661309267601936,0.0,3.7411309267601935,4.191130926760193,-0.275,0.275,True,3.4577368136931446,4.747502839759669,-0.5347703141130471,0.6249774948738147,0.0,0.0,True,True,True
north,21.187,7,0.7,3.9516545940173655,0.0,3.7266545940173654,4.176654594017365,-0.275,0.275,True,3.363996506028891,4.777582067589181,-0.5914766495189467,0.6920906949616814,0.0,0.0,True,True,True
north,21.187,8,0.8,3.951391925408232,0.0,3.726391925408232,4.176391925408232,-0.275,0.275,True,3.2647045458890247,4.813212947894306,-0.653734637400459,0.764755547525161,0.0,0.0,True,True,True
north,21.187,9,0.9,3.956355856935618,0.0,3.7313558569356178,4.1813558569356175,-0.275,0.275,True,3.1598609332735452,4.854395480675046,-0.7215442777575841,0.8429720525642531,0.0,0.0,True,True,True
north,21.253,1,0.1,4.092576888735038,0.0,3.8675768887350377,4.317576888735037,-0.275,0.275,True,3.8256927396339697,4.685422994584899,-0.3412513906753481,0.3659483151110648,0.0,0.0,True,True,True
north,21.253,2,0.2,4.054678293171946,0.0,3.829678293171946,4.279678293171946,-0.275,0.275,True,3.7658116470422587,4.693844912730826,-0.373211377640452,0.40229133888359936,0.0,0.0,True,True,True
north,21.253,3,0.3,4.021905261775626,0.0,3.7969052617756263,4.246905261775626,-0.275,0.275,True,3.7003789019749345,4.707818483352366,-0.4107230170811686,0.44418601513174666,0.0,0.0,True,True,True
north,21.253,4,0.4,3.9944277836129083,0.0,3.769427783612908,4.219427783612908,-0.275,0.275,True,3.6293945044319975,4.727343706449519,-0.45378630899749806,0.4916323438555068,0.0,0.0,True,True,True
north,21.253,5,0.5,3.9724067393110087,0.0,3.7474067393110086,4.197406739311009,-0.275,0.275,True,3.5528584544134474,4.752420582022284,-0.5024012533894402,0.5446303250548796,0.0,0.0,True,True,True
north,21.253,6,0.6,3.9559490030153985,0.0,3.7309490030153984,4.180949003015399,-0.275,0.275,True,3.470770751919285,4.783049110070661,-0.5565678502569952,0.6031799587298653,0.0,0.0,True,True,True
north,21.253,7,0.7,3.9505052719200653,0.0,3.725505271920065,4.175505271920065,-0.275,0.275,True,3.38313139694951,4.819229290594652,-0.6162860996001628,0.6672812448804636,0.0,0.0,True,True,True
north,21.253,8,0.8,3.9542839531653518,0.0,3.7292839531653517,4.179283953165352,-0.275,0.275,True,3.2899403895041215,4.860961123594255,-0.6815560014189433,0.7369341835066748,0.0,0.0,True,True,True
north,21.253,9,0.9,3.961475520283934,0.0,3.7364755202839337,4.186475520283934,-0.275,0.275,True,3.1911977295831204,4.908244609069472,-0.7523775557133364,0.8121387746084988,0.0,0.0,True,True,True
north,21.319,1,0.1,4.067084660193502,0.0,3.842084660193502,4.292084660193502,-0.275,0.275,True,3.794316439338877,4.685216351381316,-0.3505785488484324,0.3566211569379807,0.0,0.0,True,True,True
north,21.319,2,0.2,4.0325359798512705,0.0,3.8075359798512705,4.25753597985127,-0.275,0.275,True,3.737746328410281,4.696949251190357,-0.38831958801179917,0.3871831285122526,0.0,0.0,True,True,True
north,21.319,3,0.3,4.003179042190878,0.0,3.7781790421908776,4.228179042190877,-0.275,0.275,True,3.6756245650060726,4.714233803475014,-0.4316122796507787,0.4232967525621372,0.0,0.0,True,True,True
north,21.319,4,0.4,3.979243908867705,0.0,3.754243908867705,4.204243908867705,-0.275,0.275,True,3.6079511491262513,4.737070008235281,-0.480456623765371,0.46496202908763473,0.0,0.0,True,True,True
north,21.319,5,0.5,3.9609176914232074,0.0,3.7359176914232073,4.1859176914232075,-0.275,0.275,True,3.534726080770817,4.765457865471163,-0.534852620355576,0.5121789580887449,0.0,0.0,True,True,True
north,21.319,6,0.6,3.950077931648365,0.0,3.725077931648365,4.175077931648365,-0.275,0.275,True,3.4559493599397704,4.799397375182657,-0.594800269421394,0.5649475395654678,0.0,0.0,True,True,True
north,21.319,7,0.7,3.952589398762104,0.0,3.727589398762104,4.177589398762104,-0.275,0.275,True,3.3716209866331104,4.838888537369764,-0.6602995709628245,0.6232677735178036,0.0,0.0,True,True,True
north,21.319,8,0.8,3.958672251592286,0.0,3.733672251592286,4.183672251592286,-0.275,0.275,True,3.281740960850838,4.883931352032483,-0.7313505249798679,0.6871396599457521,0.0,0.0,True,True,True
north,21.319,9,0.9,3.9680636294653144,0.0,3.7430636294653143,4.193063629465314,-0.275,0.275,True,3.1863092825929527,4.9345258191708155,-0.8079531314725239,0.7565631988493133,0.0,0.0,True,True,True
north,21.385,1,0.1,4.04366806578418,0.0,3.81866806578418,4.26866806578418,-0.275,0.275,True,3.7695217702180783,4.681419066760279,-0.344587235464599,0.3626124703218141,0.0,0.0,True,True,True
north,21.385,2,0.2,4.012596094452083,0.0,3.787596094452083,4.2375960944520825,-0.275,0.275,True,3.712088973532925,4.692289280812763,-0.38063012028054805,0.39487259624350374,0.0,0.0,True,True,True
north,21.385,3,0.3,3.9868121156908765,0.0,3.7618121156908764,4.2118121156908765,-0.275,0.275,True,3.649104524372159,4.708711147340862,-0.42222465757210986,0.43268437464080606,0.0,0.0,True,True,True
north,21.385,4,0.4,3.9664869356319357,0.0,3.7414869356319356,4.191486935631936,-0.275,0.275,True,3.5805684227357797,4.7306846663445725,-0.4693708473392845,0.4760478055137212,0.0,0.0,True,True,True
north,21.385,5,0.5,3.951896919389567,0.0,3.726896919389567,4.176896919389567,-0.275,0.275,True,3.506480668623788,4.758209837823896,-0.5220686895820719,0.5249628888622491,0.0,0.0,True,True,True
north,21.385,6,0.6,3.9513256006649295,0.0,3.7263256006649295,4.17632560066493,-0.275,0.275,True,3.4268412620361843,4.791286661778833,-0.580318184300472,0.5794296246863898,0.0,0.0,True,True,True
north,21.385,7,0.7,3.956223868427655,0.0,3.731223868427655,4.181223868427655,-0.275,0.275,True,3.341650202972967,4.829915138209382,-0.6441193314944849,0.6394480129861433,0.0,0.0,True,True,True
north,21.385,8,0.8,3.9645067539408996,0.0,3.7395067539408995,4.1895067539409,-0.275,0.275,True,3.250907491434137,4.8740952671155435,-0.7134721311641106,0.7050180537615094,0.0,0.0,True,True,True
north,21.385,9,0.9,3.9761436400657764,0.0,3.7511436400657763,4.2011436400657765,-0.275,0.275,True,3.1546131274196947,4.923827048497319,-0.7883765833093489,0.7761397470124883,0.0,0.0,True,True,True
north,21.451,1,0.1,4.0225116565039665,0.0,3.7975116565039664,4.247511656503966,-0.275,0.275,True,3.745797010788211,4.683311388646907,-0.3439954781421761,0.36320422764423677,0.0,0.0,True,True,True
north,21.451,2,0.2,3.9949378200676158,0.0,3.7699378200676157,4.219937820067615,-0.275,0.275,True,3.689392062194531,4.695209450790865,-0.37787245727692476,0.3976302592471266,0.0,0.0,True,True,True
north,21.451,3,0.3,3.972793991942052,0.0,3.7477939919420518,4.197793991942052,-0.275,0.275,True,3.6274354611252386,4.712659165410437,-0.41730108888728606,0.4376079433256292,0.0,0.0,True,True,True
north,21.451,4,0.4,3.956212404620315,0.0,3.731212404620315,4.1812124046203145,-0.275,0.275,True,3.5599272075803325,4.735660532505621,-0.4622813729732603,0.4831372798797446,0.0,0.0,True,True,True
north,21.451,5,0.5,3.950469233434732,0.0,3.725469233434732,4.175469233434732,-0.275,0.275,True,3.4868673015598146,4.764213552076417,-0.5128133095348472,0.5342182689094727,0.0,0.0,True,True,True
north,21.451,6,0.6,3.9541733553143232,0.0,3.729173355314323,4.179173355314323,-0.275,0.275,True,3.4082557430636835,4.798318224122827,-0.5688968985720468,0.5908509104148136,0.0,0.0,True,True,True
north,21.451,7,0.7,3.9613042654334585,0.0,3.7363042654334584,4.186304265433458,-0.275,0.275,True,3.3240925320919397,4.8379745486448495,-0.6305321400848592,0.6530352043957671,0.0,0.0,True,True,True
north,21.451,8,0.8,3.97178877649098,0.0,3.74678877649098,4.19678877649098,-0.275,0.275,True,3.2343776686445835,4.883182525642484,-0.6977190340732845,0.7207711508523337,0.0,0.0,True,True,True
north,21.451,9,0.9,3.9857413425652037,0.0,3.7607413425652036,4.210741342565203,-0.275,0.275,True,3.139111152721614,4.933942155115732,-0.7704575805373224,0.7940587497845129,0.0,0.0,True,True,True
north,21.517,1,0.1,4.0036974312718625,0.0,3.7786974312718624,4.228697431271862,-0.275,0.275,True,3.7252481625426,4.7160101704838615,-0.34745663237967556,0.35974307340673756,0.0,0.0,True,True,True
north,21.517,2,0.2,3.979662896838399,0.0,3.754662896838399,4.204662896838399,-0.275,0.275,True,3.676866285290133,4.735931303969032,-0.3819182419501771,0.3935844745738747,0.0,0.0,True,True,True
north,21.517,3,0.3,3.961229077138645,0.0,3.736229077138645,4.186229077138645,-0.275,0.275,True,3.622932755562053,4.761404089929817,-0.42193150399629137,0.43297752821662455,0.0,0.0,True,True,True
north,21.517,4,0.4,3.950065756367006,0.0,3.7250657563670058,4.1750657563670055,-0.275,0.275,True,3.56344757335836,4.792428528366213,-0.4674964185180185,0.47792223433498726,0.0,0.0,True,True,True
north,21.517,5,0.5,3.9524978479566344,0.0,3.7274978479566343,4.1774978479566345,-0.275,0.275,True,3.4984107386790546,4.829004619278224,-0.5186129855153583,0.5284185929289626,0.0,0.0,True,True,True
north,21.517,6,0.6,3.9585166973854795,0.0,3.7335166973854794,4.183516697385479,-0.275,0.275,True,3.427822251524136,4.871132362665846,-0.5752812049883109,0.5844666039985509,0.0,0.0,True,True,True
north,21.517,7,0.7,3.9678363631262896,0.0,3.7428363631262895,4.19283636312629,-0.275,0.275,True,3.351682111893605,4.918811758529081,-0.6375010769368763,0.6460662675437518,0.0,0.0,True,True,True
north,21.517,8,0.8,3.9805779575930362,0.0,3.755577957593036,4.205577957593036,-0.275,0.275,True,3.2699903197874614,4.972042806867929,-0.7052726013610544,0.7132175835645655,0.0,0.0,True,True,True
north,21.517,9,0.9,3.996878049779923,0.0,3.771878049779923,4.221878049779923,-0.275,0.275,True,3.1827468752057047,5.0308255076823905,-0.7785957782608453,0.785920552060992,0.0,0.0,True,True,True
north,21.583,1,0.1,3.987268588557563,0.0,3.762268588557563,4.212268588557563,-0.275,0.275,True,3.7077933188970107,4.692152113392444,-0.3509136512097314,0.35628605457668205,0.0,0.0,True,True,True
north,21.583,2,0.2,3.9668429445036772,0.0,3.741842944503677,4.191842944503677,-0.275,0.275,True,3.6581954504523684,4.710857255685439,-0.38793285547214795,0.3875698610519044,0.0,0.0,True,True,True
north,21.583,3,0.3,3.95213924476177,0.0,3.7271392447617697,4.1771392447617695,-0.275,0.275,True,3.6030459295321133,4.735114050454049,-0.4305037122101773,0.4244053200027394,0.0,0.0,True,True,True
north,21.583,4,0.4,3.951259275921627,0.0,3.726259275921627,4.176259275921627,-0.275,0.275,True,3.542344756136245,4.764922497698271,-0.4786262214238195,0.46679243142918736,0.0,0.0,True,True,True
north,21.583,5,0.5,3.956091879919692,0.0,3.731091879919692,4.181091879919692,-0.275,0.275,True,3.4760919302647646,4.800282597418105,-0.5323003831130744,0.5147311953312479,0.0,0.0,True,True,True
north,21.583,6,0.6,3.964310337992791,0.0,3.739310337992791,4.189310337992791,-0.275,0.275,True,3.4042874519176713,4.841194349613554,-0.5915261972779421,0.5682216117089213,0.0,0.0,True,True,True
north,21.583,7,0.7,3.9758734889550276,0.0,3.7508734889550275,4.200873488955027,-0.275,0.275,True,3.326931321094965,4.887657754284614,-0.6563036639184225,0.6272636805622074,0.0,0.0,True,True,True
north,21.583,8,0.8,3.990861526508829,0.0,3.765861526508829,4.215861526508829,-0.275,0.275,True,3.2440235377966467,4.9396728114312864,-0.7266327830345156,0.6918574018911063,0.0,0.0,True,True,True
north,21.583,9,0.9,4.00970545000076,0.0,3.7847054500007595,4.234705450000759,-0.275,0.275,True,3.1555641020227143,4.997239521053573,-0.8025135546262216,0.762002775695618,0.0,0.0,True,True,True
north,21.649,1,0.1,3.973181244573095,0.0,3.748181244573095,4.198181244573095,-0.275,0.275,True,3.692359689788902,4.70160388875781,-0.34611071061650417,0.36108899516990894,0.0,0.0,True,True,True
north,21.649,2,0.2,3.9564758062252308,0.0,3.7314758062252307,4.18147580622523,-0.275,0.275,True,3.6437375573176327,4.721284767024179,-0.38093112669979357,0.3945715898242582,0.0,0.0,True,True,True
north,21.649,3,0.3,3.9504331949493987,0.0,3.7254331949493986,4.175433194949399,-0.275,0.275,True,3.589563772370751,4.746517297766162,-0.4213031952586957,0.4336058369542202,0.0,0.0,True,True,True
north,21.649,4,0.4,3.9540627574632943,0.0,3.729062757463294,4.179062757463294,-0.275,0.275,True,3.5298383349482556,4.7773014809837555,-0.46722691629321067,0.4781917365597951,0.0,0.0,True,True,True
north,21.649,5,0.5,3.96113549423503,0.0,3.7361354942350298,4.18613549423503,-0.275,0.275,True,3.4645612450501484,4.813637316676964,-0.5187022898033383,0.5283292886409826,0.0,0.0,True,True,True
north,21.649,6,0.6,3.9715481911610353,0.0,3.746548191161035,4.196548191161035,-0.275,0.275,True,3.3937325026764285,4.855524804845785,-0.5757293157890788,0.584018493197783,0.0,0.0,True,True,True
north,21.649,7,0.7,3.985424982155,0.0,3.760424982155,4.210424982155,-0.275,0.275,True,3.317352107827095,4.902963945490217,-0.638307994250432,0.6452593502301961,0.0,0.0,True,True,True
north,21.649,8,0.8,4.00286428175756,0.0,3.77786428175756,4.22786428175756,-0.275,0.275,True,3.2354200605021495,4.955954738610263,-0.706438325187398,0.7120518597382219,0.0,0.0,True,True,True
north,21.649,9,0.9,4.024297209463218,0.0,3.799297209463218,4.249297209463218,-0.275,0.275,True,3.1479363607015904,5.014497184205923,-0.7801203085999767,0.7843960217218605,0.0,0.0,True,True,True
north,21.715,1,0.1,3.9615404628540833,0.0,3.7365404628540833,4.186540462854083,-0.275,0.275,True,3.6683164207327024,4.700534279216146,-0.36132609728672205,0.34587360849969084,0.0,0.0,True,True,True
north,21.715,2,0.2,3.950053581085647,0.0,3.725053581085647,4.175053581085647,-0.275,0.275,True,3.617991037435539,4.718511906656622,-0.39963745212555024,0.3758652643985011,0.0,0.0,True,True,True
north,21.715,3,0.3,3.952418458342877,0.0,3.727418458342877,4.177418458342877,-0.275,0.275,True,3.5621140016627635,4.74204118657271,-0.44350045943999117,0.4114085727729241,0.0,0.0,True,True,True
north,21.715,4,0.4,3.9583658195035847,0.0,3.7333658195035846,4.183365819503584,-0.275,0.275,True,3.5006853134143743,4.771122118964411,-0.49291511923004494,0.4525035336229599,0.0,0.0,True,True,True
north,21.715,5,0.5,3.967609096787265,0.0,3.7426090967872647,4.1926090967872645,-0.275,0.275,True,3.433704972690373,4.805754703831724,-0.5478814314957114,0.49915014694860843,0.0,0.0,True,True,True
north,21.715,6,0.6,3.9802959720213957,0.0,3.7552959720213956,4.205295972021395,-0.275,0.275,True,3.3611729794907586,4.8459389411746505,-0.6083993962369907,0.5513484127498698,0.0,0.0,True,True,True
north,21.715,7,0.7,3.996521609861978,0.0,3.7715216098619777,4.221521609861978,-0.275,0.275,True,3.2830893338155316,4.891674830993189,-0.6744690134538827,0.6090983310267437,0.0,0.0,True,True,True
north,21.715,8,0.8,4.016582160230516,0.0,3.7915821602305155,4.241582160230515,-0.275,0.275,True,3.199454035664692,4.942962373287341,-0.7460902831463875,0.6723999017792307,0.0,0.0,True,True,True
north,21.715,9,0.9,4.04073753203054,0.0,3.8157375320305396,4.265737532030539,-0.275,0.275,True,3.110267085038239,4.999801568057105,-0.823263205314505,0.7412531250073302,0.0,0.0,True,True,True
north,21.781,1,0.1,3.952381570133972,0.0,3.727381570133972,4.177381570133972,-0.275,0.275,True,3.6722653876207847,4.695210998801482,-0.3300973247858549,0.3771023810005582,0.0,0.0,True,True,True
north,21.781,2,0.2,3.951197220002844,0.0,3.726197220002844,4.176197220002844,-0.275,0.275,True,3.6270830649080814,4.718331686826416,-0.3598611807092411,0.41564153581481067,0.0,0.0,True,True,True
north,21.781,3,0.3,3.955959891411729,0.0,3.730959891411729,4.180959891411729,-0.275,0.275,True,3.576349089719765,4.747004027326965,-0.39517668910824005,0.45973234310467587,0.0,0.0,True,True,True
north,21.781,4,0.4,3.9641139220446826,0.0,3.7391139220446825,4.189113922044682,-0.275,0.275,True,3.5200634620558358,4.781228020303125,-0.43604384998285184,0.5093748028701539,0.0,0.0,True,True,True
north,21.781,5,0.5,3.975603337844279,0.0,3.750603337844279,4.200603337844279,-0.275,0.275,True,3.4582261819162943,4.8210036657548985,-0.48246266333307625,0.5645689151112446,0.0,0.0,True,True,True
north,21.781,6,0.6,3.9905246402051695,0.0,3.7655246402051694,4.215524640205169,-0.275,0.275,True,3.39083724930114,4.866330963682285,-0.5344331291589136,0.6253146798279482,0.0,0.0,True,True,True
north,21.781,7,0.7,4.00929920419764,0.0,3.7842992041976395,4.234299204197639,-0.275,0.275,True,3.3178966642103727,4.917209914085284,-0.5919552474603635,0.6916120970202646,0.0,0.0,True,True,True
north,21.781,8,0.8,4.032118293734888,0.0,3.8071182937348875,4.257118293734887,-0.275,0.275,True,3.2394044266439925,4.973640516963895,-0.6550290182374263,0.7634611666881936,0.0,0.0,True,True,True
north,21.781,9,0.9,4.059267410341742,0.0,3.834267410341742,4.284267410341742,-0.275,0.275,True,3.1553605366019997,5.035622772318121,-0.7236544414901018,0.8408618888317354,0.0,0.0,True,True,True
north,21.847,1,0.1,3.950397156464066,0.0,3.7253971564640658,4.175397156464066,-0.275,0.275,True,3.6553925752476344,4.6808033638964925,-0.34939671682299944,0.35780298896341367,0.0,0.0,True,True,True
north,21.847,2,0.2,3.9539521596122658,0.0,3.7289521596122657,4.178952159612265,-0.275,0.275,True,3.607085490945588,4.700799290332084,-0.38242150106447204,0.39308121545957975,0.0,0.0,True,True,True
north,21.847,3,0.3,3.9609667230366017,0.0,3.7359667230366016,4.185966723036602,-0.275,0.275,True,3.5532267541679285,4.726346869243289,-0.4209979377815574,0.4339110944313585,0.0,0.0,True,True,True
north,21.847,4,0.4,3.97130760583109,0.0,3.74630760583109,4.19630760583109,-0.275,0.275,True,3.493816364914656,4.757446100630106,-0.4651260269742556,0.48029262587875016,0.0,0.0,True,True,True
north,21.847,5,0.5,3.985108621744796,0.0,3.760108621744796,4.210108621744796,-0.275,0.275,True,3.4288543231857713,4.794096984492537,-0.5148057686425664,0.5322258098017545,0.0,0.0,True,True,True
north,21.847,6,0.6,4.002465693573233,0.0,3.7774656935732325,4.227465693573232,-0.275,0.275,True,3.3583406289812743,4.83629952083058,-0.5700371627864902,0.5897106462003716,0.0,0.0,True,True,True
north,21.847,7,0.7,4.023841040737289,0.0,3.798841040737289,4.248841040737289,-0.275,0.275,True,3.2822752823011636,4.884053709644236,-0.6308202094060266,0.6527471350746016,0.0,0.0,True,True,True
north,21.847,8,0.8,4.049566766197209,0.0,3.824566766197209,4.274566766197209,-0.275,0.275,True,3.2006582831454407,4.937359550933504,-0.6971549085011758,0.7213352764244442,0.0,0.0,True,True,True
north,21.847,9,0.9,4.079771141180286,0.0,3.854771141180286,4.304771141180286,-0.275,0.275,True,3.1134896315141045,4.996217044698386,-0.7690412600719376,0.7954750702498996,0.0,0.0,True,True,True
north,21.913,1,0.1,3.9523390687291196,0.0,3.7273390687291195,4.177339068729119,-0.275,0.275,True,3.651196974228549,4.667194757731839,-0.3463463718065631,0.3608533339798498,0.0,0.0,True,True,True
north,21.913,2,0.2,3.95821494162169,0.0,3.7332149416216898,4.1832149416216895,-0.275,0.275,True,3.6028032242954118,4.687104018536341,-0.37878733922627905,0.3967153772977723,0.0,0.0,True,True,True
north,21.913,3,0.3,3.9673818304482404,0.0,3.7423818304482404,4.19238183044824,-0.275,0.275,True,3.5488578218866627,4.712564931816455,-0.41677995912160776,0.4381290730913075,0.0,0.0,True,True,True
north,21.913,4,0.4,3.980013986449755,0.0,3.7550139864497547,4.205013986449755,-0.275,0.275,True,3.4893607670022995,4.743577497572182,-0.46032423149254936,0.4850944213604555,0.0,0.0,True,True,True
north,21.913,5,0.5,3.9961651699440326,0.0,3.7711651699440325,4.221165169944032,-0.275,0.275,True,3.4243120596423244,4.780141715803522,-0.5094201563391035,0.5376114221052163,0.0,0.0,True,True,True
north,21.913,6,0.6,4.016133150118085,0.0,3.791133150118085,4.241133150118085,-0.275,0.275,True,3.3537116998067362,4.822257586510474,-0.5640677336612706,0.5956800753255899,0.0,0.0,True,True,True
north,21.913,7,0.7,4.040229819900329,0.0,3.815229819900329,4.265229819900329,-0.275,0.275,True,3.2775596874955357,4.869925109693039,-0.6242669634590504,0.659300381021576,0.0,0.0,True,True,True
north,21.913,8,0.8,4.068911357440368,0.0,3.843911357440368,4.293911357440368,-0.275,0.275,True,3.195856022708722,4.923144285351217,-0.6900178457324431,0.7284723391931751,0.0,0.0,True,True,True
north,21.913,9,0.9,4.10244621023818,0.0,3.87744621023818,4.32744621023818,-0.275,0.275,True,3.1086007054462956,4.981915113485008,-0.7613203804814483,0.8031959498403869,0.0,0.0,True,True,True
north,21.979,1,0.1,3.955827902903766,0.0,3.730827902903766,4.180827902903766,-0.275,0.275,True,3.652012905221477,4.680054346053572,-0.36482083770808277,0.34237886807833035,0.0,0.0,True,True,True
north,21.979,2,0.2,3.9639175060965743,0.0,3.7389175060965743,4.188917506096574,-0.275,0.275,True,3.6079633172783603,4.704307768848092,-0.4081953703931213,0.36730734613093047,0.0,0.0,True,True,True
north,21.979,3,0.3,3.975333186733531,0.0,3.7503331867335308,4.2003331867335305,-0.275,0.275,True,3.5583620768596305,4.734112844118227,-0.45712155555377265,0.39778747665914327,0.0,0.0,True,True,True
north,21.979,4,0.4,3.9902032151908533,0.0,3.765203215190853,4.215203215190853,-0.275,0.275,True,3.5032091839652875,4.769469571863974,-0.5115993931900368,0.4338192596629689,0.0,0.0,True,True,True
north,21.979,5,0.5,4.0088929583945205,0.0,3.7838929583945204,4.23389295839452,-0.275,0.275,True,3.4425046385953326,4.810377952085334,-0.5716288833019136,0.4754026951424073,0.0,0.0,True,True,True
north,21.979,6,0.6,4.031616522345115,0.0,3.806616522345115,4.256616522345115,-0.275,0.275,True,3.3762484407497646,4.856837984782307,-0.6372100258894033,0.5225377830974585,0.0,0.0,True,True,True
north,21.979,7,0.7,4.058666710501315,0.0,3.833666710501315,4.283666710501315,-0.275,0.275,True,3.3044405904285834,4.9088496699548925,-0.7083428209525058,0.5752245235281224,0.0,0.0,True,True,True
north,21.979,8,0.8,4.090342036061638,0.0,3.8653420360616377,4.3153420360616375,-0.275,0.275,True,3.2270810876317904,4.96641300760309,-0.785027268491221,0.633462916434399,0.0,0.0,True,True,True
north,21.979,9,0.9,4.1272794179675465,0.0,3.9022794179675464,4.352279417967546,-0.275,0.275,True,3.1441699323593837,5.029527997726902,-0.8672633685055489,0.6972529618162884,0.0,0.0,True,True,True
north,22.045,1,0.1,3.9607979518381735,0.0,3.7357979518381734,4.185797951838174,-0.275,0.275,True,3.6624908959684745,4.6953352945263145,-0.3488986214960415,0.3583010842903716,0.0,0.0,True,True,True
north,22.045,2,0.2,3.971073016242721,0.0,3.746073016242721,4.196073016242721,-0.275,0.275,True,3.6275552487135743,4.728702658009052,-0.38332788220582775,0.39217483431822403,0.0,0.0,True,True,True
north,22.045,3,0.3,3.9847950598511876,0.0,3.7597950598511876,4.209795059851188,-0.275,0.275,True,3.5870679489830612,4.767621673967404,-0.4233087953912268,0.43160023682168913,0.0,0.0,True,True,True
north,22.045,4,0.4,4.002067105388905,0.0,3.777067105388905,4.227067105388905,-0.275,0.275,True,3.541028996776935,4.812092342401367,-0.46884136105223867,0.4765772918007671,0.0,0.0,True,True,True
north,22.045,5,0.5,4.02338487201136,0.0,3.79838487201136,4.24838487201136,-0.275,0.275,True,3.4894383920951966,4.862114663310944,-0.5199255791888632,0.5271059992554578,0.0,0.0,True,True,True
north,22.045,6,0.6,4.049013265865679,0.0,3.824013265865679,4.274013265865679,-0.275,0.275,True,3.432296134937846,4.917688636696133,-0.5765614498011006,0.5831863591857612,0.0,0.0,True,True,True
north,22.045,7,0.7,4.079115900875441,0.0,3.8541159008754406,4.30411590087544,-0.275,0.275,True,3.3696022253048814,4.978814262556935,-0.6387489728889507,0.6448183715916774,0.0,0.0,True,True,True
north,22.045,8,0.8,4.114131217987543,0.0,3.889131217987543,4.339131217987543,-0.275,0.275,True,3.3013566631963047,5.04549154089335,-0.7064881484524136,0.7120020364732064,0.0,0.0,True,True,True
north,22.045,9,0.9,4.154410043216675,0.0,3.929410043216675,4.379410043216675,-0.275,0.275,True,3.227559448612115,5.117720471705378,-0.7797789764914892,0.784737353830348,0.0,0.0,True,True,True
north,22.111,1,0.1,3.9671591556249717,0.0,3.7421591556249716,4.192159155624972,-0.275,0.275,True,3.6790118068173383,4.7052154873636525,-0.3514963357256477,0.3557033700607652,0.0,0.0,True,True,True
north,22.111,2,0.2,3.9797320008781143,0.0,3.754732000878114,4.204732000878114,-0.275,0.275,True,3.6510886492151444,4.745595340499097,-0.38599589668542056,0.3895068198386308,0.0,0.0,True,True,True
north,22.111,3,0.3,3.9958087300260874,0.0,3.7708087300260873,4.2208087300260875,-0.275,0.275,True,3.6176138391373382,4.791526846110155,-0.42604711012080615,0.4288619220921091,0.0,0.0,True,True,True
north,22.111,4,0.4,4.0156841400056535,0.0,3.7906841400056535,4.240684140005653,-0.275,0.275,True,3.578587376583919,4.843010004196825,-0.4716499760318046,0.4737686768212003,0.0,0.0,True,True,True
north,22.111,5,0.5,4.039722107770118,0.0,3.8147221077701183,4.264722107770118,-0.275,0.275,True,3.534009261554887,4.900044814759108,-0.5228044944184157,0.5242270840259041,0.0,0.0,True,True,True
north,22.111,6,0.6,4.0683080168920815,0.0,3.8433080168920815,4.293308016892081,-0.275,0.275,True,3.483879494050242,4.962631277797003,-0.5795106652806397,0.5802371437062208,0.0,0.0,True,True,True
north,22.111,7,0.7,4.101730439412245,0.0,3.876730439412245,4.326730439412245,-0.275,0.275,True,3.4281980740699844,5.030769393310512,-0.6417684886184762,0.6417988558621501,0.0,0.0,True,True,True
north,22.111,8,0.8,4.140231021857825,0.0,3.915231021857825,4.3652310218578245,-0.275,0.275,True,3.366965001614114,5.1044591612996335,-0.7095779644319258,0.7089122204936924,0.0,0.0,True,True,True
north,22.111,9,0.9,4.183829207843059,0.0,3.9588292078430585,4.408829207843058,-0.275,0.275,True,3.3001802766826307,5.183700581764367,-0.7829390927209879,0.7815772376008473,0.0,0.0,True,True,True
north,22.177,1,0.1,3.9750630356227825,0.0,3.7500630356227824,4.200063035622782,-0.275,0.275,True,3.6835640889766683,4.708496637204745,-0.3468715304105019,0.3603281753759112,0.0,0.0,True,True,True
north,22.177,2,0.2,3.9898827514203004,0.0,3.7648827514203003,4.2148827514203,-0.275,0.275,True,3.6563380030689996,4.749573562034715,-0.37855934557468945,0.39694337094936233,0.0,0.0,True,True,True
north,22.177,3,0.3,4.008486712591401,0.0,3.7834867125914013,4.233486712591401,-0.275,0.275,True,3.6235602646857186,4.796202139340298,-0.4157988132144897,0.4391102189984262,0.0,0.0,True,True,True
north,22.177,4,0.4,4.031114750955342,0.0,3.806114750955342,4.256114750955342,-0.275,0.275,True,3.585230873826824,4.8483823691214925,-0.45858993332990283,0.4868287195231029,0.0,0.0,True,True,True
north,22.177,5,0.5,4.0580660106608875,0.0,3.8330660106608874,4.283066010660887,-0.275,0.275,True,3.5413498304923174,4.906114251378302,-0.5069327059209287,0.5400988725233923,0.0,0.0,True,True,True
north,22.177,6,0.6,4.089650826948392,0.0,3.864650826948392,4.314650826948392,-0.275,0.275,True,3.4919171346821978,4.969397786110723,-0.5608271309875672,0.5989206779992946,0.0,0.0,True,True,True
north,22.177,7,0.7,4.126506789945001,0.0,3.901506789945001,4.351506789945001,-0.275,0.275,True,3.4369327863964654,5.038232973318756,-0.6202732085298186,0.6632941359508095,0.0,0.0,True,True,True
north,22.177,8,0.8,4.168559313526803,0.0,3.943559313526803,4.3935593135268025,-0.275,0.275,True,3.3763967856351202,5.112619813002403,-0.6852709385476827,0.7332192463779372,0.0,0.0,True,True,True
north,22.177,9,0.9,4.215622265199782,0.0,3.990622265199782,4.4406222651997815,-0.275,0.275,True,3.3103091323981624,5.192558305161663,-0.7558203210411596,0.8086960092806776,0.0,0.0,True,True,True
north,22.243,1,0.1,3.9844842964741747,0.0,3.7594842964741746,4.209484296474175,-0.275,0.275,True,3.6874701104595182,4.708763954452476,-0.3504848377629752,0.3567148680234386,0.0,0.0,True,True,True
north,22.243,2,0.2,4.001668517204577,0.0,3.7766685172045773,4.226668517204577,-0.275,0.275,True,3.659410170744162,4.74900702547476,-0.3850299738926428,0.3904727426314103,0.0,0.0,True,True,True
north,22.243,3,0.3,4.02292870328543,0.0,3.79792870328543,4.24792870328543,-0.275,0.275,True,3.6257985785531934,4.794801748972656,-0.4251267624979232,0.4297822697149947,0.0,0.0,True,True,True
north,22.243,4,0.4,4.0484597655341465,0.0,3.8234597655341465,4.273459765534146,-0.275,0.275,True,3.5866353338866115,4.846148124946165,-0.47077520357881636,0.47464344927419205,0.0,0.0,True,True,True
north,22.243,5,0.5,4.0784606605705935,0.0,3.8534606605705934,4.303460660570593,-0.275,0.275,True,3.5419204367444173,4.903046153395286,-0.5219752971353223,0.525056281309002,0.0,0.0,True,True,True
north,22.243,6,0.6,4.113358886107935,0.0,3.8883588861079352,4.338358886107935,-0.275,0.275,True,3.4916538871266103,4.96549583432002,-0.578727043167441,0.5810207658194246,0.0,0.0,True,True,True
north,22.243,7,0.7,4.153577541688135,0.0,3.9285775416881346,4.378577541688134,-0.275,0.275,True,3.4358356850331906,5.033497167720367,-0.6410304416751724,0.6425369028054602,0.0,0.0,True,True,True
north,22.243,8,0.8,4.199120670951495,0.0,3.974120670951495,4.424120670951495,-0.275,0.275,True,3.374465830464158,5.107050153596327,-0.7088854926585165,0.7096046922671085,0.0,0.0,True,True,True
north,22.243,9,0.9,4.249636263741781,0.0,4.024636263741781,4.474636263741781,-0.275,0.275,True,3.307544323419512,5.1861547919479,-0.7822921961174736,0.7822241342043696,0.0,0.0,True,True,True
north,22.309,1,0.1,3.9954522901081426,0.0,3.7704522901081425,4.220452290108143,-0.275,0.275,True,3.6912869634888246,4.719477704325881,-0.3463102688907051,0.360889436895708,0.0,0.0,True,True,True
north,22.309,2,0.2,4.015235129893223,0.0,3.790235129893223,4.240235129893223,-0.275,0.275,True,3.6635325025911953,4.760026254165889,-0.3790286443277563,0.3964740721962955,0.0,0.0,True,True,True
north,22.309,3,0.3,4.039214395639908,0.0,3.8142143956399077,4.2642143956399075,-0.275,0.275,True,3.6302263892179534,4.806126456481512,-0.4172986722404202,0.4376103599724957,0.0,0.0,True,True,True
north,22.309,4,0.4,4.067704676343793,0.0,3.8427046763437933,4.292704676343793,-0.275,0.275,True,3.5913686233690987,4.857778311272746,-0.461120352628697,0.48429830022430875,0.0,0.0,True,True,True
north,22.309,5,0.5,4.101014668586311,0.0,3.876014668586311,4.326014668586311,-0.275,0.275,True,3.5469592050446312,4.914981818539594,-0.5104936854925864,0.5365378929517345,0.0,0.0,True,True,True
north,22.309,6,0.6,4.1393971743713065,0.0,3.9143971743713064,4.364397174371306,-0.275,0.275,True,3.496998134244551,4.977736978282055,-0.5654186708320887,0.5943291381547731,0.0,0.0,True,True,True
north,22.309,7,0.7,4.182887796100875,0.0,3.957887796100875,4.407887796100875,-0.275,0.275,True,3.4414854109688577,5.0460437905001285,-0.6258953086472038,0.6576720358334244,0.0,0.0,True,True,True
north,22.309,8,0.8,4.231819525761984,0.0,4.006819525761984,4.456819525761984,-0.275,0.275,True,3.380421035217552,5.119902255193814,-0.6919235989379315,0.7265665859876884,0.0,0.0,True,True,True
north,22.309,9,0.9,4.285738484735362,0.0,4.060738484735363,4.510738484735362,-0.275,0.275,True,3.3138050069906333,5.199312372363114,-0.763503541704272,0.8010127886175652,0.0,0.0,True,True,True
north,22.375,1,0.1,4.008083160141985,0.0,3.783083160141985,4.233083160141985,-0.275,0.275,True,3.7051773035907023,4.720478492066003,-0.34680809725431344,0.36039160853209945,0.0,0.0,True,True,True
north,22.375,2,0.2,4.03061297956557,0.0,3.8056129795655695,4.255612979565569,-0.275,0.275,True,3.6791642029333436,4.762768402146283,-0.37992531322082906,0.3955774033032223,0.0,0.0,True,True,True
north,22.375,3,0.3,4.057465310820461,0.0,3.8324653108204605,4.28246531082046,-0.275,0.275,True,3.6475994498003725,4.810609964702175,-0.4185941816629575,0.4363148505499578,0.0,0.0,True,True,True
north,22.375,4,0.4,4.088959617835147,0.0,3.8639596178351465,4.313959617835146,-0.275,0.275,True,3.610483044191788,4.864003179733681,-0.46281470258069873,0.4826039502723061,0.0,0.0,True,True,True
north,22.375,5,0.5,4.1257341619224555,0.0,3.9007341619224554,4.350734161922455,-0.275,0.275,True,3.567814986107591,4.922948047240799,-0.5125868759740526,0.5344447024702672,0.0,0.0,True,True,True
north,22.375,6,0.6,4.16766445741815,0.0,3.9426644574181497,4.3926644574181495,-0.275,0.275,True,3.5195952755477813,4.9874445672235295,-0.5679107018430194,0.5918371071438411,0.0,0.0,True,True,True
north,22.375,7,0.7,4.214606497514207,0.0,3.9896064975142065,4.439606497514206,-0.275,0.275,True,3.465823912512359,5.057492739681873,-0.6287861801875988,0.6547811642930276,0.0,0.0,True,True,True
north,22.375,8,0.8,4.266655317425217,0.0,4.041655317425217,4.4916553174252165,-0.275,0.275,True,3.4065008970013237,5.133092564615829,-0.6952133110077912,0.723276873917827,0.0,0.0,True,True,True
north,22.375,9,0.9,4.323869092575604,0.0,4.098869092575605,4.548869092575604,-0.275,0.275,True,3.3416262290146754,5.214244042025398,-0.767192094303596,0.7973242360182392,0.0,0.0,True,True,True
north,22.441,1,0.1,4.022472534559502,0.0,3.797472534559502,4.247472534559502,-0.275,0.275,True,3.7227771204238684,4.718857768644032,-0.3474597180841047,0.3597399877023084,0.0,0.0,True,True,True
north,22.441,2,0.2,4.0479062652026165,0.0,3.8229062652026164,4.272906265202616,-0.275,0.275,True,3.6982172959795263,4.762600954937327,-0.3807991943987654,0.39470352212528637,0.0,0.0,True,True,True
north,22.441,3,0.3,4.077805420265748,0.0,3.852805420265748,4.302805420265748,-0.275,0.275,True,3.668105819059571,4.811895793706237,-0.41969032318903887,0.43521870902387705,0.0,0.0,True,True,True
north,22.441,4,0.4,4.1125865542283275,0.0,3.8875865542283274,4.337586554228327,-0.275,0.275,True,3.6324426896640034,4.8667422849507584,-0.4641331044549251,0.48128554839808063,0.0,0.0,True,True,True
north,22.441,5,0.5,4.152745040159594,0.0,3.927745040159594,4.377745040159594,-0.275,0.275,True,3.591227907792822,4.927140428670893,-0.5141275381964241,0.5329040402478968,0.0,0.0,True,True,True
north,22.441,6,0.6,4.1981643664729775,0.0,3.9731643664729774,4.423164366472977,-0.275,0.275,True,3.544461473446029,4.9930902248666404,-0.569673624413536,0.5900741845733258,0.0,0.0,True,True,True
north,22.441,7,0.7,4.248566503056167,0.0,4.023566503056167,4.473566503056166,-0.275,0.275,True,3.492143386623623,5.0645916735380005,-0.6307713631062605,0.6527959813743677,0.0,0.0,True,True,True
north,22.441,8,0.8,4.3038214515534365,0.0,4.078821451553437,4.528821451553436,-0.275,0.275,True,3.4342736473256044,5.141644774684973,-0.6974207542745977,0.7210694306510222,0.0,0.0,True,True,True
north,22.441,9,0.9,4.364019572799838,0.0,4.139019572799838,4.589019572799837,-0.275,0.275,True,3.3708522555519727,5.22424952830756,-0.7696217979185478,0.7948945324032894,0.0,0.0,True,True,True
north,22.507,1,0.1,4.038706683509697,0.0,3.813706683509697,4.263706683509697,-0.275,0.275,True,3.7319567319382156,4.725915726591846,-0.3373221215987603,0.3698775841876528,0.0,0.0,True,True,True
north,22.507,2,0.2,4.067101335795507,0.0,3.842101335795507,4.292101335795507,-0.275,0.275,True,3.7078457567755616,4.7701077621668295,-0.3682617028853408,0.40724101363871096,0.0,0.0,True,True,True
north,22.507,3,0.3,4.100298897760377,0.0,3.8752988977603766,4.325298897760376,-0.275,0.275,True,3.678183129137295,4.819851450217428,-0.4047529366475341,0.45015609556538183,0.0,0.0,True,True,True
north,22.507,4,0.4,4.138563326884787,0.0,3.913563326884787,4.363563326884787,-0.275,0.275,True,3.642968849023415,4.875146790743637,-0.44679582288534014,0.4986228299676656,0.0,0.0,True,True,True
north,22.507,5,0.5,4.181946384358691,0.0,3.9569463843586905,4.40694638435869,-0.275,0.275,True,3.6022029164339227,4.93599378374546,-0.4943903615987589,0.552641216845562,0.0,0.0,True,True,True
north,22.507,6,0.6,4.230812857523645,0.0,4.005812857523646,4.455812857523645,-0.275,0.275,True,3.5558853313688177,5.002392429222896,-0.5475365527877905,0.6122112561990714,0.0,0.0,True,True,True
north,22.507,7,0.7,4.284611829062525,0.0,4.059611829062526,4.509611829062525,-0.275,0.275,True,3.5040160938280995,5.074342727175944,-0.6062343964524348,0.6773329480281933,0.0,0.0,True,True,True
north,22.507,8,0.8,4.343114126731394,0.0,4.1181141267313945,4.568114126731394,-0.275,0.275,True,3.446595203811769,5.151844677604605,-0.6704838925926919,0.748006292332928,0.0,0.0,True,True,True
north,22.507,9,0.9,4.405962017842998,0.0,4.180962017842998,4.6309620178429975,-0.275,0.275,True,3.3836226613198255,5.2348982805088795,-0.7402850412085618,0.8242312891132755,0.0,0.0,True,True,True
north,22.573,1,0.1,4.056864610980034,0.0,3.8318646109800336,4.281864610980033,-0.275,0.275,True,3.7466016896780707,4.712607341112803,-0.33301789915835905,0.37418180662805384,0.0,0.0,True,True,True
north,22.573,2,0.2,4.088286562068289,0.0,3.863286562068289,4.3132865620682885,-0.275,0.275,True,3.721035080380609,4.75534374255298,-0.36173074161550767,0.41377197490854367,0.0,0.0,True,True,True
north,22.573,3,0.3,4.124961533899909,0.0,3.899961533899909,4.349961533899909,-0.275,0.275,True,3.689916818607534,4.8036317964687685,-0.395995236548269,0.45891379566464624,0.0,0.0,True,True,True
north,22.573,4,0.4,4.166769601309495,0.0,3.941769601309495,4.391769601309495,-0.275,0.275,True,3.6532469043588454,4.85747150286017,-0.4358113839566432,0.5096072688963617,0.0,0.0,True,True,True
north,22.573,5,0.5,4.213590729828631,0.0,3.988590729828631,4.438590729828631,-0.275,0.275,True,3.6110253376345454,4.916862861727185,-0.4811791838406301,0.5658523946036897,0.0,0.0,True,True,True
north,22.573,6,0.6,4.265595622156374,0.0,4.040595622156374,4.490595622156373,-0.275,0.275,True,3.5632521184346317,4.981805873069812,-0.5320986362002298,0.6276491727866307,0.0,0.0,True,True,True
north,22.573,7,0.7,4.322702695261982,0.0,4.097702695261982,4.5477026952619815,-0.275,0.275,True,3.5099272467591054,5.052300536888051,-0.5885697410354421,0.6949976034451842,0.0,0.0,True,True,True
north,22.573,8,0.8,4.38428893590049,0.0,4.1592889359004905,4.60928893590049,-0.275,0.275,True,3.451050722607967,5.128346853181904,-0.6505924983462674,0.7678976865793508,0.0,0.0,True,True,True
north,22.573,9,0.9,4.450011700091775,0.0,4.225011700091775,4.675011700091774,-0.275,0.275,True,3.386622545981215,5.209944821951369,-0.7181669081327053,0.8463494221891299,0.0,0.0,True,True,True
north,22.639,1,0.1,4.077151314665021,0.0,3.852151314665021,4.3021513146650205,-0.275,0.275,True,3.761918097167873,4.7104910108698785,-0.3496514122643885,0.3575482935220246,0.0,0.0,True,True,True
north,22.639,2,0.2,4.111814222348721,0.0,3.8868142223487205,4.33681422234872,-0.275,0.275,True,3.735793705496285,4.752669629935928,-0.3840176584423126,0.39148505808173917,0.0,0.0,True,True,True
north,22.639,3,0.3,4.151912538631055,0.0,3.9269125386310546,4.376912538631054,-0.275,0.275,True,3.7041176613490854,4.8003999014775935,-0.4239355570958494,0.4309734751170665,0.0,0.0,True,True,True
north,22.639,4,0.4,4.197208061994459,0.0,3.972208061994459,4.422208061994459,-0.275,0.275,True,3.6668899647262716,4.853681825494869,-0.4694051082249991,0.47601354462800666,0.0,0.0,True,True,True
north,22.639,5,0.5,4.2474946681265235,0.0,4.022494668126524,4.472494668126523,-0.275,0.275,True,3.6241106156278455,4.912515401987759,-0.5204263118297614,0.5266052666145595,0.0,0.0,True,True,True
north,22.639,6,0.6,4.302636953068329,0.0,4.077636953068329,4.5276369530683285,-0.275,0.275,True,3.5757796140538067,4.97690063095626,-0.5769991679101366,0.5827486410767252,0.0,0.0,True,True,True
north,22.639,7,0.7,4.362800752449823,0.0,4.137800752449824,4.587800752449823,-0.275,0.275,True,3.5218969600041548,5.046837512400375,-0.6391236764661246,0.6444436680145036,0.0,0.0,True,True,True
north,22.639,8,0.8,4.427113753811453,0.0,4.202113753811453,4.652113753811452,-0.275,0.275,True,3.4624626534788914,5.122326046320103,-0.7067998374977252,0.7116903474278947,0.0,0.0,True,True,True
north,22.639,9,0.9,4.495334939688624,0.0,4.270334939688625,4.720334939688624,-0.275,0.275,True,3.397476694478014,5.203366232715443,-0.7800276510049386,0.7844886793168986,0.0,0.0,True,True,True
north,22.705,1,0.1,4.099583126934441,0.0,3.8745831269344406,4.32458312693444,-0.275,0.275,True,3.788153517893058,4.736441644296125,-0.342897946922412,0.36430175886400146,0.0,0.0,True,True,True
north,22.705,2,0.2,4.137729479398267,0.0,3.912729479398267,4.362729479398267,-0.275,0.275,True,3.768310707014315,4.78490184415502,-0.3789319328234702,0.39657078370058213,0.0,0.0,True,True,True
north,22.705,3,0.3,4.181055736579203,0.0,3.9560557365792026,4.406055736579202,-0.275,0.275,True,3.742916243659961,4.838913696489531,-0.42051757120014116,0.43439146101277554,0.0,0.0,True,True,True
north,22.705,4,0.4,4.229806189285303,0.0,4.004806189285303,4.454806189285303,-0.275,0.275,True,3.7119701278299924,4.898477201299652,-0.46765486205242496,0.4777637908005819,0.0,0.0,True,True,True
north,22.705,5,0.5,4.2834851733896855,0.0,4.058485173389686,4.508485173389685,-0.275,0.275,True,3.675472359524412,4.963592358585387,-0.5203438053803214,0.5266877730640008,0.0,0.0,True,True,True
north,22.705,6,0.6,4.341875461285195,0.0,4.116875461285195,4.5668754612851945,-0.275,0.275,True,3.6334229387432186,5.034259168346735,-0.5785844011838308,0.5811634078030326,0.0,0.0,True,True,True
north,22.705,7,0.7,4.404633592815446,0.0,4.179633592815446,4.629633592815446,-0.275,0.275,True,3.585821865486413,5.110477630583696,-0.6423766494629528,0.6411906950176771,0.0,0.0,True,True,True
north,22.705,8,0.8,4.471580757567842,0.0,4.246580757567842,4.696580757567841,-0.275,0.275,True,3.5326691397539935,5.192247745296268,-0.7117205502176875,0.7067696347079344,0.0,0.0,True,True,True
north,22.705,9,0.9,4.541887052293165,0.0,4.316887052293166,4.766887052293165,-0.275,0.275,True,3.4739647615459623,5.279569512484455,-0.7866161034480352,0.7779002268738044,0.0,0.0,True,True,True
north,22.771,1,0.1,4.1241880232708095,0.0,3.8991880232708094,4.349188023270809,-0.275,0.275,True,3.8097755294864544,4.733285269252043,-0.3470353923700763,0.3601643134163368,0.0,0.0,True,True,True
north,22.771,2,0.2,4.165874164099233,0.0,3.9408741640992333,4.390874164099233,-0.275,0.275,True,3.793472335202883,4.78528508570611,-0.3829905733467111,0.3925121431773407,0.0,0.0,True,True,True
north,22.771,3,0.3,4.212574962143056,0.0,3.987574962143056,4.437574962143056,-0.275,0.275,True,3.7716174884436984,4.84283655463579,-0.4244974067989587,0.4304116254139572,0.0,0.0,True,True,True
north,22.771,4,0.4,4.264535926887529,0.0,4.039535926887529,4.489535926887529,-0.275,0.275,True,3.7442109892089013,4.905939676041082,-0.4715558927268191,0.47386276012618667,0.0,0.0,True,True,True
north,22.771,5,0.5,4.321530875684231,0.0,4.096530875684231,4.546530875684231,-0.275,0.275,True,3.711252837498491,4.974594449921987,-0.5241660311302921,0.5228655473140288,0.0,0.0,True,True,True
north,22.771,6,0.6,4.383011445610994,0.0,4.1580114456109944,4.608011445610994,-0.275,0.275,True,3.672743033312469,5.048800876278506,-0.5823278220093782,0.5774199869774836,0.0,0.0,True,True,True
north,22.771,7,0.7,4.448657806216106,0.0,4.2236578062161065,4.673657806216106,-0.275,0.275,True,3.6286815766508327,5.128558955110636,-0.6460412653640768,0.6375260791165513,0.0,0.0,True,True,True
north,22.771,8,0.8,4.5176974402543815,0.0,4.292697440254382,4.742697440254381,-0.275,0.275,True,3.579068467513585,5.21386868641838,-0.7153063611943882,0.7031838237312318,0.0,0.0,True,True,True
north,22.771,9,0.9,4.589645536016855,0.0,4.364645536016855,4.8146455360168545,-0.275,0.275,True,3.5239037059007234,5.304730070201736,-0.7901231095003124,0.7743932208215248,0.0,0.0,True,True,True
north,22.837,1,0.1,4.151080037102515,0.0,3.926080037102515,4.376080037102515,-0.275,0.275,True,3.836895603121216,4.719712307230249,-0.342825511463744,0.3643741943226689,0.0,0.0,True,True,True
north,22.837,2,0.2,4.196251757515942,0.0,3.9712517575159416,4.421251757515941,-0.275,0.275,True,3.819001675485912,4.770121390332584,-0.37535022208229957,0.40015249444175177,0.0,0.0,True,True,True
north,22.837,3,0.3,4.246422833196879,0.0,4.02142283319688,4.471422833196879,-0.275,0.275,True,3.7955560953749963,4.826082125910531,-0.4134265851764679,0.44148244703644735,0.0,0.0,True,True,True
north,22.837,4,0.4,4.301452454583219,0.0,4.07645245458322,4.526452454583219,-0.275,0.275,True,3.7665588627884676,4.887594513964093,-0.4570546007462491,0.48836405210675576,0.0,0.0,True,True,True
north,22.837,5,0.5,4.36158193209981,0.0,4.13658193209981,4.58658193209981,-0.275,0.275,True,3.732009977726326,4.954658554493266,-0.5062342687916429,0.5407973096526769,0.0,0.0,True,True,True
north,22.837,6,0.6,4.425797454015945,0.0,4.200797454015945,4.650797454015945,-0.275,0.275,True,3.6919094401885713,5.027274247498052,-0.5609655893126496,0.5987822196742109,0.0,0.0,True,True,True
north,22.837,7,0.7,4.493944623211059,0.0,4.268944623211059,4.718944623211058,-0.275,0.275,True,3.646257250175204,5.10544159297845,-0.621248562309269,0.6623187821713574,0.0,0.0,True,True,True
north,22.837,8,0.8,4.565116769282378,0.0,4.340116769282378,4.790116769282378,-0.275,0.275,True,3.595053407686224,5.189160590934462,-0.6870831877815012,0.7314069971441169,0.0,0.0,True,True,True
north,22.837,9,0.9,4.638569668498629,0.0,4.41356966849863,4.863569668498629,-0.275,0.275,True,3.5382979127216307,5.278431241366086,-0.758469465729346,0.8060468645924892,0.0,0.0,True,True,True
north,22.903,1,0.1,4.180165088799716,0.0,3.9551650887997156,4.405165088799715,-0.275,0.275,True,3.868543556343694,4.732190767605188,-0.3474794504021195,0.3597202553842936,0.0,0.0,True,True,True
north,22.903,2,0.2,4.228799521046964,0.0,4.003799521046965,4.453799521046964,-0.275,0.275,True,3.8516315421486245,4.7835817641477565,-0.38356976217589583,0.39193295434815595,0.0,0.0,True,True,True
north,22.903,3,0.3,4.282358517716848,0.0,4.057358517716849,4.507358517716848,-0.275,0.275,True,3.829167875477943,4.84052441316594,-0.4252117264252848,0.4296973057876311,0.0,0.0,True,True,True
north,22.903,4,0.4,4.3406367958389955,0.0,4.115636795838996,4.565636795838995,-0.275,0.275,True,3.8011525563316475,4.9030187146597335,-0.47240534315028665,0.4730133097027191,0.0,0.0,True,True,True
north,22.903,5,0.5,4.403337732514924,0.0,4.178337732514924,4.6283377325149235,-0.275,0.275,True,3.7675855847097397,4.9710646686291415,-0.5251506123509012,0.5218809660934197,0.0,0.0,True,True,True
north,22.903,6,0.6,4.470210274073009,0.0,4.24521027407301,4.695210274073009,-0.275,0.275,True,3.728466960612219,5.044662275074161,-0.5834475340271286,0.5763002749597332,0.0,0.0,True,True,True
north,22.903,7,0.7,4.54048399456923,0.0,4.31548399456923,4.765483994569229,-0.275,0.275,True,3.683796684039086,5.123811533994794,-0.6472961081789687,0.6362712363016595,0.0,0.0,True,True,True
north,22.903,8,0.8,4.613556264454545,0.0,4.388556264454546,4.838556264454545,-0.275,0.275,True,3.63357475499034,5.208512445391039,-0.7166963348064215,0.7017938501191985,0.0,0.0,True,True,True
north,22.903,9,0.9,4.688419138168998,0.0,4.463419138168998,4.913419138168997,-0.275,0.275,True,3.5778011734659816,5.298765009262899,-0.791648213909487,0.7728681164123502,0.0,0.0,True,True,True
north,22.969,1,0.1,4.211559194457481,0.0,3.9865591944574805,4.43655919445748,-0.275,0.275,True,3.8935444474064664,4.7391985129915515,-0.3405107541431206,0.3666889516432925,0.0,0.0,True,True,True
north,22.969,2,0.2,4.263476231618686,0.0,4.038476231618686,4.4884762316186855,-0.275,0.275,True,3.881179345069262,4.795136421391985,-0.37330032721253725,0.40220238931151453,0.0,0.0,True,True,True
north,22.969,3,0.3,4.320353633842352,0.0,4.095353633842352,4.5453536338423515,-0.275,0.275,True,3.863262590256444,4.8566259822680315,-0.41164155275756664,0.4432674794553493,0.0,0.0,True,True,True
north,22.969,4,0.4,4.381729058353837,0.0,4.156729058353838,4.606729058353837,-0.275,0.275,True,3.8397941829680127,4.923667195619689,-0.4555344307782088,0.4898842220747969,0.0,0.0,True,True,True
north,22.969,5,0.5,4.447303912340438,0.0,4.222303912340438,4.672303912340437,-0.275,0.275,True,3.8107741232039696,4.996260061446962,-0.5049789612744637,0.5420526171698572,0.0,0.0,True,True,True
north,22.969,6,0.6,4.516258984035492,0.0,4.291258984035492,4.7412589840354915,-0.275,0.275,True,3.776202410964314,5.074404579749847,-0.5599751442463315,0.5997726647405303,0.0,0.0,True,True,True
north,22.969,7,0.7,4.588213846016891,0.0,4.363213846016891,4.8132138460168905,-0.275,0.275,True,3.7360790462490447,5.158100750528344,-0.620522979693812,0.6630443647868162,0.0,0.0,True,True,True
north,22.969,8,0.8,4.662765965534422,0.0,4.437765965534422,4.887765965534421,-0.275,0.275,True,3.690404029058163,5.247348573782453,-0.6866224676169052,0.7318677173087148,0.0,0.0,True,True,True
north,22.969,9,0.9,4.7386885692177785,0.0,4.513688569217779,4.963688569217778,-0.275,0.275,True,3.639177359391669,5.342148049512177,-0.7582736080156112,0.8062427223062261,0.0,0.0,True,True,True
north,23.035,1,0.1,4.245350998267236,0.0,4.0203509982672365,4.470350998267236,-0.275,0.275,True,3.930368300634251,4.728966788275045,-0.32231094969100976,0.38488875609540313,0.0,0.0,True,True,True
north,23.035,2,0.2,4.300305255508777,0.0,4.075305255508777,4.525305255508776,-0.275,0.275,True,3.9185418897866806,4.785443388165113,-0.34916120223445063,0.4263415142896007,0.0,0.0,True,True,True
north,23.035,3,0.3,4.3603631117497965,0.0,4.135363111749797,4.585363111749796,-0.275,0.275,True,3.9011638264634994,4.847471640530795,-0.3815631072535042,0.4733459249594111,0.0,0.0,True,True,True
north,23.035,4,0.4,4.424481154220434,0.0,4.199481154220434,4.6494811542204335,-0.275,0.275,True,3.878234110664703,4.915051545372089,-0.41951666474817056,0.5259019881048342,0.0,0.0,True,True,True
north,23.035,5,0.5,4.492554306733493,0.0,4.267554306733493,4.717554306733493,-0.275,0.275,True,3.8497527423902955,4.988183102688996,-0.4630218747184497,0.5840097037258701,0.0,0.0,True,True,True
north,23.035,6,0.6,4.563646048077718,0.0,4.3386460480777185,4.788646048077718,-0.275,0.275,True,3.8157197216402743,5.066866312481515,-0.5120787371643416,0.6476690718225189,0.0,0.0,True,True,True
north,23.035,7,0.7,4.637046598356508,0.0,4.4120465983565085,4.862046598356508,-0.275,0.275,True,3.776135048414641,5.151101174749648,-0.5666872520858461,0.7168800923947802,0.0,0.0,True,True,True
north,23.035,8,0.8,4.712538043432986,0.0,4.487538043432987,4.937538043432986,-0.275,0.275,True,3.7309987227133954,5.240887689493394,-0.6268474194829636,0.7916427654426546,0.0,0.0,True,True,True
north,23.035,9,0.9,4.789439765650582,0.0,4.564439765650582,5.0144397656505815,-0.275,0.275,True,3.6803107445365355,5.336225856712751,-0.6925592393556939,0.8719570909661414,0.0,0.0,True,True,True
north,23.101,1,0.1,4.281231862044011,0.0,4.056231862044012,4.506231862044011,-0.275,0.275,True,3.9592497254480006,4.749048748839764,-0.3407336195645361,0.366466086221877,0.0,0.0,True,True,True
north,23.101,2,0.2,4.339398130392798,0.0,4.114398130392798,4.564398130392798,-0.275,0.275,True,3.948621352557888,4.806723386687288,-0.3721057960558539,0.40339692046819786,0.0,0.0,True,True,True
north,23.101,3,0.3,4.4020744369414295,0.0,4.17707443694143,4.627074436941429,-0.275,0.275,True,3.932441327192161,4.8699496770104265,-0.4090296250227845,0.4458794071901314,0.0,0.0,True,True,True
north,23.101,4,0.4,4.4688397905781745,0.0,4.243839790578175,4.693839790578174,-0.275,0.275,True,3.910709649350822,4.9387276198091765,-0.4515051064653279,0.49391354638767787,0.0,0.0,True,True,True
north,23.101,5,0.5,4.539080936845293,0.0,4.3140809368452935,4.764080936845293,-0.275,0.275,True,3.88342631903387,5.01305721508354,-0.4995322403834839,0.5474993380608371,0.0,0.0,True,True,True
north,23.101,6,0.6,4.612073054797146,0.0,4.387073054797146,4.837073054797146,-0.275,0.275,True,3.850591336241306,5.092938462833517,-0.5531110267772529,0.6066367822096089,0.0,0.0,True,True,True
north,23.101,7,0.7,4.686879386127999,0.0,4.4618793861279995,4.911879386127999,-0.275,0.275,True,3.812204700973128,5.178371363059105,-0.6122414656466345,0.6713258788339936,0.0,0.0,True,True,True
north,23.101,8,0.8,4.763054026400056,0.0,4.538054026400056,4.9880540264000555,-0.275,0.275,True,3.7682664132293384,5.269355915760307,-0.6769235569916289,0.7415666279339911,0.0,0.0,True,True,True
north,23.101,9,0.9,4.84046068861221,0.0,4.6154606886122105,5.06546068861221,-0.275,0.275,True,3.718776473009935,5.365892120937121,-0.747157300812236,0.8173590295096013,0.0,0.0,True,True,True
north,23.167,1,0.1,4.319176392000473,0.0,4.094176392000473,4.544176392000472,-0.275,0.275,True,3.9944718551808744,4.723536223242515,-0.3417304895584601,0.36546921622795303,0.0,0.0,True,True,True
north,23.167,2,0.2,4.380441774129024,0.0,4.155441774129025,4.605441774129024,-0.275,0.275,True,3.9828766561521265,4.780244034951405,-0.3772855527682648,0.398217163755787,0.0,0.0,True,True,True
north,23.167,3,0.3,4.445950018464769,0.0,4.2209500184647695,4.670950018464769,-0.275,0.275,True,3.965729804647765,4.842503499135908,-0.41839226845368227,0.43651676375923365,0.0,0.0,True,True,True
north,23.167,4,0.4,4.514820527816599,0.0,4.289820527816599,4.739820527816598,-0.275,0.275,True,3.94303130066779,4.910314615796023,-0.4650506366147126,0.48036801623829317,0.0,0.0,True,True,True
north,23.167,5,0.5,4.586782156016926,0.0,4.361782156016926,4.811782156016926,-0.275,0.275,True,3.914781144212204,4.983677384931752,-0.5172606572513556,0.5297709211929653,0.0,0.0,True,True,True
north,23.167,6,0.6,4.66126449854707,0.0,4.436264498547071,4.88626449854707,-0.275,0.275,True,3.8809793352810042,5.062591806543093,-0.5750223303636114,0.5847254786232504,0.0,0.0,True,True,True
north,23.167,7,0.7,4.7371571889133435,0.0,4.512157188913344,4.962157188913343,-0.275,0.275,True,3.8416258738741913,5.147057880630046,-0.63833565595148,0.6452316885291481,0.0,0.0,True,True,True
north,23.167,8,0.8,4.8139669009540675,0.0,4.588966900954068,5.038966900954067,-0.275,0.275,True,3.796720759991767,5.2370756071926134,-0.7072006340149612,0.7112895509106587,0.0,0.0,True,True,True
north,23.167,9,0.9,4.891108046199474,0.0,4.666108046199474,5.116108046199473,-0.275,0.275,True,3.7462639936337285,5.332644986230793,-0.7816172645540553,0.7828990657677819,0.0,0.0,True,True,True
north,23.233,1,0.1,4.359144291399782,0.0,4.134144291399783,4.584144291399782,-0.275,0.275,True,4.038733889199125,4.747384314580282,-0.3409632441608913,0.3662364616255216,0.0,0.0,True,True,True
north,23.233,2,0.2,4.423164854424926,0.0,4.198164854424927,4.648164854424926,-0.275,0.275,True,4.031975257171489,4.808928693290285,-0.3783300733014758,0.39717264322257556,0.0,0.0,True,True,True
north,23.233,3,0.3,4.491163990255927,0.0,4.266163990255928,4.716163990255927,-0.275,0.275,True,4.019664972668241,4.876024724475901,-0.42124855491767293,0.4336604772952423,0.0,0.0,True,True,True
north,23.233,4,0.4,4.5621753268730565,0.0,4.337175326873057,4.787175326873056,-0.275,0.275,True,4.001803035689379,4.948672408137129,-0.469718689009483,0.47569996384352187,0.0,0.0,True,True,True
north,23.233,5,0.5,4.6355819629314094,0.0,4.41058196293141,4.860581962931409,-0.275,0.275,True,3.978389446234905,5.026871744273969,-0.5237404755769057,0.5232911028674141,0.0,0.0,True,True,True
north,23.233,6,0.6,4.7110481093955565,0.0,4.486048109395557,4.936048109395556,-0.275,0.275,True,3.9494242043048184,5.110622732886423,-0.5833139146199412,0.5764338943669193,0.0,0.0,True,True,True
north,23.233,7,0.7,4.787901244477715,0.0,4.5629012444777155,5.012901244477715,-0.275,0.275,True,3.914907309899118,5.199925373974489,-0.6484390061385894,0.635128338342037,0.0,0.0,True,True,True
north,23.233,8,0.8,4.864834117875725,0.0,4.639834117875726,5.089834117875725,-0.275,0.275,True,3.8748387630178067,5.294779667538169,-0.7191157501328506,0.6993744347927676,0.0,0.0,True,True,True
north,23.233,9,0.9,4.942006617137576,0.0,4.717006617137576,5.1670066171375755,-0.275,0.275,True,3.8292185636608815,5.3951856135774605,-0.7953441466027243,0.7691721837191109,0.0,0.0,True,True,True
north,23.299,1,0.1,4.400811141367936,0.0,4.175811141367936,4.625811141367936,-0.275,0.275,True,4.072419304970768,4.737568074512629,-0.3370584202431638,0.3701412855432493,0.0,0.0,True,True,True
north,23.299,2,0.2,4.467469307083342,0.0,4.242469307083343,4.692469307083342,-0.275,0.275,True,4.064551263238039,4.798003043517538,-0.3689242385364654,0.4065784779875864,0.0,0.0,True,True,True
north,23.299,3,0.3,4.5376778791213574,0.0,4.312677879121358,4.762677879121357,-0.275,0.275,True,4.051131569029695,4.863989664998059,-0.4063417093053798,0.44856732290753615,0.0,0.0,True,True,True
north,23.299,4,0.4,4.610589845139743,0.0,4.3855898451397435,4.835589845139743,-0.275,0.275,True,4.032160222345741,4.935527938954193,-0.44931083254990695,0.4961078203030988,0.0,0.0,True,True,True
north,23.299,5,0.5,4.6853396340870015,0.0,4.460339634087002,4.910339634087001,-0.275,0.275,True,4.0076372231861725,5.012617865385941,-0.4978316082700468,0.5491999701742741,0.0,0.0,True,True,True
north,23.299,6,0.6,4.761497066500031,0.0,4.536497066500031,4.98649706650003,-0.275,0.275,True,3.9775625715509926,5.095259444293301,-0.5519040364657996,0.6078437725210623,0.0,0.0,True,True,True
north,23.299,7,0.7,4.83891725856634,0.0,4.613917258566341,5.06391725856634,-0.275,0.275,True,3.9419362674401976,5.183452675676273,-0.6115281171371649,0.6720392273434632,0.0,0.0,True,True,True
north,23.299,8,0.8,4.915769732825779,0.0,4.690769732825779,5.140769732825778,-0.275,0.275,True,3.900758310853792,5.277197559534859,-0.6767038502841431,0.7417863346414768,0.0,0.0,True,True,True
north,23.299,9,0.9,4.99234748526005,0.0,4.76734748526005,5.217347485260049,-0.275,0.275,True,3.8540287017917727,5.376494095869058,-0.7474312359067341,0.8170850944151031,0.0,0.0,True,True,True
north,23.365,1,0.1,4.444596124589099,0.0,4.219596124589099,4.6695961245890985,-0.275,0.275,True,4.127187284034758,4.764177090983721,-0.33315173373271967,0.3740479720536941,0.0,0.0,True,True,True
north,23.365,2,0.2,4.5133820715977055,0.0,4.288382071597706,4.738382071597705,-0.275,0.275,True,4.128530295485724,4.833823113172326,-0.365227259203132,0.41027545732092113,0.0,0.0,True,True,True
north,23.365,3,0.3,4.585350466016959,0.0,4.36035046601696,4.810350466016959,-0.275,0.275,True,4.124321654461077,4.909020787836544,-0.402854437149157,0.45205459506376094,0.0,0.0,True,True,True
north,23.365,4,0.4,4.659763031559715,0.0,4.434763031559715,4.884763031559714,-0.275,0.275,True,4.114561360960817,4.989770114976373,-0.44603326757079487,0.49938538528221355,0.0,0.0,True,True,True
north,23.365,5,0.5,4.735625808608906,0.0,4.510625808608906,4.9606258086089055,-0.275,0.275,True,4.099249414984945,5.076071094591818,-0.4947637504680454,0.5522678279762788,0.0,0.0,True,True,True
north,23.365,6,0.6,4.812401656689163,0.0,4.587401656689163,5.037401656689163,-0.275,0.275,True,4.078385816533459,5.167923726682874,-0.5490458858409086,0.610701923145957,0.0,0.0,True,True,True
north,23.365,7,0.7,4.889598059517119,0.0,4.664598059517119,5.114598059517118,-0.275,0.275,True,4.051970565606362,5.265328011249542,-0.6088796736893848,0.6746876707912478,0.0,0.0,True,True,True
north,23.365,8,0.8,4.966630333736337,0.0,4.741630333736337,5.191630333736336,-0.275,0.275,True,4.020003662203651,5.3682839482918245,-0.6742651140134737,0.7442250709121514,0.0,0.0,True,True,True
north,23.365,9,0.9,5.04256405394918,0.0,4.81756405394918,5.2675640539491795,-0.275,0.275,True,3.982485106325327,5.476791537809719,-0.7452022068131754,0.8193141235086678,0.0,0.0,True,True,True
north,23.431,1,0.1,4.4897736737783625,0.0,4.264773673778363,4.714773673778362,-0.275,0.275,True,4.156901773969844,4.73735009781267,-0.3437589979751181,0.363440707811295,0.0,0.0,True,True,True
north,23.431,2,0.2,4.560704605668397,0.0,4.335704605668397,4.785704605668396,-0.275,0.275,True,4.151485327623115,4.800236662203578,-0.37936017408043965,0.39614254244361213,0.0,0.0,True,True,True
north,23.431,3,0.3,4.634117327506312,0.0,4.409117327506312,4.859117327506311,-0.275,0.275,True,4.140517228800771,4.8686748790701,-0.4205130026613739,0.434396029551542,0.0,0.0,True,True,True
north,23.431,4,0.4,4.709558175358124,0.0,4.484558175358124,4.934558175358124,-0.275,0.275,True,4.123997477502817,4.942664748412233,-0.46721748371792104,0.4782011691350847,0.0,0.0,True,True,True
north,23.431,5,0.5,4.786362723304848,0.0,4.561362723304848,5.011362723304847,-0.275,0.275,True,4.101926073729248,5.022206270229981,-0.5194736172500808,0.5275579611942401,0.0,0.0,True,True,True
north,23.431,6,0.6,4.863269423529807,0.0,4.638269423529807,5.088269423529806,-0.275,0.275,True,4.074303017480068,5.107299444523341,-0.5772814032578535,0.5824664057290083,0.0,0.0,True,True,True
north,23.431,7,0.7,4.9405006154985385,0.0,4.715500615498539,5.165500615498538,-0.275,0.275,True,4.041128308755274,5.197944271292314,-0.6406408417412388,0.6429265027393893,0.0,0.0,True,True,True
north,23.431,8,0.8,5.016925925128088,0.0,4.791925925128089,5.241925925128088,-0.275,0.275,True,4.002401947554868,5.294140750536898,-0.709551932700237,0.708938252225383,0.0,0.0,True,True,True
north,23.431,9,0.9,5.092234591986877,0.0,4.867234591986877,5.317234591986876,-0.275,0.275,True,3.9581239338788476,5.395888882257097,-0.7840146761348478,0.7805016541869895,0.0,0.0,True,True,True
north,23.497,1,0.1,4.536274821397421,0.0,4.311274821397421,4.7612748213974205,-0.275,0.275,True,4.219745360116773,4.832905530693203,-0.3415420366631574,0.3656576691232555,0.0,0.0,True,True,True
north,23.497,2,0.2,4.609106635482343,0.0,4.384106635482343,4.8341066354823425,-0.275,0.275,True,4.232578111422731,4.914041292736799,-0.37711806303623885,0.3983846534878125,0.0,0.0,True,True,True
north,23.497,3,0.3,4.683799882046003,0.0,4.458799882046003,4.908799882046003,-0.275,0.275,True,4.2398592102530746,5.000728707256007,-0.418245741884933,0.43666329032798223,0.0,0.0,True,True,True
north,23.497,4,0.4,4.759940106600004,0.0,4.534940106600004,4.984940106600003,-0.275,0.275,True,4.241588656607806,5.092967774250828,-0.46492507320924004,0.4804935796437648,0.0,0.0,True,True,True
north,23.497,5,0.5,4.83737382852047,0.0,4.612373828520471,5.06237382852047,-0.275,0.275,True,4.237766450486925,5.190758493721262,-0.5171560570091598,0.52987552143516,0.0,0.0,True,True,True
north,23.497,6,0.6,4.91420411996005,0.0,4.68920411996005,5.139204119960049,-0.275,0.275,True,4.22839259189043,5.294100865667308,-0.5749386932846923,0.5848091157021682,0.0,0.0,True,True,True
north,23.497,7,0.7,4.990811865420796,0.0,4.765811865420797,5.215811865420796,-0.275,0.275,True,4.213467080818323,5.402994890088967,-0.6382729820358375,0.6452943624447889,0.0,0.0,True,True,True
north,23.497,8,0.8,5.066668740415414,0.0,4.841668740415415,5.291668740415414,-0.275,0.275,True,4.192989917270604,5.517440566986239,-0.7071589232625957,0.7113312616630225,0.0,0.0,True,True,True
north,23.497,9,0.9,5.140955532640464,0.0,4.9159555326404645,5.365955532640464,-0.275,0.275,True,4.166961101247272,5.637437896359123,-0.7815965169649663,0.7829198133568689,0.0,0.0,True,True,True
north,23.563,1,0.1,4.583918776016995,0.0,4.358918776016996,4.808918776016995,-0.275,0.275,True,4.279839134506449,4.891977627683046,-0.32886581178071456,0.37833389400569856,0.0,0.0,True,True,True
north,23.563,2,0.2,4.6582615645723635,0.0,4.433261564572364,4.883261564572363,-0.275,0.275,True,4.306949341958143,4.987390845872377,-0.36080090911505924,0.41470180740899254,0.0,0.0,True,True,True
north,23.563,3,0.3,4.734094428304471,0.0,4.509094428304471,4.9590944283044704,-0.275,0.275,True,4.328507896934222,5.088355716537322,-0.3982876589250166,0.4566213732878993,0.0,0.0,True,True,True
north,23.563,4,0.4,4.810836412424258,0.0,4.585836412424259,5.035836412424258,-0.275,0.275,True,4.344514799434691,5.194872239677879,-0.4413260612105869,0.5040925916424188,0.0,0.0,True,True,True
north,23.563,5,0.5,4.888088072834766,0.0,4.663088072834767,5.113088072834766,-0.275,0.275,True,4.354970049459546,5.30694041529405,-0.4899161159717698,0.5571154624725512,0.0,0.0,True,True,True
north,23.563,6,0.6,4.965099756824069,0.0,4.740099756824069,5.190099756824068,-0.275,0.275,True,4.359873647008788,5.424560243385833,-0.5440578232085655,0.6156899857782963,0.0,0.0,True,True,True
north,23.563,7,0.7,5.041025908362412,0.0,4.816025908362413,5.266025908362412,-0.275,0.275,True,4.359225592082417,5.547731723953228,-0.6037511829209741,0.6798161615596541,0.0,0.0,True,True,True
north,23.563,8,0.8,5.115763776231318,0.0,4.890763776231318,5.340763776231317,-0.275,0.275,True,4.353025884680434,5.676454856996236,-0.6689961951089953,0.7494939898166246,0.0,0.0,True,True,True
north,23.563,9,0.9,5.188839669641849,0.0,4.96383966964185,5.413839669641849,-0.275,0.275,True,4.341274524802838,5.8107296425148585,-0.7397928597726293,0.8247234705492079,0.0,0.0,True,True,True
north,23.629,1,0.1,4.6326581028079525,0.0,4.407658102807953,4.857658102807952,-0.275,0.275,True,4.333095826300489,4.9276588203365534,-0.3336452445638377,0.3735544612225754,0.0,0.0,True,True,True
north,23.629,2,0.2,4.708068241320694,0.0,4.483068241320694,4.933068241320694,-0.275,0.275,True,4.369909406232929,5.0327754110066305,-0.36414804744640283,0.41135466907764895,0.0,0.0,True,True,True
north,23.629,3,0.3,4.784824202131981,0.0,4.559824202131981,5.0098242021319805,-0.275,0.275,True,4.401171333689754,5.143443654152321,-0.4002025028045807,0.4547065294083352,0.0,0.0,True,True,True
north,23.629,4,0.4,4.861704729183884,0.0,4.636704729183885,5.086704729183884,-0.275,0.275,True,4.426881608670969,5.259663549773624,-0.4418086106383714,0.5036100422146343,0.0,0.0,True,True,True
north,23.629,5,0.5,4.9389946138595,0.0,4.713994613859501,5.1639946138595,-0.275,0.275,True,4.447040231176569,5.381435097870541,-0.48896637094777484,0.5580652074965461,0.0,0.0,True,True,True
north,23.629,6,0.6,5.015405357950968,0.0,4.790405357950968,5.2404053579509675,-0.275,0.275,True,4.461647201206557,5.50875829844307,-0.541675783732791,0.6180720252540708,0.0,0.0,True,True,True
north,23.629,7,0.7,5.090744729792375,0.0,4.865744729792375,5.315744729792375,-0.275,0.275,True,4.470702518760932,5.641633151491211,-0.59993684899342,0.6836304954872081,0.0,0.0,True,True,True
north,23.629,8,0.8,5.164190813071548,0.0,4.939190813071549,5.389190813071548,-0.275,0.275,True,4.474206183839695,5.780059657014965,-0.6637495667296618,0.7547406181959582,0.0,0.0,True,True,True
north,23.629,9,0.9,5.23572983327393,0.0,5.01072983327393,5.46072983327393,-0.275,0.275,True,4.4721581964428445,5.924037815014333,-0.7331139369415162,0.8314023933803211,0.0,0.0,True,True,True
north,23.695,1,0.1,4.682260130005004,0.0,4.457260130005005,4.907260130005004,-0.275,0.275,True,4.3801008507070325,4.982747932452357,-0.32929800395089565,0.37790170183551725,0.0,0.0,True,True,True
north,23.695,2,0.2,4.758383146699979,0.0,4.533383146699979,4.983383146699978,-0.275,0.275,True,4.412721759743574,5.083671852226537,-0.3607154668312674,0.41478724969278397,0.0,0.0,True,True,True
north,23.695,3,0.3,4.8358303984746005,0.0,4.610830398474601,5.0608303984746,-0.275,0.275,True,4.439791016304504,5.190147424476331,-0.3976845821872519,0.45722445002566336,0.0,0.0,True,True,True
north,23.695,4,0.4,4.912638507094317,0.0,4.687638507094317,5.137638507094317,-0.275,0.275,True,4.46130862038982,5.302174649201737,-0.44020535001884925,0.5052133028341557,0.0,0.0,True,True,True
north,23.695,5,0.5,4.989304600228117,0.0,4.764304600228117,5.214304600228116,-0.275,0.275,True,4.477274571999525,5.419753526402756,-0.48827777032605924,0.5587538081182606,0.0,0.0,True,True,True
north,23.695,6,0.6,5.065198068663259,0.0,4.840198068663259,5.290198068663258,-0.275,0.275,True,4.487688871133616,5.542884056079388,-0.5419018431088821,0.6178459658779784,0.0,0.0,True,True,True
north,23.695,7,0.7,5.1394852682431695,0.0,4.91448526824317,5.364485268243169,-0.275,0.275,True,4.492551517792094,5.671566238231632,-0.6010775683673176,0.6824897761133087,0.0,0.0,True,True,True
north,23.695,8,0.8,5.211844113685792,0.0,4.986844113685792,5.436844113685791,-0.275,0.275,True,4.4918625119749604,5.80580007285949,-0.6658049461013661,0.7526852388242521,0.0,0.0,True,True,True
north,23.695,9,0.9,5.281754045492419,0.0,5.056754045492419,5.506754045492419,-0.275,0.275,True,4.485621853682213,5.945585559962959,-0.7360839763110272,0.8284323540108081,0.0,0.0,True,True,True
north,23.761,1,0.1,4.732552803321302,0.0,4.507552803321302,4.957552803321302,-0.275,0.275,True,4.427423751229025,5.029756330889822,-0.3371645754892866,0.37003513029712654,0.0,0.0,True,True,True
north,23.761,2,0.2,4.8092711681593565,0.0,4.584271168159357,5.034271168159356,-0.275,0.275,True,4.462758689351107,5.133394279749541,-0.3726687023593083,0.40283401416474346,0.0,0.0,True,True,True
north,23.761,3,0.3,4.886561856226394,0.0,4.6615618562263945,5.111561856226394,-0.275,0.275,True,4.4925419749975735,5.242583881084873,-0.41372448170494286,0.44118455050797306,0.0,0.0,True,True,True
north,23.761,4,0.4,4.963569179911797,0.0,4.7385691799117975,5.188569179911797,-0.275,0.275,True,4.516773608168429,5.357325134895817,-0.46033191352619024,0.4850867393268155,0.0,0.0,True,True,True
north,23.761,5,0.5,5.039487762775644,0.0,4.814487762775644,5.2644877627756435,-0.275,0.275,True,4.535453588863671,5.477618041182375,-0.5124909978230503,0.5345405806212706,0.0,0.0,True,True,True
north,23.761,6,0.6,5.11431022119771,0.0,4.88931022119771,5.339310221197709,-0.275,0.275,True,4.5485819170833,5.603462599944545,-0.5702017345955231,0.5895460743913387,0.0,0.0,True,True,True
north,23.761,7,0.7,5.187428575393296,0.0,4.962428575393297,5.412428575393296,-0.275,0.275,True,4.556158592827317,5.7348588111823275,-0.6334641238436088,0.6501032206370193,0.0,0.0,True,True,True
north,23.761,8,0.8,5.258417769208051,0.0,5.033417769208051,5.48341776920805,-0.275,0.275,True,4.558183616095721,5.871806674895724,-0.7022781655673072,0.7162120193583128,0.0,0.0,True,True,True
north,23.761,9,0.9,5.326710281850035,0.0,5.1017102818500355,5.551710281850035,-0.275,0.275,True,4.554656986888512,6.014306191084732,-0.7766438597666182,0.787872470555219,0.0,0.0,True,True,True
north,23.827,1,0.1,4.783285680959113,0.0,4.558285680959114,5.008285680959113,-0.275,0.275,True,4.487530754376172,5.089382668452651,-0.3396171537426326,0.3675825520437805,0.0,0.0,True,True,True
north,23.827,2,0.2,4.860176991819049,0.0,4.6351769918190495,5.085176991819049,-0.275,0.275,True,4.529586024068357,5.199740948882473,-0.3748884015725315,0.4006143149515203,0.0,0.0,True,True,True
north,23.827,3,0.3,4.937472306979992,0.0,4.7124723069799925,5.162472306979992,-0.275,0.275,True,4.566089641284928,5.31565088178791,-0.41571130187804306,0.43919773033487286,0.0,0.0,True,True,True
north,23.827,4,0.4,5.0138847907738455,0.0,4.788884790773846,5.238884790773845,-0.275,0.275,True,4.597041606025888,5.437112467168958,-0.4620858546591675,0.48333279819383823,0.0,0.0,True,True,True
north,23.827,5,0.5,5.089222528515313,0.0,4.864222528515313,5.314222528515312,-0.275,0.275,True,4.6224419182912335,5.56412570502562,-0.5140120599159046,0.5330195185284163,0.0,0.0,True,True,True
north,23.827,6,0.6,5.162708984247774,0.0,4.937708984247775,5.387708984247774,-0.275,0.275,True,4.642290578080966,5.696690595357893,-0.5714899176482545,0.5882578913386073,0.0,0.0,True,True,True
north,23.827,7,0.7,5.234328271562688,0.0,5.009328271562689,5.459328271562688,-0.275,0.275,True,4.656587585395087,5.83480713816578,-0.6345194278562172,0.649047916624411,0.0,0.0,True,True,True
north,23.827,8,0.8,5.3037461440370075,0.0,5.078746144037008,5.528746144037007,-0.275,0.275,True,4.665332940233595,5.978475333449279,-0.7031005905397927,0.7153895943858273,0.0,0.0,True,True,True
north,23.827,9,0.9,5.370317300291857,0.0,5.1453173002918575,5.595317300291857,-0.275,0.275,True,4.66852664259649,6.127695181208392,-0.7772334056989808,0.7872829246228564,0.0,0.0,True,True,True
north,23.893,1,0.1,4.834286968428731,0.0,4.609286968428731,5.05928696842873,-0.275,0.275,True,4.5370339396383415,5.1570242821288765,-0.33587417550009446,0.37132553028631843,0.0,0.0,True,True,True
north,23.893,2,0.2,4.911072894228587,0.0,4.686072894228587,5.136072894228587,-0.275,0.275,True,4.581036365510429,5.269329718738603,-0.37150608133513485,0.4039966351889165,0.0,0.0,True,True,True
north,23.893,3,0.3,4.987809571714881,0.0,4.7628095717148815,5.212809571714881,-0.275,0.275,True,4.619487138906905,5.387186807823943,-0.412689639645788,0.4422193925671273,0.0,0.0,True,True,True
north,23.893,4,0.4,5.0637273969111005,0.0,4.838727396911101,5.2887273969111,-0.275,0.275,True,4.652386259827767,5.510595549384894,-0.45942485043205394,0.4859938024209509,0.0,0.0,True,True,True
north,23.893,5,0.5,5.138015003845876,0.0,4.913015003845876,5.3630150038458755,-0.275,0.275,True,4.679733728273017,5.639555943421459,-0.5117117136939325,0.5353198647503873,0.0,0.0,True,True,True
north,23.893,6,0.6,5.2104040031272865,0.0,4.985404003127287,5.435404003127286,-0.275,0.275,True,4.701529544242654,5.774067989933637,-0.5695502294314241,0.5901975795554364,0.0,0.0,True,True,True
north,23.893,7,0.7,5.280357756033127,0.0,5.0553577560331275,5.505357756033127,-0.275,0.275,True,4.717773707736678,5.914131688921427,-0.6329403976445281,0.6506269468360982,0.0,0.0,True,True,True
north,23.893,8,0.8,5.347804746675563,0.0,5.1228047466755635,5.572804746675563,-0.275,0.275,True,4.72846621875509,6.0597470403848295,-0.7018822183332453,0.7166079665923729,0.0,0.0,True,True,True
north,23.893,9,0.9,5.41271856788909,0.0,5.187718567889091,5.63771856788909,-0.275,0.275,True,4.733607077297888,6.210914044323845,-0.7763756914975749,0.7881406388242603,0.0,0.0,True,True,True
north,23.959,1,0.1,4.885019409692002,0.0,4.660019409692002,5.1100194096920015,-0.275,0.275,True,4.584712262218139,5.179337671288894,-0.33729287387773504,0.36990683190867807,0.0,0.0,True,True,True
north,23.959,2,0.2,4.962006879469503,0.0,4.7370068794695035,5.187006879469503,-0.275,0.275,True,4.626122147562266,5.289050567370658,-0.371479704602937,0.4040230119211148,0.0,0.0,True,True,True
north,23.959,3,0.3,5.037949617188875,0.0,4.812949617188876,5.262949617188875,-0.275,0.275,True,4.661980380430777,5.404315115928035,-0.4112181878037517,0.44369084440916423,0.0,0.0,True,True,True
north,23.959,4,0.4,5.1128566661641,0.0,4.8878566661641,5.337856666164099,-0.275,0.275,True,4.692286960823679,5.525131316961024,-0.4565083234801792,0.4889103293728265,0.0,0.0,True,True,True
north,23.959,5,0.5,5.186017481144743,0.0,4.961017481144744,5.411017481144743,-0.275,0.275,True,4.717041888740965,5.651499170469627,-0.5073501116322194,0.5396814668121015,0.0,0.0,True,True,True
north,23.959,6,0.6,5.257020236128521,0.0,5.032020236128521,5.482020236128521,-0.275,0.275,True,4.73624516418264,5.7834186764538424,-0.5637435522598725,0.5960042567269893,0.0,0.0,True,True,True
north,23.959,7,0.7,5.325372094458875,0.0,5.1003720944588755,5.550372094458875,-0.275,0.275,True,4.749896787148702,5.9208898349136705,-0.6256886453631383,0.6578786991174899,0.0,0.0,True,True,True
north,23.959,8,0.8,5.390863448965193,0.0,5.165863448965194,5.615863448965193,-0.275,0.275,True,4.757996757639152,6.063912645849111,-0.6931853909420168,0.7253047939836031,0.0,0.0,True,True,True
north,23.959,9,0.9,5.4536182004915545,0.0,5.228618200491555,5.678618200491554,-0.275,0.275,True,4.760545075653987,6.212487109260165,-0.7662337889965081,0.7982825413253292,0.0,0.0,True,True,True
north,24.025,1,0.1,4.935933694860012,0.0,4.710933694860012,5.160933694860011,-0.275,0.275,True,4.634673065517586,5.252663528604908,-0.32005616913528345,0.38714353665113,0.0,0.0,True,True,True
north,24.025,2,0.2,5.012364223596722,0.0,4.787364223596723,5.237364223596722,-0.275,0.275,True,4.67675525582808,5.3630487296530385,-0.34874309607167253,0.4267596204523798,0.0,0.0,True,True,True
north,24.025,3,0.3,5.087700327238247,0.0,4.862700327238247,5.312700327238247,-0.275,0.275,True,4.713285793662959,5.478985583176784,-0.3829816754836744,0.4719273567292423,0.0,0.0,True,True,True
north,24.025,4,0.4,5.161227155423995,0.0,4.936227155423995,5.386227155423994,-0.275,0.275,True,4.744264679022226,5.60047408917614,-0.4227719073712891,0.5226467454817177,0.0,0.0,True,True,True
north,24.025,5,0.5,5.232941592141815,0.0,5.007941592141815,5.457941592141815,-0.275,0.275,True,4.769691911905881,5.7275142476511105,-0.4681137917345165,0.5789177867098058,0.0,0.0,True,True,True
north,24.025,6,0.6,5.302416401790086,0.0,5.077416401790086,5.527416401790085,-0.275,0.275,True,4.789567492313922,5.860106058601693,-0.5190073285733567,0.6407404804135066,0.0,0.0,True,True,True
north,24.025,7,0.7,5.369013585100135,0.0,5.144013585100136,5.594013585100135,-0.275,0.275,True,4.803891420246351,5.998249522027888,-0.5754525178878097,0.7081148265928202,0.0,0.0,True,True,True
north,24.025,8,0.8,5.432622099810479,0.0,5.20762209981048,5.657622099810479,-0.275,0.275,True,4.812663695703168,6.141944637929696,-0.6374493596778754,0.7810408252477465,0.0,0.0,True,True,True
north,24.025,9,0.9,5.492912893849415,0.0,5.267912893849416,5.717912893849415,-0.275,0.275,True,4.815884318684371,6.291191406307118,-0.704997853943554,0.8595184763782857,0.0,0.0,True,True,True
north,24.091,1,0.1,4.986314543201645,0.0,4.761314543201645,5.211314543201644,-0.275,0.275,True,4.685433206176116,5.29637888787349,-0.32747731951984715,0.37972238626656596,0.0,0.0,True,True,True
north,24.091,2,0.2,5.062256725158945,0.0,4.837256725158945,5.287256725158945,-0.275,0.275,True,4.727017495337262,5.406266187772273,-0.35824484910786264,0.41725786741618914,0.0,0.0,True,True,True
north,24.091,3,0.3,5.136544739448581,0.0,4.911544739448582,5.361544739448581,-0.275,0.275,True,4.763050132022794,5.521705140146671,-0.3945640311714908,0.4603450010414251,0.0,0.0,True,True,True
north,24.091,4,0.4,5.208947622324014,0.0,4.983947622324014,5.4339476223240135,-0.275,0.275,True,4.793531116232716,5.64269574499668,-0.43643486571073187,0.5089837871422739,0.0,0.0,True,True,True
north,24.091,5,0.5,5.278961466573835,0.0,5.053961466573836,5.503961466573835,-0.275,0.275,True,4.8184604479670226,5.769238002322303,-0.48385735272558555,0.5631742257187353,0.0,0.0,True,True,True
north,24.091,6,0.6,5.3465037985118204,0.0,5.121503798511821,5.57150379851182,-0.275,0.275,True,4.837838127225717,5.901331912123538,-0.5368314922160521,0.6229163167708097,0.0,0.0,True,True,True
north,24.091,7,0.7,5.411454032617782,0.0,5.186454032617783,5.636454032617782,-0.275,0.275,True,4.851664154008799,6.038977474400387,-0.5953572841821314,0.6882100602984967,0.0,0.0,True,True,True
north,24.091,8,0.8,5.472912672045267,0.0,5.247912672045268,5.697912672045267,-0.275,0.275,True,4.859938528316269,6.1821746891528475,-0.6594347286238234,0.7590554563017966,0.0,0.0,True,True,True
north,24.091,9,0.9,5.530770362279982,0.0,5.305770362279983,5.755770362279982,-0.275,0.275,True,4.862661250148124,6.330923556380921,-0.7290638255411281,0.8354525047807091,0.0,0.0,True,True,True
north,24.157,1,0.1,5.036411471602107,0.0,4.811411471602107,5.2614114716021065,-0.275,0.275,True,4.734697767042325,5.344952889438235,-0.32185483352612076,0.3853448722602921,0.0,0.0,True,True,True
north,24.157,2,0.2,5.111403111130492,0.0,4.886403111130492,5.336403111130491,-0.275,0.275,True,4.778444272893509,5.457002406027057,-0.3517492975144445,0.42375341900960684,0.0,0.0,True,True,True
north,24.157,3,0.3,5.18460638689619,0.0,4.959606386896191,5.40960638689619,-0.275,0.275,True,4.816639126269079,5.5746035750914915,-0.387195413978381,0.4677136182345343,0.0,0.0,True,True,True
north,24.157,4,0.4,5.255622703048988,0.0,5.030622703048988,5.480622703048987,-0.275,0.275,True,4.849282327169037,5.697756396631539,-0.42819318291793024,0.5172254699350746,0.0,0.0,True,True,True
north,24.157,5,0.5,5.32399995409923,0.0,5.098999954099231,5.54899995409923,-0.275,0.275,True,4.876373875593383,5.8264608706472,-0.47474260433309223,0.5722889741112276,0.0,0.0,True,True,True
north,24.157,6,0.6,5.389559084506386,0.0,5.1645590845063865,5.614559084506386,-0.275,0.275,True,4.8979137715421155,5.960716997138473,-0.526843678223867,0.6329041307629935,0.0,0.0,True,True,True
north,24.157,7,0.7,5.452430929500128,0.0,5.227430929500128,5.677430929500128,-0.275,0.275,True,4.913902015015235,6.100524776105358,-0.5844964045902545,0.6990709398903718,0.0,0.0,True,True,True
north,24.157,8,0.8,5.511587808154024,0.0,5.2865878081540245,5.736587808154024,-0.275,0.275,True,4.924338606012742,6.2458842075478564,-0.6477007834322549,0.7707894014933633,0.0,0.0,True,True,True
north,24.157,9,0.9,5.56713199328756,0.0,5.34213199328756,5.792131993287559,-0.275,0.275,True,4.929223544534636,6.396795291465968,-0.716456814749868,0.8480595155719672,0.0,0.0,True,True,True
north,24.223,1,0.1,5.086178125961185,0.0,4.861178125961185,5.3111781259611845,-0.275,0.275,True,4.775884071242493,5.396048128834302,-0.33086731009268283,0.3763323956937303,0.0,0.0,True,True,True
north,24.223,2,0.2,5.159745326600221,0.0,4.934745326600221,5.38474532660022,-0.275,0.275,True,4.814894186758552,5.503361255087998,-0.36619488495950975,0.40930783156454204,0.0,0.0,True,True,True
north,24.223,3,0.3,5.231554912720945,0.0,5.006554912720945,5.456554912720945,-0.275,0.275,True,4.848352649798998,5.616226033817309,-0.40707411230194945,0.44783491991096647,0.0,0.0,True,True,True
north,24.223,4,0.4,5.301068016053774,0.0,5.076068016053775,5.526068016053774,-0.275,0.275,True,4.876259460363832,5.7346424650222305,-0.45350499212000195,0.4919136607330038,0.0,0.0,True,True,True
north,24.223,5,0.5,5.367709869908414,0.0,5.142709869908415,5.592709869908414,-0.275,0.275,True,4.898614618453052,5.858610548702767,-0.5054875244136672,0.5415440540306538,0.0,0.0,True,True,True
north,24.223,6,0.6,5.43136368098487,0.0,5.206363680984871,5.65636368098487,-0.275,0.275,True,4.915418124066659,5.988130284858915,-0.5630217091829453,0.5967260998039166,0.0,0.0,True,True,True
north,24.223,7,0.7,5.491760789993328,0.0,5.266760789993328,5.7167607899933275,-0.275,0.275,True,4.9266699772046545,6.1232016734906765,-0.626107546427836,0.6574597980527922,0.0,0.0,True,True,True
north,24.223,8,0.8,5.548675764590187,0.0,5.323675764590187,5.773675764590187,-0.275,0.275,True,4.932370177867036,6.26382471459805,-0.6947450361483395,0.7237451487772805,0.0,0.0,True,True,True
north,24.223,9,0.9,5.601526183804995,0.0,5.376526183804995,5.826526183804995,-0.275,0.275,True,4.9325187260538055,6.409999408181037,-0.7689341783444558,0.7955821519773815,0.0,0.0,True,True,True
north,24.289,1,0.1,5.135074475051287,0.0,4.910074475051287,5.360074475051286,-0.275,0.275,True,4.832623094302831,5.43939461921389,-0.33390021198151587,0.37329949380489724,0.0,0.0,True,True,True
north,24.289,2,0.2,5.207491241520744,0.0,4.982491241520744,5.432491241520744,-0.275,0.275,True,4.872783357155243,5.547857892803939,-0.3693742294056116,0.4061284871184402,0.0,0.0,True,True,True
north,24.289,3,0.3,5.2775651771145435,0.0,5.052565177114544,5.502565177114543,-0.275,0.275,True,4.907391967532041,5.661872818869602,-0.41039989930532006,0.44450913290759586,0.0,0.0,True,True,True
north,24.289,4,0.4,5.345202850348076,0.0,5.120202850348076,5.570202850348076,-0.275,0.275,True,4.936448925433227,5.781439397410876,-0.4569772216806414,0.4884414311723643,0.0,0.0,True,True,True
north,24.289,5,0.5,5.410189497346473,0.0,5.185189497346474,5.635189497346473,-0.275,0.275,True,4.959954230858799,5.906557628427765,-0.5091061965315754,0.5379253819127455,0.0,0.0,True,True,True
north,24.289,6,0.6,5.471690663078677,0.0,5.246690663078677,5.696690663078677,-0.275,0.275,True,4.97790788380876,6.037227511920266,-0.5667868238581222,0.5929609851287396,0.0,0.0,True,True,True
north,24.289,7,0.7,5.529629668872799,0.0,5.304629668872799,5.7546296688727985,-0.275,0.275,True,4.990309884283107,6.173449047888379,-0.6300191036602818,0.6535482408203463,0.0,0.0,True,True,True
north,24.289,8,0.8,5.583897507659307,0.0,5.358897507659307,5.808897507659307,-0.275,0.275,True,4.997160232281842,6.315222236332105,-0.6988030359380542,0.7196871489875658,0.0,0.0,True,True,True
north,24.289,9,0.9,5.634163716812068,0.0,5.409163716812069,5.859163716812068,-0.275,0.275,True,4.998458927804963,6.462547077251445,-0.7731386206914391,0.7913777096303981,0.0,0.0,True,True,True
north,24.355,1,0.1,5.183176295494504,0.0,4.958176295494504,5.408176295494504,-0.275,0.275,True,4.8780468827969985,5.4870232007052895,-0.3379520375957809,0.369247668190632,0.0,0.0,True,True,True
north,24.355,2,0.2,5.254225169969457,0.0,5.0292251699694575,5.479225169969457,-0.275,0.275,True,4.9179282715507,5.5952076001966295,-0.376104266652002,0.39939844987204937,0.0,0.0,True,True,True
north,24.355,3,0.3,5.322627813739585,0.0,5.097627813739585,5.5476278137395845,-0.275,0.275,True,4.95225800782879,5.708943652163583,-0.4198081481838358,0.4351008840290794,0.0,0.0,True,True,True
north,24.355,4,0.4,5.388254720047577,0.0,5.163254720047577,5.613254720047577,-0.275,0.275,True,4.981036091631266,5.828231356606149,-0.4690636821912825,0.47635497066172233,0.0,0.0,True,True,True
north,24.355,5,0.5,5.451225160921199,0.0,5.226225160921199,5.676225160921199,-0.275,0.275,True,5.00426252295813,5.953070713524328,-0.5238708686743418,0.523160709769978,0.0,0.0,True,True,True
north,24.355,6,0.6,5.510436858703356,0.0,5.285436858703356,5.7354368587033555,-0.275,0.275,True,5.0219373018093805,6.083461722918119,-0.5842297076330141,0.5755181013538464,0.0,0.0,True,True,True
north,24.355,7,0.7,5.566033542716191,0.0,5.3410335427161915,5.791033542716191,-0.275,0.275,True,5.034060428185019,6.219404384787523,-0.6501401990672989,0.6334271454133275,0.0,0.0,True,True,True
north,24.355,8,0.8,5.617445703646466,0.0,5.392445703646466,5.842445703646465,-0.275,0.275,True,5.040631902085044,6.36089869913254,-0.7216023429771967,0.6968878419484215,0.0,0.0,True,True,True
north,24.355,9,0.9,5.66490888678969,0.0,5.4399088867896905,5.88990888678969,-0.275,0.275,True,5.041651723509458,6.50794466595317,-0.7986161393627071,0.7659001909591281,0.0,0.0,True,True,True
north,24.421,1,0.1,5.230168233300074,0.0,5.005168233300075,5.455168233300074,-0.275,0.275,True,4.928558091585522,5.539414628802069,-0.33166354587819474,0.37553615990821837,0.0,0.0,True,True,True
north,24.421,2,0.2,5.299700986828075,0.0,5.074700986828075,5.5247009868280745,-0.275,0.275,True,4.968401451030487,5.6475609989846705,-0.3665744814379202,0.4089282350861316,0.0,0.0,True,True,True
north,24.421,3,0.3,5.366406154716694,0.0,5.1414061547166945,5.591406154716694,-0.275,0.275,True,5.002693157999838,5.761259021642887,-0.40703706947325835,0.44787196273965757,0.0,0.0,True,True,True
north,24.421,4,0.4,5.430105262159259,0.0,5.205105262159259,5.655105262159259,-0.275,0.275,True,5.031433212493577,5.880508696776714,-0.45305130998420934,0.4923673428687964,0.0,0.0,True,True,True
north,24.421,5,0.5,5.49060868613724,0.0,5.265608686137241,5.71560868613724,-0.275,0.275,True,5.054621614511702,6.005310024386156,-0.5046172029707731,0.5424143754735479,0.0,0.0,True,True,True
north,24.421,6,0.6,5.547603275419716,0.0,5.322603275419716,5.772603275419716,-0.275,0.275,True,5.072258364054215,6.135663004471209,-0.5617347484329496,0.5980130605539122,0.0,0.0,True,True,True
north,24.421,7,0.7,5.600509300957435,0.0,5.375509300957435,5.825509300957434,-0.275,0.275,True,5.084343461121115,6.271567637031875,-0.6244039463707388,0.6591633981098893,0.0,0.0,True,True,True
north,24.421,8,0.8,5.6492117896590806,0.0,5.424211789659081,5.87421178965908,-0.275,0.275,True,5.0908769057124035,6.413023922068155,-0.6926247967841408,0.7258653881414792,0.0,0.0,True,True,True
north,24.421,9,0.9,5.693541921226923,0.0,5.468541921226923,5.918541921226923,-0.275,0.275,True,5.091858697828077,6.5600318595800475,-0.7663972996731556,0.7981190306486816,0.0,0.0,True,True,True
north,24.487,1,0.1,5.276229007040896,0.0,5.051229007040896,5.501229007040895,-0.275,0.275,True,4.973171249614378,5.594881906815916,-0.3270886798211186,0.38011102596529517,0.0,0.0,True,True,True
north,24.487,2,0.2,5.343901902184331,0.0,5.118901902184331,5.56890190218433,-0.275,0.275,True,5.013861183494043,5.70387485143322,-0.3592074499257243,0.41629526659832883,0.0,0.0,True,True,True
north,24.487,3,0.3,5.408924962075163,0.0,5.183924962075164,5.633924962075163,-0.275,0.275,True,5.0489994648980945,5.818419448526137,-0.3968778725059427,0.4580311597069752,0.0,0.0,True,True,True
north,24.487,4,0.4,5.470468654112082,0.0,5.2454686541120825,5.695468654112082,-0.275,0.275,True,5.078586093826534,5.938515698094665,-0.44009994756177395,0.5053187052912345,0.0,0.0,True,True,True
north,24.487,5,0.5,5.528488975465612,0.0,5.303488975465612,5.753488975465611,-0.275,0.275,True,5.102621070279361,6.064163600138808,-0.48887367509321794,0.5581579033511064,0.0,0.0,True,True,True
north,24.487,6,0.6,5.5828689557882685,0.0,5.357868955788269,5.807868955788268,-0.275,0.275,True,5.121104394256574,6.195363154658563,-0.5431990551002746,0.616548753886591,0.0,0.0,True,True,True
north,24.487,7,0.7,5.633195593376845,0.0,5.4081955933768455,5.858195593376845,-0.275,0.275,True,5.134036065758175,6.33211436165393,-0.6030760875829442,0.6804912568976884,0.0,0.0,True,True,True
north,24.487,8,0.8,5.67908750834637,0.0,5.454087508346371,5.90408750834637,-0.275,0.275,True,5.141416084784163,6.474417221124911,-0.6685047725412264,0.7499854123843986,0.0,0.0,True,True,True
north,24.487,9,0.9,5.720231656573545,0.0,5.495231656573545,5.945231656573545,-0.275,0.275,True,5.143244451334538,6.622271733071504,-0.7394851099751215,0.8250312203467217,0.0,0.0,True,True,True
north,24.553,1,0.1,5.32125567337994,0.0,5.0962556733799405,5.54625567337994,-0.275,0.275,True,5.0217281029713305,5.640130505028588,-0.3262436513445885,0.3809560544418246,0.0,0.0,True,True,True
north,24.553,2,0.2,5.38695035558877,0.0,5.16195035558877,5.611950355588769,-0.275,0.275,True,5.062209421842165,5.748914834637059,-0.3578008141828528,0.41770190234119897,0.0,0.0,True,True,True
north,24.553,3,0.3,5.450000894754768,0.0,5.225000894754769,5.675000894754768,-0.275,0.275,True,5.097139088237384,5.863250816721144,-0.39490962949672986,0.45999940271618606,0.0,0.0,True,True,True
north,24.553,4,0.4,5.509285909252686,0.0,5.284285909252686,5.734285909252685,-0.275,0.275,True,5.126517102156993,5.9831384512808405,-0.4375700972862197,0.507848555566786,0.0,0.0,True,True,True
north,24.553,5,0.5,5.564935092144822,0.0,5.339935092144822,5.789935092144821,-0.275,0.275,True,5.150343463600986,6.108577738316151,-0.4857822175513223,0.5612493608929986,0.0,0.0,True,True,True
north,24.553,6,0.6,5.6164404227819515,0.0,5.391440422781952,5.841440422781951,-0.275,0.275,True,5.168618172569369,6.239568677827074,-0.5395459902920378,0.620201818694824,0.0,0.0,True,True,True
north,24.553,7,0.7,5.664030505857971,0.0,5.439030505857971,5.889030505857971,-0.275,0.275,True,5.181341229062138,6.376111269813609,-0.5988614155083658,0.6847059289722623,0.0,0.0,True,True,True
north,24.553,8,0.8,5.706844016733925,0.0,5.481844016733925,5.931844016733924,-0.275,0.275,True,5.188512633079295,6.518205514275757,-0.6637284932003067,0.7547616917253133,0.0,0.0,True,True,True
north,24.553,9,0.9,5.744877280511494,0.0,5.519877280511494,5.9698772805114935,-0.275,0.275,True,5.190132384620838,6.665851411213518,-0.7341472233678603,0.8303691069539769,0.0,0.0,True,True,True
north,24.619,1,0.1,5.365102439524974,0.0,5.140102439524974,5.590102439524974,-0.275,0.275,True,5.063264509998071,5.677362392962094,-0.3360810421119973,0.3711186636744156,0.0,0.0,True,True,True
north,24.619,2,0.2,5.4288411028049355,0.0,5.203841102804936,5.653841102804935,-0.275,0.275,True,5.099746047243195,5.782146940944857,-0.37182081394580996,0.4036819025782414,0.0,0.0,True,True,True
north,24.619,3,0.3,5.489456582281153,0.0,5.264456582281153,5.714456582281152,-0.275,0.275,True,5.130675932012705,5.892483141403232,-0.41311223825523535,0.4417967939576799,0.0,0.0,True,True,True
north,24.619,4,0.4,5.546495227655829,0.0,5.321495227655829,5.771495227655828,-0.275,0.275,True,5.156054164306604,6.00837099433722,-0.45995531504027365,0.4854633378127312,0.0,0.0,True,True,True
north,24.619,5,0.5,5.5994924181098735,0.0,5.374492418109874,5.824492418109873,-0.275,0.275,True,5.175880744124889,6.12981049974682,-0.5123500443009246,0.5346815341433953,0.0,0.0,True,True,True
north,24.619,6,0.6,5.648269390547463,0.0,5.423269390547463,5.873269390547462,-0.275,0.275,True,5.190155671467561,6.256801657632033,-0.5702964260371883,0.5894513829496721,0.0,0.0,True,True,True
north,24.619,7,0.7,5.692709898776426,0.0,5.467709898776427,5.917709898776426,-0.275,0.275,True,5.198878946334622,6.389344467992859,-0.6337944602490648,0.6497728842315615,0.0,0.0,True,True,True
north,24.619,8,0.8,5.732456131943079,0.0,5.507456131943079,5.957456131943078,-0.275,0.275,True,5.202050568726069,6.527438930829297,-0.7028441469365542,0.715646037989064,0.0,0.0,True,True,True
north,24.619,9,0.9,5.767227422755077,0.0,5.542227422755078,5.992227422755077,-0.275,0.275,True,5.199670538641904,6.671085046141349,-0.7774454860996561,0.7870708442221791,0.0,0.0,True,True,True
north,24.685,1,0.1,5.407660426803854,0.0,5.182660426803855,5.632660426803854,-0.275,0.275,True,5.102506039239542,5.717082752319915,-0.3326726683988073,0.3745270373876058,0.0,0.0,True,True,True
north,24.685,2,0.2,5.469246645145492,0.0,5.244246645145492,5.694246645145491,-0.275,0.275,True,5.1355640859066645,5.818443809724674,-0.3685229801959898,0.406979736328062,0.0,0.0,True,True,True
north,24.685,3,0.3,5.527353635837739,0.0,5.302353635837739,5.752353635837738,-0.275,0.275,True,5.163070480098172,5.925356519605048,-0.4099249444687849,0.444984087744131,0.0,0.0,True,True,True
north,24.685,4,0.4,5.58184040391723,0.0,5.35684040391723,5.80684040391723,-0.275,0.275,True,5.18502522181407,6.037820881961033,-0.45687856121719295,0.4885400916358128,0.0,0.0,True,True,True
north,24.685,5,0.5,5.632227469941623,0.0,5.407227469941623,5.8572274699416225,-0.275,0.275,True,5.201428311054352,6.155836896792632,-0.5093838304412136,0.5376477480031073,0.0,0.0,True,True,True
north,24.685,6,0.6,5.678192423347333,0.0,5.453192423347334,5.903192423347333,-0.275,0.275,True,5.212279747819022,6.279404564099843,-0.5674407521408471,0.5923070568460147,0.0,0.0,True,True,True
north,24.685,7,0.7,5.71944274312642,0.0,5.49444274312642,5.9444427431264195,-0.275,0.275,True,5.21757953210808,6.408523883882666,-0.6310493263160935,0.6525180181645347,0.0,0.0,True,True,True
north,24.685,8,0.8,5.755899727561348,0.0,5.530899727561349,5.980899727561348,-0.275,0.275,True,5.217327663921525,6.543194856141103,-0.7002095529669524,0.7182806319586675,0.0,0.0,True,True,True
north,24.685,9,0.9,5.787271017420493,0.0,5.5622710174204935,6.012271017420493,-0.275,0.275,True,5.211524143259357,6.683417480875153,-0.7749214320934241,0.7895948982284131,0.0,0.0,True,True,True
north,24.751,1,0.1,5.448776628588337,0.0,5.223776628588337,5.673776628588336,-0.275,0.275,True,5.137951228389781,5.758528503180714,-0.3238271814275701,0.383372524358843,0.0,0.0,True,True,True
north,24.751,2,0.2,5.5081349598020175,0.0,5.283134959802018,5.733134959802017,-0.275,0.275,True,5.168251243120179,5.857131528648749,-0.3560462543985478,0.41945646212550397,0.0,0.0,True,True,True
north,24.751,3,0.3,5.563836641573453,0.0,5.338836641573454,5.788836641573453,-0.275,0.275,True,5.192999605374961,5.961286206592397,-0.3938169798451382,0.4610920523677777,0.0,0.0,True,True,True
north,24.751,4,0.4,5.615428562696006,0.0,5.390428562696006,5.8404285626960055,-0.275,0.275,True,5.2121963151541335,6.070992537011657,-0.4371393577673414,0.5082792950856643,0.0,0.0,True,True,True
north,24.751,5,0.5,5.66311865610953,0.0,5.4381186561095305,5.88811865610953,-0.275,0.275,True,5.22584137245769,6.1862505199065305,-0.4860133881651574,0.5610181902791636,0.0,0.0,True,True,True
north,24.751,6,0.6,5.706030498552452,0.0,5.481030498552452,5.931030498552452,-0.275,0.275,True,5.2339347772856355,6.307060155277016,-0.5404390710385861,0.6193087379482757,0.0,0.0,True,True,True
north,24.751,7,0.7,5.744169345071699,0.0,5.519169345071699,5.969169345071698,-0.275,0.275,True,5.236476529637969,6.433421443123115,-0.6004164063876276,0.6831509380930005,0.0,0.0,True,True,True
north,24.751,8,0.8,5.777178404882812,0.0,5.552178404882812,6.0021784048828115,-0.275,0.275,True,5.233466629514688,6.565334383444826,-0.6659453942122818,0.7525447907133381,0.0,0.0,True,True,True
north,24.751,9,0.9,5.8049777140545995,0.0,5.5799777140546,6.029977714054599,-0.275,0.275,True,5.224905076915795,6.702798976242152,-0.7370260345125488,0.8274902958092885,0.0,0.0,True,True,True
north,24.817,1,0.1,5.488304478425065,0.0,5.2633044784250655,5.713304478425065,-0.275,0.275,True,5.181396756974501,5.801427358700977,-0.3232412286441875,0.3839584771422254,0.0,0.0,True,True,True
north,24.817,2,0.2,5.545387179891944,0.0,5.320387179891944,5.7703871798919435,-0.275,0.275,True,5.211453423361623,5.899787035825737,-0.35333347472618576,0.4221692417978656,0.0,0.0,True,True,True
north,24.817,3,0.3,5.598475535262313,0.0,5.373475535262314,5.823475535262313,-0.275,0.275,True,5.2359584372731325,6.003698365426111,-0.3889773732837967,0.46593165892911853,0.0,0.0,True,True,True
north,24.817,4,0.4,5.647323562390245,0.0,5.422323562390245,5.872323562390244,-0.275,0.275,True,5.254911798709029,6.113161347502096,-0.4301729243170206,0.5152457285359843,0.0,0.0,True,True,True
north,24.817,5,0.5,5.69187787632593,0.0,5.46687787632593,5.9168778763259295,-0.275,0.275,True,5.268313507669313,6.2281759820536955,-0.4769201278258571,0.5701114506184628,0.0,0.0,True,True,True
north,24.817,6,0.6,5.731726916819182,0.0,5.506726916819182,5.956726916819181,-0.275,0.275,True,5.2761635641539835,6.348742269080907,-0.5292189838103064,0.6305288251765541,0.0,0.0,True,True,True
north,24.817,7,0.7,5.7665780662314585,0.0,5.541578066231459,5.991578066231458,-0.275,0.275,True,5.278461968163042,6.474860208583731,-0.5870694922703684,0.696497852210258,0.0,0.0,True,True,True
north,24.817,8,0.8,5.796189284120117,0.0,5.571189284120117,6.0211892841201164,-0.275,0.275,True,5.275208719696488,6.606529800562169,-0.6504716532060433,0.7680185317195749,0.0,0.0,True,True,True
north,24.817,9,0.9,5.820342020314157,0.0,5.595342020314157,6.045342020314156,-0.275,0.275,True,5.266403818754321,6.743751045016218,-0.7194254666173309,0.8450908637045044,0.0,0.0,True,True,True
north,24.883,1,0.1,5.526223649989177,0.0,5.301223649989177,5.751223649989177,-0.275,0.275,True,5.222126133921903,5.836123070072805,-0.3378345521507387,0.3693651536356744,0.0,0.0,True,True,True
north,24.883,2,0.2,5.580811852046193,0.0,5.355811852046194,5.805811852046193,-0.275,0.275,True,5.2507907551318835,5.933090702020422,-0.374290530920233,0.40121218560381877,0.0,0.0,True,True,True
north,24.883,3,0.3,5.631259346506401,0.0,5.406259346506402,5.856259346506401,-0.275,0.275,True,5.2739037238662485,6.035609986443653,-0.4162981621653401,0.4386108700475758,0.0,0.0,True,True,True
north,24.883,4,0.4,5.677297338348296,0.0,5.452297338348297,5.902297338348296,-0.275,0.275,True,5.2914650401250025,6.143680923342495,-0.46385744588606,0.48156120696694577,0.0,0.0,True,True,True
north,24.883,5,0.5,5.718653829679294,0.0,5.493653829679294,5.943653829679294,-0.275,0.275,True,5.303474703908143,6.257303512716952,-0.5169683820823926,0.5300631963619283,0.0,0.0,True,True,True
north,24.883,6,0.6,5.755220688396762,0.0,5.530220688396763,5.980220688396762,-0.275,0.275,True,5.309932715215671,6.37647775456702,-0.575630970754338,0.5841168382325238,0.0,0.0,True,True,True
north,24.883,7,0.7,5.786713347519198,0.0,5.561713347519198,6.011713347519198,-0.275,0.275,True,5.3108390740475855,6.501203648892701,-0.6398452119018961,0.643722132578732,0.0,0.0,True,True,True
north,24.883,8,0.8,5.812778999458203,0.0,5.587778999458203,6.037778999458203,-0.275,0.275,True,5.306193780403889,6.631481195693995,-0.709611105525067,0.708879079400553,0.0,0.0,True,True,True
north,24.883,9,0.9,5.833277727893433,0.0,5.608277727893434,6.058277727893433,-0.275,0.275,True,5.295996834284577,6.767310394970902,-0.7849286516238506,0.7795876786979866,0.0,0.0,True,True,True
north,24.949,1,0.1,5.562738191002084,0.0,5.337738191002084,5.7877381910020835,-0.275,0.275,True,5.262839266472198,5.873789923535911,-0.32223133674051646,0.38496836904589665,0.0,0.0,True,True,True
north,24.949,2,0.2,5.614416702610062,0.0,5.389416702610062,5.839416702610062,-0.275,0.275,True,5.29042560873784,5.96967927653919,-0.3561375045639575,0.4193652119600943,0.0,0.0,True,True,True
north,24.949,3,0.3,5.662206806361089,0.0,5.43720680636109,5.887206806361089,-0.275,0.275,True,5.312460298527868,6.071120282018084,-0.3955953248630113,0.4593137073499046,0.0,0.0,True,True,True
north,24.949,4,0.4,5.705216980370977,0.0,5.480216980370978,5.930216980370977,-0.275,0.275,True,5.328943335842284,6.178112939972588,-0.4406047976376779,0.5048138552153278,0.0,0.0,True,True,True
north,24.949,5,0.5,5.743461409631904,0.0,5.518461409631905,5.968461409631904,-0.275,0.275,True,5.339874720681087,6.290657250402708,-0.49116592288795724,0.5558656555563637,0.0,0.0,True,True,True
north,24.949,6,0.6,5.776562384973442,0.0,5.551562384973442,6.001562384973441,-0.275,0.275,True,5.345254453044278,6.408753213308439,-0.5472787006138494,0.6124691083730124,0.0,0.0,True,True,True
north,24.949,7,0.7,5.804481355210316,0.0,5.579481355210317,6.029481355210316,-0.275,0.275,True,5.345082532931856,6.532400828689783,-0.6089431308153543,0.6746242136652738,0.0,0.0,True,True,True
north,24.949,8,0.8,5.826932379644752,0.0,5.601932379644753,6.051932379644752,-0.275,0.275,True,5.339358960343821,6.6616000965467395,-0.6761592134924719,0.7423309714331481,0.0,0.0,True,True,True
north,24.949,9,0.9,5.843696317417834,0.0,5.618696317417834,6.068696317417833,-0.275,0.275,True,5.328083735280172,6.79635101687931,-0.7489269486452023,0.815589381676635,0.0,0.0,True,True,True
north,25.015,1,0.1,5.597458652414753,0.0,5.372458652414753,5.822458652414753,-0.275,0.275,True,5.2935954727860794,5.902386850021321,-0.33352452466199956,0.37367518112441334,0.0,0.0,True,True,True
north,25.015,2,0.2,5.646374305187429,0.0,5.421374305187429,5.8713743051874285,-0.275,0.275,True,5.317009602616921,5.994103990589801,-0.36826131187756916,0.4072414046464822,0.0,0.0,True,True,True
north,25.015,3,0.3,5.691045853875434,0.0,5.466045853875435,5.916045853875434,-0.275,0.275,True,5.33487207997215,6.091372783633894,-0.4085497515687515,0.44635928064416375,0.0,0.0,True,True,True
north,25.015,4,0.4,5.730997701695283,0.0,5.505997701695283,5.955997701695282,-0.275,0.275,True,5.347182904851766,6.1941932291535995,-0.4543898437355467,0.49102880911745816,0.0,0.0,True,True,True
north,25.015,5,0.5,5.76592870970784,0.0,5.54092870970784,5.990928709707839,-0.275,0.275,True,5.35394207725577,6.302565327148918,-0.5057815883779546,0.5412499900663652,0.0,0.0,True,True,True
north,25.015,6,0.6,5.795632807294014,0.0,5.5706328072940146,6.020632807294014,-0.275,0.275,True,5.355149597184161,6.4164890776198495,-0.5627249854959753,0.5970228234908852,0.0,0.0,True,True,True
north,25.015,7,0.7,5.819908096014369,0.0,5.594908096014369,6.044908096014368,-0.275,0.275,True,5.350805464636939,6.535964480566394,-0.6252200350896087,0.6583473093910177,0.0,0.0,True,True,True
north,25.015,8,0.8,5.838614887115021,0.0,5.6136148871150215,6.063614887115021,-0.275,0.275,True,5.340909679614104,6.66099153598855,-0.6932667371588549,0.7252234477667633,0.0,0.0,True,True,True
north,25.015,9,0.9,5.849942309069832,0.0,5.624942309069833,6.074942309069832,-0.275,0.275,True,5.325462242115656,6.791570243886319,-0.7668650917037139,0.7976512386181214,0.0,0.0,True,True,True
north,25.081,1,0.1,5.630291223071179,0.0,5.405291223071179,5.855291223071179,-0.275,0.275,True,5.323743736102276,5.937028541774103,-0.3285076380339429,0.3786920677524702,0.0,0.0,True,True,True
north,25.081,2,0.2,5.676402253349259,0.0,5.45140225334926,5.901402253349259,-0.275,0.275,True,5.344392415045266,6.025980231454729,-0.36155448156744885,0.41394823495660293,0.0,0.0,True,True,True
north,25.081,3,0.3,5.717864916232169,0.0,5.492864916232169,5.9428649162321685,-0.275,0.275,True,5.35948944151264,6.120483573610969,-0.40015297757656754,0.4547560546363484,0.0,0.0,True,True,True
north,25.081,4,0.4,5.754542564363632,0.0,5.5295425643636325,5.979542564363632,-0.275,0.275,True,5.369034815504403,6.220538568242819,-0.44430312606129907,0.5011155267917067,0.0,0.0,True,True,True
north,25.081,5,0.5,5.786155677617903,0.0,5.561155677617903,6.011155677617903,-0.275,0.275,True,5.373028537020551,6.326145215350285,-0.4940049270216433,0.5530266514226776,0.0,0.0,True,True,True
north,25.081,6,0.6,5.812306290341552,0.0,5.5873062903415525,6.037306290341552,-0.275,0.275,True,5.371470606061089,6.437303514933363,-0.5492583804576003,0.6104894285292615,0.0,0.0,True,True,True
north,25.081,7,0.7,5.832929825974796,0.0,5.6079298259747965,6.057929825974796,-0.275,0.275,True,5.364361022626013,6.5540134669920525,-0.6100634863691702,0.673503858111458,0.0,0.0,True,True,True
north,25.081,8,0.8,5.847827805337238,0.0,5.622827805337239,6.072827805337238,-0.275,0.275,True,5.351699786715324,6.676275071526355,-0.6764202447563527,0.7420699401692673,0.0,0.0,True,True,True
north,25.081,9,0.9,5.848688499589654,0.0,5.6236884995896546,6.073688499589654,-0.275,0.275,True,5.3334868983290225,6.804088328536272,-0.748328655619148,0.8161876747026893,0.0,0.0,True,True,True
north,25.147,1,0.1,5.661294956612647,0.0,5.436294956612647,5.886294956612646,-0.275,0.275,True,5.3560591340257835,5.964086154394852,-0.3285781468292537,0.37862155895715977,0.0,0.0,True,True,True
north,25.147,2,0.2,5.704403462189502,0.0,5.479403462189502,5.9294034621895015,-0.275,0.275,True,5.37353764104702,6.049867672153725,-0.36428980581099846,0.4112129107130539,0.0,0.0,True,True,True
north,25.147,3,0.3,5.742738518201589,0.0,5.51773851820159,5.967738518201589,-0.275,0.275,True,5.3854644955926405,6.141200842388211,-0.405553117268356,0.4493559149445607,0.0,0.0,True,True,True
north,25.147,4,0.4,5.775946365064069,0.0,5.550946365064069,6.000946365064069,-0.275,0.275,True,5.39183969766265,6.2380856650983105,-0.45236808120132643,0.4930505716516804,0.0,0.0,True,True,True
north,25.147,5,0.5,5.803977077538588,0.0,5.578977077538588,6.028977077538587,-0.275,0.275,True,5.3926632472570475,6.340522140284023,-0.5047346976099095,0.5422968808344127,0.0,0.0,True,True,True
north,25.147,6,0.6,5.826550656846851,0.0,5.601550656846851,6.0515506568468505,-0.275,0.275,True,5.387935144375831,6.448510267945348,-0.5626529664941055,0.5970948424927579,0.0,0.0,True,True,True
north,25.147,7,0.7,5.843413063206158,0.0,5.618413063206158,6.068413063206157,-0.275,0.275,True,5.377655389019002,6.562050048082285,-0.6261228878539141,0.6574444566267158,0.0,0.0,True,True,True
north,25.147,8,0.8,5.84953133629893,0.0,5.62453133629893,6.0745313362989295,-0.275,0.275,True,5.361823981186561,6.681141480694835,-0.6951444616893354,0.7233457232362865,0.0,0.0,True,True,True
north,25.147,9,0.9,5.845875263956273,0.0,5.620875263956274,6.070875263956273,-0.275,0.275,True,5.340440920878506,6.805784565782999,-0.7697176880003697,0.79479864232147,0.0,0.0,True,True,True
north,25.213,1,0.1,5.690213831424938,0.0,5.465213831424938,5.915213831424937,-0.275,0.275,True,5.382424280882919,5.994820863011361,-0.3180854532230486,0.3891142525633645,0.0,0.0,True,True,True
north,25.213,2,0.2,5.730253278231913,0.0,5.505253278231914,5.955253278231913,-0.275,0.275,True,5.398006922849849,6.078706515715927,-0.34732490906795854,0.42817780745609324,0.0,0.0,True,True,True
north,25.213,3,0.3,5.76527935318422,0.0,5.5402793531842205,5.99027935318422,-0.275,0.275,True,5.408037912341165,6.168143820896109,-0.38211601738848117,0.47279301482443475,0.0,0.0,True,True,True
north,25.213,4,0.4,5.795076330467912,0.0,5.570076330467912,6.020076330467911,-0.275,0.275,True,5.412517249356869,6.263132778551901,-0.4224587781846167,0.522959874668389,0.0,0.0,True,True,True
north,25.213,5,0.5,5.819474171714581,0.0,5.594474171714581,6.0444741717145805,-0.275,0.275,True,5.411444933896958,6.363673388683307,-0.4683531914563649,0.578678386987956,0.0,0.0,True,True,True
north,25.213,6,0.6,5.83829610388661,0.0,5.6132961038866105,6.06329610388661,-0.275,0.275,True,5.404820965961436,6.469765651290325,-0.5197992572037259,0.6399485517831359,0.0,0.0,True,True,True
north,25.213,7,0.7,5.849962343744607,0.0,5.624962343744607,6.074962343744606,-0.275,0.275,True,5.392645345550301,6.581409566372956,-0.5767969754266997,0.7067703690539284,0.0,0.0,True,True,True
north,25.213,8,0.8,5.847511975709506,0.0,5.622511975709506,6.072511975709506,-0.275,0.275,True,5.3749180726635535,6.6986051339312,-0.6393463461252862,0.7791438388003338,0.0,0.0,True,True,True
north,25.213,9,0.9,5.841545800588367,0.0,5.6165458005883675,6.066545800588367,-0.275,0.275,True,5.351639147301193,6.821352353965058,-0.7074473692994854,0.8570689610223519,0.0,0.0,True,True,True
north,25.279,1,0.1,5.717084511574801,0.0,5.492084511574801,5.942084511574801,-0.275,0.275,True,5.41678388424371,6.025563932854204,-0.34607518143106886,0.36112452435534403,0.0,0.0,True,True,True
north,25.279,2,0.2,5.753865355461962,0.0,5.528865355461963,5.978865355461962,-0.275,0.275,True,5.431300051224771,6.108383110572904,-0.3849525361973951,0.3905501803266562,0.0,0.0,True,True,True
north,25.279,3,0.3,5.78556888280914,0.0,5.56056888280914,6.01056888280914,-0.275,0.275,True,5.440264565730219,6.196753940767215,-0.4293815434393341,0.42552748877358115,0.0,0.0,True,True,True
north,25.279,4,0.4,5.8118335812249,0.0,5.586833581224901,6.0368335812249,-0.275,0.275,True,5.443677427760055,6.290676423437141,-0.47936220315688594,0.4660564496961189,0.0,0.0,True,True,True
north,25.279,5,0.5,5.832569632370649,0.0,5.607569632370649,6.057569632370648,-0.275,0.275,True,5.441538637314277,6.390150558582678,-0.5348945153500504,0.5121370630942694,0.0,0.0,True,True,True
north,25.279,6,0.6,5.847591101135156,0.0,5.622591101135156,6.072591101135155,-0.275,0.275,True,5.433848194392888,6.495176346203828,-0.5959784800188278,0.5637693289680327,0.0,0.0,True,True,True
north,25.279,7,0.7,5.848749999482639,0.0,5.623749999482639,6.073749999482638,-0.275,0.275,True,5.420606098995885,6.605753786300592,-0.6626140971632177,0.6209532473174086,0.0,0.0,True,True,True
north,25.279,8,0.8,5.843957252970334,0.0,5.618957252970334,6.068957252970334,-0.275,0.275,True,5.401812351123269,6.721882878872967,-0.7348013667832207,0.6836888181423975,0.0,0.0,True,True,True
north,25.279,9,0.9,5.835781054840805,0.0,5.610781054840805,6.060781054840804,-0.275,0.275,True,5.377466950775041,6.843563623920956,-0.8125402888788362,0.751976041442999,0.0,0.0,True,True,True
north,25.345,1,0.1,5.742000670780757,0.0,5.5170006707807575,5.967000670780757,-0.275,0.275,True,5.434479549105403,6.047477547929723,-0.33469162964941623,0.3725080761369969,0.0,0.0,True,True,True
north,25.345,2,0.2,5.775330345154699,0.0,5.550330345154699,6.0003303451546985,-0.275,0.275,True,5.4452473730782085,6.1265483826401645,-0.3731527952875969,0.4023499212364549,0.0,0.0,True,True,True
north,25.345,3,0.3,5.803472799866859,0.0,5.5784727998668595,6.028472799866859,-0.275,0.275,True,5.450463544575399,6.211170869826221,-0.41716561340139025,0.4377434188115257,0.0,0.0,True,True,True
north,25.345,4,0.4,5.826168934048949,0.0,5.60116893404895,6.051168934048949,-0.275,0.275,True,5.450128063596979,6.301345009487888,-0.4667300839907964,0.47868856886220934,0.0,0.0,True,True,True
north,25.345,5,0.5,5.843129808994482,0.0,5.618129808994483,6.068129808994482,-0.275,0.275,True,5.444240930142944,6.39707080162517,-0.5218462070558153,0.5251853713885056,0.0,0.0,True,True,True
north,25.345,6,0.6,5.849564409292333,0.0,5.624564409292334,6.074564409292333,-0.275,0.275,True,5.432802144213297,6.498348246238064,-0.5825139825964469,0.5772338263904149,0.0,0.0,True,True,True
north,25.345,7,0.7,5.84598612340844,0.0,5.62098612340844,6.0709861234084395,-0.275,0.275,True,5.4158117058080375,6.60517734332657,-0.6487334106126914,0.6348339338679367,0.0,0.0,True,True,True
north,25.345,8,0.8,5.838935024695194,0.0,5.613935024695194,6.063935024695193,-0.275,0.275,True,5.393269614927165,6.717558092890689,-0.7205044911045486,0.6979856938210713,0.0,0.0,True,True,True
north,25.345,9,0.9,5.828569950149938,0.0,5.6035699501499385,6.053569950149938,-0.275,0.275,True,5.365175871570679,6.835490494930422,-0.7978272240720186,0.7666891062498187,0.0,0.0,True,True,True
north,25.411,1,0.1,5.764629996660601,0.0,5.539629996660602,5.989629996660601,-0.275,0.275,True,5.467428548543756,6.068003286754143,-0.3437632939318377,0.3634364118545754,0.0,0.0,True,True,True
north,25.411,2,0.2,5.79451985364181,0.0,5.56951985364181,6.0195198536418095,-0.275,0.275,True,5.475989070475931,6.144866819423955,-0.38326167543619166,0.3922410410878601,0.0,0.0,True,True,True
north,25.411,3,0.3,5.819040247414793,0.0,5.594040247414793,6.0440402474147925,-0.275,0.275,True,5.4789979399324915,6.227282004569381,-0.4283117094161583,0.4265973227967576,0.0,0.0,True,True,True
north,25.411,4,0.4,5.837973221066271,0.0,5.612973221066271,6.062973221066271,-0.275,0.275,True,5.476455156913441,6.315248842190418,-0.4789133958717378,0.46650525698126794,0.0,0.0,True,True,True
north,25.411,5,0.5,5.84992007822793,0.0,5.62492007822793,6.07492007822793,-0.275,0.275,True,5.468360721418776,6.40876733228707,-0.53506673480293,0.5119648436413909,0.0,0.0,True,True,True
north,25.411,6,0.6,5.847599239072776,0.0,5.622599239072776,6.072599239072775,-0.275,0.275,True,5.454714633448499,6.5078374748593335,-0.5967717262097351,0.5629760827771267,0.0,0.0,True,True,True
north,25.411,7,0.7,5.841701164428003,0.0,5.616701164428004,6.066701164428003,-0.275,0.275,True,5.435516893002609,6.61245926990721,-0.6640283700921529,0.6195389743884753,0.0,0.0,True,True,True
north,25.411,8,0.8,5.832501269624837,0.0,5.607501269624837,6.0575012696248365,-0.275,0.275,True,5.410767500081107,6.722632717430699,-0.7368366664501833,0.6816535184754366,0.0,0.0,True,True,True
north,25.411,9,0.9,5.819895691286421,0.0,5.594895691286421,6.0448956912864205,-0.275,0.275,True,5.380466454683991,6.838357817429801,-0.8151966152838266,0.7493197150380106,0.0,0.0,True,True,True
north,25.477,1,0.1,5.784982088000377,0.0,5.559982088000377,6.009982088000377,-0.275,0.275,True,5.485730593991327,6.090315760568434,-0.3328781308875135,0.3743215748988994,0.0,0.0,True,True,True
north,25.477,2,0.2,5.81136087210825,0.0,5.5863608721082505,6.03636087210825,-0.275,0.275,True,5.490693202624009,6.163581379938756,-0.36521930760821847,0.41028340891583287,0.0,0.0,True,True,True
north,25.477,3,0.3,5.832197147080992,0.0,5.607197147080992,6.057197147080991,-0.275,0.275,True,5.49010415878108,6.242398651784691,-0.4031121368045362,0.45179689540837903,0.0,0.0,True,True,True
north,25.477,4,0.4,5.847347065076877,0.0,5.622347065076878,6.072347065076877,-0.275,0.275,True,5.483963462462539,6.3267675761062385,-0.4465566184764668,0.49886203437653803,0.0,0.0,True,True,True
north,25.477,5,0.5,5.848811499375623,0.0,5.623811499375623,6.073811499375623,-0.275,0.275,True,5.472271113668384,6.416688152903399,-0.49555275262401005,0.5514788258203097,0.0,0.0,True,True,True
north,25.477,6,0.6,5.8440829584880065,0.0,5.619082958488007,6.069082958488006,-0.275,0.275,True,5.455027112398616,6.512160382176171,-0.5501005392471662,0.6096472697396943,0.0,0.0,True,True,True
north,25.477,7,0.7,5.835978684785278,0.0,5.6109786847852785,6.060978684785278,-0.275,0.275,True,5.432231458653236,6.613184263924557,-0.6101999783459349,0.6733673661346915,0.0,0.0,True,True,True
north,25.477,8,0.8,5.824572849751582,0.0,5.599572849751582,6.0495728497515815,-0.275,0.275,True,5.403884152432243,6.719759798148556,-0.6758510699203166,0.7426391150053016,0.0,0.0,True,True,True
north,25.477,9,0.9,5.809689647802079,0.0,5.5846896478020795,6.034689647802079,-0.275,0.275,True,5.369985193735637,6.8318869848481665,-0.7470538139703109,0.8174625163515243,0.0,0.0,True,True,True
north,25.543,1,0.1,5.8029685221951315,0.0,5.577968522195132,6.027968522195131,-0.275,0.275,True,5.507206731936227,6.108982263035691,-0.33760526039990946,0.36959444538650366,0.0,0.0,True,True,True
north,25.543,2,0.2,5.82577416495371,0.0,5.600774164953711,6.05077416495371,-0.275,0.275,True,5.510556373219542,6.180634915056642,-0.3736257152269464,0.4018770012971054,0.0,0.0,True,True,True
north,25.543,3,0.3,5.842846554782807,0.0,5.617846554782807,6.067846554782807,-0.275,0.275,True,5.508354362027243,6.257839219553209,-0.415197822529596,0.43971120968331995,0.0,0.0,True,True,True
north,25.543,4,0.4,5.849597482285736,0.0,5.624597482285736,6.074597482285736,-0.275,0.275,True,5.500600698359332,6.340595176525386,-0.4623215823078584,0.48309707054514733,0.0,0.0,True,True,True
north,25.543,5,0.5,5.846093110594726,0.0,5.621093110594726,6.071093110594726,-0.275,0.275,True,5.487295382215807,6.428902785973178,-0.5149969945617335,0.5320345838825874,0.0,0.0,True,True,True
north,25.543,6,0.6,5.83910814521345,0.0,5.61410814521345,6.064108145213449,-0.275,0.275,True,5.46843841359667,6.522762047896581,-0.5732240592912216,0.5865237496956403,0.0,0.0,True,True,True
north,25.543,7,0.7,5.8288057947016405,0.0,5.603805794701641,6.05380579470164,-0.275,0.275,True,5.4440297925019205,6.622172962295598,-0.6370027764963223,0.6465645679843058,0.0,0.0,True,True,True
north,25.543,8,0.8,5.815142782585022,0.0,5.590142782585023,6.040142782585022,-0.275,0.275,True,5.414069518931558,6.727135529170226,-0.7063331461770357,0.7121570387485843,0.0,0.0,True,True,True
north,25.543,9,0.9,5.797943805684344,0.0,5.5729438056843446,6.022943805684344,-0.275,0.275,True,5.378557592885582,6.8376497485204695,-0.7812151683333619,0.7833011619884753,0.0,0.0,True,True,True
north,25.609,1,0.1,5.818606323115005,0.0,5.593606323115005,6.043606323115005,-0.275,0.275,True,5.513338784736763,6.123178767390909,-0.33796943839563776,0.36923026739077536,0.0,0.0,True,True,True
north,25.609,2,0.2,5.837650338245933,0.0,5.612650338245933,6.062650338245932,-0.275,0.275,True,5.510588211107849,6.188731204499632,-0.3720904138898809,0.4034123026341709,0.0,0.0,True,True,True
north,25.609,3,0.3,5.849877812711254,0.0,5.624877812711254,6.074877812711254,-0.275,0.275,True,5.502285985003321,6.25983529408397,-0.4117630418597367,0.4431459903531792,0.0,0.0,True,True,True
north,25.609,4,0.4,5.847686502436046,0.0,5.622686502436046,6.072686502436046,-0.275,0.275,True,5.488432106423182,6.336491036143919,-0.45698732230520545,0.4884313305478003,0.0,0.0,True,True,True
north,25.609,5,0.5,5.84185652826764,0.0,5.616856528267641,6.06685652826764,-0.275,0.275,True,5.469026575367429,6.418698430679482,-0.5077632552262868,0.5392683232180341,0.0,0.0,True,True,True
north,25.609,6,0.6,5.8327097497168365,0.0,5.607709749716837,6.057709749716836,-0.275,0.275,True,5.444069391836063,6.506457477690657,-0.564090840622981,0.5956569683638808,0.0,0.0,True,True,True
north,25.609,7,0.7,5.820177991662028,0.0,5.595177991662029,6.045177991662028,-0.275,0.275,True,5.413560555829085,6.599768177177445,-0.625970078495288,0.6575972659853402,0.0,0.0,True,True,True
north,25.609,8,0.8,5.804145483436677,0.0,5.579145483436677,6.029145483436676,-0.275,0.275,True,5.377500067346495,6.698630529139845,-0.6934009688432077,0.7250892160824123,0.0,0.0,True,True,True
north,25.609,9,0.9,5.784383943091583,0.0,5.559383943091583,6.009383943091582,-0.275,0.275,True,5.33588792638829,6.80304453357786,-0.7663835116667401,0.7981328186550971,0.0,0.0,True,True,True
north,25.675,1,0.1,5.831824661791334,0.0,5.606824661791334,6.0568246617913335,-0.275,0.275,True,5.5313904390129105,6.137879646379471,-0.3444864438256976,0.3627132619607153,0.0,0.0,True,True,True
north,25.675,2,0.2,5.847095697162404,0.0,5.622095697162404,6.072095697162403,-0.275,0.275,True,5.525722520284043,6.200514738388242,-0.3819356169235513,0.3935670996005,0.0,0.0,True,True,True
north,25.675,3,0.3,5.8488729992686075,0.0,5.623872999268608,6.073872999268607,-0.275,0.275,True,5.5145029490795645,6.268701482872626,-0.42493644249701784,0.4299725897158974,0.0,0.0,True,True,True
north,25.675,4,0.4,5.844208664005678,0.0,5.619208664005678,6.069208664005678,-0.275,0.275,True,5.497731725399472,6.342439879832624,-0.4734889205460972,0.47192973230690766,0.0,0.0,True,True,True
north,25.675,5,0.5,5.83617245161423,0.0,5.61117245161423,6.06117245161423,-0.275,0.275,True,5.475408849243767,6.421729929268234,-0.5275930510707892,0.5194385273735306,0.0,0.0,True,True,True
north,25.675,6,0.6,5.824843570572344,0.0,5.599843570572344,6.049843570572343,-0.275,0.275,True,5.447534320612449,6.506571631179456,-0.5872488340710941,0.5724989749157664,0.0,0.0,True,True,True
north,25.675,7,0.7,5.81001496288603,0.0,5.585014962886031,6.03501496288603,-0.275,0.275,True,5.414108139505518,6.5969649855662915,-0.6524562695470115,0.6311110749336148,0.0,0.0,True,True,True
north,25.675,8,0.8,5.791516697477729,0.0,5.566516697477729,6.016516697477728,-0.275,0.275,True,5.3751303059229745,6.692909992428739,-0.723215357498542,0.6952748274270761,0.0,0.0,True,True,True
north,25.675,9,0.9,5.769039456324967,0.0,5.544039456324968,5.994039456324967,-0.275,0.275,True,5.330600819864818,6.794406651766801,-0.7995260979256851,0.7649902323961502,0.0,0.0,True,True,True
north,25.741,1,0.1,5.842563300571133,0.0,5.617563300571133,6.067563300571132,-0.275,0.275,True,5.534566854317853,6.148146945061579,-0.32266548050493765,0.38453422528147546,0.0,0.0,True,True,True
north,25.741,2,0.2,5.849630555279139,0.0,5.62463055527914,6.074630555279139,-0.275,0.275,True,5.524538709188616,6.206421810669979,-0.3530645188441931,0.4224381976798587,0.0,0.0,True,True,True
north,25.741,3,0.3,5.846196121325635,0.0,5.621196121325635,6.0711961213256345,-0.275,0.275,True,5.508958911583764,6.2702483287539925,-0.3890152096590613,0.46589382255385464,0.0,0.0,True,True,True
north,25.741,4,0.4,5.839281265731707,0.0,5.614281265731707,6.064281265731706,-0.275,0.275,True,5.487827461503301,6.339626499313617,-0.4305175529495423,0.5149010999034634,0.0,0.0,True,True,True
north,25.741,5,0.5,5.829041639253344,0.0,5.604041639253344,6.054041639253343,-0.275,0.275,True,5.461144358947224,6.414556322348857,-0.477571548715636,0.5694600297286849,0.0,0.0,True,True,True
north,25.741,6,0.6,5.81545837772061,0.0,5.59045837772061,6.04045837772061,-0.275,0.275,True,5.4289096039155345,6.495037797859708,-0.5301771969573426,0.6295706120295192,0.0,0.0,True,True,True
north,25.741,7,0.7,5.7983198036173675,0.0,5.573319803617368,6.023319803617367,-0.275,0.275,True,5.391123196408232,6.581070925846172,-0.5883344976746618,0.6952328468059663,0.0,0.0,True,True,True
north,25.741,8,0.8,5.777209831008473,0.0,5.552209831008473,6.002209831008472,-0.275,0.275,True,5.347785136425318,6.672655706308249,-0.6520434508675939,0.7664467340580261,0.0,0.0,True,True,True
north,25.741,9,0.9,5.751846886994771,0.0,5.526846886994772,5.976846886994771,-0.275,0.275,True,5.29889542396679,6.769792139245939,-0.7213040565361386,0.8432122737856986,0.0,0.0,True,True,True
north,25.807,1,0.1,5.849835547194577,0.0,5.624835547194578,6.074835547194577,-0.275,0.275,True,5.555339342306988,6.155967708792016,-0.33676809650027795,0.37043160928613583,0.0,0.0,True,True,True
north,25.807,2,0.2,5.847767418008297,0.0,5.622767418008297,6.072767418008296,-0.275,0.275,True,5.543840871008024,6.21277224823069,-0.3689960139657673,0.4065067025582858,0.0,0.0,True,True,True
north,25.807,3,0.3,5.842011892107277,0.0,5.617011892107278,6.067011892107277,-0.275,0.275,True,5.526790747233447,6.275128440144979,-0.4067755839068694,0.4481334483060485,0.0,0.0,True,True,True
north,25.807,4,0.4,5.832918229808838,0.0,5.607918229808838,6.057918229808838,-0.275,0.275,True,5.504188970983257,6.343036284534879,-0.4501068063235843,0.4953118465294241,0.0,0.0,True,True,True
north,25.807,5,0.5,5.820457886682562,0.0,5.595457886682563,6.045457886682562,-0.275,0.275,True,5.476035542257455,6.416495781400392,-0.4989896812159119,0.5480418972284123,0.0,0.0,True,True,True
north,25.807,6,0.6,5.804505589389705,0.0,5.579505589389705,6.0295055893897045,-0.275,0.275,True,5.44233046105604,6.495506930741518,-0.5534242085838523,0.6063236004030133,0.0,0.0,True,True,True
north,25.807,7,0.7,5.784828840991653,0.0,5.559828840991654,6.009828840991653,-0.275,0.275,True,5.403073727379012,6.580069732558257,-0.6134103884274055,0.6701569560532271,0.0,0.0,True,True,True
north,25.807,8,0.8,5.761074884506226,0.0,5.536074884506227,5.986074884506226,-0.275,0.275,True,5.358265341226371,6.670184186850609,-0.6789482207465714,0.7395419641790537,0.0,0.0,True,True,True
north,25.807,9,0.9,5.732626268621711,0.0,5.507626268621712,5.957626268621711,-0.275,0.275,True,5.307905302598117,6.765850293618573,-0.7500377055413502,0.814478624780493,0.0,0.0,True,True,True
north,25.873,1,0.1,5.848934499161591,0.0,5.623934499161591,6.073934499161591,-0.275,0.275,True,5.5687870396002905,6.166292896564409,-0.33813819991838534,0.3690615058680278,0.0,0.0,True,True,True
north,25.873,2,0.2,5.84433436952335,0.0,5.61933436952335,6.069334369523349,-0.275,0.275,True,5.55546183507604,6.221270702777795,-0.3726149144886915,0.4028878020353603,0.0,0.0,True,True,True
north,25.873,3,0.3,5.836366218443182,0.0,5.611366218443182,6.061366218443181,-0.275,0.275,True,5.536584978076174,6.281800161466795,-0.41264328153461033,0.4422657506783056,0.0,0.0,True,True,True
north,25.873,4,0.4,5.825114291393105,0.0,5.600114291393106,6.050114291393105,-0.275,0.275,True,5.512156468600698,6.3478812726314064,-0.45822330105614206,0.4871953517968637,0.0,0.0,True,True,True
north,25.873,5,0.5,5.810340277969981,0.0,5.585340277969982,6.035340277969981,-0.275,0.275,True,5.482176306649607,6.419514036271632,-0.5093549730532865,0.5376766053910345,0.0,0.0,True,True,True
north,25.873,6,0.6,5.791922117765273,0.0,5.566922117765273,6.016922117765272,-0.275,0.275,True,5.446644492222904,6.49669845238747,-0.5660382975260436,0.5937095114608182,0.0,0.0,True,True,True
north,25.873,7,0.7,5.769536426976985,0.0,5.544536426976985,5.9945364269769845,-0.275,0.275,True,5.405561025320589,6.5794345209789205,-0.6282732744744136,0.6552940700062145,0.0,0.0,True,True,True
north,25.873,8,0.8,5.742812557010792,0.0,5.517812557010792,5.967812557010792,-0.275,0.275,True,5.358925905942661,6.667722242045984,-0.6960599038983963,0.7224302810272236,0.0,0.0,True,True,True
north,25.873,9,0.9,5.711286936048833,0.0,5.486286936048834,5.936286936048833,-0.275,0.275,True,5.306739134089119,6.76156161558866,-0.7693981857979918,0.7951181445238454,0.0,0.0,True,True,True
north,25.939,1,0.1,5.846295155601166,0.0,5.6212951556011665,6.071295155601166,-0.275,0.275,True,5.550224867761192,6.153495481148414,-0.3359924297477112,0.3712072760387017,0.0,0.0,True,True,True
north,25.939,2,0.2,5.8394502468966785,0.0,5.614450246896679,6.064450246896678,-0.275,0.275,True,5.52832264163947,6.19989626576433,-0.37304443021579287,0.4024582863082585,0.0,0.0,True,True,True
north,25.939,3,0.3,5.829277483805046,0.0,5.604277483805046,6.054277483805046,-0.275,0.275,True,5.500868763042136,6.2518487028558605,-0.4156480831594873,0.43926094905342794,0.0,0.0,True,True,True
north,25.939,4,0.4,5.815773972856198,0.0,5.590773972856199,6.040773972856198,-0.275,0.275,True,5.467863231969188,6.309352792423002,-0.4638033885787946,0.48161526427421025,0.0,0.0,True,True,True
north,25.939,5,0.5,5.798685499258017,0.0,5.573685499258017,6.023685499258017,-0.275,0.275,True,5.429306048420629,6.372408534465758,-0.5175103464737145,0.5295212319706053,0.0,0.0,True,True,True
north,25.939,6,0.6,5.777660553506452,0.0,5.552660553506453,6.002660553506452,-0.275,0.275,True,5.385197212396457,6.441015928984126,-0.5767689568442473,0.5829788521426131,0.0,0.0,True,True,True
north,25.939,7,0.7,5.7523913699180875,0.0,5.527391369918088,5.977391369918087,-0.275,0.275,True,5.335536723896671,6.515174975978106,-0.6415792196903928,0.6419881247902336,0.0,0.0,True,True,True
north,25.939,8,0.8,5.7224967952662045,0.0,5.497496795266205,5.947496795266204,-0.275,0.275,True,5.280324582921273,6.5948856754477,-0.7119411350121512,0.706549049913467,0.0,0.0,True,True,True
north,25.939,9,0.9,5.687810616424719,0.0,5.462810616424719,5.912810616424719,-0.275,0.275,True,5.219560789470263,6.680148027392907,-0.7878547028095222,0.776661627512313,0.0,0.0,True,True,True
north,26.005,1,0.1,5.842167255946913,0.0,5.617167255946914,6.067167255946913,-0.275,0.275,True,5.539220554023815,6.146624001370692,-0.3357654424385943,0.3714342633478188,0.0,0.0,True,True,True
north,26.005,2,0.2,5.833126709900839,0.0,5.608126709900839,6.058126709900838,-0.275,0.275,True,5.507429734761533,6.183136192846047,-0.36851072051955003,0.40699199600450175,0.0,0.0,True,True,True
north,26.005,3,0.3,5.820735376348024,0.0,5.595735376348024,6.0457353763480235,-0.275,0.275,True,5.470087263023635,6.225200036797015,-0.40680765107611844,0.4481013811367975,0.0,0.0,True,True,True
north,26.005,4,0.4,5.804863286958997,0.0,5.5798632869589975,6.029863286958997,-0.275,0.275,True,5.427193138810128,6.2728155332235955,-0.45065623410829975,0.494762418744706,0.0,0.0,True,True,True
north,26.005,5,0.5,5.785273738891724,0.0,5.560273738891724,6.010273738891724,-0.275,0.275,True,5.378747362121005,6.325982682125789,-0.5000564696160937,0.5469751088282272,0.0,0.0,True,True,True
north,26.005,6,0.6,5.761573427322175,0.0,5.536573427322176,5.986573427322175,-0.275,0.275,True,5.324749932956271,6.384701483503596,-0.5550083575995005,0.6047394513873613,0.0,0.0,True,True,True
north,26.005,7,0.7,5.733226704766621,0.0,5.508226704766622,5.958226704766621,-0.275,0.275,True,5.265200851315924,6.4489719373570145,-0.6155118980585201,0.668055446422108,0.0,0.0,True,True,True
north,26.005,8,0.8,5.700052858616609,0.0,5.47505285861661,5.925052858616609,-0.275,0.275,True,5.2001001171999635,6.518794043686046,-0.6815670909931524,0.7369230939324676,0.0,0.0,True,True,True
north,26.005,9,0.9,5.661947359382913,0.0,5.436947359382914,5.886947359382913,-0.275,0.275,True,5.1294477306083905,6.594167802490691,-0.7531739364033975,0.8113423939184398,0.0,0.0,True,True,True
north,26.071,1,0.1,5.8365599852721335,0.0,5.611559985272134,6.061559985272133,-0.275,0.275,True,5.533520684934711,6.134218796774608,-0.3330458026948214,0.3741539030915917,0.0,0.0,True,True,True
north,26.071,2,0.2,5.825373198501938,0.0,5.600373198501939,6.050373198501938,-0.275,0.275,True,5.495454483444397,6.164455606021931,-0.36613253421070097,0.4093701823133508,0.0,0.0,True,True,True
north,26.071,3,0.3,5.810665593053932,0.0,5.585665593053933,6.035665593053932,-0.275,0.275,True,5.451836629478469,6.200244067744868,-0.4047709182021932,0.45013811401072273,0.0,0.0,True,True,True
north,26.071,4,0.4,5.792327538052818,0.0,5.567327538052818,6.017327538052817,-0.275,0.275,True,5.402667123036929,6.241584181943416,-0.44896095466929825,0.4964576981837075,0.0,0.0,True,True,True
north,26.071,5,0.5,5.770031579119636,0.0,5.5450315791196365,5.995031579119636,-0.275,0.275,True,5.347945964119775,6.288475948617579,-0.49870264361201605,0.5483289348323049,0.0,0.0,True,True,True
north,26.071,6,0.6,5.7434093373229125,0.0,5.518409337322913,5.968409337322912,-0.275,0.275,True,5.2876731527270096,6.340919367767354,-0.5539959850303466,0.6057518239565152,0.0,0.0,True,True,True
north,26.071,7,0.7,5.711946540054204,0.0,5.486946540054205,5.936946540054204,-0.275,0.275,True,5.221848688858631,6.398914439392741,-0.61484097892429,0.6687263655563381,0.0,0.0,True,True,True
north,26.071,8,0.8,5.6754572236938134,0.0,5.450457223693814,5.900457223693813,-0.275,0.275,True,5.150472572514641,6.462461163493742,-0.681237625293846,0.7372525596317739,0.0,0.0,True,True,True
north,26.071,9,0.9,5.633871624239925,0.0,5.408871624239925,5.858871624239924,-0.275,0.275,True,5.073544803695036,6.531559540070356,-0.7531859241390149,0.8113304061828224,0.0,0.0,True,True,True
north,26.137,1,0.1,5.829513328356748,0.0,5.604513328356749,6.054513328356748,-0.275,0.275,True,5.514562170783076,6.1334888616673,-0.343321964037469,0.3638777417489439,0.0,0.0,True,True,True
north,26.137,2,0.2,5.816089567991786,0.0,5.591089567991786,6.0410895679917855,-0.275,0.275,True,5.475250947543204,6.162480649165066,-0.38035148971757615,0.3951512268064752,0.0,0.0,True,True,True
north,26.137,3,0.3,5.799051194898667,0.0,5.574051194898668,6.024051194898667,-0.275,0.275,True,5.430388071827719,6.197024089138445,-0.422932667873296,0.4319763643396193,0.0,0.0,True,True,True
north,26.137,4,0.4,5.778111276004433,0.0,5.553111276004433,6.003111276004432,-0.275,0.275,True,5.37997354363662,6.237119181587436,-0.4710654985046287,0.47435315434837616,0.0,0.0,True,True,True
north,26.137,5,0.5,5.752935852841404,0.0,5.527935852841404,5.977935852841403,-0.275,0.275,True,5.324007362969909,6.28276592651204,-0.524749981611574,0.5222815968327458,0.0,0.0,True,True,True
north,26.137,6,0.6,5.723153646444705,0.0,5.498153646444705,5.9481536464447045,-0.275,0.275,True,5.262489529827586,6.333964323912257,-0.5839861171941323,0.5757616917927282,0.0,0.0,True,True,True
north,26.137,7,0.7,5.6885665139133215,0.0,5.463566513913322,5.913566513913321,-0.275,0.275,True,5.19542004420965,6.390714373788087,-0.6487739052523032,0.6347934392283232,0.0,0.0,True,True,True
north,26.137,8,0.8,5.648633785643944,0.0,5.423633785643944,5.873633785643944,-0.275,0.275,True,5.122798906116101,6.453016076139529,-0.719113345786087,0.6993768391395312,0.0,0.0,True,True,True
north,26.137,9,0.9,5.603544463326867,0.0,5.378544463326867,5.828544463326867,-0.275,0.275,True,5.044626115546939,6.5208694309665844,-0.7950044387954834,0.7695118915263518,0.0,0.0,True,True,True
north,26.203,1,0.1,5.8210128660134846,0.0,5.596012866013485,6.046012866013484,-0.275,0.275,True,5.510690226569242,6.124400775821573,-0.3276861494171065,0.3795135563693066,0.0,0.0,True,True,True
north,26.203,2,0.2,5.8052209845282885,0.0,5.580220984528289,6.030220984528288,-0.275,0.275,True,5.468450442651898,6.150464002641866,-0.3595331554370056,0.4159695610870462,0.0,0.0,True,True,True
north,26.203,3,0.3,5.7857186367917945,0.0,5.560718636791795,6.010718636791794,-0.275,0.275,True,5.420659006258941,6.182078881937774,-0.3969318139325175,0.45797721828039845,0.0,0.0,True,True,True
north,26.203,4,0.4,5.76207183162701,0.0,5.53707183162701,5.987071831627009,-0.275,0.275,True,5.367315917390371,6.2192454137092925,-0.43988212490364215,0.5055365279493635,0.0,0.0,True,True,True
north,26.203,5,0.5,5.733827140911531,0.0,5.5088271409115315,5.958827140911531,-0.275,0.275,True,5.3084211760461875,6.261963597956425,-0.4883840883503795,0.5586474900939414,0.0,0.0,True,True,True
north,26.203,6,0.6,5.700769130968652,0.0,5.4757691309686525,5.925769130968652,-0.275,0.275,True,5.243974782226392,6.31023343467917,-0.5424377042727297,0.6173101047141321,0.0,0.0,True,True,True
north,26.203,7,0.7,5.662779096399297,0.0,5.437779096399297,5.887779096399297,-0.275,0.275,True,5.173976735930983,6.364054923877528,-0.6020429726706926,0.6815243718099355,0.0,0.0,True,True,True
north,26.203,8,0.8,5.619547243649228,0.0,5.394547243649228,5.844547243649227,-0.275,0.275,True,5.098427037159963,6.423428065551499,-0.6671998935442683,0.7512902913813516,0.0,0.0,True,True,True
north,26.203,9,0.9,5.5709031484330565,0.0,5.345903148433057,5.795903148433056,-0.275,0.275,True,5.017325685913328,6.488352859701083,-0.7379084668934568,0.8266078634283804,0.0,0.0,True,True,True
north,26.269,1,0.1,5.810990908137884,0.0,5.585990908137885,6.035990908137884,-0.275,0.275,True,5.493230188935733,6.111077124157057,-0.3375757478065199,0.36962395797989356,0.0,0.0,True,True,True
north,26.269,2,0.2,5.792732958340362,0.0,5.567732958340362,6.017732958340361,-0.275,0.275,True,5.447574121520916,6.133724067479877,-0.3717212343020186,0.40378148222203375,0.0,0.0,True,True,True
north,26.269,3,0.3,5.770524912752922,0.0,5.5455249127529225,5.995524912752922,-0.275,0.275,True,5.396366401630484,6.16192266327831,-0.41141837327313,0.4434906589397867,0.0,0.0,True,True,True
north,26.269,4,0.4,5.744006117635035,0.0,5.519006117635035,5.969006117635034,-0.275,0.275,True,5.339607029264441,6.195672911552356,-0.45666716471985436,0.4887514881331525,0.0,0.0,True,True,True
north,26.269,5,0.5,5.712606144059576,0.0,5.487606144059576,5.9376061440595755,-0.275,0.275,True,5.277296004422785,6.234974812302015,-0.5074676086421913,0.539563969802131,0.0,0.0,True,True,True
north,26.269,6,0.6,5.676229760586935,0.0,5.451229760586935,5.901229760586935,-0.275,0.275,True,5.209433327105515,6.279828365527288,-0.5638197050401411,0.5959281039467222,0.0,0.0,True,True,True
north,26.269,7,0.7,5.634767984668737,0.0,5.409767984668737,5.8597679846687365,-0.275,0.275,True,5.136018997312633,6.330233571228172,-0.6257234539137037,0.6578438905669263,0.0,0.0,True,True,True
north,26.269,8,0.8,5.588181583085142,0.0,5.363181583085142,5.813181583085141,-0.275,0.275,True,5.057053015044138,6.386190429404668,-0.6931788552628789,0.725311329662743,0.0,0.0,True,True,True
north,26.269,9,0.9,5.536144031959061,0.0,5.311144031959062,5.761144031959061,-0.275,0.275,True,4.97253538030003,6.447698940056779,-0.7661859090876671,0.7983304212341725,0.0,0.0,True,True,True
north,26.335,1,0.1,5.799416890539317,0.0,5.574416890539317,6.0244168905393165,-0.275,0.275,True,5.506711345495417,6.101975561256451,-0.34000145941494364,0.36719824637146947,0.0,0.0,True,True,True
north,26.335,2,0.2,5.778561998502412,0.0,5.5535619985024125,6.003561998502412,-0.275,0.275,True,5.463549329364884,6.127116555863554,-0.37480542988585686,0.4006972866381949,0.0,0.0,True,True,True
north,26.335,3,0.3,5.75348033576472,0.0,5.52848033576472,5.978480335764719,-0.275,0.275,True,5.414835660758737,6.1578092029462725,-0.4151610528323828,0.4397479793805331,0.0,0.0,True,True,True
north,26.335,4,0.4,5.723810497623206,0.0,5.498810497623206,5.948810497623206,-0.275,0.275,True,5.360570339676978,6.194053502504602,-0.4610683282545216,0.48435032459848415,0.0,0.0,True,True,True
north,26.335,5,0.5,5.689306618769057,0.0,5.464306618769057,5.914306618769056,-0.275,0.275,True,5.300753366119605,6.2358494545385454,-0.5125272561522731,0.5345043222920478,0.0,0.0,True,True,True
north,26.335,6,0.6,5.649463938007242,0.0,5.424463938007242,5.874463938007241,-0.275,0.275,True,5.23538474008662,6.283197059048101,-0.5695378365256374,0.5902099724612244,0.0,0.0,True,True,True
north,26.335,7,0.7,5.6044974338511295,0.0,5.37949743385113,5.829497433851129,-0.275,0.275,True,5.164464461578023,6.336096316033269,-0.6321000693746145,0.6514672751060137,0.0,0.0,True,True,True
north,26.335,8,0.8,5.554467259417984,0.0,5.329467259417984,5.7794672594179834,-0.275,0.275,True,5.087992530593812,6.39454722549405,-0.7002139546992042,0.7182762302264157,0.0,0.0,True,True,True
north,26.335,9,0.9,5.499368148112553,0.0,5.274368148112553,5.724368148112553,-0.275,0.275,True,5.005968947133988,6.458549787430444,-0.7738794924994068,0.7906368378224304,0.0,0.0,True,True,True
north,26.401,1,0.1,5.786163534691865,0.0,5.5611635346918655,6.011163534691865,-0.275,0.275,True,5.486723238084508,6.086650017562867,-0.33372435203352463,0.37347535375288826,0.0,0.0,True,True,True
north,26.401,2,0.2,5.762570235931842,0.0,5.537570235931843,5.987570235931842,-0.275,0.275,True,5.440369054568243,6.1085988447842405,-0.3692267258852088,0.40627599063884257,0.0,0.0,True,True,True
north,26.401,3,0.3,5.734427577056441,0.0,5.509427577056441,5.959427577056441,-0.275,0.275,True,5.388463218576365,6.1360993244812265,-0.41028075221250565,0.4446282800004096,0.0,0.0,True,True,True
north,26.401,4,0.4,5.701485403320696,0.0,5.476485403320696,5.9264854033206955,-0.275,0.275,True,5.331005730108874,6.169151456653825,-0.45688643101541543,0.48853222183758943,0.0,0.0,True,True,True
north,26.401,5,0.5,5.663610833415681,0.0,5.438610833415681,5.88861083341568,-0.275,0.275,True,5.267996589165771,6.207755241302038,-0.5090437622939378,0.537987816150382,0.0,0.0,True,True,True
north,26.401,6,0.6,5.620439826873448,0.0,5.3954398268734485,5.845439826873448,-0.275,0.275,True,5.199435795747055,6.251910678425862,-0.566752746048073,0.5929950629387875,0.0,0.0,True,True,True
north,26.401,7,0.7,5.571923781376484,0.0,5.346923781376485,5.796923781376484,-0.275,0.275,True,5.125323349852726,6.301617768025299,-0.6300133822778209,0.6535539622028055,0.0,0.0,True,True,True
north,26.401,8,0.8,5.518521384258251,0.0,5.293521384258251,5.74352138425825,-0.275,0.275,True,5.0456592514827845,6.356876510100348,-0.6988256709831818,0.7196645139424364,0.0,0.0,True,True,True
north,26.401,9,0.9,5.460418974949249,0.0,5.2354189749492495,5.685418974949249,-0.275,0.275,True,4.96044350063723,6.417686904651011,-0.7731896121641553,0.79132671815768,0.0,0.0,True,True,True
north,26.467,1,0.1,5.771018246386208,0.0,5.546018246386208,5.996018246386208,-0.275,0.275,True,5.463208327508547,6.070243097630378,-0.33668797862679684,0.3705117271596163,0.0,0.0,True,True,True
north,26.467,2,0.2,5.744602897947155,0.0,5.519602897947156,5.969602897947155,-0.275,0.275,True,5.412883678781884,6.0882214596413515,-0.36983355952464525,0.40566915699940653,0.0,0.0,True,True,True
north,26.467,3,0.3,5.713265748064947,0.0,5.488265748064947,5.938265748064946,-0.275,0.275,True,5.357007377579606,6.1117514741279395,-0.4085307928981064,0.4463782393148095,0.0,0.0,True,True,True
north,26.467,4,0.4,5.6770022974800565,0.0,5.452002297480057,5.902002297480056,-0.275,0.275,True,5.295579423901717,6.1408331410901384,-0.4527796787471804,0.49263897410582536,0.0,0.0,True,True,True
north,26.467,5,0.5,5.635664345097548,0.0,5.4106643450975485,5.860664345097548,-0.275,0.275,True,5.228599817748214,6.175466460527952,-0.5025802170718671,0.5444513613724539,0.0,0.0,True,True,True
north,26.467,6,0.6,5.589179973289166,0.0,5.364179973289167,5.814179973289166,-0.275,0.275,True,5.1560685591191,6.215651432441378,-0.5579324078721666,0.6018154011146952,0.0,0.0,True,True,True
north,26.467,7,0.7,5.537212329057986,0.0,5.312212329057987,5.762212329057986,-0.275,0.275,True,5.077985648014372,6.261388056830416,-0.6188362511480788,0.6647310933325493,0.0,0.0,True,True,True
north,26.467,8,0.8,5.480548589461155,0.0,5.2555485894611556,5.705548589461155,-0.275,0.275,True,4.994351084434031,6.312676333695067,-0.6852917468996038,0.7331984380260161,0.0,0.0,True,True,True
north,26.467,9,0.9,5.41950885767882,0.0,5.19450885767882,5.64450885767882,-0.275,0.275,True,4.905164868378077,6.369516263035331,-0.7572988951267415,0.8072174351950957,0.0,0.0,True,True,True
north,26.533,1,0.1,5.754024818688036,0.0,5.529024818688036,5.9790248186880355,-0.275,0.275,True,5.444239417255006,6.054638849074272,-0.33975424533905596,0.36744546044735715,0.0,0.0,True,True,True
north,26.533,2,0.2,5.724467348801706,0.0,5.499467348801707,5.949467348801706,-0.275,0.275,True,5.388448855327558,6.06715129788446,-0.37458660202305516,0.4009161145009966,0.0,0.0,True,True,True
north,26.533,3,0.3,5.690034233156184,0.0,5.465034233156184,5.915034233156184,-0.275,0.275,True,5.327106640924494,6.085215399170262,-0.4149706111826671,0.4399384210302488,0.0,0.0,True,True,True
north,26.533,4,0.4,5.650294090370541,0.0,5.425294090370541,5.875294090370541,-0.275,0.275,True,5.260212774045819,6.108831152931675,-0.46090627281789187,0.4845123800351139,0.0,0.0,True,True,True
north,26.533,5,0.5,5.605450404375392,0.0,5.3804504043753925,5.830450404375392,-0.275,0.275,True,5.18776725469153,6.137998559168703,-0.5123935869287293,0.5346379915155917,0.0,0.0,True,True,True
north,26.533,6,0.6,5.555547960361759,0.0,5.330547960361759,5.780547960361758,-0.275,0.275,True,5.109770082861629,6.172717617881342,-0.5694325535151796,0.5903152554716822,0.0,0.0,True,True,True
north,26.533,7,0.7,5.50048863268065,0.0,5.27548863268065,5.72548863268065,-0.275,0.275,True,5.026221258556115,6.212988329069594,-0.6320231725772426,0.6515441719033855,0.0,0.0,True,True,True
north,26.533,8,0.8,5.440715754625452,0.0,5.215715754625452,5.6657157546254515,-0.275,0.275,True,4.937120781774989,6.2588106927334595,-0.7001654441149184,0.7183247408107015,0.0,0.0,True,True,True
north,26.533,9,0.9,5.3768659655474185,0.0,5.151865965547419,5.601865965547418,-0.275,0.275,True,4.8424686525182485,6.310184708872938,-0.7738593681282069,0.7906569621936304,0.0,0.0,True,True,True
north,26.599,1,0.1,5.73502784573603,0.0,5.5100278457360305,5.96002784573603,-0.275,0.275,True,5.449427155626513,6.04639164914596,-0.34055044711233534,0.36664925867407755,0.0,0.0,True,True,True
north,26.599,2,0.2,5.702200783912798,0.0,5.4772007839127985,5.927200783912798,-0.275,0.275,True,5.39811311099116,6.063380615248246,-0.37740095056564776,0.3981017659584036,0.0,0.0,True,True,True
north,26.599,3,0.3,5.664442570432065,0.0,5.439442570432066,5.889442570432065,-0.275,0.275,True,5.341247413880193,6.085921233826143,-0.419803106494573,0.4351059257183423,0.0,0.0,True,True,True
north,26.599,4,0.4,5.6213324100976685,0.0,5.396332410097669,5.846332410097668,-0.275,0.275,True,5.278830064293614,6.114013504879654,-0.46775691489911103,0.47766173795389383,0.0,0.0,True,True,True
north,26.599,5,0.5,5.572944414319913,0.0,5.3479444143199135,5.797944414319913,-0.275,0.275,True,5.210861062231423,6.1476574284087775,-0.5212623757792617,0.5257692026650581,0.0,0.0,True,True,True
north,26.599,6,0.6,5.519656773708776,0.0,5.294656773708776,5.744656773708775,-0.275,0.275,True,5.137340407693618,6.186853004413513,-0.5803194891350253,0.5794283198518352,0.0,0.0,True,True,True
north,26.599,7,0.7,5.4616562935405595,0.0,5.23665629354056,5.686656293540559,-0.275,0.275,True,5.058268100680201,6.231600232893862,-0.6449282549664015,0.6386390895142249,0.0,0.0,True,True,True
north,26.599,8,0.8,5.399203422752581,0.0,5.174203422752582,5.624203422752581,-0.275,0.275,True,4.973644141191172,6.281899113849824,-0.7150886732733907,0.7034015116522275,0.0,0.0,True,True,True
north,26.599,9,0.9,5.332702654847781,0.0,5.107702654847781,5.55770265484778,-0.275,0.275,True,4.883468529226529,6.337749647281398,-0.7908007440559924,0.7737155862658428,0.0,0.0,True,True,True
north,26.665,1,0.1,5.713925352070318,0.0,5.488925352070319,5.938925352070318,-0.275,0.275,True,5.422746674614926,6.025000832976176,-0.33164249010101327,0.37555721568539985,0.0,0.0,True,True,True
north,26.665,2,0.2,5.677774834373177,0.0,5.4527748343731774,5.902774834373177,-0.275,0.275,True,5.369524173989256,6.0400813430881435,-0.36377564297125997,0.4117270735527918,0.0,0.0,True,True,True
north,26.665,3,0.3,5.6365607055263585,0.0,5.411560705526359,5.861560705526358,-0.275,0.275,True,5.310750020887973,6.060713505675726,-0.4014604483171194,0.4534485838957965,0.0,0.0,True,True,True
north,26.665,4,0.4,5.590178363493193,0.0,5.365178363493193,5.815178363493192,-0.275,0.275,True,5.2464242153110785,6.086897320738919,-0.4446969061385917,0.500721746714414,0.0,0.0,True,True,True
north,26.665,5,0.5,5.538288761208772,0.0,5.3132887612087725,5.763288761208772,-0.275,0.275,True,5.176546757258569,6.1186327882777265,-0.49348501643567666,0.5535465620086443,0.0,0.0,True,True,True
north,26.665,6,0.6,5.481730617392164,0.0,5.256730617392164,5.7067306173921635,-0.275,0.275,True,5.101117646730448,6.155919908292146,-0.5478247792083745,0.6119230297784873,0.0,0.0,True,True,True
north,26.665,7,0.7,5.420793093000548,0.0,5.195793093000549,5.645793093000548,-0.275,0.275,True,5.020136883726714,6.198758680782178,-0.607716194456685,0.6758511500239431,0.0,0.0,True,True,True
north,26.665,8,0.8,5.355886501554276,0.0,5.130886501554277,5.580886501554276,-0.275,0.275,True,4.933604468247368,6.247149105747823,-0.6731592621806083,0.7453309227450117,0.0,0.0,True,True,True
north,26.665,9,0.9,5.28701085094803,0.0,5.06201085094803,5.5120108509480295,-0.275,0.275,True,4.841520400292408,6.301091183189082,-0.7441539823801443,0.8203623479416929,0.0,0.0,True,True,True
north,26.731,1,0.1,5.690749357074703,0.0,5.465749357074704,5.915749357074703,-0.275,0.275,True,5.396857210190701,5.998693786424709,-0.3413815238061816,0.3658181819802315,0.0,0.0,True,True,True
north,26.731,2,0.2,5.651124242733838,0.0,5.426124242733838,5.876124242733837,-0.275,0.275,True,5.337493697858648,6.007633284830292,-0.37581779822902805,0.39968491829502373,0.0,0.0,True,True,True
north,26.731,3,0.3,5.606403374899655,0.0,5.381403374899655,5.831403374899654,-0.275,0.275,True,5.272578533050979,6.022124435711489,-0.41580572512748726,0.43910330708542866,0.0,0.0,True,True,True
north,26.731,4,0.4,5.556613025429175,0.0,5.331613025429175,5.781613025429174,-0.275,0.275,True,5.2021117157677,6.042167239068298,-0.4613453045015593,0.48407334835144644,0.0,0.0,True,True,True
north,26.731,5,0.5,5.501609117248747,0.0,5.276609117248747,5.7266091172487465,-0.275,0.275,True,5.126093246008805,6.06776169490072,-0.512436536351244,0.534595042093077,0.0,0.0,True,True,True
north,26.731,6,0.6,5.441931963207993,0.0,5.216931963207993,5.666931963207992,-0.275,0.275,True,5.044523123774299,6.098907803208754,-0.5690794206765416,0.5906683883103202,0.0,0.0,True,True,True
north,26.731,7,0.7,5.378184740306961,0.0,5.153184740306961,5.60318474030696,-0.275,0.275,True,4.957401349064181,6.135605563992402,-0.6312739574774519,0.6522933870031763,0.0,0.0,True,True,True
north,26.731,8,0.8,5.310745362294207,0.0,5.085745362294207,5.5357453622942066,-0.275,0.275,True,4.864727921878449,6.177854977251662,-0.699020146753975,0.719470038171645,0.0,0.0,True,True,True
north,26.731,9,0.9,5.240033154174118,0.0,5.015033154174119,5.465033154174118,-0.275,0.275,True,4.766502842217104,6.225656042986535,-0.7723179885061107,0.7921983418157266,0.0,0.0,True,True,True
north,26.797,1,0.1,5.665274307448449,0.0,5.440274307448449,5.890274307448449,-0.275,0.275,True,5.3654440122089815,5.967024059912859,-0.34005730048757604,0.36714240529883685,0.0,0.0,True,True,True
north,26.797,2,0.2,5.622224993321889,0.0,5.397224993321889,5.8472249933218885,-0.275,0.275,True,5.29832678178214,5.968209840223656,-0.37567270862012137,0.39983000790393,0.0,0.0,True,True,True
north,26.797,3,0.3,5.573965047263341,0.0,5.348965047263341,5.798965047263341,-0.275,0.275,True,5.225657898879686,5.974947273010066,-0.4168397692282794,0.43806926298463583,0.0,0.0,True,True,True
north,26.797,4,0.4,5.520792163159302,0.0,5.295792163159303,5.745792163159302,-0.275,0.275,True,5.147437363501619,5.987236358272089,-0.4635584823120503,0.48186017054095454,0.0,0.0,True,True,True
north,26.797,5,0.5,5.46289361213187,0.0,5.23789361213187,5.6878936121318695,-0.275,0.275,True,5.06366517564794,6.005077096009725,-0.5158288478714339,0.5312027305728859,0.0,0.0,True,True,True
north,26.797,6,0.6,5.400463512066801,0.0,5.175463512066801,5.6254635120668,-0.275,0.275,True,4.974341335318647,6.028469486222972,-0.5736508659064303,0.5860969430804301,0.0,0.0,True,True,True
north,26.797,7,0.7,5.334051832614769,0.0,5.109051832614769,5.559051832614768,-0.275,0.275,True,4.879465842513743,6.057413528911834,-0.6370245364170394,0.646542808063587,0.0,0.0,True,True,True
north,26.797,8,0.8,5.264237884601774,0.0,5.039237884601774,5.489237884601773,-0.275,0.275,True,4.779038697233225,6.091909224076307,-0.7059498594032614,0.7125403255223568,0.0,0.0,True,True,True
north,26.797,9,0.9,5.191819359500542,0.0,4.966819359500542,5.416819359500542,-0.275,0.275,True,4.673059899477095,6.131956571716394,-0.7804268348650961,0.7840894954567391,0.0,0.0,True,True,True
north,26.863,1,0.1,5.63745706595517,0.0,5.41245706595517,5.862457065955169,-0.275,0.275,True,5.335717655065214,5.9426313017562835,-0.327130398896417,0.38006930688999613,0.0,0.0,True,True,True
north,26.863,2,0.2,5.591176753697217,0.0,5.366176753697217,5.816176753697216,-0.275,0.275,True,5.266660050105046,5.941876707533752,-0.3589803742508811,0.4165223422731707,0.0,0.0,True,True,True
north,26.863,3,0.3,5.539365193359557,0.0,5.314365193359557,5.7643651933595565,-0.275,0.275,True,5.192050792669264,5.946673765786835,-0.39638200208095786,0.45852703013195806,0.0,0.0,True,True,True
north,26.863,4,0.4,5.482912645323175,0.0,5.2579126453231755,5.707912645323175,-0.275,0.275,True,5.11188988275787,5.9570224765155295,-0.43933528238664754,0.5060833704663582,0.0,0.0,True,True,True
north,26.863,5,0.5,5.422077328322277,0.0,5.197077328322277,5.647077328322276,-0.275,0.275,True,5.026177320370861,5.972922839719837,-0.48784021516794984,0.5591913632763711,0.0,0.0,True,True,True
north,26.863,6,0.6,5.357257962407415,0.0,5.132257962407415,5.5822579624074145,-0.275,0.275,True,4.934913105508241,5.994374855399758,-0.541896800424865,0.6178510085619968,0.0,0.0,True,True,True
north,26.863,7,0.7,5.288387670493458,0.0,5.063387670493459,5.513387670493458,-0.275,0.275,True,4.8380972381700085,6.021378523555291,-0.6015050381573929,0.6820623063232353,0.0,0.0,True,True,True
north,26.863,8,0.8,5.216572615168225,0.0,4.991572615168225,5.441572615168225,-0.275,0.275,True,4.735729718356163,6.053933844186437,-0.6666649283655335,0.7518252565600865,0.0,0.0,True,True,True
north,26.863,9,0.9,5.142574844508186,0.0,4.917574844508186,5.3675748445081854,-0.275,0.275,True,4.627810546066704,6.092040817293197,-0.7373764710492869,0.8271398592725503,0.0,0.0,True,True,True
north,26.929,1,0.1,5.607356345423919,0.0,5.382356345423919,5.832356345423919,-0.275,0.275,True,5.29325175318897,5.907347420977695,-0.3132620145588981,0.39393769122751565,0.0,0.0,True,True,True
north,26.929,2,0.2,5.557662454620229,0.0,5.3326624546202295,5.782662454620229,-0.275,0.275,True,5.21814369181185,5.900542370338214,-0.337760843949296,0.4377418725747571,0.0,0.0,True,True,True
north,26.929,3,0.3,5.502729601816845,0.0,5.277729601816845,5.727729601816844,-0.275,0.275,True,5.137483977959118,5.899288972174348,-0.3678113258153067,0.48709770639761124,0.0,0.0,True,True,True
north,26.929,4,0.4,5.4431607209606705,0.0,5.218160720960671,5.66816072096067,-0.275,0.275,True,5.051272611630774,5.903587226486092,-0.40341346015693014,0.5420051926960783,0.0,0.0,True,True,True
north,26.929,5,0.5,5.379503515066505,0.0,5.154503515066505,5.604503515066504,-0.275,0.275,True,4.959509592826816,5.91343713327345,-0.44456724697416633,0.6024643314701579,0.0,0.0,True,True,True
north,26.929,6,0.6,5.312154954995892,0.0,5.087154954995892,5.537154954995891,-0.275,0.275,True,4.862194921547245,5.928838692536422,-0.49127268626701526,0.6684751227198503,0.0,0.0,True,True,True
north,26.929,7,0.7,5.241445505592543,0.0,5.016445505592543,5.466445505592542,-0.275,0.275,True,4.759328597792062,5.9497919042750045,-0.543529778035477,0.7400375664451556,0.0,0.0,True,True,True
north,26.929,8,0.8,5.167877078484631,0.0,4.942877078484631,5.392877078484631,-0.275,0.275,True,4.650910621561266,5.976296768489202,-0.6013385222795515,0.8171516626460735,0.0,0.0,True,True,True
north,26.929,9,0.9,5.092589714693514,0.0,4.867589714693515,5.317589714693514,-0.275,0.275,True,4.536940992854857,6.008353285179012,-0.6646989189992388,0.8998174113226044,0.0,0.0,True,True,True
north,26.995,1,0.1,5.57498568020677,0.0,5.34998568020677,5.7999856802067695,-0.275,0.275,True,5.284618324005086,5.8827564178342895,-0.33005199422389236,0.37714771156252075,0.0,0.0,True,True,True
north,26.995,2,0.2,5.521927552609828,0.0,5.296927552609828,5.746927552609828,-0.275,0.275,True,5.210949984729161,5.877391089296001,-0.36085543200174036,0.4146472845223114,0.0,0.0,True,True,True
north,26.995,3,0.3,5.464097558339362,0.0,5.239097558339362,5.689097558339362,-0.275,0.275,True,5.13172999297762,5.877577413233326,-0.39721052225520104,0.4576985099577149,0.0,0.0,True,True,True
north,26.995,4,0.4,5.401723601381023,0.0,5.176723601381023,5.6267236013810225,-0.275,0.275,True,5.046958348750469,5.883315389646262,-0.4391172649842746,0.5063013878687311,0.0,0.0,True,True,True
north,26.995,5,0.5,5.3354097053790674,0.0,5.110409705379068,5.560409705379067,-0.275,0.275,True,4.956635052047703,5.894605018534814,-0.4865756601889608,0.5604559182553601,0.0,0.0,True,True,True
north,26.995,6,0.6,5.265686147311507,0.0,5.040686147311507,5.490686147311506,-0.275,0.275,True,4.8607601028693255,5.9114462998989765,-0.5395857078692599,0.620162101117602,0.0,0.0,True,True,True
north,26.995,7,0.7,5.1933040706517035,0.0,4.968304070651704,5.418304070651703,-0.275,0.275,True,4.759333501215335,5.933839233738752,-0.5981474080251717,0.6854199364554564,0.0,0.0,True,True,True
north,26.995,8,0.8,5.1184699409284535,0.0,4.893469940928454,5.343469940928453,-0.275,0.275,True,4.652355247085732,5.961783820054141,-0.6622607606566963,0.7562294242689237,0.0,0.0,True,True,True
north,26.995,9,0.9,5.042208928015987,0.0,4.8172089280159875,5.267208928015987,-0.275,0.275,True,4.539825340480515,5.995280058845142,-0.7319257657638335,0.8325905645580037,0.0,0.0,True,True,True
north,27.061,1,0.1,5.540441625510342,0.0,5.315441625510342,5.765441625510341,-0.275,0.275,True,5.247337861029107,5.850836665722386,-0.32933667491171553,0.37786303087469736,0.0,0.0,True,True,True
north,27.061,2,0.2,5.484094673254184,0.0,5.259094673254184,5.709094673254183,-0.275,0.275,True,5.172245534603632,5.84404735003455,-0.3645506395805738,0.4109520769434775,0.0,0.0,True,True,True
north,27.061,3,0.3,5.423361563644005,0.0,5.1983615636440055,5.648361563644005,-0.275,0.275,True,5.091601555702545,5.842809686822327,-0.4053162567250448,0.44959277548787047,0.0,0.0,True,True,True
north,27.061,4,0.4,5.358550420917118,0.0,5.1335504209171186,5.583550420917118,-0.275,0.275,True,5.005405924325845,5.847123676085716,-0.45163352634512866,0.4937851265078762,0.0,0.0,True,True,True
north,27.061,5,0.5,5.289764490038888,0.0,5.064764490038888,5.514764490038887,-0.275,0.275,True,4.913658640473532,5.856989317824718,-0.5035024484408251,0.5435291300034947,0.0,0.0,True,True,True
north,27.061,6,0.6,5.218035440060867,0.0,4.993035440060868,5.443035440060867,-0.275,0.275,True,4.816359704145606,5.872406612039333,-0.5609230230121345,0.598824785974726,0.0,0.0,True,True,True
north,27.061,7,0.7,5.1441019423483745,0.0,4.919101942348375,5.369101942348374,-0.275,0.275,True,4.7135091153420685,5.893375558729561,-0.6238952500590564,0.6596720944215699,0.0,0.0,True,True,True
north,27.061,8,0.8,5.068395056826174,0.0,4.843395056826174,5.293395056826173,-0.275,0.275,True,4.605106874062917,5.919896157895401,-0.6924191295815915,0.7260710553440267,0.0,0.0,True,True,True
north,27.061,9,0.9,4.991485686869283,0.0,4.7664856868692835,5.216485686869283,-0.275,0.275,True,4.491152980308153,5.951968409536854,-0.766494661579739,0.7980216687420962,0.0,0.0,True,True,True
north,27.127,1,0.1,5.503850086384942,0.0,5.278850086384942,5.728850086384941,-0.275,0.275,True,5.211929483460338,5.815359863705778,-0.3238402798886418,0.38335942589777133,0.0,0.0,True,True,True
north,27.127,2,0.2,5.444389478713345,0.0,5.219389478713345,5.669389478713344,-0.275,0.275,True,5.134443547995675,5.806176938978751,-0.35774708961691737,0.4177556269071344,0.0,0.0,True,True,True
north,27.127,3,0.3,5.380822289826047,0.0,5.155822289826047,5.605822289826047,-0.275,0.275,True,5.051405960055396,5.8025456667273385,-0.39720555182080575,0.4577034803921102,0.0,0.0,True,True,True
north,27.127,4,0.4,5.313564547697577,0.0,5.088564547697577,5.538564547697576,-0.275,0.275,True,4.962816719639507,5.8044660469515375,-0.4422156665003069,0.5032029863526989,0.0,0.0,True,True,True
north,27.127,5,0.5,5.242857857010964,0.0,5.017857857010965,5.467857857010964,-0.275,0.275,True,4.868675826748004,5.811938079651351,-0.49277743365542076,0.5542541447889001,0.0,0.0,True,True,True
north,27.127,6,0.6,5.169362285117066,0.0,4.944362285117067,5.394362285117066,-0.275,0.275,True,4.768983281380889,5.824961764826776,-0.5488908532861475,0.6108569557007143,0.0,0.0,True,True,True
north,27.127,7,0.7,5.094135988491827,0.0,4.869135988491827,5.319135988491826,-0.275,0.275,True,4.663739083538161,5.843537102477814,-0.6105559253924869,0.6730114190881412,0.0,0.0,True,True,True
north,27.127,8,0.8,5.017799602744563,0.0,4.792799602744563,5.2427996027445625,-0.275,0.275,True,4.552943233219819,5.867664092604464,-0.6777726499744391,0.7407175349511809,0.0,0.0,True,True,True
north,27.127,9,0.9,4.940784398791676,0.0,4.715784398791676,5.165784398791676,-0.275,0.275,True,4.436595730425865,5.8973427352067285,-0.750541027032004,0.8139753032898333,0.0,0.0,True,True,True
north,27.193,1,0.1,5.465268132163036,0.0,5.240268132163036,5.690268132163036,-0.275,0.275,True,5.161383648602825,5.778347551009041,-0.31627918359655627,0.39092052218985684,0.0,0.0,True,True,True
north,27.193,2,0.2,5.402983690695242,0.0,5.177983690695243,5.627983690695242,-0.275,0.275,True,5.075871227003163,5.7611381401470165,-0.34464403534689503,0.43085868117715675,0.0,0.0,True,True,True
north,27.193,3,0.3,5.336767578143366,0.0,5.1117675781433665,5.561767578143366,-0.275,0.275,True,4.984807152927888,5.749480381760607,-0.3785605395728465,0.4763484926400694,0.0,0.0,True,True,True
north,27.193,4,0.4,5.267134410021241,0.0,5.042134410021242,5.492134410021241,-0.275,0.275,True,4.888191426377002,5.743374275849809,-0.41802869627441086,0.5273899565785949,0.0,0.0,True,True,True
north,27.193,5,0.5,5.194788781802866,0.0,4.969788781802866,5.419788781802866,-0.275,0.275,True,4.786024047350502,5.742819822414625,-0.46304850545158793,0.583983072992733,0.0,0.0,True,True,True
north,27.193,6,0.6,5.119949156513515,0.0,4.8949491565135155,5.344949156513515,-0.275,0.275,True,4.678305015848388,5.747817021455052,-0.5136199671043777,0.6461278418824841,0.0,0.0,True,True,True
north,27.193,7,0.7,5.043742486162786,0.0,4.818742486162787,5.268742486162786,-0.275,0.275,True,4.565034331870663,5.758365872971093,-0.5697430812327804,0.7138242632478478,0.0,0.0,True,True,True
north,27.193,8,0.8,4.966806388066838,0.0,4.741806388066839,5.191806388066838,-0.275,0.275,True,4.446211995417325,5.774466376962747,-0.6314178478367957,0.7870723370888243,0.0,0.0,True,True,True
north,27.193,9,0.9,4.889694466028451,0.0,4.664694466028451,5.114694466028451,-0.275,0.275,True,4.321838006488374,5.796118533430013,-0.6986442669164238,0.8658720634054135,0.0,0.0,True,True,True
north,27.259,1,0.1,5.4246457989657335,0.0,5.199645798965734,5.649645798965733,-0.275,0.275,True,5.113195911206133,5.732204208283311,-0.33339089479225725,0.37380881099415564,0.0,0.0,True,True,True
north,27.259,2,0.2,5.359848146735365,0.0,5.134848146735365,5.584848146735364,-0.275,0.275,True,5.023030170243026,5.710341478057843,-0.3689310354972841,0.4065716810267672,0.0,0.0,True,True,True
north,27.259,3,0.3,5.291141309584317,0.0,5.066141309584317,5.516141309584317,-0.275,0.275,True,4.927312776804306,5.6940304003079865,-0.4100228286779237,0.44488620353499153,0.0,0.0,True,True,True
north,27.259,4,0.4,5.219498264953512,0.0,4.994498264953513,5.444498264953512,-0.275,0.275,True,4.826043730889973,5.683270975033743,-0.45666627433417617,0.4887523785188287,0.0,0.0,True,True,True
north,27.259,5,0.5,5.145629040188564,0.0,4.920629040188564,5.370629040188564,-0.275,0.275,True,4.719223032500028,5.678063202235113,-0.5088613724660412,0.5381702059782786,0.0,0.0,True,True,True
north,27.259,6,0.6,5.069892712382865,0.0,4.844892712382865,5.294892712382865,-0.275,0.275,True,4.606850681634469,5.678407081912095,-0.5666081230735193,0.5931396859133412,0.0,0.0,True,True,True
north,27.259,7,0.7,4.992997195890126,0.0,4.767997195890127,5.217997195890126,-0.275,0.275,True,4.488926678293299,5.68430261406469,-0.6299065261566098,0.6536608183240166,0.0,0.0,True,True,True
north,27.259,8,0.8,4.915743480055875,0.0,4.690743480055875,5.140743480055875,-0.275,0.275,True,4.365451022476515,5.695749798692898,-0.6987565817153134,0.7197336032103048,0.0,0.0,True,True,True
north,27.259,9,0.9,4.838716107157226,0.0,4.613716107157226,5.063716107157226,-0.275,0.275,True,4.236423714184118,5.712748635796718,-0.7731582897496295,0.7913580405722057,0.0,0.0,True,True,True
north,27.325,1,0.1,5.382146148952107,0.0,5.1571461489521075,5.607146148952107,-0.275,0.275,True,5.079116962528074,5.6941882964780035,-0.3382031076867458,0.36899659809966734,0.0,0.0,True,True,True
north,27.325,2,0.2,5.31497414039926,0.0,5.08997414039926,5.539974140399259,-0.275,0.275,True,4.987310077656614,5.670684422344181,-0.37780157333824155,0.39770114318581024,0.0,0.0,True,True,True
north,27.325,3,0.3,5.244270208429386,0.0,5.019270208429386,5.469270208429386,-0.275,0.275,True,4.88995154030954,5.652732200685972,-0.42295169146535,0.4319573407475659,0.0,0.0,True,True,True
north,27.325,4,0.4,5.1708474917495035,0.0,4.945847491749504,5.395847491749503,-0.275,0.275,True,4.787041350486855,5.640331631503375,-0.47365346206807135,0.4717651907849344,0.0,0.0,True,True,True
north,27.325,5,0.5,5.095682262290139,0.0,4.870682262290139,5.320682262290139,-0.275,0.275,True,4.678579508188555,5.633482714796392,-0.5299068851464053,0.5171246932979157,0.0,0.0,True,True,True
north,27.325,6,0.6,5.019366831838727,0.0,4.794366831838727,5.244366831838726,-0.275,0.275,True,4.564566013414644,5.632185450565021,-0.5917119607003521,0.5680358482865097,0.0,0.0,True,True,True
north,27.325,7,0.7,4.942297752964371,0.0,4.717297752964371,5.16729775296437,-0.275,0.275,True,4.4450008661651195,5.636439838809262,-0.6590686887299118,0.6244986557507164,0.0,0.0,True,True,True
north,27.325,8,0.8,4.8647610705497515,0.0,4.639761070549752,5.089761070549751,-0.275,0.275,True,4.3198840664399825,5.646245879529117,-0.7319770692350841,0.6865131156905359,0.0,0.0,True,True,True
north,27.325,9,0.9,4.788081524329526,0.0,4.563081524329526,5.013081524329525,-0.275,0.275,True,4.189215614239232,5.661603572724585,-0.8104371022158691,0.7540792281059682,0.0,0.0,True,True,True
north,27.391,1,0.1,5.338125450907667,0.0,5.113125450907668,5.563125450907667,-0.275,0.275,True,5.043419328516557,5.649846909306809,-0.34563542770359107,0.3615642780828224,0.0,0.0,True,True,True
north,27.391,2,0.2,5.268582672730976,0.0,5.0435826727309765,5.493582672730976,-0.275,0.275,True,4.951123398386425,5.625853989914313,-0.3872309600946691,0.3882717564293832,0.0,0.0,True,True,True
north,27.391,3,0.3,5.19627349295403,0.0,4.9712734929540305,5.42127349295403,-0.275,0.275,True,4.853275815780679,5.607412722997433,-0.4343781449613599,0.4205308872515568,0.0,0.0,True,True,True
north,27.391,4,0.4,5.121428372098583,0.0,4.896428372098583,5.346428372098583,-0.275,0.275,True,4.74987658069932,5.594523108556164,-0.4870769823036636,0.45834167054934327,0.0,0.0,True,True,True
north,27.391,5,0.5,5.045276044309588,0.0,4.820276044309589,5.270276044309588,-0.275,0.275,True,4.640925693142349,5.587185146590508,-0.54532747212158,0.5017041063227423,0.0,0.0,True,True,True
north,27.391,6,0.6,4.968378274224809,0.0,4.743378274224809,5.193378274224808,-0.275,0.275,True,4.526423153109764,5.585398837100465,-0.609129614415109,0.5506181945717543,0.0,0.0,True,True,True
north,27.391,7,0.7,4.89124894541957,0.0,4.666248945419571,5.11624894541957,-0.275,0.275,True,4.406368960601568,5.589164180086034,-0.678483409184251,0.6050839352963789,0.0,0.0,True,True,True
north,27.391,8,0.8,4.814204362193321,0.0,4.589204362193321,5.0392043621933205,-0.275,0.275,True,4.280763115617758,5.598481175547216,-0.7533888564290055,0.6651013284966164,0.0,0.0,True,True,True
north,27.391,9,0.9,4.738062868965359,0.0,4.51306286896536,4.963062868965359,-0.275,0.275,True,4.149605618158335,5.613349823484012,-0.8338459561493731,0.7306703741724666,0.0,0.0,True,True,True
north,27.457,1,0.1,5.292527818146958,0.0,5.067527818146958,5.517527818146958,-0.275,0.275,True,4.981260708916283,5.6007300903379065,-0.3334904273399856,0.37370927844642754,0.0,0.0,True,True,True
north,27.457,2,0.2,5.2209610898461545,0.0,4.995961089846155,5.445961089846154,-0.275,0.275,True,4.884329291832002,5.572101683991263,-0.36867315738891643,0.40682955913513535,0.0,0.0,True,True,True
north,27.457,3,0.3,5.147156138028753,0.0,4.922156138028753,5.372156138028752,-0.275,0.275,True,4.781846222272108,5.549024930120234,-0.40940753991345996,0.44550149229945596,0.0,0.0,True,True,True
north,27.457,4,0.4,5.071390367939558,0.0,4.846390367939558,5.296390367939558,-0.275,0.275,True,4.673811500236602,5.531499828724816,-0.4556935749136164,0.48972507793938935,0.0,0.0,True,True,True
north,27.457,5,0.5,4.994508704910969,0.0,4.76950870491097,5.219508704910969,-0.275,0.275,True,4.560225125725482,5.519526379805013,-0.5075312623893855,0.5395003160549354,0.0,0.0,True,True,True
north,27.457,6,0.6,4.917290638331198,0.0,4.692290638331198,5.142290638331198,-0.275,0.275,True,4.44108709873875,5.513104583360821,-0.5649206023407674,0.5948272066460945,0.0,0.0,True,True,True
north,27.457,7,0.7,4.840281766566996,0.0,4.615281766566996,5.065281766566995,-0.275,0.275,True,4.316397419276406,5.512234439392243,-0.627861594767762,0.6557057497128661,0.0,0.0,True,True,True
north,27.457,8,0.8,4.764007815623942,0.0,4.539007815623942,4.989007815623942,-0.275,0.275,True,4.186156087338449,5.516915947899277,-0.6963542396703695,0.7221359452552505,0.0,0.0,True,True,True
north,27.457,9,0.9,4.688689819236138,0.0,4.463689819236138,4.913689819236137,-0.275,0.275,True,4.0503631029248774,5.5271491088819245,-0.7703985370485895,0.7941177932732477,0.0,0.0,True,True,True
north,27.523,1,0.1,5.245682559847808,0.0,5.020682559847808,5.470682559847807,-0.275,0.275,True,4.938518841031577,5.551251233277224,-0.3173495300461752,0.38985017574023767,0.0,0.0,True,True,True
north,27.523,2,0.2,5.172332698381939,0.0,4.947332698381939,5.3973326983819385,-0.275,0.275,True,4.836734924424812,5.517770327408098,-0.34608936353008396,0.4294133529939674,0.0,0.0,True,True,True
north,27.523,3,0.3,5.097228536088451,0.0,4.872228536088452,5.322228536088451,-0.275,0.275,True,4.7293993553424345,5.489841074014584,-0.3803808494896055,0.47452818272330977,0.0,0.0,True,True,True
north,27.523,4,0.4,5.020934060932893,0.0,4.795934060932893,5.245934060932893,-0.275,0.275,True,4.616512133784444,5.467463473096683,-0.4202239879247398,0.525194664928265,0.0,0.0,True,True,True
north,27.523,5,0.5,4.943811107137066,0.0,4.718811107137066,5.168811107137065,-0.275,0.275,True,4.498073259750841,5.450637524654395,-0.46561877883548686,0.581412799608833,0.0,0.0,True,True,True
north,27.523,6,0.6,4.866302733824405,0.0,4.641302733824405,5.091302733824405,-0.275,0.275,True,4.374082733241626,5.4393632286877205,-0.5165652222218468,0.6431825867650137,0.0,0.0,True,True,True
north,27.523,7,0.7,4.789604832201898,0.0,4.564604832201899,5.014604832201898,-0.275,0.275,True,4.2445405542567975,5.433640585196658,-0.5730633180838193,0.7105040263968071,0.0,0.0,True,True,True
north,27.523,8,0.8,4.714203959269054,0.0,4.489203959269054,4.9392039592690535,-0.275,0.275,True,4.109446722796356,5.433469594181208,-0.6351130664214046,0.7833771185042135,0.0,0.0,True,True,True
north,27.523,9,0.9,4.640246606798145,0.0,4.415246606798146,4.865246606798145,-0.275,0.275,True,3.9688012388603022,5.438850255641371,-0.7027144672346028,0.8618018630872324,0.0,0.0,True,True,True
north,27.589,1,0.1,5.197736003951693,0.0,4.9727360039516935,5.422736003951693,-0.275,0.275,True,4.88984936662164,5.506205562951087,-0.3206124075773217,0.38658729820909143,0.0,0.0,True,True,True
north,27.589,2,0.2,5.1229075876836445,0.0,4.897907587683645,5.347907587683644,-0.275,0.275,True,4.786790767543435,5.471449974610519,-0.34826026919188885,0.42724244733216293,0.0,0.0,True,True,True
north,27.589,3,0.3,5.046809602456388,0.0,4.821809602456389,5.271809602456388,-0.275,0.275,True,4.678180515989616,5.442246038745566,-0.3814597832820688,0.4734492489308471,0.0,0.0,True,True,True
north,27.589,4,0.4,4.969950160382779,0.0,4.744950160382779,5.194950160382779,-0.275,0.275,True,4.5640186119601855,5.418593755356223,-0.42021094984786156,0.5252077030051442,0.0,0.0,True,True,True
north,27.589,5,0.5,4.892803424810687,0.0,4.667803424810687,5.1178034248106865,-0.275,0.275,True,4.444305055455141,5.400493124442495,-0.46451376888926704,0.5825178095550538,0.0,0.0,True,True,True
north,27.589,6,0.6,4.815706199449305,0.0,4.590706199449305,5.040706199449304,-0.275,0.275,True,4.319039846474484,5.387944146004379,-0.5143682404062854,0.6453795685805764,0.0,0.0,True,True,True
north,27.589,7,0.7,4.739571814820143,0.0,4.514571814820143,4.964571814820142,-0.275,0.275,True,4.188222985018215,5.380946820041876,-0.5697743643989164,0.7137929800817118,0.0,0.0,True,True,True
north,27.589,8,0.8,4.664991534986841,0.0,4.4399915349868415,4.889991534986841,-0.275,0.275,True,4.051854471086333,5.379501146554985,-0.6307321408671602,0.7877580440584597,0.0,0.0,True,True,True
north,27.589,9,0.9,4.5925068252123324,0.0,4.367506825212333,4.817506825212332,-0.275,0.275,True,3.9099343046788375,5.383607125543708,-0.6972415698110167,0.8672747605108205,0.0,0.0,True,True,True
north,27.655,1,0.1,5.148683235868942,0.0,4.923683235868943,5.373683235868942,-0.275,0.275,True,4.846188386744404,5.461200565058231,-0.3292927768305228,0.3779069289558903,0.0,0.0,True,True,True
north,27.655,2,0.2,5.072888023496249,0.0,4.84788802349625,5.297888023496249,-0.275,0.275,True,4.744763402602637,5.428078591654101,-0.3629084042735541,0.4125943122504977,0.0,0.0,True,True,True
north,27.655,3,0.3,4.996050341231148,0.0,4.771050341231148,5.221050341231147,-0.275,0.275,True,4.637786765985255,5.4005082707255845,-0.4020756841921981,0.45283334802071784,0.0,0.0,True,True,True
north,27.655,4,0.4,4.918837796606524,0.0,4.693837796606524,5.143837796606523,-0.275,0.275,True,4.525258476892263,5.37848960227268,-0.44679461658645486,0.4986240362665509,0.0,0.0,True,True,True
north,27.655,5,0.5,4.841847425976766,0.0,4.616847425976767,5.066847425976766,-0.275,0.275,True,4.407178535323655,5.362022586295389,-0.4970652014563244,0.5499663769879966,0.0,0.0,True,True,True
north,27.655,6,0.6,4.765495921466621,0.0,4.540495921466621,4.9904959214666205,-0.275,0.275,True,4.283546941279436,5.3511072227937095,-0.5528874388018068,0.606860370185055,0.0,0.0,True,True,True
north,27.655,7,0.7,4.690146833885268,0.0,4.465146833885268,4.9151468338852675,-0.275,0.275,True,4.154363694759604,5.345743511767644,-0.6142613286229018,0.6693060158577263,0.0,0.0,True,True,True
north,27.655,8,0.8,4.616691875855683,0.0,4.391691875855684,4.841691875855683,-0.275,0.275,True,4.0196287957641585,5.34593145321719,-0.6811868709196096,0.7373033140060103,0.0,0.0,True,True,True
north,27.655,9,0.9,4.5456332124649,0.0,4.320633212464901,4.7706332124649,-0.275,0.275,True,3.8793422442931007,5.351671047142351,-0.7536640656919302,0.810852264629907,0.0,0.0,True,True,True
north,27.721,1,0.1,5.098774809886764,0.0,4.873774809886764,5.323774809886763,-0.275,0.275,True,4.800137773365519,5.4148676875875354,-0.3372033196926848,0.3699963860937281,0.0,0.0,True,True,True
north,27.721,2,0.2,5.022489906855571,0.0,4.797489906855572,5.247489906855571,-0.275,0.275,True,4.697130980749935,5.3801639057095905,-0.37615054971874723,0.3993521668053041,0.0,0.0,True,True,True
north,27.721,3,0.3,4.9453244613097604,0.0,4.720324461309761,5.17032446130976,-0.275,0.275,True,4.588572535658739,5.351011776307258,-0.42064943222042234,0.4342595999924929,0.0,0.0,True,True,True
north,27.721,4,0.4,4.867844397099062,0.0,4.642844397099062,5.092844397099062,-0.275,0.275,True,4.47446243809193,5.327411299380539,-0.47069996719771034,0.4747186856552945,0.0,0.0,True,True,True
north,27.721,5,0.5,4.7911581793104885,0.0,4.566158179310489,5.016158179310488,-0.275,0.275,True,4.354800688049508,5.309362474929432,-0.5263021546506109,0.5207294237937089,0.0,0.0,True,True,True
north,27.721,6,0.6,4.715728164813078,0.0,4.490728164813079,4.940728164813078,-0.275,0.275,True,4.229587285531474,5.296865302953938,-0.5874559945791245,0.572291814407736,0.0,0.0,True,True,True
north,27.721,7,0.7,4.641679512057449,0.0,4.416679512057449,4.866679512057448,-0.275,0.275,True,4.098822230537826,5.289919783454057,-0.6541614869832506,0.6294058574973758,0.0,0.0,True,True,True
north,27.721,8,0.8,4.56948981783867,0.0,4.34448981783867,4.794489817838669,-0.275,0.275,True,3.9625055230685664,5.288525916429788,-0.7264186318629897,0.6920715530626285,0.0,0.0,True,True,True
north,27.721,9,0.9,4.499976992117515,0.0,4.274976992117515,4.724976992117514,-0.275,0.275,True,3.8206371631236937,5.292683701881132,-0.8042274292183413,0.7602889011034939,0.0,0.0,True,True,True
north,27.787,1,0.1,5.048343160603188,0.0,4.823343160603188,5.273343160603187,-0.275,0.275,True,4.749427456204797,5.364129538523535,-0.32973379914685,0.3774659066395631,0.0,0.0,True,True,True
north,27.787,2,0.2,4.971522046540746,0.0,4.746522046540746,5.196522046540745,-0.275,0.275,True,4.644955313299966,5.327960406356341,-0.36497199032035266,0.4105307262036991,0.0,0.0,True,True,True
north,27.787,3,0.3,4.8943579042018035,0.0,4.669357904201804,5.119357904201803,-0.275,0.275,True,4.534931517919519,5.29734292666476,-0.4057618339694681,0.44914719824344784,0.0,0.0,True,True,True
north,27.787,4,0.4,4.817208036705291,0.0,4.5922080367052915,5.042208036705291,-0.275,0.275,True,4.419356070063462,5.27227709944879,-0.4521033300941963,0.49331532275880946,0.0,0.0,True,True,True
north,27.787,5,0.5,4.741080760674926,0.0,4.516080760674926,4.9660807606749255,-0.275,0.275,True,4.298228969731791,5.252762924708436,-0.5039964786945372,0.5430350997497837,0.0,0.0,True,True,True
north,27.787,6,0.6,4.666495671735514,0.0,4.441495671735514,4.891495671735513,-0.275,0.275,True,4.171550216924508,5.238800402443693,-0.561441279770491,0.5983065292163708,0.0,0.0,True,True,True
north,27.787,7,0.7,4.593908630062524,0.0,4.368908630062524,4.8189086300625235,-0.275,0.275,True,4.039319811641612,5.230389532654563,-0.6244377333220574,0.6591296111585707,0.0,0.0,True,True,True
north,27.787,8,0.8,4.523364412196678,0.0,4.298364412196678,4.748364412196677,-0.275,0.275,True,3.901537753883102,5.227530315341045,-0.6929858393492366,0.7255043455763833,0.0,0.0,True,True,True
north,27.787,9,0.9,4.455567416081536,0.0,4.230567416081536,4.680567416081535,-0.275,0.275,True,3.75820404364898,5.230222750503141,-0.7670855978520286,0.7974307324698087,0.0,0.0,True,True,True
north,27.853,1,0.1,4.997591977551326,0.0,4.772591977551326,5.222591977551326,-0.275,0.275,True,4.693160806510638,5.310220112552583,-0.3418455158224599,0.3653541899639532,0.0,0.0,True,True,True
north,27.853,2,0.2,4.920384954881847,0.0,4.695384954881847,5.145384954881846,-0.275,0.275,True,4.585353950282332,5.270716267061915,-0.37936057343140134,0.39614214309265045,0.0,0.0,True,True,True
north,27.853,3,0.3,4.843413085386536,0.0,4.618413085386536,5.068413085386536,-0.275,0.275,True,4.471995441578412,5.23676407404686,-0.42242728351595554,0.4324817486969604,0.0,0.0,True,True,True
north,27.853,4,0.4,4.766984027309302,0.0,4.541984027309303,4.991984027309302,-0.275,0.275,True,4.353085280398881,5.208363533507417,-0.47104564607612254,0.4743730067768832,0.0,0.0,True,True,True
north,27.853,5,0.5,4.691603848534398,0.0,4.466603848534398,4.916603848534398,-0.275,0.275,True,4.228623466743735,5.185514645443588,-0.5252156611119022,0.5218159173324187,0.0,0.0,True,True,True
north,27.853,6,0.6,4.6181399214122,0.0,4.3931399214122,4.8431399214122,-0.275,0.275,True,4.098610000612977,5.168217409855371,-0.5849373286232948,0.574810480363567,0.0,0.0,True,True,True
north,27.853,7,0.7,4.547062325162186,0.0,4.322062325162186,4.772062325162185,-0.275,0.275,True,3.963044882006607,5.1564718267427665,-0.6502106486103001,0.6333566958703281,0.0,0.0,True,True,True
north,27.853,8,0.8,4.4784779415885065,0.0,4.253477941588507,4.703477941588506,-0.275,0.275,True,3.821928110924624,5.1502778961057745,-0.7210356210729181,0.6974545638527019,0.0,0.0,True,True,True
north,27.853,9,0.9,4.412379434228798,0.0,4.187379434228799,4.637379434228798,-0.275,0.275,True,3.6752596873670282,5.149635617944397,-0.7974122460111488,0.7671040843106884,0.0,0.0,True,True,True
north,27.919,1,0.1,4.946837815482454,0.0,4.721837815482455,5.171837815482454,-0.275,0.275,True,4.63735868931194,5.246590096193978,-0.33427339565421776,0.3729263101321951,0.0,0.0,True,True,True
north,27.919,2,0.2,4.869386060373716,0.0,4.644386060373717,5.094386060373716,-0.275,0.275,True,4.524571329836863,5.20210574745654,-0.370032427283089,0.40547028924096234,0.0,0.0,True,True,True
north,27.919,3,0.3,4.792711526419079,0.0,4.567711526419079,5.017711526419078,-0.275,0.275,True,4.406232317886173,5.163173051194714,-0.411343111387573,0.44356592082534224,0.0,0.0,True,True,True
north,27.919,4,0.4,4.717252370357105,0.0,4.492252370357106,4.942252370357105,-0.275,0.275,True,4.28234165345987,5.129792007408501,-0.4582054479676699,0.487213204885335,0.0,0.0,True,True,True
north,27.919,5,0.5,4.643112417316751,0.0,4.418112417316752,4.868112417316751,-0.275,0.275,True,4.152899336557955,5.101962616097901,-0.5106194370233794,0.5364121414209404,0.0,0.0,True,True,True
north,27.919,6,0.6,4.570909318656752,0.0,4.345909318656752,4.795909318656752,-0.275,0.275,True,4.017905367180427,5.079684877262913,-0.5685850785547018,0.5911627304321587,0.0,0.0,True,True,True
north,27.919,7,0.7,4.501342453160561,0.0,4.276342453160561,4.7263424531605605,-0.275,0.275,True,3.877359745327286,5.062958790903538,-0.6321023725616367,0.6514649719189897,0.0,0.0,True,True,True
north,27.919,8,0.8,4.434591964459297,0.0,4.209591964459297,4.659591964459296,-0.275,0.275,True,3.7312624709985327,5.051784357019776,-0.7011713190441847,0.7173188658814335,0.0,0.0,True,True,True
north,27.919,9,0.9,4.3705685040663464,0.0,4.145568504066347,4.595568504066346,-0.275,0.275,True,3.579613544194166,5.0461615756116265,-0.7757919180023453,0.78872441231949,0.0,0.0,True,True,True
north,27.985,1,0.1,4.895872751888837,0.0,4.6708727518888375,5.120872751888837,-0.275,0.275,True,4.592494688480604,5.1947753164774095,-0.3231270880205183,0.3840726177658948,0.0,0.0,True,True,True
north,27.985,2,0.2,4.818709873961275,0.0,4.593709873961275,5.043709873961275,-0.275,0.275,True,4.479684020528931,5.150267659263373,-0.3549477423317213,0.42055497419233046,0.0,0.0,True,True,True
north,27.985,3,0.3,4.742589706529709,0.0,4.5175897065297095,4.967589706529709,-0.275,0.275,True,4.361321700101644,5.111311654524952,-0.3923200491185371,0.46258898309437885,0.0,0.0,True,True,True
north,27.985,4,0.4,4.667999808484188,0.0,4.442999808484188,4.892999808484188,-0.275,0.275,True,4.237407727198747,5.077907302262142,-0.43524400838096566,0.5101746444720401,0.0,0.0,True,True,True
north,27.985,5,0.5,4.595310434912714,0.0,4.370310434912715,4.820310434912714,-0.275,0.275,True,4.1079421018202344,5.050054602474947,-0.48371962011900693,0.563311958325314,0.0,0.0,True,True,True
north,27.985,6,0.6,4.524723199222987,0.0,4.299723199222988,4.749723199222987,-0.275,0.275,True,3.972924823966111,5.027753555163363,-0.537746884332661,0.6220009246542008,0.0,0.0,True,True,True
north,27.985,7,0.7,4.456895563759194,0.0,4.231895563759195,4.681895563759194,-0.275,0.275,True,3.8323558936363726,5.011004160327391,-0.5973258010219279,0.6862415434587003,0.0,0.0,True,True,True
north,27.985,8,0.8,4.391926198168246,0.0,4.166926198168246,4.616926198168246,-0.275,0.275,True,3.686235310831023,4.999806417967033,-0.6624563701868075,0.7560338147388125,0.0,0.0,True,True,True
north,27.985,9,0.9,4.330245076437795,0.0,4.105245076437796,4.555245076437795,-0.275,0.275,True,3.53456307555006,4.994160328082288,-0.7331385918272998,0.8313777384945374,0.0,0.0,True,True,True
north,28.051,1,0.1,4.844978744796308,0.0,4.619978744796309,5.069978744796308,-0.275,0.275,True,4.5456383975573775,5.158100336723574,-0.33770496509266607,0.3694947406937477,0.0,0.0,True,True,True
north,28.051,2,0.2,4.768472133151984,0.0,4.543472133151984,4.993472133151983,-0.275,0.275,True,4.436617578485513,5.1173825283893475,-0.3708628323588766,0.4046398841651765,0.0,0.0,True,True,True
north,28.051,3,0.3,4.693097116145987,0.0,4.468097116145987,4.9180971161459865,-0.275,0.275,True,4.3220451069380355,5.082216372530736,-0.4095723521006999,0.445336680112218,0.0,0.0,True,True,True
north,28.051,4,0.4,4.619587966968722,0.0,4.3945879669687224,4.844587966968722,-0.275,0.275,True,4.201920982914945,5.052601869147734,-0.45383352431813606,0.49158512853487235,0.0,0.0,True,True,True
north,28.051,5,0.5,4.548491437859474,0.0,4.323491437859475,4.773491437859474,-0.275,0.275,True,4.076245206416242,5.028539018240347,-0.5036463490111849,0.5433852294331394,0.0,0.0,True,True,True
north,28.051,6,0.6,4.479812191076993,0.0,4.254812191076994,4.704812191076993,-0.275,0.275,True,3.9450177774419264,5.010027819808573,-0.5590108261798464,0.6007369828070191,0.0,0.0,True,True,True
north,28.051,7,0.7,4.413638403387506,0.0,4.188638403387507,4.638638403387506,-0.275,0.275,True,3.808238695991997,4.997068273852411,-0.6199269558241208,0.6636403886565118,0.0,0.0,True,True,True
north,28.051,8,0.8,4.35069188950915,0.0,4.125691889509151,4.57569188950915,-0.275,0.275,True,3.6659079620664556,4.989660380371862,-0.686394737944008,0.7320954469816171,0.0,0.0,True,True,True
north,28.051,9,0.9,4.291294172337689,0.0,4.066294172337689,4.516294172337688,-0.275,0.275,True,3.5180255756653005,4.987804139366927,-0.7584141725395079,0.8061021577823353,0.0,0.0,True,True,True
north,28.117,1,0.1,4.794264873527668,0.0,4.569264873527668,5.019264873527668,-0.275,0.275,True,4.498114032188504,5.1107190758064105,-0.3388751874775513,0.3683245183088618,0.0,0.0,True,True,True
north,28.117,2,0.2,4.718757976380954,0.0,4.493757976380954,4.943757976380954,-0.275,0.275,True,4.391656634860975,5.072564689216518,-0.37634634059296407,0.3991563759310877,0.0,0.0,True,True,True
north,28.117,3,0.3,4.644545322576055,0.0,4.419545322576055,4.869545322576054,-0.275,0.275,True,4.279647585057831,5.039961955102241,-0.4193691461839895,0.4355398860289264,0.0,0.0,True,True,True
north,28.117,4,0.4,4.572328819474837,0.0,4.347328819474837,4.797328819474837,-0.275,0.275,True,4.162086882779076,5.012910873463573,-0.4679436042506278,0.47747504860237794,0.0,0.0,True,True,True
north,28.117,5,0.5,4.502707914203607,0.0,4.277707914203607,4.727707914203607,-0.275,0.275,True,4.038974528024707,4.991411444300521,-0.5220697147928788,0.5249618636514422,0.0,0.0,True,True,True
north,28.117,6,0.6,4.435921383676373,0.0,4.210921383676373,4.6609213836763725,-0.275,0.275,True,3.910310520794727,4.975463667613081,-0.5817474778107427,0.5780003311761192,0.0,0.0,True,True,True
north,28.117,7,0.7,4.371789872322714,0.0,4.146789872322715,4.596789872322714,-0.275,0.275,True,3.776094861089133,4.965067543401253,-0.6469768933042193,0.6365904511764089,0.0,0.0,True,True,True
north,28.117,8,0.8,4.311010047671846,0.0,4.086010047671846,4.536010047671845,-0.275,0.275,True,3.6363275489079268,4.960223071665038,-0.7177579612733085,0.7007322236523115,0.0,0.0,True,True,True
north,28.117,9,0.9,4.253962836617186,0.0,4.028962836617186,4.478962836617185,-0.275,0.275,True,3.491008584251107,4.960930252404437,-0.7940906817180106,0.7704256486038267,0.0,0.0,True,True,True
north,28.183,1,0.1,4.7440986523844915,0.0,4.519098652384492,4.969098652384491,-0.275,0.275,True,4.442931164319308,5.033671295099979,-0.32760366414721087,0.379596041639202,0.0,0.0,True,True,True
north,28.183,2,0.2,4.669503945232861,0.0,4.444503945232861,4.89450394523286,-0.275,0.275,True,4.330446842185488,4.989489983703797,-0.36209830615591676,0.4134044103681346,0.0,0.0,True,True,True
north,28.183,3,0.3,4.596716764701267,0.0,4.371716764701268,4.821716764701267,-0.275,0.275,True,4.212410867576056,4.950860324783229,-0.4021446006402354,0.45276443157267987,0.0,0.0,True,True,True
north,28.183,4,0.4,4.5260819862493,0.0,4.3010819862493,4.751081986249299,-0.275,0.275,True,4.088823240491011,4.917782318338274,-0.44774254760016685,0.497676105252838,0.0,0.0,True,True,True
north,28.183,5,0.5,4.458223711436853,0.0,4.233223711436853,4.6832237114368525,-0.275,0.275,True,3.9596839609303522,4.89025596436893,-0.498892147035711,0.5481394314086089,0.0,0.0,True,True,True
north,28.183,6,0.6,4.393217306228497,0.0,4.168217306228497,4.618217306228496,-0.275,0.275,True,3.824993028894082,4.8682812628752,-0.555593398946868,0.6041544100399925,0.0,0.0,True,True,True
north,28.183,7,0.7,4.3314523840400385,0.0,4.106452384040039,4.556452384040038,-0.275,0.275,True,3.684750444382199,4.851858213857083,-0.6178463033336375,0.6657210411469888,0.0,0.0,True,True,True
north,28.183,8,0.8,4.272980131906175,0.0,4.047980131906176,4.497980131906175,-0.275,0.275,True,3.5389562073947016,4.840986817314578,-0.6856508601960202,0.732839324729598,0.0,0.0,True,True,True
north,28.183,9,0.9,4.21853510286681,0.0,3.9935351028668102,4.44353510286681,-0.275,0.275,True,3.3876103179315926,4.835667073247686,-0.7590070695340153,0.8055092607878199,0.0,0.0,True,True,True
north,28.249,1,0.1,4.694590383757574,0.0,4.469590383757574,4.919590383757574,-0.275,0.275,True,4.393226450139776,4.999823142328549,-0.3310759897979706,0.3761237159884425,0.0,0.0,True,True,True
north,28.249,2,0.2,4.621052320584403,0.0,4.3960523205844035,4.846052320584403,-0.275,0.275,True,4.280873897551209,4.9557736004776185,-0.36198136470683717,0.4135213518172146,0.0,0.0,True,True,True
north,28.249,3,0.3,4.5499205505567595,0.0,4.32492055055676,4.774920550556759,-0.275,0.275,True,4.162969692487026,4.9172757111023015,-0.3984383920913165,0.45647064012159944,0.0,0.0,True,True,True
north,28.249,4,0.4,4.4811403445194316,0.0,4.256140344519432,4.706140344519431,-0.275,0.275,True,4.0395138349472335,4.884329474202596,-0.44044707195140864,0.5049715809015971,0.0,0.0,True,True,True
north,28.249,5,0.5,4.414916013965265,0.0,4.189916013965266,4.639916013965265,-0.275,0.275,True,3.9105063249318257,4.856934889778505,-0.4880074042871134,0.5590241741572075,0.0,0.0,True,True,True
north,28.249,6,0.6,4.351913870348125,0.0,4.126913870348125,4.5769138703481245,-0.275,0.275,True,3.7759471624408065,4.835091957830026,-0.5411193890984312,0.6186284198884306,0.0,0.0,True,True,True
north,28.249,7,0.7,4.292468042208426,0.0,4.067468042208426,4.517468042208425,-0.275,0.275,True,3.635836347474173,4.818800678357159,-0.5997830263853615,0.6837843180952666,0.0,0.0,True,True,True
north,28.249,8,0.8,4.2366748175375335,0.0,4.011674817537534,4.461674817537533,-0.275,0.275,True,3.490173880031928,4.808061051359906,-0.6639983161479046,0.7544918687777153,0.0,0.0,True,True,True
north,28.249,9,0.9,4.18479100656006,0.0,3.9597910065600597,4.409791006560059,-0.275,0.275,True,3.3389597601140695,4.8028730768382655,-0.7337652583860605,0.8307510719357767,0.0,0.0,True,True,True
north,28.315,1,0.1,4.645978227835358,0.0,4.420978227835358,4.870978227835358,-0.275,0.275,True,4.347689292248671,4.967023722582044,-0.3347400732747789,0.3724596325116342,0.0,0.0,True,True,True
north,28.315,2,0.2,4.5737483202929194,0.0,4.34874832029292,4.798748320292919,-0.275,0.275,True,4.240620493271191,4.9282579343422,-0.3693723279542297,0.4061303885698221,0.0,0.0,True,True,True
north,28.315,3,0.3,4.5041064820217915,0.0,4.279106482021792,4.729106482021791,-0.275,0.275,True,4.128000041818095,4.89504379857797,-0.40955623510929323,0.4453527971036227,0.0,0.0,True,True,True
north,28.315,4,0.4,4.437250802893451,0.0,4.212250802893451,4.662250802893451,-0.275,0.275,True,4.009827937889389,4.867381315289352,-0.4552917947399696,0.49012685811303613,0.0,0.0,True,True,True
north,28.315,5,0.5,4.373011240579083,0.0,4.148011240579083,4.5980112405790825,-0.275,0.275,True,3.8861041814850688,4.845270484476348,-0.5065790068462587,0.5404525715980623,0.0,0.0,True,True,True
north,28.315,6,0.6,4.31218901149834,0.0,4.0871890114983405,4.53718901149834,-0.275,0.275,True,3.7568287726051364,4.828711306138956,-0.5634178714281606,0.5963299375587012,0.0,0.0,True,True,True
north,28.315,7,0.7,4.255061999611648,0.0,4.0300619996116485,4.480061999611648,-0.275,0.275,True,3.6220017112495904,4.817703780277177,-0.6258083884856752,0.6577589559949529,0.0,0.0,True,True,True
north,28.315,8,0.8,4.2020235470081575,0.0,3.9770235470081574,4.427023547008157,-0.275,0.275,True,3.4816229974184325,4.8122479068910105,-0.6937505580188026,0.7247396269068174,0.0,0.0,True,True,True
north,28.315,9,0.9,4.153111225263782,0.0,3.9281112252637818,4.3781112252637815,-0.275,0.275,True,3.3356926311116606,4.812343685980457,-0.7672443800275427,0.7972719502942945,0.0,0.0,True,True,True
north,28.381,1,0.1,4.598127619428181,0.0,4.373127619428181,4.82312761942818,-0.275,0.275,True,4.307244801346231,4.905734798754074,-0.3432554123487653,0.3639442934376476,0.0,0.0,True,True,True
north,28.381,2,0.2,4.527440773275609,0.0,4.30244077327561,4.752440773275609,-0.275,0.275,True,4.202792797883312,4.869585806028794,-0.3823987779499331,0.39310393857411824,0.0,0.0,True,True,True
north,28.381,3,0.3,4.459551859114511,0.0,4.234551859114512,4.684551859114511,-0.275,0.275,True,4.092789141944779,4.838988465779125,-0.4270937960267137,0.42781523618620154,0.0,0.0,True,True,True
north,28.381,4,0.4,4.39450841428875,0.0,4.16950841428875,4.61950841428875,-0.275,0.275,True,3.9772338335306343,4.81394277800507,-0.47734046657910717,0.4680781862738977,0.0,0.0,True,True,True
north,28.381,5,0.5,4.332637636884367,0.0,4.107637636884367,4.557637636884366,-0.275,0.275,True,3.8561268726408766,4.794448742706627,-0.5331387896071133,0.5138927888372066,0.0,0.0,True,True,True
north,28.381,6,0.6,4.2740835042751675,0.0,4.049083504275168,4.499083504275167,-0.275,0.275,True,3.729468259275506,4.780506359883797,-0.5944887651107322,0.5652590438761282,0.0,0.0,True,True,True
north,28.381,7,0.7,4.219559532878412,0.0,3.994559532878412,4.4445595328784115,-0.275,0.275,True,3.5972579934345226,4.77211562953658,-0.6613903930899638,0.6221769513906625,0.0,0.0,True,True,True
north,28.381,8,0.8,4.169114225775093,0.0,3.944114225775093,4.394114225775093,-0.275,0.275,True,3.4594960751179262,4.769276551664975,-0.7338436735448084,0.6846465113808098,0.0,0.0,True,True,True
north,28.381,9,0.9,4.1231865309247855,0.0,3.8981865309247854,4.348186530924785,-0.275,0.275,True,3.3161825043257176,4.771989126268983,-0.8118486064752656,0.7526677238465697,0.0,0.0,True,True,True
north,28.447,1,0.1,4.551349663254045,0.0,4.326349663254045,4.776349663254044,-0.275,0.275,True,4.253356710183774,4.874539144580745,-0.34413469528976154,0.3630650104966516,0.0,0.0,True,True,True
north,28.447,2,0.2,4.482468497961868,0.0,4.257468497961868,4.707468497961868,-0.275,0.275,True,4.147765907825922,4.837251352960529,-0.381769737455225,0.39373297906882676,0.0,0.0,True,True,True
north,28.447,3,0.3,4.416212265962076,0.0,4.1912122659620765,4.641212265962076,-0.275,0.275,True,4.036623452992455,4.805515213815928,-0.42495643209630124,0.4299526001166147,0.0,0.0,True,True,True
north,28.447,4,0.4,4.353168921160204,0.0,4.128168921160205,4.578168921160204,-0.275,0.275,True,3.9199293456833764,4.779330727146938,-0.47369477921299025,0.4717238736400155,0.0,0.0,True,True,True
north,28.447,5,0.5,4.293641912079162,0.0,4.068641912079162,4.518641912079161,-0.275,0.275,True,3.7976835858986844,4.758697892953562,-0.527984778805292,0.5190467996390289,0.0,0.0,True,True,True
north,28.447,6,0.6,4.237759975247903,0.0,4.012759975247904,4.462759975247903,-0.275,0.275,True,3.66988617363838,4.7436167112357985,-0.5878264308732066,0.5719213781136552,0.0,0.0,True,True,True
north,28.447,7,0.7,4.185760195680216,0.0,3.960760195680216,4.410760195680216,-0.275,0.275,True,3.5365371089024626,4.734087181993647,-0.6532197354167338,0.6303476090638943,0.0,0.0,True,True,True
north,28.447,8,0.8,4.138241653774563,0.0,3.913241653774563,4.363241653774563,-0.275,0.275,True,3.397636391690933,4.730109305227109,-0.7241646924358739,0.6943254924897461,0.0,0.0,True,True,True
north,28.447,9,0.9,4.095264040123694,0.0,3.870264040123694,4.320264040123694,-0.275,0.275,True,3.2531840220037895,4.731683080936184,-0.8006613019306267,0.7638550283912106,0.0,0.0,True,True,True
north,28.513,1,0.1,4.505505049839976,0.0,4.280505049839976,4.730505049839976,-0.275,0.275,True,4.209969160550096,4.798811538760192,-0.3401851340634919,0.36701457172292123,0.0,0.0,True,True,True
north,28.513,2,0.2,4.438591146573948,0.0,4.213591146573949,4.663591146573948,-0.275,0.275,True,4.100916256443821,4.758061645391553,-0.3764371640859293,0.3990655524381225,0.0,0.0,True,True,True
north,28.513,3,0.3,4.3742326088354515,0.0,4.149232608835452,4.599232608835451,-0.275,0.275,True,3.9863116998619303,4.722863404498528,-0.41824084658397953,0.4366681856289364,0.0,0.0,True,True,True
north,28.513,4,0.4,4.313367975324837,0.0,4.088367975324838,4.538367975324837,-0.275,0.275,True,3.8661554908044287,4.693216816081115,-0.46559618155764254,0.4798224712953632,0.0,0.0,True,True,True
north,28.513,5,0.5,4.25616116260611,0.0,4.031161162606111,4.48116116260611,-0.275,0.275,True,3.740447629271314,4.669121880139317,-0.5185031690069183,0.5285284094374026,0.0,0.0,True,True,True
north,28.513,6,0.6,4.2030586189037935,0.0,3.9780586189037934,4.428058618903793,-0.275,0.275,True,3.6091881152625866,4.65057859667313,-0.5769618089318068,0.582786000055055,0.0,0.0,True,True,True
north,28.513,7,0.7,4.15403549933837,0.0,3.92903549933837,4.37903549933837,-0.275,0.275,True,3.4723769487782463,4.637586965682556,-0.6409721013323081,0.6425952431483201,0.0,0.0,True,True,True
north,28.513,8,0.8,4.109321986410749,0.0,3.884321986410749,4.334321986410749,-0.275,0.275,True,3.3300141298182933,4.630146987167595,-0.7105340462084221,0.7079561387171979,0.0,0.0,True,True,True
north,28.513,9,0.9,4.0694059875084525,0.0,3.8444059875084524,4.294405987508452,-0.275,0.275,True,3.1820996583827275,4.628258661128247,-0.7856476435601488,0.7788686867616884,0.0,0.0,True,True,True
north,28.579,1,0.1,4.46088000679217,0.0,4.23588000679217,4.6858800067921695,-0.275,0.275,True,4.16318799667297,4.77406752303398,-0.335065590933747,0.3721341148526659,0.0,0.0,True,True,True
north,28.579,2,0.2,4.395799522349001,0.0,4.170799522349001,4.620799522349,-0.275,0.275,True,4.058142419340502,4.737324956439151,-0.3679503845701441,0.4075523319539072,0.0,0.0,True,True,True
north,28.579,3,0.3,4.333822889728695,0.0,4.108822889728695,4.558822889728694,-0.275,0.275,True,3.947545189532422,4.706134042319935,-0.4063868306821539,0.44852220153076133,0.0,0.0,True,True,True
north,28.579,4,0.4,4.275186876644161,0.0,4.050186876644162,4.500186876644161,-0.275,0.275,True,3.831396307248728,4.680494780676331,-0.4503749292697766,0.49504372358322823,0.0,0.0,True,True,True
north,28.579,5,0.5,4.2206015693948435,0.0,3.9956015693948435,4.445601569394843,-0.275,0.275,True,3.709695772489422,4.66040717150834,-0.49991468033301195,0.5471168981113078,0.0,0.0,True,True,True
north,28.579,6,0.6,4.17010450067883,0.0,3.94510450067883,4.39510450067883,-0.275,0.275,True,3.5824435852545036,4.645871214815962,-0.5550060838718601,0.6047417251150004,0.0,0.0,True,True,True
north,28.579,7,0.7,4.124071836456634,0.0,3.8990718364566344,4.349071836456634,-0.275,0.275,True,3.4496397455439722,4.6368869105991966,-0.615649139886321,0.6679182045943054,0.0,0.0,True,True,True
north,28.579,8,0.8,4.082525907216777,0.0,3.8575259072167767,4.307525907216776,-0.275,0.275,True,3.311284253357828,4.633454258858044,-0.6818438483763948,0.7366463365492234,0.0,0.0,True,True,True
north,28.579,9,0.9,4.045773711350601,0.0,3.820773711350601,4.270773711350601,-0.275,0.275,True,3.167377108696071,4.635573259592504,-0.7535902093420812,0.810926120979754,0.0,0.0,True,True,True
north,28.645,1,0.1,4.417508517958888,0.0,4.192508517958888,4.642508517958888,-0.275,0.275,True,4.120893658561019,4.730430174779412,-0.3258462288773095,0.3813534769091036,0.0,0.0,True,True,True
north,28.645,2,0.2,4.354423971972282,0.0,4.129423971972282,4.579423971972282,-0.275,0.275,True,4.017060294892334,4.694899821848365,-0.3551886617887197,0.42031405473533207,0.0,0.0,True,True,True
north,28.645,3,0.3,4.2948157819498975,0.0,4.069815781949898,4.519815781949897,-0.275,0.275,True,3.9076752787480364,4.664921121392932,-0.3900827471757426,0.4648262850371733,0.0,0.0,True,True,True
north,28.645,4,0.4,4.23883478679372,0.0,4.01383478679372,4.463834786793719,-0.275,0.275,True,3.792738610128125,4.64049407341311,-0.4305284850383784,0.5148901678146274,0.0,0.0,True,True,True
north,28.645,5,0.5,4.186746746328436,0.0,3.9617467463284357,4.411746746328435,-0.275,0.275,True,3.6722502890326014,4.621618677908902,-0.4765258753766268,0.5705057030676941,0.0,0.0,True,True,True
north,28.645,6,0.6,4.139150921462134,0.0,3.914150921462134,4.364150921462134,-0.275,0.275,True,3.5462103154614653,4.608294934880306,-0.528074918190488,0.6316728907963738,0.0,0.0,True,True,True
north,28.645,7,0.7,4.096093727384401,0.0,3.8710937273844013,4.321093727384401,-0.275,0.275,True,3.4146186894147155,4.600522844327323,-0.585175613479962,0.6983917310006661,0.0,0.0,True,True,True
north,28.645,8,0.8,4.057769820653999,0.0,3.8327698206539993,4.282769820653999,-0.275,0.275,True,3.277475410892354,4.598302406249953,-0.6478279612450488,0.7706622236805711,0.0,0.0,True,True,True
north,28.645,9,0.9,4.0243928386188905,0.0,3.7993928386188904,4.24939283861889,-0.275,0.275,True,3.134780479894379,4.6016336206481965,-0.7160319614857482,0.848484368836089,0.0,0.0,True,True,True
north,28.711,1,0.1,4.375453977091822,0.0,4.150453977091822,4.600453977091822,-0.275,0.275,True,4.075005932278953,4.6791341232986285,-0.33601019900302675,0.3711895067833867,0.0,0.0,True,True,True
north,28.711,2,0.2,4.314546939151334,0.0,4.089546939151334,4.539546939151333,-0.275,0.275,True,3.973058258299876,4.645489460057189,-0.368922096814347,0.4065806197097053,0.0,0.0,True,True,True
north,28.711,3,0.3,4.257293567361557,0.0,4.032293567361557,4.482293567361556,-0.275,0.275,True,3.865558931845185,4.6173964492913635,-0.40738564710128,0.4475233851116367,0.0,0.0,True,True,True
north,28.711,4,0.4,4.204093690799432,0.0,3.979093690799432,4.429093690799432,-0.275,0.275,True,3.752507952914882,4.5948550910011505,-0.4514008498638259,0.49401780298918097,0.0,0.0,True,True,True
north,28.711,5,0.5,4.154959773412959,0.0,3.929959773412959,4.379959773412959,-0.275,0.275,True,3.6339053215089656,4.577865385186549,-0.5009677051019844,0.5460638733423379,0.0,0.0,True,True,True
north,28.711,6,0.6,4.110159295383755,0.0,3.885159295383755,4.335159295383755,-0.275,0.275,True,3.5097510376274377,4.566427331847563,-0.5560862128157558,0.6036615961711076,0.0,0.0,True,True,True
north,28.711,7,0.7,4.070162727723728,0.0,3.845162727723728,4.295162727723728,-0.275,0.275,True,3.380045101270296,4.560540930984187,-0.6167563730051399,0.6668109714754901,0.0,0.0,True,True,True
north,28.711,8,0.8,4.0351740669147595,0.0,3.8101740669147595,4.260174066914759,-0.275,0.275,True,3.244787512437542,4.560206182596425,-0.6829781856701367,0.7355119992554853,0.0,0.0,True,True,True
north,28.711,9,0.9,4.005279158750359,0.0,3.7802791587503592,4.230279158750359,-0.275,0.275,True,3.1039782711291743,4.565423086684276,-0.7547516508107464,0.8097646795110933,0.0,0.0,True,True,True
north,28.777,1,0.1,4.335008142573024,0.0,4.110008142573024,4.5600081425730234,-0.275,0.275,True,4.035666183430002,4.644276712335217,-0.3409859112292739,0.3662137945571392,0.0,0.0,True,True,True
north,28.777,2,0.2,4.276308342837796,0.0,4.051308342837796,4.501308342837795,-0.275,0.275,True,3.9338971019804982,4.610810641623351,-0.3772785969017517,0.3982241196223001,0.0,0.0,True,True,True
north,28.777,3,0.3,4.221661212416105,0.0,3.996661212416105,4.446661212416105,-0.275,0.275,True,3.8265763680553815,4.582896223387099,-0.4191229350498422,0.4357860971630737,0.0,0.0,True,True,True
north,28.777,4,0.4,4.171094775582569,0.0,3.946094775582569,4.396094775582569,-0.275,0.275,True,3.7137039816546515,4.560533457626458,-0.4665189256735456,0.47889972717946017,0.0,0.0,True,True,True
north,28.777,5,0.5,4.124957141988483,0.0,3.8999571419884833,4.349957141988483,-0.275,0.275,True,3.5952799427783093,4.543722344341432,-0.5194665687728616,0.5275650096714594,0.0,0.0,True,True,True
north,28.777,6,0.6,4.083293329014125,0.0,3.8582933290141246,4.308293329014124,-0.275,0.275,True,3.471304251426355,4.532462883532018,-0.5779658643477905,0.5817819446390713,0.0,0.0,True,True,True
north,28.777,7,0.7,4.046464098059911,0.0,3.8214640980599106,4.27146409805991,-0.275,0.275,True,3.3417769075987867,4.526755075198216,-0.6420168123983321,0.6415505320822961,0.0,0.0,True,True,True
north,28.777,8,0.8,4.0148178182913,0.0,3.7898178182913003,4.2398178182913,-0.275,0.275,True,3.206697911295606,4.526598919340027,-0.7116194129244865,0.7068707720011335,0.0,0.0,True,True,True
north,28.777,9,0.9,3.9885417799406446,0.0,3.7635417799406445,4.213541779940645,-0.275,0.275,True,3.066067262516813,4.531994415957452,-0.7867736659262535,0.7777426643955837,0.0,0.0,True,True,True
north,28.843,1,0.1,4.2959896518206335,0.0,4.070989651820634,4.520989651820633,-0.275,0.275,True,4.005127534425355,4.676801375235533,-0.3453956811786819,0.361804024607731,0.0,0.0,True,True,True
north,28.843,2,0.2,4.239899252174981,0.0,4.014899252174981,4.46489925217498,-0.275,0.275,True,3.918849452717508,4.658826304265324,-0.38431969320343645,0.3911830233206149,0.0,0.0,True,True,True
north,28.843,3,0.3,4.187750658504719,0.0,3.9627506585047185,4.412750658504718,-0.275,0.275,True,3.827019718534049,4.646402885770729,-0.4287953577038038,0.4261136745091115,0.0,0.0,True,True,True
north,28.843,4,0.4,4.140060189149707,0.0,3.9150601891497065,4.365060189149706,-0.275,0.275,True,3.7296383318749764,4.639531119751746,-0.4788226746797839,0.46659597817322096,0.0,0.0,True,True,True
north,28.843,5,0.5,4.096923414645108,0.0,3.871923414645108,4.3219234146451075,-0.275,0.275,True,3.6267052927402914,4.638211006208376,-0.5344016441313767,0.5126299343129431,0.0,0.0,True,True,True
north,28.843,6,0.6,4.058482528137094,0.0,3.8334825281370937,4.283482528137093,-0.275,0.275,True,3.5182206011299932,4.642442545140619,-0.5955322660585824,0.564215542928278,0.0,0.0,True,True,True
north,28.843,7,0.7,4.024993594436862,0.0,3.7999935944368617,4.249993594436861,-0.275,0.275,True,3.404184257044083,4.652225736548474,-0.6622145404614007,0.6213528040192257,0.0,0.0,True,True,True
north,28.843,8,0.8,3.996820046328286,0.0,3.771820046328286,4.221820046328286,-0.275,0.275,True,3.2845962604825596,4.667560580431942,-0.7344484673398319,0.6840417175857862,0.0,0.0,True,True,True
north,28.843,9,0.9,3.9741512647475457,0.0,3.7491512647475456,4.199151264747545,-0.275,0.275,True,3.1594566114454232,4.688447076791023,-0.8122340466938758,0.7522822836279595,0.0,0.0,True,True,True
north,28.909,1,0.1,4.258425972117,0.0,4.0334259721170005,4.483425972117,-0.275,0.275,True,3.986820582929334,4.682962909349331,-0.3463423350936607,0.3608573706927524,0.0,0.0,True,True,True
north,28.909,2,0.2,4.205132319654598,0.0,3.9801323196545977,4.430132319654597,-0.275,0.275,True,3.9167918542716627,4.681237191429298,-0.3835205101704525,0.39198220635359926,0.0,0.0,True,True,True
north,28.909,3,0.3,4.155884047487548,0.0,3.9308840474875475,4.380884047487547,-0.275,0.275,True,3.84121147313838,4.68506312598488,-0.4262503377228571,0.42865869449005883,0.0,0.0,True,True,True
north,28.909,4,0.4,4.111013057486017,0.0,3.8860130574860166,4.336013057486016,-0.275,0.275,True,3.760079439529483,4.694440713016072,-0.47453181775087444,0.4708868351021313,0.0,0.0,True,True,True
north,28.909,5,0.5,4.070934394780564,0.0,3.845934394780564,4.295934394780564,-0.275,0.275,True,3.673395753444974,4.709369952522879,-0.5283649502545046,0.5186666281898163,0.0,0.0,True,True,True
north,28.909,6,0.6,4.035832473803328,0.0,3.810832473803328,4.260832473803328,-0.275,0.275,True,3.5811604148848524,4.729850844505298,-0.5877497352337475,0.5719980737531143,0.0,0.0,True,True,True
north,28.909,7,0.7,4.005814663770971,0.0,3.7808146637709705,4.23081466377097,-0.275,0.275,True,3.4833734238491174,4.75588338896333,-0.6526861726886031,0.6308811717920251,0.0,0.0,True,True,True
north,28.909,8,0.8,3.9812169151265158,0.0,3.7562169151265157,4.206216915126515,-0.275,0.275,True,3.3800347803377706,4.787467585896974,-0.7231742626190715,0.6953159223065485,0.0,0.0,True,True,True
north,28.909,9,0.9,3.962239734494496,0.0,3.737239734494496,4.187239734494496,-0.275,0.275,True,3.2711444843508106,4.824603435306232,-0.7992140050251526,0.7653023252966846,0.0,0.0,True,True,True
north,28.975,1,0.1,4.222720855437367,0.0,3.997720855437367,4.447720855437367,-0.275,0.275,True,3.9576940673223153,4.676457375685,-0.3426868310469615,0.3645128747394516,0.0,0.0,True,True,True
north,28.975,2,0.2,4.172085050486305,0.0,3.947085050486305,4.397085050486305,-0.275,0.275,True,3.892931940170141,4.679998259270463,-0.37831946050192455,0.39718325602212723,0.0,0.0,True,True,True
north,28.975,3,0.3,4.125842952533943,0.0,3.9008429525339428,4.3508429525339425,-0.275,0.275,True,3.8226181605423553,4.689090795331542,-0.4195037424325003,0.4354052897804156,0.0,0.0,True,True,True
north,28.975,4,0.4,4.084060750811474,0.0,3.8590607508114743,4.309060750811474,-0.275,0.275,True,3.746752728438956,4.703734983868232,-0.46623967683868894,0.4791789760143168,0.0,0.0,True,True,True
north,28.975,5,0.5,4.04715448476922,0.0,3.82215448476922,4.27215448476922,-0.275,0.275,True,3.665335643859944,4.723930824880536,-0.5185272637204903,0.5285043147238306,0.0,0.0,True,True,True
north,28.975,6,0.6,4.0154099912424845,0.0,3.7904099912424845,4.240409991242484,-0.275,0.275,True,3.5783669068053197,4.749678318368452,-0.5763665030779044,0.5833813059089574,0.0,0.0,True,True,True
north,28.975,7,0.7,3.9890162366876347,0.0,3.7640162366876346,4.214016236687635,-0.275,0.275,True,3.4858465172750814,4.78097746433198,-0.6397573949109313,0.6438099495696968,0.0,0.0,True,True,True
north,28.975,8,0.8,3.968024146099901,0.0,3.7430241460999008,4.1930241460999005,-0.275,0.275,True,3.387774475269232,4.817828262771122,-0.7086999392195709,0.7097902457060491,0.0,0.0,True,True,True
north,28.975,9,0.9,3.952798152177512,0.0,3.727798152177512,4.177798152177512,-0.275,0.275,True,3.284150780787769,4.860230713685877,-0.7831941360038233,0.781322194318014,0.0,0.0,True,True,True
north,29.041,1,0.1,4.188754570681002,0.0,3.9637545706810022,4.413754570681002,-0.275,0.275,True,3.914807261505611,4.6763989369863515,-0.33949940418071317,0.3677003016056997,0.0,0.0,True,True,True
north,29.041,2,0.2,4.1409694568372775,0.0,3.9159694568372774,4.365969456837277,-0.275,0.275,True,3.8477863371876633,4.677681023406042,-0.373079943981723,0.40242277254232833,0.0,0.0,True,True,True
north,29.041,3,0.3,4.097753101905815,0.0,3.8727531019058152,4.322753101905815,-0.275,0.275,True,3.7752137603941023,4.684514762301345,-0.4122121362583455,0.44269689595456974,0.0,0.0,True,True,True
north,29.041,4,0.4,4.05919523562019,0.0,3.83419523562019,4.28419523562019,-0.275,0.275,True,3.6970895311249277,4.69690015367226,-0.45689598101058093,0.48852267184242393,0.0,0.0,True,True,True
north,29.041,5,0.5,4.025594350254832,0.0,3.800594350254832,4.250594350254832,-0.275,0.275,True,3.6134136493801408,4.714837197518788,-0.507131478238429,0.5399001002058909,0.0,0.0,True,True,True
north,29.041,6,0.6,3.9973243450902145,0.0,3.7723243450902144,4.222324345090215,-0.275,0.275,True,3.524186115159742,4.73832589384093,-0.5629186279418898,0.5968291810449706,0.0,0.0,True,True,True
north,29.041,7,0.7,3.974556400410212,0.0,3.7495564004102118,4.199556400410212,-0.275,0.275,True,3.4294069284637296,4.767366242638683,-0.6242574301209634,0.659309914359663,0.0,0.0,True,True,True
north,29.041,8,0.8,3.957353818481576,0.0,3.732353818481576,4.182353818481576,-0.275,0.275,True,3.329076089292105,4.80195824391205,-0.6911478847756498,0.7273423001499684,0.0,0.0,True,True,True
north,29.041,9,0.9,3.9502693616662197,0.0,3.7252693616662196,4.17526936166622,-0.275,0.275,True,3.2231935976448667,4.8421018976610295,-0.763589991905949,0.8009263384158862,0.0,0.0,True,True,True
north,29.107,1,0.1,4.156808321562135,0.0,3.931808321562135,4.381808321562135,-0.275,0.275,True,3.8809260618037578,4.671259136277452,-0.3451834754738719,0.3620162303125412,0.0,0.0,True,True,True
north,29.107,2,0.2,4.111866819588276,0.0,3.8868668195882763,4.336866819588276,-0.275,0.275,True,3.8151867505750805,4.673822835786412,-0.3798004072023012,0.3957023093217506,0.0,0.0,True,True,True
north,29.107,3,0.3,4.071706061837401,0.0,3.8467060618374007,4.2967060618374004,-0.275,0.275,True,3.7438957868707905,4.681938187770987,-0.41996899140634325,0.43494004080657267,0.0,0.0,True,True,True
north,29.107,4,0.4,4.036490880691898,0.0,3.8114908806918977,4.261490880691897,-0.275,0.275,True,3.6670531706908873,4.695605192231173,-0.46568922808599816,0.4797294247670076,0.0,0.0,True,True,True
north,29.107,5,0.5,4.006350168791582,0.0,3.781350168791582,4.2313501687915815,-0.275,0.275,True,3.584658902035372,4.714823849166973,-0.5169611172412657,0.5300704612030552,0.0,0.0,True,True,True
north,29.107,6,0.6,3.9816543519167547,0.0,3.7566543519167546,4.206654351916755,-0.275,0.275,True,3.4967129809042437,4.739594158578385,-0.5737846588721461,0.5859631501147157,0.0,0.0,True,True,True
north,29.107,7,0.7,3.9625668656294524,0.0,3.7375668656294523,4.187566865629452,-0.275,0.275,True,3.4032154072975023,4.76991612046541,-0.6361598529786393,0.6474074915019888,0.0,0.0,True,True,True
north,29.107,8,0.8,3.9501080432277504,0.0,3.7251080432277504,4.17510804322775,-0.275,0.275,True,3.3041661812151486,4.805789734828048,-0.7040866995607452,0.7144034853648747,0.0,0.0,True,True,True
north,29.107,9,0.9,3.9520254295518273,0.0,3.7270254295518273,4.177025429551827,-0.275,0.275,True,3.1995653026571818,4.847215001666299,-0.7775651986184638,0.7869511317033734,0.0,0.0,True,True,True
north,29.173,1,0.1,4.126728763079404,0.0,3.901728763079404,4.351728763079404,-0.275,0.275,True,3.858853829663121,4.682651178577165,-0.34395916406928034,0.36324054171713344,0.0,0.0,True,True,True
north,29.173,2,0.2,4.084828172608823,0.0,3.859828172608823,4.309828172608823,-0.275,0.275,True,3.7984946544197955,4.690595014071478,-0.379455258051759,0.3960474584722941,0.0,0.0,True,True,True
north,29.173,3,0.3,4.047844871478532,0.0,3.8228448714785315,4.272844871478531,-0.275,0.275,True,3.7325838267008575,4.704090502041406,-0.42050300450985034,0.4344060277030676,0.0,0.0,True,True,True
north,29.173,4,0.4,4.0160021641936705,0.0,3.7910021641936704,4.24100216419367,-0.275,0.275,True,3.6611213465063064,4.723137642486945,-0.4671024034435545,0.4783162494094539,0.0,0.0,True,True,True
north,29.173,5,0.5,3.9894906934346257,0.0,3.7644906934346256,4.214490693434626,-0.275,0.275,True,3.584107213836142,4.747736435408096,-0.5192534548528714,0.5277781235914528,0.0,0.0,True,True,True
north,29.173,6,0.6,3.968390721911624,0.0,3.743390721911624,4.193390721911624,-0.275,0.275,True,3.501541428690366,4.777886880804862,-0.576956158737801,0.5827916502490645,0.0,0.0,True,True,True
north,29.173,7,0.7,3.9530587259974883,0.0,3.728058725997488,4.178058725997488,-0.275,0.275,True,3.4134239910689765,4.813588978677239,-0.6402105150983435,0.6433568293822891,0.0,0.0,True,True,True
north,29.173,8,0.8,3.9509268503143344,0.0,3.7259268503143343,4.175926850314334,-0.275,0.275,True,3.3197549009719745,4.854842729025229,-0.7090165239344987,0.7094736609911264,0.0,0.0,True,True,True
north,29.173,9,0.9,3.9553609665996228,0.0,3.7303609665996227,4.180360966599623,-0.275,0.275,True,3.2205341583993596,4.901648131848833,-0.7833741852462667,0.7811421450755766,0.0,0.0,True,True,True
north,29.239,1,0.1,4.098582789166522,0.0,3.8735827891665218,4.3235827891665215,-0.275,0.275,True,3.829411802817448,4.705046491049648,-0.34654264382133926,0.36065706196507386,0.0,0.0,True,True,True
north,29.239,2,0.2,4.059907943103285,0.0,3.834907943103285,4.284907943103285,-0.275,0.275,True,3.775005053210035,4.718942752179873,-0.382497622998472,0.3930050935255798,0.0,0.0,True,True,True
north,29.239,3,0.3,4.026195106072803,0.0,3.8011951060728033,4.251195106072803,-0.275,0.275,True,3.715046651127009,4.738390665785712,-0.4240042546512175,0.4309047775616984,0.0,0.0,True,True,True
north,29.239,4,0.4,3.9978286438521438,0.0,3.7728286438521437,4.222828643852144,-0.275,0.275,True,3.64953659656837,4.763390231867162,-0.4710625387795758,0.4743561140734299,0.0,0.0,True,True,True
north,29.239,5,0.5,3.9749615360728776,0.0,3.7499615360728775,4.199961536072878,-0.275,0.275,True,3.5784748895341183,4.793941450424226,-0.5236724753835468,0.5233591030607742,0.0,0.0,True,True,True
north,29.239,6,0.6,3.9576327468616124,0.0,3.7326327468616123,4.1826327468616125,-0.275,0.275,True,3.5018615300242546,4.830044321456903,-0.5818340644631307,0.5779137445237311,0.0,0.0,True,True,True
north,29.239,7,0.7,3.950242749676267,0.0,3.725242749676267,4.175242749676267,-0.275,0.275,True,3.4196965180387773,4.8716988449651915,-0.6455473060183272,0.6380200384623009,0.0,0.0,True,True,True
north,29.239,8,0.8,3.9534624328109724,0.0,3.7284624328109723,4.1784624328109725,-0.275,0.275,True,3.3319798535776877,4.918905020949094,-0.7148122000491366,0.7036779848764834,0.0,0.0,True,True,True
north,29.239,9,0.9,3.9601622599773676,0.0,3.7351622599773675,4.185162259977368,-0.275,0.275,True,3.2387115366409844,4.971662849408609,-0.7896287465555586,0.7748875837662786,0.0,0.0,True,True,True
north,29.305,1,0.1,4.0724777288942375,0.0,3.8474777288942374,4.297477728894237,-0.275,0.275,True,3.803948498570834,4.691326058943833,-0.3398692967887673,0.3673304089976456,0.0,0.0,True,True,True
north,29.305,2,0.2,4.037149287580466,0.0,3.8121492875804663,4.262149287580466,-0.275,0.275,True,3.7500464555716087,4.705727026682246,-0.37272687898893253,0.4027758375351188,0.0,0.0,True,True,True
north,29.305,3,0.3,4.006885673812194,0.0,3.781885673812194,4.231885673812194,-0.275,0.275,True,3.690592760096772,4.725679646896273,-0.4111361136647105,0.4437729185482048,0.0,0.0,True,True,True
north,29.305,4,0.4,3.9820917887069944,0.0,3.7570917887069943,4.207091788706994,-0.275,0.275,True,3.6255874121463214,4.7511839195859125,-0.45509700081610127,0.4903216520369036,0.0,0.0,True,True,True
north,29.305,5,0.5,3.9628939967644086,0.0,3.7378939967644085,4.187893996764409,-0.275,0.275,True,3.5550304117202582,4.782239844751164,-0.5046095404431047,0.5424220380012151,0.0,0.0,True,True,True
north,29.305,6,0.6,3.950198177401346,0.0,3.725198177401346,4.175198177401346,-0.275,0.275,True,3.4789217588185823,4.818847422392029,-0.5596737325457211,0.6000740764411394,0.0,0.0,True,True,True
north,29.305,7,0.7,3.9519485492574833,0.0,3.726948549257483,4.176948549257483,-0.275,0.275,True,3.397261453441294,4.8610066525085065,-0.6202895771239499,0.6632777673566764,0.0,0.0,True,True,True
north,29.305,8,0.8,3.9575172788455,0.0,3.7325172788455,4.1825172788455,-0.275,0.275,True,3.310049495588393,4.908717535100597,-0.6864570741777919,0.7320331107478263,0.0,0.0,True,True,True
north,29.305,9,0.9,3.966456014068138,0.0,3.741456014068138,4.191456014068138,-0.275,0.275,True,3.2172858852598782,4.961980070168299,-0.7581762237072464,0.8063401066145889,0.0,0.0,True,True,True
north,29.371,1,0.1,4.048535258187841,0.0,3.823535258187841,4.273535258187841,-0.275,0.275,True,3.779759736811797,4.6928589448236115,-0.3474489022271756,0.3597508035592375,0.0,0.0,True,True,True
north,29.371,2,0.2,4.016594337144855,0.0,3.7915943371448546,4.241594337144854,-0.275,0.275,True,3.7245614528684743,4.705963671617926,-0.38273863991464696,0.3927640766094048,0.0,0.0,True,True,True
north,29.371,3,0.3,3.989967330015934,0.0,3.764967330015934,4.214967330015934,-0.275,0.275,True,3.663811516449538,4.724620050887855,-0.423580030077731,0.43132900213518494,0.0,0.0,True,True,True
north,29.371,4,0.4,3.968757297723348,0.0,3.7437572977233478,4.193757297723348,-0.275,0.275,True,3.597509927554989,4.748828082633395,-0.4699730727164279,0.47544558013657784,0.0,0.0,True,True,True
north,29.371,5,0.5,3.9533192998174647,0.0,3.7283192998174646,4.178319299817464,-0.275,0.275,True,3.5256566861848277,4.77858776685455,-0.5219177678307375,0.5251138106135834,0.0,0.0,True,True,True
north,29.371,6,0.6,3.950869720634439,0.0,3.725869720634439,4.175869720634439,-0.275,0.275,True,3.448251792339054,4.813899103551316,-0.5794141154206599,0.5803336935662019,0.0,0.0,True,True,True
north,29.371,7,0.7,3.955236264842875,0.0,3.730236264842875,4.180236264842875,-0.275,0.275,True,3.3652952460176664,4.854762092723695,-0.6424621154861951,0.641105228994433,0.0,0.0,True,True,True
north,29.371,8,0.8,3.963052583149789,0.0,3.738052583149789,4.188052583149789,-0.275,0.275,True,3.276787047220667,4.901176734371687,-0.711061768027343,0.707428416898277,0.0,0.0,True,True,True
north,29.371,9,0.9,3.9742137473589163,0.0,3.749213747358916,4.199213747358916,-0.275,0.275,True,3.1827271959480545,4.953143028495292,-0.7852130730441036,0.7793032572777336,0.0,0.0,True,True,True
north,29.437,1,0.1,4.026825426420429,0.0,3.801825426420429,4.251825426420429,-0.275,0.275,True,3.754040189460613,4.708577874608885,-0.33908727286844614,0.36811243291796697,0.0,0.0,True,True,True
north,29.437,2,0.2,3.9983596067535494,0.0,3.7733596067535493,4.223359606753549,-0.275,0.275,True,3.7012889159243234,4.724129611810233,-0.3720087530828241,0.4034939634412277,0.0,0.0,True,True,True
north,29.437,3,0.3,3.975366671735544,0.0,3.7503666717355437,4.2003666717355435,-0.275,0.275,True,3.6429859899124213,4.745233001487196,-0.41048188577281486,0.44442714644010106,0.0,0.0,True,True,True
north,29.437,4,0.4,3.9579116752416486,0.0,3.7329116752416485,4.182911675241648,-0.275,0.275,True,3.579131411424906,4.77188804363977,-0.4545066709384184,0.49091198191458735,0.0,0.0,True,True,True
north,29.437,5,0.5,3.950216137686315,0.0,3.725216137686315,4.175216137686315,-0.275,0.275,True,3.5097251804617784,4.804094738267958,-0.5040831085796347,0.5429484698646863,0.0,0.0,True,True,True
north,29.437,6,0.6,3.9533597422540008,0.0,3.7283597422540007,4.178359742254001,-0.275,0.275,True,3.434767297023038,4.841853085371758,-0.5592111986964637,0.6005366102903981,0.0,0.0,True,True,True
north,29.437,7,0.7,3.9600005933735645,0.0,3.7350005933735644,4.185000593373564,-0.275,0.275,True,3.3542577611086846,4.885163084951171,-0.6198909412889055,0.6636764031917226,0.0,0.0,True,True,True
north,29.437,8,0.8,3.9700272106229986,0.0,3.7450272106229985,4.195027210622999,-0.275,0.275,True,3.2681965727187183,4.9340247370061965,-0.6861223363569601,0.7323678485686599,0.0,0.0,True,True,True
north,29.437,9,0.9,3.9834699709910573,0.0,3.758469970991057,4.208469970991057,-0.275,0.275,True,3.1765837318531394,4.988438041536836,-0.7579053839006273,0.8066109464212099,0.0,0.0,True,True,True
north,29.503,1,0.1,4.007421178832805,0.0,3.7824211788328053,4.232421178832805,-0.275,0.275,True,3.726515580576863,4.696506699994619,-0.34796641290843844,0.35923329287797445,0.0,0.0,True,True,True
north,29.503,2,0.2,3.9825292254972333,0.0,3.7575292254972332,4.207529225497233,-0.275,0.275,True,3.674126851510546,4.7124209816659395,-0.38361960650303,0.39188311002102133,0.0,0.0,True,True,True
north,29.503,3,0.3,3.9632211278993648,0.0,3.7382211278993647,4.188221127899364,-0.275,0.275,True,3.616186469968616,4.733886915812874,-0.42482445257323437,0.4300845796396809,0.0,0.0,True,True,True
north,29.503,4,0.4,3.950288311574942,0.0,3.725288311574942,4.175288311574942,-0.275,0.275,True,3.5526944359510724,4.76090450243542,-0.4715809511190516,0.4738377017339533,0.0,0.0,True,True,True
north,29.503,5,0.5,3.9518779665694854,0.0,3.7268779665694853,4.176877966569485,-0.275,0.275,True,3.4836507494579165,4.793473741533579,-0.5238891021404815,0.5231424763038384,0.0,0.0,True,True,True
north,29.503,6,0.6,3.95737439202075,0.0,3.7323743920207497,4.1823743920207495,-0.275,0.275,True,3.4090554104891484,4.831594633107351,-0.5817489056375241,0.5779989033493363,0.0,0.0,True,True,True
north,29.503,7,0.7,3.966239241652604,0.0,3.741239241652604,4.191239241652604,-0.275,0.275,True,3.328908419044767,4.8752671771567355,-0.6451603616101794,0.638406982870447,0.0,0.0,True,True,True
north,29.503,8,0.8,3.9784666622706943,0.0,3.7534666622706943,4.203466662270694,-0.275,0.275,True,3.243209775124773,4.924491373681733,-0.7141234700584478,0.7043667148671704,0.0,0.0,True,True,True
north,29.503,9,0.9,3.994288448639283,0.0,3.769288448639283,4.219288448639283,-0.275,0.275,True,3.151959478729166,4.979267222682344,-0.7886382309823287,0.7758780993395066,0.0,0.0,True,True,True
north,29.569,1,0.1,3.990443966597243,0.0,3.765443966597243,4.215443966597243,-0.275,0.275,True,3.708957412450268,4.715042220050423,-0.34965625079855656,0.35754345498785656,0.0,0.0,True,True,True
north,29.569,2,0.2,3.9691238735350707,0.0,3.7441238735350706,4.19412387353507,-0.275,0.275,True,3.6585320169101396,4.732919835247932,-0.38549360713923814,0.39000910938481365,0.0,0.0,True,True,True
north,29.569,3,0.3,3.9535798736374406,0.0,3.7285798736374405,4.178579873637441,-0.275,0.275,True,3.602554968894398,4.756349102921056,-0.4268826159555324,0.4280264162573835,0.0,0.0,True,True,True
north,29.569,4,0.4,3.950821702283261,0.0,3.7258217022832607,4.175821702283261,-0.275,0.275,True,3.541026268403044,4.785330023069791,-0.47382327724743956,0.4715953756055662,0.0,0.0,True,True,True
north,29.569,5,0.5,3.9551115630861267,0.0,3.7301115630861266,4.180111563086126,-0.275,0.275,True,3.4739459154360772,4.81986259569414,-0.5263155910149594,0.5207159874293615,0.0,0.0,True,True,True
north,29.569,6,0.6,3.9628628097809884,0.0,3.7378628097809883,4.187862809780988,-0.275,0.275,True,3.401313909993498,4.8599468207941,-0.584359557258092,0.5753882517287698,0.0,0.0,True,True,True
north,29.569,7,0.7,3.9739564556408644,0.0,3.7489564556408643,4.1989564556408645,-0.275,0.275,True,3.3231302520753054,4.905582698369674,-0.6479551759768374,0.6356121685037908,0.0,0.0,True,True,True
north,29.569,8,0.8,3.9884651724947253,0.0,3.7634651724947252,4.213465172494725,-0.275,0.275,True,3.2393949416815007,4.956770228420861,-0.7171024471711955,0.7013877377544244,0.0,0.0,True,True,True
north,29.569,9,0.9,4.006780214782685,0.0,3.781780214782685,4.231780214782685,-0.275,0.275,True,3.1501079788120823,5.013509410947661,-0.7918013708411663,0.7727149594806709,0.0,0.0,True,True,True
north,29.635,1,0.1,3.97577180739821,0.0,3.75077180739821,4.20077180739821,-0.275,0.275,True,3.68768777846459,4.692822352888939,-0.3529828765482409,0.3542168292381722,0.0,0.0,True,True,True
north,29.635,2,0.2,3.9581906036216843,0.0,3.733190603621684,4.183190603621684,-0.275,0.275,True,3.6347408708939013,4.708178456055888,-0.3912492163670694,0.3842535001569824,0.0,0.0,True,True,True
north,29.635,3,0.3,3.9501895256963624,0.0,3.7251895256963623,4.1751895256963625,-0.275,0.275,True,3.5762423108476,4.729086211698451,-0.43506720866151066,0.41984182355140526,0.0,0.0,True,True,True
north,29.635,4,0.4,3.9532570516970287,0.0,3.7282570516970286,4.178257051697028,-0.275,0.275,True,3.5121920983256847,4.755545619816626,-0.48443685343156473,0.460981799421441,0.0,0.0,True,True,True
north,29.635,5,0.5,3.959838926769762,0.0,3.7348389267697617,4.184838926769761,-0.275,0.275,True,3.4425902333281577,4.787556680410415,-0.5393581506772315,0.5076734277670895,0.0,0.0,True,True,True
north,29.635,6,0.6,3.969796790761436,0.0,3.744796790761436,4.194796790761436,-0.275,0.275,True,3.367436715855018,4.825119393479816,-0.5998311003985112,0.5599167085883506,0.0,0.0,True,True,True
north,29.635,7,0.7,3.9831676916327026,0.0,3.7581676916327025,4.208167691632703,-0.275,0.275,True,3.286731545906265,4.868233759024829,-0.6658557025954035,0.6177116418852246,0.0,0.0,True,True,True
north,29.635,8,0.8,4.00011571874771,0.0,3.7751157187477102,4.22511571874771,-0.275,0.275,True,3.2004747234819,4.916899777045455,-0.7374319572679086,0.6810582276577114,0.0,0.0,True,True,True
north,29.635,9,0.9,4.020923212290525,0.0,3.7959232122905253,4.245923212290525,-0.275,0.275,True,3.1086662485819216,4.971117447541695,-0.8145598644160265,0.7499564659058108,0.0,0.0,True,True,True
north,29.701,1,0.1,3.963548259034321,0.0,3.738548259034321,4.188548259034321,-0.275,0.275,True,3.674296188143155,4.709953012162463,-0.34351229683795687,0.363687408948456,0.0,0.0,True,True,True
north,29.701,2,0.2,3.950378445748538,0.0,3.7253784457485377,4.175378445748538,-0.275,0.275,True,3.6263848358957618,4.730344670652707,-0.3768346729085896,0.39866804361546176,0.0,0.0,True,True,True
north,29.701,3,0.3,3.951807383881487,0.0,3.726807383881487,4.176807383881487,-0.275,0.275,True,3.572921831172756,4.7562879816185655,-0.4157087014548351,0.4392003307580802,0.0,0.0,True,True,True
north,29.701,4,0.4,3.9572315051959994,0.0,3.7322315051959993,4.1822315051959995,-0.275,0.275,True,3.513907173974137,4.787782945060036,-0.4601343824766934,0.48528427037631144,0.0,0.0,True,True,True
north,29.701,5,0.5,3.9660224692370702,0.0,3.74102246923707,4.19102246923707,-0.275,0.275,True,3.4493408642999053,4.82482956097712,-0.5101117159741644,0.5369198624701554,0.0,0.0,True,True,True
north,29.701,6,0.6,3.978197321655579,0.0,3.7531973216555787,4.203197321655579,-0.275,0.275,True,3.3792229021500613,4.867427829369816,-0.5656407019472482,0.5941071070396122,0.0,0.0,True,True,True
north,29.701,7,0.7,3.993940181548389,0.0,3.768940181548389,4.218940181548389,-0.275,0.275,True,3.303553287524604,4.915577750238125,-0.6267213403959447,0.6568460040846816,0.0,0.0,True,True,True
north,29.701,8,0.8,4.013446751939222,0.0,3.788446751939222,4.238446751939222,-0.275,0.275,True,3.2223320204235346,4.969279323582047,-0.6933536313202542,0.725136553605364,0.0,0.0,True,True,True
north,29.701,9,0.9,4.037055507387829,0.0,3.812055507387829,4.262055507387829,-0.275,0.275,True,3.1355591008468515,5.0285325494015805,-0.7655375747201763,0.798978755601659,0.0,0.0,True,True,True
north,29.767,1,0.1,3.953840447457417,0.0,3.728840447457417,4.178840447457417,-0.275,0.275,True,3.6651927831833007,4.692452296240567,-0.3428190464607956,0.36438065932561753,0.0,0.0,True,True,True
north,29.767,2,0.2,3.950773683932083,0.0,3.7257736839320827,4.175773683932083,-0.275,0.275,True,3.6152579943794385,4.710820518174342,-0.3748892314067207,0.4006134851173311,0.0,0.0,True,True,True
north,29.767,3,0.3,3.954992115969226,0.0,3.729992115969226,4.179992115969226,-0.275,0.275,True,3.559771553099963,4.734740392583732,-0.41251106882825855,0.44239796338465737,0.0,0.0,True,True,True
north,29.767,4,0.4,3.9626730364121867,0.0,3.7376730364121866,4.187673036412186,-0.275,0.275,True,3.4987334593448747,4.764211919468733,-0.45568455872540925,0.4897340941275965,0.0,0.0,True,True,True
north,29.767,5,0.5,3.9736991639228125,0.0,3.7486991639228124,4.198699163922813,-0.275,0.275,True,3.4321437131141743,4.799235098829348,-0.5044097010981726,0.5426218773461483,0.0,0.0,True,True,True
north,29.767,6,0.6,3.988125771976215,0.0,3.763125771976215,4.213125771976215,-0.275,0.275,True,3.360002314407861,4.839809930665575,-0.5586864959465488,0.601061313040313,0.0,0.0,True,True,True
north,29.767,7,0.7,4.00638363253289,0.0,3.7813836325328896,4.231383632532889,-0.275,0.275,True,3.2823092632259345,4.885936414977414,-0.6185149432705378,0.6650524012100903,0.0,0.0,True,True,True
north,29.767,8,0.8,4.0285624456909055,0.0,3.8035624456909054,4.253562445690905,-0.275,0.275,True,3.1990645595683955,4.9376145517648675,-0.6838950430701395,0.7345951418554805,0.0,0.0,True,True,True
north,29.767,9,0.9,4.055167530886971,0.0,3.8301675308869707,4.28016753088697,-0.275,0.275,True,3.1102682034352434,4.9948443410279335,-0.7548267953453538,0.8096895349764834,0.0,0.0,True,True,True
north,29.833,1,0.1,3.9501629137064103,0.0,3.72516291370641,4.17516291370641,-0.275,0.275,True,3.6584286173305407,4.687928959245833,-0.3753161968017824,0.33188350898463104,0.0,0.0,True,True,True
north,29.833,2,0.2,3.953154361140057,0.0,3.728154361140057,4.178154361140057,-0.275,0.275,True,3.6118923554350806,4.70969570808801,-0.4177909735099976,0.35771174301405473,0.0,0.0,True,True,True
north,29.833,3,0.3,3.9596772601659587,0.0,3.7346772601659586,4.184677260165959,-0.275,0.275,True,3.559804441064008,4.737014109405803,-0.46581740269382554,0.38909162951909115,0.0,0.0,True,True,True
north,29.833,4,0.4,3.969566370899873,0.0,3.744566370899873,4.194566370899873,-0.275,0.275,True,3.502164874217322,4.769884163199207,-0.5193954843532663,0.42602316849974053,0.0,0.0,True,True,True
north,29.833,5,0.5,3.982865412274347,0.0,3.757865412274347,4.207865412274347,-0.275,0.275,True,3.4389736548950234,4.808305869468224,-0.5785252184883197,0.46850635995600254,0.0,0.0,True,True,True
north,29.833,6,0.6,3.9997277085987446,0.0,3.7747277085987445,4.224727708598745,-0.275,0.275,True,3.3702307830971128,4.852279228212855,-0.643206605098986,0.5165412038878774,0.0,0.0,True,True,True
north,29.833,7,0.7,4.020482068208354,0.0,3.795482068208354,4.245482068208354,-0.275,0.275,True,3.295936258823589,4.901804239433097,-0.7134396441852651,0.5701277002953649,0.0,0.0,True,True,True
north,29.833,8,0.8,4.045551238044514,0.0,3.8205512380445144,4.270551238044514,-0.275,0.275,True,3.2160900820744525,4.956880903128952,-0.7892243357471568,0.6292658491784652,0.0,0.0,True,True,True
north,29.833,9,0.9,4.075167612156702,0.0,3.8501676121567017,4.300167612156701,-0.275,0.275,True,3.1306922528497023,5.017509219300421,-0.8705606797846613,0.6939556505371783,0.0,0.0,True,True,True
north,29.899,1,0.1,3.9517368011934892,0.0,3.726736801193489,4.176736801193489,-0.275,0.275,True,3.645034815590506,4.668738990735782,-0.39383402719377575,0.31336567859263736,0.0,0.0,True,True,True
north,29.899,2,0.2,3.957088618371249,0.0,3.732088618371249,4.182088618371249,-0.275,0.275,True,3.5946296737699295,4.686636859652843,-0.4457532785783861,0.3297494379456657,0.0,0.0,True,True,True
north,29.899,3,0.3,3.965805696821536,0.0,3.740805696821536,4.190805696821536,-0.275,0.275,True,3.5386728794737405,4.710086381045519,-0.5032241824386092,0.35168484977430675,0.0,0.0,True,True,True
north,29.899,4,0.4,3.977927981040463,0.0,3.7529279810404628,4.202927981040463,-0.275,0.275,True,3.4771644327019384,4.739087554913805,-0.5662467387744451,0.37917191407856066,0.0,0.0,True,True,True
north,29.899,5,0.5,3.9935955338819378,0.0,3.7685955338819377,4.218595533881937,-0.275,0.275,True,3.410104333454524,4.773640381257707,-0.6348209475858937,0.41221063085842724,0.0,0.0,True,True,True
north,29.899,6,0.6,4.013012229843324,0.0,3.7880122298433236,4.238012229843323,-0.275,0.275,True,3.3374925817314964,4.81374486007722,-0.7089468088729551,0.45080100011390667,0.0,0.0,True,True,True
north,29.899,7,0.7,4.036527269081434,0.0,3.811527269081434,4.261527269081434,-0.275,0.275,True,3.259329177532856,4.859400991372346,-0.7886243226356293,0.49494302184499883,0.0,0.0,True,True,True
north,29.899,8,0.8,4.064610733888155,0.0,3.8396107338881547,4.289610733888154,-0.275,0.275,True,3.1756141208586035,4.910608775143085,-0.8738534888739162,0.5446366960517037,0.0,0.0,True,True,True
north,29.899,9,0.9,4.097390888051053,0.0,3.872390888051053,4.322390888051053,-0.275,0.275,True,3.0863474117087377,4.967368211389437,-0.9646343075878159,0.5998820227340214,0.0,0.0,True,True,True
north,29.965,1,0.1,3.954877923492173,0.0,3.729877923492173,4.179877923492173,-0.275,0.275,True,3.6535014414286997,4.679007096908862,-0.34918970931030396,0.3580099964761089,0.0,0.0,True,True,True
north,29.965,2,0.2,3.962483263043386,0.0,3.737483263043386,4.187483263043386,-0.275,0.275,True,3.609196012400035,4.7030046786178366,-0.385626775407815,0.38987594111623636,0.0,0.0,True,True,True
north,29.965,3,0.3,3.9734418722047606,0.0,3.7484418722047605,4.198441872204761,-0.275,0.275,True,3.5593389308957586,4.732553912802423,-0.42761549398093873,0.4272935382319765,0.0,0.0,True,True,True
north,29.965,4,0.4,3.987799590466742,0.0,3.762799590466742,4.212799590466742,-0.275,0.275,True,3.5039301969158685,4.767654799462623,-0.47515586502967533,0.47026278782332953,0.0,0.0,True,True,True
north,29.965,5,0.5,4.005987050283094,0.0,3.7809870502830942,4.230987050283094,-0.275,0.275,True,3.442969810460366,4.808307338598436,-0.5282478885540246,0.5187836898902952,0.0,0.0,True,True,True
north,29.965,6,0.6,4.028077630691677,0.0,3.803077630691677,4.253077630691677,-0.275,0.275,True,3.3764577715292505,4.8545115302098605,-0.5868915645539867,0.5728562444328738,0.0,0.0,True,True,True
north,29.965,7,0.7,4.05458129850423,0.0,3.82958129850423,4.27958129850423,-0.275,0.275,True,3.3043940801225227,4.906267374296899,-0.6510868930295615,0.6324804514510649,0.0,0.0,True,True,True
north,29.965,8,0.8,4.0855291149696,0.0,3.8605291149696,4.3105291149696,-0.275,0.275,True,3.226778736240182,4.963574870859549,-0.7208338739807492,0.697656310944869,0.0,0.0,True,True,True
north,29.965,9,0.9,4.121803827668031,0.0,3.896803827668031,4.3468038276680305,-0.275,0.275,True,3.1436117398822283,5.026434019897812,-0.7961325074075495,0.7683838229142858,0.0,0.0,True,True,True
north,30.031,1,0.1,3.9595155935621555,0.0,3.7345155935621555,4.184515593562155,-0.275,0.275,True,3.668990695984727,4.685754345918291,-0.3396368327279021,0.367562873058511,0.0,0.0,True,True,True
north,30.031,2,0.2,3.9693359510383104,0.0,3.7443359510383103,4.19433595103831,-0.275,0.275,True,3.6326198762017174,4.717686536872919,-0.36220183697173963,0.41330087955231215,0.0,0.0,True,True,True
north,30.031,3,0.3,3.9825631329159923,0.0,3.757563132915992,4.207563132915992,-0.275,0.275,True,3.5906974039430946,4.755170380303161,-0.3903184936911899,0.464590538521726,0.0,0.0,True,True,True
north,30.031,4,0.4,3.9993396984497784,0.0,3.7743396984497783,4.2243396984497785,-0.275,0.275,True,3.543223279208859,4.798205876209015,-0.423986802886253,0.5214318499667527,0.0,0.0,True,True,True
north,30.031,5,0.5,4.020040924126183,0.0,3.7950409241261833,4.245040924126183,-0.275,0.275,True,3.490197501999011,4.8467930245904824,-0.46320676455692883,0.583824813887392,0.0,0.0,True,True,True
north,30.031,6,0.6,4.045018537551362,0.0,3.8200185375513622,4.270018537551362,-0.275,0.275,True,3.4316200723135504,4.900931825447562,-0.5079783787032175,0.6517694302836443,0.0,0.0,True,True,True
north,30.031,7,0.7,4.074519948260762,0.0,3.849519948260762,4.299519948260762,-0.275,0.275,True,3.3674909901524765,4.960622278780255,-0.5583016453251188,0.7252656991555093,0.0,0.0,True,True,True
north,30.031,8,0.8,4.108912778430542,0.0,3.8839127784305423,4.333912778430542,-0.275,0.275,True,3.29781025551579,5.0258643845885596,-0.6141765644226329,0.804313620502987,0.0,0.0,True,True,True
north,30.031,9,0.9,4.148460238416063,0.0,3.923460238416063,4.373460238416063,-0.275,0.275,True,3.2225778684034907,5.096658142872479,-0.6756031359957598,0.8889131943260774,0.0,0.0,True,True,True
north,30.097,1,0.1,3.965588924406002,0.0,3.7405889244060018,4.1905889244060015,-0.275,0.275,True,3.6774399027104576,4.702437587193708,-0.31765704862174055,0.38954265716467257,0.0,0.0,True,True,True
north,30.097,2,0.2,3.9776586404253473,0.0,3.7526586404253472,4.202658640425347,-0.275,0.275,True,3.648869465940453,4.74217016116134,-0.33400558394915775,0.44149713257489404,0.0,0.0,True,True,True
north,30.097,3,0.3,3.993250886215487,0.0,3.768250886215487,4.218250886215487,-0.275,0.275,True,3.6147473766948353,4.787454387604588,-0.3559057717521876,0.4990032604607283,0.0,0.0,True,True,True
north,30.097,4,0.4,4.012577707747425,0.0,3.7875777077474253,4.237577707747425,-0.275,0.275,True,3.575073634973605,4.838290266523446,-0.3833576120308304,0.5620610408221753,0.0,0.0,True,True,True
north,30.097,5,0.5,4.03599903077504,0.0,3.8109990307750397,4.260999030775039,-0.275,0.275,True,3.529848240776762,4.894677797917919,-0.4163611047850858,0.6306704736592351,0.0,0.0,True,True,True
north,30.097,6,0.6,4.064019540180473,0.0,3.8390195401804728,4.2890195401804725,-0.275,0.275,True,3.479071194104306,4.956616981788003,-0.45491625001495406,0.7048315589719077,0.0,0.0,True,True,True
north,30.097,7,0.7,4.096692097946798,0.0,3.871692097946798,4.321692097946798,-0.275,0.275,True,3.4227424949562373,5.024107818133701,-0.4990230477204351,0.784544296760193,0.0,0.0,True,True,True
north,30.097,8,0.8,4.134490733751856,0.0,3.909490733751856,4.359490733751856,-0.275,0.275,True,3.360862143332556,5.097150306955012,-0.5486814979015289,0.8698086870240911,0.0,0.0,True,True,True
north,30.097,9,0.9,4.177228901678358,0.0,3.952228901678358,4.402228901678358,-0.275,0.275,True,3.293430139233262,5.175744448251935,-0.6038916005582353,0.9606247297636019,0.0,0.0,True,True,True
north,30.163,1,0.1,3.973184580486709,0.0,3.748184580486709,4.198184580486709,-0.275,0.275,True,3.682085404313534,4.715901952635657,-0.35754377486304084,0.34965593092337205,0.0,0.0,True,True,True
north,30.163,2,0.2,3.98747340895727,0.0,3.76247340895727,4.21247340895727,-0.275,0.275,True,3.655488304978619,4.75760786403838,-0.3933781514458751,0.3821245650781762,0.0,0.0,True,True,True
north,30.163,3,0.3,4.00559335354514,0.0,3.78059335354514,4.23059335354514,-0.275,0.275,True,3.623339553168091,4.804865427916716,-0.4347641805043221,0.42014485170859317,0.0,0.0,True,True,True
north,30.163,4,0.4,4.027592815692448,0.0,3.802592815692448,4.252592815692448,-0.275,0.275,True,3.58563914888195,4.857674644270665,-0.48170186203838194,0.4637167908146229,0.0,0.0,True,True,True
north,30.163,5,0.5,4.053995066121488,0.0,3.828995066121488,4.278995066121488,-0.275,0.275,True,3.542387092120196,4.916035513100226,-0.5341911960480544,0.5128403823962654,0.0,0.0,True,True,True
north,30.163,6,0.6,4.084881582782149,0.0,3.859881582782149,4.309881582782149,-0.275,0.275,True,3.49358338288283,4.9799480344054,-0.5922321825333398,0.5675156264535207,0.0,0.0,True,True,True
north,30.163,7,0.7,4.121046166176689,0.0,3.896046166176689,4.346046166176689,-0.275,0.275,True,3.4392280211698507,5.049412208186187,-0.6558248214942377,0.6277425229863887,0.0,0.0,True,True,True
north,30.163,8,0.8,4.162211274352827,0.0,3.9372112743528267,4.387211274352826,-0.275,0.275,True,3.379321006981259,5.1244280344425865,-0.7249691129307487,0.6935210719948695,0.0,0.0,True,True,True
north,30.163,9,0.9,4.208513487729188,0.0,3.9835134877291876,4.433513487729187,-0.275,0.275,True,3.313862340317054,5.204995513174599,-0.7996650568428723,0.764851273478963,0.0,0.0,True,True,True
north,30.229,1,0.1,3.9822608535576376,0.0,3.7572608535576375,4.207260853557638,-0.275,0.275,True,3.6847039518761435,4.7127465362715935,-0.3518862048285056,0.35531350095790754,0.0,0.0,True,True,True
north,30.229,2,0.2,3.998958589912437,0.0,3.773958589912437,4.223958589912437,-0.275,0.275,True,3.6572693029877335,4.753614898120822,-0.3883699495632361,0.38713276696081567,0.0,0.0,True,True,True
north,30.229,3,0.3,4.019599780044012,0.0,3.794599780044012,4.244599780044012,-0.275,0.275,True,3.624283001623711,4.800034912445664,-0.43040534677357944,0.4245036854393365,0.0,0.0,True,True,True
north,30.229,4,0.4,4.044485837058209,0.0,3.819485837058209,4.269485837058209,-0.275,0.275,True,3.5857450477840755,4.852006579246117,-0.47799239645953556,0.4674262563934702,0.0,0.0,True,True,True
north,30.229,5,0.5,4.073878515931813,0.0,3.8488785159318133,4.298878515931813,-0.275,0.275,True,3.5416554414688273,4.909529898522186,-0.5311310986211044,0.5159004798232165,0.0,0.0,True,True,True
north,30.229,6,0.6,4.108155902568054,0.0,3.883155902568054,4.333155902568054,-0.275,0.275,True,3.4920141826779667,4.972604870273865,-0.589821453258286,0.5699263557285758,0.0,0.0,True,True,True
north,30.229,7,0.7,4.147640027552256,0.0,3.9226400275522555,4.372640027552255,-0.275,0.275,True,3.436821271411493,5.041231494501157,-0.6540634603710804,0.6295038841095477,0.0,0.0,True,True,True
north,30.229,8,0.8,4.192212339952888,0.0,3.9672123399528876,4.417212339952887,-0.275,0.275,True,3.3760767076694065,5.115409771204063,-0.7238571199594875,0.6946330649661324,0.0,0.0,True,True,True
north,30.229,9,0.9,4.242025470656705,0.0,4.017025470656705,4.467025470656704,-0.275,0.275,True,3.3097804914517073,5.195139700382581,-0.7992024320235074,0.7653138982983299,0.0,0.0,True,True,True
north,30.295,1,0.1,3.9929062385490357,0.0,3.7679062385490356,4.217906238549036,-0.275,0.275,True,3.7008158087912957,4.713285906657258,-0.34982546832248834,0.35737423746392477,0.0,0.0,True,True,True
north,30.295,2,0.2,4.012143185651527,0.0,3.787143185651527,4.237143185651527,-0.275,0.275,True,3.6738152054293294,4.7545883140329295,-0.38780920398209984,0.38769351254195195,0.0,0.0,True,True,True
north,30.295,3,0.3,4.035470792468645,0.0,3.8104707924686445,4.260470792468644,-0.275,0.275,True,3.641262949591751,4.801442373884215,-0.43134459211732407,0.42356444009559185,0.0,0.0,True,True,True
north,30.295,4,0.4,4.063428346472789,0.0,3.838428346472789,4.288428346472789,-0.275,0.275,True,3.603159041278559,4.853848086211112,-0.48043163272816114,0.4649870201248446,0.0,0.0,True,True,True
north,30.295,5,0.5,4.095993307842543,0.0,3.8709933078425425,4.320993307842542,-0.275,0.275,True,3.5595034804897545,4.911805451013624,-0.5350703258146109,0.51196125262971,0.0,0.0,True,True,True
north,30.295,6,0.6,4.1336697936944615,0.0,3.9086697936944614,4.358669793694461,-0.275,0.275,True,3.5102962672253377,4.975314468291748,-0.5952606713766735,0.5644871376101883,0.0,0.0,True,True,True
north,30.295,7,0.7,4.176291555354317,0.0,3.951291555354317,4.401291555354317,-0.275,0.275,True,3.4555374014853077,5.044375138045484,-0.6610026694143488,0.6225646750662793,0.0,0.0,True,True,True
north,30.295,8,0.8,4.224404534040904,0.0,3.9994045340409037,4.449404534040903,-0.275,0.275,True,3.395226883269665,5.118987460274833,-0.7322963199276369,0.6861938649979831,0.0,0.0,True,True,True
north,30.295,9,0.9,4.277680629505823,0.0,4.052680629505823,4.502680629505822,-0.275,0.275,True,3.3293647125784096,5.199151434979795,-0.8091416229165377,0.7553747074052996,0.0,0.0,True,True,True
north,30.361,1,0.1,4.005199656807186,0.0,3.7801996568071856,4.230199656807185,-0.275,0.275,True,3.7044343508238957,4.720806239952937,-0.3407091433468451,0.3664905624395678,0.0,0.0,True,True,True
north,30.361,2,0.2,4.02710800069322,0.0,3.8021080006932197,4.2521080006932195,-0.275,0.275,True,3.677723953472487,4.762398853339167,-0.3697548145138477,0.40574790201020366,0.0,0.0,True,True,True
north,30.361,3,0.3,4.053408833738747,0.0,3.8284088337387465,4.278408833738746,-0.275,0.275,True,3.6454619036454656,4.809543119201009,-0.4043521381564629,0.45055689405645233,0.0,0.0,True,True,True
north,30.361,4,0.4,4.084234050594696,0.0,3.859234050594696,4.3092340505946956,-0.275,0.275,True,3.6076482013428306,4.8622390375384645,-0.4445011142746911,0.5009175385783138,0.0,0.0,True,True,True
north,30.361,5,0.5,4.120288504685346,0.0,3.8952885046853463,4.345288504685346,-0.275,0.275,True,3.5642828465645837,4.920486608351532,-0.49020174286853185,0.5568298355757879,0.0,0.0,True,True,True
north,30.361,6,0.6,4.161330840246377,0.0,3.936330840246377,4.3863308402463765,-0.275,0.275,True,3.5153658393107237,4.9842858316402125,-0.5414540239379855,0.618293785048875,0.0,0.0,True,True,True
north,30.361,7,0.7,4.207517996337298,0.0,3.982517996337298,4.432517996337298,-0.275,0.275,True,3.460897179581251,5.053636707404506,-0.5982579574830518,0.6853093869975746,0.0,0.0,True,True,True
north,30.361,8,0.8,4.258849619708159,0.0,4.0338496197081595,4.483849619708159,-0.275,0.275,True,3.4008768673761653,5.1285392356444115,-0.660613543503731,0.7578766414218872,0.0,0.0,True,True,True
north,30.361,9,0.9,4.31543188250482,0.0,4.09043188250482,4.540431882504819,-0.275,0.275,True,3.3353049026954666,5.20899341635993,-0.7285207820000228,0.8359955483218124,0.0,0.0,True,True,True
north,30.427,1,0.1,4.019158635961841,0.0,3.7941586359618413,4.244158635961841,-0.275,0.275,True,3.724178865004915,4.748637643504719,-0.34452748654513227,0.36267221924128085,0.0,0.0,True,True,True
north,30.427,2,0.2,4.043953136565057,0.0,3.818953136565057,4.268953136565057,-0.275,0.275,True,3.7044522379316853,4.797214027169128,-0.3770896484519286,0.3984130680721232,0.0,0.0,True,True,True
north,30.427,3,0.3,4.073237083602866,0.0,3.8482370836028656,4.298237083602865,-0.275,0.275,True,3.6791739583828424,4.85134206330915,-0.41520346283433773,0.4397055693785782,0.0,0.0,True,True,True
north,30.427,4,0.4,4.107399026705565,0.0,3.882399026705565,4.3323990267055645,-0.275,0.275,True,3.6483440263583873,4.911021751924784,-0.45886892969235965,0.4865497231606461,0.0,0.0,True,True,True
north,30.427,5,0.5,4.146819816688449,0.0,3.921819816688449,4.371819816688449,-0.275,0.275,True,3.611962441858319,4.976253093016031,-0.5080860490259942,0.5389455294183267,0.0,0.0,True,True,True
north,30.427,6,0.6,4.191276560618862,0.0,3.9662765606188617,4.416276560618861,-0.275,0.275,True,3.5700292048826388,5.047036086582891,-0.5628548208352417,0.5968929881516201,0.0,0.0,True,True,True
north,30.427,7,0.7,4.2409797226669665,0.0,4.015979722666967,4.465979722666966,-0.275,0.275,True,3.5225443154313445,5.1233707326253635,-0.6231752451201019,0.6603920993605262,0.0,0.0,True,True,True
north,30.427,8,0.8,4.295670273260552,0.0,4.070670273260553,4.520670273260552,-0.275,0.275,True,3.469507773504438,5.205257031143448,-0.6890473218805748,0.7294428630450451,0.0,0.0,True,True,True
north,30.427,9,0.9,4.355010304300702,0.0,4.130010304300702,4.580010304300702,-0.275,0.275,True,3.410919579101919,5.292694982137148,-0.7604710511166605,0.8040452792051768,0.0,0.0,True,True,True
north,30.493,1,0.1,4.0349425541622495,0.0,3.8099425541622494,4.259942554162249,-0.275,0.275,True,3.744023697083906,4.724693456275025,-0.3463421837298638,0.36085752205655,0.0,0.0,True,True,True
north,30.493,2,0.2,4.0628371527651055,0.0,3.8378371527651054,4.287837152765105,-0.275,0.275,True,3.722390947076998,4.771363717005755,-0.38063417759378715,0.39486853893026597,0.0,0.0,True,True,True
north,30.493,3,0.3,4.095294517738287,0.0,3.870294517738287,4.3202945177382865,-0.275,0.275,True,3.6952065445944773,4.8235856302121,-0.4204778239333232,0.4344312082795947,0.0,0.0,True,True,True
north,30.493,4,0.4,4.132848853637065,0.0,3.907848853637065,4.357848853637065,-0.275,0.275,True,3.6624704896363425,4.8813591958940545,-0.46587312274847215,0.47954553010453627,0.0,0.0,True,True,True
north,30.493,5,0.5,4.175385924420134,0.0,3.9503859244201336,4.400385924420133,-0.275,0.275,True,3.6241827822025963,4.944684414051625,-0.5168200740392337,0.5302115044050906,0.0,0.0,True,True,True
north,30.493,6,0.6,4.223413185542852,0.0,3.998413185542852,4.448413185542852,-0.275,0.275,True,3.5803434222932373,5.013561284684807,-0.5733186778056081,0.5864291311812575,0.0,0.0,True,True,True
north,30.493,7,0.7,4.276574981338519,0.0,4.051574981338519,4.501574981338519,-0.275,0.275,True,3.5309524099082648,5.087989807793601,-0.6353689340475952,0.6481984104330374,0.0,0.0,True,True,True
north,30.493,8,0.8,4.33450172180221,0.0,4.109501721802211,4.55950172180221,-0.275,0.275,True,3.4760097450476803,5.1679699833780095,-0.7029708427651952,0.7155193421604299,0.0,0.0,True,True,True
north,30.493,9,0.9,4.396753253063586,0.0,4.171753253063587,4.621753253063586,-0.275,0.275,True,3.415515427711482,5.25350181143803,-0.7761244039584079,0.7883919263634354,0.0,0.0,True,True,True
north,30.559,1,0.1,4.052822601356006,0.0,3.8278226013560057,4.2778226013560054,-0.275,0.275,True,3.7564884351119763,4.732358447564604,-0.35475209142381897,0.35244761436259414,0.0,0.0,True,True,True
north,30.559,2,0.2,4.083586518407245,0.0,3.8585865184072445,4.308586518407244,-0.275,0.275,True,3.734585805499425,4.77875882868969,-0.39170528500650037,0.3837974315175514,0.0,0.0,True,True,True
north,30.559,3,0.3,4.1195308431940045,0.0,3.8945308431940044,4.344530843194004,-0.275,0.275,True,3.707131523411262,4.830710862290392,-0.43421013106479456,0.42069890114812136,0.0,0.0,True,True,True
north,30.559,4,0.4,4.160450406139925,0.0,3.935450406139925,4.385450406139925,-0.275,0.275,True,3.6741255888474846,4.888214548366704,-0.48226662959870154,0.4631520232543042,0.0,0.0,True,True,True
north,30.559,5,0.5,4.206522504945408,0.0,3.9815225049454077,4.4315225049454074,-0.275,0.275,True,3.635568001808095,4.95126988691863,-0.5358747806082211,0.5111567978360998,0.0,0.0,True,True,True
north,30.559,6,0.6,4.257765487421318,0.0,4.032765487421319,4.482765487421318,-0.275,0.275,True,3.591458762293093,5.019876877946168,-0.5950345840933537,0.5647132248935081,0.0,0.0,True,True,True
north,30.559,7,0.7,4.314280443625495,0.0,4.089280443625495,4.539280443625494,-0.275,0.275,True,3.5417978703024784,5.09403552144932,-0.659746040054099,0.6238213044265292,0.0,0.0,True,True,True
north,30.559,8,0.8,4.375139375972633,0.0,4.150139375972634,4.600139375972633,-0.275,0.275,True,3.4865853258362507,5.173745817428084,-0.730009148490457,0.688481036435163,0.0,0.0,True,True,True
north,30.559,9,0.9,4.440211516570709,0.0,4.215211516570709,4.665211516570708,-0.275,0.275,True,3.42582112889441,5.259007765882461,-0.8058239094024277,0.7586924209194096,0.0,0.0,True,True,True
north,30.625,1,0.1,4.072595651273918,0.0,3.847595651273918,4.297595651273918,-0.275,0.275,True,3.7659446967748784,4.743683345957181,-0.3457490141650697,0.3614506916213432,0.0,0.0,True,True,True
north,30.625,2,0.2,4.1066421508430775,0.0,3.8816421508430774,4.331642150843077,-0.275,0.275,True,3.7431293039565676,4.789170963876509,-0.3803844008306536,0.3951183156933977,0.0,0.0,True,True,True
north,30.625,3,0.3,4.145999605824642,0.0,3.9209996058246417,4.370999605824641,-0.275,0.275,True,3.7147622586626436,4.840210234271448,-0.4205714399718502,0.43433759224106505,0.0,0.0,True,True,True
north,30.625,4,0.4,4.190340781284834,0.0,3.965340781284834,4.415340781284834,-0.275,0.275,True,3.680843560893106,4.896801157142001,-0.4663101315886597,0.47910852126434517,0.0,0.0,True,True,True
north,30.625,5,0.5,4.239933974677229,0.0,4.01493397467723,4.464933974677229,-0.275,0.275,True,3.641373210647957,4.958943732488167,-0.5176004756810819,0.5294311027632379,0.0,0.0,True,True,True
north,30.625,6,0.6,4.294502546827383,0.0,4.069502546827383,4.519502546827383,-0.275,0.275,True,3.5963512079271944,5.0266379603099445,-0.5744424722491168,0.5853053367377437,0.0,0.0,True,True,True
north,30.625,7,0.7,4.3538134430360875,0.0,4.128813443036088,4.578813443036087,-0.275,0.275,True,3.545777552730819,5.099883840607335,-0.6368361212927645,0.6467312231878619,0.0,0.0,True,True,True
north,30.625,8,0.8,4.417524856821119,0.0,4.1925248568211195,4.642524856821119,-0.275,0.275,True,3.489652245058832,5.178681373380339,-0.704781422812025,0.7137087621135931,0.0,0.0,True,True,True
north,30.625,9,0.9,4.485170071762376,0.0,4.260170071762376,4.710170071762375,-0.275,0.275,True,3.4279752849112306,5.263030558628955,-0.7782783768068983,0.786237953514937,0.0,0.0,True,True,True
north,30.691,1,0.1,4.094595727634031,0.0,3.869595727634031,4.319595727634031,-0.275,0.275,True,3.782466174649652,4.718448713667385,-0.34545667281830184,0.3617430329681113,0.0,0.0,True,True,True
north,30.691,2,0.2,4.1320279135796705,0.0,3.9070279135796704,4.35702791357967,-0.275,0.275,True,3.758435108005457,4.762720657760828,-0.3786789763547227,0.3968237401693291,0.0,0.0,True,True,True
north,30.691,3,0.3,4.174509238728913,0.0,3.9495092387289126,4.399509238728912,-0.275,0.275,True,3.7288523888856493,4.812544254329885,-0.41745293236675624,0.4374560998461597,0.0,0.0,True,True,True
north,30.691,4,0.4,4.2224218370448,0.0,3.9974218370448003,4.4474218370448,-0.275,0.275,True,3.6937180172902284,4.867919503374553,-0.4617785408544027,0.4836401119986031,0.0,0.0,True,True,True
north,30.691,5,0.5,4.275469333171217,0.0,4.050469333171217,4.500469333171217,-0.275,0.275,True,3.653031993219196,4.928846404894837,-0.5116558018176618,0.5353757766266591,0.0,0.0,True,True,True
north,30.691,6,0.6,4.333285169849616,0.0,4.108285169849617,4.558285169849616,-0.275,0.275,True,3.6067943166725502,4.995324958890731,-0.5670847152565337,0.5926630937303281,0.0,0.0,True,True,True
north,30.691,7,0.7,4.3954416902001165,0.0,4.170441690200117,4.620441690200116,-0.275,0.275,True,3.555004987650291,5.067355165362239,-0.6280652811710185,0.6555020633096097,0.0,0.0,True,True,True
north,30.691,8,0.8,4.4616008552546775,0.0,4.236600855254678,4.686600855254677,-0.275,0.275,True,3.49766400615242,5.144937024309359,-0.6945974995611158,0.7238926853645041,0.0,0.0,True,True,True
north,30.691,9,0.9,4.531524108171781,0.0,4.306524108171781,4.756524108171781,-0.275,0.275,True,3.4347713721789352,5.228070535732092,-0.7666813704268259,0.7978349598950113,0.0,0.0,True,True,True
north,30.757,1,0.1,4.118771402309325,0.0,3.893771402309325,4.343771402309325,-0.275,0.275,True,3.8068461075550277,4.727161926490882,-0.3351929671834208,0.3720067386029923,0.0,0.0,True,True,True
north,30.757,2,0.2,4.159573246158921,0.0,3.9345732461589207,4.38457324615892,-0.275,0.275,True,3.7832516283259143,4.771870457999406,-0.3642245177296138,0.411278198794438,0.0,0.0,True,True,True
north,30.757,3,0.3,4.205527013553518,0.0,3.9805270135535182,4.430527013553518,-0.275,0.275,True,3.7541054966211873,4.822130641983544,-0.39880772075141946,0.45610131146149646,0.0,0.0,True,True,True
north,30.757,4,0.4,4.256681355134475,0.0,4.0316813551344755,4.481681355134475,-0.275,0.275,True,3.719407712440847,4.877942478443293,-0.43894257624883803,0.5064760766041677,0.0,0.0,True,True,True
north,30.757,5,0.5,4.313129004746171,0.0,4.088129004746171,4.53812900474617,-0.275,0.275,True,3.6791582757848946,4.939305967378656,-0.48462908422186923,0.5624024942224517,0.0,0.0,True,True,True
north,30.757,6,0.6,4.373880424662737,0.0,4.148880424662737,4.598880424662736,-0.275,0.275,True,3.6333571866533303,5.0062211087896324,-0.5358672446705133,0.6238805643163485,0.0,0.0,True,True,True
north,30.757,7,0.7,4.4388678243612025,0.0,4.213867824361203,4.663867824361202,-0.275,0.275,True,3.582004445046152,5.07868790267622,-0.59265705759477,0.6909102868858581,0.0,0.0,True,True,True
north,30.757,8,0.8,4.507361907132065,0.0,4.282361907132065,4.732361907132065,-0.275,0.275,True,3.525100050963361,5.156706349038421,-0.6549985229946396,0.7634916619309804,0.0,0.0,True,True,True
north,30.757,9,0.9,4.578878795651064,0.0,4.353878795651064,4.803878795651063,-0.275,0.275,True,3.4626440044049582,5.240276447876236,-0.7228916408701219,0.8416246894517153,0.0,0.0,True,True,True
north,30.823,1,0.1,4.145179394960834,0.0,3.9201793949608343,4.370179394960834,-0.275,0.275,True,3.8321393199544898,4.7160546892509485,-0.3438462209583606,0.3633534848280523,0.0,0.0,True,True,True
north,30.823,2,0.2,4.189405001950808,0.0,3.964405001950808,4.414405001950808,-0.275,0.275,True,3.8092344055034766,4.761452785537574,-0.37692171712150413,0.3985809994025472,0.0,0.0,True,True,True
north,30.823,3,0.3,4.238888226687491,0.0,4.013888226687492,4.463888226687491,-0.275,0.275,True,3.780777838576852,4.812402534299813,-0.4155488657602604,0.43936016645265485,0.0,0.0,True,True,True
north,30.823,4,0.4,4.293334820394212,0.0,4.068334820394212,4.5183348203942115,-0.275,0.275,True,3.746769619174614,4.868903935537665,-0.45972766687462957,0.4856909859783753,0.0,0.0,True,True,True
north,30.823,5,0.5,4.352612322059992,0.0,4.127612322059992,4.577612322059991,-0.275,0.275,True,3.7072097472967633,4.930956989251129,-0.5094581204646114,0.5375734579797085,0.0,0.0,True,True,True
north,30.823,6,0.6,4.416238419442627,0.0,4.1912384194426275,4.641238419442627,-0.275,0.275,True,3.6620982229432992,4.9985616954402055,-0.564740226530206,0.5950075824566545,0.0,0.0,True,True,True
north,30.823,7,0.7,4.483790382432149,0.0,4.258790382432149,4.708790382432149,-0.275,0.275,True,3.6114350461142233,5.071718054104895,-0.6255739850714133,0.6579933594092131,0.0,0.0,True,True,True
north,30.823,8,0.8,4.554446797125645,0.0,4.329446797125645,4.779446797125645,-0.275,0.275,True,3.5552202168095346,5.150426065245198,-0.6919593960882335,0.7265307888373846,0.0,0.0,True,True,True
north,30.823,9,0.9,4.627481176796651,0.0,4.402481176796651,4.85248117679665,-0.275,0.275,True,3.4934537350292327,5.2346857288611135,-0.7638964595806663,0.8006198707411689,0.0,0.0,True,True,True
north,30.889,1,0.1,4.173632553037692,0.0,3.9486325530376916,4.398632553037691,-0.275,0.275,True,3.8678906092791547,4.731402400994726,-0.3441000679571678,0.3630996378292453,0.0,0.0,True,True,True
north,30.889,2,0.2,4.22143048854675,0.0,3.9964304885467503,4.44643048854675,-0.275,0.275,True,3.852940345776044,4.784755148229253,-0.3780173950007154,0.3974853215233364,0.0,0.0,True,True,True
north,30.889,3,0.3,4.274363685003915,0.0,4.049363685003915,4.499363685003915,-0.275,0.275,True,3.8324384297973206,4.843659547939395,-0.41748637451987575,0.4374226576930402,0.0,0.0,True,True,True
north,30.889,4,0.4,4.332064910122565,0.0,4.107064910122565,4.557064910122564,-0.275,0.275,True,3.806384861342984,4.908115600125147,-0.46250700651464893,0.4829116463383568,0.0,0.0,True,True,True
north,30.889,5,0.5,4.3941301273366475,0.0,4.169130127336648,4.619130127336647,-0.275,0.275,True,3.774779640413036,4.978123304786515,-0.5130792909850348,0.5339522874592861,0.0,0.0,True,True,True
north,30.889,6,0.6,4.460236815353885,0.0,4.235236815353885,4.685236815353885,-0.275,0.275,True,3.7376227670074744,5.053682661923494,-0.5692032279310335,0.5905445810558283,0.0,0.0,True,True,True
north,30.889,7,0.7,4.530124899558302,0.0,4.305124899558303,4.755124899558302,-0.275,0.275,True,3.6949142411263,5.134793671536086,-0.630878817352645,0.6526885271279832,0.0,0.0,True,True,True
north,30.889,8,0.8,4.602460052554687,0.0,4.377460052554687,4.827460052554686,-0.275,0.275,True,3.646654062769513,5.22145633362429,-0.6981060592498691,0.7203841256757508,0.0,0.0,True,True,True
north,30.889,9,0.9,4.677019049356954,0.0,4.452019049356954,4.902019049356953,-0.275,0.275,True,3.5928422319371127,5.313670648188108,-0.770884953622706,0.7936313766991312,0.0,0.0,True,True,True
north,30.955,1,0.1,4.204531522161627,0.0,3.979531522161627,4.429531522161627,-0.275,0.275,True,3.884424355004397,4.720257486152098,-0.33950358930146507,0.3676961164849484,0.0,0.0,True,True,True
north,30.955,2,0.2,4.255597222847633,0.0,4.030597222847633,4.480597222847632,-0.275,0.275,True,3.8664474994971734,4.770583641382513,-0.37334092987910283,0.4021617866449495,0.0,0.0,True,True,True
north,30.955,3,0.3,4.311972305691981,0.0,4.086972305691981,4.536972305691981,-0.275,0.275,True,3.8429189915143365,4.826461449088541,-0.4127299229323534,0.4421791092805633,0.0,0.0,True,True,True
north,30.955,4,0.4,4.372621473352836,0.0,4.147621473352836,4.597621473352835,-0.275,0.275,True,3.8138388310558864,4.8878909092701806,-0.45767056846121684,0.48774808439179,0.0,0.0,True,True,True
north,30.955,5,0.5,4.437524132151695,0.0,4.212524132151695,4.662524132151694,-0.275,0.275,True,3.7792070181218236,4.954872021927433,-0.5081628664656929,0.5388687119786294,0.0,0.0,True,True,True
north,30.955,6,0.6,4.5059284528649775,0.0,4.280928452864978,4.730928452864977,-0.275,0.275,True,3.7390235527121494,5.0274047870603,-0.5642068169457818,0.5955409920410816,0.0,0.0,True,True,True
north,30.955,7,0.7,4.577453672473412,0.0,4.352453672473413,4.802453672473412,-0.275,0.275,True,3.6932884348268615,5.105489204668778,-0.6258024199014834,0.6577649245791465,0.0,0.0,True,True,True
north,30.955,8,0.8,4.651393173017455,0.0,4.4263931730174555,4.876393173017455,-0.275,0.275,True,3.642001664465961,5.189125274752869,-0.6929496753327978,0.7255405095928241,0.0,0.0,True,True,True
north,30.955,9,0.9,4.72715338764935,0.0,4.502153387649351,4.95215338764935,-0.275,0.275,True,3.5851632416294468,5.2783129973125735,-0.7656485832397251,0.7988677470821146,0.0,0.0,True,True,True
north,31.021,1,0.1,4.237842478697754,0.0,4.012842478697754,4.462842478697754,-0.275,0.275,True,3.911722725159915,4.7227356513641645,-0.3394797559128939,0.3677199498735192,0.0,0.0,True,True,True
north,31.021,2,0.2,4.292167093961043,0.0,4.067167093961043,4.517167093961042,-0.275,0.275,True,3.8951605251220127,4.7744764620639,-0.37146002014179447,0.4040426963822573,0.0,0.0,True,True,True
north,31.021,3,0.3,4.351411201083896,0.0,4.126411201083896,4.5764112010838955,-0.275,0.275,True,3.8730466726084978,4.83176892523925,-0.4089919368463078,0.4459170953666081,0.0,0.0,True,True,True
north,31.021,4,0.4,4.4149519820641325,0.0,4.189951982064133,4.639951982064132,-0.275,0.275,True,3.8453811676193697,4.894613040890211,-0.4520755060264339,0.4933431468265718,0.0,0.0,True,True,True
north,31.021,5,0.5,4.482410693101922,0.0,4.257410693101923,4.707410693101922,-0.275,0.275,True,3.8121640101546297,4.963008809016786,-0.5007107276821727,0.5463208507621482,0.0,0.0,True,True,True
north,31.021,6,0.6,4.552982296892341,0.0,4.327982296892341,4.777982296892341,-0.275,0.275,True,3.7733952002142757,5.036956229618973,-0.5548976018135244,0.6048502071733374,0.0,0.0,True,True,True
north,31.021,7,0.7,4.62596714223459,0.0,4.40096714223459,4.850967142234589,-0.275,0.275,True,3.7290747377983093,5.116455302696773,-0.6146361284204888,0.6689312160601394,0.0,0.0,True,True,True
north,31.021,8,0.8,4.700958884785728,0.0,4.475958884785729,4.925958884785728,-0.275,0.275,True,3.6792026229067307,5.2015060282501855,-0.6799263075030659,0.738563877422554,0.0,0.0,True,True,True
north,31.021,9,0.9,4.7778086008102045,0.0,4.552808600810205,5.002808600810204,-0.275,0.275,True,3.623778855539539,5.292108406279212,-0.7507681390612558,0.8137481912605814,0.0,0.0,True,True,True
north,31.087,1,0.1,4.273258036836614,0.0,4.048258036836614,4.498258036836614,-0.275,0.275,True,3.9451687193654164,4.735212709688248,-0.3450213506363651,0.3621783551500478,0.0,0.0,True,True,True
north,31.087,2,0.2,4.330844650395516,0.0,4.105844650395516,4.555844650395516,-0.275,0.275,True,3.931091168786313,4.789438169846783,-0.3795785389241367,0.39592417759991466,0.0,0.0,True,True,True
north,31.087,3,0.3,4.3928185644731785,0.0,4.167818564473179,4.617818564473178,-0.275,0.275,True,3.9114619657315974,4.849215282480931,-0.41968737968752107,0.4352216525253942,0.0,0.0,True,True,True
north,31.087,4,0.4,4.458891199781384,0.0,4.233891199781384,4.6838911997813835,-0.275,0.275,True,3.886281110201268,4.914544047590692,-0.46534787292651825,0.4800707799264866,0.0,0.0,True,True,True
north,31.087,5,0.5,4.528725690944825,0.0,4.303725690944825,4.753725690944824,-0.275,0.275,True,3.8555486021953262,4.985424465176065,-0.5165600186411281,0.5304715598031917,0.0,0.0,True,True,True
north,31.087,6,0.6,4.600986430890739,0.0,4.375986430890739,4.8259864308907385,-0.275,0.275,True,3.8192644417137718,5.061856535237051,-0.5733238168313509,0.5864239921555096,0.0,0.0,True,True,True
north,31.087,7,0.7,4.67550972037197,0.0,4.45050972037197,4.90050972037197,-0.275,0.275,True,3.7774286287566046,5.1438402577736495,-0.6356392674971862,0.6479280769834401,0.0,0.0,True,True,True
north,31.087,8,0.8,4.751440082154386,0.0,4.526440082154386,4.976440082154386,-0.275,0.275,True,3.7300411633238246,5.231375632785861,-0.7035063706386345,0.7149838142869837,0.0,0.0,True,True,True
north,31.087,9,0.9,4.8286228948254895,0.0,4.60362289482549,5.053622894825489,-0.275,0.275,True,3.6771020454154315,5.324462660273685,-0.7769251262556955,0.7875912040661397,0.0,0.0,True,True,True
north,31.153,1,0.1,4.31081034646293,0.0,4.085810346462931,4.53581034646293,-0.275,0.275,True,3.9870147553174737,4.725351135884965,-0.3399016666893267,0.3672980390970864,0.0,0.0,True,True,True
north,31.153,2,0.2,4.37136252204294,0.0,4.14636252204294,4.59636252204294,-0.275,0.275,True,3.9768764688507066,4.783515860155836,-0.3743882146055045,0.4011145019185473,0.0,0.0,True,True,True
north,31.153,3,0.3,4.436174709300231,0.0,4.211174709300232,4.661174709300231,-0.275,0.275,True,3.9611865299083258,4.84723223690232,-0.41442641499729493,0.440482617215621,0.0,0.0,True,True,True
north,31.153,4,0.4,4.504494998597889,0.0,4.279494998597889,4.729494998597889,-0.275,0.275,True,3.939944938490332,4.916500266124415,-0.4600162678646983,0.48540238498830746,0.0,0.0,True,True,True
north,31.153,5,0.5,4.5760285492957635,0.0,4.351028549295764,4.801028549295763,-0.275,0.275,True,3.9131516945967264,4.9913199478221255,-0.5111577732077143,0.5358738052366067,0.0,0.0,True,True,True
north,31.153,6,0.6,4.649924677460704,0.0,4.424924677460704,4.874924677460704,-0.275,0.275,True,3.8808067982275074,5.071691281995447,-0.5678509310263431,0.5918968779605187,0.0,0.0,True,True,True
north,31.153,7,0.7,4.725625001256044,0.0,4.5006250012560445,4.950625001256044,-0.275,0.275,True,3.8429102493826752,5.157614268644381,-0.6300957413205848,0.6534716031600434,0.0,0.0,True,True,True
north,31.153,8,0.8,4.802308935670982,0.0,4.577308935670982,5.027308935670981,-0.275,0.275,True,3.7994620480622316,5.249088907768929,-0.6978922040904391,0.7205979808351809,0.0,0.0,True,True,True
north,31.153,9,0.9,4.8796603247422485,0.0,4.654660324742249,5.104660324742248,-0.275,0.275,True,3.750462194266174,5.346115199369089,-0.7712403193359061,0.7932760109859311,0.0,0.0,True,True,True
north,31.219,1,0.1,4.3502100801078,0.0,4.1252100801078,4.5752100801078,-0.275,0.275,True,4.027106757609461,4.739820145815669,-0.3327926912847843,0.37440701450162883,0.0,0.0,True,True,True
north,31.219,2,0.2,4.41366554468564,0.0,4.18866554468564,4.638665544685639,-0.275,0.275,True,4.020405634876724,4.801422033820568,-0.3636500340619859,0.41185268246206586,0.0,0.0,True,True,True
north,31.219,3,0.3,4.481031003771696,0.0,4.256031003771696,4.706031003771695,-0.275,0.275,True,4.008152859668372,4.868575574301082,-0.4000590293148003,0.4548500028981156,0.0,0.0,True,True,True
north,31.219,4,0.4,4.551517796659035,0.0,4.326517796659036,4.776517796659035,-0.275,0.275,True,3.9903484319844087,4.941280767257207,-0.44201967704322753,0.5033989758097782,0.0,0.0,True,True,True
north,31.219,5,0.5,4.624453107672528,0.0,4.399453107672528,4.849453107672527,-0.275,0.275,True,3.966992351824832,5.019537612688946,-0.4895319772472674,0.5574996011970536,0.0,0.0,True,True,True
north,31.219,6,0.6,4.699447321274108,0.0,4.474447321274108,4.924447321274108,-0.275,0.275,True,3.938084619189643,5.103346110596298,-0.5425959299269202,0.6171518790599416,0.0,0.0,True,True,True
north,31.219,7,0.7,4.776267983666134,0.0,4.5512679836661345,5.001267983666134,-0.275,0.275,True,3.90362523407884,5.192706260979262,-0.6012115350821856,0.6823558093984425,0.0,0.0,True,True,True
north,31.219,8,0.8,4.853452632827305,0.0,4.6284526328273055,5.078452632827305,-0.275,0.275,True,3.863614196492427,5.287618063837839,-0.6653787927130639,0.7531113922125561,0.0,0.0,True,True,True
north,31.219,9,0.9,4.930603608164884,0.0,4.705603608164885,5.155603608164884,-0.275,0.275,True,3.8180515064303986,5.3880815191720295,-0.7350977028195548,0.8294186275022825,0.0,0.0,True,True,True
north,31.285,1,0.1,4.3915070016097095,0.0,4.16650700160971,4.616507001609709,-0.275,0.275,True,4.069048416094668,4.746440754249573,-0.3348834828610263,0.3723162229253866,0.0,0.0,True,True,True
north,31.285,2,0.2,4.4575640085371795,0.0,4.23256400853718,4.682564008537179,-0.275,0.275,True,4.064764287671924,4.810459636564468,-0.36563120439289504,0.4098715121311563,0.0,0.0,True,True,True
north,31.285,3,0.3,4.527316471702585,0.0,4.302316471702586,4.752316471702585,-0.275,0.275,True,4.054928506773567,4.880030171354975,-0.40193057840037644,0.4529784538125388,0.0,0.0,True,True,True
north,31.285,4,0.4,4.599512809226788,0.0,4.374512809226788,4.824512809226787,-0.275,0.275,True,4.039541073399598,4.9551523586210955,-0.4437816048834707,0.5016370479695341,0.0,0.0,True,True,True
north,31.285,5,0.5,4.6739890444703445,0.0,4.448989044470345,4.898989044470344,-0.275,0.275,True,4.018601987550016,5.0358261983628285,-0.4911842838421776,0.5558472946021422,0.0,0.0,True,True,True
north,31.285,6,0.6,4.749896649838539,0.0,4.5248966498385395,4.974896649838539,-0.275,0.275,True,3.992111249224822,5.122051690580174,-0.5441386152764974,0.615609193710363,0.0,0.0,True,True,True
north,31.285,7,0.7,4.827108968005713,0.0,4.602108968005713,5.0521089680057125,-0.275,0.275,True,3.960068858424014,5.213828835273133,-0.6026445991864299,0.6809227452941965,0.0,0.0,True,True,True
north,31.285,8,0.8,4.90462090069025,0.0,4.67962090069025,5.12962090069025,-0.275,0.275,True,3.922474815147594,5.311157632441704,-0.6667022355719752,0.751787949353643,0.0,0.0,True,True,True
north,31.285,9,0.9,4.981472418943838,0.0,4.756472418943838,5.206472418943838,-0.275,0.275,True,3.8793291193955612,5.414038082085888,-0.7363115244331332,0.828204805888702,0.0,0.0,True,True,True
north,31.351,1,0.1,4.434819555806809,0.0,4.209819555806809,4.659819555806808,-0.275,0.275,True,4.111034492222364,4.740582373061627,-0.3450807244074206,0.3621189813789925,0.0,0.0,True,True,True
north,31.351,2,0.2,4.503068434004409,0.0,4.2780684340044095,4.728068434004409,-0.275,0.275,True,4.1084225969554256,4.806273488532325,-0.3811845957781078,0.39431812074594397,0.0,0.0,True,True,True
north,31.351,3,0.3,4.574603426118115,0.0,4.349603426118115,4.799603426118114,-0.275,0.275,True,4.100259049212872,4.877516256478637,-0.42284011962440776,0.43206891258850816,0.0,0.0,True,True,True
north,31.351,4,0.4,4.64845618190395,0.0,4.42345618190395,4.87345618190395,-0.275,0.275,True,4.086543848994708,4.954310676900561,-0.47004729594632055,0.4753713569066852,0.0,0.0,True,True,True
north,31.351,5,0.5,4.724096614862738,0.0,4.499096614862738,4.9490966148627376,-0.275,0.275,True,4.067276996300929,5.036656749798099,-0.522806124743846,0.5242254537004749,0.0,0.0,True,True,True
north,31.351,6,0.6,4.800737519234308,0.0,4.575737519234308,5.0257375192343074,-0.275,0.275,True,4.042458491131539,5.124554475171249,-0.5811166060169843,0.5786312029698775,0.0,0.0,True,True,True
north,31.351,7,0.7,4.878145024825768,0.0,4.653145024825768,5.103145024825768,-0.275,0.275,True,4.012088333486536,5.2180038530200115,-0.6449787397657354,0.6385886047148928,0.0,0.0,True,True,True
north,31.351,8,0.8,4.955481837015415,0.0,4.730481837015415,5.180481837015415,-0.275,0.275,True,3.9761665233659196,5.317004883344387,-0.7143925259900992,0.7040976589355208,0.0,0.0,True,True,True
north,31.351,9,0.9,5.031775939504348,0.0,4.806775939504348,5.256775939504347,-0.275,0.275,True,3.93469306076969,5.421557566144376,-0.7893579646900757,0.7751583656317615,0.0,0.0,True,True,True
north,31.417,1,0.1,4.479651314441468,0.0,4.254651314441468,4.704651314441468,-0.275,0.275,True,4.153890897960947,4.77895557031623,-0.33421505158769105,0.37298465419872207,0.0,0.0,True,True,True
north,31.417,2,0.2,4.550053296425731,0.0,4.3250532964257316,4.775053296425731,-0.275,0.275,True,4.1559500289984195,4.849317712091339,-0.368285899127494,0.4072168173965578,0.0,0.0,True,True,True
north,31.417,3,0.3,4.622939073110467,0.0,4.397939073110467,4.847939073110466,-0.275,0.275,True,4.1524575075602765,4.925231506342062,-0.40790839914290966,0.44700063307000626,0.0,0.0,True,True,True
north,31.417,4,0.4,4.697964450146324,0.0,4.472964450146324,4.922964450146323,-0.275,0.275,True,4.143413333646523,5.006696953068396,-0.4530825516339382,0.49233610121906757,0.0,0.0,True,True,True
north,31.417,5,0.5,4.774727366522064,0.0,4.549727366522064,4.999727366522063,-0.275,0.275,True,4.128817507257155,5.093714052270345,-0.5038083566005793,0.5432232218437416,0.0,0.0,True,True,True
north,31.417,6,0.6,4.8518788871182235,0.0,4.626878887118224,5.076878887118223,-0.275,0.275,True,4.108670028392175,5.186282803947905,-0.5600858140428334,0.5996619949440284,0.0,0.0,True,True,True
north,31.417,7,0.7,4.929079231232016,0.0,4.704079231232017,5.154079231232016,-0.275,0.275,True,4.082970897051582,5.284403208101078,-0.6219149239607001,0.661652420519928,0.0,0.0,True,True,True
north,31.417,8,0.8,5.005850870863633,0.0,4.780850870863634,5.230850870863633,-0.275,0.275,True,4.051720113235377,5.388075264729864,-0.6892956863541797,0.7291944985714403,0.0,0.0,True,True,True
north,31.417,9,0.9,5.081573037829034,0.0,4.856573037829034,5.3065730378290334,-0.275,0.275,True,4.014917676943558,5.497298973834264,-0.7622281012232719,0.8022882290985653,0.0,0.0,True,True,True
north,31.483,1,0.1,4.5258972418315855,0.0,4.300897241831586,4.750897241831585,-0.275,0.275,True,4.210576330400747,4.824241465976235,-0.34108208257153155,0.36611762321488134,0.0,0.0,True,True,True
north,31.483,2,0.2,4.59803918756284,0.0,4.37303918756284,4.82303918756284,-0.275,0.275,True,4.223772621394379,4.905740767707505,-0.37518690029783186,0.4003158162262195,0.0,0.0,True,True,True
north,31.483,3,0.3,4.672457021652079,0.0,4.447457021652079,4.8974570216520785,-0.275,0.275,True,4.231417259912397,4.992791721914387,-0.4148433704997449,0.44006566171317035,0.0,0.0,True,True,True
north,31.483,4,0.4,4.7483532175226895,0.0,4.52335321752269,4.973353217522689,-0.275,0.275,True,4.233510245954802,5.085394328596882,-0.4600514931772708,0.4853671596757341,0.0,0.0,True,True,True
north,31.483,5,0.5,4.825595041185935,0.0,4.600595041185936,5.050595041185935,-0.275,0.275,True,4.230051579521595,5.18354858775499,-0.5108112683304094,0.5362203101139105,0.0,0.0,True,True,True
north,31.483,6,0.6,4.903062044972614,0.0,4.678062044972615,5.128062044972614,-0.275,0.275,True,4.2210412606127745,5.28725449938871,-0.5671226959591608,0.5926251130276997,0.0,0.0,True,True,True
north,31.483,7,0.7,4.979912129622514,0.0,4.7549121296225145,5.204912129622514,-0.275,0.275,True,4.2064792892283425,5.396512063498044,-0.6289857760635248,0.6545815684171016,0.0,0.0,True,True,True
north,31.483,8,0.8,5.055752162988487,0.0,4.830752162988487,5.280752162988486,-0.275,0.275,True,4.186365665368297,5.511321280082989,-0.6964005086435018,0.7220896762821164,0.0,0.0,True,True,True
north,31.483,9,0.9,5.130722729032135,0.0,4.905722729032135,5.355722729032134,-0.275,0.275,True,4.160700389032638,5.631682149143548,-0.7693668936990915,0.7951494366227437,0.0,0.0,True,True,True
north,31.549,1,0.1,4.573178302940466,0.0,4.348178302940466,4.798178302940466,-0.275,0.275,True,4.266510060092372,4.874801079706444,-0.3391460828753252,0.3680536229110879,0.0,0.0,True,True,True
north,31.549,2,0.2,4.646987686347199,0.0,4.421987686347199,4.8719876863471985,-0.275,0.275,True,4.291630299116431,4.968224329468139,-0.37276490430733833,0.40273781221671345,0.0,0.0,True,True,True
north,31.549,3,0.3,4.722568228469432,0.0,4.497568228469432,4.947568228469431,-0.275,0.275,True,4.311198885664874,5.067199231705448,-0.4119353782149642,0.44297365399795174,0.0,0.0,True,True,True
north,31.549,4,0.4,4.799166102797631,0.0,4.574166102797632,5.024166102797631,-0.275,0.275,True,4.325215819737707,5.171725786418369,-0.45665750459820287,0.4887611482548029,0.0,0.0,True,True,True
north,31.549,5,0.5,4.876629724909282,0.0,4.651629724909283,5.101629724909282,-0.275,0.275,True,4.333681101334926,5.281803993606904,-0.5069312834570543,0.5401002949872666,0.0,0.0,True,True,True
north,31.549,6,0.6,4.953942824833192,0.0,4.728942824833192,5.178942824833191,-0.275,0.275,True,4.336594730456532,5.3974338532710515,-0.5627567147915185,0.5969910941953434,0.0,0.0,True,True,True
north,31.549,7,0.7,5.030259278394122,0.0,4.805259278394122,5.255259278394122,-0.275,0.275,True,4.3339567071025265,5.518615365410811,-0.6241337986015955,0.6594335458790327,0.0,0.0,True,True,True
north,31.549,8,0.8,5.1052819257790025,0.0,4.880281925779003,5.330281925779002,-0.275,0.275,True,4.325767031272908,5.645348530026184,-0.6910625348872851,0.7274276500383349,0.0,0.0,True,True,True
north,31.549,9,0.9,5.179074874944344,0.0,4.954074874944344,5.404074874944343,-0.275,0.275,True,4.3120257029676745,5.7776333471171695,-0.7635429236485876,0.8009734066732497,0.0,0.0,True,True,True
north,31.615,1,0.1,4.621425038548403,0.0,4.396425038548403,4.846425038548403,-0.275,0.275,True,4.3167131050735295,4.925423603585562,-0.3339034247832786,0.37329628100313517,0.0,0.0,True,True,True
north,31.615,2,0.2,4.696481579018539,0.0,4.47148157901854,4.921481579018539,-0.275,0.275,True,4.346508474024735,5.0235219832744065,-0.3677812991831184,0.4077214173409347,0.0,0.0,True,True,True
north,31.615,3,0.3,4.773186749377991,0.0,4.548186749377991,4.99818674937799,-0.275,0.275,True,4.370752190500326,5.127172015438863,-0.40721082605857095,0.44769820615434697,0.0,0.0,True,True,True
north,31.615,4,0.4,4.850305141409136,0.0,4.625305141409136,5.075305141409135,-0.275,0.275,True,4.389444254500306,5.236373700078932,-0.45219200540963633,0.4932266474433721,0.0,0.0,True,True,True
north,31.615,5,0.5,4.927567171553352,0.0,4.702567171553352,5.152567171553351,-0.275,0.275,True,4.402584666024674,5.351127037194615,-0.5027248372363144,0.5443067412080098,0.0,0.0,True,True,True
north,31.615,6,0.6,5.004355916755754,0.0,4.779355916755755,5.229355916755754,-0.275,0.275,True,4.4101734250734275,5.471432026785911,-0.5588093215386052,0.6009384874482604,0.0,0.0,True,True,True
north,31.615,7,0.7,5.08007489678627,0.0,4.85507489678627,5.3050748967862695,-0.275,0.275,True,4.412210531646569,5.597288668852819,-0.6204454583165089,0.6631218861641237,0.0,0.0,True,True,True
north,31.615,8,0.8,5.154176456632166,0.0,4.929176456632167,5.379176456632166,-0.275,0.275,True,4.408695985744098,5.72869696339534,-0.6876332475700253,0.7308569373555998,0.0,0.0,True,True,True
north,31.615,9,0.9,5.226559498796735,0.0,5.001559498796736,5.451559498796735,-0.275,0.275,True,4.399629787366012,5.865656910413474,-0.7603726892991545,0.8041436410226888,0.0,0.0,True,True,True
north,31.681,1,0.1,4.670924998833814,0.0,4.4459249988338145,4.895924998833814,-0.275,0.275,True,4.377121179100337,4.982815528880085,-0.32310831851767724,0.3840913872687359,0.0,0.0,True,True,True
north,31.681,2,0.2,4.7468097852068425,0.0,4.521809785206843,4.971809785206842,-0.275,0.275,True,4.413330029043549,5.087327389560934,-0.35105533782930975,0.42444737869474203,0.0,0.0,True,True,True
north,31.681,3,0.3,4.824081114366159,0.0,4.599081114366159,5.0490811143661585,-0.275,0.275,True,4.4439872265111475,5.197390902717398,-0.38455400961655506,0.47035502259636086,0.0,0.0,True,True,True
north,31.681,4,0.4,4.901489565176416,0.0,4.676489565176416,5.126489565176415,-0.275,0.275,True,4.469092771503135,5.313006068349473,-0.42360433387941315,0.5218143189735927,0.0,0.0,True,True,True
north,31.681,5,0.5,4.978351840301191,0.0,4.753351840301192,5.203351840301191,-0.275,0.275,True,4.488646664019508,5.434172886457163,-0.4682063106178839,0.578825267826437,0.0,0.0,True,True,True
north,31.681,6,0.6,5.054229988252964,0.0,4.829229988252965,5.279229988252964,-0.275,0.275,True,4.502648904060268,5.560891357040464,-0.5183599398319676,0.6413878691548942,0.0,0.0,True,True,True
north,31.681,7,0.7,5.1292421682341915,0.0,4.904242168234192,5.354242168234191,-0.275,0.275,True,4.511099491625417,5.693161480099378,-0.574065221521664,0.7095021229589642,0.0,0.0,True,True,True
north,31.681,8,0.8,5.202354336226627,0.0,4.977354336226627,5.427354336226626,-0.275,0.275,True,4.513998426714952,5.830983255633905,-0.635322155686973,0.7831680292386469,0.0,0.0,True,True,True
north,31.681,9,0.9,5.2730697508525255,0.0,5.048069750852526,5.498069750852525,-0.275,0.275,True,4.511345709328874,5.974356683644046,-0.7021307423278949,0.8623855879939424,0.0,0.0,True,True,True
north,31.747,1,0.1,4.721039842076126,0.0,4.496039842076127,4.946039842076126,-0.275,0.275,True,4.425767159451609,5.024854999408408,-0.3379563409740933,0.36924336481231956,0.0,0.0,True,True,True
north,31.747,2,0.2,4.7975946863609575,0.0,4.572594686360958,5.022594686360957,-0.275,0.275,True,4.4639352666285275,5.131326117322965,-0.3710628954375471,0.4044398210865042,0.0,0.0,True,True,True
north,31.747,3,0.3,4.8751144249927965,0.0,4.650114424992797,5.100114424992796,-0.275,0.275,True,4.496551721329834,5.243348887713136,-0.40972110237661363,0.4451879298363016,0.0,0.0,True,True,True
north,31.747,4,0.4,4.952403812650963,0.0,4.727403812650963,5.1774038126509625,-0.275,0.275,True,4.5236165235555275,5.360923310578919,-0.453930961791293,0.49148769106171186,0.0,0.0,True,True,True
north,31.747,5,0.5,5.028742617283892,0.0,4.803742617283892,5.2537426172838915,-0.275,0.275,True,4.545129673305609,5.484049385920315,-0.5036924736815851,0.5433391047627347,0.0,0.0,True,True,True
north,31.747,6,0.6,5.103770904561274,0.0,4.878770904561274,5.3287709045612734,-0.275,0.275,True,4.5610911705800765,5.612727113737323,-0.5590056380474899,0.6007421709393705,0.0,0.0,True,True,True
north,31.747,7,0.7,5.177648452170593,0.0,4.952648452170593,5.402648452170593,-0.275,0.275,True,4.571501015378932,5.746956494029945,-0.6198704548890075,0.6636968895916189,0.0,0.0,True,True,True
north,31.747,8,0.8,5.249271825956002,0.0,5.024271825956002,5.474271825956001,-0.275,0.275,True,4.576359207702175,5.8867375267981785,-0.6862869242061379,0.7322032607194803,0.0,0.0,True,True,True
north,31.747,9,0.9,5.3182569342918375,0.0,5.093256934291838,5.543256934291837,-0.275,0.275,True,4.575665747549805,6.032070212042026,-0.758255045998881,0.8062612843229542,0.0,0.0,True,True,True
north,31.813,1,0.1,4.77164613223392,0.0,4.546646132233921,4.99664613223392,-0.275,0.275,True,4.469178586045893,5.067697279284094,-0.33745981584039075,0.36973988994602236,0.0,0.0,True,True,True
north,31.813,2,0.2,4.848731395700048,0.0,4.623731395700048,5.073731395700047,-0.275,0.275,True,4.5055825834033785,5.172404287379217,-0.37364640116431347,0.4018563153597383,0.0,0.0,True,True,True
north,31.813,3,0.3,4.926055111874698,0.0,4.701055111874698,5.1510551118746974,-0.275,0.275,True,4.5364349282852485,5.2826629479499525,-0.4153846389638489,0.439524393249067,0.0,0.0,True,True,True
north,31.813,4,0.4,5.002860962647881,0.0,4.777860962647881,5.22786096264788,-0.275,0.275,True,4.561735620691508,5.398473260996299,-0.4626745292389972,0.48274412361400854,0.0,0.0,True,True,True
north,31.813,5,0.5,5.07857675574351,0.0,4.853576755743511,5.30357675574351,-0.275,0.275,True,4.581484660622152,5.519835226518261,-0.5155160719897582,0.5315155064545627,0.0,0.0,True,True,True
north,31.813,6,0.6,5.152686370299094,0.0,4.927686370299094,5.377686370299093,-0.275,0.275,True,4.595682048077186,5.646748844515835,-0.573909267216132,0.5858385417707298,0.0,0.0,True,True,True
north,31.813,7,0.7,5.225112122000733,0.0,5.000112122000734,5.450112122000733,-0.275,0.275,True,4.604327783056606,5.779214114989021,-0.6378541149181186,0.6457132295625095,0.0,0.0,True,True,True
north,31.813,8,0.8,5.294937591481496,0.0,5.069937591481496,5.519937591481495,-0.275,0.275,True,4.607421865560413,5.917231037937819,-0.7073506150957178,0.7111395698299021,0.0,0.0,True,True,True
north,31.813,9,0.9,5.362251328832881,0.0,5.137251328832881,5.58725132883288,-0.275,0.275,True,4.604964295588607,6.0607996133622315,-0.7823987677489299,0.7821175625729073,0.0,0.0,True,True,True
north,31.879,1,0.1,4.822536480449282,0.0,4.597536480449282,5.047536480449281,-0.275,0.275,True,4.522100214684809,5.1260563698669825,-0.3228432809319667,0.38435642485444643,0.0,0.0,True,True,True
north,31.879,2,0.2,4.899917085380211,0.0,4.674917085380211,5.12491708538021,-0.275,0.275,True,4.559646818050112,5.231905983969923,-0.354600502246321,0.4209022142777308,0.0,0.0,True,True,True
north,31.879,3,0.3,4.976791550979873,0.0,4.751791550979873,5.2017915509798724,-0.275,0.275,True,4.591641768939802,5.343307250548478,-0.39190937603628806,0.46299965617662786,0.0,0.0,True,True,True
north,31.879,4,0.4,5.052707813517447,0.0,4.827707813517447,5.277707813517447,-0.275,0.275,True,4.61808506735388,5.460260169602644,-0.43476990230186796,0.5106487505511378,0.0,0.0,True,True,True
north,31.879,5,0.5,5.127761607436254,0.0,4.902761607436254,5.352761607436253,-0.275,0.275,True,4.638976713292343,5.582764741132424,-0.48318208104306054,0.5638494974012604,0.0,0.0,True,True,True
north,31.879,6,0.6,5.200915989642522,0.0,4.975915989642522,5.4259159896425215,-0.275,0.275,True,4.6543167067551945,5.710820965137816,-0.537145912259866,0.6226018967269958,0.0,0.0,True,True,True
north,31.879,7,0.7,5.271667030636253,0.0,5.046667030636254,5.496667030636253,-0.275,0.275,True,4.664105047742433,5.844428841618821,-0.5966613959522841,0.6869059485283441,0.0,0.0,True,True,True
north,31.879,8,0.8,5.339595656135204,0.0,5.114595656135204,5.564595656135204,-0.275,0.275,True,4.66834173625406,5.983588370575439,-0.661728532120315,0.7567616528053049,0.0,0.0,True,True,True
north,31.879,9,0.9,5.4049799115545,0.0,5.179979911554501,5.6299799115545,-0.275,0.275,True,4.667026772290073,6.12829955200767,-0.7323473207639586,0.8321690095578786,0.0,0.0,True,True,True
north,31.945,1,0.1,4.873599125076315,0.0,4.6485991250763155,5.098599125076315,-0.275,0.275,True,4.57304473548806,5.1865143428449745,-0.341756652796122,0.3654430529902909,0.0,0.0,True,True,True
north,31.945,2,0.2,4.95086480046874,0.0,4.725864800468741,5.17586480046874,-0.275,0.275,True,4.615441352041097,5.29721397013565,-0.375708044816101,0.39979467170795036,0.0,0.0,True,True,True
north,31.945,3,0.3,5.027225956173661,0.0,4.802225956173661,5.25222595617366,-0.275,0.275,True,4.652286316118522,5.413465249901939,-0.41521108931169265,0.4396979429012226,0.0,0.0,True,True,True
north,31.945,4,0.4,5.102261337004705,0.0,4.877261337004706,5.327261337004705,-0.275,0.275,True,4.683579627720333,5.53526818214384,-0.4602657862828972,0.48515286657010764,0.0,0.0,True,True,True
north,31.945,5,0.5,5.176222029396838,0.0,4.951222029396838,5.401222029396838,-0.275,0.275,True,4.709321286846532,5.662622766861354,-0.5108721357297145,0.5361594427146054,0.0,0.0,True,True,True
north,31.945,6,0.6,5.2478974519191945,0.0,5.022897451919195,5.472897451919194,-0.275,0.275,True,4.729511293497118,5.79552900405448,-0.5670301376521445,0.592717671334716,0.0,0.0,True,True,True
north,31.945,7,0.7,5.3169016523892205,0.0,5.091901652389221,5.54190165238922,-0.275,0.275,True,4.744149647672091,5.933986893723219,-0.6287397920501873,0.6548275524304391,0.0,0.0,True,True,True
north,31.945,8,0.8,5.383090362771797,0.0,5.158090362771797,5.608090362771796,-0.275,0.275,True,4.753236349371452,6.077996435867571,-0.6960010989238429,0.7224890860017753,0.0,0.0,True,True,True
north,31.945,9,0.9,5.446095151482631,0.0,5.221095151482631,5.67109515148263,-0.275,0.275,True,4.7567713985952,6.227557630487536,-0.7688140582731112,0.795702272048724,0.0,0.0,True,True,True
north,32.011,1,0.1,4.924543052196044,0.0,4.699543052196044,5.1495430521960435,-0.275,0.275,True,4.622372396938442,5.227761804535515,-0.33856447735975653,0.36863522842665636,0.0,0.0,True,True,True
north,32.011,2,0.2,5.001366008540007,0.0,4.776366008540007,5.2263660085400065,-0.275,0.275,True,4.664513104704804,5.338205523039516,-0.37543873539336087,0.40006398113069036,0.0,0.0,True,True,True
north,32.011,3,0.3,5.077078614700746,0.0,4.852078614700746,5.302078614700745,-0.275,0.275,True,4.701102159995553,5.454200894019129,-0.417864645902578,0.43704438631033715,0.0,0.0,True,True,True
north,32.011,4,0.4,5.1511962839660255,0.0,4.926196283966026,5.376196283966025,-0.275,0.275,True,4.732139562810691,5.575747917474354,-0.4658422088874079,0.47957644396559673,0.0,0.0,True,True,True
north,32.011,5,0.5,5.2236647452047364,0.0,4.998664745204737,5.448664745204736,-0.275,0.275,True,4.757625313150213,5.7028465934051935,-0.5193714243478506,0.527660154096469,0.0,0.0,True,True,True
north,32.011,6,0.6,5.293589683793276,0.0,5.0685896837932765,5.518589683793276,-0.275,0.275,True,4.777559411014125,5.835496921811646,-0.5784522922839059,0.5812955167029541,0.0,0.0,True,True,True
north,32.011,7,0.7,5.360966205890644,0.0,5.135966205890645,5.585966205890644,-0.275,0.275,True,4.791941856402424,5.973698902693709,-0.643084812695574,0.6404825317850519,0.0,0.0,True,True,True
north,32.011,8,0.8,5.425206781788292,0.0,5.200206781788292,5.650206781788292,-0.275,0.275,True,4.800772649315109,6.1174525360513865,-0.7132689855828552,0.7052211993427627,0.0,0.0,True,True,True
north,32.011,9,0.9,5.485745151570525,0.0,5.260745151570525,5.710745151570524,-0.275,0.275,True,4.804051789752182,6.266757821884677,-0.7890048109457488,0.775511519376086,0.0,0.0,True,True,True
north,32.077,1,0.1,4.975231261658549,0.0,4.750231261658549,5.200231261658549,-0.275,0.275,True,4.674927631839256,5.288781903433234,-0.3344848054859808,0.3727149003004324,0.0,0.0,True,True,True
north,32.077,2,0.2,5.051226609057817,0.0,4.826226609057818,5.276226609057817,-0.275,0.275,True,4.717231045495495,5.39938832782711,-0.37088909002653525,0.40461362649751664,0.0,0.0,True,True,True
north,32.077,3,0.3,5.126281046638305,0.0,4.901281046638306,5.351281046638305,-0.275,0.275,True,4.75398280667612,5.515546404696601,-0.4128450270427024,0.44206400517021366,0.0,0.0,True,True,True
north,32.077,4,0.4,5.199477643058417,0.0,4.974477643058417,5.424477643058417,-0.275,0.275,True,4.785182915381134,5.637256134041703,-0.4603526165344824,0.4850660363185236,0.0,0.0,True,True,True
north,32.077,5,0.5,5.270247162594109,0.0,5.0452471625941095,5.495247162594109,-0.275,0.275,True,4.810831371610534,5.764517515862419,-0.5134118585018751,0.5336197199424461,0.0,0.0,True,True,True
north,32.077,6,0.6,5.338240485870223,0.0,5.113240485870223,5.563240485870223,-0.275,0.275,True,4.830928175364321,5.897330550158747,-0.5720227529448806,0.5877250560419814,0.0,0.0,True,True,True
north,32.077,7,0.7,5.403733255558743,0.0,5.178733255558743,5.628733255558743,-0.275,0.275,True,4.845473326642496,6.035695236930688,-0.6361852998634987,0.6473820446171294,0.0,0.0,True,True,True
north,32.077,8,0.8,5.465740138968724,0.0,5.240740138968724,5.6907401389687235,-0.275,0.275,True,4.8544668254450585,6.1796115761782415,-0.7058994992577298,0.7125906856678904,0.0,0.0,True,True,True
north,32.077,9,0.9,5.523896950274678,0.0,5.2988969502746786,5.748896950274678,-0.275,0.275,True,4.857908671772007,6.329079567901409,-0.7811653511275736,0.7833509791942641,0.0,0.0,True,True,True
north,32.143,1,0.1,5.025677857592973,0.0,4.800677857592973,5.250677857592972,-0.275,0.275,True,4.7183092328452005,5.320356155275831,-0.3335740516902181,0.3736256540961957,0.0,0.0,True,True,True
north,32.143,2,0.2,5.1007517694481415,0.0,4.875751769448142,5.325751769448141,-0.275,0.275,True,4.757587809919814,5.427937743088083,-0.36472994854393775,0.41077276798011525,0.0,0.0,True,True,True
north,32.143,3,0.3,5.174779886046467,0.0,4.949779886046468,5.399779886046467,-0.275,0.275,True,4.7913147345188145,5.541070983375949,-0.4014374978732702,0.4534715343396476,0.0,0.0,True,True,True
north,32.143,4,0.4,5.246523077882383,0.0,5.021523077882383,5.471523077882383,-0.275,0.275,True,4.819490006642203,5.6597558761394255,-0.4436966996782154,0.5017219531747927,0.0,0.0,True,True,True
north,32.143,5,0.5,5.315546370486597,0.0,5.090546370486598,5.540546370486597,-0.275,0.275,True,4.842113626289978,5.783992421378517,-0.4915075539587734,0.5555240244855506,0.0,0.0,True,True,True
north,32.143,6,0.6,5.381774769135938,0.0,5.1567747691359385,5.606774769135938,-0.275,0.275,True,4.859185593462141,5.913780619093222,-0.5448700607149441,0.6148777482719212,0.0,0.0,True,True,True
north,32.143,7,0.7,5.444865965770941,0.0,5.219865965770941,5.66986596577094,-0.275,0.275,True,4.8707059081586905,6.049120469283538,-0.6037842199467276,0.6797831245339045,0.0,0.0,True,True,True
north,32.143,8,0.8,5.50454644042109,0.0,5.279546440421091,5.72954644042109,-0.275,0.275,True,4.8766745703796275,6.190011971949468,-0.6682500316541239,0.750240153271501,0.0,0.0,True,True,True
north,32.143,9,0.9,5.560337042174627,0.0,5.335337042174627,5.785337042174627,-0.275,0.275,True,4.877091580124951,6.33645512709101,-0.7382674958371329,0.8262488344847099,0.0,0.0,True,True,True
north,32.209,1,0.1,5.075580473657986,0.0,4.8505804736579865,5.300580473657986,-0.275,0.275,True,4.77553801916858,5.385443870585536,-0.34052341284411886,0.3666762929422945,0.0,0.0,True,True,True
north,32.209,2,0.2,5.149706197632958,0.0,4.9247061976329585,5.374706197632958,-0.275,0.275,True,4.818016819511394,5.496225681665987,-0.37658978262320014,0.398912933900852,0.0,0.0,True,True,True
north,32.209,3,0.3,5.222217368408735,0.0,4.9972173684087355,5.447217368408735,-0.275,0.275,True,4.854943967378594,5.612559145222052,-0.4182078048778942,0.43670122733502226,0.0,0.0,True,True,True
north,32.209,4,0.4,5.292241776105052,0.0,5.067241776105052,5.517241776105052,-0.275,0.275,True,4.8863194627701825,5.734444261253729,-0.46537747960820103,0.4800411732448054,0.0,0.0,True,True,True
north,32.209,5,0.5,5.359662362276613,0.0,5.134662362276614,5.584662362276613,-0.275,0.275,True,4.912143305686157,5.86188102976102,-0.5180988068141207,0.5289327716302011,0.0,0.0,True,True,True
north,32.209,6,0.6,5.423958379368931,0.0,5.198958379368931,5.64895837936893,-0.275,0.275,True,4.932415496126518,5.9948694507439235,-0.576371786495653,0.5833760224912097,0.0,0.0,True,True,True
north,32.209,7,0.7,5.484547965280425,0.0,5.259547965280426,5.709547965280425,-0.275,0.275,True,4.947136034091269,6.133409524202438,-0.640196418652798,0.6433709258278311,0.0,0.0,True,True,True
north,32.209,8,0.8,5.541616151359493,0.0,5.316616151359494,5.766616151359493,-0.275,0.275,True,4.956304919580405,6.2775012501365675,-0.7095727032855561,0.7089174816400654,0.0,0.0,True,True,True
north,32.209,9,0.9,5.595067216622665,0.0,5.370067216622665,5.820067216622665,-0.275,0.275,True,4.959922152593929,6.4271446285463085,-0.7845006403939266,0.7800156899279121,0.0,0.0,True,True,True
north,32.275,1,0.1,5.1248004858403675,0.0,4.899800485840368,5.349800485840367,-0.275,0.275,True,4.822494958260822,5.445741899987782,-0.3140482573259017,0.39315144846051087,0.0,0.0,True,True,True
north,32.275,2,0.2,5.198039296474318,0.0,4.973039296474318,5.423039296474317,-0.275,0.275,True,4.865855303838637,5.557405256303234,-0.3427297190763363,0.43277299744771425,0.0,0.0,True,True,True
north,32.275,3,0.3,5.268827294551965,0.0,5.043827294551965,5.493827294551965,-0.275,0.275,True,4.903663996940837,5.674620265094299,-0.3769628333023837,0.4779461989105304,0.0,0.0,True,True,True
north,32.275,4,0.4,5.336888469254732,0.0,5.111888469254732,5.561888469254732,-0.275,0.275,True,4.935921037567426,5.797386926360977,-0.41674760000404387,0.5286710528489594,0.0,0.0,True,True,True
north,32.275,5,0.5,5.402486599562985,0.0,5.177486599562985,5.627486599562984,-0.275,0.275,True,4.962626425718402,5.925705240103268,-0.46208401918131675,0.5849475592630011,0.0,0.0,True,True,True
north,32.275,6,0.6,5.464532144574479,0.0,5.239532144574479,5.689532144574478,-0.275,0.275,True,4.983780161393765,6.059575206321171,-0.5129720908342025,0.6467757181526556,0.0,0.0,True,True,True
north,32.275,7,0.7,5.5227422147541825,0.0,5.297742214754183,5.747742214754182,-0.275,0.275,True,4.999382244593517,6.198996825014687,-0.5694118149627009,0.7141555295179228,0.0,0.0,True,True,True
north,32.275,8,0.8,5.577241306882784,0.0,5.352241306882784,5.802241306882784,-0.275,0.275,True,5.009432675317655,6.343970096183816,-0.6314031915668121,0.7870869933588029,0.0,0.0,True,True,True
north,32.275,9,0.9,5.6279238769518605,0.0,5.402923876951861,5.85292387695186,-0.275,0.275,True,5.01393145356618,6.494495019828557,-0.698946220646536,0.8655701096752957,0.0,0.0,True,True,True
north,32.341,1,0.1,5.173322022119486,0.0,4.948322022119487,5.398322022119486,-0.275,0.275,True,4.870676067010773,5.484481185346056,-0.3145154519396073,0.3926842538468057,0.0,0.0,True,True,True
north,32.341,2,0.2,5.245110959446192,0.0,5.020110959446193,5.470110959446192,-0.275,0.275,True,4.91441768483948,5.596525813912401,-0.33978644977856187,0.4357162667454896,0.0,0.0,True,True,True
north,32.341,3,0.3,5.314191088583975,0.0,5.089191088583975,5.539191088583975,-0.275,0.275,True,4.952607650192572,5.714122094954358,-0.37060910009312914,0.4842999321197862,0.0,0.0,True,True,True
north,32.341,4,0.4,5.380459175500076,0.0,5.155459175500076,5.6054591755000756,-0.275,0.275,True,4.985245963070053,5.837270028471928,-0.40698340288330936,0.5384352499696957,0.0,0.0,True,True,True
north,32.341,5,0.5,5.443654652143008,0.0,5.218654652143008,5.668654652143007,-0.275,0.275,True,5.012332623471921,5.965969614465111,-0.44890935814910216,0.5981222202952179,0.0,0.0,True,True,True
north,32.341,6,0.6,5.503419104912263,0.0,5.278419104912263,5.728419104912263,-0.275,0.275,True,5.033867631398176,6.100220852933907,-0.4963869658905078,0.6633608430963529,0.0,0.0,True,True,True
north,32.341,7,0.7,5.559259513513822,0.0,5.334259513513822,5.784259513513821,-0.275,0.275,True,5.049850986848819,6.240023743878315,-0.5494162261075262,0.7341511183731007,0.0,0.0,True,True,True
north,32.341,8,0.8,5.611117385876363,0.0,5.386117385876363,5.836117385876363,-0.275,0.275,True,5.060282689823849,6.3853782872983365,-0.6079971388001573,0.8104930461254611,0.0,0.0,True,True,True
north,32.341,9,0.9,5.658861484398749,0.0,5.433861484398749,5.883861484398748,-0.275,0.275,True,5.065162740323264,6.536284483193971,-0.6721297039684013,0.8923866263534344,0.0,0.0,True,True,True
north,32.407,1,0.1,5.220790879371698,0.0,4.9957908793716985,5.445790879371698,-0.275,0.275,True,4.910768999158051,5.527154318855947,-0.3364064197164651,0.37079328606994866,0.0,0.0,True,True,True
north,32.407,2,0.2,5.290893868416827,0.0,5.065893868416827,5.515893868416827,-0.275,0.275,True,4.948323950490061,5.633012280925596,-0.37027368262414007,0.40522903389991316,0.0,0.0,True,True,True
north,32.407,3,0.3,5.358339797990788,0.0,5.133339797990788,5.583339797990788,-0.275,0.275,True,4.980327249346457,5.7444218954708575,-0.40969259800742763,0.4452164342054904,0.0,0.0,True,True,True
north,32.407,4,0.4,5.42267638776904,0.0,5.19767638776904,5.64767638776904,-0.275,0.275,True,5.0067788957272406,5.86138316249173,-0.4546631658663281,0.49075548698668053,0.0,0.0,True,True,True
north,32.407,5,0.5,5.483350778990317,0.0,5.258350778990318,5.708350778990317,-0.275,0.275,True,5.027678889632412,5.983896081988217,-0.5051853862008412,0.5418461922434833,0.0,0.0,True,True,True
north,32.407,6,0.6,5.540529966017294,0.0,5.315529966017294,5.765529966017294,-0.275,0.275,True,5.04302723106197,6.111960653960317,-0.5612592590109672,0.5984885499758988,0.0,0.0,True,True,True
north,32.407,7,0.7,5.594036697892419,0.0,5.36903669789242,5.819036697892419,-0.275,0.275,True,5.052823920015916,6.245576878408029,-0.6228847842967058,0.6606825601839272,0.0,0.0,True,True,True
north,32.407,8,0.8,5.643194520477161,0.0,5.4181945204771615,5.868194520477161,-0.275,0.275,True,5.057068956494248,6.384744755331354,-0.6900619620580573,0.7284282228675683,0.0,0.0,True,True,True
north,32.407,9,0.9,5.687785967207606,0.0,5.462785967207607,5.912785967207606,-0.275,0.275,True,5.055762340496968,6.529464284730293,-0.7627907922950214,0.801725538026822,0.0,0.0,True,True,True
north,32.473,1,0.1,5.267407426509826,0.0,5.042407426509826,5.492407426509826,-0.275,0.275,True,4.964102195802742,5.572760592817267,-0.34164859080140153,0.36555111498501225,0.0,0.0,True,True,True
north,32.473,2,0.2,5.335539606288736,0.0,5.110539606288737,5.560539606288736,-0.275,0.275,True,5.001101122488327,5.678062530240491,-0.38410067661600045,0.39140203990805256,0.0,0.0,True,True,True
north,32.473,3,0.3,5.401239943567227,0.0,5.176239943567228,5.626239943567227,-0.275,0.275,True,5.0325483966983,5.78891612013933,-0.4321044149062122,0.4228046173067056,0.0,0.0,True,True,True
north,32.473,4,0.4,5.46332415018023,0.0,5.2383241501802305,5.68832415018023,-0.275,0.275,True,5.058444018432661,5.905321362513779,-0.4856598056720367,0.4597588471809715,0.0,0.0,True,True,True
north,32.473,5,0.5,5.521587479233682,0.0,5.296587479233683,5.746587479233682,-0.275,0.275,True,5.078787987691409,6.027278257363843,-0.5447668489134739,0.5022647295308501,0.0,0.0,True,True,True
north,32.473,6,0.6,5.576181453199371,0.0,5.351181453199372,5.801181453199371,-0.275,0.275,True,5.093580304474543,6.154786804689519,-0.609425544630524,0.5503222643563414,0.0,0.0,True,True,True
north,32.473,7,0.7,5.626977499346624,0.0,5.401977499346624,5.851977499346623,-0.275,0.275,True,5.102820968782066,6.287847004490808,-0.6796358928231867,0.6039314516574454,0.0,0.0,True,True,True
north,32.473,8,0.8,5.673207451698677,0.0,5.448207451698678,5.898207451698677,-0.275,0.275,True,5.106509980613974,6.4264588567677094,-0.7553978934914624,0.6630922914341625,0.0,0.0,True,True,True
north,32.473,9,0.9,5.714835875583501,0.0,5.489835875583501,5.9398358755835,-0.275,0.275,True,5.1046473399702705,6.570622361520225,-0.8367115466353507,0.727804783686492,0.0,0.0,True,True,True
north,32.539,1,0.1,5.312835806681357,0.0,5.087835806681357,5.537835806681357,-0.275,0.275,True,5.011425047808758,5.624803809552889,-0.3291243570953484,0.37807534869106496,0.0,0.0,True,True,True
north,32.539,2,0.2,5.379143581864217,0.0,5.154143581864218,5.604143581864217,-0.275,0.275,True,5.050743598382566,5.732425370864334,-0.3647177938241303,0.41078492269992184,0.0,0.0,True,True,True
north,32.539,3,0.3,5.442443338515075,0.0,5.217443338515075,5.667443338515074,-0.275,0.275,True,5.084510496480761,5.845598584651395,-0.4058628830285249,0.44904614918439156,0.0,0.0,True,True,True
north,32.539,4,0.4,5.502255311682135,0.0,5.2772553116821355,5.727255311682135,-0.275,0.275,True,5.112725742103345,5.964323450914066,-0.45255962470853234,0.4928590281444741,0.0,0.0,True,True,True
north,32.539,5,0.5,5.558181984853013,0.0,5.333181984853013,5.783181984853012,-0.275,0.275,True,5.135389335250314,6.088599969652352,-0.5048080188641525,0.5422235595801693,0.0,0.0,True,True,True
north,32.539,6,0.6,5.610105353327717,0.0,5.385105353327718,5.835105353327717,-0.275,0.275,True,5.15250127592167,6.2184281408662505,-0.5626080654953854,0.5971397434914772,0.0,0.0,True,True,True
north,32.539,7,0.7,5.657966368610687,0.0,5.432966368610687,5.882966368610687,-0.275,0.275,True,5.164061564117416,6.35380796455576,-0.6259597646022311,0.6576075798783979,0.0,0.0,True,True,True
north,32.539,8,0.8,5.7012674761969695,0.0,5.47626747619697,5.926267476196969,-0.275,0.275,True,5.1700701998375465,6.494739440720884,-0.6948631161846898,0.7236270687409317,0.0,0.0,True,True,True
north,32.539,9,0.9,5.739767427152934,0.0,5.514767427152934,5.964767427152934,-0.275,0.275,True,5.170527183082066,6.64122256936162,-0.7693181202427609,0.7951982100790779,0.0,0.0,True,True,True
north,32.605,1,0.1,5.357017233704973,0.0,5.132017233704973,5.582017233704972,-0.275,0.275,True,5.057980263936675,5.671230287217297,-0.3308065486365378,0.37639315714987476,0.0,0.0,True,True,True
north,32.605,2,0.2,5.421394396169158,0.0,5.1963943961691585,5.646394396169158,-0.275,0.275,True,5.096684345056922,5.778237379075181,-0.362529103459164,0.41297361306488656,0.0,0.0,True,True,True
north,32.605,3,0.3,5.482175337621258,0.0,5.257175337621258,5.7071753376212575,-0.275,0.275,True,5.129836773701557,5.89079612340868,-0.399803310757403,0.45510572145551115,0.0,0.0,True,True,True
north,32.605,4,0.4,5.539443780675096,0.0,5.314443780675096,5.764443780675095,-0.275,0.275,True,5.157437549870578,6.00890652021779,-0.4426291705312547,0.5027894823217486,0.0,0.0,True,True,True
north,32.605,5,0.5,5.593006179162175,0.0,5.368006179162175,5.818006179162174,-0.275,0.275,True,5.1794866735639875,6.1325685695025145,-0.4910066827807192,0.5560248956635987,0.0,0.0,True,True,True
north,32.605,6,0.6,5.6422341173257,0.0,5.4172341173257,5.867234117325699,-0.275,0.275,True,5.195984144781783,6.261782271262851,-0.5449358475057965,0.6148119614810615,0.0,0.0,True,True,True
north,32.605,7,0.7,5.686924499690416,0.0,5.461924499690416,5.911924499690415,-0.275,0.275,True,5.206929963523968,6.396547625498799,-0.6044166647064865,0.6791506797741372,0.0,0.0,True,True,True
north,32.605,8,0.8,5.727215991188731,0.0,5.502215991188732,5.952215991188731,-0.275,0.275,True,5.212324129790538,6.536864632210362,-0.6694491343827893,0.7490410505428258,0.0,0.0,True,True,True
north,32.605,9,0.9,5.762452559202203,0.0,5.537452559202204,5.987452559202203,-0.275,0.275,True,5.212166643581496,6.682733291397536,-0.7400332565347048,0.8244830737871269,0.0,0.0,True,True,True
north,32.671,1,0.1,5.399955965238031,0.0,5.1749559652380315,5.624955965238031,-0.275,0.275,True,5.090483002408247,5.712537860921334,-0.3293815012908361,0.3778182044955769,0.0,0.0,True,True,True
north,32.671,2,0.2,5.462116155785986,0.0,5.237116155785986,5.6871161557859855,-0.275,0.275,True,5.125060010016229,5.815417879266955,-0.3628719177276749,0.41263079879637654,0.0,0.0,True,True,True
north,32.671,3,0.3,5.520432743713182,0.0,5.2954327437131825,5.745432743713182,-0.275,0.275,True,5.1540853651486,5.92384955008819,-0.4019139866401264,0.45299504557278897,0.0,0.0,True,True,True
north,32.671,4,0.4,5.575121599515954,0.0,5.350121599515955,5.800121599515954,-0.275,0.275,True,5.177559067805357,6.037832873385037,-0.4465077080281908,0.4989109448248143,0.0,0.0,True,True,True
north,32.671,5,0.5,5.626031121741383,0.0,5.401031121741384,5.851031121741383,-0.275,0.275,True,5.195481117986502,6.157367849157497,-0.49665308189186785,0.5503784965524522,0.0,0.0,True,True,True
north,32.671,6,0.6,5.672331156847469,0.0,5.447331156847469,5.897331156847469,-0.275,0.275,True,5.207851515692034,6.282454477405569,-0.5523501082311577,0.607397700755703,0.0,0.0,True,True,True
north,32.671,7,0.7,5.714039146217642,0.0,5.489039146217642,5.939039146217642,-0.275,0.275,True,5.214670260921953,6.413092758129254,-0.6135987870460603,0.6699685574345665,0.0,0.0,True,True,True
north,32.671,8,0.8,5.750932606049817,0.0,5.5259326060498175,5.975932606049817,-0.275,0.275,True,5.21593735367626,6.5492826913285525,-0.6803991183365756,0.7380910665890428,0.0,0.0,True,True,True
north,32.671,9,0.9,5.782949411025085,0.0,5.557949411025086,6.007949411025085,-0.275,0.275,True,5.211652793954952,6.691024277003463,-0.7527511021027039,0.8117652282191318,0.0,0.0,True,True,True
north,32.737,1,0.1,5.441232024887146,0.0,5.216232024887146,5.666232024887146,-0.275,0.275,True,5.146488992787541,5.755564711333188,-0.33831007806599084,0.3688896277204225,0.0,0.0,True,True,True
north,32.737,2,0.2,5.501091518452012,0.0,5.276091518452012,5.726091518452011,-0.275,0.275,True,5.181106202790241,5.858484932073525,-0.37545013010479983,0.4000525864192523,0.0,0.0,True,True,True
north,32.737,3,0.3,5.557104456192203,0.0,5.332104456192203,5.782104456192203,-0.275,0.275,True,5.210171760317326,5.966956805289476,-0.4181418346192216,0.43676719759369487,0.0,0.0,True,True,True
north,32.737,4,0.4,5.609093320779067,0.0,5.384093320779067,5.834093320779067,-0.275,0.275,True,5.233685665368801,6.080980330981038,-0.4663851916092562,0.47903346124375024,0.0,0.0,True,True,True
north,32.737,5,0.5,5.657071252822622,0.0,5.432071252822622,5.882071252822621,-0.275,0.275,True,5.251647917944661,6.200555509148215,-0.5201802010749035,0.5268513773694183,0.0,0.0,True,True,True
north,32.737,6,0.6,5.700444026005833,0.0,5.4754440260058335,5.925444026005833,-0.275,0.275,True,5.264058518044908,6.325682339791004,-0.5795268630161635,0.5802209459706992,0.0,0.0,True,True,True
north,32.737,7,0.7,5.739039081936018,0.0,5.514039081936018,5.964039081936018,-0.275,0.275,True,5.2709174656695446,6.456360822909405,-0.6444251774330363,0.6391421670475927,0.0,0.0,True,True,True
north,32.737,8,0.8,5.7725950859949915,0.0,5.547595085994992,5.997595085994991,-0.275,0.275,True,5.272224760818566,6.592590958503419,-0.7148751443255221,0.7036150406000994,0.0,0.0,True,True,True
north,32.737,9,0.9,5.801148157133712,0.0,5.576148157133712,6.026148157133711,-0.275,0.275,True,5.267980403491976,6.7343727465730465,-0.7908767636936204,0.7736395666282184,0.0,0.0,True,True,True
north,32.803,1,0.1,5.481021641173246,0.0,5.2560216411732466,5.706021641173246,-0.275,0.275,True,5.172831127528767,5.786993669477506,-0.3329224253134705,0.37427728047294206,0.0,0.0,True,True,True
north,32.803,2,0.2,5.538357595332901,0.0,5.313357595332901,5.7633575953329,-0.275,0.275,True,5.2026342415606255,5.885099794247002,-0.36752598480368576,0.4079767317203648,0.0,0.0,True,True,True
north,32.803,3,0.3,5.59197566043193,0.0,5.3669756604319305,5.81697566043193,-0.275,0.275,True,5.226885703116872,5.988757571492112,-0.4076811967695138,0.44722783544340033,0.0,0.0,True,True,True
north,32.803,4,0.4,5.641273714174234,0.0,5.416273714174235,5.866273714174234,-0.275,0.275,True,5.245585512197505,6.097967001212835,-0.4533880612109547,0.4920305916420486,0.0,0.0,True,True,True
north,32.803,5,0.5,5.686063032173221,0.0,5.461063032173222,5.911063032173221,-0.275,0.275,True,5.258733668802525,6.21272808340917,-0.5046465781280082,0.5423850003163097,0.0,0.0,True,True,True
north,32.803,6,0.6,5.726479777296962,0.0,5.501479777296963,5.951479777296962,-0.275,0.275,True,5.266330172931933,6.333040818081118,-0.5614567475206745,0.5982910614661835,0.0,0.0,True,True,True
north,32.803,7,0.7,5.761796260260321,0.0,5.536796260260322,5.986796260260321,-0.275,0.275,True,5.268375024585729,6.458905205228677,-0.6238185693889537,0.65974877509167,0.0,0.0,True,True,True
north,32.803,8,0.8,5.792010240388208,0.0,5.567010240388209,6.017010240388208,-0.275,0.275,True,5.26486822376391,6.590321244851851,-0.6917320437328457,0.7267581411927694,0.0,0.0,True,True,True
north,32.803,9,0.9,5.816926888120914,0.0,5.5919268881209145,6.041926888120914,-0.275,0.275,True,5.25580977046648,6.727288936950638,-0.7651971705523503,0.7993191597694814,0.0,0.0,True,True,True
north,32.869,1,0.1,5.5192780081926855,0.0,5.294278008192686,5.744278008192685,-0.275,0.275,True,5.226804963642782,5.830970578271797,-0.32644009116732764,0.38075961461908614,0.0,0.0,True,True,True
north,32.869,2,0.2,5.574079464256323,0.0,5.349079464256324,5.799079464256323,-0.275,0.275,True,5.257446916526205,5.929915541892859,-0.3591688197267312,0.4163338967973218,0.0,0.0,True,True,True
north,32.869,3,0.3,5.625050471823876,0.0,5.400050471823876,5.8500504718238755,-0.275,0.275,True,5.2825372169340135,6.034412157989533,-0.3974492007617475,0.4574598314511703,0.0,0.0,True,True,True
north,32.869,4,0.4,5.671454861996256,0.0,5.446454861996257,5.896454861996256,-0.275,0.275,True,5.302075864866211,6.144460426561818,-0.4412812342723766,0.5041374185806315,0.0,0.0,True,True,True
north,32.869,5,0.5,5.71324241685178,0.0,5.48824241685178,5.93824241685178,-0.275,0.275,True,5.316062860322795,6.260060347609719,-0.49066492025861846,0.5563666581857056,0.0,0.0,True,True,True
north,32.869,6,0.6,5.7502501776652375,0.0,5.525250177665238,5.975250177665237,-0.275,0.275,True,5.324498203303765,6.381211921133231,-0.545600258720473,0.6141475502663923,0.0,0.0,True,True,True
north,32.869,7,0.7,5.782357298495313,0.0,5.5573572984953135,6.007357298495313,-0.275,0.275,True,5.3273818938091235,6.507915147132356,-0.6060872496579404,0.6774800948226918,0.0,0.0,True,True,True
north,32.869,8,0.8,5.809100731780869,0.0,5.584100731780869,6.034100731780868,-0.275,0.275,True,5.324713931838869,6.640170025607095,-0.6721258930710206,0.7463642918546043,0.0,0.0,True,True,True
north,32.869,9,0.9,5.830380208725432,0.0,5.605380208725433,6.055380208725432,-0.275,0.275,True,5.316494317393001,6.777976556557445,-0.7437161889597135,0.8208001413621293,0.0,0.0,True,True,True
north,32.935,1,0.1,5.555995316900509,0.0,5.330995316900509,5.780995316900508,-0.275,0.275,True,5.246585560455526,5.8626267374806895,-0.33100277149302126,0.37619693429339207,0.0,0.0,True,True,True
north,32.935,2,0.2,5.608085693056818,0.0,5.3830856930568185,5.833085693056818,-0.275,0.275,True,5.2713070311742465,5.955651218937047,-0.3633247161405625,0.4121780003834896,0.0,0.0,True,True,True
north,32.935,3,0.3,5.6561761370345565,0.0,5.431176137034557,5.881176137034556,-0.275,0.275,True,5.290476849417352,6.0542273528690185,-0.40119831326371647,0.4537107189492,0.0,0.0,True,True,True
north,32.935,4,0.4,5.699620575814694,0.0,5.474620575814694,5.924620575814694,-0.275,0.275,True,5.304095015184848,6.158355139276602,-0.4446235628624833,0.5007950899905231,0.0,0.0,True,True,True
north,32.935,5,0.5,5.738295610479709,0.0,5.51329561047971,5.963295610479709,-0.275,0.275,True,5.312161528476729,6.268034578159799,-0.49360046493686277,0.553431113507459,0.0,0.0,True,True,True
north,32.935,6,0.6,5.771964893739152,0.0,5.546964893739152,5.996964893739151,-0.275,0.275,True,5.3146763892929965,6.383265669518609,-0.5481290194868551,0.6116187895000076,0.0,0.0,True,True,True
north,32.935,7,0.7,5.800648677604994,0.0,5.5756486776049945,6.025648677604994,-0.275,0.275,True,5.311639597633653,6.50404841335303,-0.60820922651246,0.675358117968169,0.0,0.0,True,True,True
north,32.935,8,0.8,5.82380606067045,0.0,5.598806060670451,6.04880606067045,-0.275,0.275,True,5.3030511534986955,6.6303828096630655,-0.6738410860136781,0.7446490989119434,0.0,0.0,True,True,True
north,32.935,9,0.9,5.841356551910706,0.0,5.616356551910706,6.066356551910705,-0.275,0.275,True,5.288911056888126,6.762268858448713,-0.7450245979905086,0.8194917323313302,0.0,0.0,True,True,True
north,33.001,1,0.1,5.590945141701689,0.0,5.3659451417016895,5.815945141701689,-0.275,0.275,True,5.285696693769552,5.8965505577652895,-0.33570402745564676,0.3714956783307658,0.0,0.0,True,True,True
north,33.001,2,0.2,5.640313311022772,0.0,5.415313311022772,5.8653133110227715,-0.275,0.275,True,5.309580230085151,5.988737104818526,-0.3713837029315775,0.40411901359247304,0.0,0.0,True,True,True
north,33.001,3,0.3,5.685210705614113,0.0,5.460210705614113,5.910210705614112,-0.275,0.275,True,5.327912113925136,6.086475304347375,-0.4126150308831211,0.442294001329793,0.0,0.0,True,True,True
north,33.001,4,0.4,5.72574356340519,0.0,5.50074356340519,5.950743563405189,-0.275,0.275,True,5.34069234528951,6.189765156351838,-0.4593980113102775,0.4860206415427258,0.0,0.0,True,True,True
north,33.001,5,0.5,5.761139961318437,0.0,5.536139961318438,5.986139961318437,-0.275,0.275,True,5.347920924178269,6.298606660831912,-0.5117326442130465,0.5352989342312713,0.0,0.0,True,True,True
north,33.001,6,0.6,5.79145613010193,0.0,5.566456130101931,6.01645613010193,-0.275,0.275,True,5.349597850591417,6.4129998177876,-0.5696189295914285,0.5901288793954296,0.0,0.0,True,True,True
north,33.001,7,0.7,5.816487931020896,0.0,5.591487931020897,6.041487931020896,-0.275,0.275,True,5.345723124528952,6.5329446272189,-0.6330568674454231,0.6505104770352006,0.0,0.0,True,True,True
north,33.001,8,0.8,5.8360445062488955,0.0,5.611044506248896,6.061044506248895,-0.275,0.275,True,5.336296745990874,6.658441089125813,-0.7020464577750306,0.7164437271505845,0.0,0.0,True,True,True
north,33.001,9,0.9,5.849461740059693,0.0,5.624461740059694,6.074461740059693,-0.275,0.275,True,5.321318714977183,6.789489203508339,-0.7765877005802506,0.7879286297415811,0.0,0.0,True,True,True
north,33.067,1,0.1,5.624069821906372,0.0,5.399069821906372,5.8490698219063715,-0.275,0.275,True,5.307849387535803,5.926908833600002,-0.33337632737350187,0.37382337841291113,0.0,0.0,True,True,True
north,33.067,2,0.2,5.670562816635842,0.0,5.445562816635842,5.895562816635842,-0.275,0.275,True,5.325490570166045,6.012853026967884,-0.3693907393386244,0.4061119771854271,0.0,0.0,True,True,True
north,33.067,3,0.3,5.712445687485919,0.0,5.487445687485919,5.937445687485918,-0.275,0.275,True,5.337580100320675,6.104348872811378,-0.4109568037793596,0.44395222843355575,0.0,0.0,True,True,True
north,33.067,4,0.4,5.749567749280654,0.0,5.524567749280655,5.974567749280654,-0.275,0.275,True,5.3441179779996935,6.201396371130485,-0.4580745206957077,0.4873441321572974,0.0,0.0,True,True,True
north,33.067,5,0.5,5.781765185965538,0.0,5.5567651859655385,6.006765185965538,-0.275,0.275,True,5.345104203203098,6.303995521925205,-0.5107438900876685,0.5362876883566515,0.0,0.0,True,True,True
north,33.067,6,0.6,5.808607838011986,0.0,5.583607838011987,6.033607838011986,-0.275,0.275,True,5.34053877593089,6.412146325195537,-0.5689649119552421,0.5907828970316186,0.0,0.0,True,True,True
north,33.067,7,0.7,5.830006492760453,0.0,5.605006492760453,6.0550064927604526,-0.275,0.275,True,5.330421696183069,6.525848780941482,-0.6327375862984284,0.6508297581821985,0.0,0.0,True,True,True
north,33.067,8,0.8,5.845763174761032,0.0,5.6207631747610325,6.070763174761032,-0.275,0.275,True,5.314752963959635,6.64510288916304,-0.7020619131172274,0.716428271808391,0.0,0.0,True,True,True
north,33.067,9,0.9,5.849191787851946,0.0,5.624191787851946,6.074191787851945,-0.275,0.275,True,5.293532579260588,6.769908649860211,-0.7769378924116394,0.7875784379101963,0.0,0.0,True,True,True
north,33.133,1,0.1,5.655281021246495,0.0,5.430281021246495,5.880281021246494,-0.275,0.275,True,5.3512211386321304,5.959994310654867,-0.32695386795855524,0.3802458378278581,0.0,0.0,True,True,True
north,33.133,2,0.2,5.698797125623559,0.0,5.473797125623559,5.923797125623558,-0.275,0.275,True,5.370415622198168,6.0474918049585416,-0.358991016104607,0.41651170041944513,0.0,0.0,True,True,True
north,33.133,3,0.3,5.737552139023401,0.0,5.512552139023401,5.9625521390234,-0.275,0.275,True,5.384058453288592,6.140540951737831,-0.3965798167262715,0.45832921548664496,0.0,0.0,True,True,True
north,33.133,4,0.4,5.77133470148331,0.0,5.54633470148331,5.99633470148331,-0.275,0.275,True,5.392149631903405,6.239141750992732,-0.43972026982354884,0.5056983830294576,0.0,0.0,True,True,True
north,33.133,5,0.5,5.800121311714442,0.0,5.575121311714442,6.025121311714441,-0.275,0.275,True,5.394689158042603,6.343294202723246,-0.4884123753964389,0.5586192030478829,0.0,0.0,True,True,True
north,33.133,6,0.6,5.8234039152749615,0.0,5.598403915274962,6.048403915274961,-0.275,0.275,True,5.391677031706188,6.452998306929374,-0.5426561334449417,0.617091675541921,0.0,0.0,True,True,True
north,33.133,7,0.7,5.8410532927925045,0.0,5.616053292792505,6.066053292792504,-0.275,0.275,True,5.383113252894163,6.568254063611113,-0.6024515439690572,0.6811158005115718,0.0,0.0,True,True,True
north,33.133,8,0.8,5.849799453087445,0.0,5.624799453087445,6.0747994530874445,-0.275,0.275,True,5.368997821606523,6.689061472768466,-0.6677986069687858,0.7506915779568357,0.0,0.0,True,True,True
north,33.133,9,0.9,5.846781701724633,0.0,5.621781701724633,6.071781701724633,-0.275,0.275,True,5.349330737843271,6.815420534401431,-0.7386973224441268,0.825819007877712,0.0,0.0,True,True,True
north,33.199,1,0.1,5.684367520013094,0.0,5.459367520013094,5.9093675200130935,-0.275,0.275,True,5.379001762389807,5.987914246649663,-0.3341647515000961,0.37303495428631644,0.0,0.0,True,True,True
north,33.199,2,0.2,5.724975836780549,0.0,5.49997583678055,5.949975836780549,-0.275,0.275,True,5.395661046026197,6.07287654102369,-0.36805807841670757,0.407444638107343,0.0,0.0,True,True,True
north,33.199,3,0.3,5.760483662376553,0.0,5.535483662376554,5.985483662376553,-0.275,0.275,True,5.406768677186972,6.163390487873329,-0.40750305780893176,0.4474059744039824,0.0,0.0,True,True,True
north,33.199,4,0.4,5.790895284135005,0.0,5.565895284135006,6.015895284135005,-0.275,0.275,True,5.412324655872135,6.259456087198582,-0.45249968967676873,0.49291896317623457,0.0,0.0,True,True,True
north,33.199,5,0.5,5.816048973920878,0.0,5.591048973920878,6.041048973920877,-0.275,0.275,True,5.412328982081686,6.361073338999447,-0.5030479740202184,0.5439836044240994,0.0,0.0,True,True,True
north,33.199,6,0.6,5.835704456779167,0.0,5.6107044567791675,6.060704456779167,-0.275,0.275,True,5.406781655815624,6.468242243275926,-0.559147910839281,0.6005998981475771,0.0,0.0,True,True,True
north,33.199,7,0.7,5.849367041723167,0.0,5.6243670417231675,6.074367041723167,-0.275,0.275,True,5.39568267707395,6.580962800028016,-0.6207995001339562,0.6627678443466675,0.0,0.0,True,True,True
north,33.199,8,0.8,5.848214414514434,0.0,5.623214414514434,6.073214414514434,-0.275,0.275,True,5.379032045856661,6.69923500925572,-0.6880027419042443,0.7304874430213708,0.0,0.0,True,True,True
north,33.199,9,0.9,5.842844422467484,0.0,5.617844422467484,6.067844422467483,-0.275,0.275,True,5.356829762163761,6.823058870959035,-0.760757636150145,0.8037586941716867,0.0,0.0,True,True,True
north,33.265,1,0.1,5.71164770266357,0.0,5.4866477026635705,5.93664770266357,-0.275,0.275,True,5.391184464801852,6.0132072034802935,-0.3316974990751806,0.3755022067112332,0.0,0.0,True,True,True
north,33.265,2,0.2,5.748885320896075,0.0,5.523885320896075,5.973885320896074,-0.275,0.275,True,5.402888554695803,6.093214304111883,-0.3664643106590966,0.4090384058649564,0.0,0.0,True,True,True
north,33.265,3,0.3,5.781173073435763,0.0,5.5561730734357635,6.006173073435763,-0.275,0.275,True,5.409040992114139,6.178773057219085,-0.40678277471862545,0.44812625749429236,0.0,0.0,True,True,True
north,33.265,4,0.4,5.808114944243101,0.0,5.583114944243102,6.033114944243101,-0.275,0.275,True,5.409641777056865,6.269883462801898,-0.4526528912537671,0.49276576159924107,0.0,0.0,True,True,True
north,33.265,5,0.5,5.829631484405075,0.0,5.6046314844050755,6.054631484405075,-0.275,0.275,True,5.404690909523976,6.366545520860326,-0.5040746602645214,0.5429569181798026,0.0,0.0,True,True,True
north,33.265,6,0.6,5.8455078642911085,0.0,5.620507864291109,6.070507864291108,-0.275,0.275,True,5.394188389515475,6.468759231394367,-0.5610480817508886,0.5986997272359768,0.0,0.0,True,True,True
north,33.265,7,0.7,5.849238134986613,0.0,5.624238134986613,6.074238134986612,-0.275,0.275,True,5.378134217031361,6.576524594404019,-0.6235731557128684,0.6599941887677637,0.0,0.0,True,True,True
north,33.265,8,0.8,5.845048373304683,0.0,5.620048373304684,6.070048373304683,-0.275,0.275,True,5.356528392071634,6.689841609889285,-0.6916498821504612,0.7268403027751636,0.0,0.0,True,True,True
north,33.265,9,0.9,5.837442781246683,0.0,5.612442781246683,6.062442781246682,-0.275,0.275,True,5.329370914636294,6.808710277850164,-0.7652782610636666,0.7992380692581762,0.0,0.0,True,True,True
north,33.331,1,0.1,5.736808667567096,0.0,5.511808667567096,5.961808667567095,-0.275,0.275,True,5.4223257272847905,6.04001950419114,-0.34309903737468345,0.3641006684117299,0.0,0.0,True,True,True
north,33.331,2,0.2,5.77070450922747,0.0,5.545704509227471,5.99570450922747,-0.275,0.275,True,5.430926895192195,6.116923682836182,-0.3812871781068217,0.3942155384172304,0.0,0.0,True,True,True
north,33.331,3,0.3,5.79959394582389,0.0,5.5745939458238905,6.02459394582389,-0.275,0.275,True,5.433976410623987,6.199379513956839,-0.4250269713145728,0.4298820608983437,0.0,0.0,True,True,True
north,33.331,4,0.4,5.822988934344328,0.0,5.597988934344328,6.047988934344327,-0.275,0.275,True,5.431474273580166,6.2873869975531065,-0.47431841699793664,0.47110023585506977,0.0,0.0,True,True,True
north,33.331,5,0.5,5.8407500336743015,0.0,5.615750033674302,6.065750033674301,-0.275,0.275,True,5.423420484060731,6.380946133624988,-0.5291615151569132,0.5178700632874086,0.0,0.0,True,True,True
north,33.331,6,0.6,5.849821861036373,0.0,5.624821861036374,6.074821861036373,-0.275,0.275,True,5.409815042065683,6.480056922172483,-0.5895562657915026,0.5701915431953601,0.0,0.0,True,True,True
north,33.331,7,0.7,5.846877379510805,0.0,5.6218773795108055,6.071877379510805,-0.275,0.275,True,5.390657947595025,6.584719363195588,-0.6555026689017046,0.6280646755789244,0.0,0.0,True,True,True
north,33.331,8,0.8,5.840385135437873,0.0,5.615385135437873,6.0653851354378725,-0.275,0.275,True,5.365949200648752,6.694933456694309,-0.7270007244875197,0.6914894604381018,0.0,0.0,True,True,True
north,33.331,9,0.9,5.830574157735861,0.0,5.6055741577358615,6.055574157735861,-0.275,0.275,True,5.335688801226867,6.810699202668641,-0.8040504325489473,0.7604658977728915,0.0,0.0,True,True,True
north,33.397,1,0.1,5.759827363434671,0.0,5.534827363434672,5.984827363434671,-0.275,0.275,True,5.458181667550161,6.064355201245381,-0.33074737625680867,0.3764523295296039,0.0,0.0,True,True,True
north,33.397,2,0.2,5.790327702487438,0.0,5.565327702487439,6.015327702487438,-0.275,0.275,True,5.467565928872297,6.142042473305154,-0.36458154288237726,0.4109211736416733,0.0,0.0,True,True,True
north,33.397,3,0.3,5.815610016820858,0.0,5.590610016820858,6.040610016820858,-0.275,0.275,True,5.47139853771882,6.225281397840542,-0.4039673619835586,0.45094167022935555,0.0,0.0,True,True,True
north,33.397,4,0.4,5.835364407309437,0.0,5.610364407309437,6.060364407309437,-0.275,0.275,True,5.46967949408973,6.314071974851541,-0.44890483356035277,0.49651381929265054,0.0,0.0,True,True,True
north,33.397,5,0.5,5.849272343386641,0.0,5.624272343386641,6.074272343386641,-0.275,0.275,True,5.462408797985027,6.408414204338153,-0.4993939576127596,0.5476376208315582,0.0,0.0,True,True,True
north,33.397,6,0.6,5.848291690176786,0.0,5.623291690176786,6.073291690176785,-0.275,0.275,True,5.449586449404712,6.508308086300378,-0.5554347341407793,0.6043130748460788,0.0,0.0,True,True,True
north,33.397,7,0.7,5.842981481416618,0.0,5.617981481416618,6.067981481416617,-0.275,0.275,True,5.431212448348784,6.613753620738215,-0.6170271631444117,0.666540181336212,0.0,0.0,True,True,True
north,33.397,8,0.8,5.8342504028829945,0.0,5.609250402882995,6.059250402882994,-0.275,0.275,True,5.407286794817244,6.724750807651665,-0.684171244623657,0.7343189403019581,0.0,0.0,True,True,True
north,33.397,9,0.9,5.8222142755848765,0.0,5.597214275584877,6.047214275584876,-0.275,0.275,True,5.37780948881009,6.841299647040729,-0.7568669785785149,0.8076493517433168,0.0,0.0,True,True,True
north,33.463,1,0.1,5.780580960905991,0.0,5.555580960905991,6.0055809609059905,-0.275,0.275,True,5.477978414590883,6.085907857899819,-0.3290696459553807,0.3781300598310323,0.0,0.0,True,True,True
north,33.463,2,0.2,5.807622050474219,0.0,5.582622050474219,6.0326220504742185,-0.275,0.275,True,5.486131223528961,6.162363677575536,-0.3617591380194693,0.41374357850458215,0.0,0.0,True,True,True
north,33.463,3,0.3,5.829255183659299,0.0,5.6042551836592995,6.054255183659299,-0.275,0.275,True,5.4887323799914265,6.244371149726866,-0.40000028255917064,0.4549087496537447,0.0,0.0,True,True,True
north,33.463,4,0.4,5.845252553821184,0.0,5.620252553821184,6.070252553821184,-0.275,0.275,True,5.485781883978279,6.331930274353808,-0.4437930795744849,0.5016255732785202,0.0,0.0,True,True,True
north,33.463,5,0.5,5.84928448212128,0.0,5.62428448212128,6.074284482121279,-0.275,0.275,True,5.477279735489519,6.425041051456363,-0.49313752906541175,0.5538940493789083,0.0,0.0,True,True,True
north,33.463,6,0.6,5.845164592041934,0.0,5.6201645920419345,6.070164592041934,-0.275,0.275,True,5.463225934525147,6.523703481034531,-0.5480336310319515,0.6117141779549092,0.0,0.0,True,True,True
north,33.463,7,0.7,5.8376318361968345,0.0,5.612631836196835,6.062631836196834,-0.275,0.275,True,5.443620481085161,6.627917563088311,-0.6084813854741039,0.6750859590065229,0.0,0.0,True,True,True
north,33.463,8,0.8,5.826693887298664,0.0,5.601693887298665,6.051693887298664,-0.275,0.275,True,5.418463375169563,6.737683297617704,-0.6744807923918691,0.7440093925337493,0.0,0.0,True,True,True
north,33.463,9,0.9,5.812367164054726,0.0,5.587367164054727,6.037367164054726,-0.275,0.275,True,5.387754616778351,6.853000684622711,-0.7460318517852471,0.8184844785365886,0.0,0.0,True,True,True
north,33.529,1,0.1,5.799066579933339,0.0,5.57406657993334,6.024066579933339,-0.275,0.275,True,5.506373425650054,6.107203333478499,-0.3324352575277157,0.37476444825869765,0.0,0.0,True,True,True
north,33.529,2,0.2,5.822561117878552,0.0,5.597561117878552,6.047561117878551,-0.275,0.275,True,5.511493947941573,6.180626866507655,-0.36446025360581696,0.41104246291823515,0.0,0.0,True,True,True
north,33.529,3,0.3,5.840446774556098,0.0,5.615446774556099,6.065446774556098,-0.275,0.275,True,5.511062817757478,6.259602052012426,-0.40203690215953103,0.45287213005338545,0.0,0.0,True,True,True
north,33.529,4,0.4,5.849844268985301,0.0,5.624844268985301,6.0748442689853,-0.275,0.275,True,5.505080035097771,6.344128889992807,-0.4451652031888579,0.5002534496641485,0.0,0.0,True,True,True
north,33.529,5,0.5,5.846967233223907,0.0,5.6219672332239075,6.071967233223907,-0.275,0.275,True,5.4935455999624505,6.434207380448803,-0.4938451566937975,0.5531864217505243,0.0,0.0,True,True,True
north,33.529,6,0.6,5.84055281995655,0.0,5.615552819956551,6.06555281995655,-0.275,0.275,True,5.476459512351517,6.529837523380412,-0.5480767626743498,0.6116710463125129,0.0,0.0,True,True,True
north,33.529,7,0.7,5.830812240418803,0.0,5.605812240418803,6.055812240418803,-0.275,0.275,True,5.4538217722649724,6.631019318787631,-0.607860021130515,0.6757073233501141,0.0,0.0,True,True,True
north,33.529,8,0.8,5.817687200863012,0.0,5.592687200863012,6.0426872008630115,-0.275,0.275,True,5.425632379702813,6.737752766670465,-0.673194932062293,0.7452952528633285,0.0,0.0,True,True,True
north,33.529,9,0.9,5.80093535654296,0.0,5.575935356542961,6.02593535654296,-0.275,0.275,True,5.391891334665043,6.850037867028911,-0.7440814954696836,0.8204348348521552,0.0,0.0,True,True,True
north,33.595,1,0.1,5.81517105972084,0.0,5.5901710597208405,6.04017105972084,-0.275,0.275,True,5.542541010773054,6.126408271519162,-0.3415469795155275,0.3656527262708851,0.0,0.0,True,True,True
north,33.595,2,0.2,5.835024357839709,0.0,5.610024357839709,6.060024357839708,-0.275,0.275,True,5.5477752814754195,6.199945552959164,-0.37939399541608887,0.3961087211079617,0.0,0.0,True,True,True
north,33.595,3,0.3,5.849177645050114,0.0,5.624177645050114,6.0741776450501135,-0.275,0.275,True,5.547457899702171,6.27903448687478,-0.4227926637922631,0.43211636842065104,0.0,0.0,True,True,True
north,33.595,4,0.4,5.848359891102991,0.0,5.623359891102991,6.0733598911029905,-0.275,0.275,True,5.541588865453311,6.363675073266009,-0.47174298464405007,0.47367566820895324,0.0,0.0,True,True,True
north,33.595,5,0.5,5.843118540365753,0.0,5.618118540365753,6.068118540365752,-0.275,0.275,True,5.530168178728837,6.45386731213285,-0.5262449579714498,0.5207866204728681,0.0,0.0,True,True,True
north,33.595,6,0.6,5.83445822512606,0.0,5.60945822512606,6.059458225126059,-0.275,0.275,True,5.51319583952875,6.549611203475304,-0.5862985837744623,0.5734492252123957,0.0,0.0,True,True,True
north,33.595,7,0.7,5.822491723757562,0.0,5.597491723757562,6.047491723757561,-0.275,0.275,True,5.490671847853052,6.650906747293369,-0.6519038620530876,0.6316634824275361,0.0,0.0,True,True,True
north,33.595,8,0.8,5.807070234653209,0.0,5.58207023465321,6.032070234653209,-0.275,0.275,True,5.4625962037017395,6.757753943587049,-0.7230607928073256,0.6954293921182895,0.0,0.0,True,True,True
north,33.595,9,0.9,5.787792392820575,0.0,5.562792392820575,6.012792392820574,-0.275,0.275,True,5.428968907074815,6.8701527923563415,-0.7997693760371763,0.7647469542846553,0.0,0.0,True,True,True
north,33.661,1,0.1,5.828878882913525,0.0,5.603878882913525,6.053878882913525,-0.275,0.275,True,5.520291421265273,6.13572433800798,-0.33095350237885296,0.3762462034075608,0.0,0.0,True,True,True
north,33.661,2,0.2,5.84499724335126,0.0,5.619997243351261,6.06999724335126,-0.275,0.275,True,5.516627383215776,6.200363310696122,-0.36557951103117003,0.40992320549288297,0.0,0.0,True,True,True
north,33.661,3,0.3,5.849330829255947,0.0,5.624330829255947,6.074330829255946,-0.275,0.275,True,5.507411692690667,6.270553935859878,-0.40575717215909984,0.44915186005381796,0.0,0.0,True,True,True
north,33.661,4,0.4,5.845280810779185,0.0,5.620280810779185,6.070280810779185,-0.275,0.275,True,5.492644349689946,6.346296213499245,-0.4514864857626425,0.4939321670903657,0.0,0.0,True,True,True
north,33.661,5,0.5,5.837807796826358,0.0,5.612807796826359,6.062807796826358,-0.275,0.275,True,5.472325354213611,6.427590143614227,-0.5027674518417978,0.5442641266025262,0.0,0.0,True,True,True
north,33.661,6,0.6,5.826944604243342,0.0,5.601944604243342,6.051944604243341,-0.275,0.275,True,5.446454706261663,6.5144357262048205,-0.5596000703965659,0.6001477385902995,0.0,0.0,True,True,True
north,33.661,7,0.7,5.812686646764746,0.0,5.587686646764746,6.037686646764746,-0.275,0.275,True,5.415032405834103,6.606832961271027,-0.6219843414269467,0.6615830030536854,0.0,0.0,True,True,True
north,33.661,8,0.8,5.794775217241989,0.0,5.56977521724199,6.019775217241989,-0.275,0.275,True,5.37805845293093,6.704781848812847,-0.6899202649329405,0.7285699199926844,0.0,0.0,True,True,True
north,33.661,9,0.9,5.772972767562981,0.0,5.547972767562982,5.997972767562981,-0.275,0.275,True,5.335532847552144,6.808282388830279,-0.7634078409145469,0.8011084894072958,0.0,0.0,True,True,True
north,33.727,1,0.1,5.840143515437896,0.0,5.615143515437897,6.065143515437896,-0.275,0.275,True,5.531578219633985,6.1440821774527485,-0.33668244390281554,0.37051726188359824,0.0,0.0,True,True,True
north,33.727,2,0.2,5.849860540976511,0.0,5.624860540976512,6.074860540976511,-0.275,0.275,True,5.519653077511068,6.2004600460674695,-0.37072869524712626,0.40477402127692697,0.0,0.0,True,True,True
north,33.727,3,0.3,5.847057086937009,0.0,5.6220570869370095,6.072057086937009,-0.275,0.275,True,5.502176282912537,6.262389567157805,-0.4103265990670497,0.4445824331458683,0.0,0.0,True,True,True
north,33.727,4,0.4,5.840711160343467,0.0,5.6157111603434675,6.065711160343467,-0.275,0.275,True,5.479147835838395,6.329870740723752,-0.455476155362586,0.4899424974904226,0.0,0.0,True,True,True
north,33.727,5,0.5,5.8310503231017465,0.0,5.606050323101747,6.056050323101746,-0.275,0.275,True,5.45056773628864,6.402903566765312,-0.5061773641337349,0.5408542143105896,0.0,0.0,True,True,True
north,33.727,6,0.6,5.817972569588442,0.0,5.592972569588443,6.042972569588442,-0.275,0.275,True,5.416435984263271,6.481488045282485,-0.5624302253804968,0.5973175836063692,0.0,0.0,True,True,True
north,33.727,7,0.7,5.801300975100676,0.0,5.5763009751006765,6.026300975100676,-0.275,0.275,True,5.37675257976229,6.5656241762752705,-0.6242347391028713,0.6593326053777617,0.0,0.0,True,True,True
north,33.727,8,0.8,5.780773358018209,0.0,5.555773358018209,6.005773358018208,-0.275,0.275,True,5.331517522785696,6.65531195974367,-0.6915909053008585,0.726899279624767,0.0,0.0,True,True,True
north,33.727,9,0.9,5.756096986987418,0.0,5.531096986987419,5.981096986987418,-0.275,0.275,True,5.28073081333349,6.7505513956876815,-0.7644987239744585,0.800017606347385,0.0,0.0,True,True,True
north,33.793,1,0.1,5.848938943079518,0.0,5.623938943079518,6.073938943079518,-0.275,0.275,True,5.544236348183773,6.14835253702081,-0.3408038342109111,0.3663958715755019,0.0,0.0,True,True,True
north,33.793,2,0.2,5.848428092029196,0.0,5.623428092029196,6.073428092029196,-0.275,0.275,True,5.527970275686023,6.200389475260699,-0.3765351098415372,0.39896760668251424,0.0,0.0,True,True,True
north,33.793,3,0.3,5.843255599314888,0.0,5.618255599314888,6.068255599314887,-0.275,0.275,True,5.50615255071266,6.257978065976199,-0.41781803794777606,0.4370909942651393,0.0,0.0,True,True,True
north,33.793,4,0.4,5.834666047369125,0.0,5.609666047369125,6.059666047369125,-0.275,0.275,True,5.478783173263684,6.321118309167313,-0.4646526185296278,0.4807660343233773,0.0,0.0,True,True,True
north,33.793,5,0.5,5.822766104488132,0.0,5.597766104488132,6.047766104488131,-0.275,0.275,True,5.445862143339095,6.389810204834039,-0.5170388515870922,0.5299927268572279,0.0,0.0,True,True,True
north,33.793,6,0.6,5.807427189217058,0.0,5.582427189217058,6.032427189217057,-0.275,0.275,True,5.4073894609388935,6.464053752976378,-0.5749767371201694,0.5847710718666913,0.0,0.0,True,True,True
north,33.793,7,0.7,5.7882065794744335,0.0,5.563206579474434,6.013206579474433,-0.275,0.275,True,5.36336512606308,6.54384895359433,-0.6384662751288593,0.6451010693517675,0.0,0.0,True,True,True
north,33.793,8,0.8,5.764946591552198,0.0,5.539946591552198,5.989946591552197,-0.275,0.275,True,5.313789138711653,6.629195806687894,-0.707507465613162,0.7109827193124564,0.0,0.0,True,True,True
north,33.793,9,0.9,5.737203494234691,0.0,5.512203494234691,5.96220349423469,-0.275,0.275,True,5.258661498884613,6.720094312257073,-0.7821003085730776,0.7824160217487581,0.0,0.0,True,True,True
north,33.859,1,0.1,5.849377176390614,0.0,5.624377176390614,6.074377176390613,-0.275,0.275,True,5.563500514168943,6.161447550421052,-0.3382618350672682,0.36893787071914513,0.0,0.0,True,True,True
north,33.859,2,0.2,5.845397029516436,0.0,5.620397029516436,6.070397029516435,-0.275,0.275,True,5.550980887380004,6.217230934369749,-0.37509926480457906,0.40040345171947306,0.0,0.0,True,True,True
north,33.859,3,0.3,5.8379837574558815,0.0,5.612983757455882,6.062983757455881,-0.275,0.275,True,5.532909608115451,6.278565970794062,-0.4174883470175027,0.43742068519541377,0.0,0.0,True,True,True
north,33.859,4,0.4,5.827189547308447,0.0,5.6021895473084475,6.052189547308447,-0.275,0.275,True,5.509286676375287,6.3454526596939855,-0.46542908170603914,0.4799895711469673,0.0,0.0,True,True,True
north,33.859,5,0.5,5.813006129474767,0.0,5.588006129474767,6.038006129474766,-0.275,0.275,True,5.480112092159508,6.417891001069523,-0.5189214688701883,0.5281101095741335,0.0,0.0,True,True,True
north,33.859,6,0.6,5.795181322298417,0.0,5.570181322298417,6.020181322298416,-0.275,0.275,True,5.445385855468116,6.4958809949206735,-0.5779655085099502,0.5817823004769125,0.0,0.0,True,True,True
north,33.859,7,0.7,5.773444519310937,0.0,5.548444519310937,5.998444519310937,-0.275,0.275,True,5.405107966301114,6.579422641247436,-0.6425612006253248,0.6410061438553042,0.0,0.0,True,True,True
north,33.859,8,0.8,5.747230800123304,0.0,5.522230800123304,5.972230800123303,-0.275,0.275,True,5.359278424658497,6.6685159400498115,-0.7127085452163126,0.705781639709309,0.0,0.0,True,True,True
north,33.859,9,0.9,5.716254087821417,0.0,5.491254087821417,5.941254087821417,-0.275,0.275,True,5.307897230540267,6.763160891327799,-0.7884075422829127,0.7761087880389261,0.0,0.0,True,True,True
north,33.925,1,0.1,5.84714694065011,0.0,5.622146940650111,6.07214694065011,-0.275,0.275,True,5.540365537047921,6.158325071493481,-0.3374558941595845,0.36974381162682807,0.0,0.0,True,True,True
north,33.925,2,0.2,5.840869500730383,0.0,5.615869500730383,6.065869500730383,-0.275,0.275,True,5.518053359898229,6.204315905081425,-0.3714361948874091,0.4040665216366415,0.0,0.0,True,True,True
north,33.925,3,0.3,5.831273562575142,0.0,5.606273562575143,6.056273562575142,-0.275,0.275,True,5.4901895302729224,6.255858391144983,-0.41096814809084653,0.4439408841220676,0.0,0.0,True,True,True
north,33.925,4,0.4,5.818257938313874,0.0,5.593257938313874,6.043257938313873,-0.275,0.275,True,5.4567740481720035,6.3129525296841535,-0.4560517537698967,0.4893668990831066,0.0,0.0,True,True,True
north,33.925,5,0.5,5.801666593658391,0.0,5.576666593658391,6.0266665936583905,-0.275,0.275,True,5.417806913595472,6.375598320698937,-0.5066870119245596,0.5403445665197583,0.0,0.0,True,True,True
north,33.925,6,0.6,5.781230338404543,0.0,5.556230338404544,6.006230338404543,-0.275,0.275,True,5.373288126543327,6.443795764189333,-0.5628739225548354,0.5968738864320227,0.0,0.0,True,True,True
north,33.925,7,0.7,5.756648563995242,0.0,5.531648563995242,5.9816485639952415,-0.275,0.275,True,5.323217687015571,6.517544860155341,-0.6246124856607238,0.6589548588198999,0.0,0.0,True,True,True
north,33.925,8,0.8,5.727369407426946,0.0,5.502369407426946,5.9523694074269455,-0.275,0.275,True,5.267595595012201,6.596845608596962,-0.6919027012422251,0.72658748368339,0.0,0.0,True,True,True
north,33.925,9,0.9,5.69318905261905,0.0,5.46818905261905,5.9181890526190495,-0.275,0.275,True,5.206421850533219,6.6816980095141965,-0.7647445692993391,0.7997717610224926,0.0,0.0,True,True,True
north,33.991,1,0.1,5.843392658264022,0.0,5.618392658264022,6.068392658264021,-0.275,0.275,True,5.541941597543963,6.147371814359118,-0.34134707347350884,0.36585263231290494,0.0,0.0,True,True,True
north,33.991,2,0.2,5.834873869612189,0.0,5.60987386961219,6.059873869612189,-0.275,0.275,True,5.512519978737375,6.186253206290168,-0.3763756847459758,0.3991270317780772,0.0,0.0,True,True,True
north,33.991,3,0.3,5.8230404852187005,0.0,5.598040485218701,6.0480404852187,-0.275,0.275,True,5.477546707455172,6.230686250696831,-0.41695594849405565,0.43795308371886216,0.0,0.0,True,True,True
north,33.991,4,0.4,5.807784143780907,0.0,5.582784143780907,6.032784143780907,-0.275,0.275,True,5.437021783697359,6.280670947579106,-0.46308786471774827,0.4823307881352599,0.0,0.0,True,True,True
north,33.991,5,0.5,5.788620766128294,0.0,5.563620766128294,6.013620766128294,-0.275,0.275,True,5.390945207463931,6.336207296936994,-0.5147714334170536,0.5322601450272705,0.0,0.0,True,True,True
north,33.991,6,0.6,5.765451415053549,0.0,5.54045141505355,5.990451415053549,-0.275,0.275,True,5.339316978754891,6.397295298770496,-0.5720066545919716,0.5877411543948937,0.0,0.0,True,True,True
north,33.991,7,0.7,5.737814890848401,0.0,5.512814890848401,5.9628148908484,-0.275,0.275,True,5.282137097570238,6.463934953079609,-0.6347935282425025,0.6487738162381297,0.0,0.0,True,True,True
north,33.991,8,0.8,5.705459302595696,0.0,5.480459302595697,5.930459302595696,-0.275,0.275,True,5.219405563909972,6.536126259864337,-0.7031320543686462,0.7153581305569786,0.0,0.0,True,True,True
north,33.991,9,0.9,5.668034843268593,0.0,5.4430348432685935,5.893034843268593,-0.275,0.275,True,5.151122377774093,6.613869219124676,-0.7770222329704026,0.7874940973514402,0.0,0.0,True,True,True
north,34.057,1,0.1,5.838159718085405,0.0,5.613159718085405,6.063159718085404,-0.275,0.275,True,5.536513186651732,6.14328122230729,-0.33702780836133317,0.37017189742508017,0.0,0.0,True,True,True
north,34.057,2,0.2,5.827434490373552,0.0,5.602434490373552,6.052434490373551,-0.275,0.275,True,5.5023185558278005,6.1773896022209955,-0.3719291639131683,0.4035735526108838,0.0,0.0,True,True,True
north,34.057,3,0.3,5.813325612184787,0.0,5.5883256121847875,6.038325612184787,-0.275,0.275,True,5.462572272528254,6.217049634610315,-0.4123821719406162,0.44252686027230026,0.0,0.0,True,True,True
north,34.057,4,0.4,5.795587427354846,0.0,5.570587427354846,6.020587427354846,-0.275,0.275,True,5.417274336753096,6.262261319475245,-0.45838683244367695,0.48703182040932946,0.0,0.0,True,True,True
north,34.057,5,0.5,5.773903517641497,0.0,5.548903517641497,5.998903517641496,-0.275,0.275,True,5.366424748502325,6.313024656815791,-0.5099431454223504,0.5370884330219714,0.0,0.0,True,True,True
north,34.057,6,0.6,5.747786415321438,0.0,5.5227864153214385,5.972786415321438,-0.275,0.275,True,5.310023507775941,6.369339646631948,-0.5670511108766365,0.5926966981102262,0.0,0.0,True,True,True
north,34.057,7,0.7,5.716921122795539,0.0,5.49192112279554,5.941921122795539,-0.275,0.275,True,5.248070614573945,6.4312062889237165,-0.6297107288065354,0.6538566156740936,0.0,0.0,True,True,True
north,34.057,8,0.8,5.6812409593185045,0.0,5.456240959318505,5.906240959318504,-0.275,0.275,True,5.1805660688963355,6.4986245836911,-0.6979219992120475,0.7205681857135741,0.0,0.0,True,True,True
north,34.057,9,0.9,5.640453542535996,0.0,5.415453542535996,5.865453542535995,-0.275,0.275,True,5.1075098707431135,6.571594530934095,-0.7716849220931719,0.7928314082286669,0.0,0.0,True,True,True
north,34.123,1,0.1,5.831492600509241,0.0,5.606492600509242,6.056492600509241,-0.275,0.275,True,5.531676703378914,6.137425556669421,-0.32954718201042776,0.3776525237759848,0.0,0.0,True,True,True
north,34.123,2,0.2,5.818543307039304,0.0,5.593543307039305,6.043543307039304,-0.275,0.275,True,5.496603215975002,6.170655080003145,-0.3607370457373721,0.4147656707866785,0.0,0.0,True,True,True
north,34.123,3,0.3,5.802030526721535,0.0,5.577030526721535,6.027030526721535,-0.275,0.275,True,5.455978076095475,6.2094362558124825,-0.3974785619399292,0.45743047027298495,0.0,0.0,True,True,True
north,34.123,4,0.4,5.781683435165453,0.0,5.5566834351654535,6.006683435165453,-0.275,0.275,True,5.409801283740335,6.253769084097432,-0.43977173061809915,0.5056469222349042,0.0,0.0,True,True,True
north,34.123,5,0.5,5.757200141003067,0.0,5.5322001410030675,5.982200141003067,-0.275,0.275,True,5.358072838909583,6.303653564857995,-0.48761655177188173,0.559415026672436,0.0,0.0,True,True,True
north,34.123,6,0.6,5.727984723405588,0.0,5.502984723405588,5.952984723405588,-0.275,0.275,True,5.300792741603218,6.359089698094171,-0.5410130254012772,0.6187347835855809,0.0,0.0,True,True,True
north,34.123,7,0.7,5.693910314434765,0.0,5.4689103144347655,5.918910314434765,-0.275,0.275,True,5.237960991821241,6.420077483805958,-0.5999611515062854,0.6836061929743383,0.0,0.0,True,True,True
north,34.123,8,0.8,5.654823635303284,0.0,5.4298236353032845,5.879823635303284,-0.275,0.275,True,5.169577589563651,6.486616921993359,-0.6644609300869064,0.7540292548387086,0.0,0.0,True,True,True
north,34.123,9,0.9,5.610632078503197,0.0,5.385632078503197,5.835632078503196,-0.275,0.275,True,5.095642534830448,6.558708012656373,-0.7345123611431401,0.8300039691786916,0.0,0.0,True,True,True
north,34.189,1,0.1,5.823314865949269,0.0,5.598314865949269,6.048314865949268,-0.275,0.275,True,5.505329143589812,6.124706147118012,-0.3323454087582386,0.3748542970281744,0.0,0.0,True,True,True
north,34.189,2,0.2,5.80813180517059,0.0,5.5831318051705905,6.03313180517059,-0.275,0.275,True,5.462928186139581,6.1506082004054194,-0.36356537131863265,0.4119373452054188,0.0,0.0,True,True,True
north,34.189,3,0.3,5.7890349527821545,0.0,5.564034952782155,6.014034952782154,-0.275,0.275,True,5.414975576213736,6.182061906168439,-0.40033698635463943,0.45457204585827593,0.0,0.0,True,True,True
north,34.189,4,0.4,5.765956238554903,0.0,5.540956238554903,5.990956238554903,-0.275,0.275,True,5.36147131381228,6.219067264407072,-0.44266025386625907,0.502758398986746,0.0,0.0,True,True,True
north,34.189,5,0.5,5.7384262874621115,0.0,5.513426287462112,5.963426287462111,-0.275,0.275,True,5.30241539893521,6.261624275121317,-0.4905351738534913,0.5564964045908287,0.0,0.0,True,True,True
north,34.189,6,0.6,5.706180310769513,0.0,5.481180310769513,5.931180310769513,-0.275,0.275,True,5.237807831582527,6.309732938311175,-0.5439617463163364,0.6157860626705243,0.0,0.0,True,True,True
north,34.189,7,0.7,5.668812364916469,0.0,5.443812364916469,5.893812364916468,-0.275,0.275,True,5.167648611754233,6.363393253976646,-0.6029399712547944,0.6806273732258324,0.0,0.0,True,True,True
north,34.189,8,0.8,5.626296601983941,0.0,5.401296601983941,5.8512966019839405,-0.275,0.275,True,5.091937739450325,6.422605222117729,-0.6674698486688649,0.7510203362567535,0.0,0.0,True,True,True
north,34.189,9,0.9,5.578584993374625,0.0,5.353584993374626,5.803584993374625,-0.275,0.275,True,5.010675214670804,6.487368842734427,-0.7375513785585484,0.8269649517632873,0.0,0.0,True,True,True
north,34.255,1,0.1,5.813645094894806,0.0,5.588645094894806,6.038645094894806,-0.275,0.275,True,5.516491811510011,6.117720512511231,-0.33918048578300347,0.36801922000340986,0.0,0.0,True,True,True
north,34.255,2,0.2,5.7959935324112735,0.0,5.570993532411274,6.020993532411273,-0.275,0.275,True,5.473933168808281,6.143464880547138,-0.3745273776860333,0.40097533883801884,0.0,0.0,True,True,True
north,34.255,3,0.3,5.774362515972056,0.0,5.5493625159720565,5.999362515972056,-0.275,0.275,True,5.4258228736309375,6.174760901058661,-0.4154259220646758,0.43948311014824065,0.0,0.0,True,True,True
north,34.255,4,0.4,5.748342030519574,0.0,5.523342030519574,5.973342030519573,-0.275,0.275,True,5.372160925977982,6.211608574045793,-0.46187611891893116,0.48354253393407526,0.0,0.0,True,True,True
north,34.255,5,0.5,5.717588157769662,0.0,5.492588157769663,5.942588157769662,-0.275,0.275,True,5.312947325849413,6.25400789950854,-0.5138779682487993,0.5331536101955225,0.0,0.0,True,True,True
north,34.255,6,0.6,5.682016798320873,0.0,5.457016798320874,5.907016798320873,-0.275,0.275,True,5.24818207324523,6.3019588774469,-0.5714314700542801,0.5883163389325826,0.0,0.0,True,True,True
north,34.255,7,0.7,5.641340083667304,0.0,5.416340083667304,5.866340083667303,-0.275,0.275,True,5.177865168165437,6.355461507860871,-0.6345366243353736,0.6490307201452554,0.0,0.0,True,True,True
north,34.255,8,0.8,5.5955374230603425,0.0,5.370537423060343,5.820537423060342,-0.275,0.275,True,5.10199661061003,6.414515790750457,-0.7031934310920802,0.7152967538335413,0.0,0.0,True,True,True
north,34.255,9,0.9,5.544413823065374,0.0,5.319413823065374,5.769413823065373,-0.275,0.275,True,5.02057640057901,6.479121726115654,-0.7774018903243993,0.7871144399974395,0.0,0.0,True,True,True
north,34.321,1,0.1,5.802392774290107,0.0,5.577392774290107,6.027392774290107,-0.275,0.275,True,5.493828533117777,6.106977113471792,-0.3369385811196443,0.37026112466676825,0.0,0.0,True,True,True
north,34.321,2,0.2,5.782136531926361,0.0,5.5571365319263615,6.007136531926361,-0.275,0.275,True,5.448951541875498,6.13040313296715,-0.37275648441389614,0.4027462321101544,0.0,0.0,True,True,True
north,34.321,3,0.3,5.757751718010892,0.0,5.532751718010893,5.982751718010892,-0.275,0.275,True,5.398522898157605,6.15938080493812,-0.41412604018376076,0.4407829920291534,0.0,0.0,True,True,True
north,34.321,4,0.4,5.728600039384232,0.0,5.503600039384232,5.953600039384232,-0.275,0.275,True,5.3425426019641,6.1939101293847045,-0.46104724842923817,0.48437140442376514,0.0,0.0,True,True,True
north,34.321,5,0.5,5.6946328352415065,0.0,5.469632835241507,5.919632835241506,-0.275,0.275,True,5.281010653294981,6.233991106306901,-0.5135201091503283,0.5335114692939895,0.0,0.0,True,True,True
north,34.321,6,0.6,5.655654114431264,0.0,5.430654114431264,5.880654114431263,-0.275,0.275,True,5.21392705215025,6.27962373570471,-0.5715446223470312,0.5882031866398268,0.0,0.0,True,True,True
north,34.321,7,0.7,5.611574995753775,0.0,5.386574995753775,5.836574995753774,-0.275,0.275,True,5.141291798529907,6.330808017578131,-0.6351207880193469,0.6484465564612768,0.0,0.0,True,True,True
north,34.321,8,0.8,5.5622879694474365,0.0,5.337287969447437,5.787287969447436,-0.275,0.275,True,5.063104892433951,6.387543951927166,-0.7042486061672754,0.7142415787583397,0.0,0.0,True,True,True
north,34.321,9,0.9,5.508116023755969,0.0,5.283116023755969,5.733116023755969,-0.275,0.275,True,4.979366333862381,6.4498315387518135,-0.7789280767908165,0.7855882535310151,0.0,0.0,True,True,True
north,34.387,1,0.1,5.789449139436013,0.0,5.564449139436014,6.014449139436013,-0.275,0.275,True,5.478844111607263,6.093197470364055,-0.3246352727043094,0.38256443308210436,0.0,0.0,True,True,True
north,34.387,2,0.2,5.766461062056255,0.0,5.541461062056255,5.9914610620562545,-0.275,0.275,True,5.431554698996331,6.1142110684907625,-0.3551786580062909,0.4203240585177621,0.0,0.0,True,True,True
north,34.387,3,0.3,5.739037684075822,0.0,5.514037684075823,5.964037684075822,-0.275,0.275,True,5.378713633909785,6.140776319093082,-0.3912736957838852,0.4636353364290326,0.0,0.0,True,True,True
north,34.387,4,0.4,5.706876029332026,0.0,5.481876029332026,5.931876029332026,-0.275,0.275,True,5.320320916347629,6.172893222171013,-0.4329203860370923,0.5124982668159159,0.0,0.0,True,True,True
north,34.387,5,0.5,5.6695898865643475,0.0,5.444589886564348,5.894589886564347,-0.275,0.275,True,5.256376546309858,6.21056177772456,-0.48011872876591216,0.5669128496784119,0.0,0.0,True,True,True
north,34.387,6,0.6,5.62717831112208,0.0,5.40217831112208,5.8521783111220795,-0.275,0.275,True,5.186880523796474,6.253781985753718,-0.5328687239703447,0.6268790850165207,0.0,0.0,True,True,True
north,34.387,7,0.7,5.579578299557809,0.0,5.35457829955781,5.804578299557809,-0.275,0.275,True,5.111832848807478,6.302553846258488,-0.59117037165039,0.6923969728302422,0.0,0.0,True,True,True
north,34.387,8,0.8,5.5269141730400495,0.0,5.30191417304005,5.751914173040049,-0.275,0.275,True,5.03123352134287,6.356877359238872,-0.6550236718060483,0.7634665131195766,0.0,0.0,True,True,True
north,34.387,9,0.9,5.469546860455025,0.0,5.244546860455025,5.6945468604550245,-0.275,0.275,True,4.945082541402647,6.416752524694869,-0.7244286244373191,0.8400877058845236,0.0,0.0,True,True,True
north,34.453,1,0.1,5.774821514302614,0.0,5.549821514302614,5.999821514302614,-0.275,0.275,True,5.46172980473951,6.072558814196543,-0.33963829626762754,0.3675614095187858,0.0,0.0,True,True,True
north,34.453,2,0.2,5.748897645717707,0.0,5.523897645717708,5.973897645717707,-0.275,0.275,True,5.40809115556163,6.0872231757563,-0.37357426003576355,0.40192845648828857,0.0,0.0,True,True,True
north,34.453,3,0.3,5.718255192743786,0.0,5.493255192743787,5.943255192743786,-0.275,0.275,True,5.348900853908135,6.107439189791671,-0.41306187627951235,0.4418471559334041,0.0,0.0,True,True,True
north,34.453,4,0.4,5.682792637323245,0.0,5.457792637323245,5.9077926373232446,-0.275,0.275,True,5.28415889977903,6.133206856302653,-0.4581011449988739,0.4873175078541325,0.0,0.0,True,True,True
north,34.453,5,0.5,5.642226624798614,0.0,5.417226624798614,5.867226624798613,-0.275,0.275,True,5.21386529317431,6.16452617528925,-0.5086920661938482,0.5383395122504736,0.0,0.0,True,True,True
north,34.453,6,0.6,5.5965359786826445,0.0,5.371535978682645,5.821535978682644,-0.275,0.275,True,5.1380200340939775,6.20139714675146,-0.5648346398644353,0.5949131691224274,0.0,0.0,True,True,True
north,34.453,7,0.7,5.545459171638933,0.0,5.320459171638934,5.770459171638933,-0.275,0.275,True,5.056623122538033,6.24381977068928,-0.626528866010635,0.6570384784699941,0.0,0.0,True,True,True
north,34.453,8,0.8,5.4895635599824955,0.0,5.264563559982496,5.714563559982495,-0.275,0.275,True,4.969674558506475,6.291794047102715,-0.6937747446324478,0.7247154402931737,0.0,0.0,True,True,True
north,34.453,9,0.9,5.42897315893438,0.0,5.203973158934381,5.65397315893438,-0.275,0.275,True,4.877174341999305,6.345319975991762,-0.7665722757298731,0.7979440545919657,0.0,0.0,True,True,True
north,34.519,1,0.1,5.758303295018715,0.0,5.533303295018715,5.983303295018715,-0.275,0.275,True,5.45561717986295,6.061516623477046,-0.3298294440835293,0.37737026170288324,0.0,0.0,True,True,True
north,34.519,2,0.2,5.729215355362874,0.0,5.5042153553628745,5.954215355362874,-0.275,0.275,True,5.403735313301898,6.077937767653632,-0.36348951484454806,0.4120132016795025,0.0,0.0,True,True,True
north,34.519,3,0.3,5.695355356048247,0.0,5.470355356048247,5.920355356048247,-0.275,0.275,True,5.346301794265234,6.099910564305832,-0.40270123808117964,0.4522077941317345,0.0,0.0,True,True,True
north,34.519,4,0.4,5.656484593559246,0.0,5.431484593559246,5.881484593559246,-0.275,0.275,True,5.283316622752958,6.127435013433645,-0.44746461379342395,0.49795403905957936,0.0,0.0,True,True,True
north,34.519,5,0.5,5.612517913004355,0.0,5.387517913004356,5.837517913004355,-0.275,0.275,True,5.2147797987650675,6.160511115037069,-0.497779641981281,0.5492519364630368,0.0,0.0,True,True,True
north,34.519,6,0.6,5.563344543563898,0.0,5.338344543563898,5.788344543563897,-0.275,0.275,True,5.140691322301565,6.199138869116108,-0.5536463226447509,0.6061014863421071,0.0,0.0,True,True,True
north,34.519,7,0.7,5.5092789992235955,0.0,5.284278999223596,5.734278999223595,-0.275,0.275,True,5.0610511933624505,6.243318275670757,-0.6150646557838334,0.6685026886967903,0.0,0.0,True,True,True
north,34.519,8,0.8,5.45020433604314,0.0,5.225204336043141,5.67520433604314,-0.275,0.275,True,4.975859411947723,6.293049334701021,-0.6820346413985289,0.7364555435270862,0.0,0.0,True,True,True
north,34.519,9,0.9,5.3866025968934474,0.0,5.161602596893448,5.611602596893447,-0.275,0.275,True,4.8851159780573825,6.348332046206897,-0.754556279488837,0.8099600508329947,0.0,0.0,True,True,True
north,34.585,1,0.1,5.739649080689532,0.0,5.514649080689533,5.964649080689532,-0.275,0.275,True,5.438804938873863,6.046888875348814,-0.31120753795703293,0.39599216782938007,0.0,0.0,True,True,True
north,34.585,2,0.2,5.707571747894536,0.0,5.482571747894537,5.932571747894536,-0.275,0.275,True,5.385979520612945,6.062366467825534,-0.339042322115506,0.43646039440854545,0.0,0.0,True,True,True
north,34.585,3,0.3,5.670367408212226,0.0,5.445367408212227,5.895367408212226,-0.275,0.275,True,5.327602449876412,6.0833957127778655,-0.3724287587495918,0.48248027346332356,0.0,0.0,True,True,True
north,34.585,4,0.4,5.628060020260222,0.0,5.403060020260222,5.853060020260221,-0.275,0.275,True,5.263673726664268,6.109976610205811,-0.41136684785929045,0.5340518049937146,0.0,0.0,True,True,True
north,34.585,5,0.5,5.580574634373323,0.0,5.3555746343733235,5.805574634373323,-0.275,0.275,True,5.19419335097651,6.142109160109368,-0.4558565894446017,0.5911749889997183,0.0,0.0,True,True,True
north,34.585,6,0.6,5.528020359404728,0.0,5.303020359404728,5.753020359404728,-0.275,0.275,True,5.119161322813141,6.179793362488539,-0.505897983505526,0.6538498254813347,0.0,0.0,True,True,True
north,34.585,7,0.7,5.4707647985027155,0.0,5.245764798502716,5.695764798502715,-0.275,0.275,True,5.0385776421741575,6.2230292173433215,-0.5614910300420628,0.722076314438564,0.0,0.0,True,True,True
north,34.585,8,0.8,5.408784887762545,0.0,5.183784887762545,5.633784887762545,-0.275,0.275,True,4.952442309059562,6.271816724673718,-0.6226357290542124,0.795854455871406,0.0,0.0,True,True,True
north,34.585,9,0.9,5.3426171504829405,0.0,5.117617150482941,5.56761715048294,-0.275,0.275,True,4.860755323469353,6.326155884479727,-0.6893320805419748,0.8751842497798609,0.0,0.0,True,True,True
north,34.651,1,0.1,5.718922227717908,0.0,5.493922227717908,5.943922227717907,-0.275,0.275,True,5.414766014730664,6.027893377458376,-0.3313267860681169,0.37587291971829645,0.0,0.0,True,True,True
north,34.651,2,0.2,5.683568476325613,0.0,5.458568476325613,5.9085684763256126,-0.275,0.275,True,5.358668497444503,6.040098870909852,-0.3614806065489642,0.4140221099750879,0.0,0.0,True,True,True
north,34.651,3,0.3,5.6431131659299245,0.0,5.418113165929925,5.868113165929924,-0.275,0.275,True,5.297019327682727,6.057856016836942,-0.39718607950542434,0.45772295270749214,0.0,0.0,True,True,True
north,34.651,4,0.4,5.597470744880632,0.0,5.372470744880633,5.822470744880632,-0.275,0.275,True,5.22981850544534,6.081164815239642,-0.4384432049374973,0.5069754479155092,0.0,0.0,True,True,True
north,34.651,5,0.5,5.546504520212497,0.0,5.321504520212497,5.771504520212496,-0.275,0.275,True,5.157066030732338,6.110025266117957,-0.4852519828451829,0.5617795955991389,0.0,0.0,True,True,True
north,34.651,6,0.6,5.49071591659383,0.0,5.26571591659383,5.71571591659383,-0.275,0.275,True,5.078761903543724,6.144437369471886,-0.5376124132284813,0.6221353957583814,0.0,0.0,True,True,True
north,34.651,7,0.7,5.430226078800248,0.0,5.205226078800249,5.655226078800248,-0.275,0.275,True,4.994906123879499,6.184401125301425,-0.5955244960873924,0.6880428483932366,0.0,0.0,True,True,True
north,34.651,8,0.8,5.3655010640503615,0.0,5.140501064050362,5.590501064050361,-0.275,0.275,True,4.905498691739659,6.229916533606578,-0.6589882314219166,0.7595019535037049,0.0,0.0,True,True,True
north,34.651,9,0.9,5.2971377464273095,0.0,5.07213774642731,5.522137746427309,-0.275,0.275,True,4.810539607124207,6.280983594387343,-0.7280036192320531,0.8365127110897856,0.0,0.0,True,True,True
north,34.717,1,0.1,5.696077876854986,0.0,5.471077876854986,5.921077876854985,-0.275,0.275,True,5.387521217992612,6.000380317654237,-0.3385940391204728,0.36860566666593975,0.0,0.0,True,True,True
north,34.717,2,0.2,5.657315072687225,0.0,5.432315072687225,5.882315072687224,-0.275,0.275,True,5.325735900425045,6.006898010824306,-0.37718509585138965,0.3983176206726609,0.0,0.0,True,True,True
north,34.717,3,0.3,5.613460830254936,0.0,5.388460830254936,5.8384608302549355,-0.275,0.275,True,5.258398930381865,6.01896735646999,-0.4213278050579193,0.43358122715499486,0.0,0.0,True,True,True
north,34.717,4,0.4,5.5644011176803625,0.0,5.339401117680363,5.789401117680362,-0.275,0.275,True,5.185510307863071,6.036588354591286,-0.47102216674006164,0.47439648611294166,0.0,0.0,True,True,True
north,34.717,5,0.5,5.5104060529563945,0.0,5.285406052956395,5.735406052956394,-0.275,0.275,True,5.1070700328686645,6.059761005188195,-0.5262681808978168,0.520763397546501,0.0,0.0,True,True,True
north,34.717,6,0.6,5.451404015110084,0.0,5.226404015110084,5.676404015110084,-0.275,0.275,True,5.023078105398645,6.088485308260716,-0.5870658475311847,0.5726819614556733,0.0,0.0,True,True,True
north,34.717,7,0.7,5.387889513903323,0.0,5.162889513903323,5.612889513903323,-0.275,0.275,True,4.933534525453014,6.122761263808849,-0.6534151666401653,0.6301521778404584,0.0,0.0,True,True,True
north,34.717,8,0.8,5.320577184243294,0.0,5.095577184243294,5.545577184243293,-0.275,0.275,True,4.838439293031771,6.162588871832597,-0.7253161382247588,0.6931740467008563,0.0,0.0,True,True,True
north,34.717,9,0.9,5.250245888430351,0.0,5.0252458884303515,5.475245888430351,-0.275,0.275,True,4.737792408134913,6.207968132331956,-0.802768762284965,0.7617475680368667,0.0,0.0,True,True,True
north,34.783,1,0.1,5.671144929860103,0.0,5.446144929860103,5.896144929860102,-0.275,0.275,True,5.377133117984684,5.9799924577180565,-0.34802720533230785,0.3591725004541059,0.0,0.0,True,True,True
north,34.783,2,0.2,5.62894172939836,0.0,5.40394172939836,5.853941729398359,-0.275,0.275,True,5.314797735069417,5.9859600855404285,-0.39158900812790587,0.38391370839614714,0.0,0.0,True,True,True
north,34.783,3,0.3,5.581570969188836,0.0,5.356570969188836,5.806570969188836,-0.275,0.275,True,5.246910699678537,5.997479365838414,-0.4407024633991166,0.4142065688138012,0.0,0.0,True,True,True
north,34.783,4,0.4,5.529126545769412,0.0,5.304126545769412,5.754126545769411,-0.275,0.275,True,5.173472011812046,6.0145502986120105,-0.4953675711459402,0.450051081707068,0.0,0.0,True,True,True
north,34.783,5,0.5,5.471982736550411,0.0,5.246982736550411,5.69698273655041,-0.275,0.275,True,5.09448167146994,6.0371728838612215,-0.5555843313683765,0.49144724707594756,0.0,0.0,True,True,True
north,34.783,6,0.6,5.410095506046997,0.0,5.185095506046998,5.635095506046997,-0.275,0.275,True,5.009939678652222,6.065347121586045,-0.6213527440664255,0.5383950649204399,0.0,0.0,True,True,True
north,34.783,7,0.7,5.343947692635732,0.0,5.118947692635732,5.5689476926357315,-0.275,0.275,True,4.919846033358891,6.099073011786481,-0.6926728092400872,0.5908945352405449,0.0,0.0,True,True,True
north,34.783,8,0.8,5.2743235157327755,0.0,5.049323515732776,5.499323515732775,-0.275,0.275,True,4.824200735589947,6.13835055446253,-0.7695445268893619,0.6489456580362629,0.0,0.0,True,True,True
north,34.783,9,0.9,5.202134287232039,0.0,4.977134287232039,5.427134287232039,-0.275,0.275,True,4.72300378534539,6.183179749614191,-0.8519678970142494,0.7125484333075934,0.0,0.0,True,True,True
north,34.849,1,0.1,5.643999707061235,0.0,5.418999707061236,5.868999707061235,-0.275,0.275,True,5.353932042073795,5.951472772229917,-0.3421838176370408,0.36501588814937297,0.0,0.0,True,True,True
north,34.849,2,0.2,5.598409014144678,0.0,5.373409014144678,5.823409014144677,-0.275,0.275,True,5.289930764079519,5.95577450497328,-0.37894370427565316,0.39655901224840007,0.0,0.0,True,True,True
north,34.849,3,0.3,5.547549868786064,0.0,5.322549868786064,5.772549868786063,-0.275,0.275,True,5.220377833609629,5.965627890192256,-0.42125524338987824,0.4336537888230398,0.0,0.0,True,True,True
north,34.849,4,0.4,5.491873326454926,0.0,5.266873326454927,5.716873326454926,-0.275,0.275,True,5.145273250664128,5.981032927886845,-0.46911843497971617,0.47630021787329246,0.0,0.0,True,True,True
north,34.849,5,0.5,5.431478998666125,0.0,5.2064789986661255,5.656478998666125,-0.275,0.275,True,5.064617015243014,6.001989618057046,-0.5225332790451668,0.5244982993991577,0.0,0.0,True,True,True
north,34.849,6,0.6,5.366859057429229,0.0,5.1418590574292296,5.591859057429229,-0.275,0.275,True,4.9784091273462865,6.02849796070286,-0.5814997755862302,0.5782480334006358,0.0,0.0,True,True,True
north,34.849,7,0.7,5.298505278544574,0.0,5.073505278544574,5.523505278544573,-0.275,0.275,True,4.886649586973948,6.0605579558242875,-0.6460179246029064,0.6375494198777266,0.0,0.0,True,True,True
north,34.849,8,0.8,5.226980225029992,0.0,5.0019802250299925,5.451980225029992,-0.275,0.275,True,4.789338394125995,6.0981696034213275,-0.7160877260951952,0.7024024588304303,0.0,0.0,True,True,True
north,34.849,9,0.9,5.153253798443669,0.0,4.928253798443669,5.3782537984436685,-0.275,0.275,True,4.686475548802429,6.14133290349398,-0.7917091800630969,0.7728071502587466,0.0,0.0,True,True,True
north,34.915,1,0.1,5.614404617641479,0.0,5.389404617641479,5.8394046176414784,-0.275,0.275,True,5.311173004663811,5.9205658683934645,-0.3297857347131372,0.3774139710732758,0.0,0.0,True,True,True
north,34.915,2,0.2,5.565457691796823,0.0,5.340457691796823,5.7904576917968225,-0.275,0.275,True,5.241465258034459,5.919161132501752,-0.3626718514700819,0.41283086505396954,0.0,0.0,True,True,True
north,34.915,3,0.3,5.511500174008119,0.0,5.286500174008119,5.7365001740081185,-0.275,0.275,True,5.166205858929494,5.923308049085651,-0.40110962070263934,0.45379941151027603,0.0,0.0,True,True,True
north,34.915,4,0.4,5.452603694177031,0.0,5.227603694177032,5.677603694177031,-0.275,0.275,True,5.0853948073489175,5.933006618145162,-0.44509904241080966,0.5003196104421954,0.0,0.0,True,True,True
north,34.915,5,0.5,5.389191365282831,0.0,5.164191365282831,5.614191365282831,-0.275,0.275,True,4.999032103292727,5.948256839680288,-0.4946401165945926,0.5523914618497274,0.0,0.0,True,True,True
north,34.915,6,0.6,5.321976630829761,0.0,5.0969766308297615,5.546976630829761,-0.275,0.275,True,4.907117746760924,5.969058713691025,-0.5497328432539884,0.6100149657328723,0.0,0.0,True,True,True
north,34.915,7,0.7,5.2517132305263265,0.0,5.026713230526327,5.476713230526326,-0.275,0.275,True,4.809651737753509,5.995412240177376,-0.6103772223889969,0.6731901220916299,0.0,0.0,True,True,True
north,34.915,8,0.8,5.1787323039568065,0.0,4.953732303956807,5.403732303956806,-0.275,0.275,True,4.70663407627048,6.027317419139338,-0.6765732539996182,0.7419169309260002,0.0,0.0,True,True,True
north,34.915,9,0.9,5.103570851033915,0.0,4.878570851033915,5.3285708510339145,-0.275,0.275,True,4.598064762311838,6.064774250576915,-0.7483209380858523,0.8161953922359834,0.0,0.0,True,True,True
north,34.981,1,0.1,5.582567304004346,0.0,5.3575673040043466,5.807567304004346,-0.275,0.275,True,5.281850910766319,5.888116054198394,-0.32229023027540205,0.3849094755110113,0.0,0.0,True,True,True
north,34.981,2,0.2,5.530232732134091,0.0,5.305232732134091,5.755232732134091,-0.275,0.275,True,5.20640606677932,5.8809742209490325,-0.3504516996095738,0.42505101691447833,0.0,0.0,True,True,True
north,34.981,3,0.3,5.473200674598106,0.0,5.248200674598106,5.698200674598105,-0.275,0.275,True,5.125409570316708,5.879384040175286,-0.38416482141935826,0.4707442107935582,0.0,0.0,True,True,True
north,34.981,4,0.4,5.411403479426479,0.0,5.186403479426479,5.636403479426479,-0.275,0.275,True,5.038861421378484,5.88334551187715,-0.4234295957047555,0.5219890571482508,0.0,0.0,True,True,True
north,34.981,5,0.5,5.345278234788529,0.0,5.120278234788529,5.570278234788528,-0.275,0.275,True,4.946761619964646,5.892858636054629,-0.4682460224657655,0.5787855559785563,0.0,0.0,True,True,True
north,34.981,6,0.6,5.275744822198335,0.0,5.050744822198335,5.500744822198334,-0.275,0.275,True,4.849110166075195,5.90792341270772,-0.5186141017023883,0.6411337072844744,0.0,0.0,True,True,True
north,34.981,7,0.7,5.203618103668026,0.0,4.978618103668026,5.428618103668025,-0.275,0.275,True,4.745907059710134,5.928539841836423,-0.5745338334146238,0.7090335110660052,0.0,0.0,True,True,True
north,34.981,8,0.8,5.12940012870782,0.0,4.90440012870782,5.35440012870782,-0.275,0.275,True,4.637152300869457,5.954707923440739,-0.6360052176024723,0.7824849673231492,0.0,0.0,True,True,True
north,34.981,9,0.9,5.053468684078838,0.0,4.828468684078838,5.278468684078837,-0.275,0.275,True,4.522845889553169,5.986427657520668,-0.7030282542659333,0.8614880760559055,0.0,0.0,True,True,True
north,35.047,1,0.1,5.5485952173596225,0.0,5.323595217359623,5.773595217359622,-0.275,0.275,True,5.243389418594819,5.854184004771601,-0.3189160595122709,0.38828364627414164,0.0,0.0,True,True,True
north,35.047,2,0.2,5.4930307363160145,0.0,5.268030736316015,5.718030736316014,-0.275,0.275,True,5.164816531874862,5.84391412878928,-0.3463228786748512,0.4291798378491994,0.0,0.0,True,True,True
north,35.047,3,0.3,5.432731918531997,0.0,5.207731918531997,5.657731918531996,-0.275,0.275,True,5.08069199267929,5.839195905282573,-0.3792813503130442,0.4756276818998699,0.0,0.0,True,True,True
north,35.047,4,0.4,5.368217050808098,0.0,5.143217050808098,5.593217050808097,-0.275,0.275,True,4.991015801008106,5.840029334251478,-0.41779147442685005,0.5276271784261533,0.0,0.0,True,True,True
north,35.047,5,0.5,5.299872810661838,0.0,5.074872810661838,5.524872810661837,-0.275,0.275,True,4.895787956861309,5.846414415695996,-0.46185325101626856,0.5851783274280492,0.0,0.0,True,True,True
north,35.047,6,0.6,5.228409824923745,0.0,5.003409824923746,5.453409824923745,-0.275,0.275,True,4.795008460238899,5.8583511496161265,-0.5114666800812999,0.6482811289055581,0.0,0.0,True,True,True
north,35.047,7,0.7,5.154748838026239,0.0,4.9297488380262395,5.379748838026239,-0.275,0.275,True,4.688677311140878,5.87583953601187,-0.5666317616219441,0.7169355828586796,0.0,0.0,True,True,True
north,35.047,8,0.8,5.079200552124004,0.0,4.854200552124004,5.304200552124003,-0.275,0.275,True,4.576794509567242,5.8988795748832255,-0.6273484956382009,0.7911416892874141,0.0,0.0,True,True,True
north,35.047,9,0.9,5.002645542169088,0.0,4.777645542169088,5.227645542169087,-0.275,0.275,True,4.459360055517994,5.927471266230194,-0.6936168821300706,0.8708994481917611,0.0,0.0,True,True,True
north,35.113,1,0.1,5.512597284113596,0.0,5.2875972841135965,5.737597284113596,-0.275,0.275,True,5.219137729792383,5.823175510528735,-0.336731520939803,0.37046818484661076,0.0,0.0,True,True,True
north,35.113,2,0.2,5.453803373243975,0.0,5.228803373243975,5.678803373243975,-0.275,0.275,True,5.140832484741062,5.8131732762150525,-0.3723852838349594,0.4031174326890936,0.0,0.0,True,True,True
north,35.113,3,0.3,5.390493216662339,0.0,5.165493216662339,5.615493216662339,-0.275,0.275,True,5.056975587214127,5.808722694376983,-0.4135906992057286,0.4413183330071892,0.0,0.0,True,True,True
north,35.113,4,0.4,5.323376077416235,0.0,5.098376077416235,5.5483760774162345,-0.275,0.275,True,4.96756703721158,5.809823765014524,-0.4603477670521106,0.4850708858008976,0.0,0.0,True,True,True
north,35.113,5,0.5,5.253180572622308,0.0,5.0281805726223086,5.478180572622308,-0.275,0.275,True,4.87260683473342,5.816476488127681,-0.5126564873741053,0.5343750910702187,0.0,0.0,True,True,True
north,35.113,6,0.6,5.180183225908023,0.0,4.955183225908024,5.405183225908023,-0.275,0.275,True,4.772094979779647,5.82868086371645,-0.5705168601717128,0.5892309488151526,0.0,0.0,True,True,True
north,35.113,7,0.7,5.105056961488645,0.0,4.880056961488646,5.330056961488645,-0.275,0.275,True,4.666031472350262,5.846436891780831,-0.633928885444933,0.6496384590356992,0.0,0.0,True,True,True
north,35.113,8,0.8,5.028699950425393,0.0,4.803699950425393,5.253699950425393,-0.275,0.275,True,4.554416312445263,5.869744572320825,-0.7028925631937661,0.7155976217318587,0.0,0.0,True,True,True
north,35.113,9,0.9,4.951510520838822,0.0,4.726510520838822,5.176510520838821,-0.275,0.275,True,4.4372495000646515,5.898603905336432,-0.7774078934182118,0.787108436903631,0.0,0.0,True,True,True
north,35.179,1,0.1,5.474418612645796,0.0,5.249418612645797,5.699418612645796,-0.275,0.275,True,5.177923643415204,5.783899616389392,-0.3322431832675581,0.37495652251885525,0.0,0.0,True,True,True
north,35.179,2,0.2,5.412708807900979,0.0,5.18770880790098,5.637708807900979,-0.275,0.275,True,5.095439501922844,5.769718485634669,-0.36862982077882345,0.40687289574522867,0.0,0.0,True,True,True
north,35.179,3,0.3,5.346608776941324,0.0,5.121608776941325,5.571608776941324,-0.275,0.275,True,5.007403707954869,5.76108900735556,-0.4105681107657016,0.4443409214472149,0.0,0.0,True,True,True
north,35.179,4,0.4,5.277166128663899,0.0,5.0521661286639,5.502166128663899,-0.275,0.275,True,4.9138162615112835,5.758011181552062,-0.4580580532281925,0.48736059962481393,0.0,0.0,True,True,True
north,35.179,5,0.5,5.205111410581823,0.0,4.980111410581824,5.430111410581823,-0.275,0.275,True,4.8146771625920834,5.760485008224179,-0.5110996481662962,0.5359319302780257,0.0,0.0,True,True,True
north,35.179,6,0.6,5.130934638027677,0.0,4.905934638027677,5.355934638027676,-0.275,0.275,True,4.709986411197271,5.768510487371908,-0.5696928955800126,0.5900549134068501,0.0,0.0,True,True,True
north,35.179,7,0.7,5.054968402678096,0.0,4.829968402678096,5.2799684026780955,-0.275,0.275,True,4.599744007326847,5.782087618995249,-0.6338377954693416,0.6497295490112874,0.0,0.0,True,True,True
north,35.179,8,0.8,4.977719988465441,0.0,4.752719988465441,5.20271998846544,-0.275,0.275,True,4.48394995098081,5.8012164030942035,-0.7035343478342838,0.7149558370913377,0.0,0.0,True,True,True
north,35.179,9,0.9,4.900392039492529,0.0,4.67539203949253,5.125392039492529,-0.275,0.275,True,4.3626042421591595,5.825896839668771,-0.7787825526748384,0.7857337776470004,0.0,0.0,True,True,True
north,35.245,1,0.1,5.433984838397865,0.0,5.208984838397865,5.658984838397864,-0.275,0.275,True,5.140388555660803,5.747768541969189,-0.33016396654443614,0.3770357392419764,0.0,0.0,True,True,True
north,35.245,2,0.2,5.369575044186961,0.0,5.144575044186961,5.594575044186961,-0.275,0.275,True,5.055877182950811,5.731560179996833,-0.36517885214132034,0.4103238643827302,0.0,0.0,True,True,True
north,35.245,3,0.3,5.301240342779102,0.0,5.076240342779102,5.526240342779102,-0.275,0.275,True,4.9658141577652035,5.72090347050009,-0.40574539021381734,0.4491636419990968,0.0,0.0,True,True,True
north,35.245,4,0.4,5.229839424817504,0.0,5.004839424817504,5.454839424817504,-0.275,0.275,True,4.870199480103984,5.71579841347896,-0.4518635807619271,0.4935550720910762,0.0,0.0,True,True,True
north,35.245,5,0.5,5.156243877608814,0.0,4.931243877608814,5.381243877608814,-0.275,0.275,True,4.769033149967151,5.716245008933442,-0.5035334237856496,0.5434981546586682,0.0,0.0,True,True,True
north,35.245,6,0.6,5.080752499426976,0.0,4.855752499426976,5.305752499426975,-0.275,0.275,True,4.6623151673547065,5.722243256863538,-0.5607549192849849,0.5989928897018731,0.0,0.0,True,True,True
north,35.245,7,0.7,5.004215759158616,0.0,4.779215759158617,5.229215759158616,-0.275,0.275,True,4.550045532266649,5.733793157269245,-0.6235280672599329,0.6600392772206908,0.0,0.0,True,True,True
north,35.245,8,0.8,4.926748185093554,0.0,4.701748185093554,5.151748185093553,-0.275,0.275,True,4.4322242447029785,5.750894710150566,-0.6918528677104938,0.7266373172151213,0.0,0.0,True,True,True
north,35.245,9,0.9,4.84953785167961,0.0,4.6245378516796105,5.07453785167961,-0.275,0.275,True,4.308851304663696,5.7735479155075,-0.7657293206366673,0.7987870096851644,0.0,0.0,True,True,True
north,35.311,1,0.1,5.3917950680418425,0.0,5.166795068041843,5.616795068041842,-0.275,0.275,True,5.094332955940444,5.711680743213815,-0.32772693949030335,0.37947276629610965,0.0,0.0,True,True,True
north,35.311,2,0.2,5.324775524002703,0.0,5.099775524002704,5.549775524002703,-0.275,0.275,True,5.005835994252097,5.691486792263107,-0.3594602743822238,0.4160424421418277,0.0,0.0,True,True,True
north,35.311,3,0.3,5.254647914718289,0.0,5.029647914718289,5.479647914718289,-0.275,0.275,True,4.911787380088137,5.676844493788011,-0.39674526174975694,0.4581637704631584,0.0,0.0,True,True,True
north,35.311,4,0.4,5.181634147859246,0.0,4.956634147859246,5.406634147859245,-0.275,0.275,True,4.812187113448565,5.6677538477885285,-0.439581901592903,0.5058367512601021,0.0,0.0,True,True,True
north,35.311,5,0.5,5.106556401819119,0.0,4.881556401819119,5.331556401819118,-0.275,0.275,True,4.70703519433338,5.664214854264658,-0.48797019391166174,0.5590613845326583,0.0,0.0,True,True,True
north,35.311,6,0.6,5.0302370731645265,0.0,4.805237073164527,5.255237073164526,-0.275,0.275,True,4.596331622742582,5.666227513216401,-0.5419101387060332,0.6178376702808275,0.0,0.0,True,True,True
north,35.311,7,0.7,4.953083818569051,0.0,4.7280838185690515,5.178083818569051,-0.275,0.275,True,4.480076398676172,5.673791824643756,-0.6014017359760175,0.6821656085046093,0.0,0.0,True,True,True
north,35.311,8,0.8,4.875975488422888,0.0,4.650975488422889,5.100975488422888,-0.275,0.275,True,4.358269522134149,5.6869077885467245,-0.6664449857216145,0.7520451992040039,0.0,0.0,True,True,True
north,35.311,9,0.9,4.798975344701803,0.0,4.573975344701803,5.023975344701802,-0.275,0.275,True,4.230910993116512,5.705575404925307,-0.7370398879428244,0.8274764423790113,0.0,0.0,True,True,True
north,35.377,1,0.1,5.347939319094117,0.0,5.122939319094117,5.572939319094116,-0.275,0.275,True,5.047042042530235,5.665412137216705,-0.3325985397311124,0.3746011660553009,0.0,0.0,True,True,True
north,35.377,2,0.2,5.2785874351294595,0.0,5.05358743512946,5.503587435129459,-0.275,0.275,True,4.954959533128435,5.641632638552542,-0.3676475440029351,0.407855172521117,0.0,0.0,True,True,True
north,35.377,3,0.3,5.206604717495621,0.0,4.981604717495621,5.43160471749562,-0.275,0.275,True,4.8573253712510205,5.623404792363993,-0.4082482007503706,0.44666083146254587,0.0,0.0,True,True,True
north,35.377,4,0.4,5.132469147347538,0.0,4.9074691473475385,5.357469147347538,-0.275,0.275,True,4.754139556897995,5.610728598651055,-0.45440050997341885,0.49101814287958756,0.0,0.0,True,True,True
north,35.377,5,0.5,5.0564681212773595,0.0,4.83146812127736,5.281468121277359,-0.275,0.275,True,4.645402090069355,5.603604057413732,-0.5061044716720798,0.540927106772242,0.0,0.0,True,True,True
north,35.377,6,0.6,4.97926692096922,0.0,4.75426692096922,5.20426692096922,-0.275,0.275,True,4.531112970765102,5.602031168652021,-0.5633600858463537,0.596387723140509,0.0,0.0,True,True,True
north,35.377,7,0.7,4.90193564859792,0.0,4.6769356485979205,5.12693564859792,-0.275,0.275,True,4.411272198985239,5.606009932365922,-0.6261673524962401,0.6573999919843889,0.0,0.0,True,True,True
north,35.377,8,0.8,4.825118480356932,0.0,4.600118480356932,5.0501184803569314,-0.275,0.275,True,4.285879774729761,5.615540348555437,-0.6945262716217396,0.7239639133038819,0.0,0.0,True,True,True
north,35.377,9,0.9,4.748930827636862,0.0,4.523930827636862,4.9739308276368615,-0.275,0.275,True,4.1549356979986705,5.630622417220564,-0.7684368432228516,0.7960794870989872,0.0,0.0,True,True,True
north,35.443,1,0.1,5.302607874896361,0.0,5.077607874896361,5.52760787489636,-0.275,0.275,True,4.997696236594896,5.616516959718467,-0.331137036968488,0.37606266881792455,0.0,0.0,True,True,True
north,35.443,2,0.2,5.231290728592202,0.0,5.0062907285922025,5.456290728592202,-0.275,0.275,True,4.900504141018924,5.587627874880132,-0.36602450929743807,0.4094782072266125,0.0,0.0,True,True,True
north,35.443,3,0.3,5.15773891719139,0.0,4.93273891719139,5.382738917191389,-0.275,0.275,True,4.797760392967338,5.56429044251741,-0.40646363410200087,0.4484453981109133,0.0,0.0,True,True,True
north,35.443,4,0.4,5.082304446729953,0.0,4.8573044467299535,5.307304446729953,-0.275,0.275,True,4.68946499244014,5.546504662630301,-0.4524544113821765,0.4929642414708268,0.0,0.0,True,True,True
north,35.443,5,0.5,5.005782914470831,0.0,4.780782914470831,5.23078291447083,-0.275,0.275,True,4.575617939437329,5.5342705352188055,-0.5039968411379648,0.543034737306353,0.0,0.0,True,True,True
north,35.443,6,0.6,4.928262099676341,0.0,4.7032620996763415,5.153262099676341,-0.275,0.275,True,4.4562192339589055,5.527588060282922,-0.561090923369366,0.5986568856174921,0.0,0.0,True,True,True
north,35.443,7,0.7,4.8510775916066216,0.0,4.626077591606622,5.076077591606621,-0.275,0.275,True,4.33126887600487,5.526457237822651,-0.6237366580763799,0.6598306864042438,0.0,0.0,True,True,True
north,35.443,8,0.8,4.774597759508407,0.0,4.549597759508408,4.999597759508407,-0.275,0.275,True,4.20076686557522,5.5308780678379925,-0.6919340452590066,0.7265561396666085,0.0,0.0,True,True,True
north,35.443,9,0.9,4.699402289079165,0.0,4.4744022890791655,4.924402289079165,-0.275,0.275,True,4.064713202669958,5.540850550328948,-0.7656830849172459,0.7988332454045858,0.0,0.0,True,True,True
north,35.509,1,0.1,5.2560356998193205,0.0,5.031035699819321,5.48103569981932,-0.275,0.275,True,4.965403971779526,5.572374632732527,-0.33938000434889465,0.36781970143751913,0.0,0.0,True,True,True
north,35.509,2,0.2,5.1830850698104625,0.0,4.958085069810463,5.408085069810462,-0.275,0.275,True,4.8677733084456545,5.543046980136293,-0.3762820005849356,0.3992207159391174,0.0,0.0,True,True,True
north,35.509,3,0.3,5.108069172025331,0.0,4.883069172025332,5.333069172025331,-0.275,0.275,True,4.764590992636168,5.519270980015673,-0.41873564929658935,0.43617338291632846,0.0,0.0,True,True,True
north,35.509,4,0.4,5.031774195903666,0.0,4.8067741959036665,5.256774195903666,-0.275,0.275,True,4.655857024351071,5.501046632370663,-0.4667409504838559,0.4786777023691523,0.0,0.0,True,True,True
north,35.509,5,0.5,4.954657116299286,0.0,4.729657116299286,5.1796571162992855,-0.275,0.275,True,4.541571403590359,5.488373937201268,-0.5202979041467352,0.5267336742975889,0.0,0.0,True,True,True
north,35.509,6,0.6,4.877486015808672,0.0,4.652486015808672,5.102486015808672,-0.275,0.275,True,4.421734130354035,5.481252894507486,-0.5794065102852272,0.5803412987016382,0.0,0.0,True,True,True
north,35.509,7,0.7,4.80047127344291,0.0,4.57547127344291,5.02547127344291,-0.275,0.275,True,4.2963452046420985,5.479683504289316,-0.6440667688993319,0.6395005755813002,0.0,0.0,True,True,True
north,35.509,8,0.8,4.724668502316468,0.0,4.499668502316468,4.9496685023164675,-0.275,0.275,True,4.165404626454548,5.483665766546759,-0.7142786799890496,0.7042115049365752,0.0,0.0,True,True,True
north,35.509,9,0.9,4.650441091156145,0.0,4.425441091156145,4.875441091156144,-0.275,0.275,True,4.028912395791386,5.493199681279815,-0.7900422435543799,0.7744740867674629,0.0,0.0,True,True,True
north,35.575,1,0.1,5.208098024409413,0.0,4.983098024409413,5.4330980244094125,-0.275,0.275,True,4.9110749960293765,5.520208463954154,-0.32592162671259395,0.3812780790738194,0.0,0.0,True,True,True
north,35.575,2,0.2,5.133982933549196,0.0,4.908982933549196,5.358982933549195,-0.275,0.275,True,4.810951842755681,5.488388321418096,-0.3589158613654519,0.4165868551586002,0.0,0.0,True,True,True
north,35.575,3,0.3,5.057967839876623,0.0,4.832967839876623,5.282967839876623,-0.275,0.275,True,4.705277037006373,5.462119831357653,-0.3974617484939227,0.4574472837189938,0.0,0.0,True,True,True
north,35.575,4,0.4,4.9808138534730055,0.0,4.755813853473006,5.205813853473005,-0.275,0.275,True,4.594050578781452,5.4414029937728206,-0.4415592880980062,0.5038593647550003,0.0,0.0,True,True,True
north,35.575,5,0.5,4.903508558642774,0.0,4.678508558642775,5.128508558642774,-0.275,0.275,True,4.477272468080918,5.426237808663603,-0.49120848017770247,0.5558230982666194,0.0,0.0,True,True,True
north,35.575,6,0.6,4.826678588927841,0.0,4.601678588927841,5.051678588927841,-0.275,0.275,True,4.35494270490477,5.416624276029998,-0.5464093247330115,0.6133384842538512,0.0,0.0,True,True,True
north,35.575,7,0.7,4.750413269365465,0.0,4.525413269365465,4.975413269365465,-0.275,0.275,True,4.227061289253013,5.412562395872004,-0.6071618217639332,0.6764055227166959,0.0,0.0,True,True,True
north,35.575,8,0.8,4.67538371594773,0.0,4.45038371594773,4.900383715947729,-0.275,0.275,True,4.093628221125639,5.414052168189624,-0.673465971270468,0.7450242136551535,0.0,0.0,True,True,True
north,35.575,9,0.9,4.602251965380856,0.0,4.377251965380856,4.827251965380856,-0.275,0.275,True,3.9546435005226552,5.4210935929828565,-0.7453217732526152,0.8191945570692236,0.0,0.0,True,True,True
north,35.641,1,0.1,5.159233956773959,0.0,4.9342339567739595,5.384233956773959,-0.275,0.275,True,4.8489794145587135,5.4600517469768,-0.3330272355168108,0.37417247026960176,0.0,0.0,True,True,True
north,35.641,2,0.2,5.083856394032925,0.0,4.858856394032926,5.308856394032925,-0.275,0.275,True,4.742156044073992,5.421531387229716,-0.36700456176815516,0.4084981547558954,0.0,0.0,True,True,True
north,35.641,3,0.3,5.007347008105725,0.0,4.7823470081057255,5.232347008105725,-0.275,0.275,True,4.629781021113657,5.388562679958245,-0.4065335404951123,0.44837549171780183,0.0,0.0,True,True,True
north,35.641,4,0.4,4.929776014259134,0.0,4.704776014259134,5.1547760142591335,-0.275,0.275,True,4.511854345677708,5.3611456251623855,-0.4516141716976823,0.493804481155321,0.0,0.0,True,True,True
north,35.641,5,0.5,4.852617331533638,0.0,4.627617331533639,5.077617331533638,-0.275,0.275,True,4.388376017766148,5.33928022284214,-0.5022464553758649,0.544785123068453,0.0,0.0,True,True,True
north,35.641,6,0.6,4.77614572815905,0.0,4.55114572815905,5.00114572815905,-0.275,0.275,True,4.259346037378974,5.322966472997507,-0.5584303915296603,0.6013174174571977,0.0,0.0,True,True,True
north,35.641,7,0.7,4.700915414711199,0.0,4.475915414711199,4.9259154147111985,-0.275,0.275,True,4.124764404516189,5.312204375628486,-0.6201659801590687,0.663401364321555,0.0,0.0,True,True,True
north,35.641,8,0.8,4.626958025069388,0.0,4.401958025069388,4.851958025069387,-0.275,0.275,True,3.9846311191777906,5.306993930735079,-0.6874532212640897,0.7310369636615254,0.0,0.0,True,True,True
north,35.641,9,0.9,4.555237290668169,0.0,4.330237290668169,4.780237290668168,-0.275,0.275,True,3.838946181363779,5.307335138317283,-0.7602921148447234,0.8042242154771083,0.0,0.0,True,True,True
north,35.707,1,0.1,5.109581942231538,0.0,4.884581942231538,5.334581942231537,-0.275,0.275,True,4.80124106717407,5.422803284664447,-0.32540831848494445,0.38179138730146855,0.0,0.0,True,True,True
north,35.707,2,0.2,5.0333113186428005,0.0,4.808311318642801,5.2583113186428,-0.275,0.275,True,4.692561980042913,5.382427208270928,-0.35669096262621625,0.4188117538978352,0.0,0.0,True,True,True
north,35.707,3,0.3,4.956230414029521,0.0,4.731230414029521,5.18123041402952,-0.275,0.275,True,4.5783312404361425,5.347602784353022,-0.3935252592431007,0.46138377296981464,0.0,0.0,True,True,True
north,35.707,4,0.4,4.87899654319446,0.0,4.65399654319446,5.10399654319446,-0.275,0.275,True,4.458548848353759,5.318330012910728,-0.43591120833559815,0.5095074445174069,0.0,0.0,True,True,True
north,35.707,5,0.5,4.801967202184024,0.0,4.576967202184024,5.026967202184023,-0.275,0.275,True,4.333214803795764,5.294608893944048,-0.48384880990370815,0.5631827685406119,0.0,0.0,True,True,True
north,35.707,6,0.6,4.726170887871925,0.0,4.501170887871925,4.951170887871925,-0.275,0.275,True,4.202329106762155,5.27643942745298,-0.537338063947431,0.6224097450394297,0.0,0.0,True,True,True
north,35.707,7,0.7,4.651933614348642,0.0,4.426933614348642,4.8769336143486415,-0.275,0.275,True,4.065891757252935,5.263821613437525,-0.5963789704667667,0.6871883740138601,0.0,0.0,True,True,True
north,35.707,8,0.8,4.5794615181202225,0.0,4.354461518120223,4.804461518120222,-0.275,0.275,True,3.9239027552681005,5.256755451897682,-0.660971529461715,0.7575186554639034,0.0,0.0,True,True,True
north,35.707,9,0.9,4.509222158693635,0.0,4.284222158693636,4.734222158693635,-0.275,0.275,True,3.7763621008076527,5.255240942833453,-0.7311157409322762,0.8334005893895595,0.0,0.0,True,True,True
north,35.773,1,0.1,5.059467558475881,0.0,4.834467558475882,5.284467558475881,-0.275,0.275,True,4.750782874696626,5.370379857331645,-0.3094099673388321,0.39778973844758125,0.0,0.0,True,True,True
north,35.773,2,0.2,4.982360785976785,0.0,4.757360785976785,5.2073607859767845,-0.275,0.275,True,4.643325773093476,5.331225766466131,-0.337526990916926,0.4379757256071261,0.0,0.0,True,True,True
north,35.773,3,0.3,4.905081468687627,0.0,4.680081468687628,5.130081468687627,-0.275,0.275,True,4.530317019014713,5.2976233280762335,-0.3711956669706327,0.48371336524228375,0.0,0.0,True,True,True
north,35.773,4,0.4,4.828238697498756,0.0,4.603238697498757,5.053238697498756,-0.275,0.275,True,4.411756612460338,5.269572542161947,-0.4104159954999522,0.5350026573530542,0.0,0.0,True,True,True
north,35.773,5,0.5,4.751895711094074,0.0,4.526895711094074,4.976895711094073,-0.275,0.275,True,4.287644553430348,5.247073408723273,-0.45518797650488446,0.5918436019394374,0.0,0.0,True,True,True
north,35.773,6,0.6,4.676867482805012,0.0,4.451867482805012,4.901867482805011,-0.275,0.275,True,4.157980841924746,5.230125927760214,-0.5055116099854294,0.6542361990014333,0.0,0.0,True,True,True
north,35.773,7,0.7,4.603722854248654,0.0,4.378722854248655,4.828722854248654,-0.275,0.275,True,4.022765477943533,5.218730099272765,-0.5613868959415871,0.722180448539042,0.0,0.0,True,True,True
north,35.773,8,0.8,4.532977551325271,0.0,4.307977551325271,4.75797755132527,-0.275,0.275,True,3.881998461486706,5.212885923260931,-0.6228138343733579,0.7956763505522636,0.0,0.0,True,True,True
north,35.773,9,0.9,4.464441177485777,0.0,4.239441177485777,4.689441177485777,-0.275,0.275,True,3.7356797925542655,5.212593399724708,-0.689792425280741,0.8747239050410978,0.0,0.0,True,True,True
north,35.839,1,0.1,5.0089111017406145,0.0,4.783911101740615,5.233911101740614,-0.275,0.275,True,4.701199584487752,5.327136219513435,-0.3297903734320987,0.37740933235431384,0.0,0.0,True,True,True
north,35.839,2,0.2,4.931289928841921,0.0,4.7062899288419215,5.156289928841921,-0.275,0.275,True,4.594993763797858,5.289233409561178,-0.3615391856561785,0.4139635308678721,0.0,0.0,True,True,True
north,35.839,3,0.3,4.854157071460655,0.0,4.629157071460655,5.079157071460655,-0.275,0.275,True,4.483236290632351,5.256882252084535,-0.3988396503558711,0.45606938185704304,0.0,0.0,True,True,True
north,35.839,4,0.4,4.777693696809697,0.0,4.552693696809698,5.002693696809697,-0.275,0.275,True,4.365927164991231,5.230082747083504,-0.4416917675311765,0.5037268853218269,0.0,0.0,True,True,True
north,35.839,5,0.5,4.702428540343238,0.0,4.477428540343238,4.927428540343238,-0.275,0.275,True,4.2430663868744976,5.208834894558086,-0.4900955371820946,0.5569360412622233,0.0,0.0,True,True,True
north,35.839,6,0.6,4.628383269130227,0.0,4.403383269130227,4.8533832691302266,-0.275,0.275,True,4.114653956282152,5.1931386945082805,-0.5440509593086255,0.6156968496782326,0.0,0.0,True,True,True
north,35.839,7,0.7,4.556644637302779,0.0,4.331644637302779,4.7816446373027786,-0.275,0.275,True,3.9806898732141938,5.182994146934087,-0.6035580339107691,0.6800093105698546,0.0,0.0,True,True,True
north,35.839,8,0.8,4.487471189045433,0.0,4.262471189045433,4.7124711890454325,-0.275,0.275,True,3.841174137670623,5.178401251835507,-0.6686167609885256,0.7498734239370894,0.0,0.0,True,True,True
north,35.839,9,0.9,4.421044546420198,0.0,4.1960445464201985,4.646044546420198,-0.275,0.275,True,3.6961067496514386,5.17936000921254,-0.7392271405418948,0.8252891897799369,0.0,0.0,True,True,True
north,35.905,1,0.1,4.957803711759749,0.0,4.7328037117597495,5.182803711759749,-0.275,0.275,True,4.655611953681184,5.26949921150824,-0.334428357856446,0.3727713479299678,0.0,0.0,True,True,True
north,35.905,2,0.2,4.880507070580244,0.0,4.655507070580244,5.105507070580243,-0.275,0.275,True,4.546497191001172,5.228687459565866,-0.37224675404600943,0.4032559624780436,0.0,0.0,True,True,True
north,35.905,3,0.3,4.803497857767787,0.0,4.578497857767787,5.028497857767786,-0.275,0.275,True,4.431830775845546,5.193427360099106,-0.4156168027111857,0.43929222950173213,0.0,0.0,True,True,True
north,35.905,4,0.4,4.727673273427388,0.0,4.502673273427388,4.952673273427387,-0.275,0.275,True,4.311612708214309,5.163718913107957,-0.4645385038519747,0.4808801490010335,0.0,0.0,True,True,True
north,35.905,5,0.5,4.653426137541144,0.0,4.428426137541145,4.878426137541144,-0.275,0.275,True,4.185842988107457,5.139562118592422,-0.5190118574683764,0.5280197209759476,0.0,0.0,True,True,True
north,35.905,6,0.6,4.580861651309707,0.0,4.3558616513097075,4.805861651309707,-0.275,0.275,True,4.054521615524993,5.1209569765525,-0.579036863560391,0.5807109454264744,0.0,0.0,True,True,True
north,35.905,7,0.7,4.510603272123564,0.0,4.285603272123565,4.735603272123564,-0.275,0.275,True,3.9176485904669165,5.10790348698819,-0.6446135221280181,0.638953822352614,0.0,0.0,True,True,True
north,35.905,8,0.8,4.443184219746896,0.0,4.218184219746896,4.6681842197468955,-0.275,0.275,True,3.7752239129332272,5.100401649899493,-0.7157418331712584,0.7027483517543665,0.0,0.0,True,True,True
north,35.905,9,0.9,4.379150948296587,0.0,4.1541509482965875,4.604150948296587,-0.275,0.275,True,3.6272475829239252,5.098451465286409,-0.7924217966901111,0.7720945336317316,0.0,0.0,True,True,True
north,35.971,1,0.1,4.9066543787324814,0.0,4.681654378732482,5.131654378732481,-0.275,0.275,True,4.605917879988666,5.201582726835151,-0.3419722447452313,0.3652274610411825,0.0,0.0,True,True,True
north,35.971,2,0.2,4.829791492453642,0.0,4.604791492453642,5.054791492453641,-0.275,0.275,True,4.494775400252612,5.158743257836736,-0.38426456129174735,0.3912381552323059,0.0,0.0,True,True,True
north,35.971,3,0.3,4.7533781528226875,0.0,4.528378152822688,4.978378152822687,-0.275,0.275,True,4.378081268040945,5.121455441313935,-0.43210853031387614,0.4228005018990419,0.0,0.0,True,True,True
north,35.971,4,0.4,4.678351249662304,0.0,4.453351249662305,4.903351249662304,-0.275,0.275,True,4.255835483353666,5.089719277266745,-0.4855041518116178,0.4599145010413908,0.0,0.0,True,True,True
north,35.971,5,0.5,4.605193743116463,0.0,4.380193743116464,4.830193743116463,-0.275,0.275,True,4.128038046190772,5.063534765695168,-0.5444514257849721,0.5025801526593524,0.0,0.0,True,True,True
north,35.971,6,0.6,4.534403035544738,0.0,4.309403035544738,4.759403035544738,-0.275,0.275,True,3.994688956552268,5.042901906599204,-0.6089503522339392,0.5507974567529268,0.0,0.0,True,True,True
north,35.971,7,0.7,4.465750481586973,0.0,4.240750481586973,4.6907504815869725,-0.275,0.275,True,3.8557882144381495,5.027820699978853,-0.6790009311585191,0.6045664133221139,0.0,0.0,True,True,True
north,35.971,8,0.8,4.400462145892708,0.0,4.175462145892708,4.625462145892707,-0.275,0.275,True,3.7113358198484194,5.018291145834115,-0.7546031625587117,0.6638870223669138,0.0,0.0,True,True,True
north,35.971,9,0.9,4.33830414760171,0.0,4.113304147601711,4.56330414760171,-0.275,0.275,True,3.5613317727830758,5.01431324416499,-0.8357570464345171,0.7287592838873264,0.0,0.0,True,True,True
north,36.037,1,0.1,4.855696811387666,0.0,4.630696811387667,5.080696811387666,-0.275,0.275,True,4.55675877931752,5.166378014976397,-0.3410472620020154,0.3661524437843976,0.0,0.0,True,True,True
north,36.037,2,0.2,4.77924166546034,0.0,4.55424166546034,5.00424166546034,-0.275,0.275,True,4.4464886257559,5.124410872152415,-0.37828549162160174,0.3972172249024497,0.0,0.0,True,True,True
north,36.037,3,0.3,4.703941665975277,0.0,4.478941665975277,4.928941665975277,-0.275,0.275,True,4.330666819718666,5.0879953818040455,-0.42107537371680087,0.4338336584961145,0.0,0.0,True,True,True
north,36.037,4,0.4,4.629824718268915,0.0,4.404824718268915,4.854824718268914,-0.275,0.275,True,4.20929336120582,5.0571315439312885,-0.46941690828761284,0.47600174456539224,0.0,0.0,True,True,True
north,36.037,5,0.5,4.5580519839373945,0.0,4.333051983937395,4.783051983937394,-0.275,0.275,True,4.08236825021736,5.031819358534144,-0.5233100953340375,0.5237214831102825,0.0,0.0,True,True,True
north,36.037,6,0.6,4.488850015073302,0.0,4.263850015073302,4.713850015073302,-0.275,0.275,True,3.9498914867532897,5.0120588256126135,-0.582754934856075,0.5769928741307857,0.0,0.0,True,True,True
north,36.037,7,0.7,4.422317420926681,0.0,4.197317420926681,4.64731742092668,-0.275,0.275,True,3.811863070813604,4.997849945166695,-0.6477514268537252,0.6358159176269016,0.0,0.0,True,True,True
north,36.037,8,0.8,4.359085003608635,0.0,4.134085003608635,4.584085003608634,-0.275,0.275,True,3.668283002398307,4.989192717196389,-0.7182995713269881,0.7001906135986303,0.0,0.0,True,True,True
north,36.037,9,0.9,4.299102801324434,0.0,4.074102801324434,4.5241028013244335,-0.275,0.275,True,3.519151281507397,4.986087141701696,-0.7943993682758639,0.7701169620459718,0.0,0.0,True,True,True
north,36.103,1,0.1,4.8050285133515445,0.0,4.580028513351545,5.030028513351544,-0.275,0.275,True,4.504161889245312,5.108236273190996,-0.3341030106917849,0.37309669509462845,0.0,0.0,True,True,True
north,36.103,2,0.2,4.729175658982845,0.0,4.504175658982845,4.9541756589828445,-0.275,0.275,True,4.393238143407469,5.06561553809079,-0.36972886347226697,0.40577385305178515,0.0,0.0,True,True,True
north,36.103,3,0.3,4.654918660733647,0.0,4.429918660733647,4.879918660733646,-0.275,0.275,True,4.276762745094012,5.0285464554661985,-0.4109063687283619,0.4440026634845546,0.0,0.0,True,True,True
north,36.103,4,0.4,4.582261784499196,0.0,4.3572617844991965,4.807261784499196,-0.275,0.275,True,4.154735694304943,4.997029025317217,-0.45763552646006955,0.48778312639293686,0.0,0.0,True,True,True
north,36.103,5,0.5,4.5119843855534985,0.0,4.286984385553499,4.736984385553498,-0.275,0.275,True,4.02715699104026,4.971063247643851,-0.50991633666739,0.5371152417769318,0.0,0.0,True,True,True
north,36.103,6,0.6,4.444529300654305,0.0,4.2195293006543055,4.669529300654305,-0.275,0.275,True,3.8940266352999657,4.950649122446098,-0.5677487993503232,0.5919990096365395,0.0,0.0,True,True,True
north,36.103,7,0.7,4.380422669988229,0.0,4.155422669988229,4.605422669988228,-0.275,0.275,True,3.755344627084058,4.935786649723956,-0.6311329145088691,0.6524344299717599,0.0,0.0,True,True,True
north,36.103,8,0.8,4.3192611861248364,0.0,4.094261186124837,4.544261186124836,-0.275,0.275,True,3.611110966392537,4.926475829477428,-0.700068682143028,0.7184215027825935,0.0,0.0,True,True,True
north,36.103,9,0.9,4.2616662304218185,0.0,4.036666230421819,4.486666230421818,-0.275,0.275,True,3.461325653225404,4.922716661706511,-0.7745561022527994,0.7899602280690394,0.0,0.0,True,True,True
north,36.169,1,0.1,4.754860594551292,0.0,4.529860594551292,4.979860594551291,-0.275,0.275,True,4.455994169145323,5.0521302361016955,-0.3272594932982735,0.3799402124881391,0.0,0.0,True,True,True
north,36.169,2,0.2,4.6798350165195854,0.0,4.454835016519586,4.904835016519585,-0.275,0.275,True,4.345305898243225,5.009744975937235,-0.3588018637422062,0.4167008527818444,0.0,0.0,True,True,True
north,36.169,3,0.3,4.606664631984266,0.0,4.3816646319842665,4.831664631984266,-0.275,0.275,True,4.229065974865515,4.972911368248388,-0.3958958866617517,0.45901314555116246,0.0,0.0,True,True,True
north,36.169,4,0.4,4.535828519764206,0.0,4.310828519764207,4.760828519764206,-0.275,0.275,True,4.107274399012191,4.9416294130351535,-0.43854156205691,0.5068770907960933,0.0,0.0,True,True,True
north,36.169,5,0.5,4.467059785688169,0.0,4.242059785688169,4.692059785688168,-0.275,0.275,True,3.979931170683254,4.915899110297532,-0.48673888992768094,0.5602926885166369,0.0,0.0,True,True,True
north,36.169,6,0.6,4.401734006579894,0.0,4.176734006579895,4.626734006579894,-0.275,0.275,True,3.8470362898787047,4.895720460035522,-0.5404878702740648,0.6192599387127933,0.0,0.0,True,True,True
north,36.169,7,0.7,4.3395430631616305,0.0,4.114543063161631,4.56454306316163,-0.275,0.275,True,3.7085897565985433,4.881093462249126,-0.5997885030960612,0.6837788413845625,0.0,0.0,True,True,True
north,36.169,8,0.8,4.2807957479717516,0.0,4.055795747971752,4.505795747971751,-0.275,0.275,True,3.564591570842768,4.872018116938342,-0.6646407883936707,0.7538493965319444,0.0,0.0,True,True,True
north,36.169,9,0.9,4.225892946221911,0.0,4.000892946221911,4.45089294622191,-0.275,0.275,True,3.41504173261138,4.868494424103171,-0.7350447261668926,0.829471604154939,0.0,0.0,True,True,True
north,36.235,1,0.1,4.705407985479527,0.0,4.480407985479528,4.930407985479527,-0.275,0.275,True,4.399568794668106,4.986800819483922,-0.3294402849005359,0.3777594208858779,0.0,0.0,True,True,True
north,36.235,2,0.2,4.6312823724854395,0.0,4.40628237248544,4.856282372485439,-0.275,0.275,True,4.283554886349116,4.939089921902571,-0.36064170760174086,0.41486100892231215,0.0,0.0,True,True,True
north,36.235,3,0.3,4.55945933057201,0.0,4.3344593305720105,4.78445933057201,-0.275,0.275,True,4.161989325554513,4.896930676796834,-0.39739478277855866,0.45751424943435914,0.0,0.0,True,True,True
north,36.235,4,0.4,4.490228841101176,0.0,4.265228841101177,4.715228841101176,-0.275,0.275,True,4.034872112284299,4.8603230841667076,-0.43969951043098926,0.5057191424220189,0.0,0.0,True,True,True
north,36.235,5,0.5,4.423590295433168,0.0,4.198590295433168,4.648590295433167,-0.275,0.275,True,3.9022032465384715,4.829267144012197,-0.4875558905590326,0.5594756878852915,0.0,0.0,True,True,True
north,36.235,6,0.6,4.360321525002981,0.0,4.135321525002982,4.585321525002981,-0.275,0.275,True,3.7639827283170306,4.8037628563332975,-0.5409639231626886,0.6187838858241768,0.0,0.0,True,True,True
north,36.235,7,0.7,4.300270141168211,0.0,4.075270141168211,4.52527014116821,-0.275,0.275,True,3.620210557619976,4.78381022113001,-0.5999236082419575,0.6836437362386747,0.0,0.0,True,True,True
north,36.235,8,0.8,4.24399761923633,0.0,4.01899761923633,4.46899761923633,-0.275,0.275,True,3.4708867344473098,4.7694092384023365,-0.6644349457968391,0.7540552391287857,0.0,0.0,True,True,True
north,36.235,9,0.9,4.19185548195375,0.0,3.96685548195375,4.41685548195375,-0.275,0.275,True,3.3160112587990307,4.760559908150276,-0.7344979358273335,0.8300183944945093,0.0,0.0,True,True,True
north,36.301,1,0.1,4.656403308582833,0.0,4.4314033085828335,4.881403308582833,-0.275,0.275,True,4.354323824014703,4.95434131053525,-0.3325260370975538,0.37467366868885954,0.0,0.0,True,True,True
north,36.301,2,0.2,4.583661917688681,0.0,4.358661917688681,4.8086619176886805,-0.275,0.275,True,4.242936066420134,4.911256563678318,-0.36690815296609036,0.40859456355796175,0.0,0.0,True,True,True
north,36.301,3,0.3,4.513365498983433,0.0,4.288365498983433,4.738365498983432,-0.275,0.275,True,4.12599665634995,4.873723469297,-0.4068419213102398,0.4480671109026767,0.0,0.0,True,True,True
north,36.301,4,0.4,4.445874381561719,0.0,4.220874381561719,4.670874381561719,-0.275,0.275,True,4.003505593804156,4.841742027391294,-0.452327342130002,0.49309131072300444,0.0,0.0,True,True,True
north,36.301,5,0.5,4.381683305302668,0.0,4.156683305302669,4.606683305302668,-0.275,0.275,True,3.8754628787827468,4.8153122379612014,-0.5033644154253769,0.5436671630189449,0.0,0.0,True,True,True
north,36.301,6,0.6,4.320434599704283,0.0,4.095434599704284,4.545434599704283,-0.275,0.275,True,3.7418685112857255,4.794434101006722,-0.5599531411963645,0.5997946677904982,0.0,0.0,True,True,True
north,36.301,7,0.7,4.262755302501968,0.0,4.037755302501968,4.487755302501967,-0.275,0.275,True,3.6027224913130915,4.779107616527853,-0.6220935194429649,0.6614738250376642,0.0,0.0,True,True,True
north,36.301,8,0.8,4.2090613818830525,0.0,3.9840613818830524,4.434061381883052,-0.275,0.275,True,3.458024818864845,4.769332784524599,-0.6897855501651784,0.7287046347604431,0.0,0.0,True,True,True
north,36.301,9,0.9,4.1596374136033365,0.0,3.9346374136033364,4.384637413603336,-0.275,0.275,True,3.3077754939409854,4.765109604996957,-0.7630292333630042,0.8014870969588346,0.0,0.0,True,True,True
north,36.367,1,0.1,4.6081355208520645,0.0,4.383135520852065,4.833135520852064,-0.275,0.275,True,4.312997923267936,4.915830970500934,-0.3335818491111177,0.37361785667529485,0.0,0.0,True,True,True
north,36.367,2,0.2,4.537254003983669,0.0,4.31225400398367,4.762254003983669,-0.275,0.275,True,4.20675975598844,4.877895813959075,-0.3688838463230159,0.40661887020103465,0.0,0.0,True,True,True
north,36.367,3,0.3,4.4684067308853574,0.0,4.243406730885358,4.693406730885357,-0.275,0.275,True,4.094969936233329,4.845512309892828,-0.40973749601052684,0.4451715362023873,0.0,0.0,True,True,True
north,36.367,4,0.4,4.40302292861666,0.0,4.17802292861666,4.62802292861666,-0.275,0.275,True,3.977628464002605,4.818680458302194,-0.4561427981736506,0.4892758546793527,0.0,0.0,True,True,True
north,36.367,5,0.5,4.340781978721556,0.0,4.115781978721556,4.565781978721556,-0.275,0.275,True,3.854735339296269,4.797400259187173,-0.5080997528123871,0.5389318256319308,0.0,0.0,True,True,True
north,36.367,6,0.6,4.281953425980421,0.0,4.056953425980422,4.506953425980421,-0.275,0.275,True,3.726290562114321,4.781671712547765,-0.5656083599267363,0.5941394490601217,0.0,0.0,True,True,True
north,36.367,7,0.7,4.2269361454954835,0.0,4.001936145495484,4.451936145495483,-0.275,0.275,True,3.592294132456759,4.771494818383968,-0.6286686195166984,0.6548987249639253,0.0,0.0,True,True,True
north,36.367,8,0.8,4.1759810074761665,0.0,3.9509810074761664,4.400981007476166,-0.275,0.275,True,3.4527460503235847,4.766869576695785,-0.6972805315822732,0.7212096533433419,0.0,0.0,True,True,True
north,36.367,9,0.9,4.129545774096345,0.0,3.9045457740963445,4.354545774096344,-0.275,0.275,True,3.307646315714798,4.767795987483216,-0.7714440961234608,0.7930722341983709,0.0,0.0,True,True,True
north,36.433,1,0.1,4.560866677206621,0.0,4.335866677206622,4.785866677206621,-0.275,0.275,True,4.266009223328243,4.870536512165809,-0.3361731360320741,0.3710265697543389,0.0,0.0,True,True,True
north,36.433,2,0.2,4.491605859255345,0.0,4.266605859255345,4.716605859255345,-0.275,0.275,True,4.162546182798686,4.83537648237389,-0.3715209159906824,0.4039818005333691,0.0,0.0,True,True,True
north,36.433,3,0.3,4.424863169939655,0.0,4.199863169939655,4.649863169939654,-0.275,0.275,True,4.0535314897935155,4.805768105057584,-0.4124203484249033,0.44248868378801204,0.0,0.0,True,True,True
north,36.433,4,0.4,4.361558046397333,0.0,4.136558046397333,4.586558046397332,-0.275,0.275,True,3.938965144312732,4.78171138021689,-0.4588714333347372,0.4865472195182679,0.0,0.0,True,True,True
north,36.433,5,0.5,4.301437481011991,0.0,4.076437481011991,4.526437481011991,-0.275,0.275,True,3.8188471463563367,4.763206307851809,-0.5108741707201837,0.5361574077241363,0.0,0.0,True,True,True
north,36.433,6,0.6,4.245108655613248,0.0,4.020108655613249,4.470108655613248,-0.275,0.275,True,3.6931774959243273,4.750252887962341,-0.568428560581243,0.5913192484056177,0.0,0.0,True,True,True
north,36.433,7,0.7,4.192875977830282,0.0,3.9678759778302823,4.417875977830282,-0.275,0.275,True,3.561956193016705,4.742851120548486,-0.6315346029179151,0.6520327415627117,0.0,0.0,True,True,True
north,36.433,8,0.8,4.1448761233933915,0.0,3.9198761233933914,4.369876123393391,-0.275,0.275,True,3.4251832376334717,4.741001005610243,-0.7001922977301999,0.7182978871954185,0.0,0.0,True,True,True
north,36.433,9,0.9,4.101303452140589,0.0,3.8763034521405886,4.326303452140588,-0.275,0.275,True,3.2828586297746245,4.744702543147613,-0.7744016450180975,0.7901146853037382,0.0,0.0,True,True,True
north,36.499,1,0.1,4.5147466124133615,0.0,4.289746612413362,4.739746612413361,-0.275,0.275,True,4.222328022321373,4.837052942650546,-0.3315859824300581,0.37561372335635523,0.0,0.0,True,True,True
north,36.499,2,0.2,4.4472194624691275,0.0,4.222219462469128,4.672219462469127,-0.275,0.275,True,4.119994046438841,4.803021977505651,-0.3657809431812641,0.40972177334278803,0.0,0.0,True,True,True
north,36.499,3,0.3,4.3829177822751335,0.0,4.157917782275134,4.607917782275133,-0.275,0.275,True,4.012108418080695,4.77454266483637,-0.4055275564080828,0.4493814758048337,0.0,0.0,True,True,True
north,36.499,4,0.4,4.3216080132837345,0.0,4.096608013283735,4.546608013283734,-0.275,0.275,True,3.898671137246936,4.7516150046427,-0.4508258221105143,0.4945928307424921,0.0,0.0,True,True,True
north,36.499,5,0.5,4.263844374582121,0.0,4.038844374582121,4.48884437458212,-0.275,0.275,True,3.7796822039375644,4.734238996924645,-0.5016757402885585,0.5453558381557633,0.0,0.0,True,True,True
north,36.499,6,0.6,4.210095835046642,0.0,3.9850958350466423,4.435095835046642,-0.275,0.275,True,3.6551416181525807,4.722414641682202,-0.5580773109422156,0.6016704980446471,0.0,0.0,True,True,True
north,36.499,7,0.7,4.1605779911718175,0.0,3.9355779911718174,4.385577991171817,-0.275,0.275,True,3.5250493798919837,4.716141938915371,-0.6200305340714853,0.6635368104091437,0.0,0.0,True,True,True
north,36.499,8,0.8,4.115718390214728,0.0,3.890718390214728,4.340718390214728,-0.275,0.275,True,3.3894054891557737,4.715420888624154,-0.6875354096763681,0.7309547752492535,0.0,0.0,True,True,True
north,36.499,9,0.9,4.075133767018447,0.0,3.850133767018447,4.300133767018447,-0.275,0.275,True,3.2482099459439513,4.720251490808549,-0.7605919377568633,0.8039243925649755,0.0,0.0,True,True,True
north,36.565,1,0.1,4.469753676082541,0.0,4.244753676082541,4.694753676082541,-0.275,0.275,True,4.177394014990751,4.775155260697737,-0.3458311474626478,0.36136855832376474,0.0,0.0,True,True,True
north,36.565,2,0.2,4.404328912002995,0.0,4.179328912002996,4.629328912002995,-0.275,0.275,True,4.073410128084361,4.739474384528983,-0.38381234410117654,0.391690372422874,0.0,0.0,True,True,True
north,36.565,3,0.3,4.342020894281481,0.0,4.117020894281481,4.56702089428148,-0.275,0.275,True,3.963874588702356,4.709345160835842,-0.42734519321531805,0.4275638389975961,0.0,0.0,True,True,True
north,36.565,4,0.4,4.283111103989095,0.0,4.058111103989095,4.508111103989094,-0.275,0.275,True,3.8487873968447386,4.684767589618315,-0.4764296948050724,0.4689889580479309,0.0,0.0,True,True,True
north,36.565,5,0.5,4.227979344769061,0.0,4.002979344769061,4.45297934476906,-0.275,0.275,True,3.728148552511508,4.6657416708763995,-0.5310658488704394,0.5159657295738784,0.0,0.0,True,True,True
north,36.565,6,0.6,4.176933542652754,0.0,3.9519335426527538,4.4019335426527535,-0.275,0.275,True,3.6019580557026654,4.652267404610097,-0.5912536554114192,0.5684941535754389,0.0,0.0,True,True,True
north,36.565,7,0.7,4.130432938879653,0.0,3.905432938879653,4.355432938879653,-0.275,0.275,True,3.4702159064182103,4.644344790819407,-0.6569931144280118,0.6265742300526119,0.0,0.0,True,True,True
north,36.565,8,0.8,4.088415471903114,0.0,3.863415471903114,4.313415471903114,-0.275,0.275,True,3.3329221046581416,4.641973829504329,-0.7282842259202172,0.6902059590053978,0.0,0.0,True,True,True
north,36.565,9,0.9,4.051149757272501,0.0,3.826149757272501,4.276149757272501,-0.275,0.275,True,3.1900766504224607,4.645154520664866,-0.8051269898880352,0.7593893404337965,0.0,0.0,True,True,True
north,36.631,1,0.1,4.426136044446136,0.0,4.2011360444461365,4.651136044446136,-0.275,0.275,True,4.1271420275835675,4.741001558582354,-0.3417759101531631,0.36542379563325067,0.0,0.0,True,True,True
north,36.631,2,0.2,4.3627945677916795,0.0,4.13779456779168,4.587794567791679,-0.275,0.275,True,4.024000546892637,4.706163088629062,-0.37914159003009723,0.3963611264939558,0.0,0.0,True,True,True
north,36.631,3,0.3,4.302604820855772,0.0,4.077604820855773,4.527604820855772,-0.275,0.275,True,3.915307413726093,4.676876271151383,-0.42205892238264414,0.43285010983027367,0.0,0.0,True,True,True
north,36.631,4,0.4,4.246219691990171,0.0,4.021219691990171,4.4712196919901706,-0.275,0.275,True,3.8010626280839355,4.653141106149316,-0.47052790721080384,0.47489074564220435,0.0,0.0,True,True,True
north,36.631,5,0.5,4.193896473706819,0.0,3.968896473706819,4.418896473706819,-0.275,0.275,True,3.6812661899661663,4.634957593622863,-0.5245485445145762,0.5224830339297478,0.0,0.0,True,True,True
north,36.631,6,0.6,4.145782824387075,0.0,3.9207828243870746,4.370782824387074,-0.275,0.275,True,3.555918099372785,4.622325733572023,-0.5841208342939614,0.5756269746929039,0.0,0.0,True,True,True
north,36.631,7,0.7,4.1021352694387225,0.0,3.8771352694387224,4.327135269438722,-0.275,0.275,True,3.4250183563037897,4.615245525996794,-0.6492447765489593,0.6343225679316729,0.0,0.0,True,True,True
north,36.631,8,0.8,4.063170594435822,0.0,3.8381705944358218,4.2881705944358215,-0.275,0.275,True,3.288566960759182,4.61371697089718,-0.7199203712795702,0.6985698136460546,0.0,0.0,True,True,True
north,36.631,9,0.9,4.029282266915147,0.0,3.804282266915147,4.254282266915147,-0.275,0.275,True,3.1465639127389617,4.617740068273178,-0.7961476184857936,0.7683687118360492,0.0,0.0,True,True,True
north,36.697,1,0.1,4.384152259247594,0.0,4.159152259247595,4.609152259247594,-0.275,0.275,True,4.086479117777657,4.690266984570609,-0.3444674953750204,0.3627322104113929,0.0,0.0,True,True,True
north,36.697,2,0.2,4.322781426863181,0.0,4.097781426863182,4.547781426863181,-0.275,0.275,True,3.98237501277828,4.654465890308869,-0.3822997491223977,0.3932029674016544,0.0,0.0,True,True,True
north,36.697,3,0.3,4.264933446662274,0.0,4.039933446662275,4.489933446662274,-0.275,0.275,True,3.872719255303288,4.624216448522743,-0.42568365534538777,0.4292253768675287,0.0,0.0,True,True,True
north,36.697,4,0.4,4.211130288210236,0.0,3.986130288210236,4.436130288210236,-0.275,0.275,True,3.7575118453526843,4.599518659212229,-0.47461921404399066,0.47079943880901576,0.0,0.0,True,True,True
north,36.697,5,0.5,4.161550791590021,0.0,3.936550791590021,4.386550791590021,-0.275,0.275,True,3.6367527829264685,4.580372522377329,-0.5291064252182063,0.5179251532261155,0.0,0.0,True,True,True
north,36.697,6,0.6,4.116584119277111,0.0,3.8915841192771112,4.341584119277111,-0.275,0.275,True,3.5104420680246395,4.566778038018041,-0.5891452888680345,0.5706025201188282,0.0,0.0,True,True,True
north,36.697,7,0.7,4.075878022387517,0.0,3.850878022387517,4.300878022387517,-0.275,0.275,True,3.378579700647198,4.558735206134364,-0.6547358049934756,0.6288315394871534,0.0,0.0,True,True,True
north,36.697,8,0.8,4.040193911177363,0.0,3.815193911177363,4.265193911177363,-0.275,0.275,True,3.241165680794143,4.5562440267263025,-0.7258779735945298,0.6926122113310917,0.0,0.0,True,True,True
north,36.697,9,0.9,4.009646875462671,0.0,3.784646875462671,4.234646875462671,-0.275,0.275,True,3.0982000084654757,4.5593044997938525,-0.8025717946711963,0.7619445356506425,0.0,0.0,True,True,True
north,36.763,1,0.1,4.343259809841402,0.0,4.118259809841402,4.568259809841401,-0.275,0.275,True,4.047815453746717,4.653998943430135,-0.34275977608219643,0.3644399297042161,0.0,0.0,True,True,True
north,36.763,2,0.2,4.284268781997764,0.0,4.059268781997765,4.509268781997764,-0.275,0.275,True,3.9480039921299235,4.6224904925509795,-0.377380028432181,0.39812268809186957,0.0,0.0,True,True,True
north,36.763,3,0.3,4.229022544042638,0.0,4.0040225440426385,4.454022544042638,-0.275,0.275,True,3.842640878037518,4.596533694147438,-0.4175519332577783,0.43735709895513586,0.0,0.0,True,True,True
north,36.763,4,0.4,4.177886077829345,0.0,3.9528860778293446,4.402886077829344,-0.275,0.275,True,3.731726111469499,4.576128548219509,-0.4632754905589884,0.4821431622940149,0.0,0.0,True,True,True
north,36.763,5,0.5,4.131320103662965,0.0,3.906320103662965,4.356320103662965,-0.275,0.275,True,3.6152596924258673,4.561275054767192,-0.5145507003358112,0.5324808781085066,0.0,0.0,True,True,True
north,36.763,6,0.6,4.089219967185757,0.0,3.864219967185757,4.314219967185757,-0.275,0.275,True,3.4932416209066237,4.551973213790488,-0.5713775625882468,0.5883702463986112,0.0,0.0,True,True,True
north,36.763,7,0.7,4.051841484619384,0.0,3.826841484619384,4.276841484619384,-0.275,0.275,True,3.3656718969117665,4.5482230252893965,-0.6337560773162952,0.6498112671643285,0.0,0.0,True,True,True
north,36.763,8,0.8,4.019404224959003,0.0,3.794404224959003,4.244404224959003,-0.275,0.275,True,3.232550520441297,4.550024489263918,-0.7016862445199564,0.7168039404056586,0.0,0.0,True,True,True
north,36.763,9,0.9,3.9923325350629,0.0,3.7673325350629,4.2173325350629,-0.275,0.275,True,3.0938774914952143,4.557377605714052,-0.7751680641992302,0.7893482661226014,0.0,0.0,True,True,True
north,36.829,1,0.1,4.303772160699548,0.0,4.078772160699549,4.528772160699548,-0.275,0.275,True,4.01782961333457,4.665510764810924,-0.336804689327914,0.370395016458499,0.0,0.0,True,True,True
north,36.829,2,0.2,4.247330728367089,0.0,4.0223307283670895,4.472330728367089,-0.275,0.275,True,3.928893396094368,4.6448775583083615,-0.37056381377518804,0.4049389027488634,0.0,0.0,True,True,True
north,36.829,3,0.3,4.194916969583355,0.0,3.969916969583355,4.419916969583355,-0.275,0.275,True,3.8344055263785535,4.629796004281411,-0.4098745906980748,0.44503444151484056,0.0,0.0,True,True,True
north,36.829,4,0.4,4.1466895253807605,0.0,3.9216895253807604,4.37168952538076,-0.275,0.275,True,3.7343660041871263,4.620266102730073,-0.45473702009657446,0.4906816327564306,0.0,0.0,True,True,True
north,36.829,5,0.5,4.10296708673686,0.0,3.87796708673686,4.32796708673686,-0.275,0.275,True,3.628774829520087,4.616287853654349,-0.5051511019706867,0.5418804764736334,0.0,0.0,True,True,True
north,36.829,6,0.6,4.063922263128467,0.0,3.838922263128467,4.288922263128467,-0.275,0.275,True,3.5176320023774346,4.617861257054237,-0.5611168363204119,0.5986309726664488,0.0,0.0,True,True,True
north,36.829,7,0.7,4.029914667752853,0.0,3.8049146677528527,4.254914667752852,-0.275,0.275,True,3.4009375227591687,4.624986312929738,-0.6226342231457497,0.6609331213348771,0.0,0.0,True,True,True
north,36.829,8,0.8,4.0010073510819115,0.0,3.7760073510819114,4.226007351081911,-0.275,0.275,True,3.2786913906652915,4.637663021280851,-0.6897032624467003,0.7287869224789181,0.0,0.0,True,True,True
north,36.829,9,0.9,3.977468742769843,0.0,3.752468742769843,4.202468742769843,-0.275,0.275,True,3.1508936060958006,4.655891382107579,-0.7623239542232637,0.802192376098572,0.0,0.0,True,True,True
north,36.895,1,0.1,4.266022518742424,0.0,4.041022518742424,4.491022518742423,-0.275,0.275,True,3.986388057396103,4.672612049054292,-0.34491438847569195,0.3622853173107214,0.0,0.0,True,True,True
north,36.895,2,0.2,4.212164741373825,0.0,3.987164741373825,4.437164741373825,-0.275,0.275,True,3.90988352633658,4.664410528732407,-0.3798251610930651,0.39567755543098704,0.0,0.0,True,True,True
north,36.895,3,0.3,4.162523592008225,0.0,3.9375235920082248,4.3875235920082245,-0.275,0.275,True,3.8278273428014433,4.661760660886136,-0.42028758618605105,0.4346214460268654,0.0,0.0,True,True,True
north,36.895,4,0.4,4.117449848339497,0.0,3.892449848339497,4.342449848339497,-0.275,0.275,True,3.740219506790695,4.664662445515477,-0.4663016637546498,0.4791169890983566,0.0,0.0,True,True,True
north,36.895,5,0.5,4.07662227775659,0.0,3.8516222777565896,4.301622277756589,-0.275,0.275,True,3.6470600183043342,4.673115882620432,-0.5178673937988613,0.5291641846454606,0.0,0.0,True,True,True
north,36.895,6,0.6,4.040857312970842,0.0,3.815857312970842,4.265857312970842,-0.275,0.275,True,3.548348877342361,4.687120972201,-0.5749847763186855,0.5847630326681772,0.0,0.0,True,True,True
north,36.895,7,0.7,4.010220029483949,0.0,3.785220029483949,4.235220029483949,-0.275,0.275,True,3.4440860839047738,4.706677714257179,-0.6376538113141225,0.6459135331665066,0.0,0.0,True,True,True
north,36.895,8,0.8,3.9848793614061377,0.0,3.7598793614061377,4.209879361406138,-0.275,0.275,True,3.3342716379915744,4.731786108788971,-0.7058744987851725,0.712615686140449,0.0,0.0,True,True,True
north,36.895,9,0.9,3.9649943195614568,0.0,3.7399943195614567,4.189994319561457,-0.275,0.275,True,3.218905539602762,4.762446155796376,-0.7796468387318348,0.784869491590004,0.0,0.0,True,True,True
north,36.961,1,0.1,4.230065743316212,0.0,4.005065743316212,4.4550657433162115,-0.275,0.275,True,3.962453154970378,4.692206111407444,-0.3470486113594908,0.3601510944269218,0.0,0.0,True,True,True
north,36.961,2,0.2,4.178855913485487,0.0,3.9538559134854867,4.403855913485486,-0.275,0.275,True,3.8978522342921105,4.695908201466814,-0.38341165816092004,0.3920910583631305,0.0,0.0,True,True,True
north,36.961,3,0.3,4.132207268446277,0.0,3.907207268446277,4.357207268446277,-0.275,0.275,True,3.8276996611382317,4.705161944001799,-0.42532635743796204,0.4295826747749521,0.0,0.0,True,True,True
north,36.961,4,0.4,4.090024462468403,0.0,3.8650244624684027,4.315024462468402,-0.275,0.275,True,3.751995435508739,4.7199673390123955,-0.47279270919061683,0.47262594366238647,0.0,0.0,True,True,True
north,36.961,5,0.5,4.05253321196627,0.0,3.8275332119662697,4.2775332119662695,-0.275,0.275,True,3.670739557403634,4.740324386498606,-0.5258107134188843,0.5212208650254335,0.0,0.0,True,True,True
north,36.961,6,0.6,4.020008346802924,0.0,3.795008346802924,4.245008346802924,-0.275,0.275,True,3.5839320268229162,4.766233086460428,-0.5843803701227647,0.5753674388640934,0.0,0.0,True,True,True
north,36.961,7,0.7,3.99282516193272,0.0,3.76782516193272,4.21782516193272,-0.275,0.275,True,3.491572843766586,4.797693438897863,-0.6485016793022578,0.6350656651783659,0.0,0.0,True,True,True
north,36.961,8,0.8,3.9711534263413175,0.0,3.7461534263413174,4.196153426341318,-0.275,0.275,True,3.393662008234643,4.834705443810911,-0.7181746409573636,0.7003155439682515,0.0,0.0,True,True,True
north,36.961,9,0.9,3.955075326323518,0.0,3.730075326323518,4.180075326323518,-0.275,0.275,True,3.2901995202270866,4.8772691011995715,-0.7933992550880822,0.7711170752337495,0.0,0.0,True,True,True
north,37.027,1,0.1,4.195937465459887,0.0,3.9709374654598872,4.420937465459887,-0.275,0.275,True,3.923988115141312,4.675712631228838,-0.32748916845561604,0.37971053733079774,0.0,0.0,True,True,True
north,37.027,2,0.2,4.147596226374444,0.0,3.9225962263744436,4.372596226374443,-0.275,0.275,True,3.858181650012628,4.678209176837792,-0.3586779908367494,0.4168247256873036,0.0,0.0,True,True,True
north,37.027,3,0.3,4.103798904034997,0.0,3.8787989040349973,4.328798904034997,-0.275,0.275,True,3.7868235324083304,4.68625737492236,-0.3954184656934955,0.4594905665194223,0.0,0.0,True,True,True
north,37.027,4,0.4,4.0646739318211145,0.0,3.8396739318211144,4.289673931821114,-0.275,0.275,True,3.7099137623284197,4.699857225482539,-0.4377105930258544,0.5077080598271537,0.0,0.0,True,True,True
north,37.027,5,0.5,4.030551859749266,0.0,3.8055518597492664,4.255551859749266,-0.275,0.275,True,3.627452339772897,4.719008728518332,-0.4855543728338261,0.561477205610498,0.0,0.0,True,True,True
north,37.027,6,0.6,4.001525509640537,0.0,3.776525509640537,4.2265255096405365,-0.275,0.275,True,3.5394392647417616,4.7437118840297385,-0.5389498051174104,0.6207980038694549,0.0,0.0,True,True,True
north,37.027,7,0.7,3.9778871520945605,0.0,3.7528871520945604,4.2028871520945605,-0.275,0.275,True,3.4458745372350124,4.7739666920167565,-0.5978968898766076,0.6856704546040245,0.0,0.0,True,True,True
north,37.027,8,0.8,3.9599008136568905,0.0,3.7349008136568904,4.18490081365689,-0.275,0.275,True,3.3467581572526512,4.809773152479388,-0.6623956271114176,0.7560945578142072,0.0,0.0,True,True,True
north,37.027,9,0.9,3.9501317955864583,0.0,3.7251317955864582,4.175131795586458,-0.275,0.275,True,3.2420901247946774,4.851131265417632,-0.7324460168218403,0.8320703135000025,0.0,0.0,True,True,True
north,37.093,1,0.1,4.163496392426425,0.0,3.938496392426425,4.388496392426425,-0.275,0.275,True,3.891575918670458,4.685787727071247,-0.339382141581573,0.36781756420484035,0.0,0.0,True,True,True
north,37.093,2,0.2,4.118315577401879,0.0,3.893315577401879,4.343315577401879,-0.275,0.275,True,3.8286965504174133,4.69121136955584,-0.37054363055244716,0.40495908597160496,0.0,0.0,True,True,True
north,37.093,3,0.3,4.0773822933685455,0.0,3.8523822933685454,4.302382293368545,-0.275,0.275,True,3.7602655296887564,4.702186664516049,-0.4072567719989341,0.44765226021398236,0.0,0.0,True,True,True
north,37.093,4,0.4,4.041520714764324,0.0,3.8165207147643243,4.266520714764324,-0.275,0.275,True,3.686282856484486,4.718713611951867,-0.44952156592103387,0.49589708693197254,0.0,0.0,True,True,True
north,37.093,5,0.5,4.010793183505228,0.0,3.7857931835052283,4.235793183505228,-0.275,0.275,True,3.606748530804603,4.7407922118633,-0.49733801231874636,0.5496935661255755,0.0,0.0,True,True,True
north,37.093,6,0.6,3.9853312206480154,0.0,3.7603312206480153,4.2103312206480155,-0.275,0.275,True,3.5216625526491074,4.768422464250346,-0.5507061111920716,0.6090416977947911,0.0,0.0,True,True,True
north,37.093,7,0.7,3.9653332622429582,0.0,3.740333262242958,4.190333262242958,-0.275,0.275,True,3.4310249220179987,4.801604369113003,-0.6096258625410095,0.6739414819396196,0.0,0.0,True,True,True
north,37.093,8,0.8,3.9511380672027943,0.0,3.726138067202794,4.176138067202794,-0.275,0.275,True,3.3348356389112777,4.840337926451274,-0.6740972663655606,0.744392918560061,0.0,0.0,True,True,True
north,37.093,9,0.9,3.951566378467556,0.0,3.726566378467556,4.176566378467556,-0.275,0.275,True,3.2330947033289434,4.884623136265157,-0.7441203226657239,0.8203960076561149,0.0,0.0,True,True,True
north,37.159,1,0.1,4.133094433229586,0.0,3.908094433229586,4.358094433229586,-0.275,0.275,True,3.864895583410709,4.673138932209038,-0.3448335639621766,0.36236614182423593,0.0,0.0,True,True,True
north,37.159,2,0.2,4.090833994768038,0.0,3.8658339947680376,4.315833994768037,-0.275,0.275,True,3.80153772186946,4.6780840814054265,-0.38022567231454807,0.3952770442095025,0.0,0.0,True,True,True
north,37.159,3,0.3,4.053224939313155,0.0,3.8282249393131553,4.278224939313155,-0.275,0.275,True,3.7326282078525996,4.68858088307743,-0.42116943314253236,0.4337395990703818,0.0,0.0,True,True,True
north,37.159,4,0.4,4.0206124686468465,0.0,3.7956124686468464,4.245612468646846,-0.275,0.275,True,3.658167041360126,4.704629337225046,-0.4676648464461294,0.4777538064068739,0.0,0.0,True,True,True
north,37.159,5,0.5,3.993330628207146,0.0,3.768330628207146,4.218330628207146,-0.275,0.275,True,3.578154222392039,4.726229443848274,-0.5197119122253391,0.5273196662189787,0.0,0.0,True,True,True
north,37.159,6,0.6,3.971529518103419,0.0,3.746529518103419,4.196529518103419,-0.275,0.275,True,3.4925897509483406,4.753381202947115,-0.5773106304801617,0.5824371785066963,0.0,0.0,True,True,True
north,37.159,7,0.7,3.9553368982841177,0.0,3.7303368982841176,4.180336898284118,-0.275,0.275,True,3.401473627029029,4.7860846145215685,-0.640461001210597,0.6431063432700267,0.0,0.0,True,True,True
north,37.159,8,0.8,3.9506185634762856,0.0,3.7256185634762855,4.175618563476285,-0.275,0.275,True,3.304805850634104,4.8243396785716355,-0.7091630244166451,0.7093271605089699,0.0,0.0,True,True,True
north,37.159,9,0.9,3.9545733938008705,0.0,3.7295733938008704,4.179573393800871,-0.275,0.275,True,3.2025864217635664,4.868146395097314,-0.7834167000983059,0.7810996302235258,0.0,0.0,True,True,True
north,37.225,1,0.1,4.104630721333131,0.0,3.879630721333131,4.329630721333131,-0.275,0.275,True,3.836409873320736,4.685827074503985,-0.3498152991271507,0.3573844066592623,0.0,0.0,True,True,True
north,37.225,2,0.2,4.06542560051376,0.0,3.84042560051376,4.2904256005137595,-0.275,0.275,True,3.7782639253612387,4.695984137282126,-0.3901450488762463,0.38535766764780516,0.0,0.0,True,True,True
north,37.225,3,0.3,4.031193842904386,0.0,3.8061938429043862,4.256193842904386,-0.275,0.275,True,3.7145663249261283,4.711692852535879,-0.4360264511009546,0.41888258111196075,0.0,0.0,True,True,True
north,37.225,4,0.4,4.002043668199165,0.0,3.777043668199165,4.2270436681991646,-0.275,0.275,True,3.645317072015405,4.732953220265246,-0.48745950580127584,0.45795914705172924,0.0,0.0,True,True,True
north,37.225,5,0.5,3.9783055614192793,0.0,3.753305561419279,4.203305561419279,-0.275,0.275,True,3.570516166629069,4.759765240470225,-0.5444442129772097,0.5025873654671104,0.0,0.0,True,True,True
north,37.225,6,0.6,3.960211050715635,0.0,3.735211050715635,4.185211050715635,-0.275,0.275,True,3.49016360876712,4.792128913150817,-0.6069805726287564,0.5527672363581043,0.0,0.0,True,True,True
north,37.225,7,0.7,3.950115155922221,0.0,3.725115155922221,4.175115155922221,-0.275,0.275,True,3.4042593984295584,4.830044238307021,-0.6750685847559158,0.608498759724711,0.0,0.0,True,True,True
north,37.225,8,0.8,3.952827593813933,0.0,3.7278275938139327,4.177827593813933,-0.275,0.275,True,3.3128035356163847,4.873511215938839,-0.748708249358688,0.6697819355669304,0.0,0.0,True,True,True
north,37.225,9,0.9,3.959095302343225,0.0,3.734095302343225,4.184095302343225,-0.275,0.275,True,3.2157960203275975,4.922529846046269,-0.827899566437073,0.7366167638847627,0.0,0.0,True,True,True
north,37.291,1,0.1,4.078158069223384,0.0,3.8531580692233836,4.303158069223383,-0.275,0.275,True,3.8146749878195356,4.700345266533314,-0.3340698318390561,0.3731298739473577,0.0,0.0,True,True,True
north,37.291,2,0.2,4.042184116557807,0.0,3.8171841165578067,4.267184116557806,-0.275,0.275,True,3.760439172740796,4.714412462192214,-0.3656314533898407,0.4098712631342125,0.0,0.0,True,True,True
north,37.291,3,0.3,4.01136633752651,0.0,3.7863663375265095,4.236366337526509,-0.275,0.275,True,3.7006517051864454,4.734031310326728,-0.40274472741623796,0.45216430479668007,0.0,0.0,True,True,True
north,37.291,4,0.4,3.985783079889896,0.0,3.760783079889896,4.210783079889896,-0.275,0.275,True,3.635312585156481,4.759201810936854,-0.44540965391824816,0.5000089989347605,0.0,0.0,True,True,True
north,37.291,5,0.5,3.965684690993152,0.0,3.740684690993152,4.190684690993152,-0.275,0.275,True,3.5644218126509033,4.7899239640225915,-0.49362623289587093,0.5534053455484536,0.0,0.0,True,True,True
north,37.291,6,0.6,3.9513295053081388,0.0,3.7263295053081387,4.176329505308138,-0.275,0.275,True,3.487979387669714,4.826197769583944,-0.5473944643491065,0.6123533446377595,0.0,0.0,True,True,True
north,37.291,7,0.7,3.9514957308446825,0.0,3.7264957308446824,4.176495730844683,-0.275,0.275,True,3.4059853102129107,4.868023227620908,-0.6067143482779549,0.6768529962026781,0.0,0.0,True,True,True
north,37.291,8,0.8,3.9565724039687926,0.0,3.7315724039687925,4.181572403968793,-0.275,0.275,True,3.318439580280496,4.915400338133485,-0.6715858846824161,0.7469043002432094,0.0,0.0,True,True,True
north,37.291,9,0.9,3.9650722094522486,0.0,3.7400722094522485,4.190072209452248,-0.275,0.275,True,3.2253421978724677,4.968329101121675,-0.7420090735624899,0.8225072567593535,0.0,0.0,True,True,True
north,37.357,1,0.1,4.053916666660038,0.0,3.8289166666600383,4.278916666660038,-0.275,0.275,True,3.7827614500736697,4.705409669316262,-0.3395764547554803,0.36762325103093346,0.0,0.0,True,True,True
north,37.357,2,0.2,4.021216590490767,0.0,3.796216590490767,4.246216590490767,-0.275,0.275,True,3.7309086277799848,4.721859857760216,-0.37174599577438155,0.40375672074967145,0.0,0.0,True,True,True
north,37.357,3,0.3,3.9938360944815727,0.0,3.7688360944815726,4.218836094481572,-0.275,0.275,True,3.6735041530106876,4.743861698679784,-0.4094671892688956,0.4454418429440222,0.0,0.0,True,True,True
north,37.357,4,0.4,3.97191926612035,0.0,3.74691926612035,4.19691926612035,-0.275,0.275,True,3.610548025765777,4.771415192074963,-0.4527400352390224,0.4926786176139858,0.0,0.0,True,True,True
north,37.357,5,0.5,3.955598470244719,0.0,3.730598470244719,4.1805984702447185,-0.275,0.275,True,3.5420402460452545,4.804520337945757,-0.501564533684762,0.5454670447595621,0.0,0.0,True,True,True
north,37.357,6,0.6,3.9505762780861406,0.0,3.7255762780861406,4.17557627808614,-0.275,0.275,True,3.467980813849119,4.843177136292162,-0.5559406846061142,0.6038071243807511,0.0,0.0,True,True,True
north,37.357,7,0.7,3.954463537704209,0.0,3.729463537704209,4.179463537704209,-0.275,0.275,True,3.38836972917737,4.8873855871141805,-0.6158684880030793,0.6676988564775529,0.0,0.0,True,True,True
north,37.357,8,0.8,3.961783235147721,0.0,3.736783235147721,4.186783235147721,-0.275,0.275,True,3.303206992030009,4.937145690411812,-0.6813479438756572,0.7371422410499676,0.0,0.0,True,True,True
north,37.357,9,0.9,3.9725243147434885,0.0,3.7475243147434885,4.197524314743489,-0.275,0.275,True,3.212492602407035,4.992457446185057,-0.7523790522238478,0.812137278097995,0.0,0.0,True,True,True
north,37.423,1,0.1,4.0318358260595035,0.0,3.8068358260595034,4.256835826059503,-0.275,0.275,True,3.7576477490053075,4.711497206064956,-0.35010330217569763,0.3570964036107157,0.0,0.0,True,True,True
north,37.423,2,0.2,4.00256182675779,0.0,3.77756182675779,4.22756182675779,-0.275,0.275,True,3.7060557355979222,4.728208203395208,-0.386785791475223,0.3887169250488291,0.0,0.0,True,True,True
north,37.423,3,0.3,3.978723970743998,0.0,3.753723970743998,4.203723970743998,-0.275,0.275,True,3.6489120697149233,4.750470853201075,-0.4290199332503612,0.4258890989625553,0.0,0.0,True,True,True
north,37.423,4,0.4,3.9605212877743807,0.0,3.7355212877743806,4.185521287774381,-0.275,0.275,True,3.586216751356312,4.7782851554825525,-0.47680572750111216,0.46861292535189425,0.0,0.0,True,True,True
north,37.423,5,0.5,3.950101673601369,0.0,3.725101673601369,4.175101673601369,-0.275,0.275,True,3.517969780522088,4.811651110239644,-0.5301431742274758,0.516888404216846,0.0,0.0,True,True,True
north,37.423,6,0.6,3.952732460945926,0.0,3.727732460945926,4.177732460945926,-0.275,0.275,True,3.444171157212252,4.850568717472349,-0.5890322734294523,0.5707155355574104,0.0,0.0,True,True,True
north,37.423,7,0.7,3.95893760282679,0.0,3.73393760282679,4.18393760282679,-0.275,0.275,True,3.364820881426802,4.895037977180666,-0.6534730251070414,0.6300943193735876,0.0,0.0,True,True,True
north,37.423,8,0.8,3.9684830435399068,0.0,3.7434830435399067,4.193483043539906,-0.275,0.275,True,3.2799189531657396,4.945058889364596,-0.7234654292602437,0.6950247556653778,0.0,0.0,True,True,True
north,37.423,9,0.9,3.9814400419052864,0.0,3.7564400419052864,4.206440041905286,-0.275,0.275,True,3.1894653724290647,5.000631454024138,-0.7990094858890583,0.7655068444327805,0.0,0.0,True,True,True
north,37.489,1,0.1,4.011939491547786,0.0,3.7869394915477863,4.236939491547786,-0.275,0.275,True,3.7276139685000365,4.7023051702007,-0.34438970630848514,0.3628099994779274,0.0,0.0,True,True,True
north,37.489,2,0.2,3.9862349391317737,0.0,3.7612349391317736,4.211234939131773,-0.275,0.275,True,3.672870953375586,4.715865165813887,-0.38158328158290594,0.3939194349411446,0.0,0.0,True,True,True
north,37.489,3,0.3,3.966036119743345,0.0,3.741036119743345,4.191036119743345,-0.275,0.275,True,3.6125762857755235,4.734976813902688,-0.4243285093329396,0.43058052287997456,0.0,0.0,True,True,True
north,37.489,4,0.4,3.9515710352879037,0.0,3.7265710352879036,4.176571035287903,-0.275,0.275,True,3.546729965699847,4.759640114467102,-0.47262538955858596,0.47279326329441734,0.0,0.0,True,True,True
north,37.489,5,0.5,3.9514250832218085,0.0,3.7264250832218084,4.176425083221808,-0.275,0.275,True,3.4753319931485587,4.789855067507128,-0.526473922259845,0.5205576561844728,0.0,0.0,True,True,True
north,37.489,6,0.6,3.956440889204228,0.0,3.731440889204228,4.181440889204228,-0.275,0.275,True,3.398382368121658,4.825621673022767,-0.585874107436717,0.5738737015501411,0.0,0.0,True,True,True
north,37.489,7,0.7,3.9648739819695265,0.0,3.7398739819695264,4.1898739819695265,-0.275,0.275,True,3.315881090619144,4.866939931014017,-0.6508259450892016,0.6327413993914222,0.0,0.0,True,True,True
north,37.489,8,0.8,3.9766663255439516,0.0,3.7516663255439515,4.201666325543951,-0.275,0.275,True,3.227828160641017,4.913809841480882,-0.7213294352172991,0.697160749708316,0.0,0.0,True,True,True
north,37.489,9,0.9,3.991896704266178,0.0,3.766896704266178,4.216896704266178,-0.275,0.275,True,3.134223578187277,4.966231404423359,-0.7973845778210092,0.7671317525008224,0.0,0.0,True,True,True
north,37.555,1,0.1,3.994341560755997,0.0,3.769341560755997,4.219341560755997,-0.275,0.275,True,3.711252715980252,4.688790428686973,-0.34018629832983116,0.36701340745658184,0.0,0.0,True,True,True
north,37.555,2,0.2,3.9723090141372794,0.0,3.7473090141372793,4.1973090141372795,-0.275,0.275,True,3.6560847710982705,4.701925494542631,-0.3732606115977328,0.4022421049263186,0.0,0.0,True,True,True
north,37.555,3,0.3,3.95586004220532,0.0,3.73086004220532,4.18086004220532,-0.275,0.275,True,3.595365173740677,4.720612212873901,-0.4118865773412472,0.4430224548716682,0.0,0.0,True,True,True
north,37.555,4,0.4,3.9505339926959953,0.0,3.725533992695995,4.175533992695995,-0.275,0.275,True,3.52909392390747,4.744850583680783,-0.4560641955603744,0.48935445729263066,0.0,0.0,True,True,True
north,37.555,5,0.5,3.9543536816075475,0.0,3.7293536816075474,4.179353681607547,-0.275,0.275,True,3.4572710215986504,4.774640606963279,-0.5057934662551143,0.5412381121892057,0.0,0.0,True,True,True
north,37.555,6,0.6,3.9616027013425015,0.0,3.7366027013425014,4.186602701342501,-0.275,0.275,True,3.3798964668142184,4.809982282721387,-0.5610743894254671,0.5986734195613936,0.0,0.0,True,True,True
north,37.555,7,0.7,3.9722778535173466,0.0,3.7472778535173465,4.197277853517346,-0.275,0.275,True,3.296970259554173,4.850875610955108,-0.6219069650714325,0.6616603794091943,0.0,0.0,True,True,True
north,37.555,8,0.8,3.9863617280824655,0.0,3.7613617280824654,4.211361728082466,-0.275,0.275,True,3.2084923998185158,4.8973205916644424,-0.6882911931930107,0.7301989917326077,0.0,0.0,True,True,True
north,37.555,9,0.9,4.004047355173735,0.0,3.7790473551737347,4.229047355173734,-0.275,0.275,True,3.114462887607245,4.9493172248493895,-0.7602270737902017,0.804289256531634,0.0,0.0,True,True,True
north,37.621,1,0.1,3.9791423800687156,0.0,3.7541423800687155,4.204142380068715,-0.275,0.275,True,3.701940303232464,4.695066491004935,-0.34756312644622084,0.3596365793401925,0.0,0.0,True,True,True
north,37.621,2,0.2,3.960831524833125,0.0,3.735831524833125,4.185831524833125,-0.275,0.275,True,3.649555273631955,4.710984472142064,-0.38170299417249376,0.39379972235155836,0.0,0.0,True,True,True
north,37.621,3,0.3,3.950088191280517,0.0,3.7250881912805167,4.1750881912805164,-0.275,0.275,True,3.5916185915558336,4.732454105754807,-0.4213945143743794,0.43351451783853706,0.0,0.0,True,True,True
north,37.621,4,0.4,3.952649299424786,0.0,3.727649299424786,4.177649299424786,-0.275,0.275,True,3.528130257004099,4.759475391843162,-0.4666376870518779,0.4787809658011285,0.0,0.0,True,True,True
north,37.621,5,0.5,3.9587799033103543,0.0,3.7337799033103543,4.183779903310354,-0.275,0.275,True,3.459090269976752,4.79204833040713,-0.5174325122049891,0.5295990662393327,0.0,0.0,True,True,True
north,37.621,6,0.6,3.9682497450928707,0.0,3.7432497450928706,4.193249745092871,-0.275,0.275,True,3.384498630473792,4.830172921446713,-0.573778989833713,0.5859688191531497,0.0,0.0,True,True,True
north,37.621,7,0.7,3.981154219998386,0.0,3.7561542199983857,4.2061542199983855,-0.275,0.275,True,3.304355338495219,4.873849164961905,-0.6356771199380497,0.6478902245425794,0.0,0.0,True,True,True
north,37.621,8,0.8,3.9976676839570517,0.0,3.7726676839570517,4.222667683957051,-0.275,0.275,True,3.2186603940410334,4.923077060952712,-0.7031269025179995,0.715363282407622,0.0,0.0,True,True,True
north,37.621,9,0.9,4.017937541817854,0.0,3.7929375418178535,4.242937541817853,-0.275,0.275,True,3.1274137971112355,4.977856609419131,-0.7761283375735616,0.7883879927482772,0.0,0.0,True,True,True
north,37.687,1,0.1,3.966387548493536,0.0,3.741387548493536,4.191387548493536,-0.275,0.275,True,3.6835430212556997,4.690451535766459,-0.359443315689291,0.34775639009712156,0.0,0.0,True,True,True
north,37.687,2,0.2,3.951812565267668,0.0,3.726812565267668,4.176812565267668,-0.275,0.275,True,3.633770422940928,4.708981948189325,-0.3999071451744892,0.37559557134956134,0.0,0.0,True,True,True
north,37.687,3,0.3,3.951361626396394,0.0,3.726361626396394,4.176361626396394,-0.275,0.275,True,3.5784461721505436,4.733064013087804,-0.4459226271353003,0.40898640507761386,0.0,0.0,True,True,True
north,37.687,4,0.4,3.9563093744396634,0.0,3.7313093744396633,4.181309374439663,-0.275,0.275,True,3.5175702688845463,4.7626977304618965,-0.49748976157172414,0.44792889128127916,0.0,0.0,True,True,True
north,37.687,5,0.5,3.964675754486804,0.0,3.739675754486804,4.189675754486804,-0.275,0.275,True,3.451142713142936,4.797883100311601,-0.5546085484837606,0.4924230299605572,0.0,0.0,True,True,True
north,37.687,6,0.6,3.9763916139837807,0.0,3.7513916139837806,4.20139161398378,-0.275,0.275,True,3.3791635049257134,4.838620122636919,-0.61727898787141,0.542468821115448,0.0,0.0,True,True,True
north,37.687,7,0.7,3.991568845407382,0.0,3.766568845407382,4.216568845407382,-0.275,0.275,True,3.301632644232878,4.8849087974378484,-0.6855010797346721,0.5980662647459516,0.0,0.0,True,True,True
north,37.687,8,0.8,4.010586304944082,0.0,3.7855863049440823,4.235586304944082,-0.275,0.275,True,3.2185501310644296,4.9367491247143915,-0.7592748240735471,0.659215360852068,0.0,0.0,True,True,True
north,37.687,9,0.9,4.033635589479431,0.0,3.808635589479431,4.2586355894794305,-0.275,0.275,True,3.1299159654203685,4.994141104466547,-0.8386002208880345,0.7259161094337971,0.0,0.0,True,True,True
north,37.753,1,0.1,3.95612161416592,0.0,3.73112161416592,4.18112161416592,-0.275,0.275,True,3.6781885987316816,4.699310719549624,-0.35400097068712877,0.353198735099285,0.0,0.0,True,True,True
north,37.753,2,0.2,3.9504917073058503,0.0,3.72549170730585,4.17549170730585,-0.275,0.275,True,3.6324763008616414,4.721901432417223,-0.39271171233233204,0.38279100419172096,0.0,0.0,True,True,True
north,37.753,3,0.3,3.954243825510886,0.0,3.7292438255108857,4.179243825510886,-0.275,0.275,True,3.581212350515988,4.750043797760434,-0.43697410645314816,0.41793492575976965,0.0,0.0,True,True,True
north,37.753,4,0.4,3.961422167537281,0.0,3.736422167537281,4.186422167537281,-0.275,0.275,True,3.5243967476947216,4.783737815579258,-0.48678815304957707,0.4586304998034311,0.0,0.0,True,True,True
north,37.753,5,0.5,3.9720372568556215,0.0,3.7470372568556214,4.197037256855621,-0.275,0.275,True,3.4620294923978427,4.822983485873695,-0.5421538521216187,0.5048777263227053,0.0,0.0,True,True,True
north,37.753,6,0.6,3.9860438335376847,0.0,3.7610438335376846,4.211043833537684,-0.275,0.275,True,3.3941105846253516,4.8677808086437455,-0.603071203669273,0.5566766053175923,0.0,0.0,True,True,True
north,37.753,7,0.7,4.003640765544906,0.0,3.7786407655449064,4.228640765544906,-0.275,0.275,True,3.320640024377247,4.918129783889407,-0.6695402076925401,0.6140271367880921,0.0,0.0,True,True,True
north,37.753,8,0.8,4.025248625934647,0.0,3.8002486259346466,4.250248625934646,-0.275,0.275,True,3.24161781165353,4.974030411610683,-0.7415608641914202,0.6769293207342046,0.0,0.0,True,True,True
north,37.753,9,0.9,4.051222015157913,0.0,3.826222015157913,4.276222015157913,-0.275,0.275,True,3.1570439464542,5.035482691807571,-0.8191331731659128,0.74538315715593,0.0,0.0,True,True,True
north,37.819,1,0.1,3.9500747089596646,0.0,3.7250747089596645,4.175074708959665,-0.275,0.275,True,3.659382430068729,4.693740926793916,-0.350393896584594,0.3568058092018193,0.0,0.0,True,True,True
north,37.819,2,0.2,3.952566137903646,0.0,3.7275661379036458,4.1775661379036455,-0.275,0.275,True,3.612435752973622,4.715097260436448,-0.3850420832373001,0.390460633286752,0.0,0.0,True,True,True
north,37.819,3,0.3,3.9586222037939187,0.0,3.7336222037939186,4.183622203793918,-0.275,0.275,True,3.5599374234029026,4.742005246554593,-0.425241922365619,0.4296671098472975,0.0,0.0,True,True,True
north,37.819,4,0.4,3.968027689958713,0.0,3.743027689958713,4.193027689958713,-0.275,0.275,True,3.5018874413565704,4.774464885148349,-0.47099341396955063,0.4744252388834558,0.0,0.0,True,True,True
north,37.819,5,0.5,3.9808683980914843,0.0,3.755868398091484,4.205868398091484,-0.275,0.275,True,3.438285806834626,4.812476176217721,-0.522296558049095,0.5247350203952268,0.0,0.0,True,True,True
north,37.819,6,0.6,3.9972983969166584,0.0,3.7722983969166584,4.222298396916658,-0.275,0.275,True,3.369132519837068,4.856039119762705,-0.5791513546042522,0.5805964543826105,0.0,0.0,True,True,True
north,37.819,7,0.7,4.017485386243599,0.0,3.7924853862435985,4.242485386243598,-0.275,0.275,True,3.2944275803638976,4.9051537157833,-0.641557803635022,0.642009540845607,0.0,0.0,True,True,True
north,37.819,8,0.8,4.04181133791257,0.0,3.81681133791257,4.26681133791257,-0.275,0.275,True,3.2141709884151144,4.959819964279509,-0.709515905141405,0.7089742797842166,0.0,0.0,True,True,True
north,37.819,9,0.9,4.07080506694333,0.0,3.84580506694333,4.29580506694333,-0.275,0.275,True,3.1283627439907185,5.0200378652513304,-0.7830256591234003,0.7814906711984385,0.0,0.0,True,True,True
north,37.885,1,0.1,3.9512981695709803,0.0,3.7262981695709803,4.17629816957098,-0.275,0.275,True,3.6450111748132645,4.6759616952792955,-0.3519140706874619,0.35528563509895067,0.0,0.0,True,True,True
north,37.885,2,0.2,3.956177859675099,0.0,3.731177859675099,4.181177859675099,-0.275,0.275,True,3.5965524391614743,4.695805970365144,-0.38573273420561555,0.389769982318435,0.0,0.0,True,True,True
north,37.885,3,0.3,3.9644775270040813,0.0,3.739477527004081,4.189477527004081,-0.275,0.275,True,3.542542051034072,4.721201897926605,-0.425103050199382,0.42980598201353215,0.0,0.0,True,True,True
north,37.885,4,0.4,3.976116902423609,0.0,3.751116902423609,4.201116902423609,-0.275,0.275,True,3.482980010431057,4.752149477963679,-0.47002501866876123,0.4753936341842421,0.0,0.0,True,True,True
north,37.885,5,0.5,3.991240986548585,0.0,3.766240986548585,4.216240986548585,-0.275,0.275,True,3.4178663173524284,4.788648710476366,-0.5204986396137532,0.5265329388305646,0.0,0.0,True,True,True
north,37.885,6,0.6,4.0101757722906575,0.0,3.7851757722906574,4.235175772290657,-0.275,0.275,True,3.347200971798188,4.830699595464665,-0.5765239130343579,0.5832238959525001,0.0,0.0,True,True,True
north,37.885,7,0.7,4.033131964817071,0.0,3.8081319648170706,4.25813196481707,-0.275,0.275,True,3.270983973768334,4.878302132928576,-0.6381008389305755,0.6454665055500483,0.0,0.0,True,True,True
north,37.885,8,0.8,4.060459955920053,0.0,3.835459955920053,4.285459955920053,-0.275,0.275,True,3.189215323262868,4.931456322868102,-0.7052294173024057,0.7132607676232093,0.0,0.0,True,True,True
north,37.885,9,0.9,4.092508944056447,0.0,3.8675089440564467,4.3175089440564465,-0.275,0.275,True,3.101895020281789,4.990162165283239,-0.7779096481498488,0.7866066821719829,0.0,0.0,True,True,True
north,37.951,1,0.1,3.954133969414225,0.0,3.729133969414225,4.179133969414225,-0.275,0.275,True,3.6505692507014733,4.67968904121843,-0.3529463196634808,0.3542533861229322,0.0,0.0,True,True,True
north,37.951,2,0.2,3.9612416337320617,0.0,3.7362416337320616,4.186241633732061,-0.275,0.275,True,3.603906588887433,4.701329390142027,-0.38843776805267793,0.3870649484713735,0.0,0.0,True,True,True
north,37.951,3,0.3,3.9717966601938963,0.0,3.7467966601938962,4.196796660193896,-0.275,0.275,True,3.5516922745977797,4.728521391541238,-0.4294808689174879,0.4254281632954275,0.0,0.0,True,True,True
north,37.951,4,0.4,3.985725938992903,0.0,3.760725938992903,4.210725938992903,-0.275,0.275,True,3.493926307832513,4.761265045416062,-0.4760756222579107,0.46934303059509436,0.0,0.0,True,True,True
north,37.951,5,0.5,4.0032434097264185,0.0,3.7782434097264184,4.228243409726418,-0.275,0.275,True,3.4306086885916343,4.799560351766497,-0.5282220280739461,0.5188095503703739,0.0,0.0,True,True,True
north,37.951,6,0.6,4.024790192109639,0.0,3.7997901921096386,4.249790192109638,-0.275,0.275,True,3.3617394168751424,4.843407310592546,-0.5859200863655945,0.5738277226212662,0.0,0.0,True,True,True
north,37.951,7,0.7,4.050666482411866,0.0,3.8256664824118656,4.275666482411865,-0.275,0.275,True,3.2873184926830374,4.892805921894208,-0.6491697971328555,0.6343975473477713,0.0,0.0,True,True,True
north,37.951,8,0.8,4.081157974194858,0.0,3.856157974194858,4.306157974194858,-0.275,0.275,True,3.2073459160153206,4.947756185671482,-0.7179711603757293,0.7005190245498891,0.0,0.0,True,True,True
north,37.951,9,0.9,4.116553126093177,0.0,3.8915531260931773,4.341553126093177,-0.275,0.275,True,3.1218216868719906,5.00825810192437,-0.7923241760942159,0.7721921542276198,0.0,0.0,True,True,True
north,38.017,1,0.1,3.9584645042774835,0.0,3.7334645042774834,4.183464504277484,-0.275,0.275,True,3.6600623789274245,4.6960557466192405,-0.3702313953614464,0.33696831042496694,0.0,0.0,True,True,True
north,38.017,2,0.2,3.967805634824556,0.0,3.7428056348245557,4.1928056348245555,-0.275,0.275,True,3.6226768396964277,4.726973218125881,-0.41067060951018164,0.3648321070138705,0.0,0.0,True,True,True
north,38.017,3,0.3,3.9805825761845828,0.0,3.7555825761845827,4.205582576184582,-0.275,0.275,True,3.5797396479898174,4.763442342108137,-0.45666147613452973,0.39824755607838674,0.0,0.0,True,True,True
north,38.017,4,0.4,3.9969291098762643,0.0,3.771929109876264,4.221929109876264,-0.275,0.275,True,3.5312508038075947,4.805463118566003,-0.5082039952344906,0.4372146576185158,0.0,0.0,True,True,True
north,38.017,5,0.5,4.017033230669343,0.0,3.7920332306693427,4.2420332306693425,-0.275,0.275,True,3.4772103071497593,4.853035547499483,-0.5652981668100642,0.48173341163425765,0.0,0.0,True,True,True
north,38.017,6,0.6,4.041262931015899,0.0,3.8162629310158986,4.266262931015898,-0.275,0.275,True,3.4176181580163116,4.9061596289085765,-0.6279439908612505,0.5318038181256122,0.0,0.0,True,True,True
north,38.017,7,0.7,4.070195818239742,0.0,3.8451958182397417,4.295195818239741,-0.275,0.275,True,3.3524743564072503,4.9648353627932815,-0.6961414673880496,0.5874258770925794,0.0,0.0,True,True,True
north,38.017,8,0.8,4.103952651281755,0.0,3.878952651281755,4.328952651281755,-0.275,0.275,True,3.2817789023225767,5.0290627491536,-0.7698905963904618,0.6485995885351598,0.0,0.0,True,True,True
north,38.017,9,0.9,4.142773683754551,0.0,3.9177736837545507,4.36777368375455,-0.275,0.275,True,3.20553179576229,5.098841787989531,-0.8491913778684863,0.7153249524533525,0.0,0.0,True,True,True
north,38.083,1,0.1,3.964279299521359,0.0,3.739279299521359,4.189279299521359,-0.275,0.275,True,3.6668394235505333,4.698580362524443,-0.3447778628215888,0.36242184296482377,0.0,0.0,True,True,True
north,38.083,2,0.2,3.975842190863438,0.0,3.750842190863438,4.200842190863438,-0.275,0.275,True,3.6355422387395318,4.735586188451079,-0.3778804266059092,0.39762228991814136,0.0,0.0,True,True,True
north,38.083,3,0.3,3.990913127689788,0.0,3.765913127689788,4.215913127689788,-0.275,0.275,True,3.5986934014529184,4.778143666853329,-0.4165346428658424,0.43837438934707174,0.0,0.0,True,True,True
north,38.083,4,0.4,4.009765239637231,0.0,3.7847652396372307,4.23476523963723,-0.275,0.275,True,3.5562929116906914,4.8262527977311915,-0.46074051160138846,0.48467814125161485,0.0,0.0,True,True,True
north,38.083,5,0.5,4.03262834015471,0.0,3.8076283401547095,4.257628340154709,-0.275,0.275,True,3.5083407694528517,4.879913581084667,-0.5104980328125471,0.5365335456317707,0.0,0.0,True,True,True
north,38.083,6,0.6,4.05985368963311,0.0,3.83485368963311,4.28485368963311,-0.275,0.275,True,3.4548369747393997,4.939126016913756,-0.5658072064993187,0.5939406024875393,0.0,0.0,True,True,True
north,38.083,7,0.7,4.091794663854521,0.0,3.8667946638545208,4.3167946638545205,-0.275,0.275,True,3.3957815275503345,5.0038901052184555,-0.6266680326617029,0.6568993118189208,0.0,0.0,True,True,True
north,38.083,8,0.8,4.128932774493248,0.0,3.903932774493248,4.353932774493248,-0.275,0.275,True,3.3311744278856565,5.074205845998769,-0.6930805112997,0.725409673625915,0.0,0.0,True,True,True
north,38.083,9,0.9,4.171234268326081,0.0,3.9462342683260805,4.39623426832608,-0.275,0.275,True,3.2610156757453663,5.150073239254695,-0.7650446424133097,0.799471687908522,0.0,0.0,True,True,True
north,38.149,1,0.1,3.9715560635321716,0.0,3.7465560635321715,4.196556063532172,-0.275,0.275,True,3.6755160649298193,4.704074589257692,-0.35454522258552224,0.35265448320089154,0.0,0.0,True,True,True
north,38.149,2,0.2,3.9854080444481226,0.0,3.7604080444481225,4.210408044448123,-0.275,0.275,True,3.645013262676615,4.741874797742127,-0.3877279420847393,0.3877747744393137,0.0,0.0,True,True,True
north,38.149,3,0.3,4.002863116809232,0.0,3.777863116809232,4.227863116809232,-0.275,0.275,True,3.6089588079477983,4.785226658702174,-0.4264623140595692,0.4284467181533486,0.0,0.0,True,True,True
north,38.149,4,0.4,4.02433175828463,0.0,3.7993317582846298,4.2493317582846295,-0.275,0.275,True,3.567352700743368,4.834130172137834,-0.4707483385100118,0.4746703143429964,0.0,0.0,True,True,True
north,38.149,5,0.5,4.050111367729894,0.0,3.825111367729894,4.2751113677298935,-0.275,0.275,True,3.520194941063326,4.888585338049108,-0.5205860154360672,0.5264455630082568,0.0,0.0,True,True,True
north,38.149,6,0.6,4.080496178773571,0.0,3.855496178773571,4.305496178773571,-0.275,0.275,True,3.467485528907671,4.9485921564359945,-0.5759753448377354,0.58377246414913,0.0,0.0,True,True,True
north,38.149,7,0.7,4.115780364368856,0.0,3.890780364368856,4.340780364368856,-0.275,0.275,True,3.4092244642764022,5.014150627298493,-0.6369163267150162,0.646651017765616,0.0,0.0,True,True,True
north,38.149,8,0.8,4.156107763160207,0.0,3.9311077631602065,4.381107763160206,-0.275,0.275,True,3.3454117471695217,5.085260750636604,-0.70340896106791,0.7150812238577149,0.0,0.0,True,True,True
north,38.149,9,0.9,4.202055629129527,0.0,3.9770556291295267,4.427055629129526,-0.275,0.275,True,3.276047377587028,5.161922526450329,-0.7754532478964165,0.7890630824254263,0.0,0.0,True,True,True
north,38.215,1,0.1,3.980296754277682,0.0,3.755296754277682,4.205296754277682,-0.275,0.275,True,3.683965490071297,4.714856797849304,-0.3656716946553254,0.34152801113108794,0.0,0.0,True,True,True
north,38.215,2,0.2,3.9965626134753585,0.0,3.7715626134753584,4.221562613475358,-0.275,0.275,True,3.656131192355898,4.755325510871543,-0.4013722863023139,0.3741304302217382,0.0,0.0,True,True,True
north,38.215,3,0.3,4.016581075095087,0.0,3.791581075095087,4.241581075095087,-0.275,0.275,True,3.6227452421648865,4.801345876369397,-0.4426245304249152,0.4122845017880013,0.0,0.0,True,True,True
north,38.215,4,0.4,4.040717895602996,0.0,3.815717895602996,4.265717895602996,-0.275,0.275,True,3.583807639498262,4.852917894342861,-0.4894284270231292,0.4559902258298772,0.0,0.0,True,True,True
north,38.215,5,0.5,4.069586569536152,0.0,3.8445865695361516,4.294586569536151,-0.275,0.275,True,3.5393183843560254,4.91004156479194,-0.541783976096956,0.5052476023473658,0.0,0.0,True,True,True
north,38.215,6,0.6,4.103237154691337,0.0,3.878237154691337,4.328237154691337,-0.275,0.275,True,3.4892774767381756,4.972716887716632,-0.5996911776463956,0.5600566313404671,0.0,0.0,True,True,True
north,38.215,7,0.7,4.141941003404355,0.0,3.916941003404355,4.366941003404355,-0.275,0.275,True,3.433684916644713,5.040943863116935,-0.6631500316714478,0.6204173128091812,0.0,0.0,True,True,True
north,38.215,8,0.8,4.185729105143438,0.0,3.960729105143438,4.410729105143438,-0.275,0.275,True,3.3725407040756377,5.114722490992852,-0.7321605381721131,0.6863296467535084,0.0,0.0,True,True,True
north,38.215,9,0.9,4.23496926519526,0.0,4.00996926519526,4.45996926519526,-0.275,0.275,True,3.3058448390309496,5.194052771344381,-0.8067226971483908,0.757793633173448,0.0,0.0,True,True,True
north,38.281,1,0.1,3.9905852688309924,0.0,3.7655852688309923,4.215585268830992,-0.275,0.275,True,3.694864927095897,4.716353204366489,-0.3485415151934095,0.3586581905930031,0.0,0.0,True,True,True
north,38.281,2,0.2,4.009354706983805,0.0,3.784354706983805,4.234354706983805,-0.275,0.275,True,3.6694850667357555,4.759276354743984,-0.3844380968418118,0.39106461968223877,0.0,0.0,True,True,True
north,38.281,3,0.3,4.032124715492348,0.0,3.8071247154923475,4.257124715492347,-0.275,0.275,True,3.6385535539000013,4.807751157597094,-0.4258863309658269,0.42902270124708725,0.0,0.0,True,True,True
north,38.281,4,0.4,4.059247423346165,0.0,3.834247423346165,4.284247423346165,-0.275,0.275,True,3.602070388588634,4.861777612925817,-0.47288621756545474,0.47253243528754857,0.0,0.0,True,True,True
north,38.281,5,0.5,4.091080383652591,0.0,3.866080383652591,4.316080383652591,-0.275,0.275,True,3.560035570801654,4.921355720730151,-0.5254377566406954,0.5215938218036225,0.0,0.0,True,True,True
north,38.281,6,0.6,4.128160156227516,0.0,3.9031601562275156,4.353160156227515,-0.275,0.275,True,3.512449100539062,4.986485481010099,-0.5835409481915488,0.5762068607953093,0.0,0.0,True,True,True
north,38.281,7,0.7,4.170340959658339,0.0,3.945340959658339,4.395340959658339,-0.275,0.275,True,3.4593109778008566,5.057166893765658,-0.6471957922180148,0.6363715522626089,0.0,0.0,True,True,True
north,38.281,8,0.8,4.217671714115015,0.0,3.992671714115015,4.442671714115015,-0.275,0.275,True,3.400621202587039,5.133399958996832,-0.7164022887200938,0.7020878962055213,0.0,0.0,True,True,True
north,38.281,9,0.9,4.269963147862058,0.0,4.044963147862059,4.494963147862058,-0.275,0.275,True,3.3363797748976074,5.215184676703618,-0.7911604376977854,0.7733558926240462,0.0,0.0,True,True,True
north,38.347,1,0.1,4.002490652983006,0.0,3.777490652983006,4.227490652983006,-0.275,0.275,True,3.7043567954401295,4.718480146989456,-0.34481543757006544,0.36238426821634756,0.0,0.0,True,True,True
north,38.347,2,0.2,4.023873324459622,0.0,3.798873324459622,4.2488733244596215,-0.275,0.275,True,3.6784926886260596,4.760919050913024,-0.37381883021820694,0.4016838863058445,0.0,0.0,True,True,True
north,38.347,3,0.3,4.049556253047923,0.0,3.824556253047923,4.274556253047923,-0.275,0.275,True,3.6470769293363774,4.808909607312206,-0.40837387534196123,0.44653515687095413,0.0,0.0,True,True,True
north,38.347,4,0.4,4.079834383352281,0.0,3.8548343833522813,4.304834383352281,-0.275,0.275,True,3.610109517571081,4.862451816187,-0.44848057294132837,0.4969380799116767,0.0,0.0,True,True,True
north,38.347,5,0.5,4.115007602644532,0.0,3.890007602644532,4.340007602644532,-0.275,0.275,True,3.567590453330173,4.921545677537407,-0.4941389230163082,0.5528926554280118,0.0,0.0,True,True,True
north,38.347,6,0.6,4.155238711602765,0.0,3.930238711602765,4.380238711602765,-0.275,0.275,True,3.519519736613652,4.986191191363426,-0.5453489255669008,0.6143988834199599,0.0,0.0,True,True,True
north,38.347,7,0.7,4.2010907218395594,0.0,3.9760907218395594,4.426090721839559,-0.275,0.275,True,3.465897367421518,5.056388357665058,-0.6021105805931062,0.6814567638875206,0.0,0.0,True,True,True
north,38.347,8,0.8,4.251789196551664,0.0,4.026789196551665,4.476789196551664,-0.275,0.275,True,3.406723345753772,5.132137176442303,-0.6644238880949243,0.7540662968306941,0.0,0.0,True,True,True
north,38.347,9,0.9,4.307370742351141,0.0,4.0823707423511415,4.532370742351141,-0.275,0.275,True,3.3419976716104127,5.213437647695161,-0.7322888480723553,0.8322274822494804,0.0,0.0,True,True,True
north,38.413,1,0.1,4.01612891952083,0.0,3.79112891952083,4.24112891952083,-0.275,0.275,True,3.713481259354536,4.716190575547518,-0.33926813610558815,0.36793156968082563,0.0,0.0,True,True,True
north,38.413,2,0.2,4.040192927007997,0.0,3.8151929270079967,4.2651929270079965,-0.275,0.275,True,3.6867797118367553,4.757792038767376,-0.3659825263246381,0.4095201901994151,0.0,0.0,True,True,True
north,38.413,3,0.3,4.068977320832559,0.0,3.843977320832559,4.293977320832559,-0.275,0.275,True,3.654526511843362,4.804945154462848,-0.39824856901930084,0.4566604631936172,0.0,0.0,True,True,True
north,38.413,4,0.4,4.1025211235386605,0.0,3.8775211235386604,4.32752112353866,-0.275,0.275,True,3.616721659374355,4.857649922633932,-0.4360662641895764,0.5093523886634322,0.0,0.0,True,True,True
north,38.413,5,0.5,4.141108323054153,0.0,3.916108323054153,4.366108323054153,-0.275,0.275,True,3.5733651544297365,4.9159063432806285,-0.4794356118354646,0.5675959666088599,0.0,0.0,True,True,True
north,38.413,6,0.6,4.184788553992596,0.0,3.959788553992596,4.409788553992596,-0.275,0.275,True,3.5244569970095045,4.979714416402938,-0.5283566119569657,0.6313911970299003,0.0,0.0,True,True,True
north,38.413,7,0.7,4.233957439275987,0.0,4.008957439275988,4.458957439275987,-0.275,0.275,True,3.4699971871136595,5.04907414200086,-0.5828292645540795,0.7007380799265536,0.0,0.0,True,True,True
north,38.413,8,0.8,4.288006971021654,0.0,4.063006971021655,4.513006971021654,-0.275,0.275,True,3.4099857247422025,5.123985520074395,-0.642853569626806,0.7756366152988196,0.0,0.0,True,True,True
north,38.413,9,0.9,4.346742450711457,0.0,4.121742450711458,4.571742450711457,-0.275,0.275,True,3.344422609895132,5.204448550623543,-0.7084295271751453,0.8560868031466982,0.0,0.0,True,True,True
north,38.479,1,0.1,4.03162263204844,0.0,3.8066226320484398,4.2566226320484395,-0.275,0.275,True,3.7334344630242846,4.7148059105497415,-0.3450687345859557,0.36213097120045806,0.0,0.0,True,True,True
north,38.479,2,0.2,4.058641157059222,0.0,3.833641157059222,4.283641157059222,-0.275,0.275,True,3.7082520394401985,4.757926497703294,-0.3783409262027963,0.3971617903212567,0.0,0.0,True,True,True
north,38.479,3,0.3,4.090419471540543,0.0,3.865419471540543,4.315419471540543,-0.275,0.275,True,3.6775179633804993,4.80659873733246,-0.4171647702952497,0.43774426191766813,0.0,0.0,True,True,True
north,38.479,4,0.4,4.12738753796178,0.0,3.9023875379617796,4.352387537961779,-0.275,0.275,True,3.641232234845187,4.860822629437237,-0.46154026686331584,0.48387838598969235,0.0,0.0,True,True,True
north,38.479,5,0.5,4.169447650990594,0.0,3.9444476509905937,4.394447650990593,-0.275,0.275,True,3.599394853834262,4.920598174017629,-0.5114674159069947,0.5355641625373293,0.0,0.0,True,True,True
north,38.479,6,0.6,4.216650748840836,0.0,3.991650748840836,4.441650748840836,-0.275,0.275,True,3.552005820347725,4.985925371073633,-0.5669462174262864,0.592801591560579,0.0,0.0,True,True,True
north,38.479,7,0.7,4.268869736129542,0.0,4.043869736129542,4.493869736129541,-0.275,0.275,True,3.4990651343855736,5.056804220605248,-0.6279766714211907,0.6555906730594414,0.0,0.0,True,True,True
north,38.479,8,0.8,4.326162536660062,0.0,4.101162536660063,4.551162536660062,-0.275,0.275,True,3.4405727959478107,5.133234722612478,-0.6945587778917081,0.7239314070339168,0.0,0.0,True,True,True
north,38.479,9,0.9,4.387913848216147,0.0,4.162913848216148,4.612913848216147,-0.275,0.275,True,3.376528805034435,5.215216877095321,-0.766692536837838,0.7978237934840048,0.0,0.0,True,True,True
north,38.545,1,0.1,4.049001138365953,0.0,3.824001138365953,4.274001138365953,-0.275,0.275,True,3.755473462906069,4.73505079228514,-0.3448774928354346,0.3623222129509787,0.0,0.0,True,True,True
north,38.545,2,0.2,4.079173791523847,0.0,3.854173791523847,4.304173791523847,-0.275,0.275,True,3.735296781517351,4.7831771216340595,-0.37736072994557185,0.39814198657848027,0.0,0.0,True,True,True
north,38.545,3,0.3,4.114234840920208,0.0,3.8892348409202078,4.3392348409202075,-0.275,0.275,True,3.7095684476530204,4.8368551034585945,-0.41539561953132187,0.4395134126815946,0.0,0.0,True,True,True
north,38.545,4,0.4,4.154408993300184,0.0,3.9294089933001843,4.379408993300184,-0.275,0.275,True,3.6782884613130764,4.8960847377587395,-0.4589821615926846,0.4864364912603218,0.0,0.0,True,True,True
north,38.545,5,0.5,4.2001258145495886,0.0,3.9751258145495885,4.425125814549588,-0.275,0.275,True,3.64145682249752,4.960866024534499,-0.5081203561296602,0.5389112223146616,0.0,0.0,True,True,True
north,38.545,6,0.6,4.250717444373745,0.0,4.025717444373745,4.475717444373744,-0.275,0.275,True,3.599073531206351,5.031198963785871,-0.5628102031422485,0.5969376058446142,0.0,0.0,True,True,True
north,38.545,7,0.7,4.306188310104116,0.0,4.081188310104117,4.531188310104116,-0.275,0.275,True,3.551138587439569,5.107083555512855,-0.6230517026304494,0.6605156418501796,0.0,0.0,True,True,True
north,38.545,8,0.8,4.366264557043431,0.0,4.141264557043431,4.591264557043431,-0.275,0.275,True,3.497651991197175,5.188519799715453,-0.6888448545942635,0.729645330331358,0.0,0.0,True,True,True
north,38.545,9,0.9,4.430822757489485,0.0,4.205822757489486,4.655822757489485,-0.275,0.275,True,3.438613742479167,5.275507696393663,-0.76018965903369,0.8043266712881488,0.0,0.0,True,True,True
north,38.611,1,0.1,4.068368072128971,0.0,3.8433680721289707,4.29336807212897,-0.275,0.275,True,3.760226877721461,4.734494857462103,-0.3402086316807919,0.36699107410562065,0.0,0.0,True,True,True
north,38.611,2,0.2,4.101805092385988,0.0,3.8768050923859882,4.326805092385988,-0.275,0.275,True,3.740248385122288,4.7828193756005675,-0.37239220517799493,0.40311051134605563,0.0,0.0,True,True,True
north,38.611,3,0.3,4.1402763242712775,0.0,3.9152763242712774,4.365276324271277,-0.275,0.275,True,3.7147182400475027,4.836695546214646,-0.41012743115081074,0.4447816010621034,0.0,0.0,True,True,True
north,38.611,4,0.4,4.183848002841754,0.0,3.9588480028417536,4.408848002841753,-0.275,0.275,True,3.683636442497104,4.896123369304337,-0.45341430959923934,0.49200434325376396,0.0,0.0,True,True,True
north,38.611,5,0.5,4.232945613356716,0.0,4.007945613356716,4.457945613356715,-0.275,0.275,True,3.647002992471093,4.96110284486964,-0.5022528405232807,0.5447787379210371,0.0,0.0,True,True,True
north,38.611,6,0.6,4.2868821365675585,0.0,4.061882136567559,4.511882136567558,-0.275,0.275,True,3.6048178899694703,5.031633972910558,-0.5566430239229347,0.6031047850639233,0.0,0.0,True,True,True
north,38.611,7,0.7,4.34551573351182,0.0,4.12051573351182,4.57051573351182,-0.275,0.275,True,3.5570811349922336,5.107716753427086,-0.6165848597982017,0.666982484682422,0.0,0.0,True,True,True
north,38.611,8,0.8,4.4084684215064796,0.0,4.18346842150648,4.633468421506479,-0.275,0.275,True,3.503792727539384,5.189351186419228,-0.6820783481490813,0.7364118367765338,0.0,0.0,True,True,True
north,38.611,9,0.9,4.475185257381844,0.0,4.250185257381844,4.700185257381843,-0.275,0.275,True,3.444952667610922,5.2765372718869825,-0.7531234889755737,0.811392841346258,0.0,0.0,True,True,True
north,38.677,1,0.1,4.089758130938301,0.0,3.864758130938301,4.3147581309383005,-0.275,0.275,True,3.7874932412954405,4.72521193764416,-0.3351925243776533,0.3720071814087597,0.0,0.0,True,True,True
north,38.677,2,0.2,4.126614919696046,0.0,3.9016149196960463,4.351614919696046,-0.275,0.275,True,3.7664151739067466,4.772436880993105,-0.36552780376495675,0.4099749127590947,0.0,0.0,True,True,True
north,38.677,3,0.3,4.1685543423228495,0.0,3.9435543423228494,4.393554342322849,-0.275,0.275,True,3.7397854540424396,4.8252134768176616,-0.4014147356278729,0.4534942965850425,0.0,0.0,True,True,True
north,38.677,4,0.4,4.215629783566653,0.0,3.990629783566653,4.440629783566653,-0.275,0.275,True,3.7076040817025198,4.883541725117832,-0.442853319966402,0.5025653328866031,0.0,0.0,True,True,True
north,38.677,5,0.5,4.267805924571486,0.0,4.0428059245714865,4.492805924571486,-0.275,0.275,True,3.669871056886987,4.947421625893614,-0.48984355678054364,0.5571880216637763,0.0,0.0,True,True,True
north,38.677,6,0.6,4.324997613110327,0.0,4.099997613110327,4.549997613110326,-0.275,0.275,True,3.626586379595842,5.016853179145009,-0.5423854460702981,0.6173623629165625,0.0,0.0,True,True,True
north,38.677,7,0.7,4.386641912936983,0.0,4.161641912936983,4.611641912936983,-0.275,0.275,True,3.577750049829083,5.091836384872017,-0.6004789878356654,0.6830883566449614,0.0,0.0,True,True,True
north,38.677,8,0.8,4.452302489891653,0.0,4.227302489891653,4.677302489891653,-0.275,0.275,True,3.5233620675867128,5.172371243074638,-0.6641241820766455,0.7543660028489729,0.0,0.0,True,True,True
north,38.677,9,0.9,4.521372346324038,0.0,4.296372346324039,4.746372346324038,-0.275,0.275,True,3.463422432868729,5.258457753752872,-0.7333210287932383,0.8311953015285973,0.0,0.0,True,True,True
north,38.743,1,0.1,4.1134620791958865,0.0,3.8884620791958864,4.338462079195886,-0.275,0.275,True,3.7901023675395744,4.708102420357481,-0.34224937185897175,0.3649503339274416,0.0,0.0,True,True,True
north,38.743,2,0.2,4.153579274997607,0.0,3.9285792749976065,4.378579274997606,-0.275,0.275,True,3.7625692546360283,4.748872318191572,-0.37472827505084594,0.4007744414732062,0.0,0.0,True,True,True
north,38.743,3,0.3,4.1991609072596185,0.0,3.9741609072596185,4.424160907259618,-0.275,0.275,True,3.729484489256868,4.795193868501277,-0.41275883071833297,0.4421502014945835,0.0,0.0,True,True,True
north,38.743,4,0.4,4.249641385412027,0.0,4.0246413854120275,4.474641385412027,-0.275,0.275,True,3.6908480714020953,4.8470670712865935,-0.45634103886143274,0.4890776139915737,0.0,0.0,True,True,True
north,38.743,5,0.5,4.305005877857088,0.0,4.080005877857088,4.5300058778570875,-0.275,0.275,True,3.646660001071711,4.904491926547525,-0.5054748994801452,0.5415566789641766,0.0,0.0,True,True,True
north,38.743,6,0.6,4.365050236180531,0.0,4.140050236180532,4.590050236180531,-0.275,0.275,True,3.596920278265713,4.9674684342840685,-0.5601604125744706,0.5995873964123921,0.0,0.0,True,True,True
north,38.743,7,0.7,4.429522545833796,0.0,4.204522545833797,4.654522545833796,-0.275,0.275,True,3.541628902984102,5.035996594496223,-0.6203975781444085,0.6631697663362205,0.0,0.0,True,True,True
north,38.743,8,0.8,4.497526209343427,0.0,4.272526209343427,4.722526209343426,-0.275,0.275,True,3.480785875226878,5.110076407183992,-0.6861863961899596,0.7323037887356619,0.0,0.0,True,True,True
north,38.743,9,0.9,4.568715011825951,0.0,4.343715011825951,4.793715011825951,-0.275,0.275,True,3.4143911949940424,5.189707872347373,-0.757526866711123,0.8069894636107158,0.0,0.0,True,True,True
north,38.809,1,0.1,4.139444325488405,0.0,3.914444325488405,4.364444325488405,-0.275,0.275,True,3.825320631986582,4.7416940538684695,-0.3473372337221854,0.35986247206422717,0.0,0.0,True,True,True
north,38.809,2,0.2,4.182907451690916,0.0,3.957907451690916,4.407907451690916,-0.275,0.275,True,3.8068111385250285,4.791487571144554,-0.38361324265205443,0.39188947387199613,0.0,0.0,True,True,True
north,38.809,3,0.3,4.231933787437443,0.0,4.006933787437443,4.456933787437443,-0.275,0.275,True,3.782749992587862,4.846832740896251,-0.4254409040575362,0.42946812815537794,0.0,0.0,True,True,True
north,38.809,4,0.4,4.285757302113459,0.0,4.060757302113459,4.510757302113459,-0.275,0.275,True,3.7531371941750824,4.907729563123561,-0.47282021793863077,0.47259843491437253,0.0,0.0,True,True,True
north,38.809,5,0.5,4.3442816025392945,0.0,4.119281602539295,4.569281602539294,-0.275,0.275,True,3.717972743286691,4.974178037826484,-0.5257511842953381,0.5212803941489798,0.0,0.0,True,True,True
north,38.809,6,0.6,4.4071419658226345,0.0,4.182141965822635,4.632141965822634,-0.275,0.275,True,3.6772566399226863,5.04617816500502,-0.5842338031276582,0.5755140058591999,0.0,0.0,True,True,True
north,38.809,7,0.7,4.473819969435191,0.0,4.248819969435191,4.69881996943519,-0.275,0.275,True,3.6309888840830684,5.123729944659167,-0.648268074435591,0.6352992700450327,0.0,0.0,True,True,True
north,38.809,8,0.8,4.544022482310349,0.0,4.319022482310349,4.769022482310349,-0.275,0.275,True,3.5791694757678387,5.2068333767889285,-0.7178539982191366,0.7006361867064784,0.0,0.0,True,True,True
north,38.809,9,0.9,4.617122781434496,0.0,4.392122781434496,4.842122781434496,-0.275,0.275,True,3.5217984149769954,5.295488461394302,-0.7929915744782949,0.7715247558435367,0.0,0.0,True,True,True
north,38.875,1,0.1,4.167661033655108,0.0,3.942661033655108,4.3926610336551075,-0.275,0.275,True,3.8507027110329917,4.731217850729969,-0.35000135492511286,0.3571983508613009,0.0,0.0,True,True,True
north,38.875,2,0.2,4.214608818292475,0.0,3.9896088182924747,4.4396088182924744,-0.275,0.275,True,3.8340954470925483,4.782913597527164,-0.38772250298383343,0.3877802135402196,0.0,0.0,True,True,True
north,38.875,3,0.3,4.26674211301343,0.0,4.041742113013431,4.49174211301343,-0.275,0.275,True,3.8119365306764927,4.840160996799974,-0.4309953035181668,0.423913728694751,0.0,0.0,True,True,True
north,38.875,4,0.4,4.323832689560587,0.0,4.098832689560587,4.548832689560586,-0.275,0.275,True,3.784225961784824,4.902960048548395,-0.47981975652811293,0.46559889632489526,0.0,0.0,True,True,True
north,38.875,5,0.5,4.385369977657814,0.0,4.1603699776578145,4.610369977657814,-0.275,0.275,True,3.750963740417543,4.97131075277243,-0.5341958620136719,0.5128357164306522,0.0,0.0,True,True,True
north,38.875,6,0.6,4.450946831808016,0.0,4.225946831808017,4.675946831808016,-0.275,0.275,True,3.7121498665746486,5.045213109472077,-0.5941236199748434,0.5656241890120219,0.0,0.0,True,True,True
north,38.875,7,0.7,4.519935261901242,0.0,4.294935261901243,4.744935261901242,-0.275,0.275,True,3.6677843402561416,5.124667118647337,-0.6596030304116278,0.6239643140690043,0.0,0.0,True,True,True
north,38.875,8,0.8,4.591879423550916,0.0,4.366879423550916,4.816879423550915,-0.275,0.275,True,3.617867161462023,5.20967278029821,-0.7306340933240251,0.6878560916015998,0.0,0.0,True,True,True
north,38.875,9,0.9,4.666430460771209,0.0,4.441430460771209,4.8914304607712085,-0.275,0.275,True,3.56239833019229,5.300230094424696,-0.807216808712035,0.7572995216098077,0.0,0.0,True,True,True
north,38.941,1,0.1,4.198195999969651,0.0,3.973195999969651,4.423195999969651,-0.275,0.275,True,3.881388246473175,4.7236297981804,-0.34162689360796306,0.3655728121784503,0.0,0.0,True,True,True
north,38.941,2,0.2,4.248565326450314,0.0,4.023565326450314,4.473565326450314,-0.275,0.275,True,3.8665727589130463,4.777117321357909,-0.3751881636424298,0.4003145528816223,0.0,0.0,True,True,True
north,38.941,3,0.3,4.3038234456100595,0.0,4.07882344561006,4.528823445610059,-0.275,0.275,True,3.8462056188773053,4.836156497011033,-0.41430108615250927,0.4406079460604072,0.0,0.0,True,True,True
north,38.941,4,0.4,4.363835915317628,0.0,4.138835915317628,4.5888359153176275,-0.275,0.275,True,3.8202868263659515,4.900747325139768,-0.45896566113820153,0.4864529917148049,0.0,0.0,True,True,True
north,38.941,5,0.5,4.428222334178103,0.0,4.203222334178103,4.6532223341781025,-0.275,0.275,True,3.7888163813789855,4.970889805744118,-0.5091818885995065,0.5378496898448153,0.0,0.0,True,True,True
north,38.941,6,0.6,4.496137750959735,0.0,4.271137750959736,4.721137750959735,-0.275,0.275,True,3.7517942839164062,5.04658393882408,-0.5649497685364243,0.5947980404504384,0.0,0.0,True,True,True
north,38.941,7,0.7,4.567266301266397,0.0,4.342266301266397,4.792266301266396,-0.275,0.275,True,3.7092205339782143,5.127829724379653,-0.6262693009489548,0.6572980435316742,0.0,0.0,True,True,True
north,38.941,8,0.8,4.640895212477312,0.0,4.415895212477312,4.865895212477311,-0.275,0.275,True,3.6610951315644096,5.214627162410841,-0.6931404858370983,0.7253496990885232,0.0,0.0,True,True,True
north,38.941,9,0.9,4.716273952595529,0.0,4.491273952595529,4.9412739525955285,-0.275,0.275,True,3.607418076674992,5.306976252917641,-0.7655633232008543,0.7989530071209845,0.0,0.0,True,True,True
north,39.007,1,0.1,4.230921961518174,0.0,4.005921961518174,4.4559219615181735,-0.275,0.275,True,3.9137930023368606,4.71761228276607,-0.34255613624153314,0.3646435695448794,0.0,0.0,True,True,True
north,39.007,2,0.2,4.284632467659363,0.0,4.059632467659363,4.509632467659363,-0.275,0.275,True,3.8956070073491453,4.7677292985159925,-0.3754384369174664,0.40006427960658414,0.0,0.0,True,True,True
north,39.007,3,0.3,4.343047471566769,0.0,4.118047471566769,4.568047471566769,-0.275,0.275,True,3.8718693598858187,4.823397966741529,-0.41387239006901255,0.4410366421439016,0.0,0.0,True,True,True
north,39.007,4,0.4,4.405815510138784,0.0,4.1808155101387845,4.630815510138784,-0.275,0.275,True,3.842580059946879,4.884618287442679,-0.4578579956961714,0.4875606571568319,0.0,0.0,True,True,True
north,39.007,5,0.5,4.472492630492919,0.0,4.2474926304929195,4.697492630492919,-0.275,0.275,True,3.807739107532327,4.9513902606194415,-0.5073952537989429,0.5396363246453749,0.0,0.0,True,True,True
north,39.007,6,0.6,4.542617102412898,0.0,4.317617102412898,4.767617102412897,-0.275,0.275,True,3.767346502642161,5.023713886271816,-0.5624841643773273,0.5972636446095307,0.0,0.0,True,True,True
north,39.007,7,0.7,4.615668035925041,0.0,4.390668035925041,4.840668035925041,-0.275,0.275,True,3.721402245276383,5.101589164399803,-0.6231247274313245,0.6604426170492992,0.0,0.0,True,True,True
north,39.007,8,0.8,4.6907113969256296,0.0,4.46571139692563,4.915711396925629,-0.275,0.275,True,3.6699063354349923,5.185016095003403,-0.6893169429609345,0.7291732419646806,0.0,0.0,True,True,True
north,39.007,9,0.9,4.766880918086364,0.0,4.541880918086364,4.9918809180863635,-0.275,0.275,True,3.612858773117988,5.273994678082616,-0.7610608109661571,0.8034555193556746,0.0,0.0,True,True,True
north,39.073,1,0.1,4.265678301455379,0.0,4.0406783014553795,4.490678301455379,-0.275,0.275,True,3.9455122095713855,4.744255003364413,-0.3374840894800338,0.3697156163063792,0.0,0.0,True,True,True
north,39.073,2,0.2,4.322667766010851,0.0,4.097667766010852,4.547667766010851,-0.275,0.275,True,3.9354197488584677,4.802465553389133,-0.3690069848203707,0.40649573170368075,0.0,0.0,True,True,True
north,39.073,3,0.3,4.384098042378645,0.0,4.159098042378646,4.609098042378645,-0.275,0.275,True,3.919775635669938,4.866227755889467,-0.40608153263632035,0.448827499576595,0.0,0.0,True,True,True
north,39.073,4,0.4,4.449591173724374,0.0,4.224591173724375,4.674591173724374,-0.275,0.275,True,3.8985798700057943,4.935541610865413,-0.4487077329278829,0.4967109199251222,0.0,0.0,True,True,True
north,39.073,5,0.5,4.518498177478442,0.0,4.293498177478442,4.7434981774784415,-0.275,0.275,True,3.8718324518660383,5.010407118316972,-0.49688558569505814,0.5501459927492619,0.0,0.0,True,True,True
north,39.073,6,0.6,4.590383796225922,0.0,4.365383796225922,4.815383796225921,-0.275,0.275,True,3.8395333812506696,5.090824278244144,-0.5506150909378461,0.6091327180490146,0.0,0.0,True,True,True
north,39.073,7,0.7,4.664952697475005,0.0,4.439952697475006,4.889952697475005,-0.275,0.275,True,3.8016826581596876,5.176793090646928,-0.6098962486562469,0.6736710958243799,0.0,0.0,True,True,True
north,39.073,8,0.8,4.740954687592057,0.0,4.515954687592058,4.965954687592057,-0.275,0.275,True,3.758280282593094,5.268313555525325,-0.6747290588502604,0.743761126075358,0.0,0.0,True,True,True
north,39.073,9,0.9,4.817837729086922,0.0,4.592837729086923,5.042837729086922,-0.275,0.275,True,3.7093262545508865,5.365385672879336,-0.7451135215198867,0.8194028088019489,0.0,0.0,True,True,True
north,39.139,1,0.1,4.3026410133630355,0.0,4.077641013363036,4.527641013363035,-0.275,0.275,True,3.9781320397864652,4.727317229615435,-0.33517531450041355,0.3720243912859998,0.0,0.0,True,True,True
north,39.139,2,0.2,4.362621594454728,0.0,4.137621594454728,4.587621594454728,-0.275,0.275,True,3.9679120261041243,4.785400226670732,-0.36673951937427357,0.40876319714977855,0.0,0.0,True,True,True
north,39.139,3,0.3,4.4269221225224085,0.0,4.201922122522409,4.651922122522408,-0.275,0.275,True,3.952140359946171,4.849034876201644,-0.40385537672374644,0.45105365548917004,0.0,0.0,True,True,True
north,39.139,4,0.4,4.4947492925760395,0.0,4.26974929257604,4.719749292576039,-0.275,0.275,True,3.930817041312605,4.918221178208167,-0.44652288654883204,0.49889576630417437,0.0,0.0,True,True,True
north,39.139,5,0.5,4.565817590706837,0.0,4.340817590706838,4.790817590706837,-0.275,0.275,True,3.903942070203426,4.992959132690304,-0.4947420488495304,0.5522895295947914,0.0,0.0,True,True,True
north,39.139,6,0.6,4.639373270001613,0.0,4.414373270001613,4.864373270001613,-0.275,0.275,True,3.871515446618635,5.073248739648054,-0.5485128636258415,0.6112349453610212,0.0,0.0,True,True,True
north,39.139,7,0.7,4.7147905882174985,0.0,4.489790588217499,4.939790588217498,-0.275,0.275,True,3.83353717055823,5.159089999081415,-0.6078353308777653,0.6757320136028637,0.0,0.0,True,True,True
north,39.139,8,0.8,4.7915626429040135,0.0,4.566562642904014,5.016562642904013,-0.275,0.275,True,3.790007242022213,5.2504829109903906,-0.6727094506053022,0.7457807343203193,0.0,0.0,True,True,True
north,39.139,9,0.9,4.868827273598792,0.0,4.643827273598792,5.093827273598792,-0.275,0.275,True,3.7409256610105834,5.347427475374978,-0.7431352228084515,0.8213811075133873,0.0,0.0,True,True,True
north,39.205,1,0.1,4.341813340594247,0.0,4.1168133405942475,4.566813340594247,-0.275,0.275,True,4.018120222961607,4.732130995213132,-0.34224182199380454,0.364957883792608,0.0,0.0,True,True,True
north,39.205,2,0.2,4.404489054454939,0.0,4.1794890544549395,4.629489054454939,-0.275,0.275,True,4.008357677171278,4.79067146016044,-0.3756536772235624,0.39984903930048815,0.0,0.0,True,True,True
north,39.205,3,0.3,4.471153999544964,0.0,4.246153999544965,4.696153999544964,-0.275,0.275,True,3.9930434789053355,4.854763577583361,-0.4146171849289331,0.440291847283981,0.0,0.0,True,True,True
north,39.205,4,0.4,4.541211722515441,0.0,4.316211722515441,4.766211722515441,-0.275,0.275,True,3.9721776281637795,4.924407347481895,-0.4591323451099166,0.48628630774308673,0.0,0.0,True,True,True
north,39.205,5,0.5,4.614189046814846,0.0,4.389189046814846,4.8391890468148455,-0.275,0.275,True,3.945760124946612,4.999602769856042,-0.5091991577665127,0.5378324206778051,0.0,0.0,True,True,True
north,39.205,6,0.6,4.689182180347361,0.0,4.464182180347361,4.91418218034736,-0.275,0.275,True,3.913790969253832,5.080349844705802,-0.5648176228987217,0.5949301860881363,0.0,0.0,True,True,True
north,39.205,7,0.7,4.7653170170019035,0.0,4.540317017001904,4.990317017001903,-0.275,0.275,True,3.8762701610854386,5.166648572031174,-0.6259877405065434,0.6575796039740803,0.0,0.0,True,True,True
north,39.205,8,0.8,4.84247297261837,0.0,4.61747297261837,5.067472972618369,-0.275,0.275,True,3.833197700441432,5.258498951832158,-0.692709510589978,0.7257806743356371,0.0,0.0,True,True,True
north,39.205,9,0.9,4.9197726575073455,0.0,4.694772657507346,5.144772657507345,-0.275,0.275,True,3.7845735873218134,5.355900984108756,-0.7649829331490251,0.7995333971728066,0.0,0.0,True,True,True
north,39.271,1,0.1,4.382826107099481,0.0,4.157826107099481,4.607826107099481,-0.275,0.275,True,4.054781024812014,4.743405395136604,-0.34290061022270996,0.3642990955637038,0.0,0.0,True,True,True
north,39.271,2,0.2,4.448223276218432,0.0,4.223223276218432,4.673223276218431,-0.275,0.275,True,4.0473742539204185,4.8043016349826475,-0.37846696864153717,0.39703574788251583,0.0,0.0,True,True,True
north,39.271,3,0.3,4.5170610930556405,0.0,4.292061093055641,4.74206109305564,-0.275,0.275,True,4.0344158305532085,4.870749527304303,-0.41958497953597723,0.4353240526769406,0.0,0.0,True,True,True
north,39.271,4,0.4,4.588899060489898,0.0,4.363899060489898,4.813899060489898,-0.275,0.275,True,4.0159057547103885,4.942749072101571,-0.46625464290603,0.47916400994697816,0.0,0.0,True,True,True
north,39.271,5,0.5,4.663474934178797,0.0,4.438474934178798,4.888474934178797,-0.275,0.275,True,3.991844026391953,5.020300269374452,-0.5184759587516956,0.5285556196926284,0.0,0.0,True,True,True
north,39.271,6,0.6,4.739424213176249,0.0,4.514424213176249,4.964424213176248,-0.275,0.275,True,3.962230645597906,5.103403119122947,-0.5762489270729739,0.5834988819138914,0.0,0.0,True,True,True
north,39.271,7,0.7,4.816266244947442,0.0,4.591266244947442,5.041266244947441,-0.275,0.275,True,3.9270656123282452,5.192057621347053,-0.6395735478698649,0.6439937966107673,0.0,0.0,True,True,True
north,39.271,8,0.8,4.893301951154927,0.0,4.668301951154928,5.118301951154927,-0.275,0.275,True,3.886348926582973,5.286263776046773,-0.7084498211423689,0.710040363783256,0.0,0.0,True,True,True
north,39.271,9,0.9,4.970529068167175,0.0,4.745529068167175,5.195529068167175,-0.275,0.275,True,3.8400805883620865,5.386021583222106,-0.7828777468904855,0.7816385834313573,0.0,0.0,True,True,True
north,39.337,1,0.1,4.425621910866719,0.0,4.20062191086672,4.650621910866719,-0.275,0.275,True,4.10200039157448,4.741652621297302,-0.34225490664473324,0.3649447991416801,0.0,0.0,True,True,True
north,39.337,2,0.2,4.493360834192349,0.0,4.268360834192349,4.718360834192349,-0.275,0.275,True,4.0991730441486265,4.807128284609085,-0.37765444951229393,0.3978482670117582,0.0,0.0,True,True,True
north,39.337,3,0.3,4.564368880147277,0.0,4.339368880147277,4.7893688801472765,-0.275,0.275,True,4.090794044247159,4.878155600396483,-0.4186056448554674,0.43630338735744906,0.0,0.0,True,True,True
north,39.337,4,0.4,4.63785132752591,0.0,4.41285132752591,4.8628513275259095,-0.275,0.275,True,4.07686339187008,4.954734568659492,-0.4651084926742537,0.4803101601787527,0.0,0.0,True,True,True
north,39.337,5,0.5,4.7132990913791675,0.0,4.488299091379168,4.938299091379167,-0.275,0.275,True,4.057381087017387,5.0368651893981164,-0.5171629929686528,0.5298685854756691,0.0,0.0,True,True,True
north,39.337,6,0.6,4.790052605806938,0.0,4.5650526058069385,5.015052605806938,-0.275,0.275,True,4.032347129689081,5.124547462612353,-0.5747691457386644,0.5849786632481982,0.0,0.0,True,True,True
north,39.337,7,0.7,4.8672833844175605,0.0,4.642283384417561,5.09228338441756,-0.275,0.275,True,4.001761519885164,5.2177813883022,-0.637926950984289,0.6456403934963401,0.0,0.0,True,True,True
north,39.337,8,0.8,4.944294743261715,0.0,4.719294743261715,5.169294743261714,-0.275,0.275,True,3.965624257605633,5.316566966467661,-0.7066364087055265,0.711853776220095,0.0,0.0,True,True,True
north,39.337,9,0.9,5.020870389358024,0.0,4.795870389358025,5.245870389358024,-0.275,0.275,True,3.9239353428504895,5.420904197108735,-0.7808975189023765,0.7836188114194623,0.0,0.0,True,True,True
north,39.403,1,0.1,4.469815368597014,0.0,4.244815368597014,4.6948153685970135,-0.275,0.275,True,4.139496395049063,4.747767210305138,-0.3425699381795719,0.3646297676068407,0.0,0.0,True,True,True
north,39.403,2,0.2,4.5398063426179895,0.0,4.31480634261799,4.764806342617989,-0.275,0.275,True,4.13626565348238,4.812839479476092,-0.3765429550185376,0.398959761505513,0.0,0.0,True,True,True
north,39.403,3,0.3,4.612710057704652,0.0,4.387710057704652,4.837710057704651,-0.275,0.275,True,4.127483259440084,4.88346340112266,-0.41606762433311606,0.4388414078797981,0.0,0.0,True,True,True
north,39.403,4,0.4,4.687642149263966,0.0,4.462642149263966,4.912642149263966,-0.275,0.275,True,4.113149212922175,4.95963897524484,-0.46114394612330734,0.48427470672969597,0.0,0.0,True,True,True
north,39.403,5,0.5,4.763753115917438,0.0,4.538753115917438,4.988753115917437,-0.275,0.275,True,4.093263513928653,5.041366201842633,-0.5117719203891113,0.5352596580552065,0.0,0.0,True,True,True
north,39.403,6,0.6,4.840956527614329,0.0,4.61595652761433,5.065956527614329,-0.275,0.275,True,4.067826162459518,5.128645080916039,-0.5679515471305281,0.5917962618563299,0.0,0.0,True,True,True
north,39.403,7,0.7,4.918229613197197,0.0,4.693229613197198,5.143229613197197,-0.275,0.275,True,4.036837158514771,5.221475612465056,-0.6296828263475577,0.653884518133066,0.0,0.0,True,True,True
north,39.403,8,0.8,4.995025796169937,0.0,4.7700257961699375,5.220025796169937,-0.275,0.275,True,4.000296502094412,5.319857796489688,-0.6969657580402,0.7215244268854151,0.0,0.0,True,True,True
north,39.403,9,0.9,5.070755102578712,0.0,4.845755102578712,5.2957551025787115,-0.275,0.275,True,3.958204193198439,5.423791632989932,-0.7698003422084551,0.7947159881133766,0.0,0.0,True,True,True
north,39.469,1,0.1,4.5156240086328445,0.0,4.290624008632845,4.740624008632844,-0.275,0.275,True,4.1987787658388545,4.806605246630878,-0.3412981828384631,0.3659015229479499,0.0,0.0,True,True,True
north,39.469,2,0.2,4.587425216342854,0.0,4.362425216342855,4.812425216342854,-0.275,0.275,True,4.207673019073721,4.883802510603383,-0.37557248347402367,0.3999302330500278,0.0,0.0,True,True,True
north,39.469,3,0.3,4.661997170882589,0.0,4.43699717088259,4.886997170882589,-0.275,0.275,True,4.211015619832975,4.966551427051501,-0.415398436585197,0.4395105956277184,0.0,0.0,True,True,True
north,39.469,4,0.4,4.737893738760435,0.0,4.512893738760435,4.962893738760434,-0.275,0.275,True,4.208806568116616,5.0548519959752305,-0.4607760421719832,0.4846426106810219,0.0,0.0,True,True,True
north,39.469,5,0.5,4.814694760807955,0.0,4.589694760807955,5.039694760807954,-0.275,0.275,True,4.2010458639246435,5.148704217374574,-0.511705300234382,0.5353262782099381,0.0,0.0,True,True,True
north,39.469,6,0.6,4.891739497819502,0.0,4.666739497819503,5.116739497819502,-0.275,0.275,True,4.187733507257059,5.24810809124953,-0.5681862107723937,0.591561598214467,0.0,0.0,True,True,True
north,39.469,7,0.7,4.969026582804546,0.0,4.744026582804547,5.194026582804546,-0.275,0.275,True,4.168869498113862,5.353063617600099,-0.6302187737860181,0.6533485706946087,0.0,0.0,True,True,True
north,39.469,8,0.8,5.045284767736575,0.0,4.820284767736576,5.270284767736575,-0.275,0.275,True,4.144453836495052,5.46357079642628,-0.6978029892752553,0.7206871956503631,0.0,0.0,True,True,True
north,39.469,9,0.9,5.120161647028677,0.0,4.895161647028678,5.345161647028677,-0.275,0.275,True,4.114486522400629,5.5796296277280755,-0.7709388572401052,0.7935774730817304,0.0,0.0,True,True,True
north,39.535,1,0.1,4.562920169587717,0.0,4.337920169587718,4.787920169587717,-0.275,0.275,True,4.249014314449094,4.836845586246039,-0.323026496872871,0.3841732089135428,0.0,0.0,True,True,True
north,39.535,2,0.2,4.636329385050206,0.0,4.411329385050206,4.8613293850502055,-0.275,0.275,True,4.267385518905289,4.9235198014398724,-0.35139527766282946,0.42410743886122376,0.0,0.0,True,True,True
north,39.535,3,0.3,4.71180759454083,0.0,4.486807594540831,4.93680759454083,-0.275,0.275,True,4.280205070885872,5.015745669109321,-0.3853157109284006,0.4695933212845174,0.0,0.0,True,True,True
north,39.535,4,0.4,4.788542568709851,0.0,4.563542568709852,5.013542568709851,-0.275,0.275,True,4.2874729703908425,5.113523189254381,-0.42478779666958466,0.520630856183424,0.0,0.0,True,True,True
north,39.535,5,0.5,4.865739495236318,0.0,4.640739495236319,5.090739495236318,-0.275,0.275,True,4.2891892174201995,5.216852361875054,-0.46981153488638133,0.5772200435579431,0.0,0.0,True,True,True
north,39.535,6,0.6,4.942730448704585,0.0,4.717730448704585,5.167730448704584,-0.275,0.275,True,4.285353811973944,5.325733186971339,-0.5203869255787908,0.6393608834080752,0.0,0.0,True,True,True
north,39.535,7,0.7,5.0193791412797415,0.0,4.794379141279742,5.244379141279741,-0.275,0.275,True,4.275966754052076,5.440165664543238,-0.5765139687468132,0.7070533757338199,0.0,0.0,True,True,True
north,39.535,8,0.8,5.0949689955561075,0.0,4.869968995556108,5.319968995556107,-0.275,0.275,True,4.261028043654595,5.56014979459075,-0.6381926643904481,0.7802975205351774,0.0,0.0,True,True,True
north,39.535,9,0.9,5.168855332027847,0.0,4.943855332027847,5.393855332027846,-0.275,0.275,True,4.240537680781501,5.685685577113874,-0.7054230125096959,0.8590933178121476,0.0,0.0,True,True,True
north,39.601,1,0.1,4.611231068594462,0.0,4.386231068594462,4.836231068594461,-0.275,0.275,True,4.305429946978221,4.908491152250094,-0.3277046126141855,0.3794950931722283,0.0,0.0,True,True,True
north,39.601,2,0.2,4.686102118180577,0.0,4.461102118180578,4.911102118180577,-0.275,0.275,True,4.335185683808251,5.006549899817762,-0.35586678377407693,0.41963593274997607,0.0,0.0,True,True,True
north,39.601,3,0.3,4.762189214832972,0.0,4.537189214832972,4.987189214832972,-0.275,0.275,True,4.359389768162667,5.110160299861044,-0.38958060740958117,0.46532842480333664,0.0,0.0,True,True,True
north,39.601,4,0.4,4.839440082610285,0.0,4.614440082610285,5.064440082610284,-0.275,0.275,True,4.378042200041472,5.219322352379937,-0.4288460835206982,0.51657256933231,0.0,0.0,True,True,True
north,39.601,5,0.5,4.916686568887043,0.0,4.691686568887043,5.141686568887042,-0.275,0.275,True,4.391142979444663,5.334036057374444,-0.47366321210742796,0.573368366336896,0.0,0.0,True,True,True
north,39.601,6,0.6,4.993469288788733,0.0,4.768469288788733,5.218469288788732,-0.275,0.275,True,4.398692106372241,5.454301414844565,-0.5240319931697704,0.6357158158170949,0.0,0.0,True,True,True
north,39.601,7,0.7,5.069236960183438,0.0,4.844236960183438,5.294236960183437,-0.275,0.275,True,4.400689580824207,5.580118424790297,-0.5799524267077257,0.7036149177729064,0.0,0.0,True,True,True
north,39.601,8,0.8,5.143884295886149,0.0,4.91888429588615,5.368884295886149,-0.275,0.275,True,4.39713540280056,5.711487087211642,-0.6414245127212939,0.777065672204331,0.0,0.0,True,True,True
north,39.601,9,0.9,5.216662707177901,0.0,4.991662707177901,5.4416627071779,-0.275,0.275,True,4.388029572301299,5.8484074021086006,-0.7084482512104747,0.8560680791113681,0.0,0.0,True,True,True
north,39.667,1,0.1,4.660519407586386,0.0,4.435519407586386,4.8855194075863855,-0.275,0.275,True,4.364585264553114,4.972408465480483,-0.3347978731482386,0.3724018326381747,0.0,0.0,True,True,True
north,39.667,2,0.2,4.736363264344626,0.0,4.511363264344626,4.961363264344626,-0.275,0.275,True,4.401183542418629,5.077309754083635,-0.3674652308192385,0.40803748570481363,0.0,0.0,True,True,True
north,39.667,3,0.3,4.813123276668469,0.0,4.588123276668469,5.038123276668468,-0.275,0.275,True,4.43223016780853,5.1877626951624025,-0.40568424096585115,0.4492247912470653,0.0,0.0,True,True,True
north,39.667,4,0.4,4.890177044484071,0.0,4.6651770444840714,5.115177044484071,-0.275,0.275,True,4.457725140722821,5.303767288716781,-0.4494549035880766,0.4959637492649298,0.0,0.0,True,True,True
north,39.667,5,0.5,4.967524097441912,0.0,4.742524097441913,5.192524097441912,-0.275,0.275,True,4.477668461161496,5.425323534746773,-0.4987772186859148,0.5482543597584071,0.0,0.0,True,True,True
north,39.667,6,0.6,5.043769437332888,0.0,4.818769437332889,5.268769437332888,-0.275,0.275,True,4.492060129124559,5.552431433252378,-0.5536511862593657,0.606096622727497,0.0,0.0,True,True,True
north,39.667,7,0.7,5.1186518846778934,0.0,4.893651884677894,5.343651884677893,-0.275,0.275,True,4.500900144612012,5.685090984233595,-0.6140768063084293,0.6694905381721997,0.0,0.0,True,True,True
north,39.667,8,0.8,5.192060549976602,0.0,4.967060549976602,5.417060549976601,-0.275,0.275,True,4.50418850762385,5.823302187690425,-0.6800540788331061,0.7384361060925154,0.0,0.0,True,True,True
north,39.667,9,0.9,5.26324137744861,0.0,5.03824137744861,5.48824137744861,-0.275,0.275,True,4.501925218160075,5.967065043622868,-0.7515830038333952,0.8129333264884436,0.0,0.0,True,True,True
north,39.733,1,0.1,4.7103160977025045,0.0,4.485316097702505,4.935316097702504,-0.275,0.275,True,4.422225147525872,5.028998101462108,-0.34510200622575055,0.362097699560662,0.0,0.0,True,True,True
north,39.733,2,0.2,4.787017719181749,0.0,4.56201771918175,5.012017719181749,-0.275,0.275,True,4.467272280311374,5.1423482449852465,-0.3846145978805072,0.39088811864354334,0.0,0.0,True,True,True
north,39.733,3,0.3,4.86419560605508,0.0,4.639195606055081,5.08919560605508,-0.275,0.275,True,4.506767760621261,5.261250040983998,-0.42967884201087664,0.4252301902020375,0.0,0.0,True,True,True
north,39.733,4,0.4,4.941166154147456,0.0,4.716166154147456,5.166166154147455,-0.275,0.275,True,4.540711588455536,5.385703489458362,-0.48029473861685884,0.46512391423614446,0.0,0.0,True,True,True
north,39.733,5,0.5,5.0178878932014594,0.0,4.79288789320146,5.242887893201459,-0.275,0.275,True,4.569103763814199,5.51570859040834,-0.5364622876984537,0.5105692907458641,0.0,0.0,True,True,True
north,39.733,6,0.6,5.09347206351234,0.0,4.86847206351234,5.318472063512339,-0.275,0.275,True,4.591944286697248,5.65126534383393,-0.5981814892556615,0.5615663197311965,0.0,0.0,True,True,True
north,39.733,7,0.7,5.167369075067432,0.0,4.9423690750674325,5.392369075067432,-0.275,0.275,True,4.609233157104686,5.792373749735132,-0.6654523432884819,0.6181150011921418,0.0,0.0,True,True,True
north,39.733,8,0.8,5.239230073543837,0.0,5.014230073543837,5.4642300735438365,-0.275,0.275,True,4.62097037503651,5.939033808111947,-0.7382748497969153,0.6802153351286998,0.0,0.0,True,True,True
north,39.733,9,0.9,5.308738489768217,0.0,5.083738489768217,5.533738489768217,-0.275,0.275,True,4.627155940492721,6.091245518964375,-0.8166490087809612,0.7478673215408704,0.0,0.0,True,True,True
north,39.799,1,0.1,4.760636798077322,0.0,4.535636798077323,4.985636798077322,-0.275,0.275,True,4.460874116398055,5.070197291394977,-0.3377870053690346,0.3694127004173784,0.0,0.0,True,True,True
north,39.799,2,0.2,4.837923637606244,0.0,4.612923637606245,5.062923637606244,-0.275,0.275,True,4.501317724987656,5.178943910722216,-0.3735778935223871,0.4019248230016644,0.0,0.0,True,True,True
north,39.799,3,0.3,4.915143524576888,0.0,4.6901435245768885,5.140143524576888,-0.275,0.275,True,4.536209681101643,5.293242182525067,-0.41492043415135227,0.4399885980615631,0.0,0.0,True,True,True
north,39.799,4,0.4,4.991912781407524,0.0,4.766912781407524,5.216912781407523,-0.275,0.275,True,4.565549984740018,5.413092106803532,-0.46181462725593037,0.4836040255970747,0.0,0.0,True,True,True
north,39.799,5,0.5,5.067718817788158,0.0,4.842718817788159,5.292718817788158,-0.275,0.275,True,4.589338635902781,5.5384936835576095,-0.5142604728361211,0.532771105608199,0.0,0.0,True,True,True
north,39.799,6,0.6,5.142442252443901,0.0,4.917442252443902,5.367442252443901,-0.275,0.275,True,4.607575634589931,5.6694469127873,-0.5722579708919246,0.587489838094936,0.0,0.0,True,True,True
north,39.799,7,0.7,5.215233126923959,0.0,4.990233126923959,5.4402331269239586,-0.275,0.275,True,4.620260980801468,5.805951794492603,-0.635807121423341,0.6477602230572859,0.0,0.0,True,True,True
north,39.799,8,0.8,5.285452216618498,0.0,5.060452216618498,5.510452216618497,-0.275,0.275,True,4.627394674537392,5.948008328673518,-0.70490792443037,0.7135822604952484,0.0,0.0,True,True,True
north,39.799,9,0.9,5.353000877992638,0.0,5.128000877992639,5.578000877992638,-0.275,0.275,True,4.628976715797703,6.095616515330048,-0.7795603799130119,0.7849559504088238,0.0,0.0,True,True,True
north,39.865,1,0.1,4.811551792528988,0.0,4.586551792528988,5.0365517925289875,-0.275,0.275,True,4.508669527465824,5.115445311388423,-0.33700577438038054,0.3701939314060328,0.0,0.0,True,True,True
north,39.865,2,0.2,4.888639988503925,0.0,4.663639988503926,5.113639988503925,-0.275,0.275,True,4.546128294652465,5.2212070893127,-0.37100915092083064,0.40449356560322147,0.0,0.0,True,True,True
north,39.865,3,0.3,4.965987457493808,0.0,4.740987457493809,5.190987457493808,-0.275,0.275,True,4.57803540936349,5.332520519712591,-0.4105641799368936,0.4443448522760229,0.0,0.0,True,True,True
north,39.865,4,0.4,5.042254106929195,0.0,4.817254106929195,5.267254106929195,-0.275,0.275,True,4.604390871598905,5.449385602588094,-0.4556708614285693,0.48974779142443714,0.0,0.0,True,True,True
north,39.865,5,0.5,5.117142122327105,0.0,4.8921421223271055,5.342142122327105,-0.275,0.275,True,4.625194681358705,5.571802337939211,-0.5063291953958577,0.5407023830484641,0.0,0.0,True,True,True
north,39.865,6,0.6,5.190636477828207,0.0,4.965636477828207,5.4156364778282065,-0.275,0.275,True,4.640446838642892,5.69977072576594,-0.562539181838759,0.5972086271481037,0.0,0.0,True,True,True
north,39.865,7,0.7,5.261874958446723,0.0,5.036874958446723,5.486874958446722,-0.275,0.275,True,4.650147343451469,5.833290766068281,-0.6243008207572728,0.6592665237233563,0.0,0.0,True,True,True
north,39.865,8,0.8,5.330515980883407,0.0,5.105515980883407,5.555515980883406,-0.275,0.275,True,4.654296195784431,5.972362458846236,-0.6916141121513998,0.7268760727742217,0.0,0.0,True,True,True
north,39.865,9,0.9,5.396085899061363,0.0,5.171085899061364,5.621085899061363,-0.275,0.275,True,4.652893395641781,6.116985804099803,-0.7644790560211392,0.8000372743006996,0.0,0.0,True,True,True
north,39.931,1,0.1,4.862637225084028,0.0,4.6376372250840285,5.087637225084028,-0.275,0.275,True,4.562573403158681,5.178929126303925,-0.3327781037215898,0.3744216020648228,0.0,0.0,True,True,True
north,39.931,2,0.2,4.939606323378398,0.0,4.714606323378399,5.164606323378398,-0.275,0.275,True,4.603684542801162,5.288343276684042,-0.3648585499205732,0.41064416660347736,0.0,0.0,True,True,True
north,39.931,3,0.3,5.016396645123177,0.0,4.791396645123178,5.241396645123177,-0.275,0.275,True,4.639244029968028,5.403309079539772,-0.4024906485951695,0.45241838361774467,0.0,0.0,True,True,True
north,39.931,4,0.4,5.0919751314685655,0.0,4.866975131468566,5.316975131468565,-0.275,0.275,True,4.669251864659281,5.523826534871115,-0.44567439974537854,0.49974425310762477,0.0,0.0,True,True,True
north,39.931,5,0.5,5.165882818107012,0.0,4.940882818107013,5.390882818107012,-0.275,0.275,True,4.693708046874923,5.6498956426780715,-0.4944098033712002,0.5526217750731176,0.0,0.0,True,True,True
north,39.931,6,0.6,5.23779131956678,0.0,5.01279131956678,5.462791319566779,-0.275,0.275,True,4.7126125766149505,5.78151640296064,-0.5486968594726348,0.6110509495142232,0.0,0.0,True,True,True
north,39.931,7,0.7,5.307401854424883,0.0,5.082401854424884,5.532401854424883,-0.275,0.275,True,4.7259654538793665,5.91868881571882,-0.6085355680496821,0.6750317764309416,0.0,0.0,True,True,True
north,39.931,8,0.8,5.374226235927178,0.0,5.149226235927179,5.599226235927178,-0.275,0.275,True,4.73376667866817,6.061412880952615,-0.6739259291023423,0.7445642558232728,0.0,0.0,True,True,True
north,39.931,9,0.9,5.4377910942159415,0.0,5.212791094215942,5.662791094215941,-0.275,0.275,True,4.7360162509813595,6.209688598662021,-0.7448679426306151,0.8196483876912166,0.0,0.0,True,True,True
north,39.997,1,0.1,4.91360048026674,0.0,4.68860048026674,5.1386004802667395,-0.275,0.275,True,4.6185987942364966,5.22825198713532,-0.3262048746906622,0.38099483109575155,0.0,0.0,True,True,True
north,39.997,2,0.2,4.990356274026319,0.0,4.76535627402632,5.215356274026319,-0.275,0.275,True,4.662832275856404,5.340788479492867,-0.3570091942262691,0.4184935222977839,0.0,0.0,True,True,True
north,39.997,3,0.3,5.066200675392878,0.0,4.841200675392878,5.2912006753928775,-0.275,0.275,True,4.701514105000698,5.4588766243260265,-0.3933651662374887,0.4615438659754291,0.0,0.0,True,True,True
north,39.997,4,0.4,5.141000209001648,0.0,4.916000209001648,5.366000209001648,-0.275,0.275,True,4.734644281669382,5.582516421634798,-0.4352727907243211,0.5101458621286871,0.0,0.0,True,True,True
north,39.997,5,0.5,5.213803546670011,0.0,4.988803546670011,5.438803546670011,-0.275,0.275,True,4.762222805862451,5.711707871419184,-0.48273206768676624,0.5642995107575578,0.0,0.0,True,True,True
north,39.997,6,0.6,5.284045848696771,0.0,5.059045848696772,5.509045848696771,-0.275,0.275,True,4.784249677579907,5.846450973679182,-0.5357429971248241,0.6240048118620413,0.0,0.0,True,True,True
north,39.997,7,0.7,5.351668513172078,0.0,5.126668513172079,5.576668513172078,-0.275,0.275,True,4.800724896821751,5.986745728414792,-0.5943055790384948,0.6892617654421374,0.0,0.0,True,True,True
north,39.997,8,0.8,5.416455013329595,0.0,5.191455013329596,5.641455013329595,-0.275,0.275,True,4.811648463587981,6.132592135626015,-0.6584198134277783,0.7600703714978465,0.0,0.0,True,True,True
north,39.997,9,0.9,5.4778921951758,0.0,5.2528921951758,5.702892195175799,-0.275,0.275,True,4.817020377878599,6.283990195312851,-0.7280857002926745,0.8364306300291683,0.0,0.0,True,True,True
north,40.063,1,0.1,4.96445081754571,0.0,4.73945081754571,5.189450817545709,-0.275,0.275,True,4.665352390269038,5.2886987406686705,-0.3354745089797277,0.37172519680668564,0.0,0.0,True,True,True
north,40.063,2,0.2,5.040738776525508,0.0,4.815738776525508,5.265738776525508,-0.275,0.275,True,4.710293284876131,5.401942646013399,-0.3685494221553578,0.4069532943686943,0.0,0.0,True,True,True
north,40.063,3,0.3,5.115632359976316,0.0,4.890632359976316,5.340632359976316,-0.275,0.275,True,4.749682527007609,5.5207382038337425,-0.40717598780660075,0.44773304440631573,0.0,0.0,True,True,True
north,40.063,4,0.4,5.189212405679807,0.0,4.964212405679807,5.414212405679806,-0.275,0.275,True,4.7835201166634755,5.6450854141296976,-0.45135420593345643,0.49406444691955,0.0,0.0,True,True,True
north,40.063,5,0.5,5.260508539444831,0.0,5.035508539444831,5.48550853944483,-0.275,0.275,True,4.8118060538437275,5.774984276901267,-0.5010840765359249,0.5459475019083969,0.0,0.0,True,True,True
north,40.063,6,0.6,5.329173682104607,0.0,5.104173682104608,5.554173682104607,-0.275,0.275,True,4.834540338548368,5.910434792148449,-0.5563655996140061,0.6033822093728566,0.0,0.0,True,True,True
north,40.063,7,0.7,5.394779396930364,0.0,5.169779396930364,5.6197793969303635,-0.275,0.275,True,4.851722970777397,6.051436959871241,-0.6171987751677,0.666368569312929,0.0,0.0,True,True,True
north,40.063,8,0.8,5.457219806728659,0.0,5.23221980672866,5.682219806728659,-0.275,0.275,True,4.8633539505308105,6.197990780069649,-0.6835836031970071,0.7349065817286144,0.0,0.0,True,True,True
north,40.063,9,0.9,5.516512344192533,0.0,5.291512344192533,5.741512344192532,-0.275,0.275,True,4.8694332778086125,6.350096252743668,-0.7555200837019264,0.8089962466199124,0.0,0.0,True,True,True
north,40.129,1,0.1,5.0149053970449,0.0,4.7899053970449,5.239905397044899,-0.275,0.275,True,4.713774895993774,5.3359675878950235,-0.32729388077630045,0.3799058250101121,0.0,0.0,True,True,True
north,40.129,2,0.2,5.090478199424797,0.0,4.865478199424797,5.315478199424796,-0.275,0.275,True,4.756815122757137,5.447310825396023,-0.35981342721841825,0.4156892893056323,0.0,0.0,True,True,True
north,40.129,3,0.3,5.164396561146592,0.0,4.939396561146593,5.389396561146592,-0.275,0.275,True,4.794303697044886,5.564205715372636,-0.3978846261361488,0.45702440607676537,0.0,0.0,True,True,True
north,40.129,4,0.4,5.236352565589717,0.0,5.011352565589718,5.461352565589717,-0.275,0.275,True,4.826240618857023,5.686652257824862,-0.4415074775294921,0.5039111753235112,0.0,0.0,True,True,True
north,40.129,5,0.5,5.306065219081544,0.0,5.081065219081545,5.531065219081544,-0.275,0.275,True,4.852625888193547,5.814650452752701,-0.49068198139844815,0.5563495970458697,0.0,0.0,True,True,True
north,40.129,6,0.6,5.372922729587779,0.0,5.147922729587779,5.597922729587778,-0.275,0.275,True,4.873459505054458,5.948200300156153,-0.545408137743017,0.614339671243841,0.0,0.0,True,True,True
north,40.129,7,0.7,5.436540946912687,0.0,5.211540946912687,5.6615409469126865,-0.275,0.275,True,4.888741469439757,6.087301800035216,-0.6056859465631986,0.6778813979174251,0.0,0.0,True,True,True
north,40.129,8,0.8,5.496635604273945,0.0,5.271635604273945,5.721635604273945,-0.275,0.275,True,4.898471781349443,6.231954952389893,-0.671515407858993,0.7469747770666221,0.0,0.0,True,True,True
north,40.129,9,0.9,5.553385615779398,0.0,5.328385615779398,5.778385615779397,-0.275,0.275,True,4.902650440783516,6.382159757220183,-0.7428965216304001,0.8216198086914316,0.0,0.0,True,True,True
north,40.195,1,0.1,5.064682532997604,0.0,4.839682532997604,5.289682532997603,-0.275,0.275,True,4.766181001657603,5.382345152527027,-0.33131864060642735,0.37588106517998565,0.0,0.0,True,True,True
north,40.195,2,0.2,5.139539850310061,0.0,4.914539850310061,5.36453985031006,-0.275,0.275,True,4.808843492591354,5.4933106541984165,-0.36522790418126155,0.4102748123427899,0.0,0.0,True,True,True
north,40.195,3,0.3,5.212373966416064,0.0,4.987373966416064,5.437373966416064,-0.275,0.275,True,4.845954331049493,5.609827808345419,-0.4046888202317085,0.4502202119812069,0.0,0.0,True,True,True
north,40.195,4,0.4,5.28263948077504,0.0,5.05763948077504,5.5076394807750395,-0.275,0.275,True,4.8775135170320185,5.731896614968035,-0.44970138875776833,0.49571726409523675,0.0,0.0,True,True,True
north,40.195,5,0.5,5.3503499626190445,0.0,5.125349962619045,5.575349962619044,-0.275,0.275,True,4.903521050538931,5.859517074066262,-0.5002656097594408,0.5467659686848793,0.0,0.0,True,True,True
north,40.195,6,0.6,5.415219498243398,0.0,5.1902194982433985,5.640219498243398,-0.275,0.275,True,4.923976931570231,5.992689185640103,-0.5563814832367261,0.6033663257501346,0.0,0.0,True,True,True
north,40.195,7,0.7,5.476697463943924,0.0,5.251697463943924,5.7016974639439235,-0.275,0.275,True,4.938881160125918,6.1314129496895555,-0.6180490091896241,0.6655183352910027,0.0,0.0,True,True,True
north,40.195,8,0.8,5.53442588805642,0.0,5.3094258880564205,5.75942588805642,-0.275,0.275,True,4.948233736205993,6.275688366214622,-0.6852681876181349,0.7332219973074835,0.0,0.0,True,True,True
north,40.195,9,0.9,5.588469711354386,0.0,5.363469711354386,5.813469711354386,-0.275,0.275,True,4.9520346598104545,6.425515435215302,-0.7580390185222585,0.8064773117995772,0.0,0.0,True,True,True
north,40.261,1,0.1,5.11412798723521,0.0,4.88912798723521,5.3391279872352095,-0.275,0.275,True,4.800123584665535,5.4068899117903895,-0.33954976750423993,0.3676499382821734,0.0,0.0,True,True,True
north,40.261,2,0.2,5.187788333531411,0.0,4.962788333531411,5.41278833353141,-0.275,0.275,True,4.835398154211568,5.510467492074059,-0.37491283971591144,0.4005898768081407,0.0,0.0,True,True,True
north,40.261,3,0.3,5.259103434773871,0.0,5.034103434773871,5.48410343477387,-0.275,0.275,True,4.865121071281987,5.619596724833344,-0.4158275644031957,0.4390814678097208,0.0,0.0,True,True,True
north,40.261,4,0.4,5.327814788807274,0.0,5.102814788807274,5.552814788807273,-0.275,0.275,True,4.889292335876794,5.734277610068239,-0.46229394156609277,0.48312471128691364,0.0,0.0,True,True,True
north,40.261,5,0.5,5.39347289479936,0.0,5.16847289479936,5.61847289479936,-0.275,0.275,True,4.907911947995988,5.85451014777875,-0.5143119712046026,0.5327196072397192,0.0,0.0,True,True,True
north,40.261,6,0.6,5.456024095304217,0.0,5.2310240953042175,5.681024095304217,-0.275,0.275,True,4.920979907639568,5.980294337964872,-0.5718816533187251,0.5878661556681376,0.0,0.0,True,True,True
north,40.261,7,0.7,5.515372432819823,0.0,5.290372432819823,5.7403724328198225,-0.275,0.275,True,4.928496214807538,6.111630180626606,-0.6350029879084604,0.6485643565721686,0.0,0.0,True,True,True
north,40.261,8,0.8,5.570519257710058,0.0,5.345519257710058,5.795519257710057,-0.275,0.275,True,4.930460869499893,6.248517675763954,-0.7036759749738087,0.7148142099518128,0.0,0.0,True,True,True
north,40.261,9,0.9,5.621551346090059,0.0,5.396551346090059,5.846551346090059,-0.275,0.275,True,4.926873871716636,6.390956823376914,-0.7779006145147696,0.7866157158070692,0.0,0.0,True,True,True
north,40.327,1,0.1,5.162910304186178,0.0,4.937910304186178,5.387910304186177,-0.275,0.275,True,4.849049747663371,5.451441415041671,-0.3403160457195098,0.36688366006690276,0.0,0.0,True,True,True
north,40.327,2,0.2,5.234921367814249,0.0,5.00992136781425,5.459921367814249,-0.275,0.275,True,4.882015930538748,5.552710608654685,-0.37873296112067256,0.396769755403378,0.0,0.0,True,True,True
north,40.327,3,0.3,5.304728583738206,0.0,5.0797285837382065,5.529728583738206,-0.275,0.275,True,4.909430460938511,5.659531454743312,-0.42270152899744806,0.4322075032154661,0.0,0.0,True,True,True
north,40.327,4,0.4,5.3716192232483735,0.0,5.146619223248374,5.596619223248373,-0.275,0.275,True,4.931293338862662,5.771903953307552,-0.4722217493498364,0.4731969035031669,0.0,0.0,True,True,True
north,40.327,5,0.5,5.435273529945813,0.0,5.210273529945813,5.660273529945813,-0.275,0.275,True,4.9476045643112,5.889828104347405,-0.5272936221778374,0.5197379562664804,0.0,0.0,True,True,True
north,40.327,6,0.6,5.495454222734965,0.0,5.2704542227349656,5.720454222734965,-0.275,0.275,True,4.958364137284125,6.013303907862871,-0.5879171474814513,0.5718306615054067,0.0,0.0,True,True,True
north,40.327,7,0.7,5.552288975765008,0.0,5.327288975765009,5.777288975765008,-0.275,0.275,True,4.963572057781438,6.142331363853948,-0.6540923252606778,0.6294750192199459,0.0,0.0,True,True,True
north,40.327,8,0.8,5.604829037132619,0.0,5.37982903713262,5.829829037132619,-0.275,0.275,True,4.963228325803138,6.276910472320639,-0.7258191555155172,0.6926710294100978,0.0,0.0,True,True,True
north,40.327,9,0.9,5.653003942252979,0.0,5.428003942252979,5.878003942252978,-0.275,0.275,True,4.957332941349224,6.4170412332629425,-0.8030976382459692,0.7614186920758624,0.0,0.0,True,True,True
north,40.393,1,0.1,5.210944386162121,0.0,4.985944386162122,5.435944386162121,-0.275,0.275,True,4.90204052995988,5.520039919745587,-0.3306415707511256,0.3765581350352882,0.0,0.0,True,True,True
north,40.393,2,0.2,5.281233112853314,0.0,5.056233112853314,5.506233112853313,-0.275,0.275,True,4.939745342506081,5.626047743029426,-0.3642675032113949,0.4112352133126581,0.0,0.0,True,True,True
north,40.393,3,0.3,5.349045226333539,0.0,5.124045226333539,5.5740452263335385,-0.275,0.275,True,4.971898502576667,5.737607218788878,-0.40344508814727703,0.4514639440656408,0.0,0.0,True,True,True
north,40.393,4,0.4,5.4139839831571965,0.0,5.188983983157197,5.638983983157196,-0.275,0.275,True,4.998500010171643,5.854718347023942,-0.4481743255587719,0.4972443272942363,0.0,0.0,True,True,True
north,40.393,5,0.5,5.475502732712044,0.0,5.250502732712044,5.700502732712043,-0.275,0.275,True,5.019549865291004,5.97738112773462,-0.49845521544587956,0.5485763629984445,0.0,0.0,True,True,True
north,40.393,6,0.6,5.533301535672143,0.0,5.308301535672143,5.7583015356721425,-0.275,0.275,True,5.035048067934753,6.105595560920911,-0.5542877578086,0.6054600511782654,0.0,0.0,True,True,True
north,40.393,7,0.7,5.5874551647759265,0.0,5.362455164775927,5.812455164775926,-0.275,0.275,True,5.044994618102889,6.239361646582813,-0.6156719526469331,0.6678953918336991,0.0,0.0,True,True,True
north,40.393,8,0.8,5.637179155657352,0.0,5.412179155657352,5.862179155657351,-0.275,0.275,True,5.049389515795412,6.378679384720329,-0.6826077999608791,0.7358823849647458,0.0,0.0,True,True,True
north,40.393,9,0.9,5.68250282980173,0.0,5.45750282980173,5.90750282980173,-0.275,0.275,True,5.048232761012322,6.523548775333458,-0.7550952997504378,0.809421030571405,0.0,0.0,True,True,True
north,40.459,1,0.1,5.257698330102916,0.0,5.0326983301029165,5.482698330102916,-0.275,0.275,True,4.953275845590325,5.582051968402912,-0.31376041642598784,0.3934392893604255,0.0,0.0,True,True,True
north,40.459,2,0.2,5.3264393009914155,0.0,5.101439300991416,5.551439300991415,-0.275,0.275,True,4.997958268854831,5.695037402405055,-0.33972266713504773,0.4357800493890044,0.0,0.0,True,True,True
north,40.459,3,0.3,5.392166392668355,0.0,5.1671663926683555,5.617166392668355,-0.275,0.275,True,5.037089039643723,5.8135744888828125,-0.37123657031972046,0.483672461893196,0.0,0.0,True,True,True
north,40.459,4,0.4,5.454828383879771,0.0,5.229828383879771,5.67982838387977,-0.275,0.275,True,5.070668157957003,5.937663227836181,-0.408302125980006,0.5371165268730005,0.0,0.0,True,True,True
north,40.459,5,0.5,5.514232521447109,0.0,5.28923252144711,5.739232521447109,-0.275,0.275,True,5.098695623794669,6.067303619265163,-0.45091933411590424,0.5961122443284176,0.0,0.0,True,True,True
north,40.459,6,0.6,5.569437542031868,0.0,5.344437542031868,5.794437542031868,-0.275,0.275,True,5.121171437156722,6.202495663169758,-0.49908819472741517,0.6606596142594475,0.0,0.0,True,True,True
north,40.459,7,0.7,5.620587227056177,0.0,5.395587227056177,5.845587227056177,-0.275,0.275,True,5.138095598043164,6.3432393595499645,-0.552808707814539,0.7307586366660901,0.0,0.0,True,True,True
north,40.459,8,0.8,5.667589195197435,0.0,5.442589195197435,5.892589195197434,-0.275,0.275,True,5.149468106453992,6.4895347084057855,-0.6120808733772757,0.8064093115483458,0.0,0.0,True,True,True
north,40.459,9,0.9,5.709892143967234,0.0,5.484892143967234,5.934892143967233,-0.275,0.275,True,5.155288962389208,6.641381709737218,-0.6769046914156248,0.887611638906214,0.0,0.0,True,True,True
north,40.525,1,0.1,5.303391948394872,0.0,5.078391948394873,5.528391948394872,-0.275,0.275,True,5.00115637212488,5.623452249539244,-0.32059911018055604,0.3866005956058565,0.0,0.0,True,True,True
north,40.525,2,0.2,5.370315716908974,0.0,5.145315716908974,5.595315716908973,-0.275,0.275,True,5.043793963068227,5.734392851220227,-0.3489618604354418,0.42654085608860876,0.0,0.0,True,True,True
north,40.525,3,0.3,5.43400611297894,0.0,5.2090061129789405,5.65900611297894,-0.275,0.275,True,5.080879901535959,5.850885105376824,-0.38287626316594037,0.4720327690469738,0.0,0.0,True,True,True
north,40.525,4,0.4,5.494272841195982,0.0,5.269272841195982,5.7192728411959814,-0.275,0.275,True,5.1124141875280795,5.9729290120090335,-0.4223423183720517,0.5230763344809516,0.0,0.0,True,True,True
north,40.525,5,0.5,5.551192335750615,0.0,5.326192335750616,5.776192335750615,-0.275,0.275,True,5.138396821044587,6.100524571116856,-0.46736002605377575,0.579671552390542,0.0,0.0,True,True,True
north,40.525,6,0.6,5.603795808592848,0.0,5.378795808592848,5.828795808592847,-0.275,0.275,True,5.158827802085482,6.233671782700291,-0.5179293862111126,0.6418184227757454,0.0,0.0,True,True,True
north,40.525,7,0.7,5.652067748843093,0.0,5.427067748843093,5.877067748843093,-0.275,0.275,True,5.173707130650764,6.372370646759339,-0.5740503988440623,0.7095169456365614,0.0,0.0,True,True,True
north,40.525,8,0.8,5.695942242135398,0.0,5.470942242135398,5.920942242135397,-0.275,0.275,True,5.183034806740434,6.516621163293999,-0.6357230639526247,0.7827671209729904,0.0,0.0,True,True,True
north,40.525,9,0.9,5.735192692670771,0.0,5.510192692670771,5.960192692670771,-0.275,0.275,True,5.18681083035449,6.666423332304272,-0.7029473815367998,0.8615689487850319,0.0,0.0,True,True,True
north,40.591,1,0.1,5.3477404900480385,0.0,5.122740490048039,5.572740490048038,-0.275,0.275,True,5.044183664959835,5.660031852431332,-0.32777341439215324,0.37942629139425976,0.0,0.0,True,True,True
north,40.591,2,0.2,5.4127484680709985,0.0,5.187748468070999,5.637748468070998,-0.275,0.275,True,5.08143390869833,5.765585106907465,-0.36132669126161576,0.4141760252624357,0.0,0.0,True,True,True
north,40.591,3,0.3,5.474308001480163,0.0,5.249308001480164,5.699308001480163,-0.275,0.275,True,5.113132499961211,5.876690013859211,-0.40043162060669096,0.4544774116062244,0.0,0.0,True,True,True
north,40.591,4,0.4,5.5321980336066146,0.0,5.307198033606615,5.757198033606614,-0.275,0.275,True,5.139279438748481,5.993346573286569,-0.4450882024273791,0.500330450425626,0.0,0.0,True,True,True
north,40.591,5,0.5,5.586440618197463,0.0,5.361440618197463,5.811440618197462,-0.275,0.275,True,5.159874725060138,6.115554785189541,-0.49529643672367984,0.5517351417206402,0.0,0.0,True,True,True
north,40.591,6,0.6,5.636226547558111,0.0,5.411226547558111,5.86122654755811,-0.275,0.275,True,5.174918358896181,6.243314649568125,-0.5510563234955934,0.6086914854912673,0.0,0.0,True,True,True
north,40.591,7,0.7,5.6816227783392925,0.0,5.456622778339293,5.906622778339292,-0.275,0.275,True,5.184410340256612,6.376626166422322,-0.6123678627431197,0.6711994817375071,0.0,0.0,True,True,True
north,40.591,8,0.8,5.722332053200837,0.0,5.497332053200838,5.947332053200837,-0.275,0.275,True,5.18835066914143,6.5154893357521315,-0.6792310544662589,0.7392591304593595,0.0,0.0,True,True,True
north,40.591,9,0.9,5.75828988432198,0.0,5.53328988432198,5.983289884321979,-0.275,0.275,True,5.1867393455506345,6.659904157557555,-0.7516458986650107,0.8128704316568249,0.0,0.0,True,True,True
north,40.657,1,0.1,5.390859890537351,0.0,5.165859890537352,5.615859890537351,-0.275,0.275,True,5.096643621016469,5.7072284881172,-0.3328613797633774,0.3743383260230364,0.0,0.0,True,True,True
north,40.657,2,0.2,5.453632672455324,0.0,5.2286326724553245,5.678632672455324,-0.275,0.275,True,5.133795138947546,5.812683016785916,-0.3706294375936461,0.40487327893040714,0.0,0.0,True,True,True
north,40.657,3,0.3,5.513061996802716,0.0,5.288061996802717,5.738061996802716,-0.275,0.275,True,5.16539500440301,5.923689197930245,-0.4139491478995275,0.4409598843133905,0.0,0.0,True,True,True
north,40.657,4,0.4,5.568355826353671,0.0,5.343355826353672,5.793355826353671,-0.275,0.275,True,5.1914432173828615,6.040247031550186,-0.46282051068102187,0.48259814217198677,0.0,0.0,True,True,True
north,40.657,5,0.5,5.619623108022289,0.0,5.394623108022289,5.844623108022288,-0.275,0.275,True,5.2119397778871,6.16235651764574,-0.5172435259381288,0.5297880525061957,0.0,0.0,True,True,True
north,40.657,6,0.6,5.666717598669419,0.0,5.4417175986694195,5.891717598669419,-0.275,0.275,True,5.226884685915725,6.290017656216907,-0.5772181936708486,0.5825296153160174,0.0,0.0,True,True,True
north,40.657,7,0.7,5.709091410552074,0.0,5.484091410552074,5.934091410552074,-0.275,0.275,True,5.236277941468739,6.423230447263687,-0.6427445138791812,0.6408228306014518,0.0,0.0,True,True,True
north,40.657,8,0.8,5.746604814618502,0.0,5.521604814618502,5.971604814618502,-0.275,0.275,True,5.240119544546139,6.56199489078608,-0.7138224865631264,0.7046676983624991,0.0,0.0,True,True,True
north,40.657,9,0.9,5.779075734757988,0.0,5.554075734757989,6.004075734757988,-0.275,0.275,True,5.238409495147926,6.706310986784086,-0.7904521117226844,0.7740642185991591,0.0,0.0,True,True,True
north,40.723,1,0.1,5.432738696012071,0.0,5.207738696012071,5.65773869601207,-0.275,0.275,True,5.130865039252926,5.748592898691331,-0.3314676141836691,0.3757320916027447,0.0,0.0,True,True,True
north,40.723,2,0.2,5.493091459657002,0.0,5.268091459657002,5.718091459657002,-0.275,0.275,True,5.165731063575291,5.851761933751334,-0.3672974977897758,0.40820521873427723,0.0,0.0,True,True,True
north,40.723,3,0.3,5.550095695736222,0.0,5.3250956957362225,5.775095695736222,-0.275,0.275,True,5.195045435422042,5.960482621286951,-0.4086790338714952,0.44622999834142263,0.0,0.0,True,True,True
north,40.723,4,0.4,5.602762580053071,0.0,5.377762580053071,5.82776258005307,-0.275,0.275,True,5.218808154793181,6.0747549612981775,-0.45561222242882743,0.48980643042418076,0.0,0.0,True,True,True
north,40.723,5,0.5,5.651131555433205,0.0,5.426131555433205,5.876131555433204,-0.275,0.275,True,5.237019221688707,6.19457895378502,-0.5080970634617724,0.5389345149825516,0.0,0.0,True,True,True
north,40.723,6,0.6,5.695124200237075,0.0,5.470124200237075,5.920124200237074,-0.275,0.275,True,5.249678636108619,6.319954598747475,-0.5661335569703301,0.5936142520165353,0.0,0.0,True,True,True
north,40.723,7,0.7,5.734451282884167,0.0,5.509451282884167,5.959451282884166,-0.275,0.275,True,5.25678639805292,6.450881896185542,-0.6297217029545006,0.6538456415261316,0.0,0.0,True,True,True
north,40.723,8,0.8,5.768686823328479,0.0,5.543686823328479,5.993686823328479,-0.275,0.275,True,5.258342507521608,6.587360846099222,-0.6988615014142839,0.7196286835113409,0.0,0.0,True,True,True
north,40.723,9,0.9,5.7976422822034035,0.0,5.572642282203404,6.022642282203403,-0.275,0.275,True,5.254346964514682,6.729391448488515,-0.77355295234968,0.7909633779721628,0.0,0.0,True,True,True
north,40.789,1,0.1,5.473113270248287,0.0,5.248113270248288,5.698113270248287,-0.275,0.275,True,5.171953989755017,5.782248089348776,-0.3343845941566753,0.372815111629738,0.0,0.0,True,True,True
north,40.789,2,0.2,5.531094531541091,0.0,5.306094531541091,5.75609453154109,-0.275,0.275,True,5.203350765417957,5.881947875749353,-0.37047185602965604,0.40503086049439607,0.0,0.0,True,True,True
north,40.789,3,0.3,5.58540841590064,0.0,5.360408415900641,5.81040841590064,-0.275,0.275,True,5.2291958886052825,5.987199314625545,-0.4121107703782496,0.44279826183466686,0.0,0.0,True,True,True
north,40.789,4,0.4,5.635273939458867,0.0,5.410273939458867,5.8602739394588665,-0.275,0.275,True,5.249489359316997,6.098002405977347,-0.4593013372024559,0.4861173156505505,0.0,0.0,True,True,True
north,40.789,5,0.5,5.6807427268768524,0.0,5.455742726876853,5.905742726876852,-0.275,0.275,True,5.264231177553097,6.214357149804764,-0.512043556502275,0.5349880219420469,0.0,0.0,True,True,True
north,40.789,6,0.6,5.721558036803761,0.0,5.496558036803761,5.9465580368037605,-0.275,0.275,True,5.273421343313585,6.336263546107793,-0.5703374282777068,0.5894103807091559,0.0,0.0,True,True,True
north,40.789,7,0.7,5.757641974446937,0.0,5.532641974446937,5.982641974446937,-0.275,0.275,True,5.277059856598461,6.463721594886434,-0.6341829525287513,0.6493843919518777,0.0,0.0,True,True,True
north,40.789,8,0.8,5.788419287219928,0.0,5.563419287219928,6.013419287219928,-0.275,0.275,True,5.275146717407723,6.596731296140689,-0.7035801292554089,0.7149100556702126,0.0,0.0,True,True,True
north,40.789,9,0.9,5.813917745713322,0.0,5.588917745713323,6.038917745713322,-0.275,0.275,True,5.267681925741373,6.735292649870556,-0.7785289584576789,0.7859873718641599,0.0,0.0,True,True,True
north,40.855,1,0.1,5.511891472158331,0.0,5.286891472158332,5.736891472158331,-0.275,0.275,True,5.209585487610217,5.829189430210706,-0.3282246344205155,0.37897507136589703,0.0,0.0,True,True,True
north,40.855,2,0.2,5.567274110675482,0.0,5.342274110675483,5.792274110675482,-0.275,0.275,True,5.238674044967415,5.926580998305541,-0.36233437135828206,0.4131683451657685,0.0,0.0,True,True,True
north,40.855,3,0.3,5.618658988988403,0.0,5.3936589889884035,5.843658988988403,-0.275,0.275,True,5.262210949849,6.02952421887599,-0.4019957607716613,0.4529132714412528,0.0,0.0,True,True,True
north,40.855,4,0.4,5.665846002141404,0.0,5.440846002141404,5.890846002141403,-0.275,0.275,True,5.280196202254972,6.138019091922051,-0.4472088026606534,0.4982098501923499,0.0,0.0,True,True,True
north,40.855,5,0.5,5.7082906771369135,0.0,5.483290677136914,5.933290677136913,-0.275,0.275,True,5.292629802185332,6.2520656174437255,-0.49797349702525817,0.5490580814190597,0.0,0.0,True,True,True
north,40.855,6,0.6,5.745897032370146,0.0,5.520897032370146,5.970897032370146,-0.275,0.275,True,5.299511749640079,6.371663795441013,-0.5542898438654758,0.6054579651213823,0.0,0.0,True,True,True
north,40.855,7,0.7,5.778482833586712,0.0,5.553482833586712,6.003482833586712,-0.275,0.275,True,5.3008420446192135,6.496813625913912,-0.6161578431813061,0.6674095012993176,0.0,0.0,True,True,True
north,40.855,8,0.8,5.80588629309399,0.0,5.58088629309399,6.03088629309399,-0.275,0.275,True,5.296620687122735,6.627515108862425,-0.6835774949727492,0.7349126899528658,0.0,0.0,True,True,True
north,40.855,9,0.9,5.827759850228985,0.0,5.602759850228986,6.052759850228985,-0.275,0.275,True,5.286847677150643,6.76376824428655,-0.756548799239805,0.8079675310820267,0.0,0.0,True,True,True
north,40.921,1,0.1,5.548999055721834,0.0,5.323999055721834,5.773999055721833,-0.275,0.275,True,5.249968418306766,5.858011661306423,-0.33597323732583695,0.37122646846057605,0.0,0.0,True,True,True
north,40.921,2,0.2,5.601729351513299,0.0,5.3767293515132994,5.826729351513299,-0.275,0.275,True,5.277736750358911,5.954083004096207,-0.37162157283397085,0.4038811436900806,0.0,0.0,True,True,True
north,40.921,3,0.3,5.650195362023316,0.0,5.425195362023317,5.875195362023316,-0.275,0.275,True,5.299953429935444,6.055705999361604,-0.4128215608177174,0.44208747139519794,0.0,0.0,True,True,True
north,40.921,4,0.4,5.694306158338749,0.0,5.46930615833875,5.919306158338749,-0.275,0.275,True,5.3166184570363635,6.162880647102613,-0.45957320127707696,0.4858454515759281,0.0,0.0,True,True,True
north,40.921,5,0.5,5.73370987309756,0.0,5.50870987309756,5.958709873097559,-0.275,0.275,True,5.327731831661671,6.275606947319235,-0.5118764942120492,0.5351550842322709,0.0,0.0,True,True,True
north,40.921,6,0.6,5.768035201141499,0.0,5.5430352011415,5.993035201141499,-0.275,0.275,True,5.333293553811365,6.39388490001147,-0.5697314396226341,0.5900163693642266,0.0,0.0,True,True,True
north,40.921,7,0.7,5.797112707156873,0.0,5.572112707156873,6.0221127071568725,-0.275,0.275,True,5.333303623485447,6.517714505179318,-0.6331380375088318,0.650429306971795,0.0,0.0,True,True,True
north,40.921,8,0.8,5.820903273124522,0.0,5.595903273124522,6.045903273124521,-0.275,0.275,True,5.327762040683917,6.647095762822778,-0.7020962878706423,0.7163938970549761,0.0,0.0,True,True,True
north,40.921,9,0.9,5.8391844650913045,0.0,5.614184465091305,6.064184465091304,-0.275,0.275,True,5.3166688054067714,6.782028672941852,-0.7766061907080656,0.7879101396137701,0.0,0.0,True,True,True
north,40.987,1,0.1,5.584358557885464,0.0,5.359358557885464,5.809358557885464,-0.275,0.275,True,5.273662859925036,5.887607971152553,-0.3355464683698325,0.37165323741658085,0.0,0.0,True,True,True
north,40.987,2,0.2,5.634321331359626,0.0,5.409321331359626,5.8593213313596255,-0.275,0.275,True,5.2960916438538375,5.978339765818991,-0.3713128587893717,0.4041898577346804,0.0,0.0,True,True,True
north,40.987,3,0.3,5.6798626754144115,0.0,5.454862675414412,5.904862675414411,-0.275,0.275,True,5.312968775307025,6.074623212961045,-0.41263090168452365,0.4422781305283928,0.0,0.0,True,True,True
north,40.987,4,0.4,5.720781610631224,0.0,5.495781610631225,5.945781610631224,-0.275,0.275,True,5.3242942542846015,6.176458312578709,-0.45950059705528845,0.48591805579771796,0.0,0.0,True,True,True
north,40.987,5,0.5,5.7569784294940485,0.0,5.531978429494049,5.981978429494048,-0.275,0.275,True,5.330068080786563,6.283845064671987,-0.511921944901666,0.5351096335426558,0.0,0.0,True,True,True
north,40.987,6,0.6,5.787853390591375,0.0,5.562853390591376,6.012853390591375,-0.275,0.275,True,5.330290254812912,6.396783469240878,-0.5698949452236561,0.5898528637632066,0.0,0.0,True,True,True
north,40.987,7,0.7,5.813449086306728,0.0,5.588449086306729,6.038449086306728,-0.275,0.275,True,5.32496077636365,6.51527352628538,-0.6334195980212591,0.6501477464593699,0.0,0.0,True,True,True
north,40.987,8,0.8,5.8335730986812475,0.0,5.608573098681248,6.058573098681247,-0.275,0.275,True,5.314079645438774,6.639315235805498,-0.7024959032944752,0.7159942816311463,0.0,0.0,True,True,True
north,40.987,9,0.9,5.848079121714147,0.0,5.623079121714147,6.073079121714146,-0.275,0.275,True,5.2976468620382855,6.768908597801226,-0.7771238610433037,0.7873924692785351,0.0,0.0,True,True,True
north,41.053,1,0.1,5.617694869954522,0.0,5.392694869954522,5.842694869954522,-0.275,0.275,True,5.307749997333634,5.920426173402342,-0.3371558591917884,0.37004384659462414,0.0,0.0,True,True,True
north,41.053,2,0.2,5.664940943772695,0.0,5.4399409437726955,5.889940943772695,-0.275,0.275,True,5.326286720236292,6.007265907042637,-0.3740285671807378,0.40147414934331277,0.0,0.0,True,True,True
north,41.053,3,0.3,5.707489943721753,0.0,5.482489943721753,5.932489943721753,-0.275,0.275,True,5.339271790663336,6.099657293158545,-0.41645292764529995,0.4384561045676142,0.0,0.0,True,True,True
north,41.053,4,0.4,5.745189250121786,0.0,5.520189250121787,5.970189250121786,-0.275,0.275,True,5.346705208614767,6.197600331750066,-0.4644289405854749,0.4809897122675284,0.0,0.0,True,True,True
north,41.053,5,0.5,5.777889932415434,0.0,5.552889932415434,6.0028899324154334,-0.275,0.275,True,5.348586974090586,6.3010950228172,-0.5179566060012625,0.5290749724430553,0.0,0.0,True,True,True
north,41.053,6,0.6,5.805383681559685,0.0,5.5803836815596854,6.030383681559685,-0.275,0.275,True,5.344917087090792,6.410141366359946,-0.577035923892663,0.582711885094195,0.0,0.0,True,True,True
north,41.053,7,0.7,5.827379781149335,0.0,5.602379781149335,6.052379781149335,-0.275,0.275,True,5.335695547615386,6.5247393623783045,-0.6416668942596762,0.6419004502209475,0.0,0.0,True,True,True
north,41.053,8,0.8,5.843789283669423,0.0,5.6187892836694235,6.068789283669423,-0.275,0.275,True,5.320922355664367,6.6448890108722765,-0.7118495171023023,0.7066406678233128,0.0,0.0,True,True,True
north,41.053,9,0.9,5.849480770724984,0.0,5.624480770724984,6.074480770724984,-0.275,0.275,True,5.300597511237735,6.770590311841861,-0.7875837924205409,0.7769325379012908,0.0,0.0,True,True,True
north,41.119,1,0.1,5.649262503032191,0.0,5.424262503032192,5.874262503032191,-0.275,0.275,True,5.357325345216361,5.954251125205562,-0.33882136472815216,0.3683783410582616,0.0,0.0,True,True,True
north,41.119,2,0.2,5.693488116440426,0.0,5.468488116440426,5.918488116440425,-0.275,0.275,True,5.378225801236222,6.043454591963061,-0.37438307279253785,0.40111964373151515,0.0,0.0,True,True,True
north,41.119,3,0.3,5.732968463310952,0.0,5.507968463310952,5.9579684633109515,-0.275,0.275,True,5.393574604780469,6.138209711196175,-0.41549643333253633,0.4394125988803815,0.0,0.0,True,True,True
north,41.119,4,0.4,5.767383578954517,0.0,5.542383578954517,5.992383578954517,-0.275,0.275,True,5.403371755849106,6.238516482904899,-0.4621614463481476,0.4832572065048606,0.0,0.0,True,True,True
north,41.119,5,0.5,5.796579290958279,0.0,5.5715792909582795,6.021579290958279,-0.275,0.275,True,5.407617254442128,6.344374907089238,-0.5143781118393715,0.5326534666049525,0.0,0.0,True,True,True
north,41.119,6,0.6,5.8204873482925885,0.0,5.595487348292589,6.045487348292588,-0.275,0.275,True,5.406311100559538,6.45578498374919,-0.5721464298062083,0.587601379180657,0.0,0.0,True,True,True
north,41.119,7,0.7,5.838877401980258,0.0,5.613877401980258,6.063877401980258,-0.275,0.275,True,5.399453294201336,6.572746712884753,-0.6354664002486577,0.6481009442319744,0.0,0.0,True,True,True
north,41.119,8,0.8,5.849957261381695,0.0,5.624957261381695,6.0749572613816945,-0.275,0.275,True,5.387043835367519,6.69526009449593,-0.7043380231667202,0.7141521617589046,0.0,0.0,True,True,True
north,41.119,9,0.9,5.847362240585538,0.0,5.622362240585538,6.072362240585537,-0.275,0.275,True,5.3690827240580905,6.82332512858272,-0.7787612985603952,0.7857550317614476,0.0,0.0,True,True,True
north,41.185,1,0.1,5.678982623951974,0.0,5.453982623951974,5.903982623951974,-0.275,0.275,True,5.384865340937917,5.9875898293334195,-0.33766943980179254,0.3695302659846208,0.0,0.0,True,True,True
north,41.185,2,0.2,5.720005184458691,0.0,5.495005184458692,5.945005184458691,-0.275,0.275,True,5.405490272382561,6.076517771515701,-0.37329907797362927,0.40220363855042285,0.0,0.0,True,True,True
north,41.185,3,0.3,5.756299249463317,0.0,5.531299249463317,5.981299249463317,-0.275,0.275,True,5.4205635513515915,6.170997366173597,-0.41448036862107884,0.44042866359183763,0.0,0.0,True,True,True
north,41.185,4,0.4,5.78728749396282,0.0,5.56228749396282,6.01228749396282,-0.275,0.275,True,5.430085177845011,6.271028613307104,-0.46121331174414115,0.48420534110886526,0.0,0.0,True,True,True
north,41.185,5,0.5,5.812980426900133,0.0,5.587980426900133,6.037980426900132,-0.275,0.275,True,5.4340551518628155,6.3766115129162255,-0.5134979073428162,0.5335336711015056,0.0,0.0,True,True,True
north,41.185,6,0.6,5.833229310157967,0.0,5.608229310157967,6.058229310157967,-0.275,0.275,True,5.4324734734050075,6.48774606500096,-0.5713341554171041,0.5884136535697586,0.0,0.0,True,True,True
north,41.185,7,0.7,5.847849149036249,0.0,5.6228491490362495,6.072849149036249,-0.275,0.275,True,5.425340142471589,6.604432269561305,-0.6347220559670046,0.6488452885136244,0.0,0.0,True,True,True
north,41.185,8,0.8,5.848648335878692,0.0,5.623648335878692,6.0736483358786915,-0.275,0.275,True,5.412655159062555,6.726670126597265,-0.7036616089925182,0.7148285759331033,0.0,0.0,True,True,True
north,41.185,9,0.9,5.843694023416143,0.0,5.618694023416143,6.068694023416143,-0.275,0.275,True,5.39441852317791,6.854459636108836,-0.7781528144936442,0.7863635158281946,0.0,0.0,True,True,True
north,41.251,1,0.1,5.706689210306596,0.0,5.481689210306596,5.931689210306596,-0.275,0.275,True,5.409906063708794,6.014274789917209,-0.33585978560149554,0.371339920184917,0.0,0.0,True,True,True
north,41.251,2,0.2,5.744469071620183,0.0,5.5194690716201835,5.969469071620183,-0.275,0.275,True,5.42604482747012,6.098716564416172,-0.3703295755594501,0.40517314096460044,0.0,0.0,True,True,True
north,41.251,3,0.3,5.777297031244156,0.0,5.552297031244156,6.002297031244155,-0.275,0.275,True,5.436631938755833,6.188709991390749,-0.41035101799301754,0.4445580142198966,0.0,0.0,True,True,True
north,41.251,4,0.4,5.804881070025378,0.0,5.579881070025379,6.029881070025378,-0.275,0.275,True,5.441667397565934,6.284255070840939,-0.4559241129021977,0.4894945399508056,0.0,0.0,True,True,True
north,41.251,5,0.5,5.826999712069683,0.0,5.601999712069683,6.051999712069683,-0.275,0.275,True,5.441151203900421,6.385351802766741,-0.5070488602869906,0.5399827181573272,0.0,0.0,True,True,True
north,41.251,6,0.6,5.843513454364289,0.0,5.618513454364289,6.068513454364289,-0.275,0.275,True,5.435083357759296,6.4920001871681565,-0.5637252601473963,0.5960225488394617,0.0,0.0,True,True,True
north,41.251,7,0.7,5.849516415624556,0.0,5.624516415624556,6.074516415624555,-0.275,0.275,True,5.423463859142559,6.604200224045184,-0.6259533124834147,0.657614031997209,0.0,0.0,True,True,True
north,41.251,8,0.8,5.8457748794616045,0.0,5.620774879461605,6.070774879461604,-0.275,0.275,True,5.4062927080502075,6.721951913397824,-0.693733017295046,0.7247571676305691,0.0,0.0,True,True,True
north,41.251,9,0.9,5.838565107639847,0.0,5.613565107639848,6.063565107639847,-0.275,0.275,True,5.383569904482244,6.8452552552260775,-0.7670643745822899,0.7974519557395418,0.0,0.0,True,True,True
north,41.317,1,0.1,5.732227053524348,0.0,5.507227053524348,5.957227053524347,-0.275,0.275,True,5.421650735686005,6.035841237638166,-0.33476411194593086,0.37243559384048214,0.0,0.0,True,True,True
north,41.317,2,0.2,5.766731956767536,0.0,5.541731956767537,5.991731956767536,-0.275,0.275,True,5.430663620721359,6.113157133411158,-0.36802072603908553,0.4074819904849659,0.0,0.0,True,True,True
north,41.317,3,0.3,5.796042033607623,0.0,5.571042033607624,6.021042033607623,-0.275,0.275,True,5.434124853281101,6.196024681659764,-0.406828992607853,0.4480800396050624,0.0,0.0,True,True,True
north,41.317,4,0.4,5.8200714234606545,0.0,5.595071423460655,6.045071423460654,-0.275,0.275,True,5.43203443336523,6.284443882383982,-0.4511889116522333,0.4942297412007718,0.0,0.0,True,True,True
north,41.317,5,0.5,5.838558152591162,0.0,5.613558152591162,6.0635581525911615,-0.275,0.275,True,5.424392360973745,6.378414735583813,-0.5011004831722262,0.5459310952720938,0.0,0.0,True,True,True
north,41.317,6,0.6,5.849923727455829,0.0,5.62492372745583,6.074923727455829,-0.275,0.275,True,5.411198636106649,6.477937241259257,-0.5565637071678321,0.6031841018190286,0.0,0.0,True,True,True
north,41.317,7,0.7,5.847451815045533,0.0,5.622451815045533,6.072451815045532,-0.275,0.275,True,5.392453258763939,6.583011399410313,-0.6175785836390506,0.6659887608415762,0.0,0.0,True,True,True
north,41.317,8,0.8,5.841396819187665,0.0,5.616396819187665,6.0663968191876645,-0.275,0.275,True,5.368156228945617,6.693637210036982,-0.6841451125858818,0.7343450723397366,0.0,0.0,True,True,True
north,41.317,9,0.9,5.831977260510503,0.0,5.6069772605105035,6.056977260510503,-0.275,0.275,True,5.338307546651682,6.8098146731392655,-0.7562632940083259,0.8082530363135098,0.0,0.0,True,True,True
north,41.383,1,0.1,5.755620069432587,0.0,5.5306200694325875,5.980620069432587,-0.275,0.275,True,5.449973500870128,6.056859609466086,-0.3298913061990443,0.37730839958736906,0.0,0.0,True,True,True
north,41.383,2,0.2,5.786721597334267,0.0,5.561721597334268,6.011721597334267,-0.275,0.275,True,5.456413418325556,6.13160253765915,-0.36208630113140977,0.41341641539264234,0.0,0.0,True,True,True
north,41.383,3,0.3,5.812511767493537,0.0,5.587511767493537,6.037511767493537,-0.275,0.275,True,5.457301683305369,6.211897118327829,-0.39983294853938806,0.4550760836735284,0.0,0.0,True,True,True
north,41.383,4,0.4,5.832872707606099,0.0,5.6078727076060995,6.057872707606099,-0.275,0.275,True,5.452638295809571,6.297743351472119,-0.44313124842297913,0.5022874044300273,0.0,0.0,True,True,True
north,41.383,5,0.5,5.847619176358351,0.0,5.622619176358351,6.072619176358351,-0.275,0.275,True,5.442423255838158,6.389141237092022,-0.49198120078218294,0.5550503776621389,0.0,0.0,True,True,True
north,41.383,6,0.6,5.848713741340083,0.0,5.623713741340083,6.073713741340082,-0.275,0.275,True,5.426656563391132,6.486090775187539,-0.5463828056169995,0.6133650033698632,0.0,0.0,True,True,True
north,41.383,7,0.7,5.843827318517238,0.0,5.618827318517238,6.068827318517237,-0.275,0.275,True,5.405338218468496,6.588591965758667,-0.6063360629274287,0.6772312815532003,0.0,0.0,True,True,True
north,41.383,8,0.8,5.835576456200986,0.0,5.610576456200986,6.060576456200986,-0.275,0.275,True,5.3784682210702455,6.696644808805409,-0.6718409727134711,0.7466492122121504,0.0,0.0,True,True,True
north,41.383,9,0.9,5.8239462004953895,0.0,5.59894620049539,6.048946200495389,-0.275,0.275,True,5.346046571196383,6.810249304327764,-0.7428975349751258,0.821618795346713,0.0,0.0,True,True,True
north,41.449,1,0.1,5.77670413007288,0.0,5.55170413007288,6.00170413007288,-0.275,0.275,True,5.482666129694213,6.084305960015897,-0.33017851552721234,0.3770211902592002,0.0,0.0,True,True,True
north,41.449,2,0.2,5.804378458491073,0.0,5.579378458491074,6.029378458491073,-0.275,0.275,True,5.489379332408992,6.159322173468313,-0.3622570893292042,0.41324562719484637,0.0,0.0,True,True,True
north,41.449,3,0.3,5.82661964299003,0.0,5.6016196429900305,6.05161964299003,-0.275,0.275,True,5.490540882648159,6.239890039396344,-0.3998873156068089,0.45502171660610524,0.0,0.0,True,True,True
north,41.449,4,0.4,5.843237625059154,0.0,5.618237625059154,6.068237625059154,-0.275,0.275,True,5.4861507804117124,6.326009557799987,-0.4430691943600264,0.5023494584929769,0.0,0.0,True,True,True
north,41.449,5,0.5,5.849552060524127,0.0,5.6245520605241275,6.074552060524127,-0.275,0.275,True,5.476209025699653,6.417680728679242,-0.49180272558885657,0.5552288528554613,0.0,0.0,True,True,True
north,41.449,6,0.6,5.845879864150589,0.0,5.62087986415059,6.070879864150589,-0.275,0.275,True,5.460715618511981,6.51490355203411,-0.5460879092932995,0.6136598996935585,0.0,0.0,True,True,True
north,41.449,7,0.7,5.8387395266218824,0.0,5.613739526621883,6.063739526621882,-0.275,0.275,True,5.4396705588486975,6.617678027864591,-0.6059247454733553,0.6776425990072684,0.0,0.0,True,True,True
north,41.449,8,0.8,5.828291678049573,0.0,5.603291678049573,6.053291678049573,-0.275,0.275,True,5.4130738467098,6.726004156170685,-0.6713132341290239,0.7471769507965912,0.0,0.0,True,True,True
north,41.449,9,0.9,5.8144226967953445,0.0,5.589422696795345,6.039422696795344,-0.275,0.275,True,5.380925482095289,6.839881936952391,-0.7422533752603051,0.8222629550615266,0.0,0.0,True,True,True
north,41.515,1,0.1,5.795504776256968,0.0,5.570504776256969,6.020504776256968,-0.275,0.275,True,5.482810797531129,6.10037272198807,-0.3239862856151709,0.3832134201712429,0.0,0.0,True,True,True
north,41.515,2,0.2,5.819655498628722,0.0,5.594655498628723,6.044655498628722,-0.275,0.275,True,5.4848912395511285,6.1707561747457085,-0.3545321115714142,0.4209706049526388,0.0,0.0,True,True,True
north,41.515,3,0.3,5.8382389032020665,0.0,5.613238903202067,6.063238903202066,-0.275,0.275,True,5.481420029095514,6.24669127997896,-0.3906295900032702,0.4642794422096476,0.0,0.0,True,True,True
north,41.515,4,0.4,5.849890193529964,0.0,5.624890193529964,6.0748901935299635,-0.275,0.275,True,5.472397166164289,6.328178037687823,-0.432278720910739,0.5131399319422691,0.0,0.0,True,True,True
north,41.515,5,0.5,5.847537528514018,0.0,5.622537528514019,6.072537528514018,-0.275,0.275,True,5.45782265075745,6.4152164478723,-0.4794795042938205,0.5675520741505035,0.0,0.0,True,True,True
north,41.515,6,0.6,5.841549522638997,0.0,5.616549522638997,6.066549522638996,-0.275,0.275,True,5.437696482874998,6.50780651053239,-0.5322319401525148,0.6275158688343505,0.0,0.0,True,True,True
north,41.515,7,0.7,5.83219539187049,0.0,5.607195391870491,6.05719539187049,-0.275,0.275,True,5.4120186625169335,6.605948225668092,-0.5905360284868219,0.6930313159938103,0.0,0.0,True,True,True
north,41.515,8,0.8,5.8195111190892455,0.0,5.594511119089246,6.044511119089245,-0.275,0.275,True,5.380789189683256,6.709641593279407,-0.6543917692967418,0.764098415628883,0.0,0.0,True,True,True
north,41.515,9,0.9,5.8033316330917275,0.0,5.578331633091728,6.028331633091727,-0.275,0.275,True,5.344008064373965,6.8188866133663355,-0.7237991625822744,0.8407171677395684,0.0,0.0,True,True,True
north,41.581,1,0.1,5.812043108086943,0.0,5.587043108086943,6.037043108086943,-0.275,0.275,True,5.495293237340206,6.1139872138827105,-0.3305126866550824,0.37668701913133096,0.0,0.0,True,True,True
north,41.581,2,0.2,5.832517122025037,0.0,5.607517122025038,6.057517122025037,-0.275,0.275,True,5.491160873159108,6.178157860439249,-0.363761601189783,0.4117411153342691,0.0,0.0,True,True,True
north,41.581,3,0.3,5.847389203680453,0.0,5.622389203680453,6.072389203680452,-0.275,0.275,True,5.481476856502395,6.247880159471402,-0.40256216820009644,0.45234686401282004,0.0,0.0,True,True,True
north,41.581,4,0.4,5.848779146801473,0.0,5.623779146801473,6.073779146801472,-0.275,0.275,True,5.466241187370072,6.323154110979166,-0.44691438768602265,0.49850426516698376,0.0,0.0,True,True,True
north,41.581,5,0.5,5.843960613618333,0.0,5.618960613618333,6.068960613618333,-0.275,0.275,True,5.445453865762134,6.403979714962545,-0.4968182596475616,0.5502133187967603,0.0,0.0,True,True,True
north,41.581,6,0.6,5.835767674164805,0.0,5.610767674164805,6.060767674164804,-0.275,0.275,True,5.419114891678583,6.490356971421536,-0.5522737840847133,0.6074740249021494,0.0,0.0,True,True,True
north,41.581,7,0.7,5.824209586773478,0.0,5.599209586773479,6.049209586773478,-0.275,0.275,True,5.387224265119421,6.582285880356139,-0.6132809609974776,0.6702863834831514,0.0,0.0,True,True,True
north,41.581,8,0.8,5.809185145124922,0.0,5.5841851451249225,6.034185145124922,-0.275,0.275,True,5.349781986084645,6.679766441766356,-0.6798397903858552,0.7386503945397663,0.0,0.0,True,True,True
north,41.581,9,0.9,5.790444926225946,0.0,5.565444926225946,6.015444926225945,-0.275,0.275,True,5.306788054574256,6.782798655652184,-0.751950272249845,0.8125660580719938,0.0,0.0,True,True,True
north,41.647,1,0.1,5.826214811065833,0.0,5.601214811065834,6.051214811065833,-0.275,0.275,True,5.5328142338473,6.13084968315692,-0.3365465135136173,0.37065319227279525,0.0,0.0,True,True,True
north,41.647,2,0.2,5.84296179575402,0.0,5.61796179575402,6.0679617957540195,-0.275,0.275,True,5.528547430274826,6.194885890322083,-0.3724384888532891,0.40306422767076144,0.0,0.0,True,True,True
north,41.647,3,0.3,5.849587705423699,0.0,5.624587705423699,6.074587705423698,-0.275,0.275,True,5.51872897422674,6.26447374996286,-0.4138821166685738,0.44102691554434037,0.0,0.0,True,True,True
north,41.647,4,0.4,5.845984848839575,0.0,5.6209848488395755,6.070984848839575,-0.275,0.275,True,5.50335886570304,6.339613262079251,-0.46087739695947116,0.48454125589353214,0.0,0.0,True,True,True
north,41.647,5,0.5,5.8389139456039185,0.0,5.613913945603919,6.063913945603918,-0.275,0.275,True,5.4824371047037275,6.420304426671253,-0.5134243297259813,0.5336072487183365,0.0,0.0,True,True,True
north,41.647,6,0.6,5.828542681438656,0.0,5.603542681438657,6.053542681438656,-0.275,0.275,True,5.455963691228803,6.5065472437388685,-0.5715229149681043,0.5882248940187538,0.0,0.0,True,True,True
north,41.647,7,0.7,5.814726119427665,0.0,5.589726119427666,6.039726119427665,-0.275,0.275,True,5.423938625278266,6.598341713282096,-0.6351731526858398,0.6483941917947839,0.0,0.0,True,True,True
north,41.647,8,0.8,5.797267427465348,0.0,5.5722674274653485,6.022267427465348,-0.275,0.275,True,5.386361906852115,6.695687835300936,-0.7043750428791884,0.7141151420464267,0.0,0.0,True,True,True
north,41.647,9,0.9,5.7758711206909235,0.0,5.550871120690924,6.000871120690923,-0.275,0.275,True,5.343233535950352,6.79858560979539,-0.7791285855481496,0.7853877447736821,0.0,0.0,True,True,True
north,41.713,1,0.1,5.837919653812972,0.0,5.612919653812972,6.062919653812972,-0.275,0.275,True,5.540074178059863,6.146767524630526,-0.32441532349605073,0.38278438229036227,0.0,0.0,True,True,True
north,41.713,2,0.2,5.849856659604098,0.0,5.624856659604099,6.074856659604098,-0.275,0.275,True,5.536288223649926,6.211284580958228,-0.3579273331834611,0.41757538334059036,0.0,0.0,True,True,True
north,41.713,3,0.3,5.847623241982503,0.0,5.622623241982503,6.072623241982503,-0.275,0.275,True,5.526950616764376,6.281353289761542,-0.3969909953464842,0.4579180368664312,0.0,0.0,True,True,True
north,41.713,4,0.4,5.841702226090329,0.0,5.61670222609033,6.066702226090329,-0.275,0.275,True,5.512061357403214,6.3569736510404695,-0.4416063099851202,0.5038123428678849,0.0,0.0,True,True,True
north,41.713,5,0.5,5.8324135232304775,0.0,5.607413523230478,6.057413523230477,-0.275,0.275,True,5.491620445566438,6.438145664795009,-0.4917732770993688,0.5552583013449512,0.0,0.0,True,True,True
north,41.713,6,0.6,5.819803870184949,0.0,5.59480387018495,6.044803870184949,-0.275,0.275,True,5.46562788125405,6.524869331025161,-0.5474918966892303,0.6122559122976304,0.0,0.0,True,True,True
north,41.713,7,0.7,5.803691461213939,0.0,5.578691461213939,6.028691461213938,-0.275,0.275,True,5.4340836644660495,6.6171446497309265,-0.6087621687547045,0.6748051757259224,0.0,0.0,True,True,True
north,41.713,8,0.8,5.783687558562075,0.0,5.558687558562076,6.008687558562075,-0.275,0.275,True,5.396987795202436,6.714971620912304,-0.6755840932957914,0.742906091629827,0.0,0.0,True,True,True
north,41.713,9,0.9,5.759454119382171,0.0,5.534454119382171,5.98445411938217,-0.275,0.275,True,5.354340273463209,6.818350244569296,-0.7479576703124912,0.8165586600093445,0.0,0.0,True,True,True
north,41.779,1,0.1,5.847159231002555,0.0,5.622159231002556,6.072159231002555,-0.275,0.275,True,5.552388351657978,6.1547735253927565,-0.339672224831601,0.36752748095481236,0.0,0.0,True,True,True
north,41.779,2,0.2,5.848844552262864,0.0,5.623844552262864,6.073844552262863,-0.275,0.275,True,5.544068888579308,6.214757073051723,-0.37538827370686767,0.40011444281718445,0.0,0.0,True,True,True
north,41.779,3,0.3,5.844093908719429,0.0,5.619093908719429,6.069093908719428,-0.275,0.275,True,5.530197773025025,6.280292273186306,-0.4166559750577472,0.43825305715516927,0.0,0.0,True,True,True
north,41.779,4,0.4,5.835958892128622,0.0,5.610958892128623,6.060958892128622,-0.275,0.275,True,5.51077500499513,6.351379125796498,-0.46347532888423953,0.4819433239687669,0.0,0.0,True,True,True
north,41.779,5,0.5,5.824470301936845,0.0,5.5994703019368455,6.049470301936845,-0.275,0.275,True,5.4858005844896205,6.428017630882306,-0.5158463351863446,0.5311852432579772,0.0,0.0,True,True,True
north,41.779,6,0.6,5.809526568485857,0.0,5.584526568485857,6.034526568485856,-0.275,0.275,True,5.455274511508499,6.510207788443727,-0.5737689939640623,0.5859788150228004,0.0,0.0,True,True,True
north,41.779,7,0.7,5.7908622450739795,0.0,5.56586224507398,6.015862245073979,-0.275,0.275,True,5.419196786051765,6.597949598480757,-0.6372433052173929,0.6463240392632361,0.0,0.0,True,True,True
north,41.779,8,0.8,5.768211653604336,0.0,5.543211653604336,5.993211653604336,-0.275,0.275,True,5.377567408119418,6.691243060993403,-0.7062692689463365,0.712220915979285,0.0,0.0,True,True,True
north,41.779,9,0.9,5.741106952043748,0.0,5.5161069520437485,5.966106952043748,-0.275,0.275,True,5.330386377711459,6.790088175981661,-0.7808468851508924,0.7836694451709464,0.0,0.0,True,True,True
north,41.845,1,0.1,5.84962335032327,0.0,5.6246233503232705,6.07462335032327,-0.275,0.275,True,5.551827111454463,6.158478315074576,-0.345849437155671,0.36135026863074154,0.0,0.0,True,True,True
north,41.845,2,0.2,5.84608983352856,0.0,5.62108983352856,6.07108983352856,-0.275,0.275,True,5.535832894161183,6.210787108518933,-0.38481167616890805,0.3906910403551425,0.0,0.0,True,True,True
north,41.845,3,0.3,5.839088364585955,0.0,5.614088364585955,6.064088364585954,-0.275,0.275,True,5.5142870243922895,6.268647554438903,-0.42932556765775787,0.4255834645551563,0.0,0.0,True,True,True
north,41.845,4,0.4,5.82879368482774,0.0,5.603793684827741,6.05379368482774,-0.275,0.275,True,5.487189502147784,6.332059652834487,-0.4793911116222205,0.4660275412307828,0.0,0.0,True,True,True
north,41.845,5,0.5,5.815029542059987,0.0,5.5900295420599875,6.040029542059987,-0.275,0.275,True,5.454540327427664,6.401023403705683,-0.5350083080622957,0.5120232703820221,0.0,0.0,True,True,True
north,41.845,6,0.6,5.797648912010137,0.0,5.572648912010138,6.022648912010137,-0.275,0.275,True,5.416339500231932,6.475538807052491,-0.5961771569779839,0.5635706520088741,0.0,0.0,True,True,True
north,41.845,7,0.7,5.7763366663236155,0.0,5.551336666323616,6.001336666323615,-0.275,0.275,True,5.372587020560589,6.555605862874912,-0.6628976583692847,0.620669686111339,0.0,0.0,True,True,True
north,41.845,8,0.8,5.750775874634192,0.0,5.525775874634192,5.975775874634191,-0.275,0.275,True,5.323282888413631,6.641224571172946,-0.7351698122361985,0.6833203726894166,0.0,0.0,True,True,True
north,41.845,9,0.9,5.7207190048671865,0.0,5.495719004867187,5.945719004867186,-0.275,0.275,True,5.268427103791062,6.732394931946593,-0.8129936185787248,0.7515227117431069,0.0,0.0,True,True,True
north,41.911,1,0.1,5.847701520083508,0.0,5.622701520083508,6.072701520083507,-0.275,0.275,True,5.54658128805435,6.163083786224785,-0.3369434355689524,0.3702562702174614,0.0,0.0,True,True,True
north,41.911,2,0.2,5.841854929541661,0.0,5.616854929541661,6.066854929541661,-0.275,0.275,True,5.5264483492702725,6.211253858178346,-0.3751154483711655,0.4003872681528875,0.0,0.0,True,True,True
north,41.911,3,0.3,5.832631654590465,0.0,5.607631654590465,6.057631654590464,-0.275,0.275,True,5.500763758010582,6.264975582607522,-0.41883911364899135,0.43606991856392646,0.0,0.0,True,True,True
north,41.911,4,0.4,5.820096621280654,0.0,5.595096621280654,6.045096621280654,-0.275,0.275,True,5.469527514275281,6.324248959512309,-0.46811443140243,0.4773042214505782,0.0,0.0,True,True,True
north,41.911,5,0.5,5.804036521061465,0.0,5.579036521061465,6.029036521061465,-0.275,0.275,True,5.432739618064366,6.38907398889271,-0.5229414016314814,0.5240901768128426,0.0,0.0,True,True,True
north,41.911,6,0.6,5.784111359644792,0.0,5.559111359644793,6.009111359644792,-0.275,0.275,True,5.3904000693778364,6.459450670748723,-0.5833200243361455,0.5764277846507199,0.0,0.0,True,True,True
north,41.911,7,0.7,5.7599719650206795,0.0,5.53497196502068,5.984971965020679,-0.275,0.275,True,5.342508868215696,6.535379005080348,-0.6492502995164223,0.6343170449642098,0.0,0.0,True,True,True
north,41.911,8,0.8,5.731347642020545,0.0,5.506347642020545,5.956347642020544,-0.275,0.275,True,5.2890660145779425,6.616858991887588,-0.7207322271723121,0.6977579577533127,0.0,0.0,True,True,True
north,41.911,9,0.9,5.698062683965114,0.0,5.473062683965114,5.923062683965114,-0.275,0.275,True,5.230071508464575,6.703890631170439,-0.7977658073038145,0.7667505230180283,0.0,0.0,True,True,True
north,41.977,1,0.1,5.844227203820523,0.0,5.6192272038205235,6.069227203820523,-0.275,0.275,True,5.549260012630533,6.152099806216662,-0.3333350907558135,0.37386461503060026,0.0,0.0,True,True,True
north,41.977,2,0.2,5.836150110092441,0.0,5.611150110092441,6.0611501100924405,-0.275,0.275,True,5.522672214025358,6.193815018349126,-0.3651497683034128,0.41035294822064045,0.0,0.0,True,True,True
north,41.977,3,0.3,5.824728345985489,0.0,5.599728345985489,6.049728345985488,-0.275,0.275,True,5.49053276294457,6.241081882957203,-0.4025160983266247,0.4523929338862933,0.0,0.0,True,True,True
north,41.977,4,0.4,5.809862656168183,0.0,5.584862656168183,6.034862656168182,-0.275,0.275,True,5.452841659388169,6.293900400040892,-0.44543408082544955,0.4999845720275591,0.0,0.0,True,True,True
north,41.977,5,0.5,5.791279563922015,0.0,5.5662795639220155,6.016279563922015,-0.275,0.275,True,5.409598903356155,6.3522705696001935,-0.493903715799887,0.5531278626444375,0.0,0.0,True,True,True
north,41.977,6,0.6,5.768724422537566,0.0,5.543724422537566,5.993724422537565,-0.275,0.275,True,5.360804494848529,6.416192391635109,-0.5479250032499373,0.6118228057369287,0.0,0.0,True,True,True
north,41.977,7,0.7,5.741676518311576,0.0,5.516676518311576,5.9666765183115755,-0.275,0.275,True,5.3064584338652905,6.485665866145636,-0.6074979431756004,0.6760694013050327,0.0,0.0,True,True,True
north,41.977,8,0.8,5.709934317838931,0.0,5.484934317838931,5.93493431783893,-0.275,0.275,True,5.246560720406438,6.560690993131777,-0.6726225355768761,0.7458676493487494,0.0,0.0,True,True,True
north,41.977,9,0.9,5.673289722512462,0.0,5.448289722512462,5.8982897225124615,-0.275,0.275,True,5.181111354471973,6.6412677725935305,-0.7432987804537646,0.8212175498680788,0.0,0.0,True,True,True
north,42.043,1,0.1,5.83926278356799,0.0,5.61426278356799,6.064262783567989,-0.275,0.275,True,5.539934344802032,6.141902560041004,-0.33326712871119396,0.37393257707521904,0.0,0.0,True,True,True
north,42.043,2,0.2,5.829033170007167,0.0,5.604033170007168,6.054033170007167,-0.275,0.275,True,5.507248601287665,6.177519827264275,-0.3652763701259816,0.4102263463980699,0.0,0.0,True,True,True
north,42.043,3,0.3,5.81533296469231,0.0,5.59033296469231,6.040332964692309,-0.275,0.275,True,5.469011205297686,6.21868874696316,-0.402837264016382,0.4520717681965334,0.0,0.0,True,True,True
north,42.043,4,0.4,5.798030396554928,0.0,5.573030396554929,6.023030396554928,-0.275,0.275,True,5.425222156832093,6.265409319137657,-0.44594981038239523,0.49946884247060985,0.0,0.0,True,True,True
north,42.043,5,0.5,5.7768022119563085,0.0,5.551802211956309,6.001802211956308,-0.275,0.275,True,5.375881455890887,6.317681543787766,-0.49461400922402116,0.5524175692202989,0.0,0.0,True,True,True
north,42.043,6,0.6,5.751341510968964,0.0,5.526341510968964,5.976341510968964,-0.275,0.275,True,5.320989102474069,6.3755054209134885,-0.5488298605412599,0.6109179484456008,0.0,0.0,True,True,True
north,42.043,7,0.7,5.7213921945322666,0.0,5.496392194532267,5.946392194532266,-0.275,0.275,True,5.260545096581638,6.4388809505148235,-0.6085973643341114,0.6749699801465154,0.0,0.0,True,True,True
north,42.043,8,0.8,5.686356507948452,0.0,5.4613565079484525,5.911356507948452,-0.275,0.275,True,5.1945494382135955,6.507808132591772,-0.6739165206025756,0.7445736643230428,0.0,0.0,True,True,True
north,42.043,9,0.9,5.646290156398112,0.0,5.421290156398112,5.8712901563981115,-0.275,0.275,True,5.123002127369938,6.582286967144333,-0.7447873293466527,0.819729000975183,0.0,0.0,True,True,True
north,42.109,1,0.1,5.832849785950452,0.0,5.607849785950452,6.057849785950451,-0.275,0.275,True,5.536641213804181,6.13603851299492,-0.3325574241316237,0.37464228165478963,0.0,0.0,True,True,True
north,42.109,2,0.2,5.820389372376358,0.0,5.595389372376358,6.045389372376357,-0.275,0.275,True,5.50070993410633,6.168410244034706,-0.36656736305006665,0.40893535347398546,0.0,0.0,True,True,True
north,42.109,3,0.3,5.804381580908992,0.0,5.579381580908993,6.029381580908992,-0.275,0.275,True,5.459227001932865,6.206333627550107,-0.4061289544441224,0.4487800777687941,0.0,0.0,True,True,True
north,42.109,4,0.4,5.784535160727511,0.0,5.559535160727512,6.009535160727511,-0.275,0.275,True,5.412192417283789,6.249808663541119,-0.451242198313791,0.49417645453921544,0.0,0.0,True,True,True
north,42.109,5,0.5,5.7604892045006295,0.0,5.53548920450063,5.985489204500629,-0.275,0.275,True,5.359606180159098,6.298835352007744,-0.5019070946590722,0.5451244837852496,0.0,0.0,True,True,True
north,42.109,6,0.6,5.731969947179292,0.0,5.506969947179292,5.956969947179291,-0.275,0.275,True,5.301468290558795,6.353413692949983,-0.5581236434799662,0.6016241655068965,0.0,0.0,True,True,True
north,42.109,7,0.7,5.698793211841584,0.0,5.473793211841584,5.923793211841583,-0.275,0.275,True,5.23777874848288,6.413543686367833,-0.6198918447764731,0.663675499704156,0.0,0.0,True,True,True
north,42.109,8,0.8,5.6606553578998495,0.0,5.43565535789985,5.885655357899849,-0.275,0.275,True,5.168537553931351,6.479225332261297,-0.6872116985485929,0.7312784863770286,0.0,0.0,True,True,True
north,42.109,9,0.9,5.61697169438716,0.0,5.39197169438716,5.841971694387159,-0.275,0.275,True,5.093744706904211,6.550458630630374,-0.7600832047963251,0.8044331255255137,0.0,0.0,True,True,True
north,42.175,1,0.1,5.82498639003413,0.0,5.599986390034131,6.04998639003413,-0.275,0.275,True,5.50754560681789,6.124096800396944,-0.3331411573894768,0.37405854839693575,0.0,0.0,True,True,True
north,42.175,2,0.2,5.810198743850506,0.0,5.585198743850507,6.035198743850506,-0.275,0.275,True,5.464725554574478,6.14957975889117,-0.3662194663368483,0.40928325018720224,0.0,0.0,True,True,True
north,42.175,3,0.3,5.791696882770051,0.0,5.566696882770051,6.01669688277005,-0.275,0.275,True,5.4163538498554535,6.180614369861009,-0.4048494277598327,0.45005960445308146,0.0,0.0,True,True,True
north,42.175,4,0.4,5.769237191470795,0.0,5.5442371914707955,5.994237191470795,-0.275,0.275,True,5.362430492660816,6.217200633306461,-0.44903104165842983,0.4963876111945735,0.0,0.0,True,True,True
north,42.175,5,0.5,5.742246084579404,0.0,5.517246084579404,5.967246084579403,-0.275,0.275,True,5.302955482990566,6.259338549227525,-0.49876430803263966,0.5482672704116782,0.0,0.0,True,True,True
north,42.175,6,0.6,5.710609113667181,0.0,5.485609113667182,5.935609113667181,-0.275,0.275,True,5.237928820844703,6.307028117624203,-0.5540492268824623,0.6056985821043958,0.0,0.0,True,True,True
north,42.175,7,0.7,5.674076978348713,0.0,5.449076978348713,5.899076978348712,-0.275,0.275,True,5.167350506223228,6.360269338496492,-0.6148857982078977,0.668681546272726,0.0,0.0,True,True,True
north,42.175,8,0.8,5.632445202959608,0.0,5.407445202959608,5.857445202959608,-0.275,0.275,True,5.091220539126139,6.419062211844395,-0.6812740220089459,0.7372161629166691,0.0,0.0,True,True,True
north,42.175,9,0.9,5.585543576876924,0.0,5.360543576876925,5.810543576876924,-0.275,0.275,True,5.009538919553438,6.48340673766791,-0.7532138982856068,0.8113024320362249,0.0,0.0,True,True,True
north,42.241,1,0.1,5.815636387324631,0.0,5.590636387324631,6.04063638732463,-0.275,0.275,True,5.514321267858999,6.1143286309912535,-0.33611071394557535,0.37108899184083843,0.0,0.0,True,True,True
north,42.241,2,0.2,5.798411881099717,0.0,5.573411881099718,6.023411881099717,-0.275,0.275,True,5.470897563461805,6.139207937331698,-0.37063923255085046,0.40486348397320254,0.0,0.0,True,True,True
north,42.241,3,0.3,5.777267757589002,0.0,5.552267757589003,6.002267757589002,-0.275,0.275,True,5.421922206588998,6.169638896147757,-0.41071940363173837,0.44418962858117944,0.0,0.0,True,True,True
north,42.241,4,0.4,5.751907147303738,0.0,5.5269071473037386,5.976907147303738,-0.275,0.275,True,5.3673951972405805,6.205621507439427,-0.45635122718823906,0.48906742566476913,0.0,0.0,True,True,True
north,42.241,5,0.5,5.7220137552297725,0.0,5.497013755229773,5.947013755229772,-0.275,0.275,True,5.307316535416548,6.247155771206711,-0.5075347032203524,0.5394968752239716,0.0,0.0,True,True,True
north,42.241,6,0.6,5.6870874609906075,0.0,5.462087460990608,5.912087460990607,-0.275,0.275,True,5.241686221116902,6.294241687449608,-0.5642698317280787,0.5954779772587867,0.0,0.0,True,True,True
north,42.241,7,0.7,5.647135638664587,0.0,5.422135638664587,5.872135638664586,-0.275,0.275,True,5.170504254341645,6.346879256168116,-0.6265566127114175,0.6570107317692147,0.0,0.0,True,True,True
north,42.241,8,0.8,5.601963415983334,0.0,5.376963415983334,5.826963415983333,-0.275,0.275,True,5.093770635090774,6.405068477362239,-0.6943950461703694,0.7240951387552554,0.0,0.0,True,True,True
north,42.241,9,0.9,5.551741114279765,0.0,5.326741114279765,5.776741114279765,-0.275,0.275,True,5.01148536336429,6.4688093510319735,-0.7677851321049338,0.796731198216909,0.0,0.0,True,True,True
north,42.307,1,0.1,5.804726640756518,0.0,5.579726640756518,6.029726640756517,-0.275,0.275,True,5.502711822537234,6.109179242865706,-0.33639667231173814,0.3708030334746752,0.0,0.0,True,True,True
north,42.307,2,0.2,5.784958961810228,0.0,5.559958961810229,6.009958961810228,-0.275,0.275,True,5.458412929969472,6.133183361035582,-0.37186196852299597,0.40364074800105615,0.0,0.0,True,True,True
north,42.307,3,0.3,5.761005837822018,0.0,5.536005837822018,5.986005837822018,-0.275,0.275,True,5.408562384926097,6.1627391316810725,-0.4128789172098666,0.4420301150030499,0.0,0.0,True,True,True
north,42.307,4,0.4,5.7325922523380415,0.0,5.507592252338042,5.957592252338041,-0.275,0.275,True,5.353160187407111,6.197846554802174,-0.45944751837235004,0.4859711344806564,0.0,0.0,True,True,True
north,42.307,5,0.5,5.699523739718056,0.0,5.474523739718056,5.9245237397180555,-0.275,0.275,True,5.292206337412511,6.23850563039889,-0.5115677720104461,0.5354638064338757,0.0,0.0,True,True,True
north,42.307,6,0.6,5.6614815678604025,0.0,5.436481567860403,5.886481567860402,-0.275,0.275,True,5.225700834942296,6.2847163584712185,-0.569239678124155,0.5905081308627077,0.0,0.0,True,True,True
north,42.307,7,0.7,5.617878622130628,0.0,5.392878622130628,5.842878622130628,-0.275,0.275,True,5.153643679996472,6.336478739019158,-0.6324632367134767,0.6511041077671523,0.0,0.0,True,True,True
north,42.307,8,0.8,5.569279349260021,0.0,5.344279349260021,5.79427934926002,-0.275,0.275,True,5.0760348725750335,6.393792772042713,-0.7012384477784114,0.7172517371472101,0.0,0.0,True,True,True
north,42.307,9,0.9,5.515656473995534,0.0,5.290656473995535,5.740656473995534,-0.275,0.275,True,4.992874412677982,6.456658457541878,-0.7755653113189585,0.7889510190028803,0.0,0.0,True,True,True
north,42.373,1,0.1,5.792114201618084,0.0,5.567114201618084,6.017114201618083,-0.275,0.275,True,5.4844167506364245,6.0957774186468425,-0.3354427429925359,0.37175696279387666,0.0,0.0,True,True,True
north,42.373,2,0.2,5.769731362366785,0.0,5.544731362366785,5.994731362366784,-0.275,0.275,True,5.438735846718209,6.1183995254662635,-0.369910326309794,0.4055923902142566,0.0,0.0,True,True,True
north,42.373,3,0.3,5.742815650847232,0.0,5.517815650847233,5.967815650847232,-0.275,0.275,True,5.387503290324379,6.146573284761298,-0.40992956210266485,0.4449794701102493,0.0,0.0,True,True,True
north,42.373,4,0.4,5.7112839094954335,0.0,5.486283909495434,5.936283909495433,-0.275,0.275,True,5.330719081454936,6.180298696531945,-0.4555004503711485,0.4899182024818548,0.0,0.0,True,True,True
north,42.373,5,0.5,5.674864234184965,0.0,5.4498642341849655,5.899864234184965,-0.275,0.275,True,5.2683832201098815,6.219575760778205,-0.5066229911152449,0.5404085873290729,0.0,0.0,True,True,True
north,42.373,6,0.6,5.6333551749768915,0.0,5.408355174976892,5.858355174976891,-0.275,0.275,True,5.200495706289214,6.264404477500078,-0.563297184334954,0.596450624651904,0.0,0.0,True,True,True
north,42.373,7,0.7,5.586506034245935,0.0,5.361506034245935,5.811506034245935,-0.275,0.275,True,5.127056539992934,6.314784846697562,-0.625523030030276,0.6580443144503477,0.0,0.0,True,True,True
north,42.373,8,0.8,5.534396110838239,0.0,5.3093961108382395,5.759396110838239,-0.275,0.275,True,5.048065721221041,6.3707168683706605,-0.6933005282012107,0.7251896567244044,0.0,0.0,True,True,True
north,42.373,9,0.9,5.477490876510037,0.0,5.252490876510038,5.702490876510037,-0.275,0.275,True,4.963523249973536,6.432200542519372,-0.7666296788477581,0.7978866514740736,0.0,0.0,True,True,True
north,42.439,1,0.1,5.777733303221694,0.0,5.552733303221695,6.002733303221694,-0.275,0.275,True,5.450407951535927,6.079347467980602,-0.34133076367378035,0.36586894211263266,0.0,0.0,True,True,True
north,42.439,2,0.2,5.752472783638511,0.0,5.527472783638511,5.97747278363851,-0.275,0.275,True,5.3963997010842855,6.093642228266599,-0.37723591200809753,0.3982668045159539,0.0,0.0,True,True,True
north,42.439,3,0.3,5.722635669430852,0.0,5.497635669430852,5.947635669430851,-0.275,0.275,True,5.3368397981570315,6.113488641028209,-0.4186927128180274,0.436216319394888,0.0,0.0,True,True,True
north,42.439,4,0.4,5.687818414032766,0.0,5.462818414032767,5.912818414032766,-0.275,0.275,True,5.271728242754165,6.138886706265432,-0.4657011661035702,0.4797174867494349,0.0,0.0,True,True,True
north,42.439,5,0.5,5.647981120931065,0.0,5.422981120931065,5.8729811209310645,-0.275,0.275,True,5.201065034875685,6.169836423978268,-0.5182612718647256,0.5287703065795945,0.0,0.0,True,True,True
north,42.439,6,0.6,5.602933447927669,0.0,5.37793344792767,5.827933447927669,-0.275,0.275,True,5.124850174521593,6.206337794166716,-0.5763730301014939,0.5833747788853668,0.0,0.0,True,True,True
north,42.439,7,0.7,5.552826479914302,0.0,5.327826479914302,5.777826479914301,-0.275,0.275,True,5.043083661691888,6.248390816830777,-0.6400364408138749,0.6435309036667519,0.0,0.0,True,True,True
north,42.439,8,0.8,5.497489899286047,0.0,5.272489899286048,5.722489899286047,-0.275,0.275,True,4.95576549638657,6.29599549197045,-0.7092515040018686,0.7092386809237498,0.0,0.0,True,True,True
north,42.439,9,0.9,5.437510901916108,0.0,5.212510901916108,5.662510901916107,-0.275,0.275,True,4.862895678605638,6.349151819585737,-0.7840182196654752,0.7804981106563604,0.0,0.0,True,True,True
north,42.505,1,0.1,5.7615224711434045,0.0,5.536522471143405,5.986522471143404,-0.275,0.275,True,5.445356200538196,6.061734877676291,-0.33399699529375515,0.3732027104926582,0.0,0.0,True,True,True
north,42.505,2,0.2,5.733213276610887,0.0,5.5082132766108876,5.958213276610887,-0.275,0.275,True,5.38989905238506,6.074580740260791,-0.3682727503644028,0.4072299661596493,0.0,0.0,True,True,True
north,42.505,3,0.3,5.700254267594528,0.0,5.475254267594528,5.925254267594528,-0.275,0.275,True,5.3288902517563095,6.092978255320907,-0.4081001579106633,0.4468088743022532,0.0,0.0,True,True,True
north,42.505,4,0.4,5.662287114879168,0.0,5.437287114879168,5.887287114879167,-0.275,0.275,True,5.2623297986519475,6.116927422856633,-0.45347921793253654,0.4919394349204699,0.0,0.0,True,True,True
north,42.505,5,0.5,5.618785549874099,0.0,5.393785549874099,5.843785549874099,-0.275,0.275,True,5.190217693071972,6.146428242867974,-0.5044099304300225,0.5426216480142994,0.0,0.0,True,True,True
north,42.505,6,0.6,5.570301554607281,0.0,5.345301554607281,5.79530155460728,-0.275,0.275,True,5.112553935016383,6.181480715354927,-0.5608922954031212,0.5988555135837415,0.0,0.0,True,True,True
north,42.505,7,0.7,5.516799240180778,0.0,5.2917992401807785,5.741799240180778,-0.275,0.275,True,5.029338524485183,6.222084840317492,-0.6229263128518326,0.6606410316287964,0.0,0.0,True,True,True
north,42.505,8,0.8,5.458572580215797,0.0,5.233572580215798,5.683572580215797,-0.275,0.275,True,4.940571461478369,6.26824061775567,-0.6905119827761572,0.7279782021494643,0.0,0.0,True,True,True
north,42.505,9,0.9,5.395672033191834,0.0,5.170672033191835,5.620672033191834,-0.275,0.275,True,4.846252745995943,6.319948047669461,-0.7636493051760941,0.8008670251457447,0.0,0.0,True,True,True
north,42.571,1,0.1,5.743385217115058,0.0,5.518385217115059,5.968385217115058,-0.275,0.275,True,5.444461220288574,6.049662144208345,-0.3369195065189046,0.37028019926750794,0.0,0.0,True,True,True
north,42.571,2,0.2,5.711958705323685,0.0,5.486958705323685,5.9369587053236845,-0.275,0.275,True,5.392228707026293,6.065732641683701,-0.371037069107314,0.4044656474167366,0.0,0.0,True,True,True
north,42.571,3,0.3,5.675651490021218,0.0,5.450651490021218,5.900651490021217,-0.275,0.275,True,5.334444541288398,6.08735479163467,-0.41070628417133614,0.444202748041578,0.0,0.0,True,True,True
north,42.571,4,0.4,5.634265146994178,0.0,5.409265146994178,5.859265146994177,-0.275,0.275,True,5.2711087230748905,6.114528594061253,-0.45592715171097115,0.48949150114203216,0.0,0.0,True,True,True
north,42.571,5,0.5,5.587468491614949,0.0,5.362468491614949,5.812468491614949,-0.275,0.275,True,5.202221252385771,6.147254048963448,-0.5066996717262188,0.540331906718099,0.0,0.0,True,True,True
north,42.571,6,0.6,5.535478870633889,0.0,5.310478870633889,5.7604788706338885,-0.275,0.275,True,5.127782129221038,6.185531156341256,-0.5630238442170792,0.5967239647697788,0.0,0.0,True,True,True
north,42.571,7,0.7,5.478680350192246,0.0,5.253680350192246,5.703680350192245,-0.275,0.275,True,5.047791353580693,6.229359916194674,-0.6248996691835524,0.6586676752970713,0.0,0.0,True,True,True
north,42.571,8,0.8,5.417520829510149,0.0,5.1925208295101495,5.642520829510149,-0.275,0.275,True,4.962248925464735,6.278740328523708,-0.6923271466256385,0.7261630382999765,0.0,0.0,True,True,True
north,42.571,9,0.9,5.352254173783223,0.0,5.127254173783223,5.577254173783222,-0.275,0.275,True,4.871154844873164,6.333672393328354,-0.7653062765433372,0.7992100537784945,0.0,0.0,True,True,True
north,42.637,1,0.1,5.723257937135501,0.0,5.498257937135501,5.948257937135501,-0.275,0.275,True,5.42759863563231,6.035448864684503,-0.3363790551042493,0.37082065068216447,0.0,0.0,True,True,True
north,42.637,2,0.2,5.6885493670749225,0.0,5.463549367074923,5.913549367074922,-0.275,0.275,True,5.375807483826233,6.051960723616065,-0.36985207160799466,0.40565064491605834,0.0,0.0,True,True,True
north,42.637,3,0.3,5.648826603197543,0.0,5.4238266031975435,5.873826603197543,-0.275,0.275,True,5.318464679544542,6.07402423502324,-0.40887674058735285,0.44603229162556496,0.0,0.0,True,True,True
north,42.637,4,0.4,5.603903479872009,0.0,5.378903479872009,5.828903479872008,-0.275,0.275,True,5.25557022278724,6.101639398906025,-0.4534530620423238,0.4919655908106844,0.0,0.0,True,True,True
north,42.637,5,0.5,5.553887280771359,0.0,5.328887280771359,5.778887280771358,-0.275,0.275,True,5.187124113554323,6.134806215264425,-0.5035810359729075,0.5434505424714166,0.0,0.0,True,True,True
north,42.637,6,0.6,5.4986179969449465,0.0,5.273617996944947,5.723617996944946,-0.275,0.275,True,5.113126351845795,6.173524684098439,-0.5592606623791039,0.6004871466077615,0.0,0.0,True,True,True
north,42.637,7,0.7,5.4387474479602504,0.0,5.213747447960251,5.66374744796025,-0.275,0.275,True,5.033576937661653,6.217794805408063,-0.620491941260913,0.6630754032197191,0.0,0.0,True,True,True
north,42.637,8,0.8,5.374678487989716,0.0,5.149678487989716,5.599678487989715,-0.275,0.275,True,4.948475871001898,6.267616579193302,-0.6872748726183351,0.7312153123072898,0.0,0.0,True,True,True
north,42.637,9,0.9,5.3069234304964255,0.0,5.081923430496426,5.531923430496425,-0.275,0.275,True,4.857823151866531,6.322990005454153,-0.7596094564513698,0.804906873870473,0.0,0.0,True,True,True
north,42.703,1,0.1,5.700984795470997,0.0,5.475984795470997,5.925984795470996,-0.275,0.275,True,5.385145518467485,6.004755153503886,-0.33796642123899207,0.36923328454742127,0.0,0.0,True,True,True
north,42.703,2,0.2,5.663071998956139,0.0,5.438071998956139,5.888071998956138,-0.275,0.275,True,5.324360489008678,6.012273134782717,-0.3734080434423119,0.40209467308174024,0.0,0.0,True,True,True
north,42.703,3,0.3,5.619696706929765,0.0,5.394696706929765,5.844696706929764,-0.275,0.275,True,5.258023807074258,6.025342768537162,-0.4144013181212445,0.440507714091672,0.0,0.0,True,True,True
north,42.703,4,0.4,5.571323759954543,0.0,5.346323759954544,5.796323759954543,-0.275,0.275,True,5.186135472664226,6.043964054767218,-0.46094624527578987,0.48447240757721655,0.0,0.0,True,True,True
north,42.703,5,0.5,5.517942006366026,0.0,5.292942006366026,5.742942006366025,-0.275,0.275,True,5.10869548577858,6.068136993472889,-0.513042824905948,0.5339887535383738,0.0,0.0,True,True,True
north,42.703,6,0.6,5.4597435856481376,0.0,5.234743585648138,5.684743585648137,-0.275,0.275,True,5.025703846417321,6.097861584654172,-0.5706910570117188,0.5890567519751438,0.0,0.0,True,True,True
north,42.703,7,0.7,5.396940963961495,0.0,5.171940963961496,5.621940963961495,-0.275,0.275,True,4.937160554580451,6.1331378283110665,-0.6338909415931024,0.6496764028875266,0.0,0.0,True,True,True
north,42.703,8,0.8,5.3302243914696295,0.0,5.10522439146963,5.555224391469629,-0.275,0.275,True,4.843065610267967,6.173965724443575,-0.7026424786500991,0.7158477062755224,0.0,0.0,True,True,True
north,42.703,9,0.9,5.260181073095952,0.0,5.035181073095952,5.485181073095951,-0.275,0.275,True,4.743419013479871,6.220345273051696,-0.7769456681827082,0.7875706621391306,0.0,0.0,True,True,True
north,42.769,1,0.1,5.676435028697778,0.0,5.451435028697778,5.901435028697778,-0.275,0.275,True,5.385591293941179,5.980446903238776,-0.32953802686290457,0.377661678923508,0.0,0.0,True,True,True
north,42.769,2,0.2,5.635158678712177,0.0,5.410158678712177,5.860158678712176,-0.275,0.275,True,5.32290329782488,5.9860619178601135,-0.36133250026567565,0.4141702162583749,0.0,0.0,True,True,True
north,42.769,3,0.3,5.588430948983963,0.0,5.3634309489839636,5.813430948983963,-0.275,0.275,True,5.254663649232966,5.997228584957064,-0.39867862614405947,0.4562304060688547,0.0,0.0,True,True,True
north,42.769,4,0.4,5.536561630429542,0.0,5.3115616304295425,5.761561630429542,-0.275,0.275,True,5.1808723481654395,6.013946904529628,-0.44157640449805613,0.5038422483549472,0.0,0.0,True,True,True
north,42.769,5,0.5,5.479869823874457,0.0,5.254869823874458,5.704869823874457,-0.275,0.275,True,5.101529394622301,6.036216876577804,-0.4900258353276654,0.5570057431166524,0.0,0.0,True,True,True
north,42.769,6,0.6,5.418815098378824,0.0,5.193815098378824,5.643815098378823,-0.275,0.275,True,5.016634788603549,6.064038501101592,-0.5440269186328875,0.6157208903539705,0.0,0.0,True,True,True
north,42.769,7,0.7,5.353593154850136,0.0,5.128593154850137,5.578593154850136,-0.275,0.275,True,4.926188530109187,6.0974117781009936,-0.6035796544137224,0.6799876900669013,0.0,0.0,True,True,True
north,42.769,8,0.8,5.284415352167653,0.0,5.059415352167654,5.509415352167653,-0.275,0.275,True,4.830190619139209,6.136336707576008,-0.6686840426701702,0.7498061422554448,0.0,0.0,True,True,True
north,42.769,9,0.9,5.212319292061612,0.0,4.9873192920616125,5.437319292061612,-0.275,0.275,True,4.728641055693619,6.180813289526634,-0.7393400834022306,0.8251762469196011,0.0,0.0,True,True,True
north,42.835,1,0.1,5.649672085464019,0.0,5.424672085464019,5.874672085464018,-0.275,0.275,True,5.360571687494812,5.961581853398776,-0.3341562106211912,0.3730434951652218,0.0,0.0,True,True,True
north,42.835,2,0.2,5.604873511816344,0.0,5.379873511816345,5.829873511816344,-0.275,0.275,True,5.2978484999192395,5.967161676560842,-0.36690300290460065,0.4085997136194508,0.0,0.0,True,True,True
north,42.835,3,0.3,5.554948081628416,0.0,5.329948081628416,5.779948081628415,-0.275,0.275,True,5.229573659868055,5.978293152198521,-0.40520144766362276,0.4497075845492926,0.0,0.0,True,True,True
north,42.835,4,0.4,5.49974609460385,0.0,5.2747460946038505,5.72474609460385,-0.275,0.275,True,5.155747167341256,5.994976280311812,-0.44905154489825777,0.4963671079547473,0.0,0.0,True,True,True
north,42.835,5,0.5,5.439983994004399,0.0,5.214983994004399,5.664983994004398,-0.275,0.275,True,5.076369022338846,6.017211060900717,-0.49845329460850546,0.5485782838358146,0.0,0.0,True,True,True
north,42.835,6,0.6,5.376010696748242,0.0,5.1510106967482425,5.601010696748242,-0.275,0.275,True,4.991439224860822,6.044997493965234,-0.5534066967943659,0.6063411121924948,0.0,0.0,True,True,True
north,42.835,7,0.7,5.308343437508729,0.0,5.083343437508729,5.533343437508728,-0.275,0.275,True,4.900957774907186,6.078335579505364,-0.6139117514558392,0.6696555930247876,0.0,0.0,True,True,True
north,42.835,8,0.8,5.237249712195016,0.0,5.0122497121950165,5.462249712195016,-0.275,0.275,True,4.804924672477938,6.117225317521107,-0.6799684585929251,0.7385217263326933,0.0,0.0,True,True,True
north,42.835,9,0.9,5.163499717975851,0.0,4.938499717975851,5.388499717975851,-0.275,0.275,True,4.703339917573075,6.161666708012462,-0.7515768182056239,0.8129395121162117,0.0,0.0,True,True,True
north,42.901,1,0.1,5.620607863985428,0.0,5.395607863985428,5.845607863985427,-0.275,0.275,True,5.320371629767363,5.929769821466574,-0.3342525389310231,0.37294716685539026,0.0,0.0,True,True,True
north,42.901,2,0.2,5.572345965301803,0.0,5.347345965301804,5.797345965301803,-0.275,0.275,True,5.2537777764756255,5.931478978912473,-0.3680284785141386,0.4074742380099135,0.0,0.0,True,True,True
north,42.901,3,0.3,5.519084772551274,0.0,5.294084772551274,5.744084772551274,-0.275,0.275,True,5.181632270708273,5.938739788833987,-0.40735607057286694,0.44755296164004954,0.0,0.0,True,True,True
north,42.901,4,0.4,5.460921904698436,0.0,5.235921904698436,5.685921904698436,-0.275,0.275,True,5.10393511246531,5.951552251231111,-0.45223531510720805,0.49318333774579837,0.0,0.0,True,True,True
north,42.901,5,0.5,5.39820989473116,0.0,5.17320989473116,5.6232098947311595,-0.275,0.275,True,5.020686301746732,5.96991636610385,-0.5026662121171619,0.5443653663271599,0.0,0.0,True,True,True
north,42.901,6,0.6,5.331594498269522,0.0,5.106594498269522,5.556594498269521,-0.275,0.275,True,4.931885838552542,5.9938321334522024,-0.5586487616027285,0.6010990473841342,0.0,0.0,True,True,True
north,42.901,7,0.7,5.261636083215056,0.0,5.036636083215057,5.486636083215056,-0.275,0.275,True,4.837533722882741,6.023299553276165,-0.6201829635639078,0.6633843809167213,0.0,0.0,True,True,True
north,42.901,8,0.8,5.188934541599039,0.0,4.9639345415990395,5.413934541599039,-0.275,0.275,True,4.737629954737325,6.058318625575742,-0.6872688180007002,0.7312213669249213,0.0,0.0,True,True,True
north,42.901,9,0.9,5.114118261784344,0.0,4.889118261784344,5.339118261784344,-0.275,0.275,True,4.632174534116297,6.098889350350931,-0.759906324913105,0.8046100054087338,0.0,0.0,True,True,True
north,42.967,1,0.1,5.589393406352974,0.0,5.364393406352974,5.814393406352973,-0.275,0.275,True,5.275974199197208,5.89006779938766,-0.34311335713373803,0.36408634865267453,0.0,0.0,True,True,True
north,42.967,2,0.2,5.537644390225192,0.0,5.312644390225192,5.762644390225192,-0.275,0.275,True,5.19830819911498,5.88070481004307,-0.38067341207802385,0.3948293044460267,0.0,0.0,True,True,True
north,42.967,3,0.3,5.481065392053712,0.0,5.256065392053713,5.706065392053712,-0.275,0.275,True,5.115090546557139,5.876893473174092,-0.4237851194979225,0.4311239127149916,0.0,0.0,True,True,True
north,42.967,4,0.4,5.420109367247503,0.0,5.195109367247503,5.645109367247502,-0.275,0.275,True,5.026321241523684,5.878633788780727,-0.47244847939343393,0.4729701734595694,0.0,0.0,True,True,True
north,42.967,5,0.5,5.354902923692679,0.0,5.129902923692679,5.5799029236926785,-0.275,0.275,True,4.9320002840146175,5.885925756862975,-0.5266634917645581,0.5203680866797598,0.0,0.0,True,True,True
north,42.967,6,0.6,5.2858012275328194,0.0,5.06080122753282,5.510801227532819,-0.275,0.275,True,4.8321276740299375,5.898769377420836,-0.586430156611295,0.573317652375563,0.0,0.0,True,True,True
north,42.967,7,0.7,5.213783942880976,0.0,4.988783942880977,5.438783942880976,-0.275,0.275,True,4.7267034115696465,5.917164650454309,-0.6517484739336447,0.631818870546979,0.0,0.0,True,True,True
north,42.967,8,0.8,5.139546490371303,0.0,4.914546490371303,5.3645464903713025,-0.275,0.275,True,4.615727496633741,5.941111575963395,-0.7226184437316072,0.6958717411940079,0.0,0.0,True,True,True
north,42.967,9,0.9,5.063968352659153,0.0,4.838968352659153,5.288968352659152,-0.275,0.275,True,4.499199929222223,5.970610153948093,-0.7990400660051824,0.7654762643166493,0.0,0.0,True,True,True
north,43.033,1,0.1,5.556008882485469,0.0,5.331008882485469,5.781008882485469,-0.275,0.275,True,5.2465495228595485,5.859611592562879,-0.324085682911885,0.3831140228745288,0.0,0.0,True,True,True
north,43.033,2,0.2,5.500874192262749,0.0,5.27587419226275,5.725874192262749,-0.275,0.275,True,5.166493719119787,5.847858799560756,-0.35517999874501655,0.42032271777903646,0.0,0.0,True,True,True
north,43.033,3,0.3,5.441220540048546,0.0,5.216220540048546,5.6662205400485455,-0.275,0.275,True,5.0808862629044125,5.841657659034247,-0.3918259670537609,0.4630830651591569,0.0,0.0,True,True,True
north,43.033,4,0.4,5.377349216465397,0.0,5.152349216465398,5.602349216465397,-0.275,0.275,True,4.989727154213426,5.841008170983349,-0.434023587838118,0.5113950650148902,0.0,0.0,True,True,True
north,43.033,5,0.5,5.309763444521035,0.0,5.084763444521036,5.534763444521035,-0.275,0.275,True,4.893016393046826,5.845910335408065,-0.4817728610980879,0.5652587173462361,0.0,0.0,True,True,True
north,43.033,6,0.6,5.2386671407533205,0.0,5.013667140753321,5.46366714075332,-0.275,0.275,True,4.790753979404612,5.856364152308394,-0.5350737868336705,0.6246740221531949,0.0,0.0,True,True,True
north,43.033,7,0.7,5.164967741901325,0.0,4.9399677419013255,5.389967741901325,-0.275,0.275,True,4.682939913286787,5.872369621684334,-0.5939263650448658,0.6896409794357663,0.0,0.0,True,True,True
north,43.033,8,0.8,5.089717199571927,0.0,4.864717199571928,5.314717199571927,-0.275,0.275,True,4.569574194693349,5.893926743535889,-0.6583305957316741,0.7601595891939508,0.0,0.0,True,True,True
north,43.033,9,0.9,5.013149049847344,0.0,4.788149049847345,5.238149049847344,-0.275,0.275,True,4.450656823624297,5.921035517863056,-0.728286478894095,0.8362298514277478,0.0,0.0,True,True,True
north,43.099,1,0.1,5.520227538736521,0.0,5.295227538736522,5.745227538736521,-0.275,0.275,True,5.212796971532403,5.828673784679072,-0.32961790359193643,0.37758180219447735,0.0,0.0,True,True,True
north,43.099,2,0.2,5.4621002237487355,0.0,5.237100223748736,5.687100223748735,-0.275,0.275,True,5.13303257822336,5.817212402107668,-0.3608951862018945,0.41460753032215875,0.0,0.0,True,True,True
north,43.099,3,0.3,5.399486175185532,0.0,5.174486175185533,5.624486175185532,-0.275,0.275,True,5.047716532438703,5.811302672011877,-0.3977241212874652,0.4571849109254528,0.0,0.0,True,True,True
north,43.099,4,0.4,5.332964605069424,0.0,5.107964605069425,5.557964605069424,-0.275,0.275,True,4.956848834178435,5.810944594391698,-0.44010470884864883,0.5053139440043598,0.0,0.0,True,True,True
north,43.099,5,0.5,5.263091093334172,0.0,5.038091093334172,5.488091093334171,-0.275,0.275,True,4.860429483442553,5.816138169247132,-0.488036948885445,0.5589946295588795,0.0,0.0,True,True,True
north,43.099,6,0.6,5.190444679701553,0.0,4.9654446797015535,5.415444679701553,-0.275,0.275,True,4.758458480231059,5.82688339657818,-0.5415208413978542,0.6182269675890119,0.0,0.0,True,True,True
north,43.099,7,0.7,5.11559970277145,0.0,4.890599702771451,5.34059970277145,-0.275,0.275,True,4.650935824543953,5.843180276384839,-0.6005563863858759,0.6830109580947571,0.0,0.0,True,True,True
north,43.099,8,0.8,5.039334506462096,0.0,4.814334506462096,5.264334506462095,-0.275,0.275,True,4.537861516381232,5.865028808667112,-0.6651435838495106,0.753346601076115,0.0,0.0,True,True,True
north,43.099,9,0.9,4.962121590938042,0.0,4.737121590938043,5.187121590938042,-0.275,0.275,True,4.419235555742899,5.892428993424997,-0.7352824337887578,0.8292338965330857,0.0,0.0,True,True,True
north,43.165,1,0.1,5.482260960232963,0.0,5.257260960232963,5.707260960232962,-0.275,0.275,True,5.183038951939005,5.791237073321373,-0.3233605605089056,0.3838391452775074,0.0,0.0,True,True,True
north,43.165,2,0.2,5.421403636116177,0.0,5.196403636116178,5.646403636116177,-0.275,0.275,True,5.101926088844856,5.778427220964862,-0.3529617026230506,0.42254101390100085,0.0,0.0,True,True,True
north,43.165,3,0.3,5.356212692535222,0.0,5.131212692535223,5.581212692535222,-0.275,0.275,True,5.015261573275095,5.771169021083965,-0.3881144972128083,0.4667945350001071,0.0,0.0,True,True,True
north,43.165,4,0.4,5.28718710289799,0.0,5.06218710289799,5.51218710289799,-0.275,0.275,True,4.923045405229721,5.769462473678681,-0.42881894427817885,0.5165997085748262,0.0,0.0,True,True,True
north,43.165,5,0.5,5.215248593700346,0.0,4.990248593700346,5.440248593700345,-0.275,0.275,True,4.825277584708734,5.773307578749009,-0.4750750438191621,0.5719565346251579,0.0,0.0,True,True,True
north,43.165,6,0.6,5.141075526282475,0.0,4.916075526282476,5.366075526282475,-0.275,0.275,True,4.7219581117121345,5.78270433629495,-0.5268827958357581,0.6328650131511026,0.0,0.0,True,True,True
north,43.165,7,0.7,5.065526924256909,0.0,4.84052692425691,5.290526924256909,-0.275,0.275,True,4.613086986239923,5.797652746316504,-0.5842422003279669,0.6993251441526599,0.0,0.0,True,True,True
north,43.165,8,0.8,4.988618331284724,0.0,4.763618331284724,5.2136183312847235,-0.275,0.275,True,4.498664208292098,5.81815280881367,-0.6471532572957884,0.77133692762983,0.0,0.0,True,True,True
north,43.165,9,0.9,4.911096267866504,0.0,4.686096267866504,5.136096267866503,-0.275,0.275,True,4.378689777868659,5.84420452378645,-0.7156159667392228,0.8489003635826129,0.0,0.0,True,True,True
north,43.231,1,0.1,5.4424570860926895,0.0,5.21745708609269,5.667457086092689,-0.275,0.275,True,5.136025190614442,5.755045145598723,-0.3360657565562623,0.37113394923015103,0.0,0.0,True,True,True
north,43.231,2,0.2,5.378687736182547,0.0,5.1536877361825475,5.603687736182547,-0.275,0.275,True,5.0505613977855015,5.73788436350742,-0.372528454606212,0.40297426191784014,0.0,0.0,True,True,True
north,43.231,3,0.3,5.311183451533343,0.0,5.086183451533343,5.536183451533343,-0.275,0.275,True,4.959545952480948,5.726275233891732,-0.4145428051317744,0.4403662270811421,0.0,0.0,True,True,True
north,43.231,4,0.4,5.24008456931163,0.0,5.015084569311631,5.46508456931163,-0.275,0.275,True,4.862978854700782,5.720217756751654,-0.4621088081329496,0.48330984472005684,0.0,0.0,True,True,True
north,43.231,5,0.5,5.166435765826804,0.0,4.941435765826804,5.391435765826803,-0.275,0.275,True,4.760860104445003,5.719711932087192,-0.5152264636097376,0.5318051148345843,0.0,0.0,True,True,True
north,43.231,6,0.6,5.091237316293945,0.0,4.866237316293946,5.316237316293945,-0.275,0.275,True,4.65318970171361,5.724757759898341,-0.5738957715621382,0.5858520374247245,0.0,0.0,True,True,True
north,43.231,7,0.7,5.014716580453046,0.0,4.789716580453046,5.239716580453045,-0.275,0.275,True,4.539967646506607,5.735355240185102,-0.6381167319901516,0.6454506124904774,0.0,0.0,True,True,True
north,43.231,8,0.8,4.937592981621228,0.0,4.712592981621229,5.162592981621228,-0.275,0.275,True,4.42119393882399,5.751504372947478,-0.7078893448937781,0.7106008400318434,0.0,0.0,True,True,True
north,43.231,9,0.9,4.860197082239758,0.0,4.635197082239759,5.085197082239758,-0.275,0.275,True,4.29686857866576,5.773205158185465,-0.783213610273017,0.7813027200488218,0.0,0.0,True,True,True
north,43.297,1,0.1,5.400769805324598,0.0,5.175769805324598,5.625769805324597,-0.275,0.275,True,5.092690304972375,5.710927804204492,-0.32312521676572453,0.384074489020688,0.0,0.0,True,True,True
north,43.297,2,0.2,5.3343347118693165,0.0,5.109334711869317,5.559334711869316,-0.275,0.275,True,5.003239888232578,5.689780398202332,-0.35495827540082825,0.4205444411232223,0.0,0.0,True,True,True
north,43.297,3,0.3,5.264546103453282,0.0,5.039546103453282,5.489546103453281,-0.275,0.275,True,4.908237819017167,5.674184644675785,-0.3923429865115448,0.46256604570136933,0.0,0.0,True,True,True
north,43.297,4,0.4,5.191947217954439,0.0,4.96694721795444,5.416947217954439,-0.275,0.275,True,4.807684097326144,5.6641405436248515,-0.43527935009787416,0.5101393027551292,0.0,0.0,True,True,True
north,43.297,5,0.5,5.117081143758557,0.0,4.892081143758557,5.3420811437585565,-0.275,0.275,True,4.701578723159507,5.65964809504953,-0.48376736615981614,0.5632642122845016,0.0,0.0,True,True,True
north,43.297,6,0.6,5.04084114035799,0.0,4.81584114035799,5.265841140357989,-0.275,0.275,True,4.5899216965172585,5.660707298949822,-0.537807034697371,0.621940774289487,0.0,0.0,True,True,True
north,43.297,7,0.7,4.963669892241558,0.0,4.738669892241559,5.188669892241558,-0.275,0.275,True,4.472713017399397,5.667318155325725,-0.5973983557105386,0.6861689887700851,0.0,0.0,True,True,True
north,43.297,8,0.8,4.886425293364211,0.0,4.6614252933642115,5.111425293364211,-0.275,0.275,True,4.349952685805923,5.679480664177242,-0.6625413291993191,0.755948855726296,0.0,0.0,True,True,True
north,43.297,9,0.9,4.8096905248984525,0.0,4.584690524898453,5.034690524898452,-0.275,0.275,True,4.221640701736836,5.697194825504371,-0.7332359551637121,0.8312803751581196,0.0,0.0,True,True,True
north,43.363,1,0.1,5.35752246137776,0.0,5.132522461377761,5.58252246137776,-0.275,0.275,True,5.064657244362795,5.674590079009647,-0.3297892771069282,0.3774104286794856,0.0,0.0,True,True,True
north,43.363,2,0.2,5.2885825908661195,0.0,5.06358259086612,5.513582590866119,-0.275,0.275,True,4.974967549867394,5.653203395251884,-0.36366204910640954,0.41184066741764347,0.0,0.0,True,True,True
north,43.363,3,0.3,5.216713244519714,0.0,4.9917132445197145,5.441713244519714,-0.275,0.275,True,4.8797262028963795,5.637368363969736,-0.4030864735815036,0.4518225586314142,0.0,0.0,True,True,True
north,43.363,4,0.4,5.142604562193654,0.0,4.917604562193654,5.3676045621936535,-0.275,0.275,True,4.778933203449754,5.627084985163198,-0.44806255053221056,0.49735610232079763,0.0,0.0,True,True,True
north,43.363,5,0.5,5.067085495854672,0.0,4.842085495854672,5.292085495854671,-0.275,0.275,True,4.672588551527514,5.622353258832274,-0.49859027995853017,0.5484412984857938,0.0,0.0,True,True,True
north,43.363,6,0.6,4.990130342827464,0.0,4.765130342827464,5.215130342827464,-0.275,0.275,True,4.560692247129661,5.623173184976964,-0.5546696618604625,0.6050781471264028,0.0,0.0,True,True,True
north,43.363,7,0.7,4.912612449066407,0.0,4.687612449066408,5.137612449066407,-0.275,0.275,True,4.443244290256197,5.6295447635972655,-0.6163006962380077,0.6672666482426245,0.0,0.0,True,True,True
north,43.363,8,0.8,4.835469184723325,0.0,4.610469184723326,5.060469184723325,-0.275,0.275,True,4.320244680907118,5.64146799469318,-0.6834833830911657,0.7350068018344591,0.0,0.0,True,True,True
north,43.363,9,0.9,4.75928135396121,0.0,4.534281353961211,4.98428135396121,-0.275,0.275,True,4.191693419082427,5.658942878264708,-0.7562177224199365,0.8082986079019063,0.0,0.0,True,True,True
north,43.429,1,0.1,5.31256434633717,0.0,5.08756434633717,5.537564346337169,-0.275,0.275,True,5.0104862913511905,5.6291238720003,-0.32411749544903456,0.38308221033737877,0.0,0.0,True,True,True
north,43.429,2,0.2,5.241501997869935,0.0,5.016501997869935,5.466501997869934,-0.275,0.275,True,4.917681323813676,5.604621915200423,-0.35573911974478456,0.41976359677926756,0.0,0.0,True,True,True
north,43.429,3,0.3,5.167927869133383,0.0,4.942927869133383,5.392927869133382,-0.275,0.275,True,4.819324703800548,5.58567161087616,-0.3929123965161474,0.4619966356967691,0.0,0.0,True,True,True
north,43.429,4,0.4,5.092757433015968,0.0,4.867757433015968,5.317757433015967,-0.275,0.275,True,4.715416431311808,5.572272959027508,-0.435637325763123,0.5097813270898834,0.0,0.0,True,True,True
north,43.429,5,0.5,5.016284111058753,0.0,4.791284111058753,5.241284111058753,-0.275,0.275,True,4.605956506347454,5.5644259596544705,-0.4839139074857113,0.5631176709586105,0.0,0.0,True,True,True
north,43.429,6,0.6,4.939168870987076,0.0,4.714168870987076,5.164168870987075,-0.275,0.275,True,4.490944928907486,5.562130612757046,-0.5377421416839123,0.6220056673029504,0.0,0.0,True,True,True
north,43.429,7,0.7,4.861704716323148,0.0,4.636704716323148,5.086704716323148,-0.275,0.275,True,4.370381698991908,5.565386918335231,-0.5971220283577262,0.6864453161229028,0.0,0.0,True,True,True
north,43.429,8,0.8,4.785022188425335,0.0,4.560022188425336,5.010022188425335,-0.275,0.275,True,4.244266816600716,5.574194876389032,-0.662053567507153,0.7564366174184685,0.0,0.0,True,True,True
north,43.429,9,0.9,4.709536644510992,0.0,4.484536644510992,4.934536644510992,-0.275,0.275,True,4.112600281733911,5.5885544869184445,-0.7325367591321923,0.8319795711896465,0.0,0.0,True,True,True
north,43.495,1,0.1,5.266001113572386,0.0,5.041001113572387,5.491001113572386,-0.275,0.275,True,4.959737219495287,5.575670109484165,-0.3259932253247812,0.38120648046163136,0.0,0.0,True,True,True
north,43.495,2,0.2,5.193442156357692,0.0,4.968442156357693,5.418442156357692,-0.275,0.275,True,4.8615319421079874,5.545767842834502,-0.3599601527271275,0.41554256379692306,0.0,0.0,True,True,True
north,43.495,3,0.3,5.118562584745663,0.0,4.893562584745664,5.343562584745663,-0.275,0.275,True,4.757775012245075,5.521417228660454,-0.3994787326050866,0.45543029960782755,0.0,0.0,True,True,True
north,43.495,4,0.4,5.042347774253888,0.0,4.817347774253888,5.267347774253888,-0.275,0.275,True,4.648466429906549,5.502618266962017,-0.4445489649586585,0.5008696878943448,0.0,0.0,True,True,True
north,43.495,5,0.5,4.96521819354508,0.0,4.74021819354508,5.190218193545079,-0.275,0.275,True,4.5336061950924105,5.489370957739194,-0.49517084978784304,0.5518607286564747,0.0,0.0,True,True,True
north,43.495,6,0.6,4.887995367845738,0.0,4.662995367845738,5.112995367845738,-0.275,0.275,True,4.413194307802659,5.4816753009919825,-0.5513443870926404,0.6084034218942176,0.0,0.0,True,True,True
north,43.495,7,0.7,4.811209934178632,0.0,4.586209934178632,5.036209934178632,-0.275,0.275,True,4.287230768037296,5.479531296720384,-0.6130695768730506,0.6704977676075731,0.0,0.0,True,True,True
north,43.495,8,0.8,4.735124543401069,0.0,4.510124543401069,4.960124543401069,-0.275,0.275,True,4.155715575796319,5.482938944924398,-0.6803464191290736,0.7381437657965415,0.0,0.0,True,True,True
north,43.495,9,0.9,4.6605960562624595,0.0,4.43559605626246,4.885596056262459,-0.275,0.275,True,4.01864873107973,5.491898245604026,-0.7531749138607092,0.8113414164611225,0.0,0.0,True,True,True
north,43.561,1,0.1,5.218177895339078,0.0,4.993177895339079,5.443177895339078,-0.275,0.275,True,4.910066426146486,5.531175604942623,-0.32970193830614947,0.37749776748026354,0.0,0.0,True,True,True
north,43.561,2,0.2,5.144133598104827,0.0,4.919133598104827,5.369133598104827,-0.275,0.275,True,4.807131211075482,5.496543400609258,-0.3636901322435937,0.41181258428045775,0.0,0.0,True,True,True
north,43.561,3,0.3,5.068635845602147,0.0,4.843635845602147,5.293635845602147,-0.275,0.275,True,4.698644343528864,5.467462848751504,-0.4032299786566507,0.45167905355626464,0.0,0.0,True,True,True
north,43.561,4,0.4,4.991642354370209,0.0,4.76664235437021,5.216642354370209,-0.275,0.275,True,4.584605823506633,5.443933949369363,-0.4483214775453206,0.4970971753076845,0.0,0.0,True,True,True
north,43.561,5,0.5,4.914160844632401,0.0,4.689160844632402,5.139160844632401,-0.275,0.275,True,4.465015651008791,5.425956702462836,-0.49896462890960314,0.5480669495347169,0.0,0.0,True,True,True
north,43.561,6,0.6,4.837007017865356,0.0,4.6120070178653565,5.062007017865356,-0.275,0.275,True,4.339873826035335,5.41353110803192,-0.5551594327494985,0.6045883762373622,0.0,0.0,True,True,True
north,43.561,7,0.7,4.760824574720726,0.0,4.535824574720726,4.985824574720725,-0.275,0.275,True,4.209180348586266,5.406657166076617,-0.6169058890650067,0.6666614554156202,0.0,0.0,True,True,True
north,43.561,8,0.8,4.68591625446816,0.0,4.46091625446816,4.91091625446816,-0.275,0.275,True,4.072935218661586,5.405334876596928,-0.6842039978561275,0.7342861870694909,0.0,0.0,True,True,True
north,43.561,9,0.9,4.612439212270456,0.0,4.387439212270456,4.837439212270455,-0.275,0.275,True,3.931138436261291,5.409564239592852,-0.7570537591228611,0.8074625711989746,0.0,0.0,True,True,True
north,43.627,1,0.1,5.169419972439956,0.0,4.944419972439956,5.394419972439955,-0.275,0.275,True,4.865368314058105,5.479480280973962,-0.326051510106304,0.3811481956801093,0.0,0.0,True,True,True
north,43.627,2,0.2,5.094277549737986,0.0,4.869277549737986,5.319277549737985,-0.275,0.275,True,4.762419365955256,5.44483434360875,-0.36040091622500575,0.41510180029904636,0.0,0.0,True,True,True
north,43.627,3,0.3,5.0178516416644605,0.0,4.792851641664461,5.24285164166446,-0.275,0.275,True,4.653918765376793,5.415740058719153,-0.4003019748193203,0.4546070573935962,0.0,0.0,True,True,True
north,43.627,4,0.4,4.940710109018109,0.0,4.71571010901811,5.165710109018109,-0.275,0.275,True,4.539866512322719,5.392197426305167,-0.4457546858892476,0.4996639669637588,0.0,0.0,True,True,True
north,43.627,5,0.5,4.863212350406542,0.0,4.638212350406542,5.0882123504065415,-0.275,0.275,True,4.42026260679303,5.374206446366794,-0.4967590494347876,0.5502725290095342,0.0,0.0,True,True,True
north,43.627,6,0.6,4.786547232452807,0.0,4.561547232452807,5.0115472324528065,-0.275,0.275,True,4.295107048787729,5.3617671189040355,-0.5533150654559404,0.6064327435309222,0.0,0.0,True,True,True
north,43.627,7,0.7,4.711030790987133,0.0,4.486030790987133,4.936030790987132,-0.275,0.275,True,4.164399838306817,5.354879443916888,-0.615422733952706,0.6681446105279231,0.0,0.0,True,True,True
north,43.627,8,0.8,4.637153242357322,0.0,4.412153242357323,4.862153242357322,-0.275,0.275,True,4.02814097535029,5.353543421405353,-0.6830820549250844,0.7354081300005371,0.0,0.0,True,True,True
north,43.627,9,0.9,4.5654854101898055,0.0,4.340485410189806,4.790485410189805,-0.275,0.275,True,3.8863304599181516,5.357759051369432,-0.7562930283730754,0.8082233019487634,0.0,0.0,True,True,True
north,43.693,1,0.1,5.120044025732764,0.0,4.895044025732765,5.345044025732764,-0.275,0.275,True,4.80944187741412,5.427822137353606,-0.3225891554832206,0.38461055030319197,0.0,0.0,True,True,True
north,43.693,2,0.2,5.0438828842088945,0.0,4.818882884208895,5.268882884208894,-0.275,0.275,True,4.70366961450679,5.390352885183913,-0.35520132920566433,0.42030138731838623,0.0,0.0,True,True,True
north,43.693,3,0.3,4.966766494848601,0.0,4.741766494848601,5.191766494848601,-0.275,0.275,True,4.592345699123847,5.358435285489834,-0.39336515540372086,0.4615438768091933,0.0,0.0,True,True,True
north,43.693,4,0.4,4.88956544232727,0.0,4.66456544232727,5.11456544232727,-0.275,0.275,True,4.475470131265291,5.332069338271367,-0.4370806340773901,0.5083380187756131,0.0,0.0,True,True,True
north,43.693,5,0.5,4.812692222589934,0.0,4.587692222589935,5.037692222589934,-0.275,0.275,True,4.353042910931122,5.311255043528513,-0.4863477652266721,0.5606838132176457,0.0,0.0,True,True,True
north,43.693,6,0.6,4.736601416915706,0.0,4.511601416915706,4.961601416915705,-0.275,0.275,True,4.2250640381213405,5.295992401261272,-0.5411665488515669,0.6185812601352911,0.0,0.0,True,True,True
north,43.693,7,0.7,4.662036213890556,0.0,4.437036213890556,4.887036213890555,-0.275,0.275,True,4.091533512835947,5.286281411469643,-0.6015369849520745,0.6820303595285492,0.0,0.0,True,True,True
north,43.693,8,0.8,4.5894191774403525,0.0,4.364419177440353,4.814419177440352,-0.275,0.275,True,3.95245133507494,5.2821220741536274,-0.6674590735281949,0.7510311113974202,0.0,0.0,True,True,True
north,43.693,9,0.9,4.519239578290717,0.0,4.294239578290718,4.744239578290717,-0.275,0.275,True,3.8078175048383205,5.283514389313225,-0.738932814579928,0.8255835157419037,0.0,0.0,True,True,True
north,43.759,1,0.1,5.07017797349933,0.0,4.8451779734993305,5.29517797349933,-0.275,0.275,True,4.769967371663014,5.386538241674115,-0.3240745716494274,0.3831251341369864,0.0,0.0,True,True,True
north,43.759,2,0.2,4.993154365912949,0.0,4.76815436591295,5.218154365912949,-0.275,0.275,True,4.664521623475213,5.349395504223953,-0.35623678988375557,0.41926592664029744,0.0,0.0,True,True,True
north,43.759,3,0.3,4.915709240198396,0.0,4.690709240198396,5.140709240198396,-0.275,0.275,True,4.5535242228118,5.317804419249405,-0.39395066059369654,0.46095837161922126,0.0,0.0,True,True,True
north,43.759,4,0.4,4.838544851007392,0.0,4.613544851007393,5.063544851007392,-0.275,0.275,True,4.436975169672775,5.291764986750468,-0.4372161837792503,0.5082024690737579,0.0,0.0,True,True,True
north,43.759,5,0.5,4.762367795480248,0.0,4.5373677954802485,4.987367795480248,-0.275,0.275,True,4.314874464058136,5.271277206727145,-0.4860333594404168,0.5609982190039072,0.0,0.0,True,True,True
north,43.759,6,0.6,4.6874264875184455,0.0,4.462426487518446,4.912426487518445,-0.275,0.275,True,4.187222105967883,5.2563410791794345,-0.540402187577196,0.6193456214096693,0.0,0.0,True,True,True
north,43.759,7,0.7,4.613858444636537,0.0,4.388858444636537,4.838858444636537,-0.275,0.275,True,4.054018095402019,5.2469566041073366,-0.600322668189588,0.6832446762910441,0.0,0.0,True,True,True
north,43.759,8,0.8,4.542724952959235,0.0,4.317724952959235,4.7677249529592345,-0.275,0.275,True,3.9152624323605414,5.243123781510852,-0.6657948012775929,0.7526953836480319,0.0,0.0,True,True,True
north,43.759,9,0.9,4.474073741757769,0.0,4.249073741757769,4.699073741757768,-0.275,0.275,True,3.7709551168434507,5.24484261138998,-0.7368185868412105,0.8276977434806323,0.0,0.0,True,True,True
north,43.825,1,0.1,5.019419172270162,0.0,4.794419172270162,5.244419172270161,-0.275,0.275,True,4.715860217222758,5.338691492516311,-0.33760550482498447,0.36959420096142886,0.0,0.0,True,True,True
north,43.825,2,0.2,4.942227264871114,0.0,4.717227264871115,5.167227264871114,-0.275,0.275,True,4.610610443981397,5.301744730012587,-0.3756310787417217,0.3998716377823304,0.0,0.0,True,True,True
north,43.825,3,0.3,4.864719984489937,0.0,4.639719984489937,5.089719984489936,-0.275,0.275,True,4.499809018264421,5.270349619984477,-0.4192083051340717,0.4357007270788448,0.0,0.0,True,True,True
north,43.825,4,0.4,4.788072276480283,0.0,4.563072276480283,5.013072276480282,-0.275,0.275,True,4.383455940071835,5.244506162431978,-0.46833718400203445,0.47708146885097197,0.0,0.0,True,True,True
north,43.825,5,0.5,4.712524937463279,0.0,4.487524937463279,4.937524937463278,-0.275,0.275,True,4.261551209403634,5.224214357355094,-0.52301771534561,0.5240138630987118,0.0,0.0,True,True,True
north,43.825,6,0.6,4.638640683766919,0.0,4.4136406837669195,4.863640683766919,-0.275,0.275,True,4.13409482625982,5.209474204753822,-0.5832498991647983,0.5764979098220644,0.0,0.0,True,True,True
north,43.825,7,0.7,4.5668954545565,0.0,4.3418954545565,4.791895454556499,-0.275,0.275,True,4.001086790640395,5.200285704628161,-0.6490337354595992,0.6345336090210298,0.0,0.0,True,True,True
north,43.825,8,0.8,4.4971174918530465,0.0,4.272117491853047,4.722117491853046,-0.275,0.275,True,3.8625271025453554,5.196648856978115,-0.7203692242300133,0.6981209606956083,0.0,0.0,True,True,True
north,43.825,9,0.9,4.430311466792268,0.0,4.205311466792268,4.655311466792267,-0.275,0.275,True,3.7184157619747036,5.19856366180368,-0.7972563654760397,0.7672599648457991,0.0,0.0,True,True,True
north,43.891,1,0.1,4.968340379164738,0.0,4.743340379164739,5.193340379164738,-0.275,0.275,True,4.661688442164155,5.268499630293397,-0.32767299883345247,0.3795267069529601,0.0,0.0,True,True,True
north,43.891,2,0.2,4.891135516808797,0.0,4.666135516808797,5.1161355168087965,-0.275,0.275,True,4.551844320875935,5.226958519742814,-0.3637308700985963,0.4117718464254543,0.0,0.0,True,True,True
north,43.891,3,0.3,4.814195875144073,0.0,4.589195875144074,5.039195875144073,-0.275,0.275,True,4.436448547112101,5.190969061667844,-0.40534039383935294,0.4495686383735612,0.0,0.0,True,True,True
north,43.891,4,0.4,4.738078290430348,0.0,4.513078290430348,4.963078290430348,-0.275,0.275,True,4.315501120872654,5.160531256068487,-0.45250157005572234,0.49291708279728097,0.0,0.0,True,True,True
north,43.891,5,0.5,4.663513071855315,0.0,4.438513071855315,4.888513071855314,-0.275,0.275,True,4.189002042157595,5.135645102944743,-0.5052143987477045,0.5418171796966134,0.0,0.0,True,True,True
north,43.891,6,0.6,4.590862678101253,0.0,4.365862678101253,4.815862678101253,-0.275,0.275,True,4.056951310966924,5.116310602296612,-0.5634788799152994,0.5962689290715586,0.0,0.0,True,True,True
north,43.891,7,0.7,4.520644811209063,0.0,4.295644811209064,4.745644811209063,-0.275,0.275,True,3.9193489273006397,5.102527754124092,-0.6272950135585071,0.6562723309221166,0.0,0.0,True,True,True
north,43.891,8,0.8,4.452867063919128,0.0,4.2278670639191285,4.677867063919128,-0.275,0.275,True,3.776194891158742,5.094296558427186,-0.6966627996773276,0.7218273852482875,0.0,0.0,True,True,True
north,43.891,9,0.9,4.387879283313644,0.0,4.162879283313645,4.612879283313644,-0.275,0.275,True,3.627489202541232,5.091617015205893,-0.7715822382717608,0.7929340920500709,0.0,0.0,True,True,True
