scene,producer_id,producer_generation,receipt_sequence,prediction_source_ns,prediction_processing_ns,track_id,observation_ns,association_sequence,centroid_x,centroid_y,member_count,observed_y_min,observed_y_max,prediction_vx,prediction_vy
S1,4a010ed1f7af4ac29e58b230f72f190a,0,1,66000000,130000000,1,66000000,1,1.7712897845339037,-0.023545196820302695,35,-0.28886195546194937,0.24110730654561158,0.0,0.0
S1,4a010ed1f7af4ac29e58b230f72f190a,0,2,133000000,142000000,1,133000000,2,1.7756520221427865,-0.07845917218929206,34,-0.3382771886056142,0.17940492871392888,0.00027131102195057964,-0.003415395517747886
S1,4a010ed1f7af4ac29e58b230f72f190a,0,3,199000000,208000000,1,199000000,3,1.775235713128157,-0.14894042060267867,35,-0.41805878251508444,0.11672000131361013,0.00022043968584484336,-0.03703735840279217
S1,4a010ed1f7af4ac29e58b230f72f190a,0,4,265000000,327000000,1,265000000,4,1.7727612918565165,-0.24328127837083174,35,-0.5180267335184231,0.023183303523037935,-0.001792989531378538,-0.13926737621045743
S1,4a010ed1f7af4ac29e58b230f72f190a,0,5,331000000,339000000,1,331000000,5,1.7729542669307716,-0.339784100659009,35,-0.6167403317866789,-0.06989955584096008,-0.0030806117189609685,-0.3093112189226409
S1,4a010ed1f7af4ac29e58b230f72f190a,0,6,397000000,414000000,1,397000000,6,1.780140279663504,-0.4306835281332419,34,-0.7034488497265043,-0.1763803923037594,0.00417531365271763,-0.5079851114164854
S1,4a010ed1f7af4ac29e58b230f72f190a,0,7,463000000,472000000,1,463000000,7,1.794774265887085,-0.5083295393817282,35,-0.7999406499040372,-0.2679503149079612,0.024522937100891894,-0.6844829144789486
S1,4a010ed1f7af4ac29e58b230f72f190a,0,8,529000000,537000000,1,529000000,8,1.7998202606726883,-0.5958555270525439,35,-0.8914594627035985,-0.36224688038727004,0.04039885545866764,-0.8350016201046683
S1,4a010ed1f7af4ac29e58b230f72f190a,0,9,595000000,602000000,1,595000000,9,1.8074707460058441,-0.6871140802861153,35,-0.9916855153388492,-0.46511056351881275,0.05440159660185487,-0.9575842398062191
S1,4a010ed1f7af4ac29e58b230f72f190a,0,10,661000000,669000000,1,661000000,10,1.822378851025933,-0.7754179863073503,36,-1.1047933303620987,-0.558175789750389,0.07196966756840131,-1.0509657222682378
S1,4a010ed1f7af4ac29e58b230f72f190a,0,11,727000000,736000000,1,727000000,11,1.826617510632013,-0.8537086841273128,36,-1.196210526051226,-0.6410693216933465,0.08221073235301055,-1.1138612910626944
S1,4a010ed1f7af4ac29e58b230f72f190a,0,12,793000000,811000000,1,793000000,12,1.8179179642776986,-0.8800454742698657,35,-1.2164735239983109,-0.668053767399755,0.07937808476498057,-1.122158942393792
S1,4a010ed1f7af4ac29e58b230f72f190a,0,13,859000000,868000000,1,859000000,13,1.8152684284910603,-0.8787424872221393,35,-1.2186676789538335,-0.6600532606888051,0.07295867801861365,-1.0833378171876
S1,4a010ed1f7af4ac29e58b230f72f190a,0,14,925000000,936000000,1,925000000,14,1.827272249636387,-0.8737469223102278,36,-1.2113557099598782,-0.6640531202209334,0.07258400995287781,-1.0171256740212329
S1,4a010ed1f7af4ac29e58b230f72f190a,0,15,991000000,999000000,1,991000000,15,1.819027289751543,-0.870438206581621,36,-1.2120674802852738,-0.6520714537414908,0.06592887928220409,-0.9379013771252509
S1,4a010ed1f7af4ac29e58b230f72f190a,0,16,1057000000,1067000000,1,1057000000,16,1.8191527656870212,-0.8607385953662927,35,-1.200872805443909,-0.6491269184387155,0.059387575549783446,-0.8502792448851717
S1,4a010ed1f7af4ac29e58b230f72f190a,0,17,1123000000,1133000000,1,1123000000,17,1.825760032516181,-0.8530243020301252,36,-1.185072644946526,-0.6435764566122579,0.05591030281147173,-0.7605763935352201
S1,4a010ed1f7af4ac29e58b230f72f190a,0,18,1189000000,1197000000,1,1189000000,18,1.8210986672175717,-0.8519397499614946,36,-1.1885905406418842,-0.6381994884835097,0.049951428477244056,-0.6744600659637321
S1,4a010ed1f7af4ac29e58b230f72f190a,0,19,1255000000,1262000000,1,1255000000,19,1.8164989501884117,-0.8496407999297554,36,-1.1755904001933626,-0.6325439211424695,0.042420539533701736,-0.5923099441754893
S1,4a010ed1f7af4ac29e58b230f72f190a,0,20,1321000000,1329000000,1,1321000000,20,1.8285184141103679,-0.8346813027842674,36,-1.1594422479745898,-0.6258421888045658,0.04031817142653901,-0.5098508685829028
S1,4a010ed1f7af4ac29e58b230f72f190a,0,21,1387000000,1397000000,1,1387000000,21,1.8220648675156594,-0.8329990385687439,36,-1.1563913980545368,-0.6183177286218612,0.03528703940541107,-0.43382134905995073
S1,4a010ed1f7af4ac29e58b230f72f190a,0,22,1453000000,1460000000,1,1453000000,22,1.8277932205102043,-0.8205654129188985,36,-1.148125467308307,-0.6146650740580254,0.03267676631894263,-0.3601285139606275
S1,4a010ed1f7af4ac29e58b230f72f190a,0,23,1519000000,1527000000,1,1519000000,23,1.817443511847172,-0.8292278431974126,36,-1.1617878123097358,-0.6019774678567291,0.026070158779773797,-0.2974113830141819
S1,4a010ed1f7af4ac29e58b230f72f190a,0,24,1585000000,1593000000,1,1585000000,24,1.81061424328315,-0.8290101113142173,36,-1.1582409567133438,-0.5950922390719642,0.017800288700640078,-0.24119458946266414
S1,4a010ed1f7af4ac29e58b230f72f190a,0,25,1651000000,1660000000,1,1651000000,25,1.8126513900343302,-0.8189680376510292,36,-1.14686618174677,-0.6001364093922857,0.011617158549735097,-0.18765110585891404
S1,4a010ed1f7af4ac29e58b230f72f190a,0,26,1717000000,1726000000,1,1717000000,26,1.8152824636436726,-0.8098303101388206,36,-1.1389929509295014,-0.5977487486704951,0.007414947543844787,-0.13767433842152693
S1,4a010ed1f7af4ac29e58b230f72f190a,0,27,1783000000,1789000000,1,1783000000,27,1.8240162480960835,-0.8091892731166308,37,-1.1443545926654004,-0.5976484729058502,0.0070625492739736315,-0.09466291350072026
S1,4a010ed1f7af4ac29e58b230f72f190a,0,28,1849000000,1858000000,1,1849000000,28,1.8185744655288334,-0.8124132412071081,37,-1.1461628782800533,-0.598730512032623,0.00465672390800569,-0.0595105605071327
S1,4a010ed1f7af4ac29e58b230f72f190a,0,29,1915000000,1924000000,1,1915000000,29,1.8207595901235405,-0.8077332356266472,37,-1.1352063298461257,-0.5986194005636618,0.00342506266333229,-0.02853947177898599
S1,4a010ed1f7af4ac29e58b230f72f190a,0,30,1981000000,1989000000,1,1981000000,30,1.8126804583686749,-0.8131083936642958,37,-1.143670839469156,-0.5954789596255889,-0.0005425315905497985,-0.005221977348801733
S1,4a010ed1f7af4ac29e58b230f72f190a,0,31,2047000000,2055000000,1,2047000000,31,1.8205652120687854,-0.8072373526282537,38,-1.1391814863085137,-0.6002648551457148,-0.0008390771570634143,0.015525529877173355
S1,4a010ed1f7af4ac29e58b230f72f190a,0,32,2113000000,2120000000,1,2113000000,32,1.8286865536353651,-0.8102032579872012,39,-1.137752600246571,-0.6071205206652455,0.0018716012219263947,0.03055914003049859
S1,4a010ed1f7af4ac29e58b230f72f190a,0,33,2179000000,2188000000,1,2179000000,33,1.8158270709454272,-0.813571596154716,38,-1.1492151999595985,-0.6021370984699383,-0.0006555131652560395,0.040553783257345453
S1,4a010ed1f7af4ac29e58b230f72f190a,0,34,2245000000,2253000000,1,2245000000,34,1.8246764971172489,-0.8097322559950928,40,-1.1514774872933322,-0.603189868288759,0.0005438889898772561,0.0489075902265295
S1,4a010ed1f7af4ac29e58b230f72f190a,0,35,2311000000,2319000000,1,2311000000,35,1.821561367233175,-0.7925293641364659,40,-1.1276986526130932,-0.5881906003841967,0.0003599966809075583,0.06057740604694599
S1,4a010ed1f7af4ac29e58b230f72f190a,0,36,2377000000,2385000000,1,2377000000,36,1.8220032852059127,-0.7806146185857159,41,-1.115887940267419,-0.5718594538777928,0.0003647885348753395,0.07269478058091726
S1,4a010ed1f7af4ac29e58b230f72f190a,0,37,2443000000,2453000000,1,2443000000,37,1.8203654768861728,-0.7564722019010525,42,-1.0995893578166718,-0.5410956028623042,-0.00023055311136979017,0.08928669403403267
S1,4a010ed1f7af4ac29e58b230f72f190a,0,38,2509000000,2516000000,1,2509000000,38,1.8195714236725924,-0.7196015863808556,43,-1.0537299275928078,-0.5050655261110394,-0.0009838283019595836,0.11362257307669571
S1,4a010ed1f7af4ac29e58b230f72f190a,0,39,2575000000,2583000000,1,2575000000,39,1.8217921561540018,-0.6714736485056159,44,-1.0094278324795294,-0.4614310176767958,-0.0007578013339393505,0.1475816440187835
S1,4a010ed1f7af4ac29e58b230f72f190a,0,40,2641000000,2650000000,1,2641000000,40,1.8153870244434693,-0.6249677807138312,45,-0.958460462774767,-0.4037624948110129,-0.002868826065939997,0.18778371170609556
S1,4a010ed1f7af4ac29e58b230f72f190a,0,41,2707000000,2715000000,1,2707000000,41,1.8135219207731432,-0.5605490558952589,46,-0.8850053357558577,-0.33641086592171293,-0.005148122235527547,0.238437815434495
S1,4a010ed1f7af4ac29e58b230f72f190a,0,42,2773000000,2822000000,1,2773000000,42,1.7997924268853422,-0.5078960372225446,47,-0.8347580637444907,-0.2725350368621593,-0.011781579201599404,0.2919416264893237
S1,4a010ed1f7af4ac29e58b230f72f190a,0,43,2839000000,2847000000,1,2839000000,43,1.801945468582513,-0.43516273548610346,48,-0.7410025060753731,-0.19874400156195937,-0.015990660824758213,0.3536687275481538
S1,4a010ed1f7af4ac29e58b230f72f190a,0,44,2905000000,2914000000,1,2905000000,44,1.791841529367228,-0.36204277027676157,49,-0.6668755354804073,-0.11754876061539674,-0.022591023732994868,0.42059368168687084
S1,4a010ed1f7af4ac29e58b230f72f190a,0,45,2971000000,2980000000,1,2971000000,45,1.7770171824200351,-0.2958144481316565,49,-0.5789824396247288,-0.03598939676865537,-0.03263262376192796,0.4875708582465577
S1,4a010ed1f7af4ac29e58b230f72f190a,0,46,3037000000,3046000000,1,3037000000,46,1.777278858048976,-0.2191986745555971,51,-0.4971592440622686,0.04369208668214303,-0.03973323331333365,0.5567391853725815
S1,4a010ed1f7af4ac29e58b230f72f190a,0,47,3103000000,3110000000,1,3103000000,47,1.7743764264207211,-0.1359629291276275,54,-0.41224225974622497,0.13039389796469628,-0.045470395184957074,0.6283873839851694
S1,4a010ed1f7af4ac29e58b230f72f190a,0,48,3169000000,3177000000,1,3169000000,48,1.7763894823242372,-0.04907737832684305,56,-0.31790808959696815,0.21920381775373887,-0.04821875795809514,0.7016160837773638
S1,4a010ed1f7af4ac29e58b230f72f190a,0,49,3235000000,3245000000,1,3235000000,49,1.7757005713598766,0.0265577722809648,58,-0.241614887097372,0.2932791464211381,-0.049502452893846596,0.7703079063495883
S1,4a010ed1f7af4ac29e58b230f72f190a,0,50,3301000000,3308000000,1,3301000000,50,1.7762729127193058,0.10869133113065607,60,-0.15917385029904976,0.37729466294307523,-0.04913880130463239,0.8361064997410397
S1,4a010ed1f7af4ac29e58b230f72f190a,0,51,3367000000,3376000000,1,3367000000,51,1.7752593703895885,0.18320443635500397,61,-0.0781117550421335,0.4651110930216784,-0.04804720464044228,0.8953007786240569
S1,4a010ed1f7af4ac29e58b230f72f190a,0,52,3433000000,3440000000,1,3433000000,52,1.7751770356417844,0.25902896081292265,61,0.0028688695253621943,0.5385232349413122,-0.04606834534474889,0.9483180893417676
S1,4a010ed1f7af4ac29e58b230f72f190a,0,53,3499000000,3508000000,1,3499000000,53,1.7729644896013514,0.32677692931294544,62,0.07171497621105277,0.6087401627284417,-0.04419927245359874,0.9922636270394378
S1,4a010ed1f7af4ac29e58b230f72f190a,0,54,3565000000,3574000000,1,3565000000,54,1.7740245699600206,0.38697471541766987,62,0.13630914575297298,0.6801906066618364,-0.041283272080305564,1.0252443931638462
S1,4a010ed1f7af4ac29e58b230f72f190a,0,55,3631000000,3639000000,1,3631000000,55,1.789261014988448,0.4344328561349989,66,0.20233332521370095,0.7478548282515408,-0.03250045695023501,1.044149348046338
S1,4a010ed1f7af4ac29e58b230f72f190a,0,56,3697000000,3705000000,1,3697000000,56,1.8030365764249798,0.4802442098517443,68,0.26396344584159975,0.803725275755319,-0.019795034033518996,1.050837834727853
S1,4a010ed1f7af4ac29e58b230f72f190a,0,57,3763000000,3771000000,1,3763000000,57,1.8076611983517834,0.5329486224275902,70,0.32256790507622574,0.8757520007767469,-0.007572886509806431,1.0501514544455761
S1,4a010ed1f7af4ac29e58b230f72f190a,0,58,3829000000,3838000000,1,3829000000,58,1.8149489470605302,0.571497267734789,70,0.3787910773399829,0.9260955973516549,0.0049341437925766556,1.0385291829086236
S1,4a010ed1f7af4ac29e58b230f72f190a,0,59,3961000000,4032000000,1,3961000000,59,1.837045847701336,0.6570868378421928,72,0.48092909791797434,1.0439321092420661,0.026333717908536083,1.004861881800896
S1,4a010ed1f7af4ac29e58b230f72f190a,0,60,4027000000,4039000000,1,4027000000,60,1.8454953480621243,0.6886731941169751,72,0.5276261271733416,1.068768821251164,0.0448453374043714,0.9654833753272344
S1,4a010ed1f7af4ac29e58b230f72f190a,0,61,4093000000,4102000000,1,4093000000,61,1.8539695914944,0.7289228402947556,72,0.5826319948118277,1.1401611632287914,0.06091806189468747,0.9264262932089955
S1,4a010ed1f7af4ac29e58b230f72f190a,0,62,4159000000,4185000000,1,4159000000,62,1.861388948443648,0.765684332680814,72,0.6260954371176335,1.177194074515568,0.07441153930256511,0.8870839051325747
S1,4a010ed1f7af4ac29e58b230f72f190a,0,63,4225000000,4233000000,1,4225000000,63,1.8721676963885427,0.7888473064130381,72,0.6637122620695732,1.2087679987608348,0.08700978453396112,0.8430508797391318
S1,4a010ed1f7af4ac29e58b230f72f190a,0,64,4291000000,4301000000,1,4291000000,64,1.8773161473901905,0.7829851812332589,74,0.6629678804885513,1.2234618711042338,0.09641160615537316,0.7851820329497503
S1,4a010ed1f7af4ac29e58b230f72f190a,0,65,4357000000,4364000000,1,4357000000,65,1.878821438978823,0.7695533050171363,76,0.6531298141766747,1.194300977495334,0.10175547339288875,0.7153810635355105
S1,4a010ed1f7af4ac29e58b230f72f190a,0,66,4423000000,4432000000,1,4423000000,66,1.8846541096292673,0.7584441141322017,78,0.6503557305674805,1.1923038811211573,0.10554371642085136,0.6391375196564275
S1,4a010ed1f7af4ac29e58b230f72f190a,0,67,4489000000,4503000000,1,4489000000,67,1.8891386724215686,0.7495650425901196,81,0.641560235723151,1.2075612504498163,0.107540351716242,0.5606861567284953
S1,4a010ed1f7af4ac29e58b230f72f190a,0,68,4555000000,4566000000,1,4555000000,68,1.898813449867567,0.7325178023840119,84,0.6362054616790402,1.2027958541738366,0.11006061736412544,0.47937378101455985
S1,4a010ed1f7af4ac29e58b230f72f190a,0,69,4621000000,4628000000,1,4621000000,69,1.9040542458462884,0.7164049822517505,86,0.6340220288654481,1.1777902634699218,0.111274533924819,0.3981479110561399
S1,4a010ed1f7af4ac29e58b230f72f190a,0,70,4687000000,4695000000,1,4687000000,70,1.9136488344367173,0.6998058195747001,88,0.6293406201210783,1.1591202409912673,0.11305619017747377,0.3187348107018478
S1,4a010ed1f7af4ac29e58b230f72f190a,0,71,4753000000,4765000000,1,4753000000,71,1.9209290642880463,0.682977893576865,90,0.6165702421875371,1.165538210265329,0.11438738332816169,0.24251692290813745
S1,4a010ed1f7af4ac29e58b230f72f190a,0,72,4819000000,4826000000,1,4819000000,72,1.9306586321291785,0.6645514719121178,91,0.6037963825685719,1.1271101220140578,0.11623127727574964,0.16999439273023254
S1,4a010ed1f7af4ac29e58b230f72f190a,0,73,4885000000,4892000000,1,4885000000,73,1.946487771458118,0.6437193348466926,92,0.5988458816343055,1.1244825957695712,0.12065572219938484,0.10118384052474094
S1,4a010ed1f7af4ac29e58b230f72f190a,0,74,4951000000,4962000000,1,4951000000,74,1.957981911298663,0.62814656700032,92,0.59058252696588,1.106249118978848,0.12542943091328926,0.03880458830286391
S1,4a010ed1f7af4ac29e58b230f72f190a,0,75,5017000000,5026000000,1,5017000000,75,1.973899438711031,0.6130884988347114,92,0.5862432404483059,0.6334750341126343,0.1319696334856833,-0.016868932523720306
S1,4a010ed1f7af4ac29e58b230f72f190a,0,76,5083000000,5091000000,1,5083000000,76,1.9757259490323138,0.609476038254391,96,0.5854493144447793,0.6297430976226915,0.1346528801321623,-0.06181139133256847
S1,4a010ed1f7af4ac29e58b230f72f190a,0,77,5149000000,5170000000,1,5149000000,77,1.9825042107558566,0.6072899031451017,99,0.5862693146574482,0.6271700724908353,0.13601532127624424,-0.09670855703675094
S1,4a010ed1f7af4ac29e58b230f72f190a,0,78,5215000000,5222000000,1,5215000000,78,1.9865875007455922,0.6052634834891156,99,0.5812632966498138,0.6273959733985343,0.1353282998895683,-0.12278354249948728
S1,4a010ed1f7af4ac29e58b230f72f190a,0,79,5281000000,5289000000,1,5281000000,79,1.991773008557097,0.6048987129902088,98,0.5831375625028159,0.6280179954682861,0.13343240620890523,-0.14066104352818848
S1,4a010ed1f7af4ac29e58b230f72f190a,0,80,5347000000,5356000000,1,5347000000,80,1.9960891292812106,0.6053974807623711,97,0.5812118113127469,0.6299362002022393,0.13030993904474736,-0.15131085058651653
S1,4a010ed1f7af4ac29e58b230f72f190a,0,81,5413000000,5421000000,1,5413000000,81,2.001196232554838,0.6060611259787393,95,0.5895126913291344,0.6315407346410112,0.12657394597137553,-0.15591999807077764
S1,4a010ed1f7af4ac29e58b230f72f190a,0,82,5479000000,5486000000,1,5479000000,82,2.008460344784754,0.6090829238387875,92,0.5838187536222733,0.6347536839289202,0.12321704984763537,-0.15477969502044775
S1,4a010ed1f7af4ac29e58b230f72f190a,0,83,5545000000,5567000000,1,5545000000,83,2.010782538271869,0.6086991299451932,88,0.5869675911084874,0.6313300781815459,0.11845980340308813,-0.15033242541151554
S1,4a010ed1f7af4ac29e58b230f72f190a,0,84,5611000000,5619000000,1,5611000000,84,2.014354051902838,0.6111145332386967,84,0.5891282583488616,0.6350397295431164,0.11315432215185975,-0.14235819541788083
S1,4a010ed1f7af4ac29e58b230f72f190a,0,85,5677000000,5686000000,1,5677000000,85,2.015085640032839,0.6133478988899181,80,0.5989869430441339,0.6328552739903966,0.10651661180093569,-0.1318398742624754
S1,4a010ed1f7af4ac29e58b230f72f190a,0,86,5743000000,5750000000,1,5743000000,86,2.0186030625068145,0.6178609028793384,76,0.6005503020150114,0.6327884672094243,0.09998271223084132,-0.11873100862948074
S1,4a010ed1f7af4ac29e58b230f72f190a,0,87,5809000000,5819000000,1,5809000000,87,2.022998475433703,0.6206036217948088,73,0.5975720110367417,0.676094858938809,0.09400267404955351,-0.1045150967934578
S1,4a010ed1f7af4ac29e58b230f72f190a,0,88,5875000000,5883000000,1,5875000000,88,2.0353296550190354,0.6398691378260063,74,0.5955842716058017,1.0599814806705543,0.09146278195966585,-0.08380681042279146
S1,4a010ed1f7af4ac29e58b230f72f190a,0,89,5941000000,5949000000,1,5941000000,89,2.0468349101561336,0.6525060826014155,73,0.5994114687007824,1.097700552359023,0.09141639085408562,-0.06082483434600147
S1,4a010ed1f7af4ac29e58b230f72f190a,0,90,6007000000,6015000000,1,6007000000,90,2.055842916893164,0.6648132448251011,72,0.6066874632933688,1.1035787421174708,0.09245091693408088,-0.03670307999375186
S1,4a010ed1f7af4ac29e58b230f72f190a,0,91,6073000000,6082000000,1,6073000000,91,2.063625469403324,0.6751269094330399,71,0.6071363437060207,1.155937758423943,0.09387749692225021,-0.012967925843761843
S1,4a010ed1f7af4ac29e58b230f72f190a,0,92,6139000000,6147000000,1,6139000000,92,2.0693481112478502,0.6833424353925932,70,0.6158176974391562,1.1407333488588647,0.09483948459127285,0.00914052754717138
S1,4a010ed1f7af4ac29e58b230f72f190a,0,93,6205000000,6223000000,1,6205000000,93,2.075604181773699,0.6876944053287364,69,0.6020092809662896,1.1302251930302345,0.09560192885185215,0.02804076088005317
S1,4a010ed1f7af4ac29e58b230f72f190a,0,94,6271000000,6279000000,1,6271000000,94,2.0852369207609733,0.7038327049023788,68,0.6177450006657033,1.177656226321064,0.09740393286639341,0.04818981903250165
S1,4a010ed1f7af4ac29e58b230f72f190a,0,95,6337000000,6354000000,1,6337000000,95,2.086601895379497,0.7120696512250966,68,0.6150765365839178,1.1663329832826725,0.09701080516344947,0.06600574917197727
S1,4a010ed1f7af4ac29e58b230f72f190a,0,96,6403000000,6410000000,1,6403000000,96,2.0946006517338063,0.71702478221209,66,0.6187102695522445,1.1608817051771987,0.09727350973888106,0.08036428200354695
S1,4a010ed1f7af4ac29e58b230f72f190a,0,97,6469000000,6476000000,1,6469000000,97,2.0955243301952056,0.7189585660358113,65,0.6229658707127662,1.1502548052508832,0.09550267240042906,0.09054892725147412
S1,4a010ed1f7af4ac29e58b230f72f190a,0,98,6535000000,6542000000,1,6535000000,98,2.097773592579885,0.7226247850051034,64,0.6186896471337726,1.1571912634479076,0.09263700626648491,0.09780204734102839
S1,4a010ed1f7af4ac29e58b230f72f190a,0,99,6601000000,6608000000,1,6601000000,99,2.1024639417253095,0.7246361494674671,63,0.6147274490662143,1.1483517299431234,0.08984941211452807,0.10195969622529147
S1,4a010ed1f7af4ac29e58b230f72f190a,0,100,6667000000,6676000000,1,6667000000,100,2.1095048714294844,0.7376984877160035,63,0.6176135328256336,1.1888294939770614,0.08803652526155985,0.10754084895109733
S1,4a010ed1f7af4ac29e58b230f72f190a,0,101,6733000000,6743000000,1,6733000000,101,2.1132475022260544,0.7353666361476304,61,0.6077834120707779,1.16431406836117,0.08585272854116485,0.10857574826217348
S1,4a010ed1f7af4ac29e58b230f72f190a,0,102,6799000000,6809000000,1,6799000000,102,2.1136688160007853,0.7389616379198917,61,0.6178952961558052,1.1469854438263447,0.0822303420427915,0.10811134873097289
S1,4a010ed1f7af4ac29e58b230f72f190a,0,103,6865000000,6873000000,1,6865000000,103,2.1176041952817917,0.747685597308698,60,0.6131835913627964,1.1825751154678659,0.07881747259562322,0.10831475797082343
S1,4a010ed1f7af4ac29e58b230f72f190a,0,104,6931000000,6940000000,1,6931000000,104,2.1177114118324183,0.7431512978909484,59,0.6122028463409328,1.1635777961346307,0.07427348300350115,0.10426905102695261
S1,4a010ed1f7af4ac29e58b230f72f190a,0,105,6997000000,7006000000,1,6997000000,105,2.1260044944530305,0.7486029256897958,58,0.6118719576577711,1.1604182874250903,0.0718873450534756,0.10054233563683031
S1,4a010ed1f7af4ac29e58b230f72f190a,0,106,7063000000,7072000000,1,7063000000,106,2.1311520981527092,0.7486817054251667,56,0.6116900943005102,1.1513756585923467,0.07013822812081842,0.0952226179583392
S1,4a010ed1f7af4ac29e58b230f72f190a,0,107,7129000000,7139000000,1,7129000000,107,2.1309037208555153,0.7468916337048391,55,0.6129261331834899,1.1221417697800293,0.06699325010447019,0.08809172773206447
S1,4a010ed1f7af4ac29e58b230f72f190a,0,108,7195000000,7205000000,1,7195000000,108,2.138456075047135,0.7661582268653874,55,0.615543147353947,1.180474332388616,0.06562400585851702,0.08727516872995329
S1,4a010ed1f7af4ac29e58b230f72f190a,0,109,7261000000,7270000000,1,7261000000,109,2.137790811235265,0.7644713556107748,54,0.6083239686133909,1.1747128411701768,0.06273775979117092,0.08394520321374312
S1,4a010ed1f7af4ac29e58b230f72f190a,0,110,7327000000,7345000000,1,7327000000,110,2.1391590325961145,0.7626312131871298,53,0.6116877757685548,1.148954438750064,0.05944809814841391,0.07864389575267279
S1,4a010ed1f7af4ac29e58b230f72f190a,0,111,7393000000,7402000000,1,7393000000,111,2.141421255057331,0.7686150826640843,53,0.6106092173228138,1.171091841039082,0.05623830281390481,0.07472109989588854
S1,4a010ed1f7af4ac29e58b230f72f190a,0,112,7459000000,7468000000,1,7459000000,112,2.1405638781793104,0.768517967620945,52,0.6082750907931584,1.1633716309533342,0.05204480678818754,0.06979607498926092
S1,4a010ed1f7af4ac29e58b230f72f190a,0,113,7525000000,7533000000,1,7525000000,113,2.139135309446541,0.7675147509220386,51,0.6106759995866092,1.157725861803645,0.04696436680531949,0.06386618001137534
S1,4a010ed1f7af4ac29e58b230f72f190a,0,114,7591000000,7600000000,1,7591000000,114,2.145830344028267,0.7772873129703206,50,0.6082999175617587,1.171478360081397,0.04422593286110094,0.06115993084536791
S1,4a010ed1f7af4ac29e58b230f72f190a,0,115,7657000000,7667000000,1,7657000000,115,2.1459872420258024,0.7741371119887156,49,0.610160694916508,1.148194140362609,0.04105737829800281,0.05642354468014984
S1,4a010ed1f7af4ac29e58b230f72f190a,0,116,7723000000,7736000000,1,7723000000,116,2.147264981795452,0.7794672468105105,49,0.6096321967916942,1.16521201853547,0.03802629854914878,0.053241913652799934
S1,4a010ed1f7af4ac29e58b230f72f190a,0,117,7789000000,7797000000,1,7789000000,117,2.1475620426460256,0.7799491021636022,48,0.6151926495483313,1.1770088801638294,0.034823244929971756,0.04962425855275617
S1,4a010ed1f7af4ac29e58b230f72f190a,0,118,7855000000,7866000000,1,7855000000,118,2.1452656688854996,0.7853574886820797,47,0.6179608481514547,1.1646521817181494,0.030625880942573694,0.04752052149001066
S1,4a010ed1f7af4ac29e58b230f72f190a,0,119,7921000000,7930000000,1,7921000000,119,2.1433663558760316,0.7836927822373775,47,0.6154786858457854,1.1586854341908812,0.025881917009840775,0.04412155205090821
S1,4a010ed1f7af4ac29e58b230f72f190a,0,120,7987000000,8012000000,1,7987000000,120,2.1606242212024505,0.791388145044215,45,0.6147567254594934,1.1680800233581663,0.027715415619841414,0.04314576034443441
S1,4a010ed1f7af4ac29e58b230f72f190a,0,121,8053000000,8061000000,1,8053000000,121,2.1505120605620704,0.7932118775179806,46,0.6155888724794254,1.1756037391005856,0.02487078213055396,0.0420024088696884
S1,4a010ed1f7af4ac29e58b230f72f190a,0,122,8119000000,8161000000,1,8119000000,122,2.158012832341875,0.7938612209403227,44,0.6100104528516952,1.1515064515892235,0.0247225162602126,0.040330306642413084
S1,4a010ed1f7af4ac29e58b230f72f190a,0,123,8185000000,8191000000,1,8185000000,123,2.155471677497424,0.7915144903926182,43,0.6108466235405806,1.1598046445379466,0.023102144300319486,0.037199283726159244
S1,4a010ed1f7af4ac29e58b230f72f190a,0,124,8251000000,8261000000,1,8251000000,124,2.154559915727097,0.7970243615003002,43,0.6160294411901877,1.1652103358260968,0.020938393319780212,0.03581371476485273
S1,4a010ed1f7af4ac29e58b230f72f190a,0,125,8317000000,8324000000,1,8317000000,125,2.154728383443852,0.8011895378206009,43,0.6199490173539081,1.1688964989434225,0.01878369961934142,0.03536248911212706
S1,4a010ed1f7af4ac29e58b230f72f190a,0,126,8383000000,8394000000,1,8383000000,126,2.15609935925957,0.7941919254115094,42,0.6049266864620294,1.1550656845394196,0.017120438533346313,0.03164392673634046
S1,4a010ed1f7af4ac29e58b230f72f190a,0,127,8449000000,8458000000,1,8449000000,127,2.163342662509299,0.8033418173751494,41,0.618934129418645,1.1655989900130146,0.01800150364783163,0.03123476514781907
S1,4a010ed1f7af4ac29e58b230f72f190a,0,128,8515000000,8524000000,1,8515000000,128,2.165355178757638,0.808514682514936,41,0.6195476021191786,1.1560773842335355,0.018997824627202783,0.03203037452259738
S1,4a010ed1f7af4ac29e58b230f72f190a,0,129,8581000000,8589000000,1,8581000000,129,2.162605638642839,0.8063508194204999,40,0.6160926223774041,1.1788482812023156,0.018347112971990848,0.031121486855343848
S1,4a010ed1f7af4ac29e58b230f72f190a,0,130,8647000000,8658000000,1,8647000000,130,2.161150611647694,0.8059121417240911,40,0.6146266523942129,1.1550707511305554,0.0168705163269746,0.02950231969536845
S1,4a010ed1f7af4ac29e58b230f72f190a,0,131,8713000000,8723000000,1,8713000000,131,2.1668262921109047,0.808492485422738,39,0.6221398327181914,1.1613372872650494,0.01734119474279453,0.02844494357483434
S1,4a010ed1f7af4ac29e58b230f72f190a,0,132,8779000000,8794000000,1,8779000000,132,2.161672011558797,0.8083362920977388,39,0.6154830804866144,1.1664922611753719,0.015446605618465177,0.026873235520582347
S1,4a010ed1f7af4ac29e58b230f72f190a,0,133,8845000000,8854000000,1,8845000000,133,2.163558942670178,0.8073712126585738,38,0.6236323259178167,1.140569501647764,0.01425494323936645,0.024639289066060374
S1,4a010ed1f7af4ac29e58b230f72f190a,0,134,8911000000,8920000000,1,8911000000,134,2.166457057347014,0.8110519310738051,38,0.61837413840769,1.152438125628448,0.014013763131932857,0.02360569670944817
S1,4a010ed1f7af4ac29e58b230f72f190a,0,135,8977000000,8985000000,1,8977000000,135,2.165652925345062,0.8130112911685142,38,0.6164759627729134,1.1577267708317271,0.01319966020844701,0.02292971001732096
S1,4a010ed1f7af4ac29e58b230f72f190a,0,136,9043000000,9050000000,1,9043000000,136,2.1726034625141875,0.8226018320093282,38,0.6199973064485379,1.1761555752474318,0.014742596412339999,0.025301720400878334
S1,4a010ed1f7af4ac29e58b230f72f190a,0,137,9109000000,9182000000,1,9109000000,137,2.17367347018657,0.8155287695866599,37,0.6198197885468059,1.1550368080815376,0.016002401263893604,0.02403635807241809
S1,4a010ed1f7af4ac29e58b230f72f190a,0,138,9175000000,9187000000,1,9175000000,138,2.1717331330436522,0.8150057666312537,37,0.6134407108071169,1.146717652572792,0.015923451149707328,0.022272226430924982
S1,4a010ed1f7af4ac29e58b230f72f190a,0,139,9241000000,9251000000,1,9241000000,139,2.1675294076915916,0.8168401127325982,37,0.6166392744049823,1.1571063315251897,0.01396853099968972,0.02100296785550326
S1,4a010ed1f7af4ac29e58b230f72f190a,0,140,9307000000,9314000000,1,9307000000,140,2.1799872805426257,0.8273145285957094,36,0.6153612179942254,1.1634089484222017,0.016570774243644247,0.023268085862025667
S1,4a010ed1f7af4ac29e58b230f72f190a,0,141,9373000000,9382000000,1,9373000000,141,2.1741350036583373,0.8215220614881428,36,0.614010768617183,1.1543579239624717,0.0161353070774028,0.022427350836747715
S1,4a010ed1f7af4ac29e58b230f72f190a,0,142,9439000000,9449000000,1,9439000000,142,2.1796178090873397,0.8306343142715584,36,0.6139738221847069,1.1705701447357633,0.017380514930596207,0.02450827875916073
S1,4a010ed1f7af4ac29e58b230f72f190a,0,143,9505000000,9514000000,1,9505000000,143,2.1816763303393008,0.8300050842370698,35,0.6197869498772861,1.1661868046780073,0.018697240184964586,0.025351164814841624
S1,4a010ed1f7af4ac29e58b230f72f190a,0,144,9571000000,9598000000,1,9571000000,144,2.1757494951965444,0.8244066185598357,35,0.6145869794680727,1.1570423029590455,0.017163862514517368,0.023401728914917153
S1,4a010ed1f7af4ac29e58b230f72f190a,0,145,9637000000,9647000000,1,9637000000,145,2.1723013903293,0.8270552193425749,35,0.6174409238565898,1.1725520869890997,0.01429695338742961,0.022251738528834906
S1,4a010ed1f7af4ac29e58b230f72f190a,0,146,9703000000,9714000000,1,9703000000,146,2.1829709840662845,0.8380189198384213,35,0.6187425617452555,1.180155545108243,0.015523427249109231,0.024758054040928505
S1,4a010ed1f7af4ac29e58b230f72f190a,0,147,9769000000,9776000000,1,9769000000,147,2.1831353275673315,0.8267262514918833,34,0.617522127344055,1.1433455769161793,0.01618731111102899,0.022092722784079262
S1,4a010ed1f7af4ac29e58b230f72f190a,0,148,9835000000,9845000000,1,9835000000,148,2.1831661872769916,0.8316441639186276,34,0.619185750001628,1.1638411684696586,0.016340730082683757,0.021222717826592664
S1,4a010ed1f7af4ac29e58b230f72f190a,0,149,9901000000,9911000000,1,9901000000,149,2.179812297189953,0.8258501813060342,33,0.6190576378513455,1.151307091125316,0.014866392693640984,0.017941199793818675
S1,4a010ed1f7af4ac29e58b230f72f190a,0,150,9967000000,9978000000,1,9967000000,150,2.172287700769058,0.8300442566437216,35,0.6178118885877677,1.1777723831602045,0.010632984109253708,0.016420039300235532
S1,4a010ed1f7af4ac29e58b230f72f190a,0,151,10033000000,10041000000,1,10033000000,151,2.168854749246937,0.8193306552267974,34,0.6150331404009872,1.1545226745746713,0.005783304263576415,0.010964150943081626
S1,4a010ed1f7af4ac29e58b230f72f190a,0,152,10099000000,10109000000,1,10099000000,152,2.1788628200012345,0.8299125693614784,34,0.61790291779043,1.1824212625634143,0.005399860529626931,0.010182973860824316
S1,4a010ed1f7af4ac29e58b230f72f190a,0,153,10165000000,10175000000,1,10165000000,153,2.177426428537287,0.8224290906258768,33,0.6156055150771969,1.155354755899752,0.004449866258904957,0.006625955612780806
S1,4a010ed1f7af4ac29e58b230f72f190a,0,154,10231000000,10240000000,1,10231000000,154,2.1761932332563783,0.8247600944319606,33,0.6167645990010421,1.1664625573355936,0.0031458609596557293,0.004484111400323452
S1,4a010ed1f7af4ac29e58b230f72f190a,0,155,10297000000,10308000000,1,10297000000,155,2.1751510331972344,0.8240784621454207,33,0.6178474946703336,1.1531884360388005,0.0016605914608517564,0.002431751558059937
S1,4a010ed1f7af4ac29e58b230f72f190a,0,156,10363000000,10371000000,1,10363000000,156,2.1724774024672415,0.8210153587695219,33,0.6201174776600933,1.1625884390165901,-0.0005207656636128715,-0.00035837613083831293
S1,4a010ed1f7af4ac29e58b230f72f190a,0,157,10429000000,10458000000,1,10429000000,157,2.1697522497707356,0.8188078895049689,33,0.6193786459839785,1.1649463138482792,-0.0032214280873631967,-0.003359755412475905
S1,4a010ed1f7af4ac29e58b230f72f190a,0,158,10495000000,10504000000,1,10495000000,158,2.175490296289384,0.8226539610929947,33,0.6184179873984236,1.1554056620750754,-0.003222501936197336,-0.0042775822941551215
S1,4a010ed1f7af4ac29e58b230f72f190a,0,159,10561000000,10569000000,1,10561000000,159,2.178171611289395,0.8171965231267381,32,0.6204851912614773,1.1446010829585176,-0.0021812046025293736,-0.006869804875804252
S1,4a010ed1f7af4ac29e58b230f72f190a,0,160,10627000000,10636000000,1,10627000000,160,2.168297517391572,0.8179507585030839,33,0.6162636417961089,1.1583867114578557,-0.004858449882417603,-0.008492786910114373
S1,4a010ed1f7af4ac29e58b230f72f190a,0,161,10693000000,10704000000,1,10693000000,161,2.1611467267878135,0.8176683213460771,34,0.618695940173646,1.1663764778746253,-0.009443387572079291,-0.009681066909978563
S1,4a010ed1f7af4ac29e58b230f72f190a,0,162,10759000000,10770000000,1,10759000000,162,2.1636482108490482,0.8121401247928159,33,0.6161078121516785,1.1486996723018639,-0.011957943964159301,-0.012385047182687906
S1,4a010ed1f7af4ac29e58b230f72f190a,0,163,10825000000,10850000000,1,10825000000,163,2.1683348233667252,0.8172838609973556,33,0.6221454065009103,1.1744535668228389,-0.011982263070947921,-0.012384977940857439
S1,4a010ed1f7af4ac29e58b230f72f190a,0,164,10891000000,10900000000,1,10891000000,164,2.160915687215806,0.8052953270691587,33,0.6205576287440566,1.1434249208507175,-0.014388468981724255,-0.016407723867397826
S1,4a010ed1f7af4ac29e58b230f72f190a,0,165,10957000000,10964000000,1,10957000000,165,2.163074976416886,0.8124239282488045,33,0.6166845937626609,1.1736365556286477,-0.015179113416111098,-0.016644199257199017
S1,4a010ed1f7af4ac29e58b230f72f190a,0,166,11023000000,11031000000,1,11023000000,166,2.167816196203285,0.8182829836097351,33,0.6139631277162451,1.175695248255383,-0.013738665052330387,-0.014326456838956288
S1,4a010ed1f7af4ac29e58b230f72f190a,0,167,11089000000,11100000000,1,11089000000,167,2.1586428895058307,0.8070557320278109,33,0.6184171876976852,1.146897947406479,-0.01557199486125716,-0.01618900765265948
S1,4a010ed1f7af4ac29e58b230f72f190a,0,168,11155000000,11166000000,1,11155000000,168,2.162048040421215,0.8139104373165216,33,0.61910640737074,1.173929895853769,-0.015431083190647185,-0.014814419980318102
S1,4a010ed1f7af4ac29e58b230f72f190a,0,169,11221000000,11231000000,1,11221000000,169,2.155383894718778,0.8013100329527197,33,0.6153364864941002,1.1610717488369984,-0.017352273240402318,-0.017908588436900203
S1,4a010ed1f7af4ac29e58b230f72f190a,0,170,11287000000,11296000000,1,11287000000,170,2.1560161545443477,0.8099168792483755,33,0.6176474861142884,1.1633105542773272,-0.01823733593817051,-0.016839905418383164
S1,4a010ed1f7af4ac29e58b230f72f190a,0,171,11353000000,11361000000,1,11353000000,171,2.1655497746807684,0.8133548687270663,33,0.6122809809195997,1.1776316245424714,-0.015073380408799504,-0.01435324106026959
S1,4a010ed1f7af4ac29e58b230f72f190a,0,172,11419000000,11430000000,1,11419000000,172,2.165365381070049,0.8101627243193842,32,0.6165337961301738,1.161322521341833,-0.012269793149896655,-0.013187556209450762
S1,4a010ed1f7af4ac29e58b230f72f190a,0,173,11485000000,11532000000,1,11485000000,173,2.155396381056555,0.7999386103497722,32,0.6153186010683749,1.1466355254659575,-0.013342426643036545,-0.0156305111993678
S1,4a010ed1f7af4ac29e58b230f72f190a,0,174,11551000000,11607000000,1,11551000000,174,2.1502649798169053,0.7996388232168269,33,0.6171368925085853,1.172429265642235,-0.01572469118579206,-0.017306340270764563
S1,4a010ed1f7af4ac29e58b230f72f190a,0,175,11617000000,11695000000,1,11617000000,175,2.151258530412564,0.7956087946536693,32,0.6187871547755224,1.13988129927656,-0.016884362117605394,-0.019676635191201542
S1,4a010ed1f7af4ac29e58b230f72f190a,0,176,11683000000,11724000000,1,11683000000,176,2.1585889938500356,0.8010114080926299,32,0.6086403684470076,1.1533726998330838,-0.0147639356172772,-0.01914514323700974
S1,4a010ed1f7af4ac29e58b230f72f190a,0,177,11749000000,11760000000,1,11749000000,177,2.1605156951246416,0.796473491855099,31,0.6147812449909147,1.154747631557759,-0.012035899091938982,-0.019902324601139394
S1,4a010ed1f7af4ac29e58b230f72f190a,0,178,11815000000,11822000000,1,11815000000,178,2.149833199634296,0.8005188755075111,32,0.614055800160004,1.1554602179336904,-0.01343100303255897,-0.01857362985929727
S1,4a010ed1f7af4ac29e58b230f72f190a,0,179,11881000000,11889000000,1,11881000000,179,2.144828264046289,0.7876762870180034,32,0.6137094140943222,1.1460308442267726,-0.01602161768966234,-0.02170209771595952
S1,4a010ed1f7af4ac29e58b230f72f190a,0,180,11947000000,11957000000,1,11947000000,180,2.1484117620653738,0.7956928415786052,32,0.6151278066736685,1.1530551095918318,-0.016406974134364857,-0.020783051258708284
S1,4a010ed1f7af4ac29e58b230f72f190a,0,181,12013000000,12065000000,1,12013000000,181,2.1518645218777936,0.8041652998472404,32,0.6096548560158723,1.169608487409611,-0.015079584587249884,-0.01650851277053278
S1,4a010ed1f7af4ac29e58b230f72f190a,0,182,12079000000,12100000000,1,12079000000,182,2.157894578774201,0.7970267149613907,31,0.6206329570245219,1.1425919584869562,-0.011495959320257248,-0.015293422141015459
S1,4a010ed1f7af4ac29e58b230f72f190a,0,183,12145000000,12155000000,1,12145000000,183,2.152076589189783,0.7985347899619073,32,0.6144920169452204,1.1735922567423835,-0.010472935285554028,-0.0134222617508091
S1,4a010ed1f7af4ac29e58b230f72f190a,0,184,12211000000,12222000000,1,12211000000,184,2.1426996442493293,0.7887662210888694,32,0.6117052918799595,1.1512537223404347,-0.012788590073471651,-0.015135544458420188
S1,4a010ed1f7af4ac29e58b230f72f190a,0,185,12277000000,12287000000,1,12277000000,185,2.1493326744785834,0.7951293670223879,32,0.6176260820172078,1.1700284646859505,-0.011934348352501876,-0.013844510474594103
S1,4a010ed1f7af4ac29e58b230f72f190a,0,186,12343000000,12354000000,1,12343000000,186,2.1515979846100888,0.7912871160989466,31,0.6152927167627609,1.141665689658938,-0.010156801207841787,-0.01387418807867307
S1,4a010ed1f7af4ac29e58b230f72f190a,0,187,12409000000,12419000000,1,12409000000,187,2.15449505063853,0.8009603021572117,31,0.6184628415020242,1.1688598786499622,-0.007461025873227712,-0.010084616827321943
S1,4a010ed1f7af4ac29e58b230f72f190a,0,188,12475000000,12486000000,1,12475000000,188,2.146198527837706,0.7907562956371675,31,0.615866344776202,1.154510497369033,-0.008131266437323918,-0.010511079495495153
S1,4a010ed1f7af4ac29e58b230f72f190a,0,189,12541000000,12554000000,1,12541000000,189,2.142289502630989,0.7913544450832073,32,0.6102186354989432,1.17800522355106,-0.009877754974719872,-0.010384415945517226
S1,4a010ed1f7af4ac29e58b230f72f190a,0,190,12607000000,12616000000,1,12607000000,190,2.144446134330542,0.7877456580355471,31,0.613521919360843,1.160355363744532,-0.010252839392690727,-0.011336605318091868
S1,4a010ed1f7af4ac29e58b230f72f190a,0,191,12673000000,12734000000,1,12673000000,191,2.149697863375686,0.7815907732102023,30,0.6175371446474115,1.1487645175000767,-0.008415739524185398,-0.014039490184556833
S1,4a010ed1f7af4ac29e58b230f72f190a,0,192,12739000000,12760000000,1,12739000000,192,2.1554341284155205,0.7898323873579306,30,0.615158432935027,1.1512646720032962,-0.004691652020055304,-0.012883662433237974
S1,4a010ed1f7af4ac29e58b230f72f190a,0,193,12805000000,12814000000,1,12805000000,193,2.146410444599972,0.78065972442727,30,0.6104855166079017,1.1486382352132156,-0.0048732320633908645,-0.014963030324873398
S1,4a010ed1f7af4ac29e58b230f72f190a,0,194,12871000000,12879000000,1,12871000000,194,2.136159396735147,0.7866786938874425,31,0.616503593206279,1.1618850588099703,-0.00859303333274544,-0.014090657361127561
S1,4a010ed1f7af4ac29e58b230f72f190a,0,195,12937000000,12945000000,1,12937000000,195,2.1411210058006174,0.7808898723150987,30,0.6162379992438278,1.1329778431325765,-0.009555094356595191,-0.01514781693418946
S1,4a010ed1f7af4ac29e58b230f72f190a,0,196,13003000000,13011000000,1,13003000000,196,2.147460056145993,0.7896817676586227,30,0.6153508559705855,1.1751023383150205,-0.007809003209759995,-0.012461011399575846
S1,4a010ed1f7af4ac29e58b230f72f190a,0,197,13069000000,13078000000,1,13069000000,197,2.1390017010429685,0.7797996081985921,30,0.6175776503240662,1.155485576602925,-0.00928316690075032,-0.013590536676385734
S1,4a010ed1f7af4ac29e58b230f72f190a,0,198,13135000000,13142000000,1,13135000000,198,2.136551979683972,0.7807023690681357,31,0.6113717416699439,1.1560923688701188,-0.011114975212124902,-0.013839124244807231
S1,4a010ed1f7af4ac29e58b230f72f190a,0,199,13201000000,13209000000,1,13201000000,199,2.137980526005307,0.7785181318465363,30,0.610823426492499,1.1698810762734322,-0.011790575188593728,-0.014494111886733002
S1,4a010ed1f7af4ac29e58b230f72f190a,0,200,13267000000,13276000000,1,13267000000,200,2.146249691304967,0.7856693706330871,30,0.6107207410713387,1.1651600813948895,-0.00906889518802197,-0.012094386648106335
S1,4a010ed1f7af4ac29e58b230f72f190a,0,201,13333000000,13342000000,1,13333000000,201,2.13603727988811,0.7778099910851402,30,0.615649843972163,1.1553432387739866,-0.010370281710639282,-0.012732109882755348
S1,4a010ed1f7af4ac29e58b230f72f190a,0,202,13399000000,13409000000,1,13399000000,202,2.129988781396824,0.7820171409929969,31,0.6142784971033448,1.162214315438093,-0.013335036539633055,-0.011420743863509926
S1,4a010ed1f7af4ac29e58b230f72f190a,0,203,13465000000,13473000000,1,13465000000,203,2.1361705408717255,0.7757575048025225,30,0.6077843691002403,1.1479011784757254,-0.013145607919913321,-0.012362403942438711
S1,4a010ed1f7af4ac29e58b230f72f190a,0,204,13531000000,13609000000,1,13531000000,204,2.1386683597186704,0.7728899926245321,29,0.6089284259491614,1.1549988568041,-0.011783313394400093,-0.01384874376525166
S1,4a010ed1f7af4ac29e58b230f72f190a,0,205,13597000000,13635000000,1,13597000000,205,2.1350500017717122,0.7753159813111989,30,0.6133645464357423,1.1633010328681823,-0.011724783250593729,-0.01382593035171573
S1,4a010ed1f7af4ac29e58b230f72f190a,0,206,13663000000,13671000000,1,13663000000,206,2.136399534940566,0.7734636513015585,29,0.6154364091629305,1.1468932383412422,-0.010913678416901053,-0.014146254984813656
S1,4a010ed1f7af4ac29e58b230f72f190a,0,207,13729000000,13738000000,1,13729000000,207,2.134181415160524,0.775259540137338,30,0.6139204990882738,1.166091199769518,-0.01080914893712716,-0.013417620825257201
S1,4a010ed1f7af4ac29e58b230f72f190a,0,208,13795000000,13804000000,1,13795000000,208,2.133939099200284,0.7751933237123415,29,0.61059099061306,1.1524746660489853,-0.010556525074544415,-0.01254413463121379
S1,4a010ed1f7af4ac29e58b230f72f190a,0,209,13861000000,13869000000,1,13861000000,209,2.1271774104686134,0.781576219025782,30,0.612392503081673,1.166794089568338,-0.012540011119261065,-0.009254045821894794
S1,4a010ed1f7af4ac29e58b230f72f190a,0,210,13927000000,13937000000,1,13927000000,210,2.1334328983524884,0.7751487314756321,29,0.6167168976121382,1.160526693117272,-0.011563937468256234,-0.008736816939229662
S1,4a010ed1f7af4ac29e58b230f72f190a,0,211,13993000000,14008000000,1,13993000000,211,2.126063027130374,0.7655112438192923,29,0.6147949503015079,1.1405017438552751,-0.013168173006875245,-0.011589088122078801
S1,4a010ed1f7af4ac29e58b230f72f190a,0,212,14059000000,14068000000,1,14059000000,212,2.1320285864644655,0.7770463147294986,29,0.6116554438909966,1.1647603012629018,-0.01198050318251089,-0.009424094135189558
S1,4a010ed1f7af4ac29e58b230f72f190a,0,213,14125000000,14135000000,1,14125000000,213,2.125306070558575,0.7665174811520655,29,0.6101564086763234,1.145526910647332,-0.013173743168226532,-0.011272915395627851
S1,4a010ed1f7af4ac29e58b230f72f190a,0,214,14191000000,14200000000,1,14191000000,214,2.1349398472937584,0.7749410167133518,29,0.6143954623575099,1.1587734425277394,-0.01033871699386165,-0.009439322632806843
S1,4a010ed1f7af4ac29e58b230f72f190a,0,215,14257000000,14263000000,1,14257000000,215,2.1351271741271427,0.7749139720528594,28,0.6219971816783256,1.1551220406628915,-0.007774923594424445,-0.007769100111190004
S1,4a010ed1f7af4ac29e58b230f72f190a,0,216,14323000000,14340000000,1,14323000000,216,2.1323441020050433,0.778460985735314,29,0.6140195345268911,1.1750926098071728,-0.006557046546145428,-0.004981223454652932
S1,4a010ed1f7af4ac29e58b230f72f190a,0,217,14389000000,14396000000,1,14389000000,217,2.1246203576964646,0.7690687460354038,29,0.6099241856779263,1.1447640046162109,-0.008215755256806094,-0.006031861429087626
S1,4a010ed1f7af4ac29e58b230f72f190a,0,218,14455000000,14463000000,1,14455000000,218,2.128556570950789,0.7662873017862776,28,0.6054248863003868,1.1468834325470896,-0.007919815763779127,-0.007724179222858663
S1,4a010ed1f7af4ac29e58b230f72f190a,0,219,14521000000,14529000000,1,14521000000,219,2.1392615392762226,0.77434635640898,28,0.6017758180287787,1.154776242694999,-0.0036417159192001433,-0.0059819397647400485
S1,4a010ed1f7af4ac29e58b230f72f190a,0,220,14587000000,14594000000,1,14587000000,220,2.128080441725844,0.7689401225985213,28,0.6134277846611973,1.1641847438499764,-0.004185341332181507,-0.006403494729284381
S1,4a010ed1f7af4ac29e58b230f72f190a,0,221,14653000000,14661000000,1,14653000000,221,2.122352664495549,0.7579537019112125,28,0.6053333326471753,1.1344015299691372,-0.006580043592184619,-0.010542245640556043
S1,4a010ed1f7af4ac29e58b230f72f190a,0,222,14719000000,14728000000,1,14719000000,222,2.1256473061038177,0.7556930184436731,27,0.6127390676269786,1.1142001605316727,-0.007138290691208462,-0.014391365484091393
S1,4a010ed1f7af4ac29e58b230f72f190a,0,223,14785000000,14793000000,1,14785000000,223,2.1196460204131142,0.7630486110773215,28,0.6154201489004876,1.159679370168573,-0.009572909911091686,-0.014456187718778279
S1,4a010ed1f7af4ac29e58b230f72f190a,0,224,14851000000,14860000000,1,14851000000,224,2.124068935504635,0.7598990778668764,27,0.6121501468412076,1.1455916664382204,-0.0096854146283673,-0.015298235451239124
S1,4a010ed1f7af4ac29e58b230f72f190a,0,225,14917000000,14941000000,1,14917000000,225,2.132628946018183,0.7713715278154216,27,0.6132368704118585,1.172166046982993,-0.006462013733733229,-0.01147179957520879
S1,4a010ed1f7af4ac29e58b230f72f190a,0,226,14983000000,14992000000,1,14983000000,226,2.124850178928329,0.7630483494069339,27,0.6163414150561786,1.1589857957264906,-0.00655068942139069,-0.011158728175408344
S1,4a010ed1f7af4ac29e58b230f72f190a,0,227,15049000000,15058000000,1,15049000000,227,2.1198464894457154,0.7704047275930221,28,0.612470305014702,1.1575332734390789,-0.00826725867898366,-0.007995899432570175
S1,4a010ed1f7af4ac29e58b230f72f190a,0,228,15115000000,15123000000,1,15115000000,228,2.1253588806793697,0.7665991441804844,27,0.6133093313972307,1.1494746257284825,-0.007448435505458019,-0.00666543357317784
S1,4a010ed1f7af4ac29e58b230f72f190a,0,229,15181000000,15188000000,1,15181000000,229,2.1189827889639123,0.7559481145243053,27,0.6106809822084915,1.1261050086314577,-0.00891745236016979,-0.00928632251643349
S1,4a010ed1f7af4ac29e58b230f72f190a,0,230,15247000000,15255000000,1,15247000000,230,2.1165573759910967,0.7611355527147722,28,0.6154699604285379,1.1601408335238637,-0.010745113142676609,-0.009278200563430638
S1,4a010ed1f7af4ac29e58b230f72f190a,0,231,15313000000,15321000000,1,15313000000,231,2.1219483751389268,0.7575762535391909,27,0.6200332275529978,1.1535094011795315,-0.009999303938089746,-0.010332965965254333
S1,4a010ed1f7af4ac29e58b230f72f190a,0,232,15379000000,15386000000,1,15379000000,232,2.1232782876436334,0.7587941323089077,26,0.6149946968246558,1.1221645752647056,-0.008690670659778145,-0.010486151356180128
S1,4a010ed1f7af4ac29e58b230f72f190a,0,233,15445000000,15452000000,1,15445000000,233,2.122551966126879,0.7626445044878959,27,0.608712385475505,1.1733109491962341,-0.007706800411333757,-0.008971987991665018
S1,4a010ed1f7af4ac29e58b230f72f190a,0,234,15511000000,15520000000,1,15511000000,234,2.1262927281878,0.7612651560768492,26,0.6163908457477487,1.1555537236964215,-0.005395502103092585,-0.008053429061759291
S1,4a010ed1f7af4ac29e58b230f72f190a,0,235,15577000000,15585000000,1,15577000000,235,2.120864799502228,0.7499198665669168,26,0.6172226233488236,1.1290302886199972,-0.0053870542165005385,-0.011218333846549243
S1,4a010ed1f7af4ac29e58b230f72f190a,0,236,15643000000,15651000000,1,15643000000,236,2.1162122396899274,0.7590332321931332,27,0.6045341869270147,1.1508423465659627,-0.006927732851094194,-0.010182412127341752
S1,4a010ed1f7af4ac29e58b230f72f190a,0,237,15709000000,15718000000,1,15709000000,237,2.12046679176821,0.7570021968438032,26,0.6151586522862373,1.1327157933496967,-0.006454070426496318,-0.009849419079707765
S1,4a010ed1f7af4ac29e58b230f72f190a,0,238,15775000000,15783000000,1,15775000000,238,2.1131667256398114,0.7483824437836779,26,0.6106198518108297,1.1306275796339718,-0.00855345952726995,-0.012455011098187349
S1,4a010ed1f7af4ac29e58b230f72f190a,0,239,15841000000,15849000000,1,15841000000,239,2.1248963075656517,0.7594229524560465,26,0.6063252695986292,1.1715890234488886,-0.005792885538823755,-0.010251703211742801
S1,4a010ed1f7af4ac29e58b230f72f190a,0,240,15973000000,16032000000,1,15973000000,240,2.10822830251131,0.744507607514834,26,0.6161062953204341,1.117193485223643,-0.010078963696528585,-0.014051999656744437
S1,4a010ed1f7af4ac29e58b230f72f190a,0,241,16039000000,16047000000,1,16039000000,241,2.1187268923394305,0.7570415386997388,26,0.6158513787543891,1.1798393712547797,-0.008481000591793185,-0.011123865116153278
S1,4a010ed1f7af4ac29e58b230f72f190a,0,242,16105000000,16112000000,1,16105000000,242,2.1234579824091293,0.7558907555892748,25,0.6059888496572625,1.1484278734890008,-0.00509794515744108,-0.009115717164486007
S1,4a010ed1f7af4ac29e58b230f72f190a,0,243,16171000000,16179000000,1,16171000000,243,2.1162263280573614,0.747184667940583,25,0.6090118717899886,1.1309856068960948,-0.005350862706955962,-0.01089620995289316
S1,4a010ed1f7af4ac29e58b230f72f190a,0,244,16237000000,16254000000,1,16237000000,244,2.1110552077297595,0.7588591676240881,26,0.6160816148512471,1.182779941092538,-0.007467655132267206,-0.007298518676166607
S1,4a010ed1f7af4ac29e58b230f72f190a,0,245,16303000000,16323000000,1,16303000000,245,2.1172813600272273,0.7552240195750766,25,0.6144917353358939,1.1582349349813186,-0.006443876033843549,-0.005787224656058531
S1,4a010ed1f7af4ac29e58b230f72f190a,0,246,16369000000,16376000000,1,16369000000,246,2.1112540462756297,0.7457163023742293,25,0.6156223303900137,1.134650569933298,-0.007829732009496175,-0.008165086004271934
S1,4a010ed1f7af4ac29e58b230f72f190a,0,247,16435000000,16444000000,1,16435000000,247,2.1177902876283934,0.7419426620406299,24,0.617760665135874,1.1216456262049144,-0.006198058930283437,-0.01124044398208627
S1,4a010ed1f7af4ac29e58b230f72f190a,0,248,16501000000,16509000000,1,16501000000,248,2.1128103728309275,0.7530920452377424,25,0.6185899343425842,1.157175184062373,-0.006664889892311868,-0.009119331078280148
S1,4a010ed1f7af4ac29e58b230f72f190a,0,249,16567000000,16575000000,1,16567000000,249,2.1076453988893835,0.7431390557102808,25,0.6070604438810949,1.1423457370826917,-0.008801041846949612,-0.010978033600485883
S1,4a010ed1f7af4ac29e58b230f72f190a,0,250,16633000000,16641000000,1,16633000000,250,2.114863522877691,0.7621094626025805,25,0.6168335467230639,1.159918062297652,-0.007565852961469815,-0.0050994767968220115
S1,4a010ed1f7af4ac29e58b230f72f190a,0,251,16699000000,16705000000,1,16699000000,251,2.1096759226732975,0.7510186292526271,25,0.6141426143029993,1.1339401650083563,-0.008331647909183523,-0.004472904235306328
S1,4a010ed1f7af4ac29e58b230f72f190a,0,252,16765000000,16771000000,1,16765000000,252,2.1153163157889483,0.7496699240361592,24,0.6136124173166548,1.1476706319671355,-0.0066581966762317354,-0.00436835167179693
S1,4a010ed1f7af4ac29e58b230f72f190a,0,253,16831000000,16840000000,1,16831000000,253,2.1076967063889014,0.7419979926406667,24,0.6172650012537861,1.1205414868873427,-0.007967853167162049,-0.006986062696652051
S1,4a010ed1f7af4ac29e58b230f72f190a,0,254,16897000000,16905000000,1,16897000000,254,2.10403872991896,0.7532867010996663,25,0.6143767582976878,1.152604955622782,-0.010140600770130365,-0.004768072854611333
S1,4a010ed1f7af4ac29e58b230f72f190a,0,255,16963000000,16971000000,1,16963000000,255,2.115524782185408,0.7440805651117927,24,0.6077554850264462,1.1484645099898128,-0.007440193605294023,-0.006247314093226158
S1,4a010ed1f7af4ac29e58b230f72f190a,0,256,17029000000,17037000000,1,17029000000,256,2.105280975994044,0.7405066283507363,24,0.6154408909811211,1.1296574561458026,-0.008840664827851157,-0.008561831327093398
S1,4a010ed1f7af4ac29e58b230f72f190a,0,257,17095000000,17102000000,1,17095000000,257,2.112478383087695,0.7366698073041805,23,0.616567827064302,1.1163011353237937,-0.007133685119893374,-0.011576206413425362
S1,4a010ed1f7af4ac29e58b230f72f190a,0,258,17161000000,17169000000,1,17161000000,258,2.10958020133,0.7480663254614011,24,0.614243742067432,1.1582730201612612,-0.006659243274971381,-0.009569197883506332
S1,4a010ed1f7af4ac29e58b230f72f190a,0,259,17227000000,17235000000,1,17227000000,259,2.1034266802246635,0.7393090151516444,24,0.6036271940874762,1.1498533686246737,-0.008345875170786434,-0.010912177745531682
S1,4a010ed1f7af4ac29e58b230f72f190a,0,260,17293000000,17382000000,1,17293000000,260,2.1172059150818443,0.7518404196199152,24,0.6091043237741776,1.172785344885331,-0.004513722699610044,-0.007196637481970969
S1,4a010ed1f7af4ac29e58b230f72f190a,0,261,17359000000,17407000000,1,17359000000,261,2.107804877660762,0.7474993763333746,24,0.6126205092149544,1.1548666333436812,-0.004756966782871896,-0.00564412684540295
S1,4a010ed1f7af4ac29e58b230f72f190a,0,262,17425000000,17433000000,1,17425000000,262,2.1017685356437945,0.7384531279377611,24,0.6049862953686036,1.1240861094111076,-0.007012468637910609,-0.007538938727924565
S1,4a010ed1f7af4ac29e58b230f72f190a,0,263,17557000000,17591000000,1,17557000000,263,2.1027477321520305,0.7523997578840979,24,0.6153695542895528,1.16516190393312,-0.008349736757111842,-0.0028341599471955687
S1,4a010ed1f7af4ac29e58b230f72f190a,0,264,17623000000,17632000000,1,17623000000,264,2.113403218536187,0.7446480730855187,23,0.611607022094347,1.1431794995611146,-0.004572514406145138,-0.0026020245079640446
S1,4a010ed1f7af4ac29e58b230f72f190a,0,265,17689000000,17696000000,1,17689000000,265,2.1020352040760866,0.7431554508066326,23,0.6196344309904733,1.126285342927218,-0.006348336963497214,-0.0029768387443689947
S1,4a010ed1f7af4ac29e58b230f72f190a,0,266,17755000000,17764000000,1,17755000000,266,2.096545301771296,0.7339099987703099,23,0.6156920432300337,1.1179083495922073,-0.009747709887390262,-0.006937815103109814
S1,4a010ed1f7af4ac29e58b230f72f190a,0,267,17821000000,17829000000,1,17821000000,267,2.1103621029338044,0.7488450226785951,23,0.6120784201612524,1.1661814186080715,-0.006553263540740772,-0.0037974186289582534
S1,4a010ed1f7af4ac29e58b230f72f190a,0,268,17887000000,17893000000,1,17887000000,268,2.1025301188817984,0.7424106883944692,23,0.604481972015005,1.1447967069226959,-0.0070212111911605824,-0.0038284245437117947
S1,4a010ed1f7af4ac29e58b230f72f190a,0,269,17953000000,17961000000,1,17953000000,269,2.0956380529236833,0.7355057947190337,23,0.6079776949717743,1.1408214140249942,-0.009874927680169364,-0.006432968080572768
S1,4a010ed1f7af4ac29e58b230f72f190a,0,270,18019000000,18028000000,1,18019000000,270,2.109565905850169,0.7500489211132549,23,0.6146015039145043,1.1454947335889243,-0.006492561521302398,-0.0027095044393004677
S1,4a010ed1f7af4ac29e58b230f72f190a,0,271,18085000000,18093000000,1,18085000000,271,2.102126732550991,0.7437682843396984,23,0.6066485276326872,1.1475913367310646,-0.006527050302113987,-0.0021351999166503563
S1,4a010ed1f7af4ac29e58b230f72f190a,0,272,18151000000,18159000000,1,18151000000,272,2.0954927059187525,0.735941174244303,23,0.6136476267637963,1.1329721380029112,-0.008881781625074105,-0.004572853975402181
S1,4a010ed1f7af4ac29e58b230f72f190a,0,273,18217000000,18225000000,1,18217000000,273,2.1021044363756265,0.7354940199173927,22,0.6096128198736508,1.112099968040921,-0.008040501068659313,-0.006529222545313458
S1,4a010ed1f7af4ac29e58b230f72f190a,0,274,18283000000,18290000000,1,18283000000,274,2.100501801811,0.7475392501893335,23,0.6127896830367734,1.1791000256945383,-0.007778286652157612,-0.003449461755744496
S1,4a010ed1f7af4ac29e58b230f72f190a,0,275,18349000000,18358000000,1,18349000000,275,2.0951510909228652,0.738740466342796,23,0.6060624869566471,1.1508263592572785,-0.009349923265653986,-0.004182429822463582
S1,4a010ed1f7af4ac29e58b230f72f190a,0,276,18415000000,18423000000,1,18415000000,276,2.101277847010559,0.7386985962173338,22,0.6151414236040895,1.132670283033314,-0.008119556581338297,-0.004673130111537525
S1,4a010ed1f7af4ac29e58b230f72f190a,0,277,18481000000,18490000000,1,18481000000,277,2.094111390791156,0.732163183451382,22,0.6151127420183062,1.1275172187193703,-0.00956582201082682,-0.0073282255807140834
S1,4a010ed1f7af4ac29e58b230f72f190a,0,278,18547000000,18554000000,1,18547000000,278,2.1051201741815095,0.7255411466699859,21,0.6097076378530399,1.105502131497466,-0.0064790689327167,-0.011652883436431626
S1,4a010ed1f7af4ac29e58b230f72f190a,0,279,18613000000,18633000000,1,18613000000,279,2.102064469758013,0.7412356363653047,22,0.6154349864826825,1.166367544982213,-0.0049925228103962875,-0.009103674015409926
S1,4a010ed1f7af4ac29e58b230f72f190a,0,280,18679000000,18687000000,1,18679000000,280,2.09521588903962,0.7342442604056636,22,0.6126695921084939,1.1576365992264792,-0.006175032965875377,-0.009399116618142463
S1,4a010ed1f7af4ac29e58b230f72f190a,0,281,18745000000,18752000000,1,18745000000,281,2.1045544006952475,0.73067067074176,21,0.6096221388411913,1.149510020006056,-0.0035899709838063225,-0.010700025530725148
S1,4a010ed1f7af4ac29e58b230f72f190a,0,282,18811000000,18819000000,1,18811000000,282,2.1041163767754365,0.7428179309683055,22,0.6125367225484284,1.1606827870884162,-0.0016145495423956638,-0.007091047325305726
S1,4a010ed1f7af4ac29e58b230f72f190a,0,283,18877000000,18886000000,1,18877000000,283,2.0968115399644134,0.7373516316454993,22,0.6119965386940707,1.1580480301100147,-0.0026452665586192995,-0.006033306211628166
S1,4a010ed1f7af4ac29e58b230f72f190a,0,284,18943000000,18950000000,1,18943000000,284,2.1038605075350367,0.7371673981243264,21,0.6143446267976933,1.137067583784468,-0.0008581389894481062,-0.005117377231035777
S1,4a010ed1f7af4ac29e58b230f72f190a,0,285,19009000000,19035000000,1,19009000000,285,2.097269660037783,0.7298168702147668,21,0.6133980954027998,1.1111465654999215,-0.0017957036578757656,-0.0069185024924169
S1,4a010ed1f7af4ac29e58b230f72f190a,0,286,19075000000,19084000000,1,19075000000,286,2.0909212425209875,0.7226250031114523,21,0.601536490194682,1.1122770893047909,-0.004784579426876913,-0.01077464249910924
S1,4a010ed1f7af4ac29e58b230f72f190a,0,287,19141000000,19150000000,1,19141000000,287,2.102942044838057,0.7456187400585651,21,0.6123188908112702,1.1768283630504954,-0.0027114224795182214,-0.005293637015131835
S1,4a010ed1f7af4ac29e58b230f72f190a,0,288,19207000000,19217000000,1,19207000000,288,2.0989968920089956,0.7343681733434289,21,0.615979091729548,1.1479581803324086,-0.002422956658471817,-0.00487113013991197
S1,4a010ed1f7af4ac29e58b230f72f190a,0,289,19273000000,19282000000,1,19273000000,289,2.0930041953873455,0.7262618415562114,21,0.6099761920726283,1.1239097926214359,-0.004295226235089876,-0.0073402282935327995
S1,4a010ed1f7af4ac29e58b230f72f190a,0,290,19339000000,19347000000,1,19339000000,290,2.0929991254589817,0.7399004730634747,22,0.6023310764460064,1.1771606018233722,-0.005681009245353995,-0.004212541665286608
S1,4a010ed1f7af4ac29e58b230f72f190a,0,291,19405000000,19412000000,1,19405000000,291,2.1002808422122565,0.7402411951872573,21,0.6146744774576076,1.1567057340890057,-0.004022981413678428,-0.0015070369273271424
S1,4a010ed1f7af4ac29e58b230f72f190a,0,292,19471000000,19478000000,1,19471000000,292,2.093803352198092,0.7332877346649902,21,0.6144012412371236,1.1216525111821514,-0.004944411468705858,-0.0018282585664307302
S1,4a010ed1f7af4ac29e58b230f72f190a,0,293,19537000000,19546000000,1,19537000000,293,2.087347356298086,0.7262797308155919,21,0.6080740821652455,1.1194678481477887,-0.007883653153048262,-0.004563963936117578
S1,4a010ed1f7af4ac29e58b230f72f190a,0,294,19603000000,19612000000,1,19603000000,294,2.078803934734034,0.7227751720743724,21,0.6170140528340728,1.096506144813385,-0.01310655124791835,-0.007889332935126045
S1,4a010ed1f7af4ac29e58b230f72f190a,0,295,19669000000,19682000000,1,19669000000,295,2.089757342026834,0.7178620112202817,20,0.6144924782572594,1.0674771665334175,-0.01299592815786409,-0.01211105635084947
S1,4a010ed1f7af4ac29e58b230f72f190a,0,296,19735000000,19742000000,1,19735000000,296,2.105937691714275,0.7366458713457397,20,0.6023072521960797,1.1577439922426587,-0.006771721622382297,-0.008409290514001156
S1,4a010ed1f7af4ac29e58b230f72f190a,0,297,19801000000,19807000000,1,19801000000,297,2.1009306384726623,0.7274795980068087,20,0.608728780434336,1.1298566526721618,-0.0034731438060757913,-0.00857209353336939
S1,4a010ed1f7af4ac29e58b230f72f190a,0,298,19867000000,19876000000,1,19867000000,298,2.093157626266853,0.7229699292098501,20,0.6069973190943849,1.1318849389760146,-0.0035714831745755704,-0.010121699112747486
S1,4a010ed1f7af4ac29e58b230f72f190a,0,299,19933000000,19942000000,1,19933000000,299,2.0923862193419263,0.73998090046884,21,0.6137420560780242,1.166083069244252,-0.003842468675095724,-0.00498498322255957
S1,4a010ed1f7af4ac29e58b230f72f190a,0,300,19999000000,20009000000,1,19999000000,300,2.102943552993501,0.7361178977489662,20,0.6046664746913932,1.1435556990283025,-0.0001642432616031828,-0.0021799772642801018
S1,4a010ed1f7af4ac29e58b230f72f190a,0,301,20065000000,20073000000,1,20065000000,301,2.0961819855549746,0.7298261419086983,20,0.6092429972330646,1.1141635460143142,0.00032456720238208656,-0.002167260714445729
S1,4a010ed1f7af4ac29e58b230f72f190a,0,302,20131000000,20141000000,1,20131000000,302,2.088687464119953,0.7257529337948544,20,0.6014376530270709,1.1117180826594502,-0.001994044938597517,-0.003572503051160301
S1,4a010ed1f7af4ac29e58b230f72f190a,0,303,20197000000,20205000000,1,20197000000,303,2.0958741835747174,0.7276204058348429,19,0.6173768668579855,1.0986739962730372,-0.0011992045067086075,-0.003930627921201748
S1,4a010ed1f7af4ac29e58b230f72f190a,0,304,20263000000,20273000000,1,20263000000,304,2.0909276170372277,0.7193020741103907,19,0.6145958465586681,1.0938670046635557,-0.00232105361377674,-0.00711706158246209
S1,4a010ed1f7af4ac29e58b230f72f190a,0,305,20329000000,20339000000,1,20329000000,305,2.0923397652683215,0.7331047084472158,20,0.6103787688351123,1.1698755246270065,-0.0026479357986308348,-0.00450694969077843
S1,4a010ed1f7af4ac29e58b230f72f190a,0,306,20395000000,20403000000,1,20395000000,306,2.086282356878276,0.726431129732596,20,0.6113637413312971,1.1507015678173045,-0.0050258405739535585,-0.004731019174309842
S1,4a010ed1f7af4ac29e58b230f72f190a,0,307,20461000000,20471000000,1,20461000000,307,2.0952706775789305,0.7262277013335896,19,0.6166443100391876,1.143182912133745,-0.003557313608516104,-0.004869710979671777
S1,4a010ed1f7af4ac29e58b230f72f190a,0,308,20527000000,20537000000,1,20527000000,308,2.096681367216372,0.7412214458333419,20,0.6047998056374242,1.1772198051045528,-0.0017989645508399012,0.0005353157974582658
S1,4a010ed1f7af4ac29e58b230f72f190a,0,309,20593000000,20600000000,1,20593000000,309,2.089110756831298,0.7368324802999172,20,0.618451717400295,1.1559043765086856,-0.003086573383652369,0.003232906844140437
S1,4a010ed1f7af4ac29e58b230f72f190a,0,310,20659000000,20665000000,1,20659000000,310,2.0855619017884015,0.7259018686038391,20,0.6041368897700479,1.121921096006183,-0.005313364874798316,0.001361370299572601
S1,4a010ed1f7af4ac29e58b230f72f190a,0,311,20725000000,20734000000,1,20725000000,311,2.0963855506862585,0.7229285146613539,19,0.6083538990365369,1.1248508389282459,-0.0030571572010522127,-0.0012274492224035578
S1,4a010ed1f7af4ac29e58b230f72f190a,0,312,20791000000,20800000000,1,20791000000,312,2.0909270222941783,0.7153655157450353,19,0.5980547684481707,1.1004953945001472,-0.00315904461310675,-0.005976928233863707
S1,4a010ed1f7af4ac29e58b230f72f190a,0,313,20857000000,20864000000,1,20857000000,313,2.0841088268906964,0.70980966539598,19,0.599717005725855,1.083449376010583,-0.005620131125796649,-0.011605996157595937
S1,4a010ed1f7af4ac29e58b230f72f190a,0,314,20923000000,20932000000,1,20923000000,314,2.0744850374704704,0.7093676738873258,19,0.6172534169006223,1.0694944988243096,-0.010905912319518821,-0.015958009747861455
S1,4a010ed1f7af4ac29e58b230f72f190a,0,315,20989000000,20997000000,1,20989000000,315,2.0933650369501504,0.7295582312728263,19,0.6098415980846146,1.1723413001302525,-0.008044053264051908,-0.011762854924834105
S1,4a010ed1f7af4ac29e58b230f72f190a,0,316,21055000000,21064000000,1,21055000000,316,2.086919381238862,0.7238166896611954,19,0.6109962203295058,1.1565443535125097,-0.007902081983741264,-0.010220491828642122
S1,4a010ed1f7af4ac29e58b230f72f190a,0,317,21121000000,21129000000,1,21121000000,317,2.0808263373836366,0.7173438235685163,19,0.6058591591631752,1.1342103724827615,-0.009795716614242292,-0.011084086269581095
S1,4a010ed1f7af4ac29e58b230f72f190a,0,318,21187000000,21196000000,1,21187000000,318,2.0835316711996876,0.7318879744234359,20,0.6150374772946505,1.1672778901935836,-0.01009197174588928,-0.006268769111852519
S1,4a010ed1f7af4ac29e58b230f72f190a,0,319,21253000000,21262000000,1,21253000000,319,2.092658625383683,0.7330511942557694,19,0.6104342582350126,1.1546976276862786,-0.006800618187810291,-0.0018782065991287374
S1,4a010ed1f7af4ac29e58b230f72f190a,0,320,21319000000,21327000000,1,21319000000,320,2.086053162350773,0.727819696145309,19,0.611127384105556,1.1369571093292805,-0.006404787649761233,-0.0002319745312190989
S1,4a010ed1f7af4ac29e58b230f72f190a,0,321,21385000000,21393000000,1,21385000000,321,2.0824829647330394,0.7175146976194643,19,0.6076516604944713,1.1262611240488951,-0.007223984256824235,-0.0026304869627001132
S1,4a010ed1f7af4ac29e58b230f72f190a,0,322,21451000000,21459000000,1,21451000000,322,2.07351584776289,0.7166042459421064,19,0.6097143613549316,1.1069577254612093,-0.010931741861258617,-0.004799911713299802
S1,4a010ed1f7af4ac29e58b230f72f190a,0,323,21517000000,21524000000,1,21517000000,323,2.0845946072085826,0.7143917442207849,18,0.6167697007954951,1.094295803662722,-0.009625827264837598,-0.007204789528389231
S1,4a010ed1f7af4ac29e58b230f72f190a,0,324,21583000000,21591000000,1,21583000000,324,2.0799803628102445,0.70512023857427,18,0.6122430715818785,1.0641635970390273,-0.010021958171298901,-0.012281424850970935
S1,4a010ed1f7af4ac29e58b230f72f190a,0,325,21649000000,21657000000,1,21649000000,325,2.0890103719196613,0.707296077409872,17,0.619249872137396,1.0510619377741248,-0.006846467703521061,-0.015236135251889127
S1,4a010ed1f7af4ac29e58b230f72f190a,0,326,21715000000,21724000000,1,21715000000,326,2.0934539818621705,0.7210853721996959,18,0.6056946835694776,1.1563432739552262,-0.002562676130753291,-0.012254021200035162
S1,4a010ed1f7af4ac29e58b230f72f190a,0,327,21781000000,21791000000,1,21781000000,327,2.0835886699235657,0.7222945663951043,18,0.6156224960446348,1.1345598279266298,-0.0026536057034557254,-0.009159957841016121
S1,4a010ed1f7af4ac29e58b230f72f190a,0,328,21847000000,21855000000,1,21847000000,328,2.0768529289858737,0.7174986042380946,18,0.6170993853501918,1.1230413751708936,-0.005088310625219125,-0.008213058476401448
S1,4a010ed1f7af4ac29e58b230f72f190a,0,329,21913000000,21921000000,1,21913000000,329,2.073789963831527,0.7057315322774167,18,0.6089784713185833,1.0968123077497447,-0.008003187307004058,-0.01150355816970648
S1,4a010ed1f7af4ac29e58b230f72f190a,0,330,21979000000,21988000000,1,21979000000,330,2.093883922921119,0.7286324831840242,18,0.6102002303906136,1.1640165176926551,-0.002891003261340671,-0.005595555189985061
S1,4a010ed1f7af4ac29e58b230f72f190a,0,331,22045000000,22066000000,1,22045000000,331,2.0862059236562893,0.72525232242454,18,0.6165521904408799,1.1285931265467721,-0.0015288344619039228,-0.0019896561141920562
S1,4a010ed1f7af4ac29e58b230f72f190a,0,332,22111000000,22121000000,1,22111000000,332,2.08259434042154,0.7151025704850633,18,0.6081391528773432,1.1012386258461344,-0.001711683437101426,-0.0027347850180181733
S1,4a010ed1f7af4ac29e58b230f72f190a,0,333,22177000000,22184000000,1,22177000000,333,2.0755099663510816,0.7112391133428169,18,0.6045036402301918,1.1008841108450307,-0.00436729132538082,-0.004652573599727764
S1,4a010ed1f7af4ac29e58b230f72f190a,0,334,22243000000,22250000000,1,22243000000,334,2.0675590431637287,0.7088194088964639,18,0.6147134752162153,1.0912556513676397,-0.00923485874305395,-0.006935804401753575
S1,4a010ed1f7af4ac29e58b230f72f190a,0,335,22309000000,22316000000,1,22309000000,335,2.080603445503223,0.7050838607732112,17,0.6064839585929596,1.0770617133652722,-0.008182160574589025,-0.009928724156053502
S1,4a010ed1f7af4ac29e58b230f72f190a,0,336,22375000000,22382000000,1,22375000000,336,2.0704673702604355,0.7070919256875926,17,0.6078770900320469,1.055154813618402,-0.01080207144195618,-0.011345589364658338
S1,4a010ed1f7af4ac29e58b230f72f190a,0,337,22441000000,22454000000,1,22441000000,337,2.08520967553453,0.7000989426147247,16,0.6111003217508828,1.0306125456180997,-0.007316373177865307,-0.014718953493638864
S1,4a010ed1f7af4ac29e58b230f72f190a,0,338,22507000000,22518000000,1,22507000000,338,2.0884323613971767,0.7188274977719431,17,0.6106361227671164,1.1538575295467925,-0.0032148151283250643,-0.010302822431728913
S1,4a010ed1f7af4ac29e58b230f72f190a,0,339,22573000000,22582000000,1,22573000000,339,2.0826613208255917,0.7129632050380226,17,0.6124534411426321,1.1383147412107562,-0.0019605366555455295,-0.008663936565297707
S1,4a010ed1f7af4ac29e58b230f72f190a,0,340,22639000000,22646000000,1,22639000000,340,2.0734369066074274,0.7137002128762724,17,0.6132435798740534,1.128436172705206,-0.004239995078311834,-0.006891572087872625
S1,4a010ed1f7af4ac29e58b230f72f190a,0,341,22705000000,22712000000,1,22705000000,341,2.068786306300503,0.7057259682289471,17,0.6050058348391834,1.1072366709103787,-0.007623508302348675,-0.00819235149432738
S1,4a010ed1f7af4ac29e58b230f72f190a,0,342,22771000000,22780000000,1,22771000000,342,2.0911497603668545,0.7272839118502056,17,0.6077689381305009,1.154471487810183,-0.0020751194512954457,-0.001267113198889387
S1,4a010ed1f7af4ac29e58b230f72f190a,0,343,22837000000,22846000000,1,22837000000,343,2.0821036971031748,0.7285917337002947,17,0.6151671508280834,1.1621756192339499,-0.0008787053816035287,0.0047316299732469945
S1,4a010ed1f7af4ac29e58b230f72f190a,0,344,22903000000,22912000000,1,22903000000,344,2.079320302133961,0.716355408710582,17,0.6057718065334186,1.1341497748837233,-0.0009103556253355021,0.0049749502994148416
S1,4a010ed1f7af4ac29e58b230f72f190a,0,345,22969000000,22977000000,1,22969000000,345,2.0733106737542806,0.7110599228085316,17,0.6142822296151742,1.1130647669014362,-0.0030779545055704886,0.0031429309260572846
S1,4a010ed1f7af4ac29e58b230f72f190a,0,346,23035000000,23044000000,1,23035000000,346,2.0759904663805493,0.7326978792033646,18,0.6094167727110702,1.1843831678132015,-0.0037605590700596934,0.009405845667337062
S1,4a010ed1f7af4ac29e58b230f72f190a,0,347,23101000000,23109000000,1,23101000000,347,2.071199680840462,0.7252393250103696,18,0.603508081948366,1.1712782772860568,-0.005938269885774946,0.011468297832129517
S1,4a010ed1f7af4ac29e58b230f72f190a,0,348,23167000000,23175000000,1,23167000000,348,2.0813538699516267,0.7291798208583208,17,0.6101062273614875,1.1349067910922863,-0.0038693378188424067,0.01425202924926286
S1,4a010ed1f7af4ac29e58b230f72f190a,0,349,23233000000,23240000000,1,23233000000,349,2.0766406676987317,0.7208897674588951,17,0.6216192331892048,1.133230668624706,-0.003832189296134766,0.013137887617196663
S1,4a010ed1f7af4ac29e58b230f72f190a,0,350,23299000000,23306000000,1,23299000000,350,2.0899297569070368,0.7186852079477866,16,0.6115281524883476,1.1088713049758754,0.0010738759128535572,0.011147288381006029
S1,4a010ed1f7af4ac29e58b230f72f190a,0,351,23365000000,23372000000,1,23365000000,351,2.0842575283092275,0.7130817842440549,16,0.6074630419966192,1.0905815846813156,0.0029004739876645905,0.007284260023967716
S2,0dc47aad927e4527bc93c014855a131f,0,1,66000000,106000000,1,66000000,1,1.7760236700102614,-0.023325035619590224,35,-0.2872922637687243,0.23991598144949647,0.0,0.0
S2,0dc47aad927e4527bc93c014855a131f,0,2,133000000,141000000,1,133000000,2,1.7778468019600298,-0.07861970031669283,34,-0.3381753217483101,0.17815104288409814,0.00011339038282444407,-0.0034390726348415912
S2,0dc47aad927e4527bc93c014855a131f,0,3,199000000,207000000,1,199000000,3,1.7754719325221455,-0.14903852716062113,35,-0.42235689890102446,0.11794059721523645,-0.0009037153464257529,-0.037044790655828434
S2,0dc47aad927e4527bc93c014855a131f,0,4,265000000,309000000,1,265000000,4,1.7745035062846584,-0.2436863170102016,35,-0.5186797361960076,0.023275790823102604,-0.002516214582730109,-0.13950292494968278
S2,0dc47aad927e4527bc93c014855a131f,0,5,331000000,339000000,1,331000000,5,1.775144096103795,-0.34059392226390955,35,-0.6267708452513847,-0.06957934431268414,-0.002981728639332178,-0.3101235333479424
S2,0dc47aad927e4527bc93c014855a131f,0,6,397000000,420000000,1,397000000,6,1.7900692959575062,-0.4234864256570401,35,-0.7031494851144403,-0.1762602043886893,0.013407755489587364,-0.5002946195847636
S2,0dc47aad927e4527bc93c014855a131f,0,7,463000000,471000000,1,463000000,7,1.7942383692588586,-0.5081168450119898,35,-0.8039214709845753,-0.26770701641033817,0.027580238621916234,-0.679468437296184
S2,0dc47aad927e4527bc93c014855a131f,0,8,529000000,537000000,1,529000000,8,1.7981777821862632,-0.5951901687231199,35,-0.8959296013774577,-0.3643467018647983,0.03836589184501575,-0.8314940013671532
S2,0dc47aad927e4527bc93c014855a131f,0,9,595000000,603000000,1,595000000,9,1.8078373863999315,-0.6874625074113027,35,-0.9871963510066866,-0.45900121951907746,0.05130718934406423,-0.9561132756255509
S2,0dc47aad927e4527bc93c014855a131f,0,10,661000000,671000000,1,661000000,10,1.8212452023656576,-0.7749401651319083,36,-1.1047257492625437,-0.5589586894404454,0.0671857206362954,-1.050110127168339
S2,0dc47aad927e4527bc93c014855a131f,0,11,727000000,735000000,1,727000000,11,1.8265612383621368,-0.8538049098344095,36,-1.1871790589301412,-0.63770099646097,0.07741827353158584,-1.1138355035082674
S2,0dc47aad927e4527bc93c014855a131f,0,12,793000000,801000000,1,793000000,12,1.8162873270339,-0.8795096343479222,35,-1.2092124725115894,-0.6636022751248898,0.07376351997466347,-1.122237484418638
S2,0dc47aad927e4527bc93c014855a131f,0,13,859000000,868000000,1,859000000,13,1.8176984337085158,-0.8801928849981504,35,-1.218211302246516,-0.6639769646896144,0.06941388723097117,-1.0846420626736364
S2,0dc47aad927e4527bc93c014855a131f,0,14,925000000,937000000,1,925000000,14,1.8256043748477389,-0.8729075199397974,36,-1.2130526467247085,-0.6568818398932932,0.06833587663496647,-1.0179666614919685
S2,0dc47aad927e4527bc93c014855a131f,0,15,991000000,1000000000,1,991000000,15,1.8246179536025418,-0.8729778823349053,36,-1.2042290054579428,-0.658097660863906,0.0649095561961164,-0.9400625565020064
S2,0dc47aad927e4527bc93c014855a131f,0,16,1057000000,1065000000,1,1057000000,16,1.8190579353000595,-0.860630349587225,35,-1.177490854288005,-0.6469668779627201,0.05802991954972578,-0.8520761291614618
S2,0dc47aad927e4527bc93c014855a131f,0,17,1123000000,1133000000,1,1123000000,17,1.82904310053639,-0.8546596116480262,36,-1.1871201753559597,-0.6432806280772523,0.05581054756623759,-0.762816876078493
S2,0dc47aad927e4527bc93c014855a131f,0,18,1189000000,1197000000,1,1189000000,18,1.8213675798012048,-0.8516998195276473,36,-1.1866171451828278,-0.6379604531537679,0.049524541927931126,-0.676188810363996
S2,0dc47aad927e4527bc93c014855a131f,0,19,1255000000,1283000000,1,1255000000,19,1.8221684191128107,-0.8474337215001702,36,-1.1839795288427746,-0.6320765466043744,0.04390442770230004,-0.5928356574774856
S2,0dc47aad927e4527bc93c014855a131f,0,20,1321000000,1329000000,1,1321000000,20,1.8206920607568806,-0.8422215372854011,36,-1.1682342606644525,-0.6244479372143444,0.0380028579275783,-0.5132128018679473
S2,0dc47aad927e4527bc93c014855a131f,0,21,1387000000,1395000000,1,1387000000,21,1.8161611781799607,-0.833924521544769,36,-1.1708620797045874,-0.6152849387248955,0.030863180913863385,-0.43676658529167955
S2,0dc47aad927e4527bc93c014855a131f,0,22,1453000000,1460000000,1,1453000000,22,1.8174053146202904,-0.824940196516523,36,-1.152549623336992,-0.6133214315423903,0.025077933946296833,-0.3639591550779823
S2,0dc47aad927e4527bc93c014855a131f,0,23,1519000000,1527000000,1,1519000000,23,1.821090662658253,-0.8150134608990529,36,-1.1374447375801833,-0.6096952296385955,0.02133239618767954,-0.2950272301470743
S2,0dc47aad927e4527bc93c014855a131f,0,24,1585000000,1593000000,1,1585000000,24,1.8166131504525203,-0.815956921696598,36,-1.1333110078740394,-0.60161991680017,0.016266498561419096,-0.234433993796506
S2,0dc47aad927e4527bc93c014855a131f,0,25,1651000000,1658000000,1,1651000000,25,1.8241610039623506,-0.8076527152393761,37,-1.1367238064722385,-0.5967038224886975,0.01462985375746138,-0.17824337910260618
S2,0dc47aad927e4527bc93c014855a131f,0,26,1717000000,1726000000,1,1717000000,26,1.8162767705858633,-0.8174111944197284,37,-1.1527246818363905,-0.6005649326589986,0.010147246640663351,-0.1332198390769518
S2,0dc47aad927e4527bc93c014855a131f,0,27,1783000000,1792000000,1,1783000000,27,1.8245542515229343,-0.8018284418255696,38,-1.1382387853072191,-0.5947449992131745,0.009343880723154275,-0.08884810424548029
S2,0dc47aad927e4527bc93c014855a131f,0,28,1849000000,1858000000,1,1849000000,28,1.8171576640263767,-0.8107693324977922,38,-1.153621996889396,-0.5984811271642161,0.005823007313954768,-0.054814559984895504
S2,0dc47aad927e4527bc93c014855a131f,0,29,1915000000,1925000000,1,1915000000,29,1.8265063317972228,-0.8016153746177032,39,-1.149943213179728,-0.5982229368812494,0.006258142902203204,-0.023231677514713486
S2,0dc47aad927e4527bc93c014855a131f,0,30,1981000000,1989000000,1,1981000000,30,1.8237221731063191,-0.8136850616146875,40,-1.1572966433321357,-0.5961048096779618,0.005452249795212684,-0.001965260389582814
S2,0dc47aad927e4527bc93c014855a131f,0,31,2047000000,2055000000,1,2047000000,31,1.8228162356696653,-0.8019687434438794,40,-1.1346454054379524,-0.5963549739191039,0.004356646458391336,0.019182086272486396
S2,0dc47aad927e4527bc93c014855a131f,0,32,2113000000,2120000000,1,2113000000,32,1.8269382787751842,-0.7945693110594347,41,-1.1361314956005364,-0.5887683004541495,0.004868435061184438,0.03818084901516146
S2,0dc47aad927e4527bc93c014855a131f,0,33,2179000000,2187000000,1,2179000000,33,1.8263854815920715,-0.7754795507483103,42,-1.1202530831892268,-0.5696351050650803,0.004959717883168062,0.059236306641787195
S2,0dc47aad927e4527bc93c014855a131f,0,34,2245000000,2252000000,1,2245000000,34,1.8216549513817344,-0.7527137673091522,42,-1.0948376029194404,-0.5495543242043464,0.0032089163719610236,0.08274932319477718
S2,0dc47aad927e4527bc93c014855a131f,0,35,2311000000,2320000000,1,2311000000,35,1.8148096023576223,-0.7308131441262058,43,-1.0717312243049246,-0.512757335113245,-0.0007251821764873165,0.1073413927424955
S2,0dc47aad927e4527bc93c014855a131f,0,36,2377000000,2386000000,1,2377000000,36,1.8180174581896587,-0.683262617407528,44,-1.019041171243868,-0.4679811781428352,-0.002674158051441049,0.14145122098514745
S2,0dc47aad927e4527bc93c014855a131f,0,37,2443000000,2451000000,1,2443000000,37,1.8127449406971274,-0.6353618684158077,45,-0.9684410075881575,-0.4230419761282377,-0.006058321944289205,0.18242832000714584
S2,0dc47aad927e4527bc93c014855a131f,0,38,2509000000,2517000000,1,2509000000,38,1.8137379059435947,-0.5846077874714644,47,-0.9140184494828133,-0.36502278767063323,-0.00824216835682883,0.22890704939125384
S2,0dc47aad927e4527bc93c014855a131f,0,39,2575000000,2583000000,1,2575000000,39,1.8042878171115309,-0.5212725367569316,47,-0.8374790154646427,-0.30122991119947307,-0.013185609178775787,0.28317887270106756
S2,0dc47aad927e4527bc93c014855a131f,0,40,2641000000,2648000000,1,2641000000,40,1.8030378489077103,-0.4599226914286048,50,-0.780613684738956,-0.22195241876213595,-0.01724582528069854,0.3416265904657889
S2,0dc47aad927e4527bc93c014855a131f,0,41,2707000000,2714000000,1,2707000000,41,1.7973808079829743,-0.3924994474181456,51,-0.7016915932296953,-0.15004732807965598,-0.022096619587987712,0.40418521626790627
S2,0dc47aad927e4527bc93c014855a131f,0,42,2773000000,2782000000,1,2773000000,42,1.7923347968513932,-0.31728960928349437,52,-0.6125528337558318,-0.06944832516939609,-0.02723920237875356,0.47132316940139213
S2,0dc47aad927e4527bc93c014855a131f,0,43,2839000000,2848000000,1,2839000000,43,1.7740076695240277,-0.2506873154219296,53,-0.5374393023067935,0.011685576466603786,-0.03727580035746158,0.5373974342381613
S2,0dc47aad927e4527bc93c014855a131f,0,44,2905000000,2914000000,1,2905000000,44,1.775311579164707,-0.17075847209394654,56,-0.4465082210063359,0.09336091641384484,-0.043885999278715476,0.6058573490725866
S2,0dc47aad927e4527bc93c014855a131f,0,45,2971000000,2979000000,1,2971000000,45,1.7763877791977565,-0.08923828361887469,58,-0.3669894875374869,0.17343184188509192,-0.04770177866538421,0.6751566958623793
S2,0dc47aad927e4527bc93c014855a131f,0,46,3037000000,3045000000,1,3037000000,46,1.776053275388996,-0.002665363787270876,62,-0.2733716038275463,0.2637413887192427,-0.04971711424657771,0.7452953707263887
S2,0dc47aad927e4527bc93c014855a131f,0,47,3103000000,3112000000,1,3103000000,47,1.7742018722531891,0.0646310768896046,64,-0.20459123888724592,0.3355337721705608,-0.05080184801947694,0.8074911787231923
S2,0dc47aad927e4527bc93c014855a131f,0,48,3169000000,3178000000,1,3169000000,48,1.7749998853954223,0.12516879101032832,67,-0.1441689499114389,0.4028095917060338,-0.05016799130545639,0.8594705683638977
S2,0dc47aad927e4527bc93c014855a131f,0,49,3235000000,3246000000,1,3235000000,49,1.7738057220769616,0.17337311057221108,68,-0.08968373668294657,0.44818330421125485,-0.04890246508341769,0.8976638760725772
S2,0dc47aad927e4527bc93c014855a131f,0,50,3301000000,3310000000,1,3301000000,50,1.772374711501646,0.21043433801275466,69,-0.045627894961907695,0.4923307400505387,-0.047250885019318456,0.9199935701093372
S2,0dc47aad927e4527bc93c014855a131f,0,51,3367000000,3376000000,1,3367000000,51,1.775741296016431,0.23387233227189788,73,-0.027134188860095693,0.514622462628304,-0.04360441072999119,0.9242940438439671
S2,0dc47aad927e4527bc93c014855a131f,0,52,3433000000,3441000000,1,3433000000,52,1.775794075959922,0.24821613555068622,75,-0.009108590012369189,0.534578993852558,-0.03965431610310682,0.9109053282697012
S2,0dc47aad927e4527bc93c014855a131f,0,53,3499000000,3506000000,1,3499000000,53,1.7751774134232172,0.2501890283197617,77,-0.0030282170984070045,0.5424141510616146,-0.03579813180827078,0.8793375319093227
S2,0dc47aad927e4527bc93c014855a131f,0,54,3565000000,3574000000,1,3565000000,54,1.7747975102829388,0.24628288851319263,81,-0.008158193228990973,0.5387437744808047,-0.03202287548998496,0.8319714112892703
S2,0dc47aad927e4527bc93c014855a131f,0,55,3631000000,3639000000,1,3631000000,55,1.7755755486840037,0.230781627154376,85,-0.02189562042038501,0.5222452333080887,-0.02798459806502912,0.7690138987009358
S2,0dc47aad927e4527bc93c014855a131f,0,56,3697000000,3705000000,1,3697000000,56,1.77414272125002,0.20737539178840145,91,-0.04814946114790311,0.48975183704032954,-0.024629637838984128,0.6923286255479232
S2,0dc47aad927e4527bc93c014855a131f,0,57,3763000000,3774000000,1,3763000000,57,1.7740220301461387,0.18223565506701914,97,-0.07354184676286832,0.466237936882155,-0.021424358813204862,0.605943694120825
S2,0dc47aad927e4527bc93c014855a131f,0,58,3829000000,3837000000,1,3829000000,58,1.7745186520808185,0.1536353428580219,104,-0.111304766972003,0.44068897427108145,-0.01819178448235016,0.5126654648624556
S2,0dc47aad927e4527bc93c014855a131f,0,59,3895000000,3906000000,1,3895000000,59,1.7739926204953096,0.12077589386622828,111,-0.14815309230728585,0.4066238222598676,-0.015382634038497572,0.41459808334154874
S2,0dc47aad927e4527bc93c014855a131f,0,60,3961000000,3970000000,1,3961000000,60,1.7751006174018655,0.08552208093696077,117,-0.18062423463111688,0.3592337295131123,-0.012387962008153274,0.3141973114893843
S2,0dc47aad927e4527bc93c014855a131f,0,61,4027000000,4036000000,1,4027000000,61,1.7760160401670972,0.05797922106921355,124,-0.2187071375287894,0.3264777031316489,-0.009386533694089793,0.2171071587880633
S2,0dc47aad927e4527bc93c014855a131f,0,62,4093000000,4105000000,1,4093000000,62,1.7755763315983784,0.03187519215865663,130,-0.24834049697290855,0.30399596818366287,-0.006939070662498023,0.1254708683684298
S2,0dc47aad927e4527bc93c014855a131f,0,63,4159000000,4168000000,1,4159000000,63,1.7754647720694336,0.0077216887339048015,135,-0.2837042855637544,0.2647745719910769,-0.004871379036109794,0.04104452187426785
S2,0dc47aad927e4527bc93c014855a131f,0,64,4225000000,4236000000,1,4225000000,64,1.7755353805666845,-0.011884631223263466,136,-0.30933521549550425,0.23162367980970183,-0.0030887159495568365,-0.03401408108729863
S2,0dc47aad927e4527bc93c014855a131f,0,65,4291000000,4299000000,1,4291000000,65,1.774913059283956,-0.027897953384940312,136,-0.3344165760621917,0.21764820182249722,-0.0018242239481557436,-0.09855820702306042
S2,0dc47aad927e4527bc93c014855a131f,0,66,4357000000,4368000000,1,4357000000,66,1.7755490015518403,-0.04495333738172288,129,-0.34629786218394276,0.19702931411450564,-0.0005480301836576133,-0.15359653367930365
S2,0dc47aad927e4527bc93c014855a131f,0,67,4423000000,4432000000,1,4423000000,67,1.77442175764534,-0.059084669949897105,124,-0.36241297612894324,0.18238835446887175,7.218485501174422e-05,-0.1987275104961305
S2,0dc47aad927e4527bc93c014855a131f,0,68,4489000000,4500000000,1,4489000000,68,1.7755704757534638,-0.06524065415230777,120,-0.3552470644506428,0.17385090595313019,0.0009764951217887501,-0.23204882407068614
S2,0dc47aad927e4527bc93c014855a131f,0,69,4555000000,4564000000,1,4555000000,69,1.7740304551349897,-0.07399960602176668,117,-0.37186229363169376,0.1714635153349197,0.0011166094839083335,-0.2561403181074037
S2,0dc47aad927e4527bc93c014855a131f,0,70,4621000000,4630000000,1,4621000000,70,1.7750090598703196,-0.07336382481630956,114,-0.3697796651972646,0.17091856864864935,0.0015537048786087421,-0.26894893247799445
S2,0dc47aad927e4527bc93c014855a131f,0,71,4687000000,4697000000,1,4687000000,71,1.7750958405326465,-0.07190665442110974,111,-0.3599618628629039,0.1697644334674664,0.0018950207526369537,-0.27220031052223814
S2,0dc47aad927e4527bc93c014855a131f,0,72,4753000000,4762000000,1,4753000000,72,1.7767279090584709,-0.0674778081215387,109,-0.3642584313070012,0.18064819992385092,0.0027086583551058623,-0.2667171844255216
S2,0dc47aad927e4527bc93c014855a131f,0,73,4819000000,4828000000,1,4819000000,73,1.7758406197535077,-0.06053205797898432,109,-0.3564228441839518,0.19229365328083664,0.002970676654608368,-0.25352404799671924
S2,0dc47aad927e4527bc93c014855a131f,0,74,4885000000,4894000000,1,4885000000,74,1.7750804795882225,-0.05195273952081186,107,-0.34633865606843345,0.20196250587980197,0.0028343463577757758,-0.23393554504983896
S2,0dc47aad927e4527bc93c014855a131f,0,75,4951000000,4959000000,1,4951000000,75,1.7754609073916692,-0.04030669945172888,106,-0.3351809225946171,0.22086917426398894,0.0027957498142653667,-0.20863122867942943
S2,0dc47aad927e4527bc93c014855a131f,0,76,5017000000,5027000000,1,5017000000,76,1.7748402093469262,-0.028673145197658064,105,-0.31933737330628564,0.22997182874050592,0.0024751450179645437,-0.17939526112898213
S2,0dc47aad927e4527bc93c014855a131f,0,77,5083000000,5092000000,1,5083000000,77,1.775570598464954,-0.016453232192113185,104,-0.2953549998140542,0.2455003954403478,0.0024248209669667027,-0.147521813088697
S2,0dc47aad927e4527bc93c014855a131f,0,78,5149000000,5158000000,1,5149000000,78,1.7742621671648882,-0.003162868730976667,103,-0.282844601157636,0.2639307080040729,0.0018560644820811434,-0.11392663537065524
S2,0dc47aad927e4527bc93c014855a131f,0,79,5215000000,5224000000,1,5215000000,79,1.7754242177091648,0.004753799684663955,102,-0.2829113091487181,0.26914681159361653,0.0017789006925668699,-0.08169820877308936
S2,0dc47aad927e4527bc93c014855a131f,0,80,5281000000,5292000000,1,5281000000,80,1.774136173664446,0.015939177071667445,100,-0.25904449614263164,0.28811287953978715,0.0012115304445570868,-0.050143681255058206
S2,0dc47aad927e4527bc93c014855a131f,0,81,5347000000,5355000000,1,5347000000,81,1.7748325290713982,0.02587064878662844,100,-0.25038194226644805,0.30184485608949146,0.0009830856990894626,-0.020325633976803693
S2,0dc47aad927e4527bc93c014855a131f,0,82,5413000000,5422000000,1,5413000000,82,1.7751516869655974,0.0320629490846821,99,-0.23912185484862614,0.3007247313542719,0.0008932984296613545,0.006058701355856535
S2,0dc47aad927e4527bc93c014855a131f,0,83,5479000000,5487000000,1,5479000000,83,1.775381012196783,0.03881506177510803,98,-0.24105995664441981,0.30730959808012787,0.0008833704298765542,0.029291663399727875
S2,0dc47aad927e4527bc93c014855a131f,0,84,5545000000,5554000000,1,5545000000,84,1.7768115885669933,0.03983782534989311,97,-0.234580144029634,0.30954003612360964,0.0013696544845214092,0.04740751710764226
S2,0dc47aad927e4527bc93c014855a131f,0,85,5611000000,5620000000,1,5611000000,85,1.7740816475337924,0.044541117511746116,97,-0.22962507245336417,0.32295982583283367,0.0007400724387802393,0.06235592527394203
S2,0dc47aad927e4527bc93c014855a131f,0,86,5677000000,5687000000,1,5677000000,86,1.7735450016695449,0.04516116270253965,96,-0.23318000350419624,0.32010576876051183,2.943294278242366e-05,0.0729641384148273
S2,0dc47aad927e4527bc93c014855a131f,0,87,5809000000,5853000000,1,5809000000,87,1.775228240159089,0.041474408689090976,94,-0.22815366260969033,0.30902254425920894,7.865182632951689e-05,0.07735948455025747
S2,0dc47aad927e4527bc93c014855a131f,0,88,5875000000,5884000000,1,5875000000,88,1.7761956657173172,0.036932334157706664,93,-0.23774288963573423,0.3016598509829629,0.0005228384751465006,0.0764845597720875
S2,0dc47aad927e4527bc93c014855a131f,0,89,5941000000,5950000000,1,5941000000,89,1.7740009796225729,0.03486123712513245,93,-0.23831569304974065,0.29836168736481106,-7.028515878322952e-05,0.07288224894835077
S2,0dc47aad927e4527bc93c014855a131f,0,90,6007000000,6015000000,1,6007000000,90,1.7760216698148745,0.029877515567056118,92,-0.2524283849621599,0.2961762655014697,0.00030587810140422105,0.06618715679372414
S2,0dc47aad927e4527bc93c014855a131f,0,91,6073000000,6082000000,1,6073000000,91,1.774598963582872,0.025261501508639875,91,-0.24519003287812707,0.2910587080701206,1.5363815186321774e-05,0.05751031642376199
S2,0dc47aad927e4527bc93c014855a131f,0,92,6139000000,6148000000,1,6139000000,92,1.7762218742565685,0.022793696987830084,91,-0.256488044212596,0.2934179051674893,0.00043110456863420897,0.048410397159010174
S2,0dc47aad927e4527bc93c014855a131f,0,93,6205000000,6215000000,1,6205000000,93,1.7740013272305615,0.017322173995701743,90,-0.2640611181914515,0.2824601163801087,-0.00012162669905906731,0.038052673849809135
S2,0dc47aad927e4527bc93c014855a131f,0,94,6271000000,6280000000,1,6271000000,94,1.7746879638097872,0.0112784872491272,89,-0.27672234605420176,0.2759946271530078,-0.00028234038575105345,0.02677707737987587
S2,0dc47aad927e4527bc93c014855a131f,0,95,6337000000,6346000000,1,6337000000,95,1.774224544279263,0.006061676678384823,88,-0.2774038882639404,0.272185537639604,-0.0005754432120374249,0.015389953013922599
S2,0dc47aad927e4527bc93c014855a131f,0,96,6403000000,6412000000,1,6403000000,96,1.774979377179674,0.003190928831776961,88,-0.2790475599920885,0.2677975030165905,-0.0005059740564314682,0.005073149049219766
S2,0dc47aad927e4527bc93c014855a131f,0,97,6469000000,6477000000,1,6469000000,97,1.774529415060207,0.0008693357616669783,86,-0.28240803254615154,0.25774775328516986,-0.0006067778217095378,-0.003966610370362562
S2,0dc47aad927e4527bc93c014855a131f,0,98,6535000000,6544000000,1,6535000000,98,1.7740124197544946,-0.0017633718362560593,86,-0.27580437804242997,0.26019511580394605,-0.0008619172029014928,-0.011917397217627078
S2,0dc47aad927e4527bc93c014855a131f,0,99,6601000000,6611000000,1,6601000000,99,1.7749546426491334,-0.00435947942501265,86,-0.28299390348319636,0.2587348781292493,-0.0006950278450388247,-0.018820323173345962
S2,0dc47aad927e4527bc93c014855a131f,0,100,6667000000,6677000000,1,6667000000,100,1.7742806118398378,-0.0035774646254526604,85,-0.2855062301585515,0.2617610998463449,-0.0007934940975380103,-0.0235080851508324
S2,0dc47aad927e4527bc93c014855a131f,0,101,6733000000,6742000000,1,6733000000,101,1.7750378553065416,-0.006415664630527172,83,-0.28384074450089525,0.25234420354250386,-0.0005761374265005593,-0.027669903461620834
S2,0dc47aad927e4527bc93c014855a131f,0,102,6799000000,6810000000,1,6799000000,102,1.7743187565912644,-0.0032738653658302822,83,-0.28246707134736204,0.2569328765067428,-0.0006519942924474182,-0.029149529685599005
S2,0dc47aad927e4527bc93c014855a131f,0,103,6865000000,6874000000,1,6865000000,103,1.7759809125434156,-0.005947148434132537,83,-0.2832321498149755,0.2602583706238726,-9.40091417092622e-05,-0.0305902219565035
S2,0dc47aad927e4527bc93c014855a131f,0,104,6931000000,6940000000,1,6931000000,104,1.7763117729234534,-0.0026105752553217203,83,-0.2916352591735064,0.2633311824523654,0.0004692981811601275,-0.029792442446987925
S2,0dc47aad927e4527bc93c014855a131f,0,105,6997000000,7006000000,1,6997000000,105,1.7745914777179077,-0.0026266149440861055,82,-0.2866777440186903,0.2571955860185323,0.00028255279762150025,-0.02845622108513733
S2,0dc47aad927e4527bc93c014855a131f,0,106,7063000000,7072000000,1,7063000000,106,1.7754530819426784,-0.003127316529093559,81,-0.28752581353979895,0.2542304066225684,0.0004388734437490114,-0.02690040859721602
S2,0dc47aad927e4527bc93c014855a131f,0,107,7129000000,7137000000,1,7129000000,107,1.7741147694436727,0.0003846886879084291,81,-0.27945823180568563,0.2597161814752725,6.95838326890841e-05,-0.023759878663180665
S2,0dc47aad927e4527bc93c014855a131f,0,108,7195000000,7204000000,1,7195000000,108,1.7748382004045706,0.0038255378030423053,79,-0.2743204853116862,0.2634791107363287,3.591490951484013e-05,-0.019463439484916467
S2,0dc47aad927e4527bc93c014855a131f,0,109,7261000000,7269000000,1,7261000000,109,1.773640900890728,0.006287028008333733,79,-0.2718252542679583,0.2649930436037974,-0.000423196514182218,-0.014705114600448332
S2,0dc47aad927e4527bc93c014855a131f,0,110,7327000000,7335000000,1,7327000000,110,1.7732813062167279,0.00665052198785009,79,-0.26399625102618096,0.2631251770359513,-0.0009069795530613682,-0.010449063741031432
S2,0dc47aad927e4527bc93c014855a131f,0,111,7393000000,7401000000,1,7393000000,111,1.7762664376812733,0.005606316116271452,79,-0.27354742019772976,0.26686903348918267,-0.0001937558902241753,-0.007199471949415167
S2,0dc47aad927e4527bc93c014855a131f,0,112,7459000000,7468000000,1,7459000000,112,1.773043165106119,0.011413860197379217,79,-0.26934405934582784,0.27061149014461783,-0.0007843580914715715,-0.0023570451725139652
S2,0dc47aad927e4527bc93c014855a131f,0,113,7525000000,7532000000,1,7525000000,113,1.7746201772453374,0.012442452695085508,78,-0.27048762990279585,0.2729630412242601,-0.00066635578142723,0.0019129170470869282
S2,0dc47aad927e4527bc93c014855a131f,0,114,7591000000,7650000000,1,7591000000,114,1.7738233762613227,0.01706186612589751,78,-0.26306753903347113,0.27874941451536217,-0.0008438783076751953,0.00692065910120557
S2,0dc47aad927e4527bc93c014855a131f,0,115,7723000000,8000000000,1,7723000000,115,1.775311384512039,0.017799415205665258,78,-0.2576735731875386,0.2807922377738153,-0.00031626873202487613,0.011662679612348473
S2,0dc47aad927e4527bc93c014855a131f,0,116,7789000000,8035000000,1,7789000000,116,1.7754145684776435,0.017652279900432086,77,-0.264941549461917,0.2774144943954554,0.00012252593338016576,0.014744402385071662
S2,0dc47aad927e4527bc93c014855a131f,0,117,7855000000,8045000000,1,7855000000,117,1.7748894607277312,0.021467126290834478,77,-0.2598459232141177,0.28027422589707424,0.00022826565639342695,0.018217387580906515
S2,0dc47aad927e4527bc93c014855a131f,0,118,7921000000,8050000000,1,7921000000,118,1.774355572541387,0.01821387110453446,77,-0.2592092342845992,0.2783099214412745,8.480853968332675e-05,0.019023289182751882
S2,0dc47aad927e4527bc93c014855a131f,0,119,7987000000,8054000000,1,7987000000,119,1.775870667228011,0.017920177007292083,76,-0.26136506461461273,0.27739826079984353,0.0005788447633372112,0.019016773811115686
S2,0dc47aad927e4527bc93c014855a131f,0,120,8053000000,8064000000,1,8053000000,120,1.7752900201848998,0.01814953967929019,75,-0.2636031991260176,0.2754321871798095,0.0007132495340422134,0.01860830256408969
S2,0dc47aad927e4527bc93c014855a131f,0,121,8119000000,8127000000,1,8119000000,121,1.7744988098786993,0.02521626796178413,76,-0.25207892036982055,0.2847547287498529,0.0004913944197775998,0.020559146282976004
S2,0dc47aad927e4527bc93c014855a131f,0,122,8185000000,8193000000,1,8185000000,122,1.7764431591898993,0.03527558174563503,76,-0.25016540988507086,0.2990138987293717,0.0010525362813333554,0.025399447527527347
S2,0dc47aad927e4527bc93c014855a131f,0,123,8251000000,8260000000,1,8251000000,123,1.7756468215167254,0.046191309322023553,76,-0.23183725021854903,0.3084339330387556,0.0011594941359250534,0.032652317364911206
S2,0dc47aad927e4527bc93c014855a131f,0,124,8317000000,8325000000,1,8317000000,124,1.77445447424771,0.060875895251107495,75,-0.2147076032175813,0.31978430482108133,0.0007665630876309674,0.0429961116054259
S2,0dc47aad927e4527bc93c014855a131f,0,125,8383000000,8390000000,1,8383000000,125,1.7743936839442607,0.0820894422077726,76,-0.1985251993616391,0.3427413923503916,0.00041847465703270846,0.057906678537805026
S2,0dc47aad927e4527bc93c014855a131f,0,126,8449000000,8459000000,1,8449000000,126,1.7759310337100793,0.10541493347010704,76,-0.17575368391055424,0.3689740370178858,0.0007039716315379807,0.07678321913557869
S2,0dc47aad927e4527bc93c014855a131f,0,127,8515000000,8524000000,1,8515000000,127,1.7743742327444234,0.13223243291064865,77,-0.14976152433244597,0.40431288556257006,0.0003389218238928628,0.09958434283972295
S2,0dc47aad927e4527bc93c014855a131f,0,128,8581000000,8590000000,1,8581000000,128,1.7756538856081643,0.16811236697789048,76,-0.0963312195543373,0.4308130676973675,0.0005116287969683996,0.12823002591167326
S2,0dc47aad927e4527bc93c014855a131f,0,129,8647000000,8656000000,1,8647000000,129,1.7738358345463734,0.20081775374623473,76,-0.07150896269133106,0.4666179452230971,-2.6908928639272e-05,0.15962863692558374
S2,0dc47aad927e4527bc93c014855a131f,0,130,8713000000,8721000000,1,8713000000,130,1.7735804087393894,0.23431314083009283,76,-0.03056101554174126,0.5033836315011178,-0.0005439882357921189,0.19274402478589106
S2,0dc47aad927e4527bc93c014855a131f,0,131,8779000000,8790000000,1,8779000000,131,1.773779446677649,0.27621302361606204,76,0.0052558613075608385,0.5591666808859621,-0.000867416119297672,0.2294837306288112
S2,0dc47aad927e4527bc93c014855a131f,0,132,8845000000,8854000000,1,8845000000,132,1.7754025824682167,0.3153683872803364,75,0.051809307083657885,0.5957027800041089,-0.0005153605261170523,0.26723071271519744
S2,0dc47aad927e4527bc93c014855a131f,0,133,8911000000,8919000000,1,8911000000,133,1.7763187722186244,0.3562656940420142,74,0.09549266272330614,0.6404786383955038,0.00010666594875789151,0.30551887918394804
S2,0dc47aad927e4527bc93c014855a131f,0,134,8977000000,8988000000,1,8977000000,134,1.7754332395549892,0.39697306870884674,73,0.1364956870177086,0.6840369028499903,0.0002772868996642933,0.3432679868999404
S2,0dc47aad927e4527bc93c014855a131f,0,135,9043000000,9050000000,1,9043000000,135,1.7725834319122942,0.4339851430471416,71,0.1802440951242733,0.715307148399138,-0.0006220463962334458,0.3783694504362293
S2,0dc47aad927e4527bc93c014855a131f,0,136,9109000000,9119000000,1,9109000000,136,1.7733079120835724,0.4738355963130503,69,0.22358839361572086,0.761916726396568,-0.0010592018296627964,0.41156917986371383
S2,0dc47aad927e4527bc93c014855a131f,0,137,9175000000,9183000000,1,9175000000,137,1.7749165001729812,0.5104834465570591,70,0.25702056722124894,0.8060488236106174,-0.000800979741998755,0.44132296455569503
S2,0dc47aad927e4527bc93c014855a131f,0,138,9241000000,9251000000,1,9241000000,138,1.781469200582572,0.5427044349076899,69,0.29548152111827464,0.8434346215913703,0.0017842649515031957,0.46604485019250386
S2,0dc47aad927e4527bc93c014855a131f,0,139,9307000000,9316000000,1,9307000000,139,1.7779475117190249,0.5727721443781121,68,0.33078750445984484,0.874192642976326,0.0025244455746188397,0.4854135680656029
S2,0dc47aad927e4527bc93c014855a131f,0,140,9373000000,9381000000,1,9373000000,140,1.795124798108172,0.5954999101087798,69,0.3681594726169879,0.9036627092908672,0.009240284479845432,0.4974311763761333
S2,0dc47aad927e4527bc93c014855a131f,0,141,9439000000,9447000000,1,9439000000,141,1.7961278592435819,0.6271415383153904,69,0.4007067429015968,0.9461326184631049,0.014712214363259979,0.506541141484186
S2,0dc47aad927e4527bc93c014855a131f,0,142,9505000000,9513000000,1,9505000000,142,1.8024657403349025,0.6539380198558454,70,0.4316730086021572,0.9801040303943864,0.020988726719958554,0.5113818193083719
S2,0dc47aad927e4527bc93c014855a131f,0,143,9571000000,9579000000,1,9571000000,143,1.8036060165526941,0.6810586629081193,70,0.46217017735236154,1.0121972421632948,0.02588251476367292,0.5128357566804792
S2,0dc47aad927e4527bc93c014855a131f,0,144,9637000000,9646000000,1,9637000000,144,1.805719276965103,0.6988712620754765,70,0.49042091062848703,1.0399641208309882,0.029912977831485037,0.5082142587203888
S2,0dc47aad927e4527bc93c014855a131f,0,145,9703000000,9712000000,1,9703000000,145,1.8150869070852913,0.7222169774051433,71,0.5192297120721515,1.0670950424139698,0.03577531137730169,0.5008731472573931
S2,0dc47aad927e4527bc93c014855a131f,0,146,9769000000,9781000000,1,9769000000,146,1.8095924547719657,0.7445182299211229,71,0.5441060823179547,1.0837980563083822,0.03759943171062229,0.49117158265410654
S2,0dc47aad927e4527bc93c014855a131f,0,147,9835000000,9844000000,1,9835000000,147,1.8155670349460142,0.7676280194341603,72,0.5712882918136756,1.111517842682898,0.04030550077614901,0.4801181392171848
S2,0dc47aad927e4527bc93c014855a131f,0,148,9901000000,9909000000,1,9901000000,148,1.8135719131074797,0.7911121432763779,72,0.5947810912155924,1.1490080180598332,0.04077698308719937,0.468389138034034
S2,0dc47aad927e4527bc93c014855a131f,0,149,9967000000,9975000000,1,9967000000,149,1.8172584939245715,0.8068584188026577,72,0.6146233853963423,1.168205963745935,0.04150971202589193,0.4536158848374225
S2,0dc47aad927e4527bc93c014855a131f,0,150,10033000000,10041000000,1,10033000000,150,1.8210203812869799,0.8274236979551791,73,0.6407359490165213,1.1780878006837836,0.04245952493189936,0.43851275390584293
S2,0dc47aad927e4527bc93c014855a131f,0,151,10099000000,10106000000,1,10099000000,151,1.825783423342716,0.8433774986451421,74,0.6621776403989734,1.2153949859098145,0.04391963795977169,0.42184597434807636
S2,0dc47aad927e4527bc93c014855a131f,0,152,10165000000,10174000000,1,10165000000,152,1.825298686586303,0.8512919291025168,75,0.6704027774608228,1.2177506084585996,0.04386025070994759,0.4014388500108276
S2,0dc47aad927e4527bc93c014855a131f,0,153,10231000000,10238000000,1,10231000000,153,1.8215645392068378,0.8517429835164663,76,0.6628600166752509,1.2250089270017754,0.04142586422097547,0.3758598152158455
S2,0dc47aad927e4527bc93c014855a131f,0,154,10297000000,10306000000,1,10297000000,154,1.820014460585852,0.8481836492502518,76,0.6633248790697587,1.2105419455559336,0.03795051888094706,0.3453388647411659
S2,0dc47aad927e4527bc93c014855a131f,0,155,10363000000,10372000000,1,10363000000,155,1.818040699558501,0.844077286434117,76,0.6611387438410837,1.2085081942182405,0.03357884465181624,0.31142322642231035
S2,0dc47aad927e4527bc93c014855a131f,0,156,10429000000,10437000000,1,10429000000,156,1.8186910840072004,0.8395114624247108,77,0.6544798417609305,1.1960125873300673,0.029544522094433607,0.27545333925816456
S2,0dc47aad927e4527bc93c014855a131f,0,157,10495000000,10502000000,1,10495000000,157,1.81931216315231,0.8350025727683985,78,0.6478561510605919,1.201401760174109,0.025863331537591076,0.2387280706978309
S2,0dc47aad927e4527bc93c014855a131f,0,158,10561000000,10568000000,1,10561000000,158,1.8194552678587452,0.8246130102965535,78,0.6412043048381906,1.1847713156766435,0.02237783786768028,0.20015826820626964
S2,0dc47aad927e4527bc93c014855a131f,0,159,10627000000,10636000000,1,10627000000,159,1.82090639453743,0.8240332455537658,80,0.6330769596666608,1.1839623635840928,0.019601567740784722,0.1645734529602769
S2,0dc47aad927e4527bc93c014855a131f,0,160,10693000000,10700000000,1,10693000000,160,1.8183969273244944,0.8191763937819629,80,0.6263823572754088,1.1782422615770642,0.01602805140987718,0.13066378101379186
S2,0dc47aad927e4527bc93c014855a131f,0,161,10759000000,10768000000,1,10759000000,161,1.817232263247711,0.8117733726743461,80,0.6217804947701387,1.1691235545805767,0.012390842819607938,0.09797294506024476
S2,0dc47aad927e4527bc93c014855a131f,0,162,10825000000,10834000000,1,10825000000,162,1.812322068162997,0.808587131952563,80,0.6127783919077848,1.1691268387325715,0.0074407191084868264,0.06854513636546941
S2,0dc47aad927e4527bc93c014855a131f,0,163,10891000000,10914000000,1,10891000000,163,1.8104600110037647,0.8030343222827192,80,0.6084631347312066,1.1677616747043342,0.002663634888614044,0.041554886403920126
S2,0dc47aad927e4527bc93c014855a131f,0,164,10957000000,10965000000,1,10957000000,164,1.8134301894657157,0.7965788955179324,80,0.606597500981132,1.142119155197327,-0.0001224194789754213,0.01681614366848362
S2,0dc47aad927e4527bc93c014855a131f,0,165,11023000000,11032000000,1,11023000000,165,1.8123076815507555,0.7952302609045889,80,0.6032519254604916,1.1474689463284942,-0.0027354689523226045,-0.003708264404146955
S2,0dc47aad927e4527bc93c014855a131f,0,166,11089000000,11097000000,1,11089000000,166,1.8129929851089517,0.7924304995348365,80,0.6029217111217334,1.1349568180953826,-0.00449806647768937,-0.02092184421038793
S2,0dc47aad927e4527bc93c014855a131f,0,167,11155000000,11163000000,1,11155000000,167,1.8145406734193363,0.7934821781785275,81,0.5986787756969305,1.1504304626633073,-0.0052330819874826014,-0.03371104538564705
S2,0dc47aad927e4527bc93c014855a131f,0,168,11221000000,11230000000,1,11221000000,168,1.8129411247213945,0.7917728543768698,80,0.5973863342539124,1.1505707434087342,-0.006268215449772241,-0.043678206913637135
S2,0dc47aad927e4527bc93c014855a131f,0,169,11287000000,11296000000,1,11287000000,169,1.8115793275567984,0.7939143696075324,80,0.5977385918086795,1.1493793233994318,-0.007431382423883413,-0.04978145958182087
S2,0dc47aad927e4527bc93c014855a131f,0,170,11353000000,11363000000,1,11353000000,170,1.8129573555985807,0.7966584368674605,80,0.6036646795086266,1.146228258781886,-0.007681914160575029,-0.052455270062449065
S2,0dc47aad927e4527bc93c014855a131f,0,171,11419000000,11429000000,1,11419000000,171,1.8151923431928618,0.7942602102419083,81,0.6014850877995956,1.1490965120486871,-0.006893389527645706,-0.05419481193641139
S2,0dc47aad927e4527bc93c014855a131f,0,172,11485000000,11496000000,1,11485000000,172,1.8118402444486645,0.7990717907529145,80,0.6024303274062487,1.157437453772827,-0.007310690393458211,-0.05255502804971411
S2,0dc47aad927e4527bc93c014855a131f,0,173,11551000000,11563000000,1,11551000000,173,1.8143192251297209,0.8012522816002946,80,0.6060877807845858,1.1576212476535068,-0.006575516497675822,-0.049218979305976865
S2,0dc47aad927e4527bc93c014855a131f,0,174,11617000000,11625000000,1,11617000000,174,1.8155266202034432,0.8025372406579558,80,0.608309854642388,1.1696532778130255,-0.0054008188211979126,-0.04493810899453271
S2,0dc47aad927e4527bc93c014855a131f,0,175,11683000000,11691000000,1,11683000000,175,1.8156674880250472,0.7986305531877682,79,0.6119924131941186,1.1516632380293532,-0.004289183919891465,-0.041878475186194565
S2,0dc47aad927e4527bc93c014855a131f,0,176,11749000000,11758000000,1,11749000000,176,1.8187375094654772,0.8018132844221872,79,0.6107888606918582,1.1594730757416816,-0.0021992232666883165,-0.03730810076449925
S2,0dc47aad927e4527bc93c014855a131f,0,177,11815000000,11825000000,1,11815000000,177,1.8210917260106487,0.8043294048252201,79,0.6160572408161809,1.1738018451022847,0.0003599525908021843,-0.031887085202532986
S2,0dc47aad927e4527bc93c014855a131f,0,178,11881000000,11889000000,1,11881000000,178,1.8220967551609855,0.8062011075740427,79,0.6189787599355558,1.1683301377462891,0.0027449436703864648,-0.02615168049578387
S2,0dc47aad927e4527bc93c014855a131f,0,179,11947000000,11957000000,1,11947000000,179,1.8163317887239923,0.8099030150676407,78,0.6218096722151751,1.1577422358233158,0.0024970487686813603,-0.01964393879697148
S2,0dc47aad927e4527bc93c014855a131f,0,180,12013000000,12023000000,1,12013000000,180,1.8166908185661,0.8119245146971544,78,0.6222831338176671,1.1661045955277123,0.0023701965188525883,-0.01328286615423927
S2,0dc47aad927e4527bc93c014855a131f,0,181,12079000000,12089000000,1,12079000000,181,1.820707467114303,0.8104366450411704,79,0.620700429706458,1.183291766766009,0.003659584471105171,-0.008453160947500128
S2,0dc47aad927e4527bc93c014855a131f,0,182,12145000000,12154000000,1,12145000000,182,1.8173075830098762,0.810310527194957,77,0.6250458500779372,1.1774368984888153,0.003371878482591061,-0.004463558947378132
S2,0dc47aad927e4527bc93c014855a131f,0,183,12211000000,12220000000,1,12211000000,183,1.8212769215086415,0.8097203763851109,78,0.6262892810358978,1.173288308428146,0.004492727271047754,-0.001402804165741229
S2,0dc47aad927e4527bc93c014855a131f,0,184,12277000000,12289000000,1,12277000000,184,1.820978913525248,0.8117182322104469,78,0.6252601007813664,1.1808672910727789,0.005168430887883521,0.0017797900013584787
S2,0dc47aad927e4527bc93c014855a131f,0,185,12409000000,12459000000,1,12409000000,185,1.8199363745679424,0.8106905627250863,77,0.6271297801810454,1.1841717718571632,0.005065760535134741,0.004291578740916978
S2,0dc47aad927e4527bc93c014855a131f,0,186,12475000000,12489000000,1,12475000000,186,1.823655108655832,0.8098736453832731,78,0.6237019545762371,1.1706181533483786,0.0064261866566421785,0.005663577497070218
S2,0dc47aad927e4527bc93c014855a131f,0,187,12541000000,12549000000,1,12541000000,187,1.8214695475303249,0.8114495030808007,78,0.6254059915470316,1.173743260395875,0.006357755383726726,0.00718364233115156
S2,0dc47aad927e4527bc93c014855a131f,0,188,12607000000,12615000000,1,12607000000,188,1.8178833183933303,0.8113063397924387,78,0.6258915447827934,1.1820672567454793,0.004678137061191318,0.008078263839341359
S2,0dc47aad927e4527bc93c014855a131f,0,189,12673000000,12684000000,1,12673000000,189,1.8205228130008453,0.8110076091885327,77,0.6243149131689775,1.1719077359959036,0.004332748810221722,0.008425821935282532
S2,0dc47aad927e4527bc93c014855a131f,0,190,12739000000,12747000000,1,12739000000,190,1.8221764576004755,0.8042512858534536,77,0.6223335575356312,1.1580023299898807,0.004606531255767473,0.005815472199836887
S2,0dc47aad927e4527bc93c014855a131f,0,191,12805000000,12814000000,1,12805000000,191,1.819992064674614,0.8059135609491203,77,0.6200241194110189,1.1634756694189792,0.003851792458877888,0.004304514813181352
S2,0dc47aad927e4527bc93c014855a131f,0,192,12871000000,12879000000,1,12871000000,192,1.824547454786131,0.8009937010003976,77,0.619845219165847,1.1707445148714615,0.004916656266759041,0.0011442268714175804
S2,0dc47aad927e4527bc93c014855a131f,0,193,12937000000,12947000000,1,12937000000,193,1.8228465719520734,0.8024527347076942,77,0.6212922810741501,1.161361667710414,0.0049748122270418865,-0.0007815288338556552
S2,0dc47aad927e4527bc93c014855a131f,0,194,13003000000,13013000000,1,13003000000,194,1.8223913472237276,0.8048572975289977,77,0.6201726221900878,1.172011059472862,0.004726039565056328,-0.001358035390239066
S2,0dc47aad927e4527bc93c014855a131f,0,195,13069000000,13078000000,1,13069000000,195,1.8226294526827382,0.8029418411610555,78,0.613948162500221,1.1732534742471272,0.004504429490403247,-0.0024873854815535526
S2,0dc47aad927e4527bc93c014855a131f,0,196,13135000000,13146000000,1,13135000000,196,1.8223450461295434,0.8003113238583284,77,0.6153991562312624,1.1633989239257196,0.00411603615529411,-0.0042826338532091675
S2,0dc47aad927e4527bc93c014855a131f,0,197,13201000000,13210000000,1,13201000000,197,1.8235423867865705,0.7992627642137059,76,0.6178988074476853,1.1583101967615954,0.004151399056735326,-0.005972557022578299
S2,0dc47aad927e4527bc93c014855a131f,0,198,13267000000,13279000000,1,13267000000,198,1.8210583488885599,0.8000974469753274,76,0.6163766380067361,1.161423047020946,0.003170693720487603,-0.00685202693178967
S2,0dc47aad927e4527bc93c014855a131f,0,199,13333000000,13344000000,1,13333000000,199,1.8234905271911068,0.799505091439642,77,0.6128672157286637,1.1739090246264718,0.0032078495108226485,-0.007595933754017049
S2,0dc47aad927e4527bc93c014855a131f,0,200,13399000000,13408000000,1,13399000000,200,1.8243244203423834,0.7983259638781527,76,0.6175976980288505,1.1596870466233438,0.0034631467760492694,-0.008429121674983364
S2,0dc47aad927e4527bc93c014855a131f,0,201,13465000000,13473000000,1,13465000000,201,1.8258268895363792,0.7970085675699404,77,0.6143808037659141,1.1657206409102168,0.004126503290851867,-0.009363258682506141
S2,0dc47aad927e4527bc93c014855a131f,0,202,13531000000,13541000000,1,13531000000,202,1.82474036942645,0.799285128964521,77,0.6136411801624019,1.1681771514100348,0.004159649514739771,-0.009055061635414736
S2,0dc47aad927e4527bc93c014855a131f,0,203,13597000000,13607000000,1,13597000000,203,1.822818154503356,0.795370992024619,76,0.6121024975949672,1.1638738935021724,0.003392222615701931,-0.010009286141138201
S2,0dc47aad927e4527bc93c014855a131f,0,204,13663000000,13671000000,1,13663000000,204,1.8240203899223513,0.7948155852549748,75,0.6161520173530173,1.1463661512723118,0.0031373666891685243,-0.010727300005125107
S2,0dc47aad927e4527bc93c014855a131f,0,205,13729000000,13780000000,1,13729000000,205,1.8215775947489015,0.7964915912318343,75,0.6107400945726126,1.1639668850292078,0.0019794956729169543,-0.010436499944242415
S2,0dc47aad927e4527bc93c014855a131f,0,206,13795000000,13803000000,1,13795000000,206,1.827425808880048,0.7974667195638646,76,0.614105280777533,1.1585023713753384,0.0031227771499831624,-0.009605961673555066
S2,0dc47aad927e4527bc93c014855a131f,0,207,13861000000,13874000000,1,13861000000,207,1.824614089799788,0.7988697614104504,76,0.6164990271039494,1.1680832232786607,0.002941942004582368,-0.008212925673851136
S2,0dc47aad927e4527bc93c014855a131f,0,208,13927000000,13936000000,1,13927000000,208,1.8244939720332038,0.8005663103113092,76,0.6165068408639042,1.1739885896423157,0.0026852095255380255,-0.006300974029230176
S2,0dc47aad927e4527bc93c014855a131f,0,209,13993000000,14002000000,1,13993000000,209,1.827125717883548,0.797074205471088,75,0.6198135976943671,1.1695165825979719,0.0033658576852475947,-0.005892148556914986
S2,0dc47aad927e4527bc93c014855a131f,0,210,14059000000,14068000000,1,14059000000,210,1.827462373242865,0.7968020951915118,75,0.6162959743150741,1.1669614131596189,0.003947292649499611,-0.00552562434090897
S2,0dc47aad927e4527bc93c014855a131f,0,211,14125000000,14134000000,1,14125000000,211,1.8264826600862132,0.7975030249089073,76,0.6179715870004793,1.1649612882359535,0.0039619851114122695,-0.0048508359172587875
S2,0dc47aad927e4527bc93c014855a131f,0,212,14191000000,14199000000,1,14191000000,212,1.827262136874906,0.7990786995593979,75,0.6192932807433564,1.1771746222110187,0.0041602379489768145,-0.0036323124217440897
S2,0dc47aad927e4527bc93c014855a131f,0,213,14257000000,14266000000,1,14257000000,213,1.8226955911274707,0.8001610378220819,75,0.6190362769284415,1.180150340475293,0.0025737854845060927,-0.002188877111224356
S2,0dc47aad927e4527bc93c014855a131f,0,214,14323000000,14331000000,1,14323000000,214,1.8278276095194248,0.7992432969648483,76,0.6204327564305989,1.1694579199781872,0.0031018457471624168,-0.001321641924927902
S2,0dc47aad927e4527bc93c014855a131f,0,215,14389000000,14400000000,1,14389000000,215,1.8277755448696666,0.7991033072029824,76,0.6181424593886221,1.182723499266075,0.0034285243665928126,-0.000652242383680223
S2,0dc47aad927e4527bc93c014855a131f,0,216,14455000000,14466000000,1,14455000000,216,1.8237674914812867,0.8000709539667392,75,0.618274791421125,1.1842878872040763,0.002162737515329959,0.00024315513567449356
S2,0dc47aad927e4527bc93c014855a131f,0,217,14521000000,14528000000,1,14521000000,217,1.8303464286784412,0.7946081742555743,76,0.6173821388500197,1.1535986522863502,0.003476045349006621,-0.0010193591334445337
S2,0dc47aad927e4527bc93c014855a131f,0,218,14587000000,14597000000,1,14587000000,218,1.8285717982502503,0.7987565019993121,76,0.6200695026629368,1.1739150834044252,0.003796795453670977,-0.0005032803246757621
S2,0dc47aad927e4527bc93c014855a131f,0,219,14653000000,14663000000,1,14653000000,219,1.8253997525087917,0.8005381354544934,76,0.619204486535964,1.1653792529456068,0.0028187540480258044,0.0005600105952149901
S2,0dc47aad927e4527bc93c014855a131f,0,220,14719000000,14728000000,1,14719000000,220,1.8290188174073723,0.7946330187308007,76,0.6212405430740714,1.1595066539165786,0.0032787371529573125,-0.0007359137717051172
S2,0dc47aad927e4527bc93c014855a131f,0,221,14785000000,14794000000,1,14785000000,221,1.8259631784893926,0.7940873204286082,76,0.6168549982012285,1.1629115279204383,0.0024655092332616082,-0.0019436913546389094
S2,0dc47aad927e4527bc93c014855a131f,0,222,14851000000,14862000000,1,14851000000,222,1.82601935667836,0.7952385508496905,76,0.6186871598543146,1.1654789016294593,0.0017815704505262104,-0.002441675804939333
S2,0dc47aad927e4527bc93c014855a131f,0,223,14917000000,14925000000,1,14917000000,223,1.830660187610833,0.7921457338082605,77,0.6153707423048782,1.1569622309669816,0.0028675685871132712,-0.0038927621020431744
S2,0dc47aad927e4527bc93c014855a131f,0,224,14983000000,14991000000,1,14983000000,224,1.827437434504509,0.7939392234640104,78,0.6196839395317097,1.1630795463319477,0.002500941991974042,-0.004306299227499305
S2,0dc47aad927e4527bc93c014855a131f,0,225,15049000000,15058000000,1,15049000000,225,1.8290123707319759,0.7933868836083894,78,0.6142536031267397,1.173358883458747,0.002717617918829432,-0.004731140183776591
S2,0dc47aad927e4527bc93c014855a131f,0,226,15115000000,15127000000,1,15115000000,226,1.8288971763321216,0.7913349165535818,78,0.6155581160482854,1.1712104203806033,0.0027835512540206595,-0.005694896299693084
S2,0dc47aad927e4527bc93c014855a131f,0,227,15181000000,15188000000,1,15181000000,227,1.8300732203257188,0.7943335845707289,79,0.615399584625151,1.1769653883947142,0.003193243446443753,-0.005244761943887814
S2,0dc47aad927e4527bc93c014855a131f,0,228,15247000000,15255000000,1,15247000000,228,1.8298645471210426,0.7915225830944437,79,0.618439439386975,1.1869957296207687,0.0033674382227150204,-0.005775041355868961
S2,0dc47aad927e4527bc93c014855a131f,0,229,15313000000,15359000000,1,15313000000,229,1.8309167488167648,0.7937918424763514,80,0.617622440945881,1.1653082762309093,0.0038045973968018286,-0.005241565408658631
S2,0dc47aad927e4527bc93c014855a131f,0,230,15379000000,15390000000,1,15379000000,230,1.827910676916252,0.7923930045327111,79,0.6181733330287087,1.167498182108428,0.0029786993862267906,-0.005197219560603144
S2,0dc47aad927e4527bc93c014855a131f,0,231,15445000000,15456000000,1,15445000000,231,1.8285804086886874,0.792776654563691,80,0.6184488630648108,1.1877383075001626,0.0024934353626219737,-0.0049003363310445676
S2,0dc47aad927e4527bc93c014855a131f,0,232,15511000000,15522000000,1,15511000000,232,1.8298570392253688,0.7868789284119412,80,0.6192919216115009,1.1719017977446922,0.0025086680196538943,-0.006672006109077453
S2,0dc47aad927e4527bc93c014855a131f,0,233,15577000000,15589000000,1,15577000000,233,1.8280660091963923,0.7894303276486675,80,0.6157696637210066,1.1665179040205618,0.0018161726696418017,-0.00700110790207516
S2,0dc47aad927e4527bc93c014855a131f,0,234,15643000000,15650000000,1,15643000000,234,1.8287773247403654,0.787316305572974,81,0.6162321904926193,1.1579156493298113,0.0014794139888621612,-0.00785724786708384
S2,0dc47aad927e4527bc93c014855a131f,0,235,15709000000,15719000000,1,15709000000,235,1.8331662276958625,0.7814133503709052,81,0.6137921093162475,1.146369668732277,0.0027573905851412906,-0.010475857300471864
S2,0dc47aad927e4527bc93c014855a131f,0,236,15775000000,15784000000,1,15775000000,236,1.8306840876273085,0.7852056371830552,82,0.6164650496520135,1.1668861006212867,0.0028125524273329805,-0.01094005440379146
S2,0dc47aad927e4527bc93c014855a131f,0,237,15841000000,15849000000,1,15841000000,237,1.8299894578133236,0.7851231135912575,82,0.6106930338083509,1.1575020147602664,0.002539355720371486,-0.01107826598592937
S2,0dc47aad927e4527bc93c014855a131f,0,238,15907000000,15919000000,1,15907000000,238,1.8357238646937672,0.7824393653155047,83,0.6134914261929505,1.1668654418133109,0.0043271245150130495,-0.01189112592477023
S2,0dc47aad927e4527bc93c014855a131f,0,239,15973000000,15983000000,1,15973000000,239,1.8307964123926366,0.7823976459060586,82,0.6139178484079356,1.1516206638150155,0.0038691082394069097,-0.012268829078018368
S2,0dc47aad927e4527bc93c014855a131f,0,240,16039000000,16046000000,1,16039000000,240,1.8331183770195922,0.7804417012465144,84,0.6146297758945182,1.1583787277638136,0.004249706263176139,-0.012981428155271528
S2,0dc47aad927e4527bc93c014855a131f,0,241,16105000000,16113000000,1,16105000000,241,1.8305306491287512,0.7847295590999424,84,0.6188219215155245,1.1701408437817806,0.003518985292696245,-0.011694513026564742
S2,0dc47aad927e4527bc93c014855a131f,0,242,16171000000,16181000000,1,16171000000,242,1.8316872756926788,0.7802719212341316,84,0.61529870595289,1.1698765920064726,0.0032717685789186205,-0.012000165457533307
S2,0dc47aad927e4527bc93c014855a131f,0,243,16237000000,16248000000,1,16237000000,243,1.8332356734084936,0.7809383335433314,85,0.6202182162445944,1.161869570636564,0.0035553418317117577,-0.011717622088081997
S2,0dc47aad927e4527bc93c014855a131f,0,244,16303000000,16314000000,1,16303000000,244,1.8351773124061255,0.7808417194910248,86,0.6140398692285555,1.170903387735893,0.004395157379512266,-0.011249619993333732
S2,0dc47aad927e4527bc93c014855a131f,0,245,16369000000,16382000000,1,16369000000,245,1.8332307804758006,0.7762247593791023,85,0.6182593842670367,1.1582580419107136,0.0042564334702879306,-0.012273321522624106
S2,0dc47aad927e4527bc93c014855a131f,0,246,16435000000,16444000000,1,16435000000,246,1.8357862093113086,0.7740811198478087,86,0.6163757119621451,1.162911617173146,0.004965371247949957,-0.01356623641857636
S2,0dc47aad927e4527bc93c014855a131f,0,247,16501000000,16513000000,1,16501000000,247,1.8332616525742376,0.7775512938949354,87,0.6186545679168347,1.1803685603333203,0.004501045610341613,-0.013020566120719801
S2,0dc47aad927e4527bc93c014855a131f,0,248,16567000000,16575000000,1,16567000000,248,1.8384626053983633,0.7753639481970933,88,0.616674805558238,1.1757396917329905,0.005898359304964057,-0.013065598187430416
S2,0dc47aad927e4527bc93c014855a131f,0,249,16633000000,16657000000,1,16633000000,249,1.8363044658003638,0.7726253620628909,88,0.6145774398926203,1.1590244853689806,0.006090283042448487,-0.013777000669443583
S2,0dc47aad927e4527bc93c014855a131f,0,250,16699000000,16709000000,1,16699000000,250,1.835722869201112,0.7708648567306995,88,0.6157439911778434,1.146573809156402,0.005888458454854943,-0.014648286357353709
S2,0dc47aad927e4527bc93c014855a131f,0,251,16765000000,16775000000,1,16765000000,251,1.8414798087271596,0.7674436598292635,89,0.6171473918935376,1.1568287139883586,0.007661401162850624,-0.016223815834762383
S2,0dc47aad927e4527bc93c014855a131f,0,252,16831000000,16849000000,1,16831000000,252,1.8392886510784443,0.7627983870354355,89,0.6138030025323402,1.151618423718364,0.008097729575099449,-0.018761769128048982
S2,0dc47aad927e4527bc93c014855a131f,0,253,16897000000,16908000000,1,16897000000,253,1.8382011864029708,0.7660555158279552,90,0.6184938696199722,1.1634098860543347,0.007860050395894812,-0.01915772217463862
S2,0dc47aad927e4527bc93c014855a131f,0,254,16963000000,16973000000,1,16963000000,254,1.8409121351333075,0.764278251748542,91,0.6174296601869936,1.1806571415369516,0.008460787759033934,-0.019656736064096403
S2,0dc47aad927e4527bc93c014855a131f,0,255,17029000000,17040000000,1,17029000000,255,1.8422174882034594,0.7631404307432411,92,0.6151940401743357,1.182962003648285,0.00920666804181732,-0.019995437809745227
S2,0dc47aad927e4527bc93c014855a131f,0,256,17095000000,17103000000,1,17095000000,256,1.8434387284318023,0.7581577477279577,92,0.6143917252753643,1.1612596168280573,0.010019754512809776,-0.021583386068541367
S2,0dc47aad927e4527bc93c014855a131f,0,257,17161000000,17167000000,1,17161000000,257,1.8443408838637312,0.7593458782113172,93,0.6114020100686257,1.1661110000562465,0.010751963946921983,-0.02190316724274308
S2,0dc47aad927e4527bc93c014855a131f,0,258,17227000000,17235000000,1,17227000000,258,1.8453358384110798,0.7509053134532333,92,0.6160781151713131,1.1450481441927458,0.011435983460045696,-0.024675961642616515
S2,0dc47aad927e4527bc93c014855a131f,0,259,17293000000,17300000000,1,17293000000,259,1.8489546475441467,0.7460934883510613,93,0.6136284237868157,1.1657103062751748,0.013010358287534073,-0.028023469953984213
S2,0dc47aad927e4527bc93c014855a131f,0,260,17359000000,17367000000,1,17359000000,260,1.8514114572135076,0.7467363270059446,95,0.6123357459057506,1.171330256954774,0.014835688391205472,-0.029783397547829833
S2,0dc47aad927e4527bc93c014855a131f,0,261,17425000000,17434000000,1,17425000000,261,1.8527709539037438,0.7413712140548108,94,0.6097903228585498,1.1757502715863581,0.016421709057221713,-0.03240468520692481
S2,0dc47aad927e4527bc93c014855a131f,0,262,17491000000,17502000000,1,17491000000,262,1.8606385592565142,0.7332355322810253,95,0.6125879309163818,1.135603772407294,0.02012367215917711,-0.036645173452519025
S2,0dc47aad927e4527bc93c014855a131f,0,263,17557000000,17568000000,1,17557000000,263,1.8640511294477558,0.7319131458282334,96,0.618807928007245,1.1611039404905366,0.023813123632694166,-0.03961678118759873
S2,0dc47aad927e4527bc93c014855a131f,0,264,17623000000,17632000000,1,17623000000,264,1.8633544122608046,0.7262976133240475,95,0.6119066502414597,1.1516059523236621,0.02592517187377936,-0.04305644078715236
S2,0dc47aad927e4527bc93c014855a131f,0,265,17689000000,17717000000,1,17689000000,265,1.871710840656737,0.7185968048960317,96,0.6089659339778415,1.1357840823265115,0.029994886587228767,-0.04753684011027204
S2,0dc47aad927e4527bc93c014855a131f,0,266,17755000000,17766000000,1,17755000000,266,1.8731224698194124,0.7158751293157094,96,0.6102447500634391,1.1490448580302262,0.033021118724446984,-0.05094393464972989
S2,0dc47aad927e4527bc93c014855a131f,0,267,17821000000,17831000000,1,17821000000,267,1.8795331345441262,0.7078124123069508,96,0.6088791831912337,1.1453596607909857,0.03694723471604485,-0.05534134511602181
S2,0dc47aad927e4527bc93c014855a131f,0,268,17887000000,17895000000,1,17887000000,268,1.8853014347851185,0.7015902145673806,95,0.6085444111645126,1.1527364676216507,0.04126310054951744,-0.059757630596615215
S2,0dc47aad927e4527bc93c014855a131f,0,269,17953000000,17962000000,1,17953000000,269,1.891255140350885,0.6973128729368433,96,0.6095445127627015,1.1574987155473528,0.04585256361030025,-0.06338358168222213
S2,0dc47aad927e4527bc93c014855a131f,0,270,18019000000,18027000000,1,18019000000,270,1.8999673473761318,0.6917327558684522,96,0.607945324550217,1.1784086129342493,0.05154350237903306,-0.06676507806033308
S2,0dc47aad927e4527bc93c014855a131f,0,271,18085000000,18093000000,1,18085000000,271,1.9068990686708929,0.6848817224100876,96,0.6068873655371637,1.1658463479477605,0.057332436628766796,-0.0703298092472592
S2,0dc47aad927e4527bc93c014855a131f,0,272,18151000000,18231000000,1,18151000000,272,1.9129485159836783,0.6740846048551604,94,0.6023194800723459,1.1433674924616906,0.06274386655378775,-0.07537629274222803
S2,0dc47aad927e4527bc93c014855a131f,0,273,18217000000,18262000000,1,18217000000,273,1.9216747040162294,0.6679440144285034,92,0.6103052334829635,1.1039737965053342,0.06869091015481715,-0.07980229226978805
S2,0dc47aad927e4527bc93c014855a131f,0,274,18283000000,18295000000,1,18283000000,274,1.9302929348395221,0.658448235163259,91,0.6023503500201526,1.117702750110453,0.07488293626916985,-0.08483874831284417
S2,0dc47aad927e4527bc93c014855a131f,0,275,18349000000,18361000000,1,18349000000,275,1.940499607555915,0.6512015089020965,90,0.6067495366904192,1.1319069009681977,0.08169428709881692,-0.08943021995255633
S2,0dc47aad927e4527bc93c014855a131f,0,276,18415000000,18424000000,1,18415000000,276,1.9509062014026777,0.6467857673085536,89,0.5984046120482518,1.156821632071289,0.08890740242449713,-0.09253985282757027
S2,0dc47aad927e4527bc93c014855a131f,0,277,18481000000,18491000000,1,18481000000,277,1.9592157605437734,0.6407257231651499,86,0.6090177752544321,1.1346170754379705,0.09551287109515785,-0.09499133081316877
S2,0dc47aad927e4527bc93c014855a131f,0,278,18547000000,18580000000,1,18547000000,278,1.9742046994526687,0.6280646129037563,83,0.6086401955501244,0.7990087635835776,0.10388425228560624,-0.09923915170486654
S2,0dc47aad927e4527bc93c014855a131f,0,279,18613000000,18624000000,1,18613000000,279,1.9791319209598435,0.6239258071539099,81,0.5951687579639211,0.652730082731225,0.1098352628923797,-0.10174311783186504
S2,0dc47aad927e4527bc93c014855a131f,0,280,18679000000,18686000000,1,18679000000,280,1.9822631360822751,0.6253160822709496,80,0.6051178066810046,0.6534926146496818,0.11307664478186995,-0.10081213402058589
S2,0dc47aad927e4527bc93c014855a131f,0,281,18745000000,18753000000,1,18745000000,281,1.9850399328017574,0.6247273822981853,80,0.6022401508790893,0.6466867857519745,0.11396229330680716,-0.09788904943080537
S2,0dc47aad927e4527bc93c014855a131f,0,282,18811000000,18822000000,1,18811000000,282,1.990212989368831,0.6259494928747493,79,0.6089891370800344,0.6515109257024934,0.11381967940829271,-0.09280190263045299
S2,0dc47aad927e4527bc93c014855a131f,0,283,18877000000,18886000000,1,18877000000,283,1.9893617884199377,0.6250376976419467,77,0.5986487382570425,0.6506328451301755,0.11069478076429695,-0.08688613380306262
S2,0dc47aad927e4527bc93c014855a131f,0,284,18943000000,18950000000,1,18943000000,284,1.9934592953031585,0.625724034347502,75,0.6026514598438861,0.6497249288638993,0.10705869885087932,-0.079877656741972
S2,0dc47aad927e4527bc93c014855a131f,0,285,19009000000,19065000000,1,19009000000,285,1.9987121582878813,0.623135990471635,74,0.6054894972620996,0.6436852929998531,0.10351927969284694,-0.07334742041941944
S2,0dc47aad927e4527bc93c014855a131f,0,286,19075000000,19084000000,1,19075000000,286,1.9967347212666842,0.6240911746654767,71,0.6012008395806928,0.647519546062335,0.09753703692977862,-0.06607610361036248
S2,0dc47aad927e4527bc93c014855a131f,0,287,19141000000,19150000000,1,19141000000,287,1.9986846188630243,0.6263985984157364,70,0.5928080872506394,0.6524421356345069,0.09117197467806891,-0.057902339295648274
S2,0dc47aad927e4527bc93c014855a131f,0,288,19207000000,19215000000,1,19207000000,288,2.002438932497171,0.6248455202170926,66,0.6053059589719546,0.6531826221183298,0.08530406899591385,-0.050596618046500154
S2,0dc47aad927e4527bc93c014855a131f,0,289,19273000000,19281000000,1,19273000000,289,2.001232461390573,0.624295070530537,65,0.6018955593625415,0.6434113491410616,0.07818388556268918,-0.043792583690386945
S2,0dc47aad927e4527bc93c014855a131f,0,290,19339000000,19348000000,1,19339000000,290,2.00240959136594,0.6248747251854562,63,0.6000801432395266,0.6451188840432862,0.0710971459266194,-0.037141572037414396
S2,0dc47aad927e4527bc93c014855a131f,0,291,19405000000,19415000000,1,19405000000,291,2.004132811500503,0.6263710735767104,60,0.6010831193876831,0.6479987986026052,0.0644020379031896,-0.03044000618958326
S2,0dc47aad927e4527bc93c014855a131f,0,292,19471000000,19479000000,1,19471000000,292,2.006024621200579,0.624641018667062,59,0.5962976084172257,0.6489998842458924,0.05823766402429792,-0.025019434464399845
S2,0dc47aad927e4527bc93c014855a131f,0,293,19537000000,19546000000,1,19537000000,293,2.010173239972702,0.6226301118944558,57,0.6006180102193164,0.642282895111866,0.05345382082035323,-0.020845760930944965
S2,0dc47aad927e4527bc93c014855a131f,0,294,19603000000,19611000000,1,19603000000,294,2.003864286020544,0.6257870054099844,55,0.6084033056092829,0.6500836350335393,0.04611377846587979,-0.015900185075515112
S2,0dc47aad927e4527bc93c014855a131f,0,295,19669000000,19678000000,1,19669000000,295,2.0060943553334547,0.6230258801791428,53,0.605910954681276,0.6442395061105136,0.039993884736673174,-0.012590488644289088
S2,0dc47aad927e4527bc93c014855a131f,0,296,19735000000,19744000000,1,19735000000,296,2.008710907677066,0.6271682002982593,52,0.6100370555549638,0.6481068165393732,0.03512724573272692,-0.008172134444262163
S2,0dc47aad927e4527bc93c014855a131f,0,297,19801000000,19812000000,1,19801000000,297,2.0124661185073234,0.6276558644075269,51,0.6031328329969385,0.7494536250378211,0.03178122056345215,-0.004294739521442063
S2,0dc47aad927e4527bc93c014855a131f,0,298,19867000000,19880000000,1,19867000000,298,2.023853141539695,0.6354022722468453,50,0.6052861873637838,0.9730197424288884,0.032470144849054576,0.0016749797291573405
S2,0dc47aad927e4527bc93c014855a131f,0,299,19933000000,19943000000,1,19933000000,299,2.02563713204752,0.633355161790107,49,0.6024263649336263,0.89861769881419,0.03288776199966697,0.005637114613502653
S2,0dc47aad927e4527bc93c014855a131f,0,300,19999000000,20009000000,1,19999000000,300,2.028687713068144,0.644506250885435,49,0.6057309743941133,1.0142345576860217,0.033536181812925225,0.012664104225348256
S2,0dc47aad927e4527bc93c014855a131f,0,301,20065000000,20073000000,1,20065000000,301,2.0369816222608965,0.6522347050841081,48,0.6023211849780705,1.0764891198760125,0.036240575049373926,0.02072463449681572
S2,0dc47aad927e4527bc93c014855a131f,0,302,20131000000,20142000000,1,20131000000,302,2.039270068653475,0.6574490330576588,48,0.6042574437418955,1.1096921783327047,0.03835023904568843,0.028508721970788884
S2,0dc47aad927e4527bc93c014855a131f,0,303,20197000000,20204000000,1,20197000000,303,2.0406801347338797,0.6632155720803894,48,0.607718971386876,1.1298346697491939,0.03962131965353084,0.03608720265847241
S2,0dc47aad927e4527bc93c014855a131f,0,304,20263000000,20273000000,1,20263000000,304,2.0468246373540557,0.6684834963838371,47,0.6063481644607814,1.1435822046209279,0.04190137627310821,0.04314278736986837
S2,0dc47aad927e4527bc93c014855a131f,0,305,20329000000,20336000000,1,20329000000,305,2.052430495782681,0.6732720086059143,46,0.6021041137274672,1.1645823475268076,0.04473425907489456,0.049442935520576
S2,0dc47aad927e4527bc93c014855a131f,0,306,20395000000,20403000000,1,20395000000,306,2.051149868045887,0.6772035773934003,46,0.609480786041073,1.1561489912869263,0.045458807178972986,0.05468504518367659
S2,0dc47aad927e4527bc93c014855a131f,0,307,20461000000,20472000000,1,20461000000,307,2.0564509828283812,0.6788481157068676,45,0.6105294465347848,1.1625952232159389,0.04686254349937456,0.05813905476079627
S2,0dc47aad927e4527bc93c014855a131f,0,308,20527000000,20533000000,1,20527000000,308,2.0535904637911817,0.6809324370273585,45,0.6103668255617788,1.1361362600226326,0.04583303589407118,0.06024983995294191
S2,0dc47aad927e4527bc93c014855a131f,0,309,20593000000,20623000000,1,20593000000,309,2.0622347097605633,0.6866670273339924,43,0.606092877277197,1.1434593556958037,0.047039287778340336,0.06255861302163446
S2,0dc47aad927e4527bc93c014855a131f,0,310,20659000000,20668000000,1,20659000000,310,2.0603481064380493,0.6831107561580381,43,0.605574229262496,1.1360064062701205,0.046199518331534885,0.06162398341991358
S2,0dc47aad927e4527bc93c014855a131f,0,311,20725000000,20733000000,1,20725000000,311,2.062972286911113,0.6825565971154811,42,0.609855260960136,1.1078788234779346,0.04537981762957164,0.0592178403131643
S2,0dc47aad927e4527bc93c014855a131f,0,312,20791000000,20801000000,1,20791000000,312,2.0683875431490457,0.6954818602265282,42,0.6041891468296134,1.1762596244044596,0.04560061661893574,0.0605547428225495
S2,0dc47aad927e4527bc93c014855a131f,0,313,20857000000,20866000000,1,20857000000,313,2.0637544441251587,0.6921421041425072,42,0.5929537278029937,1.1629632747208165,0.04302369579329017,0.058974178487213744
S2,0dc47aad927e4527bc93c014855a131f,0,314,20923000000,20931000000,1,20923000000,314,2.0714116183303775,0.6928145019617621,40,0.6040175905000391,1.12696613150682,0.04271283602881189,0.0565599232841628
S2,0dc47aad927e4527bc93c014855a131f,0,315,20989000000,20999000000,1,20989000000,315,2.0697724166343323,0.6997153283889032,41,0.6024235243229396,1.1755861973086337,0.04086060999721544,0.055784114746613336
S2,0dc47aad927e4527bc93c014855a131f,0,316,21055000000,21062000000,1,21055000000,316,2.076634510985358,0.6996767514734427,39,0.6090707554750394,1.1427884685775527,0.040890153007396804,0.05382851466757579
S2,0dc47aad927e4527bc93c014855a131f,0,317,21121000000,21132000000,1,21121000000,317,2.069256319521722,0.6930879978149498,39,0.6058203086713924,1.122172291655802,0.037284828432777826,0.0486240390354295
S2,0dc47aad927e4527bc93c014855a131f,0,318,21187000000,21196000000,1,21187000000,318,2.0801506048221476,0.7039312410370276,38,0.6129849537657013,1.1519466715765727,0.03745966228424745,0.04724148998351652
S2,0dc47aad927e4527bc93c014855a131f,0,319,21253000000,21261000000,1,21253000000,319,2.069958786441998,0.6995644150606232,38,0.6056193856055699,1.1147090999109566,0.03303800417501656,0.043448622854394554
S2,0dc47aad927e4527bc93c014855a131f,0,320,21319000000,21327000000,1,21319000000,320,2.0818398151264783,0.7058523273185736,37,0.6012586560484405,1.1415613620630443,0.03302105102659785,0.04166929145543781
S2,0dc47aad927e4527bc93c014855a131f,0,321,21385000000,21393000000,1,21385000000,321,2.078843894881775,0.7019640824345676,36,0.6092524392147233,1.1164089897939742,0.031143927169772167,0.0378662097958852
S2,0dc47aad927e4527bc93c014855a131f,0,322,21451000000,21460000000,1,21451000000,322,2.081138177560773,0.7067364136885118,36,0.6095039888591824,1.137284118230928,0.029739740673507254,0.03566567566956828
S2,0dc47aad927e4527bc93c014855a131f,0,323,21517000000,21525000000,1,21517000000,323,2.08322999710149,0.7118519920788801,36,0.6111611850118768,1.161235133288086,0.028671465362578436,0.03491324635788156
S2,0dc47aad927e4527bc93c014855a131f,0,324,21583000000,21595000000,1,21583000000,324,2.079263648162695,0.7057947475621147,35,0.6063072905494769,1.1380758261072454,0.02571365725619461,0.03130488082184891
S2,0dc47aad927e4527bc93c014855a131f,0,325,21649000000,21659000000,1,21649000000,325,2.0792787927796557,0.7127912820009761,35,0.6032052765586029,1.167350603884498,0.022759886350879034,0.030215818850982908
S2,0dc47aad927e4527bc93c014855a131f,0,326,21715000000,21725000000,1,21715000000,326,2.080596710537764,0.7154222377624424,35,0.6081024341924025,1.15882430401737,0.02034866066281818,0.029580540158490525
S2,0dc47aad927e4527bc93c014855a131f,0,327,21781000000,21791000000,1,21781000000,327,2.0893213323465347,0.724507872202878,34,0.6147579966901944,1.1712910058045092,0.021092654112559485,0.03164497593867601
S2,0dc47aad927e4527bc93c014855a131f,0,328,21847000000,21854000000,1,21847000000,328,2.0877446380943896,0.7110762031496467,33,0.6053344212988001,1.1332960183538243,0.0206141918030534,0.027694902776358866
S2,0dc47aad927e4527bc93c014855a131f,0,329,21913000000,21922000000,1,21913000000,329,2.0850702653438695,0.7192407024800546,33,0.6092106542864428,1.1491688816738805,0.018781360285989597,0.026840963647731017
S2,0dc47aad927e4527bc93c014855a131f,0,330,21979000000,21989000000,1,21979000000,330,2.085781777802935,0.72085241106902,33,0.6039968736869976,1.131395370579098,0.01713619094730173,0.026105511965112366
S2,0dc47aad927e4527bc93c014855a131f,0,331,22045000000,22052000000,1,22045000000,331,2.095511382010389,0.7254522048415886,32,0.6025146309364846,1.1557096035817707,0.01892657833350542,0.026557632800313095
S2,0dc47aad927e4527bc93c014855a131f,0,332,22111000000,22118000000,1,22111000000,332,2.0892799047814545,0.7160656581054866,31,0.6066641585578365,1.123632725965682,0.0176540677733711,0.022905195047022153
S2,0dc47aad927e4527bc93c014855a131f,0,333,22177000000,22185000000,1,22177000000,333,2.093023234218676,0.7315728408875581,32,0.6108092969539782,1.162681278693023,0.017572286070019056,0.025045526150059533
S2,0dc47aad927e4527bc93c014855a131f,0,334,22243000000,22252000000,1,22243000000,334,2.08746438369772,0.7186384823927537,31,0.6110394922672575,1.1205059233613546,0.015087939956958967,0.02149163785442159
S2,0dc47aad927e4527bc93c014855a131f,0,335,22309000000,22316000000,1,22309000000,335,2.095997116934208,0.7234704337261401,30,0.6102008072015058,1.1296075589452443,0.01582981746736597,0.019899573567107864
S2,0dc47aad927e4527bc93c014855a131f,0,336,22375000000,22383000000,1,22375000000,336,2.0923340491034477,0.7274706502316868,30,0.6155804406823464,1.1564233172730822,0.014723439762733902,0.019603248606054904
S2,0dc47aad927e4527bc93c014855a131f,0,337,22441000000,22461000000,1,22441000000,337,2.0918884353226566,0.7253668284644227,30,0.6146728171000513,1.1450623425282829,0.013334728820742185,0.018144495277330062
S2,0dc47aad927e4527bc93c014855a131f,0,338,22507000000,22515000000,1,22507000000,338,2.100108081050976,0.7293140759882962,29,0.6117757146808798,1.145025278073818,0.014875311264733175,0.017976639149981915
S2,0dc47aad927e4527bc93c014855a131f,0,339,22573000000,22582000000,1,22573000000,339,2.097060270938875,0.7299165050496778,29,0.614649304439798,1.1299523564099319,0.0146472381457903,0.017633071835605238
S2,0dc47aad927e4527bc93c014855a131f,0,340,22639000000,22702000000,1,22639000000,340,2.093576359335435,0.729781152936269,29,0.6140411672172448,1.1427507828851127,0.012863477000195588,0.016892499776946384
S2,0dc47aad927e4527bc93c014855a131f,0,341,22705000000,22785000000,1,22705000000,341,2.101235381491353,0.7339322354207598,28,0.6067860316963223,1.1545191497286944,0.013899760547834376,0.017397937911312576
S2,0dc47aad927e4527bc93c014855a131f,0,342,22771000000,22789000000,1,22771000000,342,2.098441941542853,0.7411951010360711,29,0.6107905735165442,1.1675513644014477,0.013386131018705356,0.020001096304277356
S2,0dc47aad927e4527bc93c014855a131f,0,343,22837000000,22847000000,1,22837000000,343,2.0951619545727733,0.7318894686246901,28,0.6129195368880096,1.156396234621449,0.011479085485980296,0.018241249319312265
S2,0dc47aad927e4527bc93c014855a131f,0,344,22903000000,22912000000,1,22903000000,344,2.0925754613773297,0.7328256217956842,28,0.6005093631715352,1.15248713762739,0.008760919169672348,0.016747751057343344
S2,0dc47aad927e4527bc93c014855a131f,0,345,23035000000,23110000000,1,23035000000,345,2.1020562337749125,0.7275905090954539,26,0.6085763137759987,1.0997541058829332,0.009779043754163008,0.012059755837339614
